instrument,session,date,strategy,threshold,target_R,side,signal_time,entry_time,exit_time,entry,stop,target,exit,exit_reason,contracts,risk_pts,planned_risk_usd,gross_usd,commission_usd,slippage_usd,net_usd,R,ambiguous,slope,hour,equity_before,config
MNQ,london,2018-01-19,A,0.1,2.0,1,2018-01-19 08:45:00+00:00,2018-01-19 08:45:00+00:00,2018-01-19 09:05:00+00:00,6825.25,6821.75,6832.25,6832.25,objetivo,14,3.5,122.36,203.0,17.36,7.0,178.64,1.8228571428571427,False,0.5973390719937814,8,50000.0,"A (partida 0,10 / 2R)"
MNQ,london,2018-01-22,A,0.1,2.0,-1,2018-01-22 09:20:00+00:00,2018-01-22 09:20:00+00:00,2018-01-22 11:00:00+00:00,6837.25,6841.5,6828.75,6841.0,cierre_sesion,12,4.25,122.88,-78.0,14.879999999999999,12.0,-104.88,-1.028235294117647,False,-0.10504416408648985,9,50178.64,"A (partida 0,10 / 2R)"
MNQ,london,2018-01-29,A,0.1,2.0,-1,2018-01-29 08:50:00+00:00,2018-01-29 08:50:00+00:00,2018-01-29 09:05:00+00:00,7012.0,7015.5,7005.0,7015.75,stop,14,3.5,122.36,-91.0,17.36,14.0,-122.36,-1.2485714285714287,False,-0.5612827029964965,8,50073.76,"A (partida 0,10 / 2R)"
MNQ,london,2018-02-02,A,0.1,2.0,-1,2018-02-02 08:40:00+00:00,2018-02-02 08:40:00+00:00,2018-02-02 08:55:00+00:00,6913.5,6918.0,6904.5,6904.5,objetivo,11,4.5,118.14,203.5,13.64,5.5,184.36,1.8622222222222224,False,-1.0662061832734224,8,49951.4,"A (partida 0,10 / 2R)"
MNQ,london,2018-02-06,A,0.1,2.0,1,2018-02-06 08:40:00+00:00,2018-02-06 08:40:00+00:00,2018-02-06 08:45:00+00:00,6507.25,6485.25,6551.25,6485.0,stop,2,22.0,91.48,-87.0,2.48,2.0,-91.48,-1.0395454545454546,False,0.8589251693049387,8,50135.76,"A (partida 0,10 / 2R)"
MNQ,london,2018-02-08,A,0.1,2.0,1,2018-02-08 08:50:00+00:00,2018-02-08 08:50:00+00:00,2018-02-08 08:50:00+00:00,6592.75,6585.75,6606.75,6585.5,stop,7,7.0,110.18,-94.5,8.68,7.0,-110.18,-1.1242857142857143,False,0.17959555907749894,8,50044.28,"A (partida 0,10 / 2R)"
MNQ,london,2018-02-15,A,0.1,2.0,1,2018-02-15 08:35:00+00:00,2018-02-15 08:35:00+00:00,2018-02-15 08:50:00+00:00,6737.0,6732.5,6746.0,6732.25,stop,11,4.5,118.14,-93.5,13.64,11.0,-118.14,-1.1933333333333334,False,0.968150449549678,8,49934.1,"A (partida 0,10 / 2R)"
MNQ,london,2018-02-20,A,0.1,2.0,-1,2018-02-20 08:35:00+00:00,2018-02-20 08:35:00+00:00,2018-02-20 09:25:00+00:00,6764.5,6771.25,6751.0,6751.0,objetivo,8,6.75,121.92,220.0,9.92,4.0,206.08,1.9081481481481484,False,-0.8232261687447656,8,49815.96,"A (partida 0,10 / 2R)"
MNQ,london,2018-02-21,A,0.1,2.0,-1,2018-02-21 08:50:00+00:00,2018-02-21 08:50:00+00:00,2018-02-21 09:25:00+00:00,6785.0,6794.0,6767.0,6794.25,stop,6,9.0,118.44,-105.0,7.4399999999999995,6.0,-118.44,-1.0966666666666667,False,-0.21876174795737763,8,50022.04,"A (partida 0,10 / 2R)"
MNQ,london,2018-02-28,A,0.1,2.0,1,2018-02-28 08:45:00+00:00,2018-02-28 08:45:00+00:00,2018-02-28 08:55:00+00:00,6923.75,6918.25,6934.75,6918.0,stop,9,5.5,114.66,-94.5,11.16,9.0,-114.66,-1.1581818181818182,False,0.19545881790616965,8,49903.6,"A (partida 0,10 / 2R)"
MNQ,london,2018-03-05,A,0.1,2.0,1,2018-03-05 08:35:00+00:00,2018-03-05 08:35:00+00:00,2018-03-05 08:35:00+00:00,6776.5,6773.0,6783.5,6772.75,stop,14,3.5,122.36,-91.0,17.36,14.0,-122.36,-1.2485714285714287,False,1.9894565340777768,8,49788.939999999995,"A (partida 0,10 / 2R)"
MNQ,london,2018-03-07,A,0.1,2.0,1,2018-03-07 08:50:00+00:00,2018-03-07 08:50:00+00:00,2018-03-07 08:50:00+00:00,6857.25,6852.5,6866.75,6852.25,stop,11,4.75,123.64,-99.0,13.64,11.0,-123.64,-1.1831578947368422,False,0.21040269383027382,8,49666.579999999994,"A (partida 0,10 / 2R)"
MNQ,london,2018-03-14,A,0.1,2.0,1,2018-03-14 08:50:00+00:00,2018-03-14 08:50:00+00:00,2018-03-14 11:00:00+00:00,7089.5,7080.5,7107.5,7086.0,cierre_sesion,6,9.0,118.44,-36.0,7.4399999999999995,6.0,-49.44,-0.4577777777777778,False,0.6413275984207856,8,49542.939999999995,"A (partida 0,10 / 2R)"
MNQ,london,2018-03-16,A,0.1,2.0,1,2018-03-16 08:50:00+00:00,2018-03-16 08:50:00+00:00,2018-03-16 11:00:00+00:00,7050.0,7045.25,7059.5,7049.5,cierre_sesion,11,4.75,123.64,0.0,13.64,11.0,-24.64,-0.23578947368421052,False,1.735238077325358,8,49493.49999999999,"A (partida 0,10 / 2R)"
MNQ,london,2018-03-20,A,0.1,2.0,-1,2018-03-20 09:15:00+00:00,2018-03-20 09:15:00+00:00,2018-03-20 10:00:00+00:00,6876.75,6889.0,6852.25,6889.25,stop,4,12.25,104.96,-96.0,4.96,4.0,-104.96,-1.0710204081632653,False,-0.5990735127076546,9,49468.85999999999,"A (partida 0,10 / 2R)"
MNQ,london,2018-03-20,A,0.1,2.0,1,2018-03-20 10:20:00+00:00,2018-03-20 10:20:00+00:00,2018-03-20 11:00:00+00:00,6899.0,6890.25,6916.5,6905.5,cierre_sesion,6,8.75,115.44,84.0,7.4399999999999995,6.0,70.56,0.672,False,0.14370612757634835,10,49363.899999999994,"A (partida 0,10 / 2R)"
MNQ,london,2018-03-21,A,0.1,2.0,-1,2018-03-21 08:40:00+00:00,2018-03-21 08:40:00+00:00,2018-03-21 09:15:00+00:00,6897.75,6902.75,6887.75,6887.75,objetivo,10,5.0,117.4,205.0,12.4,5.0,187.6,1.876,False,-1.3497503006301879,8,49434.45999999999,"A (partida 0,10 / 2R)"
MNQ,london,2018-03-22,A,0.1,2.0,-1,2018-03-22 09:15:00+00:00,2018-03-22 09:15:00+00:00,2018-03-22 11:00:00+00:00,6814.25,6829.0,6784.75,6800.75,cierre_sesion,3,14.75,93.72,84.0,3.7199999999999998,3.0,77.28,0.8732203389830508,False,-0.1296932389186331,9,49622.05999999999,"A (partida 0,10 / 2R)"
MNQ,london,2018-04-04,A,0.1,2.0,-1,2018-04-04 08:45:00+01:00,2018-04-04 08:45:00+01:00,2018-04-04 08:55:00+01:00,6400.25,6411.75,6377.25,6377.25,objetivo,5,11.5,123.69999999999999,232.5,6.2,2.5,223.8,1.9460869565217391,False,-0.8814985834315375,8,49699.33999999999,"A (partida 0,10 / 2R)"
MNQ,london,2018-04-05,A,0.1,2.0,1,2018-04-05 08:50:00+01:00,2018-04-05 08:50:00+01:00,2018-04-05 08:50:00+01:00,6645.0,6640.75,6653.5,6640.5,stop,12,4.25,122.88,-96.0,14.879999999999999,12.0,-122.88,-1.204705882352941,False,1.2508078377436365,8,49923.13999999999,"A (partida 0,10 / 2R)"
MNQ,london,2018-04-10,A,0.1,2.0,-1,2018-04-10 08:40:00+01:00,2018-04-10 08:40:00+01:00,2018-04-10 09:25:00+01:00,6595.75,6606.75,6573.75,6607.0,stop,5,11.0,118.69999999999999,-107.5,6.2,5.0,-118.7,-1.079090909090909,False,-0.4086682414297733,8,49800.259999999995,"A (partida 0,10 / 2R)"
MNQ,london,2018-04-12,A,0.1,2.0,1,2018-04-12 08:45:00+01:00,2018-04-12 08:45:00+01:00,2018-04-12 09:10:00+01:00,6613.75,6608.5,6624.25,6608.25,stop,10,5.25,122.4,-100.0,12.4,10.0,-122.4,-1.1657142857142857,False,0.6033012249255617,8,49681.56,"A (partida 0,10 / 2R)"
MNQ,london,2018-04-13,A,0.1,2.0,-1,2018-04-13 08:35:00+01:00,2018-04-13 08:35:00+01:00,2018-04-13 08:50:00+01:00,6650.25,6656.5,6637.75,6656.75,stop,8,6.25,113.92,-96.0,9.92,8.0,-113.92,-1.1392,False,-0.8902396989082934,8,49559.159999999996,"A (partida 0,10 / 2R)"
MNQ,london,2018-04-20,A,0.1,2.0,-1,2018-04-20 08:45:00+01:00,2018-04-20 08:45:00+01:00,2018-04-20 09:00:00+01:00,6742.25,6748.5,6729.75,6748.75,stop,8,6.25,113.92,-96.0,9.92,8.0,-113.92,-1.1392,False,-1.885114277431918,8,49445.24,"A (partida 0,10 / 2R)"
MNQ,london,2018-04-23,A,0.1,2.0,-1,2018-04-23 08:35:00+01:00,2018-04-23 08:35:00+01:00,2018-04-23 08:45:00+01:00,6666.5,6673.5,6652.5,6673.75,stop,7,7.0,110.18,-94.5,8.68,7.0,-110.18,-1.1242857142857143,False,-1.8220217027586825,8,49331.32,"A (partida 0,10 / 2R)"
MNQ,london,2018-05-04,A,0.1,2.0,1,2018-05-04 09:05:00+01:00,2018-05-04 09:05:00+01:00,2018-05-04 09:15:00+01:00,6662.0,6654.25,6677.5,6654.0,stop,7,7.75,120.67999999999999,-105.0,8.68,7.0,-120.68,-1.112258064516129,False,0.3925634914146274,9,49221.14,"A (partida 0,10 / 2R)"
MNQ,london,2018-05-09,A,0.1,2.0,1,2018-05-09 08:40:00+01:00,2018-05-09 08:40:00+01:00,2018-05-09 08:50:00+01:00,6827.0,6823.25,6834.5,6834.5,objetivo,13,3.75,120.12,201.5,16.12,6.5,178.88,1.8346666666666667,False,0.654223406376392,8,49100.46,"A (partida 0,10 / 2R)"
MNQ,london,2018-05-11,A,0.1,2.0,1,2018-05-11 08:35:00+01:00,2018-05-11 08:35:00+01:00,2018-05-11 08:40:00+01:00,6960.25,6953.75,6973.25,6953.5,stop,8,6.5,117.92,-100.0,9.92,8.0,-117.92,-1.133846153846154,False,0.28643830894281225,8,49279.34,"A (partida 0,10 / 2R)"
MNQ,london,2018-05-15,A,0.1,2.0,-1,2018-05-15 09:20:00+01:00,2018-05-15 09:20:00+01:00,2018-05-15 09:25:00+01:00,6951.5,6955.0,6944.5,6955.25,stop,14,3.5,122.36,-91.0,17.36,14.0,-122.36,-1.2485714285714287,False,-0.10342506699092299,9,49161.42,"A (partida 0,10 / 2R)"
MNQ,london,2018-05-23,A,0.1,2.0,-1,2018-05-23 09:00:00+01:00,2018-05-23 09:00:00+01:00,2018-05-23 09:20:00+01:00,6851.0,6855.25,6842.5,6842.5,objetivo,11,4.25,112.64,192.5,13.64,5.5,173.36,1.8541176470588236,False,-0.9637116378624111,8,49039.06,"A (partida 0,10 / 2R)"
MNQ,london,2018-05-29,A,0.1,2.0,-1,2018-05-29 08:45:00+01:00,2018-05-29 08:45:00+01:00,2018-05-29 09:25:00+01:00,6933.0,6939.75,6919.5,6919.5,objetivo,8,6.75,121.92,220.0,9.92,4.0,206.08,1.9081481481481484,False,-0.7108290928051482,8,49212.42,"A (partida 0,10 / 2R)"
MNQ,london,2018-06-04,A,0.1,2.0,1,2018-06-04 08:50:00+01:00,2018-06-04 08:50:00+01:00,2018-06-04 09:05:00+01:00,7112.5,7108.0,7121.5,7107.75,stop,11,4.5,118.14,-93.5,13.64,11.0,-118.14,-1.1933333333333334,False,0.17668427706105577,8,49418.5,"A (partida 0,10 / 2R)"
MNQ,london,2018-06-15,A,0.1,2.0,-1,2018-06-15 08:40:00+01:00,2018-06-15 08:40:00+01:00,2018-06-15 11:00:00+01:00,7269.75,7282.5,7244.25,7269.25,cierre_sesion,4,12.75,108.96,8.0,4.96,4.0,-0.96,-0.009411764705882352,False,-0.5227016650505224,8,49300.36,"A (partida 0,10 / 2R)"
MNQ,london,2018-06-20,A,0.1,2.0,1,2018-06-20 08:40:00+01:00,2018-06-20 08:40:00+01:00,2018-06-20 11:00:00+01:00,7269.0,7263.0,7281.0,7276.25,cierre_sesion,8,6.0,109.92,124.0,9.92,8.0,106.08,1.105,False,0.1909105550256326,8,49299.4,"A (partida 0,10 / 2R)"
MNQ,london,2018-06-25,A,0.1,2.0,-1,2018-06-25 08:35:00+01:00,2018-06-25 08:35:00+01:00,2018-06-25 08:35:00+01:00,7175.0,7179.0,7167.0,7179.25,stop,12,4.0,116.88,-90.0,14.879999999999999,12.0,-116.88,-1.2175,False,-0.5285236191723977,8,49405.48,"A (partida 0,10 / 2R)"
MNQ,london,2018-06-25,A,0.1,2.0,-1,2018-06-25 08:55:00+01:00,2018-06-25 08:55:00+01:00,2018-06-25 08:55:00+01:00,7173.0,7177.5,7164.0,7177.75,stop,11,4.5,118.14,-93.5,13.64,11.0,-118.14,-1.1933333333333334,False,-0.19002406120214935,8,49288.600000000006,"A (partida 0,10 / 2R)"
MNQ,london,2018-06-26,A,0.1,2.0,-1,2018-06-26 08:40:00+01:00,2018-06-26 08:40:00+01:00,2018-06-26 08:50:00+01:00,7079.0,7086.25,7064.5,7064.5,objetivo,7,7.25,113.68,206.5,8.68,3.5,194.32,1.9144827586206896,False,-0.31084052023809117,8,49170.46000000001,"A (partida 0,10 / 2R)"
MNQ,london,2018-06-27,A,0.1,2.0,-1,2018-06-27 08:40:00+01:00,2018-06-27 08:40:00+01:00,2018-06-27 08:45:00+01:00,7053.25,7057.25,7045.25,7045.25,objetivo,12,4.0,116.88,198.0,14.879999999999999,6.0,177.12,1.845,False,-0.8646856315180799,8,49364.780000000006,"A (partida 0,10 / 2R)"
MNQ,london,2018-07-02,A,0.1,2.0,-1,2018-07-02 08:45:00+01:00,2018-07-02 08:45:00+01:00,2018-07-02 08:45:00+01:00,6995.25,7000.0,6985.75,7000.25,stop,11,4.75,123.64,-99.0,13.64,11.0,-123.64,-1.1831578947368422,False,-0.8511801833477693,8,49541.90000000001,"A (partida 0,10 / 2R)"
MNQ,london,2018-07-06,A,0.1,2.0,-1,2018-07-06 08:45:00+01:00,2018-07-06 08:45:00+01:00,2018-07-06 08:45:00+01:00,7115.0,7118.5,7108.0,7118.75,stop,14,3.5,122.36,-91.0,17.36,14.0,-122.36,-1.2485714285714287,False,-1.6228291035333757,8,49418.26000000001,"A (partida 0,10 / 2R)"
MNQ,london,2018-07-12,A,0.1,2.0,-1,2018-07-12 08:45:00+01:00,2018-07-12 08:45:00+01:00,2018-07-12 08:55:00+01:00,7273.25,7280.75,7258.25,7281.0,stop,7,7.5,117.17999999999999,-101.5,8.68,7.0,-117.18,-1.116,False,-0.6716994134483675,8,49295.90000000001,"A (partida 0,10 / 2R)"
MNQ,london,2018-08-02,A,0.1,2.0,-1,2018-08-02 09:55:00+01:00,2018-08-02 09:55:00+01:00,2018-08-02 10:30:00+01:00,7236.5,7243.0,7223.5,7223.5,objetivo,8,6.5,117.92,212.0,9.92,4.0,198.08,1.9046153846153848,False,-0.1009232852232607,9,49178.72000000001,"A (partida 0,10 / 2R)"
MNQ,london,2018-08-13,A,0.1,2.0,-1,2018-08-13 08:35:00+01:00,2018-08-13 08:35:00+01:00,2018-08-13 09:25:00+01:00,7389.75,7395.75,7377.75,7396.0,stop,8,6.0,109.92,-92.0,9.92,8.0,-109.92,-1.145,False,-0.5936550112746327,8,49376.80000000001,"A (partida 0,10 / 2R)"
MNQ,london,2018-08-16,A,0.1,2.0,-1,2018-08-16 08:50:00+01:00,2018-08-16 08:50:00+01:00,2018-08-16 09:00:00+01:00,7398.0,7401.5,7391.0,7401.75,stop,14,3.5,122.36,-91.0,17.36,14.0,-122.36,-1.2485714285714287,False,-0.5768997295585336,8,49266.88000000001,"A (partida 0,10 / 2R)"
MNQ,london,2018-08-17,A,0.1,2.0,1,2018-08-17 08:55:00+01:00,2018-08-17 08:55:00+01:00,2018-08-17 09:00:00+01:00,7391.75,7387.75,7399.75,7387.5,stop,12,4.0,116.88,-90.0,14.879999999999999,12.0,-116.88,-1.2175,False,0.13538188227471243,8,49144.52000000001,"A (partida 0,10 / 2R)"
MNQ,london,2018-08-17,A,0.1,2.0,-1,2018-08-17 10:20:00+01:00,2018-08-17 10:20:00+01:00,2018-08-17 10:45:00+01:00,7382.25,7388.0,7370.75,7370.75,objetivo,9,5.75,119.16,211.5,11.16,4.5,195.84,1.8921739130434783,False,-0.1745493247476679,10,49027.640000000014,"A (partida 0,10 / 2R)"
MNQ,london,2018-08-31,A,0.1,2.0,-1,2018-08-31 09:00:00+01:00,2018-08-31 09:00:00+01:00,2018-08-31 09:30:00+01:00,7641.75,7646.5,7632.25,7646.75,stop,10,4.75,112.4,-90.0,12.4,10.0,-112.4,-1.1831578947368422,False,-0.39595103008919447,8,49223.48000000001,"A (partida 0,10 / 2R)"
MNQ,london,2018-09-03,A,0.1,2.0,1,2018-09-03 09:05:00+01:00,2018-09-03 09:05:00+01:00,2018-09-03 11:00:00+01:00,7673.0,7665.5,7688.0,7671.0,cierre_sesion,7,7.5,117.17999999999999,-21.0,8.68,7.0,-36.68,-0.34933333333333333,False,0.42599240725633003,9,49111.08000000001,"A (partida 0,10 / 2R)"
MNQ,london,2018-09-12,A,0.1,2.0,1,2018-09-12 09:00:00+01:00,2018-09-12 09:00:00+01:00,2018-09-12 10:10:00+01:00,7535.5,7531.0,7544.5,7530.75,stop,11,4.5,118.14,-93.5,13.64,11.0,-118.14,-1.1933333333333334,False,1.79485850906189,8,49074.40000000001,"A (partida 0,10 / 2R)"
MNQ,london,2018-09-19,A,0.1,2.0,1,2018-09-19 08:35:00+01:00,2018-09-19 08:35:00+01:00,2018-09-19 08:45:00+01:00,7507.5,7503.0,7516.5,7502.75,stop,11,4.5,118.14,-93.5,13.64,11.0,-118.14,-1.1933333333333334,False,1.2519462982021394,8,48956.26000000001,"A (partida 0,10 / 2R)"
MNQ,london,2018-09-27,A,0.1,2.0,1,2018-09-27 09:30:00+01:00,2018-09-27 09:30:00+01:00,2018-09-27 09:30:00+01:00,7598.5,7595.0,7605.5,7594.75,stop,13,3.5,113.62,-84.5,16.12,13.0,-113.62,-1.2485714285714287,False,0.12204993618955749,9,48838.12000000001,"A (partida 0,10 / 2R)"
MNQ,london,2018-10-02,A,0.1,2.0,-1,2018-10-02 09:45:00+01:00,2018-10-02 09:45:00+01:00,2018-10-02 09:50:00+01:00,7644.5,7649.75,7634.0,7634.0,objetivo,9,5.25,110.16,193.5,11.16,4.5,177.84,1.881904761904762,False,-0.12704712643168697,9,48724.50000000001,"A (partida 0,10 / 2R)"
MNQ,london,2018-10-05,A,0.1,2.0,-1,2018-10-05 08:45:00+01:00,2018-10-05 08:45:00+01:00,2018-10-05 09:15:00+01:00,7495.75,7500.0,7487.25,7487.25,objetivo,11,4.25,112.64,192.5,13.64,5.5,173.36,1.8541176470588236,False,-0.697235815007327,8,48902.340000000004,"A (partida 0,10 / 2R)"
MNQ,london,2018-10-10,A,0.1,2.0,-1,2018-10-10 08:40:00+01:00,2018-10-10 08:40:00+01:00,2018-10-10 11:00:00+01:00,7388.25,7394.25,7376.25,7381.25,cierre_sesion,8,6.0,109.92,120.0,9.92,8.0,102.08,1.0633333333333332,False,-1.6465557930210108,8,49075.700000000004,"A (partida 0,10 / 2R)"
MNQ,london,2018-10-11,A,0.1,2.0,1,2018-10-11 08:45:00+01:00,2018-10-11 08:45:00+01:00,2018-10-11 08:45:00+01:00,7028.75,7022.25,7041.75,7022.0,stop,8,6.5,117.92,-100.0,9.92,8.0,-117.92,-1.133846153846154,False,1.08940804907228,8,49177.780000000006,"A (partida 0,10 / 2R)"
MNQ,london,2018-10-19,A,0.1,2.0,-1,2018-10-19 08:35:00+01:00,2018-10-19 08:35:00+01:00,2018-10-19 09:05:00+01:00,7168.75,7174.5,7157.25,7157.25,objetivo,9,5.75,119.16,211.5,11.16,4.5,195.84,1.8921739130434783,False,-0.3291188985753766,8,49059.86000000001,"A (partida 0,10 / 2R)"
MNQ,london,2018-10-22,A,0.1,2.0,1,2018-10-22 08:40:00+01:00,2018-10-22 08:40:00+01:00,2018-10-22 09:00:00+01:00,7155.25,7149.75,7166.25,7149.5,stop,9,5.5,114.66,-94.5,11.16,9.0,-114.66,-1.1581818181818182,False,0.40930714812109875,8,49255.700000000004,"A (partida 0,10 / 2R)"
MNQ,london,2018-10-24,A,0.1,2.0,-1,2018-10-24 09:25:00+01:00,2018-10-24 09:25:00+01:00,2018-10-24 09:40:00+01:00,7073.75,7079.0,7063.25,7063.25,objetivo,10,5.25,122.4,215.0,12.4,5.0,197.6,1.8819047619047617,False,-0.10294272267697148,9,49141.04,"A (partida 0,10 / 2R)"
MNQ,london,2018-10-26,A,0.1,2.0,-1,2018-10-26 08:45:00+01:00,2018-10-26 08:45:00+01:00,2018-10-26 08:45:00+01:00,6843.0,6851.0,6827.0,6851.25,stop,6,8.0,106.44,-93.0,7.4399999999999995,6.0,-106.44,-1.10875,False,-1.0267429768363392,8,49338.64,"A (partida 0,10 / 2R)"
MNQ,london,2018-10-26,A,0.1,2.0,-1,2018-10-26 09:00:00+01:00,2018-10-26 09:00:00+01:00,2018-10-26 10:15:00+01:00,6841.5,6861.75,6801.0,6801.0,objetivo,2,20.25,84.48,163.0,2.48,1.0,159.52,1.9693827160493829,False,-0.318187458045371,8,49232.2,"A (partida 0,10 / 2R)"
MNQ,london,2018-11-05,A,0.1,2.0,1,2018-11-05 09:55:00+00:00,2018-11-05 09:55:00+00:00,2018-11-05 11:00:00+00:00,6975.5,6967.5,6991.5,6982.5,cierre_sesion,6,8.0,106.44,90.0,7.4399999999999995,6.0,76.56,0.7975,False,0.12929598190856306,9,49391.719999999994,"A (partida 0,10 / 2R)"
MNQ,london,2018-11-07,A,0.1,2.0,1,2018-11-07 08:50:00+00:00,2018-11-07 08:50:00+00:00,2018-11-07 09:50:00+00:00,7090.75,7076.25,7119.75,7119.75,objetivo,4,14.5,122.96,234.0,4.96,2.0,227.04,1.9572413793103447,False,0.9800399502676548,8,49468.27999999999,"A (partida 0,10 / 2R)"
MNQ,london,2018-11-09,A,0.1,2.0,-1,2018-11-09 08:50:00+00:00,2018-11-09 08:50:00+00:00,2018-11-09 08:50:00+00:00,7111.0,7115.0,7103.0,7115.25,stop,12,4.0,116.88,-90.0,14.879999999999999,12.0,-116.88,-1.2175,False,-0.6577133814624126,8,49695.31999999999,"A (partida 0,10 / 2R)"
MNQ,london,2018-11-12,A,0.1,2.0,-1,2018-11-12 08:40:00+00:00,2018-11-12 08:40:00+00:00,2018-11-12 09:05:00+00:00,7053.25,7060.25,7039.25,7060.5,stop,7,7.0,110.18,-94.5,8.68,7.0,-110.18,-1.1242857142857143,False,-1.2983434775238896,8,49578.439999999995,"A (partida 0,10 / 2R)"
MNQ,london,2018-11-14,A,0.1,2.0,-1,2018-11-14 08:45:00+00:00,2018-11-14 08:45:00+00:00,2018-11-14 08:45:00+00:00,6786.75,6790.75,6778.75,6778.75,objetivo,12,4.0,116.88,198.0,14.879999999999999,6.0,177.12,1.845,False,-1.7842641507187658,8,49468.259999999995,"A (partida 0,10 / 2R)"
MNQ,london,2018-11-19,A,0.1,2.0,1,2018-11-19 08:50:00+00:00,2018-11-19 08:50:00+00:00,2018-11-19 08:55:00+00:00,6926.5,6922.5,6934.5,6922.25,stop,12,4.0,116.88,-90.0,14.879999999999999,12.0,-116.88,-1.2175,False,0.6153274998154051,8,49645.38,"A (partida 0,10 / 2R)"
MNQ,london,2018-11-20,A,0.1,2.0,-1,2018-11-20 09:00:00+00:00,2018-11-20 09:00:00+00:00,2018-11-20 09:10:00+00:00,6606.25,6613.5,6591.75,6591.75,objetivo,7,7.25,113.68,206.5,8.68,3.5,194.32,1.9144827586206896,False,-0.14127422815946286,8,49528.5,"A (partida 0,10 / 2R)"
MNQ,london,2018-11-22,A,0.1,2.0,-1,2018-11-22 08:45:00+00:00,2018-11-22 08:45:00+00:00,2018-11-22 08:55:00+00:00,6558.25,6563.5,6547.75,6547.75,objetivo,10,5.25,122.4,215.0,12.4,5.0,197.6,1.8819047619047617,False,-0.81608403105679,8,49722.82,"A (partida 0,10 / 2R)"
MNQ,london,2018-11-23,A,0.1,2.0,1,2018-11-23 08:45:00+00:00,2018-11-23 08:45:00+00:00,2018-11-23 10:35:00+00:00,6559.5,6544.0,6590.5,6543.75,stop,3,15.5,98.22,-91.5,3.7199999999999998,3.0,-98.22,-1.0561290322580645,False,0.7488092589871768,8,49920.42,"A (partida 0,10 / 2R)"
MNQ,london,2018-11-26,A,0.1,2.0,1,2018-11-26 08:40:00+00:00,2018-11-26 08:40:00+00:00,2018-11-26 11:00:00+00:00,6641.25,6634.25,6655.25,6640.75,cierre_sesion,7,7.0,110.18,0.0,8.68,7.0,-15.68,-0.16,False,2.163394391144485,8,49822.2,"A (partida 0,10 / 2R)"
MNQ,london,2018-12-14,A,0.1,2.0,-1,2018-12-14 08:35:00+00:00,2018-12-14 08:35:00+00:00,2018-12-14 08:40:00+00:00,6672.25,6678.0,6660.75,6660.75,objetivo,9,5.75,119.16,211.5,11.16,4.5,195.84,1.8921739130434783,False,-1.2069422306167994,8,49806.52,"A (partida 0,10 / 2R)"
MNQ,london,2018-12-14,A,0.1,2.0,-1,2018-12-14 08:45:00+00:00,2018-12-14 08:45:00+00:00,2018-12-14 09:45:00+00:00,6662.5,6667.75,6652.0,6652.0,objetivo,10,5.25,122.4,215.0,12.4,5.0,197.6,1.8819047619047617,False,-1.8856139792707558,8,50002.35999999999,"A (partida 0,10 / 2R)"
MNQ,london,2018-12-21,A,0.1,2.0,-1,2018-12-21 08:55:00+00:00,2018-12-21 08:55:00+00:00,2018-12-21 09:05:00+00:00,6253.0,6260.5,6238.0,6260.75,stop,7,7.5,117.17999999999999,-101.5,8.68,7.0,-117.18,-1.116,False,-2.225360520819702,8,50199.95999999999,"A (partida 0,10 / 2R)"
MNQ,london,2018-12-26,A,0.1,2.0,1,2018-12-26 08:50:00+00:00,2018-12-26 08:50:00+00:00,2018-12-26 09:00:00+00:00,5912.5,5904.0,5929.5,5903.75,stop,6,8.5,112.44,-99.0,7.4399999999999995,6.0,-112.44,-1.1023529411764705,False,0.5813750108959272,8,50082.77999999999,"A (partida 0,10 / 2R)"
MNQ,london,2018-12-27,A,0.1,2.0,-1,2018-12-27 08:40:00+00:00,2018-12-27 08:40:00+00:00,2018-12-27 09:10:00+00:00,6204.5,6213.75,6186.0,6186.0,objetivo,6,9.25,121.44,225.0,7.4399999999999995,3.0,214.56,1.932972972972973,False,-0.8417468156733332,8,49970.33999999999,"A (partida 0,10 / 2R)"
MNQ,london,2018-12-28,A,0.1,2.0,1,2018-12-28 08:35:00+00:00,2018-12-28 08:35:00+00:00,2018-12-28 10:30:00+00:00,6322.25,6305.5,6355.75,6355.75,objetivo,3,16.75,105.72,202.5,3.7199999999999998,1.5,197.28,1.9629850746268658,False,0.3312338450051149,8,50184.89999999999,"A (partida 0,10 / 2R)"
MNQ,london,2019-01-02,A,0.1,2.0,-1,2019-01-02 08:45:00+00:00,2019-01-02 08:45:00+00:00,2019-01-02 09:00:00+00:00,6159.5,6179.5,6119.5,6179.75,stop,3,20.0,125.22,-118.5,3.7199999999999998,3.0,-125.22,-1.0435,False,-3.261574133205312,8,50382.179999999986,"A (partida 0,10 / 2R)"
MNQ,london,2019-01-04,A,0.1,2.0,1,2019-01-04 09:30:00+00:00,2019-01-04 09:30:00+00:00,2019-01-04 11:00:00+00:00,6268.75,6247.5,6311.25,6275.75,cierre_sesion,2,21.25,88.48,30.0,2.48,2.0,25.52,0.30023529411764704,False,0.19911834696768793,9,50256.959999999985,"A (partida 0,10 / 2R)"
MNQ,london,2019-01-08,A,0.1,2.0,1,2019-01-08 08:40:00+00:00,2019-01-08 08:40:00+00:00,2019-01-08 08:40:00+00:00,6530.25,6525.0,6540.75,6524.75,stop,10,5.25,122.4,-100.0,12.4,10.0,-122.4,-1.1657142857142857,False,1.0477397623507756,8,50282.47999999998,"A (partida 0,10 / 2R)"
MNQ,london,2019-01-14,A,0.1,2.0,1,2019-01-14 08:35:00+00:00,2019-01-14 08:35:00+00:00,2019-01-14 09:50:00+00:00,6551.75,6546.25,6562.75,6546.0,stop,9,5.5,114.66,-94.5,11.16,9.0,-114.66,-1.1581818181818182,False,1.158954371341788,8,50160.07999999998,"A (partida 0,10 / 2R)"
MNQ,london,2019-01-22,A,0.1,2.0,1,2019-01-22 08:35:00+00:00,2019-01-22 08:35:00+00:00,2019-01-22 10:10:00+00:00,6742.0,6736.5,6753.0,6736.25,stop,9,5.5,114.66,-94.5,11.16,9.0,-114.66,-1.1581818181818182,False,1.2974215664883244,8,50045.41999999998,"A (partida 0,10 / 2R)"
MNQ,london,2019-01-28,A,0.1,2.0,-1,2019-01-28 08:40:00+00:00,2019-01-28 08:40:00+00:00,2019-01-28 08:45:00+00:00,6745.0,6749.0,6737.0,6749.25,stop,12,4.0,116.88,-90.0,14.879999999999999,12.0,-116.88,-1.2175,False,-1.1904298003601443,8,49930.75999999997,"A (partida 0,10 / 2R)"
MNQ,london,2019-02-04,A,0.1,2.0,-1,2019-02-04 08:35:00+00:00,2019-02-04 08:35:00+00:00,2019-02-04 08:40:00+00:00,6874.25,6878.0,6866.75,6878.25,stop,13,3.75,120.12,-91.0,16.12,13.0,-120.12,-1.232,False,-0.8144893221171213,8,49813.879999999976,"A (partida 0,10 / 2R)"
MNQ,london,2019-02-07,A,0.1,2.0,-1,2019-02-07 10:20:00+00:00,2019-02-07 10:20:00+00:00,2019-02-07 11:00:00+00:00,6958.25,6972.0,6930.75,6958.75,cierre_sesion,4,13.75,116.96,-0.0,4.96,4.0,-8.96,-0.08145454545454546,False,-0.18921878989144694,10,49693.75999999997,"A (partida 0,10 / 2R)"
MNQ,london,2019-02-15,A,0.1,2.0,1,2019-02-15 08:40:00+00:00,2019-02-15 08:40:00+00:00,2019-02-15 09:20:00+00:00,6994.25,6990.5,7001.75,7001.75,objetivo,13,3.75,120.12,201.5,16.12,6.5,178.88,1.8346666666666667,False,0.9797047531344397,8,49684.799999999974,"A (partida 0,10 / 2R)"
MNQ,london,2019-03-04,A,0.1,2.0,-1,2019-03-04 09:50:00+00:00,2019-03-04 09:50:00+00:00,2019-03-04 09:55:00+00:00,7185.5,7189.0,7178.5,7189.25,stop,14,3.5,122.36,-91.0,17.36,14.0,-122.36,-1.2485714285714287,False,-0.13468469712047748,9,49863.67999999997,"A (partida 0,10 / 2R)"
MNQ,london,2019-03-05,A,0.1,2.0,1,2019-03-05 08:35:00+00:00,2019-03-05 08:35:00+00:00,2019-03-05 08:45:00+00:00,7157.25,7153.25,7165.25,7165.25,objetivo,12,4.0,116.88,198.0,14.879999999999999,6.0,177.12,1.845,False,0.8463879560839395,8,49741.31999999997,"A (partida 0,10 / 2R)"
MNQ,london,2019-03-11,A,0.1,2.0,1,2019-03-11 10:05:00+00:00,2019-03-11 10:05:00+00:00,2019-03-11 10:35:00+00:00,7046.75,7042.0,7056.25,7041.75,stop,11,4.75,123.64,-99.0,13.64,11.0,-123.64,-1.1831578947368422,False,0.12692440219053375,10,49918.43999999997,"A (partida 0,10 / 2R)"
MNQ,london,2019-03-12,A,0.1,2.0,-1,2019-03-12 08:35:00+00:00,2019-03-12 08:35:00+00:00,2019-03-12 09:00:00+00:00,7184.0,7189.5,7173.0,7189.75,stop,9,5.5,114.66,-94.5,11.16,9.0,-114.66,-1.1581818181818182,False,-1.283521570941292,8,49794.799999999974,"A (partida 0,10 / 2R)"
MNQ,london,2019-03-13,A,0.1,2.0,1,2019-03-13 08:50:00+00:00,2019-03-13 08:50:00+00:00,2019-03-13 11:00:00+00:00,7214.25,7210.25,7222.25,7218.5,cierre_sesion,12,4.0,116.88,114.0,14.879999999999999,12.0,87.12,0.9075000000000001,False,0.7075025516245043,8,49680.13999999997,"A (partida 0,10 / 2R)"
MNQ,london,2019-03-14,A,0.1,2.0,-1,2019-03-14 10:25:00+00:00,2019-03-14 10:25:00+00:00,2019-03-14 10:50:00+00:00,7273.25,7278.5,7262.75,7262.75,objetivo,10,5.25,122.4,215.0,12.4,5.0,197.6,1.8819047619047617,False,-0.6922955916776882,10,49767.25999999997,"A (partida 0,10 / 2R)"
MNQ,london,2019-03-22,A,0.1,2.0,-1,2019-03-22 08:55:00+00:00,2019-03-22 08:55:00+00:00,2019-03-22 09:00:00+00:00,7503.5,7511.5,7487.5,7511.75,stop,7,8.0,124.17999999999999,-108.5,8.68,7.0,-124.18,-1.1087500000000001,False,-2.9103003948326633,8,49964.85999999997,"A (partida 0,10 / 2R)"
MNQ,london,2019-03-25,A,0.1,2.0,1,2019-03-25 09:05:00+00:00,2019-03-25 09:05:00+00:00,2019-03-25 11:00:00+00:00,7337.0,7317.0,7377.0,7339.5,cierre_sesion,2,20.0,83.48,12.0,2.48,2.0,7.52,0.094,False,0.8098943967222492,9,49840.67999999997,"A (partida 0,10 / 2R)"
MNQ,london,2019-04-22,A,0.1,2.0,-1,2019-04-22 08:50:00+01:00,2019-04-22 08:50:00+01:00,2019-04-22 11:00:00+01:00,7686.75,7690.75,7678.75,7688.5,cierre_sesion,12,4.0,116.88,-30.0,14.879999999999999,12.0,-56.879999999999995,-0.5924999999999999,False,-0.4173888100619651,8,49848.19999999997,"A (partida 0,10 / 2R)"
MNQ,london,2019-05-08,A,0.1,2.0,-1,2019-05-08 10:00:00+01:00,2019-05-08 10:00:00+01:00,2019-05-08 10:25:00+01:00,7675.25,7682.0,7661.75,7661.75,objetivo,8,6.75,121.92,220.0,9.92,4.0,206.08,1.9081481481481484,False,-0.21715955699493045,9,49791.31999999997,"A (partida 0,10 / 2R)"
MNQ,london,2019-05-09,A,0.1,2.0,-1,2019-05-09 08:50:00+01:00,2019-05-09 08:50:00+01:00,2019-05-09 09:00:00+01:00,7558.5,7579.5,7516.5,7579.75,stop,2,21.0,87.48,-83.0,2.48,2.0,-87.48,-1.0414285714285714,False,-0.5824288649270389,8,49997.39999999997,"A (partida 0,10 / 2R)"
MNQ,london,2019-05-09,A,0.1,2.0,-1,2019-05-09 09:15:00+01:00,2019-05-09 09:15:00+01:00,2019-05-09 09:30:00+01:00,7566.0,7574.0,7550.0,7574.25,stop,7,8.0,124.17999999999999,-108.5,8.68,7.0,-124.18,-1.1087500000000001,False,-0.24248148538344813,9,49909.91999999997,"A (partida 0,10 / 2R)"
MNQ,london,2019-05-13,A,0.1,2.0,-1,2019-05-13 08:45:00+01:00,2019-05-13 08:45:00+01:00,2019-05-13 10:55:00+01:00,7485.75,7495.25,7466.75,7495.5,stop,6,9.5,124.44,-111.0,7.4399999999999995,6.0,-124.44,-1.091578947368421,False,-0.8935453957817825,8,49785.73999999997,"A (partida 0,10 / 2R)"
MNQ,london,2019-05-17,A,0.1,2.0,-1,2019-05-17 08:50:00+01:00,2019-05-17 08:50:00+01:00,2019-05-17 08:50:00+01:00,7570.75,7575.75,7560.75,7576.0,stop,10,5.0,117.4,-95.0,12.4,10.0,-117.4,-1.1740000000000002,False,-0.24813278868812366,8,49661.29999999997,"A (partida 0,10 / 2R)"
MNQ,london,2019-05-28,A,0.1,2.0,-1,2019-05-28 09:05:00+01:00,2019-05-28 09:05:00+01:00,2019-05-28 09:30:00+01:00,7317.5,7327.0,7298.5,7298.5,objetivo,5,9.5,103.69999999999999,192.5,6.2,2.5,183.8,1.9347368421052633,False,-0.2099189510700389,9,49543.899999999965,"A (partida 0,10 / 2R)"
MNQ,london,2019-05-31,A,0.1,2.0,-1,2019-05-31 08:50:00+01:00,2019-05-31 08:50:00+01:00,2019-05-31 10:35:00+01:00,7162.5,7174.25,7139.0,7139.0,objetivo,4,11.75,100.96,190.0,4.96,2.0,183.04,1.9472340425531913,False,-0.20165210724299737,8,49727.69999999997,"A (partida 0,10 / 2R)"
MNQ,london,2019-06-03,A,0.1,2.0,-1,2019-06-03 08:35:00+01:00,2019-06-03 08:35:00+01:00,2019-06-03 09:00:00+01:00,7073.75,7080.5,7060.25,7080.75,stop,8,6.75,121.92,-104.0,9.92,8.0,-121.92,-1.1288888888888888,False,-1.748731424929215,8,49910.73999999997,"A (partida 0,10 / 2R)"
MNQ,london,2019-06-04,A,0.1,2.0,1,2019-06-04 08:40:00+01:00,2019-06-04 08:40:00+01:00,2019-06-04 08:50:00+01:00,7016.75,7012.5,7025.25,7025.25,objetivo,12,4.25,122.88,210.0,14.879999999999999,6.0,189.12,1.8541176470588236,False,3.045296867629151,8,49788.81999999997,"A (partida 0,10 / 2R)"
MNQ,london,2019-06-06,A,0.1,2.0,1,2019-06-06 08:50:00+01:00,2019-06-06 08:50:00+01:00,2019-06-06 11:00:00+01:00,7255.5,7245.25,7276.0,7255.0,cierre_sesion,5,10.25,111.19999999999999,0.0,6.2,5.0,-11.2,-0.10926829268292683,False,2.000889247935759,8,49977.93999999997,"A (partida 0,10 / 2R)"
MNQ,london,2019-06-13,A,0.1,2.0,1,2019-06-13 08:40:00+01:00,2019-06-13 08:40:00+01:00,2019-06-13 09:40:00+01:00,7489.25,7481.0,7505.75,7505.75,objetivo,6,8.25,109.44,201.0,7.4399999999999995,3.0,190.56,1.9248484848484848,False,1.3121474247496332,8,49966.739999999976,"A (partida 0,10 / 2R)"
MNQ,london,2019-06-18,A,0.1,2.0,1,2019-06-18 09:15:00+01:00,2019-06-18 09:15:00+01:00,2019-06-18 09:20:00+01:00,7540.0,7528.0,7564.0,7564.0,objetivo,4,12.0,102.96,194.0,4.96,2.0,187.04,1.9483333333333333,False,0.1509434110274289,9,50157.299999999974,"A (partida 0,10 / 2R)"
MNQ,london,2019-06-20,A,0.1,2.0,1,2019-06-20 09:35:00+01:00,2019-06-20 09:35:00+01:00,2019-06-20 11:00:00+01:00,7764.0,7755.0,7782.0,7768.5,cierre_sesion,6,9.0,118.44,60.0,7.4399999999999995,6.0,46.56,0.4311111111111111,False,0.19087060559356925,9,50344.339999999975,"A (partida 0,10 / 2R)"
MNQ,london,2019-06-21,A,0.1,2.0,1,2019-06-21 08:45:00+01:00,2019-06-21 08:45:00+01:00,2019-06-21 09:00:00+01:00,7740.0,7733.75,7752.5,7733.5,stop,8,6.25,113.92,-96.0,9.92,8.0,-113.92,-1.1392,False,1.6331583382969734,8,50390.89999999997,"A (partida 0,10 / 2R)"
MNQ,london,2019-07-04,A,0.1,2.0,1,2019-07-04 10:20:00+01:00,2019-07-04 10:20:00+01:00,2019-07-04 10:50:00+01:00,7892.75,7888.75,7900.75,7888.5,stop,12,4.0,116.88,-90.0,14.879999999999999,12.0,-116.88,-1.2175,False,0.11381639946758677,10,50276.979999999974,"A (partida 0,10 / 2R)"
MNQ,london,2019-07-08,A,0.1,2.0,1,2019-07-08 08:45:00+01:00,2019-07-08 08:45:00+01:00,2019-07-08 09:05:00+01:00,7830.75,7827.25,7837.75,7837.75,objetivo,14,3.5,122.36,203.0,17.36,7.0,178.64,1.8228571428571427,False,0.45364482808872575,8,50160.09999999998,"A (partida 0,10 / 2R)"
MNQ,london,2019-07-08,A,0.1,2.0,-1,2019-07-08 10:15:00+01:00,2019-07-08 10:15:00+01:00,2019-07-08 11:00:00+01:00,7822.5,7834.5,7798.5,7824.0,cierre_sesion,4,12.0,102.96,-8.0,4.96,4.0,-16.96,-0.17666666666666667,False,-0.10575255723235231,10,50338.739999999976,"A (partida 0,10 / 2R)"
MNQ,london,2019-07-18,A,0.1,2.0,1,2019-07-18 08:35:00+01:00,2019-07-18 08:35:00+01:00,2019-07-18 08:55:00+01:00,7856.25,7852.0,7864.75,7864.75,objetivo,12,4.25,122.88,210.0,14.879999999999999,6.0,189.12,1.8541176470588236,False,0.4133336034978249,8,50321.77999999998,"A (partida 0,10 / 2R)"
MNQ,london,2019-07-24,A,0.1,2.0,-1,2019-07-24 09:10:00+01:00,2019-07-24 09:10:00+01:00,2019-07-24 11:00:00+01:00,7938.25,7946.0,7922.75,7933.5,cierre_sesion,7,7.75,120.67999999999999,73.5,8.68,7.0,57.82,0.5329032258064517,False,-0.40788008120464664,9,50510.89999999998,"A (partida 0,10 / 2R)"
MNQ,london,2019-07-30,A,0.1,2.0,-1,2019-07-30 08:40:00+01:00,2019-07-30 08:40:00+01:00,2019-07-30 09:15:00+01:00,7987.75,7995.5,7972.25,7995.75,stop,7,7.75,120.67999999999999,-105.0,8.68,7.0,-120.68,-1.112258064516129,False,-1.8704170471276667,8,50568.71999999998,"A (partida 0,10 / 2R)"
MNQ,london,2019-08-02,A,0.1,2.0,-1,2019-08-02 08:35:00+01:00,2019-08-02 08:35:00+01:00,2019-08-02 08:35:00+01:00,7769.25,7775.5,7756.75,7775.75,stop,8,6.25,113.92,-96.0,9.92,8.0,-113.92,-1.1392,False,-0.220808974902025,8,50448.03999999998,"A (partida 0,10 / 2R)"
MNQ,london,2019-08-06,A,0.1,2.0,1,2019-08-06 08:35:00+01:00,2019-08-06 08:35:00+01:00,2019-08-06 08:40:00+01:00,7448.75,7442.25,7461.75,7442.0,stop,8,6.5,117.92,-100.0,9.92,8.0,-117.92,-1.133846153846154,False,1.0221288225639595,8,50334.11999999998,"A (partida 0,10 / 2R)"
MNQ,london,2019-08-08,A,0.1,2.0,-1,2019-08-08 09:15:00+01:00,2019-08-08 09:15:00+01:00,2019-08-08 09:45:00+01:00,7562.5,7587.25,7513.0,7587.5,stop,2,24.75,102.48,-98.0,2.48,2.0,-102.48,-1.0351515151515152,False,-0.16106044188974913,9,50216.19999999998,"A (partida 0,10 / 2R)"
MNQ,london,2019-08-14,A,0.1,2.0,-1,2019-08-14 08:55:00+01:00,2019-08-14 08:55:00+01:00,2019-08-14 08:55:00+01:00,7717.0,7724.75,7701.5,7725.0,stop,7,7.75,120.67999999999999,-105.0,8.68,7.0,-120.68,-1.112258064516129,False,-0.2809984150528914,8,50113.71999999998,"A (partida 0,10 / 2R)"
MNQ,london,2019-08-15,A,0.1,2.0,-1,2019-08-15 10:10:00+01:00,2019-08-15 10:10:00+01:00,2019-08-15 10:15:00+01:00,7492.0,7503.25,7469.5,7503.5,stop,5,11.25,121.19999999999999,-110.0,6.2,5.0,-121.2,-1.0773333333333333,False,-0.4180819321093784,10,49993.03999999998,"A (partida 0,10 / 2R)"
MNQ,london,2019-08-29,A,0.1,2.0,1,2019-08-29 08:45:00+01:00,2019-08-29 08:45:00+01:00,2019-08-29 10:00:00+01:00,7654.0,7644.25,7673.5,7673.5,objetivo,5,9.75,106.19999999999999,197.5,6.2,2.5,188.8,1.9364102564102565,False,1.1936370705546133,8,49871.83999999998,"A (partida 0,10 / 2R)"
MNQ,london,2019-09-02,A,0.1,2.0,1,2019-09-02 08:35:00+01:00,2019-09-02 08:35:00+01:00,2019-09-02 09:05:00+01:00,7671.25,7662.0,7689.75,7661.75,stop,6,9.25,121.44,-108.0,7.4399999999999995,6.0,-121.44,-1.094054054054054,False,1.8059062304914821,8,50060.639999999985,"A (partida 0,10 / 2R)"
MNQ,london,2019-09-11,A,0.1,2.0,-1,2019-09-11 10:10:00+01:00,2019-09-11 10:10:00+01:00,2019-09-11 10:10:00+01:00,7804.0,7808.0,7796.0,7796.0,objetivo,12,4.0,116.88,198.0,14.879999999999999,6.0,177.12,1.845,False,-0.4777054359290205,10,49939.19999999998,"A (partida 0,10 / 2R)"
MNQ,london,2019-09-16,A,0.1,2.0,1,2019-09-16 09:25:00+01:00,2019-09-16 09:25:00+01:00,2019-09-16 09:40:00+01:00,7837.5,7832.0,7848.5,7831.75,stop,9,5.5,114.66,-94.5,11.16,9.0,-114.66,-1.1581818181818182,False,0.11730293360097618,9,50116.319999999985,"A (partida 0,10 / 2R)"
MNQ,london,2019-09-17,A,0.1,2.0,1,2019-09-17 08:40:00+01:00,2019-09-17 08:40:00+01:00,2019-09-17 09:00:00+01:00,7846.25,7841.75,7855.25,7855.25,objetivo,11,4.5,118.14,203.5,13.64,5.5,184.36,1.8622222222222224,False,1.538020731970196,8,50001.65999999998,"A (partida 0,10 / 2R)"
MNQ,london,2019-09-25,A,0.1,2.0,-1,2019-09-25 08:50:00+01:00,2019-09-25 08:50:00+01:00,2019-09-25 09:30:00+01:00,7718.25,7724.0,7706.75,7706.75,objetivo,9,5.75,119.16,211.5,11.16,4.5,195.84,1.8921739130434783,False,-1.4193049387245842,8,50186.01999999998,"A (partida 0,10 / 2R)"
MNQ,london,2019-09-26,A,0.1,2.0,1,2019-09-26 08:35:00+01:00,2019-09-26 08:35:00+01:00,2019-09-26 08:50:00+01:00,7813.0,7808.5,7822.0,7822.0,objetivo,11,4.5,118.14,203.5,13.64,5.5,184.36,1.8622222222222224,False,1.195518215610046,8,50381.85999999998,"A (partida 0,10 / 2R)"
MNQ,london,2019-10-02,A,0.1,2.0,-1,2019-10-02 08:40:00+01:00,2019-10-02 08:40:00+01:00,2019-10-02 08:40:00+01:00,7659.5,7667.0,7644.5,7667.25,stop,7,7.5,117.17999999999999,-101.5,8.68,7.0,-117.18,-1.116,False,-3.0355794821238242,8,50566.21999999998,"A (partida 0,10 / 2R)"
MNQ,london,2019-10-07,A,0.1,2.0,-1,2019-10-07 09:05:00+01:00,2019-10-07 09:05:00+01:00,2019-10-07 09:05:00+01:00,7731.0,7737.0,7719.0,7737.25,stop,9,6.0,123.66,-103.5,11.16,9.0,-123.66,-1.145,False,-0.11114785787277623,9,50449.03999999998,"A (partida 0,10 / 2R)"
MNQ,london,2019-10-08,A,0.1,2.0,-1,2019-10-08 08:45:00+01:00,2019-10-08 08:45:00+01:00,2019-10-08 08:50:00+01:00,7750.25,7758.0,7734.75,7758.25,stop,7,7.75,120.67999999999999,-105.0,8.68,7.0,-120.68,-1.112258064516129,False,-0.6267737212592107,8,50325.379999999976,"A (partida 0,10 / 2R)"
MNQ,london,2019-10-11,A,0.1,2.0,1,2019-10-11 08:55:00+01:00,2019-10-11 08:55:00+01:00,2019-10-11 09:10:00+01:00,7805.75,7801.75,7813.75,7813.75,objetivo,12,4.0,116.88,198.0,14.879999999999999,6.0,177.12,1.845,False,0.26706742325722516,8,50204.699999999975,"A (partida 0,10 / 2R)"
MNQ,london,2019-10-14,A,0.1,2.0,-1,2019-10-14 08:40:00+01:00,2019-10-14 08:40:00+01:00,2019-10-14 09:35:00+01:00,7847.0,7853.0,7835.0,7853.25,stop,9,6.0,123.66,-103.5,11.16,9.0,-123.66,-1.145,False,-0.861846636104312,8,50381.81999999998,"A (partida 0,10 / 2R)"
MNQ,london,2019-10-16,A,0.1,2.0,-1,2019-10-16 08:35:00+01:00,2019-10-16 08:35:00+01:00,2019-10-16 08:35:00+01:00,7937.0,7942.75,7925.5,7943.0,stop,9,5.75,119.16,-99.0,11.16,9.0,-119.16,-1.151304347826087,False,-1.1795158921402946,8,50258.159999999974,"A (partida 0,10 / 2R)"
MNQ,london,2019-10-17,A,0.1,2.0,1,2019-10-17 08:40:00+01:00,2019-10-17 08:40:00+01:00,2019-10-17 08:45:00+01:00,7947.25,7943.25,7955.25,7955.25,objetivo,12,4.0,116.88,198.0,14.879999999999999,6.0,177.12,1.845,False,0.8646037760846359,8,50138.99999999997,"A (partida 0,10 / 2R)"
MNQ,london,2019-10-23,A,0.1,2.0,1,2019-10-23 08:35:00+01:00,2019-10-23 08:35:00+01:00,2019-10-23 08:35:00+01:00,7849.0,7841.75,7863.5,7841.5,stop,7,7.25,113.68,-98.0,8.68,7.0,-113.68,-1.12,False,0.4068532142022534,8,50316.11999999997,"A (partida 0,10 / 2R)"
MNQ,london,2019-10-31,A,0.1,2.0,-1,2019-10-31 09:15:00+00:00,2019-10-31 09:15:00+00:00,2019-10-31 09:15:00+00:00,8104.0,8108.5,8095.0,8095.0,objetivo,11,4.5,118.14,203.5,13.64,5.5,184.36,1.8622222222222224,False,-1.9290728369297707,9,50202.43999999997,"A (partida 0,10 / 2R)"
MNQ,london,2019-11-11,A,0.1,2.0,-1,2019-11-11 09:05:00+00:00,2019-11-11 09:05:00+00:00,2019-11-11 11:00:00+00:00,8221.0,8232.0,8199.0,8220.25,cierre_sesion,5,11.0,118.69999999999999,12.5,6.2,5.0,1.2999999999999998,0.011818181818181816,False,-0.3204432370203582,9,50386.799999999974,"A (partida 0,10 / 2R)"
MNQ,london,2019-11-14,A,0.1,2.0,1,2019-11-14 10:05:00+00:00,2019-11-14 10:05:00+00:00,2019-11-14 11:00:00+00:00,8270.25,8252.25,8306.25,8253.75,cierre_sesion,3,18.0,113.22,-96.0,3.7199999999999998,3.0,-102.72,-0.9511111111111111,False,0.14244628318527464,10,50388.09999999998,"A (partida 0,10 / 2R)"
MNQ,london,2019-11-20,A,0.1,2.0,-1,2019-11-20 08:55:00+00:00,2019-11-20 08:55:00+00:00,2019-11-20 09:25:00+00:00,8300.5,8304.75,8292.0,8305.0,stop,12,4.25,122.88,-96.0,14.879999999999999,12.0,-122.88,-1.204705882352941,False,-0.2535945116601004,8,50285.379999999976,"A (partida 0,10 / 2R)"
MNQ,london,2019-11-21,A,0.1,2.0,-1,2019-11-21 08:40:00+00:00,2019-11-21 08:40:00+00:00,2019-11-21 08:40:00+00:00,8258.75,8263.5,8249.25,8263.75,stop,11,4.75,123.64,-99.0,13.64,11.0,-123.64,-1.1831578947368422,False,-0.36724478506714386,8,50162.49999999998,"A (partida 0,10 / 2R)"
MNQ,london,2019-11-26,A,0.1,2.0,-1,2019-11-26 08:50:00+00:00,2019-11-26 08:50:00+00:00,2019-11-26 09:10:00+00:00,8376.0,8380.0,8368.0,8368.0,objetivo,12,4.0,116.88,198.0,14.879999999999999,6.0,177.12,1.845,False,-0.11268561183487283,8,50038.85999999998,"A (partida 0,10 / 2R)"
MNQ,london,2019-12-04,A,0.1,2.0,1,2019-12-04 09:15:00+00:00,2019-12-04 09:15:00+00:00,2019-12-04 09:40:00+00:00,8306.75,8286.25,8347.75,8286.0,stop,2,20.5,85.48,-81.0,2.48,2.0,-85.48,-1.042439024390244,False,2.503261110607221,9,50215.97999999998,"A (partida 0,10 / 2R)"
MNQ,london,2019-12-09,A,0.1,2.0,-1,2019-12-09 08:35:00+00:00,2019-12-09 08:35:00+00:00,2019-12-09 08:50:00+00:00,8392.25,8395.75,8385.25,8396.0,stop,14,3.5,122.36,-91.0,17.36,14.0,-122.36,-1.2485714285714287,False,-0.5534898891456131,8,50130.49999999998,"A (partida 0,10 / 2R)"
MNQ,london,2019-12-10,A,0.1,2.0,-1,2019-12-10 08:45:00+00:00,2019-12-10 08:45:00+00:00,2019-12-10 08:50:00+00:00,8347.75,8355.0,8333.25,8333.25,objetivo,7,7.25,113.68,206.5,8.68,3.5,194.32,1.9144827586206896,False,-0.7026677534274306,8,50008.13999999998,"A (partida 0,10 / 2R)"
MNQ,london,2019-12-16,A,0.1,2.0,1,2019-12-16 08:35:00+00:00,2019-12-16 08:35:00+00:00,2019-12-16 10:10:00+00:00,8529.0,8524.25,8538.5,8524.0,stop,11,4.75,123.64,-99.0,13.64,11.0,-123.64,-1.1831578947368422,False,0.12651940805583226,8,50202.45999999998,"A (partida 0,10 / 2R)"
MNQ,london,2020-01-02,A,0.1,2.0,1,2020-01-02 09:05:00+00:00,2020-01-02 09:05:00+00:00,2020-01-02 10:25:00+00:00,8809.0,8804.0,8819.0,8819.0,objetivo,10,5.0,117.4,205.0,12.4,5.0,187.6,1.876,False,0.5624337684378801,9,50078.81999999998,"A (partida 0,10 / 2R)"
MNQ,london,2020-01-03,A,0.1,2.0,-1,2020-01-03 09:10:00+00:00,2020-01-03 09:10:00+00:00,2020-01-03 09:10:00+00:00,8784.0,8788.0,8776.0,8776.0,objetivo,12,4.0,116.88,198.0,14.879999999999999,6.0,177.12,1.845,False,-0.16268995902120298,9,50266.41999999998,"A (partida 0,10 / 2R)"
MNQ,london,2020-01-06,A,0.1,2.0,-1,2020-01-06 08:35:00+00:00,2020-01-06 08:35:00+00:00,2020-01-06 08:45:00+00:00,8752.25,8760.0,8736.75,8736.75,objetivo,7,7.75,120.67999999999999,220.5,8.68,3.5,208.32,1.92,False,-0.7705078021341809,8,50443.53999999998,"A (partida 0,10 / 2R)"
MNQ,london,2020-01-10,A,0.1,2.0,-1,2020-01-10 08:40:00+00:00,2020-01-10 08:40:00+00:00,2020-01-10 08:45:00+00:00,9025.75,9030.25,9016.75,9030.5,stop,11,4.5,118.14,-93.5,13.64,11.0,-118.14,-1.1933333333333334,False,-1.496754633577436,8,50651.85999999998,"A (partida 0,10 / 2R)"
MNQ,london,2020-01-13,A,0.1,2.0,1,2020-01-13 08:35:00+00:00,2020-01-13 08:35:00+00:00,2020-01-13 09:00:00+00:00,9020.5,9013.5,9034.5,9013.25,stop,8,7.0,125.92,-108.0,9.92,8.0,-125.92,-1.1242857142857143,False,0.9130296444045147,8,50533.71999999998,"A (partida 0,10 / 2R)"
MNQ,london,2020-01-17,A,0.1,2.0,1,2020-01-17 08:40:00+00:00,2020-01-17 08:40:00+00:00,2020-01-17 10:10:00+00:00,9157.25,9152.0,9167.75,9167.75,objetivo,10,5.25,122.4,215.0,12.4,5.0,197.6,1.8819047619047617,False,0.937340671172577,8,50407.79999999998,"A (partida 0,10 / 2R)"
MNQ,london,2020-01-30,A,0.1,2.0,1,2020-01-30 08:40:00+00:00,2020-01-30 08:40:00+00:00,2020-01-30 09:20:00+00:00,9032.0,9018.75,9058.5,9058.5,objetivo,4,13.25,112.96,214.0,4.96,2.0,207.04,1.9532075471698112,False,0.2686094243273821,8,50605.39999999998,"A (partida 0,10 / 2R)"
MNQ,london,2020-01-31,A,0.1,2.0,-1,2020-01-31 08:40:00+00:00,2020-01-31 08:40:00+00:00,2020-01-31 08:45:00+00:00,9180.25,9184.0,9172.75,9184.25,stop,13,3.75,120.12,-91.0,16.12,13.0,-120.12,-1.232,False,-0.23938386827318273,8,50812.43999999998,"A (partida 0,10 / 2R)"
MNQ,london,2020-02-03,A,0.1,2.0,-1,2020-02-03 08:35:00+00:00,2020-02-03 08:35:00+00:00,2020-02-03 08:35:00+00:00,9039.25,9045.0,9027.75,9045.25,stop,9,5.75,119.16,-99.0,11.16,9.0,-119.16,-1.151304347826087,False,-2.294288389830162,8,50692.31999999998,"A (partida 0,10 / 2R)"
MNQ,london,2020-02-04,A,0.1,2.0,1,2020-02-04 08:50:00+00:00,2020-02-04 08:50:00+00:00,2020-02-04 09:05:00+00:00,9216.75,9213.0,9224.25,9212.75,stop,13,3.75,120.12,-91.0,16.12,13.0,-120.12,-1.232,False,1.0619843826976878,8,50573.159999999974,"A (partida 0,10 / 2R)"
MNQ,london,2020-02-05,A,0.1,2.0,1,2020-02-05 09:00:00+00:00,2020-02-05 09:00:00+00:00,2020-02-05 09:00:00+00:00,9400.25,9396.25,9408.25,9396.0,stop,12,4.0,116.88,-90.0,14.879999999999999,12.0,-116.88,-1.2175,False,2.9530027383311186,8,50453.03999999997,"A (partida 0,10 / 2R)"
MNQ,london,2020-02-10,A,0.1,2.0,-1,2020-02-10 08:40:00+00:00,2020-02-10 08:40:00+00:00,2020-02-10 09:00:00+00:00,9398.25,9409.0,9376.75,9409.25,stop,5,10.75,116.19999999999999,-105.0,6.2,5.0,-116.2,-1.0809302325581396,False,-0.6335403712033534,8,50336.159999999974,"A (partida 0,10 / 2R)"
MNQ,london,2020-02-12,A,0.1,2.0,1,2020-02-12 08:55:00+00:00,2020-02-12 08:55:00+00:00,2020-02-12 09:15:00+00:00,9575.0,9569.75,9585.5,9569.5,stop,10,5.25,122.4,-100.0,12.4,10.0,-122.4,-1.1657142857142857,False,2.026149215936633,8,50219.95999999998,"A (partida 0,10 / 2R)"
MNQ,london,2020-02-20,A,0.1,2.0,-1,2020-02-20 08:35:00+00:00,2020-02-20 08:35:00+00:00,2020-02-20 08:45:00+00:00,9711.25,9717.0,9699.75,9717.25,stop,9,5.75,119.16,-99.0,11.16,9.0,-119.16,-1.151304347826087,False,-2.0081575453562195,8,50097.559999999976,"A (partida 0,10 / 2R)"
MNQ,london,2020-03-03,A,0.1,2.0,1,2020-03-03 08:35:00+00:00,2020-03-03 08:35:00+00:00,2020-03-03 09:00:00+00:00,8879.25,8853.5,8930.75,8853.25,stop,2,25.75,106.48,-102.0,2.48,2.0,-106.48,-1.0337864077669903,False,1.08837869639478,8,49978.39999999997,"A (partida 0,10 / 2R)"
MNQ,london,2020-03-05,A,0.1,2.0,-1,2020-03-05 08:35:00+00:00,2020-03-05 08:35:00+00:00,2020-03-05 08:40:00+00:00,8793.5,8804.25,8772.0,8804.5,stop,5,10.75,116.19999999999999,-105.0,6.2,5.0,-116.2,-1.0809302325581396,False,-0.7277575594961925,8,49871.91999999997,"A (partida 0,10 / 2R)"
MNQ,london,2020-03-17,A,0.1,2.0,-1,2020-03-17 08:50:00+00:00,2020-03-17 08:50:00+00:00,2020-03-17 09:15:00+00:00,7199.0,7232.25,7132.5,7132.5,objetivo,1,33.25,68.24,133.5,1.24,0.5,131.76,1.9813533834586465,False,-2.433129725292399,8,49755.71999999997,"A (partida 0,10 / 2R)"
MNQ,london,2020-03-17,A,0.1,2.0,1,2020-03-17 10:25:00+00:00,2020-03-17 10:25:00+00:00,2020-03-17 10:40:00+00:00,7253.0,7199.0,7361.0,7198.75,stop,1,54.0,109.74,-107.5,1.24,1.0,-109.74,-1.016111111111111,False,0.10826800350378865,10,49887.479999999974,"A (partida 0,10 / 2R)"
MNQ,london,2020-03-19,A,0.1,2.0,1,2020-03-19 09:00:00+00:00,2020-03-19 09:00:00+00:00,2020-03-19 09:00:00+00:00,7312.5,7278.0,7381.5,7277.75,stop,1,34.5,70.74,-68.5,1.24,1.0,-70.74,-1.0252173913043479,False,1.1465087111001306,8,49777.739999999976,"A (partida 0,10 / 2R)"
MNQ,london,2020-03-25,A,0.1,2.0,-1,2020-03-25 10:15:00+00:00,2020-03-25 10:15:00+00:00,2020-03-25 10:15:00+00:00,7637.0,7650.0,7611.0,7650.25,stop,4,13.0,110.96,-102.0,4.96,4.0,-110.96,-1.0669230769230769,False,-0.13195164458869013,10,49706.99999999998,"A (partida 0,10 / 2R)"
MNQ,london,2020-03-31,A,0.1,2.0,1,2020-03-31 08:55:00+01:00,2020-03-31 08:55:00+01:00,2020-03-31 08:55:00+01:00,7932.75,7914.75,7968.75,7914.5,stop,3,18.0,113.22,-106.5,3.7199999999999998,3.0,-113.22,-1.0483333333333333,False,0.10922821376957252,8,49596.03999999998,"A (partida 0,10 / 2R)"
MNQ,london,2020-04-07,A,0.1,2.0,1,2020-04-07 08:50:00+01:00,2020-04-07 08:50:00+01:00,2020-04-07 11:00:00+01:00,8229.75,8188.75,8311.75,8215.0,cierre_sesion,1,41.0,83.74,-28.5,1.24,1.0,-30.74,-0.3748780487804878,False,0.14646789536426588,8,49482.81999999998,"A (partida 0,10 / 2R)"
MNQ,london,2020-04-09,A,0.1,2.0,1,2020-04-09 08:55:00+01:00,2020-04-09 08:55:00+01:00,2020-04-09 08:55:00+01:00,8268.0,8260.0,8284.0,8259.75,stop,6,8.0,106.44,-93.0,7.4399999999999995,6.0,-106.44,-1.10875,False,0.14540823353325108,8,49452.07999999998,"A (partida 0,10 / 2R)"
MNQ,london,2020-04-23,A,0.1,2.0,-1,2020-04-23 08:35:00+01:00,2020-04-23 08:35:00+01:00,2020-04-23 08:45:00+01:00,8629.75,8642.25,8604.75,8604.75,objetivo,4,12.5,106.96,202.0,4.96,2.0,195.04,1.9504,False,-0.9676224377595443,8,49345.63999999998,"A (partida 0,10 / 2R)"
MNQ,london,2020-04-28,A,0.1,2.0,1,2020-04-28 08:35:00+01:00,2020-04-28 08:35:00+01:00,2020-04-28 08:40:00+01:00,8836.5,8832.25,8845.0,8845.0,objetivo,12,4.25,122.88,210.0,14.879999999999999,6.0,189.12,1.8541176470588236,False,0.7421170601321185,8,49540.67999999998,"A (partida 0,10 / 2R)"
MNQ,london,2020-05-05,A,0.1,2.0,1,2020-05-05 08:40:00+01:00,2020-05-05 08:40:00+01:00,2020-05-05 09:05:00+01:00,8905.0,8898.5,8918.0,8898.25,stop,8,6.5,117.92,-100.0,9.92,8.0,-117.92,-1.133846153846154,False,1.7572543661391997,8,49729.79999999998,"A (partida 0,10 / 2R)"
MNQ,london,2020-05-06,A,0.1,2.0,-1,2020-05-06 08:35:00+01:00,2020-05-06 08:35:00+01:00,2020-05-06 09:05:00+01:00,8977.0,8989.0,8953.0,8989.25,stop,4,12.0,102.96,-94.0,4.96,4.0,-102.96,-1.0725,False,-0.21344214931618932,8,49611.87999999998,"A (partida 0,10 / 2R)"
MNQ,london,2020-05-07,A,0.1,2.0,1,2020-05-07 08:40:00+01:00,2020-05-07 08:40:00+01:00,2020-05-07 08:40:00+01:00,9069.25,9064.75,9078.25,9078.25,objetivo,11,4.5,118.14,203.5,13.64,5.5,184.36,1.8622222222222224,False,1.61744944580928,8,49508.919999999984,"A (partida 0,10 / 2R)"
MNQ,london,2020-05-08,A,0.1,2.0,-1,2020-05-08 09:05:00+01:00,2020-05-08 09:05:00+01:00,2020-05-08 09:10:00+01:00,9182.5,9187.25,9173.0,9173.0,objetivo,11,4.75,123.64,214.5,13.64,5.5,195.36,1.8694736842105264,False,-0.17950141565652392,9,49693.279999999984,"A (partida 0,10 / 2R)"
MNQ,london,2020-05-13,A,0.1,2.0,-1,2020-05-13 08:40:00+01:00,2020-05-13 08:40:00+01:00,2020-05-13 08:40:00+01:00,9078.5,9086.75,9062.0,9087.0,stop,6,8.25,109.44,-96.0,7.4399999999999995,6.0,-109.44,-1.1054545454545455,False,-1.3412995574356725,8,49888.639999999985,"A (partida 0,10 / 2R)"
MNQ,london,2020-05-13,A,0.1,2.0,-1,2020-05-13 09:00:00+01:00,2020-05-13 09:00:00+01:00,2020-05-13 09:10:00+01:00,9095.0,9104.75,9075.5,9105.0,stop,5,9.75,106.19999999999999,-95.0,6.2,5.0,-106.2,-1.0892307692307692,False,-0.6242917399211182,8,49779.19999999998,"A (partida 0,10 / 2R)"
MNQ,london,2020-05-14,A,0.1,2.0,1,2020-05-14 08:40:00+01:00,2020-05-14 08:40:00+01:00,2020-05-14 08:40:00+01:00,9030.0,9020.0,9050.0,9019.75,stop,5,10.0,108.69999999999999,-97.5,6.2,5.0,-108.7,-1.087,False,1.7127849012285474,8,49672.999999999985,"A (partida 0,10 / 2R)"
MNQ,london,2020-05-26,A,0.1,2.0,-1,2020-05-26 08:35:00+01:00,2020-05-26 08:35:00+01:00,2020-05-26 08:35:00+01:00,9572.75,9577.75,9562.75,9578.0,stop,10,5.0,117.4,-95.0,12.4,10.0,-117.4,-1.1740000000000002,False,-0.5256905989713833,8,49564.29999999999,"A (partida 0,10 / 2R)"
MNQ,london,2020-06-02,A,0.1,2.0,1,2020-06-02 08:40:00+01:00,2020-06-02 08:40:00+01:00,2020-06-02 08:50:00+01:00,9619.5,9613.0,9632.5,9612.75,stop,8,6.5,117.92,-100.0,9.92,8.0,-117.92,-1.133846153846154,False,0.8563784431461692,8,49446.89999999999,"A (partida 0,10 / 2R)"
MNQ,london,2020-06-09,A,0.1,2.0,-1,2020-06-09 08:40:00+01:00,2020-06-09 08:40:00+01:00,2020-06-09 09:10:00+01:00,9865.0,9878.25,9838.5,9838.5,objetivo,4,13.25,112.96,214.0,4.96,2.0,207.04,1.9532075471698112,False,-1.0716955642422819,8,49328.97999999999,"A (partida 0,10 / 2R)"
MNQ,london,2020-06-10,A,0.1,2.0,-1,2020-06-10 10:05:00+01:00,2020-06-10 10:05:00+01:00,2020-06-10 11:00:00+01:00,9973.25,10000.75,9918.25,9988.5,cierre_sesion,2,27.5,113.48,-59.0,2.48,2.0,-63.48,-0.5770909090909091,False,-0.30465997076239776,10,49536.01999999999,"A (partida 0,10 / 2R)"
MNQ,london,2020-06-17,A,0.1,2.0,1,2020-06-17 08:35:00+01:00,2020-06-17 08:35:00+01:00,2020-06-17 08:55:00+01:00,10031.25,10023.5,10046.75,10023.25,stop,7,7.75,120.67999999999999,-105.0,8.68,7.0,-120.68,-1.112258064516129,False,0.8231682530309421,8,49472.539999999986,"A (partida 0,10 / 2R)"
MNQ,london,2020-06-23,A,0.1,2.0,1,2020-06-23 08:45:00+01:00,2020-06-23 08:45:00+01:00,2020-06-23 08:45:00+01:00,10177.5,10171.0,10190.5,10170.75,stop,8,6.5,117.92,-100.0,9.92,8.0,-117.92,-1.133846153846154,False,2.1735207047547895,8,49351.859999999986,"A (partida 0,10 / 2R)"
MNQ,london,2020-06-26,A,0.1,2.0,-1,2020-06-26 09:10:00+01:00,2020-06-26 09:10:00+01:00,2020-06-26 09:25:00+01:00,10035.75,10048.75,10009.75,10049.0,stop,4,13.0,110.96,-102.0,4.96,4.0,-110.96,-1.0669230769230769,False,-0.22576749810418387,9,49233.93999999999,"A (partida 0,10 / 2R)"
MNQ,london,2020-07-07,A,0.1,2.0,-1,2020-07-07 08:55:00+01:00,2020-07-07 08:55:00+01:00,2020-07-07 08:55:00+01:00,10549.5,10555.0,10538.5,10555.25,stop,9,5.5,114.66,-94.5,11.16,9.0,-114.66,-1.1581818181818182,False,-0.6908791900571118,8,49122.97999999999,"A (partida 0,10 / 2R)"
MNQ,london,2020-07-08,A,0.1,2.0,1,2020-07-08 08:50:00+01:00,2020-07-08 08:50:00+01:00,2020-07-08 09:00:00+01:00,10568.0,10558.5,10587.0,10558.25,stop,5,9.5,103.69999999999999,-92.5,6.2,5.0,-103.7,-1.091578947368421,False,0.3825007435091644,8,49008.319999999985,"A (partida 0,10 / 2R)"
MNQ,london,2020-07-14,A,0.1,2.0,-1,2020-07-14 08:35:00+01:00,2020-07-14 08:35:00+01:00,2020-07-14 08:40:00+01:00,10634.5,10649.0,10605.5,10605.5,objetivo,3,14.5,92.22,175.5,3.7199999999999998,1.5,170.28,1.957241379310345,False,-1.4620547807567459,8,48904.61999999999,"A (partida 0,10 / 2R)"
MNQ,london,2020-07-28,A,0.1,2.0,-1,2020-07-28 08:45:00+01:00,2020-07-28 08:45:00+01:00,2020-07-28 08:50:00+01:00,10694.0,10699.0,10684.0,10684.0,objetivo,10,5.0,117.4,205.0,12.4,5.0,187.6,1.876,False,-0.46902527710826053,8,49074.89999999999,"A (partida 0,10 / 2R)"
MNQ,london,2020-07-28,A,0.1,2.0,-1,2020-07-28 08:55:00+01:00,2020-07-28 08:55:00+01:00,2020-07-28 09:25:00+01:00,10683.0,10697.5,10654.0,10654.0,objetivo,4,14.5,122.96,234.0,4.96,2.0,227.04,1.9572413793103447,False,-0.6336948611336146,8,49262.499999999985,"A (partida 0,10 / 2R)"
MNQ,london,2020-07-29,A,0.1,2.0,1,2020-07-29 08:55:00+01:00,2020-07-29 08:55:00+01:00,2020-07-29 08:55:00+01:00,10602.25,10596.0,10614.75,10595.75,stop,8,6.25,113.92,-96.0,9.92,8.0,-113.92,-1.1392,False,0.48571091892716106,8,49489.539999999986,"A (partida 0,10 / 2R)"
MNQ,london,2020-08-05,A,0.1,2.0,1,2020-08-05 08:50:00+01:00,2020-08-05 08:50:00+01:00,2020-08-05 09:10:00+01:00,11134.0,11127.5,11147.0,11127.25,stop,8,6.5,117.92,-100.0,9.92,8.0,-117.92,-1.133846153846154,False,0.21702912023588197,8,49375.61999999999,"A (partida 0,10 / 2R)"
MNQ,london,2020-08-10,A,0.1,2.0,-1,2020-08-10 09:25:00+01:00,2020-08-10 09:25:00+01:00,2020-08-10 09:50:00+01:00,11105.75,11115.25,11086.75,11115.5,stop,5,9.5,103.69999999999999,-92.5,6.2,5.0,-103.7,-1.091578947368421,False,-0.1589104494199626,9,49257.69999999999,"A (partida 0,10 / 2R)"
MNQ,london,2020-08-12,A,0.1,2.0,1,2020-08-12 08:50:00+01:00,2020-08-12 08:50:00+01:00,2020-08-12 09:20:00+01:00,10958.25,10949.25,10976.25,10976.25,objetivo,6,9.0,118.44,219.0,7.4399999999999995,3.0,208.56,1.9311111111111112,False,0.165312264412363,8,49153.99999999999,"A (partida 0,10 / 2R)"
MNQ,london,2020-08-14,A,0.1,2.0,-1,2020-08-14 08:45:00+01:00,2020-08-14 08:45:00+01:00,2020-08-14 11:00:00+01:00,11176.25,11192.0,11144.75,11166.0,cierre_sesion,3,15.75,99.72,64.5,3.7199999999999998,3.0,57.78,0.6114285714285714,False,-0.44227598537243673,8,49362.55999999999,"A (partida 0,10 / 2R)"
MNQ,london,2020-08-21,A,0.1,2.0,-1,2020-08-21 09:05:00+01:00,2020-08-21 09:05:00+01:00,2020-08-21 10:25:00+01:00,11477.75,11486.75,11459.75,11487.0,stop,6,9.0,118.44,-105.0,7.4399999999999995,6.0,-118.44,-1.0966666666666667,False,-0.10886901716653362,9,49420.33999999999,"A (partida 0,10 / 2R)"
MNQ,london,2020-08-24,A,0.1,2.0,1,2020-08-24 08:40:00+01:00,2020-08-24 08:40:00+01:00,2020-08-24 08:50:00+01:00,11643.25,11638.25,11653.25,11653.25,objetivo,10,5.0,117.4,205.0,12.4,5.0,187.6,1.876,False,0.8828525026659384,8,49301.89999999999,"A (partida 0,10 / 2R)"
MNQ,london,2020-09-01,A,0.1,2.0,1,2020-09-01 08:40:00+01:00,2020-09-01 08:40:00+01:00,2020-09-01 08:40:00+01:00,12222.5,12218.25,12231.0,12231.0,objetivo,12,4.25,122.88,210.0,14.879999999999999,6.0,189.12,1.8541176470588236,False,1.764360355194094,8,49489.499999999985,"A (partida 0,10 / 2R)"
MNQ,london,2020-09-02,A,0.1,2.0,1,2020-09-02 08:40:00+01:00,2020-09-02 08:40:00+01:00,2020-09-02 08:45:00+01:00,12430.75,12424.0,12444.25,12423.75,stop,8,6.75,121.92,-104.0,9.92,8.0,-121.92,-1.1288888888888888,False,1.4628984849739455,8,49678.61999999999,"A (partida 0,10 / 2R)"
MNQ,london,2020-09-04,A,0.1,2.0,1,2020-09-04 08:35:00+01:00,2020-09-04 08:35:00+01:00,2020-09-04 11:00:00+01:00,11765.25,11724.75,11846.25,11792.0,cierre_sesion,1,40.5,82.74,54.5,1.24,1.0,52.26,0.6451851851851852,False,2.961753529500874,8,49556.69999999999,"A (partida 0,10 / 2R)"
MNQ,london,2020-09-08,A,0.1,2.0,-1,2020-09-08 08:40:00+01:00,2020-09-08 08:40:00+01:00,2020-09-08 08:50:00+01:00,11509.0,11525.5,11476.0,11525.75,stop,3,16.5,104.22,-97.5,3.7199999999999998,3.0,-104.22,-1.0527272727272727,False,-0.7513781631611606,8,49608.95999999999,"A (partida 0,10 / 2R)"
MNQ,london,2020-09-09,A,0.1,2.0,1,2020-09-09 08:40:00+01:00,2020-09-09 08:40:00+01:00,2020-09-09 08:40:00+01:00,11189.25,11175.0,11217.75,11217.75,objetivo,4,14.25,120.96,230.0,4.96,2.0,223.04,1.9564912280701754,False,0.8438820882182775,8,49504.73999999999,"A (partida 0,10 / 2R)"
MNQ,london,2020-09-17,A,0.1,2.0,1,2020-09-17 08:35:00+01:00,2020-09-17 08:35:00+01:00,2020-09-17 08:40:00+01:00,11102.75,11084.75,11138.75,11084.5,stop,3,18.0,113.22,-106.5,3.7199999999999998,3.0,-113.22,-1.0483333333333333,False,0.9383247234505181,8,49727.77999999999,"A (partida 0,10 / 2R)"
MNQ,london,2020-09-22,A,0.1,2.0,-1,2020-09-22 08:35:00+01:00,2020-09-22 08:35:00+01:00,2020-09-22 08:50:00+01:00,10919.75,10938.0,10883.25,10938.25,stop,3,18.25,114.72,-108.0,3.7199999999999998,3.0,-114.72,-1.0476712328767124,False,-0.8466935971605347,8,49614.55999999999,"A (partida 0,10 / 2R)"
MNQ,london,2020-09-24,A,0.1,2.0,1,2020-09-24 08:50:00+01:00,2020-09-24 08:50:00+01:00,2020-09-24 09:10:00+01:00,10798.0,10779.75,10834.5,10779.5,stop,3,18.25,114.72,-108.0,3.7199999999999998,3.0,-114.72,-1.0476712328767124,False,0.2372828536224421,8,49499.83999999999,"A (partida 0,10 / 2R)"
MNQ,london,2020-09-28,A,0.1,2.0,1,2020-09-28 08:35:00+01:00,2020-09-28 08:35:00+01:00,2020-09-28 08:45:00+01:00,11219.25,11214.75,11228.25,11228.25,objetivo,11,4.5,118.14,203.5,13.64,5.5,184.36,1.8622222222222224,False,0.10949768745551228,8,49385.11999999999,"A (partida 0,10 / 2R)"
MNQ,london,2020-09-29,A,0.1,2.0,-1,2020-09-29 09:10:00+01:00,2020-09-29 09:10:00+01:00,2020-09-29 09:10:00+01:00,11338.0,11344.25,11325.5,11344.5,stop,8,6.25,113.92,-96.0,9.92,8.0,-113.92,-1.1392,False,-0.20630299438071872,9,49569.47999999999,"A (partida 0,10 / 2R)"
MNQ,london,2020-10-12,A,0.1,2.0,1,2020-10-12 08:50:00+01:00,2020-10-12 08:50:00+01:00,2020-10-12 08:55:00+01:00,11780.0,11773.75,11792.5,11792.5,objetivo,8,6.25,113.92,204.0,9.92,4.0,190.08,1.9008,False,0.27239801469153324,8,49455.55999999999,"A (partida 0,10 / 2R)"
MNQ,london,2020-10-15,A,0.1,2.0,-1,2020-10-15 09:10:00+01:00,2020-10-15 09:10:00+01:00,2020-10-15 09:15:00+01:00,11826.5,11838.0,11803.5,11803.5,objetivo,5,11.5,123.69999999999999,232.5,6.2,2.5,223.8,1.9460869565217391,False,-0.21683760990365047,9,49645.63999999999,"A (partida 0,10 / 2R)"
MNQ,london,2020-10-27,A,0.1,2.0,-1,2020-10-27 08:40:00+00:00,2020-10-27 08:40:00+00:00,2020-10-27 08:45:00+00:00,11513.0,11523.75,11491.5,11524.0,stop,5,10.75,116.19999999999999,-105.0,6.2,5.0,-116.2,-1.0809302325581396,False,-0.91243107209775,8,49869.439999999995,"A (partida 0,10 / 2R)"
MNQ,london,2020-10-28,A,0.1,2.0,-1,2020-10-28 08:40:00+00:00,2020-10-28 08:40:00+00:00,2020-10-28 08:40:00+00:00,11462.75,11470.25,11447.75,11470.5,stop,7,7.5,117.17999999999999,-101.5,8.68,7.0,-117.18,-1.116,False,-2.5365402246119237,8,49753.24,"A (partida 0,10 / 2R)"
MNQ,london,2020-11-05,A,0.1,2.0,1,2020-11-05 08:35:00+00:00,2020-11-05 08:35:00+00:00,2020-11-05 09:50:00+00:00,12027.75,12006.0,12071.25,12071.25,objetivo,2,21.75,90.48,175.0,2.48,1.0,171.52,1.9714942528735633,False,0.939146916162931,8,49636.06,"A (partida 0,10 / 2R)"
MNQ,london,2020-11-09,A,0.1,2.0,-1,2020-11-09 09:30:00+00:00,2020-11-09 09:30:00+00:00,2020-11-09 11:00:00+00:00,12267.25,12317.0,12167.75,12310.75,cierre_sesion,1,49.75,101.24,-86.0,1.24,1.0,-88.24,-0.8868341708542713,False,-0.31328546701013826,9,49807.579999999994,"A (partida 0,10 / 2R)"
MNQ,london,2020-11-16,A,0.1,2.0,-1,2020-11-16 09:00:00+00:00,2020-11-16 09:00:00+00:00,2020-11-16 09:00:00+00:00,11993.5,11997.75,11985.0,11998.0,stop,12,4.25,122.88,-96.0,14.879999999999999,12.0,-122.88,-1.204705882352941,False,-0.11719880720554127,8,49719.34,"A (partida 0,10 / 2R)"
MNQ,london,2020-11-17,A,0.1,2.0,1,2020-11-17 09:10:00+00:00,2020-11-17 09:10:00+00:00,2020-11-17 09:35:00+00:00,12043.75,12038.0,12055.25,12055.25,objetivo,9,5.75,119.16,211.5,11.16,4.5,195.84,1.8921739130434783,False,0.13585337081427773,9,49596.46,"A (partida 0,10 / 2R)"
MNQ,london,2020-11-19,A,0.1,2.0,-1,2020-11-19 09:00:00+00:00,2020-11-19 09:00:00+00:00,2020-11-19 09:05:00+00:00,11809.0,11826.25,11774.5,11826.5,stop,3,17.25,108.72,-102.0,3.7199999999999998,3.0,-108.72,-1.0504347826086957,False,-1.7661231817759042,8,49792.299999999996,"A (partida 0,10 / 2R)"
MNQ,london,2020-11-23,A,0.1,2.0,1,2020-11-23 09:10:00+00:00,2020-11-23 09:10:00+00:00,2020-11-23 09:15:00+00:00,11965.0,11953.5,11988.0,11953.25,stop,5,11.5,123.69999999999999,-112.5,6.2,5.0,-123.7,-1.0756521739130436,False,0.1975115219563376,9,49683.579999999994,"A (partida 0,10 / 2R)"
MNQ,london,2020-11-25,A,0.1,2.0,-1,2020-11-25 08:50:00+00:00,2020-11-25 08:50:00+00:00,2020-11-25 09:15:00+00:00,12103.75,12117.75,12075.75,12118.0,stop,4,14.0,118.96,-110.0,4.96,4.0,-118.96,-1.062142857142857,False,-0.1869379594251733,8,49559.88,"A (partida 0,10 / 2R)"
MNQ,london,2020-11-30,A,0.1,2.0,1,2020-11-30 08:45:00+00:00,2020-11-30 08:45:00+00:00,2020-11-30 09:20:00+00:00,12261.5,12246.5,12291.5,12246.25,stop,3,15.0,95.22,-88.5,3.7199999999999998,3.0,-95.22,-1.058,False,1.018529917833448,8,49440.92,"A (partida 0,10 / 2R)"
MNQ,london,2020-12-07,A,0.1,2.0,-1,2020-12-07 08:45:00+00:00,2020-12-07 08:45:00+00:00,2020-12-07 09:35:00+00:00,12477.5,12503.5,12425.5,12503.75,stop,2,26.0,107.48,-103.0,2.48,2.0,-107.48,-1.0334615384615384,False,-1.625927948148767,8,49345.7,"A (partida 0,10 / 2R)"
MNQ,london,2020-12-11,A,0.1,2.0,-1,2020-12-11 08:40:00+00:00,2020-12-11 08:40:00+00:00,2020-12-11 08:50:00+00:00,12322.5,12333.75,12300.0,12334.0,stop,5,11.25,121.19999999999999,-110.0,6.2,5.0,-121.2,-1.0773333333333333,False,-2.5985477772882524,8,49238.219999999994,"A (partida 0,10 / 2R)"
MNQ,london,2020-12-16,A,0.1,2.0,1,2020-12-16 08:40:00+00:00,2020-12-16 08:40:00+00:00,2020-12-16 08:40:00+00:00,12640.25,12636.5,12647.75,12636.25,stop,13,3.75,120.12,-91.0,16.12,13.0,-120.12,-1.232,False,2.7701668555844496,8,49117.02,"A (partida 0,10 / 2R)"
MNQ,london,2020-12-17,A,0.1,2.0,1,2020-12-17 09:45:00+00:00,2020-12-17 09:45:00+00:00,2020-12-17 09:45:00+00:00,12742.25,12736.25,12754.25,12736.0,stop,8,6.0,109.92,-92.0,9.92,8.0,-109.92,-1.145,False,0.1097205309114137,9,48996.899999999994,"A (partida 0,10 / 2R)"
MNQ,london,2020-12-22,A,0.1,2.0,1,2020-12-22 08:40:00+00:00,2020-12-22 08:40:00+00:00,2020-12-22 09:00:00+00:00,12705.0,12699.0,12717.0,12717.0,objetivo,8,6.0,109.92,196.0,9.92,4.0,182.08,1.8966666666666667,False,0.8949851569596352,8,48886.979999999996,"A (partida 0,10 / 2R)"
MNQ,london,2021-01-04,A,0.1,2.0,1,2021-01-04 09:20:00+00:00,2021-01-04 09:20:00+00:00,2021-01-04 10:15:00+00:00,12949.25,12942.75,12962.25,12942.5,stop,8,6.5,117.92,-100.0,9.92,8.0,-117.92,-1.133846153846154,False,0.1165253645223882,9,49069.06,"A (partida 0,10 / 2R)"
MNQ,london,2021-01-06,A,0.1,2.0,-1,2021-01-06 08:50:00+00:00,2021-01-06 08:50:00+00:00,2021-01-06 08:50:00+00:00,12520.75,12524.75,12512.75,12525.0,stop,12,4.0,116.88,-90.0,14.879999999999999,12.0,-116.88,-1.2175,False,-1.0673201072762935,8,48951.14,"A (partida 0,10 / 2R)"
MNQ,london,2021-01-21,A,0.1,2.0,-1,2021-01-21 08:35:00+00:00,2021-01-21 08:35:00+00:00,2021-01-21 09:00:00+00:00,13350.0,13355.0,13340.0,13355.25,stop,10,5.0,117.4,-95.0,12.4,10.0,-117.4,-1.1740000000000002,False,-1.4996856975905346,8,48834.26,"A (partida 0,10 / 2R)"
MNQ,london,2021-02-05,A,0.1,2.0,-1,2021-02-05 09:05:00+00:00,2021-02-05 09:05:00+00:00,2021-02-05 09:40:00+00:00,13575.75,13591.25,13544.75,13591.5,stop,3,15.5,98.22,-91.5,3.7199999999999998,3.0,-98.22,-1.0561290322580645,False,-0.506095264936762,9,48716.86,"A (partida 0,10 / 2R)"
MNQ,london,2021-02-08,A,0.1,2.0,-1,2021-02-08 08:45:00+00:00,2021-02-08 08:45:00+00:00,2021-02-08 09:10:00+00:00,13639.5,13649.25,13620.0,13649.5,stop,5,9.75,106.19999999999999,-95.0,6.2,5.0,-106.2,-1.0892307692307692,False,-1.582382278436337,8,48618.64,"A (partida 0,10 / 2R)"
MNQ,london,2021-02-09,A,0.1,2.0,-1,2021-02-09 09:40:00+00:00,2021-02-09 09:40:00+00:00,2021-02-09 09:55:00+00:00,13664.0,13671.5,13649.0,13671.75,stop,7,7.5,117.17999999999999,-101.5,8.68,7.0,-117.18,-1.116,False,-0.12774081491625625,9,48512.44,"A (partida 0,10 / 2R)"
MNQ,london,2021-02-10,A,0.1,2.0,-1,2021-02-10 08:45:00+00:00,2021-02-10 08:45:00+00:00,2021-02-10 08:45:00+00:00,13749.0,13752.75,13741.5,13753.0,stop,13,3.75,120.12,-91.0,16.12,13.0,-120.12,-1.232,False,-0.17931055801512055,8,48395.26,"A (partida 0,10 / 2R)"
MNQ,london,2021-02-11,A,0.1,2.0,1,2021-02-11 08:40:00+00:00,2021-02-11 08:40:00+00:00,2021-02-11 08:40:00+00:00,13681.0,13677.25,13688.5,13688.5,objetivo,13,3.75,120.12,201.5,16.12,6.5,178.88,1.8346666666666667,False,0.46327728290730485,8,48275.14,"A (partida 0,10 / 2R)"
MNQ,london,2021-02-12,A,0.1,2.0,-1,2021-02-12 08:45:00+00:00,2021-02-12 08:45:00+00:00,2021-02-12 09:05:00+00:00,13678.5,13692.25,13651.0,13692.5,stop,4,13.75,116.96,-108.0,4.96,4.0,-116.96,-1.0632727272727271,False,-0.7576236255453251,8,48454.02,"A (partida 0,10 / 2R)"
MNQ,london,2021-02-17,A,0.1,2.0,-1,2021-02-17 09:50:00+00:00,2021-02-17 09:50:00+00:00,2021-02-17 10:10:00+00:00,13736.0,13746.25,13715.5,13746.5,stop,5,10.25,111.19999999999999,-100.0,6.2,5.0,-111.2,-1.0848780487804879,False,-0.18684226596231382,9,48337.06,"A (partida 0,10 / 2R)"
MNQ,london,2021-02-19,A,0.1,2.0,1,2021-02-19 09:05:00+00:00,2021-02-19 09:05:00+00:00,2021-02-19 09:05:00+00:00,13647.25,13642.75,13656.25,13642.5,stop,11,4.5,118.14,-93.5,13.64,11.0,-118.14,-1.1933333333333334,False,0.11489759122920581,9,48225.86,"A (partida 0,10 / 2R)"
MNQ,london,2021-02-22,A,0.1,2.0,-1,2021-02-22 08:50:00+00:00,2021-02-22 08:50:00+00:00,2021-02-22 08:50:00+00:00,13391.0,13399.5,13374.0,13374.0,objetivo,6,8.5,112.44,207.0,7.4399999999999995,3.0,196.56,1.9270588235294117,False,-0.772113729518635,8,48107.72,"A (partida 0,10 / 2R)"
MNQ,london,2021-02-23,A,0.1,2.0,-1,2021-02-23 08:40:00+00:00,2021-02-23 08:40:00+00:00,2021-02-23 08:40:00+00:00,13229.25,13236.5,13214.75,13236.75,stop,7,7.25,113.68,-98.0,8.68,7.0,-113.68,-1.12,False,-2.0498849750145145,8,48304.28,"A (partida 0,10 / 2R)"
MNQ,london,2021-02-25,A,0.1,2.0,-1,2021-02-25 08:50:00+00:00,2021-02-25 08:50:00+00:00,2021-02-25 08:50:00+00:00,13240.5,13251.0,13219.5,13251.25,stop,5,10.5,113.69999999999999,-102.5,6.2,5.0,-113.7,-1.082857142857143,False,-0.47262593257756325,8,48190.6,"A (partida 0,10 / 2R)"
MNQ,london,2021-02-26,A,0.1,2.0,1,2021-02-26 08:40:00+00:00,2021-02-26 08:40:00+00:00,2021-02-26 09:00:00+00:00,12900.25,12868.25,12964.25,12868.0,stop,1,32.0,65.74,-63.5,1.24,1.0,-65.74,-1.0271875,False,1.7932116637616782,8,48076.9,"A (partida 0,10 / 2R)"
MNQ,london,2021-03-05,A,0.1,2.0,-1,2021-03-05 08:35:00+00:00,2021-03-05 08:35:00+00:00,2021-03-05 08:35:00+00:00,12365.5,12386.0,12324.5,12386.25,stop,2,20.5,85.48,-81.0,2.48,2.0,-85.48,-1.042439024390244,False,-1.0545481017861935,8,48011.16,"A (partida 0,10 / 2R)"
MNQ,london,2021-03-09,A,0.1,2.0,1,2021-03-09 08:55:00+00:00,2021-03-09 08:55:00+00:00,2021-03-09 08:55:00+00:00,12499.25,12493.0,12511.75,12511.75,objetivo,8,6.25,113.92,204.0,9.92,4.0,190.08,1.9008,False,0.4865279252778089,8,47925.68,"A (partida 0,10 / 2R)"
MNQ,london,2021-03-12,A,0.1,2.0,-1,2021-03-12 08:55:00+00:00,2021-03-12 08:55:00+00:00,2021-03-12 08:55:00+00:00,12845.75,12850.0,12837.25,12850.25,stop,11,4.25,112.64,-88.0,13.64,11.0,-112.64,-1.2047058823529413,True,-0.251628276534879,8,48115.76,"A (partida 0,10 / 2R)"
MNQ,london,2021-03-15,A,0.1,2.0,1,2021-03-15 08:45:00+00:00,2021-03-15 08:45:00+00:00,2021-03-15 11:00:00+00:00,12958.25,12932.25,13010.25,12970.25,cierre_sesion,2,26.0,107.48,50.0,2.48,2.0,45.52,0.4376923076923077,False,0.4486474836302126,8,48003.12,"A (partida 0,10 / 2R)"
MNQ,london,2021-03-16,A,0.1,2.0,-1,2021-03-16 08:55:00+00:00,2021-03-16 08:55:00+00:00,2021-03-16 08:55:00+00:00,13103.5,13115.5,13079.5,13115.75,stop,4,12.0,102.96,-94.0,4.96,4.0,-102.96,-1.0725,False,-0.2150759359269361,8,48048.64,"A (partida 0,10 / 2R)"
MNQ,london,2021-03-24,A,0.1,2.0,1,2021-03-24 08:45:00+00:00,2021-03-24 08:45:00+00:00,2021-03-24 08:55:00+00:00,13110.25,13102.0,13126.75,13126.75,objetivo,6,8.25,109.44,201.0,7.4399999999999995,3.0,190.56,1.9248484848484848,False,2.7012859453905858,8,47945.68,"A (partida 0,10 / 2R)"
MNQ,london,2021-03-26,A,0.1,2.0,-1,2021-03-26 08:55:00+00:00,2021-03-26 08:55:00+00:00,2021-03-26 10:10:00+00:00,12808.0,12824.5,12775.0,12824.75,stop,3,16.5,104.22,-97.5,3.7199999999999998,3.0,-104.22,-1.0527272727272727,False,-0.18807253690120915,8,48136.24,"A (partida 0,10 / 2R)"
MNQ,london,2021-03-31,A,0.1,2.0,1,2021-03-31 09:00:00+01:00,2021-03-31 09:00:00+01:00,2021-03-31 09:05:00+01:00,12895.0,12888.5,12908.0,12908.0,objetivo,8,6.5,117.92,212.0,9.92,4.0,198.08,1.9046153846153848,False,0.2050601627753875,8,48032.02,"A (partida 0,10 / 2R)"
MNQ,london,2021-04-01,A,0.1,2.0,1,2021-04-01 08:40:00+01:00,2021-04-01 08:40:00+01:00,2021-04-01 08:40:00+01:00,13196.75,13185.5,13219.25,13219.25,objetivo,4,11.25,96.96,182.0,4.96,2.0,175.04,1.944888888888889,False,1.1738352301494084,8,48230.1,"A (partida 0,10 / 2R)"
MNQ,london,2021-04-13,A,0.1,2.0,1,2021-04-13 08:40:00+01:00,2021-04-13 08:40:00+01:00,2021-04-13 08:50:00+01:00,13813.0,13800.75,13837.5,13800.5,stop,4,12.25,104.96,-96.0,4.96,4.0,-104.96,-1.0710204081632653,False,0.9046238773332106,8,48405.14,"A (partida 0,10 / 2R)"
MNQ,london,2021-04-14,A,0.1,2.0,1,2021-04-14 08:35:00+01:00,2021-04-14 08:35:00+01:00,2021-04-14 08:40:00+01:00,13990.5,13981.25,14009.0,13981.0,stop,5,9.25,101.19999999999999,-90.0,6.2,5.0,-101.2,-1.094054054054054,False,1.1792763632639076,8,48300.18,"A (partida 0,10 / 2R)"
MNQ,london,2021-04-19,A,0.1,2.0,1,2021-04-19 08:40:00+01:00,2021-04-19 08:40:00+01:00,2021-04-19 09:00:00+01:00,14039.5,14035.25,14048.0,14035.0,stop,11,4.25,112.64,-88.0,13.64,11.0,-112.64,-1.2047058823529413,False,0.4124789128592053,8,48198.98,"A (partida 0,10 / 2R)"
MNQ,london,2021-04-20,A,0.1,2.0,1,2021-04-20 08:35:00+01:00,2021-04-20 08:35:00+01:00,2021-04-20 08:45:00+01:00,13913.0,13906.75,13925.5,13925.5,objetivo,8,6.25,113.92,204.0,9.92,4.0,190.08,1.9008,False,1.2577544751425538,8,48086.340000000004,"A (partida 0,10 / 2R)"
MNQ,london,2021-04-22,A,0.1,2.0,1,2021-04-22 08:40:00+01:00,2021-04-22 08:40:00+01:00,2021-04-22 08:45:00+01:00,13934.25,13928.75,13945.25,13928.5,stop,9,5.5,114.66,-94.5,11.16,9.0,-114.66,-1.1581818181818182,False,0.8905824342503429,8,48276.420000000006,"A (partida 0,10 / 2R)"
MNQ,london,2021-04-23,A,0.1,2.0,1,2021-04-23 08:40:00+01:00,2021-04-23 08:40:00+01:00,2021-04-23 08:40:00+01:00,13759.75,13755.75,13767.75,13767.75,objetivo,12,4.0,116.88,198.0,14.879999999999999,6.0,177.12,1.845,False,0.7708134866072811,8,48161.76,"A (partida 0,10 / 2R)"
MNQ,london,2021-04-27,A,0.1,2.0,1,2021-04-27 09:00:00+01:00,2021-04-27 09:00:00+01:00,2021-04-27 09:00:00+01:00,14034.25,14027.75,14047.25,14027.5,stop,8,6.5,117.92,-100.0,9.92,8.0,-117.92,-1.133846153846154,False,0.41103733598592407,8,48338.880000000005,"A (partida 0,10 / 2R)"
MNQ,london,2021-04-29,A,0.1,2.0,1,2021-04-29 09:10:00+01:00,2021-04-29 09:10:00+01:00,2021-04-29 09:10:00+01:00,14031.25,14027.75,14038.25,14027.5,stop,13,3.5,113.62,-84.5,16.12,13.0,-113.62,-1.2485714285714287,False,1.0562455742162817,9,48220.96000000001,"A (partida 0,10 / 2R)"
MNQ,london,2021-05-03,A,0.1,2.0,1,2021-05-03 08:45:00+01:00,2021-05-03 08:45:00+01:00,2021-05-03 08:45:00+01:00,13908.25,13903.5,13917.75,13903.25,stop,10,4.75,112.4,-90.0,12.4,10.0,-112.4,-1.1831578947368422,False,1.8280128610374877,8,48107.340000000004,"A (partida 0,10 / 2R)"
MNQ,london,2021-05-11,A,0.1,2.0,-1,2021-05-11 08:45:00+01:00,2021-05-11 08:45:00+01:00,2021-05-11 08:45:00+01:00,13177.0,13188.25,13154.5,13154.5,objetivo,4,11.25,96.96,182.0,4.96,2.0,175.04,1.944888888888889,False,-1.1834823297167907,8,47994.94,"A (partida 0,10 / 2R)"
MNQ,london,2021-05-12,A,0.1,2.0,1,2021-05-12 08:45:00+01:00,2021-05-12 08:45:00+01:00,2021-05-12 09:10:00+01:00,13314.75,13297.0,13350.25,13296.75,stop,3,17.75,111.72,-105.0,3.7199999999999998,3.0,-111.72,-1.0490140845070421,False,0.2538365551509006,8,48169.98,"A (partida 0,10 / 2R)"
MNQ,london,2021-05-18,A,0.1,2.0,1,2021-05-18 08:40:00+01:00,2021-05-18 08:40:00+01:00,2021-05-18 08:45:00+01:00,13426.75,13420.0,13440.25,13419.75,stop,7,6.75,106.68,-91.0,8.68,7.0,-106.68,-1.128888888888889,False,0.7038014629421342,8,48058.26,"A (partida 0,10 / 2R)"
MNQ,london,2021-05-19,A,0.1,2.0,-1,2021-05-19 08:45:00+01:00,2021-05-19 08:45:00+01:00,2021-05-19 08:50:00+01:00,13081.75,13089.75,13065.75,13065.75,objetivo,6,8.0,106.44,195.0,7.4399999999999995,3.0,184.56,1.9225,False,-1.0268732322546725,8,47951.58,"A (partida 0,10 / 2R)"
MNQ,london,2021-05-20,A,0.1,2.0,-1,2021-05-20 09:40:00+01:00,2021-05-20 09:40:00+01:00,2021-05-20 11:00:00+01:00,13188.25,13211.0,13142.75,13169.75,cierre_sesion,2,22.75,94.48,76.0,2.48,2.0,71.52,0.7859340659340659,False,-0.1981914372819118,9,48136.14,"A (partida 0,10 / 2R)"
MNQ,london,2021-05-24,A,0.1,2.0,1,2021-05-24 08:45:00+01:00,2021-05-24 08:45:00+01:00,2021-05-24 08:45:00+01:00,13480.25,13472.75,13495.25,13472.5,stop,7,7.5,117.17999999999999,-101.5,8.68,7.0,-117.18,-1.116,False,2.2176641310559284,8,48207.659999999996,"A (partida 0,10 / 2R)"
MNQ,london,2021-06-03,A,0.1,2.0,-1,2021-06-03 09:15:00+01:00,2021-06-03 09:15:00+01:00,2021-06-03 09:30:00+01:00,13654.5,13662.5,13638.5,13662.75,stop,6,8.0,106.44,-93.0,7.4399999999999995,6.0,-106.44,-1.10875,False,-0.18019662160400615,9,48090.479999999996,"A (partida 0,10 / 2R)"
MNQ,london,2021-06-03,A,0.1,2.0,-1,2021-06-03 10:25:00+01:00,2021-06-03 10:25:00+01:00,2021-06-03 11:00:00+01:00,13638.0,13645.75,13622.5,13643.0,cierre_sesion,6,7.75,103.44,-54.0,7.4399999999999995,6.0,-67.44,-0.7251612903225806,False,-0.23404796883871992,10,47984.03999999999,"A (partida 0,10 / 2R)"
MNQ,london,2021-06-04,A,0.1,2.0,1,2021-06-04 08:40:00+01:00,2021-06-04 08:40:00+01:00,2021-06-04 08:45:00+01:00,13539.0,13533.0,13551.0,13532.75,stop,8,6.0,109.92,-92.0,9.92,8.0,-109.92,-1.145,False,0.42273610368549563,8,47916.59999999999,"A (partida 0,10 / 2R)"
MNQ,london,2021-06-07,A,0.1,2.0,-1,2021-06-07 09:20:00+01:00,2021-06-07 09:20:00+01:00,2021-06-07 09:25:00+01:00,13718.75,13723.0,13710.25,13723.25,stop,11,4.25,112.64,-88.0,13.64,11.0,-112.64,-1.2047058823529413,False,-0.1870291083990973,9,47806.67999999999,"A (partida 0,10 / 2R)"
MNQ,london,2021-06-09,A,0.1,2.0,1,2021-06-09 09:05:00+01:00,2021-06-09 09:05:00+01:00,2021-06-09 10:10:00+01:00,13829.0,13819.0,13849.0,13818.75,stop,5,10.0,108.69999999999999,-97.5,6.2,5.0,-108.7,-1.087,False,0.4110163237354074,9,47694.03999999999,"A (partida 0,10 / 2R)"
MNQ,london,2021-06-22,A,0.1,2.0,-1,2021-06-22 08:50:00+01:00,2021-06-22 08:50:00+01:00,2021-06-22 08:50:00+01:00,14092.5,14103.5,14070.5,14070.5,objetivo,5,11.0,118.69999999999999,222.5,6.2,2.5,213.8,1.9436363636363638,False,-0.5889084314928525,8,47585.34,"A (partida 0,10 / 2R)"
MNQ,london,2021-06-23,A,0.1,2.0,-1,2021-06-23 08:35:00+01:00,2021-06-23 08:35:00+01:00,2021-06-23 09:00:00+01:00,14268.25,14273.75,14257.25,14274.0,stop,9,5.5,114.66,-94.5,11.16,9.0,-114.66,-1.1581818181818182,False,-1.578671157846711,8,47799.14,"A (partida 0,10 / 2R)"
MNQ,london,2021-06-24,A,0.1,2.0,1,2021-06-24 09:10:00+01:00,2021-06-24 09:10:00+01:00,2021-06-24 09:10:00+01:00,14332.25,14328.5,14339.75,14328.25,stop,12,3.75,110.88,-84.0,14.879999999999999,12.0,-110.88,-1.232,False,1.3102559977127664,9,47684.479999999996,"A (partida 0,10 / 2R)"
MNQ,london,2021-06-28,A,0.1,2.0,1,2021-06-28 08:40:00+01:00,2021-06-28 08:40:00+01:00,2021-06-28 08:55:00+01:00,14379.5,14374.25,14390.0,14374.0,stop,9,5.25,110.16,-90.0,11.16,9.0,-110.16,-1.1657142857142857,False,1.3046210826051379,8,47573.6,"A (partida 0,10 / 2R)"
MNQ,london,2021-06-30,A,0.1,2.0,1,2021-06-30 08:40:00+01:00,2021-06-30 08:40:00+01:00,2021-06-30 08:55:00+01:00,14584.5,14581.0,14591.5,14580.75,stop,13,3.5,113.62,-84.5,16.12,13.0,-113.62,-1.2485714285714287,False,0.42835919722279064,8,47463.439999999995,"A (partida 0,10 / 2R)"
MNQ,london,2021-07-07,A,0.1,2.0,1,2021-07-07 08:40:00+01:00,2021-07-07 08:40:00+01:00,2021-07-07 08:55:00+01:00,14820.0,14814.75,14830.5,14830.5,objetivo,9,5.25,110.16,193.5,11.16,4.5,177.84,1.881904761904762,False,0.6584714227707329,8,47349.81999999999,"A (partida 0,10 / 2R)"
MNQ,london,2021-07-08,A,0.1,2.0,-1,2021-07-08 08:45:00+01:00,2021-07-08 08:45:00+01:00,2021-07-08 09:25:00+01:00,14692.25,14717.25,14642.25,14642.25,objetivo,2,25.0,103.48,201.0,2.48,1.0,197.52,1.9752,False,-1.5969538584134122,8,47527.65999999999,"A (partida 0,10 / 2R)"
MNQ,london,2021-07-14,A,0.1,2.0,1,2021-07-14 08:40:00+01:00,2021-07-14 08:40:00+01:00,2021-07-14 08:50:00+01:00,14883.25,14871.75,14906.25,14871.5,stop,4,11.5,98.96,-90.0,4.96,4.0,-98.96,-1.0756521739130434,False,0.16795264276462848,8,47725.179999999986,"A (partida 0,10 / 2R)"
MNQ,london,2021-07-19,A,0.1,2.0,-1,2021-07-19 08:40:00+01:00,2021-07-19 08:40:00+01:00,2021-07-19 08:40:00+01:00,14630.25,14639.5,14611.75,14639.75,stop,5,9.25,101.19999999999999,-90.0,6.2,5.0,-101.2,-1.094054054054054,False,-0.10043915161146341,8,47626.21999999999,"A (partida 0,10 / 2R)"
MNQ,london,2021-08-06,A,0.1,2.0,-1,2021-08-06 09:05:00+01:00,2021-08-06 09:05:00+01:00,2021-08-06 09:20:00+01:00,15141.75,15148.25,15128.75,15148.5,stop,8,6.5,117.92,-100.0,9.92,8.0,-117.92,-1.133846153846154,False,-0.23663215067842847,9,47525.01999999999,"A (partida 0,10 / 2R)"
MNQ,london,2021-08-09,A,0.1,2.0,1,2021-08-09 08:35:00+01:00,2021-08-09 08:35:00+01:00,2021-08-09 08:35:00+01:00,15085.75,15081.5,15094.25,15081.25,stop,11,4.25,112.64,-88.0,13.64,11.0,-112.64,-1.2047058823529413,False,2.6839218274521257,8,47407.09999999999,"A (partida 0,10 / 2R)"
MNQ,london,2021-08-10,A,0.1,2.0,1,2021-08-10 08:35:00+01:00,2021-08-10 08:35:00+01:00,2021-08-10 09:00:00+01:00,15137.0,15133.0,15145.0,15145.0,objetivo,12,4.0,116.88,198.0,14.879999999999999,6.0,177.12,1.845,False,1.2448671351044425,8,47294.45999999999,"A (partida 0,10 / 2R)"
MNQ,london,2021-08-11,A,0.1,2.0,-1,2021-08-11 08:50:00+01:00,2021-08-11 08:50:00+01:00,2021-08-11 08:50:00+01:00,15012.0,15016.5,15003.0,15016.75,stop,11,4.5,118.14,-93.5,13.64,11.0,-118.14,-1.1933333333333334,False,-2.6986681482993604,8,47471.579999999994,"A (partida 0,10 / 2R)"
MNQ,london,2021-08-19,A,0.1,2.0,-1,2021-08-19 09:05:00+01:00,2021-08-19 09:05:00+01:00,2021-08-19 10:30:00+01:00,14726.75,14756.0,14668.25,14756.25,stop,1,29.25,60.24,-58.0,1.24,1.0,-60.24,-1.0297435897435898,False,-0.12416085739707497,9,47353.439999999995,"A (partida 0,10 / 2R)"
MNQ,london,2021-08-23,A,0.1,2.0,-1,2021-08-23 08:40:00+01:00,2021-08-23 08:40:00+01:00,2021-08-23 08:55:00+01:00,15122.5,15128.75,15110.0,15129.0,stop,8,6.25,113.92,-96.0,9.92,8.0,-113.92,-1.1392,False,-0.5853363374901072,8,47293.2,"A (partida 0,10 / 2R)"
MNQ,london,2021-08-24,A,0.1,2.0,-1,2021-08-24 10:40:00+01:00,2021-08-24 10:40:00+01:00,2021-08-24 11:00:00+01:00,15357.75,15374.25,15324.75,15349.5,cierre_sesion,3,16.5,104.22,52.5,3.7199999999999998,3.0,45.78,0.46242424242424246,False,-0.17470272414796975,10,47179.28,"A (partida 0,10 / 2R)"
MNQ,london,2021-08-25,A,0.1,2.0,1,2021-08-25 08:55:00+01:00,2021-08-25 08:55:00+01:00,2021-08-25 08:55:00+01:00,15378.0,15374.0,15386.0,15373.75,stop,12,4.0,116.88,-90.0,14.879999999999999,12.0,-116.88,-1.2175,False,0.15070314409447147,8,47225.06,"A (partida 0,10 / 2R)"
MNQ,london,2021-08-25,A,0.1,2.0,1,2021-08-25 09:15:00+01:00,2021-08-25 09:15:00+01:00,2021-08-25 10:35:00+01:00,15381.5,15367.25,15410.0,15367.0,stop,3,14.25,90.72,-84.0,3.7199999999999998,3.0,-90.72,-1.0610526315789472,False,0.3978022959599777,9,47108.18,"A (partida 0,10 / 2R)"
MNQ,london,2021-08-27,A,0.1,2.0,-1,2021-08-27 09:25:00+01:00,2021-08-27 09:25:00+01:00,2021-08-27 09:40:00+01:00,15317.0,15321.5,15308.0,15321.75,stop,10,4.5,107.4,-85.0,12.4,10.0,-107.4,-1.1933333333333334,False,-0.1758967793876071,9,47017.46,"A (partida 0,10 / 2R)"
MNQ,london,2021-09-02,A,0.1,2.0,1,2021-09-02 08:50:00+01:00,2021-09-02 08:50:00+01:00,2021-09-02 09:30:00+01:00,15632.0,15625.0,15646.0,15646.0,objetivo,7,7.0,110.18,199.5,8.68,3.5,187.32,1.9114285714285713,False,0.43104256762979565,8,46910.06,"A (partida 0,10 / 2R)"
MNQ,london,2021-09-03,A,0.1,2.0,-1,2021-09-03 10:00:00+01:00,2021-09-03 10:00:00+01:00,2021-09-03 10:05:00+01:00,15611.0,15614.5,15604.0,15614.75,stop,13,3.5,113.62,-84.5,16.12,13.0,-113.62,-1.2485714285714287,False,-0.10162942729957748,9,47097.38,"A (partida 0,10 / 2R)"
MNQ,london,2021-09-07,A,0.1,2.0,-1,2021-09-07 08:35:00+01:00,2021-09-07 08:35:00+01:00,2021-09-07 09:05:00+01:00,15682.0,15686.5,15673.0,15673.0,objetivo,10,4.5,107.4,185.0,12.4,5.0,167.6,1.8622222222222222,False,-0.616166998863552,8,46983.759999999995,"A (partida 0,10 / 2R)"
MNQ,london,2021-09-07,A,0.1,2.0,-1,2021-09-07 09:30:00+01:00,2021-09-07 09:30:00+01:00,2021-09-07 09:35:00+01:00,15672.0,15677.0,15662.0,15677.25,stop,10,5.0,117.4,-95.0,12.4,10.0,-117.4,-1.1740000000000002,False,-1.418806799722667,9,47151.35999999999,"A (partida 0,10 / 2R)"
MNQ,london,2021-09-13,A,0.1,2.0,1,2021-09-13 09:15:00+01:00,2021-09-13 09:15:00+01:00,2021-09-13 09:45:00+01:00,15505.25,15497.75,15520.25,15497.5,stop,7,7.5,117.17999999999999,-101.5,8.68,7.0,-117.18,-1.116,False,0.3520496297220728,9,47033.95999999999,"A (partida 0,10 / 2R)"
MNQ,london,2021-09-14,A,0.1,2.0,-1,2021-09-14 08:35:00+01:00,2021-09-14 08:35:00+01:00,2021-09-14 08:50:00+01:00,15400.75,15415.5,15371.25,15415.75,stop,3,14.75,93.72,-87.0,3.7199999999999998,3.0,-93.72,-1.0589830508474576,False,-0.9793251817754283,8,46916.77999999999,"A (partida 0,10 / 2R)"
MNQ,london,2021-09-17,A,0.1,2.0,-1,2021-09-17 08:40:00+01:00,2021-09-17 08:40:00+01:00,2021-09-17 08:55:00+01:00,15514.75,15519.25,15505.75,15519.5,stop_hueco,10,4.5,107.4,-85.0,12.4,10.0,-107.4,-1.1933333333333334,False,-1.6111058303753714,8,46823.05999999999,"A (partida 0,10 / 2R)"
MNQ,london,2021-09-23,A,0.1,2.0,1,2021-09-23 08:40:00+01:00,2021-09-23 08:40:00+01:00,2021-09-23 08:40:00+01:00,15234.75,15230.75,15242.75,15242.75,objetivo,11,4.0,107.14,181.5,13.64,5.5,162.36,1.8450000000000002,False,0.35217425304503186,8,46715.65999999999,"A (partida 0,10 / 2R)"
MNQ,london,2021-09-24,A,0.1,2.0,-1,2021-09-24 09:10:00+01:00,2021-09-24 09:10:00+01:00,2021-09-24 09:25:00+01:00,15221.0,15232.75,15197.5,15233.0,stop,4,11.75,100.96,-92.0,4.96,4.0,-100.96,-1.0740425531914892,False,-0.11581055953394237,9,46878.01999999999,"A (partida 0,10 / 2R)"
MNQ,london,2021-09-27,A,0.1,2.0,-1,2021-09-27 08:40:00+01:00,2021-09-27 08:40:00+01:00,2021-09-27 08:50:00+01:00,15352.0,15358.25,15339.5,15339.5,objetivo,8,6.25,113.92,204.0,9.92,4.0,190.08,1.9008,False,-0.41739321520112693,8,46777.05999999999,"A (partida 0,10 / 2R)"
MNQ,london,2021-09-28,A,0.1,2.0,-1,2021-09-28 08:45:00+01:00,2021-09-28 08:45:00+01:00,2021-09-28 11:00:00+01:00,15002.0,15034.25,14937.5,14951.25,cierre_sesion,1,32.25,66.24,102.5,1.24,1.0,100.26,1.5544186046511628,False,-1.3745635390630284,8,46967.13999999999,"A (partida 0,10 / 2R)"
MNQ,london,2021-09-29,A,0.1,2.0,1,2021-09-29 08:35:00+01:00,2021-09-29 08:35:00+01:00,2021-09-29 08:40:00+01:00,14918.5,14914.5,14926.5,14914.25,stop,12,4.0,116.88,-90.0,14.879999999999999,12.0,-116.88,-1.2175,False,1.9178628417492543,8,47067.399999999994,"A (partida 0,10 / 2R)"
MNQ,london,2021-09-29,A,0.1,2.0,-1,2021-09-29 09:40:00+01:00,2021-09-29 09:40:00+01:00,2021-09-29 09:40:00+01:00,14884.25,14888.25,14876.25,14888.5,stop,12,4.0,116.88,-90.0,14.879999999999999,12.0,-116.88,-1.2175,False,-0.15158866268599272,9,46950.52,"A (partida 0,10 / 2R)"
MNQ,london,2021-10-06,A,0.1,2.0,-1,2021-10-06 08:40:00+01:00,2021-10-06 08:40:00+01:00,2021-10-06 09:05:00+01:00,14490.5,14502.5,14466.5,14466.5,objetivo,4,12.0,102.96,194.0,4.96,2.0,187.04,1.9483333333333333,False,-1.1884444274645316,8,46833.64,"A (partida 0,10 / 2R)"
MNQ,london,2021-10-15,A,0.1,2.0,-1,2021-10-15 08:40:00+01:00,2021-10-15 08:40:00+01:00,2021-10-15 08:55:00+01:00,15050.25,15062.5,15025.75,15062.75,stop,4,12.25,104.96,-96.0,4.96,4.0,-104.96,-1.0710204081632653,False,-0.7866945317342317,8,47020.68,"A (partida 0,10 / 2R)"
MNQ,london,2021-10-19,A,0.1,2.0,-1,2021-10-19 08:45:00+01:00,2021-10-19 08:45:00+01:00,2021-10-19 08:55:00+01:00,15307.25,15311.0,15299.75,15311.25,stop,12,3.75,110.88,-84.0,14.879999999999999,12.0,-110.88,-1.232,False,-0.3039840949461364,8,46915.72,"A (partida 0,10 / 2R)"
MNQ,london,2021-10-19,A,0.1,2.0,1,2021-10-19 09:10:00+01:00,2021-10-19 09:10:00+01:00,2021-10-19 11:00:00+01:00,15335.25,15304.25,15397.25,15332.5,cierre_sesion,1,31.0,63.74,-4.5,1.24,1.0,-6.74,-0.10870967741935485,False,0.32547120927188206,9,46804.840000000004,"A (partida 0,10 / 2R)"
MNQ,london,2021-10-25,A,0.1,2.0,1,2021-10-25 09:05:00+01:00,2021-10-25 09:05:00+01:00,2021-10-25 09:35:00+01:00,15382.75,15367.5,15413.25,15367.25,stop,3,15.25,96.71999999999998,-90.0,3.7199999999999998,3.0,-96.72,-1.0570491803278688,False,0.12283593213116349,9,46798.100000000006,"A (partida 0,10 / 2R)"
MNQ,london,2021-11-08,A,0.1,2.0,1,2021-11-08 08:55:00+00:00,2021-11-08 08:55:00+00:00,2021-11-08 11:00:00+00:00,16333.25,16321.75,16356.25,16344.0,cierre_sesion,4,11.5,98.96,90.0,4.96,4.0,81.04,0.8808695652173913,False,0.13063171092744957,8,46701.380000000005,"A (partida 0,10 / 2R)"
MNQ,london,2021-11-15,A,0.1,2.0,1,2021-11-15 08:55:00+00:00,2021-11-15 08:55:00+00:00,2021-11-15 09:15:00+00:00,16229.75,16222.25,16244.75,16222.0,stop,6,7.5,100.44,-87.0,7.4399999999999995,6.0,-100.44,-1.1159999999999999,False,0.14409414114731445,8,46782.420000000006,"A (partida 0,10 / 2R)"
MNQ,london,2021-11-17,A,0.1,2.0,1,2021-11-17 08:45:00+00:00,2021-11-17 08:45:00+00:00,2021-11-17 08:45:00+00:00,16328.75,16323.25,16339.75,16323.0,stop,9,5.5,114.66,-94.5,11.16,9.0,-114.66,-1.1581818181818182,False,1.4519697418389026,8,46681.98,"A (partida 0,10 / 2R)"
MNQ,london,2021-11-18,A,0.1,2.0,1,2021-11-18 09:10:00+00:00,2021-11-18 09:10:00+00:00,2021-11-18 09:10:00+00:00,16405.75,16402.0,16413.25,16401.75,stop,12,3.75,110.88,-84.0,14.879999999999999,12.0,-110.88,-1.232,False,1.3179530718783325,9,46567.32,"A (partida 0,10 / 2R)"
MNQ,london,2021-11-25,A,0.1,2.0,1,2021-11-25 08:40:00+00:00,2021-11-25 08:40:00+00:00,2021-11-25 08:40:00+00:00,16428.0,16424.5,16435.0,16424.25,stop,13,3.5,113.62,-84.5,16.12,13.0,-113.62,-1.2485714285714287,False,1.4142188410962357,8,46456.44,"A (partida 0,10 / 2R)"
MNQ,london,2021-11-30,A,0.1,2.0,1,2021-11-30 08:55:00+00:00,2021-11-30 08:55:00+00:00,2021-11-30 09:00:00+00:00,16336.75,16312.0,16386.25,16311.75,stop,2,24.75,102.48,-98.0,2.48,2.0,-102.48,-1.0351515151515152,False,0.11825985615001845,8,46342.82,"A (partida 0,10 / 2R)"
MNQ,london,2021-12-01,A,0.1,2.0,-1,2021-12-01 08:40:00+00:00,2021-12-01 08:40:00+00:00,2021-12-01 08:45:00+00:00,16322.25,16331.75,16303.25,16303.25,objetivo,5,9.5,103.69999999999999,192.5,6.2,2.5,183.8,1.9347368421052633,False,-0.9284577055223554,8,46240.34,"A (partida 0,10 / 2R)"
MNQ,london,2021-12-02,A,0.1,2.0,-1,2021-12-02 10:15:00+00:00,2021-12-02 10:15:00+00:00,2021-12-02 10:35:00+00:00,15902.75,15939.25,15829.75,15939.5,stop,1,36.5,74.74,-72.5,1.24,1.0,-74.74,-1.0238356164383562,False,-0.11460350944477317,10,46424.14,"A (partida 0,10 / 2R)"
MNQ,london,2021-12-06,A,0.1,2.0,1,2021-12-06 09:10:00+00:00,2021-12-06 09:10:00+00:00,2021-12-06 09:30:00+00:00,15795.5,15782.25,15822.0,15782.0,stop,4,13.25,112.96,-104.0,4.96,4.0,-112.96,-1.0656603773584905,False,0.2197773087513766,9,46349.4,"A (partida 0,10 / 2R)"
MNQ,london,2021-12-07,A,0.1,2.0,1,2021-12-07 08:35:00+00:00,2021-12-07 08:35:00+00:00,2021-12-07 08:35:00+00:00,16072.0,16060.0,16096.0,16059.75,stop,4,12.0,102.96,-94.0,4.96,4.0,-102.96,-1.0725,False,2.461503224670314,8,46236.44,"A (partida 0,10 / 2R)"
MNQ,london,2021-12-22,A,0.1,2.0,-1,2021-12-22 08:45:00+00:00,2021-12-22 08:45:00+00:00,2021-12-22 08:45:00+00:00,15895.25,15907.25,15871.25,15907.5,stop,4,12.0,102.96,-94.0,4.96,4.0,-102.96,-1.0725,False,-1.7617347519412854,8,46133.48,"A (partida 0,10 / 2R)"
MNQ,london,2021-12-22,A,0.1,2.0,-1,2021-12-22 08:55:00+00:00,2021-12-22 08:55:00+00:00,2021-12-22 09:10:00+00:00,15908.5,15919.0,15887.5,15919.25,stop,5,10.5,113.69999999999999,-102.5,6.2,5.0,-113.7,-1.082857142857143,False,-1.1896098768904126,8,46030.520000000004,"A (partida 0,10 / 2R)"
MNQ,london,2021-12-23,A,0.1,2.0,-1,2021-12-23 08:45:00+00:00,2021-12-23 08:45:00+00:00,2021-12-23 08:50:00+00:00,16152.5,16158.5,16140.5,16158.75,stop,8,6.0,109.92,-92.0,9.92,8.0,-109.92,-1.145,False,-0.9465212063659074,8,45916.82000000001,"A (partida 0,10 / 2R)"
MNQ,london,2021-12-27,A,0.1,2.0,1,2021-12-27 08:40:00+00:00,2021-12-27 08:40:00+00:00,2021-12-27 08:40:00+00:00,16330.5,16326.0,16339.5,16325.75,stop,10,4.5,107.4,-85.0,12.4,10.0,-107.4,-1.1933333333333334,False,0.6582194628459873,8,45806.90000000001,"A (partida 0,10 / 2R)"
MNQ,london,2021-12-28,A,0.1,2.0,1,2021-12-28 08:50:00+00:00,2021-12-28 08:50:00+00:00,2021-12-28 08:55:00+00:00,16591.25,16583.5,16606.75,16606.75,objetivo,6,7.75,103.44,189.0,7.4399999999999995,3.0,178.56,1.92,False,2.2562072619512126,8,45699.50000000001,"A (partida 0,10 / 2R)"
MNQ,london,2021-12-30,A,0.1,2.0,1,2021-12-30 08:50:00+00:00,2021-12-30 08:50:00+00:00,2021-12-30 09:35:00+00:00,16512.75,16502.5,16533.25,16533.25,objetivo,5,10.25,111.19999999999999,207.5,6.2,2.5,198.8,1.9395121951219514,False,0.5078047741876726,8,45878.060000000005,"A (partida 0,10 / 2R)"
MNQ,london,2022-01-04,A,0.1,2.0,-1,2022-01-04 08:40:00+00:00,2022-01-04 08:40:00+00:00,2022-01-04 08:40:00+00:00,16505.75,16511.5,16494.25,16494.25,objetivo,8,5.75,105.92,188.0,9.92,4.0,174.08,1.8921739130434785,False,-1.0467405097376503,8,46076.86000000001,"A (partida 0,10 / 2R)"
MNQ,london,2022-01-06,A,0.1,2.0,-1,2022-01-06 09:05:00+00:00,2022-01-06 09:05:00+00:00,2022-01-06 10:05:00+00:00,15714.5,15757.0,15629.5,15757.25,stop,1,42.5,86.74,-84.5,1.24,1.0,-86.74,-1.020470588235294,False,-0.10607535837280768,9,46250.94000000001,"A (partida 0,10 / 2R)"
MNQ,london,2022-01-07,A,0.1,2.0,-1,2022-01-07 08:50:00+00:00,2022-01-07 08:50:00+00:00,2022-01-07 08:50:00+00:00,15674.75,15685.25,15653.75,15685.5,stop,5,10.5,113.69999999999999,-102.5,6.2,5.0,-113.7,-1.082857142857143,False,-1.3362706145548817,8,46164.20000000001,"A (partida 0,10 / 2R)"
MNQ,london,2022-01-10,A,0.1,2.0,-1,2022-01-10 08:40:00+00:00,2022-01-10 08:40:00+00:00,2022-01-10 08:45:00+00:00,15534.75,15551.5,15501.25,15551.75,stop,3,16.75,105.72,-99.0,3.7199999999999998,3.0,-105.72,-1.0519402985074626,False,-2.371099631565333,8,46050.500000000015,"A (partida 0,10 / 2R)"
MNQ,london,2022-01-12,A,0.1,2.0,-1,2022-01-12 08:45:00+00:00,2022-01-12 08:45:00+00:00,2022-01-12 09:00:00+00:00,15779.0,15798.5,15740.0,15798.75,stop,2,19.5,81.48,-77.0,2.48,2.0,-81.48,-1.0446153846153847,False,-2.3346085171974913,8,45944.78000000001,"A (partida 0,10 / 2R)"
MNQ,london,2022-01-13,A,0.1,2.0,1,2022-01-13 08:40:00+00:00,2022-01-13 08:40:00+00:00,2022-01-13 08:45:00+00:00,15902.25,15895.75,15915.25,15895.5,stop,7,6.5,103.18,-87.5,8.68,7.0,-103.18,-1.133846153846154,False,1.6285918333636336,8,45863.30000000001,"A (partida 0,10 / 2R)"
MNQ,london,2022-01-18,A,0.1,2.0,-1,2022-01-18 09:00:00+00:00,2022-01-18 09:00:00+00:00,2022-01-18 09:00:00+00:00,15357.0,15363.5,15344.0,15363.75,stop,7,6.5,103.18,-87.5,8.68,7.0,-103.18,-1.133846153846154,False,-0.4284999962775966,8,45760.12000000001,"A (partida 0,10 / 2R)"
MNQ,london,2022-01-19,A,0.1,2.0,1,2022-01-19 08:35:00+00:00,2022-01-19 08:35:00+00:00,2022-01-19 08:45:00+00:00,15126.75,15108.0,15164.25,15164.25,objetivo,2,18.75,78.48,151.0,2.48,1.0,147.52,1.9669333333333334,False,1.1300350760205873,8,45656.94000000001,"A (partida 0,10 / 2R)"
MNQ,london,2022-01-20,A,0.1,2.0,-1,2022-01-20 08:50:00+00:00,2022-01-20 08:50:00+00:00,2022-01-20 08:50:00+00:00,15069.5,15080.5,15047.5,15080.75,stop,4,11.0,94.96,-86.0,4.96,4.0,-94.96,-1.079090909090909,False,-1.3105468467387218,8,45804.46000000001,"A (partida 0,10 / 2R)"
MNQ,london,2022-01-20,A,0.1,2.0,-1,2022-01-20 09:10:00+00:00,2022-01-20 09:10:00+00:00,2022-01-20 09:15:00+00:00,15080.25,15102.75,15035.25,15103.0,stop,2,22.5,93.48,-89.0,2.48,2.0,-93.48,-1.0386666666666666,False,-0.11420659181759607,9,45709.50000000001,"A (partida 0,10 / 2R)"
MNQ,london,2022-01-26,A,0.1,2.0,1,2022-01-26 08:45:00+00:00,2022-01-26 08:45:00+00:00,2022-01-26 08:45:00+00:00,14314.25,14308.25,14326.25,14308.0,stop,8,6.0,109.92,-92.0,9.92,8.0,-109.92,-1.145,False,0.9055896966098725,8,45616.020000000004,"A (partida 0,10 / 2R)"
MNQ,london,2022-01-27,A,0.1,2.0,1,2022-01-27 08:45:00+00:00,2022-01-27 08:45:00+00:00,2022-01-27 09:00:00+00:00,14090.5,14060.0,14151.5,14151.5,objetivo,1,30.5,62.74,122.5,1.24,0.5,120.76,1.9796721311475411,False,1.2652666114413185,8,45506.100000000006,"A (partida 0,10 / 2R)"
MNQ,london,2022-01-28,A,0.1,2.0,-1,2022-01-28 08:45:00+00:00,2022-01-28 08:45:00+00:00,2022-01-28 08:45:00+00:00,14039.75,14057.5,14004.25,14057.75,stop,3,17.75,111.72,-105.0,3.7199999999999998,3.0,-111.72,-1.0490140845070421,False,-1.740094077750758,8,45626.86000000001,"A (partida 0,10 / 2R)"
MNQ,london,2022-02-07,A,0.1,2.0,-1,2022-02-07 08:35:00+00:00,2022-02-07 08:35:00+00:00,2022-02-07 08:35:00+00:00,14623.75,14643.75,14583.75,14644.0,stop,2,20.0,83.48,-79.0,2.48,2.0,-83.48,-1.0435,False,-2.304214165949125,8,45515.14000000001,"A (partida 0,10 / 2R)"
MNQ,london,2022-02-14,A,0.1,2.0,-1,2022-02-14 08:40:00+00:00,2022-02-14 08:40:00+00:00,2022-02-14 08:40:00+00:00,14114.25,14149.25,14044.25,14149.5,stop,1,35.0,71.74,-69.5,1.24,1.0,-71.74,-1.0248571428571427,False,-2.305683995686915,8,45431.66,"A (partida 0,10 / 2R)"
MNQ,london,2022-02-15,A,0.1,2.0,1,2022-02-15 08:40:00+00:00,2022-02-15 08:40:00+00:00,2022-02-15 08:45:00+00:00,14474.0,14460.25,14501.5,14460.0,stop,3,13.75,87.72,-81.0,3.7199999999999998,3.0,-87.72,-1.0632727272727274,False,3.2243112604095243,8,45359.920000000006,"A (partida 0,10 / 2R)"
MNQ,london,2022-02-16,A,0.1,2.0,1,2022-02-16 09:05:00+00:00,2022-02-16 09:05:00+00:00,2022-02-16 09:05:00+00:00,14653.5,14629.75,14701.0,14629.5,stop,2,23.75,98.48,-94.0,2.48,2.0,-98.48,-1.0366315789473686,False,0.286204664444325,9,45272.200000000004,"A (partida 0,10 / 2R)"
MNQ,london,2022-02-18,A,0.1,2.0,1,2022-02-18 08:40:00+00:00,2022-02-18 08:40:00+00:00,2022-02-18 09:00:00+00:00,14269.25,14250.25,14307.25,14250.0,stop,2,19.0,79.48,-75.0,2.48,2.0,-79.48,-1.0457894736842106,False,0.2595433571975573,8,45173.72,"A (partida 0,10 / 2R)"
MNQ,london,2022-02-21,A,0.1,2.0,-1,2022-02-21 08:50:00+00:00,2022-02-21 08:50:00+00:00,2022-02-21 08:50:00+00:00,14044.5,14051.75,14030.0,14052.0,stop,6,7.25,97.44000000000001,-84.0,7.4399999999999995,6.0,-97.44,-1.1199999999999999,False,-1.1195557089869876,8,45094.24,"A (partida 0,10 / 2R)"
MNQ,london,2022-02-24,A,0.1,2.0,1,2022-02-24 08:45:00+00:00,2022-02-24 08:45:00+00:00,2022-02-24 09:05:00+00:00,13177.5,13154.0,13224.5,13224.5,objetivo,2,23.5,97.48,189.0,2.48,1.0,185.52,1.9736170212765958,False,0.5196894027733227,8,44996.799999999996,"A (partida 0,10 / 2R)"
MNQ,london,2022-02-28,A,0.1,2.0,1,2022-02-28 09:15:00+00:00,2022-02-28 09:15:00+00:00,2022-02-28 09:15:00+00:00,14018.5,14013.5,14028.5,14013.25,stop,9,5.0,105.66,-85.5,11.16,9.0,-105.66,-1.174,False,0.18283349337600507,9,45182.31999999999,"A (partida 0,10 / 2R)"
MNQ,london,2022-03-02,A,0.1,2.0,-1,2022-03-02 09:25:00+00:00,2022-03-02 09:25:00+00:00,2022-03-02 09:30:00+00:00,14000.25,14024.25,13952.25,14024.5,stop,2,24.0,99.48,-95.0,2.48,2.0,-99.48,-1.0362500000000001,False,-0.11348995788348194,9,45076.65999999999,"A (partida 0,10 / 2R)"
MNQ,london,2022-03-08,A,0.1,2.0,1,2022-03-08 08:35:00+00:00,2022-03-08 08:35:00+00:00,2022-03-08 08:35:00+00:00,13345.25,13341.75,13352.25,13352.25,objetivo,12,3.5,104.88,174.0,14.879999999999999,6.0,153.12,1.822857142857143,False,2.553474018102285,8,44977.179999999986,"A (partida 0,10 / 2R)"
MNQ,london,2022-03-10,A,0.1,2.0,-1,2022-03-10 08:40:00+00:00,2022-03-10 08:40:00+00:00,2022-03-10 08:40:00+00:00,13602.5,13621.75,13564.0,13622.0,stop,2,19.25,80.48,-76.0,2.48,2.0,-80.48,-1.0451948051948052,False,-2.4878386382697215,8,45130.29999999999,"A (partida 0,10 / 2R)"
MNQ,london,2022-03-15,A,0.1,2.0,1,2022-03-15 09:50:00+00:00,2022-03-15 09:50:00+00:00,2022-03-15 09:50:00+00:00,13027.25,13023.25,13035.25,13023.0,stop,11,4.0,107.14,-82.5,13.64,11.0,-107.14,-1.2175,False,0.11982839480067883,9,45049.819999999985,"A (partida 0,10 / 2R)"
MNQ,london,2022-03-16,A,0.1,2.0,1,2022-03-16 08:40:00+00:00,2022-03-16 08:40:00+00:00,2022-03-16 10:10:00+00:00,13669.5,13648.25,13712.0,13712.0,objetivo,2,21.25,88.48,171.0,2.48,1.0,167.52,1.9708235294117649,False,0.6346855741956665,8,44942.679999999986,"A (partida 0,10 / 2R)"
MNQ,london,2022-03-17,A,0.1,2.0,-1,2022-03-17 08:35:00+00:00,2022-03-17 08:35:00+00:00,2022-03-17 09:15:00+00:00,13951.5,13973.25,13908.0,13908.0,objetivo,2,21.75,90.48,175.0,2.48,1.0,171.52,1.9714942528735633,False,-0.7382443319981993,8,45110.19999999998,"A (partida 0,10 / 2R)"
MNQ,london,2022-03-22,A,0.1,2.0,1,2022-03-22 08:40:00+00:00,2022-03-22 08:40:00+00:00,2022-03-22 08:40:00+00:00,14437.0,14425.75,14459.5,14425.5,stop,4,11.25,96.96,-88.0,4.96,4.0,-96.96,-1.0773333333333333,False,1.171877549069167,8,45281.71999999998,"A (partida 0,10 / 2R)"
MNQ,london,2022-03-24,A,0.1,2.0,1,2022-03-24 08:50:00+00:00,2022-03-24 08:50:00+00:00,2022-03-24 09:05:00+00:00,14557.0,14551.25,14568.5,14568.5,objetivo,8,5.75,105.92,188.0,9.92,4.0,174.08,1.8921739130434785,False,0.4729240137382238,8,45184.75999999998,"A (partida 0,10 / 2R)"
MNQ,london,2022-03-24,A,0.1,2.0,-1,2022-03-24 10:05:00+00:00,2022-03-24 10:05:00+00:00,2022-03-24 10:15:00+00:00,14530.75,14542.75,14506.75,14506.75,objetivo,4,12.0,102.96,194.0,4.96,2.0,187.04,1.9483333333333333,False,-0.1175550424053931,10,45358.83999999998,"A (partida 0,10 / 2R)"
MNQ,london,2022-03-28,A,0.1,2.0,1,2022-03-28 08:45:00+01:00,2022-03-28 08:45:00+01:00,2022-03-28 08:45:00+01:00,14719.75,14708.75,14741.75,14708.5,stop,4,11.0,94.96,-86.0,4.96,4.0,-94.96,-1.079090909090909,False,0.32592661967449305,8,45545.87999999998,"A (partida 0,10 / 2R)"
MNQ,london,2022-03-29,A,0.1,2.0,1,2022-03-29 08:40:00+01:00,2022-03-29 08:40:00+01:00,2022-03-29 08:40:00+01:00,15017.5,15013.75,15025.0,15013.5,stop,12,3.75,110.88,-84.0,14.879999999999999,12.0,-110.88,-1.232,False,0.588534971934716,8,45450.919999999984,"A (partida 0,10 / 2R)"
MNQ,london,2022-03-31,A,0.1,2.0,1,2022-03-31 08:45:00+01:00,2022-03-31 08:45:00+01:00,2022-03-31 08:45:00+01:00,15167.5,15164.0,15174.5,15163.75,stop,12,3.5,104.88,-78.0,14.879999999999999,12.0,-104.88,-1.2485714285714284,False,1.2295612067254138,8,45340.039999999986,"A (partida 0,10 / 2R)"
MNQ,london,2022-04-05,A,0.1,2.0,1,2022-04-05 08:45:00+01:00,2022-04-05 08:45:00+01:00,2022-04-05 08:45:00+01:00,15195.25,15187.75,15210.25,15187.5,stop,6,7.5,100.44,-87.0,7.4399999999999995,6.0,-100.44,-1.1159999999999999,False,0.7402824942413105,8,45235.15999999999,"A (partida 0,10 / 2R)"
MNQ,london,2022-04-06,A,0.1,2.0,-1,2022-04-06 08:45:00+01:00,2022-04-06 08:45:00+01:00,2022-04-06 08:55:00+01:00,14759.5,14772.0,14734.5,14734.5,objetivo,4,12.5,106.96,202.0,4.96,2.0,195.04,1.9504,False,-2.0148370125132398,8,45134.71999999999,"A (partida 0,10 / 2R)"
MNQ,london,2022-04-12,A,0.1,2.0,-1,2022-04-12 08:40:00+01:00,2022-04-12 08:40:00+01:00,2022-04-12 08:40:00+01:00,13938.5,13943.0,13929.5,13929.5,objetivo,10,4.5,107.4,185.0,12.4,5.0,167.6,1.8622222222222222,False,-0.5076631817479987,8,45329.75999999999,"A (partida 0,10 / 2R)"
MNQ,london,2022-04-18,A,0.1,2.0,1,2022-04-18 09:10:00+01:00,2022-04-18 09:10:00+01:00,2022-04-18 09:50:00+01:00,13829.75,13820.0,13849.25,13819.75,stop,5,9.75,106.19999999999999,-95.0,6.2,5.0,-106.2,-1.0892307692307692,False,1.5872929497848929,9,45497.359999999986,"A (partida 0,10 / 2R)"
MNQ,london,2022-04-18,A,0.1,2.0,-1,2022-04-18 10:30:00+01:00,2022-04-18 10:30:00+01:00,2022-04-18 10:30:00+01:00,13788.75,13794.5,13777.25,13794.75,stop,8,5.75,105.92,-88.0,9.92,8.0,-105.92,-1.151304347826087,False,-0.19928828850956312,10,45391.15999999999,"A (partida 0,10 / 2R)"
MNQ,london,2022-04-19,A,0.1,2.0,-1,2022-04-19 09:50:00+01:00,2022-04-19 09:50:00+01:00,2022-04-19 11:00:00+01:00,13879.75,13931.5,13776.25,13862.0,cierre_sesion,1,51.75,105.24,36.5,1.24,1.0,34.26,0.33101449275362316,False,-0.24086948184670884,9,45285.23999999999,"A (partida 0,10 / 2R)"
MNQ,london,2022-04-26,A,0.1,2.0,-1,2022-04-26 08:50:00+01:00,2022-04-26 08:50:00+01:00,2022-04-26 08:50:00+01:00,13456.0,13463.25,13441.5,13463.5,stop,6,7.25,97.44000000000001,-84.0,7.4399999999999995,6.0,-97.44,-1.1199999999999999,False,-0.6641943438089569,8,45319.49999999999,"A (partida 0,10 / 2R)"
MNQ,london,2022-04-28,A,0.1,2.0,1,2022-04-28 08:35:00+01:00,2022-04-28 08:35:00+01:00,2022-04-28 08:35:00+01:00,13301.25,13296.5,13310.75,13310.75,objetivo,10,4.75,112.4,195.0,12.4,5.0,177.6,1.8694736842105262,False,1.7012228122603312,8,45222.05999999999,"A (partida 0,10 / 2R)"
MNQ,london,2022-05-04,A,0.1,2.0,-1,2022-05-04 08:35:00+01:00,2022-05-04 08:35:00+01:00,2022-05-04 08:35:00+01:00,13094.0,13099.75,13082.5,13100.0,stop,8,5.75,105.92,-88.0,9.92,8.0,-105.92,-1.151304347826087,False,-1.256555608854584,8,45399.65999999999,"A (partida 0,10 / 2R)"
MNQ,london,2022-05-05,A,0.1,2.0,-1,2022-05-05 08:40:00+01:00,2022-05-05 08:40:00+01:00,2022-05-05 08:45:00+01:00,13424.0,13445.5,13381.0,13445.75,stop,2,21.5,89.48,-85.0,2.48,2.0,-89.48,-1.04046511627907,False,-1.4526330793830706,8,45293.73999999999,"A (partida 0,10 / 2R)"
MNQ,london,2022-05-06,A,0.1,2.0,-1,2022-05-06 08:45:00+01:00,2022-05-06 08:45:00+01:00,2022-05-06 08:45:00+01:00,12766.75,12770.25,12759.75,12770.5,stop,12,3.5,104.88,-78.0,14.879999999999999,12.0,-104.88,-1.2485714285714284,True,-1.0173306646832094,8,45204.25999999999,"A (partida 0,10 / 2R)"
MNQ,london,2022-05-10,A,0.1,2.0,-1,2022-05-10 08:35:00+01:00,2022-05-10 08:35:00+01:00,2022-05-10 08:40:00+01:00,12362.25,12387.75,12311.25,12388.0,stop,2,25.5,105.48,-101.0,2.48,2.0,-105.48,-1.0341176470588236,False,-0.2120542069834762,8,45099.37999999999,"A (partida 0,10 / 2R)"
MNQ,london,2022-05-11,A,0.1,2.0,-1,2022-05-11 08:40:00+01:00,2022-05-11 08:40:00+01:00,2022-05-11 08:40:00+01:00,12397.25,12401.25,12389.25,12401.5,stop,11,4.0,107.14,-82.5,13.64,11.0,-107.14,-1.2175,False,-0.705066921754571,8,44993.89999999999,"A (partida 0,10 / 2R)"
MNQ,london,2022-05-18,A,0.1,2.0,-1,2022-05-18 08:45:00+01:00,2022-05-18 08:45:00+01:00,2022-05-18 08:55:00+01:00,12485.75,12493.0,12471.25,12493.25,stop,6,7.25,97.44000000000001,-84.0,7.4399999999999995,6.0,-97.44,-1.1199999999999999,False,-0.4671633774225134,8,44886.75999999999,"A (partida 0,10 / 2R)"
MNQ,london,2022-05-19,A,0.1,2.0,-1,2022-05-19 08:45:00+01:00,2022-05-19 08:45:00+01:00,2022-05-19 08:45:00+01:00,11778.5,11784.25,11767.0,11784.5,stop,8,5.75,105.92,-88.0,9.92,8.0,-105.92,-1.151304347826087,False,-2.3400637457223272,8,44789.319999999985,"A (partida 0,10 / 2R)"
MNQ,london,2022-05-23,A,0.1,2.0,-1,2022-05-23 08:45:00+01:00,2022-05-23 08:45:00+01:00,2022-05-23 08:55:00+01:00,11956.5,11987.0,11895.5,11987.25,stop,1,30.5,62.74,-60.5,1.24,1.0,-62.74,-1.0285245901639344,False,-0.3545386189500204,8,44683.39999999999,"A (partida 0,10 / 2R)"
MNQ,london,2022-05-26,A,0.1,2.0,1,2022-05-26 08:35:00+01:00,2022-05-26 08:35:00+01:00,2022-05-26 08:55:00+01:00,11929.75,11915.75,11957.75,11957.75,objetivo,3,14.0,89.22,169.5,3.7199999999999998,1.5,164.28,1.9557142857142857,False,1.0115327503431817,8,44620.65999999999,"A (partida 0,10 / 2R)"
MNQ,london,2022-05-31,A,0.1,2.0,-1,2022-05-31 08:40:00+01:00,2022-05-31 08:40:00+01:00,2022-05-31 09:00:00+01:00,12644.25,12665.25,12602.25,12665.5,stop,2,21.0,87.48,-83.0,2.48,2.0,-87.48,-1.0414285714285714,False,-0.8529478112374004,8,44784.93999999999,"A (partida 0,10 / 2R)"
MNQ,london,2022-05-31,A,0.1,2.0,-1,2022-05-31 10:25:00+01:00,2022-05-31 10:25:00+01:00,2022-05-31 11:00:00+01:00,12640.0,12680.0,12560.0,12641.5,cierre_sesion,1,40.0,81.74,-2.0,1.24,1.0,-4.24,-0.053000000000000005,False,-0.10143196609895677,10,44697.459999999985,"A (partida 0,10 / 2R)"
MNQ,london,2022-06-02,A,0.1,2.0,1,2022-06-02 08:45:00+01:00,2022-06-02 08:45:00+01:00,2022-06-02 08:45:00+01:00,12614.25,12609.5,12623.75,12609.25,stop,9,4.75,101.16,-81.0,11.16,9.0,-101.16,-1.183157894736842,False,1.0292806181993355,8,44693.21999999999,"A (partida 0,10 / 2R)"
MNQ,london,2022-06-02,A,0.1,2.0,1,2022-06-02 09:00:00+01:00,2022-06-02 09:00:00+01:00,2022-06-02 09:00:00+01:00,12606.0,12596.25,12625.5,12596.0,stop,5,9.75,106.19999999999999,-95.0,6.2,5.0,-106.2,-1.0892307692307692,False,0.2896656271981606,8,44592.05999999998,"A (partida 0,10 / 2R)"
MNQ,london,2022-06-06,A,0.1,2.0,1,2022-06-06 09:00:00+01:00,2022-06-06 09:00:00+01:00,2022-06-06 11:00:00+01:00,12711.75,12688.0,12759.25,12712.5,cierre_sesion,2,23.75,98.48,5.0,2.48,2.0,0.52,0.005473684210526316,False,0.4767183342220022,8,44485.859999999986,"A (partida 0,10 / 2R)"
MNQ,london,2022-06-07,A,0.1,2.0,1,2022-06-07 08:45:00+01:00,2022-06-07 08:45:00+01:00,2022-06-07 09:35:00+01:00,12536.0,12521.75,12564.5,12564.5,objetivo,3,14.25,90.72,172.5,3.7199999999999998,1.5,167.28,1.9564912280701754,False,0.5989116431648176,8,44486.37999999998,"A (partida 0,10 / 2R)"
MNQ,london,2022-06-10,A,0.1,2.0,-1,2022-06-10 08:50:00+01:00,2022-06-10 08:50:00+01:00,2022-06-10 09:05:00+01:00,12276.0,12306.0,12216.0,12306.25,stop,1,30.0,61.74,-59.5,1.24,1.0,-61.74,-1.0290000000000001,False,-0.5704299471293934,8,44653.65999999998,"A (partida 0,10 / 2R)"
MNQ,london,2022-06-16,A,0.1,2.0,-1,2022-06-16 08:45:00+01:00,2022-06-16 08:45:00+01:00,2022-06-16 08:45:00+01:00,11331.0,11334.5,11324.0,11334.75,stop,12,3.5,104.88,-78.0,14.879999999999999,12.0,-104.88,-1.2485714285714284,True,-2.1480018280529634,8,44591.919999999984,"A (partida 0,10 / 2R)"
MNQ,london,2022-06-17,A,0.1,2.0,1,2022-06-17 09:00:00+01:00,2022-06-17 09:00:00+01:00,2022-06-17 09:00:00+01:00,11228.25,11216.75,11251.25,11216.5,stop,4,11.5,98.96,-90.0,4.96,4.0,-98.96,-1.0756521739130434,False,0.2408254024245988,8,44487.039999999986,"A (partida 0,10 / 2R)"
MNQ,london,2022-06-21,A,0.1,2.0,1,2022-06-21 08:40:00+01:00,2022-06-21 08:40:00+01:00,2022-06-21 09:10:00+01:00,11517.5,11503.75,11545.0,11545.0,objetivo,3,13.75,87.72,166.5,3.7199999999999998,1.5,161.28,1.954909090909091,False,2.1879307633626177,8,44388.07999999999,"A (partida 0,10 / 2R)"
MNQ,london,2022-06-22,A,0.1,2.0,-1,2022-06-22 08:55:00+01:00,2022-06-22 08:55:00+01:00,2022-06-22 09:10:00+01:00,11339.75,11355.5,11308.25,11355.75,stop,3,15.75,99.72,-93.0,3.7199999999999998,3.0,-99.72,-1.0552380952380953,False,-0.19392100076796465,8,44549.359999999986,"A (partida 0,10 / 2R)"
MNQ,london,2022-06-27,A,0.1,2.0,1,2022-06-27 08:40:00+01:00,2022-06-27 08:40:00+01:00,2022-06-27 08:40:00+01:00,12245.5,12237.25,12262.0,12237.0,stop,6,8.25,109.44,-96.0,7.4399999999999995,6.0,-109.44,-1.1054545454545455,False,2.0889197418062544,8,44449.639999999985,"A (partida 0,10 / 2R)"
MNQ,london,2022-07-04,A,0.1,2.0,-1,2022-07-04 08:35:00+01:00,2022-07-04 08:35:00+01:00,2022-07-04 10:30:00+01:00,11533.5,11553.25,11494.0,11553.5,stop,2,19.75,82.48,-78.0,2.48,2.0,-82.48,-1.0440506329113926,False,-0.545755676528215,8,44340.19999999998,"A (partida 0,10 / 2R)"
MNQ,london,2022-07-05,A,0.1,2.0,-1,2022-07-05 09:00:00+01:00,2022-07-05 09:00:00+01:00,2022-07-05 09:20:00+01:00,11633.5,11664.25,11572.0,11572.0,objetivo,1,30.75,63.24,123.5,1.24,0.5,121.76,1.9798373983739839,False,-0.1424448505086542,8,44257.71999999998,"A (partida 0,10 / 2R)"
MNQ,london,2022-07-06,A,0.1,2.0,1,2022-07-06 08:45:00+01:00,2022-07-06 08:45:00+01:00,2022-07-06 08:45:00+01:00,11856.75,11848.25,11873.75,11848.0,stop,5,8.5,93.69999999999999,-82.5,6.2,5.0,-93.7,-1.1023529411764705,False,0.7323269908166807,8,44379.47999999998,"A (partida 0,10 / 2R)"
MNQ,london,2022-07-08,A,0.1,2.0,1,2022-07-08 08:40:00+01:00,2022-07-08 08:40:00+01:00,2022-07-08 08:40:00+01:00,12108.5,12101.75,12122.0,12101.5,stop,7,6.75,106.68,-91.0,8.68,7.0,-106.68,-1.128888888888889,False,0.7977497091186306,8,44285.779999999984,"A (partida 0,10 / 2R)"
MNQ,london,2022-07-26,A,0.1,2.0,1,2022-07-26 08:50:00+01:00,2022-07-26 08:50:00+01:00,2022-07-26 09:10:00+01:00,12322.75,12310.25,12347.75,12310.0,stop,4,12.5,106.96,-98.0,4.96,4.0,-106.96,-1.0695999999999999,False,0.3215895861671375,8,44179.099999999984,"A (partida 0,10 / 2R)"
MNQ,london,2022-08-01,A,0.1,2.0,1,2022-08-01 08:45:00+01:00,2022-08-01 08:45:00+01:00,2022-08-01 08:50:00+01:00,12961.75,12956.0,12973.25,12955.75,stop,8,5.75,105.92,-88.0,9.92,8.0,-105.92,-1.151304347826087,False,0.7728900623900408,8,44072.139999999985,"A (partida 0,10 / 2R)"
MNQ,london,2022-08-15,A,0.1,2.0,-1,2022-08-15 08:40:00+01:00,2022-08-15 08:40:00+01:00,2022-08-15 08:45:00+01:00,13504.75,13519.0,13476.25,13519.25,stop,3,14.25,90.72,-84.0,3.7199999999999998,3.0,-90.72,-1.0610526315789472,False,-2.302658001462931,8,43966.21999999999,"A (partida 0,10 / 2R)"
MNQ,london,2022-08-17,A,0.1,2.0,-1,2022-08-17 08:45:00+01:00,2022-08-17 08:45:00+01:00,2022-08-17 08:45:00+01:00,13603.75,13613.0,13585.25,13613.25,stop,5,9.25,101.19999999999999,-90.0,6.2,5.0,-101.2,-1.094054054054054,False,-0.7070657282971677,8,43875.499999999985,"A (partida 0,10 / 2R)"
MNQ,london,2022-08-23,A,0.1,2.0,1,2022-08-23 08:45:00+01:00,2022-08-23 08:45:00+01:00,2022-08-23 09:15:00+01:00,12925.75,12906.25,12964.75,12964.75,objetivo,2,19.5,81.48,157.0,2.48,1.0,153.52,1.9682051282051283,False,1.0352617026127204,8,43774.29999999999,"A (partida 0,10 / 2R)"
MNQ,london,2022-08-30,A,0.1,2.0,1,2022-08-30 08:35:00+01:00,2022-08-30 08:35:00+01:00,2022-08-30 09:00:00+01:00,12594.75,12570.0,12644.25,12644.25,objetivo,2,24.75,102.48,199.0,2.48,1.0,195.52,1.974949494949495,False,1.3425522286183973,8,43927.819999999985,"A (partida 0,10 / 2R)"
MNQ,london,2022-08-31,A,0.1,2.0,-1,2022-08-31 08:35:00+01:00,2022-08-31 08:35:00+01:00,2022-08-31 09:20:00+01:00,12414.25,12429.75,12383.25,12383.25,objetivo,3,15.5,98.22,187.5,3.7199999999999998,1.5,182.28,1.96,False,-0.7125599696288547,8,44123.33999999998,"A (partida 0,10 / 2R)"
MNQ,london,2022-09-02,A,0.1,2.0,-1,2022-09-02 08:35:00+01:00,2022-09-02 08:35:00+01:00,2022-09-02 09:00:00+01:00,12270.75,12289.75,12232.75,12290.0,stop,2,19.0,79.48,-75.0,2.48,2.0,-79.48,-1.0457894736842106,False,-1.0152480892147946,8,44305.61999999998,"A (partida 0,10 / 2R)"
MNQ,london,2022-09-08,A,0.1,2.0,-1,2022-09-08 08:35:00+01:00,2022-09-08 08:35:00+01:00,2022-09-08 09:45:00+01:00,12245.5,12259.5,12217.5,12259.75,stop,3,14.0,89.22,-82.5,3.7199999999999998,3.0,-89.22,-1.062142857142857,False,-1.7792952483051767,8,44226.13999999998,"A (partida 0,10 / 2R)"
MNQ,london,2022-09-14,A,0.1,2.0,1,2022-09-14 09:05:00+01:00,2022-09-14 09:05:00+01:00,2022-09-14 11:00:00+01:00,12098.25,12075.75,12143.25,12097.25,cierre_sesion,2,22.5,93.48,-2.0,2.48,2.0,-6.48,-0.07200000000000001,False,0.13411275561900834,9,44136.91999999998,"A (partida 0,10 / 2R)"
MNQ,london,2022-09-15,A,0.1,2.0,1,2022-09-15 08:50:00+01:00,2022-09-15 08:50:00+01:00,2022-09-15 09:10:00+01:00,12162.25,12149.0,12188.75,12148.75,stop,3,13.25,84.72,-78.0,3.7199999999999998,3.0,-84.72,-1.0656603773584905,False,0.47980089703250794,8,44130.43999999997,"A (partida 0,10 / 2R)"
MNQ,london,2022-09-26,A,0.1,2.0,1,2022-09-26 08:40:00+01:00,2022-09-26 08:40:00+01:00,2022-09-26 08:45:00+01:00,11401.25,11391.25,11421.25,11391.0,stop,5,10.0,108.69999999999999,-97.5,6.2,5.0,-108.7,-1.087,False,2.065794661997116,8,44045.71999999997,"A (partida 0,10 / 2R)"
MNQ,london,2022-09-27,A,0.1,2.0,1,2022-09-27 08:40:00+01:00,2022-09-27 08:40:00+01:00,2022-09-27 08:55:00+01:00,11502.0,11487.75,11530.5,11487.5,stop,3,14.25,90.72,-84.0,3.7199999999999998,3.0,-90.72,-1.0610526315789472,False,1.4584058626597414,8,43937.019999999975,"A (partida 0,10 / 2R)"
MNQ,london,2022-09-29,A,0.1,2.0,-1,2022-09-29 08:45:00+01:00,2022-09-29 08:45:00+01:00,2022-09-29 08:55:00+01:00,11376.0,11388.75,11350.5,11389.0,stop,4,12.75,108.96,-100.0,4.96,4.0,-108.96,-1.068235294117647,False,-1.193292061518022,8,43846.299999999974,"A (partida 0,10 / 2R)"
MNQ,london,2022-09-30,A,0.1,2.0,1,2022-09-30 08:40:00+01:00,2022-09-30 08:40:00+01:00,2022-09-30 08:40:00+01:00,11332.25,11322.75,11351.25,11322.5,stop,5,9.5,103.69999999999999,-92.5,6.2,5.0,-103.7,-1.091578947368421,False,1.023942013237293,8,43737.339999999975,"A (partida 0,10 / 2R)"
MNQ,london,2022-10-04,A,0.1,2.0,1,2022-10-04 08:35:00+01:00,2022-10-04 08:35:00+01:00,2022-10-04 10:50:00+01:00,11477.5,11460.25,11512.0,11512.0,objetivo,3,17.25,108.72,208.5,3.7199999999999998,1.5,203.28,1.9640579710144928,False,1.504415783451371,8,43633.63999999998,"A (partida 0,10 / 2R)"
MNQ,london,2022-10-06,A,0.1,2.0,-1,2022-10-06 09:10:00+01:00,2022-10-06 09:10:00+01:00,2022-10-06 09:20:00+01:00,11629.25,11647.5,11592.75,11592.75,objetivo,2,18.25,76.48,147.0,2.48,1.0,143.52,1.9660273972602742,False,-0.22673426166049251,9,43836.91999999998,"A (partida 0,10 / 2R)"
MNQ,london,2022-10-19,A,0.1,2.0,-1,2022-10-19 08:45:00+01:00,2022-10-19 08:45:00+01:00,2022-10-19 08:45:00+01:00,11229.75,11236.5,11216.25,11236.75,stop,7,6.75,106.68,-91.0,8.68,7.0,-106.68,-1.128888888888889,False,-0.22848353513394357,8,43980.43999999997,"A (partida 0,10 / 2R)"
MNQ,london,2022-10-20,A,0.1,2.0,-1,2022-10-20 08:40:00+01:00,2022-10-20 08:40:00+01:00,2022-10-20 09:35:00+01:00,11032.25,11068.0,10960.75,11068.25,stop,1,35.75,73.24,-71.0,1.24,1.0,-73.24,-1.0243356643356643,False,-0.26747444586675345,8,43873.75999999997,"A (partida 0,10 / 2R)"
MNQ,london,2022-10-26,A,0.1,2.0,1,2022-10-26 08:35:00+01:00,2022-10-26 08:35:00+01:00,2022-10-26 08:35:00+01:00,11525.25,11515.75,11544.25,11515.5,stop,5,9.5,103.69999999999999,-92.5,6.2,5.0,-103.7,-1.091578947368421,False,0.6819785176297809,8,43800.519999999975,"A (partida 0,10 / 2R)"
MNQ,london,2022-11-04,A,0.1,2.0,-1,2022-11-04 08:50:00+00:00,2022-11-04 08:50:00+00:00,2022-11-04 08:55:00+00:00,10768.5,10779.5,10746.5,10779.75,stop,4,11.0,94.96,-86.0,4.96,4.0,-94.96,-1.079090909090909,False,-0.10602166905987924,8,43696.81999999998,"A (partida 0,10 / 2R)"
MNQ,london,2022-11-07,A,0.1,2.0,1,2022-11-07 08:40:00+00:00,2022-11-07 08:40:00+00:00,2022-11-07 09:35:00+00:00,10926.25,10914.5,10949.75,10914.25,stop,4,11.75,100.96,-92.0,4.96,4.0,-100.96,-1.0740425531914892,False,2.7164620566359363,8,43601.85999999998,"A (partida 0,10 / 2R)"
MNQ,london,2022-11-22,A,0.1,2.0,-1,2022-11-22 08:40:00+00:00,2022-11-22 08:40:00+00:00,2022-11-22 08:55:00+00:00,11542.75,11551.75,11524.75,11552.0,stop,5,9.0,98.69999999999999,-87.5,6.2,5.0,-98.7,-1.0966666666666667,False,-0.6525798963360153,8,43500.89999999998,"A (partida 0,10 / 2R)"
MNQ,london,2022-11-28,A,0.1,2.0,1,2022-11-28 08:45:00+00:00,2022-11-28 08:45:00+00:00,2022-11-28 08:45:00+00:00,11719.5,11714.0,11730.5,11713.75,stop,8,5.5,101.92,-84.0,9.92,8.0,-101.92,-1.1581818181818182,False,1.1986430098356997,8,43402.19999999998,"A (partida 0,10 / 2R)"
MNQ,london,2022-11-30,A,0.1,2.0,1,2022-11-30 08:55:00+00:00,2022-11-30 08:55:00+00:00,2022-11-30 09:00:00+00:00,11559.5,11553.0,11572.5,11572.5,objetivo,7,6.5,103.18,185.5,8.68,3.5,173.32,1.9046153846153846,False,0.10067199422122014,8,43300.279999999984,"A (partida 0,10 / 2R)"
MNQ,london,2022-12-01,A,0.1,2.0,-1,2022-12-01 08:40:00+00:00,2022-12-01 08:40:00+00:00,2022-12-01 08:40:00+00:00,12031.5,12037.0,12020.5,12037.25,stop,8,5.5,101.92,-84.0,9.92,8.0,-101.92,-1.1581818181818182,False,-0.9473737073258609,8,43473.599999999984,"A (partida 0,10 / 2R)"
MNQ,london,2022-12-13,A,0.1,2.0,1,2022-12-13 09:30:00+00:00,2022-12-13 09:30:00+00:00,2022-12-13 10:40:00+00:00,11742.25,11726.5,11773.75,11773.75,objetivo,3,15.75,99.72,190.5,3.7199999999999998,1.5,185.28,1.9606349206349207,False,0.11459004891711029,9,43371.679999999986,"A (partida 0,10 / 2R)"
MNQ,london,2022-12-15,A,0.1,2.0,-1,2022-12-15 08:40:00+00:00,2022-12-15 08:40:00+00:00,2022-12-15 08:45:00+00:00,11611.5,11627.0,11580.5,11627.25,stop,3,15.5,98.22,-91.5,3.7199999999999998,3.0,-98.22,-1.0561290322580645,False,-1.2007078343567508,8,43556.959999999985,"A (partida 0,10 / 2R)"
MNQ,london,2022-12-23,A,0.1,2.0,-1,2022-12-23 08:35:00+00:00,2022-12-23 08:35:00+00:00,2022-12-23 08:35:00+00:00,11032.5,11043.5,11010.5,11043.75,stop,4,11.0,94.96,-86.0,4.96,4.0,-94.96,-1.079090909090909,False,-1.289807690480552,8,43458.73999999998,"A (partida 0,10 / 2R)"
MNQ,london,2022-12-23,A,0.1,2.0,-1,2022-12-23 08:45:00+00:00,2022-12-23 08:45:00+00:00,2022-12-23 08:55:00+00:00,11040.0,11048.75,11022.5,11049.0,stop,5,8.75,96.19999999999999,-85.0,6.2,5.0,-96.2,-1.0994285714285714,False,-0.6429874692951234,8,43363.779999999984,"A (partida 0,10 / 2R)"
MNQ,london,2022-12-30,A,0.1,2.0,-1,2022-12-30 09:05:00+00:00,2022-12-30 09:05:00+00:00,2022-12-30 09:05:00+00:00,10950.25,10954.0,10942.75,10954.25,stop,11,3.75,101.64,-77.0,13.64,11.0,-101.64,-1.232,False,-0.18847178989185273,9,43267.57999999999,"A (partida 0,10 / 2R)"
MNQ,london,2023-01-03,A,0.1,2.0,1,2023-01-03 08:45:00+00:00,2023-01-03 08:45:00+00:00,2023-01-03 09:00:00+00:00,11114.5,11103.75,11136.0,11136.0,objetivo,4,10.75,92.96,174.0,4.96,2.0,167.04,1.9423255813953488,False,0.303886975244242,8,43165.93999999999,"A (partida 0,10 / 2R)"
MNQ,london,2023-01-06,A,0.1,2.0,-1,2023-01-06 09:10:00+00:00,2023-01-06 09:10:00+00:00,2023-01-06 09:20:00+00:00,10809.0,10822.25,10782.5,10782.5,objetivo,3,13.25,84.72,160.5,3.7199999999999998,1.5,155.28,1.9532075471698114,False,-0.1689945753495779,9,43332.97999999999,"A (partida 0,10 / 2R)"
MNQ,london,2023-01-09,A,0.1,2.0,-1,2023-01-09 09:00:00+00:00,2023-01-09 09:00:00+00:00,2023-01-09 09:00:00+00:00,11127.75,11135.25,11112.75,11135.5,stop,6,7.5,100.44,-87.0,7.4399999999999995,6.0,-100.44,-1.1159999999999999,False,-0.11714051915981954,8,43488.25999999999,"A (partida 0,10 / 2R)"
MNQ,london,2023-01-11,A,0.1,2.0,1,2023-01-11 09:05:00+00:00,2023-01-11 09:05:00+00:00,2023-01-11 11:00:00+00:00,11282.0,11260.75,11324.5,11292.25,cierre_sesion,2,21.25,88.48,43.0,2.48,2.0,38.52,0.45317647058823535,False,0.15769781996729282,9,43387.819999999985,"A (partida 0,10 / 2R)"
MNQ,london,2023-01-16,A,0.1,2.0,-1,2023-01-16 08:40:00+00:00,2023-01-16 08:40:00+00:00,2023-01-16 08:40:00+00:00,11558.0,11563.75,11546.5,11546.5,objetivo,8,5.75,105.92,188.0,9.92,4.0,174.08,1.8921739130434785,False,-1.4376100641993776,8,43426.33999999998,"A (partida 0,10 / 2R)"
MNQ,london,2023-01-20,A,0.1,2.0,-1,2023-01-20 08:50:00+00:00,2023-01-20 08:50:00+00:00,2023-01-20 08:50:00+00:00,11398.5,11404.5,11386.5,11386.5,objetivo,7,6.0,96.18,171.5,8.68,3.5,159.32,1.8966666666666665,False,-1.5496775490808183,8,43600.419999999984,"A (partida 0,10 / 2R)"
MNQ,london,2023-01-30,A,0.1,2.0,-1,2023-01-30 08:45:00+00:00,2023-01-30 08:45:00+00:00,2023-01-30 08:45:00+00:00,12101.0,12107.25,12088.5,12107.5,stop,7,6.25,99.68,-84.0,8.68,7.0,-99.68,-1.1392,False,-1.176295035552037,8,43759.73999999998,"A (partida 0,10 / 2R)"
MNQ,london,2023-02-01,A,0.1,2.0,1,2023-02-01 08:35:00+00:00,2023-02-01 08:35:00+00:00,2023-02-01 08:50:00+00:00,12135.0,12124.0,12157.0,12123.75,stop,4,11.0,94.96,-86.0,4.96,4.0,-94.96,-1.079090909090909,False,0.6328318859629107,8,43660.05999999998,"A (partida 0,10 / 2R)"
MNQ,london,2023-02-01,A,0.1,2.0,-1,2023-02-01 09:35:00+00:00,2023-02-01 09:35:00+00:00,2023-02-01 11:00:00+00:00,12118.0,12131.5,12091.0,12111.75,cierre_sesion,3,13.5,86.22,40.5,3.7199999999999998,3.0,33.78,0.41703703703703704,False,-0.10482407987624773,9,43565.099999999984,"A (partida 0,10 / 2R)"
MNQ,london,2023-02-02,A,0.1,2.0,1,2023-02-02 08:45:00+00:00,2023-02-02 08:45:00+00:00,2023-02-02 09:10:00+00:00,12595.0,12582.5,12620.0,12582.25,stop,4,12.5,106.96,-98.0,4.96,4.0,-106.96,-1.0695999999999999,False,2.426178314075712,8,43598.87999999998,"A (partida 0,10 / 2R)"
MNQ,london,2023-02-09,A,0.1,2.0,1,2023-02-09 08:40:00+00:00,2023-02-09 08:40:00+00:00,2023-02-09 08:40:00+00:00,12667.25,12658.5,12684.75,12658.25,stop,5,8.75,96.19999999999999,-85.0,6.2,5.0,-96.2,-1.0994285714285714,False,1.3129646242816893,8,43491.919999999984,"A (partida 0,10 / 2R)"
MNQ,london,2023-02-10,A,0.1,2.0,1,2023-02-10 08:35:00+00:00,2023-02-10 08:35:00+00:00,2023-02-10 08:50:00+00:00,12436.0,12429.25,12449.5,12429.0,stop,7,6.75,106.68,-91.0,8.68,7.0,-106.68,-1.128888888888889,False,1.6102687653763867,8,43395.71999999999,"A (partida 0,10 / 2R)"
MNQ,london,2023-02-13,A,0.1,2.0,1,2023-02-13 08:35:00+00:00,2023-02-13 08:35:00+00:00,2023-02-13 08:45:00+00:00,12333.25,12324.75,12350.25,12350.25,objetivo,5,8.5,93.69999999999999,172.5,6.2,2.5,163.8,1.927058823529412,False,0.1488603611527737,8,43289.039999999986,"A (partida 0,10 / 2R)"
MNQ,london,2023-02-14,A,0.1,2.0,-1,2023-02-14 08:40:00+00:00,2023-02-14 08:40:00+00:00,2023-02-14 09:00:00+00:00,12530.25,12546.0,12498.75,12546.25,stop,3,15.75,99.72,-93.0,3.7199999999999998,3.0,-99.72,-1.0552380952380953,False,-0.5971187353265246,8,43452.83999999999,"A (partida 0,10 / 2R)"
MNQ,london,2023-02-16,A,0.1,2.0,-1,2023-02-16 08:35:00+00:00,2023-02-16 08:35:00+00:00,2023-02-16 08:45:00+00:00,12746.75,12755.0,12730.25,12755.25,stop,5,8.25,91.19999999999999,-80.0,6.2,5.0,-91.2,-1.1054545454545455,False,-0.8397844969498337,8,43353.11999999999,"A (partida 0,10 / 2R)"
MNQ,london,2023-02-17,A,0.1,2.0,-1,2023-02-17 08:40:00+00:00,2023-02-17 08:40:00+00:00,2023-02-17 08:45:00+00:00,12341.0,12354.25,12314.5,12354.5,stop,3,13.25,84.72,-78.0,3.7199999999999998,3.0,-84.72,-1.0656603773584905,False,-1.1299535069418285,8,43261.91999999999,"A (partida 0,10 / 2R)"
MNQ,london,2023-02-21,A,0.1,2.0,-1,2023-02-21 08:40:00+00:00,2023-02-21 08:40:00+00:00,2023-02-21 08:45:00+00:00,12281.5,12294.5,12255.5,12255.5,objetivo,3,13.0,83.22,157.5,3.7199999999999998,1.5,152.28,1.9523076923076923,False,-1.7349365381375996,8,43177.19999999999,"A (partida 0,10 / 2R)"
MNQ,london,2023-02-21,A,0.1,2.0,1,2023-02-21 09:55:00+00:00,2023-02-21 09:55:00+00:00,2023-02-21 10:15:00+00:00,12309.25,12275.5,12376.75,12275.25,stop,1,33.75,69.24,-67.0,1.24,1.0,-69.24,-1.0257777777777777,False,0.10982855053016113,9,43329.47999999999,"A (partida 0,10 / 2R)"
MNQ,london,2023-02-23,A,0.1,2.0,-1,2023-02-23 09:35:00+00:00,2023-02-23 09:35:00+00:00,2023-02-23 09:35:00+00:00,12170.0,12182.75,12144.5,12183.0,stop,3,12.75,81.72,-75.0,3.7199999999999998,3.0,-81.72,-1.068235294117647,False,-0.5848104181776687,9,43260.23999999999,"A (partida 0,10 / 2R)"
MNQ,london,2023-02-24,A,0.1,2.0,-1,2023-02-24 08:50:00+00:00,2023-02-24 08:50:00+00:00,2023-02-24 09:10:00+00:00,12139.75,12147.0,12125.25,12147.25,stop,6,7.25,97.44000000000001,-84.0,7.4399999999999995,6.0,-97.44,-1.1199999999999999,False,-0.2049970129193994,8,43178.51999999999,"A (partida 0,10 / 2R)"
MNQ,london,2023-02-27,A,0.1,2.0,1,2023-02-27 08:55:00+00:00,2023-02-27 08:55:00+00:00,2023-02-27 08:55:00+00:00,12067.0,12058.75,12083.5,12058.5,stop,5,8.25,91.19999999999999,-80.0,6.2,5.0,-91.2,-1.1054545454545455,False,0.13659856415139937,8,43081.07999999999,"A (partida 0,10 / 2R)"
MNQ,london,2023-03-03,A,0.1,2.0,1,2023-03-03 08:45:00+00:00,2023-03-03 08:45:00+00:00,2023-03-03 09:10:00+00:00,12070.75,12062.0,12088.25,12088.25,objetivo,5,8.75,96.19999999999999,177.5,6.2,2.5,168.8,1.9291428571428573,False,0.6097397506158714,8,42989.87999999999,"A (partida 0,10 / 2R)"
MNQ,london,2023-03-08,A,0.1,2.0,1,2023-03-08 08:35:00+00:00,2023-03-08 08:35:00+00:00,2023-03-08 09:05:00+00:00,12186.25,12176.0,12206.75,12175.75,stop,4,10.25,88.96,-80.0,4.96,4.0,-88.96,-1.0848780487804877,False,1.0688038300397904,8,43158.67999999999,"A (partida 0,10 / 2R)"
MNQ,london,2023-03-09,A,0.1,2.0,-1,2023-03-09 09:05:00+00:00,2023-03-09 09:05:00+00:00,2023-03-09 11:00:00+00:00,12163.5,12178.5,12133.5,12157.75,cierre_sesion,3,15.0,95.22,37.5,3.7199999999999998,3.0,30.78,0.342,False,-0.1568834758095666,9,43069.719999999994,"A (partida 0,10 / 2R)"
MNQ,london,2023-03-13,A,0.1,2.0,-1,2023-03-13 08:40:00+00:00,2023-03-13 08:40:00+00:00,2023-03-13 08:50:00+00:00,11984.0,11996.25,11959.5,11959.5,objetivo,4,12.25,104.96,198.0,4.96,2.0,191.04,1.9493877551020407,False,-0.22144412305445352,8,43100.49999999999,"A (partida 0,10 / 2R)"
MNQ,london,2023-03-14,A,0.1,2.0,1,2023-03-14 08:35:00+00:00,2023-03-14 08:35:00+00:00,2023-03-14 08:45:00+00:00,11997.25,11984.0,12023.75,11983.75,stop,3,13.25,84.72,-78.0,3.7199999999999998,3.0,-84.72,-1.0656603773584905,False,0.5713624047748471,8,43291.53999999999,"A (partida 0,10 / 2R)"
MNQ,london,2023-03-15,A,0.1,2.0,-1,2023-03-15 08:55:00+00:00,2023-03-15 08:55:00+00:00,2023-03-15 09:00:00+00:00,12209.75,12219.5,12190.25,12190.25,objetivo,5,9.75,106.19999999999999,197.5,6.2,2.5,188.8,1.9364102564102565,False,-0.17565955729497043,8,43206.81999999999,"A (partida 0,10 / 2R)"
MNQ,london,2023-03-23,A,0.1,2.0,1,2023-03-23 08:45:00+00:00,2023-03-23 08:45:00+00:00,2023-03-23 09:25:00+00:00,12843.0,12826.0,12877.0,12825.75,stop,3,17.0,107.22,-100.5,3.7199999999999998,3.0,-107.22,-1.0511764705882354,False,0.6745680444596778,8,43395.619999999995,"A (partida 0,10 / 2R)"
MNQ,london,2023-03-24,A,0.1,2.0,-1,2023-03-24 08:50:00+00:00,2023-03-24 08:50:00+00:00,2023-03-24 08:55:00+00:00,12827.0,12847.0,12787.0,12847.25,stop,2,20.0,83.48,-79.0,2.48,2.0,-83.48,-1.0435,False,-0.20086009863995966,8,43288.399999999994,"A (partida 0,10 / 2R)"
MNQ,london,2023-03-27,A,0.1,2.0,1,2023-03-27 09:35:00+01:00,2023-03-27 09:35:00+01:00,2023-03-27 09:40:00+01:00,12909.0,12902.25,12922.5,12902.0,stop,7,6.75,106.68,-91.0,8.68,7.0,-106.68,-1.128888888888889,False,0.13788893639577343,9,43204.91999999999,"A (partida 0,10 / 2R)"
MNQ,london,2023-03-29,A,0.1,2.0,1,2023-03-29 08:55:00+01:00,2023-03-29 08:55:00+01:00,2023-03-29 09:00:00+01:00,12843.75,12838.25,12854.75,12838.0,stop,8,5.5,101.92,-84.0,9.92,8.0,-101.92,-1.1581818181818182,False,0.606779319061474,8,43098.23999999999,"A (partida 0,10 / 2R)"
MNQ,london,2023-03-30,A,0.1,2.0,1,2023-03-30 08:40:00+01:00,2023-03-30 08:40:00+01:00,2023-03-30 08:45:00+01:00,13000.75,12993.75,13014.75,12993.5,stop,6,7.0,94.44,-81.0,7.4399999999999995,6.0,-94.44,-1.1242857142857143,False,0.42437859529466304,8,42996.31999999999,"A (partida 0,10 / 2R)"
MNQ,london,2023-04-03,A,0.1,2.0,1,2023-04-03 09:00:00+01:00,2023-04-03 09:00:00+01:00,2023-04-03 09:00:00+01:00,13241.75,13232.0,13261.25,13231.75,stop,5,9.75,106.19999999999999,-95.0,6.2,5.0,-106.2,-1.0892307692307692,False,0.17708643341980174,8,42901.87999999999,"A (partida 0,10 / 2R)"
MNQ,london,2023-04-05,A,0.1,2.0,-1,2023-04-05 08:40:00+01:00,2023-04-05 08:40:00+01:00,2023-04-05 09:15:00+01:00,13212.5,13224.5,13188.5,13188.5,objetivo,4,12.0,102.96,194.0,4.96,2.0,187.04,1.9483333333333333,False,-0.6964726469523901,8,42795.67999999999,"A (partida 0,10 / 2R)"
MNQ,london,2023-04-07,A,0.1,2.0,-1,2023-04-07 08:35:00+01:00,2023-04-07 08:35:00+01:00,2023-04-07 08:35:00+01:00,13155.5,13159.25,13148.0,13159.5,stop,11,3.75,101.64,-77.0,13.64,11.0,-101.64,-1.232,False,-1.498956702686224,8,42982.719999999994,"A (partida 0,10 / 2R)"
MNQ,london,2023-04-12,A,0.1,2.0,-1,2023-04-12 08:40:00+01:00,2023-04-12 08:40:00+01:00,2023-04-12 08:40:00+01:00,13042.75,13046.25,13035.75,13046.5,stop,12,3.5,104.88,-78.0,14.879999999999999,12.0,-104.88,-1.2485714285714284,False,-0.4928474471298801,8,42881.079999999994,"A (partida 0,10 / 2R)"
MNQ,london,2023-04-19,A,0.1,2.0,-1,2023-04-19 09:15:00+01:00,2023-04-19 09:15:00+01:00,2023-04-19 10:50:00+01:00,13106.0,13125.75,13066.5,13066.5,objetivo,2,19.75,82.48,159.0,2.48,1.0,155.52,1.968607594936709,False,-0.32141275246981627,9,42776.2,"A (partida 0,10 / 2R)"
MNQ,london,2023-04-20,A,0.1,2.0,-1,2023-04-20 08:50:00+01:00,2023-04-20 08:50:00+01:00,2023-04-20 08:50:00+01:00,13069.0,13073.0,13061.0,13073.25,stop,11,4.0,107.14,-82.5,13.64,11.0,-107.14,-1.2175,False,-2.429545599383154,8,42931.719999999994,"A (partida 0,10 / 2R)"
MNQ,london,2023-04-25,A,0.1,2.0,-1,2023-04-25 08:40:00+01:00,2023-04-25 08:40:00+01:00,2023-04-25 09:40:00+01:00,12988.75,13001.75,12962.75,13002.0,stop,3,13.0,83.22,-76.5,3.7199999999999998,3.0,-83.22,-1.0669230769230769,False,-0.6160001297080431,8,42824.579999999994,"A (partida 0,10 / 2R)"
MNQ,london,2023-04-26,A,0.1,2.0,-1,2023-04-26 08:45:00+01:00,2023-04-26 08:45:00+01:00,2023-04-26 09:00:00+01:00,12953.25,12967.5,12924.75,12967.75,stop,3,14.25,90.72,-84.0,3.7199999999999998,3.0,-90.72,-1.0610526315789472,False,-0.39024794976027044,8,42741.35999999999,"A (partida 0,10 / 2R)"
MNQ,london,2023-04-28,A,0.1,2.0,-1,2023-04-28 08:45:00+01:00,2023-04-28 08:45:00+01:00,2023-04-28 08:45:00+01:00,13190.25,13196.75,13177.25,13197.0,stop,7,6.5,103.18,-87.5,8.68,7.0,-103.18,-1.133846153846154,False,-0.5960192097157606,8,42650.63999999999,"A (partida 0,10 / 2R)"
MNQ,london,2023-05-09,A,0.1,2.0,-1,2023-05-09 09:00:00+01:00,2023-05-09 09:00:00+01:00,2023-05-09 09:25:00+01:00,13318.5,13326.0,13303.5,13303.5,objetivo,6,7.5,100.44,183.0,7.4399999999999995,3.0,172.56,1.9173333333333333,False,-0.14490271180716083,8,42547.45999999999,"A (partida 0,10 / 2R)"
MNQ,london,2023-05-10,A,0.1,2.0,-1,2023-05-10 08:50:00+01:00,2023-05-10 08:50:00+01:00,2023-05-10 08:55:00+01:00,13244.25,13248.0,13236.75,13236.75,objetivo,11,3.75,101.64,170.5,13.64,5.5,151.36,1.834666666666667,False,-2.184769168000462,8,42720.01999999999,"A (partida 0,10 / 2R)"
MNQ,london,2023-05-17,A,0.1,2.0,-1,2023-05-17 08:55:00+01:00,2023-05-17 08:55:00+01:00,2023-05-17 09:00:00+01:00,13485.0,13492.0,13471.0,13492.25,stop,6,7.0,94.44,-81.0,7.4399999999999995,6.0,-94.44,-1.1242857142857143,False,-1.194098497827552,8,42871.37999999999,"A (partida 0,10 / 2R)"
MNQ,london,2023-05-18,A,0.1,2.0,1,2023-05-18 08:40:00+01:00,2023-05-18 08:40:00+01:00,2023-05-18 08:55:00+01:00,13657.75,13649.25,13674.75,13649.0,stop,5,8.5,93.69999999999999,-82.5,6.2,5.0,-93.7,-1.1023529411764705,False,1.3723104515686275,8,42776.93999999999,"A (partida 0,10 / 2R)"
MNQ,london,2023-05-26,A,0.1,2.0,-1,2023-05-26 08:35:00+01:00,2023-05-26 08:35:00+01:00,2023-05-26 08:45:00+01:00,13963.25,13972.5,13944.75,13944.75,objetivo,5,9.25,101.19999999999999,187.5,6.2,2.5,178.8,1.932972972972973,False,-0.6071205915342788,8,42683.23999999999,"A (partida 0,10 / 2R)"
MNQ,london,2023-05-29,A,0.1,2.0,-1,2023-05-29 08:35:00+01:00,2023-05-29 08:35:00+01:00,2023-05-29 10:25:00+01:00,14409.5,14418.0,14392.5,14392.5,objetivo,5,8.5,93.69999999999999,172.5,6.2,2.5,163.8,1.927058823529412,False,-1.218446014207538,8,42862.03999999999,"A (partida 0,10 / 2R)"
MNQ,london,2023-06-02,A,0.1,2.0,-1,2023-06-02 08:35:00+01:00,2023-06-02 08:35:00+01:00,2023-06-02 08:40:00+01:00,14503.5,14508.0,14494.5,14508.25,stop,10,4.5,107.4,-85.0,12.4,10.0,-107.4,-1.1933333333333334,False,-0.9159548485977617,8,43025.84,"A (partida 0,10 / 2R)"
MNQ,london,2023-06-06,A,0.1,2.0,1,2023-06-06 08:55:00+01:00,2023-06-06 08:55:00+01:00,2023-06-06 08:55:00+01:00,14602.25,14594.5,14617.75,14594.25,stop,6,7.75,103.44,-90.0,7.4399999999999995,6.0,-103.44,-1.112258064516129,False,1.3383179928816842,8,42918.439999999995,"A (partida 0,10 / 2R)"
MNQ,london,2023-06-07,A,0.1,2.0,-1,2023-06-07 08:40:00+01:00,2023-06-07 08:40:00+01:00,2023-06-07 10:20:00+01:00,14551.25,14559.25,14535.25,14559.5,stop,6,8.0,106.44,-93.0,7.4399999999999995,6.0,-106.44,-1.10875,False,-0.8410436358380614,8,42814.99999999999,"A (partida 0,10 / 2R)"
MNQ,london,2023-06-08,A,0.1,2.0,1,2023-06-08 08:40:00+01:00,2023-06-08 08:40:00+01:00,2023-06-08 08:50:00+01:00,14300.75,14293.75,14314.75,14293.5,stop,6,7.0,94.44,-81.0,7.4399999999999995,6.0,-94.44,-1.1242857142857143,False,1.0364787427489917,8,42708.55999999999,"A (partida 0,10 / 2R)"
MNQ,london,2023-06-09,A,0.1,2.0,-1,2023-06-09 08:45:00+01:00,2023-06-09 08:45:00+01:00,2023-06-09 08:45:00+01:00,14470.25,14474.75,14461.25,14475.0,stop,9,4.5,96.66,-76.5,11.16,9.0,-96.66,-1.1933333333333334,False,-1.664028978554097,8,42614.11999999999,"A (partida 0,10 / 2R)"
MNQ,london,2023-06-14,A,0.1,2.0,1,2023-06-14 08:45:00+01:00,2023-06-14 08:45:00+01:00,2023-06-14 08:45:00+01:00,14952.5,14945.75,14966.0,14945.5,stop,6,6.75,91.44,-78.0,7.4399999999999995,6.0,-91.44,-1.1288888888888888,False,1.8306377867341768,8,42517.459999999985,"A (partida 0,10 / 2R)"
MNQ,london,2023-06-29,A,0.1,2.0,-1,2023-06-29 08:35:00+01:00,2023-06-29 08:35:00+01:00,2023-06-29 08:40:00+01:00,15120.0,15125.25,15109.5,15125.5,stop,8,5.25,97.92,-80.0,9.92,8.0,-97.92,-1.1657142857142857,False,-0.4943698309493993,8,42426.01999999998,"A (partida 0,10 / 2R)"
MNQ,london,2023-07-04,A,0.1,2.0,1,2023-07-04 08:45:00+01:00,2023-07-04 08:45:00+01:00,2023-07-04 09:05:00+01:00,15358.75,15353.25,15369.75,15353.0,stop,8,5.5,101.92,-84.0,9.92,8.0,-101.92,-1.1581818181818182,False,0.4666928180281559,8,42328.099999999984,"A (partida 0,10 / 2R)"
MNQ,london,2023-07-07,A,0.1,2.0,-1,2023-07-07 08:50:00+01:00,2023-07-07 08:50:00+01:00,2023-07-07 08:55:00+01:00,15182.0,15188.25,15169.5,15188.5,stop,7,6.25,99.68,-84.0,8.68,7.0,-99.68,-1.1392,False,-0.22219773583174243,8,42226.179999999986,"A (partida 0,10 / 2R)"
MNQ,london,2023-07-13,A,0.1,2.0,1,2023-07-13 08:40:00+01:00,2023-07-13 08:40:00+01:00,2023-07-13 09:25:00+01:00,15526.25,15516.25,15546.25,15546.25,objetivo,4,10.0,86.96,162.0,4.96,2.0,155.04,1.938,False,1.522062500292252,8,42126.499999999985,"A (partida 0,10 / 2R)"
MNQ,london,2023-07-20,A,0.1,2.0,-1,2023-07-20 09:15:00+01:00,2023-07-20 09:15:00+01:00,2023-07-20 11:00:00+01:00,15835.25,15853.0,15799.75,15833.5,cierre_sesion,2,17.75,74.48,9.0,2.48,2.0,4.52,0.0636619718309859,False,-0.11275509085397276,9,42281.539999999986,"A (partida 0,10 / 2R)"
MNQ,london,2023-07-24,A,0.1,2.0,1,2023-07-24 08:45:00+01:00,2023-07-24 08:45:00+01:00,2023-07-24 08:50:00+01:00,15571.75,15566.25,15582.75,15582.75,objetivo,8,5.5,101.92,180.0,9.92,4.0,166.08,1.8872727272727274,False,0.9727114922334802,8,42286.05999999998,"A (partida 0,10 / 2R)"
MNQ,london,2023-07-25,A,0.1,2.0,1,2023-07-25 09:05:00+01:00,2023-07-25 09:05:00+01:00,2023-07-25 09:05:00+01:00,15595.25,15587.0,15611.75,15586.75,stop,5,8.25,91.19999999999999,-80.0,6.2,5.0,-91.2,-1.1054545454545455,False,0.13607817620536392,9,42452.139999999985,"A (partida 0,10 / 2R)"
MNQ,london,2023-07-27,A,0.1,2.0,1,2023-07-27 08:40:00+01:00,2023-07-27 08:40:00+01:00,2023-07-27 09:10:00+01:00,15757.25,15745.25,15781.25,15781.25,objetivo,4,12.0,102.96,194.0,4.96,2.0,187.04,1.9483333333333333,False,1.7749973190019497,8,42360.93999999999,"A (partida 0,10 / 2R)"
MNQ,london,2023-07-28,A,0.1,2.0,1,2023-07-28 08:40:00+01:00,2023-07-28 08:40:00+01:00,2023-07-28 08:45:00+01:00,15689.5,15685.5,15697.5,15685.25,stop,10,4.0,97.4,-75.0,12.4,10.0,-97.4,-1.2175,False,2.144190938445849,8,42547.97999999999,"A (partida 0,10 / 2R)"
MNQ,london,2023-07-31,A,0.1,2.0,-1,2023-07-31 09:00:00+01:00,2023-07-31 09:00:00+01:00,2023-07-31 09:00:00+01:00,15821.5,15826.25,15812.0,15826.5,stop,9,4.75,101.16,-81.0,11.16,9.0,-101.16,-1.183157894736842,False,-0.18842102602062022,8,42450.57999999999,"A (partida 0,10 / 2R)"
MNQ,london,2023-08-01,A,0.1,2.0,-1,2023-08-01 09:10:00+01:00,2023-08-01 09:10:00+01:00,2023-08-01 09:30:00+01:00,15820.0,15829.25,15801.5,15801.5,objetivo,5,9.25,101.19999999999999,187.5,6.2,2.5,178.8,1.932972972972973,False,-0.20279927828274233,9,42349.419999999984,"A (partida 0,10 / 2R)"
MNQ,london,2023-08-02,A,0.1,2.0,-1,2023-08-02 09:00:00+01:00,2023-08-02 09:00:00+01:00,2023-08-02 09:15:00+01:00,15625.5,15638.75,15599.0,15599.0,objetivo,3,13.25,84.72,160.5,3.7199999999999998,1.5,155.28,1.9532075471698114,False,-0.826530261426949,8,42528.21999999999,"A (partida 0,10 / 2R)"
MNQ,london,2023-08-03,A,0.1,2.0,-1,2023-08-03 08:40:00+01:00,2023-08-03 08:40:00+01:00,2023-08-03 08:45:00+01:00,15346.0,15361.75,15314.5,15362.0,stop,3,15.75,99.72,-93.0,3.7199999999999998,3.0,-99.72,-1.0552380952380953,False,-1.1823239256724105,8,42683.499999999985,"A (partida 0,10 / 2R)"
MNQ,london,2023-08-07,A,0.1,2.0,1,2023-08-07 08:40:00+01:00,2023-08-07 08:40:00+01:00,2023-08-07 09:05:00+01:00,15461.0,15446.5,15490.0,15446.25,stop,3,14.5,92.22,-85.5,3.7199999999999998,3.0,-92.22,-1.06,False,1.158087174116956,8,42583.779999999984,"A (partida 0,10 / 2R)"
MNQ,london,2023-08-08,A,0.1,2.0,1,2023-08-08 08:35:00+01:00,2023-08-08 08:35:00+01:00,2023-08-08 08:35:00+01:00,15427.75,15417.25,15448.75,15417.0,stop,4,10.5,90.96,-82.0,4.96,4.0,-90.96,-1.0828571428571427,False,0.1789580580967563,8,42491.55999999998,"A (partida 0,10 / 2R)"
MNQ,london,2023-08-14,A,0.1,2.0,1,2023-08-14 09:40:00+01:00,2023-08-14 09:40:00+01:00,2023-08-14 09:50:00+01:00,15163.5,15151.0,15188.5,15150.75,stop,3,12.5,80.22,-73.5,3.7199999999999998,3.0,-80.22,-1.0695999999999999,False,0.11247659950760158,9,42400.599999999984,"A (partida 0,10 / 2R)"
MNQ,london,2023-08-15,A,0.1,2.0,-1,2023-08-15 08:45:00+01:00,2023-08-15 08:45:00+01:00,2023-08-15 08:45:00+01:00,15219.0,15226.5,15204.0,15226.75,stop,6,7.5,100.44,-87.0,7.4399999999999995,6.0,-100.44,-1.1159999999999999,False,-2.7645021897163393,8,42320.37999999998,"A (partida 0,10 / 2R)"
MNQ,london,2023-08-16,A,0.1,2.0,1,2023-08-16 08:35:00+01:00,2023-08-16 08:35:00+01:00,2023-08-16 10:20:00+01:00,15139.5,15121.75,15175.0,15121.5,stop,2,17.75,74.48,-70.0,2.48,2.0,-74.48,-1.0490140845070424,False,0.1694489231498953,8,42219.93999999998,"A (partida 0,10 / 2R)"
MNQ,london,2023-08-16,A,0.1,2.0,-1,2023-08-16 10:25:00+01:00,2023-08-16 10:25:00+01:00,2023-08-16 11:00:00+01:00,15120.25,15131.75,15097.25,15118.75,cierre_sesion,4,11.5,98.96,16.0,4.96,4.0,7.04,0.07652173913043478,False,-0.11911508382743846,10,42145.45999999998,"A (partida 0,10 / 2R)"
MNQ,london,2023-08-21,A,0.1,2.0,1,2023-08-21 08:45:00+01:00,2023-08-21 08:45:00+01:00,2023-08-21 08:55:00+01:00,14788.75,14774.75,14816.75,14816.75,objetivo,3,14.0,89.22,169.5,3.7199999999999998,1.5,164.28,1.9557142857142857,False,0.6901193851415517,8,42152.49999999998,"A (partida 0,10 / 2R)"
MNQ,london,2023-08-22,A,0.1,2.0,1,2023-08-22 08:40:00+01:00,2023-08-22 08:40:00+01:00,2023-08-22 10:45:00+01:00,15042.75,15027.5,15073.25,15073.25,objetivo,3,15.25,96.71999999999998,184.5,3.7199999999999998,1.5,179.28,1.959344262295082,False,1.1112420874583449,8,42316.77999999998,"A (partida 0,10 / 2R)"
MNQ,london,2023-08-23,A,0.1,2.0,1,2023-08-23 08:50:00+01:00,2023-08-23 08:50:00+01:00,2023-08-23 10:20:00+01:00,15059.75,15046.75,15085.75,15046.5,stop,3,13.0,83.22,-76.5,3.7199999999999998,3.0,-83.22,-1.0669230769230769,False,0.9643967988435399,8,42496.059999999976,"A (partida 0,10 / 2R)"
MNQ,london,2023-08-25,A,0.1,2.0,1,2023-08-25 08:35:00+01:00,2023-08-25 08:35:00+01:00,2023-08-25 08:40:00+01:00,14853.25,14840.75,14878.25,14840.5,stop,3,12.5,80.22,-73.5,3.7199999999999998,3.0,-80.22,-1.0695999999999999,False,1.5765849748216825,8,42412.839999999975,"A (partida 0,10 / 2R)"
MNQ,london,2023-08-31,A,0.1,2.0,-1,2023-08-31 10:05:00+01:00,2023-08-31 10:05:00+01:00,2023-08-31 11:00:00+01:00,15489.75,15509.75,15449.75,15466.75,cierre_sesion,2,20.0,83.48,94.0,2.48,2.0,89.52,1.119,False,-0.10406478569242952,10,42332.61999999997,"A (partida 0,10 / 2R)"
MNQ,london,2023-09-07,A,0.1,2.0,-1,2023-09-07 08:40:00+01:00,2023-09-07 08:40:00+01:00,2023-09-07 08:40:00+01:00,15310.25,15321.0,15288.75,15321.25,stop,4,10.75,92.96,-84.0,4.96,4.0,-92.96,-1.0809302325581394,False,-0.9391868573249712,8,42422.13999999997,"A (partida 0,10 / 2R)"
MNQ,london,2023-09-11,A,0.1,2.0,1,2023-09-11 08:40:00+01:00,2023-09-11 08:40:00+01:00,2023-09-11 08:40:00+01:00,15397.75,15393.5,15406.25,15393.25,stop,10,4.25,102.4,-80.0,12.4,10.0,-102.4,-1.2047058823529413,False,1.5468144019446493,8,42329.17999999997,"A (partida 0,10 / 2R)"
MNQ,london,2023-09-12,A,0.1,2.0,-1,2023-09-12 08:50:00+01:00,2023-09-12 08:50:00+01:00,2023-09-12 09:45:00+01:00,15439.5,15447.75,15423.0,15423.0,objetivo,5,8.25,91.19999999999999,167.5,6.2,2.5,158.8,1.924848484848485,False,-1.0827220465421856,8,42226.77999999997,"A (partida 0,10 / 2R)"
MNQ,london,2023-09-22,A,0.1,2.0,-1,2023-09-22 09:30:00+01:00,2023-09-22 09:30:00+01:00,2023-09-22 09:30:00+01:00,14909.5,14913.25,14902.0,14913.5,stop,11,3.75,101.64,-77.0,13.64,11.0,-101.64,-1.232,False,-0.1380033833900613,9,42385.57999999997,"A (partida 0,10 / 2R)"
MNQ,london,2023-10-03,A,0.1,2.0,1,2023-10-03 09:05:00+01:00,2023-10-03 09:05:00+01:00,2023-10-03 10:10:00+01:00,15005.25,14979.25,15057.25,14979.0,stop,1,26.0,53.74,-51.5,1.24,1.0,-53.74,-1.0334615384615384,False,0.6503283040061577,9,42283.93999999997,"A (partida 0,10 / 2R)"
MNQ,london,2023-10-04,A,0.1,2.0,1,2023-10-04 08:45:00+01:00,2023-10-04 08:45:00+01:00,2023-10-04 11:00:00+01:00,14647.25,14604.25,14733.25,14698.75,cierre_sesion,1,43.0,87.74,104.0,1.24,1.0,101.76,1.1832558139534883,False,0.4577843479216029,8,42230.199999999975,"A (partida 0,10 / 2R)"
MNQ,london,2023-10-05,A,0.1,2.0,1,2023-10-05 09:05:00+01:00,2023-10-05 09:05:00+01:00,2023-10-05 09:50:00+01:00,14905.75,14881.25,14954.75,14881.0,stop,2,24.5,101.48,-97.0,2.48,2.0,-101.48,-1.0355102040816326,False,0.11411730988594378,9,42331.95999999998,"A (partida 0,10 / 2R)"
MNQ,london,2023-10-05,A,0.1,2.0,-1,2023-10-05 10:05:00+01:00,2023-10-05 10:05:00+01:00,2023-10-05 10:05:00+01:00,14862.75,14872.25,14843.75,14872.5,stop,5,9.5,103.69999999999999,-92.5,6.2,5.0,-103.7,-1.091578947368421,False,-0.1449765069382982,10,42230.479999999974,"A (partida 0,10 / 2R)"
MNQ,london,2023-10-06,A,0.1,2.0,1,2023-10-06 08:40:00+01:00,2023-10-06 08:40:00+01:00,2023-10-06 08:45:00+01:00,14882.0,14871.75,14902.5,14871.5,stop,4,10.25,88.96,-80.0,4.96,4.0,-88.96,-1.0848780487804877,False,1.0024633764394557,8,42126.77999999998,"A (partida 0,10 / 2R)"
MNQ,london,2023-10-10,A,0.1,2.0,1,2023-10-10 08:35:00+01:00,2023-10-10 08:35:00+01:00,2023-10-10 08:45:00+01:00,15227.0,15218.25,15244.5,15218.0,stop,5,8.75,96.19999999999999,-85.0,6.2,5.0,-96.2,-1.0994285714285714,False,0.9893953553976788,8,42037.81999999998,"A (partida 0,10 / 2R)"
MNQ,london,2023-10-12,A,0.1,2.0,-1,2023-10-12 08:35:00+01:00,2023-10-12 08:35:00+01:00,2023-10-12 08:40:00+01:00,15416.75,15425.25,15399.75,15425.5,stop,5,8.5,93.69999999999999,-82.5,6.2,5.0,-93.7,-1.1023529411764705,False,-1.0811276430296388,8,41941.61999999998,"A (partida 0,10 / 2R)"
MNQ,london,2023-10-16,A,0.1,2.0,-1,2023-10-16 08:40:00+01:00,2023-10-16 08:40:00+01:00,2023-10-16 09:05:00+01:00,15123.75,15139.0,15093.25,15093.25,objetivo,3,15.25,96.71999999999998,184.5,3.7199999999999998,1.5,179.28,1.959344262295082,False,-1.2781432591278883,8,41847.919999999984,"A (partida 0,10 / 2R)"
MNQ,london,2023-10-18,A,0.1,2.0,-1,2023-10-18 10:40:00+01:00,2023-10-18 10:40:00+01:00,2023-10-18 10:40:00+01:00,15164.0,15168.5,15155.0,15155.0,objetivo,9,4.5,96.66,166.5,11.16,4.5,150.84,1.8622222222222222,False,-0.1669418116424156,10,42027.19999999998,"A (partida 0,10 / 2R)"
MNQ,london,2023-10-23,A,0.1,2.0,-1,2023-10-23 08:35:00+01:00,2023-10-23 08:35:00+01:00,2023-10-23 08:40:00+01:00,14666.0,14675.25,14647.5,14647.5,objetivo,5,9.25,101.19999999999999,187.5,6.2,2.5,178.8,1.932972972972973,False,-1.398768774769726,8,42178.03999999998,"A (partida 0,10 / 2R)"
MNQ,london,2023-10-25,A,0.1,2.0,-1,2023-10-25 08:45:00+01:00,2023-10-25 08:45:00+01:00,2023-10-25 08:45:00+01:00,14726.75,14733.0,14714.25,14733.25,stop,7,6.25,99.68,-84.0,8.68,7.0,-99.68,-1.1392,False,-1.6655460819850358,8,42356.83999999998,"A (partida 0,10 / 2R)"
MNQ,london,2023-11-01,A,0.1,2.0,-1,2023-11-01 08:45:00+00:00,2023-11-01 08:45:00+00:00,2023-11-01 10:10:00+00:00,14441.75,14453.5,14418.25,14418.25,objetivo,4,11.75,100.96,190.0,4.96,2.0,183.04,1.9472340425531913,False,-0.7561528069860864,8,42257.15999999998,"A (partida 0,10 / 2R)"
MNQ,london,2023-11-02,A,0.1,2.0,1,2023-11-02 08:50:00+00:00,2023-11-02 08:50:00+00:00,2023-11-02 09:30:00+00:00,14838.25,14827.75,14859.25,14859.25,objetivo,4,10.5,90.96,170.0,4.96,2.0,163.04,1.9409523809523808,False,1.3462886795140931,8,42440.19999999998,"A (partida 0,10 / 2R)"
MNQ,london,2023-11-15,A,0.1,2.0,1,2023-11-15 08:40:00+00:00,2023-11-15 08:40:00+00:00,2023-11-15 08:40:00+00:00,15936.75,15930.75,15948.75,15948.75,objetivo,7,6.0,96.18,171.5,8.68,3.5,159.32,1.8966666666666665,False,0.44411732559002026,8,42603.23999999998,"A (partida 0,10 / 2R)"
MNQ,london,2023-11-15,A,0.1,2.0,-1,2023-11-15 09:45:00+00:00,2023-11-15 09:45:00+00:00,2023-11-15 10:05:00+00:00,15926.25,15940.0,15898.75,15940.25,stop,3,13.75,87.72,-81.0,3.7199999999999998,3.0,-87.72,-1.0632727272727274,False,-0.11181105496820724,9,42762.55999999998,"A (partida 0,10 / 2R)"
MNQ,london,2023-11-20,A,0.1,2.0,1,2023-11-20 08:55:00+00:00,2023-11-20 08:55:00+00:00,2023-11-20 09:00:00+00:00,15884.75,15878.5,15897.25,15897.25,objetivo,7,6.25,99.68,178.5,8.68,3.5,166.32,1.9007999999999998,False,0.17212919476850896,8,42674.83999999998,"A (partida 0,10 / 2R)"
MNQ,london,2023-11-27,A,0.1,2.0,1,2023-11-27 08:35:00+00:00,2023-11-27 08:35:00+00:00,2023-11-27 08:50:00+00:00,15996.5,15990.75,16008.0,15990.5,stop,8,5.75,105.92,-88.0,9.92,8.0,-105.92,-1.151304347826087,False,0.6341582251339225,8,42841.15999999998,"A (partida 0,10 / 2R)"
MNQ,london,2023-11-28,A,0.1,2.0,-1,2023-11-28 08:45:00+00:00,2023-11-28 08:45:00+00:00,2023-11-28 08:50:00+00:00,15951.75,15965.25,15924.75,15965.5,stop,3,13.5,86.22,-79.5,3.7199999999999998,3.0,-86.22,-1.0644444444444445,False,-0.37272428206604674,8,42735.23999999998,"A (partida 0,10 / 2R)"
MNQ,london,2023-11-29,A,0.1,2.0,1,2023-11-29 08:45:00+00:00,2023-11-29 08:45:00+00:00,2023-11-29 08:50:00+00:00,16096.25,16085.0,16118.75,16084.75,stop,4,11.25,96.96,-88.0,4.96,4.0,-96.96,-1.0773333333333333,False,0.8031168806027794,8,42649.01999999998,"A (partida 0,10 / 2R)"
MNQ,london,2023-12-01,A,0.1,2.0,1,2023-12-01 08:35:00+00:00,2023-12-01 08:35:00+00:00,2023-12-01 09:15:00+00:00,15975.5,15968.25,15990.0,15990.0,objetivo,6,7.25,97.44000000000001,177.0,7.4399999999999995,3.0,166.56,1.9144827586206896,False,1.374298317934474,8,42552.05999999998,"A (partida 0,10 / 2R)"
MNQ,london,2023-12-05,A,0.1,2.0,1,2023-12-05 08:40:00+00:00,2023-12-05 08:40:00+00:00,2023-12-05 08:40:00+00:00,15802.5,15789.0,15829.5,15788.75,stop,3,13.5,86.22,-79.5,3.7199999999999998,3.0,-86.22,-1.0644444444444445,False,0.7651752272888804,8,42718.61999999998,"A (partida 0,10 / 2R)"
MNQ,london,2023-12-11,A,0.1,2.0,1,2023-12-11 09:10:00+00:00,2023-12-11 09:10:00+00:00,2023-12-11 10:25:00+00:00,16077.75,16067.25,16098.75,16067.0,stop,4,10.5,90.96,-82.0,4.96,4.0,-90.96,-1.0828571428571427,False,0.11880449631573631,9,42632.39999999998,"A (partida 0,10 / 2R)"
MNQ,london,2023-12-19,A,0.1,2.0,1,2023-12-19 08:35:00+00:00,2023-12-19 08:35:00+00:00,2023-12-19 09:05:00+00:00,16942.5,16936.5,16954.5,16936.25,stop,7,6.0,96.18,-80.5,8.68,7.0,-96.18,-1.145,False,1.0590340166654,8,42541.43999999998,"A (partida 0,10 / 2R)"
MNQ,london,2023-12-20,A,0.1,2.0,-1,2023-12-20 08:40:00+00:00,2023-12-20 08:40:00+00:00,2023-12-20 08:40:00+00:00,16988.25,16992.5,16979.75,16992.75,stop,10,4.25,102.4,-80.0,12.4,10.0,-102.4,-1.2047058823529413,False,-1.7594495064183913,8,42445.25999999998,"A (partida 0,10 / 2R)"
MNQ,london,2023-12-22,A,0.1,2.0,1,2023-12-22 08:35:00+00:00,2023-12-22 08:35:00+00:00,2023-12-22 08:45:00+00:00,16917.5,16908.25,16936.0,16908.0,stop,5,9.25,101.19999999999999,-90.0,6.2,5.0,-101.2,-1.094054054054054,False,0.10185590815551156,8,42342.85999999998,"A (partida 0,10 / 2R)"
MNQ,london,2024-01-02,A,0.1,2.0,-1,2024-01-02 09:05:00+00:00,2024-01-02 09:05:00+00:00,2024-01-02 09:50:00+00:00,17015.25,17028.75,16988.25,16988.25,objetivo,3,13.5,86.22,163.5,3.7199999999999998,1.5,158.28,1.954074074074074,False,-0.10977510865554244,9,42241.65999999998,"A (partida 0,10 / 2R)"
MNQ,london,2024-01-10,A,0.1,2.0,1,2024-01-10 09:00:00+00:00,2024-01-10 09:00:00+00:00,2024-01-10 09:05:00+00:00,16859.0,16850.0,16877.0,16877.0,objetivo,5,9.0,98.69999999999999,182.5,6.2,2.5,173.8,1.9311111111111112,False,0.1589939150590892,8,42399.93999999998,"A (partida 0,10 / 2R)"
MNQ,london,2024-01-11,A,0.1,2.0,1,2024-01-11 08:40:00+00:00,2024-01-11 08:40:00+00:00,2024-01-11 09:05:00+00:00,17040.25,17034.75,17051.25,17034.5,stop,8,5.5,101.92,-84.0,9.92,8.0,-101.92,-1.1581818181818182,False,2.199072854965668,8,42573.73999999998,"A (partida 0,10 / 2R)"
MNQ,london,2024-01-11,A,0.1,2.0,-1,2024-01-11 09:20:00+00:00,2024-01-11 09:20:00+00:00,2024-01-11 09:30:00+00:00,17017.0,17022.75,17005.5,17005.5,objetivo,8,5.75,105.92,188.0,9.92,4.0,174.08,1.8921739130434785,False,-0.12052235742149595,9,42471.819999999985,"A (partida 0,10 / 2R)"
MNQ,london,2024-01-22,A,0.1,2.0,-1,2024-01-22 08:35:00+00:00,2024-01-22 08:35:00+00:00,2024-01-22 08:55:00+00:00,17520.75,17531.25,17499.75,17531.5,stop,4,10.5,90.96,-82.0,4.96,4.0,-90.96,-1.0828571428571427,False,-0.8079657103342746,8,42645.89999999999,"A (partida 0,10 / 2R)"
MNQ,london,2024-01-23,A,0.1,2.0,-1,2024-01-23 08:40:00+00:00,2024-01-23 08:40:00+00:00,2024-01-23 09:00:00+00:00,17436.75,17446.0,17418.25,17446.25,stop,5,9.25,101.19999999999999,-90.0,6.2,5.0,-101.2,-1.094054054054054,False,-2.709003578743067,8,42554.93999999999,"A (partida 0,10 / 2R)"
MNQ,london,2024-01-24,A,0.1,2.0,1,2024-01-24 08:40:00+00:00,2024-01-24 08:40:00+00:00,2024-01-24 08:45:00+00:00,17642.25,17637.25,17652.25,17637.0,stop,9,5.0,105.66,-85.5,11.16,9.0,-105.66,-1.174,False,0.22249925392725572,8,42453.73999999999,"A (partida 0,10 / 2R)"
MNQ,london,2024-02-01,A,0.1,2.0,1,2024-02-01 08:45:00+00:00,2024-02-01 08:45:00+00:00,2024-02-01 08:45:00+00:00,17345.0,17338.75,17357.5,17338.5,stop,7,6.25,99.68,-84.0,8.68,7.0,-99.68,-1.1392,False,0.9897144610872332,8,42348.07999999999,"A (partida 0,10 / 2R)"
MNQ,london,2024-02-06,A,0.1,2.0,-1,2024-02-06 08:40:00+00:00,2024-02-06 08:40:00+00:00,2024-02-06 09:10:00+00:00,17752.0,17759.25,17737.5,17737.5,objetivo,6,7.25,97.44000000000001,177.0,7.4399999999999995,3.0,166.56,1.9144827586206896,False,-0.17604858343861945,8,42248.39999999999,"A (partida 0,10 / 2R)"
MNQ,london,2024-02-09,A,0.1,2.0,1,2024-02-09 08:50:00+00:00,2024-02-09 08:50:00+00:00,2024-02-09 09:00:00+00:00,17913.0,17908.25,17922.5,17908.0,stop,9,4.75,101.16,-81.0,11.16,9.0,-101.16,-1.183157894736842,False,1.0092845714515548,8,42414.959999999985,"A (partida 0,10 / 2R)"
MNQ,london,2024-02-14,A,0.1,2.0,1,2024-02-14 08:45:00+00:00,2024-02-14 08:45:00+00:00,2024-02-14 08:45:00+00:00,17750.75,17741.25,17769.75,17741.0,stop,5,9.5,103.69999999999999,-92.5,6.2,5.0,-103.7,-1.091578947368421,False,0.5984014938675827,8,42313.79999999998,"A (partida 0,10 / 2R)"
MNQ,london,2024-02-15,A,0.1,2.0,-1,2024-02-15 09:10:00+00:00,2024-02-15 09:10:00+00:00,2024-02-15 11:00:00+00:00,17900.25,17911.75,17877.25,17897.75,cierre_sesion,4,11.5,98.96,24.0,4.96,4.0,15.04,0.1634782608695652,False,-0.19641892881927425,9,42210.099999999984,"A (partida 0,10 / 2R)"
MNQ,london,2024-02-16,A,0.1,2.0,1,2024-02-16 08:40:00+00:00,2024-02-16 08:40:00+00:00,2024-02-16 09:05:00+00:00,18011.25,18003.25,18027.25,18003.0,stop,5,8.0,88.69999999999999,-77.5,6.2,5.0,-88.7,-1.1087500000000001,False,1.7709461872611993,8,42225.139999999985,"A (partida 0,10 / 2R)"
MNQ,london,2024-02-21,A,0.1,2.0,-1,2024-02-21 08:40:00+00:00,2024-02-21 08:40:00+00:00,2024-02-21 08:45:00+00:00,17532.0,17541.25,17513.5,17541.5,stop,5,9.25,101.19999999999999,-90.0,6.2,5.0,-101.2,-1.094054054054054,False,-2.0612707352577213,8,42136.43999999999,"A (partida 0,10 / 2R)"
MNQ,london,2024-02-22,A,0.1,2.0,1,2024-02-22 08:50:00+00:00,2024-02-22 08:50:00+00:00,2024-02-22 09:00:00+00:00,17888.25,17882.5,17899.75,17882.25,stop,7,5.75,92.68,-77.0,8.68,7.0,-92.68,-1.1513043478260871,False,0.6763820625084744,8,42035.23999999999,"A (partida 0,10 / 2R)"
MNQ,london,2024-02-26,A,0.1,2.0,1,2024-02-26 08:45:00+00:00,2024-02-26 08:45:00+00:00,2024-02-26 09:05:00+00:00,17968.25,17954.0,17996.75,17953.75,stop,3,14.25,90.72,-84.0,3.7199999999999998,3.0,-90.72,-1.0610526315789472,False,0.5776108133155592,8,41942.55999999999,"A (partida 0,10 / 2R)"
MNQ,london,2024-02-28,A,0.1,2.0,-1,2024-02-28 08:45:00+00:00,2024-02-28 08:45:00+00:00,2024-02-28 08:55:00+00:00,17959.0,17965.75,17945.5,17945.5,objetivo,6,6.75,91.44,165.0,7.4399999999999995,3.0,154.56,1.9081481481481481,False,-1.4583756648762942,8,41851.83999999999,"A (partida 0,10 / 2R)"
MNQ,london,2024-02-29,A,0.1,2.0,-1,2024-02-29 09:30:00+00:00,2024-02-29 09:30:00+00:00,2024-02-29 09:30:00+00:00,17855.25,17860.25,17845.25,17860.5,stop,8,5.0,93.92,-76.0,9.92,8.0,-93.92,-1.174,False,-0.12195927434521811,9,42006.39999999999,"A (partida 0,10 / 2R)"
MNQ,london,2024-03-06,A,0.1,2.0,1,2024-03-06 08:45:00+00:00,2024-03-06 08:45:00+00:00,2024-03-06 08:45:00+00:00,18026.0,18021.75,18034.5,18021.5,stop,10,4.25,102.4,-80.0,12.4,10.0,-102.4,-1.2047058823529413,False,1.106249373843083,8,41912.47999999999,"A (partida 0,10 / 2R)"
MNQ,london,2024-03-06,A,0.1,2.0,1,2024-03-06 09:05:00+00:00,2024-03-06 09:05:00+00:00,2024-03-06 11:00:00+00:00,18042.25,18019.5,18087.75,18051.0,cierre_sesion,2,22.75,94.48,37.0,2.48,2.0,32.52,0.3573626373626374,False,0.36193860505087383,9,41810.07999999999,"A (partida 0,10 / 2R)"
MNQ,london,2024-03-08,A,0.1,2.0,1,2024-03-08 08:45:00+00:00,2024-03-08 08:45:00+00:00,2024-03-08 09:00:00+00:00,18336.25,18322.5,18363.75,18322.25,stop,3,13.75,87.72,-81.0,3.7199999999999998,3.0,-87.72,-1.0632727272727274,False,0.644737924917421,8,41842.599999999984,"A (partida 0,10 / 2R)"
MNQ,london,2024-03-13,A,0.1,2.0,-1,2024-03-13 08:40:00+00:00,2024-03-13 08:40:00+00:00,2024-03-13 08:55:00+00:00,18201.25,18212.5,18178.75,18212.75,stop,4,11.25,96.96,-88.0,4.96,4.0,-96.96,-1.0773333333333333,False,-1.4106422640165779,8,41754.87999999998,"A (partida 0,10 / 2R)"
MNQ,london,2024-03-19,A,0.1,2.0,-1,2024-03-19 09:50:00+00:00,2024-03-19 09:50:00+00:00,2024-03-19 10:05:00+00:00,18177.75,18191.75,18149.75,18192.0,stop,3,14.0,89.22,-82.5,3.7199999999999998,3.0,-89.22,-1.062142857142857,False,-0.11374949454368113,9,41657.919999999984,"A (partida 0,10 / 2R)"
MNQ,london,2024-03-20,A,0.1,2.0,1,2024-03-20 08:35:00+00:00,2024-03-20 08:35:00+00:00,2024-03-20 08:35:00+00:00,18266.25,18254.75,18289.25,18254.5,stop,4,11.5,98.96,-90.0,4.96,4.0,-98.96,-1.0756521739130434,False,0.21726184351705072,8,41568.69999999998,"A (partida 0,10 / 2R)"
MNQ,london,2024-03-22,A,0.1,2.0,1,2024-03-22 08:40:00+00:00,2024-03-22 08:40:00+00:00,2024-03-22 09:00:00+00:00,18584.0,18577.0,18598.0,18598.0,objetivo,6,7.0,94.44,171.0,7.4399999999999995,3.0,160.56,1.9114285714285715,False,0.7076657202934828,8,41469.73999999998,"A (partida 0,10 / 2R)"
MNQ,london,2024-04-01,A,0.1,2.0,-1,2024-04-01 09:10:00+01:00,2024-04-01 09:10:00+01:00,2024-04-01 11:00:00+01:00,18564.75,18583.25,18527.75,18571.25,cierre_sesion,2,18.5,77.48,-24.0,2.48,2.0,-28.48,-0.3848648648648649,False,-0.3333996550401936,9,41630.29999999998,"A (partida 0,10 / 2R)"
MNQ,london,2024-04-08,A,0.1,2.0,1,2024-04-08 08:40:00+01:00,2024-04-08 08:40:00+01:00,2024-04-08 08:40:00+01:00,18312.5,18306.25,18325.0,18325.0,objetivo,7,6.25,99.68,178.5,8.68,3.5,166.32,1.9007999999999998,False,1.822409224349293,8,41601.81999999998,"A (partida 0,10 / 2R)"
MNQ,london,2024-04-08,A,0.1,2.0,-1,2024-04-08 09:25:00+01:00,2024-04-08 09:25:00+01:00,2024-04-08 09:35:00+01:00,18259.25,18298.0,18181.75,18298.25,stop,1,38.75,79.24,-77.0,1.24,1.0,-79.24,-1.0224516129032257,False,-0.2419610334970476,9,41768.13999999998,"A (partida 0,10 / 2R)"
MNQ,london,2024-04-10,A,0.1,2.0,1,2024-04-10 08:45:00+01:00,2024-04-10 08:45:00+01:00,2024-04-10 10:35:00+01:00,18393.25,18377.75,18424.25,18377.5,stop,3,15.5,98.22,-91.5,3.7199999999999998,3.0,-98.22,-1.0561290322580645,False,0.5308637104722591,8,41688.89999999998,"A (partida 0,10 / 2R)"
MNQ,london,2024-04-12,A,0.1,2.0,-1,2024-04-12 08:35:00+01:00,2024-04-12 08:35:00+01:00,2024-04-12 09:05:00+01:00,18479.0,18487.25,18462.5,18462.5,objetivo,5,8.25,91.19999999999999,167.5,6.2,2.5,158.8,1.924848484848485,False,-1.1836827444147329,8,41590.67999999998,"A (partida 0,10 / 2R)"
MNQ,london,2024-04-17,A,0.1,2.0,1,2024-04-17 08:45:00+01:00,2024-04-17 08:45:00+01:00,2024-04-17 10:55:00+01:00,17869.5,17842.25,17924.0,17924.0,objetivo,1,27.25,56.24,109.5,1.24,0.5,107.76,1.9772477064220184,False,0.27651373531249246,8,41749.47999999998,"A (partida 0,10 / 2R)"
MNQ,london,2024-04-18,A,0.1,2.0,-1,2024-04-18 08:40:00+01:00,2024-04-18 08:40:00+01:00,2024-04-18 08:45:00+01:00,17739.5,17748.75,17721.0,17749.0,stop,5,9.25,101.19999999999999,-90.0,6.2,5.0,-101.2,-1.094054054054054,False,-0.6739966432649547,8,41857.23999999998,"A (partida 0,10 / 2R)"
MNQ,london,2024-04-22,A,0.1,2.0,-1,2024-04-22 08:35:00+01:00,2024-04-22 08:35:00+01:00,2024-04-22 09:00:00+01:00,17264.0,17275.25,17241.5,17241.5,objetivo,4,11.25,96.96,182.0,4.96,2.0,175.04,1.944888888888889,False,-1.5779056547994448,8,41756.039999999986,"A (partida 0,10 / 2R)"
MNQ,london,2024-04-23,A,0.1,2.0,1,2024-04-23 09:05:00+01:00,2024-04-23 09:05:00+01:00,2024-04-23 11:00:00+01:00,17380.5,17364.0,17413.5,17375.0,cierre_sesion,3,16.5,104.22,-30.0,3.7199999999999998,3.0,-36.72,-0.3709090909090909,False,0.18296908846053084,9,41931.07999999999,"A (partida 0,10 / 2R)"
MNQ,london,2024-05-13,A,0.1,2.0,-1,2024-05-13 08:40:00+01:00,2024-05-13 08:40:00+01:00,2024-05-13 08:50:00+01:00,18282.25,18291.0,18264.75,18291.25,stop,5,8.75,96.19999999999999,-85.0,6.2,5.0,-96.2,-1.0994285714285714,False,-0.901158529812003,8,41894.359999999986,"A (partida 0,10 / 2R)"
MNQ,london,2024-05-14,A,0.1,2.0,1,2024-05-14 08:40:00+01:00,2024-05-14 08:40:00+01:00,2024-05-14 09:00:00+01:00,18292.0,18286.75,18302.5,18286.5,stop,8,5.25,97.92,-80.0,9.92,8.0,-97.92,-1.1657142857142857,False,0.6609518189762964,8,41798.15999999999,"A (partida 0,10 / 2R)"
MNQ,london,2024-05-16,A,0.1,2.0,1,2024-05-16 08:40:00+01:00,2024-05-16 08:40:00+01:00,2024-05-16 08:50:00+01:00,18724.25,18720.5,18731.75,18720.25,stop,11,3.75,101.64,-77.0,13.64,11.0,-101.64,-1.232,False,0.40888815035735804,8,41700.23999999999,"A (partida 0,10 / 2R)"
MNQ,london,2024-05-16,A,0.1,2.0,-1,2024-05-16 09:15:00+01:00,2024-05-16 09:15:00+01:00,2024-05-16 09:35:00+01:00,18715.5,18721.0,18704.5,18721.25,stop,8,5.5,101.92,-84.0,9.92,8.0,-101.92,-1.1581818181818182,False,-0.121203620153415,9,41598.59999999999,"A (partida 0,10 / 2R)"
MNQ,london,2024-05-21,A,0.1,2.0,1,2024-05-21 08:45:00+01:00,2024-05-21 08:45:00+01:00,2024-05-21 09:00:00+01:00,18758.25,18751.0,18772.75,18750.75,stop,6,7.25,97.44000000000001,-84.0,7.4399999999999995,6.0,-97.44,-1.1199999999999999,False,1.2321115946590782,8,41496.67999999999,"A (partida 0,10 / 2R)"
MNQ,london,2024-05-28,A,0.1,2.0,1,2024-05-28 09:10:00+01:00,2024-05-28 09:10:00+01:00,2024-05-28 09:30:00+01:00,18943.75,18930.0,18971.25,18971.25,objetivo,3,13.75,87.72,166.5,3.7199999999999998,1.5,161.28,1.954909090909091,False,0.2868089873865832,9,41399.23999999999,"A (partida 0,10 / 2R)"
MNQ,london,2024-05-30,A,0.1,2.0,1,2024-05-30 08:40:00+01:00,2024-05-30 08:40:00+01:00,2024-05-30 08:40:00+01:00,18695.0,18691.0,18703.0,18690.75,stop,10,4.0,97.4,-75.0,12.4,10.0,-97.4,-1.2175,False,1.186088722542802,8,41560.51999999999,"A (partida 0,10 / 2R)"
MNQ,london,2024-05-31,A,0.1,2.0,-1,2024-05-31 08:35:00+01:00,2024-05-31 08:35:00+01:00,2024-05-31 08:35:00+01:00,18531.75,18535.5,18524.25,18524.25,objetivo,11,3.75,101.64,170.5,13.64,5.5,151.36,1.834666666666667,False,-0.6984600251007151,8,41463.11999999999,"A (partida 0,10 / 2R)"
MNQ,london,2024-06-04,A,0.1,2.0,-1,2024-06-04 09:35:00+01:00,2024-06-04 09:35:00+01:00,2024-06-04 11:00:00+01:00,18561.5,18595.75,18493.0,18543.75,cierre_sesion,1,34.25,70.24,36.5,1.24,1.0,34.26,0.5001459854014598,False,-0.14139040205120776,9,41614.47999999999,"A (partida 0,10 / 2R)"
MNQ,london,2024-06-07,A,0.1,2.0,1,2024-06-07 09:30:00+01:00,2024-06-07 09:30:00+01:00,2024-06-07 09:50:00+01:00,19091.0,19082.75,19107.5,19082.5,stop,5,8.25,91.19999999999999,-80.0,6.2,5.0,-91.2,-1.1054545454545455,False,0.13206408058513283,9,41648.73999999999,"A (partida 0,10 / 2R)"
MNQ,london,2024-06-10,A,0.1,2.0,-1,2024-06-10 08:45:00+01:00,2024-06-10 08:45:00+01:00,2024-06-10 08:45:00+01:00,19004.75,19010.5,18993.25,19010.75,stop,7,5.75,92.68,-77.0,8.68,7.0,-92.68,-1.1513043478260871,False,-0.3012957851301145,8,41557.53999999999,"A (partida 0,10 / 2R)"
MNQ,london,2024-06-11,A,0.1,2.0,-1,2024-06-11 09:30:00+01:00,2024-06-11 09:30:00+01:00,2024-06-11 09:35:00+01:00,19083.5,19087.75,19075.0,19088.0,stop,10,4.25,102.4,-80.0,12.4,10.0,-102.4,-1.2047058823529413,False,-0.10900445482575949,9,41464.85999999999,"A (partida 0,10 / 2R)"
MNQ,london,2024-06-17,A,0.1,2.0,1,2024-06-17 09:10:00+01:00,2024-06-17 09:10:00+01:00,2024-06-17 09:30:00+01:00,19735.75,19716.75,19773.75,19716.5,stop,2,19.0,79.48,-75.0,2.48,2.0,-79.48,-1.0457894736842106,False,0.1208162642771208,9,41362.45999999999,"A (partida 0,10 / 2R)"
MNQ,london,2024-06-18,A,0.1,2.0,1,2024-06-18 08:40:00+01:00,2024-06-18 08:40:00+01:00,2024-06-18 08:50:00+01:00,19940.75,19932.25,19957.75,19932.0,stop,5,8.5,93.69999999999999,-82.5,6.2,5.0,-93.7,-1.1023529411764705,False,0.5339661901033578,8,41282.97999999999,"A (partida 0,10 / 2R)"
MNQ,london,2024-06-21,A,0.1,2.0,-1,2024-06-21 09:10:00+01:00,2024-06-21 09:10:00+01:00,2024-06-21 09:15:00+01:00,19747.5,19757.0,19728.5,19728.5,objetivo,4,9.5,82.96,154.0,4.96,2.0,147.04,1.934736842105263,False,-0.13375715319439577,9,41189.27999999999,"A (partida 0,10 / 2R)"
MNQ,london,2024-06-25,A,0.1,2.0,-1,2024-06-25 08:45:00+01:00,2024-06-25 08:45:00+01:00,2024-06-25 09:05:00+01:00,19739.0,19753.25,19710.5,19753.5,stop,3,14.25,90.72,-84.0,3.7199999999999998,3.0,-90.72,-1.0610526315789472,False,-0.7020009524619127,8,41336.31999999999,"A (partida 0,10 / 2R)"
MNQ,london,2024-06-27,A,0.1,2.0,1,2024-06-27 08:40:00+01:00,2024-06-27 08:40:00+01:00,2024-06-27 08:40:00+01:00,19967.75,19962.75,19977.75,19962.5,stop,8,5.0,93.92,-76.0,9.92,8.0,-93.92,-1.174,False,0.7272762184566293,8,41245.59999999999,"A (partida 0,10 / 2R)"
MNQ,london,2024-07-02,A,0.1,2.0,-1,2024-07-02 08:45:00+01:00,2024-07-02 08:45:00+01:00,2024-07-02 08:50:00+01:00,19942.5,19956.75,19914.0,19957.0,stop,3,14.25,90.72,-84.0,3.7199999999999998,3.0,-90.72,-1.0610526315789472,False,-0.5630466663225216,8,41151.67999999999,"A (partida 0,10 / 2R)"
MNQ,london,2024-07-15,A,0.1,2.0,1,2024-07-15 08:40:00+01:00,2024-07-15 08:40:00+01:00,2024-07-15 08:40:00+01:00,20630.75,20622.5,20647.25,20622.25,stop,5,8.25,91.19999999999999,-80.0,6.2,5.0,-91.2,-1.1054545454545455,False,0.49997266737947743,8,41060.95999999999,"A (partida 0,10 / 2R)"
MNQ,london,2024-07-16,A,0.1,2.0,-1,2024-07-16 09:05:00+01:00,2024-07-16 09:05:00+01:00,2024-07-16 09:50:00+01:00,20560.0,20587.0,20506.0,20587.25,stop,1,27.0,55.74,-53.5,1.24,1.0,-55.74,-1.0322222222222222,False,-0.11808800480128083,9,40969.759999999995,"A (partida 0,10 / 2R)"
MNQ,london,2024-07-17,A,0.1,2.0,-1,2024-07-17 08:45:00+01:00,2024-07-17 08:45:00+01:00,2024-07-17 08:45:00+01:00,20397.25,20406.5,20378.75,20378.75,objetivo,5,9.25,101.19999999999999,187.5,6.2,2.5,178.8,1.932972972972973,False,-0.7617103388030689,8,40914.02,"A (partida 0,10 / 2R)"
MNQ,london,2024-07-18,A,0.1,2.0,-1,2024-07-18 08:50:00+01:00,2024-07-18 08:50:00+01:00,2024-07-18 08:50:00+01:00,20074.75,20088.0,20048.25,20088.25,stop,3,13.25,84.72,-78.0,3.7199999999999998,3.0,-84.72,-1.0656603773584905,False,-1.356702278790191,8,41092.82,"A (partida 0,10 / 2R)"
MNQ,london,2024-07-19,A,0.1,2.0,-1,2024-07-19 08:50:00+01:00,2024-07-19 08:50:00+01:00,2024-07-19 08:50:00+01:00,19780.0,19788.25,19763.5,19788.5,stop,5,8.25,91.19999999999999,-80.0,6.2,5.0,-91.2,-1.1054545454545455,False,-1.3344756165380247,8,41008.1,"A (partida 0,10 / 2R)"
MNQ,london,2024-07-23,A,0.1,2.0,-1,2024-07-23 09:25:00+01:00,2024-07-23 09:25:00+01:00,2024-07-23 09:30:00+01:00,19886.25,19907.25,19844.25,19907.5,stop,2,21.0,87.48,-83.0,2.48,2.0,-87.48,-1.0414285714285714,False,-0.12817440139725547,9,40916.9,"A (partida 0,10 / 2R)"
MNQ,london,2024-07-25,A,0.1,2.0,-1,2024-07-25 08:50:00+01:00,2024-07-25 08:50:00+01:00,2024-07-25 09:00:00+01:00,19186.25,19205.25,19148.25,19148.25,objetivo,2,19.0,79.48,153.0,2.48,1.0,149.52,1.9673684210526317,False,-0.3300681236620142,8,40829.42,"A (partida 0,10 / 2R)"
MNQ,london,2024-07-26,A,0.1,2.0,1,2024-07-26 08:40:00+01:00,2024-07-26 08:40:00+01:00,2024-07-26 08:40:00+01:00,19134.25,19128.0,19146.75,19146.75,objetivo,7,6.25,99.68,178.5,8.68,3.5,166.32,1.9007999999999998,False,0.9108058084328354,8,40978.939999999995,"A (partida 0,10 / 2R)"
MNQ,london,2024-07-29,A,0.1,2.0,-1,2024-07-29 08:45:00+01:00,2024-07-29 08:45:00+01:00,2024-07-29 08:55:00+01:00,19233.75,19254.25,19192.75,19254.5,stop,2,20.5,85.48,-81.0,2.48,2.0,-85.48,-1.042439024390244,False,-1.4673662236319343,8,41145.259999999995,"A (partida 0,10 / 2R)"
MNQ,london,2024-07-30,A,0.1,2.0,1,2024-07-30 08:40:00+01:00,2024-07-30 08:40:00+01:00,2024-07-30 08:55:00+01:00,19245.75,19233.75,19269.75,19233.5,stop,3,12.0,77.22,-70.5,3.7199999999999998,3.0,-77.22,-1.0725,False,0.4051631988041926,8,41059.77999999999,"A (partida 0,10 / 2R)"
MNQ,london,2024-08-01,A,0.1,2.0,-1,2024-08-01 09:05:00+01:00,2024-08-01 09:05:00+01:00,2024-08-01 09:05:00+01:00,19604.0,19624.75,19562.5,19562.5,objetivo,2,20.75,86.48,167.0,2.48,1.0,163.52,1.970120481927711,False,-0.10946815825667484,9,40982.55999999999,"A (partida 0,10 / 2R)"
MNQ,london,2024-08-05,A,0.1,2.0,1,2024-08-05 08:40:00+01:00,2024-08-05 08:40:00+01:00,2024-08-05 08:40:00+01:00,17751.75,17740.75,17773.75,17773.75,objetivo,4,11.0,94.96,178.0,4.96,2.0,171.04,1.9436363636363636,False,0.6843536698133533,8,41146.07999999999,"A (partida 0,10 / 2R)"
MNQ,london,2024-08-06,A,0.1,2.0,-1,2024-08-06 08:55:00+01:00,2024-08-06 08:55:00+01:00,2024-08-06 09:00:00+01:00,18233.5,18260.25,18180.0,18260.5,stop,1,26.75,55.24,-53.0,1.24,1.0,-55.24,-1.0325233644859813,False,-0.11042757490241714,8,41317.11999999999,"A (partida 0,10 / 2R)"
MNQ,london,2024-08-08,A,0.1,2.0,-1,2024-08-08 08:40:00+01:00,2024-08-08 08:40:00+01:00,2024-08-08 08:40:00+01:00,17929.75,17938.25,17912.75,17938.5,stop,5,8.5,93.69999999999999,-82.5,6.2,5.0,-93.7,-1.1023529411764705,True,-0.969314365069403,8,41261.87999999999,"A (partida 0,10 / 2R)"
MNQ,london,2024-08-14,A,0.1,2.0,-1,2024-08-14 08:55:00+01:00,2024-08-14 08:55:00+01:00,2024-08-14 09:00:00+01:00,19094.25,19108.0,19066.75,19108.25,stop,3,13.75,87.72,-81.0,3.7199999999999998,3.0,-87.72,-1.0632727272727274,False,-0.13167063942087798,8,41168.17999999999,"A (partida 0,10 / 2R)"
MNQ,london,2024-08-19,A,0.1,2.0,-1,2024-08-19 09:15:00+01:00,2024-08-19 09:15:00+01:00,2024-08-19 09:15:00+01:00,19544.25,19552.0,19528.75,19552.25,stop,5,7.75,86.19999999999999,-75.0,6.2,5.0,-86.2,-1.112258064516129,False,-0.8752111501954615,9,41080.45999999999,"A (partida 0,10 / 2R)"
MNQ,london,2024-08-20,A,0.1,2.0,1,2024-08-20 08:35:00+01:00,2024-08-20 08:35:00+01:00,2024-08-20 08:35:00+01:00,19924.75,19920.0,19934.25,19919.75,stop,9,4.75,101.16,-81.0,11.16,9.0,-101.16,-1.183157894736842,False,1.183358836885098,8,40994.259999999995,"A (partida 0,10 / 2R)"
MNQ,london,2024-08-21,A,0.1,2.0,-1,2024-08-21 09:25:00+01:00,2024-08-21 09:25:00+01:00,2024-08-21 11:00:00+01:00,19804.0,19827.75,19756.5,19796.0,cierre_sesion,2,23.75,98.48,34.0,2.48,2.0,29.52,0.31073684210526314,False,-0.262498011976014,9,40893.09999999999,"A (partida 0,10 / 2R)"
MNQ,london,2024-08-26,A,0.1,2.0,1,2024-08-26 08:40:00+01:00,2024-08-26 08:40:00+01:00,2024-08-26 08:40:00+01:00,19824.25,19820.25,19832.25,19820.0,stop,10,4.0,97.4,-75.0,12.4,10.0,-97.4,-1.2175,False,1.622414834967527,8,40922.61999999999,"A (partida 0,10 / 2R)"
MNQ,london,2024-08-28,A,0.1,2.0,-1,2024-08-28 09:10:00+01:00,2024-08-28 09:10:00+01:00,2024-08-28 09:30:00+01:00,19633.5,19652.75,19595.0,19653.0,stop,2,19.25,80.48,-76.0,2.48,2.0,-80.48,-1.0451948051948052,False,-0.18582172909864664,9,40825.21999999999,"A (partida 0,10 / 2R)"
MNQ,london,2024-08-29,A,0.1,2.0,1,2024-08-29 08:40:00+01:00,2024-08-29 08:40:00+01:00,2024-08-29 08:45:00+01:00,19391.25,19381.25,19411.25,19381.0,stop,4,10.0,86.96,-78.0,4.96,4.0,-86.96,-1.087,False,0.9300466155882569,8,40744.73999999998,"A (partida 0,10 / 2R)"
MNQ,london,2024-08-29,A,0.1,2.0,1,2024-08-29 09:15:00+01:00,2024-08-29 09:15:00+01:00,2024-08-29 10:45:00+01:00,19413.5,19371.5,19497.5,19497.5,objetivo,1,42.0,85.74,168.5,1.24,0.5,166.76,1.985238095238095,False,0.2756810476434494,9,40657.779999999984,"A (partida 0,10 / 2R)"
MNQ,london,2024-09-03,A,0.1,2.0,1,2024-09-03 08:45:00+01:00,2024-09-03 08:45:00+01:00,2024-09-03 08:50:00+01:00,19640.75,19619.75,19682.75,19619.5,stop,2,21.0,87.48,-83.0,2.48,2.0,-87.48,-1.0414285714285714,False,0.7334875479647815,8,40824.539999999986,"A (partida 0,10 / 2R)"
MNQ,london,2024-09-05,A,0.1,2.0,1,2024-09-05 08:40:00+01:00,2024-09-05 08:40:00+01:00,2024-09-05 08:45:00+01:00,18996.25,18979.75,19029.25,18979.5,stop,2,16.5,69.48,-65.0,2.48,2.0,-69.48,-1.0527272727272727,False,1.894080448186253,8,40737.05999999998,"A (partida 0,10 / 2R)"
MNQ,london,2024-09-06,A,0.1,2.0,-1,2024-09-06 08:55:00+01:00,2024-09-06 08:55:00+01:00,2024-09-06 08:55:00+01:00,18757.0,18765.25,18740.5,18765.5,stop,5,8.25,91.19999999999999,-80.0,6.2,5.0,-91.2,-1.1054545454545455,False,-0.3351359225254158,8,40667.57999999998,"A (partida 0,10 / 2R)"
MNQ,london,2024-09-09,A,0.1,2.0,1,2024-09-09 08:45:00+01:00,2024-09-09 08:45:00+01:00,2024-09-09 08:50:00+01:00,18599.0,18592.5,18612.0,18612.0,objetivo,6,6.5,88.44,159.0,7.4399999999999995,3.0,148.56,1.9046153846153846,False,0.45309005433333993,8,40576.37999999998,"A (partida 0,10 / 2R)"
MNQ,london,2024-09-10,A,0.1,2.0,1,2024-09-10 08:35:00+01:00,2024-09-10 08:35:00+01:00,2024-09-10 08:35:00+01:00,18658.0,18651.25,18671.5,18651.0,stop,6,6.75,91.44,-78.0,7.4399999999999995,6.0,-91.44,-1.1288888888888888,False,1.6760486422030696,8,40724.93999999998,"A (partida 0,10 / 2R)"
MNQ,london,2024-09-16,A,0.1,2.0,1,2024-09-16 08:35:00+01:00,2024-09-16 08:35:00+01:00,2024-09-16 08:35:00+01:00,19502.5,19497.75,19512.0,19497.5,stop,9,4.75,101.16,-81.0,11.16,9.0,-101.16,-1.183157894736842,False,0.9007157564478074,8,40633.49999999998,"A (partida 0,10 / 2R)"
MNQ,london,2024-09-17,A,0.1,2.0,1,2024-09-17 08:40:00+01:00,2024-09-17 08:40:00+01:00,2024-09-17 08:50:00+01:00,19506.0,19496.25,19525.5,19496.0,stop,4,9.75,84.96,-76.0,4.96,4.0,-84.96,-1.0892307692307692,False,1.897585640874927,8,40532.339999999975,"A (partida 0,10 / 2R)"
MNQ,london,2024-09-20,A,0.1,2.0,1,2024-09-20 08:35:00+01:00,2024-09-20 08:35:00+01:00,2024-09-20 08:50:00+01:00,19819.5,19812.0,19834.5,19834.5,objetivo,6,7.5,100.44,183.0,7.4399999999999995,3.0,172.56,1.9173333333333333,False,1.1213134778087759,8,40447.379999999976,"A (partida 0,10 / 2R)"
MNQ,london,2024-09-26,A,0.1,2.0,1,2024-09-26 08:45:00+01:00,2024-09-26 08:45:00+01:00,2024-09-26 09:00:00+01:00,20491.75,20479.25,20516.75,20479.0,stop,3,12.5,80.22,-73.5,3.7199999999999998,3.0,-80.22,-1.0695999999999999,False,0.4722901210208879,8,40619.93999999997,"A (partida 0,10 / 2R)"
MNQ,london,2024-09-30,A,0.1,2.0,1,2024-09-30 08:50:00+01:00,2024-09-30 08:50:00+01:00,2024-09-30 08:50:00+01:00,20242.25,20236.5,20253.75,20236.25,stop,7,5.75,92.68,-77.0,8.68,7.0,-92.68,-1.1513043478260871,False,0.42576396739813394,8,40539.71999999997,"A (partida 0,10 / 2R)"
MNQ,london,2024-10-03,A,0.1,2.0,-1,2024-10-03 08:50:00+01:00,2024-10-03 08:50:00+01:00,2024-10-03 08:50:00+01:00,19867.0,19884.0,19833.0,19884.25,stop,2,17.0,71.48,-67.0,2.48,2.0,-71.48,-1.0511764705882354,False,-1.7453409567164733,8,40447.03999999997,"A (partida 0,10 / 2R)"
MNQ,london,2024-10-07,A,0.1,2.0,-1,2024-10-07 08:40:00+01:00,2024-10-07 08:40:00+01:00,2024-10-07 08:50:00+01:00,20143.75,20163.75,20103.75,20164.0,stop,2,20.0,83.48,-79.0,2.48,2.0,-83.48,-1.0435,False,-1.6840666943486113,8,40375.55999999997,"A (partida 0,10 / 2R)"
MNQ,london,2024-10-10,A,0.1,2.0,-1,2024-10-10 08:40:00+01:00,2024-10-10 08:40:00+01:00,2024-10-10 09:00:00+01:00,20425.0,20432.0,20411.0,20432.25,stop,6,7.0,94.44,-81.0,7.4399999999999995,6.0,-94.44,-1.1242857142857143,False,-1.3638290226638266,8,40292.079999999965,"A (partida 0,10 / 2R)"
MNQ,london,2024-10-15,A,0.1,2.0,-1,2024-10-15 09:20:00+01:00,2024-10-15 09:20:00+01:00,2024-10-15 11:00:00+01:00,20587.0,20600.5,20560.0,20585.0,cierre_sesion,3,13.5,86.22,15.0,3.7199999999999998,3.0,8.280000000000001,0.10222222222222224,False,-0.11676943965082108,9,40197.63999999996,"A (partida 0,10 / 2R)"
MNQ,london,2024-10-18,A,0.1,2.0,1,2024-10-18 08:55:00+01:00,2024-10-18 08:55:00+01:00,2024-10-18 10:50:00+01:00,20445.0,20431.5,20472.0,20431.25,stop,3,13.5,86.22,-79.5,3.7199999999999998,3.0,-86.22,-1.0644444444444445,False,0.25945246293261315,8,40205.91999999996,"A (partida 0,10 / 2R)"
MNQ,london,2024-10-22,A,0.1,2.0,1,2024-10-22 08:45:00+01:00,2024-10-22 08:45:00+01:00,2024-10-22 08:45:00+01:00,20487.25,20468.25,20525.25,20468.0,stop,2,19.0,79.48,-75.0,2.48,2.0,-79.48,-1.0457894736842106,False,0.6416348452592192,8,40119.69999999996,"A (partida 0,10 / 2R)"
MNQ,london,2024-10-25,A,0.1,2.0,1,2024-10-25 08:35:00+01:00,2024-10-25 08:35:00+01:00,2024-10-25 08:45:00+01:00,20404.0,20393.25,20425.5,20425.5,objetivo,4,10.75,92.96,174.0,4.96,2.0,167.04,1.9423255813953488,False,0.6626463034615955,8,40040.21999999996,"A (partida 0,10 / 2R)"
MNQ,london,2024-10-30,A,0.1,2.0,-1,2024-10-30 08:40:00+00:00,2024-10-30 08:40:00+00:00,2024-10-30 09:25:00+00:00,20731.25,20745.0,20703.75,20745.25,stop,3,13.75,87.72,-81.0,3.7199999999999998,3.0,-87.72,-1.0632727272727274,False,-0.36258887143928387,8,40207.25999999996,"A (partida 0,10 / 2R)"
MNQ,london,2024-11-04,A,0.1,2.0,-1,2024-11-04 08:45:00+00:00,2024-11-04 08:45:00+00:00,2024-11-04 08:45:00+00:00,20145.5,20154.5,20127.5,20154.75,stop,5,9.0,98.69999999999999,-87.5,6.2,5.0,-98.7,-1.0966666666666667,False,-0.5528718624408034,8,40119.53999999996,"A (partida 0,10 / 2R)"
MNQ,london,2024-11-14,A,0.1,2.0,1,2024-11-14 08:45:00+00:00,2024-11-14 08:45:00+00:00,2024-11-14 08:45:00+00:00,21166.25,21158.25,21182.25,21158.0,stop,5,8.0,88.69999999999999,-77.5,6.2,5.0,-88.7,-1.1087500000000001,False,1.5287494838382776,8,40020.83999999996,"A (partida 0,10 / 2R)"
MNQ,london,2024-11-18,A,0.1,2.0,-1,2024-11-18 09:20:00+00:00,2024-11-18 09:20:00+00:00,2024-11-18 09:40:00+00:00,20582.0,20598.0,20550.0,20550.0,objetivo,2,16.0,67.48,129.0,2.48,1.0,125.52,1.96125,False,-0.34490516217472594,9,39932.13999999996,"A (partida 0,10 / 2R)"
MNQ,london,2024-11-19,A,0.1,2.0,-1,2024-11-19 08:35:00+00:00,2024-11-19 08:35:00+00:00,2024-11-19 08:35:00+00:00,20649.25,20668.5,20610.75,20610.75,objetivo,2,19.25,80.48,155.0,2.48,1.0,151.52,1.9677922077922079,False,-1.3526172521245647,8,40057.65999999996,"A (partida 0,10 / 2R)"
MNQ,london,2024-11-22,A,0.1,2.0,-1,2024-11-22 08:35:00+00:00,2024-11-22 08:35:00+00:00,2024-11-22 08:35:00+00:00,20799.75,20811.0,20777.25,20811.25,stop,4,11.25,96.96,-88.0,4.96,4.0,-96.96,-1.0773333333333333,False,-0.5602706757393683,8,40209.17999999996,"A (partida 0,10 / 2R)"
MNQ,london,2024-11-26,A,0.1,2.0,-1,2024-11-26 09:00:00+00:00,2024-11-26 09:00:00+00:00,2024-11-26 09:00:00+00:00,20869.75,20877.0,20855.25,20877.25,stop,6,7.25,97.44000000000001,-84.0,7.4399999999999995,6.0,-97.44,-1.1199999999999999,False,-0.20999889464268226,8,40112.21999999996,"A (partida 0,10 / 2R)"
MNQ,london,2024-11-27,A,0.1,2.0,-1,2024-11-27 08:45:00+00:00,2024-11-27 08:45:00+00:00,2024-11-27 08:45:00+00:00,20936.0,20946.0,20916.0,20946.25,stop,4,10.0,86.96,-78.0,4.96,4.0,-86.96,-1.087,False,-0.875234407180261,8,40014.779999999955,"A (partida 0,10 / 2R)"
MNQ,london,2024-11-28,A,0.1,2.0,-1,2024-11-28 08:50:00+00:00,2024-11-28 08:50:00+00:00,2024-11-28 09:00:00+00:00,20844.75,20855.5,20823.25,20855.75,stop,4,10.75,92.96,-84.0,4.96,4.0,-92.96,-1.0809302325581394,False,-0.24760236780141684,8,39927.819999999956,"A (partida 0,10 / 2R)"
MNQ,london,2024-12-06,A,0.1,2.0,1,2024-12-06 08:35:00+00:00,2024-12-06 08:35:00+00:00,2024-12-06 09:05:00+00:00,21483.25,21476.75,21496.25,21476.5,stop,6,6.5,88.44,-75.0,7.4399999999999995,6.0,-88.44,-1.1338461538461537,False,0.8281919491004446,8,39834.85999999996,"A (partida 0,10 / 2R)"
MNQ,london,2024-12-09,A,0.1,2.0,-1,2024-12-09 09:10:00+00:00,2024-12-09 09:10:00+00:00,2024-12-09 09:50:00+00:00,21668.5,21687.0,21631.5,21631.5,objetivo,2,18.5,77.48,149.0,2.48,1.0,145.52,1.9664864864864866,False,-0.2198770445829835,9,39746.419999999955,"A (partida 0,10 / 2R)"
MNQ,london,2024-12-12,A,0.1,2.0,-1,2024-12-12 08:35:00+00:00,2024-12-12 08:35:00+00:00,2024-12-12 11:00:00+00:00,21749.75,21771.0,21707.25,21743.5,cierre_sesion,2,21.25,88.48,27.0,2.48,2.0,22.52,0.26494117647058824,False,-0.16399151887359176,8,39891.93999999995,"A (partida 0,10 / 2R)"
MNQ,london,2024-12-13,A,0.1,2.0,1,2024-12-13 08:40:00+00:00,2024-12-13 08:40:00+00:00,2024-12-13 08:45:00+00:00,21760.75,21752.75,21776.75,21752.5,stop,5,8.0,88.69999999999999,-77.5,6.2,5.0,-88.7,-1.1087500000000001,False,1.49525365617217,8,39914.45999999995,"A (partida 0,10 / 2R)"
MNQ,london,2024-12-16,A,0.1,2.0,1,2024-12-16 08:55:00+00:00,2024-12-16 08:55:00+00:00,2024-12-16 09:00:00+00:00,21817.5,21808.25,21836.0,21808.0,stop,4,9.25,80.96,-72.0,4.96,4.0,-80.96,-1.094054054054054,False,0.11394276968588687,8,39825.75999999995,"A (partida 0,10 / 2R)"
MNQ,london,2024-12-20,A,0.1,2.0,-1,2024-12-20 08:45:00+00:00,2024-12-20 08:45:00+00:00,2024-12-20 08:45:00+00:00,20899.5,20907.0,20884.5,20907.25,stop,5,7.5,83.69999999999999,-72.5,6.2,5.0,-83.7,-1.116,False,-3.058037395341816,8,39744.79999999995,"A (partida 0,10 / 2R)"
MNQ,london,2024-12-26,A,0.1,2.0,-1,2024-12-26 08:55:00+00:00,2024-12-26 08:55:00+00:00,2024-12-26 09:10:00+00:00,21985.0,21997.5,21960.0,21960.0,objetivo,3,12.5,80.22,151.5,3.7199999999999998,1.5,146.28,1.9504,False,-1.5027403630749774,8,39661.099999999955,"A (partida 0,10 / 2R)"
MNQ,london,2024-12-31,A,0.1,2.0,-1,2024-12-31 08:50:00+00:00,2024-12-31 08:50:00+00:00,2024-12-31 08:50:00+00:00,21376.25,21383.0,21362.75,21383.25,stop,6,6.75,91.44,-78.0,7.4399999999999995,6.0,-91.44,-1.1288888888888888,False,-0.34937845707040394,8,39807.379999999954,"A (partida 0,10 / 2R)"
MNQ,london,2025-01-08,A,0.1,2.0,1,2025-01-08 08:45:00+00:00,2025-01-08 08:45:00+00:00,2025-01-08 10:30:00+00:00,21414.0,21399.5,21443.0,21443.0,objetivo,3,14.5,92.22,175.5,3.7199999999999998,1.5,170.28,1.957241379310345,False,0.5185083657186663,8,39715.93999999995,"A (partida 0,10 / 2R)"
MNQ,london,2025-01-10,A,0.1,2.0,-1,2025-01-10 09:30:00+00:00,2025-01-10 09:30:00+00:00,2025-01-10 09:40:00+00:00,21273.75,21285.25,21250.75,21285.5,stop,4,11.5,98.96,-90.0,4.96,4.0,-98.96,-1.0756521739130434,False,-0.2769843781144255,9,39886.21999999995,"A (partida 0,10 / 2R)"
MNQ,london,2025-01-13,A,0.1,2.0,-1,2025-01-13 08:35:00+00:00,2025-01-13 08:35:00+00:00,2025-01-13 08:35:00+00:00,20835.25,20839.0,20827.75,20839.25,stop,10,3.75,92.4,-70.0,12.4,10.0,-92.4,-1.232,False,-1.3980291058982866,8,39787.25999999995,"A (partida 0,10 / 2R)"
MNQ,london,2025-01-14,A,0.1,2.0,1,2025-01-14 08:40:00+00:00,2025-01-14 08:40:00+00:00,2025-01-14 08:45:00+00:00,21096.5,21075.0,21139.5,21139.5,objetivo,2,21.5,89.48,173.0,2.48,1.0,169.52,1.9711627906976745,False,1.134500006659686,8,39694.85999999995,"A (partida 0,10 / 2R)"
MNQ,london,2025-01-17,A,0.1,2.0,1,2025-01-17 08:35:00+00:00,2025-01-17 08:35:00+00:00,2025-01-17 09:00:00+00:00,21297.0,21284.25,21322.5,21322.5,objetivo,3,12.75,81.72,154.5,3.7199999999999998,1.5,149.28,1.9513725490196079,False,0.16321774820192347,8,39864.37999999995,"A (partida 0,10 / 2R)"
MNQ,london,2025-01-22,A,0.1,2.0,1,2025-01-22 08:40:00+00:00,2025-01-22 08:40:00+00:00,2025-01-22 08:50:00+00:00,21876.25,21868.75,21891.25,21891.25,objetivo,5,7.5,83.69999999999999,152.5,6.2,2.5,143.8,1.9173333333333336,False,0.9617344775633072,8,40013.659999999945,"A (partida 0,10 / 2R)"
MNQ,london,2025-01-24,A,0.1,2.0,-1,2025-01-24 10:40:00+00:00,2025-01-24 10:40:00+00:00,2025-01-24 10:50:00+00:00,21986.75,22004.0,21952.25,22004.25,stop,2,17.25,72.48,-68.0,2.48,2.0,-72.48,-1.0504347826086957,False,-0.12544777057250783,10,40157.45999999995,"A (partida 0,10 / 2R)"
MNQ,london,2025-01-27,A,0.1,2.0,-1,2025-01-27 08:50:00+00:00,2025-01-27 08:50:00+00:00,2025-01-27 09:00:00+00:00,21234.25,21249.25,21204.25,21204.25,objetivo,3,15.0,95.22,181.5,3.7199999999999998,1.5,176.28,1.9586666666666668,False,-0.5307128139062172,8,40084.979999999945,"A (partida 0,10 / 2R)"
MNQ,london,2025-01-27,A,0.1,2.0,-1,2025-01-27 09:20:00+00:00,2025-01-27 09:20:00+00:00,2025-01-27 10:00:00+00:00,21230.25,21269.25,21152.25,21152.25,objetivo,1,39.0,79.74,156.5,1.24,0.5,154.76,1.984102564102564,False,-0.14352629212535856,9,40261.259999999944,"A (partida 0,10 / 2R)"
MNQ,london,2025-01-30,A,0.1,2.0,1,2025-01-30 08:55:00+00:00,2025-01-30 08:55:00+00:00,2025-01-30 09:00:00+00:00,21698.5,21690.5,21714.5,21690.25,stop,5,8.0,88.69999999999999,-77.5,6.2,5.0,-88.7,-1.1087500000000001,False,0.13161602827574548,8,40416.019999999946,"A (partida 0,10 / 2R)"
MNQ,london,2025-02-03,A,0.1,2.0,1,2025-02-03 09:05:00+00:00,2025-02-03 09:05:00+00:00,2025-02-03 09:10:00+00:00,21220.75,21184.5,21293.25,21184.25,stop,1,36.25,74.24,-72.0,1.24,1.0,-74.24,-1.024,False,0.12636946643516717,9,40327.31999999995,"A (partida 0,10 / 2R)"
MNQ,london,2025-02-11,A,0.1,2.0,-1,2025-02-11 09:55:00+00:00,2025-02-11 09:55:00+00:00,2025-02-11 10:15:00+00:00,21749.75,21758.5,21732.25,21758.75,stop,5,8.75,96.19999999999999,-85.0,6.2,5.0,-96.2,-1.0994285714285714,False,-0.12556697440513828,9,40253.07999999995,"A (partida 0,10 / 2R)"
MNQ,london,2025-02-13,A,0.1,2.0,-1,2025-02-13 08:50:00+00:00,2025-02-13 08:50:00+00:00,2025-02-13 09:00:00+00:00,21785.0,21797.0,21761.0,21761.0,objetivo,3,12.0,77.22,145.5,3.7199999999999998,1.5,140.28,1.9483333333333333,False,-1.9221931682596682,8,40156.879999999954,"A (partida 0,10 / 2R)"
MNQ,london,2025-02-14,A,0.1,2.0,-1,2025-02-14 08:40:00+00:00,2025-02-14 08:40:00+00:00,2025-02-14 09:00:00+00:00,22112.5,22133.75,22070.0,22134.0,stop,2,21.25,88.48,-84.0,2.48,2.0,-88.48,-1.0409411764705883,False,-0.5623544117862876,8,40297.15999999995,"A (partida 0,10 / 2R)"
MNQ,london,2025-02-19,A,0.1,2.0,1,2025-02-19 08:40:00+00:00,2025-02-19 08:40:00+00:00,2025-02-19 08:45:00+00:00,22271.75,22261.5,22292.25,22261.25,stop,4,10.25,88.96,-80.0,4.96,4.0,-88.96,-1.0848780487804877,False,0.2300608311933545,8,40208.67999999995,"A (partida 0,10 / 2R)"
MNQ,london,2025-02-25,A,0.1,2.0,1,2025-02-25 08:40:00+00:00,2025-02-25 08:40:00+00:00,2025-02-25 08:45:00+00:00,21384.5,21357.5,21438.5,21357.25,stop,1,27.0,55.74,-53.5,1.24,1.0,-55.74,-1.0322222222222222,False,0.764713979462837,8,40119.71999999995,"A (partida 0,10 / 2R)"
MNQ,london,2025-02-25,A,0.1,2.0,-1,2025-02-25 09:30:00+00:00,2025-02-25 09:30:00+00:00,2025-02-25 09:30:00+00:00,21358.0,21368.75,21336.5,21369.0,stop,4,10.75,92.96,-84.0,4.96,4.0,-92.96,-1.0809302325581394,False,-0.10083629188860406,9,40063.97999999995,"A (partida 0,10 / 2R)"
MNQ,london,2025-02-26,A,0.1,2.0,-1,2025-02-26 08:50:00+00:00,2025-02-26 08:50:00+00:00,2025-02-26 08:50:00+00:00,21273.5,21277.75,21265.0,21278.0,stop,9,4.25,92.16,-72.0,11.16,9.0,-92.16,-1.204705882352941,False,-0.2089735646011358,8,39971.01999999995,"A (partida 0,10 / 2R)"
MNQ,london,2025-02-28,A,0.1,2.0,1,2025-02-28 08:55:00+00:00,2025-02-28 08:55:00+00:00,2025-02-28 09:00:00+00:00,20661.75,20650.25,20684.75,20650.0,stop,4,11.5,98.96,-90.0,4.96,4.0,-98.96,-1.0756521739130434,False,0.8077801445228698,8,39878.85999999995,"A (partida 0,10 / 2R)"
MNQ,london,2025-02-28,A,0.1,2.0,1,2025-02-28 09:10:00+00:00,2025-02-28 09:10:00+00:00,2025-02-28 11:00:00+00:00,20665.25,20644.75,20706.25,20657.25,cierre_sesion,2,20.5,85.48,-30.0,2.48,2.0,-34.48,-0.42048780487804877,False,0.160279666308208,9,39779.89999999995,"A (partida 0,10 / 2R)"
MNQ,london,2025-03-03,A,0.1,2.0,-1,2025-03-03 08:35:00+00:00,2025-03-03 08:35:00+00:00,2025-03-03 08:35:00+00:00,20915.5,20922.75,20901.0,20923.0,stop,6,7.25,97.44000000000001,-84.0,7.4399999999999995,6.0,-97.44,-1.1199999999999999,False,-1.2052671726465984,8,39745.41999999995,"A (partida 0,10 / 2R)"
MNQ,london,2025-03-06,A,0.1,2.0,-1,2025-03-06 08:50:00+00:00,2025-03-06 08:50:00+00:00,2025-03-06 08:55:00+00:00,20476.25,20492.25,20444.25,20444.25,objetivo,2,16.0,67.48,129.0,2.48,1.0,125.52,1.96125,False,-0.4509100423684815,8,39647.979999999945,"A (partida 0,10 / 2R)"
MNQ,london,2025-03-10,A,0.1,2.0,-1,2025-03-10 08:40:00+00:00,2025-03-10 08:40:00+00:00,2025-03-10 08:40:00+00:00,20013.75,20023.25,19994.75,20023.5,stop,4,9.5,82.96,-74.0,4.96,4.0,-82.96,-1.091578947368421,True,-1.1218157489108618,8,39773.49999999994,"A (partida 0,10 / 2R)"
MNQ,london,2025-03-11,A,0.1,2.0,1,2025-03-11 08:45:00+00:00,2025-03-11 08:45:00+00:00,2025-03-11 08:45:00+00:00,19544.25,19529.5,19573.75,19529.25,stop,3,14.75,93.72,-87.0,3.7199999999999998,3.0,-93.72,-1.0589830508474576,False,0.8044838339477574,8,39690.53999999994,"A (partida 0,10 / 2R)"
MNQ,london,2025-03-17,A,0.1,2.0,1,2025-03-17 08:40:00+00:00,2025-03-17 08:40:00+00:00,2025-03-17 10:10:00+00:00,19613.25,19598.25,19643.25,19643.25,objetivo,3,15.0,95.22,181.5,3.7199999999999998,1.5,176.28,1.9586666666666668,False,0.6357520709105229,8,39596.81999999994,"A (partida 0,10 / 2R)"
MNQ,london,2025-03-18,A,0.1,2.0,-1,2025-03-18 09:55:00+00:00,2025-03-18 09:55:00+00:00,2025-03-18 09:55:00+00:00,19791.75,19795.75,19783.75,19783.75,objetivo,10,4.0,97.4,165.0,12.4,5.0,147.6,1.845,False,-0.1534486137260364,9,39773.09999999994,"A (partida 0,10 / 2R)"
MNQ,london,2025-03-20,A,0.1,2.0,-1,2025-03-20 09:05:00+00:00,2025-03-20 09:05:00+00:00,2025-03-20 09:25:00+00:00,19830.75,19850.75,19790.75,19790.75,objetivo,2,20.0,83.48,161.0,2.48,1.0,157.52,1.969,False,-0.11350840813205337,9,39920.69999999994,"A (partida 0,10 / 2R)"
MNQ,london,2025-03-25,A,0.1,2.0,1,2025-03-25 09:40:00+00:00,2025-03-25 09:40:00+00:00,2025-03-25 09:40:00+00:00,20328.0,20323.75,20336.5,20323.5,stop,9,4.25,92.16,-72.0,11.16,9.0,-92.16,-1.204705882352941,False,0.15572201404497796,9,40078.219999999936,"A (partida 0,10 / 2R)"
MNQ,london,2025-03-31,A,0.1,2.0,1,2025-03-31 08:40:00+01:00,2025-03-31 08:40:00+01:00,2025-03-31 09:45:00+01:00,19237.75,19213.25,19286.75,19213.0,stop,1,24.5,50.74,-48.5,1.24,1.0,-50.74,-1.0355102040816326,False,0.23120913491930867,8,39986.05999999993,"A (partida 0,10 / 2R)"
MNQ,london,2025-04-02,A,0.1,2.0,-1,2025-04-02 08:45:00+01:00,2025-04-02 08:45:00+01:00,2025-04-02 09:20:00+01:00,19520.0,19541.0,19478.0,19541.25,stop,2,21.0,87.48,-83.0,2.48,2.0,-87.48,-1.0414285714285714,False,-0.7125209008892958,8,39935.319999999934,"A (partida 0,10 / 2R)"
MNQ,london,2025-04-03,A,0.1,2.0,1,2025-04-03 08:45:00+01:00,2025-04-03 08:45:00+01:00,2025-04-03 09:15:00+01:00,19079.0,19048.0,19141.0,19141.0,objetivo,1,31.0,63.74,124.5,1.24,0.5,122.76,1.98,False,0.2809713632732051,8,39847.83999999993,"A (partida 0,10 / 2R)"
MNQ,london,2025-04-08,A,0.1,2.0,1,2025-04-08 08:40:00+01:00,2025-04-08 08:40:00+01:00,2025-04-08 08:40:00+01:00,17838.75,17831.75,17852.75,17831.5,stop,6,7.0,94.44,-81.0,7.4399999999999995,6.0,-94.44,-1.1242857142857143,True,1.112032013844574,8,39970.59999999993,"A (partida 0,10 / 2R)"
MNQ,london,2025-04-15,A,0.1,2.0,1,2025-04-15 08:45:00+01:00,2025-04-15 08:45:00+01:00,2025-04-15 08:45:00+01:00,19027.75,19018.75,19045.75,19018.5,stop,5,9.0,98.69999999999999,-87.5,6.2,5.0,-98.7,-1.0966666666666667,False,0.7158611587054798,8,39876.15999999993,"A (partida 0,10 / 2R)"
MNQ,london,2025-04-16,A,0.1,2.0,1,2025-04-16 09:40:00+01:00,2025-04-16 09:40:00+01:00,2025-04-16 09:40:00+01:00,18715.5,18683.75,18779.0,18779.0,objetivo,1,31.75,65.24,127.5,1.24,0.5,125.76,1.980472440944882,False,1.2050287458010216,9,39777.459999999934,"A (partida 0,10 / 2R)"
MNQ,london,2025-04-17,A,0.1,2.0,1,2025-04-17 08:55:00+01:00,2025-04-17 08:55:00+01:00,2025-04-17 09:00:00+01:00,18619.75,18603.25,18652.75,18603.0,stop,2,16.5,69.48,-65.0,2.48,2.0,-69.48,-1.0527272727272727,False,0.4003059489654438,8,39903.219999999936,"A (partida 0,10 / 2R)"
MNQ,london,2025-04-21,A,0.1,2.0,-1,2025-04-21 08:55:00+01:00,2025-04-21 08:55:00+01:00,2025-04-21 09:00:00+01:00,18165.0,18182.0,18131.0,18182.25,stop,2,17.0,71.48,-67.0,2.48,2.0,-71.48,-1.0511764705882354,False,-0.34201515224773976,8,39833.73999999993,"A (partida 0,10 / 2R)"
MNQ,london,2025-04-24,A,0.1,2.0,-1,2025-04-24 08:45:00+01:00,2025-04-24 08:45:00+01:00,2025-04-24 08:45:00+01:00,18676.25,18685.5,18657.75,18685.75,stop,4,9.25,80.96,-72.0,4.96,4.0,-80.96,-1.094054054054054,False,-0.3927442793895673,8,39762.25999999993,"A (partida 0,10 / 2R)"
MNQ,london,2025-05-07,A,0.1,2.0,1,2025-05-07 08:35:00+01:00,2025-05-07 08:35:00+01:00,2025-05-07 08:35:00+01:00,20010.0,20000.75,20028.5,20000.5,stop,4,9.25,80.96,-72.0,4.96,4.0,-80.96,-1.094054054054054,False,0.5739261835932444,8,39681.29999999993,"A (partida 0,10 / 2R)"
MNQ,london,2025-05-12,A,0.1,2.0,1,2025-05-12 08:40:00+01:00,2025-05-12 08:40:00+01:00,2025-05-12 08:40:00+01:00,20872.5,20861.0,20895.5,20860.75,stop,4,11.5,98.96,-90.0,4.96,4.0,-98.96,-1.0756521739130434,False,1.845961423298817,8,39600.33999999993,"A (partida 0,10 / 2R)"
MNQ,london,2025-05-15,A,0.1,2.0,-1,2025-05-15 08:40:00+01:00,2025-05-15 08:40:00+01:00,2025-05-15 09:30:00+01:00,21295.5,21318.25,21250.0,21250.0,objetivo,2,22.75,94.48,183.0,2.48,1.0,179.52,1.972747252747253,False,-1.299834175659569,8,39501.37999999993,"A (partida 0,10 / 2R)"
MNQ,london,2025-05-19,A,0.1,2.0,-1,2025-05-19 09:10:00+01:00,2025-05-19 09:10:00+01:00,2025-05-19 11:00:00+01:00,21163.25,21191.75,21106.25,21165.25,cierre_sesion,1,28.5,58.74,-3.0,1.24,1.0,-5.24,-0.09192982456140351,False,-0.14545868542719217,9,39680.89999999993,"A (partida 0,10 / 2R)"
MNQ,london,2025-05-21,A,0.1,2.0,1,2025-05-21 08:45:00+01:00,2025-05-21 08:45:00+01:00,2025-05-21 09:35:00+01:00,21331.0,21303.0,21387.0,21302.75,stop,1,28.0,57.74,-55.5,1.24,1.0,-57.74,-1.0310714285714286,False,0.13204817891928533,8,39675.65999999993,"A (partida 0,10 / 2R)"
MNQ,london,2025-05-21,A,0.1,2.0,-1,2025-05-21 09:40:00+01:00,2025-05-21 09:40:00+01:00,2025-05-21 09:50:00+01:00,21294.5,21314.75,21254.0,21315.0,stop,2,20.25,84.48,-80.0,2.48,2.0,-84.48,-1.042962962962963,False,-0.16133963604117418,9,39617.91999999993,"A (partida 0,10 / 2R)"
MNQ,london,2025-05-23,A,0.1,2.0,1,2025-05-23 08:35:00+01:00,2025-05-23 08:35:00+01:00,2025-05-23 08:35:00+01:00,21217.5,21206.25,21240.0,21206.0,stop,4,11.25,96.96,-88.0,4.96,4.0,-96.96,-1.0773333333333333,False,1.968822858832933,8,39533.43999999993,"A (partida 0,10 / 2R)"
MNQ,london,2025-05-26,A,0.1,2.0,1,2025-05-26 09:00:00+01:00,2025-05-26 09:00:00+01:00,2025-05-26 09:55:00+01:00,21274.5,21247.5,21328.5,21247.25,stop,1,27.0,55.74,-53.5,1.24,1.0,-55.74,-1.0322222222222222,False,0.19383872438963748,8,39436.47999999993,"A (partida 0,10 / 2R)"
MNQ,london,2025-05-28,A,0.1,2.0,-1,2025-05-28 08:55:00+01:00,2025-05-28 08:55:00+01:00,2025-05-28 10:00:00+01:00,21435.0,21444.25,21416.5,21416.5,objetivo,4,9.25,80.96,150.0,4.96,2.0,143.04,1.9329729729729728,False,-0.2150610082983615,8,39380.73999999993,"A (partida 0,10 / 2R)"
MNQ,london,2025-06-05,A,0.1,2.0,1,2025-06-05 08:45:00+01:00,2025-06-05 08:45:00+01:00,2025-06-05 08:45:00+01:00,21831.25,21814.75,21864.25,21814.5,stop,2,16.5,69.48,-65.0,2.48,2.0,-69.48,-1.0527272727272727,False,2.911321007971877,8,39523.77999999993,"A (partida 0,10 / 2R)"
MNQ,london,2025-06-05,A,0.1,2.0,-1,2025-06-05 10:10:00+01:00,2025-06-05 10:10:00+01:00,2025-06-05 10:15:00+01:00,21784.0,21791.75,21768.5,21768.5,objetivo,5,7.75,86.19999999999999,157.5,6.2,2.5,148.8,1.9200000000000002,False,-0.14419106116528738,10,39454.29999999993,"A (partida 0,10 / 2R)"
MNQ,london,2025-06-10,A,0.1,2.0,-1,2025-06-10 08:40:00+01:00,2025-06-10 08:40:00+01:00,2025-06-10 08:45:00+01:00,21778.5,21800.75,21734.0,21734.0,objetivo,2,22.25,92.48,179.0,2.48,1.0,175.52,1.9721348314606744,False,-0.11767362953293398,8,39603.09999999993,"A (partida 0,10 / 2R)"
MNQ,london,2025-06-11,A,0.1,2.0,1,2025-06-11 08:45:00+01:00,2025-06-11 08:45:00+01:00,2025-06-11 08:45:00+01:00,21912.5,21907.0,21923.5,21923.5,objetivo,7,5.5,89.18,157.5,8.68,3.5,145.32,1.8872727272727272,False,0.17308825276660258,8,39778.61999999993,"A (partida 0,10 / 2R)"
MNQ,london,2025-06-16,A,0.1,2.0,1,2025-06-16 08:45:00+01:00,2025-06-16 08:45:00+01:00,2025-06-16 08:45:00+01:00,21770.75,21764.5,21783.25,21764.25,stop,7,6.25,99.68,-84.0,8.68,7.0,-99.68,-1.1392,False,0.2763508525463577,8,39923.93999999993,"A (partida 0,10 / 2R)"
MNQ,london,2025-06-18,A,0.1,2.0,1,2025-06-18 09:05:00+01:00,2025-06-18 09:05:00+01:00,2025-06-18 09:20:00+01:00,21803.25,21785.5,21838.75,21785.25,stop,2,17.75,74.48,-70.0,2.48,2.0,-74.48,-1.0490140845070424,False,0.1484526791452911,9,39824.25999999993,"A (partida 0,10 / 2R)"
MNQ,london,2025-06-19,A,0.1,2.0,-1,2025-06-19 09:25:00+01:00,2025-06-19 09:25:00+01:00,2025-06-19 09:35:00+01:00,21606.75,21610.5,21599.25,21610.75,stop,10,3.75,92.4,-70.0,12.4,10.0,-92.4,-1.232,False,-0.37561366300016363,9,39749.779999999926,"A (partida 0,10 / 2R)"
MNQ,london,2025-06-26,A,0.1,2.0,1,2025-06-26 09:15:00+01:00,2025-06-26 09:15:00+01:00,2025-06-26 09:25:00+01:00,22552.0,22541.0,22574.0,22574.0,objetivo,4,11.0,94.96,178.0,4.96,2.0,171.04,1.9436363636363636,False,0.1775932919471353,9,39657.379999999925,"A (partida 0,10 / 2R)"
MNQ,london,2025-07-04,A,0.1,2.0,-1,2025-07-04 08:45:00+01:00,2025-07-04 08:45:00+01:00,2025-07-04 08:45:00+01:00,22966.5,22972.75,22954.0,22954.0,objetivo,6,6.25,85.44,153.0,7.4399999999999995,3.0,142.56,1.9008,False,-0.9489758617866634,8,39828.419999999925,"A (partida 0,10 / 2R)"
MNQ,london,2025-07-11,A,0.1,2.0,-1,2025-07-11 08:50:00+01:00,2025-07-11 08:50:00+01:00,2025-07-11 09:05:00+01:00,22916.0,22929.0,22890.0,22890.0,objetivo,3,13.0,83.22,157.5,3.7199999999999998,1.5,152.28,1.9523076923076923,False,-0.5154451290579845,8,39970.97999999992,"A (partida 0,10 / 2R)"
MNQ,london,2025-07-18,A,0.1,2.0,-1,2025-07-18 08:35:00+01:00,2025-07-18 08:35:00+01:00,2025-07-18 08:40:00+01:00,23267.0,23277.5,23246.0,23277.75,stop,4,10.5,90.96,-82.0,4.96,4.0,-90.96,-1.0828571428571427,False,-1.0575400781410236,8,40123.25999999992,"A (partida 0,10 / 2R)"
MNQ,london,2025-07-18,A,0.1,2.0,-1,2025-07-18 09:00:00+01:00,2025-07-18 09:00:00+01:00,2025-07-18 09:20:00+01:00,23269.0,23282.75,23241.5,23283.0,stop,3,13.75,87.72,-81.0,3.7199999999999998,3.0,-87.72,-1.0632727272727274,False,-0.4554312335962532,8,40032.29999999992,"A (partida 0,10 / 2R)"
MNQ,london,2025-07-21,A,0.1,2.0,1,2025-07-21 08:40:00+01:00,2025-07-21 08:40:00+01:00,2025-07-21 09:15:00+01:00,23294.75,23286.5,23311.25,23286.25,stop,5,8.25,91.19999999999999,-80.0,6.2,5.0,-91.2,-1.1054545454545455,False,0.7252742536337803,8,39944.57999999992,"A (partida 0,10 / 2R)"
MNQ,london,2025-07-22,A,0.1,2.0,1,2025-07-22 08:40:00+01:00,2025-07-22 08:40:00+01:00,2025-07-22 08:40:00+01:00,23345.25,23340.25,23355.25,23340.0,stop,8,5.0,93.92,-76.0,9.92,8.0,-93.92,-1.174,False,0.9297355081732327,8,39853.379999999925,"A (partida 0,10 / 2R)"
MNQ,london,2025-07-22,A,0.1,2.0,-1,2025-07-22 09:10:00+01:00,2025-07-22 09:10:00+01:00,2025-07-22 09:20:00+01:00,23309.0,23316.75,23293.5,23293.5,objetivo,5,7.75,86.19999999999999,157.5,6.2,2.5,148.8,1.9200000000000002,False,-1.2057126841496542,9,39759.45999999993,"A (partida 0,10 / 2R)"
MNQ,london,2025-07-25,A,0.1,2.0,-1,2025-07-25 08:45:00+01:00,2025-07-25 08:45:00+01:00,2025-07-25 09:00:00+01:00,23363.5,23373.25,23344.0,23373.5,stop,4,9.75,84.96,-76.0,4.96,4.0,-84.96,-1.0892307692307692,False,-1.027441018689996,8,39908.25999999993,"A (partida 0,10 / 2R)"
MNQ,london,2025-07-29,A,0.1,2.0,1,2025-07-29 08:35:00+01:00,2025-07-29 08:35:00+01:00,2025-07-29 08:40:00+01:00,23563.75,23558.75,23573.75,23573.75,objetivo,8,5.0,93.92,164.0,9.92,4.0,150.08,1.8760000000000001,False,1.0828682064266884,8,39823.29999999993,"A (partida 0,10 / 2R)"
MNQ,london,2025-07-30,A,0.1,2.0,-1,2025-07-30 09:35:00+01:00,2025-07-30 09:35:00+01:00,2025-07-30 09:40:00+01:00,23477.0,23487.0,23457.0,23487.25,stop,4,10.0,86.96,-78.0,4.96,4.0,-86.96,-1.087,False,-0.3037158702255937,9,39973.37999999993,"A (partida 0,10 / 2R)"
MNQ,london,2025-08-01,A,0.1,2.0,-1,2025-08-01 08:35:00+01:00,2025-08-01 08:35:00+01:00,2025-08-01 09:25:00+01:00,23172.25,23203.25,23110.25,23110.25,objetivo,1,31.0,63.74,124.5,1.24,0.5,122.76,1.98,False,-2.268987373347156,8,39886.41999999993,"A (partida 0,10 / 2R)"
MNQ,london,2025-08-04,A,0.1,2.0,1,2025-08-04 08:35:00+01:00,2025-08-04 08:35:00+01:00,2025-08-04 08:50:00+01:00,23037.0,23013.75,23083.5,23013.5,stop,2,23.25,96.48,-92.0,2.48,2.0,-96.48,-1.0374193548387096,False,1.1626036794989791,8,40009.179999999935,"A (partida 0,10 / 2R)"
MNQ,london,2025-08-06,A,0.1,2.0,1,2025-08-06 08:45:00+01:00,2025-08-06 08:45:00+01:00,2025-08-06 08:45:00+01:00,23214.25,23210.75,23221.25,23210.5,stop,11,3.5,96.14,-71.5,13.64,11.0,-96.14,-1.2485714285714287,False,0.14395877362880444,8,39912.69999999993,"A (partida 0,10 / 2R)"
MNQ,london,2025-08-13,A,0.1,2.0,1,2025-08-13 08:50:00+01:00,2025-08-13 08:50:00+01:00,2025-08-13 08:50:00+01:00,23985.75,23981.0,23995.25,23980.75,stop,8,4.75,89.92,-72.0,9.92,8.0,-89.92,-1.1831578947368422,False,0.5229440022860118,8,39816.55999999993,"A (partida 0,10 / 2R)"
MNQ,london,2025-08-14,A,0.1,2.0,1,2025-08-14 08:35:00+01:00,2025-08-14 08:35:00+01:00,2025-08-14 08:45:00+01:00,23927.0,23920.75,23939.5,23920.5,stop,6,6.25,85.44,-72.0,7.4399999999999995,6.0,-85.44,-1.1392,False,0.19730634235233657,8,39726.639999999934,"A (partida 0,10 / 2R)"
MNQ,london,2025-08-14,A,0.1,2.0,1,2025-08-14 08:55:00+01:00,2025-08-14 08:55:00+01:00,2025-08-14 11:00:00+01:00,23926.25,23912.75,23953.25,23926.0,cierre_sesion,3,13.5,86.22,1.5,3.7199999999999998,3.0,-5.22,-0.06444444444444444,False,0.20136449562712047,8,39641.19999999993,"A (partida 0,10 / 2R)"
MNQ,london,2025-08-18,A,0.1,2.0,-1,2025-08-18 08:35:00+01:00,2025-08-18 08:35:00+01:00,2025-08-18 08:40:00+01:00,23783.0,23800.5,23748.0,23800.75,stop,2,17.5,73.48,-69.0,2.48,2.0,-73.48,-1.0497142857142858,False,-0.715699557353124,8,39635.97999999993,"A (partida 0,10 / 2R)"
MNQ,london,2025-08-19,A,0.1,2.0,1,2025-08-19 09:30:00+01:00,2025-08-19 09:30:00+01:00,2025-08-19 09:50:00+01:00,23770.0,23761.75,23786.5,23786.5,objetivo,5,8.25,91.19999999999999,167.5,6.2,2.5,158.8,1.924848484848485,False,0.10100610865543712,9,39562.49999999993,"A (partida 0,10 / 2R)"
MNQ,london,2025-08-21,A,0.1,2.0,-1,2025-08-21 08:45:00+01:00,2025-08-21 08:45:00+01:00,2025-08-21 08:50:00+01:00,23337.0,23347.25,23316.5,23347.5,stop,4,10.25,88.96,-80.0,4.96,4.0,-88.96,-1.0848780487804877,False,-0.5413922458182349,8,39721.29999999993,"A (partida 0,10 / 2R)"
MNQ,london,2025-08-22,A,0.1,2.0,1,2025-08-22 08:40:00+01:00,2025-08-22 08:40:00+01:00,2025-08-22 08:40:00+01:00,23176.75,23172.75,23184.75,23172.5,stop,10,4.0,97.4,-75.0,12.4,10.0,-97.4,-1.2175,False,0.5448239542945846,8,39632.33999999993,"A (partida 0,10 / 2R)"
MNQ,london,2025-08-25,A,0.1,2.0,-1,2025-08-25 09:45:00+01:00,2025-08-25 09:45:00+01:00,2025-08-25 11:00:00+01:00,23514.75,23532.75,23478.75,23504.25,cierre_sesion,2,18.0,75.48,44.0,2.48,2.0,39.52,0.548888888888889,False,-0.1298583154314656,9,39534.93999999993,"A (partida 0,10 / 2R)"
MNQ,london,2025-08-28,A,0.1,2.0,1,2025-08-28 09:05:00+01:00,2025-08-28 09:05:00+01:00,2025-08-28 09:50:00+01:00,23636.25,23622.25,23664.25,23622.0,stop,3,14.0,89.22,-82.5,3.7199999999999998,3.0,-89.22,-1.062142857142857,False,0.15177439666096126,9,39574.45999999993,"A (partida 0,10 / 2R)"
MNQ,london,2025-09-01,A,0.1,2.0,1,2025-09-01 08:45:00+01:00,2025-09-01 08:45:00+01:00,2025-09-01 08:50:00+01:00,23472.75,23466.0,23486.25,23465.75,stop,6,6.75,91.44,-78.0,7.4399999999999995,6.0,-91.44,-1.1288888888888888,False,0.3509348804881061,8,39485.239999999925,"A (partida 0,10 / 2R)"
MNQ,london,2025-09-02,A,0.1,2.0,-1,2025-09-02 08:40:00+01:00,2025-09-02 08:40:00+01:00,2025-09-02 08:45:00+01:00,23376.75,23391.5,23347.25,23347.25,objetivo,3,14.75,93.72,178.5,3.7199999999999998,1.5,173.28,1.9579661016949153,False,-2.048503854603935,8,39393.79999999992,"A (partida 0,10 / 2R)"
MNQ,london,2025-09-04,A,0.1,2.0,1,2025-09-04 08:45:00+01:00,2025-09-04 08:45:00+01:00,2025-09-04 08:45:00+01:00,23488.0,23483.0,23498.0,23482.75,stop,8,5.0,93.92,-76.0,9.92,8.0,-93.92,-1.174,False,0.6526467210698798,8,39567.07999999992,"A (partida 0,10 / 2R)"
MNQ,london,2025-09-11,A,0.1,2.0,1,2025-09-11 08:40:00+01:00,2025-09-11 08:40:00+01:00,2025-09-11 10:40:00+01:00,23923.75,23913.75,23943.75,23913.5,stop,4,10.0,86.96,-78.0,4.96,4.0,-86.96,-1.087,False,0.2130262951060007,8,39473.15999999992,"A (partida 0,10 / 2R)"
MNQ,london,2025-09-15,A,0.1,2.0,-1,2025-09-15 09:30:00+01:00,2025-09-15 09:30:00+01:00,2025-09-15 09:45:00+01:00,24098.25,24113.75,24067.25,24114.0,stop,3,15.5,98.22,-91.5,3.7199999999999998,3.0,-98.22,-1.0561290322580645,False,-1.9274197176375423,9,39386.199999999924,"A (partida 0,10 / 2R)"
MNQ,london,2025-09-18,A,0.1,2.0,1,2025-09-18 08:55:00+01:00,2025-09-18 08:55:00+01:00,2025-09-18 09:10:00+01:00,24423.5,24411.5,24447.5,24447.5,objetivo,3,12.0,77.22,145.5,3.7199999999999998,1.5,140.28,1.9483333333333333,False,0.17462689149818283,8,39287.97999999992,"A (partida 0,10 / 2R)"
MNQ,london,2025-09-25,A,0.1,2.0,-1,2025-09-25 10:10:00+01:00,2025-09-25 10:10:00+01:00,2025-09-25 10:10:00+01:00,24720.75,24724.5,24713.25,24724.75,stop,10,3.75,92.4,-70.0,12.4,10.0,-92.4,-1.232,False,-0.11282912456854875,10,39428.25999999992,"A (partida 0,10 / 2R)"
MNQ,london,2025-09-26,A,0.1,2.0,-1,2025-09-26 09:25:00+01:00,2025-09-26 09:25:00+01:00,2025-09-26 09:40:00+01:00,24645.25,24654.75,24626.25,24626.25,objetivo,4,9.5,82.96,154.0,4.96,2.0,147.04,1.934736842105263,False,-0.12461069367459898,9,39335.85999999992,"A (partida 0,10 / 2R)"
MNQ,london,2025-09-30,A,0.1,2.0,-1,2025-09-30 08:50:00+01:00,2025-09-30 08:50:00+01:00,2025-09-30 08:50:00+01:00,24762.75,24775.25,24737.75,24775.5,stop,3,12.5,80.22,-73.5,3.7199999999999998,3.0,-80.22,-1.0695999999999999,False,-0.7926749056041837,8,39482.89999999992,"A (partida 0,10 / 2R)"
MNQ,london,2025-10-09,A,0.1,2.0,-1,2025-10-09 09:00:00+01:00,2025-10-09 09:00:00+01:00,2025-10-09 09:00:00+01:00,25336.5,25343.5,25322.5,25343.75,stop,6,7.0,94.44,-81.0,7.4399999999999995,6.0,-94.44,-1.1242857142857143,False,-0.3535568562510503,8,39402.67999999992,"A (partida 0,10 / 2R)"
MNQ,london,2025-10-10,A,0.1,2.0,-1,2025-10-10 10:30:00+01:00,2025-10-10 10:30:00+01:00,2025-10-10 10:45:00+01:00,25301.75,25312.25,25280.75,25280.75,objetivo,4,10.5,90.96,170.0,4.96,2.0,163.04,1.9409523809523808,False,-0.11832409721478482,10,39308.23999999992,"A (partida 0,10 / 2R)"
MNQ,london,2025-10-14,A,0.1,2.0,-1,2025-10-14 08:55:00+01:00,2025-10-14 08:55:00+01:00,2025-10-14 08:55:00+01:00,24631.75,24657.0,24581.25,24657.25,stop,1,25.25,52.24,-50.0,1.24,1.0,-52.24,-1.0344554455445545,False,-0.34827018247336977,8,39471.27999999992,"A (partida 0,10 / 2R)"
MNQ,london,2025-10-15,A,0.1,2.0,1,2025-10-15 09:10:00+01:00,2025-10-15 09:10:00+01:00,2025-10-15 09:15:00+01:00,24924.25,24915.75,24941.25,24915.5,stop,5,8.5,93.69999999999999,-82.5,6.2,5.0,-93.7,-1.1023529411764705,False,0.10741389080992386,9,39419.03999999992,"A (partida 0,10 / 2R)"
MNQ,london,2025-10-16,A,0.1,2.0,1,2025-10-16 09:10:00+01:00,2025-10-16 09:10:00+01:00,2025-10-16 09:10:00+01:00,25045.75,25033.5,25070.25,25033.25,stop,3,12.25,78.72,-72.0,3.7199999999999998,3.0,-78.72,-1.0710204081632653,False,0.448045637740057,9,39325.339999999924,"A (partida 0,10 / 2R)"
MNQ,london,2025-10-20,A,0.1,2.0,1,2025-10-20 09:05:00+01:00,2025-10-20 09:05:00+01:00,2025-10-20 09:10:00+01:00,25126.5,25106.5,25166.5,25106.25,stop,2,20.0,83.48,-79.0,2.48,2.0,-83.48,-1.0435,False,0.39784338871645325,9,39246.61999999992,"A (partida 0,10 / 2R)"
MNQ,london,2025-10-24,A,0.1,2.0,-1,2025-10-24 08:50:00+01:00,2025-10-24 08:50:00+01:00,2025-10-24 09:45:00+01:00,25337.25,25357.0,25297.75,25357.25,stop,2,19.75,82.48,-78.0,2.48,2.0,-82.48,-1.0440506329113926,False,-0.324873517865846,8,39163.13999999992,"A (partida 0,10 / 2R)"
MNQ,london,2025-10-24,A,0.1,2.0,1,2025-10-24 09:50:00+01:00,2025-10-24 09:50:00+01:00,2025-10-24 09:55:00+01:00,25365.75,25352.75,25391.75,25352.5,stop,3,13.0,83.22,-76.5,3.7199999999999998,3.0,-83.22,-1.0669230769230769,False,0.19420857024145788,9,39080.659999999916,"A (partida 0,10 / 2R)"
MNQ,london,2025-11-04,A,0.1,2.0,-1,2025-11-04 09:25:00+00:00,2025-11-04 09:25:00+00:00,2025-11-04 10:00:00+00:00,25726.0,25758.75,25660.5,25660.5,objetivo,1,32.75,67.24,131.5,1.24,0.5,129.76,1.9810687022900761,False,-0.10543265588513287,9,38997.439999999915,"A (partida 0,10 / 2R)"
MNQ,london,2025-11-13,A,0.1,2.0,-1,2025-11-13 09:15:00+00:00,2025-11-13 09:15:00+00:00,2025-11-13 09:35:00+00:00,25591.25,25615.0,25543.75,25543.75,objetivo,1,23.75,49.24,95.5,1.24,0.5,93.76,1.9738947368421054,False,-0.8956080426637557,9,39127.19999999992,"A (partida 0,10 / 2R)"
MNQ,london,2025-11-14,A,0.1,2.0,-1,2025-11-14 08:40:00+00:00,2025-11-14 08:40:00+00:00,2025-11-14 08:40:00+00:00,24950.75,24968.75,24914.75,24914.75,objetivo,2,18.0,75.48,145.0,2.48,1.0,141.52,1.9655555555555557,False,-0.8290981628215061,8,39220.95999999992,"A (partida 0,10 / 2R)"
MNQ,london,2025-11-17,A,0.1,2.0,1,2025-11-17 08:40:00+00:00,2025-11-17 08:40:00+00:00,2025-11-17 08:45:00+00:00,25357.25,25338.5,25394.75,25338.25,stop,2,18.75,78.48,-74.0,2.48,2.0,-78.48,-1.0464,False,0.48705735058197097,8,39362.479999999916,"A (partida 0,10 / 2R)"
MNQ,london,2025-12-01,A,0.1,2.0,1,2025-12-01 08:45:00+00:00,2025-12-01 08:45:00+00:00,2025-12-01 08:45:00+00:00,25331.75,25318.75,25357.75,25318.5,stop,3,13.0,83.22,-76.5,3.7199999999999998,3.0,-83.22,-1.0669230769230769,False,1.1787003134876173,8,39283.99999999991,"A (partida 0,10 / 2R)"
MNQ,london,2025-12-03,A,0.1,2.0,-1,2025-12-03 08:35:00+00:00,2025-12-03 08:35:00+00:00,2025-12-03 08:35:00+00:00,25617.75,25625.75,25601.75,25626.0,stop,5,8.0,88.69999999999999,-77.5,6.2,5.0,-88.7,-1.1087500000000001,False,-1.560578765460209,8,39200.77999999991,"A (partida 0,10 / 2R)"
MNQ,london,2025-12-05,A,0.1,2.0,1,2025-12-05 08:45:00+00:00,2025-12-05 08:45:00+00:00,2025-12-05 08:50:00+00:00,25746.25,25738.75,25761.25,25738.5,stop,5,7.5,83.69999999999999,-72.5,6.2,5.0,-83.7,-1.116,False,0.5147057323046138,8,39112.079999999914,"A (partida 0,10 / 2R)"
MNQ,london,2025-12-08,A,0.1,2.0,-1,2025-12-08 08:45:00+00:00,2025-12-08 08:45:00+00:00,2025-12-08 09:25:00+00:00,25782.0,25792.75,25760.5,25793.0,stop,4,10.75,92.96,-84.0,4.96,4.0,-92.96,-1.0809302325581394,False,-0.4760126591054465,8,39028.37999999992,"A (partida 0,10 / 2R)"
MNQ,london,2025-12-11,A,0.1,2.0,-1,2025-12-11 08:45:00+00:00,2025-12-11 08:45:00+00:00,2025-12-11 08:50:00+00:00,25486.5,25504.5,25450.5,25504.75,stop,2,18.0,75.48,-71.0,2.48,2.0,-75.48,-1.0483333333333333,False,-0.35056531021854576,8,38935.41999999992,"A (partida 0,10 / 2R)"
MNQ,london,2025-12-12,A,0.1,2.0,-1,2025-12-12 08:55:00+00:00,2025-12-12 08:55:00+00:00,2025-12-12 08:55:00+00:00,25669.0,25673.75,25659.5,25659.5,objetivo,8,4.75,89.92,156.0,9.92,4.0,142.08,1.8694736842105264,False,-0.11226829511968653,8,38859.939999999915,"A (partida 0,10 / 2R)"
MNQ,london,2025-12-16,A,0.1,2.0,1,2025-12-16 08:45:00+00:00,2025-12-16 08:45:00+00:00,2025-12-16 09:55:00+00:00,24945.5,24920.5,24995.5,24920.25,stop,1,25.0,51.74,-49.5,1.24,1.0,-51.74,-1.0348,False,0.7522606094633483,8,39002.01999999992,"A (partida 0,10 / 2R)"
MNQ,london,2025-12-18,A,0.1,2.0,1,2025-12-18 08:40:00+00:00,2025-12-18 08:40:00+00:00,2025-12-18 08:45:00+00:00,24808.5,24798.0,24829.5,24829.5,objetivo,4,10.5,90.96,170.0,4.96,2.0,163.04,1.9409523809523808,False,0.39892849116335355,8,38950.27999999992,"A (partida 0,10 / 2R)"
MNQ,london,2025-12-19,A,0.1,2.0,1,2025-12-19 08:45:00+00:00,2025-12-19 08:45:00+00:00,2025-12-19 08:50:00+00:00,25143.0,25138.25,25152.5,25152.5,objetivo,8,4.75,89.92,156.0,9.92,4.0,142.08,1.8694736842105264,False,0.14734479525861643,8,39113.31999999992,"A (partida 0,10 / 2R)"
MNQ,london,2025-12-29,A,0.1,2.0,-1,2025-12-29 08:45:00+00:00,2025-12-29 08:45:00+00:00,2025-12-29 08:45:00+00:00,25756.0,25761.0,25746.0,25746.0,objetivo,8,5.0,93.92,164.0,9.92,4.0,150.08,1.8760000000000001,False,-0.8949169050833902,8,39255.39999999992,"A (partida 0,10 / 2R)"
MNQ,london,2025-12-30,A,0.1,2.0,1,2025-12-30 08:45:00+00:00,2025-12-30 08:45:00+00:00,2025-12-30 08:45:00+00:00,25729.75,25725.5,25738.25,25738.25,objetivo,9,4.25,92.16,157.5,11.16,4.5,141.84,1.8541176470588236,False,0.5115009449758131,8,39405.47999999992,"A (partida 0,10 / 2R)"
MNQ,london,2025-12-31,A,0.1,2.0,-1,2025-12-31 08:50:00+00:00,2025-12-31 08:50:00+00:00,2025-12-31 08:50:00+00:00,25565.0,25569.5,25556.0,25569.75,stop,9,4.5,96.66,-76.5,11.16,9.0,-96.66,-1.1933333333333334,False,-1.586476307045026,8,39547.31999999992,"A (partida 0,10 / 2R)"
MNQ,london,2026-01-02,A,0.1,2.0,1,2026-01-02 08:45:00+00:00,2026-01-02 08:45:00+00:00,2026-01-02 08:50:00+00:00,25693.25,25682.0,25715.75,25715.75,objetivo,4,11.25,96.96,182.0,4.96,2.0,175.04,1.944888888888889,False,0.810693267289408,8,39450.659999999916,"A (partida 0,10 / 2R)"
MNQ,london,2026-01-06,A,0.1,2.0,-1,2026-01-06 08:50:00+00:00,2026-01-06 08:50:00+00:00,2026-01-06 08:50:00+00:00,25560.25,25569.25,25542.25,25569.5,stop,5,9.0,98.69999999999999,-87.5,6.2,5.0,-98.7,-1.0966666666666667,False,-2.21435611604617,8,39625.69999999992,"A (partida 0,10 / 2R)"
MNQ,london,2026-01-09,A,0.1,2.0,1,2026-01-09 09:35:00+00:00,2026-01-09 09:35:00+00:00,2026-01-09 11:00:00+00:00,25716.0,25696.25,25755.5,25728.75,cierre_sesion,2,19.75,82.48,53.0,2.48,2.0,48.52,0.6141772151898734,False,0.15256406300894734,9,39526.99999999992,"A (partida 0,10 / 2R)"
MNQ,london,2026-01-12,A,0.1,2.0,-1,2026-01-12 08:40:00+00:00,2026-01-12 08:40:00+00:00,2026-01-12 08:50:00+00:00,25638.25,25664.5,25585.75,25664.75,stop,1,26.25,54.24,-52.0,1.24,1.0,-54.24,-1.0331428571428571,False,-2.7667151710502775,8,39575.51999999992,"A (partida 0,10 / 2R)"
MNQ,london,2026-01-13,A,0.1,2.0,-1,2026-01-13 08:35:00+00:00,2026-01-13 08:35:00+00:00,2026-01-13 09:00:00+00:00,25898.0,25923.75,25846.5,25924.0,stop,1,25.75,53.24,-51.0,1.24,1.0,-53.24,-1.0337864077669903,False,-0.23004472691728267,8,39521.27999999992,"A (partida 0,10 / 2R)"
MNQ,london,2026-01-13,A,0.1,2.0,-1,2026-01-13 09:55:00+00:00,2026-01-13 09:55:00+00:00,2026-01-13 09:55:00+00:00,25910.75,25915.25,25901.75,25915.5,stop,9,4.5,96.66,-76.5,11.16,9.0,-96.66,-1.1933333333333334,False,-0.11582771474787178,9,39468.03999999992,"A (partida 0,10 / 2R)"
MNQ,london,2026-01-15,A,0.1,2.0,1,2026-01-15 08:45:00+00:00,2026-01-15 08:45:00+00:00,2026-01-15 08:45:00+00:00,25732.25,25722.0,25752.75,25721.75,stop,4,10.25,88.96,-80.0,4.96,4.0,-88.96,-1.0848780487804877,False,0.20192805138255512,8,39371.37999999992,"A (partida 0,10 / 2R)"
MNQ,london,2026-01-19,A,0.1,2.0,1,2026-01-19 08:35:00+00:00,2026-01-19 08:35:00+00:00,2026-01-19 08:40:00+00:00,25390.5,25379.25,25413.0,25379.0,stop,4,11.25,96.96,-88.0,4.96,4.0,-96.96,-1.0773333333333333,False,0.45162062972890255,8,39282.41999999992,"A (partida 0,10 / 2R)"
MNQ,london,2026-01-19,A,0.1,2.0,-1,2026-01-19 09:15:00+00:00,2026-01-19 09:15:00+00:00,2026-01-19 09:25:00+00:00,25346.75,25366.75,25306.75,25306.75,objetivo,2,20.0,83.48,161.0,2.48,1.0,157.52,1.969,False,-0.10513111220508792,9,39185.45999999992,"A (partida 0,10 / 2R)"
MNQ,london,2026-01-20,A,0.1,2.0,-1,2026-01-20 08:45:00+00:00,2026-01-20 08:45:00+00:00,2026-01-20 08:45:00+00:00,25202.25,25206.25,25194.25,25206.5,stop,10,4.0,97.4,-75.0,12.4,10.0,-97.4,-1.2175,False,-1.0916221883767276,8,39342.979999999916,"A (partida 0,10 / 2R)"
MNQ,london,2026-01-22,A,0.1,2.0,1,2026-01-22 08:45:00+00:00,2026-01-22 08:45:00+00:00,2026-01-22 08:45:00+00:00,25665.75,25658.75,25679.75,25658.5,stop,6,7.0,94.44,-81.0,7.4399999999999995,6.0,-94.44,-1.1242857142857143,False,1.2558924503237183,8,39245.579999999914,"A (partida 0,10 / 2R)"
MNQ,london,2026-01-26,A,0.1,2.0,1,2026-01-26 09:00:00+00:00,2026-01-26 09:00:00+00:00,2026-01-26 09:00:00+00:00,25728.0,25721.25,25741.5,25721.0,stop,6,6.75,91.44,-78.0,7.4399999999999995,6.0,-91.44,-1.1288888888888888,False,0.15951968436109504,8,39151.13999999991,"A (partida 0,10 / 2R)"
MNQ,london,2026-01-28,A,0.1,2.0,-1,2026-01-28 08:50:00+00:00,2026-01-28 08:50:00+00:00,2026-01-28 10:35:00+00:00,26279.0,26303.75,26229.5,26304.0,stop,1,24.75,51.24,-49.0,1.24,1.0,-51.24,-1.0351515151515152,False,-0.22934287122255462,8,39059.69999999991,"A (partida 0,10 / 2R)"
MNQ,london,2026-02-02,A,0.1,2.0,1,2026-02-02 08:50:00+00:00,2026-02-02 08:50:00+00:00,2026-02-02 09:00:00+00:00,25409.25,25398.25,25431.25,25398.0,stop,4,11.0,94.96,-86.0,4.96,4.0,-94.96,-1.079090909090909,False,0.48013746576244276,8,39008.45999999991,"A (partida 0,10 / 2R)"
MNQ,london,2026-02-04,A,0.1,2.0,-1,2026-02-04 08:40:00+00:00,2026-02-04 08:40:00+00:00,2026-02-04 08:40:00+00:00,25417.0,25439.5,25372.0,25439.75,stop,2,22.5,93.48,-89.0,2.48,2.0,-93.48,-1.0386666666666666,False,-1.1782491808317233,8,38913.49999999991,"A (partida 0,10 / 2R)"
MNQ,london,2026-02-16,A,0.1,2.0,1,2026-02-16 08:45:00+00:00,2026-02-16 08:45:00+00:00,2026-02-16 09:25:00+00:00,24881.0,24861.75,24919.5,24919.5,objetivo,2,19.25,80.48,155.0,2.48,1.0,151.52,1.9677922077922079,False,0.3366408419958092,8,38820.01999999991,"A (partida 0,10 / 2R)"
MNQ,london,2026-02-18,A,0.1,2.0,1,2026-02-18 08:40:00+00:00,2026-02-18 08:40:00+00:00,2026-02-18 08:40:00+00:00,24905.5,24898.25,24920.0,24898.0,stop,5,7.25,81.20000000000002,-70.0,6.2,5.0,-81.2,-1.12,False,1.287045284927751,8,38971.539999999906,"A (partida 0,10 / 2R)"
MNQ,london,2026-02-23,A,0.1,2.0,1,2026-02-23 08:50:00+00:00,2026-02-23 08:50:00+00:00,2026-02-23 09:10:00+00:00,24919.75,24883.5,24992.25,24992.25,objetivo,1,36.25,74.24,145.5,1.24,0.5,143.76,1.9828965517241377,False,0.14968667991130655,8,38890.33999999991,"A (partida 0,10 / 2R)"
MNQ,london,2026-02-24,A,0.1,2.0,-1,2026-02-24 08:50:00+00:00,2026-02-24 08:50:00+00:00,2026-02-24 08:55:00+00:00,24763.5,24788.75,24713.0,24789.0,stop,1,25.25,52.24,-50.0,1.24,1.0,-52.24,-1.0344554455445545,False,-0.14074753060899306,8,39034.09999999991,"A (partida 0,10 / 2R)"
MNQ,london,2026-02-25,A,0.1,2.0,1,2026-02-25 08:50:00+00:00,2026-02-25 08:50:00+00:00,2026-02-25 08:50:00+00:00,25081.5,25068.75,25107.0,25068.5,stop,3,12.75,81.72,-75.0,3.7199999999999998,3.0,-81.72,-1.068235294117647,False,0.44398094875447525,8,38981.85999999991,"A (partida 0,10 / 2R)"
MNQ,london,2026-03-03,A,0.1,2.0,-1,2026-03-03 08:45:00+00:00,2026-03-03 08:45:00+00:00,2026-03-03 09:05:00+00:00,24538.5,24568.5,24478.5,24568.75,stop,1,30.0,61.74,-59.5,1.24,1.0,-61.74,-1.0290000000000001,False,-1.5095489930228212,8,38900.13999999991,"A (partida 0,10 / 2R)"
MNQ,london,2026-03-26,A,0.1,2.0,-1,2026-03-26 08:40:00+00:00,2026-03-26 08:40:00+00:00,2026-03-26 09:25:00+00:00,24194.5,24218.75,24146.0,24146.0,objetivo,1,24.25,50.24,97.5,1.24,0.5,95.76,1.9744329896907218,False,-1.7929744501250648,8,38838.399999999914,"A (partida 0,10 / 2R)"
MNQ,london,2026-03-27,A,0.1,2.0,-1,2026-03-27 08:35:00+00:00,2026-03-27 08:35:00+00:00,2026-03-27 08:35:00+00:00,23807.0,23823.25,23774.5,23774.5,objetivo,2,16.25,68.48,131.0,2.48,1.0,127.52,1.9618461538461538,False,-1.5328390315442204,8,38934.159999999916,"A (partida 0,10 / 2R)"
MNQ,london,2026-04-02,A,0.1,2.0,1,2026-04-02 08:45:00+01:00,2026-04-02 08:45:00+01:00,2026-04-02 08:45:00+01:00,23843.25,23835.75,23858.25,23858.25,objetivo,5,7.5,83.69999999999999,152.5,6.2,2.5,143.8,1.9173333333333336,False,0.25427072429370007,8,39061.67999999991,"A (partida 0,10 / 2R)"
MNQ,london,2026-04-07,A,0.1,2.0,1,2026-04-07 09:20:00+01:00,2026-04-07 09:20:00+01:00,2026-04-07 10:10:00+01:00,24331.25,24305.0,24383.75,24383.75,objetivo,1,26.25,54.24,105.5,1.24,0.5,103.76,1.9763809523809526,False,1.5093876920451896,9,39205.479999999916,"A (partida 0,10 / 2R)"
MNQ,london,2026-04-09,A,0.1,2.0,-1,2026-04-09 08:35:00+01:00,2026-04-09 08:35:00+01:00,2026-04-09 10:55:00+01:00,24994.25,25018.0,24946.75,25018.25,stop,1,23.75,49.24,-47.0,1.24,1.0,-49.24,-1.0366315789473686,False,-1.4142027003208628,8,39309.23999999992,"A (partida 0,10 / 2R)"
MNQ,london,2026-04-13,A,0.1,2.0,1,2026-04-13 09:30:00+01:00,2026-04-13 09:30:00+01:00,2026-04-13 09:30:00+01:00,25118.5,25114.0,25127.5,25113.75,stop,9,4.5,96.66,-76.5,11.16,9.0,-96.66,-1.1933333333333334,False,0.18919234605998383,9,39259.99999999992,"A (partida 0,10 / 2R)"
MNQ,london,2026-04-21,A,0.1,2.0,-1,2026-04-21 09:00:00+01:00,2026-04-21 09:00:00+01:00,2026-04-21 09:25:00+01:00,26813.0,26822.75,26793.5,26823.0,stop,4,9.75,84.96,-76.0,4.96,4.0,-84.96,-1.0892307692307692,False,-0.13363657580571575,8,39163.33999999992,"A (partida 0,10 / 2R)"
MNQ,london,2026-04-22,A,0.1,2.0,1,2026-04-22 08:35:00+01:00,2026-04-22 08:35:00+01:00,2026-04-22 08:40:00+01:00,26851.5,26847.0,26860.5,26846.75,stop,9,4.5,96.66,-76.5,11.16,9.0,-96.66,-1.1933333333333334,True,0.31658753913728377,8,39078.37999999992,"A (partida 0,10 / 2R)"
MNQ,london,2026-04-23,A,0.1,2.0,-1,2026-04-23 08:40:00+01:00,2026-04-23 08:40:00+01:00,2026-04-23 08:40:00+01:00,26979.75,26998.0,26943.25,26998.25,stop,2,18.25,76.48,-72.0,2.48,2.0,-76.48,-1.0476712328767124,False,-0.23863578910302338,8,38981.719999999914,"A (partida 0,10 / 2R)"
MNQ,london,2026-04-24,A,0.1,2.0,1,2026-04-24 09:20:00+01:00,2026-04-24 09:20:00+01:00,2026-04-24 09:30:00+01:00,27130.5,27092.5,27206.5,27092.25,stop,1,38.0,77.74,-75.5,1.24,1.0,-77.74,-1.0228947368421053,False,0.1906264499444059,9,38905.23999999991,"A (partida 0,10 / 2R)"
MNQ,london,2026-04-28,A,0.1,2.0,-1,2026-04-28 09:05:00+01:00,2026-04-28 09:05:00+01:00,2026-04-28 09:15:00+01:00,27309.0,27341.5,27244.0,27341.75,stop,1,32.5,66.74,-64.5,1.24,1.0,-66.74,-1.0267692307692307,False,-0.13207536717179175,9,38827.49999999991,"A (partida 0,10 / 2R)"
MNQ,london,2026-04-29,A,0.1,2.0,-1,2026-04-29 08:45:00+01:00,2026-04-29 08:45:00+01:00,2026-04-29 09:00:00+01:00,27238.25,27258.0,27198.75,27258.25,stop,2,19.75,82.48,-78.0,2.48,2.0,-82.48,-1.0440506329113926,False,-0.7437099905342933,8,38760.759999999915,"A (partida 0,10 / 2R)"
MNQ,london,2026-04-30,A,0.1,2.0,1,2026-04-30 08:40:00+01:00,2026-04-30 08:40:00+01:00,2026-04-30 08:45:00+01:00,27367.5,27351.75,27399.0,27351.5,stop,2,15.75,66.48,-62.0,2.48,2.0,-66.48,-1.0552380952380953,False,1.0834422982622625,8,38678.27999999991,"A (partida 0,10 / 2R)"
MNQ,london,2026-05-04,A,0.1,2.0,-1,2026-05-04 09:05:00+01:00,2026-05-04 09:05:00+01:00,2026-05-04 10:10:00+01:00,27883.0,27914.5,27820.0,27914.75,stop,1,31.5,64.74,-62.5,1.24,1.0,-64.74,-1.0276190476190474,False,-0.10060932616819407,9,38611.79999999991,"A (partida 0,10 / 2R)"
MNQ,london,2026-05-07,A,0.1,2.0,1,2026-05-07 08:45:00+01:00,2026-05-07 08:45:00+01:00,2026-05-07 08:45:00+01:00,28793.0,28786.5,28806.0,28786.25,stop,6,6.5,88.44,-75.0,7.4399999999999995,6.0,-88.44,-1.1338461538461537,False,0.2763388072853187,8,38547.05999999991,"A (partida 0,10 / 2R)"
MNQ,london,2026-05-07,A,0.1,2.0,1,2026-05-07 09:00:00+01:00,2026-05-07 09:00:00+01:00,2026-05-07 09:00:00+01:00,28779.75,28770.25,28798.75,28798.75,objetivo,4,9.5,82.96,154.0,4.96,2.0,147.04,1.934736842105263,False,0.23996622146103677,8,38458.61999999991,"A (partida 0,10 / 2R)"
MNQ,london,2026-05-11,A,0.1,2.0,-1,2026-05-11 09:15:00+01:00,2026-05-11 09:15:00+01:00,2026-05-11 09:15:00+01:00,29279.75,29291.25,29256.75,29291.5,stop,3,11.5,74.22,-67.5,3.7199999999999998,3.0,-74.22,-1.0756521739130434,False,-0.1681603215559583,9,38605.65999999991,"A (partida 0,10 / 2R)"
MNQ,london,2026-05-19,A,0.1,2.0,1,2026-05-19 08:50:00+01:00,2026-05-19 08:50:00+01:00,2026-05-19 09:05:00+01:00,29104.25,29081.5,29149.75,29081.25,stop,2,22.75,94.48,-90.0,2.48,2.0,-94.48,-1.0382417582417582,False,0.5398751942291634,8,38531.43999999991,"A (partida 0,10 / 2R)"
MNQ,london,2026-05-26,A,0.1,2.0,-1,2026-05-26 09:00:00+01:00,2026-05-26 09:00:00+01:00,2026-05-26 09:00:00+01:00,29774.25,29779.25,29764.25,29779.5,stop,8,5.0,93.92,-76.0,9.92,8.0,-93.92,-1.174,True,-0.3633625894256248,8,38436.959999999905,"A (partida 0,10 / 2R)"
MNQ,london,2026-05-27,A,0.1,2.0,1,2026-05-27 08:35:00+01:00,2026-05-27 08:35:00+01:00,2026-05-27 08:40:00+01:00,30134.25,30116.5,30169.75,30116.25,stop,2,17.75,74.48,-70.0,2.48,2.0,-74.48,-1.0490140845070424,False,1.1216089900823185,8,38343.039999999906,"A (partida 0,10 / 2R)"
MNQ,london,2026-06-01,A,0.1,2.0,-1,2026-06-01 08:40:00+01:00,2026-06-01 08:40:00+01:00,2026-06-01 09:25:00+01:00,30507.5,30530.25,30462.0,30462.0,objetivo,2,22.75,94.48,183.0,2.48,1.0,179.52,1.972747252747253,False,-2.1174864011468197,8,38268.5599999999,"A (partida 0,10 / 2R)"
MNQ,london,2026-06-02,A,0.1,2.0,1,2026-06-02 09:10:00+01:00,2026-06-02 09:10:00+01:00,2026-06-02 09:10:00+01:00,30557.25,30548.5,30574.75,30548.25,stop,4,8.75,76.96,-68.0,4.96,4.0,-76.96,-1.0994285714285714,False,0.21854560427820724,9,38448.0799999999,"A (partida 0,10 / 2R)"
MNQ,london,2026-06-08,A,0.1,2.0,1,2026-06-08 08:40:00+01:00,2026-06-08 08:40:00+01:00,2026-06-08 09:45:00+01:00,29220.0,29184.5,29291.0,29184.25,stop,1,35.5,72.74,-70.5,1.24,1.0,-72.74,-1.024507042253521,False,1.659848084802645,8,38371.1199999999,"A (partida 0,10 / 2R)"
MNQ,london,2026-06-15,A,0.1,2.0,-1,2026-06-15 10:35:00+01:00,2026-06-15 10:35:00+01:00,2026-06-15 10:35:00+01:00,30219.25,30235.5,30186.75,30235.75,stop,2,16.25,68.48,-64.0,2.48,2.0,-68.48,-1.0535384615384615,False,-0.1497287732244734,10,38298.3799999999,"A (partida 0,10 / 2R)"
MNQ,london,2026-06-16,A,0.1,2.0,1,2026-06-16 08:40:00+01:00,2026-06-16 08:40:00+01:00,2026-06-16 08:40:00+01:00,30537.25,30528.25,30555.25,30528.0,stop,4,9.0,78.96,-70.0,4.96,4.0,-78.96,-1.0966666666666667,False,0.10424666715525718,8,38229.8999999999,"A (partida 0,10 / 2R)"
MNQ,london,2026-06-18,A,0.1,2.0,1,2026-06-18 09:00:00+01:00,2026-06-18 09:00:00+01:00,2026-06-18 09:55:00+01:00,30129.25,30099.75,30188.25,30099.5,stop,1,29.5,60.74,-58.5,1.24,1.0,-60.74,-1.029491525423729,False,0.2415258809343011,8,38150.9399999999,"A (partida 0,10 / 2R)"
MNQ,london,2026-06-24,A,0.1,2.0,-1,2026-06-24 09:00:00+01:00,2026-06-24 09:00:00+01:00,2026-06-24 09:00:00+01:00,29771.0,29804.5,29704.0,29804.75,stop,1,33.5,68.74,-66.5,1.24,1.0,-68.74,-1.0259701492537312,False,-0.12452806572487267,8,38090.1999999999,"A (partida 0,10 / 2R)"
MNQ,london,2026-06-25,A,0.1,2.0,1,2026-06-25 08:40:00+01:00,2026-06-25 08:40:00+01:00,2026-06-25 09:45:00+01:00,30172.75,30149.0,30220.25,30148.75,stop,1,23.75,49.24,-47.0,1.24,1.0,-49.24,-1.0366315789473686,False,1.4468253642845001,8,38021.459999999905,"A (partida 0,10 / 2R)"
MNQ,london,2026-06-26,A,0.1,2.0,1,2026-06-26 08:35:00+01:00,2026-06-26 08:35:00+01:00,2026-06-26 08:35:00+01:00,29542.0,29534.0,29558.0,29533.75,stop,5,8.0,88.69999999999999,-77.5,6.2,5.0,-88.7,-1.1087500000000001,False,0.47873105022364254,8,37972.21999999991,"A (partida 0,10 / 2R)"
MNQ,london,2026-07-09,A,0.1,2.0,1,2026-07-09 08:35:00+01:00,2026-07-09 08:35:00+01:00,2026-07-09 08:35:00+01:00,29657.25,29648.5,29674.75,29648.25,stop,4,8.75,76.96,-68.0,4.96,4.0,-76.96,-1.0994285714285714,False,0.7322163899941743,8,37883.51999999991,"A (partida 0,10 / 2R)"
MNQ,london,2026-07-15,A,0.1,2.0,-1,2026-07-15 08:40:00+01:00,2026-07-15 08:40:00+01:00,2026-07-15 08:40:00+01:00,29976.25,29980.75,29967.25,29981.0,stop,8,4.5,85.92,-68.0,9.92,8.0,-85.92,-1.1933333333333334,False,-1.7934337509241598,8,37806.55999999991,"A (partida 0,10 / 2R)"
MNQ,london,2026-07-16,A,0.1,2.0,-1,2026-07-16 08:40:00+01:00,2026-07-16 08:40:00+01:00,2026-07-16 09:10:00+01:00,29583.5,29616.5,29517.5,29517.5,objetivo,1,33.0,67.74,132.5,1.24,0.5,130.76,1.981212121212121,False,-0.9750460676401044,8,37720.63999999991,"A (partida 0,10 / 2R)"
MNQ,london,2026-07-17,A,0.1,2.0,-1,2026-07-17 08:40:00+01:00,2026-07-17 08:40:00+01:00,2026-07-17 08:40:00+01:00,28720.75,28725.75,28710.75,28726.0,stop,8,5.0,93.92,-76.0,9.92,8.0,-93.92,-1.174,True,-0.24960831379495177,8,37851.399999999914,"A (partida 0,10 / 2R)"
MNQ,london,2026-07-20,A,0.1,2.0,1,2026-07-20 08:40:00+01:00,2026-07-20 08:40:00+01:00,2026-07-20 08:40:00+01:00,28912.5,28896.75,28944.0,28896.5,stop,2,15.75,66.48,-62.0,2.48,2.0,-66.48,-1.0552380952380953,False,1.1777339417194372,8,37757.479999999916,"A (partida 0,10 / 2R)"
MNQ,london,2026-07-22,A,0.1,2.0,-1,2026-07-22 08:50:00+01:00,2026-07-22 08:50:00+01:00,2026-07-22 09:00:00+01:00,29045.5,29077.25,28982.0,29077.5,stop,1,31.75,65.24,-63.0,1.24,1.0,-65.24,-1.0274015748031495,False,-0.20619960480995192,8,37690.99999999991,"A (partida 0,10 / 2R)"
MNQ,london,2026-07-22,A,0.1,2.0,-1,2026-07-22 09:15:00+01:00,2026-07-22 09:15:00+01:00,2026-07-22 09:20:00+01:00,29065.75,29097.25,29002.75,29097.5,stop,1,31.5,64.74,-62.5,1.24,1.0,-64.74,-1.0276190476190474,False,-0.1542329584048102,9,37625.759999999915,"A (partida 0,10 / 2R)"
MNQ,london,2026-07-23,A,0.1,2.0,-1,2026-07-23 08:45:00+01:00,2026-07-23 08:45:00+01:00,2026-07-23 08:55:00+01:00,28939.75,28975.75,28867.75,28976.0,stop,1,36.0,73.74,-71.5,1.24,1.0,-73.74,-1.0241666666666667,False,-0.4901621690153892,8,37561.01999999992,"A (partida 0,10 / 2R)"
MNQ,london,2026-07-24,A,0.1,2.0,1,2026-07-24 08:50:00+01:00,2026-07-24 08:50:00+01:00,2026-07-24 08:50:00+01:00,28629.75,28616.25,28656.75,28616.0,stop,3,13.5,86.22,-79.5,3.7199999999999998,3.0,-86.22,-1.0644444444444445,False,0.3523412991234655,8,37487.27999999992,"A (partida 0,10 / 2R)"
MNQ,london,2026-08-03,A,0.1,2.0,-1,2026-08-03 08:45:00+01:00,2026-08-03 08:45:00+01:00,2026-08-03 08:45:00+01:00,28562.75,28583.0,28522.25,28583.25,stop,2,20.25,84.48,-80.0,2.48,2.0,-84.48,-1.042962962962963,False,-0.3082859922075356,8,37401.05999999992,"A (partida 0,10 / 2R)"
MNQ,london,2026-08-12,A,0.1,2.0,1,2026-08-12 09:10:00+01:00,2026-08-12 09:10:00+01:00,2026-08-12 09:15:00+01:00,29768.25,29762.5,29779.75,29779.75,objetivo,7,5.75,92.68,164.5,8.68,3.5,152.32,1.8921739130434783,False,0.5172975832177329,9,37316.579999999914,"A (partida 0,10 / 2R)"
MNQ,london,2026-08-14,A,0.1,2.0,1,2026-08-14 08:50:00+01:00,2026-08-14 08:50:00+01:00,2026-08-14 08:55:00+01:00,30197.0,30192.25,30206.5,30192.0,stop,8,4.75,89.92,-72.0,9.92,8.0,-89.92,-1.1831578947368422,False,0.17487776886542242,8,37468.899999999914,"A (partida 0,10 / 2R)"
MNQ,london,2026-08-19,A,0.1,2.0,1,2026-08-19 08:45:00+01:00,2026-08-19 08:45:00+01:00,2026-08-19 09:00:00+01:00,29571.75,29547.0,29621.25,29621.25,objetivo,1,24.75,51.24,99.5,1.24,0.5,97.76,1.974949494949495,False,0.5582858332423595,8,37378.979999999916,"A (partida 0,10 / 2R)"
MNQ,london,2026-08-20,A,0.1,2.0,-1,2026-08-20 08:40:00+01:00,2026-08-20 08:40:00+01:00,2026-08-20 08:45:00+01:00,29621.75,29635.25,29594.75,29635.5,stop,3,13.5,86.22,-79.5,3.7199999999999998,3.0,-86.22,-1.0644444444444445,False,-0.853246955526803,8,37476.73999999992,"A (partida 0,10 / 2R)"
MNQ,london,2026-08-21,A,0.1,2.0,1,2026-08-21 09:00:00+01:00,2026-08-21 09:00:00+01:00,2026-08-21 09:05:00+01:00,29447.5,29425.0,29492.5,29424.75,stop,1,22.5,46.74,-44.5,1.24,1.0,-46.74,-1.0386666666666666,False,0.2602257467298258,8,37390.51999999992,"A (partida 0,10 / 2R)"
MNQ,london,2026-08-24,A,0.1,2.0,1,2026-08-24 08:35:00+01:00,2026-08-24 08:35:00+01:00,2026-08-24 08:40:00+01:00,29207.5,29173.25,29276.0,29173.0,stop,1,34.25,70.24,-68.0,1.24,1.0,-70.24,-1.0254014598540144,False,0.8228955502839564,8,37343.77999999992,"A (partida 0,10 / 2R)"
MNQ,london,2026-08-25,A,0.1,2.0,1,2026-08-25 09:35:00+01:00,2026-08-25 09:35:00+01:00,2026-08-25 09:35:00+01:00,29286.25,29264.5,29329.75,29264.25,stop,2,21.75,90.48,-86.0,2.48,2.0,-90.48,-1.04,False,0.3361847693083176,9,37273.53999999992,"A (partida 0,10 / 2R)"
MNQ,london,2026-08-26,A,0.1,2.0,-1,2026-08-26 08:35:00+01:00,2026-08-26 08:35:00+01:00,2026-08-26 08:35:00+01:00,29194.0,29205.75,29170.5,29206.0,stop,3,11.75,75.72,-69.0,3.7199999999999998,3.0,-75.72,-1.0740425531914894,False,-1.1634121679081981,8,37183.05999999992,"A (partida 0,10 / 2R)"
MNQ,london,2026-08-27,A,0.1,2.0,1,2026-08-27 09:05:00+01:00,2026-08-27 09:05:00+01:00,2026-08-27 09:25:00+01:00,29570.75,29536.75,29638.75,29638.75,objetivo,1,34.0,69.74,136.5,1.24,0.5,134.76,1.9817647058823529,False,0.12866575109075315,9,37107.33999999992,"A (partida 0,10 / 2R)"
MNQ,london,2026-09-03,A,0.1,2.0,1,2026-09-03 08:40:00+01:00,2026-09-03 08:40:00+01:00,2026-09-03 08:45:00+01:00,29227.25,29201.0,29279.75,29200.75,stop,1,26.25,54.24,-52.0,1.24,1.0,-54.24,-1.0331428571428571,False,0.13587573810980222,8,37242.09999999992,"A (partida 0,10 / 2R)"
MNQ,london,2026-09-10,A,0.1,2.0,-1,2026-09-10 08:40:00+01:00,2026-09-10 08:40:00+01:00,2026-09-10 08:40:00+01:00,29422.75,29439.0,29390.25,29439.25,stop,2,16.25,68.48,-64.0,2.48,2.0,-68.48,-1.0535384615384615,False,-0.7337130911497848,8,37187.85999999992,"A (partida 0,10 / 2R)"
MNQ,london,2026-09-11,A,0.1,2.0,1,2026-09-11 09:35:00+01:00,2026-09-11 09:35:00+01:00,2026-09-11 11:00:00+01:00,29307.25,29270.5,29380.75,29319.0,cierre_sesion,1,36.75,75.24,24.5,1.24,1.0,22.26,0.3028571428571429,False,0.4282077067800025,9,37119.37999999992,"A (partida 0,10 / 2R)"
MNQ,london,2026-09-14,A,0.1,2.0,-1,2026-09-14 08:55:00+01:00,2026-09-14 08:55:00+01:00,2026-09-14 09:05:00+01:00,28912.75,28938.25,28861.75,28938.5,stop,1,25.5,52.74,-50.5,1.24,1.0,-52.74,-1.0341176470588236,False,-0.5385095134169543,8,37141.63999999992,"A (partida 0,10 / 2R)"
MNQ,london,2026-09-15,A,0.1,2.0,-1,2026-09-15 08:40:00+01:00,2026-09-15 08:40:00+01:00,2026-09-15 08:55:00+01:00,29041.75,29060.0,29005.25,29005.25,objetivo,2,18.25,76.48,147.0,2.48,1.0,143.52,1.9660273972602742,False,-0.3848518031795175,8,37088.89999999992,"A (partida 0,10 / 2R)"
MNQ,london,2026-09-17,A,0.1,2.0,1,2026-09-17 08:40:00+01:00,2026-09-17 08:40:00+01:00,2026-09-17 08:40:00+01:00,29246.0,29242.0,29254.0,29241.75,stop,9,4.0,87.66,-67.5,11.16,9.0,-87.66,-1.2175,False,1.4452352896215823,8,37232.41999999992,"A (partida 0,10 / 2R)"
MNQ,london,2026-09-22,A,0.1,2.0,-1,2026-09-22 08:50:00+01:00,2026-09-22 08:50:00+01:00,2026-09-22 09:00:00+01:00,30769.75,30786.0,30737.25,30737.25,objetivo,2,16.25,68.48,131.0,2.48,1.0,127.52,1.9618461538461538,False,-0.23464270091962958,8,37144.759999999915,"A (partida 0,10 / 2R)"
MNQ,london,2026-09-23,A,0.1,2.0,-1,2026-09-23 09:30:00+01:00,2026-09-23 09:30:00+01:00,2026-09-23 09:35:00+01:00,31039.0,31051.25,31014.5,31014.5,objetivo,3,12.25,78.72,148.5,3.7199999999999998,1.5,143.28,1.9493877551020409,False,-0.11878762779285078,9,37272.27999999991,"A (partida 0,10 / 2R)"
MNQ,london,2026-09-24,A,0.1,2.0,-1,2026-09-24 09:15:00+01:00,2026-09-24 09:15:00+01:00,2026-09-24 10:40:00+01:00,30486.75,30531.5,30397.25,30397.25,objetivo,1,44.75,91.24,179.5,1.24,0.5,177.76,1.986145251396648,False,-0.45696579172339463,9,37415.55999999991,"A (partida 0,10 / 2R)"
MNQ,london,2026-09-28,A,0.1,2.0,-1,2026-09-28 08:35:00+01:00,2026-09-28 08:35:00+01:00,2026-09-28 08:35:00+01:00,30596.25,30602.0,30584.75,30602.25,stop,7,5.75,92.68,-77.0,8.68,7.0,-92.68,-1.1513043478260871,True,-0.6544952881561145,8,37593.31999999991,"A (partida 0,10 / 2R)"
MNQ,london,2026-09-29,A,0.1,2.0,1,2026-09-29 08:35:00+01:00,2026-09-29 08:35:00+01:00,2026-09-29 09:05:00+01:00,30601.25,30575.0,30653.75,30574.75,stop,1,26.25,54.24,-52.0,1.24,1.0,-54.24,-1.0331428571428571,False,0.9780827602150449,8,37500.63999999991,"A (partida 0,10 / 2R)"
MNQ,london,2026-09-30,A,0.1,2.0,1,2026-09-30 08:40:00+01:00,2026-09-30 08:40:00+01:00,2026-09-30 09:05:00+01:00,30682.5,30665.25,30717.0,30665.0,stop,2,17.25,72.48,-68.0,2.48,2.0,-72.48,-1.0504347826086957,False,1.2581634585419998,8,37446.399999999914,"A (partida 0,10 / 2R)"
MNQ,london,2026-10-01,A,0.1,2.0,-1,2026-10-01 08:45:00+01:00,2026-10-01 08:45:00+01:00,2026-10-01 08:50:00+01:00,30841.5,30857.25,30810.0,30857.5,stop,2,15.75,66.48,-62.0,2.48,2.0,-66.48,-1.0552380952380953,False,-2.701796938636729,8,37373.91999999991,"A (partida 0,10 / 2R)"
MNQ,london,2018-02-02,B,0.1,2.0,-1,2018-02-02 09:50:00+00:00,2018-02-02 09:50:00+00:00,2018-02-02 10:00:00+00:00,6875.5,6879.25,6868.0,6868.0,objetivo,13,3.75,120.12,201.5,16.12,6.5,178.88,1.8346666666666667,False,-1.0390339903951278,9,50000.0,"B (partida 0,10 / 2R)"
MNQ,london,2018-02-12,B,0.1,2.0,1,2018-02-12 09:00:00+00:00,2018-02-12 09:00:00+00:00,2018-02-12 09:00:00+00:00,6477.25,6471.75,6488.25,6488.25,objetivo,9,5.5,114.66,202.5,11.16,4.5,186.84,1.8872727272727272,False,2.1445448017574673,8,50178.88,"B (partida 0,10 / 2R)"
MNQ,london,2018-02-22,B,0.1,2.0,-1,2018-02-22 09:35:00+00:00,2018-02-22 09:35:00+00:00,2018-02-22 09:40:00+00:00,6721.75,6725.75,6713.75,6726.0,stop,12,4.0,116.88,-90.0,14.879999999999999,12.0,-116.88,-1.2175,False,-0.17734692920239092,9,50365.719999999994,"B (partida 0,10 / 2R)"
MNQ,london,2018-03-02,B,0.1,2.0,-1,2018-03-02 09:10:00+00:00,2018-03-02 09:10:00+00:00,2018-03-02 09:25:00+00:00,6749.0,6753.0,6741.0,6741.0,objetivo,12,4.0,116.88,198.0,14.879999999999999,6.0,177.12,1.845,False,-0.5480188649000187,9,50248.84,"B (partida 0,10 / 2R)"
MNQ,london,2018-03-07,B,0.1,2.0,1,2018-03-07 10:35:00+00:00,2018-03-07 10:35:00+00:00,2018-03-07 10:35:00+00:00,6862.25,6856.75,6873.25,6856.5,stop,9,5.5,114.66,-94.5,11.16,9.0,-114.66,-1.1581818181818182,False,0.35109340071138373,10,50425.96,"B (partida 0,10 / 2R)"
MNQ,london,2018-03-22,B,0.1,2.0,-1,2018-03-22 09:55:00+00:00,2018-03-22 09:55:00+00:00,2018-03-22 10:00:00+00:00,6798.75,6809.75,6776.75,6810.0,stop,5,11.0,118.69999999999999,-107.5,6.2,5.0,-118.7,-1.079090909090909,False,-0.7849647731806851,9,50311.299999999996,"B (partida 0,10 / 2R)"
MNQ,london,2018-03-28,B,0.1,2.0,-1,2018-03-28 09:25:00+01:00,2018-03-28 09:25:00+01:00,2018-03-28 09:25:00+01:00,6509.75,6517.75,6493.75,6518.0,stop,7,8.0,124.17999999999999,-108.5,8.68,7.0,-124.18,-1.1087500000000001,False,-0.6037324935734718,9,50192.6,"B (partida 0,10 / 2R)"
MNQ,london,2018-04-04,B,0.1,2.0,-1,2018-04-04 10:05:00+01:00,2018-04-04 10:05:00+01:00,2018-04-04 10:35:00+01:00,6339.75,6350.75,6317.75,6351.0,stop,5,11.0,118.69999999999999,-107.5,6.2,5.0,-118.7,-1.079090909090909,False,-0.3612961342149083,10,50068.42,"B (partida 0,10 / 2R)"
MNQ,london,2018-04-10,B,0.1,2.0,-1,2018-04-10 08:40:00+01:00,2018-04-10 08:40:00+01:00,2018-04-10 09:25:00+01:00,6595.75,6606.75,6573.75,6607.0,stop,5,11.0,118.69999999999999,-107.5,6.2,5.0,-118.7,-1.079090909090909,False,-0.4086682414297733,8,49949.72,"B (partida 0,10 / 2R)"
MNQ,london,2018-04-12,B,0.1,2.0,1,2018-04-12 09:05:00+01:00,2018-04-12 09:05:00+01:00,2018-04-12 09:05:00+01:00,6615.5,6610.75,6625.0,6610.5,stop,11,4.75,123.64,-99.0,13.64,11.0,-123.64,-1.1831578947368422,False,0.4397828367798201,9,49831.020000000004,"B (partida 0,10 / 2R)"
MNQ,london,2018-04-17,B,0.1,2.0,-1,2018-04-17 09:25:00+01:00,2018-04-17 09:25:00+01:00,2018-04-17 09:35:00+01:00,6729.25,6733.5,6720.75,6733.75,stop,12,4.25,122.88,-96.0,14.879999999999999,12.0,-122.88,-1.204705882352941,False,-0.19198773584923387,9,49707.380000000005,"B (partida 0,10 / 2R)"
MNQ,london,2018-05-08,B,0.1,2.0,-1,2018-05-08 08:40:00+01:00,2018-05-08 08:40:00+01:00,2018-05-08 08:45:00+01:00,6823.75,6827.25,6816.75,6827.5,stop,14,3.5,122.36,-91.0,17.36,14.0,-122.36,-1.2485714285714287,False,-0.20465777759640974,8,49584.50000000001,"B (partida 0,10 / 2R)"
MNQ,london,2018-05-18,B,0.1,2.0,-1,2018-05-18 08:50:00+01:00,2018-05-18 08:50:00+01:00,2018-05-18 09:50:00+01:00,6918.75,6924.0,6908.25,6924.25,stop,10,5.25,122.4,-100.0,12.4,10.0,-122.4,-1.1657142857142857,False,-0.5702731473736781,8,49462.14000000001,"B (partida 0,10 / 2R)"
MNQ,london,2018-05-29,B,0.1,2.0,-1,2018-05-29 10:00:00+01:00,2018-05-29 10:00:00+01:00,2018-05-29 10:05:00+01:00,6909.25,6913.25,6901.25,6913.5,stop,12,4.0,116.88,-90.0,14.879999999999999,12.0,-116.88,-1.2175,False,-1.6315726874630114,9,49339.740000000005,"B (partida 0,10 / 2R)"
MNQ,london,2018-06-15,B,0.1,2.0,-1,2018-06-15 09:30:00+01:00,2018-06-15 09:30:00+01:00,2018-06-15 11:00:00+01:00,7269.0,7273.25,7260.5,7269.25,cierre_sesion,12,4.25,122.88,6.0,14.879999999999999,12.0,-20.88,-0.20470588235294115,False,-0.4258859991558424,9,49222.86000000001,"B (partida 0,10 / 2R)"
MNQ,london,2018-06-20,B,0.1,2.0,1,2018-06-20 09:15:00+01:00,2018-06-20 09:15:00+01:00,2018-06-20 10:45:00+01:00,7269.0,7264.5,7278.0,7278.0,objetivo,11,4.5,118.14,203.5,13.64,5.5,184.36,1.8622222222222224,False,0.16714903493996228,9,49201.98000000001,"B (partida 0,10 / 2R)"
MNQ,london,2018-07-05,B,0.1,2.0,1,2018-07-05 09:55:00+01:00,2018-07-05 09:55:00+01:00,2018-07-05 10:35:00+01:00,7053.25,7049.75,7060.25,7060.25,objetivo,14,3.5,122.36,203.0,17.36,7.0,178.64,1.8228571428571427,False,0.19379563594093907,9,49386.34000000001,"B (partida 0,10 / 2R)"
MNQ,london,2018-07-30,B,0.1,2.0,1,2018-07-30 09:45:00+01:00,2018-07-30 09:45:00+01:00,2018-07-30 10:45:00+01:00,7291.75,7287.5,7300.25,7287.25,stop,12,4.25,122.88,-96.0,14.879999999999999,12.0,-122.88,-1.204705882352941,False,0.8596830860261536,9,49564.98000000001,"B (partida 0,10 / 2R)"
MNQ,london,2018-08-22,B,0.1,2.0,1,2018-08-22 10:10:00+01:00,2018-08-22 10:10:00+01:00,2018-08-22 11:00:00+01:00,7387.25,7382.25,7397.25,7385.5,cierre_sesion,10,5.0,117.4,-25.0,12.4,10.0,-47.4,-0.474,False,0.21744674984577012,10,49442.10000000001,"B (partida 0,10 / 2R)"
MNQ,london,2018-08-24,B,0.1,2.0,1,2018-08-24 09:15:00+01:00,2018-08-24 09:15:00+01:00,2018-08-24 09:25:00+01:00,7443.75,7439.75,7451.75,7439.5,stop,12,4.0,116.88,-90.0,14.879999999999999,12.0,-116.88,-1.2175,False,0.5735423058450886,9,49394.70000000001,"B (partida 0,10 / 2R)"
MNQ,london,2018-09-11,B,0.1,2.0,-1,2018-09-11 09:30:00+01:00,2018-09-11 09:30:00+01:00,2018-09-11 09:45:00+01:00,7467.0,7471.75,7457.5,7457.5,objetivo,10,4.75,112.4,195.0,12.4,5.0,177.6,1.8694736842105262,False,-0.3444282085953956,9,49277.820000000014,"B (partida 0,10 / 2R)"
MNQ,london,2018-09-13,B,0.1,2.0,1,2018-09-13 09:25:00+01:00,2018-09-13 09:25:00+01:00,2018-09-13 10:35:00+01:00,7497.75,7493.75,7505.75,7493.5,stop,12,4.0,116.88,-90.0,14.879999999999999,12.0,-116.88,-1.2175,False,0.651033964307988,9,49455.42000000001,"B (partida 0,10 / 2R)"
MNQ,london,2018-09-17,B,0.1,2.0,1,2018-09-17 09:35:00+01:00,2018-09-17 09:35:00+01:00,2018-09-17 09:55:00+01:00,7545.75,7540.25,7556.75,7540.0,stop,9,5.5,114.66,-94.5,11.16,9.0,-114.66,-1.1581818181818182,False,1.6588220882287656,9,49338.540000000015,"B (partida 0,10 / 2R)"
MNQ,london,2018-10-08,B,0.1,2.0,-1,2018-10-08 09:50:00+01:00,2018-10-08 09:50:00+01:00,2018-10-08 10:15:00+01:00,7390.25,7394.75,7381.25,7395.0,stop,11,4.5,118.14,-93.5,13.64,11.0,-118.14,-1.1933333333333334,False,-0.7327823944443622,9,49223.88000000001,"B (partida 0,10 / 2R)"
MNQ,london,2018-10-10,B,0.1,2.0,-1,2018-10-10 09:15:00+01:00,2018-10-10 09:15:00+01:00,2018-10-10 09:35:00+01:00,7384.5,7388.0,7377.5,7388.25,stop,14,3.5,122.36,-91.0,17.36,14.0,-122.36,-1.2485714285714287,False,-0.7500961461606686,9,49105.74000000001,"B (partida 0,10 / 2R)"
MNQ,london,2018-10-15,B,0.1,2.0,-1,2018-10-15 09:20:00+01:00,2018-10-15 09:20:00+01:00,2018-10-15 09:45:00+01:00,7102.0,7112.0,7082.0,7082.0,objetivo,5,10.0,108.69999999999999,202.5,6.2,2.5,193.8,1.9380000000000002,False,-0.22403074073138024,9,48983.38000000001,"B (partida 0,10 / 2R)"
MNQ,london,2018-10-19,B,0.1,2.0,-1,2018-10-19 09:35:00+01:00,2018-10-19 09:35:00+01:00,2018-10-19 09:35:00+01:00,7137.75,7143.25,7126.75,7143.5,stop,9,5.5,114.66,-94.5,11.16,9.0,-114.66,-1.1581818181818182,False,-1.4886624461376339,9,49177.180000000015,"B (partida 0,10 / 2R)"
MNQ,london,2018-10-24,B,0.1,2.0,-1,2018-10-24 10:00:00+01:00,2018-10-24 10:00:00+01:00,2018-10-24 10:05:00+01:00,7055.25,7059.25,7047.25,7059.5,stop,12,4.0,116.88,-90.0,14.879999999999999,12.0,-116.88,-1.2175,False,-0.593300310364715,9,49062.52000000001,"B (partida 0,10 / 2R)"
MNQ,london,2018-10-25,B,0.1,2.0,1,2018-10-25 09:05:00+01:00,2018-10-25 09:05:00+01:00,2018-10-25 09:35:00+01:00,6911.5,6902.5,6929.5,6902.25,stop,6,9.0,118.44,-105.0,7.4399999999999995,6.0,-118.44,-1.0966666666666667,False,1.5442039432663313,9,48945.640000000014,"B (partida 0,10 / 2R)"
MNQ,london,2018-10-26,B,0.1,2.0,-1,2018-10-26 09:25:00+01:00,2018-10-26 09:25:00+01:00,2018-10-26 09:30:00+01:00,6840.25,6845.25,6830.25,6845.5,stop,10,5.0,117.4,-95.0,12.4,10.0,-117.4,-1.1740000000000002,False,-0.24834655430181468,9,48827.20000000001,"B (partida 0,10 / 2R)"
MNQ,london,2018-10-29,B,0.1,2.0,1,2018-10-29 09:35:00+00:00,2018-10-29 09:35:00+00:00,2018-10-29 09:35:00+00:00,6932.75,6928.75,6940.75,6940.75,objetivo,12,4.0,116.88,198.0,14.879999999999999,6.0,177.12,1.845,False,0.5412972677328629,9,48709.80000000001,"B (partida 0,10 / 2R)"
MNQ,london,2018-10-30,B,0.1,2.0,-1,2018-10-30 09:05:00+00:00,2018-10-30 09:05:00+00:00,2018-10-30 09:15:00+00:00,6764.25,6774.5,6743.75,6743.75,objetivo,5,10.25,111.19999999999999,207.5,6.2,2.5,198.8,1.9395121951219514,False,-0.22203014282489628,9,48886.92000000001,"B (partida 0,10 / 2R)"
MNQ,london,2018-10-30,B,0.1,2.0,-1,2018-10-30 09:35:00+00:00,2018-10-30 09:35:00+00:00,2018-10-30 09:35:00+00:00,6727.25,6731.0,6719.75,6731.25,stop,13,3.75,120.12,-91.0,16.12,13.0,-120.12,-1.232,False,-1.8137417346515445,9,49085.720000000016,"B (partida 0,10 / 2R)"
MNQ,london,2018-11-05,B,0.1,2.0,-1,2018-11-05 09:20:00+00:00,2018-11-05 09:20:00+00:00,2018-11-05 09:20:00+00:00,6958.0,6961.5,6951.0,6961.75,stop,14,3.5,122.36,-91.0,17.36,14.0,-122.36,-1.2485714285714287,False,-0.7592404974292489,9,48965.60000000001,"B (partida 0,10 / 2R)"
MNQ,london,2018-11-05,B,0.1,2.0,1,2018-11-05 09:55:00+00:00,2018-11-05 09:55:00+00:00,2018-11-05 11:00:00+00:00,6975.5,6967.5,6991.5,6982.5,cierre_sesion,6,8.0,106.44,90.0,7.4399999999999995,6.0,76.56,0.7975,False,0.12929598190856306,9,48843.24000000001,"B (partida 0,10 / 2R)"
MNQ,london,2018-11-06,B,0.1,2.0,-1,2018-11-06 10:00:00+00:00,2018-11-06 10:00:00+00:00,2018-11-06 10:05:00+00:00,6914.25,6919.25,6904.25,6919.5,stop,10,5.0,117.4,-95.0,12.4,10.0,-117.4,-1.1740000000000002,False,-0.6005565235057849,9,48919.80000000001,"B (partida 0,10 / 2R)"
MNQ,london,2018-11-14,B,0.1,2.0,-1,2018-11-14 09:45:00+00:00,2018-11-14 09:45:00+00:00,2018-11-14 09:55:00+00:00,6794.0,6803.5,6775.0,6803.75,stop,5,9.5,103.69999999999999,-92.5,6.2,5.0,-103.7,-1.091578947368421,False,-0.1191570907570455,9,48802.40000000001,"B (partida 0,10 / 2R)"
MNQ,london,2018-11-29,B,0.1,2.0,-1,2018-11-29 09:20:00+00:00,2018-11-29 09:20:00+00:00,2018-11-29 09:20:00+00:00,6881.0,6885.0,6873.0,6885.25,stop,12,4.0,116.88,-90.0,14.879999999999999,12.0,-116.88,-1.2175,False,-0.986031745200573,9,48698.70000000001,"B (partida 0,10 / 2R)"
MNQ,london,2018-12-14,B,0.1,2.0,1,2018-12-14 10:25:00+00:00,2018-12-14 10:25:00+00:00,2018-12-14 10:40:00+00:00,6671.5,6666.0,6682.5,6682.5,objetivo,9,5.5,114.66,202.5,11.16,4.5,186.84,1.8872727272727272,False,0.24011050698260533,10,48581.820000000014,"B (partida 0,10 / 2R)"
MNQ,london,2018-12-27,B,0.1,2.0,-1,2018-12-27 09:25:00+00:00,2018-12-27 09:25:00+00:00,2018-12-27 09:55:00+00:00,6171.5,6179.75,6155.0,6155.0,objetivo,6,8.25,109.44,201.0,7.4399999999999995,3.0,190.56,1.9248484848484848,False,-1.1378837683358722,9,48768.66000000001,"B (partida 0,10 / 2R)"
MNQ,london,2018-12-28,B,0.1,2.0,1,2018-12-28 09:00:00+00:00,2018-12-28 09:00:00+00:00,2018-12-28 09:00:00+00:00,6325.5,6320.25,6336.0,6320.0,stop,9,5.25,110.16,-90.0,11.16,9.0,-110.16,-1.1657142857142857,False,0.7056103365805045,8,48959.22000000001,"B (partida 0,10 / 2R)"
MNQ,london,2019-01-07,B,0.1,2.0,-1,2019-01-07 09:20:00+00:00,2019-01-07 09:20:00+00:00,2019-01-07 09:30:00+00:00,6428.25,6434.5,6415.75,6415.75,objetivo,8,6.25,113.92,204.0,9.92,4.0,190.08,1.9008,False,-0.7295547867268258,9,48849.060000000005,"B (partida 0,10 / 2R)"
MNQ,london,2019-01-08,B,0.1,2.0,1,2019-01-08 09:40:00+00:00,2019-01-08 09:40:00+00:00,2019-01-08 09:45:00+00:00,6535.5,6529.0,6548.5,6528.75,stop,8,6.5,117.92,-100.0,9.92,8.0,-117.92,-1.133846153846154,False,0.32639314114427204,9,49039.14000000001,"B (partida 0,10 / 2R)"
MNQ,london,2019-01-16,B,0.1,2.0,-1,2019-01-16 09:35:00+00:00,2019-01-16 09:35:00+00:00,2019-01-16 09:40:00+00:00,6674.25,6678.25,6666.25,6678.5,stop,12,4.0,116.88,-90.0,14.879999999999999,12.0,-116.88,-1.2175,False,-0.2796216708653806,9,48921.22000000001,"B (partida 0,10 / 2R)"
MNQ,london,2019-02-05,B,0.1,2.0,1,2019-02-05 09:05:00+00:00,2019-02-05 09:05:00+00:00,2019-02-05 09:35:00+00:00,6942.25,6938.25,6950.25,6950.25,objetivo,12,4.0,116.88,198.0,14.879999999999999,6.0,177.12,1.845,False,0.5269167152408414,9,48804.34000000001,"B (partida 0,10 / 2R)"
MNQ,london,2019-02-07,B,0.1,2.0,-1,2019-02-07 10:30:00+00:00,2019-02-07 10:30:00+00:00,2019-02-07 10:50:00+00:00,6956.25,6961.75,6945.25,6962.0,stop,9,5.5,114.66,-94.5,11.16,9.0,-114.66,-1.1581818181818182,False,-0.6811475782302487,10,48981.460000000014,"B (partida 0,10 / 2R)"
MNQ,london,2019-02-11,B,0.1,2.0,1,2019-02-11 09:40:00+00:00,2019-02-11 09:40:00+00:00,2019-02-11 09:45:00+00:00,6954.75,6950.0,6964.25,6949.75,stop,10,4.75,112.4,-90.0,12.4,10.0,-112.4,-1.1831578947368422,False,0.6512700301313586,9,48866.80000000001,"B (partida 0,10 / 2R)"
MNQ,london,2019-02-22,B,0.1,2.0,1,2019-02-22 09:35:00+00:00,2019-02-22 09:35:00+00:00,2019-02-22 09:40:00+00:00,7062.0,7058.0,7070.0,7057.75,stop,12,4.0,116.88,-90.0,14.879999999999999,12.0,-116.88,-1.2175,False,0.5759590939817382,9,48754.40000000001,"B (partida 0,10 / 2R)"
MNQ,london,2019-02-25,B,0.1,2.0,1,2019-02-25 09:25:00+00:00,2019-02-25 09:25:00+00:00,2019-02-25 10:50:00+00:00,7124.25,7120.25,7132.25,7132.25,objetivo,12,4.0,116.88,198.0,14.879999999999999,6.0,177.12,1.845,False,0.150806131239821,9,48637.52000000001,"B (partida 0,10 / 2R)"
MNQ,london,2019-03-04,B,0.1,2.0,-1,2019-03-04 10:00:00+00:00,2019-03-04 10:00:00+00:00,2019-03-04 10:15:00+00:00,7184.5,7189.5,7174.5,7189.75,stop,10,5.0,117.4,-95.0,12.4,10.0,-117.4,-1.1740000000000002,False,-0.38451924593357534,9,48814.640000000014,"B (partida 0,10 / 2R)"
MNQ,london,2019-03-05,B,0.1,2.0,1,2019-03-05 09:30:00+00:00,2019-03-05 09:30:00+00:00,2019-03-05 09:35:00+00:00,7168.5,7164.75,7176.0,7164.5,stop,13,3.75,120.12,-91.0,16.12,13.0,-120.12,-1.232,False,0.4182063005064186,9,48697.24000000001,"B (partida 0,10 / 2R)"
MNQ,london,2019-03-26,B,0.1,2.0,1,2019-03-26 09:30:00+00:00,2019-03-26 09:30:00+00:00,2019-03-26 09:35:00+00:00,7374.75,7369.75,7384.75,7369.5,stop,10,5.0,117.4,-95.0,12.4,10.0,-117.4,-1.1740000000000002,False,0.21387378942260346,9,48577.12000000001,"B (partida 0,10 / 2R)"
MNQ,london,2019-03-27,B,0.1,2.0,-1,2019-03-27 10:00:00+00:00,2019-03-27 10:00:00+00:00,2019-03-27 10:05:00+00:00,7378.5,7382.25,7371.0,7371.0,objetivo,13,3.75,120.12,201.5,16.12,6.5,178.88,1.8346666666666667,False,-0.4366544309400481,9,48459.72000000001,"B (partida 0,10 / 2R)"
MNQ,london,2019-04-24,B,0.1,2.0,1,2019-04-24 09:05:00+01:00,2019-04-24 09:05:00+01:00,2019-04-24 10:30:00+01:00,7823.0,7817.75,7833.5,7833.5,objetivo,9,5.25,110.16,193.5,11.16,4.5,177.84,1.881904761904762,False,0.40098334923366113,9,48638.600000000006,"B (partida 0,10 / 2R)"
MNQ,london,2019-05-08,B,0.1,2.0,-1,2019-05-08 10:00:00+01:00,2019-05-08 10:00:00+01:00,2019-05-08 10:25:00+01:00,7675.25,7682.0,7661.75,7661.75,objetivo,8,6.75,121.92,220.0,9.92,4.0,206.08,1.9081481481481484,False,-0.21715955699493045,9,48816.44,"B (partida 0,10 / 2R)"
MNQ,london,2019-05-14,B,0.1,2.0,1,2019-05-14 10:20:00+01:00,2019-05-14 10:20:00+01:00,2019-05-14 10:35:00+01:00,7372.25,7368.25,7380.25,7380.25,objetivo,12,4.0,116.88,198.0,14.879999999999999,6.0,177.12,1.845,False,0.1589119851270854,10,49022.520000000004,"B (partida 0,10 / 2R)"
MNQ,london,2019-05-16,B,0.1,2.0,-1,2019-05-16 09:05:00+01:00,2019-05-16 09:05:00+01:00,2019-05-16 09:05:00+01:00,7488.25,7496.0,7472.75,7496.25,stop,7,7.75,120.67999999999999,-105.0,8.68,7.0,-120.68,-1.112258064516129,False,-0.295934832279068,9,49199.64000000001,"B (partida 0,10 / 2R)"
MNQ,london,2019-05-16,B,0.1,2.0,1,2019-05-16 09:15:00+01:00,2019-05-16 09:15:00+01:00,2019-05-16 09:15:00+01:00,7502.0,7497.75,7510.5,7510.5,objetivo,11,4.25,112.64,192.5,13.64,5.5,173.36,1.8541176470588236,False,0.21021908578621054,9,49078.96000000001,"B (partida 0,10 / 2R)"
MNQ,london,2019-05-17,B,0.1,2.0,-1,2019-05-17 09:40:00+01:00,2019-05-17 09:40:00+01:00,2019-05-17 09:45:00+01:00,7548.25,7552.25,7540.25,7552.5,stop,12,4.0,116.88,-90.0,14.879999999999999,12.0,-116.88,-1.2175,False,-0.9080001854542485,9,49252.32000000001,"B (partida 0,10 / 2R)"
MNQ,london,2019-05-20,B,0.1,2.0,-1,2019-05-20 10:10:00+01:00,2019-05-20 10:10:00+01:00,2019-05-20 10:35:00+01:00,7482.0,7488.0,7470.0,7470.0,objetivo,8,6.0,109.92,196.0,9.92,4.0,182.08,1.8966666666666667,False,-2.01876847079895,10,49135.44000000001,"B (partida 0,10 / 2R)"
MNQ,london,2019-05-23,B,0.1,2.0,-1,2019-05-23 09:55:00+01:00,2019-05-23 09:55:00+01:00,2019-05-23 10:10:00+01:00,7348.0,7351.75,7340.5,7352.0,stop,13,3.75,120.12,-91.0,16.12,13.0,-120.12,-1.232,False,-0.40577811336160613,9,49317.52000000001,"B (partida 0,10 / 2R)"
MNQ,london,2019-06-11,B,0.1,2.0,1,2019-06-11 08:50:00+01:00,2019-06-11 08:50:00+01:00,2019-06-11 09:35:00+01:00,7545.75,7540.25,7556.75,7556.75,objetivo,9,5.5,114.66,202.5,11.16,4.5,186.84,1.8872727272727272,False,0.2746976987090972,8,49197.40000000001,"B (partida 0,10 / 2R)"
MNQ,london,2019-06-13,B,0.1,2.0,1,2019-06-13 09:25:00+01:00,2019-06-13 09:25:00+01:00,2019-06-13 09:40:00+01:00,7497.5,7493.5,7505.5,7505.5,objetivo,12,4.0,116.88,198.0,14.879999999999999,6.0,177.12,1.845,False,0.4158845069676319,9,49384.240000000005,"B (partida 0,10 / 2R)"
MNQ,london,2019-06-14,B,0.1,2.0,-1,2019-06-14 09:55:00+01:00,2019-06-14 09:55:00+01:00,2019-06-14 10:05:00+01:00,7473.5,7477.0,7466.5,7477.25,stop,14,3.5,122.36,-91.0,17.36,14.0,-122.36,-1.2485714285714287,False,-0.5608891811098446,9,49561.36000000001,"B (partida 0,10 / 2R)"
MNQ,london,2019-06-26,B,0.1,2.0,1,2019-06-26 10:30:00+01:00,2019-06-26 10:30:00+01:00,2019-06-26 10:45:00+01:00,7692.25,7682.5,7711.75,7682.25,stop,5,9.75,106.19999999999999,-95.0,6.2,5.0,-106.2,-1.0892307692307692,False,3.128245413143325,10,49439.00000000001,"B (partida 0,10 / 2R)"
MNQ,london,2019-07-03,B,0.1,2.0,1,2019-07-03 09:35:00+01:00,2019-07-03 09:35:00+01:00,2019-07-03 10:25:00+01:00,7860.0,7854.25,7871.5,7871.5,objetivo,9,5.75,119.16,211.5,11.16,4.5,195.84,1.8921739130434783,False,0.6433495414998656,9,49332.80000000001,"B (partida 0,10 / 2R)"
MNQ,london,2019-07-08,B,0.1,2.0,-1,2019-07-08 10:15:00+01:00,2019-07-08 10:15:00+01:00,2019-07-08 11:00:00+01:00,7822.5,7834.5,7798.5,7824.0,cierre_sesion,4,12.0,102.96,-8.0,4.96,4.0,-16.96,-0.17666666666666667,False,-0.10575255723235231,10,49528.64000000001,"B (partida 0,10 / 2R)"
MNQ,london,2019-07-09,B,0.1,2.0,-1,2019-07-09 09:45:00+01:00,2019-07-09 09:45:00+01:00,2019-07-09 09:50:00+01:00,7745.25,7751.5,7732.75,7751.75,stop,8,6.25,113.92,-96.0,9.92,8.0,-113.92,-1.1392,False,-0.13231452522964313,9,49511.68000000001,"B (partida 0,10 / 2R)"
MNQ,london,2019-08-02,B,0.1,2.0,-1,2019-08-02 09:15:00+01:00,2019-08-02 09:15:00+01:00,2019-08-02 09:20:00+01:00,7753.0,7757.75,7743.5,7743.5,objetivo,10,4.75,112.4,195.0,12.4,5.0,177.6,1.8694736842105262,False,-1.1027154587547257,9,49397.76000000001,"B (partida 0,10 / 2R)"
MNQ,london,2019-08-06,B,0.1,2.0,1,2019-08-06 09:40:00+01:00,2019-08-06 09:40:00+01:00,2019-08-06 11:00:00+01:00,7469.5,7459.75,7489.0,7466.25,cierre_sesion,5,9.75,106.19999999999999,-27.5,6.2,5.0,-38.7,-0.39692307692307693,False,0.49132486500512906,9,49575.36000000001,"B (partida 0,10 / 2R)"
MNQ,london,2019-08-07,B,0.1,2.0,1,2019-08-07 09:40:00+01:00,2019-08-07 09:40:00+01:00,2019-08-07 11:00:00+01:00,7548.25,7532.5,7579.75,7562.5,cierre_sesion,3,15.75,99.72,88.5,3.7199999999999998,3.0,81.78,0.8653968253968254,False,0.5830061450826546,9,49536.66000000001,"B (partida 0,10 / 2R)"
MNQ,london,2019-08-09,B,0.1,2.0,-1,2019-08-09 08:50:00+01:00,2019-08-09 08:50:00+01:00,2019-08-09 08:50:00+01:00,7684.25,7688.0,7676.75,7688.25,stop,13,3.75,120.12,-91.0,16.12,13.0,-120.12,-1.232,False,-0.9384214687341033,8,49618.44000000001,"B (partida 0,10 / 2R)"
MNQ,london,2019-08-12,B,0.1,2.0,-1,2019-08-12 09:35:00+01:00,2019-08-12 09:35:00+01:00,2019-08-12 09:50:00+01:00,7642.25,7653.75,7619.25,7619.25,objetivo,5,11.5,123.69999999999999,232.5,6.2,2.5,223.8,1.9460869565217391,False,-2.6001763077893703,9,49498.32000000001,"B (partida 0,10 / 2R)"
MNQ,london,2019-08-13,B,0.1,2.0,-1,2019-08-13 10:30:00+01:00,2019-08-13 10:30:00+01:00,2019-08-13 11:00:00+01:00,7528.0,7536.5,7511.0,7524.75,cierre_sesion,6,8.5,112.44,45.0,7.4399999999999995,6.0,31.560000000000002,0.3094117647058824,False,-0.28600276614006687,10,49722.12000000001,"B (partida 0,10 / 2R)"
MNQ,london,2019-08-14,B,0.1,2.0,-1,2019-08-14 10:05:00+01:00,2019-08-14 10:05:00+01:00,2019-08-14 10:35:00+01:00,7711.75,7720.75,7693.75,7693.75,objetivo,6,9.0,118.44,219.0,7.4399999999999995,3.0,208.56,1.9311111111111112,False,-0.36750291638625865,10,49753.68000000001,"B (partida 0,10 / 2R)"
MNQ,london,2019-08-15,B,0.1,2.0,-1,2019-08-15 10:25:00+01:00,2019-08-15 10:25:00+01:00,2019-08-15 10:25:00+01:00,7502.25,7506.25,7494.25,7506.5,stop,12,4.0,116.88,-90.0,14.879999999999999,12.0,-116.88,-1.2175,False,-0.7226534937451528,10,49962.240000000005,"B (partida 0,10 / 2R)"
MNQ,london,2019-08-16,B,0.1,2.0,1,2019-08-16 08:50:00+01:00,2019-08-16 08:50:00+01:00,2019-08-16 08:50:00+01:00,7564.0,7558.75,7574.5,7558.5,stop,10,5.25,122.4,-100.0,12.4,10.0,-122.4,-1.1657142857142857,False,1.2576599558698178,8,49845.36000000001,"B (partida 0,10 / 2R)"
MNQ,london,2019-08-20,B,0.1,2.0,-1,2019-08-20 10:20:00+01:00,2019-08-20 10:20:00+01:00,2019-08-20 10:35:00+01:00,7730.25,7736.75,7717.25,7737.0,stop,8,6.5,117.92,-100.0,9.92,8.0,-117.92,-1.133846153846154,False,-0.10533099953482623,10,49722.96000000001,"B (partida 0,10 / 2R)"
MNQ,london,2019-08-21,B,0.1,2.0,1,2019-08-21 09:50:00+01:00,2019-08-21 09:50:00+01:00,2019-08-21 10:00:00+01:00,7736.75,7732.5,7745.25,7732.25,stop,12,4.25,122.88,-96.0,14.879999999999999,12.0,-122.88,-1.204705882352941,False,0.8005457349299424,9,49605.04000000001,"B (partida 0,10 / 2R)"
MNQ,london,2019-08-26,B,0.1,2.0,1,2019-08-26 09:55:00+01:00,2019-08-26 09:55:00+01:00,2019-08-26 10:25:00+01:00,7593.75,7582.25,7616.75,7582.0,stop,5,11.5,123.69999999999999,-112.5,6.2,5.0,-123.7,-1.0756521739130436,False,0.3761742254730249,9,49482.16000000001,"B (partida 0,10 / 2R)"
MNQ,london,2019-08-29,B,0.1,2.0,1,2019-08-29 09:30:00+01:00,2019-08-29 09:30:00+01:00,2019-08-29 10:00:00+01:00,7664.75,7659.25,7675.75,7675.75,objetivo,9,5.5,114.66,202.5,11.16,4.5,186.84,1.8872727272727272,False,0.4991956612577345,9,49358.460000000014,"B (partida 0,10 / 2R)"
MNQ,london,2019-08-30,B,0.1,2.0,1,2019-08-30 09:00:00+01:00,2019-08-30 09:00:00+01:00,2019-08-30 09:45:00+01:00,7736.0,7730.5,7747.0,7747.0,objetivo,9,5.5,114.66,202.5,11.16,4.5,186.84,1.8872727272727272,False,0.4675205561552633,8,49545.30000000001,"B (partida 0,10 / 2R)"
MNQ,london,2019-09-04,B,0.1,2.0,1,2019-09-04 09:40:00+01:00,2019-09-04 09:40:00+01:00,2019-09-04 09:40:00+01:00,7718.0,7714.25,7725.5,7714.0,stop,13,3.75,120.12,-91.0,16.12,13.0,-120.12,-1.232,False,0.13824616640741913,9,49732.14000000001,"B (partida 0,10 / 2R)"
MNQ,london,2019-09-18,B,0.1,2.0,1,2019-09-18 08:45:00+01:00,2019-09-18 08:45:00+01:00,2019-09-18 08:50:00+01:00,7882.75,7879.0,7890.25,7878.75,stop,13,3.75,120.12,-91.0,16.12,13.0,-120.12,-1.232,False,0.909224488501693,8,49612.020000000004,"B (partida 0,10 / 2R)"
MNQ,london,2019-09-25,B,0.1,2.0,-1,2019-09-25 09:50:00+01:00,2019-09-25 09:50:00+01:00,2019-09-25 11:00:00+01:00,7699.0,7710.5,7676.0,7708.0,cierre_sesion,5,11.5,123.69999999999999,-85.0,6.2,5.0,-96.2,-0.8365217391304348,False,-0.41918491012743747,9,49491.9,"B (partida 0,10 / 2R)"
MNQ,london,2019-09-26,B,0.1,2.0,1,2019-09-26 09:20:00+01:00,2019-09-26 09:20:00+01:00,2019-09-26 09:25:00+01:00,7820.0,7816.5,7827.0,7816.25,stop,14,3.5,122.36,-91.0,17.36,14.0,-122.36,-1.2485714285714287,False,0.852308072730571,9,49395.700000000004,"B (partida 0,10 / 2R)"
MNQ,london,2019-09-27,B,0.1,2.0,1,2019-09-27 09:20:00+01:00,2019-09-27 09:20:00+01:00,2019-09-27 09:25:00+01:00,7794.5,7790.25,7803.0,7803.0,objetivo,12,4.25,122.88,210.0,14.879999999999999,6.0,189.12,1.8541176470588236,False,0.101119665618732,9,49273.340000000004,"B (partida 0,10 / 2R)"
MNQ,london,2019-09-30,B,0.1,2.0,1,2019-09-30 09:30:00+01:00,2019-09-30 09:30:00+01:00,2019-09-30 09:30:00+01:00,7742.25,7738.5,7749.75,7738.25,stop,13,3.75,120.12,-91.0,16.12,13.0,-120.12,-1.232,False,0.7214341600401141,9,49462.46000000001,"B (partida 0,10 / 2R)"
MNQ,london,2019-09-30,B,0.1,2.0,1,2019-09-30 09:40:00+01:00,2019-09-30 09:40:00+01:00,2019-09-30 11:00:00+01:00,7741.25,7734.75,7754.25,7743.0,cierre_sesion,8,6.5,117.92,36.0,9.92,8.0,18.08,0.17384615384615382,False,0.21904450355575453,9,49342.340000000004,"B (partida 0,10 / 2R)"
MNQ,london,2019-10-03,B,0.1,2.0,1,2019-10-03 09:35:00+01:00,2019-10-03 09:35:00+01:00,2019-10-03 09:40:00+01:00,7583.5,7579.75,7591.0,7579.5,stop,13,3.75,120.12,-91.0,16.12,13.0,-120.12,-1.232,False,0.1254727208222799,9,49360.420000000006,"B (partida 0,10 / 2R)"
MNQ,london,2019-10-04,B,0.1,2.0,-1,2019-10-04 10:05:00+01:00,2019-10-04 10:05:00+01:00,2019-10-04 11:00:00+01:00,7638.5,7645.5,7624.5,7627.5,cierre_sesion,7,7.0,110.18,161.0,8.68,7.0,145.32,1.4828571428571429,False,-0.2029817051092019,10,49240.3,"B (partida 0,10 / 2R)"
MNQ,london,2019-10-07,B,0.1,2.0,-1,2019-10-07 09:15:00+01:00,2019-10-07 09:15:00+01:00,2019-10-07 09:15:00+01:00,7727.0,7731.25,7718.5,7731.5,stop,12,4.25,122.88,-96.0,14.879999999999999,12.0,-122.88,-1.204705882352941,False,-0.28759821889989634,9,49385.62,"B (partida 0,10 / 2R)"
MNQ,london,2019-10-10,B,0.1,2.0,-1,2019-10-10 09:05:00+01:00,2019-10-10 09:05:00+01:00,2019-10-10 09:05:00+01:00,7672.5,7679.75,7658.0,7680.0,stop,7,7.25,113.68,-98.0,8.68,7.0,-113.68,-1.12,False,-0.9433946998051652,9,49262.740000000005,"B (partida 0,10 / 2R)"
MNQ,london,2019-10-14,B,0.1,2.0,-1,2019-10-14 09:20:00+01:00,2019-10-14 09:20:00+01:00,2019-10-14 09:25:00+01:00,7841.5,7845.5,7833.5,7845.75,stop,12,4.0,116.88,-90.0,14.879999999999999,12.0,-116.88,-1.2175,False,-0.5458823633113663,9,49149.060000000005,"B (partida 0,10 / 2R)"
MNQ,london,2019-10-14,B,0.1,2.0,-1,2019-10-14 10:40:00+01:00,2019-10-14 10:40:00+01:00,2019-10-14 10:40:00+01:00,7825.0,7828.5,7818.0,7818.0,objetivo,14,3.5,122.36,203.0,17.36,7.0,178.64,1.8228571428571427,False,-0.9455359627895236,10,49032.18000000001,"B (partida 0,10 / 2R)"
MNQ,london,2019-10-16,B,0.1,2.0,-1,2019-10-16 08:40:00+01:00,2019-10-16 08:40:00+01:00,2019-10-16 08:45:00+01:00,7940.75,7945.0,7932.25,7945.25,stop,12,4.25,122.88,-96.0,14.879999999999999,12.0,-122.88,-1.204705882352941,False,-0.9555069497055297,8,49210.82000000001,"B (partida 0,10 / 2R)"
MNQ,london,2019-10-29,B,0.1,2.0,-1,2019-10-29 10:00:00+00:00,2019-10-29 10:00:00+00:00,2019-10-29 10:10:00+00:00,8092.5,8096.25,8085.0,8096.5,stop,13,3.75,120.12,-91.0,16.12,13.0,-120.12,-1.232,False,-0.3326423197984596,9,49087.94000000001,"B (partida 0,10 / 2R)"
MNQ,london,2019-12-03,B,0.1,2.0,-1,2019-12-03 10:40:00+00:00,2019-12-03 10:40:00+00:00,2019-12-03 11:00:00+00:00,8273.25,8278.75,8262.25,8276.25,cierre_sesion,9,5.5,114.66,-45.0,11.16,9.0,-65.16,-0.6581818181818182,False,-2.297506354800525,10,48967.82000000001,"B (partida 0,10 / 2R)"
MNQ,london,2019-12-10,B,0.1,2.0,-1,2019-12-10 09:40:00+00:00,2019-12-10 09:40:00+00:00,2019-12-10 10:00:00+00:00,8322.25,8328.75,8309.25,8329.0,stop,8,6.5,117.92,-100.0,9.92,8.0,-117.92,-1.133846153846154,False,-0.6551853749659251,9,48902.66,"B (partida 0,10 / 2R)"
MNQ,london,2020-01-22,B,0.1,2.0,-1,2020-01-22 09:30:00+00:00,2020-01-22 09:30:00+00:00,2020-01-22 09:40:00+00:00,9218.5,9223.0,9209.5,9223.25,stop,11,4.5,118.14,-93.5,13.64,11.0,-118.14,-1.1933333333333334,False,-0.36971513045686916,9,48784.740000000005,"B (partida 0,10 / 2R)"
MNQ,london,2020-01-28,B,0.1,2.0,-1,2020-01-28 09:50:00+00:00,2020-01-28 09:50:00+00:00,2020-01-28 10:10:00+00:00,8991.25,8999.75,8974.25,9000.0,stop,6,8.5,112.44,-99.0,7.4399999999999995,6.0,-112.44,-1.1023529411764705,False,-0.372904381367659,9,48666.600000000006,"B (partida 0,10 / 2R)"
MNQ,london,2020-01-29,B,0.1,2.0,1,2020-01-29 08:55:00+00:00,2020-01-29 08:55:00+00:00,2020-01-29 08:55:00+00:00,9135.75,9131.25,9144.75,9131.0,stop,11,4.5,118.14,-93.5,13.64,11.0,-118.14,-1.1933333333333334,False,0.6031973664895676,8,48554.16,"B (partida 0,10 / 2R)"
MNQ,london,2020-02-03,B,0.1,2.0,-1,2020-02-03 09:45:00+00:00,2020-02-03 09:45:00+00:00,2020-02-03 09:50:00+00:00,9036.25,9043.0,9022.75,9043.25,stop,7,6.75,106.68,-91.0,8.68,7.0,-106.68,-1.128888888888889,False,-0.1487779816730586,9,48436.020000000004,"B (partida 0,10 / 2R)"
MNQ,london,2020-02-04,B,0.1,2.0,1,2020-02-04 09:50:00+00:00,2020-02-04 09:50:00+00:00,2020-02-04 10:55:00+00:00,9231.75,9221.0,9253.25,9220.75,stop,5,10.75,116.19999999999999,-105.0,6.2,5.0,-116.2,-1.0809302325581396,False,0.27803957817256875,9,48329.340000000004,"B (partida 0,10 / 2R)"
MNQ,london,2020-02-05,B,0.1,2.0,1,2020-02-05 09:40:00+00:00,2020-02-05 09:40:00+00:00,2020-02-05 09:50:00+00:00,9444.0,9440.5,9451.0,9451.0,objetivo,13,3.5,113.62,188.5,16.12,6.5,165.88,1.8228571428571427,False,0.9746138105469594,9,48213.14000000001,"B (partida 0,10 / 2R)"
MNQ,london,2020-02-07,B,0.1,2.0,-1,2020-02-07 09:40:00+00:00,2020-02-07 09:40:00+00:00,2020-02-07 09:45:00+00:00,9434.75,9439.25,9425.75,9425.75,objetivo,11,4.5,118.14,203.5,13.64,5.5,184.36,1.8622222222222224,False,-0.1403568665252883,9,48379.020000000004,"B (partida 0,10 / 2R)"
MNQ,london,2020-02-10,B,0.1,2.0,-1,2020-02-10 10:20:00+00:00,2020-02-10 10:20:00+00:00,2020-02-10 10:25:00+00:00,9397.5,9401.5,9389.5,9401.75,stop,12,4.0,116.88,-90.0,14.879999999999999,12.0,-116.88,-1.2175,False,-0.10324050634410642,10,48563.380000000005,"B (partida 0,10 / 2R)"
MNQ,london,2020-02-11,B,0.1,2.0,-1,2020-02-11 09:20:00+00:00,2020-02-11 09:20:00+00:00,2020-02-11 09:20:00+00:00,9548.75,9554.25,9537.75,9554.5,stop,9,5.5,114.66,-94.5,11.16,9.0,-114.66,-1.1581818181818182,False,-0.4771380042759054,9,48446.50000000001,"B (partida 0,10 / 2R)"
MNQ,london,2020-02-13,B,0.1,2.0,-1,2020-02-13 09:25:00+00:00,2020-02-13 09:25:00+00:00,2020-02-13 09:50:00+00:00,9557.0,9563.5,9544.0,9544.0,objetivo,8,6.5,117.92,212.0,9.92,4.0,198.08,1.9046153846153848,False,-0.45505331738024146,9,48331.840000000004,"B (partida 0,10 / 2R)"
MNQ,london,2020-02-24,B,0.1,2.0,-1,2020-02-24 09:35:00+00:00,2020-02-24 09:35:00+00:00,2020-02-24 09:45:00+00:00,9140.0,9158.0,9104.0,9158.25,stop,3,18.0,113.22,-106.5,3.7199999999999998,3.0,-113.22,-1.0483333333333333,False,-0.968195512084616,9,48529.920000000006,"B (partida 0,10 / 2R)"
MNQ,london,2020-02-25,B,0.1,2.0,-1,2020-02-25 09:10:00+00:00,2020-02-25 09:10:00+00:00,2020-02-25 09:55:00+00:00,9156.75,9170.0,9130.25,9130.25,objetivo,4,13.25,112.96,214.0,4.96,2.0,207.04,1.9532075471698112,False,-0.7854929429392874,9,48416.700000000004,"B (partida 0,10 / 2R)"
MNQ,london,2020-02-26,B,0.1,2.0,-1,2020-02-26 10:00:00+00:00,2020-02-26 10:00:00+00:00,2020-02-26 10:00:00+00:00,8785.25,8798.75,8758.25,8799.0,stop,4,13.5,114.96,-106.0,4.96,4.0,-114.96,-1.0644444444444443,False,-0.18206272539964377,9,48623.740000000005,"B (partida 0,10 / 2R)"
MNQ,london,2020-02-27,B,0.1,2.0,1,2020-02-27 09:15:00+00:00,2020-02-27 09:15:00+00:00,2020-02-27 09:55:00+00:00,8818.0,8799.75,8854.5,8799.5,stop,3,18.25,114.72,-108.0,3.7199999999999998,3.0,-114.72,-1.0476712328767124,False,0.27822373888039303,9,48508.780000000006,"B (partida 0,10 / 2R)"
MNQ,london,2020-03-03,B,0.1,2.0,1,2020-03-03 09:45:00+00:00,2020-03-03 09:45:00+00:00,2020-03-03 11:00:00+00:00,8892.5,8876.0,8925.5,8901.5,cierre_sesion,3,16.5,104.22,57.0,3.7199999999999998,3.0,50.28,0.5078787878787879,False,0.17557606852892335,9,48394.060000000005,"B (partida 0,10 / 2R)"
MNQ,london,2020-03-05,B,0.1,2.0,-1,2020-03-05 09:30:00+00:00,2020-03-05 09:30:00+00:00,2020-03-05 09:35:00+00:00,8751.25,8766.25,8721.25,8766.5,stop,3,15.0,95.22,-88.5,3.7199999999999998,3.0,-95.22,-1.058,False,-0.9151065662023583,9,48444.340000000004,"B (partida 0,10 / 2R)"
MNQ,london,2020-03-06,B,0.1,2.0,-1,2020-03-06 09:20:00+00:00,2020-03-06 09:20:00+00:00,2020-03-06 09:45:00+00:00,8540.75,8562.75,8496.75,8496.75,objetivo,2,22.0,91.48,177.0,2.48,1.0,173.52,1.971818181818182,False,-0.1290884433249698,9,48349.12,"B (partida 0,10 / 2R)"
MNQ,london,2020-03-11,B,0.1,2.0,1,2020-03-11 09:10:00+00:00,2020-03-11 09:10:00+00:00,2020-03-11 09:10:00+00:00,8205.75,8192.5,8232.25,8192.25,stop,4,13.25,112.96,-104.0,4.96,4.0,-112.96,-1.0656603773584905,False,0.6618697366923657,9,48522.64,"B (partida 0,10 / 2R)"
MNQ,london,2020-03-17,B,0.1,2.0,-1,2020-03-17 09:45:00+00:00,2020-03-17 09:45:00+00:00,2020-03-17 09:45:00+00:00,7058.0,7070.5,7033.0,7070.75,stop,4,12.5,106.96,-98.0,4.96,4.0,-106.96,-1.0695999999999999,False,-1.8042540892909944,9,48409.68,"B (partida 0,10 / 2R)"
MNQ,london,2020-03-17,B,0.1,2.0,-1,2020-03-17 09:55:00+00:00,2020-03-17 09:55:00+00:00,2020-03-17 10:00:00+00:00,7082.5,7135.25,6977.0,7135.5,stop,1,52.75,107.24,-105.0,1.24,1.0,-107.24,-1.0164928909952606,False,-1.2960498806620668,9,48302.72,"B (partida 0,10 / 2R)"
MNQ,london,2020-03-24,B,0.1,2.0,1,2020-03-24 09:30:00+00:00,2020-03-24 09:30:00+00:00,2020-03-24 09:35:00+00:00,7324.0,7309.5,7353.0,7353.0,objetivo,3,14.5,92.22,175.5,3.7199999999999998,1.5,170.28,1.957241379310345,False,0.2133831300692594,9,48195.48,"B (partida 0,10 / 2R)"
MNQ,london,2020-03-25,B,0.1,2.0,1,2020-03-25 09:30:00+00:00,2020-03-25 09:30:00+00:00,2020-03-25 09:30:00+00:00,7749.5,7741.75,7765.0,7741.5,stop,7,7.75,120.67999999999999,-105.0,8.68,7.0,-120.68,-1.112258064516129,False,1.1357186725278898,9,48365.76,"B (partida 0,10 / 2R)"
MNQ,london,2020-03-27,B,0.1,2.0,-1,2020-03-27 09:30:00+00:00,2020-03-27 09:30:00+00:00,2020-03-27 10:30:00+00:00,7686.25,7706.0,7646.75,7706.25,stop,2,19.75,82.48,-78.0,2.48,2.0,-82.48,-1.0440506329113926,False,-0.49313736266961483,9,48245.08,"B (partida 0,10 / 2R)"
MNQ,london,2020-03-30,B,0.1,2.0,-1,2020-03-30 09:25:00+01:00,2020-03-30 09:25:00+01:00,2020-03-30 09:25:00+01:00,7515.75,7535.0,7477.25,7535.25,stop,2,19.25,80.48,-76.0,2.48,2.0,-80.48,-1.0451948051948052,False,-0.352923364966062,9,48162.6,"B (partida 0,10 / 2R)"
MNQ,london,2020-04-02,B,0.1,2.0,1,2020-04-02 09:35:00+01:00,2020-04-02 09:35:00+01:00,2020-04-02 09:40:00+01:00,7596.75,7577.0,7636.25,7576.75,stop,2,19.75,82.48,-78.0,2.48,2.0,-82.48,-1.0440506329113926,False,0.4186630150980028,9,48082.119999999995,"B (partida 0,10 / 2R)"
MNQ,london,2020-04-03,B,0.1,2.0,1,2020-04-03 09:15:00+01:00,2020-04-03 09:15:00+01:00,2020-04-03 09:15:00+01:00,7569.75,7564.25,7580.75,7564.0,stop,9,5.5,114.66,-94.5,11.16,9.0,-114.66,-1.1581818181818182,False,0.21840939099656714,9,47999.63999999999,"B (partida 0,10 / 2R)"
MNQ,london,2020-04-07,B,0.1,2.0,1,2020-04-07 09:40:00+01:00,2020-04-07 09:40:00+01:00,2020-04-07 09:45:00+01:00,8223.0,8210.75,8247.5,8210.5,stop,4,12.25,104.96,-96.0,4.96,4.0,-104.96,-1.0710204081632653,False,0.41717242784883823,9,47884.97999999999,"B (partida 0,10 / 2R)"
MNQ,london,2020-04-15,B,0.1,2.0,-1,2020-04-15 08:50:00+01:00,2020-04-15 08:50:00+01:00,2020-04-15 08:55:00+01:00,8606.75,8615.25,8589.75,8589.75,objetivo,6,8.5,112.44,207.0,7.4399999999999995,3.0,196.56,1.9270588235294117,False,-1.5627311777098054,8,47780.01999999999,"B (partida 0,10 / 2R)"
MNQ,london,2020-04-20,B,0.1,2.0,-1,2020-04-20 09:55:00+01:00,2020-04-20 09:55:00+01:00,2020-04-20 09:55:00+01:00,8756.25,8764.75,8739.25,8765.0,stop,6,8.5,112.44,-99.0,7.4399999999999995,6.0,-112.44,-1.1023529411764705,False,-0.20448671271200888,9,47976.57999999999,"B (partida 0,10 / 2R)"
MNQ,london,2020-04-23,B,0.1,2.0,-1,2020-04-23 09:00:00+01:00,2020-04-23 09:00:00+01:00,2020-04-23 09:20:00+01:00,8603.5,8619.0,8572.5,8619.25,stop,3,15.5,98.22,-91.5,3.7199999999999998,3.0,-98.22,-1.0561290322580645,False,-0.8751734702117131,8,47864.139999999985,"B (partida 0,10 / 2R)"
MNQ,london,2020-04-28,B,0.1,2.0,1,2020-04-28 09:30:00+01:00,2020-04-28 09:30:00+01:00,2020-04-28 09:30:00+01:00,8860.0,8856.5,8867.0,8856.25,stop,13,3.5,113.62,-84.5,16.12,13.0,-113.62,-1.2485714285714287,False,0.4747377788604573,9,47765.919999999984,"B (partida 0,10 / 2R)"
MNQ,london,2020-05-07,B,0.1,2.0,1,2020-05-07 09:50:00+01:00,2020-05-07 09:50:00+01:00,2020-05-07 11:00:00+01:00,9079.25,9065.75,9106.25,9094.5,cierre_sesion,4,13.5,114.96,126.0,4.96,4.0,117.04,1.0837037037037038,False,0.1656811355245778,9,47652.29999999998,"B (partida 0,10 / 2R)"
MNQ,london,2020-05-25,B,0.1,2.0,1,2020-05-25 10:00:00+01:00,2020-05-25 10:00:00+01:00,2020-05-25 10:10:00+01:00,9496.75,9493.25,9503.75,9493.0,stop,13,3.5,113.62,-84.5,16.12,13.0,-113.62,-1.2485714285714287,False,1.5150626463704657,9,47769.33999999998,"B (partida 0,10 / 2R)"
MNQ,london,2020-05-29,B,0.1,2.0,-1,2020-05-29 09:05:00+01:00,2020-05-29 09:05:00+01:00,2020-05-29 10:10:00+01:00,9394.5,9414.5,9354.5,9414.75,stop,2,20.0,83.48,-79.0,2.48,2.0,-83.48,-1.0435,False,-0.4761519439221107,9,47655.71999999998,"B (partida 0,10 / 2R)"
MNQ,london,2020-06-01,B,0.1,2.0,-1,2020-06-01 09:50:00+01:00,2020-06-01 09:50:00+01:00,2020-06-01 09:50:00+01:00,9511.0,9516.5,9500.0,9516.75,stop,9,5.5,114.66,-94.5,11.16,9.0,-114.66,-1.1581818181818182,False,-0.9291621590924023,9,47572.239999999976,"B (partida 0,10 / 2R)"
MNQ,london,2020-06-02,B,0.1,2.0,1,2020-06-02 09:25:00+01:00,2020-06-02 09:25:00+01:00,2020-06-02 09:35:00+01:00,9633.5,9629.0,9642.5,9642.5,objetivo,11,4.5,118.14,203.5,13.64,5.5,184.36,1.8622222222222224,False,0.6646960060570991,9,47457.57999999997,"B (partida 0,10 / 2R)"
MNQ,london,2020-06-04,B,0.1,2.0,1,2020-06-04 08:55:00+01:00,2020-06-04 08:55:00+01:00,2020-06-04 09:10:00+01:00,9681.25,9675.75,9692.25,9692.25,objetivo,9,5.5,114.66,202.5,11.16,4.5,186.84,1.8872727272727272,False,0.591262142424448,8,47641.93999999997,"B (partida 0,10 / 2R)"
MNQ,london,2020-06-09,B,0.1,2.0,-1,2020-06-09 09:35:00+01:00,2020-06-09 09:35:00+01:00,2020-06-09 09:50:00+01:00,9820.5,9834.0,9793.5,9834.25,stop,4,13.5,114.96,-106.0,4.96,4.0,-114.96,-1.0644444444444443,False,-1.4094763651570603,9,47828.77999999997,"B (partida 0,10 / 2R)"
MNQ,london,2020-06-10,B,0.1,2.0,-1,2020-06-10 10:20:00+01:00,2020-06-10 10:20:00+01:00,2020-06-10 10:30:00+01:00,9976.25,9988.0,9952.75,9988.25,stop,4,11.75,100.96,-92.0,4.96,4.0,-100.96,-1.0740425531914892,False,-0.6781236701836466,10,47713.81999999997,"B (partida 0,10 / 2R)"
MNQ,london,2020-06-11,B,0.1,2.0,-1,2020-06-11 10:00:00+01:00,2020-06-11 10:00:00+01:00,2020-06-11 10:05:00+01:00,9927.75,9938.0,9907.25,9938.25,stop,5,10.25,111.19999999999999,-100.0,6.2,5.0,-111.2,-1.0848780487804879,False,-0.39033597194350694,9,47612.85999999997,"B (partida 0,10 / 2R)"
MNQ,london,2020-06-18,B,0.1,2.0,1,2020-06-18 09:45:00+01:00,2020-06-18 09:45:00+01:00,2020-06-18 09:50:00+01:00,10031.5,10024.75,10045.0,10024.5,stop_hueco,7,6.75,106.68,-91.0,8.68,7.0,-106.68,-1.128888888888889,False,0.5446723966973178,9,47501.659999999974,"B (partida 0,10 / 2R)"
MNQ,london,2020-06-23,B,0.1,2.0,1,2020-06-23 09:45:00+01:00,2020-06-23 09:45:00+01:00,2020-06-23 09:45:00+01:00,10185.25,10178.75,10198.25,10178.5,stop,8,6.5,117.92,-100.0,9.92,8.0,-117.92,-1.133846153846154,False,0.20271873349165243,9,47394.979999999974,"B (partida 0,10 / 2R)"
MNQ,london,2020-06-30,B,0.1,2.0,-1,2020-06-30 09:25:00+01:00,2020-06-30 09:25:00+01:00,2020-06-30 09:25:00+01:00,9962.5,9967.0,9953.5,9967.25,stop,11,4.5,118.14,-93.5,13.64,11.0,-118.14,-1.1933333333333334,False,-0.16521789355448374,9,47277.059999999976,"B (partida 0,10 / 2R)"
MNQ,london,2020-07-02,B,0.1,2.0,1,2020-07-02 09:25:00+01:00,2020-07-02 09:25:00+01:00,2020-07-02 09:50:00+01:00,10326.0,10319.75,10338.5,10319.5,stop,8,6.25,113.92,-96.0,9.92,8.0,-113.92,-1.1392,False,0.652748791550698,9,47158.91999999998,"B (partida 0,10 / 2R)"
MNQ,london,2020-07-07,B,0.1,2.0,-1,2020-07-07 10:05:00+01:00,2020-07-07 10:05:00+01:00,2020-07-07 10:35:00+01:00,10542.0,10552.5,10521.0,10552.75,stop,5,10.5,113.69999999999999,-102.5,6.2,5.0,-113.7,-1.082857142857143,False,-0.1665050450102587,10,47044.99999999998,"B (partida 0,10 / 2R)"
MNQ,london,2020-07-10,B,0.1,2.0,1,2020-07-10 09:15:00+01:00,2020-07-10 09:15:00+01:00,2020-07-10 09:15:00+01:00,10699.75,10696.0,10707.25,10707.25,objetivo,12,3.75,110.88,186.0,14.879999999999999,6.0,165.12,1.8346666666666667,False,1.0093931411339427,9,46931.29999999998,"B (partida 0,10 / 2R)"
MNQ,london,2020-07-10,B,0.1,2.0,1,2020-07-10 09:25:00+01:00,2020-07-10 09:25:00+01:00,2020-07-10 09:30:00+01:00,10706.25,10697.75,10723.25,10697.5,stop,6,8.5,112.44,-99.0,7.4399999999999995,6.0,-112.44,-1.1023529411764705,False,1.1828360188083606,9,47096.419999999984,"B (partida 0,10 / 2R)"
MNQ,london,2020-07-13,B,0.1,2.0,-1,2020-07-13 09:25:00+01:00,2020-07-13 09:25:00+01:00,2020-07-13 09:30:00+01:00,10879.75,10884.75,10869.75,10869.75,objetivo,10,5.0,117.4,205.0,12.4,5.0,187.6,1.876,False,-0.33821546197383195,9,46983.97999999998,"B (partida 0,10 / 2R)"
MNQ,london,2020-07-16,B,0.1,2.0,-1,2020-07-16 09:30:00+01:00,2020-07-16 09:30:00+01:00,2020-07-16 10:00:00+01:00,10552.75,10569.0,10520.25,10520.25,objetivo,3,16.25,102.72,196.5,3.7199999999999998,1.5,191.28,1.9618461538461538,False,-0.38886542558925496,9,47171.57999999998,"B (partida 0,10 / 2R)"
MNQ,london,2020-07-17,B,0.1,2.0,1,2020-07-17 08:40:00+01:00,2020-07-17 08:40:00+01:00,2020-07-17 08:45:00+01:00,10596.25,10591.25,10606.25,10591.0,stop,10,5.0,117.4,-95.0,12.4,10.0,-117.4,-1.1740000000000002,False,0.6989841134942715,8,47362.85999999998,"B (partida 0,10 / 2R)"
MNQ,london,2020-07-22,B,0.1,2.0,-1,2020-07-22 09:20:00+01:00,2020-07-22 09:20:00+01:00,2020-07-22 09:20:00+01:00,10804.25,10808.0,10796.75,10808.25,stop,12,3.75,110.88,-84.0,14.879999999999999,12.0,-110.88,-1.232,False,-1.0891098105085308,9,47245.45999999998,"B (partida 0,10 / 2R)"
MNQ,london,2020-07-28,B,0.1,2.0,-1,2020-07-28 09:05:00+01:00,2020-07-28 09:05:00+01:00,2020-07-28 09:20:00+01:00,10678.25,10687.5,10659.75,10659.75,objetivo,5,9.25,101.19999999999999,187.5,6.2,2.5,178.8,1.932972972972973,False,-0.6901483037747503,9,47134.57999999998,"B (partida 0,10 / 2R)"
MNQ,london,2020-07-30,B,0.1,2.0,-1,2020-07-30 09:40:00+01:00,2020-07-30 09:40:00+01:00,2020-07-30 09:50:00+01:00,10562.25,10567.75,10551.25,10551.25,objetivo,9,5.5,114.66,202.5,11.16,4.5,186.84,1.8872727272727272,False,-0.2289688275699897,9,47313.37999999998,"B (partida 0,10 / 2R)"
MNQ,london,2020-08-12,B,0.1,2.0,1,2020-08-12 09:40:00+01:00,2020-08-12 09:40:00+01:00,2020-08-12 10:20:00+01:00,10967.75,10960.75,10981.75,10981.75,objetivo,7,7.0,110.18,199.5,8.68,3.5,187.32,1.9114285714285713,False,0.42892204857741,9,47500.21999999998,"B (partida 0,10 / 2R)"
MNQ,london,2020-08-14,B,0.1,2.0,-1,2020-08-14 09:50:00+01:00,2020-08-14 09:50:00+01:00,2020-08-14 10:25:00+01:00,11157.0,11163.75,11143.5,11164.0,stop,7,6.75,106.68,-91.0,8.68,7.0,-106.68,-1.128888888888889,False,-0.38457966849172276,9,47687.53999999998,"B (partida 0,10 / 2R)"
MNQ,london,2020-08-17,B,0.1,2.0,1,2020-08-17 09:25:00+01:00,2020-08-17 09:25:00+01:00,2020-08-17 09:25:00+01:00,11195.5,11190.25,11206.0,11190.0,stop,9,5.25,110.16,-90.0,11.16,9.0,-110.16,-1.1657142857142857,False,0.12948822273088575,9,47580.85999999998,"B (partida 0,10 / 2R)"
MNQ,london,2020-08-21,B,0.1,2.0,-1,2020-08-21 09:50:00+01:00,2020-08-21 09:50:00+01:00,2020-08-21 09:55:00+01:00,11466.25,11475.0,11448.75,11475.25,stop,6,8.75,115.44,-102.0,7.4399999999999995,6.0,-115.44,-1.0994285714285714,False,-0.29611871566232073,9,47470.699999999975,"B (partida 0,10 / 2R)"
MNQ,london,2020-08-24,B,0.1,2.0,1,2020-08-24 09:20:00+01:00,2020-08-24 09:20:00+01:00,2020-08-24 11:00:00+01:00,11662.0,11649.75,11686.5,11662.5,cierre_sesion,4,12.25,104.96,8.0,4.96,4.0,-0.96,-0.009795918367346938,False,0.859458026570672,9,47355.25999999997,"B (partida 0,10 / 2R)"
MNQ,london,2020-08-25,B,0.1,2.0,1,2020-08-25 08:55:00+01:00,2020-08-25 08:55:00+01:00,2020-08-25 08:55:00+01:00,11687.25,11682.0,11697.75,11681.75,stop,9,5.25,110.16,-90.0,11.16,9.0,-110.16,-1.1657142857142857,False,0.12715070442248433,8,47354.299999999974,"B (partida 0,10 / 2R)"
MNQ,london,2020-08-31,B,0.1,2.0,-1,2020-08-31 09:15:00+01:00,2020-08-31 09:15:00+01:00,2020-08-31 09:20:00+01:00,12030.25,12039.0,12012.75,12039.25,stop,6,8.75,115.44,-102.0,7.4399999999999995,6.0,-115.44,-1.0994285714285714,False,-0.9587359203191178,9,47244.13999999997,"B (partida 0,10 / 2R)"
MNQ,london,2020-09-01,B,0.1,2.0,1,2020-09-01 09:50:00+01:00,2020-09-01 09:50:00+01:00,2020-09-01 09:50:00+01:00,12222.25,12214.75,12237.25,12214.5,stop,7,7.5,117.17999999999999,-101.5,8.68,7.0,-117.18,-1.116,False,0.18672612407667796,9,47128.69999999997,"B (partida 0,10 / 2R)"
MNQ,london,2020-09-04,B,0.1,2.0,1,2020-09-04 09:30:00+01:00,2020-09-04 09:30:00+01:00,2020-09-04 09:30:00+01:00,11746.25,11732.75,11773.25,11773.25,objetivo,4,13.5,114.96,218.0,4.96,2.0,211.04,1.954074074074074,False,0.4203620507143074,9,47011.51999999997,"B (partida 0,10 / 2R)"
MNQ,london,2020-09-07,B,0.1,2.0,1,2020-09-07 09:05:00+01:00,2020-09-07 09:05:00+01:00,2020-09-07 11:00:00+01:00,11433.5,11408.0,11484.5,11427.75,cierre_sesion,2,25.5,105.48,-21.0,2.48,2.0,-25.48,-0.24980392156862746,False,0.17203314325920402,9,47222.55999999997,"B (partida 0,10 / 2R)"
MNQ,london,2020-09-08,B,0.1,2.0,-1,2020-09-08 10:10:00+01:00,2020-09-08 10:10:00+01:00,2020-09-08 10:10:00+01:00,11379.75,11385.25,11368.75,11385.5,stop,9,5.5,114.66,-94.5,11.16,9.0,-114.66,-1.1581818181818182,False,-1.1543844936447454,10,47197.079999999965,"B (partida 0,10 / 2R)"
MNQ,london,2020-09-10,B,0.1,2.0,-1,2020-09-10 09:25:00+01:00,2020-09-10 09:25:00+01:00,2020-09-10 09:25:00+01:00,11279.5,11287.25,11264.0,11287.5,stop,6,7.75,103.44,-90.0,7.4399999999999995,6.0,-103.44,-1.112258064516129,False,-0.7867660593145209,9,47082.41999999996,"B (partida 0,10 / 2R)"
MNQ,london,2020-09-23,B,0.1,2.0,1,2020-09-23 08:50:00+01:00,2020-09-23 08:50:00+01:00,2020-09-23 09:15:00+01:00,11154.5,11146.5,11170.5,11170.5,objetivo,6,8.0,106.44,195.0,7.4399999999999995,3.0,184.56,1.9225,False,0.757145492465883,8,46978.97999999996,"B (partida 0,10 / 2R)"
MNQ,london,2020-09-28,B,0.1,2.0,1,2020-09-28 09:20:00+01:00,2020-09-28 09:20:00+01:00,2020-09-28 09:20:00+01:00,11257.5,11252.25,11268.0,11252.0,stop,9,5.25,110.16,-90.0,11.16,9.0,-110.16,-1.1657142857142857,False,1.0433492872250074,9,47163.53999999996,"B (partida 0,10 / 2R)"
MNQ,london,2020-10-01,B,0.1,2.0,1,2020-10-01 09:20:00+01:00,2020-10-01 09:20:00+01:00,2020-10-01 09:25:00+01:00,11516.5,11508.25,11533.0,11508.0,stop,6,8.25,109.44,-96.0,7.4399999999999995,6.0,-109.44,-1.1054545454545455,False,0.20623542957289365,9,47053.379999999954,"B (partida 0,10 / 2R)"
MNQ,london,2020-10-15,B,0.1,2.0,-1,2020-10-15 09:40:00+01:00,2020-10-15 09:40:00+01:00,2020-10-15 10:40:00+01:00,11777.25,11790.25,11751.25,11751.25,objetivo,4,13.0,110.96,210.0,4.96,2.0,203.04,1.9523076923076923,False,-1.0138558065488417,9,46943.93999999995,"B (partida 0,10 / 2R)"
MNQ,london,2020-10-16,B,0.1,2.0,1,2020-10-16 09:35:00+01:00,2020-10-16 09:35:00+01:00,2020-10-16 09:50:00+01:00,11912.25,11899.75,11937.25,11899.5,stop,4,12.5,106.96,-98.0,4.96,4.0,-106.96,-1.0695999999999999,False,0.5132355848032834,9,47146.97999999995,"B (partida 0,10 / 2R)"
MNQ,london,2020-10-23,B,0.1,2.0,1,2020-10-23 09:05:00+01:00,2020-10-23 09:05:00+01:00,2020-10-23 09:35:00+01:00,11672.75,11661.75,11694.75,11661.5,stop,4,11.0,94.96,-86.0,4.96,4.0,-94.96,-1.079090909090909,False,0.9037444094183297,9,47040.01999999995,"B (partida 0,10 / 2R)"
MNQ,london,2020-10-30,B,0.1,2.0,1,2020-10-30 09:40:00+00:00,2020-10-30 09:40:00+00:00,2020-10-30 09:40:00+00:00,11168.5,11158.5,11188.5,11188.5,objetivo,5,10.0,108.69999999999999,202.5,6.2,2.5,193.8,1.9380000000000002,False,0.5827204273572802,9,46945.059999999954,"B (partida 0,10 / 2R)"
MNQ,london,2020-11-02,B,0.1,2.0,1,2020-11-02 09:00:00+00:00,2020-11-02 09:00:00+00:00,2020-11-02 09:25:00+00:00,11130.75,11118.0,11156.25,11156.25,objetivo,4,12.75,108.96,206.0,4.96,2.0,199.04,1.9513725490196077,False,0.4708976001860631,8,47138.85999999996,"B (partida 0,10 / 2R)"
MNQ,london,2020-11-03,B,0.1,2.0,1,2020-11-03 09:20:00+00:00,2020-11-03 09:20:00+00:00,2020-11-03 09:20:00+00:00,11159.25,11151.25,11175.25,11151.0,stop,6,8.0,106.44,-93.0,7.4399999999999995,6.0,-106.44,-1.10875,False,1.0714449486490008,9,47337.89999999996,"B (partida 0,10 / 2R)"
MNQ,london,2020-11-04,B,0.1,2.0,1,2020-11-04 08:55:00+00:00,2020-11-04 08:55:00+00:00,2020-11-04 08:55:00+00:00,11538.75,11522.5,11571.25,11571.25,objetivo,3,16.25,102.72,196.5,3.7199999999999998,1.5,191.28,1.9618461538461538,False,1.129577553552608,8,47231.459999999955,"B (partida 0,10 / 2R)"
MNQ,london,2020-11-05,B,0.1,2.0,1,2020-11-05 09:45:00+00:00,2020-11-05 09:45:00+00:00,2020-11-05 10:00:00+00:00,12049.5,12034.75,12079.0,12079.0,objetivo,3,14.75,93.72,178.5,3.7199999999999998,1.5,173.28,1.9579661016949153,False,0.241493874542013,9,47422.739999999954,"B (partida 0,10 / 2R)"
MNQ,london,2020-11-09,B,0.1,2.0,-1,2020-11-09 09:50:00+00:00,2020-11-09 09:50:00+00:00,2020-11-09 09:50:00+00:00,12289.0,12293.0,12281.0,12293.25,stop,12,4.0,116.88,-90.0,14.879999999999999,12.0,-116.88,-1.2175,True,-0.599957982801469,9,47596.01999999995,"B (partida 0,10 / 2R)"
MNQ,london,2020-11-11,B,0.1,2.0,1,2020-11-11 09:10:00+00:00,2020-11-11 09:10:00+00:00,2020-11-11 09:10:00+00:00,11732.75,11726.75,11744.75,11726.5,stop,8,6.0,109.92,-92.0,9.92,8.0,-109.92,-1.145,False,1.53846042155315,9,47479.139999999956,"B (partida 0,10 / 2R)"
MNQ,london,2020-11-13,B,0.1,2.0,1,2020-11-13 10:05:00+00:00,2020-11-13 10:05:00+00:00,2020-11-13 10:05:00+00:00,11921.75,11918.25,11928.75,11918.0,stop,13,3.5,113.62,-84.5,16.12,13.0,-113.62,-1.2485714285714287,True,0.35011689355840514,10,47369.21999999996,"B (partida 0,10 / 2R)"
MNQ,london,2020-11-17,B,0.1,2.0,1,2020-11-17 09:40:00+00:00,2020-11-17 09:40:00+00:00,2020-11-17 09:40:00+00:00,12054.0,12045.75,12070.5,12045.5,stop,6,8.25,109.44,-96.0,7.4399999999999995,6.0,-109.44,-1.1054545454545455,False,0.2549320492206743,9,47255.599999999955,"B (partida 0,10 / 2R)"
MNQ,london,2020-11-18,B,0.1,2.0,1,2020-11-18 09:55:00+00:00,2020-11-18 09:55:00+00:00,2020-11-18 10:10:00+00:00,11996.25,11990.0,12008.75,12008.75,objetivo,8,6.25,113.92,204.0,9.92,4.0,190.08,1.9008,False,0.20041254120303204,9,47146.15999999995,"B (partida 0,10 / 2R)"
MNQ,london,2020-11-30,B,0.1,2.0,1,2020-11-30 09:25:00+00:00,2020-11-30 09:25:00+00:00,2020-11-30 09:30:00+00:00,12252.75,12245.5,12267.25,12245.25,stop,7,7.25,113.68,-98.0,8.68,7.0,-113.68,-1.12,False,0.3641073651700924,9,47336.239999999954,"B (partida 0,10 / 2R)"
MNQ,london,2020-12-03,B,0.1,2.0,1,2020-12-03 10:15:00+00:00,2020-12-03 10:15:00+00:00,2020-12-03 10:15:00+00:00,12479.0,12474.5,12488.0,12474.25,stop,10,4.5,107.4,-85.0,12.4,10.0,-107.4,-1.1933333333333334,False,0.14527348568953002,10,47222.559999999954,"B (partida 0,10 / 2R)"
MNQ,london,2020-12-14,B,0.1,2.0,-1,2020-12-14 08:45:00+00:00,2020-12-14 08:45:00+00:00,2020-12-14 08:45:00+00:00,12403.0,12407.25,12394.5,12407.5,stop,11,4.25,112.64,-88.0,13.64,11.0,-112.64,-1.2047058823529413,False,-0.6736893614644079,8,47115.15999999995,"B (partida 0,10 / 2R)"
MNQ,london,2020-12-14,B,0.1,2.0,-1,2020-12-14 08:55:00+00:00,2020-12-14 08:55:00+00:00,2020-12-14 08:55:00+00:00,12405.0,12411.5,12392.0,12411.75,stop,7,6.5,103.18,-87.5,8.68,7.0,-103.18,-1.133846153846154,False,-0.49920898769559646,8,47002.51999999995,"B (partida 0,10 / 2R)"
MNQ,london,2020-12-15,B,0.1,2.0,1,2020-12-15 09:30:00+00:00,2020-12-15 09:30:00+00:00,2020-12-15 10:05:00+00:00,12512.5,12509.0,12519.5,12508.75,stop,13,3.5,113.62,-84.5,16.12,13.0,-113.62,-1.2485714285714287,False,0.6293847814220713,9,46899.33999999995,"B (partida 0,10 / 2R)"
MNQ,london,2020-12-24,B,0.1,2.0,1,2020-12-24 09:50:00+00:00,2020-12-24 09:50:00+00:00,2020-12-24 10:00:00+00:00,12671.5,12666.75,12681.0,12666.5,stop,10,4.75,112.4,-90.0,12.4,10.0,-112.4,-1.1831578947368422,False,0.16323666185043645,9,46785.71999999995,"B (partida 0,10 / 2R)"
MNQ,london,2021-01-12,B,0.1,2.0,1,2021-01-12 09:40:00+00:00,2021-01-12 09:40:00+00:00,2021-01-12 09:45:00+00:00,12945.0,12939.5,12956.0,12956.0,objetivo,9,5.5,114.66,202.5,11.16,4.5,186.84,1.8872727272727272,False,0.3707242780339542,9,46673.31999999995,"B (partida 0,10 / 2R)"
MNQ,london,2021-01-20,B,0.1,2.0,1,2021-01-20 10:00:00+00:00,2021-01-20 10:00:00+00:00,2021-01-20 10:35:00+00:00,13080.25,13075.0,13090.75,13090.75,objetivo,9,5.25,110.16,193.5,11.16,4.5,177.84,1.881904761904762,False,0.11746501979961504,9,46860.159999999945,"B (partida 0,10 / 2R)"
MNQ,london,2021-01-26,B,0.1,2.0,1,2021-01-26 09:30:00+00:00,2021-01-26 09:30:00+00:00,2021-01-26 09:30:00+00:00,13448.5,13443.5,13458.5,13443.25,stop,10,5.0,117.4,-95.0,12.4,10.0,-117.4,-1.1740000000000002,False,0.7888519473821692,9,47037.99999999994,"B (partida 0,10 / 2R)"
MNQ,london,2021-01-28,B,0.1,2.0,-1,2021-01-28 09:20:00+00:00,2021-01-28 09:20:00+00:00,2021-01-28 09:40:00+00:00,12936.0,12959.0,12890.0,12959.25,stop,2,23.0,95.48,-91.0,2.48,2.0,-95.48,-1.0378260869565217,False,-0.7851500326405143,9,46920.59999999994,"B (partida 0,10 / 2R)"
MNQ,london,2021-01-29,B,0.1,2.0,-1,2021-01-29 10:25:00+00:00,2021-01-29 10:25:00+00:00,2021-01-29 10:25:00+00:00,12971.5,12977.75,12959.0,12978.0,stop,8,6.25,113.92,-96.0,9.92,8.0,-113.92,-1.1392,False,-0.16462035628189195,10,46825.11999999994,"B (partida 0,10 / 2R)"
MNQ,london,2021-02-01,B,0.1,2.0,1,2021-02-01 09:30:00+00:00,2021-02-01 09:30:00+00:00,2021-02-01 09:35:00+00:00,13050.25,13045.0,13060.75,13044.75,stop,9,5.25,110.16,-90.0,11.16,9.0,-110.16,-1.1657142857142857,False,0.4393409856822327,9,46711.19999999994,"B (partida 0,10 / 2R)"
MNQ,london,2021-02-02,B,0.1,2.0,1,2021-02-02 09:35:00+00:00,2021-02-02 09:35:00+00:00,2021-02-02 09:35:00+00:00,13350.25,13344.5,13361.75,13361.75,objetivo,8,5.75,105.92,188.0,9.92,4.0,174.08,1.8921739130434785,False,0.2479609205852859,9,46601.039999999935,"B (partida 0,10 / 2R)"
MNQ,london,2021-02-11,B,0.1,2.0,1,2021-02-11 09:20:00+00:00,2021-02-11 09:20:00+00:00,2021-02-11 09:25:00+00:00,13694.25,13689.75,13703.25,13703.25,objetivo,10,4.5,107.4,185.0,12.4,5.0,167.6,1.8622222222222222,False,0.8924049763504,9,46775.11999999994,"B (partida 0,10 / 2R)"
MNQ,london,2021-02-19,B,0.1,2.0,1,2021-02-19 09:35:00+00:00,2021-02-19 09:35:00+00:00,2021-02-19 10:10:00+00:00,13671.75,13659.75,13695.75,13659.5,stop,4,12.0,102.96,-94.0,4.96,4.0,-102.96,-1.0725,False,0.5309185415131041,9,46942.719999999936,"B (partida 0,10 / 2R)"
MNQ,london,2021-03-01,B,0.1,2.0,1,2021-03-01 10:35:00+00:00,2021-03-01 10:35:00+00:00,2021-03-01 10:40:00+00:00,13120.25,13110.75,13139.25,13110.5,stop,5,9.5,103.69999999999999,-92.5,6.2,5.0,-103.7,-1.091578947368421,False,0.12990707055241604,10,46839.75999999994,"B (partida 0,10 / 2R)"
MNQ,london,2021-03-09,B,0.1,2.0,1,2021-03-09 09:40:00+00:00,2021-03-09 09:40:00+00:00,2021-03-09 09:50:00+00:00,12557.0,12548.25,12574.5,12574.5,objetivo,6,8.75,115.44,213.0,7.4399999999999995,3.0,202.56,1.9291428571428573,False,0.581059706566489,9,46736.05999999994,"B (partida 0,10 / 2R)"
MNQ,london,2021-03-11,B,0.1,2.0,1,2021-03-11 09:20:00+00:00,2021-03-11 09:20:00+00:00,2021-03-11 09:25:00+00:00,12993.5,12978.25,13024.0,12978.0,stop,3,15.25,96.71999999999998,-90.0,3.7199999999999998,3.0,-96.72,-1.0570491803278688,False,1.0517498636764866,9,46938.61999999994,"B (partida 0,10 / 2R)"
MNQ,london,2021-03-12,B,0.1,2.0,-1,2021-03-12 09:50:00+00:00,2021-03-12 09:50:00+00:00,2021-03-12 09:50:00+00:00,12827.75,12836.75,12809.75,12809.75,objetivo,5,9.0,98.69999999999999,182.5,6.2,2.5,173.8,1.9311111111111112,False,-0.22624249441701963,9,46841.899999999936,"B (partida 0,10 / 2R)"
MNQ,london,2021-03-15,B,0.1,2.0,1,2021-03-15 09:20:00+00:00,2021-03-15 09:20:00+00:00,2021-03-15 09:30:00+00:00,12973.0,12967.5,12984.0,12984.0,objetivo,9,5.5,114.66,202.5,11.16,4.5,186.84,1.8872727272727272,False,0.5502873687164298,9,47015.69999999994,"B (partida 0,10 / 2R)"
MNQ,london,2021-03-24,B,0.1,2.0,1,2021-03-24 09:45:00+00:00,2021-03-24 09:45:00+00:00,2021-03-24 09:45:00+00:00,13118.75,13113.25,13129.75,13129.75,objetivo,9,5.5,114.66,202.5,11.16,4.5,186.84,1.8872727272727272,False,0.2850358477595033,9,47202.539999999935,"B (partida 0,10 / 2R)"
MNQ,london,2021-03-26,B,0.1,2.0,-1,2021-03-26 09:45:00+00:00,2021-03-26 09:45:00+00:00,2021-03-26 09:45:00+00:00,12803.0,12808.25,12792.5,12808.5,stop,9,5.25,110.16,-90.0,11.16,9.0,-110.16,-1.1657142857142857,False,-0.2601636714245918,9,47389.37999999993,"B (partida 0,10 / 2R)"
MNQ,london,2021-04-08,B,0.1,2.0,-1,2021-04-08 09:35:00+01:00,2021-04-08 09:35:00+01:00,2021-04-08 09:35:00+01:00,13704.75,13710.25,13693.75,13693.75,objetivo,9,5.5,114.66,202.5,11.16,4.5,186.84,1.8872727272727272,False,-0.1157641422592174,9,47279.21999999993,"B (partida 0,10 / 2R)"
MNQ,london,2021-04-14,B,0.1,2.0,1,2021-04-14 09:35:00+01:00,2021-04-14 09:35:00+01:00,2021-04-14 11:00:00+01:00,13999.0,13990.5,14016.0,14003.0,cierre_sesion,6,8.5,112.44,54.0,7.4399999999999995,6.0,40.56,0.3976470588235294,False,0.49855654036958125,9,47466.059999999925,"B (partida 0,10 / 2R)"
MNQ,london,2021-04-15,B,0.1,2.0,1,2021-04-15 10:05:00+01:00,2021-04-15 10:05:00+01:00,2021-04-15 10:05:00+01:00,13887.75,13882.25,13898.75,13882.0,stop,9,5.5,114.66,-94.5,11.16,9.0,-114.66,-1.1581818181818182,False,0.10802938338291711,10,47506.61999999992,"B (partida 0,10 / 2R)"
MNQ,london,2021-04-15,B,0.1,2.0,1,2021-04-15 10:20:00+01:00,2021-04-15 10:20:00+01:00,2021-04-15 10:30:00+01:00,13880.75,13876.0,13890.25,13875.75,stop,10,4.75,112.4,-90.0,12.4,10.0,-112.4,-1.1831578947368422,False,0.11454395498211183,10,47391.95999999992,"B (partida 0,10 / 2R)"
MNQ,london,2021-04-21,B,0.1,2.0,1,2021-04-21 10:25:00+01:00,2021-04-21 10:25:00+01:00,2021-04-21 10:25:00+01:00,13775.25,13771.75,13782.25,13771.5,stop,13,3.5,113.62,-84.5,16.12,13.0,-113.62,-1.2485714285714287,False,0.18796366158472477,10,47279.55999999992,"B (partida 0,10 / 2R)"
MNQ,london,2021-04-23,B,0.1,2.0,1,2021-04-23 08:40:00+01:00,2021-04-23 08:40:00+01:00,2021-04-23 08:40:00+01:00,13759.75,13755.75,13767.75,13767.75,objetivo,12,4.0,116.88,198.0,14.879999999999999,6.0,177.12,1.845,False,0.7708134866072811,8,47165.939999999915,"B (partida 0,10 / 2R)"
MNQ,london,2021-04-23,B,0.1,2.0,1,2021-04-23 08:55:00+01:00,2021-04-23 08:55:00+01:00,2021-04-23 09:05:00+01:00,13783.0,13774.5,13800.0,13774.25,stop,6,8.5,112.44,-99.0,7.4399999999999995,6.0,-112.44,-1.1023529411764705,False,0.6192102086922927,8,47343.05999999992,"B (partida 0,10 / 2R)"
MNQ,london,2021-04-27,B,0.1,2.0,1,2021-04-27 09:05:00+01:00,2021-04-27 09:05:00+01:00,2021-04-27 09:10:00+01:00,14032.25,14023.75,14049.25,14023.5,stop,6,8.5,112.44,-99.0,7.4399999999999995,6.0,-112.44,-1.1023529411764705,False,0.10750665180926874,9,47230.619999999915,"B (partida 0,10 / 2R)"
MNQ,london,2021-04-27,B,0.1,2.0,-1,2021-04-27 09:20:00+01:00,2021-04-27 09:20:00+01:00,2021-04-27 09:40:00+01:00,14023.5,14029.0,14012.5,14029.25,stop,9,5.5,114.66,-94.5,11.16,9.0,-114.66,-1.1581818181818182,False,-0.2686417609851403,9,47118.17999999991,"B (partida 0,10 / 2R)"
MNQ,london,2021-04-29,B,0.1,2.0,1,2021-04-29 09:40:00+01:00,2021-04-29 09:40:00+01:00,2021-04-29 10:45:00+01:00,14027.0,14020.0,14041.0,14019.75,stop,7,7.0,110.18,-94.5,8.68,7.0,-110.18,-1.1242857142857143,False,0.5683510924511982,9,47003.51999999991,"B (partida 0,10 / 2R)"
MNQ,london,2021-05-13,B,0.1,2.0,-1,2021-05-13 09:25:00+01:00,2021-05-13 09:25:00+01:00,2021-05-13 09:25:00+01:00,12962.5,12966.75,12954.0,12954.0,objetivo,11,4.25,112.64,192.5,13.64,5.5,173.36,1.8541176470588236,False,-0.8439097680066248,9,46893.33999999991,"B (partida 0,10 / 2R)"
MNQ,london,2021-05-19,B,0.1,2.0,-1,2021-05-19 09:30:00+01:00,2021-05-19 09:30:00+01:00,2021-05-19 09:35:00+01:00,13049.75,13057.25,13034.75,13057.5,stop,7,7.5,117.17999999999999,-101.5,8.68,7.0,-117.18,-1.116,False,-0.4764423501363663,9,47066.69999999991,"B (partida 0,10 / 2R)"
MNQ,london,2021-05-20,B,0.1,2.0,-1,2021-05-20 09:45:00+01:00,2021-05-20 09:45:00+01:00,2021-05-20 09:45:00+01:00,13189.0,13193.0,13181.0,13193.25,stop,12,4.0,116.88,-90.0,14.879999999999999,12.0,-116.88,-1.2175,False,-0.3126713975378338,9,46949.51999999991,"B (partida 0,10 / 2R)"
MNQ,london,2021-05-27,B,0.1,2.0,-1,2021-05-27 10:05:00+01:00,2021-05-27 10:05:00+01:00,2021-05-27 10:15:00+01:00,13629.25,13638.25,13611.25,13638.5,stop,5,9.0,98.69999999999999,-87.5,6.2,5.0,-98.7,-1.0966666666666667,False,-0.22914910265891056,10,46832.63999999991,"B (partida 0,10 / 2R)"
MNQ,london,2021-05-28,B,0.1,2.0,1,2021-05-28 08:45:00+01:00,2021-05-28 08:45:00+01:00,2021-05-28 08:45:00+01:00,13685.75,13682.25,13692.75,13682.0,stop,13,3.5,113.62,-84.5,16.12,13.0,-113.62,-1.2485714285714287,False,0.7610487079533258,8,46733.939999999915,"B (partida 0,10 / 2R)"
MNQ,london,2021-05-28,B,0.1,2.0,1,2021-05-28 09:20:00+01:00,2021-05-28 09:20:00+01:00,2021-05-28 09:20:00+01:00,13696.5,13692.75,13704.0,13692.5,stop,12,3.75,110.88,-84.0,14.879999999999999,12.0,-110.88,-1.232,False,1.1537814342373707,9,46620.31999999991,"B (partida 0,10 / 2R)"
MNQ,london,2021-06-03,B,0.1,2.0,-1,2021-06-03 10:35:00+01:00,2021-06-03 10:35:00+01:00,2021-06-03 10:35:00+01:00,13633.5,13637.75,13625.0,13638.0,stop,11,4.25,112.64,-88.0,13.64,11.0,-112.64,-1.2047058823529413,False,-0.490400610222837,10,46509.439999999915,"B (partida 0,10 / 2R)"
MNQ,london,2021-06-07,B,0.1,2.0,-1,2021-06-07 10:25:00+01:00,2021-06-07 10:25:00+01:00,2021-06-07 11:00:00+01:00,13703.25,13714.5,13680.75,13707.25,cierre_sesion,4,11.25,96.96,-28.0,4.96,4.0,-36.96,-0.4106666666666667,False,-0.37412421975550636,10,46396.799999999916,"B (partida 0,10 / 2R)"
MNQ,london,2021-06-10,B,0.1,2.0,-1,2021-06-10 09:50:00+01:00,2021-06-10 09:50:00+01:00,2021-06-10 09:50:00+01:00,13778.0,13784.0,13766.0,13784.25,stop,8,6.0,109.92,-92.0,9.92,8.0,-109.92,-1.145,False,-0.4219933025965969,9,46359.83999999992,"B (partida 0,10 / 2R)"
MNQ,london,2021-06-14,B,0.1,2.0,1,2021-06-14 10:20:00+01:00,2021-06-14 10:20:00+01:00,2021-06-14 10:20:00+01:00,14030.75,14023.25,14045.75,14023.0,stop,6,7.5,100.44,-87.0,7.4399999999999995,6.0,-100.44,-1.1159999999999999,False,0.12253526389835939,10,46249.91999999992,"B (partida 0,10 / 2R)"
MNQ,london,2021-06-23,B,0.1,2.0,-1,2021-06-23 09:35:00+01:00,2021-06-23 09:35:00+01:00,2021-06-23 09:35:00+01:00,14264.25,14270.0,14252.75,14270.25,stop,8,5.75,105.92,-88.0,9.92,8.0,-105.92,-1.151304347826087,False,-0.1535914197117062,9,46149.479999999916,"B (partida 0,10 / 2R)"
MNQ,london,2021-06-24,B,0.1,2.0,1,2021-06-24 09:40:00+01:00,2021-06-24 09:40:00+01:00,2021-06-24 10:10:00+01:00,14345.0,14339.75,14355.5,14355.5,objetivo,9,5.25,110.16,193.5,11.16,4.5,177.84,1.881904761904762,False,1.199220232374749,9,46043.55999999992,"B (partida 0,10 / 2R)"
MNQ,london,2021-07-12,B,0.1,2.0,1,2021-07-12 09:30:00+01:00,2021-07-12 09:30:00+01:00,2021-07-12 09:40:00+01:00,14827.5,14821.0,14840.5,14820.75,stop,7,6.5,103.18,-87.5,8.68,7.0,-103.18,-1.133846153846154,False,0.20754088461100798,9,46221.399999999914,"B (partida 0,10 / 2R)"
MNQ,london,2021-07-16,B,0.1,2.0,1,2021-07-16 10:10:00+01:00,2021-07-16 10:10:00+01:00,2021-07-16 11:00:00+01:00,14806.5,14794.75,14830.0,14810.75,cierre_sesion,4,11.75,100.96,38.0,4.96,4.0,29.04,0.3089361702127659,False,0.11181125436975664,10,46118.219999999914,"B (partida 0,10 / 2R)"
MNQ,london,2021-07-21,B,0.1,2.0,1,2021-07-21 09:25:00+01:00,2021-07-21 09:25:00+01:00,2021-07-21 09:40:00+01:00,14761.25,14745.75,14792.25,14745.5,stop,3,15.5,98.22,-91.5,3.7199999999999998,3.0,-98.22,-1.0561290322580645,False,0.5307453192327681,9,46147.259999999915,"B (partida 0,10 / 2R)"
MNQ,london,2021-07-26,B,0.1,2.0,-1,2021-07-26 09:20:00+01:00,2021-07-26 09:20:00+01:00,2021-07-26 09:20:00+01:00,15043.5,15047.0,15036.5,15047.25,stop,13,3.5,113.62,-84.5,16.12,13.0,-113.62,-1.2485714285714287,False,-1.8024061960328228,9,46049.03999999991,"B (partida 0,10 / 2R)"
MNQ,london,2021-07-26,B,0.1,2.0,1,2021-07-26 10:40:00+01:00,2021-07-26 10:40:00+01:00,2021-07-26 10:40:00+01:00,15087.75,15083.0,15097.25,15082.75,stop,10,4.75,112.4,-90.0,12.4,10.0,-112.4,-1.1831578947368422,False,0.11924183764383225,10,45935.41999999991,"B (partida 0,10 / 2R)"
MNQ,london,2021-07-28,B,0.1,2.0,1,2021-07-28 09:30:00+01:00,2021-07-28 09:30:00+01:00,2021-07-28 09:55:00+01:00,14980.25,14972.75,14995.25,14995.25,objetivo,6,7.5,100.44,183.0,7.4399999999999995,3.0,172.56,1.9173333333333333,False,1.1452630271696287,9,45823.01999999991,"B (partida 0,10 / 2R)"
MNQ,london,2021-08-09,B,0.1,2.0,1,2021-08-09 09:35:00+01:00,2021-08-09 09:35:00+01:00,2021-08-09 09:40:00+01:00,15093.0,15088.25,15102.5,15102.5,objetivo,10,4.75,112.4,195.0,12.4,5.0,177.6,1.8694736842105262,False,0.5260700948715221,9,45995.57999999991,"B (partida 0,10 / 2R)"
MNQ,london,2021-08-11,B,0.1,2.0,-1,2021-08-11 09:45:00+01:00,2021-08-11 09:45:00+01:00,2021-08-11 10:15:00+01:00,15004.75,15010.25,14993.75,14993.75,objetivo,9,5.5,114.66,202.5,11.16,4.5,186.84,1.8872727272727272,False,-0.3949099707483884,9,46173.179999999906,"B (partida 0,10 / 2R)"
MNQ,london,2021-08-18,B,0.1,2.0,-1,2021-08-18 09:20:00+01:00,2021-08-18 09:20:00+01:00,2021-08-18 10:10:00+01:00,14982.25,14994.25,14958.25,14994.5,stop,4,12.0,102.96,-94.0,4.96,4.0,-102.96,-1.0725,False,-0.5334491314419413,9,46360.0199999999,"B (partida 0,10 / 2R)"
MNQ,london,2021-08-19,B,0.1,2.0,-1,2021-08-19 09:50:00+01:00,2021-08-19 09:50:00+01:00,2021-08-19 10:30:00+01:00,14719.25,14741.25,14675.25,14741.5,stop,2,22.0,91.48,-87.0,2.48,2.0,-91.48,-1.0395454545454546,False,-0.46368011384265595,9,46257.0599999999,"B (partida 0,10 / 2R)"
MNQ,london,2021-08-25,B,0.1,2.0,1,2021-08-25 09:50:00+01:00,2021-08-25 09:50:00+01:00,2021-08-25 10:00:00+01:00,15379.75,15375.75,15387.75,15375.5,stop,11,4.0,107.14,-82.5,13.64,11.0,-107.14,-1.2175,False,0.25506329556240837,9,46165.5799999999,"B (partida 0,10 / 2R)"
MNQ,london,2021-09-02,B,0.1,2.0,1,2021-09-02 09:35:00+01:00,2021-09-02 09:35:00+01:00,2021-09-02 10:15:00+01:00,15646.5,15640.25,15659.0,15640.0,stop,8,6.25,113.92,-96.0,9.92,8.0,-113.92,-1.1392,False,0.8718943787953227,9,46058.4399999999,"B (partida 0,10 / 2R)"
MNQ,london,2021-09-13,B,0.1,2.0,1,2021-09-13 09:50:00+01:00,2021-09-13 09:50:00+01:00,2021-09-13 11:00:00+01:00,15499.75,15495.5,15508.25,15503.5,cierre_sesion,11,4.25,112.64,93.5,13.64,11.0,68.86,0.7364705882352941,False,0.30579298116266385,9,45944.5199999999,"B (partida 0,10 / 2R)"
MNQ,london,2021-09-21,B,0.1,2.0,1,2021-09-21 09:15:00+01:00,2021-09-21 09:15:00+01:00,2021-09-21 09:20:00+01:00,15151.0,15141.0,15171.0,15140.75,stop,5,10.0,108.69999999999999,-97.5,6.2,5.0,-108.7,-1.087,False,1.1718129103538977,9,46013.3799999999,"B (partida 0,10 / 2R)"
MNQ,london,2021-09-23,B,0.1,2.0,1,2021-09-23 09:20:00+01:00,2021-09-23 09:20:00+01:00,2021-09-23 10:05:00+01:00,15266.25,15257.75,15283.25,15283.25,objetivo,6,8.5,112.44,207.0,7.4399999999999995,3.0,196.56,1.9270588235294117,False,0.932392509940105,9,45904.679999999906,"B (partida 0,10 / 2R)"
MNQ,london,2021-09-27,B,0.1,2.0,-1,2021-09-27 09:20:00+01:00,2021-09-27 09:20:00+01:00,2021-09-27 09:45:00+01:00,15333.0,15336.75,15325.5,15325.5,objetivo,12,3.75,110.88,186.0,14.879999999999999,6.0,165.12,1.8346666666666667,False,-1.0376081647307522,9,46101.2399999999,"B (partida 0,10 / 2R)"
MNQ,london,2021-09-30,B,0.1,2.0,-1,2021-09-30 09:40:00+01:00,2021-09-30 09:40:00+01:00,2021-09-30 09:45:00+01:00,14835.0,14843.5,14818.0,14843.75,stop,6,8.5,112.44,-99.0,7.4399999999999995,6.0,-112.44,-1.1023529411764705,False,-0.21904804657191942,9,46266.359999999906,"B (partida 0,10 / 2R)"
MNQ,london,2021-10-05,B,0.1,2.0,1,2021-10-05 09:55:00+01:00,2021-10-05 09:55:00+01:00,2021-10-05 11:00:00+01:00,14527.75,14516.5,14550.25,14541.75,cierre_sesion,4,11.25,96.96,116.0,4.96,4.0,107.04,1.1893333333333334,False,0.11996406926158917,9,46153.919999999904,"B (partida 0,10 / 2R)"
MNQ,london,2021-10-06,B,0.1,2.0,-1,2021-10-06 09:40:00+01:00,2021-10-06 09:40:00+01:00,2021-10-06 10:10:00+01:00,14482.0,14498.25,14449.5,14449.5,objetivo,3,16.25,102.72,196.5,3.7199999999999998,1.5,191.28,1.9618461538461538,False,-0.2604097477028067,9,46260.959999999905,"B (partida 0,10 / 2R)"
MNQ,london,2021-10-07,B,0.1,2.0,1,2021-10-07 09:35:00+01:00,2021-10-07 09:35:00+01:00,2021-10-07 10:20:00+01:00,14900.25,14888.25,14924.25,14888.0,stop,4,12.0,102.96,-94.0,4.96,4.0,-102.96,-1.0725,False,0.1940529519405152,9,46452.2399999999,"B (partida 0,10 / 2R)"
MNQ,london,2021-10-11,B,0.1,2.0,-1,2021-10-11 09:45:00+01:00,2021-10-11 09:45:00+01:00,2021-10-11 09:50:00+01:00,14734.75,14747.75,14708.75,14748.0,stop,4,13.0,110.96,-102.0,4.96,4.0,-110.96,-1.0669230769230769,False,-0.10302589973482258,9,46349.279999999904,"B (partida 0,10 / 2R)"
MNQ,london,2021-10-14,B,0.1,2.0,1,2021-10-14 09:20:00+01:00,2021-10-14 09:20:00+01:00,2021-10-14 09:20:00+01:00,14890.25,14885.5,14899.75,14885.25,stop,10,4.75,112.4,-90.0,12.4,10.0,-112.4,-1.1831578947368422,False,0.6651555298794148,9,46238.319999999905,"B (partida 0,10 / 2R)"
MNQ,london,2021-10-22,B,0.1,2.0,1,2021-10-22 09:45:00+01:00,2021-10-22 09:45:00+01:00,2021-10-22 09:50:00+01:00,15423.75,15419.25,15432.75,15432.75,objetivo,10,4.5,107.4,185.0,12.4,5.0,167.6,1.8622222222222222,False,0.11728959174959247,9,46125.919999999904,"B (partida 0,10 / 2R)"
MNQ,london,2021-10-26,B,0.1,2.0,1,2021-10-26 09:05:00+01:00,2021-10-26 09:05:00+01:00,2021-10-26 09:15:00+01:00,15603.75,15597.0,15617.25,15596.75,stop,7,6.75,106.68,-91.0,8.68,7.0,-106.68,-1.128888888888889,False,1.2159760063741134,9,46293.5199999999,"B (partida 0,10 / 2R)"
MNQ,london,2021-10-28,B,0.1,2.0,1,2021-10-28 09:20:00+01:00,2021-10-28 09:20:00+01:00,2021-10-28 09:40:00+01:00,15632.0,15623.75,15648.5,15648.5,objetivo,6,8.25,109.44,201.0,7.4399999999999995,3.0,190.56,1.9248484848484848,False,0.3816930249376836,9,46186.8399999999,"B (partida 0,10 / 2R)"
MNQ,london,2021-10-29,B,0.1,2.0,1,2021-10-29 09:00:00+01:00,2021-10-29 09:00:00+01:00,2021-10-29 09:00:00+01:00,15653.25,15647.0,15665.75,15646.75,stop,8,6.25,113.92,-96.0,9.92,8.0,-113.92,-1.1392,False,0.18106507597295649,8,46377.3999999999,"B (partida 0,10 / 2R)"
MNQ,london,2021-11-02,B,0.1,2.0,-1,2021-11-02 09:45:00+00:00,2021-11-02 09:45:00+00:00,2021-11-02 09:55:00+00:00,15856.5,15860.75,15848.0,15861.0,stop,11,4.25,112.64,-88.0,13.64,11.0,-112.64,-1.2047058823529413,False,-0.28405211112360973,9,46263.4799999999,"B (partida 0,10 / 2R)"
MNQ,london,2021-11-08,B,0.1,2.0,1,2021-11-08 09:40:00+00:00,2021-11-08 09:40:00+00:00,2021-11-08 09:45:00+00:00,16336.25,16328.0,16352.75,16327.75,stop,6,8.25,109.44,-96.0,7.4399999999999995,6.0,-109.44,-1.1054545454545455,False,0.25631110873801116,9,46150.8399999999,"B (partida 0,10 / 2R)"
MNQ,london,2021-11-09,B,0.1,2.0,1,2021-11-09 08:50:00+00:00,2021-11-09 08:50:00+00:00,2021-11-09 10:10:00+00:00,16338.25,16329.25,16356.25,16356.25,objetivo,5,9.0,98.69999999999999,182.5,6.2,2.5,173.8,1.9311111111111112,False,0.6918823055341515,8,46041.3999999999,"B (partida 0,10 / 2R)"
MNQ,london,2021-11-16,B,0.1,2.0,-1,2021-11-16 09:00:00+00:00,2021-11-16 09:00:00+00:00,2021-11-16 09:00:00+00:00,16170.0,16175.0,16160.0,16175.25,stop,9,5.0,105.66,-85.5,11.16,9.0,-105.66,-1.174,False,-1.288552079819402,8,46215.1999999999,"B (partida 0,10 / 2R)"
MNQ,london,2021-11-19,B,0.1,2.0,-1,2021-11-19 10:10:00+00:00,2021-11-19 10:10:00+00:00,2021-11-19 10:25:00+00:00,16526.25,16540.0,16498.75,16540.25,stop,3,13.75,87.72,-81.0,3.7199999999999998,3.0,-87.72,-1.0632727272727274,False,-0.6609888913183188,10,46109.5399999999,"B (partida 0,10 / 2R)"
MNQ,london,2021-11-24,B,0.1,2.0,-1,2021-11-24 09:55:00+00:00,2021-11-24 09:55:00+00:00,2021-11-24 10:10:00+00:00,16257.25,16281.25,16209.25,16281.5,stop,2,24.0,99.48,-95.0,2.48,2.0,-99.48,-1.0362500000000001,False,-0.4031125744405703,9,46021.8199999999,"B (partida 0,10 / 2R)"
MNQ,london,2021-11-26,B,0.1,2.0,-1,2021-11-26 09:55:00+00:00,2021-11-26 09:55:00+00:00,2021-11-26 10:00:00+00:00,16155.75,16168.5,16130.25,16168.75,stop,4,12.75,108.96,-100.0,4.96,4.0,-108.96,-1.068235294117647,False,-0.219732157045766,9,45922.339999999895,"B (partida 0,10 / 2R)"
MNQ,london,2021-11-30,B,0.1,2.0,-1,2021-11-30 08:40:00+00:00,2021-11-30 08:40:00+00:00,2021-11-30 08:50:00+00:00,16316.0,16335.0,16278.0,16335.25,stop,2,19.0,79.48,-75.0,2.48,2.0,-79.48,-1.0457894736842106,False,-0.30254645639830136,8,45813.379999999896,"B (partida 0,10 / 2R)"
MNQ,london,2021-11-30,B,0.1,2.0,-1,2021-11-30 09:10:00+00:00,2021-11-30 09:10:00+00:00,2021-11-30 09:15:00+00:00,16285.0,16304.25,16246.5,16304.5,stop,2,19.25,80.48,-76.0,2.48,2.0,-80.48,-1.0451948051948052,False,-0.18166554268919768,9,45733.89999999989,"B (partida 0,10 / 2R)"
MNQ,london,2021-12-03,B,0.1,2.0,-1,2021-12-03 10:00:00+00:00,2021-12-03 10:00:00+00:00,2021-12-03 10:00:00+00:00,15950.5,15957.75,15936.0,15958.0,stop,7,7.25,113.68,-98.0,8.68,7.0,-113.68,-1.12,False,-0.12448589190671078,9,45653.41999999989,"B (partida 0,10 / 2R)"
MNQ,london,2021-12-07,B,0.1,2.0,1,2021-12-07 09:25:00+00:00,2021-12-07 09:25:00+00:00,2021-12-07 09:30:00+00:00,16126.25,16117.25,16144.25,16117.0,stop,5,9.0,98.69999999999999,-87.5,6.2,5.0,-98.7,-1.0966666666666667,False,1.256099881175482,9,45539.73999999989,"B (partida 0,10 / 2R)"
MNQ,london,2021-12-09,B,0.1,2.0,-1,2021-12-09 09:20:00+00:00,2021-12-09 09:20:00+00:00,2021-12-09 09:20:00+00:00,16350.0,16357.5,16335.0,16357.75,stop,6,7.5,100.44,-87.0,7.4399999999999995,6.0,-100.44,-1.1159999999999999,False,-0.6463102641003683,9,45441.03999999989,"B (partida 0,10 / 2R)"
MNQ,london,2021-12-14,B,0.1,2.0,-1,2021-12-14 09:50:00+00:00,2021-12-14 09:50:00+00:00,2021-12-14 09:50:00+00:00,16032.75,16043.25,16011.75,16011.75,objetivo,4,10.5,90.96,170.0,4.96,2.0,163.04,1.9409523809523808,False,-2.2282328057811505,9,45340.59999999989,"B (partida 0,10 / 2R)"
MNQ,london,2021-12-14,B,0.1,2.0,-1,2021-12-14 10:15:00+00:00,2021-12-14 10:15:00+00:00,2021-12-14 10:30:00+00:00,15985.25,15992.75,15970.25,15993.0,stop,6,7.5,100.44,-87.0,7.4399999999999995,6.0,-100.44,-1.1159999999999999,False,-2.7920757362323965,10,45503.63999999989,"B (partida 0,10 / 2R)"
MNQ,london,2021-12-15,B,0.1,2.0,-1,2021-12-15 09:40:00+00:00,2021-12-15 09:40:00+00:00,2021-12-15 09:40:00+00:00,15890.25,15896.0,15878.75,15878.75,objetivo,8,5.75,105.92,188.0,9.92,4.0,174.08,1.8921739130434785,False,-2.209920924444812,9,45403.19999999989,"B (partida 0,10 / 2R)"
MNQ,london,2021-12-16,B,0.1,2.0,-1,2021-12-16 09:30:00+00:00,2021-12-16 09:30:00+00:00,2021-12-16 09:30:00+00:00,16371.25,16376.25,16361.25,16376.5,stop,9,5.0,105.66,-85.5,11.16,9.0,-105.66,-1.174,False,-0.19198564786118727,9,45577.27999999989,"B (partida 0,10 / 2R)"
MNQ,london,2021-12-21,B,0.1,2.0,-1,2021-12-21 10:00:00+00:00,2021-12-21 10:00:00+00:00,2021-12-21 10:10:00+00:00,15729.25,15741.0,15705.75,15741.25,stop,4,11.75,100.96,-92.0,4.96,4.0,-100.96,-1.0740425531914892,False,-0.2609575559001544,9,45471.619999999886,"B (partida 0,10 / 2R)"
MNQ,london,2021-12-30,B,0.1,2.0,1,2021-12-30 09:30:00+00:00,2021-12-30 09:30:00+00:00,2021-12-30 10:30:00+00:00,16526.75,16517.75,16544.75,16517.5,stop,5,9.0,98.69999999999999,-87.5,6.2,5.0,-98.7,-1.0966666666666667,False,0.656825648156631,9,45370.65999999989,"B (partida 0,10 / 2R)"
MNQ,london,2022-01-04,B,0.1,2.0,-1,2022-01-04 09:25:00+00:00,2022-01-04 09:25:00+00:00,2022-01-04 09:30:00+00:00,16504.5,16508.25,16497.0,16508.5,stop,12,3.75,110.88,-84.0,14.879999999999999,12.0,-110.88,-1.232,False,-0.36455914396536276,9,45271.95999999989,"B (partida 0,10 / 2R)"
MNQ,london,2022-01-05,B,0.1,2.0,1,2022-01-05 09:35:00+00:00,2022-01-05 09:35:00+00:00,2022-01-05 09:40:00+00:00,16231.75,16226.5,16242.25,16226.25,stop,9,5.25,110.16,-90.0,11.16,9.0,-110.16,-1.1657142857142857,False,0.3678709165905546,9,45161.07999999989,"B (partida 0,10 / 2R)"
MNQ,london,2022-01-11,B,0.1,2.0,1,2022-01-11 09:30:00+00:00,2022-01-11 09:30:00+00:00,2022-01-11 09:30:00+00:00,15685.0,15680.25,15694.5,15694.5,objetivo,10,4.75,112.4,195.0,12.4,5.0,177.6,1.8694736842105262,False,0.7979833705641879,9,45050.91999999989,"B (partida 0,10 / 2R)"
MNQ,london,2022-01-13,B,0.1,2.0,1,2022-01-13 10:20:00+00:00,2022-01-13 10:20:00+00:00,2022-01-13 10:30:00+00:00,15903.0,15894.0,15921.0,15921.0,objetivo,5,9.0,98.69999999999999,182.5,6.2,2.5,173.8,1.9311111111111112,False,0.10961459331428988,10,45228.51999999989,"B (partida 0,10 / 2R)"
MNQ,london,2022-01-18,B,0.1,2.0,-1,2022-01-18 09:45:00+00:00,2022-01-18 09:45:00+00:00,2022-01-18 09:45:00+00:00,15294.5,15298.0,15287.5,15298.25,stop,12,3.5,104.88,-78.0,14.879999999999999,12.0,-104.88,-1.2485714285714284,False,-0.8217996704725822,9,45402.31999999989,"B (partida 0,10 / 2R)"
MNQ,london,2022-01-19,B,0.1,2.0,1,2022-01-19 09:20:00+00:00,2022-01-19 09:20:00+00:00,2022-01-19 09:25:00+00:00,15206.5,15187.25,15245.0,15187.0,stop,2,19.25,80.48,-76.0,2.48,2.0,-80.48,-1.0451948051948052,False,1.4458359190043877,9,45297.43999999989,"B (partida 0,10 / 2R)"
MNQ,london,2022-01-26,B,0.1,2.0,1,2022-01-26 09:35:00+00:00,2022-01-26 09:35:00+00:00,2022-01-26 09:35:00+00:00,14390.0,14374.0,14422.0,14422.0,objetivo,3,16.0,101.22,193.5,3.7199999999999998,1.5,188.28,1.96125,False,1.0898304167924424,9,45216.95999999989,"B (partida 0,10 / 2R)"
MNQ,london,2022-01-27,B,0.1,2.0,1,2022-01-27 09:30:00+00:00,2022-01-27 09:30:00+00:00,2022-01-27 09:30:00+00:00,14177.25,14166.75,14198.25,14166.5,stop,4,10.5,90.96,-82.0,4.96,4.0,-90.96,-1.0828571428571427,False,0.6935300544330524,9,45405.23999999989,"B (partida 0,10 / 2R)"
MNQ,london,2022-01-28,B,0.1,2.0,-1,2022-01-28 10:20:00+00:00,2022-01-28 10:20:00+00:00,2022-01-28 10:20:00+00:00,14023.25,14049.25,13971.25,14049.5,stop,2,26.0,107.48,-103.0,2.48,2.0,-107.48,-1.0334615384615384,False,-0.11620417553120557,10,45314.27999999989,"B (partida 0,10 / 2R)"
MNQ,london,2022-02-02,B,0.1,2.0,1,2022-02-02 09:25:00+00:00,2022-02-02 09:25:00+00:00,2022-02-02 09:25:00+00:00,15201.5,15194.0,15216.5,15193.75,stop,6,7.5,100.44,-87.0,7.4399999999999995,6.0,-100.44,-1.1159999999999999,False,0.4886618344136824,9,45206.79999999989,"B (partida 0,10 / 2R)"
MNQ,london,2022-02-04,B,0.1,2.0,-1,2022-02-04 09:30:00+00:00,2022-02-04 09:30:00+00:00,2022-02-04 09:30:00+00:00,14701.75,14709.25,14686.75,14709.5,stop,6,7.5,100.44,-87.0,7.4399999999999995,6.0,-100.44,-1.1159999999999999,False,-0.49263236002359867,9,45106.359999999884,"B (partida 0,10 / 2R)"
MNQ,london,2022-02-07,B,0.1,2.0,-1,2022-02-07 10:00:00+00:00,2022-02-07 10:00:00+00:00,2022-02-07 10:00:00+00:00,14654.0,14662.5,14637.0,14662.75,stop,6,8.5,112.44,-99.0,7.4399999999999995,6.0,-112.44,-1.1023529411764705,False,-0.12194110007831253,9,45005.91999999988,"B (partida 0,10 / 2R)"
MNQ,london,2022-02-07,B,0.1,2.0,-1,2022-02-07 10:10:00+00:00,2022-02-07 10:10:00+00:00,2022-02-07 10:10:00+00:00,14656.25,14666.0,14636.75,14666.25,stop,5,9.75,106.19999999999999,-95.0,6.2,5.0,-106.2,-1.0892307692307692,False,-0.1222183185441334,10,44893.47999999988,"B (partida 0,10 / 2R)"
MNQ,london,2022-02-08,B,0.1,2.0,1,2022-02-08 09:00:00+00:00,2022-02-08 09:00:00+00:00,2022-02-08 09:15:00+00:00,14585.25,14576.25,14603.25,14603.25,objetivo,5,9.0,98.69999999999999,182.5,6.2,2.5,173.8,1.9311111111111112,False,0.3520742664423124,8,44787.27999999988,"B (partida 0,10 / 2R)"
MNQ,london,2022-02-09,B,0.1,2.0,1,2022-02-09 08:40:00+00:00,2022-02-09 08:40:00+00:00,2022-02-09 08:45:00+00:00,14810.75,14795.5,14841.25,14841.25,objetivo,3,15.25,96.71999999999998,184.5,3.7199999999999998,1.5,179.28,1.959344262295082,False,0.7839318898265342,8,44961.079999999885,"B (partida 0,10 / 2R)"
MNQ,london,2022-02-09,B,0.1,2.0,1,2022-02-09 09:10:00+00:00,2022-02-09 09:10:00+00:00,2022-02-09 10:00:00+00:00,14855.75,14839.5,14888.25,14839.25,stop,3,16.25,102.72,-96.0,3.7199999999999998,3.0,-102.72,-1.0535384615384615,False,1.5878601871128077,9,45140.359999999884,"B (partida 0,10 / 2R)"
MNQ,london,2022-02-14,B,0.1,2.0,-1,2022-02-14 09:30:00+00:00,2022-02-14 09:30:00+00:00,2022-02-14 10:00:00+00:00,14097.0,14120.75,14049.5,14049.5,objetivo,2,23.75,98.48,191.0,2.48,1.0,187.52,1.9738947368421054,False,-0.7306696686850968,9,45037.63999999988,"B (partida 0,10 / 2R)"
MNQ,london,2022-02-15,B,0.1,2.0,1,2022-02-15 09:25:00+00:00,2022-02-15 09:25:00+00:00,2022-02-15 09:25:00+00:00,14517.75,14509.75,14533.75,14509.5,stop,6,8.0,106.44,-93.0,7.4399999999999995,6.0,-106.44,-1.10875,False,0.7535427245203807,9,45225.15999999988,"B (partida 0,10 / 2R)"
MNQ,london,2022-02-22,B,0.1,2.0,1,2022-02-22 09:00:00+00:00,2022-02-22 09:00:00+00:00,2022-02-22 09:00:00+00:00,13732.0,13707.25,13781.5,13707.0,stop,2,24.75,102.48,-98.0,2.48,2.0,-102.48,-1.0351515151515152,False,0.5243798414905616,8,45118.71999999988,"B (partida 0,10 / 2R)"
MNQ,london,2022-02-23,B,0.1,2.0,1,2022-02-23 09:15:00+00:00,2022-02-23 09:15:00+00:00,2022-02-23 10:05:00+00:00,14045.75,14022.75,14091.75,14022.5,stop,2,23.0,95.48,-91.0,2.48,2.0,-95.48,-1.0378260869565217,False,0.6822366365621415,9,45016.239999999874,"B (partida 0,10 / 2R)"
MNQ,london,2022-03-01,B,0.1,2.0,-1,2022-03-01 08:50:00+00:00,2022-03-01 08:50:00+00:00,2022-03-01 10:00:00+00:00,14189.75,14232.5,14104.25,14104.25,objetivo,1,42.75,87.24,171.5,1.24,0.5,169.76,1.9854970760233916,False,-1.1978696974849743,8,44920.75999999987,"B (partida 0,10 / 2R)"
MNQ,london,2022-03-02,B,0.1,2.0,1,2022-03-02 09:45:00+00:00,2022-03-02 09:45:00+00:00,2022-03-02 09:45:00+00:00,14068.75,14061.25,14083.75,14083.75,objetivo,6,7.5,100.44,183.0,7.4399999999999995,3.0,172.56,1.9173333333333333,False,0.38825456200467134,9,45090.51999999987,"B (partida 0,10 / 2R)"
MNQ,london,2022-03-03,B,0.1,2.0,-1,2022-03-03 09:30:00+00:00,2022-03-03 09:30:00+00:00,2022-03-03 09:40:00+00:00,14188.0,14201.25,14161.5,14201.5,stop,4,13.25,112.96,-104.0,4.96,4.0,-112.96,-1.0656603773584905,False,-0.20923372381711927,9,45263.07999999987,"B (partida 0,10 / 2R)"
MNQ,london,2022-03-08,B,0.1,2.0,1,2022-03-08 09:35:00+00:00,2022-03-08 09:35:00+00:00,2022-03-08 09:45:00+00:00,13359.5,13333.0,13412.5,13332.75,stop,2,26.5,109.48,-105.0,2.48,2.0,-109.48,-1.0328301886792453,False,0.3476685029517233,9,45150.11999999987,"B (partida 0,10 / 2R)"
MNQ,london,2022-03-09,B,0.1,2.0,1,2022-03-09 09:15:00+00:00,2022-03-09 09:15:00+00:00,2022-03-09 09:15:00+00:00,13448.0,13441.0,13462.0,13462.0,objetivo,7,7.0,110.18,199.5,8.68,3.5,187.32,1.9114285714285713,False,0.6286787890029842,9,45040.63999999987,"B (partida 0,10 / 2R)"
MNQ,london,2022-03-10,B,0.1,2.0,-1,2022-03-10 10:15:00+00:00,2022-03-10 10:15:00+00:00,2022-03-10 10:25:00+00:00,13604.25,13627.25,13558.25,13627.5,stop,2,23.0,95.48,-91.0,2.48,2.0,-95.48,-1.0378260869565217,False,-0.18687426154699285,10,45227.95999999987,"B (partida 0,10 / 2R)"
MNQ,london,2022-03-15,B,0.1,2.0,1,2022-03-15 10:05:00+00:00,2022-03-15 10:05:00+00:00,2022-03-15 10:30:00+00:00,13020.25,13002.25,13056.25,13056.25,objetivo,2,18.0,75.48,145.0,2.48,1.0,141.52,1.9655555555555557,False,0.13067283084704587,10,45132.479999999865,"B (partida 0,10 / 2R)"
MNQ,london,2022-03-16,B,0.1,2.0,1,2022-03-16 09:30:00+00:00,2022-03-16 09:30:00+00:00,2022-03-16 09:45:00+00:00,13694.75,13681.5,13721.25,13681.25,stop,4,13.25,112.96,-104.0,4.96,4.0,-112.96,-1.0656603773584905,False,0.34278286390294344,9,45273.99999999986,"B (partida 0,10 / 2R)"
MNQ,london,2022-03-17,B,0.1,2.0,-1,2022-03-17 09:30:00+00:00,2022-03-17 09:30:00+00:00,2022-03-17 09:30:00+00:00,13928.0,13934.25,13915.5,13915.5,objetivo,7,6.25,99.68,178.5,8.68,3.5,166.32,1.9007999999999998,False,-0.655870374493124,9,45161.03999999986,"B (partida 0,10 / 2R)"
MNQ,london,2022-03-23,B,0.1,2.0,-1,2022-03-23 09:45:00+00:00,2022-03-23 09:45:00+00:00,2022-03-23 10:40:00+00:00,14592.5,14605.0,14567.5,14567.5,objetivo,4,12.5,106.96,202.0,4.96,2.0,195.04,1.9504,False,-0.566013489563423,9,45327.35999999986,"B (partida 0,10 / 2R)"
MNQ,london,2022-03-29,B,0.1,2.0,1,2022-03-29 10:15:00+01:00,2022-03-29 10:15:00+01:00,2022-03-29 10:20:00+01:00,15045.5,15032.0,15072.5,15072.5,objetivo,3,13.5,86.22,163.5,3.7199999999999998,1.5,158.28,1.954074074074074,False,0.380759375639971,10,45522.39999999986,"B (partida 0,10 / 2R)"
MNQ,london,2022-03-30,B,0.1,2.0,-1,2022-03-30 09:35:00+01:00,2022-03-30 09:35:00+01:00,2022-03-30 09:35:00+01:00,15167.25,15172.0,15157.75,15172.25,stop,10,4.75,112.4,-90.0,12.4,10.0,-112.4,-1.1831578947368422,False,-0.5010719383151971,9,45680.67999999986,"B (partida 0,10 / 2R)"
MNQ,london,2022-04-06,B,0.1,2.0,-1,2022-04-06 09:35:00+01:00,2022-04-06 09:35:00+01:00,2022-04-06 09:45:00+01:00,14721.75,14730.5,14704.25,14730.75,stop,5,8.75,96.19999999999999,-85.0,6.2,5.0,-96.2,-1.0994285714285714,False,-1.1045554055515905,9,45568.27999999986,"B (partida 0,10 / 2R)"
MNQ,london,2022-04-14,B,0.1,2.0,-1,2022-04-14 10:05:00+01:00,2022-04-14 10:05:00+01:00,2022-04-14 10:05:00+01:00,14231.0,14241.25,14210.5,14241.5,stop,5,10.25,111.19999999999999,-100.0,6.2,5.0,-111.2,-1.0848780487804879,False,-0.11481771642122596,10,45472.07999999986,"B (partida 0,10 / 2R)"
MNQ,london,2022-04-18,B,0.1,2.0,1,2022-04-18 09:35:00+01:00,2022-04-18 09:35:00+01:00,2022-04-18 09:50:00+01:00,13828.5,13824.25,13837.0,13824.0,stop,11,4.25,112.64,-88.0,13.64,11.0,-112.64,-1.2047058823529413,False,0.836152443952008,9,45360.87999999987,"B (partida 0,10 / 2R)"
MNQ,london,2022-04-18,B,0.1,2.0,-1,2022-04-18 10:40:00+01:00,2022-04-18 10:40:00+01:00,2022-04-18 10:40:00+01:00,13794.5,13798.75,13786.0,13799.0,stop,11,4.25,112.64,-88.0,13.64,11.0,-112.64,-1.2047058823529413,False,-0.2754308784026762,10,45248.23999999987,"B (partida 0,10 / 2R)"
MNQ,london,2022-04-20,B,0.1,2.0,1,2022-04-20 09:50:00+01:00,2022-04-20 09:50:00+01:00,2022-04-20 09:55:00+01:00,14126.75,14120.75,14138.75,14138.75,objetivo,8,6.0,109.92,196.0,9.92,4.0,182.08,1.8966666666666667,False,0.12764353430796718,9,45135.59999999987,"B (partida 0,10 / 2R)"
MNQ,london,2022-04-21,B,0.1,2.0,1,2022-04-21 08:55:00+01:00,2022-04-21 08:55:00+01:00,2022-04-21 08:55:00+01:00,14119.5,14106.25,14146.0,14146.0,objetivo,4,13.25,112.96,214.0,4.96,2.0,207.04,1.9532075471698112,False,0.5032098164427616,8,45317.67999999987,"B (partida 0,10 / 2R)"
MNQ,london,2022-04-21,B,0.1,2.0,1,2022-04-21 09:15:00+01:00,2022-04-21 09:15:00+01:00,2022-04-21 09:20:00+01:00,14164.75,14155.0,14184.25,14154.75,stop,5,9.75,106.19999999999999,-95.0,6.2,5.0,-106.2,-1.0892307692307692,False,1.2095323784687273,9,45524.71999999987,"B (partida 0,10 / 2R)"
MNQ,london,2022-04-28,B,0.1,2.0,1,2022-04-28 09:45:00+01:00,2022-04-28 09:45:00+01:00,2022-04-28 09:45:00+01:00,13308.5,13301.5,13322.5,13322.5,objetivo,7,7.0,110.18,199.5,8.68,3.5,187.32,1.9114285714285713,False,0.29364170519438226,9,45418.51999999987,"B (partida 0,10 / 2R)"
MNQ,london,2022-04-29,B,0.1,2.0,-1,2022-04-29 10:10:00+01:00,2022-04-29 10:10:00+01:00,2022-04-29 11:00:00+01:00,13331.5,13351.25,13292.0,13317.25,cierre_sesion,2,19.75,82.48,59.0,2.48,2.0,54.52,0.690126582278481,False,-0.12579924355543431,10,45605.83999999987,"B (partida 0,10 / 2R)"
MNQ,london,2022-05-02,B,0.1,2.0,-1,2022-05-02 09:25:00+01:00,2022-05-02 09:25:00+01:00,2022-05-02 09:55:00+01:00,12921.25,12943.5,12876.75,12876.75,objetivo,2,22.25,92.48,179.0,2.48,1.0,175.52,1.9721348314606744,False,-0.4123411578598696,9,45660.35999999987,"B (partida 0,10 / 2R)"
MNQ,london,2022-05-03,B,0.1,2.0,-1,2022-05-03 10:00:00+01:00,2022-05-03 10:00:00+01:00,2022-05-03 10:05:00+01:00,13073.0,13081.75,13055.5,13055.5,objetivo,5,8.75,96.19999999999999,177.5,6.2,2.5,168.8,1.9291428571428573,False,-0.12405274512615008,9,45835.87999999987,"B (partida 0,10 / 2R)"
MNQ,london,2022-05-04,B,0.1,2.0,-1,2022-05-04 10:20:00+01:00,2022-05-04 10:20:00+01:00,2022-05-04 10:20:00+01:00,13099.0,13107.5,13082.0,13107.75,stop,6,8.5,112.44,-99.0,7.4399999999999995,6.0,-112.44,-1.1023529411764705,False,-0.13463955434215072,10,46004.67999999987,"B (partida 0,10 / 2R)"
MNQ,london,2022-05-06,B,0.1,2.0,-1,2022-05-06 10:30:00+01:00,2022-05-06 10:30:00+01:00,2022-05-06 10:30:00+01:00,12769.0,12777.25,12752.5,12777.5,stop,6,8.25,109.44,-96.0,7.4399999999999995,6.0,-109.44,-1.1054545454545455,False,-0.1274739481928989,10,45892.23999999987,"B (partida 0,10 / 2R)"
MNQ,london,2022-05-10,B,0.1,2.0,1,2022-05-10 09:35:00+01:00,2022-05-10 09:35:00+01:00,2022-05-10 09:40:00+01:00,12407.25,12393.25,12435.25,12393.0,stop,3,14.0,89.22,-82.5,3.7199999999999998,3.0,-89.22,-1.062142857142857,False,0.12681306363088923,9,45782.799999999865,"B (partida 0,10 / 2R)"
MNQ,london,2022-05-12,B,0.1,2.0,-1,2022-05-12 09:50:00+01:00,2022-05-12 09:50:00+01:00,2022-05-12 10:15:00+01:00,11824.25,11855.5,11761.75,11855.75,stop,1,31.25,64.24000000000001,-62.0,1.24,1.0,-64.24,-1.0278399999999999,False,-0.24448953400317516,9,45693.57999999986,"B (partida 0,10 / 2R)"
MNQ,london,2022-05-13,B,0.1,2.0,1,2022-05-13 09:10:00+01:00,2022-05-13 09:10:00+01:00,2022-05-13 09:10:00+01:00,12163.0,12155.5,12178.0,12155.25,stop,6,7.5,100.44,-87.0,7.4399999999999995,6.0,-100.44,-1.1159999999999999,False,0.6391234683551242,9,45629.339999999866,"B (partida 0,10 / 2R)"
MNQ,london,2022-05-17,B,0.1,2.0,1,2022-05-17 09:35:00+01:00,2022-05-17 09:35:00+01:00,2022-05-17 09:35:00+01:00,12461.5,12454.5,12475.5,12475.5,objetivo,7,7.0,110.18,199.5,8.68,3.5,187.32,1.9114285714285713,False,2.0749139098605767,9,45528.89999999986,"B (partida 0,10 / 2R)"
MNQ,london,2022-05-17,B,0.1,2.0,1,2022-05-17 09:45:00+01:00,2022-05-17 09:45:00+01:00,2022-05-17 09:55:00+01:00,12512.25,12500.75,12535.25,12500.5,stop,4,11.5,98.96,-90.0,4.96,4.0,-98.96,-1.0756521739130434,False,2.041902427971952,9,45716.21999999986,"B (partida 0,10 / 2R)"
MNQ,london,2022-05-18,B,0.1,2.0,-1,2022-05-18 09:35:00+01:00,2022-05-18 09:35:00+01:00,2022-05-18 10:00:00+01:00,12464.75,12485.0,12424.25,12485.25,stop,2,20.25,84.48,-80.0,2.48,2.0,-84.48,-1.042962962962963,False,-0.20511553519776224,9,45617.259999999864,"B (partida 0,10 / 2R)"
MNQ,london,2022-05-19,B,0.1,2.0,-1,2022-05-19 09:40:00+01:00,2022-05-19 09:40:00+01:00,2022-05-19 09:40:00+01:00,11769.25,11773.0,11761.75,11761.75,objetivo,12,3.75,110.88,186.0,14.879999999999999,6.0,165.12,1.8346666666666667,False,-0.19593557863965588,9,45532.77999999986,"B (partida 0,10 / 2R)"
MNQ,london,2022-05-20,B,0.1,2.0,1,2022-05-20 09:00:00+01:00,2022-05-20 09:00:00+01:00,2022-05-20 09:05:00+01:00,12051.75,12047.25,12060.75,12047.0,stop,10,4.5,107.4,-85.0,12.4,10.0,-107.4,-1.1933333333333334,False,1.3201894042008437,8,45697.89999999986,"B (partida 0,10 / 2R)"
MNQ,london,2022-05-23,B,0.1,2.0,-1,2022-05-23 09:15:00+01:00,2022-05-23 09:15:00+01:00,2022-05-23 11:00:00+01:00,11912.0,11950.75,11834.5,11895.75,cierre_sesion,1,38.75,79.24,33.5,1.24,1.0,31.26,0.4033548387096774,False,-0.5246258353915073,9,45590.49999999986,"B (partida 0,10 / 2R)"
MNQ,london,2022-05-25,B,0.1,2.0,-1,2022-05-25 08:50:00+01:00,2022-05-25 08:50:00+01:00,2022-05-25 08:50:00+01:00,11824.75,11828.25,11817.75,11828.5,stop,13,3.5,113.62,-84.5,16.12,13.0,-113.62,-1.2485714285714287,False,-1.0116557223716323,8,45621.759999999864,"B (partida 0,10 / 2R)"
MNQ,london,2022-05-27,B,0.1,2.0,1,2022-05-27 09:15:00+01:00,2022-05-27 09:15:00+01:00,2022-05-27 09:25:00+01:00,12279.5,12259.25,12320.0,12320.0,objetivo,2,20.25,84.48,163.0,2.48,1.0,159.52,1.9693827160493829,False,0.12999062320123192,9,45508.13999999986,"B (partida 0,10 / 2R)"
MNQ,london,2022-05-31,B,0.1,2.0,-1,2022-05-31 10:40:00+01:00,2022-05-31 10:40:00+01:00,2022-05-31 11:00:00+01:00,12633.25,12656.25,12587.25,12641.5,cierre_sesion,2,23.0,95.48,-31.0,2.48,2.0,-35.48,-0.38565217391304346,False,-0.337643493449935,10,45667.65999999986,"B (partida 0,10 / 2R)"
MNQ,london,2022-06-03,B,0.1,2.0,-1,2022-06-03 10:10:00+01:00,2022-06-03 10:10:00+01:00,2022-06-03 10:15:00+01:00,12834.25,12840.25,12822.25,12822.25,objetivo,8,6.0,109.92,196.0,9.92,4.0,182.08,1.8966666666666667,False,-0.101628494664585,10,45632.179999999855,"B (partida 0,10 / 2R)"
MNQ,london,2022-06-06,B,0.1,2.0,1,2022-06-06 09:30:00+01:00,2022-06-06 09:30:00+01:00,2022-06-06 09:45:00+01:00,12740.0,12731.75,12756.5,12731.5,stop,6,8.25,109.44,-96.0,7.4399999999999995,6.0,-109.44,-1.1054545454545455,False,1.4364681874397895,9,45814.25999999986,"B (partida 0,10 / 2R)"
MNQ,london,2022-06-07,B,0.1,2.0,1,2022-06-07 09:20:00+01:00,2022-06-07 09:20:00+01:00,2022-06-07 09:35:00+01:00,12541.5,12532.0,12560.5,12560.5,objetivo,5,9.5,103.69999999999999,192.5,6.2,2.5,183.8,1.9347368421052633,False,0.33079398372579766,9,45704.819999999854,"B (partida 0,10 / 2R)"
MNQ,london,2022-06-09,B,0.1,2.0,1,2022-06-09 09:45:00+01:00,2022-06-09 09:45:00+01:00,2022-06-09 09:45:00+01:00,12630.25,12624.75,12641.25,12641.25,objetivo,9,5.5,114.66,202.5,11.16,4.5,186.84,1.8872727272727272,False,0.28102082765183994,9,45888.61999999986,"B (partida 0,10 / 2R)"
MNQ,london,2022-06-13,B,0.1,2.0,-1,2022-06-13 09:45:00+01:00,2022-06-13 09:45:00+01:00,2022-06-13 10:20:00+01:00,11499.5,11516.75,11465.0,11517.0,stop,3,17.25,108.72,-102.0,3.7199999999999998,3.0,-108.72,-1.0504347826086957,False,-1.3382690365907413,9,46075.45999999985,"B (partida 0,10 / 2R)"
MNQ,london,2022-06-14,B,0.1,2.0,-1,2022-06-14 09:50:00+01:00,2022-06-14 09:50:00+01:00,2022-06-14 11:00:00+01:00,11403.0,11426.75,11355.5,11384.0,cierre_sesion,2,23.75,98.48,78.0,2.48,2.0,73.52,0.7738947368421052,False,-0.1699387851599012,9,45966.73999999985,"B (partida 0,10 / 2R)"
MNQ,london,2022-06-16,B,0.1,2.0,-1,2022-06-16 09:55:00+01:00,2022-06-16 09:55:00+01:00,2022-06-16 11:00:00+01:00,11284.5,11314.25,11225.0,11290.25,cierre_sesion,1,29.75,61.24,-10.5,1.24,1.0,-12.74,-0.21411764705882352,False,-0.3957319780993626,9,46040.25999999985,"B (partida 0,10 / 2R)"
MNQ,london,2022-06-17,B,0.1,2.0,1,2022-06-17 09:35:00+01:00,2022-06-17 09:35:00+01:00,2022-06-17 09:45:00+01:00,11254.75,11238.5,11287.25,11238.25,stop,3,16.25,102.72,-96.0,3.7199999999999998,3.0,-102.72,-1.0535384615384615,False,0.4109694461682692,9,46027.51999999985,"B (partida 0,10 / 2R)"
MNQ,london,2022-06-21,B,0.1,2.0,1,2022-06-21 09:30:00+01:00,2022-06-21 09:30:00+01:00,2022-06-21 09:35:00+01:00,11531.5,11525.75,11543.0,11525.5,stop,8,5.75,105.92,-88.0,9.92,8.0,-105.92,-1.151304347826087,False,0.8173095010531783,9,45924.79999999985,"B (partida 0,10 / 2R)"
MNQ,london,2022-06-28,B,0.1,2.0,1,2022-06-28 10:15:00+01:00,2022-06-28 10:15:00+01:00,2022-06-28 10:15:00+01:00,12126.0,12115.0,12148.0,12114.75,stop,4,11.0,94.96,-86.0,4.96,4.0,-94.96,-1.079090909090909,False,0.14990480948830115,10,45818.87999999985,"B (partida 0,10 / 2R)"
MNQ,london,2022-06-30,B,0.1,2.0,-1,2022-06-30 10:20:00+01:00,2022-06-30 10:20:00+01:00,2022-06-30 10:30:00+01:00,11463.75,11474.75,11441.75,11475.0,stop,4,11.0,94.96,-86.0,4.96,4.0,-94.96,-1.079090909090909,False,-0.36239081564106024,10,45723.91999999985,"B (partida 0,10 / 2R)"
MNQ,london,2022-07-01,B,0.1,2.0,1,2022-07-01 08:55:00+01:00,2022-07-01 08:55:00+01:00,2022-07-01 08:55:00+01:00,11458.0,11447.0,11480.0,11446.75,stop,4,11.0,94.96,-86.0,4.96,4.0,-94.96,-1.079090909090909,False,0.8562326514114227,8,45628.95999999985,"B (partida 0,10 / 2R)"
MNQ,london,2022-07-04,B,0.1,2.0,-1,2022-07-04 08:55:00+01:00,2022-07-04 08:55:00+01:00,2022-07-04 09:00:00+01:00,11517.5,11522.25,11508.0,11522.5,stop,10,4.75,112.4,-90.0,12.4,10.0,-112.4,-1.1831578947368422,False,-0.6129878200714068,8,45533.999999999854,"B (partida 0,10 / 2R)"
MNQ,london,2022-07-04,B,0.1,2.0,1,2022-07-04 10:40:00+01:00,2022-07-04 10:40:00+01:00,2022-07-04 11:00:00+01:00,11569.5,11556.75,11595.0,11569.25,cierre_sesion,4,12.75,108.96,2.0,4.96,4.0,-6.96,-0.06823529411764706,False,0.33850220563734246,10,45421.59999999985,"B (partida 0,10 / 2R)"
MNQ,london,2022-07-05,B,0.1,2.0,-1,2022-07-05 09:40:00+01:00,2022-07-05 09:40:00+01:00,2022-07-05 09:45:00+01:00,11556.75,11568.75,11532.75,11532.75,objetivo,4,12.0,102.96,194.0,4.96,2.0,187.04,1.9483333333333333,False,-1.7288095840225306,9,45414.639999999854,"B (partida 0,10 / 2R)"
MNQ,london,2022-07-07,B,0.1,2.0,1,2022-07-07 08:50:00+01:00,2022-07-07 08:50:00+01:00,2022-07-07 08:50:00+01:00,11922.75,11915.5,11937.25,11915.25,stop,7,7.25,113.68,-98.0,8.68,7.0,-113.68,-1.12,False,0.6088210788674571,8,45601.679999999855,"B (partida 0,10 / 2R)"
MNQ,london,2022-07-07,B,0.1,2.0,1,2022-07-07 09:00:00+01:00,2022-07-07 09:00:00+01:00,2022-07-07 09:05:00+01:00,11925.0,11913.75,11947.5,11947.5,objetivo,4,11.25,96.96,182.0,4.96,2.0,175.04,1.944888888888889,False,0.5722136219728804,8,45487.999999999854,"B (partida 0,10 / 2R)"
MNQ,london,2022-07-11,B,0.1,2.0,1,2022-07-11 09:20:00+01:00,2022-07-11 09:20:00+01:00,2022-07-11 09:30:00+01:00,12070.5,12059.0,12093.5,12058.75,stop,4,11.5,98.96,-90.0,4.96,4.0,-98.96,-1.0756521739130434,False,0.2893876518886248,9,45663.039999999855,"B (partida 0,10 / 2R)"
MNQ,london,2022-07-13,B,0.1,2.0,1,2022-07-13 09:50:00+01:00,2022-07-13 09:50:00+01:00,2022-07-13 10:50:00+01:00,11822.75,11811.25,11845.75,11811.0,stop,4,11.5,98.96,-90.0,4.96,4.0,-98.96,-1.0756521739130434,False,0.11983692766449963,9,45564.079999999856,"B (partida 0,10 / 2R)"
MNQ,london,2022-07-14,B,0.1,2.0,-1,2022-07-14 09:30:00+01:00,2022-07-14 09:30:00+01:00,2022-07-14 09:30:00+01:00,11662.75,11669.5,11649.25,11649.25,objetivo,7,6.75,106.68,192.5,8.68,3.5,180.32,1.9081481481481481,False,-0.309812022515636,9,45465.11999999986,"B (partida 0,10 / 2R)"
MNQ,london,2022-07-18,B,0.1,2.0,1,2022-07-18 09:30:00+01:00,2022-07-18 09:30:00+01:00,2022-07-18 10:05:00+01:00,12171.0,12156.0,12201.0,12155.75,stop,3,15.0,95.22,-88.5,3.7199999999999998,3.0,-95.22,-1.058,False,0.3182509828922821,9,45645.43999999986,"B (partida 0,10 / 2R)"
MNQ,london,2022-07-21,B,0.1,2.0,-1,2022-07-21 09:25:00+01:00,2022-07-21 09:25:00+01:00,2022-07-21 09:55:00+01:00,12409.0,12431.75,12363.5,12432.0,stop,2,22.75,94.48,-90.0,2.48,2.0,-94.48,-1.0382417582417582,False,-0.2685251863592487,9,45550.219999999856,"B (partida 0,10 / 2R)"
MNQ,london,2022-07-28,B,0.1,2.0,-1,2022-07-28 09:30:00+01:00,2022-07-28 09:30:00+01:00,2022-07-28 09:40:00+01:00,12518.75,12526.25,12503.75,12503.75,objetivo,6,7.5,100.44,183.0,7.4399999999999995,3.0,172.56,1.9173333333333333,False,-0.9254639791871919,9,45455.73999999985,"B (partida 0,10 / 2R)"
MNQ,london,2022-08-02,B,0.1,2.0,-1,2022-08-02 10:05:00+01:00,2022-08-02 10:05:00+01:00,2022-08-02 10:15:00+01:00,12863.5,12867.0,12856.5,12867.25,stop,13,3.5,113.62,-84.5,16.12,13.0,-113.62,-1.2485714285714287,False,-0.22075479803432738,10,45628.29999999985,"B (partida 0,10 / 2R)"
MNQ,london,2022-08-05,B,0.1,2.0,-1,2022-08-05 09:40:00+01:00,2022-08-05 09:40:00+01:00,2022-08-05 10:45:00+01:00,13326.25,13335.5,13307.75,13307.75,objetivo,5,9.25,101.19999999999999,187.5,6.2,2.5,178.8,1.932972972972973,False,-0.39006547037656975,9,45514.67999999985,"B (partida 0,10 / 2R)"
MNQ,london,2022-08-10,B,0.1,2.0,1,2022-08-10 08:50:00+01:00,2022-08-10 08:50:00+01:00,2022-08-10 09:25:00+01:00,13029.75,13015.0,13059.25,13059.25,objetivo,3,14.75,93.72,178.5,3.7199999999999998,1.5,173.28,1.9579661016949153,False,0.9665108685569738,8,45693.47999999985,"B (partida 0,10 / 2R)"
MNQ,london,2022-08-12,B,0.1,2.0,1,2022-08-12 09:15:00+01:00,2022-08-12 09:15:00+01:00,2022-08-12 11:00:00+01:00,13389.0,13376.5,13414.0,13394.25,cierre_sesion,4,12.5,106.96,46.0,4.96,4.0,37.04,0.3704,False,1.0443240866540522,9,45866.75999999985,"B (partida 0,10 / 2R)"
MNQ,london,2022-08-17,B,0.1,2.0,-1,2022-08-17 09:40:00+01:00,2022-08-17 09:40:00+01:00,2022-08-17 09:40:00+01:00,13588.5,13592.25,13581.0,13592.5,stop,12,3.75,110.88,-84.0,14.879999999999999,12.0,-110.88,-1.232,False,-0.3985945924619527,9,45903.79999999985,"B (partida 0,10 / 2R)"
MNQ,london,2022-08-19,B,0.1,2.0,-1,2022-08-19 09:50:00+01:00,2022-08-19 09:50:00+01:00,2022-08-19 09:55:00+01:00,13389.25,13394.75,13378.25,13395.0,stop,8,5.5,101.92,-84.0,9.92,8.0,-101.92,-1.1581818181818182,False,-1.5756191751579929,9,45792.91999999985,"B (partida 0,10 / 2R)"
MNQ,london,2022-08-22,B,0.1,2.0,-1,2022-08-22 09:30:00+01:00,2022-08-22 09:30:00+01:00,2022-08-22 09:30:00+01:00,13080.0,13086.25,13067.5,13067.5,objetivo,8,6.25,113.92,204.0,9.92,4.0,190.08,1.9008,False,-1.2846441921118432,9,45690.999999999854,"B (partida 0,10 / 2R)"
MNQ,london,2022-08-23,B,0.1,2.0,1,2022-08-23 09:20:00+01:00,2022-08-23 09:20:00+01:00,2022-08-23 09:20:00+01:00,12963.0,12955.25,12978.5,12955.0,stop,6,7.75,103.44,-90.0,7.4399999999999995,6.0,-103.44,-1.112258064516129,False,0.8475138023718835,9,45881.079999999856,"B (partida 0,10 / 2R)"
MNQ,london,2022-08-31,B,0.1,2.0,-1,2022-08-31 09:25:00+01:00,2022-08-31 09:25:00+01:00,2022-08-31 09:45:00+01:00,12381.75,12406.75,12331.75,12407.0,stop,2,25.0,103.48,-99.0,2.48,2.0,-103.48,-1.0348,False,-0.4576798674056538,9,45777.639999999854,"B (partida 0,10 / 2R)"
MNQ,london,2022-09-07,B,0.1,2.0,1,2022-09-07 09:25:00+01:00,2022-09-07 09:25:00+01:00,2022-09-07 09:30:00+01:00,12045.75,12040.75,12055.75,12040.5,stop,9,5.0,105.66,-85.5,11.16,9.0,-105.66,-1.174,False,1.215937079057972,9,45674.15999999985,"B (partida 0,10 / 2R)"
MNQ,london,2022-09-09,B,0.1,2.0,1,2022-09-09 09:55:00+01:00,2022-09-09 09:55:00+01:00,2022-09-09 10:00:00+01:00,12449.0,12442.0,12463.0,12441.75,stop,7,7.0,110.18,-94.5,8.68,7.0,-110.18,-1.1242857142857143,False,0.233101423495826,9,45568.49999999985,"B (partida 0,10 / 2R)"
MNQ,london,2022-09-13,B,0.1,2.0,1,2022-09-13 09:05:00+01:00,2022-09-13 09:05:00+01:00,2022-09-13 09:05:00+01:00,12800.25,12796.5,12807.75,12796.25,stop,12,3.75,110.88,-84.0,14.879999999999999,12.0,-110.88,-1.232,False,0.5732813089542312,9,45458.31999999985,"B (partida 0,10 / 2R)"
MNQ,london,2022-09-14,B,0.1,2.0,1,2022-09-14 09:20:00+01:00,2022-09-14 09:20:00+01:00,2022-09-14 09:25:00+01:00,12106.5,12100.25,12119.0,12100.0,stop,7,6.25,99.68,-84.0,8.68,7.0,-99.68,-1.1392,False,0.39640792349689935,9,45347.43999999985,"B (partida 0,10 / 2R)"
MNQ,london,2022-09-22,B,0.1,2.0,1,2022-09-22 09:30:00+01:00,2022-09-22 09:30:00+01:00,2022-09-22 09:30:00+01:00,11742.75,11738.0,11752.25,11752.25,objetivo,10,4.75,112.4,195.0,12.4,5.0,177.6,1.8694736842105262,False,1.7493203278380856,9,45247.75999999985,"B (partida 0,10 / 2R)"
MNQ,london,2022-09-23,B,0.1,2.0,-1,2022-09-23 09:50:00+01:00,2022-09-23 09:50:00+01:00,2022-09-23 10:30:00+01:00,11481.25,11495.75,11452.25,11452.25,objetivo,3,14.5,92.22,175.5,3.7199999999999998,1.5,170.28,1.957241379310345,False,-0.2782187369015433,9,45425.35999999985,"B (partida 0,10 / 2R)"
MNQ,london,2022-09-28,B,0.1,2.0,-1,2022-09-28 09:40:00+01:00,2022-09-28 09:40:00+01:00,2022-09-28 09:45:00+01:00,11183.25,11203.0,11143.75,11203.25,stop,2,19.75,82.48,-78.0,2.48,2.0,-82.48,-1.0440506329113926,False,-0.13854906768848765,9,45595.63999999985,"B (partida 0,10 / 2R)"
MNQ,london,2022-10-04,B,0.1,2.0,1,2022-10-04 09:40:00+01:00,2022-10-04 09:40:00+01:00,2022-10-04 09:40:00+01:00,11491.0,11482.75,11507.5,11482.5,stop,6,8.25,109.44,-96.0,7.4399999999999995,6.0,-109.44,-1.1054545454545455,False,0.1990496592993991,9,45513.15999999984,"B (partida 0,10 / 2R)"
MNQ,london,2022-10-06,B,0.1,2.0,-1,2022-10-06 09:35:00+01:00,2022-10-06 09:35:00+01:00,2022-10-06 09:35:00+01:00,11593.5,11597.75,11585.0,11598.0,stop,11,4.25,112.64,-88.0,13.64,11.0,-112.64,-1.2047058823529413,False,-0.5026235502714402,9,45403.71999999984,"B (partida 0,10 / 2R)"
MNQ,london,2022-10-11,B,0.1,2.0,-1,2022-10-11 10:20:00+01:00,2022-10-11 10:20:00+01:00,2022-10-11 10:30:00+01:00,10899.75,10905.5,10888.25,10888.25,objetivo,8,5.75,105.92,188.0,9.92,4.0,174.08,1.8921739130434785,False,-0.16141695814053106,10,45291.07999999984,"B (partida 0,10 / 2R)"
MNQ,london,2022-10-14,B,0.1,2.0,-1,2022-10-14 09:35:00+01:00,2022-10-14 09:35:00+01:00,2022-10-14 09:45:00+01:00,11045.5,11053.75,11029.0,11029.0,objetivo,6,8.25,109.44,201.0,7.4399999999999995,3.0,190.56,1.9248484848484848,False,-0.7354764196269965,9,45465.15999999984,"B (partida 0,10 / 2R)"
MNQ,london,2022-10-18,B,0.1,2.0,-1,2022-10-18 10:10:00+01:00,2022-10-18 10:10:00+01:00,2022-10-18 10:15:00+01:00,11240.5,11261.75,11198.0,11262.0,stop,2,21.25,88.48,-84.0,2.48,2.0,-88.48,-1.0409411764705883,False,-0.6084175237205739,10,45655.71999999984,"B (partida 0,10 / 2R)"
MNQ,london,2022-10-19,B,0.1,2.0,-1,2022-10-19 09:40:00+01:00,2022-10-19 09:40:00+01:00,2022-10-19 09:40:00+01:00,11187.5,11205.0,11152.5,11205.25,stop,3,17.5,110.22,-103.5,3.7199999999999998,3.0,-110.22,-1.0497142857142856,False,-0.660034953209722,9,45567.23999999984,"B (partida 0,10 / 2R)"
MNQ,london,2022-10-24,B,0.1,2.0,-1,2022-10-24 09:25:00+01:00,2022-10-24 09:25:00+01:00,2022-10-24 09:50:00+01:00,11275.0,11293.0,11239.0,11293.25,stop,3,18.0,113.22,-106.5,3.7199999999999998,3.0,-113.22,-1.0483333333333333,False,-0.6136440602935337,9,45457.01999999984,"B (partida 0,10 / 2R)"
MNQ,london,2022-10-26,B,0.1,2.0,1,2022-10-26 09:30:00+01:00,2022-10-26 09:30:00+01:00,2022-10-26 09:35:00+01:00,11546.75,11536.5,11567.25,11567.25,objetivo,5,10.25,111.19999999999999,207.5,6.2,2.5,198.8,1.9395121951219514,False,0.7338670665803081,9,45343.799999999836,"B (partida 0,10 / 2R)"
MNQ,london,2022-11-01,B,0.1,2.0,1,2022-11-01 10:10:00+00:00,2022-11-01 10:10:00+00:00,2022-11-01 11:00:00+00:00,11570.75,11558.25,11595.75,11583.0,cierre_sesion,4,12.5,106.96,102.0,4.96,4.0,93.04,0.9304000000000001,False,0.21834361416964465,10,45542.59999999984,"B (partida 0,10 / 2R)"
MNQ,london,2022-11-03,B,0.1,2.0,-1,2022-11-03 09:20:00+00:00,2022-11-03 09:20:00+00:00,2022-11-03 09:20:00+00:00,10909.5,10924.0,10880.5,10924.25,stop,3,14.5,92.22,-85.5,3.7199999999999998,3.0,-92.22,-1.06,False,-0.2976828315745714,9,45635.63999999984,"B (partida 0,10 / 2R)"
MNQ,london,2022-11-07,B,0.1,2.0,1,2022-11-07 09:25:00+00:00,2022-11-07 09:25:00+00:00,2022-11-07 09:25:00+00:00,10928.75,10918.75,10948.75,10918.5,stop,5,10.0,108.69999999999999,-97.5,6.2,5.0,-108.7,-1.087,False,0.921832208819472,9,45543.41999999984,"B (partida 0,10 / 2R)"
MNQ,london,2022-11-11,B,0.1,2.0,1,2022-11-11 08:50:00+00:00,2022-11-11 08:50:00+00:00,2022-11-11 09:15:00+00:00,11755.75,11734.25,11798.75,11734.0,stop,2,21.5,89.48,-85.0,2.48,2.0,-89.48,-1.04046511627907,False,0.4438523403052438,8,45434.71999999984,"B (partida 0,10 / 2R)"
MNQ,london,2022-11-15,B,0.1,2.0,1,2022-11-15 09:15:00+00:00,2022-11-15 09:15:00+00:00,2022-11-15 09:15:00+00:00,11853.5,11845.25,11870.0,11845.0,stop,6,8.25,109.44,-96.0,7.4399999999999995,6.0,-109.44,-1.1054545454545455,False,0.47016716277514237,9,45345.23999999984,"B (partida 0,10 / 2R)"
MNQ,london,2022-11-16,B,0.1,2.0,1,2022-11-16 10:30:00+00:00,2022-11-16 10:30:00+00:00,2022-11-16 10:30:00+00:00,11940.5,11936.75,11948.0,11936.5,stop,12,3.75,110.88,-84.0,14.879999999999999,12.0,-110.88,-1.232,True,0.16476339624153025,10,45235.799999999836,"B (partida 0,10 / 2R)"
MNQ,london,2022-11-23,B,0.1,2.0,1,2022-11-23 09:35:00+00:00,2022-11-23 09:35:00+00:00,2022-11-23 09:40:00+00:00,11761.25,11754.75,11774.25,11774.25,objetivo,7,6.5,103.18,185.5,8.68,3.5,173.32,1.9046153846153846,False,0.13784846775529205,9,45124.91999999984,"B (partida 0,10 / 2R)"
MNQ,london,2022-11-25,B,0.1,2.0,-1,2022-11-25 09:15:00+00:00,2022-11-25 09:15:00+00:00,2022-11-25 09:40:00+00:00,11880.25,11887.5,11865.75,11887.75,stop,6,7.25,97.44000000000001,-84.0,7.4399999999999995,6.0,-97.44,-1.1199999999999999,True,-0.7401346316598805,9,45298.23999999984,"B (partida 0,10 / 2R)"
MNQ,london,2022-11-30,B,0.1,2.0,1,2022-11-30 09:25:00+00:00,2022-11-30 09:25:00+00:00,2022-11-30 09:30:00+00:00,11576.25,11571.25,11586.25,11586.25,objetivo,9,5.0,105.66,184.5,11.16,4.5,168.84,1.8760000000000001,False,0.5998033178044189,9,45200.799999999836,"B (partida 0,10 / 2R)"
MNQ,london,2022-12-02,B,0.1,2.0,1,2022-12-02 09:00:00+00:00,2022-12-02 09:00:00+00:00,2022-12-02 09:05:00+00:00,12047.25,12034.5,12072.75,12034.25,stop,4,12.75,108.96,-100.0,4.96,4.0,-108.96,-1.068235294117647,False,0.5010631991845591,8,45369.63999999983,"B (partida 0,10 / 2R)"
MNQ,london,2022-12-06,B,0.1,2.0,1,2022-12-06 09:20:00+00:00,2022-12-06 09:20:00+00:00,2022-12-06 09:55:00+00:00,11832.5,11818.5,11860.5,11818.25,stop,3,14.0,89.22,-82.5,3.7199999999999998,3.0,-89.22,-1.062142857142857,False,0.46979801410553784,9,45260.67999999983,"B (partida 0,10 / 2R)"
MNQ,london,2022-12-06,B,0.1,2.0,-1,2022-12-06 10:30:00+00:00,2022-12-06 10:30:00+00:00,2022-12-06 10:45:00+00:00,11794.0,11811.0,11760.0,11811.25,stop,3,17.0,107.22,-100.5,3.7199999999999998,3.0,-107.22,-1.0511764705882354,False,-0.13222614658497214,10,45171.45999999983,"B (partida 0,10 / 2R)"
MNQ,london,2022-12-13,B,0.1,2.0,1,2022-12-13 09:35:00+00:00,2022-12-13 09:35:00+00:00,2022-12-13 09:40:00+00:00,11756.25,11741.25,11786.25,11741.0,stop,3,15.0,95.22,-88.5,3.7199999999999998,3.0,-95.22,-1.058,False,0.39334468831121544,9,45064.23999999983,"B (partida 0,10 / 2R)"
MNQ,london,2022-12-13,B,0.1,2.0,1,2022-12-13 09:50:00+00:00,2022-12-13 09:50:00+00:00,2022-12-13 10:00:00+00:00,11737.0,11733.0,11745.0,11732.75,stop,11,4.0,107.14,-82.5,13.64,11.0,-107.14,-1.2175,False,0.7613569420208588,9,44969.01999999983,"B (partida 0,10 / 2R)"
MNQ,london,2022-12-14,B,0.1,2.0,-1,2022-12-14 09:40:00+00:00,2022-12-14 09:40:00+00:00,2022-12-14 09:55:00+00:00,11821.25,11835.25,11793.25,11835.5,stop,3,14.0,89.22,-82.5,3.7199999999999998,3.0,-89.22,-1.062142857142857,False,-0.5167341044686409,9,44861.87999999983,"B (partida 0,10 / 2R)"
MNQ,london,2022-12-16,B,0.1,2.0,-1,2022-12-16 09:45:00+00:00,2022-12-16 09:45:00+00:00,2022-12-16 09:45:00+00:00,11215.0,11231.0,11183.0,11231.25,stop,3,16.0,101.22,-94.5,3.7199999999999998,3.0,-101.22,-1.054375,False,-0.41952570583190124,9,44772.65999999983,"B (partida 0,10 / 2R)"
MNQ,london,2022-12-20,B,0.1,2.0,1,2022-12-20 09:15:00+00:00,2022-12-20 09:15:00+00:00,2022-12-20 09:15:00+00:00,11159.75,11147.75,11183.75,11147.5,stop,4,12.0,102.96,-94.0,4.96,4.0,-102.96,-1.0725,False,1.4236741465148919,9,44671.43999999983,"B (partida 0,10 / 2R)"
MNQ,london,2022-12-23,B,0.1,2.0,-1,2022-12-23 09:40:00+00:00,2022-12-23 09:40:00+00:00,2022-12-23 09:45:00+00:00,11032.75,11040.5,11017.25,11040.75,stop,6,7.75,103.44,-90.0,7.4399999999999995,6.0,-103.44,-1.112258064516129,False,-0.18367337691798397,9,44568.47999999983,"B (partida 0,10 / 2R)"
MNQ,london,2023-01-03,B,0.1,2.0,1,2023-01-03 09:35:00+00:00,2023-01-03 09:35:00+00:00,2023-01-03 10:10:00+00:00,11155.25,11145.5,11174.75,11145.25,stop,5,9.75,106.19999999999999,-95.0,6.2,5.0,-106.2,-1.0892307692307692,False,0.7424991164393114,9,44465.039999999826,"B (partida 0,10 / 2R)"
MNQ,london,2023-01-06,B,0.1,2.0,-1,2023-01-06 09:35:00+00:00,2023-01-06 09:35:00+00:00,2023-01-06 09:40:00+00:00,10786.25,10791.0,10776.75,10791.25,stop,9,4.75,101.16,-81.0,11.16,9.0,-101.16,-1.183157894736842,False,-0.9850088276047753,9,44358.83999999983,"B (partida 0,10 / 2R)"
MNQ,london,2023-01-11,B,0.1,2.0,1,2023-01-11 09:25:00+00:00,2023-01-11 09:25:00+00:00,2023-01-11 09:25:00+00:00,11312.0,11306.0,11324.0,11305.75,stop,8,6.0,109.92,-92.0,9.92,8.0,-109.92,-1.145,False,1.454474547959863,9,44257.679999999826,"B (partida 0,10 / 2R)"
MNQ,london,2023-01-12,B,0.1,2.0,-1,2023-01-12 10:30:00+00:00,2023-01-12 10:30:00+00:00,2023-01-12 10:45:00+00:00,11461.5,11465.0,11454.5,11465.25,stop,12,3.5,104.88,-78.0,14.879999999999999,12.0,-104.88,-1.2485714285714284,False,-0.17789012400889523,10,44147.75999999983,"B (partida 0,10 / 2R)"
MNQ,london,2023-01-13,B,0.1,2.0,1,2023-01-13 09:15:00+00:00,2023-01-13 09:15:00+00:00,2023-01-13 09:15:00+00:00,11527.25,11521.0,11539.75,11520.75,stop,7,6.25,99.68,-84.0,8.68,7.0,-99.68,-1.1392,False,0.2125117227743408,9,44042.87999999983,"B (partida 0,10 / 2R)"
MNQ,london,2023-01-16,B,0.1,2.0,-1,2023-01-16 09:40:00+00:00,2023-01-16 09:40:00+00:00,2023-01-16 09:40:00+00:00,11526.0,11532.75,11512.5,11512.5,objetivo,7,6.75,106.68,192.5,8.68,3.5,180.32,1.9081481481481481,False,-0.6172749996803282,9,43943.19999999983,"B (partida 0,10 / 2R)"
MNQ,london,2023-01-20,B,0.1,2.0,-1,2023-01-20 09:45:00+00:00,2023-01-20 09:45:00+00:00,2023-01-20 10:00:00+00:00,11389.75,11396.25,11376.75,11376.75,objetivo,7,6.5,103.18,185.5,8.68,3.5,173.32,1.9046153846153846,False,-0.16271278875564033,9,44123.51999999983,"B (partida 0,10 / 2R)"
MNQ,london,2023-01-24,B,0.1,2.0,-1,2023-01-24 09:35:00+00:00,2023-01-24 09:35:00+00:00,2023-01-24 10:15:00+00:00,11907.5,11914.75,11893.0,11893.0,objetivo,6,7.25,97.44000000000001,177.0,7.4399999999999995,3.0,166.56,1.9144827586206896,False,-0.15671003986208956,9,44296.83999999983,"B (partida 0,10 / 2R)"
MNQ,london,2023-02-09,B,0.1,2.0,1,2023-02-09 09:45:00+00:00,2023-02-09 09:45:00+00:00,2023-02-09 09:55:00+00:00,12680.0,12671.5,12697.0,12697.0,objetivo,5,8.5,93.69999999999999,172.5,6.2,2.5,163.8,1.927058823529412,False,0.3321079025988425,9,44463.39999999983,"B (partida 0,10 / 2R)"
MNQ,london,2023-02-13,B,0.1,2.0,1,2023-02-13 09:30:00+00:00,2023-02-13 09:30:00+00:00,2023-02-13 09:30:00+00:00,12373.25,12369.75,12380.25,12369.5,stop,12,3.5,104.88,-78.0,14.879999999999999,12.0,-104.88,-1.2485714285714284,True,1.2891558674985542,9,44627.19999999983,"B (partida 0,10 / 2R)"
MNQ,london,2023-02-20,B,0.1,2.0,-1,2023-02-20 09:40:00+00:00,2023-02-20 09:40:00+00:00,2023-02-20 09:50:00+00:00,12358.25,12361.75,12351.25,12362.0,stop,12,3.5,104.88,-78.0,14.879999999999999,12.0,-104.88,-1.2485714285714284,False,-0.3672611244365839,9,44522.31999999983,"B (partida 0,10 / 2R)"
MNQ,london,2023-02-20,B,0.1,2.0,1,2023-02-20 10:40:00+00:00,2023-02-20 10:40:00+00:00,2023-02-20 10:45:00+00:00,12383.25,12378.75,12392.25,12378.5,stop,10,4.5,107.4,-85.0,12.4,10.0,-107.4,-1.1933333333333334,False,0.10144594504725521,10,44417.439999999835,"B (partida 0,10 / 2R)"
MNQ,london,2023-02-23,B,0.1,2.0,-1,2023-02-23 09:40:00+00:00,2023-02-23 09:40:00+00:00,2023-02-23 10:15:00+00:00,12181.25,12187.25,12169.25,12187.5,stop,8,6.0,109.92,-92.0,9.92,8.0,-109.92,-1.145,False,-0.6458851154354507,9,44310.03999999983,"B (partida 0,10 / 2R)"
MNQ,london,2023-02-27,B,0.1,2.0,1,2023-02-27 10:10:00+00:00,2023-02-27 10:10:00+00:00,2023-02-27 10:10:00+00:00,12067.25,12062.75,12076.25,12076.25,objetivo,10,4.5,107.4,185.0,12.4,5.0,167.6,1.8622222222222222,False,0.10766855937135245,10,44200.119999999835,"B (partida 0,10 / 2R)"
MNQ,london,2023-03-07,B,0.1,2.0,1,2023-03-07 09:25:00+00:00,2023-03-07 09:25:00+00:00,2023-03-07 09:25:00+00:00,12371.5,12365.75,12383.0,12365.5,stop,8,5.75,105.92,-88.0,9.92,8.0,-105.92,-1.151304347826087,False,0.7458825065110548,9,44367.719999999834,"B (partida 0,10 / 2R)"
MNQ,london,2023-03-09,B,0.1,2.0,-1,2023-03-09 09:40:00+00:00,2023-03-09 09:40:00+00:00,2023-03-09 09:40:00+00:00,12163.0,12167.5,12154.0,12167.75,stop,10,4.5,107.4,-85.0,12.4,10.0,-107.4,-1.1933333333333334,False,-0.541518180684594,9,44261.799999999836,"B (partida 0,10 / 2R)"
MNQ,london,2023-03-10,B,0.1,2.0,1,2023-03-10 08:50:00+00:00,2023-03-10 08:50:00+00:00,2023-03-10 08:50:00+00:00,11985.75,11971.25,12014.75,11971.0,stop,3,14.5,92.22,-85.5,3.7199999999999998,3.0,-92.22,-1.06,False,0.20418262079527874,8,44154.399999999834,"B (partida 0,10 / 2R)"
MNQ,london,2023-03-13,B,0.1,2.0,-1,2023-03-13 09:30:00+00:00,2023-03-13 09:30:00+00:00,2023-03-13 09:30:00+00:00,11883.5,11895.0,11860.5,11860.5,objetivo,4,11.5,98.96,186.0,4.96,2.0,179.04,1.9460869565217391,False,-1.3367958021984336,9,44062.17999999983,"B (partida 0,10 / 2R)"
MNQ,london,2023-03-15,B,0.1,2.0,-1,2023-03-15 09:10:00+00:00,2023-03-15 09:10:00+00:00,2023-03-15 09:20:00+00:00,12189.0,12201.25,12164.5,12164.5,objetivo,4,12.25,104.96,198.0,4.96,2.0,191.04,1.9493877551020407,False,-0.2733511763489174,9,44241.219999999834,"B (partida 0,10 / 2R)"
MNQ,london,2023-03-21,B,0.1,2.0,1,2023-03-21 10:35:00+00:00,2023-03-21 10:35:00+00:00,2023-03-21 10:45:00+00:00,12739.75,12731.25,12756.75,12731.0,stop,5,8.5,93.69999999999999,-82.5,6.2,5.0,-93.7,-1.1023529411764705,False,0.2977071225223258,10,44432.259999999835,"B (partida 0,10 / 2R)"
MNQ,london,2023-03-24,B,0.1,2.0,-1,2023-03-24 09:35:00+00:00,2023-03-24 09:35:00+00:00,2023-03-24 09:45:00+00:00,12830.0,12849.5,12791.0,12791.0,objetivo,2,19.5,81.48,157.0,2.48,1.0,153.52,1.9682051282051283,False,-0.1396635064838735,9,44338.55999999984,"B (partida 0,10 / 2R)"
MNQ,london,2023-03-28,B,0.1,2.0,-1,2023-03-28 09:15:00+01:00,2023-03-28 09:15:00+01:00,2023-03-28 09:20:00+01:00,12759.0,12765.0,12747.0,12765.25,stop,8,6.0,109.92,-92.0,9.92,8.0,-109.92,-1.145,False,-1.5132545966659345,9,44492.079999999834,"B (partida 0,10 / 2R)"
MNQ,london,2023-03-31,B,0.1,2.0,-1,2023-03-31 09:45:00+01:00,2023-03-31 09:45:00+01:00,2023-03-31 10:00:00+01:00,13081.0,13086.25,13070.5,13086.5,stop,9,5.25,110.16,-90.0,11.16,9.0,-110.16,-1.1657142857142857,False,-0.3076474147539264,9,44382.159999999836,"B (partida 0,10 / 2R)"
MNQ,london,2023-04-05,B,0.1,2.0,-1,2023-04-05 09:15:00+01:00,2023-04-05 09:15:00+01:00,2023-04-05 09:20:00+01:00,13192.25,13198.25,13180.25,13198.5,stop,8,6.0,109.92,-92.0,9.92,8.0,-109.92,-1.145,False,-0.9148496789984606,9,44271.99999999983,"B (partida 0,10 / 2R)"
MNQ,london,2023-04-11,B,0.1,2.0,1,2023-04-11 09:15:00+01:00,2023-04-11 09:15:00+01:00,2023-04-11 09:40:00+01:00,13181.75,13175.25,13194.75,13175.0,stop,7,6.5,103.18,-87.5,8.68,7.0,-103.18,-1.133846153846154,False,0.33751405778645216,9,44162.079999999834,"B (partida 0,10 / 2R)"
MNQ,london,2023-04-20,B,0.1,2.0,-1,2023-04-20 09:35:00+01:00,2023-04-20 09:35:00+01:00,2023-04-20 09:40:00+01:00,13052.0,13059.0,13038.0,13038.0,objetivo,6,7.0,94.44,171.0,7.4399999999999995,3.0,160.56,1.9114285714285715,False,-0.7588472473171922,9,44058.899999999834,"B (partida 0,10 / 2R)"
MNQ,london,2023-04-28,B,0.1,2.0,-1,2023-04-28 09:55:00+01:00,2023-04-28 09:55:00+01:00,2023-04-28 10:05:00+01:00,13188.25,13192.5,13179.75,13179.75,objetivo,10,4.25,102.4,175.0,12.4,5.0,157.6,1.8541176470588234,False,-0.2389803666007915,9,44219.45999999983,"B (partida 0,10 / 2R)"
MNQ,london,2023-05-09,B,0.1,2.0,-1,2023-05-09 09:30:00+01:00,2023-05-09 09:30:00+01:00,2023-05-09 11:00:00+01:00,13301.25,13311.75,13280.25,13300.0,cierre_sesion,4,10.5,90.96,14.0,4.96,4.0,5.04,0.06,False,-0.5333253365281663,9,44377.05999999983,"B (partida 0,10 / 2R)"
MNQ,london,2023-05-11,B,0.1,2.0,1,2023-05-11 09:30:00+01:00,2023-05-11 09:30:00+01:00,2023-05-11 09:30:00+01:00,13452.75,13449.25,13459.75,13449.0,stop,12,3.5,104.88,-78.0,14.879999999999999,12.0,-104.88,-1.2485714285714284,False,0.37780681217173573,9,44382.09999999983,"B (partida 0,10 / 2R)"
MNQ,london,2023-05-16,B,0.1,2.0,1,2023-05-16 09:15:00+01:00,2023-05-16 09:15:00+01:00,2023-05-16 09:20:00+01:00,13480.75,13477.0,13488.25,13476.75,stop,11,3.75,101.64,-77.0,13.64,11.0,-101.64,-1.232,False,0.8937799721530899,9,44277.219999999834,"B (partida 0,10 / 2R)"
MNQ,london,2023-05-25,B,0.1,2.0,1,2023-05-25 09:30:00+01:00,2023-05-25 09:30:00+01:00,2023-05-25 10:00:00+01:00,13874.25,13865.25,13892.25,13892.25,objetivo,5,9.0,98.69999999999999,182.5,6.2,2.5,173.8,1.9311111111111112,False,0.35403224060627303,9,44175.579999999834,"B (partida 0,10 / 2R)"
MNQ,london,2023-05-30,B,0.1,2.0,1,2023-05-30 09:45:00+01:00,2023-05-30 09:45:00+01:00,2023-05-30 09:45:00+01:00,14481.5,14474.0,14496.5,14473.75,stop,6,7.5,100.44,-87.0,7.4399999999999995,6.0,-100.44,-1.1159999999999999,False,1.7293188602843206,9,44349.37999999984,"B (partida 0,10 / 2R)"
MNQ,london,2023-06-08,B,0.1,2.0,1,2023-06-08 09:10:00+01:00,2023-06-08 09:10:00+01:00,2023-06-08 10:40:00+01:00,14307.5,14289.75,14343.0,14343.0,objetivo,2,17.75,74.48,143.0,2.48,1.0,139.52,1.9650704225352114,False,0.5602632622426077,9,44248.939999999835,"B (partida 0,10 / 2R)"
MNQ,london,2023-06-12,B,0.1,2.0,1,2023-06-12 09:30:00+01:00,2023-06-12 09:30:00+01:00,2023-06-12 10:45:00+01:00,14636.0,14624.75,14658.5,14624.5,stop,4,11.25,96.96,-88.0,4.96,4.0,-96.96,-1.0773333333333333,False,0.771643224537423,9,44388.45999999983,"B (partida 0,10 / 2R)"
MNQ,london,2023-06-14,B,0.1,2.0,1,2023-06-14 09:35:00+01:00,2023-06-14 09:35:00+01:00,2023-06-14 09:35:00+01:00,14957.75,14953.75,14965.75,14965.75,objetivo,11,4.0,107.14,181.5,13.64,5.5,162.36,1.8450000000000002,False,0.3513922885973499,9,44291.49999999983,"B (partida 0,10 / 2R)"
MNQ,london,2023-06-15,B,0.1,2.0,-1,2023-06-15 09:50:00+01:00,2023-06-15 09:50:00+01:00,2023-06-15 09:50:00+01:00,14946.0,14950.75,14936.5,14951.0,stop,9,4.75,101.16,-81.0,11.16,9.0,-101.16,-1.183157894736842,False,-0.6909822345197091,9,44453.85999999983,"B (partida 0,10 / 2R)"
MNQ,london,2023-06-20,B,0.1,2.0,-1,2023-06-20 09:50:00+01:00,2023-06-20 09:50:00+01:00,2023-06-20 10:50:00+01:00,15182.25,15190.5,15165.75,15190.75,stop,6,8.25,109.44,-96.0,7.4399999999999995,6.0,-109.44,-1.1054545454545455,False,-1.283411835983738,9,44352.69999999983,"B (partida 0,10 / 2R)"
MNQ,london,2023-06-26,B,0.1,2.0,-1,2023-06-26 09:50:00+01:00,2023-06-26 09:50:00+01:00,2023-06-26 10:05:00+01:00,15004.25,15020.5,14971.75,15020.75,stop,3,16.25,102.72,-96.0,3.7199999999999998,3.0,-102.72,-1.0535384615384615,False,-0.309291494492756,9,44243.25999999983,"B (partida 0,10 / 2R)"
MNQ,london,2023-06-30,B,0.1,2.0,1,2023-06-30 09:20:00+01:00,2023-06-30 09:20:00+01:00,2023-06-30 09:20:00+01:00,15151.5,15147.5,15159.5,15147.25,stop,11,4.0,107.14,-82.5,13.64,11.0,-107.14,-1.2175,False,0.9426981418188151,9,44140.539999999826,"B (partida 0,10 / 2R)"
MNQ,london,2023-07-05,B,0.1,2.0,-1,2023-07-05 10:15:00+01:00,2023-07-05 10:15:00+01:00,2023-07-05 10:20:00+01:00,15290.25,15295.5,15279.75,15279.75,objetivo,8,5.25,97.92,172.0,9.92,4.0,158.08,1.881904761904762,False,-0.14850555556108674,10,44033.39999999983,"B (partida 0,10 / 2R)"
MNQ,london,2023-07-11,B,0.1,2.0,-1,2023-07-11 09:20:00+01:00,2023-07-11 09:20:00+01:00,2023-07-11 09:40:00+01:00,15195.0,15202.25,15180.5,15180.5,objetivo,6,7.25,97.44000000000001,177.0,7.4399999999999995,3.0,166.56,1.9144827586206896,False,-1.1140107594112962,9,44191.47999999983,"B (partida 0,10 / 2R)"
MNQ,london,2023-07-12,B,0.1,2.0,1,2023-07-12 09:10:00+01:00,2023-07-12 09:10:00+01:00,2023-07-12 09:20:00+01:00,15294.5,15288.0,15307.5,15287.75,stop,7,6.5,103.18,-87.5,8.68,7.0,-103.18,-1.133846153846154,False,0.9195552666572654,9,44358.039999999826,"B (partida 0,10 / 2R)"
MNQ,london,2023-07-13,B,0.1,2.0,1,2023-07-13 09:40:00+01:00,2023-07-13 09:40:00+01:00,2023-07-13 10:15:00+01:00,15539.25,15532.5,15552.75,15552.75,objetivo,7,6.75,106.68,192.5,8.68,3.5,180.32,1.9081481481481481,False,0.7353678591866425,9,44254.859999999826,"B (partida 0,10 / 2R)"
MNQ,london,2023-07-14,B,0.1,2.0,1,2023-07-14 09:40:00+01:00,2023-07-14 09:40:00+01:00,2023-07-14 09:55:00+01:00,15724.5,15716.0,15741.5,15715.75,stop,5,8.5,93.69999999999999,-82.5,6.2,5.0,-93.7,-1.1023529411764705,False,0.1862949960502121,9,44435.179999999826,"B (partida 0,10 / 2R)"
MNQ,london,2023-07-18,B,0.1,2.0,1,2023-07-18 09:35:00+01:00,2023-07-18 09:35:00+01:00,2023-07-18 09:35:00+01:00,15837.5,15834.0,15844.5,15833.75,stop,12,3.5,104.88,-78.0,14.879999999999999,12.0,-104.88,-1.2485714285714284,False,0.2752284903437992,9,44341.47999999983,"B (partida 0,10 / 2R)"
MNQ,london,2023-07-21,B,0.1,2.0,1,2023-07-21 09:35:00+01:00,2023-07-21 09:35:00+01:00,2023-07-21 09:50:00+01:00,15657.25,15652.5,15666.75,15652.25,stop,9,4.75,101.16,-81.0,11.16,9.0,-101.16,-1.183157894736842,False,0.7649612858417608,9,44236.59999999983,"B (partida 0,10 / 2R)"
MNQ,london,2023-07-24,B,0.1,2.0,1,2023-07-24 09:35:00+01:00,2023-07-24 09:35:00+01:00,2023-07-24 09:35:00+01:00,15589.0,15583.5,15600.0,15583.25,stop,8,5.5,101.92,-84.0,9.92,8.0,-101.92,-1.1581818181818182,False,0.2711159756848564,9,44135.43999999983,"B (partida 0,10 / 2R)"
MNQ,london,2023-07-27,B,0.1,2.0,1,2023-07-27 09:30:00+01:00,2023-07-27 09:30:00+01:00,2023-07-27 09:30:00+01:00,15795.0,15791.0,15803.0,15790.75,stop,11,4.0,107.14,-82.5,13.64,11.0,-107.14,-1.2175,False,1.1832589134872797,9,44033.51999999983,"B (partida 0,10 / 2R)"
MNQ,london,2023-08-01,B,0.1,2.0,-1,2023-08-01 09:55:00+01:00,2023-08-01 09:55:00+01:00,2023-08-01 09:55:00+01:00,15807.75,15812.5,15798.25,15812.75,stop,9,4.75,101.16,-81.0,11.16,9.0,-101.16,-1.183157894736842,False,-0.7357922584055094,9,43926.37999999983,"B (partida 0,10 / 2R)"
MNQ,london,2023-08-02,B,0.1,2.0,-1,2023-08-02 09:40:00+01:00,2023-08-02 09:40:00+01:00,2023-08-02 09:40:00+01:00,15594.5,15603.75,15576.0,15604.0,stop,5,9.25,101.19999999999999,-90.0,6.2,5.0,-101.2,-1.094054054054054,False,-1.056495403564817,9,43825.21999999983,"B (partida 0,10 / 2R)"
MNQ,london,2023-08-09,B,0.1,2.0,1,2023-08-09 09:50:00+01:00,2023-08-09 09:50:00+01:00,2023-08-09 10:05:00+01:00,15423.5,15416.25,15438.0,15416.0,stop,6,7.25,97.44000000000001,-84.0,7.4399999999999995,6.0,-97.44,-1.1199999999999999,False,0.20736004516647352,9,43724.01999999983,"B (partida 0,10 / 2R)"
MNQ,london,2023-08-15,B,0.1,2.0,-1,2023-08-15 09:40:00+01:00,2023-08-15 09:40:00+01:00,2023-08-15 09:40:00+01:00,15218.0,15223.0,15208.0,15223.25,stop,9,5.0,105.66,-85.5,11.16,9.0,-105.66,-1.174,False,-0.4041646954867195,9,43626.57999999983,"B (partida 0,10 / 2R)"
MNQ,london,2023-08-16,B,0.1,2.0,1,2023-08-16 09:30:00+01:00,2023-08-16 09:30:00+01:00,2023-08-16 09:35:00+01:00,15160.0,15152.75,15174.5,15152.5,stop,6,7.25,97.44000000000001,-84.0,7.4399999999999995,6.0,-97.44,-1.1199999999999999,False,0.6205952644523792,9,43520.91999999982,"B (partida 0,10 / 2R)"
MNQ,london,2023-08-17,B,0.1,2.0,1,2023-08-17 09:40:00+01:00,2023-08-17 09:40:00+01:00,2023-08-17 09:45:00+01:00,14976.5,14973.0,14983.5,14972.75,stop,12,3.5,104.88,-78.0,14.879999999999999,12.0,-104.88,-1.2485714285714284,False,0.3162655902106098,9,43423.47999999982,"B (partida 0,10 / 2R)"
MNQ,london,2023-08-21,B,0.1,2.0,1,2023-08-21 09:30:00+01:00,2023-08-21 09:30:00+01:00,2023-08-21 10:10:00+01:00,14827.25,14819.5,14842.75,14842.75,objetivo,6,7.75,103.44,189.0,7.4399999999999995,3.0,178.56,1.92,False,1.2044471780148642,9,43318.599999999824,"B (partida 0,10 / 2R)"
MNQ,london,2023-08-23,B,0.1,2.0,1,2023-08-23 09:35:00+01:00,2023-08-23 09:35:00+01:00,2023-08-23 09:35:00+01:00,15072.0,15068.25,15079.5,15068.0,stop,11,3.75,101.64,-77.0,13.64,11.0,-101.64,-1.232,False,0.6071123053000594,9,43497.15999999982,"B (partida 0,10 / 2R)"
MNQ,london,2023-08-25,B,0.1,2.0,1,2023-08-25 09:25:00+01:00,2023-08-25 09:25:00+01:00,2023-08-25 09:45:00+01:00,14885.0,14872.25,14910.5,14872.0,stop,3,12.75,81.72,-75.0,3.7199999999999998,3.0,-81.72,-1.068235294117647,False,0.8317427480444819,9,43395.51999999982,"B (partida 0,10 / 2R)"
MNQ,london,2023-08-31,B,0.1,2.0,-1,2023-08-31 10:15:00+01:00,2023-08-31 10:15:00+01:00,2023-08-31 10:15:00+01:00,15475.75,15482.5,15462.25,15462.25,objetivo,7,6.75,106.68,192.5,8.68,3.5,180.32,1.9081481481481481,False,-0.4655056355205119,10,43313.79999999982,"B (partida 0,10 / 2R)"
MNQ,london,2023-09-05,B,0.1,2.0,-1,2023-09-05 09:30:00+01:00,2023-09-05 09:30:00+01:00,2023-09-05 09:30:00+01:00,15425.75,15431.5,15414.25,15431.75,stop,8,5.75,105.92,-88.0,9.92,8.0,-105.92,-1.151304347826087,False,-1.330024883027618,9,43494.11999999982,"B (partida 0,10 / 2R)"
MNQ,london,2023-09-07,B,0.1,2.0,-1,2023-09-07 09:40:00+01:00,2023-09-07 09:40:00+01:00,2023-09-07 09:45:00+01:00,15280.0,15289.0,15262.0,15289.25,stop,5,9.0,98.69999999999999,-87.5,6.2,5.0,-98.7,-1.0966666666666667,False,-1.0930002546745063,9,43388.19999999982,"B (partida 0,10 / 2R)"
MNQ,london,2023-09-08,B,0.1,2.0,-1,2023-09-08 09:35:00+01:00,2023-09-08 09:35:00+01:00,2023-09-08 09:40:00+01:00,15270.0,15280.0,15250.0,15280.25,stop,4,10.0,86.96,-78.0,4.96,4.0,-86.96,-1.087,False,-1.0288342058391569,9,43289.499999999825,"B (partida 0,10 / 2R)"
MNQ,london,2023-09-12,B,0.1,2.0,-1,2023-09-12 09:35:00+01:00,2023-09-12 09:35:00+01:00,2023-09-12 10:45:00+01:00,15428.75,15438.75,15408.75,15439.0,stop,4,10.0,86.96,-78.0,4.96,4.0,-86.96,-1.087,False,-0.345139885303322,9,43202.539999999826,"B (partida 0,10 / 2R)"
MNQ,london,2023-09-14,B,0.1,2.0,-1,2023-09-14 09:25:00+01:00,2023-09-14 09:25:00+01:00,2023-09-14 09:30:00+01:00,15380.75,15391.75,15358.75,15392.0,stop,4,11.0,94.96,-86.0,4.96,4.0,-94.96,-1.079090909090909,False,-0.4341441853715734,9,43115.57999999983,"B (partida 0,10 / 2R)"
MNQ,london,2023-09-20,B,0.1,2.0,1,2023-09-20 09:35:00+01:00,2023-09-20 09:35:00+01:00,2023-09-20 11:00:00+01:00,15397.0,15387.25,15416.5,15406.5,cierre_sesion,5,9.75,106.19999999999999,100.0,6.2,5.0,88.8,0.9107692307692308,False,0.34754723210153965,9,43020.61999999983,"B (partida 0,10 / 2R)"
MNQ,london,2023-09-21,B,0.1,2.0,-1,2023-09-21 09:40:00+01:00,2023-09-21 09:40:00+01:00,2023-09-21 10:05:00+01:00,15057.75,15072.25,15028.75,15072.5,stop,3,14.5,92.22,-85.5,3.7199999999999998,3.0,-92.22,-1.06,False,-0.47846137692933394,9,43109.41999999983,"B (partida 0,10 / 2R)"
MNQ,london,2023-09-27,B,0.1,2.0,1,2023-09-27 09:35:00+01:00,2023-09-27 09:35:00+01:00,2023-09-27 09:35:00+01:00,14790.5,14777.0,14817.5,14776.75,stop,3,13.5,86.22,-79.5,3.7199999999999998,3.0,-86.22,-1.0644444444444445,False,0.2924233426597175,9,43017.19999999983,"B (partida 0,10 / 2R)"
MNQ,london,2023-09-28,B,0.1,2.0,-1,2023-09-28 09:25:00+01:00,2023-09-28 09:25:00+01:00,2023-09-28 09:30:00+01:00,14713.25,14725.75,14688.25,14726.0,stop,4,12.5,106.96,-98.0,4.96,4.0,-106.96,-1.0695999999999999,False,-0.7343379881058992,9,42930.97999999983,"B (partida 0,10 / 2R)"
MNQ,london,2023-09-29,B,0.1,2.0,1,2023-09-29 09:40:00+01:00,2023-09-29 09:40:00+01:00,2023-09-29 09:50:00+01:00,14958.0,14952.25,14969.5,14952.0,stop,8,5.75,105.92,-88.0,9.92,8.0,-105.92,-1.151304347826087,False,0.4101347429447868,9,42824.01999999983,"B (partida 0,10 / 2R)"
MNQ,london,2023-10-03,B,0.1,2.0,-1,2023-10-03 10:30:00+01:00,2023-10-03 10:30:00+01:00,2023-10-03 10:30:00+01:00,14989.0,14992.75,14981.5,14981.5,objetivo,11,3.75,101.64,170.5,13.64,5.5,151.36,1.834666666666667,False,-0.12530423978419966,10,42718.09999999983,"B (partida 0,10 / 2R)"
MNQ,london,2023-10-05,B,0.1,2.0,-1,2023-10-05 10:20:00+01:00,2023-10-05 10:20:00+01:00,2023-10-05 10:20:00+01:00,14864.5,14871.75,14850.0,14872.0,stop,6,7.25,97.44000000000001,-84.0,7.4399999999999995,6.0,-97.44,-1.1199999999999999,False,-0.4685602284308233,10,42869.45999999983,"B (partida 0,10 / 2R)"
MNQ,london,2023-10-10,B,0.1,2.0,1,2023-10-10 09:40:00+01:00,2023-10-10 09:40:00+01:00,2023-10-10 09:40:00+01:00,15232.5,15227.0,15243.5,15226.75,stop,8,5.5,101.92,-84.0,9.92,8.0,-101.92,-1.1581818181818182,False,0.15600798309428804,9,42772.01999999983,"B (partida 0,10 / 2R)"
MNQ,london,2023-10-16,B,0.1,2.0,-1,2023-10-16 09:20:00+01:00,2023-10-16 09:20:00+01:00,2023-10-16 09:20:00+01:00,15092.5,15097.0,15083.5,15097.25,stop,9,4.5,96.66,-76.5,11.16,9.0,-96.66,-1.1933333333333334,False,-1.0782266346661378,9,42670.09999999983,"B (partida 0,10 / 2R)"
MNQ,london,2023-10-23,B,0.1,2.0,-1,2023-10-23 09:55:00+01:00,2023-10-23 09:55:00+01:00,2023-10-23 10:00:00+01:00,14639.25,14651.75,14614.25,14614.25,objetivo,3,12.5,80.22,151.5,3.7199999999999998,1.5,146.28,1.9504,False,-0.24017905582247825,9,42573.43999999983,"B (partida 0,10 / 2R)"
MNQ,london,2023-10-30,B,0.1,2.0,1,2023-10-30 09:30:00+00:00,2023-10-30 09:30:00+00:00,2023-10-30 09:35:00+00:00,14380.5,14376.0,14389.5,14375.75,stop,9,4.5,96.66,-76.5,11.16,9.0,-96.66,-1.1933333333333334,False,0.4060437271007893,9,42719.71999999983,"B (partida 0,10 / 2R)"
MNQ,london,2023-10-31,B,0.1,2.0,1,2023-10-31 09:35:00+00:00,2023-10-31 09:35:00+00:00,2023-10-31 11:00:00+00:00,14403.25,14381.5,14446.75,14425.25,cierre_sesion,2,21.75,90.48,90.0,2.48,2.0,85.52,0.9829885057471264,False,0.3214507795073236,9,42623.05999999982,"B (partida 0,10 / 2R)"
MNQ,london,2023-11-01,B,0.1,2.0,-1,2023-11-01 09:35:00+00:00,2023-11-01 09:35:00+00:00,2023-11-01 10:40:00+00:00,14430.25,14439.0,14412.75,14439.25,stop,5,8.75,96.19999999999999,-85.0,6.2,5.0,-96.2,-1.0994285714285714,False,-0.3880523159836337,9,42708.57999999982,"B (partida 0,10 / 2R)"
MNQ,london,2023-11-03,B,0.1,2.0,-1,2023-11-03 09:35:00+00:00,2023-11-03 09:35:00+00:00,2023-11-03 09:35:00+00:00,14936.25,14941.75,14925.25,14942.0,stop,8,5.5,101.92,-84.0,9.92,8.0,-101.92,-1.1581818181818182,False,-0.270732729755787,9,42612.37999999982,"B (partida 0,10 / 2R)"
MNQ,london,2023-11-06,B,0.1,2.0,1,2023-11-06 08:55:00+00:00,2023-11-06 08:55:00+00:00,2023-11-06 08:55:00+00:00,15204.75,15199.75,15214.75,15214.75,objetivo,9,5.0,105.66,184.5,11.16,4.5,168.84,1.8760000000000001,False,0.3952590449389382,8,42510.459999999825,"B (partida 0,10 / 2R)"
MNQ,london,2023-11-06,B,0.1,2.0,1,2023-11-06 09:30:00+00:00,2023-11-06 09:30:00+00:00,2023-11-06 09:30:00+00:00,15206.75,15202.25,15215.75,15202.0,stop,9,4.5,96.66,-76.5,11.16,9.0,-96.66,-1.1933333333333334,False,0.3299801563140384,9,42679.29999999982,"B (partida 0,10 / 2R)"
MNQ,london,2023-11-08,B,0.1,2.0,1,2023-11-08 10:05:00+00:00,2023-11-08 10:05:00+00:00,2023-11-08 10:20:00+00:00,15360.25,15356.0,15368.75,15355.75,stop,10,4.25,102.4,-80.0,12.4,10.0,-102.4,-1.2047058823529413,False,0.14965329269163402,10,42582.63999999982,"B (partida 0,10 / 2R)"
MNQ,london,2023-11-09,B,0.1,2.0,-1,2023-11-09 09:40:00+00:00,2023-11-09 09:40:00+00:00,2023-11-09 10:00:00+00:00,15369.75,15376.25,15356.75,15376.5,stop,7,6.5,103.18,-87.5,8.68,7.0,-103.18,-1.133846153846154,False,-0.13020286081330687,9,42480.239999999816,"B (partida 0,10 / 2R)"
MNQ,london,2023-11-13,B,0.1,2.0,1,2023-11-13 08:55:00+00:00,2023-11-13 08:55:00+00:00,2023-11-13 09:00:00+00:00,15542.25,15538.0,15550.75,15537.75,stop,10,4.25,102.4,-80.0,12.4,10.0,-102.4,-1.2047058823529413,False,0.35354807296302326,8,42377.059999999816,"B (partida 0,10 / 2R)"
MNQ,london,2023-11-14,B,0.1,2.0,1,2023-11-14 09:20:00+00:00,2023-11-14 09:20:00+00:00,2023-11-14 09:20:00+00:00,15606.5,15603.0,15613.5,15602.75,stop,12,3.5,104.88,-78.0,14.879999999999999,12.0,-104.88,-1.2485714285714284,False,1.1025686158882446,9,42274.659999999814,"B (partida 0,10 / 2R)"
MNQ,london,2023-11-14,B,0.1,2.0,1,2023-11-14 09:30:00+00:00,2023-11-14 09:30:00+00:00,2023-11-14 09:30:00+00:00,15599.25,15595.75,15606.25,15595.5,stop,12,3.5,104.88,-78.0,14.879999999999999,12.0,-104.88,-1.2485714285714284,False,0.9734179989011611,9,42169.77999999982,"B (partida 0,10 / 2R)"
MNQ,london,2023-11-20,B,0.1,2.0,1,2023-11-20 09:30:00+00:00,2023-11-20 09:30:00+00:00,2023-11-20 09:35:00+00:00,15912.5,15908.75,15920.0,15920.0,objetivo,11,3.75,101.64,170.5,13.64,5.5,151.36,1.834666666666667,False,1.1055814288025165,9,42064.89999999982,"B (partida 0,10 / 2R)"
MNQ,london,2023-11-22,B,0.1,2.0,1,2023-11-22 09:40:00+00:00,2023-11-22 09:40:00+00:00,2023-11-22 10:05:00+00:00,15981.25,15972.5,15998.75,15998.75,objetivo,5,8.75,96.19999999999999,177.5,6.2,2.5,168.8,1.9291428571428573,False,0.3909945649393261,9,42216.25999999982,"B (partida 0,10 / 2R)"
MNQ,london,2023-11-24,B,0.1,2.0,1,2023-11-24 09:20:00+00:00,2023-11-24 09:20:00+00:00,2023-11-24 09:50:00+00:00,16064.25,16059.25,16074.25,16059.0,stop,9,5.0,105.66,-85.5,11.16,9.0,-105.66,-1.174,False,0.7286463908282556,9,42385.05999999982,"B (partida 0,10 / 2R)"
MNQ,london,2023-11-24,B,0.1,2.0,-1,2023-11-24 10:25:00+00:00,2023-11-24 10:25:00+00:00,2023-11-24 10:35:00+00:00,16043.5,16047.5,16035.5,16035.5,objetivo,10,4.0,97.4,165.0,12.4,5.0,147.6,1.845,False,-0.14255987931242378,10,42279.39999999982,"B (partida 0,10 / 2R)"
MNQ,london,2023-12-05,B,0.1,2.0,1,2023-12-05 09:15:00+00:00,2023-12-05 09:15:00+00:00,2023-12-05 09:30:00+00:00,15812.25,15804.0,15828.75,15803.75,stop,5,8.25,91.19999999999999,-80.0,6.2,5.0,-91.2,-1.1054545454545455,False,0.18947402105320665,9,42426.99999999982,"B (partida 0,10 / 2R)"
MNQ,london,2023-12-07,B,0.1,2.0,1,2023-12-07 09:50:00+00:00,2023-12-07 09:50:00+00:00,2023-12-07 10:30:00+00:00,15843.75,15836.75,15857.75,15836.5,stop,6,7.0,94.44,-81.0,7.4399999999999995,6.0,-94.44,-1.1242857142857143,False,0.2024824317197104,9,42335.79999999982,"B (partida 0,10 / 2R)"
MNQ,london,2023-12-14,B,0.1,2.0,-1,2023-12-14 09:25:00+00:00,2023-12-14 09:25:00+00:00,2023-12-14 09:25:00+00:00,16615.25,16620.25,16605.25,16620.5,stop,8,5.0,93.92,-76.0,9.92,8.0,-93.92,-1.174,False,-0.9430377288949093,9,42241.35999999982,"B (partida 0,10 / 2R)"
MNQ,london,2023-12-15,B,0.1,2.0,1,2023-12-15 09:20:00+00:00,2023-12-15 09:20:00+00:00,2023-12-15 10:40:00+00:00,16597.0,16591.25,16608.5,16590.25,stop_hueco,7,5.75,92.68,-87.5,8.68,7.0,-103.18,-1.2817391304347827,False,0.5169172601956435,9,42147.43999999982,"B (partida 0,10 / 2R)"
MNQ,london,2023-12-19,B,0.1,2.0,1,2023-12-19 09:40:00+00:00,2023-12-19 09:40:00+00:00,2023-12-19 09:45:00+00:00,16947.25,16942.5,16956.75,16942.25,stop,9,4.75,101.16,-81.0,11.16,9.0,-101.16,-1.183157894736842,False,0.24588945427076367,9,42044.25999999982,"B (partida 0,10 / 2R)"
MNQ,london,2023-12-20,B,0.1,2.0,-1,2023-12-20 09:30:00+00:00,2023-12-20 09:30:00+00:00,2023-12-20 10:00:00+00:00,16967.25,16978.25,16945.25,16978.5,stop,4,11.0,94.96,-86.0,4.96,4.0,-94.96,-1.079090909090909,False,-1.231692688398943,9,41943.09999999982,"B (partida 0,10 / 2R)"
MNQ,london,2023-12-22,B,0.1,2.0,1,2023-12-22 09:35:00+00:00,2023-12-22 09:35:00+00:00,2023-12-22 09:50:00+00:00,16921.0,16912.75,16937.5,16912.5,stop,5,8.25,91.19999999999999,-80.0,6.2,5.0,-91.2,-1.1054545454545455,False,0.1028407757347338,9,41848.13999999982,"B (partida 0,10 / 2R)"
MNQ,london,2023-12-26,B,0.1,2.0,-1,2023-12-26 09:45:00+00:00,2023-12-26 09:45:00+00:00,2023-12-26 10:35:00+00:00,17012.0,17017.0,17002.0,17017.25,stop,8,5.0,93.92,-76.0,9.92,8.0,-93.92,-1.174,False,-1.572919895126373,9,41756.93999999982,"B (partida 0,10 / 2R)"
MNQ,london,2024-01-03,B,0.1,2.0,-1,2024-01-03 09:05:00+00:00,2024-01-03 09:05:00+00:00,2024-01-03 09:45:00+00:00,16675.0,16688.5,16648.0,16648.0,objetivo,3,13.5,86.22,163.5,3.7199999999999998,1.5,158.28,1.954074074074074,False,-1.794799476084428,9,41663.01999999982,"B (partida 0,10 / 2R)"
MNQ,london,2024-01-08,B,0.1,2.0,-1,2024-01-08 09:00:00+00:00,2024-01-08 09:00:00+00:00,2024-01-08 09:00:00+00:00,16425.25,16431.75,16412.25,16432.0,stop,7,6.5,103.18,-87.5,8.68,7.0,-103.18,-1.133846153846154,False,-0.17009951918930627,8,41821.29999999982,"B (partida 0,10 / 2R)"
MNQ,london,2024-01-08,B,0.1,2.0,-1,2024-01-08 09:15:00+00:00,2024-01-08 09:15:00+00:00,2024-01-08 09:20:00+00:00,16429.25,16438.5,16410.75,16410.75,objetivo,5,9.25,101.19999999999999,187.5,6.2,2.5,178.8,1.932972972972973,False,-0.4479880283684634,9,41718.11999999982,"B (partida 0,10 / 2R)"
MNQ,london,2024-01-10,B,0.1,2.0,1,2024-01-10 09:40:00+00:00,2024-01-10 09:40:00+00:00,2024-01-10 09:40:00+00:00,16901.25,16896.75,16910.25,16896.5,stop,9,4.5,96.66,-76.5,11.16,9.0,-96.66,-1.1933333333333334,False,1.353043771378579,9,41896.91999999982,"B (partida 0,10 / 2R)"
MNQ,london,2024-01-12,B,0.1,2.0,1,2024-01-12 09:05:00+00:00,2024-01-12 09:05:00+00:00,2024-01-12 09:20:00+00:00,16962.5,16954.25,16979.0,16954.0,stop,5,8.25,91.19999999999999,-80.0,6.2,5.0,-91.2,-1.1054545454545455,False,0.2605484107326158,9,41800.25999999982,"B (partida 0,10 / 2R)"
MNQ,london,2024-01-17,B,0.1,2.0,1,2024-01-17 08:45:00+00:00,2024-01-17 08:45:00+00:00,2024-01-17 08:45:00+00:00,16852.5,16847.75,16862.0,16847.5,stop,9,4.75,101.16,-81.0,11.16,9.0,-101.16,-1.183157894736842,False,0.6780297810401964,8,41709.05999999982,"B (partida 0,10 / 2R)"
MNQ,london,2024-01-18,B,0.1,2.0,1,2024-01-18 09:40:00+00:00,2024-01-18 09:40:00+00:00,2024-01-18 09:55:00+00:00,16923.75,16913.5,16944.25,16913.25,stop,4,10.25,88.96,-80.0,4.96,4.0,-88.96,-1.0848780487804877,False,0.409438263946289,9,41607.89999999982,"B (partida 0,10 / 2R)"
MNQ,london,2024-01-19,B,0.1,2.0,1,2024-01-19 09:30:00+00:00,2024-01-19 09:30:00+00:00,2024-01-19 09:30:00+00:00,17233.25,17229.75,17240.25,17229.5,stop,11,3.5,96.14,-71.5,13.64,11.0,-96.14,-1.2485714285714287,False,1.4389288844140162,9,41518.93999999982,"B (partida 0,10 / 2R)"
MNQ,london,2024-01-24,B,0.1,2.0,1,2024-01-24 09:35:00+00:00,2024-01-24 09:35:00+00:00,2024-01-24 10:15:00+00:00,17660.25,17654.0,17672.75,17653.75,stop,7,6.25,99.68,-84.0,8.68,7.0,-99.68,-1.1392,False,0.5718025346780948,9,41422.79999999982,"B (partida 0,10 / 2R)"
MNQ,london,2024-01-30,B,0.1,2.0,-1,2024-01-30 09:50:00+00:00,2024-01-30 09:50:00+00:00,2024-01-30 10:10:00+00:00,17693.75,17698.0,17685.25,17698.25,stop,10,4.25,102.4,-80.0,12.4,10.0,-102.4,-1.2047058823529413,False,-0.18558462996328454,9,41323.11999999982,"B (partida 0,10 / 2R)"
MNQ,london,2024-01-31,B,0.1,2.0,-1,2024-01-31 10:10:00+00:00,2024-01-31 10:10:00+00:00,2024-01-31 10:10:00+00:00,17377.75,17381.5,17370.25,17381.75,stop,11,3.75,101.64,-77.0,13.64,11.0,-101.64,-1.232,True,-0.519873063053244,10,41220.71999999982,"B (partida 0,10 / 2R)"
MNQ,london,2024-02-09,B,0.1,2.0,1,2024-02-09 10:30:00+00:00,2024-02-09 10:30:00+00:00,2024-02-09 10:55:00+00:00,17916.25,17911.25,17926.25,17911.0,stop,8,5.0,93.92,-76.0,9.92,8.0,-93.92,-1.174,False,0.14289034098680609,10,41119.07999999982,"B (partida 0,10 / 2R)"
MNQ,london,2024-02-12,B,0.1,2.0,1,2024-02-12 09:45:00+00:00,2024-02-12 09:45:00+00:00,2024-02-12 09:50:00+00:00,18056.0,18051.25,18065.5,18051.0,stop,9,4.75,101.16,-81.0,11.16,9.0,-101.16,-1.183157894736842,False,0.22242385701626624,9,41025.15999999982,"B (partida 0,10 / 2R)"
MNQ,london,2024-02-13,B,0.1,2.0,-1,2024-02-13 09:30:00+00:00,2024-02-13 09:30:00+00:00,2024-02-13 09:45:00+00:00,17889.0,17902.25,17862.5,17862.5,objetivo,3,13.25,84.72,160.5,3.7199999999999998,1.5,155.28,1.9532075471698114,False,-0.9051784928517349,9,40923.99999999982,"B (partida 0,10 / 2R)"
MNQ,london,2024-02-14,B,0.1,2.0,1,2024-02-14 09:40:00+00:00,2024-02-14 09:40:00+00:00,2024-02-14 09:45:00+00:00,17772.0,17767.75,17780.5,17780.5,objetivo,10,4.25,102.4,175.0,12.4,5.0,157.6,1.8541176470588234,False,0.7660546218191574,9,41079.27999999982,"B (partida 0,10 / 2R)"
MNQ,london,2024-02-20,B,0.1,2.0,-1,2024-02-20 10:05:00+00:00,2024-02-20 10:05:00+00:00,2024-02-20 11:00:00+00:00,17643.75,17665.75,17599.75,17628.75,cierre_sesion,2,22.0,91.48,62.0,2.48,2.0,57.52,0.6536363636363637,False,-0.18650499890764807,10,41236.879999999815,"B (partida 0,10 / 2R)"
MNQ,london,2024-02-23,B,0.1,2.0,-1,2024-02-23 09:40:00+00:00,2024-02-23 09:40:00+00:00,2024-02-23 09:50:00+00:00,18006.0,18010.0,17998.0,18010.25,stop,10,4.0,97.4,-75.0,12.4,10.0,-97.4,-1.2175,False,-0.6011893851001864,9,41294.39999999981,"B (partida 0,10 / 2R)"
MNQ,london,2024-02-26,B,0.1,2.0,1,2024-02-26 09:40:00+00:00,2024-02-26 09:40:00+00:00,2024-02-26 09:55:00+00:00,17977.25,17970.75,17990.25,17990.25,objetivo,6,6.5,88.44,159.0,7.4399999999999995,3.0,148.56,1.9046153846153846,False,0.16183104129414766,9,41196.99999999981,"B (partida 0,10 / 2R)"
MNQ,london,2024-02-27,B,0.1,2.0,1,2024-02-27 09:35:00+00:00,2024-02-27 09:35:00+00:00,2024-02-27 09:50:00+00:00,18009.25,18004.5,18018.75,18004.25,stop,9,4.75,101.16,-81.0,11.16,9.0,-101.16,-1.183157894736842,False,0.8340928661217146,9,41345.55999999981,"B (partida 0,10 / 2R)"
MNQ,london,2024-02-28,B,0.1,2.0,-1,2024-02-28 09:50:00+00:00,2024-02-28 09:50:00+00:00,2024-02-28 09:50:00+00:00,17900.0,17904.5,17891.0,17904.75,stop,9,4.5,96.66,-76.5,11.16,9.0,-96.66,-1.1933333333333334,False,-1.4168462048179264,9,41244.399999999805,"B (partida 0,10 / 2R)"
MNQ,london,2024-03-01,B,0.1,2.0,-1,2024-03-01 10:15:00+00:00,2024-03-01 10:15:00+00:00,2024-03-01 11:00:00+00:00,18088.5,18123.0,18019.5,18065.0,cierre_sesion,1,34.5,70.74,48.0,1.24,1.0,45.76,0.6631884057971014,False,-0.4175336730664566,10,41147.7399999998,"B (partida 0,10 / 2R)"
MNQ,london,2024-03-05,B,0.1,2.0,-1,2024-03-05 09:25:00+00:00,2024-03-05 09:25:00+00:00,2024-03-05 09:35:00+00:00,18152.0,18157.0,18142.0,18142.0,objetivo,8,5.0,93.92,164.0,9.92,4.0,150.08,1.8760000000000001,False,-0.7783561094169813,9,41193.4999999998,"B (partida 0,10 / 2R)"
MNQ,london,2024-03-06,B,0.1,2.0,1,2024-03-06 09:40:00+00:00,2024-03-06 09:40:00+00:00,2024-03-06 09:45:00+00:00,18056.25,18049.75,18069.25,18049.5,stop,7,6.5,103.18,-87.5,8.68,7.0,-103.18,-1.133846153846154,False,0.9106989948156305,9,41343.579999999805,"B (partida 0,10 / 2R)"
MNQ,london,2024-03-12,B,0.1,2.0,-1,2024-03-12 09:05:00+00:00,2024-03-12 09:05:00+00:00,2024-03-12 09:20:00+00:00,18040.5,18044.5,18032.5,18044.75,stop,10,4.0,97.4,-75.0,12.4,10.0,-97.4,-1.2175,False,-0.5276264928805857,9,41240.399999999805,"B (partida 0,10 / 2R)"
MNQ,london,2024-03-13,B,0.1,2.0,-1,2024-03-13 09:35:00+00:00,2024-03-13 09:35:00+00:00,2024-03-13 10:00:00+00:00,18199.0,18211.5,18174.0,18211.75,stop,3,12.5,80.22,-73.5,3.7199999999999998,3.0,-80.22,-1.0695999999999999,False,-0.19599285971633162,9,41142.9999999998,"B (partida 0,10 / 2R)"
MNQ,london,2024-03-15,B,0.1,2.0,1,2024-03-15 09:30:00+00:00,2024-03-15 09:30:00+00:00,2024-03-15 09:45:00+00:00,18018.5,18009.75,18036.0,18036.5,objetivo_hueco,5,8.75,96.19999999999999,182.5,6.2,2.5,173.8,1.9862857142857144,False,0.9414171375742438,9,41062.7799999998,"B (partida 0,10 / 2R)"
MNQ,london,2024-03-19,B,0.1,2.0,1,2024-03-19 09:05:00+00:00,2024-03-19 09:05:00+00:00,2024-03-19 09:05:00+00:00,18229.25,18223.0,18241.75,18222.75,stop,7,6.25,99.68,-84.0,8.68,7.0,-99.68,-1.1392,False,1.6974772798453117,9,41236.579999999805,"B (partida 0,10 / 2R)"
MNQ,london,2024-03-19,B,0.1,2.0,1,2024-03-19 09:15:00+00:00,2024-03-19 09:15:00+00:00,2024-03-19 09:30:00+00:00,18214.25,18202.0,18238.75,18201.75,stop,3,12.25,78.72,-72.0,3.7199999999999998,3.0,-78.72,-1.0710204081632653,False,1.064944288957741,9,41136.899999999805,"B (partida 0,10 / 2R)"
MNQ,london,2024-03-21,B,0.1,2.0,-1,2024-03-21 09:00:00+00:00,2024-03-21 09:00:00+00:00,2024-03-21 09:00:00+00:00,18619.0,18622.75,18611.5,18623.0,stop,11,3.75,101.64,-77.0,13.64,11.0,-101.64,-1.232,True,-0.568781815008693,8,41058.179999999804,"B (partida 0,10 / 2R)"
MNQ,london,2024-03-27,B,0.1,2.0,1,2024-03-27 09:10:00+00:00,2024-03-27 09:10:00+00:00,2024-03-27 09:20:00+00:00,18522.0,18514.0,18538.0,18513.75,stop,5,8.0,88.69999999999999,-77.5,6.2,5.0,-88.7,-1.1087500000000001,False,0.7464973131374452,9,40956.539999999804,"B (partida 0,10 / 2R)"
MNQ,london,2024-03-28,B,0.1,2.0,1,2024-03-28 10:30:00+00:00,2024-03-28 10:30:00+00:00,2024-03-28 10:35:00+00:00,18502.25,18492.0,18522.75,18491.75,stop,4,10.25,88.96,-80.0,4.96,4.0,-88.96,-1.0848780487804877,False,0.1488510500654335,10,40867.83999999981,"B (partida 0,10 / 2R)"
MNQ,london,2024-04-08,B,0.1,2.0,-1,2024-04-08 09:35:00+01:00,2024-04-08 09:35:00+01:00,2024-04-08 09:35:00+01:00,18286.25,18289.75,18279.25,18290.0,stop,11,3.5,96.14,-71.5,13.64,11.0,-96.14,-1.2485714285714287,False,-0.6684306373282606,9,40778.87999999981,"B (partida 0,10 / 2R)"
MNQ,london,2024-04-08,B,0.1,2.0,-1,2024-04-08 09:45:00+01:00,2024-04-08 09:45:00+01:00,2024-04-08 09:50:00+01:00,18295.0,18303.0,18279.0,18279.0,objetivo,5,8.0,88.69999999999999,162.5,6.2,2.5,153.8,1.9225,False,-0.7893040433939286,9,40682.73999999981,"B (partida 0,10 / 2R)"
MNQ,london,2024-04-10,B,0.1,2.0,1,2024-04-10 09:50:00+01:00,2024-04-10 09:50:00+01:00,2024-04-10 10:00:00+01:00,18395.0,18387.5,18410.0,18410.0,objetivo,6,7.5,100.44,183.0,7.4399999999999995,3.0,172.56,1.9173333333333333,False,0.1002310779301463,9,40836.53999999981,"B (partida 0,10 / 2R)"
MNQ,london,2024-04-16,B,0.1,2.0,1,2024-04-16 09:10:00+01:00,2024-04-16 09:10:00+01:00,2024-04-16 09:20:00+01:00,17873.25,17860.75,17898.25,17860.5,stop,3,12.5,80.22,-73.5,3.7199999999999998,3.0,-80.22,-1.0695999999999999,False,0.11989867877114468,9,41009.09999999981,"B (partida 0,10 / 2R)"
MNQ,london,2024-04-18,B,0.1,2.0,-1,2024-04-18 09:15:00+01:00,2024-04-18 09:15:00+01:00,2024-04-18 09:20:00+01:00,17730.0,17740.0,17710.0,17710.0,objetivo,4,10.0,86.96,162.0,4.96,2.0,155.04,1.938,False,-0.15835097660497532,9,40928.87999999981,"B (partida 0,10 / 2R)"
MNQ,london,2024-04-22,B,0.1,2.0,-1,2024-04-22 09:20:00+01:00,2024-04-22 09:20:00+01:00,2024-04-22 09:20:00+01:00,17253.25,17259.75,17240.25,17260.0,stop,6,6.5,88.44,-75.0,7.4399999999999995,6.0,-88.44,-1.1338461538461537,False,-0.6356671471743208,9,41083.91999999981,"B (partida 0,10 / 2R)"
MNQ,london,2024-04-23,B,0.1,2.0,1,2024-04-23 09:30:00+01:00,2024-04-23 09:30:00+01:00,2024-04-23 09:30:00+01:00,17392.5,17387.75,17402.0,17387.5,stop,9,4.75,101.16,-81.0,11.16,9.0,-101.16,-1.183157894736842,False,0.9927873144645313,9,40995.47999999981,"B (partida 0,10 / 2R)"
MNQ,london,2024-04-26,B,0.1,2.0,-1,2024-04-26 09:55:00+01:00,2024-04-26 09:55:00+01:00,2024-04-26 11:00:00+01:00,17732.25,17746.75,17703.25,17729.5,cierre_sesion,3,14.5,92.22,19.5,3.7199999999999998,3.0,12.780000000000001,0.14689655172413793,False,-0.18292040851812835,9,40894.3199999998,"B (partida 0,10 / 2R)"
MNQ,london,2024-04-30,B,0.1,2.0,-1,2024-04-30 09:40:00+01:00,2024-04-30 09:40:00+01:00,2024-04-30 10:00:00+01:00,17885.0,17893.5,17868.0,17868.0,objetivo,5,8.5,93.69999999999999,172.5,6.2,2.5,163.8,1.927058823529412,False,-0.2475133008349984,9,40907.0999999998,"B (partida 0,10 / 2R)"
MNQ,london,2024-05-06,B,0.1,2.0,1,2024-05-06 09:35:00+01:00,2024-05-06 09:35:00+01:00,2024-05-06 09:45:00+01:00,18035.25,18026.5,18052.75,18026.25,stop,5,8.75,96.19999999999999,-85.0,6.2,5.0,-96.2,-1.0994285714285714,False,0.29939419124022726,9,41070.899999999805,"B (partida 0,10 / 2R)"
MNQ,london,2024-05-10,B,0.1,2.0,1,2024-05-10 09:55:00+01:00,2024-05-10 09:55:00+01:00,2024-05-10 09:55:00+01:00,18276.75,18272.75,18284.75,18284.75,objetivo,10,4.0,97.4,165.0,12.4,5.0,147.6,1.845,False,0.3055250109677617,9,40974.69999999981,"B (partida 0,10 / 2R)"
MNQ,london,2024-05-13,B,0.1,2.0,-1,2024-05-13 09:35:00+01:00,2024-05-13 09:35:00+01:00,2024-05-13 10:15:00+01:00,18283.0,18289.75,18269.5,18290.0,stop,6,6.75,91.44,-78.0,7.4399999999999995,6.0,-91.44,-1.1288888888888888,False,-0.23103236502735677,9,41122.29999999981,"B (partida 0,10 / 2R)"
MNQ,london,2024-05-14,B,0.1,2.0,1,2024-05-14 09:35:00+01:00,2024-05-14 09:35:00+01:00,2024-05-14 10:25:00+01:00,18303.75,18296.75,18317.75,18296.5,stop,6,7.0,94.44,-81.0,7.4399999999999995,6.0,-94.44,-1.1242857142857143,False,0.3518675596968379,9,41030.859999999804,"B (partida 0,10 / 2R)"
MNQ,london,2024-05-23,B,0.1,2.0,-1,2024-05-23 08:55:00+01:00,2024-05-23 08:55:00+01:00,2024-05-23 09:05:00+01:00,18931.75,18943.5,18908.25,18943.75,stop,4,11.75,100.96,-92.0,4.96,4.0,-100.96,-1.0740425531914892,False,-0.3279565331559127,8,40936.4199999998,"B (partida 0,10 / 2R)"
MNQ,london,2024-05-23,B,0.1,2.0,-1,2024-05-23 09:25:00+01:00,2024-05-23 09:25:00+01:00,2024-05-23 09:25:00+01:00,18938.75,18946.5,18923.25,18946.75,stop,5,7.75,86.19999999999999,-75.0,6.2,5.0,-86.2,-1.112258064516129,False,-0.20122185834091494,9,40835.4599999998,"B (partida 0,10 / 2R)"
MNQ,london,2024-05-28,B,0.1,2.0,1,2024-05-28 09:35:00+01:00,2024-05-28 09:35:00+01:00,2024-05-28 11:00:00+01:00,18972.75,18959.5,18999.25,18969.25,cierre_sesion,3,13.25,84.72,-18.0,3.7199999999999998,3.0,-24.72,-0.3109433962264151,False,1.6311450828246925,9,40749.259999999806,"B (partida 0,10 / 2R)"
MNQ,london,2024-05-29,B,0.1,2.0,-1,2024-05-29 09:00:00+01:00,2024-05-29 09:00:00+01:00,2024-05-29 09:00:00+01:00,18850.75,18855.75,18840.75,18856.0,stop,8,5.0,93.92,-76.0,9.92,8.0,-93.92,-1.174,False,-1.024106559066985,8,40724.539999999804,"B (partida 0,10 / 2R)"
MNQ,london,2024-05-29,B,0.1,2.0,-1,2024-05-29 09:30:00+01:00,2024-05-29 09:30:00+01:00,2024-05-29 09:30:00+01:00,18831.25,18838.0,18817.75,18817.75,objetivo,6,6.75,91.44,165.0,7.4399999999999995,3.0,154.56,1.9081481481481481,False,-0.9427709965573045,9,40630.619999999806,"B (partida 0,10 / 2R)"
MNQ,london,2024-05-30,B,0.1,2.0,1,2024-05-30 09:20:00+01:00,2024-05-30 09:20:00+01:00,2024-05-30 09:40:00+01:00,18712.25,18704.5,18727.75,18727.75,objetivo,5,7.75,86.19999999999999,157.5,6.2,2.5,148.8,1.9200000000000002,False,0.5013731271521523,9,40785.179999999804,"B (partida 0,10 / 2R)"
MNQ,london,2024-06-04,B,0.1,2.0,-1,2024-06-04 09:50:00+01:00,2024-06-04 09:50:00+01:00,2024-06-04 10:00:00+01:00,18559.75,18575.75,18527.75,18527.75,objetivo,3,16.0,101.22,193.5,3.7199999999999998,1.5,188.28,1.96125,False,-0.42510258648850135,9,40933.97999999981,"B (partida 0,10 / 2R)"
MNQ,london,2024-06-07,B,0.1,2.0,-1,2024-06-07 10:05:00+01:00,2024-06-07 10:05:00+01:00,2024-06-07 10:30:00+01:00,19078.0,19084.0,19066.0,19084.25,stop,7,6.0,96.18,-80.5,8.68,7.0,-96.18,-1.145,False,-0.13599556886041878,10,41122.259999999806,"B (partida 0,10 / 2R)"
MNQ,london,2024-06-14,B,0.1,2.0,-1,2024-06-14 09:55:00+01:00,2024-06-14 09:55:00+01:00,2024-06-14 10:05:00+01:00,19619.25,19627.75,19602.25,19602.25,objetivo,5,8.5,93.69999999999999,172.5,6.2,2.5,163.8,1.927058823529412,False,-0.11573991292185189,9,41026.079999999805,"B (partida 0,10 / 2R)"
MNQ,london,2024-06-18,B,0.1,2.0,1,2024-06-18 09:35:00+01:00,2024-06-18 09:35:00+01:00,2024-06-18 09:55:00+01:00,19946.25,19939.0,19960.75,19960.75,objetivo,6,7.25,97.44000000000001,177.0,7.4399999999999995,3.0,166.56,1.9144827586206896,False,0.5559123127892266,9,41189.87999999981,"B (partida 0,10 / 2R)"
MNQ,london,2024-06-21,B,0.1,2.0,-1,2024-06-21 09:55:00+01:00,2024-06-21 09:55:00+01:00,2024-06-21 10:00:00+01:00,19708.5,19722.75,19680.0,19723.0,stop,3,14.25,90.72,-84.0,3.7199999999999998,3.0,-90.72,-1.0610526315789472,False,-0.7614906177226114,9,41356.439999999806,"B (partida 0,10 / 2R)"
MNQ,london,2024-06-26,B,0.1,2.0,1,2024-06-26 09:05:00+01:00,2024-06-26 09:05:00+01:00,2024-06-26 09:05:00+01:00,20065.0,20059.75,20075.5,20059.5,stop,8,5.25,97.92,-80.0,9.92,8.0,-97.92,-1.1657142857142857,False,1.405473885038427,9,41265.719999999805,"B (partida 0,10 / 2R)"
MNQ,london,2024-07-01,B,0.1,2.0,-1,2024-07-01 09:55:00+01:00,2024-07-01 09:55:00+01:00,2024-07-01 10:00:00+01:00,19938.0,19946.0,19922.0,19922.0,objetivo,5,8.0,88.69999999999999,162.5,6.2,2.5,153.8,1.9225,False,-0.5090073962574452,9,41167.79999999981,"B (partida 0,10 / 2R)"
MNQ,london,2024-07-08,B,0.1,2.0,1,2024-07-08 09:10:00+01:00,2024-07-08 09:10:00+01:00,2024-07-08 09:15:00+01:00,20606.5,20602.0,20615.5,20601.75,stop,9,4.5,96.66,-76.5,11.16,9.0,-96.66,-1.1933333333333334,False,0.2793797014594525,9,41321.59999999981,"B (partida 0,10 / 2R)"
MNQ,london,2024-07-10,B,0.1,2.0,1,2024-07-10 09:30:00+01:00,2024-07-10 09:30:00+01:00,2024-07-10 11:00:00+01:00,20724.5,20718.75,20736.0,20727.5,cierre_sesion,7,5.75,92.68,49.0,8.68,7.0,33.32,0.41391304347826086,False,0.8176227433056545,9,41224.939999999806,"B (partida 0,10 / 2R)"
MNQ,london,2024-07-17,B,0.1,2.0,-1,2024-07-17 09:40:00+01:00,2024-07-17 09:40:00+01:00,2024-07-17 09:50:00+01:00,20321.0,20338.0,20287.0,20338.25,stop,2,17.0,71.48,-67.0,2.48,2.0,-71.48,-1.0511764705882354,False,-1.2508279983494275,9,41258.259999999806,"B (partida 0,10 / 2R)"
MNQ,london,2024-07-18,B,0.1,2.0,-1,2024-07-18 09:30:00+01:00,2024-07-18 09:30:00+01:00,2024-07-18 09:30:00+01:00,20076.0,20081.5,20065.0,20081.75,stop,8,5.5,101.92,-84.0,9.92,8.0,-101.92,-1.1581818181818182,False,-0.1468883621926778,9,41186.7799999998,"B (partida 0,10 / 2R)"
MNQ,london,2024-07-24,B,0.1,2.0,-1,2024-07-24 09:30:00+01:00,2024-07-24 09:30:00+01:00,2024-07-24 09:30:00+01:00,19689.25,19698.0,19671.75,19698.25,stop,5,8.75,96.19999999999999,-85.0,6.2,5.0,-96.2,-1.0994285714285714,False,-0.46016191443125537,9,41084.859999999804,"B (partida 0,10 / 2R)"
MNQ,london,2024-07-26,B,0.1,2.0,1,2024-07-26 09:30:00+01:00,2024-07-26 09:30:00+01:00,2024-07-26 09:30:00+01:00,19167.25,19157.0,19187.75,19156.75,stop,4,10.25,88.96,-80.0,4.96,4.0,-88.96,-1.0848780487804877,False,0.6251111270835151,9,40988.65999999981,"B (partida 0,10 / 2R)"
MNQ,london,2024-07-29,B,0.1,2.0,-1,2024-07-29 09:50:00+01:00,2024-07-29 09:50:00+01:00,2024-07-29 09:50:00+01:00,19242.75,19247.0,19234.25,19247.25,stop,9,4.25,92.16,-72.0,11.16,9.0,-92.16,-1.204705882352941,True,-0.16670631521339802,9,40899.69999999981,"B (partida 0,10 / 2R)"
MNQ,london,2024-07-30,B,0.1,2.0,1,2024-07-30 10:00:00+01:00,2024-07-30 10:00:00+01:00,2024-07-30 10:00:00+01:00,19246.75,19239.25,19261.75,19261.75,objetivo,6,7.5,100.44,183.0,7.4399999999999995,3.0,172.56,1.9173333333333333,False,0.22284470955549257,9,40807.539999999804,"B (partida 0,10 / 2R)"
MNQ,london,2024-08-01,B,0.1,2.0,-1,2024-08-01 09:40:00+01:00,2024-08-01 09:40:00+01:00,2024-08-01 10:10:00+01:00,19526.75,19564.0,19452.25,19564.25,stop,1,37.25,76.24,-74.0,1.24,1.0,-76.24,-1.0233557046979864,False,-1.1999870201455127,9,40980.0999999998,"B (partida 0,10 / 2R)"
MNQ,london,2024-08-02,B,0.1,2.0,-1,2024-08-02 10:35:00+01:00,2024-08-02 10:35:00+01:00,2024-08-02 10:35:00+01:00,18674.75,18681.25,18661.75,18681.5,stop,6,6.5,88.44,-75.0,7.4399999999999995,6.0,-88.44,-1.1338461538461537,False,-0.11801489657883693,10,40903.859999999804,"B (partida 0,10 / 2R)"
MNQ,london,2024-08-06,B,0.1,2.0,-1,2024-08-06 09:40:00+01:00,2024-08-06 09:40:00+01:00,2024-08-06 09:45:00+01:00,18160.25,18182.75,18115.25,18183.0,stop,2,22.5,93.48,-89.0,2.48,2.0,-93.48,-1.0386666666666666,False,-0.8968886723109559,9,40815.4199999998,"B (partida 0,10 / 2R)"
MNQ,london,2024-08-08,B,0.1,2.0,-1,2024-08-08 09:30:00+01:00,2024-08-08 09:30:00+01:00,2024-08-08 09:30:00+01:00,17917.5,17935.5,17881.5,17935.75,stop,2,18.0,75.48,-71.0,2.48,2.0,-75.48,-1.0483333333333333,False,-0.13491939725251803,9,40721.9399999998,"B (partida 0,10 / 2R)"
MNQ,london,2024-08-09,B,0.1,2.0,1,2024-08-09 09:30:00+01:00,2024-08-09 09:30:00+01:00,2024-08-09 09:30:00+01:00,18595.25,18575.25,18635.25,18635.25,objetivo,2,20.0,83.48,161.0,2.48,1.0,157.52,1.969,False,0.7973972985617439,9,40646.459999999795,"B (partida 0,10 / 2R)"
MNQ,london,2024-08-12,B,0.1,2.0,1,2024-08-12 08:50:00+01:00,2024-08-12 08:50:00+01:00,2024-08-12 08:50:00+01:00,18667.0,18658.75,18683.5,18683.5,objetivo,5,8.25,91.19999999999999,167.5,6.2,2.5,158.8,1.924848484848485,False,0.4133885403463482,8,40803.97999999979,"B (partida 0,10 / 2R)"
MNQ,london,2024-08-12,B,0.1,2.0,1,2024-08-12 09:00:00+01:00,2024-08-12 09:00:00+01:00,2024-08-12 09:00:00+01:00,18678.5,18669.25,18697.0,18669.0,stop,5,9.25,101.19999999999999,-90.0,6.2,5.0,-101.2,-1.094054054054054,False,0.9192661442022736,8,40962.779999999795,"B (partida 0,10 / 2R)"
MNQ,london,2024-08-14,B,0.1,2.0,-1,2024-08-14 09:50:00+01:00,2024-08-14 09:50:00+01:00,2024-08-14 10:20:00+01:00,19084.0,19093.25,19065.5,19093.5,stop,5,9.25,101.19999999999999,-90.0,6.2,5.0,-101.2,-1.094054054054054,False,-0.14245150636024154,9,40861.5799999998,"B (partida 0,10 / 2R)"
MNQ,london,2024-08-16,B,0.1,2.0,-1,2024-08-16 08:50:00+01:00,2024-08-16 08:50:00+01:00,2024-08-16 09:40:00+01:00,19640.0,19657.0,19606.0,19606.0,objetivo,2,17.0,71.48,137.0,2.48,1.0,133.52,1.963529411764706,False,-0.7244686248925606,8,40760.3799999998,"B (partida 0,10 / 2R)"
MNQ,london,2024-08-21,B,0.1,2.0,-1,2024-08-21 09:55:00+01:00,2024-08-21 09:55:00+01:00,2024-08-21 10:05:00+01:00,19805.25,19812.5,19790.75,19790.75,objetivo,6,7.25,97.44000000000001,177.0,7.4399999999999995,3.0,166.56,1.9144827586206896,False,-0.2910283981806861,9,40893.8999999998,"B (partida 0,10 / 2R)"
MNQ,london,2024-08-23,B,0.1,2.0,1,2024-08-23 09:50:00+01:00,2024-08-23 09:50:00+01:00,2024-08-23 10:10:00+01:00,19709.25,19697.25,19733.25,19697.0,stop,3,12.0,77.22,-70.5,3.7199999999999998,3.0,-77.22,-1.0725,False,0.14991421221290632,9,41060.459999999795,"B (partida 0,10 / 2R)"
MNQ,london,2024-08-26,B,0.1,2.0,1,2024-08-26 09:40:00+01:00,2024-08-26 09:40:00+01:00,2024-08-26 10:05:00+01:00,19836.5,19829.75,19850.0,19829.5,stop,6,6.75,91.44,-78.0,7.4399999999999995,6.0,-91.44,-1.1288888888888888,False,0.3273961256162304,9,40983.239999999794,"B (partida 0,10 / 2R)"
MNQ,london,2024-08-28,B,0.1,2.0,1,2024-08-28 09:45:00+01:00,2024-08-28 09:45:00+01:00,2024-08-28 10:40:00+01:00,19680.0,19667.75,19704.5,19667.5,stop,3,12.25,78.72,-72.0,3.7199999999999998,3.0,-78.72,-1.0710204081632653,False,0.7826289341082132,9,40891.79999999979,"B (partida 0,10 / 2R)"
MNQ,london,2024-08-29,B,0.1,2.0,1,2024-08-29 09:55:00+01:00,2024-08-29 09:55:00+01:00,2024-08-29 09:55:00+01:00,19396.75,19391.75,19406.75,19406.75,objetivo,8,5.0,93.92,164.0,9.92,4.0,150.08,1.8760000000000001,False,0.16217767230364563,9,40813.07999999979,"B (partida 0,10 / 2R)"
MNQ,london,2024-08-30,B,0.1,2.0,1,2024-08-30 09:45:00+01:00,2024-08-30 09:45:00+01:00,2024-08-30 09:50:00+01:00,19526.5,19515.0,19549.5,19514.75,stop,4,11.5,98.96,-90.0,4.96,4.0,-98.96,-1.0756521739130434,False,0.20806216091356897,9,40963.15999999979,"B (partida 0,10 / 2R)"
MNQ,london,2024-09-05,B,0.1,2.0,1,2024-09-05 09:25:00+01:00,2024-09-05 09:25:00+01:00,2024-09-05 09:30:00+01:00,18981.5,18969.25,19006.0,18969.0,stop,3,12.25,78.72,-72.0,3.7199999999999998,3.0,-78.72,-1.0710204081632653,False,0.2292278735283383,9,40864.19999999979,"B (partida 0,10 / 2R)"
MNQ,london,2024-09-06,B,0.1,2.0,-1,2024-09-06 10:00:00+01:00,2024-09-06 10:00:00+01:00,2024-09-06 10:05:00+01:00,18724.75,18732.25,18709.75,18732.5,stop,6,7.5,100.44,-87.0,7.4399999999999995,6.0,-100.44,-1.1159999999999999,False,-0.2579324784769486,9,40785.47999999979,"B (partida 0,10 / 2R)"
MNQ,london,2024-09-09,B,0.1,2.0,1,2024-09-09 10:10:00+01:00,2024-09-09 10:10:00+01:00,2024-09-09 11:00:00+01:00,18623.0,18600.0,18669.0,18626.0,cierre_sesion,2,23.0,95.48,14.0,2.48,2.0,9.52,0.10347826086956521,False,0.10546157506975241,10,40685.03999999979,"B (partida 0,10 / 2R)"
MNQ,london,2024-09-12,B,0.1,2.0,-1,2024-09-12 09:15:00+01:00,2024-09-12 09:15:00+01:00,2024-09-12 09:30:00+01:00,19283.75,19293.0,19265.25,19293.25,stop,5,9.25,101.19999999999999,-90.0,6.2,5.0,-101.2,-1.094054054054054,False,-0.5585665856579175,9,40694.55999999979,"B (partida 0,10 / 2R)"
MNQ,london,2024-09-16,B,0.1,2.0,1,2024-09-16 09:15:00+01:00,2024-09-16 09:15:00+01:00,2024-09-16 09:30:00+01:00,19534.75,19530.5,19543.25,19530.25,stop,9,4.25,92.16,-72.0,11.16,9.0,-92.16,-1.204705882352941,False,1.4567511710135266,9,40593.35999999979,"B (partida 0,10 / 2R)"
MNQ,london,2024-09-17,B,0.1,2.0,1,2024-09-17 09:40:00+01:00,2024-09-17 09:40:00+01:00,2024-09-17 10:05:00+01:00,19504.75,19498.0,19518.25,19518.25,objetivo,6,6.75,91.44,165.0,7.4399999999999995,3.0,154.56,1.9081481481481481,False,0.3398743323964884,9,40501.199999999786,"B (partida 0,10 / 2R)"
MNQ,london,2024-09-19,B,0.1,2.0,1,2024-09-19 09:35:00+01:00,2024-09-19 09:35:00+01:00,2024-09-19 09:50:00+01:00,19685.5,19677.25,19702.0,19702.0,objetivo,5,8.25,91.19999999999999,167.5,6.2,2.5,158.8,1.924848484848485,False,0.12157650925124958,9,40655.759999999784,"B (partida 0,10 / 2R)"
MNQ,london,2024-09-20,B,0.1,2.0,1,2024-09-20 08:50:00+01:00,2024-09-20 08:50:00+01:00,2024-09-20 09:00:00+01:00,19830.5,19822.0,19847.5,19821.75,stop,5,8.5,93.69999999999999,-82.5,6.2,5.0,-93.7,-1.1023529411764705,False,0.47556719129195946,8,40814.55999999979,"B (partida 0,10 / 2R)"
MNQ,london,2024-10-02,B,0.1,2.0,1,2024-10-02 09:10:00+01:00,2024-10-02 09:10:00+01:00,2024-10-02 09:10:00+01:00,19957.75,19953.25,19966.75,19953.0,stop,9,4.5,96.66,-76.5,11.16,9.0,-96.66,-1.1933333333333334,False,0.38899856877557787,9,40720.85999999979,"B (partida 0,10 / 2R)"
MNQ,london,2024-10-02,B,0.1,2.0,-1,2024-10-02 10:15:00+01:00,2024-10-02 10:15:00+01:00,2024-10-02 10:25:00+01:00,19922.75,19930.0,19908.25,19908.25,objetivo,6,7.25,97.44000000000001,177.0,7.4399999999999995,3.0,166.56,1.9144827586206896,False,-0.133932019349411,10,40624.199999999786,"B (partida 0,10 / 2R)"
MNQ,london,2024-10-07,B,0.1,2.0,-1,2024-10-07 09:40:00+01:00,2024-10-07 09:40:00+01:00,2024-10-07 10:00:00+01:00,20141.5,20165.25,20094.0,20094.0,objetivo,2,23.75,98.48,191.0,2.48,1.0,187.52,1.9738947368421054,False,-0.12257076570829363,9,40790.759999999784,"B (partida 0,10 / 2R)"
MNQ,london,2024-10-10,B,0.1,2.0,-1,2024-10-10 09:45:00+01:00,2024-10-10 09:45:00+01:00,2024-10-10 10:30:00+01:00,20416.25,20428.0,20392.75,20428.25,stop,4,11.75,100.96,-92.0,4.96,4.0,-100.96,-1.0740425531914892,False,-0.13315703243551794,9,40978.27999999978,"B (partida 0,10 / 2R)"
MNQ,london,2024-10-11,B,0.1,2.0,-1,2024-10-11 09:50:00+01:00,2024-10-11 09:50:00+01:00,2024-10-11 10:05:00+01:00,20358.5,20378.75,20318.0,20379.0,stop,2,20.25,84.48,-80.0,2.48,2.0,-84.48,-1.042962962962963,False,-0.2575629239848794,9,40877.31999999978,"B (partida 0,10 / 2R)"
MNQ,london,2024-10-15,B,0.1,2.0,-1,2024-10-15 09:40:00+01:00,2024-10-15 09:40:00+01:00,2024-10-15 09:40:00+01:00,20570.0,20574.25,20561.5,20574.5,stop,9,4.25,92.16,-72.0,11.16,9.0,-92.16,-1.204705882352941,False,-0.7755973500566736,9,40792.83999999978,"B (partida 0,10 / 2R)"
MNQ,london,2024-10-17,B,0.1,2.0,1,2024-10-17 09:40:00+01:00,2024-10-17 09:40:00+01:00,2024-10-17 09:45:00+01:00,20473.5,20469.75,20481.0,20481.0,objetivo,11,3.75,101.64,170.5,13.64,5.5,151.36,1.834666666666667,False,0.5033187846852731,9,40700.679999999775,"B (partida 0,10 / 2R)"
MNQ,london,2024-10-30,B,0.1,2.0,-1,2024-10-30 08:55:00+00:00,2024-10-30 08:55:00+00:00,2024-10-30 09:10:00+00:00,20724.75,20734.5,20705.25,20734.75,stop,4,9.75,84.96,-76.0,4.96,4.0,-84.96,-1.0892307692307692,False,-0.45065352476184795,8,40852.039999999775,"B (partida 0,10 / 2R)"
MNQ,london,2024-10-30,B,0.1,2.0,-1,2024-10-30 09:20:00+00:00,2024-10-30 09:20:00+00:00,2024-10-30 09:20:00+00:00,20734.25,20738.5,20725.75,20738.75,stop,9,4.25,92.16,-72.0,11.16,9.0,-92.16,-1.204705882352941,False,-0.43011105482802137,9,40767.079999999776,"B (partida 0,10 / 2R)"
MNQ,london,2024-11-06,B,0.1,2.0,1,2024-11-06 09:45:00+00:00,2024-11-06 09:45:00+00:00,2024-11-06 10:05:00+00:00,20710.25,20695.0,20740.75,20694.75,stop,3,15.25,96.71999999999998,-90.0,3.7199999999999998,3.0,-96.72,-1.0570491803278688,False,0.10954002792910197,9,40674.91999999977,"B (partida 0,10 / 2R)"
MNQ,london,2024-11-08,B,0.1,2.0,-1,2024-11-08 10:15:00+00:00,2024-11-08 10:15:00+00:00,2024-11-08 10:30:00+00:00,21203.0,21214.0,21181.0,21181.0,objetivo,4,11.0,94.96,178.0,4.96,2.0,171.04,1.9436363636363636,False,-0.5000349393747522,10,40578.19999999977,"B (partida 0,10 / 2R)"
MNQ,london,2024-11-13,B,0.1,2.0,1,2024-11-13 09:30:00+00:00,2024-11-13 09:30:00+00:00,2024-11-13 09:40:00+00:00,21170.25,21166.5,21177.75,21166.25,stop,11,3.75,101.64,-77.0,13.64,11.0,-101.64,-1.232,False,0.9897440918044512,9,40749.23999999977,"B (partida 0,10 / 2R)"
MNQ,london,2024-11-18,B,0.1,2.0,-1,2024-11-18 09:35:00+00:00,2024-11-18 09:35:00+00:00,2024-11-18 11:00:00+00:00,20570.5,20591.25,20529.0,20588.0,cierre_sesion,2,20.75,86.48,-68.0,2.48,2.0,-72.48,-0.8732530120481928,False,-0.6694577881715731,9,40647.59999999977,"B (partida 0,10 / 2R)"
MNQ,london,2024-11-19,B,0.1,2.0,-1,2024-11-19 10:00:00+00:00,2024-11-19 10:00:00+00:00,2024-11-19 10:00:00+00:00,20540.5,20560.5,20500.5,20560.75,stop,2,20.0,83.48,-79.0,2.48,2.0,-83.48,-1.0435,False,-0.8655416586907029,9,40575.11999999977,"B (partida 0,10 / 2R)"
MNQ,london,2024-11-20,B,0.1,2.0,-1,2024-11-20 09:30:00+00:00,2024-11-20 09:30:00+00:00,2024-11-20 09:50:00+00:00,20812.25,20824.75,20787.25,20787.25,objetivo,3,12.5,80.22,151.5,3.7199999999999998,1.5,146.28,1.9504,False,-0.19458211077640605,9,40491.63999999977,"B (partida 0,10 / 2R)"
MNQ,london,2024-11-21,B,0.1,2.0,-1,2024-11-21 08:40:00+00:00,2024-11-21 08:40:00+00:00,2024-11-21 08:50:00+00:00,20647.5,20673.5,20595.5,20673.75,stop,1,26.0,53.74,-51.5,1.24,1.0,-53.74,-1.0334615384615384,False,-0.3505116484861578,8,40637.919999999765,"B (partida 0,10 / 2R)"
MNQ,london,2024-11-21,B,0.1,2.0,-1,2024-11-21 09:05:00+00:00,2024-11-21 09:05:00+00:00,2024-11-21 09:25:00+00:00,20650.0,20677.25,20595.5,20595.5,objetivo,1,27.25,56.24,109.5,1.24,0.5,107.76,1.9772477064220184,False,-0.22202125740077505,9,40584.17999999977,"B (partida 0,10 / 2R)"
MNQ,london,2024-11-22,B,0.1,2.0,-1,2024-11-22 09:10:00+00:00,2024-11-22 09:10:00+00:00,2024-11-22 09:30:00+00:00,20772.0,20806.0,20704.0,20704.0,objetivo,1,34.0,69.74,136.5,1.24,0.5,134.76,1.9817647058823529,False,-0.2167989173318503,9,40691.93999999977,"B (partida 0,10 / 2R)"
MNQ,london,2024-11-22,B,0.1,2.0,-1,2024-11-22 09:45:00+00:00,2024-11-22 09:45:00+00:00,2024-11-22 09:45:00+00:00,20714.0,20718.0,20706.0,20718.25,stop,10,4.0,97.4,-75.0,12.4,10.0,-97.4,-1.2175,False,-1.5774294769192303,9,40826.69999999977,"B (partida 0,10 / 2R)"
MNQ,london,2024-11-27,B,0.1,2.0,-1,2024-11-27 09:30:00+00:00,2024-11-27 09:30:00+00:00,2024-11-27 10:55:00+00:00,20917.75,20931.5,20890.25,20931.75,stop,3,13.75,87.72,-81.0,3.7199999999999998,3.0,-87.72,-1.0632727272727274,False,-0.27794467877174256,9,40729.29999999977,"B (partida 0,10 / 2R)"
MNQ,london,2024-11-29,B,0.1,2.0,1,2024-11-29 09:25:00+00:00,2024-11-29 09:25:00+00:00,2024-11-29 09:30:00+00:00,20907.5,20902.5,20917.5,20902.25,stop,8,5.0,93.92,-76.0,9.92,8.0,-93.92,-1.174,False,0.24536049988638323,9,40641.57999999977,"B (partida 0,10 / 2R)"
MNQ,london,2024-12-03,B,0.1,2.0,-1,2024-12-03 09:25:00+00:00,2024-12-03 09:25:00+00:00,2024-12-03 10:35:00+00:00,21217.5,21223.25,21206.0,21206.0,objetivo,7,5.75,92.68,164.5,8.68,3.5,152.32,1.8921739130434783,False,-0.24730993345029229,9,40547.65999999977,"B (partida 0,10 / 2R)"
MNQ,london,2024-12-04,B,0.1,2.0,1,2024-12-04 09:40:00+00:00,2024-12-04 09:40:00+00:00,2024-12-04 10:15:00+00:00,21389.25,21382.75,21402.25,21402.25,objetivo,6,6.5,88.44,159.0,7.4399999999999995,3.0,148.56,1.9046153846153846,False,0.7567845406689597,9,40699.97999999977,"B (partida 0,10 / 2R)"
MNQ,london,2024-12-11,B,0.1,2.0,1,2024-12-11 09:40:00+00:00,2024-12-11 09:40:00+00:00,2024-12-11 10:15:00+00:00,21451.75,21444.75,21465.75,21444.5,stop,6,7.0,94.44,-81.0,7.4399999999999995,6.0,-94.44,-1.1242857142857143,False,0.3673413780715198,9,40848.53999999977,"B (partida 0,10 / 2R)"
MNQ,london,2024-12-12,B,0.1,2.0,-1,2024-12-12 09:05:00+00:00,2024-12-12 09:05:00+00:00,2024-12-12 09:55:00+00:00,21753.0,21763.25,21732.5,21732.5,objetivo,4,10.25,88.96,166.0,4.96,2.0,159.04,1.9395121951219512,False,-0.3841318757115345,9,40754.099999999766,"B (partida 0,10 / 2R)"
MNQ,london,2024-12-13,B,0.1,2.0,1,2024-12-13 09:45:00+00:00,2024-12-13 09:45:00+00:00,2024-12-13 11:00:00+00:00,21778.25,21765.75,21803.25,21791.5,cierre_sesion,3,12.5,80.22,82.5,3.7199999999999998,3.0,75.78,1.0104,False,0.4598990040635182,9,40913.13999999977,"B (partida 0,10 / 2R)"
MNQ,london,2024-12-18,B,0.1,2.0,1,2024-12-18 10:00:00+00:00,2024-12-18 10:00:00+00:00,2024-12-18 10:15:00+00:00,22050.0,22041.25,22067.5,22067.5,objetivo,5,8.75,96.19999999999999,177.5,6.2,2.5,168.8,1.9291428571428573,False,0.17817294365237263,9,40988.919999999765,"B (partida 0,10 / 2R)"
MNQ,london,2024-12-20,B,0.1,2.0,-1,2024-12-20 09:40:00+00:00,2024-12-20 09:40:00+00:00,2024-12-20 09:45:00+00:00,20869.5,20880.75,20847.0,20847.0,objetivo,4,11.25,96.96,182.0,4.96,2.0,175.04,1.944888888888889,False,-0.5641898813693134,9,41157.71999999977,"B (partida 0,10 / 2R)"
MNQ,london,2024-12-26,B,0.1,2.0,-1,2024-12-26 09:50:00+00:00,2024-12-26 09:50:00+00:00,2024-12-26 09:50:00+00:00,21969.75,21980.25,21948.75,21948.75,objetivo,4,10.5,90.96,170.0,4.96,2.0,163.04,1.9409523809523808,False,-0.30081872480662614,9,41332.75999999977,"B (partida 0,10 / 2R)"
MNQ,london,2024-12-30,B,0.1,2.0,1,2024-12-30 08:45:00+00:00,2024-12-30 08:45:00+00:00,2024-12-30 08:45:00+00:00,21660.5,21656.5,21668.5,21656.25,stop,10,4.0,97.4,-75.0,12.4,10.0,-97.4,-1.2175,False,0.6634480469482785,8,41495.79999999977,"B (partida 0,10 / 2R)"
MNQ,london,2024-12-31,B,0.1,2.0,1,2024-12-31 09:35:00+00:00,2024-12-31 09:35:00+00:00,2024-12-31 09:35:00+00:00,21482.75,21479.25,21489.75,21479.0,stop,11,3.5,96.14,-71.5,13.64,11.0,-96.14,-1.2485714285714287,True,2.0921827125958585,9,41398.39999999977,"B (partida 0,10 / 2R)"
MNQ,london,2025-01-06,B,0.1,2.0,1,2025-01-06 09:25:00+00:00,2025-01-06 09:25:00+00:00,2025-01-06 10:15:00+00:00,21651.25,21634.25,21685.25,21685.25,objetivo,2,17.0,71.48,137.0,2.48,1.0,133.52,1.963529411764706,False,1.4324574391329168,9,41302.25999999977,"B (partida 0,10 / 2R)"
MNQ,london,2025-01-07,B,0.1,2.0,1,2025-01-07 09:25:00+00:00,2025-01-07 09:25:00+00:00,2025-01-07 09:25:00+00:00,21756.25,21751.25,21766.25,21751.0,stop,8,5.0,93.92,-76.0,9.92,8.0,-93.92,-1.174,False,0.6304891602087805,9,41435.779999999766,"B (partida 0,10 / 2R)"
MNQ,london,2025-01-08,B,0.1,2.0,1,2025-01-08 09:00:00+00:00,2025-01-08 09:00:00+00:00,2025-01-08 09:00:00+00:00,21411.75,21403.75,21427.75,21427.75,objetivo,5,8.0,88.69999999999999,162.5,6.2,2.5,153.8,1.9225,False,0.2647279765334888,8,41341.85999999977,"B (partida 0,10 / 2R)"
MNQ,london,2025-01-10,B,0.1,2.0,1,2025-01-10 08:45:00+00:00,2025-01-10 08:45:00+00:00,2025-01-10 08:45:00+00:00,21290.75,21284.75,21302.75,21284.5,stop,7,6.0,96.18,-80.5,8.68,7.0,-96.18,-1.145,False,0.5916105562367537,8,41495.65999999977,"B (partida 0,10 / 2R)"
MNQ,london,2025-01-10,B,0.1,2.0,1,2025-01-10 09:00:00+00:00,2025-01-10 09:00:00+00:00,2025-01-10 09:00:00+00:00,21283.75,21268.25,21314.75,21268.0,stop,3,15.5,98.22,-91.5,3.7199999999999998,3.0,-98.22,-1.0561290322580645,False,0.11046206804617721,8,41399.47999999977,"B (partida 0,10 / 2R)"
MNQ,london,2025-01-13,B,0.1,2.0,-1,2025-01-13 09:45:00+00:00,2025-01-13 09:45:00+00:00,2025-01-13 10:25:00+00:00,20708.75,20743.0,20640.25,20743.25,stop,1,34.25,70.24,-68.0,1.24,1.0,-70.24,-1.0254014598540144,False,-0.9278724125830348,9,41301.25999999977,"B (partida 0,10 / 2R)"
MNQ,london,2025-01-17,B,0.1,2.0,1,2025-01-17 09:35:00+00:00,2025-01-17 09:35:00+00:00,2025-01-17 09:35:00+00:00,21348.25,21341.5,21361.75,21341.25,stop,6,6.75,91.44,-78.0,7.4399999999999995,6.0,-91.44,-1.1288888888888888,False,1.300499968903055,9,41231.01999999977,"B (partida 0,10 / 2R)"
MNQ,london,2025-01-21,B,0.1,2.0,1,2025-01-21 09:30:00+00:00,2025-01-21 09:30:00+00:00,2025-01-21 09:55:00+00:00,21674.5,21661.5,21700.5,21700.5,objetivo,3,13.0,83.22,157.5,3.7199999999999998,1.5,152.28,1.9523076923076923,False,0.5635571899186844,9,41139.57999999977,"B (partida 0,10 / 2R)"
MNQ,london,2025-01-22,B,0.1,2.0,1,2025-01-22 09:50:00+00:00,2025-01-22 09:50:00+00:00,2025-01-22 09:55:00+00:00,21884.0,21880.0,21892.0,21892.0,objetivo,10,4.0,97.4,165.0,12.4,5.0,147.6,1.845,False,0.27796273328702936,9,41291.85999999977,"B (partida 0,10 / 2R)"
MNQ,london,2025-01-27,B,0.1,2.0,-1,2025-01-27 09:55:00+00:00,2025-01-27 09:55:00+00:00,2025-01-27 09:55:00+00:00,21189.0,21197.5,21172.0,21172.0,objetivo,5,8.5,93.69999999999999,172.5,6.2,2.5,163.8,1.927058823529412,False,-0.2261985720558217,9,41439.459999999766,"B (partida 0,10 / 2R)"
MNQ,london,2025-01-28,B,0.1,2.0,1,2025-01-28 09:40:00+00:00,2025-01-28 09:40:00+00:00,2025-01-28 09:45:00+00:00,21365.0,21353.25,21388.5,21388.5,objetivo,4,11.75,100.96,190.0,4.96,2.0,183.04,1.9472340425531913,False,0.1788839065158324,9,41603.25999999977,"B (partida 0,10 / 2R)"
MNQ,london,2025-02-05,B,0.1,2.0,-1,2025-02-05 09:30:00+00:00,2025-02-05 09:30:00+00:00,2025-02-05 09:40:00+00:00,21466.25,21476.5,21445.75,21445.75,objetivo,4,10.25,88.96,166.0,4.96,2.0,159.04,1.9395121951219512,False,-0.22273686346928587,9,41786.29999999977,"B (partida 0,10 / 2R)"
MNQ,london,2025-02-06,B,0.1,2.0,-1,2025-02-06 10:35:00+00:00,2025-02-06 10:35:00+00:00,2025-02-06 10:35:00+00:00,21783.25,21787.5,21774.75,21787.75,stop,10,4.25,102.4,-80.0,12.4,10.0,-102.4,-1.2047058823529413,False,-0.10838626500695288,10,41945.33999999977,"B (partida 0,10 / 2R)"
MNQ,london,2025-02-07,B,0.1,2.0,-1,2025-02-07 08:55:00+00:00,2025-02-07 08:55:00+00:00,2025-02-07 09:00:00+00:00,21844.5,21852.25,21829.0,21852.5,stop,6,7.75,103.44,-90.0,7.4399999999999995,6.0,-103.44,-1.112258064516129,False,-0.5230473105566489,8,41842.93999999977,"B (partida 0,10 / 2R)"
MNQ,london,2025-02-07,B,0.1,2.0,-1,2025-02-07 09:15:00+00:00,2025-02-07 09:15:00+00:00,2025-02-07 09:40:00+00:00,21846.75,21860.25,21819.75,21860.5,stop,3,13.5,86.22,-79.5,3.7199999999999998,3.0,-86.22,-1.0644444444444445,False,-0.2425738729788188,9,41739.49999999977,"B (partida 0,10 / 2R)"
MNQ,london,2025-02-12,B,0.1,2.0,-1,2025-02-12 09:35:00+00:00,2025-02-12 09:35:00+00:00,2025-02-12 09:35:00+00:00,21761.0,21765.25,21752.5,21765.5,stop,10,4.25,102.4,-80.0,12.4,10.0,-102.4,-1.2047058823529413,False,-1.8112002691610165,9,41653.279999999766,"B (partida 0,10 / 2R)"
MNQ,london,2025-02-14,B,0.1,2.0,-1,2025-02-14 10:15:00+00:00,2025-02-14 10:15:00+00:00,2025-02-14 10:30:00+00:00,22110.75,22119.75,22092.75,22120.0,stop,5,9.0,98.69999999999999,-87.5,6.2,5.0,-98.7,-1.0966666666666667,False,-0.1335366908925851,10,41550.879999999765,"B (partida 0,10 / 2R)"
MNQ,london,2025-02-26,B,0.1,2.0,1,2025-02-26 09:25:00+00:00,2025-02-26 09:25:00+00:00,2025-02-26 09:25:00+00:00,21324.75,21317.75,21338.75,21317.5,stop,6,7.0,94.44,-81.0,7.4399999999999995,6.0,-94.44,-1.1242857142857143,False,1.107842745807977,9,41452.17999999977,"B (partida 0,10 / 2R)"
MNQ,london,2025-02-28,B,0.1,2.0,1,2025-02-28 09:50:00+00:00,2025-02-28 09:50:00+00:00,2025-02-28 09:55:00+00:00,20665.0,20656.25,20682.5,20656.0,stop,5,8.75,96.19999999999999,-85.0,6.2,5.0,-96.2,-1.0994285714285714,False,0.1508262220162666,9,41357.739999999765,"B (partida 0,10 / 2R)"
MNQ,london,2025-03-04,B,0.1,2.0,-1,2025-03-04 10:10:00+00:00,2025-03-04 10:10:00+00:00,2025-03-04 10:10:00+00:00,20493.0,20503.5,20472.0,20503.75,stop,4,10.5,90.96,-82.0,4.96,4.0,-90.96,-1.0828571428571427,False,-0.2623216109840819,10,41261.53999999977,"B (partida 0,10 / 2R)"
MNQ,london,2025-03-06,B,0.1,2.0,-1,2025-03-06 09:30:00+00:00,2025-03-06 09:30:00+00:00,2025-03-06 09:40:00+00:00,20396.0,20428.0,20332.0,20428.25,stop,1,32.0,65.74,-63.5,1.24,1.0,-65.74,-1.0271875,False,-0.7095800096408013,9,41170.57999999977,"B (partida 0,10 / 2R)"
MNQ,london,2025-03-07,B,0.1,2.0,1,2025-03-07 09:30:00+00:00,2025-03-07 09:30:00+00:00,2025-03-07 09:40:00+00:00,20205.0,20192.25,20230.5,20192.0,stop,3,12.75,81.72,-75.0,3.7199999999999998,3.0,-81.72,-1.068235294117647,False,0.708400591062581,9,41104.83999999977,"B (partida 0,10 / 2R)"
MNQ,london,2025-03-12,B,0.1,2.0,1,2025-03-12 09:15:00+00:00,2025-03-12 09:15:00+00:00,2025-03-12 09:15:00+00:00,19534.5,19528.25,19547.0,19528.0,stop,7,6.25,99.68,-84.0,8.68,7.0,-99.68,-1.1392,False,1.0247925156508877,9,41023.11999999977,"B (partida 0,10 / 2R)"
MNQ,london,2025-03-14,B,0.1,2.0,1,2025-03-14 09:05:00+00:00,2025-03-14 09:05:00+00:00,2025-03-14 09:20:00+00:00,19437.75,19428.5,19456.25,19456.25,objetivo,5,9.25,101.19999999999999,187.5,6.2,2.5,178.8,1.932972972972973,False,0.3002199015161355,9,40923.43999999977,"B (partida 0,10 / 2R)"
MNQ,london,2025-03-17,B,0.1,2.0,1,2025-03-17 09:30:00+00:00,2025-03-17 09:30:00+00:00,2025-03-17 10:20:00+00:00,19622.0,19607.0,19652.0,19652.0,objetivo,3,15.0,95.22,181.5,3.7199999999999998,1.5,176.28,1.9586666666666668,False,0.2542837401949363,9,41102.23999999977,"B (partida 0,10 / 2R)"
MNQ,london,2025-03-20,B,0.1,2.0,-1,2025-03-20 09:10:00+00:00,2025-03-20 09:10:00+00:00,2025-03-20 09:25:00+00:00,19832.5,19842.75,19812.0,19812.0,objetivo,4,10.25,88.96,166.0,4.96,2.0,159.04,1.9395121951219512,False,-0.2516932227057791,9,41278.51999999977,"B (partida 0,10 / 2R)"
MNQ,london,2025-03-20,B,0.1,2.0,-1,2025-03-20 09:45:00+00:00,2025-03-20 09:45:00+00:00,2025-03-20 09:50:00+00:00,19768.25,19785.0,19734.75,19734.75,objetivo,2,16.75,70.48,135.0,2.48,1.0,131.52,1.9629850746268658,False,-1.5756890788292492,9,41437.55999999977,"B (partida 0,10 / 2R)"
MNQ,london,2025-03-21,B,0.1,2.0,-1,2025-03-21 09:20:00+00:00,2025-03-21 09:20:00+00:00,2025-03-21 09:25:00+00:00,19574.75,19590.75,19542.75,19591.0,stop,3,16.0,101.22,-94.5,3.7199999999999998,3.0,-101.22,-1.054375,False,-0.448118180190368,9,41569.07999999977,"B (partida 0,10 / 2R)"
MNQ,london,2025-03-26,B,0.1,2.0,-1,2025-03-26 09:55:00+00:00,2025-03-26 09:55:00+00:00,2025-03-26 10:35:00+00:00,20437.5,20460.75,20391.0,20461.0,stop,2,23.25,96.48,-92.0,2.48,2.0,-96.48,-1.0374193548387096,False,-0.16746718091467203,9,41467.85999999977,"B (partida 0,10 / 2R)"
MNQ,london,2025-03-31,B,0.1,2.0,1,2025-03-31 08:55:00+01:00,2025-03-31 08:55:00+01:00,2025-03-31 08:55:00+01:00,19264.0,19251.0,19290.0,19250.75,stop,3,13.0,83.22,-76.5,3.7199999999999998,3.0,-83.22,-1.0669230769230769,False,0.5271975440934923,8,41371.379999999765,"B (partida 0,10 / 2R)"
MNQ,london,2025-04-01,B,0.1,2.0,1,2025-04-01 09:55:00+01:00,2025-04-01 09:55:00+01:00,2025-04-01 10:30:00+01:00,19466.75,19452.5,19495.25,19495.25,objetivo,3,14.25,90.72,172.5,3.7199999999999998,1.5,167.28,1.9564912280701754,False,0.30352152622334605,9,41288.15999999976,"B (partida 0,10 / 2R)"
MNQ,london,2025-04-10,B,0.1,2.0,-1,2025-04-10 09:45:00+01:00,2025-04-10 09:45:00+01:00,2025-04-10 09:45:00+01:00,18845.25,18858.0,18819.75,18858.25,stop,3,12.75,81.72,-75.0,3.7199999999999998,3.0,-81.72,-1.068235294117647,False,-0.925724759416377,9,41455.43999999976,"B (partida 0,10 / 2R)"
MNQ,london,2025-04-16,B,0.1,2.0,1,2025-04-16 10:15:00+01:00,2025-04-16 10:15:00+01:00,2025-04-16 10:15:00+01:00,18720.0,18714.5,18731.0,18714.25,stop,8,5.5,101.92,-84.0,9.92,8.0,-101.92,-1.1581818181818182,True,0.5669424574161028,10,41373.71999999976,"B (partida 0,10 / 2R)"
MNQ,london,2025-04-21,B,0.1,2.0,-1,2025-04-21 10:20:00+01:00,2025-04-21 10:20:00+01:00,2025-04-21 10:25:00+01:00,18138.25,18153.0,18108.75,18153.25,stop,3,14.75,93.72,-87.0,3.7199999999999998,3.0,-93.72,-1.0589830508474576,False,-0.26042559613043104,10,41271.79999999976,"B (partida 0,10 / 2R)"
MNQ,london,2025-04-23,B,0.1,2.0,1,2025-04-23 08:55:00+01:00,2025-04-23 08:55:00+01:00,2025-04-23 09:10:00+01:00,18782.5,18767.75,18812.0,18812.0,objetivo,3,14.75,93.72,178.5,3.7199999999999998,1.5,173.28,1.9579661016949153,False,0.4885201852491296,8,41178.07999999976,"B (partida 0,10 / 2R)"
MNQ,london,2025-04-24,B,0.1,2.0,-1,2025-04-24 09:20:00+01:00,2025-04-24 09:20:00+01:00,2025-04-24 09:40:00+01:00,18652.5,18673.75,18610.0,18610.0,objetivo,2,21.25,88.48,171.0,2.48,1.0,167.52,1.9708235294117649,False,-0.40372291162467294,9,41351.35999999976,"B (partida 0,10 / 2R)"
MNQ,london,2025-05-05,B,0.1,2.0,-1,2025-05-05 09:50:00+01:00,2025-05-05 09:50:00+01:00,2025-05-05 10:30:00+01:00,20006.5,20023.75,19972.0,20024.0,stop,2,17.25,72.48,-68.0,2.48,2.0,-72.48,-1.0504347826086957,False,-0.48539162019724635,9,41518.87999999976,"B (partida 0,10 / 2R)"
MNQ,london,2025-05-06,B,0.1,2.0,-1,2025-05-06 09:30:00+01:00,2025-05-06 09:30:00+01:00,2025-05-06 09:35:00+01:00,19838.25,19860.0,19794.75,19860.25,stop,2,21.75,90.48,-86.0,2.48,2.0,-90.48,-1.04,False,-1.2073737232316346,9,41446.399999999754,"B (partida 0,10 / 2R)"
MNQ,london,2025-05-08,B,0.1,2.0,1,2025-05-08 09:40:00+01:00,2025-05-08 09:40:00+01:00,2025-05-08 10:20:00+01:00,20212.5,20201.0,20235.5,20235.5,objetivo,4,11.5,98.96,186.0,4.96,2.0,179.04,1.9460869565217391,False,0.5217902468287492,9,41355.91999999975,"B (partida 0,10 / 2R)"
MNQ,london,2025-05-09,B,0.1,2.0,1,2025-05-09 08:45:00+01:00,2025-05-09 08:45:00+01:00,2025-05-09 08:55:00+01:00,20221.25,20204.25,20255.25,20204.0,stop,2,17.0,71.48,-67.0,2.48,2.0,-71.48,-1.0511764705882354,False,0.39341846978581724,8,41534.95999999975,"B (partida 0,10 / 2R)"
MNQ,london,2025-05-12,B,0.1,2.0,1,2025-05-12 10:05:00+01:00,2025-05-12 10:05:00+01:00,2025-05-12 11:00:00+01:00,20897.75,20873.75,20945.75,20907.0,cierre_sesion,2,24.0,99.48,39.0,2.48,2.0,34.52,0.35958333333333337,False,0.21220593419692885,10,41463.47999999975,"B (partida 0,10 / 2R)"
MNQ,london,2025-05-15,B,0.1,2.0,-1,2025-05-15 09:35:00+01:00,2025-05-15 09:35:00+01:00,2025-05-15 09:50:00+01:00,21254.75,21273.75,21216.75,21216.75,objetivo,2,19.0,79.48,153.0,2.48,1.0,149.52,1.9673684210526317,False,-0.5916971103009304,9,41497.999999999745,"B (partida 0,10 / 2R)"
MNQ,london,2025-05-16,B,0.1,2.0,1,2025-05-16 09:35:00+01:00,2025-05-16 09:35:00+01:00,2025-05-16 09:35:00+01:00,21466.25,21456.25,21486.25,21456.0,stop,4,10.0,86.96,-78.0,4.96,4.0,-86.96,-1.087,False,0.9861693563082118,9,41647.51999999974,"B (partida 0,10 / 2R)"
MNQ,london,2025-05-19,B,0.1,2.0,-1,2025-05-19 09:40:00+01:00,2025-05-19 09:40:00+01:00,2025-05-19 09:40:00+01:00,21133.25,21139.75,21120.25,21120.25,objetivo,7,6.5,103.18,185.5,8.68,3.5,173.32,1.9046153846153846,False,-0.7332984358116469,9,41560.55999999974,"B (partida 0,10 / 2R)"
MNQ,london,2025-05-21,B,0.1,2.0,-1,2025-05-21 09:50:00+01:00,2025-05-21 09:50:00+01:00,2025-05-21 09:50:00+01:00,21307.0,21311.5,21298.0,21311.75,stop,9,4.5,96.66,-76.5,11.16,9.0,-96.66,-1.1933333333333334,False,-0.2897887086279373,9,41733.87999999974,"B (partida 0,10 / 2R)"
MNQ,london,2025-05-22,B,0.1,2.0,1,2025-05-22 09:50:00+01:00,2025-05-22 09:50:00+01:00,2025-05-22 09:55:00+01:00,21208.5,21202.0,21221.5,21201.75,stop,7,6.5,103.18,-87.5,8.68,7.0,-103.18,-1.133846153846154,False,0.10221155696978859,9,41637.21999999974,"B (partida 0,10 / 2R)"
MNQ,london,2025-05-23,B,0.1,2.0,1,2025-05-23 09:40:00+01:00,2025-05-23 09:40:00+01:00,2025-05-23 09:40:00+01:00,21202.75,21197.75,21212.75,21197.5,stop,8,5.0,93.92,-76.0,9.92,8.0,-93.92,-1.174,False,0.17731906654437238,9,41534.03999999974,"B (partida 0,10 / 2R)"
MNQ,london,2025-05-26,B,0.1,2.0,1,2025-05-26 09:45:00+01:00,2025-05-26 09:45:00+01:00,2025-05-26 09:50:00+01:00,21274.25,21265.25,21292.25,21265.0,stop,5,9.0,98.69999999999999,-87.5,6.2,5.0,-98.7,-1.0966666666666667,False,0.16439453743819135,9,41440.11999999974,"B (partida 0,10 / 2R)"
MNQ,london,2025-05-28,B,0.1,2.0,-1,2025-05-28 09:20:00+01:00,2025-05-28 09:20:00+01:00,2025-05-28 09:25:00+01:00,21429.5,21434.0,21420.5,21434.25,stop,9,4.5,96.66,-76.5,11.16,9.0,-96.66,-1.1933333333333334,False,-0.4632013588803236,9,41341.41999999974,"B (partida 0,10 / 2R)"
MNQ,london,2025-06-04,B,0.1,2.0,1,2025-06-04 09:25:00+01:00,2025-06-04 09:25:00+01:00,2025-06-04 09:25:00+01:00,21740.0,21730.5,21759.0,21730.25,stop,4,9.5,82.96,-74.0,4.96,4.0,-82.96,-1.091578947368421,False,1.839310120897129,9,41244.75999999974,"B (partida 0,10 / 2R)"
MNQ,london,2025-06-05,B,0.1,2.0,1,2025-06-05 09:40:00+01:00,2025-06-05 09:40:00+01:00,2025-06-05 09:40:00+01:00,21826.0,21821.75,21834.5,21821.5,stop,10,4.25,102.4,-80.0,12.4,10.0,-102.4,-1.2047058823529413,False,0.40957294532682026,9,41161.79999999974,"B (partida 0,10 / 2R)"
MNQ,london,2025-06-09,B,0.1,2.0,1,2025-06-09 10:15:00+01:00,2025-06-09 10:15:00+01:00,2025-06-09 10:15:00+01:00,21788.25,21777.75,21809.25,21777.5,stop,4,10.5,90.96,-82.0,4.96,4.0,-90.96,-1.0828571428571427,False,0.17407864483523178,10,41059.39999999974,"B (partida 0,10 / 2R)"
MNQ,london,2025-06-11,B,0.1,2.0,1,2025-06-11 09:25:00+01:00,2025-06-11 09:25:00+01:00,2025-06-11 09:30:00+01:00,21932.5,21926.0,21945.5,21945.5,objetivo,6,6.5,88.44,159.0,7.4399999999999995,3.0,148.56,1.9046153846153846,False,0.6498296094402789,9,40968.43999999974,"B (partida 0,10 / 2R)"
MNQ,london,2025-06-16,B,0.1,2.0,1,2025-06-16 09:50:00+01:00,2025-06-16 09:50:00+01:00,2025-06-16 09:55:00+01:00,21784.75,21779.75,21794.75,21779.5,stop,8,5.0,93.92,-76.0,9.92,8.0,-93.92,-1.174,False,0.11344667846410342,9,41116.99999999974,"B (partida 0,10 / 2R)"
MNQ,london,2025-07-02,B,0.1,2.0,-1,2025-07-02 09:00:00+01:00,2025-07-02 09:00:00+01:00,2025-07-02 09:00:00+01:00,22724.0,22728.25,22715.5,22728.5,stop,10,4.25,102.4,-80.0,12.4,10.0,-102.4,-1.2047058823529413,False,-1.0895233035344145,8,41023.07999999974,"B (partida 0,10 / 2R)"
MNQ,london,2025-07-04,B,0.1,2.0,-1,2025-07-04 09:55:00+01:00,2025-07-04 09:55:00+01:00,2025-07-04 11:00:00+01:00,22932.25,22953.0,22890.75,22945.5,cierre_sesion,2,20.75,86.48,-51.0,2.48,2.0,-55.48,-0.668433734939759,False,-0.10572389053781621,9,40920.67999999974,"B (partida 0,10 / 2R)"
MNQ,london,2025-07-07,B,0.1,2.0,-1,2025-07-07 09:35:00+01:00,2025-07-07 09:35:00+01:00,2025-07-07 09:35:00+01:00,22923.5,22928.5,22913.5,22928.75,stop,8,5.0,93.92,-76.0,9.92,8.0,-93.92,-1.174,False,-0.5331412984691024,9,40865.199999999735,"B (partida 0,10 / 2R)"
MNQ,london,2025-07-08,B,0.1,2.0,1,2025-07-08 09:25:00+01:00,2025-07-08 09:25:00+01:00,2025-07-08 09:35:00+01:00,22951.25,22940.0,22973.75,22939.75,stop,4,11.25,96.96,-88.0,4.96,4.0,-96.96,-1.0773333333333333,False,0.5622968861004457,9,40771.27999999974,"B (partida 0,10 / 2R)"
MNQ,london,2025-07-09,B,0.1,2.0,1,2025-07-09 10:25:00+01:00,2025-07-09 10:25:00+01:00,2025-07-09 11:00:00+01:00,22929.0,22919.25,22948.5,22924.25,cierre_sesion,4,9.75,84.96,-34.0,4.96,4.0,-42.96,-0.5507692307692308,False,0.6381234665900283,10,40674.31999999974,"B (partida 0,10 / 2R)"
MNQ,london,2025-07-10,B,0.1,2.0,1,2025-07-10 09:15:00+01:00,2025-07-10 09:15:00+01:00,2025-07-10 09:15:00+01:00,23020.5,23017.0,23027.5,23027.5,objetivo,11,3.5,96.14,159.5,13.64,5.5,140.36,1.822857142857143,False,0.984934210804141,9,40631.35999999974,"B (partida 0,10 / 2R)"
MNQ,london,2025-07-11,B,0.1,2.0,-1,2025-07-11 09:30:00+01:00,2025-07-11 09:30:00+01:00,2025-07-11 09:45:00+01:00,22891.0,22898.25,22876.5,22898.5,stop,6,7.25,97.44000000000001,-84.0,7.4399999999999995,6.0,-97.44,-1.1199999999999999,False,-0.8492929918767201,9,40771.71999999974,"B (partida 0,10 / 2R)"
MNQ,london,2025-07-15,B,0.1,2.0,1,2025-07-15 09:45:00+01:00,2025-07-15 09:45:00+01:00,2025-07-15 09:55:00+01:00,23163.5,23157.75,23175.0,23157.5,stop,7,5.75,92.68,-77.0,8.68,7.0,-92.68,-1.1513043478260871,False,0.28659769224953324,9,40674.27999999974,"B (partida 0,10 / 2R)"
MNQ,london,2025-07-22,B,0.1,2.0,-1,2025-07-22 09:25:00+01:00,2025-07-22 09:25:00+01:00,2025-07-22 11:00:00+01:00,23284.75,23311.0,23232.25,23282.0,cierre_sesion,1,26.25,54.24,6.5,1.24,1.0,4.26,0.08114285714285714,False,-1.3017945330974132,9,40581.59999999974,"B (partida 0,10 / 2R)"
MNQ,london,2025-07-23,B,0.1,2.0,1,2025-07-23 09:45:00+01:00,2025-07-23 09:45:00+01:00,2025-07-23 10:25:00+01:00,23270.25,23262.75,23285.25,23262.5,stop,6,7.5,100.44,-87.0,7.4399999999999995,6.0,-100.44,-1.1159999999999999,False,0.2771840806597598,9,40585.85999999974,"B (partida 0,10 / 2R)"
MNQ,london,2025-08-01,B,0.1,2.0,-1,2025-08-01 09:45:00+01:00,2025-08-01 09:45:00+01:00,2025-08-01 09:45:00+01:00,23089.0,23094.75,23077.5,23095.0,stop,7,5.75,92.68,-77.0,8.68,7.0,-92.68,-1.1513043478260871,False,-0.9460751781708446,9,40485.419999999736,"B (partida 0,10 / 2R)"
MNQ,london,2025-08-04,B,0.1,2.0,1,2025-08-04 09:35:00+01:00,2025-08-04 09:35:00+01:00,2025-08-04 09:50:00+01:00,23039.0,23031.0,23055.0,23055.0,objetivo,5,8.0,88.69999999999999,162.5,6.2,2.5,153.8,1.9225,False,0.37198265399108205,9,40392.739999999736,"B (partida 0,10 / 2R)"
MNQ,london,2025-08-07,B,0.1,2.0,1,2025-08-07 09:45:00+01:00,2025-08-07 09:45:00+01:00,2025-08-07 09:55:00+01:00,23548.75,23539.75,23566.75,23566.75,objetivo,5,9.0,98.69999999999999,182.5,6.2,2.5,173.8,1.9311111111111112,False,1.1371585586299078,9,40546.53999999974,"B (partida 0,10 / 2R)"
MNQ,london,2025-08-11,B,0.1,2.0,-1,2025-08-11 10:00:00+01:00,2025-08-11 10:00:00+01:00,2025-08-11 10:00:00+01:00,23700.5,23705.25,23691.0,23705.5,stop,9,4.75,101.16,-81.0,11.16,9.0,-101.16,-1.183157894736842,False,-0.16026693942248119,9,40720.33999999974,"B (partida 0,10 / 2R)"
MNQ,london,2025-08-13,B,0.1,2.0,1,2025-08-13 09:35:00+01:00,2025-08-13 09:35:00+01:00,2025-08-13 09:40:00+01:00,24010.75,24001.25,24029.75,24001.0,stop,4,9.5,82.96,-74.0,4.96,4.0,-82.96,-1.091578947368421,False,0.6959306515181365,9,40619.17999999974,"B (partida 0,10 / 2R)"
MNQ,london,2025-08-15,B,0.1,2.0,-1,2025-08-15 09:55:00+01:00,2025-08-15 09:55:00+01:00,2025-08-15 09:55:00+01:00,23885.75,23891.25,23874.75,23891.5,stop,7,5.5,89.18,-73.5,8.68,7.0,-89.18,-1.1581818181818182,False,-1.5782884251498097,9,40536.21999999974,"B (partida 0,10 / 2R)"
MNQ,london,2025-08-19,B,0.1,2.0,1,2025-08-19 09:50:00+01:00,2025-08-19 09:50:00+01:00,2025-08-19 10:20:00+01:00,23783.25,23773.25,23803.25,23803.25,objetivo,4,10.0,86.96,162.0,4.96,2.0,155.04,1.938,False,0.12549276183518937,9,40447.03999999974,"B (partida 0,10 / 2R)"
MNQ,london,2025-08-20,B,0.1,2.0,1,2025-08-20 10:05:00+01:00,2025-08-20 10:05:00+01:00,2025-08-20 10:35:00+01:00,23416.0,23406.5,23435.0,23435.0,objetivo,4,9.5,82.96,154.0,4.96,2.0,147.04,1.934736842105263,False,0.21071432674337143,10,40602.07999999974,"B (partida 0,10 / 2R)"
MNQ,london,2025-08-21,B,0.1,2.0,-1,2025-08-21 10:00:00+01:00,2025-08-21 10:00:00+01:00,2025-08-21 10:25:00+01:00,23297.75,23321.5,23250.25,23321.75,stop,2,23.75,98.48,-94.0,2.48,2.0,-98.48,-1.0366315789473686,False,-0.2822880878653468,9,40749.11999999974,"B (partida 0,10 / 2R)"
MNQ,london,2025-08-25,B,0.1,2.0,-1,2025-08-25 10:10:00+01:00,2025-08-25 10:10:00+01:00,2025-08-25 11:00:00+01:00,23501.0,23512.5,23478.0,23504.25,cierre_sesion,4,11.5,98.96,-22.0,4.96,4.0,-30.96,-0.3365217391304348,False,-0.23975272673651468,10,40650.63999999974,"B (partida 0,10 / 2R)"
MNQ,london,2025-08-27,B,0.1,2.0,-1,2025-08-27 09:35:00+01:00,2025-08-27 09:35:00+01:00,2025-08-27 09:40:00+01:00,23575.0,23585.5,23554.0,23585.75,stop,4,10.5,90.96,-82.0,4.96,4.0,-90.96,-1.0828571428571427,False,-0.18392870023203675,9,40619.67999999974,"B (partida 0,10 / 2R)"
MNQ,london,2025-08-29,B,0.1,2.0,-1,2025-08-29 09:35:00+01:00,2025-08-29 09:35:00+01:00,2025-08-29 09:40:00+01:00,23674.25,23679.0,23664.75,23664.75,objetivo,9,4.75,101.16,175.5,11.16,4.5,159.84,1.8694736842105264,False,-1.4826154952213602,9,40528.71999999974,"B (partida 0,10 / 2R)"
MNQ,london,2025-09-01,B,0.1,2.0,1,2025-09-01 09:45:00+01:00,2025-09-01 09:45:00+01:00,2025-09-01 09:45:00+01:00,23495.25,23491.0,23503.75,23490.75,stop,9,4.25,92.16,-72.0,11.16,9.0,-92.16,-1.204705882352941,False,0.46362437602469253,9,40688.559999999736,"B (partida 0,10 / 2R)"
MNQ,london,2025-09-02,B,0.1,2.0,-1,2025-09-02 09:50:00+01:00,2025-09-02 09:50:00+01:00,2025-09-02 10:50:00+01:00,23320.75,23333.0,23296.25,23296.25,objetivo,3,12.25,78.72,148.5,3.7199999999999998,1.5,143.28,1.9493877551020409,False,-0.178310486375762,9,40596.39999999973,"B (partida 0,10 / 2R)"
MNQ,london,2025-09-03,B,0.1,2.0,1,2025-09-03 09:20:00+01:00,2025-09-03 09:20:00+01:00,2025-09-03 09:30:00+01:00,23425.75,23410.0,23457.25,23409.75,stop,3,15.75,99.72,-93.0,3.7199999999999998,3.0,-99.72,-1.0552380952380953,False,1.412662022502236,9,40739.67999999973,"B (partida 0,10 / 2R)"
MNQ,london,2025-09-04,B,0.1,2.0,1,2025-09-04 09:25:00+01:00,2025-09-04 09:25:00+01:00,2025-09-04 10:55:00+01:00,23499.25,23491.0,23515.75,23515.75,objetivo,5,8.25,91.19999999999999,167.5,6.2,2.5,158.8,1.924848484848485,False,0.2763684793444096,9,40639.95999999973,"B (partida 0,10 / 2R)"
MNQ,london,2025-09-15,B,0.1,2.0,-1,2025-09-15 10:05:00+01:00,2025-09-15 10:05:00+01:00,2025-09-15 10:30:00+01:00,24089.5,24097.0,24074.5,24097.25,stop,6,7.5,100.44,-87.0,7.4399999999999995,6.0,-100.44,-1.1159999999999999,False,-0.21095559025341185,10,40798.75999999973,"B (partida 0,10 / 2R)"
MNQ,london,2025-09-16,B,0.1,2.0,1,2025-09-16 09:25:00+01:00,2025-09-16 09:25:00+01:00,2025-09-16 10:30:00+01:00,24392.5,24382.5,24412.5,24382.25,stop,4,10.0,86.96,-78.0,4.96,4.0,-86.96,-1.087,False,0.9559356926666507,9,40698.31999999973,"B (partida 0,10 / 2R)"
MNQ,london,2025-09-18,B,0.1,2.0,1,2025-09-18 09:25:00+01:00,2025-09-18 09:25:00+01:00,2025-09-18 09:45:00+01:00,24447.75,24437.0,24469.25,24469.25,objetivo,4,10.75,92.96,174.0,4.96,2.0,167.04,1.9423255813953488,False,1.1765732659286485,9,40611.35999999973,"B (partida 0,10 / 2R)"
MNQ,london,2025-10-02,B,0.1,2.0,1,2025-10-02 09:30:00+01:00,2025-10-02 09:30:00+01:00,2025-10-02 09:30:00+01:00,25110.5,25104.0,25123.5,25103.75,stop,6,6.5,88.44,-75.0,7.4399999999999995,6.0,-88.44,-1.1338461538461537,False,0.8346102764112506,9,40778.39999999973,"B (partida 0,10 / 2R)"
MNQ,london,2025-10-08,B,0.1,2.0,1,2025-10-08 08:50:00+01:00,2025-10-08 08:50:00+01:00,2025-10-08 09:30:00+01:00,25081.75,25073.5,25098.25,25098.25,objetivo,5,8.25,91.19999999999999,167.5,6.2,2.5,158.8,1.924848484848485,False,1.1136473989099442,8,40689.95999999973,"B (partida 0,10 / 2R)"
MNQ,london,2025-10-10,B,0.1,2.0,-1,2025-10-10 10:40:00+01:00,2025-10-10 10:40:00+01:00,2025-10-10 10:45:00+01:00,25292.25,25303.0,25270.75,25270.75,objetivo,4,10.75,92.96,174.0,4.96,2.0,167.04,1.9423255813953488,False,-0.19623607200493862,10,40848.75999999973,"B (partida 0,10 / 2R)"
MNQ,london,2025-10-15,B,0.1,2.0,1,2025-10-15 09:40:00+01:00,2025-10-15 09:40:00+01:00,2025-10-15 10:00:00+01:00,24925.25,24908.0,24959.75,24959.75,objetivo,2,17.25,72.48,139.0,2.48,1.0,135.52,1.964057971014493,False,0.3702061300619203,9,41015.799999999734,"B (partida 0,10 / 2R)"
MNQ,london,2025-10-22,B,0.1,2.0,-1,2025-10-22 09:40:00+01:00,2025-10-22 09:40:00+01:00,2025-10-22 09:55:00+01:00,25265.5,25273.25,25250.0,25273.5,stop,5,7.75,86.19999999999999,-75.0,6.2,5.0,-86.2,-1.112258064516129,False,-0.5917267086640489,9,41151.31999999973,"B (partida 0,10 / 2R)"
MNQ,london,2025-10-24,B,0.1,2.0,-1,2025-10-24 09:20:00+01:00,2025-10-24 09:20:00+01:00,2025-10-24 09:20:00+01:00,25337.5,25341.0,25330.5,25341.25,stop,11,3.5,96.14,-71.5,13.64,11.0,-96.14,-1.2485714285714287,False,-0.7645111933260847,9,41065.11999999973,"B (partida 0,10 / 2R)"
MNQ,london,2025-10-24,B,0.1,2.0,1,2025-10-24 10:05:00+01:00,2025-10-24 10:05:00+01:00,2025-10-24 10:20:00+01:00,25357.0,25351.75,25367.5,25367.5,objetivo,8,5.25,97.92,172.0,9.92,4.0,158.08,1.881904761904762,False,0.3543242383820146,10,40968.979999999734,"B (partida 0,10 / 2R)"
MNQ,london,2025-10-30,B,0.1,2.0,1,2025-10-30 09:15:00+00:00,2025-10-30 09:15:00+00:00,2025-10-30 09:15:00+00:00,26276.25,26261.75,26305.25,26261.5,stop,3,14.5,92.22,-85.5,3.7199999999999998,3.0,-92.22,-1.06,False,0.256521013512435,9,41127.059999999736,"B (partida 0,10 / 2R)"
MNQ,london,2025-11-04,B,0.1,2.0,-1,2025-11-04 09:45:00+00:00,2025-11-04 09:45:00+00:00,2025-11-04 10:00:00+00:00,25717.75,25752.5,25648.25,25648.25,objetivo,1,34.75,71.24,139.5,1.24,0.5,137.76,1.9821582733812948,False,-0.2861699795633885,9,41034.839999999735,"B (partida 0,10 / 2R)"
MNQ,london,2025-11-07,B,0.1,2.0,-1,2025-11-07 09:30:00+00:00,2025-11-07 09:30:00+00:00,2025-11-07 10:15:00+00:00,25276.75,25306.25,25217.75,25217.75,objetivo,1,29.5,60.74,118.5,1.24,0.5,116.76,1.9789830508474577,False,-0.21869837228472566,9,41172.59999999974,"B (partida 0,10 / 2R)"
MNQ,london,2025-11-11,B,0.1,2.0,-1,2025-11-11 09:25:00+00:00,2025-11-11 09:25:00+00:00,2025-11-11 09:30:00+00:00,25627.75,25638.0,25607.25,25638.25,stop,4,10.25,88.96,-80.0,4.96,4.0,-88.96,-1.0848780487804877,False,-0.2879814132159463,9,41289.35999999974,"B (partida 0,10 / 2R)"
MNQ,london,2025-11-13,B,0.1,2.0,-1,2025-11-13 09:55:00+00:00,2025-11-13 09:55:00+00:00,2025-11-13 10:05:00+00:00,25571.5,25579.0,25556.5,25579.25,stop,6,7.5,100.44,-87.0,7.4399999999999995,6.0,-100.44,-1.1159999999999999,False,-1.1379212659182134,9,41200.39999999974,"B (partida 0,10 / 2R)"
MNQ,london,2025-11-19,B,0.1,2.0,1,2025-11-19 09:40:00+00:00,2025-11-19 09:40:00+00:00,2025-11-19 09:45:00+00:00,24627.25,24616.25,24649.25,24649.25,objetivo,4,11.0,94.96,178.0,4.96,2.0,171.04,1.9436363636363636,False,0.2423331127417978,9,41099.95999999974,"B (partida 0,10 / 2R)"
MNQ,london,2025-11-20,B,0.1,2.0,-1,2025-11-20 09:30:00+00:00,2025-11-20 09:30:00+00:00,2025-11-20 10:55:00+00:00,25073.5,25117.25,24986.0,25117.5,stop,1,43.75,89.24,-87.0,1.24,1.0,-89.24,-1.0198857142857143,False,-0.5802497775930833,9,41270.99999999974,"B (partida 0,10 / 2R)"
MNQ,london,2025-11-24,B,0.1,2.0,1,2025-11-24 09:05:00+00:00,2025-11-24 09:05:00+00:00,2025-11-24 09:05:00+00:00,24554.0,24547.5,24567.0,24547.25,stop,6,6.5,88.44,-75.0,7.4399999999999995,6.0,-88.44,-1.1338461538461537,False,0.6057304498279611,9,41181.75999999974,"B (partida 0,10 / 2R)"
MNQ,london,2025-11-24,B,0.1,2.0,-1,2025-11-24 09:55:00+00:00,2025-11-24 09:55:00+00:00,2025-11-24 10:10:00+00:00,24427.25,24442.0,24397.75,24397.75,objetivo,3,14.75,93.72,178.5,3.7199999999999998,1.5,173.28,1.9579661016949153,False,-1.3862555016136116,9,41093.31999999974,"B (partida 0,10 / 2R)"
MNQ,london,2025-11-25,B,0.1,2.0,-1,2025-11-25 09:25:00+00:00,2025-11-25 09:25:00+00:00,2025-11-25 09:25:00+00:00,24850.25,24860.5,24829.75,24829.75,objetivo,4,10.25,88.96,166.0,4.96,2.0,159.04,1.9395121951219512,False,-0.7139934599549809,9,41266.59999999974,"B (partida 0,10 / 2R)"
MNQ,london,2025-11-26,B,0.1,2.0,-1,2025-11-26 09:15:00+00:00,2025-11-26 09:15:00+00:00,2025-11-26 09:15:00+00:00,25163.25,25172.25,25145.25,25172.5,stop,5,9.0,98.69999999999999,-87.5,6.2,5.0,-98.7,-1.0966666666666667,False,-0.8392891086043353,9,41425.63999999974,"B (partida 0,10 / 2R)"
MNQ,london,2025-12-02,B,0.1,2.0,1,2025-12-02 09:00:00+00:00,2025-12-02 09:00:00+00:00,2025-12-02 09:25:00+00:00,25420.75,25407.25,25447.75,25447.75,objetivo,3,13.5,86.22,163.5,3.7199999999999998,1.5,158.28,1.954074074074074,False,1.8409617166324619,8,41326.93999999974,"B (partida 0,10 / 2R)"
MNQ,london,2025-12-03,B,0.1,2.0,-1,2025-12-03 09:30:00+00:00,2025-12-03 09:30:00+00:00,2025-12-03 09:30:00+00:00,25619.0,25623.0,25611.0,25623.25,stop,10,4.0,97.4,-75.0,12.4,10.0,-97.4,-1.2175,False,-0.28617521879342434,9,41485.21999999974,"B (partida 0,10 / 2R)"
MNQ,london,2025-12-08,B,0.1,2.0,-1,2025-12-08 10:00:00+00:00,2025-12-08 10:00:00+00:00,2025-12-08 10:25:00+00:00,25773.75,25781.75,25757.75,25782.0,stop,5,8.0,88.69999999999999,-77.5,6.2,5.0,-88.7,-1.1087500000000001,False,-0.11268386509945512,9,41387.81999999974,"B (partida 0,10 / 2R)"
MNQ,london,2025-12-12,B,0.1,2.0,-1,2025-12-12 09:30:00+00:00,2025-12-12 09:30:00+00:00,2025-12-12 10:10:00+00:00,25590.75,25619.5,25533.25,25619.75,stop,1,28.75,59.24,-57.0,1.24,1.0,-59.24,-1.0302608695652173,False,-1.4080637364704065,9,41299.11999999974,"B (partida 0,10 / 2R)"
MNQ,london,2025-12-16,B,0.1,2.0,1,2025-12-16 09:20:00+00:00,2025-12-16 09:20:00+00:00,2025-12-16 09:20:00+00:00,24979.0,24971.0,24995.0,24970.75,stop,5,8.0,88.69999999999999,-77.5,6.2,5.0,-88.7,-1.1087500000000001,False,0.7290510918827805,9,41239.87999999974,"B (partida 0,10 / 2R)"
MNQ,london,2025-12-18,B,0.1,2.0,1,2025-12-18 09:40:00+00:00,2025-12-18 09:40:00+00:00,2025-12-18 09:45:00+00:00,24843.25,24834.5,24860.75,24860.75,objetivo,5,8.75,96.19999999999999,177.5,6.2,2.5,168.8,1.9291428571428573,False,0.1415908113724838,9,41151.179999999746,"B (partida 0,10 / 2R)"
MNQ,london,2025-12-19,B,0.1,2.0,1,2025-12-19 09:55:00+00:00,2025-12-19 09:55:00+00:00,2025-12-19 10:00:00+00:00,25147.5,25142.75,25157.0,25142.5,stop,9,4.75,101.16,-81.0,11.16,9.0,-101.16,-1.183157894736842,False,0.3192656655596958,9,41319.97999999975,"B (partida 0,10 / 2R)"
MNQ,london,2025-12-23,B,0.1,2.0,1,2025-12-23 09:35:00+00:00,2025-12-23 09:35:00+00:00,2025-12-23 09:50:00+00:00,25721.5,25716.0,25732.5,25715.75,stop,8,5.5,101.92,-84.0,9.92,8.0,-101.92,-1.1581818181818182,False,0.537097047029242,9,41218.819999999745,"B (partida 0,10 / 2R)"
MNQ,london,2025-12-30,B,0.1,2.0,1,2025-12-30 09:25:00+00:00,2025-12-30 09:25:00+00:00,2025-12-30 09:40:00+00:00,25745.25,25738.0,25759.75,25737.75,stop,6,7.25,97.44000000000001,-84.0,7.4399999999999995,6.0,-97.44,-1.1199999999999999,False,0.6187813757287114,9,41116.89999999975,"B (partida 0,10 / 2R)"
MNQ,london,2026-01-02,B,0.1,2.0,1,2026-01-02 09:30:00+00:00,2026-01-02 09:30:00+00:00,2026-01-02 10:20:00+00:00,25734.0,25716.5,25769.0,25716.25,stop,2,17.5,73.48,-69.0,2.48,2.0,-73.48,-1.0497142857142858,False,0.8667438654010406,9,41019.459999999744,"B (partida 0,10 / 2R)"
MNQ,london,2026-01-05,B,0.1,2.0,1,2026-01-05 10:25:00+00:00,2026-01-05 10:25:00+00:00,2026-01-05 10:25:00+00:00,25550.0,25545.5,25559.0,25545.25,stop,9,4.5,96.66,-76.5,11.16,9.0,-96.66,-1.1933333333333334,False,0.15797101840843197,10,40945.97999999974,"B (partida 0,10 / 2R)"
MNQ,london,2026-01-07,B,0.1,2.0,-1,2026-01-07 09:40:00+00:00,2026-01-07 09:40:00+00:00,2026-01-07 09:45:00+00:00,25746.25,25754.5,25729.75,25754.75,stop,5,8.25,91.19999999999999,-80.0,6.2,5.0,-91.2,-1.1054545454545455,False,-0.5497809967141832,9,40849.31999999974,"B (partida 0,10 / 2R)"
MNQ,london,2026-01-09,B,0.1,2.0,1,2026-01-09 09:50:00+00:00,2026-01-09 09:50:00+00:00,2026-01-09 09:50:00+00:00,25715.5,25711.0,25724.5,25710.75,stop,9,4.5,96.66,-76.5,11.16,9.0,-96.66,-1.1933333333333334,False,0.7147050407828622,9,40758.11999999974,"B (partida 0,10 / 2R)"
MNQ,london,2026-01-13,B,0.1,2.0,-1,2026-01-13 10:05:00+00:00,2026-01-13 10:05:00+00:00,2026-01-13 10:10:00+00:00,25901.75,25914.5,25876.25,25876.25,objetivo,3,12.75,81.72,154.5,3.7199999999999998,1.5,149.28,1.9513725490196079,False,-0.1906217220967732,10,40661.45999999974,"B (partida 0,10 / 2R)"
MNQ,london,2026-01-14,B,0.1,2.0,-1,2026-01-14 08:50:00+00:00,2026-01-14 08:50:00+00:00,2026-01-14 08:55:00+00:00,25843.25,25854.75,25820.25,25855.0,stop,4,11.5,98.96,-90.0,4.96,4.0,-98.96,-1.0756521739130434,False,-0.5012906101219491,8,40810.739999999736,"B (partida 0,10 / 2R)"
MNQ,london,2026-01-14,B,0.1,2.0,1,2026-01-14 09:20:00+00:00,2026-01-14 09:20:00+00:00,2026-01-14 09:25:00+00:00,25874.5,25870.0,25883.5,25869.75,stop,9,4.5,96.66,-76.5,11.16,9.0,-96.66,-1.1933333333333334,False,0.23859489322036379,9,40711.77999999974,"B (partida 0,10 / 2R)"
MNQ,london,2026-01-15,B,0.1,2.0,1,2026-01-15 09:30:00+00:00,2026-01-15 09:30:00+00:00,2026-01-15 09:35:00+00:00,25804.75,25794.5,25825.25,25825.25,objetivo,4,10.25,88.96,166.0,4.96,2.0,159.04,1.9395121951219512,False,1.3105024235396836,9,40615.11999999973,"B (partida 0,10 / 2R)"
MNQ,london,2026-01-19,B,0.1,2.0,1,2026-01-19 08:40:00+00:00,2026-01-19 08:40:00+00:00,2026-01-19 08:40:00+00:00,25407.75,25389.75,25443.75,25389.5,stop,2,18.0,75.48,-71.0,2.48,2.0,-75.48,-1.0483333333333333,False,0.7044424994935659,8,40774.159999999734,"B (partida 0,10 / 2R)"
MNQ,london,2026-01-19,B,0.1,2.0,1,2026-01-19 08:55:00+00:00,2026-01-19 08:55:00+00:00,2026-01-19 09:00:00+00:00,25395.25,25383.5,25418.75,25383.25,stop,4,11.75,100.96,-92.0,4.96,4.0,-100.96,-1.0740425531914892,False,0.39779725846447506,8,40698.67999999973,"B (partida 0,10 / 2R)"
MNQ,london,2026-01-20,B,0.1,2.0,-1,2026-01-20 09:40:00+00:00,2026-01-20 09:40:00+00:00,2026-01-20 09:45:00+00:00,25113.25,25133.25,25073.25,25133.5,stop,2,20.0,83.48,-79.0,2.48,2.0,-83.48,-1.0435,False,-0.8232235465484016,9,40597.71999999973,"B (partida 0,10 / 2R)"
MNQ,london,2026-01-21,B,0.1,2.0,-1,2026-01-21 09:35:00+00:00,2026-01-21 09:35:00+00:00,2026-01-21 09:35:00+00:00,25192.75,25196.5,25185.25,25185.25,objetivo,10,3.75,92.4,155.0,12.4,5.0,137.6,1.8346666666666667,False,-0.2966131292252095,9,40514.23999999973,"B (partida 0,10 / 2R)"
MNQ,london,2026-01-22,B,0.1,2.0,1,2026-01-22 09:35:00+00:00,2026-01-22 09:35:00+00:00,2026-01-22 10:05:00+00:00,25705.75,25689.25,25738.75,25689.0,stop,2,16.5,69.48,-65.0,2.48,2.0,-69.48,-1.0527272727272727,False,0.5155339674461278,9,40651.83999999973,"B (partida 0,10 / 2R)"
MNQ,london,2026-01-23,B,0.1,2.0,-1,2026-01-23 09:40:00+00:00,2026-01-23 09:40:00+00:00,2026-01-23 09:40:00+00:00,25575.75,25589.0,25549.25,25549.25,objetivo,3,13.25,84.72,160.5,3.7199999999999998,1.5,155.28,1.9532075471698114,False,-0.45486636094566923,9,40582.359999999724,"B (partida 0,10 / 2R)"
MNQ,london,2026-01-29,B,0.1,2.0,-1,2026-01-29 09:55:00+00:00,2026-01-29 09:55:00+00:00,2026-01-29 11:00:00+00:00,26224.0,26245.75,26180.5,26192.0,cierre_sesion,2,21.75,90.48,130.0,2.48,2.0,125.52,1.4427586206896552,False,-0.10918180031633533,9,40737.63999999972,"B (partida 0,10 / 2R)"
MNQ,london,2026-01-30,B,0.1,2.0,-1,2026-01-30 09:45:00+00:00,2026-01-30 09:45:00+00:00,2026-01-30 09:45:00+00:00,25706.0,25717.25,25683.5,25683.5,objetivo,4,11.25,96.96,182.0,4.96,2.0,175.04,1.944888888888889,False,-0.2002205985824903,9,40863.15999999972,"B (partida 0,10 / 2R)"
MNQ,london,2026-02-02,B,0.1,2.0,1,2026-02-02 09:45:00+00:00,2026-02-02 09:45:00+00:00,2026-02-02 10:00:00+00:00,25444.0,25433.5,25465.0,25465.0,objetivo,4,10.5,90.96,170.0,4.96,2.0,163.04,1.9409523809523808,False,0.4402233905424621,9,41038.19999999972,"B (partida 0,10 / 2R)"
MNQ,london,2026-02-04,B,0.1,2.0,-1,2026-02-04 09:30:00+00:00,2026-02-04 09:30:00+00:00,2026-02-04 09:30:00+00:00,25382.5,25388.25,25371.0,25388.5,stop,7,5.75,92.68,-77.0,8.68,7.0,-92.68,-1.1513043478260871,False,-0.7834507982698684,9,41201.23999999972,"B (partida 0,10 / 2R)"
MNQ,london,2026-02-04,B,0.1,2.0,1,2026-02-04 10:35:00+00:00,2026-02-04 10:35:00+00:00,2026-02-04 10:35:00+00:00,25461.75,25442.5,25500.25,25442.25,stop,2,19.25,80.48,-76.0,2.48,2.0,-80.48,-1.0451948051948052,False,0.15300705708503173,10,41108.55999999972,"B (partida 0,10 / 2R)"
MNQ,london,2026-02-10,B,0.1,2.0,1,2026-02-10 09:30:00+00:00,2026-02-10 09:30:00+00:00,2026-02-10 09:30:00+00:00,25395.75,25392.25,25402.75,25392.0,stop,11,3.5,96.14,-71.5,13.64,11.0,-96.14,-1.2485714285714287,False,0.8583881090703517,9,41028.07999999972,"B (partida 0,10 / 2R)"
MNQ,london,2026-02-11,B,0.1,2.0,-1,2026-02-11 10:00:00+00:00,2026-02-11 10:00:00+00:00,2026-02-11 10:00:00+00:00,25204.0,25229.25,25153.5,25153.5,objetivo,1,25.25,52.24,101.5,1.24,0.5,99.76,1.9754455445544556,False,-0.39998529891876894,9,40931.93999999972,"B (partida 0,10 / 2R)"
MNQ,london,2026-02-11,B,0.1,2.0,-1,2026-02-11 10:15:00+00:00,2026-02-11 10:15:00+00:00,2026-02-11 10:20:00+00:00,25163.25,25176.25,25137.25,25176.5,stop,3,13.0,83.22,-76.5,3.7199999999999998,3.0,-83.22,-1.0669230769230769,False,-1.0919613275152957,10,41031.69999999972,"B (partida 0,10 / 2R)"
MNQ,london,2026-02-13,B,0.1,2.0,-1,2026-02-13 08:40:00+00:00,2026-02-13 08:40:00+00:00,2026-02-13 08:45:00+00:00,24724.25,24757.0,24658.75,24757.25,stop,1,32.75,67.24,-65.0,1.24,1.0,-67.24,-1.026564885496183,False,-0.7888265403153809,8,40948.47999999972,"B (partida 0,10 / 2R)"
MNQ,london,2026-02-16,B,0.1,2.0,1,2026-02-16 09:20:00+00:00,2026-02-16 09:20:00+00:00,2026-02-16 09:25:00+00:00,24902.25,24892.5,24921.75,24921.75,objetivo,4,9.75,84.96,158.0,4.96,2.0,151.04,1.9364102564102563,False,0.3431370671415578,9,40881.23999999972,"B (partida 0,10 / 2R)"
MNQ,london,2026-02-18,B,0.1,2.0,1,2026-02-18 09:35:00+00:00,2026-02-18 09:35:00+00:00,2026-02-18 09:55:00+00:00,24932.0,24916.75,24962.5,24916.5,stop,3,15.25,96.71999999999998,-90.0,3.7199999999999998,3.0,-96.72,-1.0570491803278688,False,0.35894846380109424,9,41032.27999999972,"B (partida 0,10 / 2R)"
MNQ,london,2026-02-19,B,0.1,2.0,-1,2026-02-19 09:15:00+00:00,2026-02-19 09:15:00+00:00,2026-02-19 09:15:00+00:00,24966.25,24972.0,24954.75,24954.75,objetivo,7,5.75,92.68,164.5,8.68,3.5,152.32,1.8921739130434783,False,-1.609515663067046,9,40935.55999999972,"B (partida 0,10 / 2R)"
MNQ,london,2026-02-23,B,0.1,2.0,1,2026-02-23 09:35:00+00:00,2026-02-23 09:35:00+00:00,2026-02-23 09:35:00+00:00,24979.75,24974.75,24989.75,24989.75,objetivo,8,5.0,93.92,164.0,9.92,4.0,150.08,1.8760000000000001,False,1.670193727833781,9,41087.87999999972,"B (partida 0,10 / 2R)"
MNQ,london,2026-02-26,B,0.1,2.0,1,2026-02-26 09:50:00+00:00,2026-02-26 09:50:00+00:00,2026-02-26 09:50:00+00:00,25398.75,25391.75,25412.75,25391.5,stop,6,7.0,94.44,-81.0,7.4399999999999995,6.0,-94.44,-1.1242857142857143,False,0.4141285335333473,9,41237.95999999972,"B (partida 0,10 / 2R)"
MNQ,london,2026-03-03,B,0.1,2.0,-1,2026-03-03 09:35:00+00:00,2026-03-03 09:35:00+00:00,2026-03-03 09:35:00+00:00,24503.5,24535.75,24439.0,24536.0,stop,1,32.25,66.24,-64.0,1.24,1.0,-66.24,-1.0269767441860465,False,-0.3133255800233139,9,41143.51999999972,"B (partida 0,10 / 2R)"
MNQ,london,2026-03-04,B,0.1,2.0,1,2026-03-04 09:30:00+00:00,2026-03-04 09:30:00+00:00,2026-03-04 09:30:00+00:00,24707.5,24695.5,24731.5,24695.25,stop,3,12.0,77.22,-70.5,3.7199999999999998,3.0,-77.22,-1.0725,False,0.27915658933001913,9,41077.27999999972,"B (partida 0,10 / 2R)"
MNQ,london,2026-03-05,B,0.1,2.0,1,2026-03-05 09:50:00+00:00,2026-03-05 09:50:00+00:00,2026-03-05 09:50:00+00:00,25111.75,25085.75,25163.75,25085.5,stop,1,26.0,53.74,-51.5,1.24,1.0,-53.74,-1.0334615384615384,False,0.4342846994506481,9,41000.05999999972,"B (partida 0,10 / 2R)"
MNQ,london,2026-03-06,B,0.1,2.0,-1,2026-03-06 09:30:00+00:00,2026-03-06 09:30:00+00:00,2026-03-06 09:45:00+00:00,24960.5,24992.5,24896.5,24896.5,objetivo,1,32.0,65.74,128.5,1.24,0.5,126.76,1.980625,False,-0.9847184004410766,9,40946.31999999972,"B (partida 0,10 / 2R)"
MNQ,london,2026-03-09,B,0.1,2.0,1,2026-03-09 09:00:00+00:00,2026-03-09 09:00:00+00:00,2026-03-09 09:00:00+00:00,24316.0,24299.25,24349.5,24299.0,stop,2,16.75,70.48,-66.0,2.48,2.0,-70.48,-1.0519402985074628,False,0.35002261085079617,8,41073.079999999725,"B (partida 0,10 / 2R)"
MNQ,london,2026-03-09,B,0.1,2.0,1,2026-03-09 09:10:00+00:00,2026-03-09 09:10:00+00:00,2026-03-09 09:15:00+00:00,24313.0,24284.25,24370.5,24370.5,objetivo,1,28.75,59.24,115.5,1.24,0.5,113.76,1.9784347826086957,False,0.17987246617193564,9,41002.59999999972,"B (partida 0,10 / 2R)"
MNQ,london,2026-03-11,B,0.1,2.0,-1,2026-03-11 09:10:00+00:00,2026-03-11 09:10:00+00:00,2026-03-11 09:15:00+00:00,24940.75,24948.75,24924.75,24949.0,stop,5,8.0,88.69999999999999,-77.5,6.2,5.0,-88.7,-1.1087500000000001,False,-0.9413242401798991,9,41116.359999999724,"B (partida 0,10 / 2R)"
MNQ,london,2026-03-12,B,0.1,2.0,1,2026-03-12 10:15:00+00:00,2026-03-12 10:15:00+00:00,2026-03-12 10:15:00+00:00,24909.0,24892.5,24942.0,24892.25,stop,2,16.5,69.48,-65.0,2.48,2.0,-69.48,-1.0527272727272727,False,0.4089903083790561,10,41027.65999999973,"B (partida 0,10 / 2R)"
MNQ,london,2026-03-16,B,0.1,2.0,1,2026-03-16 10:30:00+00:00,2026-03-16 10:30:00+00:00,2026-03-16 10:35:00+00:00,24573.25,24554.75,24610.25,24554.5,stop,2,18.5,77.48,-73.0,2.48,2.0,-77.48,-1.047027027027027,False,0.17648084250975174,10,40958.179999999724,"B (partida 0,10 / 2R)"
MNQ,london,2026-03-24,B,0.1,2.0,1,2026-03-24 10:25:00+00:00,2026-03-24 10:25:00+00:00,2026-03-24 10:25:00+00:00,24413.5,24409.0,24422.5,24408.75,stop,9,4.5,96.66,-76.5,11.16,9.0,-96.66,-1.1933333333333334,False,0.11362275847002283,10,40880.69999999972,"B (partida 0,10 / 2R)"
MNQ,london,2026-03-26,B,0.1,2.0,-1,2026-03-26 09:30:00+00:00,2026-03-26 09:30:00+00:00,2026-03-26 09:30:00+00:00,24151.5,24169.75,24115.0,24115.0,objetivo,2,18.25,76.48,147.0,2.48,1.0,143.52,1.9660273972602742,False,-0.4534743446445858,9,40784.03999999972,"B (partida 0,10 / 2R)"
MNQ,london,2026-03-26,B,0.1,2.0,-1,2026-03-26 09:40:00+00:00,2026-03-26 09:40:00+00:00,2026-03-26 09:40:00+00:00,24134.0,24140.5,24121.0,24140.75,stop,6,6.5,88.44,-75.0,7.4399999999999995,6.0,-88.44,-1.1338461538461537,False,-0.6954811847821003,9,40927.559999999714,"B (partida 0,10 / 2R)"
MNQ,london,2026-03-27,B,0.1,2.0,-1,2026-03-27 09:50:00+00:00,2026-03-27 09:50:00+00:00,2026-03-27 10:40:00+00:00,23749.0,23783.75,23679.5,23679.5,objetivo,1,34.75,71.24,139.5,1.24,0.5,137.76,1.9821582733812948,False,-0.12579912180450287,9,40839.11999999971,"B (partida 0,10 / 2R)"
MNQ,london,2026-03-30,B,0.1,2.0,1,2026-03-30 09:30:00+01:00,2026-03-30 09:30:00+01:00,2026-03-30 10:15:00+01:00,23425.0,23406.5,23462.0,23406.25,stop,2,18.5,77.48,-73.0,2.48,2.0,-77.48,-1.047027027027027,False,0.5083847188464143,9,40976.87999999971,"B (partida 0,10 / 2R)"
MNQ,london,2026-03-31,B,0.1,2.0,1,2026-03-31 09:05:00+01:00,2026-03-31 09:05:00+01:00,2026-03-31 09:10:00+01:00,23383.0,23340.5,23468.0,23340.25,stop,1,42.5,86.74,-84.5,1.24,1.0,-86.74,-1.020470588235294,False,1.4360838317071831,9,40899.39999999971,"B (partida 0,10 / 2R)"
MNQ,london,2026-04-02,B,0.1,2.0,1,2026-04-02 09:55:00+01:00,2026-04-02 09:55:00+01:00,2026-04-02 09:55:00+01:00,23844.5,23833.0,23867.5,23832.75,stop,4,11.5,98.96,-90.0,4.96,4.0,-98.96,-1.0756521739130434,False,0.11135275783016353,9,40812.65999999971,"B (partida 0,10 / 2R)"
MNQ,london,2026-04-06,B,0.1,2.0,1,2026-04-06 09:15:00+01:00,2026-04-06 09:15:00+01:00,2026-04-06 09:15:00+01:00,24329.5,24319.5,24349.5,24319.25,stop,4,10.0,86.96,-78.0,4.96,4.0,-86.96,-1.087,False,1.6045611619945819,9,40713.69999999971,"B (partida 0,10 / 2R)"
MNQ,london,2026-04-07,B,0.1,2.0,1,2026-04-07 09:50:00+01:00,2026-04-07 09:50:00+01:00,2026-04-07 09:50:00+01:00,24354.75,24346.75,24370.75,24346.5,stop,5,8.0,88.69999999999999,-77.5,6.2,5.0,-88.7,-1.1087500000000001,False,1.0485254916508489,9,40626.739999999714,"B (partida 0,10 / 2R)"
MNQ,london,2026-04-09,B,0.1,2.0,-1,2026-04-09 09:30:00+01:00,2026-04-09 09:30:00+01:00,2026-04-09 09:30:00+01:00,24961.75,24974.5,24936.25,24974.75,stop,3,12.75,81.72,-75.0,3.7199999999999998,3.0,-81.72,-1.068235294117647,False,-0.7636783906460742,9,40538.03999999972,"B (partida 0,10 / 2R)"
MNQ,london,2026-04-09,B,0.1,2.0,-1,2026-04-09 09:50:00+01:00,2026-04-09 09:50:00+01:00,2026-04-09 10:15:00+01:00,24985.5,25007.0,24942.5,25007.25,stop,2,21.5,89.48,-85.0,2.48,2.0,-89.48,-1.04046511627907,False,-0.1737087887899109,9,40456.319999999716,"B (partida 0,10 / 2R)"
MNQ,london,2026-04-10,B,0.1,2.0,-1,2026-04-10 09:55:00+01:00,2026-04-10 09:55:00+01:00,2026-04-10 10:15:00+01:00,25206.25,25220.75,25177.25,25221.0,stop,3,14.5,92.22,-85.5,3.7199999999999998,3.0,-92.22,-1.06,False,-0.18229856208444623,9,40366.83999999971,"B (partida 0,10 / 2R)"
MNQ,london,2026-04-14,B,0.1,2.0,1,2026-04-14 09:40:00+01:00,2026-04-14 09:40:00+01:00,2026-04-14 10:45:00+01:00,25648.0,25634.5,25675.0,25634.25,stop,3,13.5,86.22,-79.5,3.7199999999999998,3.0,-86.22,-1.0644444444444445,False,0.26788135218330644,9,40274.61999999971,"B (partida 0,10 / 2R)"
MNQ,london,2026-04-15,B,0.1,2.0,1,2026-04-15 09:00:00+01:00,2026-04-15 09:00:00+01:00,2026-04-15 09:55:00+01:00,26004.75,25989.5,26035.25,26035.25,objetivo,3,15.25,96.71999999999998,184.5,3.7199999999999998,1.5,179.28,1.959344262295082,False,0.3790890021111295,8,40188.39999999971,"B (partida 0,10 / 2R)"
MNQ,london,2026-04-15,B,0.1,2.0,-1,2026-04-15 10:40:00+01:00,2026-04-15 10:40:00+01:00,2026-04-15 11:00:00+01:00,25982.25,25996.0,25954.75,25979.0,cierre_sesion,3,13.75,87.72,22.5,3.7199999999999998,3.0,15.780000000000001,0.1912727272727273,False,-0.18531155030133212,10,40367.67999999971,"B (partida 0,10 / 2R)"
MNQ,london,2026-04-16,B,0.1,2.0,-1,2026-04-16 09:25:00+01:00,2026-04-16 09:25:00+01:00,2026-04-16 09:35:00+01:00,26431.75,26441.25,26412.75,26412.75,objetivo,4,9.5,82.96,154.0,4.96,2.0,147.04,1.934736842105263,False,-1.2646613195198848,9,40383.45999999971,"B (partida 0,10 / 2R)"
MNQ,london,2026-04-17,B,0.1,2.0,1,2026-04-17 09:35:00+01:00,2026-04-17 09:35:00+01:00,2026-04-17 09:35:00+01:00,26500.75,26495.75,26510.75,26495.5,stop,8,5.0,93.92,-76.0,9.92,8.0,-93.92,-1.174,False,0.3485321812664564,9,40530.49999999971,"B (partida 0,10 / 2R)"
MNQ,london,2026-04-20,B,0.1,2.0,1,2026-04-20 10:10:00+01:00,2026-04-20 10:10:00+01:00,2026-04-20 10:10:00+01:00,26706.0,26698.75,26720.5,26698.5,stop,6,7.25,97.44000000000001,-84.0,7.4399999999999995,6.0,-97.44,-1.1199999999999999,False,0.22334906993573098,10,40436.57999999971,"B (partida 0,10 / 2R)"
MNQ,london,2026-04-22,B,0.1,2.0,1,2026-04-22 10:25:00+01:00,2026-04-22 10:25:00+01:00,2026-04-22 10:50:00+01:00,26855.5,26839.5,26887.5,26839.25,stop,2,16.0,67.48,-63.0,2.48,2.0,-67.48,-1.054375,False,0.14629342721153443,10,40339.13999999971,"B (partida 0,10 / 2R)"
MNQ,london,2026-04-28,B,0.1,2.0,-1,2026-04-28 10:40:00+01:00,2026-04-28 10:40:00+01:00,2026-04-28 11:00:00+01:00,27285.25,27306.25,27243.25,27285.0,cierre_sesion,2,21.0,87.48,3.0,2.48,2.0,-1.48,-0.017619047619047618,False,-0.28174765091595383,10,40271.659999999705,"B (partida 0,10 / 2R)"
MNQ,london,2026-04-30,B,0.1,2.0,1,2026-04-30 09:45:00+01:00,2026-04-30 09:45:00+01:00,2026-04-30 09:45:00+01:00,27386.0,27373.25,27411.5,27373.0,stop,3,12.75,81.72,-75.0,3.7199999999999998,3.0,-81.72,-1.068235294117647,False,0.21478817447831025,9,40270.1799999997,"B (partida 0,10 / 2R)"
MNQ,london,2026-05-01,B,0.1,2.0,-1,2026-05-01 09:20:00+01:00,2026-05-01 09:20:00+01:00,2026-05-01 09:35:00+01:00,27588.5,27598.0,27569.5,27569.5,objetivo,4,9.5,82.96,154.0,4.96,2.0,147.04,1.934736842105263,False,-0.575055933765216,9,40188.4599999997,"B (partida 0,10 / 2R)"
MNQ,london,2026-05-04,B,0.1,2.0,1,2026-05-04 08:45:00+01:00,2026-05-04 08:45:00+01:00,2026-05-04 08:50:00+01:00,27939.0,27926.75,27963.5,27926.5,stop,3,12.25,78.72,-72.0,3.7199999999999998,3.0,-78.72,-1.0710204081632653,False,1.1513285944397633,8,40335.4999999997,"B (partida 0,10 / 2R)"
MNQ,london,2026-05-04,B,0.1,2.0,-1,2026-05-04 09:25:00+01:00,2026-05-04 09:25:00+01:00,2026-05-04 09:25:00+01:00,27886.0,27891.25,27875.5,27891.5,stop,8,5.25,97.92,-80.0,9.92,8.0,-97.92,-1.1657142857142857,False,-0.9393299930935726,9,40256.7799999997,"B (partida 0,10 / 2R)"
MNQ,london,2026-05-05,B,0.1,2.0,1,2026-05-05 09:50:00+01:00,2026-05-05 09:50:00+01:00,2026-05-05 10:00:00+01:00,27930.75,27920.0,27952.25,27919.75,stop,4,10.75,92.96,-84.0,4.96,4.0,-92.96,-1.0809302325581394,False,0.41024777781584437,9,40158.8599999997,"B (partida 0,10 / 2R)"
MNQ,london,2026-05-06,B,0.1,2.0,1,2026-05-06 09:35:00+01:00,2026-05-06 09:35:00+01:00,2026-05-06 09:50:00+01:00,28352.75,28334.5,28389.25,28389.25,objetivo,2,18.25,76.48,147.0,2.48,1.0,143.52,1.9660273972602742,False,0.23928124166972392,9,40065.8999999997,"B (partida 0,10 / 2R)"
MNQ,london,2026-05-06,B,0.1,2.0,1,2026-05-06 10:30:00+01:00,2026-05-06 10:30:00+01:00,2026-05-06 10:30:00+01:00,28465.75,28453.5,28490.25,28490.25,objetivo,3,12.25,78.72,148.5,3.7199999999999998,1.5,143.28,1.9493877551020409,False,0.5338471510266916,10,40209.4199999997,"B (partida 0,10 / 2R)"
MNQ,london,2026-05-08,B,0.1,2.0,1,2026-05-08 09:30:00+01:00,2026-05-08 09:30:00+01:00,2026-05-08 09:40:00+01:00,28858.5,28852.25,28871.0,28852.0,stop,7,6.25,99.68,-84.0,8.68,7.0,-99.68,-1.1392,False,0.7743080968542132,9,40352.6999999997,"B (partida 0,10 / 2R)"
MNQ,london,2026-05-11,B,0.1,2.0,-1,2026-05-11 09:40:00+01:00,2026-05-11 09:40:00+01:00,2026-05-11 09:40:00+01:00,29276.75,29282.0,29266.25,29282.25,stop,8,5.25,97.92,-80.0,9.92,8.0,-97.92,-1.1657142857142857,False,-0.4099788554901205,9,40253.0199999997,"B (partida 0,10 / 2R)"
MNQ,london,2026-05-13,B,0.1,2.0,1,2026-05-13 09:40:00+01:00,2026-05-13 09:40:00+01:00,2026-05-13 09:45:00+01:00,29439.25,29423.5,29470.75,29423.25,stop,3,15.75,99.72,-93.0,3.7199999999999998,3.0,-99.72,-1.0552380952380953,False,1.6770050119350741,9,40155.0999999997,"B (partida 0,10 / 2R)"
MNQ,london,2026-05-18,B,0.1,2.0,1,2026-05-18 09:35:00+01:00,2026-05-18 09:35:00+01:00,2026-05-18 09:35:00+01:00,29226.0,29204.25,29269.5,29204.0,stop,2,21.75,90.48,-86.0,2.48,2.0,-90.48,-1.04,False,0.7247046386573816,9,40055.3799999997,"B (partida 0,10 / 2R)"
MNQ,london,2026-05-20,B,0.1,2.0,1,2026-05-20 09:45:00+01:00,2026-05-20 09:45:00+01:00,2026-05-20 09:55:00+01:00,29118.25,29105.5,29143.75,29105.25,stop,3,12.75,81.72,-75.0,3.7199999999999998,3.0,-81.72,-1.068235294117647,False,0.6372837844538879,9,39964.899999999696,"B (partida 0,10 / 2R)"
MNQ,london,2026-05-22,B,0.1,2.0,1,2026-05-22 09:30:00+01:00,2026-05-22 09:30:00+01:00,2026-05-22 09:30:00+01:00,29633.25,29623.0,29653.75,29622.75,stop,4,10.25,88.96,-80.0,4.96,4.0,-88.96,-1.0848780487804877,False,1.3191541294790432,9,39883.179999999695,"B (partida 0,10 / 2R)"
MNQ,london,2026-05-27,B,0.1,2.0,1,2026-05-27 09:40:00+01:00,2026-05-27 09:40:00+01:00,2026-05-27 10:00:00+01:00,30203.25,30190.25,30229.25,30190.0,stop,3,13.0,83.22,-76.5,3.7199999999999998,3.0,-83.22,-1.0669230769230769,False,1.4817105268756583,9,39794.219999999696,"B (partida 0,10 / 2R)"
MNQ,london,2026-05-28,B,0.1,2.0,1,2026-05-28 09:45:00+01:00,2026-05-28 09:45:00+01:00,2026-05-28 09:45:00+01:00,29971.0,29967.5,29978.0,29967.25,stop,11,3.5,96.14,-71.5,13.64,11.0,-96.14,-1.2485714285714287,False,0.2314110047929481,9,39710.999999999694,"B (partida 0,10 / 2R)"
MNQ,london,2026-05-29,B,0.1,2.0,-1,2026-05-29 08:55:00+01:00,2026-05-29 08:55:00+01:00,2026-05-29 08:55:00+01:00,30292.0,30299.75,30276.5,30300.0,stop,5,7.75,86.19999999999999,-75.0,6.2,5.0,-86.2,-1.112258064516129,False,-1.3463377480646626,8,39614.859999999695,"B (partida 0,10 / 2R)"
MNQ,london,2026-06-01,B,0.1,2.0,-1,2026-06-01 09:20:00+01:00,2026-06-01 09:20:00+01:00,2026-06-01 09:20:00+01:00,30473.0,30478.25,30462.5,30478.5,stop,8,5.25,97.92,-80.0,9.92,8.0,-97.92,-1.1657142857142857,False,-0.971625935039597,9,39528.6599999997,"B (partida 0,10 / 2R)"
MNQ,london,2026-06-04,B,0.1,2.0,-1,2026-06-04 09:45:00+01:00,2026-06-04 09:45:00+01:00,2026-06-04 10:00:00+01:00,30366.75,30396.0,30308.25,30308.25,objetivo,1,29.25,60.24,117.5,1.24,0.5,115.76,1.978803418803419,False,-1.8680232797281777,9,39430.7399999997,"B (partida 0,10 / 2R)"
MNQ,london,2026-06-09,B,0.1,2.0,1,2026-06-09 09:35:00+01:00,2026-06-09 09:35:00+01:00,2026-06-09 09:35:00+01:00,29663.75,29659.5,29672.25,29659.25,stop,9,4.25,92.16,-72.0,11.16,9.0,-92.16,-1.204705882352941,True,0.22343201673450705,9,39546.4999999997,"B (partida 0,10 / 2R)"
MNQ,london,2026-06-10,B,0.1,2.0,-1,2026-06-10 09:20:00+01:00,2026-06-10 09:20:00+01:00,2026-06-10 09:40:00+01:00,28869.0,28895.0,28817.0,28817.0,objetivo,1,26.0,53.74,104.5,1.24,0.5,102.76,1.9761538461538461,False,-0.5957671971197744,9,39454.3399999997,"B (partida 0,10 / 2R)"
MNQ,london,2026-06-11,B,0.1,2.0,1,2026-06-11 09:35:00+01:00,2026-06-11 09:35:00+01:00,2026-06-11 09:50:00+01:00,28915.25,28895.0,28955.75,28894.75,stop,2,20.25,84.48,-80.0,2.48,2.0,-84.48,-1.042962962962963,False,0.6693021119217855,9,39557.0999999997,"B (partida 0,10 / 2R)"
MNQ,london,2026-06-15,B,0.1,2.0,1,2026-06-15 09:25:00+01:00,2026-06-15 09:25:00+01:00,2026-06-15 09:25:00+01:00,30273.0,30263.0,30293.0,30293.0,objetivo,4,10.0,86.96,162.0,4.96,2.0,155.04,1.938,False,0.36001690050320984,9,39472.6199999997,"B (partida 0,10 / 2R)"
MNQ,london,2026-06-15,B,0.1,2.0,-1,2026-06-15 10:40:00+01:00,2026-06-15 10:40:00+01:00,2026-06-15 10:45:00+01:00,30229.25,30239.25,30209.25,30209.25,objetivo,4,10.0,86.96,162.0,4.96,2.0,155.04,1.938,False,-0.20512444131481591,10,39627.6599999997,"B (partida 0,10 / 2R)"
MNQ,london,2026-06-16,B,0.1,2.0,1,2026-06-16 09:40:00+01:00,2026-06-16 09:40:00+01:00,2026-06-16 09:50:00+01:00,30577.75,30561.25,30610.75,30610.75,objetivo,2,16.5,69.48,133.0,2.48,1.0,129.52,1.9624242424242426,False,0.965778256606178,9,39782.6999999997,"B (partida 0,10 / 2R)"
MNQ,london,2026-06-23,B,0.1,2.0,-1,2026-06-23 09:40:00+01:00,2026-06-23 09:40:00+01:00,2026-06-23 09:40:00+01:00,29824.0,29856.0,29760.0,29856.25,stop,1,32.0,65.74,-63.5,1.24,1.0,-65.74,-1.0271875,False,-0.8741970779153709,9,39912.219999999696,"B (partida 0,10 / 2R)"
MNQ,london,2026-07-06,B,0.1,2.0,1,2026-07-06 10:15:00+01:00,2026-07-06 10:15:00+01:00,2026-07-06 10:30:00+01:00,29854.0,29843.75,29874.5,29843.5,stop,4,10.25,88.96,-80.0,4.96,4.0,-88.96,-1.0848780487804877,False,0.10752961926946783,10,39846.4799999997,"B (partida 0,10 / 2R)"
MNQ,london,2026-07-08,B,0.1,2.0,-1,2026-07-08 10:05:00+01:00,2026-07-08 10:05:00+01:00,2026-07-08 10:10:00+01:00,28997.25,29034.25,28923.25,28923.25,objetivo,1,37.0,75.74,148.5,1.24,0.5,146.76,1.9832432432432432,False,-1.3190765414365275,10,39757.5199999997,"B (partida 0,10 / 2R)"
MNQ,london,2026-07-15,B,0.1,2.0,-1,2026-07-15 09:20:00+01:00,2026-07-15 09:20:00+01:00,2026-07-15 09:20:00+01:00,29908.25,29925.0,29874.75,29874.75,objetivo,2,16.75,70.48,135.0,2.48,1.0,131.52,1.9629850746268658,False,-0.7443776237556338,9,39904.2799999997,"B (partida 0,10 / 2R)"
MNQ,london,2026-07-17,B,0.1,2.0,-1,2026-07-17 09:45:00+01:00,2026-07-17 09:45:00+01:00,2026-07-17 09:45:00+01:00,28584.0,28592.25,28567.5,28592.5,stop,5,8.25,91.19999999999999,-80.0,6.2,5.0,-91.2,-1.1054545454545455,False,-1.3958394796333098,9,40035.7999999997,"B (partida 0,10 / 2R)"
MNQ,london,2026-07-21,B,0.1,2.0,1,2026-07-21 09:20:00+01:00,2026-07-21 09:20:00+01:00,2026-07-21 09:20:00+01:00,29146.25,29140.0,29158.75,29158.75,objetivo,7,6.25,99.68,178.5,8.68,3.5,166.32,1.9007999999999998,False,0.12663384355243995,9,39944.5999999997,"B (partida 0,10 / 2R)"
MNQ,london,2026-07-28,B,0.1,2.0,1,2026-07-28 09:40:00+01:00,2026-07-28 09:40:00+01:00,2026-07-28 10:10:00+01:00,28014.0,27984.0,28074.0,27983.75,stop,1,30.0,61.74,-59.5,1.24,1.0,-61.74,-1.0290000000000001,False,0.29330426389380265,9,40110.9199999997,"B (partida 0,10 / 2R)"
MNQ,london,2026-07-29,B,0.1,2.0,1,2026-07-29 10:20:00+01:00,2026-07-29 10:20:00+01:00,2026-07-29 10:35:00+01:00,27964.75,27951.25,27991.75,27991.75,objetivo,3,13.5,86.22,163.5,3.7199999999999998,1.5,158.28,1.954074074074074,False,0.22492749048624003,10,40049.1799999997,"B (partida 0,10 / 2R)"
MNQ,london,2026-07-30,B,0.1,2.0,-1,2026-07-30 09:00:00+01:00,2026-07-30 09:00:00+01:00,2026-07-30 09:00:00+01:00,27394.25,27419.25,27344.25,27344.25,objetivo,1,25.0,51.74,100.5,1.24,0.5,98.76,1.9752,False,-0.4890457472456015,8,40207.4599999997,"B (partida 0,10 / 2R)"
MNQ,london,2026-08-03,B,0.1,2.0,-1,2026-08-03 09:25:00+01:00,2026-08-03 09:25:00+01:00,2026-08-03 09:35:00+01:00,28492.25,28521.5,28433.75,28521.75,stop,1,29.25,60.24,-58.0,1.24,1.0,-60.24,-1.0297435897435898,False,-0.7678133736401562,9,40306.2199999997,"B (partida 0,10 / 2R)"
MNQ,london,2026-08-04,B,0.1,2.0,1,2026-08-04 09:20:00+01:00,2026-08-04 09:20:00+01:00,2026-08-04 09:20:00+01:00,29120.25,29105.75,29149.25,29105.5,stop,3,14.5,92.22,-85.5,3.7199999999999998,3.0,-92.22,-1.06,False,0.25172061912070437,9,40245.979999999705,"B (partida 0,10 / 2R)"
MNQ,london,2026-08-05,B,0.1,2.0,-1,2026-08-05 08:45:00+01:00,2026-08-05 08:45:00+01:00,2026-08-05 08:55:00+01:00,29887.5,29912.0,29838.5,29912.25,stop,1,24.5,50.74,-48.5,1.24,1.0,-50.74,-1.0355102040816326,False,-1.440749010128604,8,40153.759999999704,"B (partida 0,10 / 2R)"
MNQ,london,2026-08-07,B,0.1,2.0,1,2026-08-07 09:30:00+01:00,2026-08-07 09:30:00+01:00,2026-08-07 09:30:00+01:00,29623.75,29615.25,29640.75,29640.75,objetivo,5,8.5,93.69999999999999,172.5,6.2,2.5,163.8,1.927058823529412,False,0.8076409231803955,9,40103.019999999706,"B (partida 0,10 / 2R)"
MNQ,london,2026-08-10,B,0.1,2.0,1,2026-08-10 09:15:00+01:00,2026-08-10 09:15:00+01:00,2026-08-10 09:20:00+01:00,29962.0,29946.75,29992.5,29946.5,stop,3,15.25,96.71999999999998,-90.0,3.7199999999999998,3.0,-96.72,-1.0570491803278688,False,0.49631595967249936,9,40266.81999999971,"B (partida 0,10 / 2R)"
MNQ,london,2026-08-11,B,0.1,2.0,-1,2026-08-11 09:35:00+01:00,2026-08-11 09:35:00+01:00,2026-08-11 09:40:00+01:00,29722.75,29745.5,29677.25,29745.75,stop,2,22.75,94.48,-90.0,2.48,2.0,-94.48,-1.0382417582417582,False,-0.336737532833641,9,40170.09999999971,"B (partida 0,10 / 2R)"
MNQ,london,2026-08-12,B,0.1,2.0,1,2026-08-12 09:40:00+01:00,2026-08-12 09:40:00+01:00,2026-08-12 09:55:00+01:00,29775.25,29763.75,29798.25,29798.25,objetivo,4,11.5,98.96,186.0,4.96,2.0,179.04,1.9460869565217391,False,0.5715580212134489,9,40075.619999999704,"B (partida 0,10 / 2R)"
MNQ,london,2026-08-14,B,0.1,2.0,1,2026-08-14 09:40:00+01:00,2026-08-14 09:40:00+01:00,2026-08-14 09:40:00+01:00,30237.0,30230.75,30249.5,30230.5,stop,7,6.25,99.68,-84.0,8.68,7.0,-99.68,-1.1392,False,0.5321336701263762,9,40254.659999999705,"B (partida 0,10 / 2R)"
MNQ,london,2026-08-18,B,0.1,2.0,-1,2026-08-18 09:50:00+01:00,2026-08-18 09:50:00+01:00,2026-08-18 11:00:00+01:00,29745.5,29782.75,29671.0,29732.5,cierre_sesion,1,37.25,76.24,27.0,1.24,1.0,24.76,0.33234899328859063,False,-0.3755977987696471,9,40154.979999999705,"B (partida 0,10 / 2R)"
MNQ,london,2026-08-20,B,0.1,2.0,-1,2026-08-20 09:00:00+01:00,2026-08-20 09:00:00+01:00,2026-08-20 09:00:00+01:00,29595.5,29614.0,29558.5,29558.5,objetivo,2,18.5,77.48,149.0,2.48,1.0,145.52,1.9664864864864866,False,-0.4670830261212183,8,40179.73999999971,"B (partida 0,10 / 2R)"
MNQ,london,2026-08-20,B,0.1,2.0,-1,2026-08-20 09:30:00+01:00,2026-08-20 09:30:00+01:00,2026-08-20 09:30:00+01:00,29501.75,29516.0,29473.25,29473.25,objetivo,3,14.25,90.72,172.5,3.7199999999999998,1.5,167.28,1.9564912280701754,False,-1.623154900434973,9,40325.259999999704,"B (partida 0,10 / 2R)"
MNQ,london,2026-08-27,B,0.1,2.0,1,2026-08-27 09:40:00+01:00,2026-08-27 09:40:00+01:00,2026-08-27 09:40:00+01:00,29627.25,29617.5,29646.75,29617.25,stop,4,9.75,84.96,-76.0,4.96,4.0,-84.96,-1.0892307692307692,False,1.406127137854703,9,40492.5399999997,"B (partida 0,10 / 2R)"
MNQ,london,2026-08-28,B,0.1,2.0,-1,2026-08-28 08:55:00+01:00,2026-08-28 08:55:00+01:00,2026-08-28 09:05:00+01:00,29612.25,29626.0,29584.75,29584.75,objetivo,3,13.75,87.72,166.5,3.7199999999999998,1.5,161.28,1.954909090909091,False,-0.2294886060113597,8,40407.5799999997,"B (partida 0,10 / 2R)"
MNQ,london,2026-08-28,B,0.1,2.0,-1,2026-08-28 09:15:00+01:00,2026-08-28 09:15:00+01:00,2026-08-28 09:30:00+01:00,29585.75,29606.25,29544.75,29606.5,stop,2,20.5,85.48,-81.0,2.48,2.0,-85.48,-1.042439024390244,False,-0.4125604980195219,9,40568.8599999997,"B (partida 0,10 / 2R)"
MNQ,london,2026-09-01,B,0.1,2.0,-1,2026-09-01 09:40:00+01:00,2026-09-01 09:40:00+01:00,2026-09-01 11:00:00+01:00,29266.5,29310.0,29179.5,29212.75,cierre_sesion,1,43.5,88.74,108.5,1.24,1.0,106.26,1.2213793103448276,False,-1.5586217851655892,9,40483.3799999997,"B (partida 0,10 / 2R)"
MNQ,london,2026-09-04,B,0.1,2.0,1,2026-09-04 09:00:00+01:00,2026-09-04 09:00:00+01:00,2026-09-04 09:00:00+01:00,29654.0,29641.0,29680.0,29640.75,stop,3,13.0,83.22,-76.5,3.7199999999999998,3.0,-83.22,-1.0669230769230769,False,1.1854861746114655,8,40589.6399999997,"B (partida 0,10 / 2R)"
MNQ,london,2026-09-04,B,0.1,2.0,1,2026-09-04 09:20:00+01:00,2026-09-04 09:20:00+01:00,2026-09-04 09:20:00+01:00,29654.25,29646.5,29669.75,29646.25,stop,5,7.75,86.19999999999999,-75.0,6.2,5.0,-86.2,-1.112258064516129,False,0.672597756900715,9,40506.4199999997,"B (partida 0,10 / 2R)"
MNQ,london,2026-09-08,B,0.1,2.0,-1,2026-09-08 09:30:00+01:00,2026-09-08 09:30:00+01:00,2026-09-08 09:45:00+01:00,29499.25,29526.75,29444.25,29527.0,stop,1,27.5,56.74,-54.5,1.24,1.0,-56.74,-1.0316363636363637,False,-1.348530491896749,9,40420.2199999997,"B (partida 0,10 / 2R)"
MNQ,london,2026-09-09,B,0.1,2.0,-1,2026-09-09 09:40:00+01:00,2026-09-09 09:40:00+01:00,2026-09-09 10:35:00+01:00,29550.75,29579.0,29494.25,29494.25,objetivo,1,28.25,58.24,113.5,1.24,0.5,111.76,1.978053097345133,False,-0.12920008407110653,9,40363.479999999705,"B (partida 0,10 / 2R)"
MNQ,london,2026-09-10,B,0.1,2.0,-1,2026-09-10 09:45:00+01:00,2026-09-10 09:45:00+01:00,2026-09-10 10:40:00+01:00,29417.5,29441.5,29369.5,29369.5,objetivo,2,24.0,99.48,193.0,2.48,1.0,189.52,1.9741666666666668,False,-0.16322769536190754,9,40475.23999999971,"B (partida 0,10 / 2R)"
MNQ,london,2026-09-11,B,0.1,2.0,1,2026-09-11 09:50:00+01:00,2026-09-11 09:50:00+01:00,2026-09-11 11:00:00+01:00,29305.25,29286.75,29342.25,29319.0,cierre_sesion,2,18.5,77.48,57.0,2.48,2.0,52.52,0.7097297297297298,False,0.6607808734249893,9,40664.759999999704,"B (partida 0,10 / 2R)"
MNQ,london,2026-09-15,B,0.1,2.0,-1,2026-09-15 09:35:00+01:00,2026-09-15 09:35:00+01:00,2026-09-15 10:35:00+01:00,28974.25,28996.0,28930.75,28996.25,stop,2,21.75,90.48,-86.0,2.48,2.0,-90.48,-1.04,False,-0.8035557648697503,9,40717.2799999997,"B (partida 0,10 / 2R)"
MNQ,london,2026-09-17,B,0.1,2.0,1,2026-09-17 10:05:00+01:00,2026-09-17 10:05:00+01:00,2026-09-17 10:15:00+01:00,29270.75,29258.75,29294.75,29258.5,stop,3,12.0,77.22,-70.5,3.7199999999999998,3.0,-77.22,-1.0725,False,0.31475307113577244,10,40626.7999999997,"B (partida 0,10 / 2R)"
MNQ,london,2026-09-23,B,0.1,2.0,-1,2026-09-23 09:45:00+01:00,2026-09-23 09:45:00+01:00,2026-09-23 10:00:00+01:00,31012.75,31024.25,30989.75,31024.5,stop,4,11.5,98.96,-90.0,4.96,4.0,-98.96,-1.0756521739130434,False,-0.11163051507840298,9,40549.579999999696,"B (partida 0,10 / 2R)"
MNQ,london,2026-09-24,B,0.1,2.0,-1,2026-09-24 09:50:00+01:00,2026-09-24 09:50:00+01:00,2026-09-24 10:25:00+01:00,30413.5,30456.75,30327.0,30457.0,stop,1,43.25,88.24,-86.0,1.24,1.0,-88.24,-1.0201156069364161,False,-1.2067281960461762,9,40450.6199999997,"B (partida 0,10 / 2R)"
MNQ,london,2026-09-25,B,0.1,2.0,1,2026-09-25 09:35:00+01:00,2026-09-25 09:35:00+01:00,2026-09-25 09:35:00+01:00,30927.75,30915.0,30953.25,30914.75,stop,3,12.75,81.72,-75.0,3.7199999999999998,3.0,-81.72,-1.068235294117647,False,0.27388582911485543,9,40362.3799999997,"B (partida 0,10 / 2R)"
MNQ,london,2026-09-29,B,0.1,2.0,1,2026-09-29 09:50:00+01:00,2026-09-29 09:50:00+01:00,2026-09-29 09:50:00+01:00,30623.75,30617.0,30637.25,30616.75,stop,6,6.75,91.44,-78.0,7.4399999999999995,6.0,-91.44,-1.1288888888888888,False,0.36941369662329687,9,40280.6599999997,"B (partida 0,10 / 2R)"
MNQ,london,2026-09-29,B,0.1,2.0,1,2026-09-29 10:00:00+01:00,2026-09-29 10:00:00+01:00,2026-09-29 10:00:00+01:00,30600.0,30580.75,30638.5,30580.5,stop,2,19.25,80.48,-76.0,2.48,2.0,-80.48,-1.0451948051948052,False,0.1761899841806232,9,40189.219999999696,"B (partida 0,10 / 2R)"
MNQ,london,2026-10-01,B,0.1,2.0,-1,2026-10-01 09:35:00+01:00,2026-10-01 09:35:00+01:00,2026-10-01 09:35:00+01:00,30777.0,30793.0,30745.0,30793.25,stop,2,16.0,67.48,-63.0,2.48,2.0,-67.48,-1.054375,False,-0.4709171369338828,9,40108.73999999969,"B (partida 0,10 / 2R)"
MNQ,london,2026-10-02,B,0.1,2.0,1,2026-10-02 09:40:00+01:00,2026-10-02 09:40:00+01:00,2026-10-02 10:00:00+01:00,31005.0,30984.0,31047.0,30983.75,stop,2,21.0,87.48,-83.0,2.48,2.0,-87.48,-1.0414285714285714,False,0.8408394878744534,9,40041.25999999969,"B (partida 0,10 / 2R)"
MNQ,london,2018-01-22,C,0.1,2.0,-1,2018-01-22 09:20:00+00:00,2018-01-22 09:20:00+00:00,2018-01-22 11:00:00+00:00,6837.25,6841.5,6828.75,6841.0,cierre_sesion,12,4.25,122.88,-78.0,14.879999999999999,12.0,-104.88,-1.028235294117647,False,-0.10504416408648985,9,50000.0,"C (partida 0,10 / 2R)"
MNQ,london,2018-01-31,C,0.1,2.0,-1,2018-01-31 09:25:00+00:00,2018-01-31 09:25:00+00:00,2018-01-31 11:00:00+00:00,6959.5,6964.5,6949.5,6959.5,cierre_sesion,10,5.0,117.4,10.0,12.4,10.0,-12.4,-0.124,False,-0.46737537109518223,9,49895.12,"C (partida 0,10 / 2R)"
MNQ,london,2018-02-05,C,0.1,2.0,1,2018-02-05 09:10:00+00:00,2018-02-05 09:10:00+00:00,2018-02-05 09:25:00+00:00,6750.5,6747.0,6757.5,6746.75,stop,14,3.5,122.36,-91.0,17.36,14.0,-122.36,-1.2485714285714287,False,0.3131693815439352,9,49882.72,"C (partida 0,10 / 2R)"
MNQ,london,2018-02-06,C,0.1,2.0,-1,2018-02-06 10:05:00+00:00,2018-02-06 10:05:00+00:00,2018-02-06 10:35:00+00:00,6448.0,6481.5,6381.0,6481.75,stop,1,33.5,68.74,-66.5,1.24,1.0,-68.74,-1.0259701492537312,False,-0.1402921665442218,10,49760.36,"C (partida 0,10 / 2R)"
MNQ,london,2018-02-14,C,0.1,2.0,-1,2018-02-14 10:10:00+00:00,2018-02-14 10:10:00+00:00,2018-02-14 10:10:00+00:00,6584.25,6590.25,6572.25,6590.5,stop,9,6.0,123.66,-103.5,11.16,9.0,-123.66,-1.145,False,-0.3314618106593415,10,49691.62,"C (partida 0,10 / 2R)"
MNQ,london,2018-02-22,C,0.1,2.0,-1,2018-02-22 09:05:00+00:00,2018-02-22 09:05:00+00:00,2018-02-22 09:10:00+00:00,6718.25,6724.0,6706.75,6724.25,stop,9,5.75,119.16,-99.0,11.16,9.0,-119.16,-1.151304347826087,False,-0.38381681996827044,9,49567.96,"C (partida 0,10 / 2R)"
MNQ,london,2018-02-23,C,0.1,2.0,1,2018-02-23 09:55:00+00:00,2018-02-23 09:55:00+00:00,2018-02-23 09:55:00+00:00,6817.25,6812.5,6826.75,6812.25,stop,10,4.75,112.4,-90.0,12.4,10.0,-112.4,-1.1831578947368422,False,0.1363659561723453,9,49448.799999999996,"C (partida 0,10 / 2R)"
MNQ,london,2018-02-27,C,0.1,2.0,-1,2018-02-27 08:35:00+00:00,2018-02-27 08:35:00+00:00,2018-02-27 10:35:00+00:00,6986.0,6992.0,6974.0,6992.25,stop,8,6.0,109.92,-92.0,9.92,8.0,-109.92,-1.145,False,-0.8893473526198982,8,49336.399999999994,"C (partida 0,10 / 2R)"
MNQ,london,2018-03-01,C,0.1,2.0,-1,2018-03-01 09:15:00+00:00,2018-03-01 09:15:00+00:00,2018-03-01 09:25:00+00:00,6874.5,6882.0,6859.5,6882.25,stop,7,7.5,117.17999999999999,-101.5,8.68,7.0,-117.18,-1.116,False,-0.2567892778708336,9,49226.479999999996,"C (partida 0,10 / 2R)"
MNQ,london,2018-03-06,C,0.1,2.0,-1,2018-03-06 09:15:00+00:00,2018-03-06 09:15:00+00:00,2018-03-06 09:15:00+00:00,6898.0,6903.5,6887.0,6903.75,stop,9,5.5,114.66,-94.5,11.16,9.0,-114.66,-1.1581818181818182,False,-0.1128397548986061,9,49109.299999999996,"C (partida 0,10 / 2R)"
MNQ,london,2018-03-07,C,0.1,2.0,-1,2018-03-07 09:40:00+00:00,2018-03-07 09:40:00+00:00,2018-03-07 10:00:00+00:00,6837.0,6846.0,6819.0,6846.25,stop,6,9.0,118.44,-105.0,7.4399999999999995,6.0,-118.44,-1.0966666666666667,False,-0.31639471996392166,9,48994.63999999999,"C (partida 0,10 / 2R)"
MNQ,london,2018-03-20,C,0.1,2.0,1,2018-03-20 10:20:00+00:00,2018-03-20 10:20:00+00:00,2018-03-20 11:00:00+00:00,6899.0,6890.25,6916.5,6905.5,cierre_sesion,6,8.75,115.44,84.0,7.4399999999999995,6.0,70.56,0.672,False,0.14370612757634835,10,48876.19999999999,"C (partida 0,10 / 2R)"
MNQ,london,2018-03-23,C,0.1,2.0,-1,2018-03-23 08:45:00+00:00,2018-03-23 08:45:00+00:00,2018-03-23 09:00:00+00:00,6637.0,6644.25,6622.5,6644.5,stop,7,7.25,113.68,-98.0,8.68,7.0,-113.68,-1.12,False,-1.4164886315540521,8,48946.75999999999,"C (partida 0,10 / 2R)"
MNQ,london,2018-03-27,C,0.1,2.0,-1,2018-03-27 09:20:00+01:00,2018-03-27 09:20:00+01:00,2018-03-27 09:25:00+01:00,6817.0,6822.5,6806.0,6822.75,stop,9,5.5,114.66,-94.5,11.16,9.0,-114.66,-1.1581818181818182,False,-0.5240741687235152,9,48833.07999999999,"C (partida 0,10 / 2R)"
MNQ,london,2018-04-02,C,0.1,2.0,1,2018-04-02 10:05:00+01:00,2018-04-02 10:05:00+01:00,2018-04-02 11:00:00+01:00,6551.75,6545.5,6564.25,6555.25,cierre_sesion,8,6.25,113.92,64.0,9.92,8.0,46.08,0.4608,False,0.10635589546029564,10,48718.419999999984,"C (partida 0,10 / 2R)"
MNQ,london,2018-04-03,C,0.1,2.0,-1,2018-04-03 09:25:00+01:00,2018-04-03 09:25:00+01:00,2018-04-03 09:25:00+01:00,6417.25,6423.0,6405.75,6423.25,stop,9,5.75,119.16,-99.0,11.16,9.0,-119.16,-1.151304347826087,False,-0.4999696101045184,9,48764.499999999985,"C (partida 0,10 / 2R)"
MNQ,london,2018-04-05,C,0.1,2.0,-1,2018-04-05 09:25:00+01:00,2018-04-05 09:25:00+01:00,2018-04-05 09:50:00+01:00,6626.75,6635.0,6610.25,6635.25,stop,6,8.25,109.44,-96.0,7.4399999999999995,6.0,-109.44,-1.1054545454545455,False,-0.38239643023024666,9,48645.33999999998,"C (partida 0,10 / 2R)"
MNQ,london,2018-04-10,C,0.1,2.0,-1,2018-04-10 08:40:00+01:00,2018-04-10 08:40:00+01:00,2018-04-10 09:25:00+01:00,6595.75,6606.75,6573.75,6607.0,stop,5,11.0,118.69999999999999,-107.5,6.2,5.0,-118.7,-1.079090909090909,False,-0.4086682414297733,8,48535.89999999998,"C (partida 0,10 / 2R)"
MNQ,london,2018-04-11,C,0.1,2.0,-1,2018-04-11 09:20:00+01:00,2018-04-11 09:20:00+01:00,2018-04-11 09:40:00+01:00,6589.0,6595.25,6576.5,6595.5,stop,8,6.25,113.92,-96.0,9.92,8.0,-113.92,-1.1392,False,-0.7342869356795292,9,48417.19999999998,"C (partida 0,10 / 2R)"
MNQ,london,2018-04-16,C,0.1,2.0,1,2018-04-16 09:05:00+01:00,2018-04-16 09:05:00+01:00,2018-04-16 10:15:00+01:00,6667.0,6659.5,6682.0,6682.0,objetivo,7,7.5,117.17999999999999,213.5,8.68,3.5,201.32,1.9173333333333333,False,0.45737271230998044,9,48303.279999999984,"C (partida 0,10 / 2R)"
MNQ,london,2018-05-04,C,0.1,2.0,1,2018-05-04 09:05:00+01:00,2018-05-04 09:05:00+01:00,2018-05-04 09:15:00+01:00,6662.0,6654.25,6677.5,6654.0,stop,7,7.75,120.67999999999999,-105.0,8.68,7.0,-120.68,-1.112258064516129,False,0.3925634914146274,9,48504.599999999984,"C (partida 0,10 / 2R)"
MNQ,london,2018-05-07,C,0.1,2.0,1,2018-05-07 09:50:00+01:00,2018-05-07 09:50:00+01:00,2018-05-07 09:50:00+01:00,6819.75,6815.75,6827.75,6815.5,stop,12,4.0,116.88,-90.0,14.879999999999999,12.0,-116.88,-1.2175,False,0.14687300888331542,9,48383.919999999984,"C (partida 0,10 / 2R)"
MNQ,london,2018-05-15,C,0.1,2.0,-1,2018-05-15 09:20:00+01:00,2018-05-15 09:20:00+01:00,2018-05-15 09:25:00+01:00,6951.5,6955.0,6944.5,6955.25,stop,13,3.5,113.62,-84.5,16.12,13.0,-113.62,-1.2485714285714287,False,-0.10342506699092299,9,48267.039999999986,"C (partida 0,10 / 2R)"
MNQ,london,2018-05-21,C,0.1,2.0,1,2018-05-21 09:45:00+01:00,2018-05-21 09:45:00+01:00,2018-05-21 10:00:00+01:00,6918.0,6914.0,6926.0,6926.0,objetivo,12,4.0,116.88,198.0,14.879999999999999,6.0,177.12,1.845,False,0.5294015769502644,9,48153.419999999984,"C (partida 0,10 / 2R)"
MNQ,london,2018-05-25,C,0.1,2.0,1,2018-05-25 09:35:00+01:00,2018-05-25 09:35:00+01:00,2018-05-25 09:40:00+01:00,6982.5,6978.0,6991.5,6977.75,stop,11,4.5,118.14,-93.5,13.64,11.0,-118.14,-1.1933333333333334,False,0.18379093989898618,9,48330.539999999986,"C (partida 0,10 / 2R)"
MNQ,london,2018-05-28,C,0.1,2.0,-1,2018-05-28 08:35:00+01:00,2018-05-28 08:35:00+01:00,2018-05-28 10:20:00+01:00,6994.0,6997.75,6986.5,6986.5,objetivo,13,3.75,120.12,201.5,16.12,6.5,178.88,1.8346666666666667,False,-0.11673985046005629,8,48212.39999999999,"C (partida 0,10 / 2R)"
MNQ,london,2018-05-30,C,0.1,2.0,-1,2018-05-30 09:40:00+01:00,2018-05-30 09:40:00+01:00,2018-05-30 10:00:00+01:00,6948.5,6959.0,6927.5,6959.25,stop,5,10.5,113.69999999999999,-102.5,6.2,5.0,-113.7,-1.082857142857143,False,-0.14348462673920037,9,48391.279999999984,"C (partida 0,10 / 2R)"
MNQ,london,2018-06-26,C,0.1,2.0,-1,2018-06-26 08:50:00+01:00,2018-06-26 08:50:00+01:00,2018-06-26 08:50:00+01:00,7070.75,7075.75,7060.75,7060.75,objetivo,10,5.0,117.4,205.0,12.4,5.0,187.6,1.876,False,-0.35674320755875044,8,48277.57999999999,"C (partida 0,10 / 2R)"
MNQ,london,2018-07-02,C,0.1,2.0,1,2018-07-02 09:45:00+01:00,2018-07-02 09:45:00+01:00,2018-07-02 10:30:00+01:00,7021.5,7013.25,7038.0,7013.0,stop,6,8.25,109.44,-96.0,7.4399999999999995,6.0,-109.44,-1.1054545454545455,False,0.2811278567770988,9,48465.179999999986,"C (partida 0,10 / 2R)"
MNQ,london,2018-07-11,C,0.1,2.0,1,2018-07-11 09:10:00+01:00,2018-07-11 09:10:00+01:00,2018-07-11 09:20:00+01:00,7232.5,7227.75,7242.0,7227.5,stop,10,4.75,112.4,-90.0,12.4,10.0,-112.4,-1.1831578947368422,False,0.5049116490936915,9,48355.73999999998,"C (partida 0,10 / 2R)"
MNQ,london,2018-07-17,C,0.1,2.0,1,2018-07-17 09:05:00+01:00,2018-07-17 09:05:00+01:00,2018-07-17 11:00:00+01:00,7314.75,7306.75,7330.75,7318.5,cierre_sesion,6,8.0,106.44,51.0,7.4399999999999995,6.0,37.56,0.39125000000000004,False,0.5425197545642213,9,48243.33999999998,"C (partida 0,10 / 2R)"
MNQ,london,2018-07-23,C,0.1,2.0,1,2018-07-23 09:35:00+01:00,2018-07-23 09:35:00+01:00,2018-07-23 10:05:00+01:00,7341.0,7335.75,7351.5,7335.5,stop,9,5.25,110.16,-90.0,11.16,9.0,-110.16,-1.1657142857142857,False,0.29540693251384753,9,48280.89999999998,"C (partida 0,10 / 2R)"
MNQ,london,2018-07-26,C,0.1,2.0,-1,2018-07-26 09:05:00+01:00,2018-07-26 09:05:00+01:00,2018-07-26 10:30:00+01:00,7399.75,7411.0,7377.25,7411.25,stop,4,11.25,96.96,-88.0,4.96,4.0,-96.96,-1.0773333333333333,False,-0.21078663577898216,9,48170.739999999976,"C (partida 0,10 / 2R)"
MNQ,london,2018-07-31,C,0.1,2.0,-1,2018-07-31 08:55:00+01:00,2018-07-31 08:55:00+01:00,2018-07-31 11:00:00+01:00,7212.25,7217.0,7202.75,7207.25,cierre_sesion,10,4.75,112.4,110.0,12.4,10.0,87.6,0.9221052631578947,False,-0.221989868735631,8,48073.77999999998,"C (partida 0,10 / 2R)"
MNQ,london,2018-08-14,C,0.1,2.0,-1,2018-08-14 09:40:00+01:00,2018-08-14 09:40:00+01:00,2018-08-14 09:45:00+01:00,7448.75,7453.25,7439.75,7453.5,stop,11,4.5,118.14,-93.5,13.64,11.0,-118.14,-1.1933333333333334,False,-0.22885716419087707,9,48161.379999999976,"C (partida 0,10 / 2R)"
MNQ,london,2018-08-16,C,0.1,2.0,1,2018-08-16 09:25:00+01:00,2018-08-16 09:25:00+01:00,2018-08-16 11:00:00+01:00,7411.5,7406.0,7422.5,7415.0,cierre_sesion,9,5.5,114.66,72.0,11.16,9.0,51.84,0.5236363636363637,False,0.23010183779943075,9,48043.239999999976,"C (partida 0,10 / 2R)"
MNQ,london,2018-08-17,C,0.1,2.0,-1,2018-08-17 10:20:00+01:00,2018-08-17 10:20:00+01:00,2018-08-17 10:45:00+01:00,7382.25,7388.0,7370.75,7370.75,objetivo,9,5.75,119.16,211.5,11.16,4.5,195.84,1.8921739130434783,False,-0.1745493247476679,10,48095.07999999997,"C (partida 0,10 / 2R)"
MNQ,london,2018-08-20,C,0.1,2.0,-1,2018-08-20 10:15:00+01:00,2018-08-20 10:15:00+01:00,2018-08-20 10:30:00+01:00,7411.0,7415.25,7402.5,7415.5,stop,11,4.25,112.64,-88.0,13.64,11.0,-112.64,-1.2047058823529413,False,-0.1119915542157869,10,48290.91999999997,"C (partida 0,10 / 2R)"
MNQ,london,2018-08-23,C,0.1,2.0,-1,2018-08-23 09:15:00+01:00,2018-08-23 09:15:00+01:00,2018-08-23 09:20:00+01:00,7422.25,7430.0,7406.75,7430.25,stop,6,7.75,103.44,-90.0,7.4399999999999995,6.0,-103.44,-1.112258064516129,False,-0.20785112399075065,9,48178.27999999997,"C (partida 0,10 / 2R)"
MNQ,london,2018-09-03,C,0.1,2.0,1,2018-09-03 09:05:00+01:00,2018-09-03 09:05:00+01:00,2018-09-03 11:00:00+01:00,7673.0,7665.5,7688.0,7671.0,cierre_sesion,7,7.5,117.17999999999999,-21.0,8.68,7.0,-36.68,-0.34933333333333333,False,0.42599240725633003,9,48074.83999999997,"C (partida 0,10 / 2R)"
MNQ,london,2018-09-04,C,0.1,2.0,-1,2018-09-04 09:15:00+01:00,2018-09-04 09:15:00+01:00,2018-09-04 11:00:00+01:00,7679.5,7686.5,7665.5,7669.75,cierre_sesion,7,7.0,110.18,143.5,8.68,7.0,127.82,1.3042857142857143,False,-0.4521175012890749,9,48038.15999999997,"C (partida 0,10 / 2R)"
MNQ,london,2018-09-06,C,0.1,2.0,1,2018-09-06 08:50:00+01:00,2018-09-06 08:50:00+01:00,2018-09-06 09:40:00+01:00,7524.25,7518.75,7535.25,7535.25,objetivo,9,5.5,114.66,202.5,11.16,4.5,186.84,1.8872727272727272,False,0.8314923114172988,8,48165.97999999997,"C (partida 0,10 / 2R)"
MNQ,london,2018-09-07,C,0.1,2.0,-1,2018-09-07 09:10:00+01:00,2018-09-07 09:10:00+01:00,2018-09-07 09:20:00+01:00,7445.75,7451.0,7435.25,7451.25,stop,9,5.25,110.16,-90.0,11.16,9.0,-110.16,-1.1657142857142857,False,-0.2121620404399857,9,48352.81999999996,"C (partida 0,10 / 2R)"
MNQ,london,2018-09-17,C,0.1,2.0,1,2018-09-17 08:45:00+01:00,2018-09-17 08:45:00+01:00,2018-09-17 09:15:00+01:00,7531.25,7527.75,7538.25,7538.25,objetivo,13,3.5,113.62,188.5,16.12,6.5,165.88,1.8228571428571427,False,0.6261860320902721,8,48242.65999999996,"C (partida 0,10 / 2R)"
MNQ,london,2018-09-27,C,0.1,2.0,1,2018-09-27 09:30:00+01:00,2018-09-27 09:30:00+01:00,2018-09-27 09:30:00+01:00,7598.5,7595.0,7605.5,7594.75,stop,13,3.5,113.62,-84.5,16.12,13.0,-113.62,-1.2485714285714287,False,0.12204993618955749,9,48408.53999999996,"C (partida 0,10 / 2R)"
MNQ,london,2018-09-28,C,0.1,2.0,1,2018-09-28 09:35:00+01:00,2018-09-28 09:35:00+01:00,2018-09-28 10:25:00+01:00,7658.25,7654.5,7665.75,7654.25,stop,13,3.75,120.12,-91.0,16.12,13.0,-120.12,-1.232,False,0.41528540348664367,9,48294.919999999955,"C (partida 0,10 / 2R)"
MNQ,london,2018-10-02,C,0.1,2.0,1,2018-10-02 09:00:00+01:00,2018-10-02 09:00:00+01:00,2018-10-02 09:20:00+01:00,7658.5,7652.5,7670.5,7652.25,stop,8,6.0,109.92,-92.0,9.92,8.0,-109.92,-1.145,False,0.6146386108561557,8,48174.79999999995,"C (partida 0,10 / 2R)"
MNQ,london,2018-10-11,C,0.1,2.0,-1,2018-10-11 09:20:00+01:00,2018-10-11 09:20:00+01:00,2018-10-11 09:20:00+01:00,6988.75,6993.0,6980.25,6993.25,stop,11,4.25,112.64,-88.0,13.64,11.0,-112.64,-1.2047058823529413,False,-0.6332232546760511,9,48064.879999999954,"C (partida 0,10 / 2R)"
MNQ,london,2018-10-12,C,0.1,2.0,-1,2018-10-12 09:15:00+01:00,2018-10-12 09:15:00+01:00,2018-10-12 09:15:00+01:00,7138.0,7141.75,7130.5,7142.0,stop,12,3.75,110.88,-84.0,14.879999999999999,12.0,-110.88,-1.232,False,-0.41298032809244956,9,47952.239999999954,"C (partida 0,10 / 2R)"
MNQ,london,2018-10-17,C,0.1,2.0,-1,2018-10-17 09:05:00+01:00,2018-10-17 09:05:00+01:00,2018-10-17 10:20:00+01:00,7344.0,7350.5,7331.0,7331.0,objetivo,8,6.5,117.92,212.0,9.92,4.0,198.08,1.9046153846153848,False,-0.8670234811014984,9,47841.35999999996,"C (partida 0,10 / 2R)"
MNQ,london,2018-10-23,C,0.1,2.0,1,2018-10-23 08:45:00+01:00,2018-10-23 08:45:00+01:00,2018-10-23 08:50:00+01:00,7071.25,7065.5,7082.75,7065.25,stop,9,5.75,119.16,-99.0,11.16,9.0,-119.16,-1.151304347826087,False,0.589463445428691,8,48039.43999999996,"C (partida 0,10 / 2R)"
MNQ,london,2018-10-29,C,0.1,2.0,-1,2018-10-29 09:05:00+00:00,2018-10-29 09:05:00+00:00,2018-10-29 09:10:00+00:00,6895.5,6902.75,6881.0,6903.0,stop,7,7.25,113.68,-98.0,8.68,7.0,-113.68,-1.12,False,-0.1545061446550892,9,47920.279999999955,"C (partida 0,10 / 2R)"
MNQ,london,2018-10-31,C,0.1,2.0,-1,2018-10-31 09:55:00+00:00,2018-10-31 09:55:00+00:00,2018-10-31 10:15:00+00:00,6871.75,6879.0,6857.25,6879.25,stop,7,7.25,113.68,-98.0,8.68,7.0,-113.68,-1.12,False,-0.15120748194411274,9,47806.599999999955,"C (partida 0,10 / 2R)"
MNQ,london,2018-11-05,C,0.1,2.0,1,2018-11-05 09:55:00+00:00,2018-11-05 09:55:00+00:00,2018-11-05 11:00:00+00:00,6975.5,6967.5,6991.5,6982.5,cierre_sesion,6,8.0,106.44,90.0,7.4399999999999995,6.0,76.56,0.7975,False,0.12929598190856306,9,47692.919999999955,"C (partida 0,10 / 2R)"
MNQ,london,2018-11-13,C,0.1,2.0,-1,2018-11-13 09:55:00+00:00,2018-11-13 09:55:00+00:00,2018-11-13 09:55:00+00:00,6875.25,6879.5,6866.75,6866.75,objetivo,11,4.25,112.64,192.5,13.64,5.5,173.36,1.8541176470588236,False,-0.11847683554555169,9,47769.47999999995,"C (partida 0,10 / 2R)"
MNQ,london,2018-11-15,C,0.1,2.0,-1,2018-11-15 09:00:00+00:00,2018-11-15 09:00:00+00:00,2018-11-15 09:15:00+00:00,6804.5,6811.0,6791.5,6811.25,stop,8,6.5,117.92,-100.0,9.92,8.0,-117.92,-1.133846153846154,False,-1.0057980071772579,8,47942.83999999995,"C (partida 0,10 / 2R)"
MNQ,london,2018-11-19,C,0.1,2.0,-1,2018-11-19 09:50:00+00:00,2018-11-19 09:50:00+00:00,2018-11-19 10:00:00+00:00,6900.25,6904.0,6892.75,6892.75,objetivo,12,3.75,110.88,186.0,14.879999999999999,6.0,165.12,1.8346666666666667,False,-0.31806053875719204,9,47824.919999999955,"C (partida 0,10 / 2R)"
MNQ,london,2018-11-21,C,0.1,2.0,-1,2018-11-21 08:35:00+00:00,2018-11-21 08:35:00+00:00,2018-11-21 08:40:00+00:00,6568.75,6582.0,6542.25,6582.25,stop,4,13.25,112.96,-104.0,4.96,4.0,-112.96,-1.0656603773584905,False,-0.1822459113714461,8,47990.03999999996,"C (partida 0,10 / 2R)"
MNQ,london,2018-11-27,C,0.1,2.0,1,2018-11-27 09:10:00+00:00,2018-11-27 09:10:00+00:00,2018-11-27 10:15:00+00:00,6665.0,6652.75,6689.5,6652.5,stop,4,12.25,104.96,-96.0,4.96,4.0,-104.96,-1.0710204081632653,False,0.23007084650165788,9,47877.07999999996,"C (partida 0,10 / 2R)"
MNQ,london,2018-11-28,C,0.1,2.0,1,2018-11-28 10:20:00+00:00,2018-11-28 10:20:00+00:00,2018-11-28 10:20:00+00:00,6726.5,6723.0,6733.5,6722.75,stop,13,3.5,113.62,-84.5,16.12,13.0,-113.62,-1.2485714285714287,False,0.11770152742443717,10,47772.11999999996,"C (partida 0,10 / 2R)"
MNQ,london,2018-11-29,C,0.1,2.0,-1,2018-11-29 09:10:00+00:00,2018-11-29 09:10:00+00:00,2018-11-29 11:00:00+00:00,6883.75,6893.0,6865.25,6874.5,cierre_sesion,5,9.25,101.19999999999999,97.5,6.2,5.0,86.3,0.932972972972973,False,-0.4353502942594208,9,47658.499999999956,"C (partida 0,10 / 2R)"
MNQ,london,2018-12-04,C,0.1,2.0,-1,2018-12-04 09:35:00+00:00,2018-12-04 09:35:00+00:00,2018-12-04 10:10:00+00:00,7002.25,7010.25,6986.25,7010.5,stop,6,8.0,106.44,-93.0,7.4399999999999995,6.0,-106.44,-1.10875,False,-0.3516687739974568,9,47744.79999999996,"C (partida 0,10 / 2R)"
MNQ,london,2018-12-06,C,0.1,2.0,-1,2018-12-06 09:00:00+00:00,2018-12-06 09:00:00+00:00,2018-12-06 09:00:00+00:00,6701.0,6706.75,6689.5,6689.5,objetivo,8,5.75,105.92,188.0,9.92,4.0,174.08,1.8921739130434785,False,-0.35214230943826963,8,47638.35999999996,"C (partida 0,10 / 2R)"
MNQ,london,2018-12-07,C,0.1,2.0,1,2018-12-07 09:40:00+00:00,2018-12-07 09:40:00+00:00,2018-12-07 10:20:00+00:00,6798.5,6790.75,6814.0,6790.5,stop,6,7.75,103.44,-90.0,7.4399999999999995,6.0,-103.44,-1.112258064516129,False,0.2019896831592587,9,47812.43999999996,"C (partida 0,10 / 2R)"
MNQ,london,2018-12-10,C,0.1,2.0,-1,2018-12-10 09:00:00+00:00,2018-12-10 09:00:00+00:00,2018-12-10 09:00:00+00:00,6582.25,6588.25,6570.25,6588.5,stop,8,6.0,109.92,-92.0,9.92,8.0,-109.92,-1.145,False,-0.45700732062591454,8,47708.999999999956,"C (partida 0,10 / 2R)"
MNQ,london,2018-12-12,C,0.1,2.0,1,2018-12-12 08:45:00+00:00,2018-12-12 08:45:00+00:00,2018-12-12 09:25:00+00:00,6762.75,6750.75,6786.75,6786.75,objetivo,4,12.0,102.96,194.0,4.96,2.0,187.04,1.9483333333333333,False,1.2107471657397506,8,47599.07999999996,"C (partida 0,10 / 2R)"
MNQ,london,2018-12-13,C,0.1,2.0,-1,2018-12-13 08:40:00+00:00,2018-12-13 08:40:00+00:00,2018-12-13 09:10:00+00:00,6799.75,6805.0,6789.25,6789.25,objetivo,9,5.25,110.16,193.5,11.16,4.5,177.84,1.881904761904762,False,-1.7017562554088115,8,47786.11999999996,"C (partida 0,10 / 2R)"
MNQ,london,2018-12-17,C,0.1,2.0,1,2018-12-17 10:10:00+00:00,2018-12-17 10:10:00+00:00,2018-12-17 10:25:00+00:00,6615.75,6612.25,6622.75,6622.75,objetivo,13,3.5,113.62,188.5,16.12,6.5,165.88,1.8228571428571427,False,0.10476209313800725,10,47963.959999999955,"C (partida 0,10 / 2R)"
MNQ,london,2018-12-20,C,0.1,2.0,1,2018-12-20 08:50:00+00:00,2018-12-20 08:50:00+00:00,2018-12-20 09:00:00+00:00,6309.5,6299.0,6330.5,6298.75,stop,5,10.5,113.69999999999999,-102.5,6.2,5.0,-113.7,-1.082857142857143,False,0.11714811828037096,8,48129.83999999995,"C (partida 0,10 / 2R)"
MNQ,london,2019-01-09,C,0.1,2.0,1,2019-01-09 08:50:00+00:00,2019-01-09 08:50:00+00:00,2019-01-09 09:00:00+00:00,6589.25,6582.5,6602.75,6582.25,stop,7,6.75,106.68,-91.0,8.68,7.0,-106.68,-1.128888888888889,False,0.9270030685720002,8,48016.139999999956,"C (partida 0,10 / 2R)"
MNQ,london,2019-01-23,C,0.1,2.0,1,2019-01-23 09:05:00+00:00,2019-01-23 09:05:00+00:00,2019-01-23 09:20:00+00:00,6657.75,6653.0,6667.25,6667.25,objetivo,10,4.75,112.4,195.0,12.4,5.0,177.6,1.8694736842105262,False,0.563408784522682,9,47909.459999999955,"C (partida 0,10 / 2R)"
MNQ,london,2019-01-24,C,0.1,2.0,1,2019-01-24 08:45:00+00:00,2019-01-24 08:45:00+00:00,2019-01-24 09:15:00+00:00,6681.25,6675.25,6693.25,6693.25,objetivo,8,6.0,109.92,196.0,9.92,4.0,182.08,1.8966666666666667,False,0.25276945743350543,8,48087.059999999954,"C (partida 0,10 / 2R)"
MNQ,london,2019-01-25,C,0.1,2.0,1,2019-01-25 08:50:00+00:00,2019-01-25 08:50:00+00:00,2019-01-25 09:55:00+00:00,6733.75,6727.25,6746.75,6727.0,stop,8,6.5,117.92,-100.0,9.92,8.0,-117.92,-1.133846153846154,False,0.5513114086066446,8,48269.139999999956,"C (partida 0,10 / 2R)"
MNQ,london,2019-02-01,C,0.1,2.0,-1,2019-02-01 09:00:00+00:00,2019-02-01 09:00:00+00:00,2019-02-01 09:10:00+00:00,6889.5,6893.75,6881.0,6894.0,stop,11,4.25,112.64,-88.0,13.64,11.0,-112.64,-1.2047058823529413,False,-0.13416969701719397,8,48151.21999999996,"C (partida 0,10 / 2R)"
MNQ,london,2019-02-07,C,0.1,2.0,-1,2019-02-07 10:20:00+00:00,2019-02-07 10:20:00+00:00,2019-02-07 11:00:00+00:00,6958.25,6972.0,6930.75,6958.75,cierre_sesion,4,13.75,116.96,-0.0,4.96,4.0,-8.96,-0.08145454545454546,False,-0.18921878989144694,10,48038.57999999996,"C (partida 0,10 / 2R)"
MNQ,london,2019-02-26,C,0.1,2.0,-1,2019-02-26 09:30:00+00:00,2019-02-26 09:30:00+00:00,2019-02-26 09:35:00+00:00,7086.5,7091.5,7076.5,7091.75,stop,10,5.0,117.4,-95.0,12.4,10.0,-117.4,-1.1740000000000002,False,-0.2896784844846198,9,48029.61999999996,"C (partida 0,10 / 2R)"
MNQ,london,2019-02-28,C,0.1,2.0,1,2019-02-28 08:55:00+00:00,2019-02-28 08:55:00+00:00,2019-02-28 10:15:00+00:00,7089.5,7085.5,7097.5,7085.25,stop,12,4.0,116.88,-90.0,14.879999999999999,12.0,-116.88,-1.2175,False,0.8386983401473691,8,47912.21999999996,"C (partida 0,10 / 2R)"
MNQ,london,2019-03-01,C,0.1,2.0,1,2019-03-01 08:45:00+00:00,2019-03-01 08:45:00+00:00,2019-03-01 08:50:00+00:00,7147.25,7142.5,7156.75,7156.75,objetivo,10,4.75,112.4,195.0,12.4,5.0,177.6,1.8694736842105262,False,0.2882336851767094,8,47795.33999999996,"C (partida 0,10 / 2R)"
MNQ,london,2019-03-14,C,0.1,2.0,-1,2019-03-14 10:20:00+00:00,2019-03-14 10:20:00+00:00,2019-03-14 10:25:00+00:00,7277.75,7282.25,7268.75,7268.75,objetivo,11,4.5,118.14,203.5,13.64,5.5,184.36,1.8622222222222224,False,-0.534093390013724,10,47972.93999999996,"C (partida 0,10 / 2R)"
MNQ,london,2019-03-21,C,0.1,2.0,1,2019-03-21 09:10:00+00:00,2019-03-21 09:10:00+00:00,2019-03-21 09:30:00+00:00,7414.75,7408.5,7427.25,7408.25,stop,8,6.25,113.92,-96.0,9.92,8.0,-113.92,-1.1392,False,0.2524548227576197,9,48157.29999999996,"C (partida 0,10 / 2R)"
MNQ,london,2019-03-22,C,0.1,2.0,-1,2019-03-22 08:40:00+00:00,2019-03-22 08:40:00+00:00,2019-03-22 08:45:00+00:00,7516.0,7520.0,7508.0,7508.0,objetivo,12,4.0,116.88,198.0,14.879999999999999,6.0,177.12,1.845,False,-1.959597767867591,8,48043.37999999996,"C (partida 0,10 / 2R)"
MNQ,london,2019-03-26,C,0.1,2.0,-1,2019-03-26 08:40:00+00:00,2019-03-26 08:40:00+00:00,2019-03-26 09:05:00+00:00,7362.25,7366.25,7354.25,7366.5,stop,12,4.0,116.88,-90.0,14.879999999999999,12.0,-116.88,-1.2175,False,-0.5976571883953518,8,48220.49999999996,"C (partida 0,10 / 2R)"
MNQ,london,2019-03-29,C,0.1,2.0,-1,2019-03-29 08:40:00+00:00,2019-03-29 08:40:00+00:00,2019-03-29 10:15:00+00:00,7370.5,7376.0,7359.5,7359.5,objetivo,9,5.5,114.66,202.5,11.16,4.5,186.84,1.8872727272727272,False,-0.8541948010313539,8,48103.619999999966,"C (partida 0,10 / 2R)"
MNQ,london,2019-04-18,C,0.1,2.0,-1,2019-04-18 08:50:00+01:00,2019-04-18 08:50:00+01:00,2019-04-18 09:30:00+01:00,7667.25,7672.5,7656.75,7672.75,stop,9,5.25,110.16,-90.0,11.16,9.0,-110.16,-1.1657142857142857,False,-0.8645412889709311,8,48290.45999999996,"C (partida 0,10 / 2R)"
MNQ,london,2019-05-06,C,0.1,2.0,-1,2019-05-06 09:20:00+01:00,2019-05-06 09:20:00+01:00,2019-05-06 09:35:00+01:00,7701.0,7706.5,7690.0,7690.0,objetivo,9,5.5,114.66,202.5,11.16,4.5,186.84,1.8872727272727272,False,-0.194590265213793,9,48180.29999999996,"C (partida 0,10 / 2R)"
MNQ,london,2019-05-08,C,0.1,2.0,-1,2019-05-08 10:05:00+01:00,2019-05-08 10:05:00+01:00,2019-05-08 10:15:00+01:00,7667.25,7675.75,7650.25,7676.0,stop,6,8.5,112.44,-99.0,7.4399999999999995,6.0,-112.44,-1.1023529411764705,False,-0.43245103861837464,10,48367.139999999956,"C (partida 0,10 / 2R)"
MNQ,london,2019-05-10,C,0.1,2.0,-1,2019-05-10 09:50:00+01:00,2019-05-10 09:50:00+01:00,2019-05-10 10:00:00+01:00,7579.75,7586.0,7567.25,7586.25,stop,8,6.25,113.92,-96.0,9.92,8.0,-113.92,-1.1392,False,-0.10977771105632923,9,48254.69999999995,"C (partida 0,10 / 2R)"
MNQ,london,2019-05-16,C,0.1,2.0,-1,2019-05-16 08:35:00+01:00,2019-05-16 08:35:00+01:00,2019-05-16 08:35:00+01:00,7482.25,7486.5,7473.75,7486.75,stop,11,4.25,112.64,-88.0,13.64,11.0,-112.64,-1.2047058823529413,False,-0.6825724274645675,8,48140.779999999955,"C (partida 0,10 / 2R)"
MNQ,london,2019-05-21,C,0.1,2.0,1,2019-05-21 10:20:00+01:00,2019-05-21 10:20:00+01:00,2019-05-21 11:00:00+01:00,7441.5,7419.75,7485.0,7453.5,cierre_sesion,2,21.75,90.48,50.0,2.48,2.0,45.52,0.5232183908045978,False,0.21002941813843384,10,48028.139999999956,"C (partida 0,10 / 2R)"
MNQ,london,2019-05-30,C,0.1,2.0,-1,2019-05-30 09:40:00+01:00,2019-05-30 09:40:00+01:00,2019-05-30 10:00:00+01:00,7239.5,7244.75,7229.0,7245.0,stop,9,5.25,110.16,-90.0,11.16,9.0,-110.16,-1.1657142857142857,False,-0.18616300482242704,9,48073.65999999995,"C (partida 0,10 / 2R)"
MNQ,london,2019-06-05,C,0.1,2.0,1,2019-06-05 08:40:00+01:00,2019-06-05 08:40:00+01:00,2019-06-05 08:55:00+01:00,7203.0,7196.0,7217.0,7217.0,objetivo,7,7.0,110.18,199.5,8.68,3.5,187.32,1.9114285714285713,False,0.5912506874430264,8,47963.49999999995,"C (partida 0,10 / 2R)"
MNQ,london,2019-06-10,C,0.1,2.0,1,2019-06-10 08:55:00+01:00,2019-06-10 08:55:00+01:00,2019-06-10 09:15:00+01:00,7449.75,7443.25,7462.75,7443.0,stop,8,6.5,117.92,-100.0,9.92,8.0,-117.92,-1.133846153846154,False,0.48036360825125407,8,48150.81999999995,"C (partida 0,10 / 2R)"
MNQ,london,2019-06-12,C,0.1,2.0,1,2019-06-12 09:05:00+01:00,2019-06-12 09:05:00+01:00,2019-06-12 09:15:00+01:00,7493.0,7485.0,7509.0,7484.75,stop,6,8.0,106.44,-93.0,7.4399999999999995,6.0,-106.44,-1.10875,False,0.4316169222740846,9,48032.89999999995,"C (partida 0,10 / 2R)"
MNQ,london,2019-06-17,C,0.1,2.0,1,2019-06-17 10:05:00+01:00,2019-06-17 10:05:00+01:00,2019-06-17 10:15:00+01:00,7503.0,7498.25,7512.5,7498.0,stop,10,4.75,112.4,-90.0,12.4,10.0,-112.4,-1.1831578947368422,False,0.1041446121940695,10,47926.45999999995,"C (partida 0,10 / 2R)"
MNQ,london,2019-06-18,C,0.1,2.0,1,2019-06-18 09:20:00+01:00,2019-06-18 09:20:00+01:00,2019-06-18 11:00:00+01:00,7557.75,7539.5,7594.25,7574.25,cierre_sesion,3,18.25,114.72,102.0,3.7199999999999998,3.0,95.28,0.8701369863013698,False,0.9665966317109461,9,47814.05999999995,"C (partida 0,10 / 2R)"
MNQ,london,2019-06-21,C,0.1,2.0,-1,2019-06-21 10:00:00+01:00,2019-06-21 10:00:00+01:00,2019-06-21 10:20:00+01:00,7725.0,7730.25,7714.5,7730.5,stop,9,5.25,110.16,-90.0,11.16,9.0,-110.16,-1.1657142857142857,False,-0.25089262785331606,9,47909.339999999946,"C (partida 0,10 / 2R)"
MNQ,london,2019-07-08,C,0.1,2.0,-1,2019-07-08 10:15:00+01:00,2019-07-08 10:15:00+01:00,2019-07-08 11:00:00+01:00,7822.5,7834.5,7798.5,7824.0,cierre_sesion,4,12.0,102.96,-8.0,4.96,4.0,-16.96,-0.17666666666666667,False,-0.10575255723235231,10,47799.17999999994,"C (partida 0,10 / 2R)"
MNQ,london,2019-07-10,C,0.1,2.0,1,2019-07-10 09:05:00+01:00,2019-07-10 09:05:00+01:00,2019-07-10 09:30:00+01:00,7837.5,7831.25,7850.0,7831.0,stop,8,6.25,113.92,-96.0,9.92,8.0,-113.92,-1.1392,False,0.9145364534583637,9,47782.21999999994,"C (partida 0,10 / 2R)"
MNQ,london,2019-07-10,C,0.1,2.0,1,2019-07-10 10:20:00+01:00,2019-07-10 10:20:00+01:00,2019-07-10 10:40:00+01:00,7839.5,7828.5,7861.5,7828.25,stop,5,11.0,118.69999999999999,-107.5,6.2,5.0,-118.7,-1.079090909090909,False,0.10037724765820788,10,47668.299999999945,"C (partida 0,10 / 2R)"
MNQ,london,2019-07-11,C,0.1,2.0,1,2019-07-11 10:10:00+01:00,2019-07-11 10:10:00+01:00,2019-07-11 11:00:00+01:00,7959.5,7949.25,7980.0,7959.75,cierre_sesion,5,10.25,111.19999999999999,7.5,6.2,5.0,-3.7,-0.03609756097560976,False,0.3328250481144955,10,47549.59999999995,"C (partida 0,10 / 2R)"
MNQ,london,2019-07-12,C,0.1,2.0,1,2019-07-12 09:05:00+01:00,2019-07-12 09:05:00+01:00,2019-07-12 11:00:00+01:00,7937.5,7927.75,7957.0,7940.75,cierre_sesion,5,9.75,106.19999999999999,37.5,6.2,5.0,26.3,0.26974358974358975,False,0.30405379533052684,9,47545.89999999995,"C (partida 0,10 / 2R)"
MNQ,london,2019-07-15,C,0.1,2.0,-1,2019-07-15 09:25:00+01:00,2019-07-15 09:25:00+01:00,2019-07-15 09:40:00+01:00,7963.75,7970.25,7950.75,7970.5,stop,8,6.5,117.92,-100.0,9.92,8.0,-117.92,-1.133846153846154,False,-0.6116816879078925,9,47572.19999999995,"C (partida 0,10 / 2R)"
MNQ,london,2019-07-19,C,0.1,2.0,1,2019-07-19 08:35:00+01:00,2019-07-19 08:35:00+01:00,2019-07-19 10:25:00+01:00,7965.0,7961.25,7972.5,7961.0,stop,12,3.75,110.88,-84.0,14.879999999999999,12.0,-110.88,-1.232,False,0.9359380121452823,8,47454.279999999955,"C (partida 0,10 / 2R)"
MNQ,london,2019-07-31,C,0.1,2.0,1,2019-07-31 09:05:00+01:00,2019-07-31 09:05:00+01:00,2019-07-31 11:00:00+01:00,7991.0,7985.75,8001.5,7996.5,cierre_sesion,9,5.25,110.16,108.0,11.16,9.0,87.84,0.9295238095238095,False,0.2061081027978722,9,47343.39999999996,"C (partida 0,10 / 2R)"
MNQ,london,2019-08-06,C,0.1,2.0,-1,2019-08-06 09:05:00+01:00,2019-08-06 09:05:00+01:00,2019-08-06 09:10:00+01:00,7412.5,7428.75,7380.0,7429.0,stop,3,16.25,102.72,-96.0,3.7199999999999998,3.0,-102.72,-1.0535384615384615,False,-0.4215068025955099,9,47431.239999999954,"C (partida 0,10 / 2R)"
MNQ,london,2019-08-08,C,0.1,2.0,1,2019-08-08 10:10:00+01:00,2019-08-08 10:10:00+01:00,2019-08-08 10:15:00+01:00,7589.25,7585.5,7596.75,7596.75,objetivo,12,3.75,110.88,186.0,14.879999999999999,6.0,165.12,1.8346666666666667,False,0.13426200463419022,10,47328.51999999995,"C (partida 0,10 / 2R)"
MNQ,london,2019-08-12,C,0.1,2.0,-1,2019-08-12 09:10:00+01:00,2019-08-12 09:10:00+01:00,2019-08-12 09:50:00+01:00,7664.5,7686.25,7621.0,7621.0,objetivo,2,21.75,90.48,175.0,2.48,1.0,171.52,1.9714942528735633,False,-1.2452945836947986,9,47493.639999999956,"C (partida 0,10 / 2R)"
MNQ,london,2019-08-13,C,0.1,2.0,1,2019-08-13 09:40:00+01:00,2019-08-13 09:40:00+01:00,2019-08-13 10:00:00+01:00,7564.5,7554.25,7585.0,7554.0,stop,5,10.25,111.19999999999999,-100.0,6.2,5.0,-111.2,-1.0848780487804879,False,0.17650223004945004,9,47665.15999999995,"C (partida 0,10 / 2R)"
MNQ,london,2019-08-15,C,0.1,2.0,-1,2019-08-15 08:35:00+01:00,2019-08-15 08:35:00+01:00,2019-08-15 08:40:00+01:00,7520.0,7529.0,7502.0,7529.25,stop,6,9.0,118.44,-105.0,7.4399999999999995,6.0,-118.44,-1.0966666666666667,False,-1.781134863289169,8,47553.959999999955,"C (partida 0,10 / 2R)"
MNQ,london,2019-08-19,C,0.1,2.0,-1,2019-08-19 09:30:00+01:00,2019-08-19 09:30:00+01:00,2019-08-19 10:10:00+01:00,7674.25,7683.5,7655.75,7683.75,stop,5,9.25,101.19999999999999,-90.0,6.2,5.0,-101.2,-1.094054054054054,False,-0.37003262689329275,9,47435.51999999995,"C (partida 0,10 / 2R)"
MNQ,london,2019-08-22,C,0.1,2.0,-1,2019-08-22 09:35:00+01:00,2019-08-22 09:35:00+01:00,2019-08-22 09:50:00+01:00,7725.0,7735.75,7703.5,7736.0,stop,5,10.75,116.19999999999999,-105.0,6.2,5.0,-116.2,-1.0809302325581396,False,-0.3896994854466014,9,47334.319999999956,"C (partida 0,10 / 2R)"
MNQ,london,2019-08-27,C,0.1,2.0,1,2019-08-27 10:05:00+01:00,2019-08-27 10:05:00+01:00,2019-08-27 11:00:00+01:00,7586.0,7562.0,7634.0,7585.5,cierre_sesion,2,24.0,99.48,0.0,2.48,2.0,-4.48,-0.04666666666666667,False,0.25939422322191474,10,47218.11999999996,"C (partida 0,10 / 2R)"
MNQ,london,2019-09-03,C,0.1,2.0,1,2019-09-03 09:25:00+01:00,2019-09-03 09:25:00+01:00,2019-09-03 09:30:00+01:00,7635.5,7629.75,7647.0,7629.5,stop,8,5.75,105.92,-88.0,9.92,8.0,-105.92,-1.151304347826087,False,0.2983194403570951,9,47213.639999999956,"C (partida 0,10 / 2R)"
MNQ,london,2019-09-05,C,0.1,2.0,1,2019-09-05 09:30:00+01:00,2019-09-05 09:30:00+01:00,2019-09-05 10:35:00+01:00,7800.0,7793.5,7813.0,7813.0,objetivo,7,6.5,103.18,185.5,8.68,3.5,173.32,1.9046153846153846,False,0.48844641036010966,9,47107.71999999996,"C (partida 0,10 / 2R)"
MNQ,london,2019-09-09,C,0.1,2.0,-1,2019-09-09 08:55:00+01:00,2019-09-09 08:55:00+01:00,2019-09-09 09:55:00+01:00,7868.75,7874.25,7857.75,7874.5,stop,9,5.5,114.66,-94.5,11.16,9.0,-114.66,-1.1581818181818182,False,-0.23669356338263614,8,47281.03999999996,"C (partida 0,10 / 2R)"
MNQ,london,2019-09-11,C,0.1,2.0,1,2019-09-11 08:50:00+01:00,2019-09-11 08:50:00+01:00,2019-09-11 09:05:00+01:00,7834.5,7827.5,7848.5,7827.25,stop,7,7.0,110.18,-94.5,8.68,7.0,-110.18,-1.1242857142857143,False,0.4276815068124375,8,47166.379999999954,"C (partida 0,10 / 2R)"
MNQ,london,2019-09-11,C,0.1,2.0,-1,2019-09-11 10:05:00+01:00,2019-09-11 10:05:00+01:00,2019-09-11 11:00:00+01:00,7805.75,7825.5,7766.25,7812.5,cierre_sesion,2,19.75,82.48,-25.0,2.48,2.0,-29.48,-0.37316455696202533,False,-0.33020251592941013,10,47056.19999999995,"C (partida 0,10 / 2R)"
MNQ,london,2019-09-13,C,0.1,2.0,-1,2019-09-13 09:45:00+01:00,2019-09-13 09:45:00+01:00,2019-09-13 10:25:00+01:00,7935.75,7943.5,7920.25,7943.75,stop,6,7.75,103.44,-90.0,7.4399999999999995,6.0,-103.44,-1.112258064516129,False,-0.1641541267237428,9,47026.71999999995,"C (partida 0,10 / 2R)"
MNQ,london,2019-09-16,C,0.1,2.0,-1,2019-09-16 10:05:00+01:00,2019-09-16 10:05:00+01:00,2019-09-16 10:05:00+01:00,7825.75,7832.0,7813.25,7832.25,stop,8,6.25,113.92,-96.0,9.92,8.0,-113.92,-1.1392,False,-0.2144625677537698,10,46923.27999999995,"C (partida 0,10 / 2R)"
MNQ,london,2019-09-19,C,0.1,2.0,1,2019-09-19 08:40:00+01:00,2019-09-19 08:40:00+01:00,2019-09-19 08:55:00+01:00,7865.75,7859.25,7878.75,7878.75,objetivo,7,6.5,103.18,185.5,8.68,3.5,173.32,1.9046153846153846,False,0.8881316938909073,8,46809.35999999995,"C (partida 0,10 / 2R)"
MNQ,london,2019-09-24,C,0.1,2.0,1,2019-09-24 09:05:00+01:00,2019-09-24 09:05:00+01:00,2019-09-24 11:00:00+01:00,7874.0,7867.5,7887.0,7881.0,cierre_sesion,7,6.5,103.18,105.0,8.68,7.0,89.32,0.9815384615384615,False,0.4202180267003538,9,46982.67999999995,"C (partida 0,10 / 2R)"
MNQ,london,2019-09-30,C,0.1,2.0,1,2019-09-30 08:45:00+01:00,2019-09-30 08:45:00+01:00,2019-09-30 08:45:00+01:00,7737.75,7733.25,7746.75,7733.0,stop,10,4.5,107.4,-85.0,12.4,10.0,-107.4,-1.1933333333333334,False,0.30368442688527697,8,47071.99999999995,"C (partida 0,10 / 2R)"
MNQ,london,2019-09-30,C,0.1,2.0,1,2019-09-30 09:05:00+01:00,2019-09-30 09:05:00+01:00,2019-09-30 11:00:00+01:00,7747.5,7734.0,7774.5,7743.0,cierre_sesion,4,13.5,114.96,-32.0,4.96,4.0,-40.96,-0.37925925925925924,False,0.20124477349881995,9,46964.59999999995,"C (partida 0,10 / 2R)"
MNQ,london,2019-10-04,C,0.1,2.0,1,2019-10-04 09:20:00+01:00,2019-10-04 09:20:00+01:00,2019-10-04 09:25:00+01:00,7656.25,7652.0,7664.75,7651.75,stop,11,4.25,112.64,-88.0,13.64,11.0,-112.64,-1.2047058823529413,False,0.1616075920281827,9,46923.63999999995,"C (partida 0,10 / 2R)"
MNQ,london,2019-10-15,C,0.1,2.0,-1,2019-10-15 09:15:00+01:00,2019-10-15 09:15:00+01:00,2019-10-15 09:30:00+01:00,7894.5,7898.75,7886.0,7899.0,stop,11,4.25,112.64,-88.0,13.64,11.0,-112.64,-1.2047058823529413,False,-0.4744062045777751,9,46810.99999999995,"C (partida 0,10 / 2R)"
MNQ,london,2019-10-16,C,0.1,2.0,-1,2019-10-16 08:35:00+01:00,2019-10-16 08:35:00+01:00,2019-10-16 08:35:00+01:00,7937.0,7942.75,7925.5,7943.0,stop,8,5.75,105.92,-88.0,9.92,8.0,-105.92,-1.151304347826087,False,-1.1795158921402946,8,46698.35999999995,"C (partida 0,10 / 2R)"
MNQ,london,2019-10-21,C,0.1,2.0,1,2019-10-21 08:35:00+01:00,2019-10-21 08:35:00+01:00,2019-10-21 09:50:00+01:00,7907.5,7899.75,7923.0,7899.5,stop,6,7.75,103.44,-90.0,7.4399999999999995,6.0,-103.44,-1.112258064516129,False,0.8749108541810866,8,46592.43999999995,"C (partida 0,10 / 2R)"
MNQ,london,2019-10-24,C,0.1,2.0,-1,2019-10-24 09:10:00+01:00,2019-10-24 09:10:00+01:00,2019-10-24 09:15:00+01:00,7919.0,7927.25,7902.5,7927.5,stop,6,8.25,109.44,-96.0,7.4399999999999995,6.0,-109.44,-1.1054545454545455,False,-0.3126937118028996,9,46488.99999999995,"C (partida 0,10 / 2R)"
MNQ,london,2019-10-25,C,0.1,2.0,-1,2019-10-25 08:45:00+01:00,2019-10-25 08:45:00+01:00,2019-10-25 09:00:00+01:00,7933.75,7939.0,7923.25,7939.25,stop,9,5.25,110.16,-90.0,11.16,9.0,-110.16,-1.1657142857142857,False,-0.6383652113161188,8,46379.55999999995,"C (partida 0,10 / 2R)"
MNQ,london,2019-10-31,C,0.1,2.0,-1,2019-10-31 09:05:00+00:00,2019-10-31 09:05:00+00:00,2019-10-31 11:00:00+00:00,8109.0,8131.75,8063.5,8099.25,cierre_sesion,2,22.75,94.48,41.0,2.48,2.0,36.52,0.40131868131868137,False,-0.9759417661501902,9,46269.39999999994,"C (partida 0,10 / 2R)"
MNQ,london,2019-11-08,C,0.1,2.0,-1,2019-11-08 09:20:00+00:00,2019-11-08 09:20:00+00:00,2019-11-08 09:30:00+00:00,8209.75,8213.25,8202.75,8213.5,stop,13,3.5,113.62,-84.5,16.12,13.0,-113.62,-1.2485714285714287,False,-0.36611761506122803,9,46305.91999999994,"C (partida 0,10 / 2R)"
MNQ,london,2019-11-11,C,0.1,2.0,-1,2019-11-11 09:10:00+00:00,2019-11-11 09:10:00+00:00,2019-11-11 09:30:00+00:00,8216.5,8225.75,8198.0,8226.0,stop,5,9.25,101.19999999999999,-90.0,6.2,5.0,-101.2,-1.094054054054054,False,-0.6292248805561445,9,46192.29999999994,"C (partida 0,10 / 2R)"
MNQ,london,2019-11-14,C,0.1,2.0,1,2019-11-14 10:05:00+00:00,2019-11-14 10:05:00+00:00,2019-11-14 11:00:00+00:00,8270.25,8252.25,8306.25,8253.75,cierre_sesion,3,18.0,113.22,-96.0,3.7199999999999998,3.0,-102.72,-0.9511111111111111,False,0.14244628318527464,10,46091.09999999994,"C (partida 0,10 / 2R)"
MNQ,london,2019-11-15,C,0.1,2.0,1,2019-11-15 09:20:00+00:00,2019-11-15 09:20:00+00:00,2019-11-15 10:25:00+00:00,8299.75,8293.75,8311.75,8293.5,stop,8,6.0,109.92,-92.0,9.92,8.0,-109.92,-1.145,False,0.44965932786904916,9,45988.37999999994,"C (partida 0,10 / 2R)"
MNQ,london,2019-11-21,C,0.1,2.0,1,2019-11-21 09:15:00+00:00,2019-11-21 09:15:00+00:00,2019-11-21 09:15:00+00:00,8275.75,8271.25,8284.75,8271.0,stop,10,4.5,107.4,-85.0,12.4,10.0,-107.4,-1.1933333333333334,False,0.4960429409252683,9,45878.45999999994,"C (partida 0,10 / 2R)"
MNQ,london,2019-12-02,C,0.1,2.0,-1,2019-12-02 09:45:00+00:00,2019-12-02 09:45:00+00:00,2019-12-02 10:10:00+00:00,8443.5,8447.5,8435.5,8447.75,stop,11,4.0,107.14,-82.5,13.64,11.0,-107.14,-1.2175,False,-0.1690525225386788,9,45771.05999999994,"C (partida 0,10 / 2R)"
MNQ,london,2019-12-03,C,0.1,2.0,1,2019-12-03 08:35:00+00:00,2019-12-03 08:35:00+00:00,2019-12-03 09:35:00+00:00,8329.5,8325.5,8337.5,8325.25,stop,11,4.0,107.14,-82.5,13.64,11.0,-107.14,-1.2175,False,0.5808881977730036,8,45663.91999999994,"C (partida 0,10 / 2R)"
MNQ,london,2019-12-04,C,0.1,2.0,1,2019-12-04 09:05:00+00:00,2019-12-04 09:05:00+00:00,2019-12-04 09:05:00+00:00,8257.25,8246.0,8279.75,8279.75,objetivo,4,11.25,96.96,182.0,4.96,2.0,175.04,1.944888888888889,False,0.9580296801534661,9,45556.77999999994,"C (partida 0,10 / 2R)"
MNQ,london,2019-12-11,C,0.1,2.0,-1,2019-12-11 09:00:00+00:00,2019-12-11 09:00:00+00:00,2019-12-11 09:05:00+00:00,8358.0,8366.75,8340.5,8367.0,stop,5,8.75,96.19999999999999,-85.0,6.2,5.0,-96.2,-1.0994285714285714,False,-0.6652375522028946,8,45731.81999999994,"C (partida 0,10 / 2R)"
MNQ,london,2019-12-13,C,0.1,2.0,1,2019-12-13 08:45:00+00:00,2019-12-13 08:45:00+00:00,2019-12-13 08:45:00+00:00,8512.0,8508.25,8519.5,8508.0,stop,12,3.75,110.88,-84.0,14.879999999999999,12.0,-110.88,-1.232,False,0.27306037984916176,8,45635.619999999944,"C (partida 0,10 / 2R)"
MNQ,london,2019-12-19,C,0.1,2.0,-1,2019-12-19 08:45:00+00:00,2019-12-19 08:45:00+00:00,2019-12-19 09:00:00+00:00,8584.5,8590.75,8572.0,8591.0,stop,7,6.25,99.68,-84.0,8.68,7.0,-99.68,-1.1392,False,-0.9296045975148998,8,45524.73999999995,"C (partida 0,10 / 2R)"
MNQ,london,2020-01-14,C,0.1,2.0,1,2020-01-14 09:25:00+00:00,2020-01-14 09:25:00+00:00,2020-01-14 09:35:00+00:00,9077.0,9072.0,9087.0,9087.0,objetivo,9,5.0,105.66,184.5,11.16,4.5,168.84,1.8760000000000001,False,0.6427268340010265,9,45425.05999999995,"C (partida 0,10 / 2R)"
MNQ,london,2020-01-21,C,0.1,2.0,1,2020-01-21 09:05:00+00:00,2020-01-21 09:05:00+00:00,2020-01-21 09:15:00+00:00,9134.25,9129.25,9144.25,9129.0,stop,9,5.0,105.66,-85.5,11.16,9.0,-105.66,-1.174,False,0.10758792287462482,9,45593.89999999994,"C (partida 0,10 / 2R)"
MNQ,london,2020-01-27,C,0.1,2.0,-1,2020-01-27 09:15:00+00:00,2020-01-27 09:15:00+00:00,2020-01-27 09:45:00+00:00,9020.75,9033.5,8995.25,8995.25,objetivo,4,12.75,108.96,206.0,4.96,2.0,199.04,1.9513725490196077,False,-0.3114972812834249,9,45488.23999999994,"C (partida 0,10 / 2R)"
MNQ,london,2020-02-10,C,0.1,2.0,1,2020-02-10 09:40:00+00:00,2020-02-10 09:40:00+00:00,2020-02-10 09:40:00+00:00,9413.75,9409.0,9423.25,9408.75,stop,10,4.75,112.4,-90.0,12.4,10.0,-112.4,-1.1831578947368422,False,0.186685096451083,9,45687.27999999994,"C (partida 0,10 / 2R)"
MNQ,london,2020-02-21,C,0.1,2.0,1,2020-02-21 08:35:00+00:00,2020-02-21 08:35:00+00:00,2020-02-21 11:00:00+00:00,9578.5,9558.0,9619.5,9579.75,cierre_sesion,2,20.5,85.48,7.0,2.48,2.0,2.52,0.03073170731707317,False,0.7572880474711609,8,45574.87999999994,"C (partida 0,10 / 2R)"
MNQ,london,2020-02-26,C,0.1,2.0,-1,2020-02-26 08:35:00+00:00,2020-02-26 08:35:00+00:00,2020-02-26 08:40:00+00:00,8872.25,8889.75,8837.25,8837.25,objetivo,3,17.5,110.22,211.5,3.7199999999999998,1.5,206.28,1.9645714285714286,False,-0.9499627160964301,8,45577.399999999936,"C (partida 0,10 / 2R)"
MNQ,london,2020-02-28,C,0.1,2.0,-1,2020-02-28 08:50:00+00:00,2020-02-28 08:50:00+00:00,2020-02-28 10:20:00+00:00,8227.0,8279.5,8122.0,8279.75,stop,1,52.5,106.74,-104.5,1.24,1.0,-106.74,-1.0165714285714285,False,-0.36405222570509993,8,45783.679999999935,"C (partida 0,10 / 2R)"
MNQ,london,2020-03-02,C,0.1,2.0,-1,2020-03-02 09:40:00+00:00,2020-03-02 09:40:00+00:00,2020-03-02 09:55:00+00:00,8562.25,8588.25,8510.25,8510.25,objetivo,2,26.0,107.48,209.0,2.48,1.0,205.52,1.9761538461538461,False,-0.2944482965260855,9,45676.93999999994,"C (partida 0,10 / 2R)"
MNQ,london,2020-03-06,C,0.1,2.0,-1,2020-03-06 08:40:00+00:00,2020-03-06 08:40:00+00:00,2020-03-06 08:45:00+00:00,8532.25,8558.25,8480.25,8558.5,stop,2,26.0,107.48,-103.0,2.48,2.0,-107.48,-1.0334615384615384,False,-0.3117321139242243,8,45882.459999999934,"C (partida 0,10 / 2R)"
MNQ,london,2020-03-09,C,0.1,2.0,1,2020-03-09 09:25:00+00:00,2020-03-09 09:25:00+00:00,2020-03-09 11:00:00+00:00,8117.0,8093.0,8165.0,8093.0,cierre_sesion,2,24.0,99.48,-94.0,2.48,2.0,-98.48,-1.0258333333333334,False,6.546665285851029,9,45774.97999999993,"C (partida 0,10 / 2R)"
MNQ,london,2020-03-10,C,0.1,2.0,1,2020-03-10 08:40:00+00:00,2020-03-10 08:40:00+00:00,2020-03-10 08:50:00+00:00,8235.25,8220.5,8264.75,8264.75,objetivo,3,14.75,93.72,178.5,3.7199999999999998,1.5,173.28,1.9579661016949153,False,0.25150695337154455,8,45676.49999999993,"C (partida 0,10 / 2R)"
MNQ,london,2020-03-13,C,0.1,2.0,-1,2020-03-13 08:50:00+00:00,2020-03-13 08:50:00+00:00,2020-03-13 08:50:00+00:00,7411.25,7465.0,7303.75,7465.25,stop,1,53.75,109.24,-107.0,1.24,1.0,-109.24,-1.016186046511628,False,-0.6729688080992583,8,45849.779999999926,"C (partida 0,10 / 2R)"
MNQ,london,2020-03-17,C,0.1,2.0,-1,2020-03-17 08:40:00+00:00,2020-03-17 08:40:00+00:00,2020-03-17 08:40:00+00:00,7266.25,7294.5,7209.75,7209.75,objetivo,1,28.25,58.24,113.5,1.24,0.5,111.76,1.978053097345133,False,-1.5413356969606449,8,45740.53999999993,"C (partida 0,10 / 2R)"
MNQ,london,2020-03-17,C,0.1,2.0,1,2020-03-17 10:25:00+00:00,2020-03-17 10:25:00+00:00,2020-03-17 10:40:00+00:00,7253.0,7199.0,7361.0,7198.75,stop,1,54.0,109.74,-107.5,1.24,1.0,-109.74,-1.016111111111111,False,0.10826800350378865,10,45852.29999999993,"C (partida 0,10 / 2R)"
MNQ,london,2020-03-19,C,0.1,2.0,-1,2020-03-19 10:00:00+00:00,2020-03-19 10:00:00+00:00,2020-03-19 10:15:00+00:00,7200.75,7230.25,7141.75,7141.75,objetivo,1,29.5,60.74,118.5,1.24,0.5,116.76,1.9789830508474577,False,-0.18114077159511144,9,45742.55999999993,"C (partida 0,10 / 2R)"
MNQ,london,2020-03-25,C,0.1,2.0,-1,2020-03-25 10:15:00+00:00,2020-03-25 10:15:00+00:00,2020-03-25 10:15:00+00:00,7637.0,7650.0,7611.0,7650.25,stop,4,13.0,110.96,-102.0,4.96,4.0,-110.96,-1.0669230769230769,False,-0.13195164458869013,10,45859.319999999934,"C (partida 0,10 / 2R)"
MNQ,london,2020-04-03,C,0.1,2.0,-1,2020-04-03 09:35:00+01:00,2020-04-03 09:35:00+01:00,2020-04-03 10:00:00+01:00,7528.5,7544.75,7496.0,7545.0,stop,3,16.25,102.72,-96.0,3.7199999999999998,3.0,-102.72,-1.0535384615384615,False,-0.12854869759684207,9,45748.359999999935,"C (partida 0,10 / 2R)"
MNQ,london,2020-04-06,C,0.1,2.0,-1,2020-04-06 09:10:00+01:00,2020-04-06 09:10:00+01:00,2020-04-06 09:25:00+01:00,7803.0,7812.25,7784.5,7812.5,stop,5,9.25,101.19999999999999,-90.0,6.2,5.0,-101.2,-1.094054054054054,False,-0.23708466678897888,9,45645.639999999934,"C (partida 0,10 / 2R)"
MNQ,london,2020-04-09,C,0.1,2.0,-1,2020-04-09 09:35:00+01:00,2020-04-09 09:35:00+01:00,2020-04-09 09:35:00+01:00,8216.25,8221.0,8206.75,8206.75,objetivo,10,4.75,112.4,195.0,12.4,5.0,177.6,1.8694736842105262,False,-0.4319874573854307,9,45544.43999999994,"C (partida 0,10 / 2R)"
MNQ,london,2020-04-16,C,0.1,2.0,-1,2020-04-16 10:10:00+01:00,2020-04-16 10:10:00+01:00,2020-04-16 10:10:00+01:00,8649.5,8655.75,8637.0,8656.0,stop,8,6.25,113.92,-96.0,9.92,8.0,-113.92,-1.1392,False,-0.13725673942346087,10,45722.039999999935,"C (partida 0,10 / 2R)"
MNQ,london,2020-04-21,C,0.1,2.0,-1,2020-04-21 08:40:00+01:00,2020-04-21 08:40:00+01:00,2020-04-21 09:00:00+01:00,8658.0,8678.25,8617.5,8678.5,stop,2,20.25,84.48,-80.0,2.48,2.0,-84.48,-1.042962962962963,False,-0.9872788242587776,8,45608.11999999994,"C (partida 0,10 / 2R)"
MNQ,london,2020-04-23,C,0.1,2.0,-1,2020-04-23 08:35:00+01:00,2020-04-23 08:35:00+01:00,2020-04-23 08:45:00+01:00,8629.75,8642.25,8604.75,8604.75,objetivo,4,12.5,106.96,202.0,4.96,2.0,195.04,1.9504,False,-0.9676224377595443,8,45523.639999999934,"C (partida 0,10 / 2R)"
MNQ,london,2020-04-24,C,0.1,2.0,-1,2020-04-24 09:30:00+01:00,2020-04-24 09:30:00+01:00,2020-04-24 09:40:00+01:00,8551.0,8556.0,8541.0,8556.25,stop,9,5.0,105.66,-85.5,11.16,9.0,-105.66,-1.174,False,-0.2512910897821325,9,45718.679999999935,"C (partida 0,10 / 2R)"
MNQ,london,2020-04-27,C,0.1,2.0,1,2020-04-27 08:45:00+01:00,2020-04-27 08:45:00+01:00,2020-04-27 08:50:00+01:00,8874.0,8866.25,8889.5,8889.5,objetivo,6,7.75,103.44,189.0,7.4399999999999995,3.0,178.56,1.92,False,0.4653536378151279,8,45613.01999999993,"C (partida 0,10 / 2R)"
MNQ,london,2020-05-01,C,0.1,2.0,1,2020-05-01 09:50:00+01:00,2020-05-01 09:50:00+01:00,2020-05-01 11:00:00+01:00,8764.25,8752.0,8788.75,8762.5,cierre_sesion,4,12.25,104.96,-10.0,4.96,4.0,-18.96,-0.19346938775510206,False,0.3370070791978932,9,45791.57999999993,"C (partida 0,10 / 2R)"
MNQ,london,2020-05-19,C,0.1,2.0,-1,2020-05-19 08:55:00+01:00,2020-05-19 08:55:00+01:00,2020-05-19 11:00:00+01:00,9340.25,9363.25,9294.25,9316.5,cierre_sesion,2,23.0,95.48,97.0,2.48,2.0,92.52,1.0056521739130435,False,-0.9593169608697503,8,45772.61999999993,"C (partida 0,10 / 2R)"
MNQ,london,2020-05-21,C,0.1,2.0,1,2020-05-21 09:05:00+01:00,2020-05-21 09:05:00+01:00,2020-05-21 09:05:00+01:00,9444.0,9436.0,9460.0,9435.75,stop,6,8.0,106.44,-93.0,7.4399999999999995,6.0,-106.44,-1.10875,False,0.5292622955763437,9,45865.13999999993,"C (partida 0,10 / 2R)"
MNQ,london,2020-05-28,C,0.1,2.0,1,2020-05-28 08:55:00+01:00,2020-05-28 08:55:00+01:00,2020-05-28 09:10:00+01:00,9423.25,9413.5,9442.75,9413.25,stop,5,9.75,106.19999999999999,-95.0,6.2,5.0,-106.2,-1.0892307692307692,False,0.6147535492994153,8,45758.699999999924,"C (partida 0,10 / 2R)"
MNQ,london,2020-06-01,C,0.1,2.0,-1,2020-06-01 09:05:00+01:00,2020-06-01 09:05:00+01:00,2020-06-01 09:05:00+01:00,9563.5,9567.25,9556.0,9567.5,stop,12,3.75,110.88,-84.0,14.879999999999999,12.0,-110.88,-1.232,True,-0.30647268073410794,9,45652.49999999993,"C (partida 0,10 / 2R)"
MNQ,london,2020-06-03,C,0.1,2.0,1,2020-06-03 08:50:00+01:00,2020-06-03 08:50:00+01:00,2020-06-03 08:55:00+01:00,9687.25,9680.25,9701.25,9680.0,stop,7,7.0,110.18,-94.5,8.68,7.0,-110.18,-1.1242857142857143,False,0.48962875073296624,8,45541.61999999993,"C (partida 0,10 / 2R)"
MNQ,london,2020-06-05,C,0.1,2.0,-1,2020-06-05 09:55:00+01:00,2020-06-05 09:55:00+01:00,2020-06-05 11:00:00+01:00,9667.5,9688.75,9625.0,9667.75,cierre_sesion,2,21.25,88.48,1.0,2.48,2.0,-3.48,-0.04094117647058824,False,-0.32910084398289063,9,45431.43999999993,"C (partida 0,10 / 2R)"
MNQ,london,2020-06-08,C,0.1,2.0,1,2020-06-08 09:55:00+01:00,2020-06-08 09:55:00+01:00,2020-06-08 10:50:00+01:00,9827.0,9819.25,9842.5,9819.0,stop,6,7.75,103.44,-90.0,7.4399999999999995,6.0,-103.44,-1.112258064516129,False,0.15538509958642724,9,45427.95999999993,"C (partida 0,10 / 2R)"
MNQ,london,2020-06-10,C,0.1,2.0,-1,2020-06-10 10:05:00+01:00,2020-06-10 10:05:00+01:00,2020-06-10 11:00:00+01:00,9973.25,10000.75,9918.25,9988.5,cierre_sesion,1,27.5,56.74,-29.5,1.24,1.0,-31.74,-0.5770909090909091,False,-0.30465997076239776,10,45324.519999999924,"C (partida 0,10 / 2R)"
MNQ,london,2020-06-15,C,0.1,2.0,1,2020-06-15 09:00:00+01:00,2020-06-15 09:00:00+01:00,2020-06-15 09:10:00+01:00,9452.0,9439.25,9477.5,9439.0,stop,4,12.75,108.96,-100.0,4.96,4.0,-108.96,-1.068235294117647,False,0.11566827567480559,8,45292.779999999926,"C (partida 0,10 / 2R)"
MNQ,london,2020-06-16,C,0.1,2.0,1,2020-06-16 08:45:00+01:00,2020-06-16 08:45:00+01:00,2020-06-16 08:45:00+01:00,9910.25,9904.5,9921.75,9904.25,stop,8,5.75,105.92,-88.0,9.92,8.0,-105.92,-1.151304347826087,False,0.6066846490470517,8,45183.81999999993,"C (partida 0,10 / 2R)"
MNQ,london,2020-06-25,C,0.1,2.0,1,2020-06-25 09:20:00+01:00,2020-06-25 09:20:00+01:00,2020-06-25 09:20:00+01:00,9986.0,9972.75,10012.5,10012.5,objetivo,3,13.25,84.72,160.5,3.7199999999999998,1.5,155.28,1.9532075471698114,False,0.5435423005046026,9,45077.89999999993,"C (partida 0,10 / 2R)"
MNQ,london,2020-06-26,C,0.1,2.0,1,2020-06-26 10:00:00+01:00,2020-06-26 10:00:00+01:00,2020-06-26 10:00:00+01:00,10073.25,10069.75,10080.25,10069.5,stop,12,3.5,104.88,-78.0,14.879999999999999,12.0,-104.88,-1.2485714285714284,False,0.19001091405101456,9,45233.17999999993,"C (partida 0,10 / 2R)"
MNQ,london,2020-06-29,C,0.1,2.0,-1,2020-06-29 09:20:00+01:00,2020-06-29 09:20:00+01:00,2020-06-29 09:20:00+01:00,9825.25,9836.0,9803.75,9836.25,stop,4,10.75,92.96,-84.0,4.96,4.0,-92.96,-1.0809302325581394,False,-0.43193091478543694,9,45128.29999999993,"C (partida 0,10 / 2R)"
MNQ,london,2020-07-01,C,0.1,2.0,-1,2020-07-01 09:45:00+01:00,2020-07-01 09:45:00+01:00,2020-07-01 09:50:00+01:00,10129.75,10137.0,10115.25,10137.25,stop,6,7.25,97.44000000000001,-84.0,7.4399999999999995,6.0,-97.44,-1.1199999999999999,False,-0.3119505305622016,9,45035.33999999993,"C (partida 0,10 / 2R)"
MNQ,london,2020-07-02,C,0.1,2.0,-1,2020-07-02 08:40:00+01:00,2020-07-02 08:40:00+01:00,2020-07-02 08:45:00+01:00,10301.5,10307.25,10290.0,10307.5,stop,8,5.75,105.92,-88.0,9.92,8.0,-105.92,-1.151304347826087,False,-0.5744263770261826,8,44937.89999999993,"C (partida 0,10 / 2R)"
MNQ,london,2020-07-08,C,0.1,2.0,-1,2020-07-08 10:20:00+01:00,2020-07-08 10:20:00+01:00,2020-07-08 10:35:00+01:00,10532.75,10544.75,10508.75,10545.0,stop,4,12.0,102.96,-94.0,4.96,4.0,-102.96,-1.0725,False,-0.16568432910479416,10,44831.97999999993,"C (partida 0,10 / 2R)"
MNQ,london,2020-07-10,C,0.1,2.0,1,2020-07-10 08:35:00+01:00,2020-07-10 08:35:00+01:00,2020-07-10 08:35:00+01:00,10681.25,10676.5,10690.75,10676.25,stop,9,4.75,101.16,-81.0,11.16,9.0,-101.16,-1.183157894736842,False,0.5093742588671615,8,44729.01999999993,"C (partida 0,10 / 2R)"
MNQ,london,2020-07-14,C,0.1,2.0,-1,2020-07-14 08:35:00+01:00,2020-07-14 08:35:00+01:00,2020-07-14 08:40:00+01:00,10634.5,10649.0,10605.5,10605.5,objetivo,3,14.5,92.22,175.5,3.7199999999999998,1.5,170.28,1.957241379310345,False,-1.4620547807567459,8,44627.85999999993,"C (partida 0,10 / 2R)"
MNQ,london,2020-07-15,C,0.1,2.0,1,2020-07-15 09:10:00+01:00,2020-07-15 09:10:00+01:00,2020-07-15 09:15:00+01:00,10702.25,10697.0,10712.75,10696.75,stop,9,5.25,110.16,-90.0,11.16,9.0,-110.16,-1.1657142857142857,False,0.2070640029946238,9,44798.13999999993,"C (partida 0,10 / 2R)"
MNQ,london,2020-07-20,C,0.1,2.0,1,2020-07-20 09:20:00+01:00,2020-07-20 09:20:00+01:00,2020-07-20 09:40:00+01:00,10574.25,10565.25,10592.25,10592.25,objetivo,5,9.0,98.69999999999999,182.5,6.2,2.5,173.8,1.9311111111111112,False,0.37886360055937945,9,44687.97999999992,"C (partida 0,10 / 2R)"
MNQ,london,2020-07-24,C,0.1,2.0,1,2020-07-24 09:55:00+01:00,2020-07-24 09:55:00+01:00,2020-07-24 10:05:00+01:00,10437.25,10425.25,10461.25,10425.0,stop,4,12.0,102.96,-94.0,4.96,4.0,-102.96,-1.0725,False,0.19258591921170237,9,44861.779999999926,"C (partida 0,10 / 2R)"
MNQ,london,2020-07-29,C,0.1,2.0,-1,2020-07-29 10:10:00+01:00,2020-07-29 10:10:00+01:00,2020-07-29 10:20:00+01:00,10565.0,10584.0,10527.0,10584.25,stop,2,19.0,79.48,-75.0,2.48,2.0,-79.48,-1.0457894736842106,False,-0.12218355160163864,10,44758.81999999993,"C (partida 0,10 / 2R)"
MNQ,london,2020-07-29,C,0.1,2.0,-1,2020-07-29 10:35:00+01:00,2020-07-29 10:35:00+01:00,2020-07-29 10:35:00+01:00,10576.75,10583.25,10563.75,10583.5,stop,7,6.5,103.18,-87.5,8.68,7.0,-103.18,-1.133846153846154,False,-0.15046861254081126,10,44679.339999999924,"C (partida 0,10 / 2R)"
MNQ,london,2020-08-03,C,0.1,2.0,1,2020-08-03 09:05:00+01:00,2020-08-03 09:05:00+01:00,2020-08-03 09:35:00+01:00,10948.75,10930.75,10984.75,10930.5,stop,2,18.0,75.48,-71.0,2.48,2.0,-75.48,-1.0483333333333333,False,0.46866929161733956,9,44576.15999999992,"C (partida 0,10 / 2R)"
MNQ,london,2020-08-04,C,0.1,2.0,-1,2020-08-04 08:40:00+01:00,2020-08-04 08:40:00+01:00,2020-08-04 09:05:00+01:00,11046.25,11068.25,11002.25,11002.25,objetivo,2,22.0,91.48,177.0,2.48,1.0,173.52,1.971818181818182,False,-1.2809017688498876,8,44500.67999999992,"C (partida 0,10 / 2R)"
MNQ,london,2020-08-05,C,0.1,2.0,-1,2020-08-05 09:35:00+01:00,2020-08-05 09:35:00+01:00,2020-08-05 09:40:00+01:00,11111.0,11118.0,11097.0,11118.25,stop,7,7.0,110.18,-94.5,8.68,7.0,-110.18,-1.1242857142857143,False,-0.3719069299856334,9,44674.19999999992,"C (partida 0,10 / 2R)"
MNQ,london,2020-08-11,C,0.1,2.0,1,2020-08-11 08:35:00+01:00,2020-08-11 08:35:00+01:00,2020-08-11 09:55:00+01:00,11127.25,11116.5,11148.75,11148.75,objetivo,4,10.75,92.96,174.0,4.96,2.0,167.04,1.9423255813953488,False,0.14159760030877877,8,44564.01999999992,"C (partida 0,10 / 2R)"
MNQ,london,2020-08-13,C,0.1,2.0,-1,2020-08-13 09:10:00+01:00,2020-08-13 09:10:00+01:00,2020-08-13 09:40:00+01:00,11100.0,11115.5,11069.0,11115.75,stop,3,15.5,98.22,-91.5,3.7199999999999998,3.0,-98.22,-1.0561290322580645,False,-0.5373697886078322,9,44731.05999999992,"C (partida 0,10 / 2R)"
MNQ,london,2020-08-19,C,0.1,2.0,1,2020-08-19 08:45:00+01:00,2020-08-19 08:45:00+01:00,2020-08-19 08:50:00+01:00,11418.5,11414.25,11427.0,11427.0,objetivo,10,4.25,102.4,175.0,12.4,5.0,157.6,1.8541176470588234,False,0.17785094939285534,8,44632.83999999992,"C (partida 0,10 / 2R)"
MNQ,london,2020-09-09,C,0.1,2.0,1,2020-09-09 08:35:00+01:00,2020-09-09 08:35:00+01:00,2020-09-09 10:45:00+01:00,11180.25,11134.0,11272.75,11272.75,objetivo,1,46.25,94.24,185.5,1.24,0.5,183.76,1.9865945945945944,False,0.5647510420313183,8,44790.439999999915,"C (partida 0,10 / 2R)"
MNQ,london,2020-09-14,C,0.1,2.0,-1,2020-09-14 09:30:00+01:00,2020-09-14 09:30:00+01:00,2020-09-14 09:30:00+01:00,11238.5,11248.25,11219.0,11219.0,objetivo,5,9.75,106.19999999999999,197.5,6.2,2.5,188.8,1.9364102564102565,False,-0.10348086915476322,9,44974.19999999992,"C (partida 0,10 / 2R)"
MNQ,london,2020-09-15,C,0.1,2.0,1,2020-09-15 08:55:00+01:00,2020-09-15 08:55:00+01:00,2020-09-15 10:00:00+01:00,11331.25,11318.25,11357.25,11357.25,objetivo,4,13.0,110.96,210.0,4.96,2.0,203.04,1.9523076923076923,False,0.20289420049706938,8,45162.99999999992,"C (partida 0,10 / 2R)"
MNQ,london,2020-09-17,C,0.1,2.0,1,2020-09-17 08:40:00+01:00,2020-09-17 08:40:00+01:00,2020-09-17 08:40:00+01:00,11099.75,11090.75,11117.75,11090.5,stop,5,9.0,98.69999999999999,-87.5,6.2,5.0,-98.7,-1.0966666666666667,False,0.5421477713052015,8,45366.03999999992,"C (partida 0,10 / 2R)"
MNQ,london,2020-09-17,C,0.1,2.0,1,2020-09-17 09:05:00+01:00,2020-09-17 09:05:00+01:00,2020-09-17 09:05:00+01:00,11091.25,11080.25,11113.25,11113.25,objetivo,4,11.0,94.96,178.0,4.96,2.0,171.04,1.9436363636363636,False,0.13000583637922916,9,45267.339999999924,"C (partida 0,10 / 2R)"
MNQ,london,2020-09-18,C,0.1,2.0,1,2020-09-18 09:40:00+01:00,2020-09-18 09:40:00+01:00,2020-09-18 10:30:00+01:00,11123.75,11110.0,11151.25,11151.25,objetivo,3,13.75,87.72,166.5,3.7199999999999998,1.5,161.28,1.954909090909091,False,0.20999877129575614,9,45438.379999999925,"C (partida 0,10 / 2R)"
MNQ,london,2020-09-22,C,0.1,2.0,1,2020-09-22 09:00:00+01:00,2020-09-22 09:00:00+01:00,2020-09-22 09:05:00+01:00,10957.0,10942.75,10985.5,10985.5,objetivo,3,14.25,90.72,172.5,3.7199999999999998,1.5,167.28,1.9564912280701754,False,0.30040522246695256,8,45599.65999999992,"C (partida 0,10 / 2R)"
MNQ,london,2020-10-02,C,0.1,2.0,-1,2020-10-02 09:00:00+01:00,2020-10-02 09:00:00+01:00,2020-10-02 09:25:00+01:00,11384.0,11397.0,11358.0,11397.25,stop,4,13.0,110.96,-102.0,4.96,4.0,-110.96,-1.0669230769230769,False,-0.3414309247328952,8,45766.93999999992,"C (partida 0,10 / 2R)"
MNQ,london,2020-10-05,C,0.1,2.0,1,2020-10-05 09:20:00+01:00,2020-10-05 09:20:00+01:00,2020-10-05 09:20:00+01:00,11323.25,11317.25,11335.25,11317.0,stop,8,6.0,109.92,-92.0,9.92,8.0,-109.92,-1.145,False,0.17447784829782353,9,45655.97999999992,"C (partida 0,10 / 2R)"
MNQ,london,2020-10-06,C,0.1,2.0,-1,2020-10-06 08:50:00+01:00,2020-10-06 08:50:00+01:00,2020-10-06 09:00:00+01:00,11441.25,11448.5,11426.75,11426.75,objetivo,7,7.25,113.68,206.5,8.68,3.5,194.32,1.9144827586206896,False,-0.6616641773404421,8,45546.059999999925,"C (partida 0,10 / 2R)"
MNQ,london,2020-10-07,C,0.1,2.0,-1,2020-10-07 09:50:00+01:00,2020-10-07 09:50:00+01:00,2020-10-07 09:50:00+01:00,11327.75,11333.75,11315.75,11334.0,stop,8,6.0,109.92,-92.0,9.92,8.0,-109.92,-1.145,False,-0.22394884368340662,9,45740.379999999925,"C (partida 0,10 / 2R)"
MNQ,london,2020-10-08,C,0.1,2.0,-1,2020-10-08 09:25:00+01:00,2020-10-08 09:25:00+01:00,2020-10-08 09:55:00+01:00,11538.75,11546.25,11523.75,11546.5,stop,6,7.5,100.44,-87.0,7.4399999999999995,6.0,-100.44,-1.1159999999999999,False,-0.739800305791084,9,45630.45999999993,"C (partida 0,10 / 2R)"
MNQ,london,2020-10-09,C,0.1,2.0,1,2020-10-09 09:55:00+01:00,2020-10-09 09:55:00+01:00,2020-10-09 10:00:00+01:00,11581.5,11569.75,11605.0,11569.5,stop,4,11.75,100.96,-92.0,4.96,4.0,-100.96,-1.0740425531914892,False,0.13046038963687778,9,45530.019999999924,"C (partida 0,10 / 2R)"
MNQ,london,2020-10-12,C,0.1,2.0,1,2020-10-12 09:00:00+01:00,2020-10-12 09:00:00+01:00,2020-10-12 09:20:00+01:00,11797.5,11777.75,11837.0,11837.0,objetivo,2,19.75,82.48,159.0,2.48,1.0,155.52,1.968607594936709,False,0.272894824164365,8,45429.059999999925,"C (partida 0,10 / 2R)"
MNQ,london,2020-10-13,C,0.1,2.0,1,2020-10-13 09:15:00+01:00,2020-10-13 09:15:00+01:00,2020-10-13 09:15:00+01:00,12089.5,12084.0,12100.5,12083.75,stop,8,5.5,101.92,-84.0,9.92,8.0,-101.92,-1.1581818181818182,False,0.3769295854705877,9,45584.57999999992,"C (partida 0,10 / 2R)"
MNQ,london,2020-10-22,C,0.1,2.0,1,2020-10-22 09:00:00+01:00,2020-10-22 09:00:00+01:00,2020-10-22 09:30:00+01:00,11642.5,11628.0,11671.5,11671.5,objetivo,3,14.5,92.22,175.5,3.7199999999999998,1.5,170.28,1.957241379310345,False,0.39792701252482765,8,45482.65999999992,"C (partida 0,10 / 2R)"
MNQ,london,2020-10-23,C,0.1,2.0,1,2020-10-23 08:40:00+01:00,2020-10-23 08:40:00+01:00,2020-10-23 09:05:00+01:00,11666.0,11660.75,11676.5,11676.5,objetivo,9,5.25,110.16,193.5,11.16,4.5,177.84,1.881904761904762,False,1.4331637872071525,8,45652.93999999992,"C (partida 0,10 / 2R)"
MNQ,london,2020-10-27,C,0.1,2.0,1,2020-10-27 09:05:00+00:00,2020-10-27 09:05:00+00:00,2020-10-27 09:05:00+00:00,11527.0,11522.0,11537.0,11521.75,stop,9,5.0,105.66,-85.5,11.16,9.0,-105.66,-1.174,False,0.11568610188909971,9,45830.77999999992,"C (partida 0,10 / 2R)"
MNQ,london,2020-11-04,C,0.1,2.0,1,2020-11-04 08:35:00+00:00,2020-11-04 08:35:00+00:00,2020-11-04 08:40:00+00:00,11553.0,11522.75,11613.5,11522.5,stop,1,30.25,62.24,-60.0,1.24,1.0,-62.24,-1.0287603305785125,False,1.4496410997041025,8,45725.119999999915,"C (partida 0,10 / 2R)"
MNQ,london,2020-11-06,C,0.1,2.0,-1,2020-11-06 09:00:00+00:00,2020-11-06 09:00:00+00:00,2020-11-06 10:00:00+00:00,11954.0,11981.0,11900.0,11900.0,objetivo,2,27.0,111.48,217.0,2.48,1.0,213.52,1.9770370370370371,False,-0.4964220048286015,8,45662.87999999992,"C (partida 0,10 / 2R)"
MNQ,london,2020-11-09,C,0.1,2.0,1,2020-11-09 09:00:00+00:00,2020-11-09 09:00:00+00:00,2020-11-09 09:00:00+00:00,12331.0,12326.25,12340.5,12326.0,stop,10,4.75,112.4,-90.0,12.4,10.0,-112.4,-1.1831578947368422,False,0.29947250098849315,8,45876.399999999914,"C (partida 0,10 / 2R)"
MNQ,london,2020-11-10,C,0.1,2.0,-1,2020-11-10 09:00:00+00:00,2020-11-10 09:00:00+00:00,2020-11-10 09:05:00+00:00,11781.5,11789.75,11765.0,11765.0,objetivo,6,8.25,109.44,201.0,7.4399999999999995,3.0,190.56,1.9248484848484848,False,-0.7172018507531821,8,45763.99999999991,"C (partida 0,10 / 2R)"
MNQ,london,2020-11-11,C,0.1,2.0,1,2020-11-11 08:40:00+00:00,2020-11-11 08:40:00+00:00,2020-11-11 11:00:00+00:00,11703.5,11664.75,11781.0,11740.75,cierre_sesion,1,38.75,79.24,75.5,1.24,1.0,73.26,0.9452903225806453,False,1.2871835907384162,8,45954.55999999991,"C (partida 0,10 / 2R)"
MNQ,london,2020-11-12,C,0.1,2.0,1,2020-11-12 08:40:00+00:00,2020-11-12 08:40:00+00:00,2020-11-12 08:50:00+00:00,11855.75,11842.5,11882.25,11842.25,stop,4,13.25,112.96,-104.0,4.96,4.0,-112.96,-1.0656603773584905,False,0.24322007498069517,8,46027.81999999991,"C (partida 0,10 / 2R)"
MNQ,london,2020-11-20,C,0.1,2.0,1,2020-11-20 09:00:00+00:00,2020-11-20 09:00:00+00:00,2020-11-20 09:05:00+00:00,11987.5,11980.25,12002.0,11980.0,stop,7,7.25,113.68,-98.0,8.68,7.0,-113.68,-1.12,False,0.19139190660032118,8,45914.85999999991,"C (partida 0,10 / 2R)"
MNQ,london,2020-11-24,C,0.1,2.0,-1,2020-11-24 08:35:00+00:00,2020-11-24 08:35:00+00:00,2020-11-24 08:35:00+00:00,11962.5,11970.25,11947.0,11947.0,objetivo,6,7.75,103.44,189.0,7.4399999999999995,3.0,178.56,1.92,False,-0.272907539037634,8,45801.17999999991,"C (partida 0,10 / 2R)"
MNQ,london,2020-11-25,C,0.1,2.0,-1,2020-11-25 08:50:00+00:00,2020-11-25 08:50:00+00:00,2020-11-25 09:15:00+00:00,12103.75,12117.75,12075.75,12118.0,stop,3,14.0,89.22,-82.5,3.7199999999999998,3.0,-89.22,-1.062142857142857,False,-0.1869379594251733,8,45979.73999999991,"C (partida 0,10 / 2R)"
MNQ,london,2020-11-26,C,0.1,2.0,-1,2020-11-26 08:55:00+00:00,2020-11-26 08:55:00+00:00,2020-11-26 09:05:00+00:00,12188.75,12196.75,12172.75,12172.75,objetivo,6,8.0,106.44,195.0,7.4399999999999995,3.0,184.56,1.9225,False,-0.41783707167570194,8,45890.51999999991,"C (partida 0,10 / 2R)"
MNQ,london,2020-12-24,C,0.1,2.0,-1,2020-12-24 08:45:00+00:00,2020-12-24 08:45:00+00:00,2020-12-24 08:55:00+00:00,12659.5,12664.5,12649.5,12664.75,stop,9,5.0,105.66,-85.5,11.16,9.0,-105.66,-1.174,False,-0.2014884583433648,8,46075.07999999991,"C (partida 0,10 / 2R)"
MNQ,london,2020-12-28,C,0.1,2.0,1,2020-12-28 08:50:00+00:00,2020-12-28 08:50:00+00:00,2020-12-28 08:50:00+00:00,12785.25,12780.5,12794.75,12780.25,stop,10,4.75,112.4,-90.0,12.4,10.0,-112.4,-1.1831578947368422,False,0.2564792899038943,8,45969.419999999904,"C (partida 0,10 / 2R)"
MNQ,london,2021-01-06,C,0.1,2.0,1,2021-01-06 09:55:00+00:00,2021-01-06 09:55:00+00:00,2021-01-06 09:55:00+00:00,12581.0,12575.0,12593.0,12574.75,stop,8,6.0,109.92,-92.0,9.92,8.0,-109.92,-1.145,True,0.17752279958665723,9,45857.0199999999,"C (partida 0,10 / 2R)"
MNQ,london,2021-01-07,C,0.1,2.0,1,2021-01-07 09:30:00+00:00,2021-01-07 09:30:00+00:00,2021-01-07 09:30:00+00:00,12704.5,12698.75,12716.0,12698.5,stop,8,5.75,105.92,-88.0,9.92,8.0,-105.92,-1.151304347826087,False,0.4469323666166549,9,45747.099999999904,"C (partida 0,10 / 2R)"
MNQ,london,2021-01-11,C,0.1,2.0,-1,2021-01-11 08:55:00+00:00,2021-01-11 08:55:00+00:00,2021-01-11 09:00:00+00:00,13040.75,13051.5,13019.25,13051.75,stop,4,10.75,92.96,-84.0,4.96,4.0,-92.96,-1.0809302325581394,False,-0.7171361516753529,8,45641.179999999906,"C (partida 0,10 / 2R)"
MNQ,london,2021-01-11,C,0.1,2.0,-1,2021-01-11 09:15:00+00:00,2021-01-11 09:15:00+00:00,2021-01-11 09:20:00+00:00,13042.25,13052.25,13022.25,13052.5,stop,5,10.0,108.69999999999999,-97.5,6.2,5.0,-108.7,-1.087,False,-0.28058822681952605,9,45548.21999999991,"C (partida 0,10 / 2R)"
MNQ,london,2021-01-12,C,0.1,2.0,-1,2021-01-12 08:50:00+00:00,2021-01-12 08:50:00+00:00,2021-01-12 08:55:00+00:00,12925.25,12930.25,12915.25,12930.5,stop,9,5.0,105.66,-85.5,11.16,9.0,-105.66,-1.174,False,-0.69636168289663,8,45439.51999999991,"C (partida 0,10 / 2R)"
MNQ,london,2021-01-19,C,0.1,2.0,-1,2021-01-19 08:35:00+00:00,2021-01-19 08:35:00+00:00,2021-01-19 08:35:00+00:00,12914.5,12918.75,12906.0,12919.0,stop,11,4.25,112.64,-88.0,13.64,11.0,-112.64,-1.2047058823529413,False,-0.6205892814370303,8,45333.859999999906,"C (partida 0,10 / 2R)"
MNQ,london,2021-01-27,C,0.1,2.0,1,2021-01-27 09:20:00+00:00,2021-01-27 09:20:00+00:00,2021-01-27 09:20:00+00:00,13552.5,13548.75,13560.0,13548.5,stop,12,3.75,110.88,-84.0,14.879999999999999,12.0,-110.88,-1.232,False,0.29093590271814723,9,45221.21999999991,"C (partida 0,10 / 2R)"
MNQ,london,2021-01-29,C,0.1,2.0,1,2021-01-29 09:00:00+00:00,2021-01-29 09:00:00+00:00,2021-01-29 09:00:00+00:00,13018.75,13010.0,13036.25,13036.25,objetivo,5,8.75,96.19999999999999,177.5,6.2,2.5,168.8,1.9291428571428573,False,0.3110385481040445,8,45110.33999999991,"C (partida 0,10 / 2R)"
MNQ,london,2021-01-29,C,0.1,2.0,1,2021-01-29 09:30:00+00:00,2021-01-29 09:30:00+00:00,2021-01-29 09:45:00+00:00,13016.25,12986.5,13075.75,12986.25,stop,1,29.75,61.24,-59.0,1.24,1.0,-61.24,-1.0292436974789916,False,0.296472981123389,9,45279.13999999991,"C (partida 0,10 / 2R)"
MNQ,london,2021-02-03,C,0.1,2.0,-1,2021-02-03 09:10:00+00:00,2021-02-03 09:10:00+00:00,2021-02-03 10:50:00+00:00,13536.25,13549.5,13509.75,13549.75,stop,4,13.25,112.96,-104.0,4.96,4.0,-112.96,-1.0656603773584905,False,-0.6982506672071913,9,45217.899999999914,"C (partida 0,10 / 2R)"
MNQ,london,2021-02-12,C,0.1,2.0,1,2021-02-12 09:45:00+00:00,2021-02-12 09:45:00+00:00,2021-02-12 09:50:00+00:00,13703.25,13699.75,13710.25,13699.5,stop,12,3.5,104.88,-78.0,14.879999999999999,12.0,-104.88,-1.2485714285714284,False,0.19084334999329858,9,45104.939999999915,"C (partida 0,10 / 2R)"
MNQ,london,2021-02-26,C,0.1,2.0,-1,2021-02-26 10:35:00+00:00,2021-02-26 10:35:00+00:00,2021-02-26 10:35:00+00:00,12838.5,12855.75,12804.0,12856.0,stop,3,17.25,108.72,-102.0,3.7199999999999998,3.0,-108.72,-1.0504347826086957,False,-0.11796061473338999,10,45000.05999999992,"C (partida 0,10 / 2R)"
MNQ,london,2021-03-01,C,0.1,2.0,-1,2021-03-01 09:15:00+00:00,2021-03-01 09:15:00+00:00,2021-03-01 09:25:00+00:00,13096.25,13103.25,13082.25,13082.25,objetivo,7,7.0,110.18,199.5,8.68,3.5,187.32,1.9114285714285713,False,-0.36297549769702936,9,44891.33999999992,"C (partida 0,10 / 2R)"
MNQ,london,2021-03-04,C,0.1,2.0,-1,2021-03-04 09:15:00+00:00,2021-03-04 09:15:00+00:00,2021-03-04 10:40:00+00:00,12628.25,12658.25,12568.25,12568.25,objetivo,1,30.0,61.74,120.5,1.24,0.5,118.76,1.9793333333333334,False,-0.5553651977911136,9,45078.659999999916,"C (partida 0,10 / 2R)"
MNQ,london,2021-03-05,C,0.1,2.0,1,2021-03-05 08:55:00+00:00,2021-03-05 08:55:00+00:00,2021-03-05 08:55:00+00:00,12421.25,12411.0,12441.75,12410.75,stop,5,10.25,111.19999999999999,-100.0,6.2,5.0,-111.2,-1.0848780487804879,False,0.18000783674668977,8,45197.41999999992,"C (partida 0,10 / 2R)"
MNQ,london,2021-03-16,C,0.1,2.0,1,2021-03-16 09:55:00+00:00,2021-03-16 09:55:00+00:00,2021-03-16 10:20:00+00:00,13130.25,13125.5,13139.75,13125.25,stop,10,4.75,112.4,-90.0,12.4,10.0,-112.4,-1.1831578947368422,False,0.13926409992956126,9,45086.21999999992,"C (partida 0,10 / 2R)"
MNQ,london,2021-03-19,C,0.1,2.0,-1,2021-03-19 10:15:00+00:00,2021-03-19 10:15:00+00:00,2021-03-19 10:45:00+00:00,12857.75,12879.0,12815.25,12879.25,stop,2,21.25,88.48,-84.0,2.48,2.0,-88.48,-1.0409411764705883,False,-0.11462014550032872,10,44973.81999999992,"C (partida 0,10 / 2R)"
MNQ,london,2021-03-23,C,0.1,2.0,-1,2021-03-23 08:35:00+00:00,2021-03-23 08:35:00+00:00,2021-03-23 08:35:00+00:00,13025.25,13032.25,13011.25,13032.5,stop,7,7.0,110.18,-94.5,8.68,7.0,-110.18,-1.1242857142857143,False,-1.2811479755031439,8,44885.33999999992,"C (partida 0,10 / 2R)"
MNQ,london,2021-04-05,C,0.1,2.0,1,2021-04-05 09:15:00+01:00,2021-04-05 09:15:00+01:00,2021-04-05 10:40:00+01:00,13344.5,13325.75,13382.0,13382.0,objetivo,2,18.75,78.48,151.0,2.48,1.0,147.52,1.9669333333333334,False,1.14754206837385,9,44775.159999999916,"C (partida 0,10 / 2R)"
MNQ,london,2021-04-06,C,0.1,2.0,1,2021-04-06 09:50:00+01:00,2021-04-06 09:50:00+01:00,2021-04-06 09:50:00+01:00,13566.0,13559.0,13580.0,13558.75,stop,7,7.0,110.18,-94.5,8.68,7.0,-110.18,-1.1242857142857143,False,0.14436404610110576,9,44922.67999999991,"C (partida 0,10 / 2R)"
MNQ,london,2021-04-07,C,0.1,2.0,-1,2021-04-07 09:45:00+01:00,2021-04-07 09:45:00+01:00,2021-04-07 09:55:00+01:00,13585.0,13589.5,13576.0,13576.0,objetivo,10,4.5,107.4,185.0,12.4,5.0,167.6,1.8622222222222222,False,-0.23895670150502576,9,44812.49999999991,"C (partida 0,10 / 2R)"
MNQ,london,2021-04-19,C,0.1,2.0,1,2021-04-19 08:40:00+01:00,2021-04-19 08:40:00+01:00,2021-04-19 09:00:00+01:00,14039.5,14035.25,14048.0,14035.0,stop,10,4.25,102.4,-80.0,12.4,10.0,-102.4,-1.2047058823529413,False,0.4124789128592053,8,44980.09999999991,"C (partida 0,10 / 2R)"
MNQ,london,2021-04-23,C,0.1,2.0,1,2021-04-23 08:40:00+01:00,2021-04-23 08:40:00+01:00,2021-04-23 08:40:00+01:00,13759.75,13755.75,13767.75,13767.75,objetivo,11,4.0,107.14,181.5,13.64,5.5,162.36,1.8450000000000002,False,0.7708134866072811,8,44877.69999999991,"C (partida 0,10 / 2R)"
MNQ,london,2021-04-27,C,0.1,2.0,1,2021-04-27 08:55:00+01:00,2021-04-27 08:55:00+01:00,2021-04-27 08:55:00+01:00,14033.5,14028.25,14044.0,14028.0,stop,9,5.25,110.16,-90.0,11.16,9.0,-110.16,-1.1657142857142857,False,0.41454099379280446,8,45040.05999999991,"C (partida 0,10 / 2R)"
MNQ,london,2021-04-29,C,0.1,2.0,1,2021-04-29 09:05:00+01:00,2021-04-29 09:05:00+01:00,2021-04-29 11:00:00+01:00,14032.25,14011.0,14074.75,14021.25,cierre_sesion,2,21.25,88.48,-42.0,2.48,2.0,-46.48,-0.5468235294117647,False,0.7521926431136645,9,44929.89999999991,"C (partida 0,10 / 2R)"
MNQ,london,2021-04-30,C,0.1,2.0,-1,2021-04-30 09:15:00+01:00,2021-04-30 09:15:00+01:00,2021-04-30 09:15:00+01:00,13897.0,13902.25,13886.5,13902.5,stop,9,5.25,110.16,-90.0,11.16,9.0,-110.16,-1.1657142857142857,False,-0.3648008705288118,9,44883.419999999904,"C (partida 0,10 / 2R)"
MNQ,london,2021-05-03,C,0.1,2.0,-1,2021-05-03 09:40:00+01:00,2021-05-03 09:40:00+01:00,2021-05-03 09:45:00+01:00,13883.25,13887.5,13874.75,13887.75,stop,10,4.25,102.4,-80.0,12.4,10.0,-102.4,-1.2047058823529413,False,-0.3319856906118566,9,44773.2599999999,"C (partida 0,10 / 2R)"
MNQ,london,2021-05-04,C,0.1,2.0,-1,2021-05-04 08:35:00+01:00,2021-05-04 08:35:00+01:00,2021-05-04 09:05:00+01:00,13741.0,13752.75,13717.5,13753.0,stop,4,11.75,100.96,-92.0,4.96,4.0,-100.96,-1.0740425531914892,False,-0.9088677800948392,8,44670.8599999999,"C (partida 0,10 / 2R)"
MNQ,london,2021-05-06,C,0.1,2.0,-1,2021-05-06 10:15:00+01:00,2021-05-06 10:15:00+01:00,2021-05-06 11:00:00+01:00,13527.5,13547.0,13488.5,13513.0,cierre_sesion,2,19.5,81.48,60.0,2.48,2.0,55.52,0.7117948717948719,False,-0.26914913269183316,10,44569.8999999999,"C (partida 0,10 / 2R)"
MNQ,london,2021-05-07,C,0.1,2.0,1,2021-05-07 09:45:00+01:00,2021-05-07 09:45:00+01:00,2021-05-07 10:05:00+01:00,13622.0,13614.75,13636.5,13614.5,stop,6,7.25,97.44000000000001,-84.0,7.4399999999999995,6.0,-97.44,-1.1199999999999999,False,0.1980693932230357,9,44625.4199999999,"C (partida 0,10 / 2R)"
MNQ,london,2021-05-12,C,0.1,2.0,-1,2021-05-12 09:45:00+01:00,2021-05-12 09:45:00+01:00,2021-05-12 10:10:00+01:00,13274.5,13295.75,13232.0,13296.0,stop,2,21.25,88.48,-84.0,2.48,2.0,-88.48,-1.0409411764705883,False,-0.14494735906004952,9,44527.979999999894,"C (partida 0,10 / 2R)"
MNQ,london,2021-05-14,C,0.1,2.0,-1,2021-05-14 08:35:00+01:00,2021-05-14 08:35:00+01:00,2021-05-14 08:35:00+01:00,13175.25,13178.75,13168.25,13179.0,stop,12,3.5,104.88,-78.0,14.879999999999999,12.0,-104.88,-1.2485714285714284,True,-1.1850448701143432,8,44439.49999999989,"C (partida 0,10 / 2R)"
MNQ,london,2021-05-18,C,0.1,2.0,-1,2021-05-18 09:30:00+01:00,2021-05-18 09:30:00+01:00,2021-05-18 09:30:00+01:00,13400.75,13405.75,13390.75,13406.0,stop,9,5.0,105.66,-85.5,11.16,9.0,-105.66,-1.174,False,-0.5775302761171507,9,44334.61999999989,"C (partida 0,10 / 2R)"
MNQ,london,2021-05-20,C,0.1,2.0,1,2021-05-20 08:40:00+01:00,2021-05-20 08:40:00+01:00,2021-05-20 08:50:00+01:00,13246.75,13233.75,13272.75,13233.5,stop,3,13.0,83.22,-76.5,3.7199999999999998,3.0,-83.22,-1.0669230769230769,False,0.9504529930401892,8,44228.95999999989,"C (partida 0,10 / 2R)"
MNQ,london,2021-05-21,C,0.1,2.0,-1,2021-05-21 09:20:00+01:00,2021-05-21 09:20:00+01:00,2021-05-21 10:00:00+01:00,13514.75,13520.75,13502.75,13521.0,stop,8,6.0,109.92,-92.0,9.92,8.0,-109.92,-1.145,False,-0.20360617439967998,9,44145.73999999989,"C (partida 0,10 / 2R)"
MNQ,london,2021-05-25,C,0.1,2.0,-1,2021-05-25 09:15:00+01:00,2021-05-25 09:15:00+01:00,2021-05-25 09:15:00+01:00,13704.5,13708.75,13696.0,13696.0,objetivo,10,4.25,102.4,175.0,12.4,5.0,157.6,1.8541176470588234,False,-0.3449866975695202,9,44035.81999999989,"C (partida 0,10 / 2R)"
MNQ,london,2021-05-26,C,0.1,2.0,1,2021-05-26 09:25:00+01:00,2021-05-26 09:25:00+01:00,2021-05-26 09:30:00+01:00,13697.25,13693.0,13705.75,13692.75,stop,10,4.25,102.4,-80.0,12.4,10.0,-102.4,-1.2047058823529413,False,0.20318980761531602,9,44193.41999999989,"C (partida 0,10 / 2R)"
MNQ,london,2021-05-28,C,0.1,2.0,1,2021-05-28 08:35:00+01:00,2021-05-28 08:35:00+01:00,2021-05-28 08:55:00+01:00,13680.25,13675.0,13690.75,13690.75,objetivo,9,5.25,110.16,193.5,11.16,4.5,177.84,1.881904761904762,False,0.7362574566695361,8,44091.01999999989,"C (partida 0,10 / 2R)"
MNQ,london,2021-06-08,C,0.1,2.0,1,2021-06-08 09:50:00+01:00,2021-06-08 09:50:00+01:00,2021-06-08 10:00:00+01:00,13821.5,13815.0,13834.5,13834.5,objetivo,7,6.5,103.18,185.5,8.68,3.5,173.32,1.9046153846153846,False,0.21905478374643178,9,44268.859999999884,"C (partida 0,10 / 2R)"
MNQ,london,2021-06-15,C,0.1,2.0,-1,2021-06-15 09:20:00+01:00,2021-06-15 09:20:00+01:00,2021-06-15 11:00:00+01:00,14144.0,14151.0,14130.0,14137.0,cierre_sesion,7,7.0,110.18,105.0,8.68,7.0,89.32,0.9114285714285714,False,-0.34197769578491927,9,44442.179999999884,"C (partida 0,10 / 2R)"
MNQ,london,2021-06-16,C,0.1,2.0,-1,2021-06-16 08:35:00+01:00,2021-06-16 08:35:00+01:00,2021-06-16 08:40:00+01:00,14040.5,14046.75,14028.0,14047.0,stop_hueco,7,6.25,99.68,-84.0,8.68,7.0,-99.68,-1.1392,False,-0.6283100701206052,8,44531.49999999988,"C (partida 0,10 / 2R)"
MNQ,london,2021-06-16,C,0.1,2.0,-1,2021-06-16 09:05:00+01:00,2021-06-16 09:05:00+01:00,2021-06-16 10:00:00+01:00,14040.25,14047.25,14026.25,14047.5,stop,7,7.0,110.18,-94.5,8.68,7.0,-110.18,-1.1242857142857143,False,-0.20814438014891679,9,44431.81999999988,"C (partida 0,10 / 2R)"
MNQ,london,2021-06-17,C,0.1,2.0,-1,2021-06-17 09:20:00+01:00,2021-06-17 09:20:00+01:00,2021-06-17 09:45:00+01:00,13903.25,13913.25,13883.25,13883.25,objetivo,5,10.0,108.69999999999999,202.5,6.2,2.5,193.8,1.9380000000000002,False,-0.2701174633342229,9,44321.63999999988,"C (partida 0,10 / 2R)"
MNQ,london,2021-06-18,C,0.1,2.0,-1,2021-06-18 08:35:00+01:00,2021-06-18 08:35:00+01:00,2021-06-18 08:40:00+01:00,14198.75,14202.5,14191.25,14191.25,objetivo,12,3.75,110.88,186.0,14.879999999999999,6.0,165.12,1.8346666666666667,False,-0.3103904462031306,8,44515.439999999886,"C (partida 0,10 / 2R)"
MNQ,london,2021-06-25,C,0.1,2.0,1,2021-06-25 09:05:00+01:00,2021-06-25 09:05:00+01:00,2021-06-25 09:05:00+01:00,14363.5,14358.5,14373.5,14358.25,stop,9,5.0,105.66,-85.5,11.16,9.0,-105.66,-1.174,False,0.3700466196819749,9,44680.55999999989,"C (partida 0,10 / 2R)"
MNQ,london,2021-06-28,C,0.1,2.0,-1,2021-06-28 09:30:00+01:00,2021-06-28 09:30:00+01:00,2021-06-28 09:30:00+01:00,14354.75,14362.25,14339.75,14362.5,stop,6,7.5,100.44,-87.0,7.4399999999999995,6.0,-100.44,-1.1159999999999999,False,-0.38282802224547074,9,44574.899999999885,"C (partida 0,10 / 2R)"
MNQ,london,2021-06-29,C,0.1,2.0,-1,2021-06-29 09:05:00+01:00,2021-06-29 09:05:00+01:00,2021-06-29 10:00:00+01:00,14470.5,14486.5,14438.5,14486.75,stop,3,16.0,101.22,-94.5,3.7199999999999998,3.0,-101.22,-1.054375,False,-0.46508533062789664,9,44474.45999999988,"C (partida 0,10 / 2R)"
MNQ,london,2021-06-30,C,0.1,2.0,-1,2021-06-30 09:15:00+01:00,2021-06-30 09:15:00+01:00,2021-06-30 10:00:00+01:00,14567.25,14576.25,14549.25,14549.25,objetivo,5,9.0,98.69999999999999,182.5,6.2,2.5,173.8,1.9311111111111112,False,-0.32760094158464415,9,44373.23999999988,"C (partida 0,10 / 2R)"
MNQ,london,2021-07-01,C,0.1,2.0,-1,2021-07-01 10:10:00+01:00,2021-07-01 10:10:00+01:00,2021-07-01 11:00:00+01:00,14549.75,14566.75,14515.75,14544.75,cierre_sesion,3,17.0,107.22,33.0,3.7199999999999998,3.0,26.28,0.2576470588235294,False,-0.20273793539819482,10,44547.039999999884,"C (partida 0,10 / 2R)"
MNQ,london,2021-07-13,C,0.1,2.0,1,2021-07-13 09:10:00+01:00,2021-07-13 09:10:00+01:00,2021-07-13 09:20:00+01:00,14868.5,14863.25,14879.0,14879.0,objetivo,9,5.25,110.16,193.5,11.16,4.5,177.84,1.881904761904762,False,0.4290278099059775,9,44573.31999999988,"C (partida 0,10 / 2R)"
MNQ,london,2021-07-14,C,0.1,2.0,-1,2021-07-14 09:15:00+01:00,2021-07-14 09:15:00+01:00,2021-07-14 09:15:00+01:00,14865.25,14869.75,14856.25,14870.0,stop,10,4.5,107.4,-85.0,12.4,10.0,-107.4,-1.1933333333333334,False,-0.2305483697811824,9,44751.15999999988,"C (partida 0,10 / 2R)"
MNQ,london,2021-07-19,C,0.1,2.0,-1,2021-07-19 08:35:00+01:00,2021-07-19 08:35:00+01:00,2021-07-19 08:50:00+01:00,14638.0,14657.5,14599.0,14657.75,stop,2,19.5,81.48,-77.0,2.48,2.0,-81.48,-1.0446153846153847,False,-0.5538044500381095,8,44643.75999999988,"C (partida 0,10 / 2R)"
MNQ,london,2021-07-20,C,0.1,2.0,-1,2021-07-20 08:45:00+01:00,2021-07-20 08:45:00+01:00,2021-07-20 08:45:00+01:00,14607.25,14610.75,14600.25,14611.0,stop,12,3.5,104.88,-78.0,14.879999999999999,12.0,-104.88,-1.2485714285714284,False,-0.5751889644497461,8,44562.279999999875,"C (partida 0,10 / 2R)"
MNQ,london,2021-07-22,C,0.1,2.0,-1,2021-07-22 09:30:00+01:00,2021-07-22 09:30:00+01:00,2021-07-22 10:25:00+01:00,14852.75,14858.5,14841.25,14858.75,stop,8,5.75,105.92,-88.0,9.92,8.0,-105.92,-1.151304347826087,False,-0.46480523701308746,9,44457.39999999988,"C (partida 0,10 / 2R)"
MNQ,london,2021-07-23,C,0.1,2.0,1,2021-07-23 08:50:00+01:00,2021-07-23 08:50:00+01:00,2021-07-23 09:05:00+01:00,14984.5,14978.0,14997.5,14997.5,objetivo,7,6.5,103.18,185.5,8.68,3.5,173.32,1.9046153846153846,False,0.1220114425622765,8,44351.47999999988,"C (partida 0,10 / 2R)"
MNQ,london,2021-07-26,C,0.1,2.0,-1,2021-07-26 08:50:00+01:00,2021-07-26 08:50:00+01:00,2021-07-26 09:00:00+01:00,15079.5,15083.75,15071.0,15071.0,objetivo,10,4.25,102.4,175.0,12.4,5.0,157.6,1.8541176470588234,False,-0.5382366901197674,8,44524.79999999988,"C (partida 0,10 / 2R)"
MNQ,london,2021-08-04,C,0.1,2.0,-1,2021-08-04 08:55:00+01:00,2021-08-04 08:55:00+01:00,2021-08-04 09:05:00+01:00,15054.0,15060.25,15041.5,15041.5,objetivo,7,6.25,99.68,178.5,8.68,3.5,166.32,1.9007999999999998,False,-0.20399198233898388,8,44682.39999999988,"C (partida 0,10 / 2R)"
MNQ,london,2021-08-12,C,0.1,2.0,1,2021-08-12 09:05:00+01:00,2021-08-12 09:05:00+01:00,2021-08-12 09:05:00+01:00,15002.0,14995.0,15016.0,14994.75,stop,7,7.0,110.18,-94.5,8.68,7.0,-110.18,-1.1242857142857143,False,0.44663910804515133,9,44848.71999999988,"C (partida 0,10 / 2R)"
MNQ,london,2021-08-23,C,0.1,2.0,1,2021-08-23 09:45:00+01:00,2021-08-23 09:45:00+01:00,2021-08-23 10:05:00+01:00,15134.5,15130.5,15142.5,15130.25,stop,11,4.0,107.14,-82.5,13.64,11.0,-107.14,-1.2175,False,0.13409236825970722,9,44738.53999999988,"C (partida 0,10 / 2R)"
MNQ,london,2021-08-24,C,0.1,2.0,-1,2021-08-24 10:40:00+01:00,2021-08-24 10:40:00+01:00,2021-08-24 11:00:00+01:00,15357.75,15374.25,15324.75,15349.5,cierre_sesion,3,16.5,104.22,52.5,3.7199999999999998,3.0,45.78,0.46242424242424246,False,-0.17470272414796975,10,44631.39999999988,"C (partida 0,10 / 2R)"
MNQ,london,2021-08-30,C,0.1,2.0,-1,2021-08-30 08:35:00+01:00,2021-08-30 08:35:00+01:00,2021-08-30 08:40:00+01:00,15433.5,15437.5,15425.5,15437.75,stop,11,4.0,107.14,-82.5,13.64,11.0,-107.14,-1.2175,False,-0.2623342842630229,8,44677.17999999988,"C (partida 0,10 / 2R)"
MNQ,london,2021-08-31,C,0.1,2.0,-1,2021-08-31 09:00:00+01:00,2021-08-31 09:00:00+01:00,2021-08-31 09:00:00+01:00,15653.5,15658.5,15643.5,15658.75,stop,9,5.0,105.66,-85.5,11.16,9.0,-105.66,-1.174,False,-0.3254701913241873,8,44570.03999999988,"C (partida 0,10 / 2R)"
MNQ,london,2021-09-01,C,0.1,2.0,-1,2021-09-01 09:00:00+01:00,2021-09-01 09:00:00+01:00,2021-09-01 09:05:00+01:00,15624.75,15629.75,15614.75,15614.75,objetivo,9,5.0,105.66,184.5,11.16,4.5,168.84,1.8760000000000001,False,-0.7385716537904836,8,44464.379999999874,"C (partida 0,10 / 2R)"
MNQ,london,2021-09-03,C,0.1,2.0,1,2021-09-03 08:50:00+01:00,2021-09-03 08:50:00+01:00,2021-09-03 09:35:00+01:00,15623.75,15618.25,15634.75,15618.0,stop,8,5.5,101.92,-84.0,9.92,8.0,-101.92,-1.1581818181818182,False,0.32375958311343234,8,44633.21999999987,"C (partida 0,10 / 2R)"
MNQ,london,2021-09-08,C,0.1,2.0,1,2021-09-08 10:10:00+01:00,2021-09-08 10:10:00+01:00,2021-09-08 10:10:00+01:00,15642.75,15638.0,15652.25,15637.75,stop,9,4.75,101.16,-81.0,11.16,9.0,-101.16,-1.183157894736842,False,0.11613548612730865,10,44531.29999999987,"C (partida 0,10 / 2R)"
MNQ,london,2021-09-14,C,0.1,2.0,1,2021-09-14 09:35:00+01:00,2021-09-14 09:35:00+01:00,2021-09-14 09:35:00+01:00,15440.5,15436.5,15448.5,15448.5,objetivo,11,4.0,107.14,181.5,13.64,5.5,162.36,1.8450000000000002,False,0.3522298908978096,9,44430.13999999987,"C (partida 0,10 / 2R)"
MNQ,london,2021-09-22,C,0.1,2.0,-1,2021-09-22 08:50:00+01:00,2021-09-22 08:50:00+01:00,2021-09-22 08:50:00+01:00,15062.0,15068.5,15049.0,15049.0,objetivo,7,6.5,103.18,185.5,8.68,3.5,173.32,1.9046153846153846,False,-0.7131995668869404,8,44592.49999999987,"C (partida 0,10 / 2R)"
MNQ,london,2021-10-04,C,0.1,2.0,1,2021-10-04 09:15:00+01:00,2021-10-04 09:15:00+01:00,2021-10-04 09:15:00+01:00,14697.25,14691.0,14709.75,14690.75,stop,7,6.25,99.68,-84.0,8.68,7.0,-99.68,-1.1392,False,0.3895391340567332,9,44765.81999999987,"C (partida 0,10 / 2R)"
MNQ,london,2021-10-05,C,0.1,2.0,-1,2021-10-05 09:00:00+01:00,2021-10-05 09:00:00+01:00,2021-10-05 09:05:00+01:00,14468.75,14493.5,14419.25,14493.75,stop,2,24.75,102.48,-98.0,2.48,2.0,-102.48,-1.0351515151515152,False,-0.41119110401222736,8,44666.13999999987,"C (partida 0,10 / 2R)"
MNQ,london,2021-10-08,C,0.1,2.0,-1,2021-10-08 08:35:00+01:00,2021-10-08 08:35:00+01:00,2021-10-08 08:45:00+01:00,14846.0,14864.0,14810.0,14864.25,stop,2,18.0,75.48,-71.0,2.48,2.0,-75.48,-1.0483333333333333,False,-0.867472857976104,8,44563.659999999865,"C (partida 0,10 / 2R)"
MNQ,london,2021-10-15,C,0.1,2.0,1,2021-10-15 09:30:00+01:00,2021-10-15 09:30:00+01:00,2021-10-15 10:35:00+01:00,15075.75,15066.75,15093.75,15066.5,stop,5,9.0,98.69999999999999,-87.5,6.2,5.0,-98.7,-1.0966666666666667,False,0.41183995645390503,9,44488.17999999986,"C (partida 0,10 / 2R)"
MNQ,london,2021-10-18,C,0.1,2.0,1,2021-10-18 09:10:00+01:00,2021-10-18 09:10:00+01:00,2021-10-18 09:30:00+01:00,15088.25,15079.0,15106.75,15078.75,stop,5,9.25,101.19999999999999,-90.0,6.2,5.0,-101.2,-1.094054054054054,False,0.2411921179398472,9,44389.479999999865,"C (partida 0,10 / 2R)"
MNQ,london,2021-10-19,C,0.1,2.0,-1,2021-10-19 08:40:00+01:00,2021-10-19 08:40:00+01:00,2021-10-19 08:55:00+01:00,15304.75,15311.5,15291.25,15311.75,stop,7,6.75,106.68,-91.0,8.68,7.0,-106.68,-1.128888888888889,False,-0.7067503387594436,8,44288.27999999987,"C (partida 0,10 / 2R)"
MNQ,london,2021-10-19,C,0.1,2.0,1,2021-10-19 09:10:00+01:00,2021-10-19 09:10:00+01:00,2021-10-19 11:00:00+01:00,15335.25,15304.25,15397.25,15332.5,cierre_sesion,1,31.0,63.74,-4.5,1.24,1.0,-6.74,-0.10870967741935485,False,0.32547120927188206,9,44181.59999999987,"C (partida 0,10 / 2R)"
MNQ,london,2021-10-20,C,0.1,2.0,-1,2021-10-20 09:10:00+01:00,2021-10-20 09:10:00+01:00,2021-10-20 09:15:00+01:00,15376.25,15384.5,15359.75,15384.75,stop,6,8.25,109.44,-96.0,7.4399999999999995,6.0,-109.44,-1.1054545454545455,False,-0.4013451556861019,9,44174.85999999987,"C (partida 0,10 / 2R)"
MNQ,london,2021-10-27,C,0.1,2.0,-1,2021-10-27 09:45:00+01:00,2021-10-27 09:45:00+01:00,2021-10-27 10:00:00+01:00,15565.75,15573.0,15551.25,15551.25,objetivo,6,7.25,97.44000000000001,177.0,7.4399999999999995,3.0,166.56,1.9144827586206896,False,-0.17864589772926107,9,44065.41999999987,"C (partida 0,10 / 2R)"
MNQ,london,2021-11-10,C,0.1,2.0,-1,2021-11-10 08:55:00+00:00,2021-11-10 08:55:00+00:00,2021-11-10 09:00:00+00:00,16203.75,16211.0,16189.25,16211.25,stop,6,7.25,97.44000000000001,-84.0,7.4399999999999995,6.0,-97.44,-1.1199999999999999,False,-0.7818632344845905,8,44231.979999999865,"C (partida 0,10 / 2R)"
MNQ,london,2021-11-12,C,0.1,2.0,-1,2021-11-12 09:25:00+00:00,2021-11-12 09:25:00+00:00,2021-11-12 09:30:00+00:00,16051.25,16055.5,16042.75,16042.75,objetivo,10,4.25,102.4,175.0,12.4,5.0,157.6,1.8541176470588234,False,-0.12497199452817452,9,44134.53999999986,"C (partida 0,10 / 2R)"
MNQ,london,2021-11-30,C,0.1,2.0,1,2021-11-30 08:55:00+00:00,2021-11-30 08:55:00+00:00,2021-11-30 09:00:00+00:00,16336.75,16312.0,16386.25,16311.75,stop,2,24.75,102.48,-98.0,2.48,2.0,-102.48,-1.0351515151515152,False,0.11825985615001845,8,44292.13999999986,"C (partida 0,10 / 2R)"
MNQ,london,2021-12-01,C,0.1,2.0,1,2021-12-01 09:35:00+00:00,2021-12-01 09:35:00+00:00,2021-12-01 11:00:00+00:00,16369.25,16354.0,16399.75,16368.25,cierre_sesion,3,15.25,96.71999999999998,-3.0,3.7199999999999998,3.0,-9.719999999999999,-0.10622950819672129,False,0.30927713381851013,9,44189.65999999986,"C (partida 0,10 / 2R)"
MNQ,london,2021-12-02,C,0.1,2.0,1,2021-12-02 09:05:00+00:00,2021-12-02 09:05:00+00:00,2021-12-02 09:35:00+00:00,15968.0,15940.75,16022.5,15940.5,stop,1,27.25,56.24,-54.0,1.24,1.0,-56.24,-1.0319266055045873,False,0.15665210553404874,9,44179.93999999986,"C (partida 0,10 / 2R)"
MNQ,london,2021-12-06,C,0.1,2.0,-1,2021-12-06 09:50:00+00:00,2021-12-06 09:50:00+00:00,2021-12-06 10:25:00+00:00,15713.0,15734.5,15670.0,15670.0,objetivo,2,21.5,89.48,173.0,2.48,1.0,169.52,1.9711627906976745,False,-0.18435927487177473,9,44123.69999999986,"C (partida 0,10 / 2R)"
MNQ,london,2021-12-08,C,0.1,2.0,1,2021-12-08 08:35:00+00:00,2021-12-08 08:35:00+00:00,2021-12-08 09:20:00+00:00,16401.25,16382.0,16439.75,16381.75,stop,2,19.25,80.48,-76.0,2.48,2.0,-80.48,-1.0451948051948052,False,0.26933752490219104,8,44293.219999999856,"C (partida 0,10 / 2R)"
MNQ,london,2021-12-13,C,0.1,2.0,1,2021-12-13 09:05:00+00:00,2021-12-13 09:05:00+00:00,2021-12-13 11:00:00+00:00,16377.25,16359.75,16412.25,16393.0,cierre_sesion,3,17.5,110.22,97.5,3.7199999999999998,3.0,90.78,0.8645714285714285,False,0.5505384068604303,9,44212.73999999985,"C (partida 0,10 / 2R)"
MNQ,london,2021-12-14,C,0.1,2.0,-1,2021-12-14 09:15:00+00:00,2021-12-14 09:15:00+00:00,2021-12-14 09:35:00+00:00,16103.5,16121.5,16067.5,16067.5,objetivo,2,18.0,75.48,145.0,2.48,1.0,141.52,1.9655555555555557,False,-0.6938830612300078,9,44303.51999999985,"C (partida 0,10 / 2R)"
MNQ,london,2021-12-15,C,0.1,2.0,-1,2021-12-15 08:50:00+00:00,2021-12-15 08:50:00+00:00,2021-12-15 08:50:00+00:00,15929.5,15937.0,15914.5,15937.25,stop,6,7.5,100.44,-87.0,7.4399999999999995,6.0,-100.44,-1.1159999999999999,False,-0.747450873916542,8,44445.03999999985,"C (partida 0,10 / 2R)"
MNQ,london,2021-12-23,C,0.1,2.0,1,2021-12-23 09:10:00+00:00,2021-12-23 09:10:00+00:00,2021-12-23 09:15:00+00:00,16180.0,16173.0,16194.0,16172.75,stop,7,7.0,110.18,-94.5,8.68,7.0,-110.18,-1.1242857142857143,False,0.19449027197663935,9,44344.599999999846,"C (partida 0,10 / 2R)"
MNQ,london,2021-12-27,C,0.1,2.0,1,2021-12-27 08:35:00+00:00,2021-12-27 08:35:00+00:00,2021-12-27 08:45:00+00:00,16330.0,16320.0,16350.0,16319.75,stop,5,10.0,108.69999999999999,-97.5,6.2,5.0,-108.7,-1.087,False,1.414432585393881,8,44234.419999999845,"C (partida 0,10 / 2R)"
MNQ,london,2021-12-31,C,0.1,2.0,-1,2021-12-31 09:20:00+00:00,2021-12-31 09:20:00+00:00,2021-12-31 11:00:00+00:00,16405.25,16423.25,16369.25,16401.0,cierre_sesion,2,18.0,75.48,19.0,2.48,2.0,14.52,0.20166666666666666,False,-0.32225182886992954,9,44125.71999999985,"C (partida 0,10 / 2R)"
MNQ,london,2022-01-03,C,0.1,2.0,-1,2022-01-03 09:20:00+00:00,2022-01-03 09:20:00+00:00,2022-01-03 09:50:00+00:00,16394.75,16405.5,16373.25,16405.75,stop,4,10.75,92.96,-84.0,4.96,4.0,-92.96,-1.0809302325581394,False,-0.2983779764828437,9,44140.239999999845,"C (partida 0,10 / 2R)"
MNQ,london,2022-01-06,C,0.1,2.0,-1,2022-01-06 08:45:00+00:00,2022-01-06 08:45:00+00:00,2022-01-06 08:45:00+00:00,15711.0,15723.75,15685.5,15724.0,stop,4,12.75,108.96,-100.0,4.96,4.0,-108.96,-1.068235294117647,False,-0.9420310925083625,8,44047.279999999846,"C (partida 0,10 / 2R)"
MNQ,london,2022-01-07,C,0.1,2.0,1,2022-01-07 09:35:00+00:00,2022-01-07 09:35:00+00:00,2022-01-07 09:55:00+00:00,15768.25,15752.0,15800.75,15751.75,stop,3,16.25,102.72,-96.0,3.7199999999999998,3.0,-102.72,-1.0535384615384615,False,0.4944671937060384,9,43938.31999999985,"C (partida 0,10 / 2R)"
MNQ,london,2022-01-11,C,0.1,2.0,-1,2022-01-11 08:40:00+00:00,2022-01-11 08:40:00+00:00,2022-01-11 08:40:00+00:00,15599.25,15603.75,15590.25,15604.0,stop,10,4.5,107.4,-85.0,12.4,10.0,-107.4,-1.1933333333333334,False,-0.7968271409069883,8,43835.599999999846,"C (partida 0,10 / 2R)"
MNQ,london,2022-01-12,C,0.1,2.0,1,2022-01-12 09:50:00+00:00,2022-01-12 09:50:00+00:00,2022-01-12 10:20:00+00:00,15843.5,15830.75,15869.0,15869.0,objetivo,4,12.75,108.96,206.0,4.96,2.0,199.04,1.9513725490196077,False,0.20931910296846676,9,43728.199999999844,"C (partida 0,10 / 2R)"
MNQ,london,2022-01-20,C,0.1,2.0,1,2022-01-20 09:40:00+00:00,2022-01-20 09:40:00+00:00,2022-01-20 09:45:00+00:00,15137.25,15127.75,15156.25,15127.5,stop,5,9.5,103.69999999999999,-92.5,6.2,5.0,-103.7,-1.091578947368421,False,0.14280928133159174,9,43927.239999999845,"C (partida 0,10 / 2R)"
MNQ,london,2022-01-24,C,0.1,2.0,-1,2022-01-24 09:00:00+00:00,2022-01-24 09:00:00+00:00,2022-01-24 09:45:00+00:00,14491.5,14518.0,14438.5,14438.5,objetivo,2,26.5,109.48,213.0,2.48,1.0,209.52,1.9766037735849058,False,-0.21960234514508245,8,43823.53999999985,"C (partida 0,10 / 2R)"
MNQ,london,2022-01-31,C,0.1,2.0,1,2022-01-31 08:35:00+00:00,2022-01-31 08:35:00+00:00,2022-01-31 08:50:00+00:00,14474.75,14459.75,14504.75,14504.75,objetivo,3,15.0,95.22,181.5,3.7199999999999998,1.5,176.28,1.9586666666666668,False,0.23740351795093823,8,44033.059999999845,"C (partida 0,10 / 2R)"
MNQ,london,2022-02-01,C,0.1,2.0,-1,2022-02-01 09:30:00+00:00,2022-02-01 09:30:00+00:00,2022-02-01 11:00:00+00:00,14875.25,14922.0,14781.75,14876.25,cierre_sesion,1,46.75,95.24,-1.0,1.24,1.0,-3.24,-0.0346524064171123,False,-0.21911103925950826,9,44209.339999999844,"C (partida 0,10 / 2R)"
MNQ,london,2022-02-03,C,0.1,2.0,-1,2022-02-03 09:45:00+00:00,2022-02-03 09:45:00+00:00,2022-02-03 11:00:00+00:00,14801.25,14821.5,14760.75,14784.75,cierre_sesion,2,20.25,84.48,68.0,2.48,2.0,63.52,0.7841975308641975,False,-0.12974848111700868,9,44206.099999999846,"C (partida 0,10 / 2R)"
MNQ,london,2022-02-11,C,0.1,2.0,-1,2022-02-11 09:45:00+00:00,2022-02-11 09:45:00+00:00,2022-02-11 09:45:00+00:00,14592.5,14598.5,14580.5,14598.75,stop,8,6.0,109.92,-92.0,9.92,8.0,-109.92,-1.145,False,-0.14088704652545095,9,44269.61999999984,"C (partida 0,10 / 2R)"
MNQ,london,2022-02-16,C,0.1,2.0,-1,2022-02-16 10:05:00+00:00,2022-02-16 10:05:00+00:00,2022-02-16 10:10:00+00:00,14595.5,14605.75,14575.0,14606.0,stop,4,10.25,88.96,-80.0,4.96,4.0,-88.96,-1.0848780487804877,False,-0.1254846028598374,10,44159.699999999844,"C (partida 0,10 / 2R)"
MNQ,london,2022-02-17,C,0.1,2.0,-1,2022-02-17 08:35:00+00:00,2022-02-17 08:35:00+00:00,2022-02-17 09:00:00+00:00,14501.25,14525.0,14453.75,14525.25,stop,2,23.75,98.48,-94.0,2.48,2.0,-98.48,-1.0366315789473686,False,-0.9682694375461401,8,44070.739999999845,"C (partida 0,10 / 2R)"
MNQ,london,2022-02-18,C,0.1,2.0,-1,2022-02-18 09:15:00+00:00,2022-02-18 09:15:00+00:00,2022-02-18 09:25:00+00:00,14232.0,14252.5,14191.0,14252.75,stop,2,20.5,85.48,-81.0,2.48,2.0,-85.48,-1.042439024390244,False,-0.10899403172114866,9,43972.25999999984,"C (partida 0,10 / 2R)"
MNQ,london,2022-02-25,C,0.1,2.0,1,2022-02-25 09:55:00+00:00,2022-02-25 09:55:00+00:00,2022-02-25 09:55:00+00:00,13839.75,13822.25,13874.75,13874.75,objetivo,2,17.5,73.48,141.0,2.48,1.0,137.52,1.9645714285714286,False,0.1310637928002554,9,43886.77999999984,"C (partida 0,10 / 2R)"
MNQ,london,2022-03-04,C,0.1,2.0,-1,2022-03-04 09:00:00+00:00,2022-03-04 09:00:00+00:00,2022-03-04 09:20:00+00:00,13952.25,13972.25,13912.25,13912.25,objetivo,2,20.0,83.48,161.0,2.48,1.0,157.52,1.969,False,-0.7005219806883742,8,44024.299999999836,"C (partida 0,10 / 2R)"
MNQ,london,2022-03-10,C,0.1,2.0,1,2022-03-10 09:20:00+00:00,2022-03-10 09:20:00+00:00,2022-03-10 09:20:00+00:00,13691.75,13685.0,13705.25,13684.75,stop,7,6.75,106.68,-91.0,8.68,7.0,-106.68,-1.128888888888889,False,0.44758250483019485,9,44181.81999999983,"C (partida 0,10 / 2R)"
MNQ,london,2022-03-11,C,0.1,2.0,1,2022-03-11 09:05:00+00:00,2022-03-11 09:05:00+00:00,2022-03-11 09:20:00+00:00,13598.0,13581.0,13632.0,13632.0,objetivo,3,17.0,107.22,205.5,3.7199999999999998,1.5,200.28,1.963529411764706,False,0.2632004620083656,9,44075.13999999983,"C (partida 0,10 / 2R)"
MNQ,london,2022-03-18,C,0.1,2.0,-1,2022-03-18 09:15:00+00:00,2022-03-18 09:15:00+00:00,2022-03-18 09:30:00+00:00,14016.5,14025.5,13998.5,14025.75,stop,5,9.0,98.69999999999999,-87.5,6.2,5.0,-98.7,-1.0966666666666667,False,-0.22167023743612746,9,44275.41999999983,"C (partida 0,10 / 2R)"
MNQ,london,2022-03-24,C,0.1,2.0,-1,2022-03-24 10:05:00+00:00,2022-03-24 10:05:00+00:00,2022-03-24 10:15:00+00:00,14530.75,14542.75,14506.75,14506.75,objetivo,4,12.0,102.96,194.0,4.96,2.0,187.04,1.9483333333333333,False,-0.1175550424053931,10,44176.719999999834,"C (partida 0,10 / 2R)"
MNQ,london,2022-03-25,C,0.1,2.0,1,2022-03-25 09:45:00+00:00,2022-03-25 09:45:00+00:00,2022-03-25 09:50:00+00:00,14752.25,14745.75,14765.25,14765.25,objetivo,7,6.5,103.18,185.5,8.68,3.5,173.32,1.9046153846153846,False,0.18240282487242446,9,44363.759999999835,"C (partida 0,10 / 2R)"
MNQ,london,2022-03-28,C,0.1,2.0,-1,2022-03-28 09:35:00+01:00,2022-03-28 09:35:00+01:00,2022-03-28 09:45:00+01:00,14691.75,14708.5,14658.25,14708.75,stop,3,16.75,105.72,-99.0,3.7199999999999998,3.0,-105.72,-1.0519402985074626,False,-0.2661571860352528,9,44537.079999999834,"C (partida 0,10 / 2R)"
MNQ,london,2022-03-31,C,0.1,2.0,-1,2022-03-31 09:25:00+01:00,2022-03-31 09:25:00+01:00,2022-03-31 09:55:00+01:00,15134.75,15144.5,15115.25,15144.75,stop,5,9.75,106.19999999999999,-95.0,6.2,5.0,-106.2,-1.0892307692307692,False,-0.4193274524030211,9,44431.35999999983,"C (partida 0,10 / 2R)"
MNQ,london,2022-04-04,C,0.1,2.0,1,2022-04-04 09:30:00+01:00,2022-04-04 09:30:00+01:00,2022-04-04 10:05:00+01:00,14872.0,14857.5,14901.0,14901.0,objetivo,3,14.5,92.22,175.5,3.7199999999999998,1.5,170.28,1.957241379310345,False,0.2216501550643713,9,44325.159999999836,"C (partida 0,10 / 2R)"
MNQ,london,2022-04-06,C,0.1,2.0,-1,2022-04-06 08:35:00+01:00,2022-04-06 08:35:00+01:00,2022-04-06 10:50:00+01:00,14778.25,14825.0,14684.75,14684.75,objetivo,1,46.75,95.24,187.5,1.24,0.5,185.76,1.9867379679144384,False,-0.7813112292383385,8,44495.439999999835,"C (partida 0,10 / 2R)"
MNQ,london,2022-04-08,C,0.1,2.0,-1,2022-04-08 10:00:00+01:00,2022-04-08 10:00:00+01:00,2022-04-08 10:00:00+01:00,14585.5,14592.25,14572.0,14572.0,objetivo,7,6.75,106.68,192.5,8.68,3.5,180.32,1.9081481481481481,False,-0.17314445201126602,9,44681.19999999984,"C (partida 0,10 / 2R)"
MNQ,london,2022-04-11,C,0.1,2.0,-1,2022-04-11 09:15:00+01:00,2022-04-11 09:15:00+01:00,2022-04-11 09:15:00+01:00,14206.0,14219.5,14179.0,14179.0,objetivo,3,13.5,86.22,163.5,3.7199999999999998,1.5,158.28,1.954074074074074,False,-0.11620465075569195,9,44861.51999999984,"C (partida 0,10 / 2R)"
MNQ,london,2022-04-12,C,0.1,2.0,-1,2022-04-12 08:35:00+01:00,2022-04-12 08:35:00+01:00,2022-04-12 08:50:00+01:00,13939.25,13956.75,13904.25,13957.0,stop,3,17.5,110.22,-103.5,3.7199999999999998,3.0,-110.22,-1.0497142857142856,False,-0.8218723257061977,8,45019.799999999836,"C (partida 0,10 / 2R)"
MNQ,london,2022-04-13,C,0.1,2.0,1,2022-04-13 09:10:00+01:00,2022-04-13 09:10:00+01:00,2022-04-13 09:10:00+01:00,14073.0,14058.5,14102.0,14058.25,stop,3,14.5,92.22,-85.5,3.7199999999999998,3.0,-92.22,-1.06,False,0.33569240935276595,9,44909.579999999834,"C (partida 0,10 / 2R)"
MNQ,london,2022-04-18,C,0.1,2.0,-1,2022-04-18 10:25:00+01:00,2022-04-18 10:25:00+01:00,2022-04-18 11:00:00+01:00,13784.25,13806.25,13740.25,13795.75,cierre_sesion,2,22.0,91.48,-44.0,2.48,2.0,-48.48,-0.5509090909090909,False,-0.11719877057233251,10,44817.35999999983,"C (partida 0,10 / 2R)"
MNQ,london,2022-04-20,C,0.1,2.0,-1,2022-04-20 09:10:00+01:00,2022-04-20 09:10:00+01:00,2022-04-20 09:10:00+01:00,14090.75,14096.75,14078.75,14097.0,stop,8,6.0,109.92,-92.0,9.92,8.0,-109.92,-1.145,False,-0.24006951670301088,9,44768.87999999983,"C (partida 0,10 / 2R)"
MNQ,london,2022-04-26,C,0.1,2.0,1,2022-04-26 09:30:00+01:00,2022-04-26 09:30:00+01:00,2022-04-26 09:30:00+01:00,13512.0,13503.5,13529.0,13503.25,stop,5,8.5,93.69999999999999,-82.5,6.2,5.0,-93.7,-1.1023529411764705,False,0.34781784276936195,9,44658.95999999983,"C (partida 0,10 / 2R)"
MNQ,london,2022-04-29,C,0.1,2.0,1,2022-04-29 09:05:00+01:00,2022-04-29 09:05:00+01:00,2022-04-29 09:20:00+01:00,13384.25,13353.75,13445.25,13353.5,stop,1,30.5,62.74,-60.5,1.24,1.0,-62.74,-1.0285245901639344,False,0.4030605577875204,9,44565.259999999835,"C (partida 0,10 / 2R)"
MNQ,london,2022-05-03,C,0.1,2.0,1,2022-05-03 09:10:00+01:00,2022-05-03 09:10:00+01:00,2022-05-03 09:10:00+01:00,13119.5,13112.0,13134.5,13111.75,stop,6,7.5,100.44,-87.0,7.4399999999999995,6.0,-100.44,-1.1159999999999999,False,0.3397733482974291,9,44502.51999999984,"C (partida 0,10 / 2R)"
MNQ,london,2022-05-04,C,0.1,2.0,1,2022-05-04 09:10:00+01:00,2022-05-04 09:10:00+01:00,2022-05-04 09:20:00+01:00,13129.25,13111.75,13164.25,13111.5,stop,3,17.5,110.22,-103.5,3.7199999999999998,3.0,-110.22,-1.0497142857142856,False,0.18842025488762207,9,44402.079999999834,"C (partida 0,10 / 2R)"
MNQ,london,2022-05-06,C,0.1,2.0,1,2022-05-06 09:30:00+01:00,2022-05-06 09:30:00+01:00,2022-05-06 09:50:00+01:00,12838.0,12822.25,12869.5,12822.0,stop,3,15.75,99.72,-93.0,3.7199999999999998,3.0,-99.72,-1.0552380952380953,False,0.27213629057556976,9,44291.85999999983,"C (partida 0,10 / 2R)"
MNQ,london,2022-05-09,C,0.1,2.0,-1,2022-05-09 08:45:00+01:00,2022-05-09 08:45:00+01:00,2022-05-09 09:00:00+01:00,12565.25,12588.25,12519.25,12519.25,objetivo,2,23.0,95.48,185.0,2.48,1.0,181.52,1.9730434782608697,False,-0.8955581297949211,8,44192.13999999983,"C (partida 0,10 / 2R)"
MNQ,london,2022-05-10,C,0.1,2.0,-1,2022-05-10 08:55:00+01:00,2022-05-10 08:55:00+01:00,2022-05-10 09:05:00+01:00,12345.75,12362.5,12312.25,12362.75,stop,3,16.75,105.72,-99.0,3.7199999999999998,3.0,-105.72,-1.0519402985074626,False,-0.4359789312048076,8,44373.65999999983,"C (partida 0,10 / 2R)"
MNQ,london,2022-05-11,C,0.1,2.0,1,2022-05-11 09:20:00+01:00,2022-05-11 09:20:00+01:00,2022-05-11 09:20:00+01:00,12436.75,12430.5,12449.25,12449.25,objetivo,7,6.25,99.68,178.5,8.68,3.5,166.32,1.9007999999999998,False,0.3495158015983611,9,44267.93999999983,"C (partida 0,10 / 2R)"
MNQ,london,2022-05-16,C,0.1,2.0,1,2022-05-16 09:05:00+01:00,2022-05-16 09:05:00+01:00,2022-05-16 09:15:00+01:00,12297.25,12285.5,12320.75,12320.75,objetivo,4,11.75,100.96,190.0,4.96,2.0,183.04,1.9472340425531913,False,0.41388273404164716,9,44434.25999999983,"C (partida 0,10 / 2R)"
MNQ,london,2022-05-26,C,0.1,2.0,-1,2022-05-26 09:40:00+01:00,2022-05-26 09:40:00+01:00,2022-05-26 10:20:00+01:00,11887.5,11902.25,11858.0,11902.5,stop,3,14.75,93.72,-87.0,3.7199999999999998,3.0,-93.72,-1.0589830508474576,False,-0.4006211931373867,9,44617.29999999983,"C (partida 0,10 / 2R)"
MNQ,london,2022-05-30,C,0.1,2.0,1,2022-05-30 10:30:00+01:00,2022-05-30 10:30:00+01:00,2022-05-30 11:00:00+01:00,12874.5,12851.25,12921.0,12870.0,cierre_sesion,2,23.25,96.48,-16.0,2.48,2.0,-20.48,-0.22021505376344086,False,0.12032970109476121,10,44523.57999999983,"C (partida 0,10 / 2R)"
MNQ,london,2022-05-31,C,0.1,2.0,1,2022-05-31 09:25:00+01:00,2022-05-31 09:25:00+01:00,2022-05-31 09:40:00+01:00,12724.25,12712.0,12748.75,12748.75,objetivo,4,12.25,104.96,198.0,4.96,2.0,191.04,1.9493877551020407,False,0.5334319958190146,9,44503.099999999824,"C (partida 0,10 / 2R)"
MNQ,london,2022-06-01,C,0.1,2.0,-1,2022-06-01 08:55:00+01:00,2022-06-01 08:55:00+01:00,2022-06-01 08:55:00+01:00,12644.25,12656.25,12620.25,12656.5,stop,4,12.0,102.96,-94.0,4.96,4.0,-102.96,-1.0725,False,-0.32825138818133137,8,44694.139999999825,"C (partida 0,10 / 2R)"
MNQ,london,2022-06-08,C,0.1,2.0,1,2022-06-08 09:10:00+01:00,2022-06-08 09:10:00+01:00,2022-06-08 09:15:00+01:00,12663.25,12652.25,12685.25,12652.0,stop,4,11.0,94.96,-86.0,4.96,4.0,-94.96,-1.079090909090909,False,0.41918057914355494,9,44591.179999999826,"C (partida 0,10 / 2R)"
MNQ,london,2022-06-10,C,0.1,2.0,1,2022-06-10 09:20:00+01:00,2022-06-10 09:20:00+01:00,2022-06-10 09:20:00+01:00,12321.5,12313.25,12338.0,12313.0,stop,6,8.25,109.44,-96.0,7.4399999999999995,6.0,-109.44,-1.1054545454545455,False,0.14871714397747407,9,44496.21999999983,"C (partida 0,10 / 2R)"
MNQ,london,2022-06-23,C,0.1,2.0,1,2022-06-23 09:10:00+01:00,2022-06-23 09:10:00+01:00,2022-06-23 11:00:00+01:00,11585.25,11545.0,11665.75,11637.5,cierre_sesion,1,40.25,82.24,105.5,1.24,1.0,103.26,1.2827329192546584,False,0.3214236423004995,9,44386.779999999824,"C (partida 0,10 / 2R)"
MNQ,london,2022-06-24,C,0.1,2.0,1,2022-06-24 08:50:00+01:00,2022-06-24 08:50:00+01:00,2022-06-24 09:00:00+01:00,11852.75,11845.25,11867.75,11845.0,stop,6,7.5,100.44,-87.0,7.4399999999999995,6.0,-100.44,-1.1159999999999999,False,0.4396479050981025,8,44490.039999999826,"C (partida 0,10 / 2R)"
MNQ,london,2022-06-28,C,0.1,2.0,-1,2022-06-28 08:45:00+01:00,2022-06-28 08:45:00+01:00,2022-06-28 08:50:00+01:00,12061.75,12073.0,12039.25,12073.25,stop,4,11.25,96.96,-88.0,4.96,4.0,-96.96,-1.0773333333333333,False,-1.1970884503752386,8,44389.599999999824,"C (partida 0,10 / 2R)"
MNQ,london,2022-06-29,C,0.1,2.0,1,2022-06-29 09:10:00+01:00,2022-06-29 09:10:00+01:00,2022-06-29 09:10:00+01:00,11696.25,11682.25,11724.25,11682.0,stop,3,14.0,89.22,-82.5,3.7199999999999998,3.0,-89.22,-1.062142857142857,False,0.4115021637598223,9,44292.639999999825,"C (partida 0,10 / 2R)"
MNQ,london,2022-06-30,C,0.1,2.0,1,2022-06-30 09:15:00+01:00,2022-06-30 09:15:00+01:00,2022-06-30 09:15:00+01:00,11550.75,11542.0,11568.25,11541.75,stop,5,8.75,96.19999999999999,-85.0,6.2,5.0,-96.2,-1.0994285714285714,False,0.6281245566798236,9,44203.41999999982,"C (partida 0,10 / 2R)"
MNQ,london,2022-07-04,C,0.1,2.0,-1,2022-07-04 08:35:00+01:00,2022-07-04 08:35:00+01:00,2022-07-04 10:30:00+01:00,11533.5,11553.25,11494.0,11553.5,stop,2,19.75,82.48,-78.0,2.48,2.0,-82.48,-1.0440506329113926,False,-0.545755676528215,8,44107.21999999983,"C (partida 0,10 / 2R)"
MNQ,london,2022-07-06,C,0.1,2.0,-1,2022-07-06 09:35:00+01:00,2022-07-06 09:35:00+01:00,2022-07-06 10:25:00+01:00,11778.5,11793.75,11748.0,11794.0,stop,3,15.25,96.71999999999998,-90.0,3.7199999999999998,3.0,-96.72,-1.0570491803278688,False,-0.28344302933897036,9,44024.73999999982,"C (partida 0,10 / 2R)"
MNQ,london,2022-07-08,C,0.1,2.0,-1,2022-07-08 09:40:00+01:00,2022-07-08 09:40:00+01:00,2022-07-08 09:45:00+01:00,12073.75,12080.5,12060.25,12080.75,stop,7,6.75,106.68,-91.0,8.68,7.0,-106.68,-1.128888888888889,False,-0.178002700738932,9,43928.01999999982,"C (partida 0,10 / 2R)"
MNQ,london,2022-07-13,C,0.1,2.0,-1,2022-07-13 08:45:00+01:00,2022-07-13 08:45:00+01:00,2022-07-13 09:05:00+01:00,11797.25,11808.75,11774.25,11774.25,objetivo,4,11.5,98.96,186.0,4.96,2.0,179.04,1.9460869565217391,False,-0.6507775589728868,8,43821.33999999982,"C (partida 0,10 / 2R)"
MNQ,london,2022-07-19,C,0.1,2.0,-1,2022-07-19 08:45:00+01:00,2022-07-19 08:45:00+01:00,2022-07-19 09:05:00+01:00,11893.25,11925.75,11828.25,11926.0,stop,1,32.5,66.74,-64.5,1.24,1.0,-66.74,-1.0267692307692307,False,-1.0427587829326794,8,44000.37999999982,"C (partida 0,10 / 2R)"
MNQ,london,2022-07-22,C,0.1,2.0,-1,2022-07-22 09:10:00+01:00,2022-07-22 09:10:00+01:00,2022-07-22 09:10:00+01:00,12537.0,12550.0,12511.0,12550.25,stop,3,13.0,83.22,-76.5,3.7199999999999998,3.0,-83.22,-1.0669230769230769,False,-0.26761163094136764,9,43933.639999999825,"C (partida 0,10 / 2R)"
MNQ,london,2022-08-01,C,0.1,2.0,-1,2022-08-01 09:40:00+01:00,2022-08-01 09:40:00+01:00,2022-08-01 09:50:00+01:00,12929.25,12936.0,12915.75,12915.75,objetivo_hueco,7,6.75,106.68,192.5,8.68,3.5,180.32,1.9081481481481481,False,-0.3959467646634055,9,43850.41999999982,"C (partida 0,10 / 2R)"
MNQ,london,2022-08-11,C,0.1,2.0,-1,2022-08-11 08:50:00+01:00,2022-08-11 08:50:00+01:00,2022-08-11 09:25:00+01:00,13436.0,13446.75,13414.5,13414.5,objetivo,4,10.75,92.96,174.0,4.96,2.0,167.04,1.9423255813953488,False,-0.3353418090551548,8,44030.73999999982,"C (partida 0,10 / 2R)"
MNQ,london,2022-08-16,C,0.1,2.0,1,2022-08-16 09:10:00+01:00,2022-08-16 09:10:00+01:00,2022-08-16 09:35:00+01:00,13659.25,13648.25,13681.25,13681.25,objetivo,4,11.0,94.96,178.0,4.96,2.0,171.04,1.9436363636363636,False,0.4993832684179106,9,44197.779999999824,"C (partida 0,10 / 2R)"
MNQ,london,2022-08-18,C,0.1,2.0,1,2022-08-18 09:05:00+01:00,2022-08-18 09:05:00+01:00,2022-08-18 09:20:00+01:00,13455.0,13447.5,13470.0,13447.25,stop,6,7.5,100.44,-87.0,7.4399999999999995,6.0,-100.44,-1.1159999999999999,False,0.5188679582454075,9,44368.819999999825,"C (partida 0,10 / 2R)"
MNQ,london,2022-09-06,C,0.1,2.0,-1,2022-09-06 09:10:00+01:00,2022-09-06 09:10:00+01:00,2022-09-06 09:40:00+01:00,12173.0,12196.5,12126.0,12196.75,stop,2,23.5,97.48,-93.0,2.48,2.0,-97.48,-1.0370212765957447,False,-0.5263760951018424,9,44268.37999999982,"C (partida 0,10 / 2R)"
MNQ,london,2022-09-15,C,0.1,2.0,-1,2022-09-15 09:25:00+01:00,2022-09-15 09:25:00+01:00,2022-09-15 09:30:00+01:00,12140.0,12143.75,12132.5,12144.0,stop,11,3.75,101.64,-77.0,13.64,11.0,-101.64,-1.232,False,-0.1545462756578833,9,44170.89999999982,"C (partida 0,10 / 2R)"
MNQ,london,2022-09-20,C,0.1,2.0,-1,2022-09-20 08:45:00+01:00,2022-09-20 08:45:00+01:00,2022-09-20 09:10:00+01:00,12020.0,12039.5,11981.0,11981.0,objetivo,2,19.5,81.48,157.0,2.48,1.0,153.52,1.9682051282051283,False,-0.4377481339035644,8,44069.25999999982,"C (partida 0,10 / 2R)"
MNQ,london,2022-09-21,C,0.1,2.0,1,2022-09-21 08:45:00+01:00,2022-09-21 08:45:00+01:00,2022-09-21 08:45:00+01:00,11920.25,11913.0,11934.75,11934.75,objetivo,6,7.25,97.44000000000001,177.0,7.4399999999999995,3.0,166.56,1.9144827586206896,False,1.1171786264576993,8,44222.77999999982,"C (partida 0,10 / 2R)"
MNQ,london,2022-09-27,C,0.1,2.0,-1,2022-09-27 10:00:00+01:00,2022-09-27 10:00:00+01:00,2022-09-27 10:10:00+01:00,11453.75,11469.5,11422.25,11422.25,objetivo,3,15.75,99.72,190.5,3.7199999999999998,1.5,185.28,1.9606349206349207,False,-0.20643083668138107,9,44389.339999999815,"C (partida 0,10 / 2R)"
MNQ,london,2022-09-28,C,0.1,2.0,1,2022-09-28 08:55:00+01:00,2022-09-28 08:55:00+01:00,2022-09-28 09:00:00+01:00,11266.75,11230.75,11338.75,11230.5,stop,1,36.0,73.74,-71.5,1.24,1.0,-73.74,-1.0241666666666667,False,0.3519004186405599,8,44574.61999999981,"C (partida 0,10 / 2R)"
MNQ,london,2022-10-07,C,0.1,2.0,-1,2022-10-07 08:50:00+01:00,2022-10-07 08:50:00+01:00,2022-10-07 08:50:00+01:00,11489.25,11493.0,11481.75,11493.25,stop,12,3.75,110.88,-84.0,14.879999999999999,12.0,-110.88,-1.232,False,-0.26153600195453114,8,44500.879999999815,"C (partida 0,10 / 2R)"
MNQ,london,2022-10-10,C,0.1,2.0,-1,2022-10-10 09:10:00+01:00,2022-10-10 09:10:00+01:00,2022-10-10 09:15:00+01:00,11037.75,11043.75,11025.75,11025.75,objetivo,8,6.0,109.92,196.0,9.92,4.0,182.08,1.8966666666666667,False,-0.24921424505367276,9,44389.99999999982,"C (partida 0,10 / 2R)"
MNQ,london,2022-10-11,C,0.1,2.0,1,2022-10-11 09:15:00+01:00,2022-10-11 09:15:00+01:00,2022-10-11 09:15:00+01:00,10939.75,10932.25,10954.75,10932.0,stop,6,7.5,100.44,-87.0,7.4399999999999995,6.0,-100.44,-1.1159999999999999,False,0.16984622055321216,9,44572.07999999982,"C (partida 0,10 / 2R)"
MNQ,london,2022-10-12,C,0.1,2.0,1,2022-10-12 09:30:00+01:00,2022-10-12 09:30:00+01:00,2022-10-12 09:30:00+01:00,10932.5,10917.75,10962.0,10917.5,stop,3,14.75,93.72,-87.0,3.7199999999999998,3.0,-93.72,-1.0589830508474576,False,0.11924897058518931,9,44471.63999999982,"C (partida 0,10 / 2R)"
MNQ,london,2022-10-18,C,0.1,2.0,1,2022-10-18 08:55:00+01:00,2022-10-18 08:55:00+01:00,2022-10-18 09:20:00+01:00,11322.25,11312.0,11342.75,11311.75,stop,4,10.25,88.96,-80.0,4.96,4.0,-88.96,-1.0848780487804877,False,0.4686139632594472,8,44377.919999999816,"C (partida 0,10 / 2R)"
MNQ,london,2022-10-21,C,0.1,2.0,-1,2022-10-21 09:05:00+01:00,2022-10-21 09:05:00+01:00,2022-10-21 09:10:00+01:00,11012.75,11017.75,11002.75,11018.0,stop,9,5.0,105.66,-85.5,11.16,9.0,-105.66,-1.174,False,-0.32138459617427917,9,44288.95999999982,"C (partida 0,10 / 2R)"
MNQ,london,2022-10-28,C,0.1,2.0,1,2022-10-28 09:50:00+01:00,2022-10-28 09:50:00+01:00,2022-10-28 10:00:00+01:00,11113.25,11097.0,11145.75,11096.75,stop,3,16.25,102.72,-96.0,3.7199999999999998,3.0,-102.72,-1.0535384615384615,False,0.11783570006635341,9,44183.299999999814,"C (partida 0,10 / 2R)"
MNQ,london,2022-11-02,C,0.1,2.0,-1,2022-11-02 09:20:00+00:00,2022-11-02 09:20:00+00:00,2022-11-02 10:40:00+00:00,11353.75,11363.5,11334.25,11334.25,objetivo,5,9.75,106.19999999999999,197.5,6.2,2.5,188.8,1.9364102564102565,False,-0.23790058383044155,9,44080.57999999981,"C (partida 0,10 / 2R)"
MNQ,london,2022-11-08,C,0.1,2.0,1,2022-11-08 08:50:00+00:00,2022-11-08 08:50:00+00:00,2022-11-08 08:50:00+00:00,10997.0,10988.0,11015.0,10987.75,stop,5,9.0,98.69999999999999,-87.5,6.2,5.0,-98.7,-1.0966666666666667,False,0.6012225167106083,8,44269.379999999815,"C (partida 0,10 / 2R)"
MNQ,london,2022-11-09,C,0.1,2.0,-1,2022-11-09 09:05:00+00:00,2022-11-09 09:05:00+00:00,2022-11-09 09:10:00+00:00,11104.75,11113.0,11088.25,11088.25,objetivo,6,8.25,109.44,201.0,7.4399999999999995,3.0,190.56,1.9248484848484848,False,-0.4004734374250465,9,44170.67999999982,"C (partida 0,10 / 2R)"
MNQ,london,2022-11-10,C,0.1,2.0,1,2022-11-10 08:35:00+00:00,2022-11-10 08:35:00+00:00,2022-11-10 08:55:00+00:00,10873.75,10864.5,10892.25,10864.25,stop,5,9.25,101.19999999999999,-90.0,6.2,5.0,-101.2,-1.094054054054054,False,0.20960980520019937,8,44361.239999999816,"C (partida 0,10 / 2R)"
MNQ,london,2022-11-11,C,0.1,2.0,-1,2022-11-11 09:35:00+00:00,2022-11-11 09:35:00+00:00,2022-11-11 09:45:00+00:00,11716.75,11726.0,11698.25,11726.25,stop,5,9.25,101.19999999999999,-90.0,6.2,5.0,-101.2,-1.094054054054054,False,-0.140403915133343,9,44260.03999999982,"C (partida 0,10 / 2R)"
MNQ,london,2022-11-15,C,0.1,2.0,-1,2022-11-15 08:45:00+00:00,2022-11-15 08:45:00+00:00,2022-11-15 08:45:00+00:00,11833.5,11837.5,11825.5,11837.75,stop,11,4.0,107.14,-82.5,13.64,11.0,-107.14,-1.2175,False,-0.28770389807688135,8,44158.83999999982,"C (partida 0,10 / 2R)"
MNQ,london,2022-11-16,C,0.1,2.0,-1,2022-11-16 09:05:00+00:00,2022-11-16 09:05:00+00:00,2022-11-16 09:20:00+00:00,11918.5,11931.25,11893.0,11931.5,stop,4,12.75,108.96,-100.0,4.96,4.0,-108.96,-1.068235294117647,False,-0.7657819433899744,9,44051.69999999982,"C (partida 0,10 / 2R)"
MNQ,london,2022-11-17,C,0.1,2.0,-1,2022-11-17 08:50:00+00:00,2022-11-17 08:50:00+00:00,2022-11-17 09:00:00+00:00,11785.75,11793.25,11770.75,11770.75,objetivo,6,7.5,100.44,183.0,7.4399999999999995,3.0,172.56,1.9173333333333333,False,-0.6428929107845135,8,43942.73999999982,"C (partida 0,10 / 2R)"
MNQ,london,2022-11-18,C,0.1,2.0,1,2022-11-18 09:00:00+00:00,2022-11-18 09:00:00+00:00,2022-11-18 09:30:00+00:00,11723.5,11702.5,11765.5,11765.5,objetivo,2,21.0,87.48,169.0,2.48,1.0,165.52,1.9704761904761905,False,0.27407707434826595,8,44115.29999999982,"C (partida 0,10 / 2R)"
MNQ,london,2022-11-21,C,0.1,2.0,1,2022-11-21 08:45:00+00:00,2022-11-21 08:45:00+00:00,2022-11-21 08:45:00+00:00,11671.75,11665.25,11684.75,11665.0,stop,7,6.5,103.18,-87.5,8.68,7.0,-103.18,-1.133846153846154,False,0.4371576011591338,8,44280.81999999982,"C (partida 0,10 / 2R)"
MNQ,london,2022-11-22,C,0.1,2.0,1,2022-11-22 09:30:00+00:00,2022-11-22 09:30:00+00:00,2022-11-22 09:35:00+00:00,11588.75,11573.0,11620.25,11620.25,objetivo,3,15.75,99.72,190.5,3.7199999999999998,1.5,185.28,1.9606349206349207,False,0.3425846929165284,9,44177.63999999982,"C (partida 0,10 / 2R)"
MNQ,london,2022-11-24,C,0.1,2.0,1,2022-11-24 08:50:00+00:00,2022-11-24 08:50:00+00:00,2022-11-24 09:10:00+00:00,11899.75,11890.5,11918.25,11918.25,objetivo,5,9.25,101.19999999999999,187.5,6.2,2.5,178.8,1.932972972972973,False,0.7078574072867893,8,44362.919999999816,"C (partida 0,10 / 2R)"
MNQ,london,2022-11-28,C,0.1,2.0,-1,2022-11-28 09:30:00+00:00,2022-11-28 09:30:00+00:00,2022-11-28 09:50:00+00:00,11692.0,11706.75,11662.5,11662.5,objetivo,3,14.75,93.72,178.5,3.7199999999999998,1.5,173.28,1.9579661016949153,False,-0.3360113226941712,9,44541.71999999982,"C (partida 0,10 / 2R)"
MNQ,london,2022-12-05,C,0.1,2.0,1,2022-12-05 08:50:00+00:00,2022-12-05 08:50:00+00:00,2022-12-05 09:05:00+00:00,11981.0,11965.25,12012.5,11965.0,stop,3,15.75,99.72,-93.0,3.7199999999999998,3.0,-99.72,-1.0552380952380953,False,0.36492348960937165,8,44714.99999999982,"C (partida 0,10 / 2R)"
MNQ,london,2022-12-21,C,0.1,2.0,1,2022-12-21 09:00:00+00:00,2022-12-21 09:00:00+00:00,2022-12-21 09:00:00+00:00,11237.5,11234.0,11244.5,11244.5,objetivo,12,3.5,104.88,174.0,14.879999999999999,6.0,153.12,1.822857142857143,False,0.39531044770363916,8,44615.27999999982,"C (partida 0,10 / 2R)"
MNQ,london,2022-12-27,C,0.1,2.0,-1,2022-12-27 09:05:00+00:00,2022-12-27 09:05:00+00:00,2022-12-27 11:00:00+00:00,11139.5,11155.25,11108.0,11137.75,cierre_sesion,3,15.75,99.72,13.5,3.7199999999999998,3.0,6.78,0.07174603174603175,False,-0.7123365454883409,9,44768.39999999982,"C (partida 0,10 / 2R)"
MNQ,london,2022-12-28,C,0.1,2.0,-1,2022-12-28 08:55:00+00:00,2022-12-28 08:55:00+00:00,2022-12-28 08:55:00+00:00,10928.5,10933.0,10919.5,10933.25,stop,10,4.5,107.4,-85.0,12.4,10.0,-107.4,-1.1933333333333334,False,-0.6778481979080754,8,44775.17999999982,"C (partida 0,10 / 2R)"
MNQ,london,2022-12-30,C,0.1,2.0,1,2022-12-30 09:55:00+00:00,2022-12-30 09:55:00+00:00,2022-12-30 11:00:00+00:00,10982.25,10965.25,11016.25,11003.5,cierre_sesion,3,17.0,107.22,130.5,3.7199999999999998,3.0,123.78,1.213529411764706,False,0.11355537977325791,9,44667.77999999982,"C (partida 0,10 / 2R)"
MNQ,london,2023-01-04,C,0.1,2.0,-1,2023-01-04 09:35:00+00:00,2023-01-04 09:35:00+00:00,2023-01-04 09:40:00+00:00,11005.0,11011.0,10993.0,11011.25,stop,8,6.0,109.92,-92.0,9.92,8.0,-109.92,-1.145,False,-0.4221569641521343,9,44791.559999999816,"C (partida 0,10 / 2R)"
MNQ,london,2023-01-05,C,0.1,2.0,1,2023-01-05 09:25:00+00:00,2023-01-05 09:25:00+00:00,2023-01-05 09:30:00+00:00,10980.5,10970.25,11001.0,10970.0,stop,5,10.25,111.19999999999999,-100.0,6.2,5.0,-111.2,-1.0848780487804879,False,0.21233031320188808,9,44681.63999999982,"C (partida 0,10 / 2R)"
MNQ,london,2023-01-09,C,0.1,2.0,1,2023-01-09 09:20:00+00:00,2023-01-09 09:20:00+00:00,2023-01-09 11:00:00+00:00,11160.25,11145.75,11189.25,11161.25,cierre_sesion,3,14.5,92.22,9.0,3.7199999999999998,3.0,2.2800000000000002,0.026206896551724142,False,0.1472061427569124,9,44570.43999999982,"C (partida 0,10 / 2R)"
MNQ,london,2023-01-10,C,0.1,2.0,-1,2023-01-10 09:20:00+00:00,2023-01-10 09:20:00+00:00,2023-01-10 09:25:00+00:00,11163.75,11171.75,11147.75,11172.0,stop,6,8.0,106.44,-93.0,7.4399999999999995,6.0,-106.44,-1.10875,False,-0.20386156202531341,9,44572.71999999982,"C (partida 0,10 / 2R)"
MNQ,london,2023-01-11,C,0.1,2.0,1,2023-01-11 09:05:00+00:00,2023-01-11 09:05:00+00:00,2023-01-11 11:00:00+00:00,11282.0,11260.75,11324.5,11292.25,cierre_sesion,2,21.25,88.48,43.0,2.48,2.0,38.52,0.45317647058823535,False,0.15769781996729282,9,44466.27999999982,"C (partida 0,10 / 2R)"
MNQ,london,2023-01-12,C,0.1,2.0,1,2023-01-12 09:00:00+00:00,2023-01-12 09:00:00+00:00,2023-01-12 09:45:00+00:00,11471.75,11463.75,11487.75,11487.75,objetivo,6,8.0,106.44,195.0,7.4399999999999995,3.0,184.56,1.9225,False,0.20592499119021682,8,44504.799999999814,"C (partida 0,10 / 2R)"
MNQ,london,2023-01-19,C,0.1,2.0,-1,2023-01-19 09:00:00+00:00,2023-01-19 09:00:00+00:00,2023-01-19 09:00:00+00:00,11439.5,11452.25,11414.0,11452.5,stop,4,12.75,108.96,-100.0,4.96,4.0,-108.96,-1.068235294117647,False,-0.5361157417710306,8,44689.35999999981,"C (partida 0,10 / 2R)"
MNQ,london,2023-01-23,C,0.1,2.0,-1,2023-01-23 08:40:00+00:00,2023-01-23 08:40:00+00:00,2023-01-23 08:40:00+00:00,11668.0,11673.25,11657.5,11673.5,stop,9,5.25,110.16,-90.0,11.16,9.0,-110.16,-1.1657142857142857,False,-0.855737975838624,8,44580.39999999981,"C (partida 0,10 / 2R)"
MNQ,london,2023-01-25,C,0.1,2.0,-1,2023-01-25 09:00:00+00:00,2023-01-25 09:00:00+00:00,2023-01-25 09:45:00+00:00,11830.5,11840.0,11811.5,11811.5,objetivo,5,9.5,103.69999999999999,192.5,6.2,2.5,183.8,1.9347368421052633,False,-0.20912389978238693,8,44470.23999999981,"C (partida 0,10 / 2R)"
MNQ,london,2023-01-31,C,0.1,2.0,-1,2023-01-31 08:45:00+00:00,2023-01-31 08:45:00+00:00,2023-01-31 10:10:00+00:00,11926.75,11939.0,11902.25,11902.25,objetivo,4,12.25,104.96,198.0,4.96,2.0,191.04,1.9493877551020407,False,-1.1439230058435501,8,44654.03999999981,"C (partida 0,10 / 2R)"
MNQ,london,2023-02-01,C,0.1,2.0,-1,2023-02-01 09:45:00+00:00,2023-02-01 09:45:00+00:00,2023-02-01 09:45:00+00:00,12117.5,12123.75,12105.0,12124.0,stop,7,6.25,99.68,-84.0,8.68,7.0,-99.68,-1.1392,False,-0.10282903324302105,9,44845.07999999981,"C (partida 0,10 / 2R)"
MNQ,london,2023-02-03,C,0.1,2.0,1,2023-02-03 09:20:00+00:00,2023-02-03 09:20:00+00:00,2023-02-03 09:30:00+00:00,12635.5,12625.0,12656.5,12656.5,objetivo,4,10.5,90.96,170.0,4.96,2.0,163.04,1.9409523809523808,False,0.6323282014154338,9,44745.39999999981,"C (partida 0,10 / 2R)"
MNQ,london,2023-02-07,C,0.1,2.0,1,2023-02-07 09:15:00+00:00,2023-02-07 09:15:00+00:00,2023-02-07 10:55:00+00:00,12562.0,12536.75,12612.5,12536.5,stop,2,25.25,104.48,-100.0,2.48,2.0,-104.48,-1.0344554455445545,False,0.7311269111838228,9,44908.43999999981,"C (partida 0,10 / 2R)"
MNQ,london,2023-02-10,C,0.1,2.0,-1,2023-02-10 09:20:00+00:00,2023-02-10 09:20:00+00:00,2023-02-10 09:20:00+00:00,12397.5,12406.5,12379.5,12406.75,stop,5,9.0,98.69999999999999,-87.5,6.2,5.0,-98.7,-1.0966666666666667,False,-0.41855106379376117,9,44803.95999999981,"C (partida 0,10 / 2R)"
MNQ,london,2023-02-14,C,0.1,2.0,-1,2023-02-14 08:45:00+00:00,2023-02-14 08:45:00+00:00,2023-02-14 08:45:00+00:00,12527.5,12532.0,12518.5,12532.25,stop,10,4.5,107.4,-85.0,12.4,10.0,-107.4,-1.1933333333333334,False,-0.6656480815602103,8,44705.25999999981,"C (partida 0,10 / 2R)"
MNQ,london,2023-02-14,C,0.1,2.0,1,2023-02-14 09:05:00+00:00,2023-02-14 09:05:00+00:00,2023-02-14 11:00:00+00:00,12565.75,12525.5,12646.25,12582.75,cierre_sesion,1,40.25,82.24,35.0,1.24,1.0,32.76,0.4069565217391304,False,0.2024493061828543,9,44597.85999999981,"C (partida 0,10 / 2R)"
MNQ,london,2023-02-17,C,0.1,2.0,1,2023-02-17 09:35:00+00:00,2023-02-17 09:35:00+00:00,2023-02-17 09:50:00+00:00,12400.75,12389.5,12423.25,12389.25,stop,4,11.25,96.96,-88.0,4.96,4.0,-96.96,-1.0773333333333333,False,0.2841227997275568,9,44630.61999999981,"C (partida 0,10 / 2R)"
MNQ,london,2023-02-23,C,0.1,2.0,-1,2023-02-23 09:30:00+00:00,2023-02-23 09:30:00+00:00,2023-02-23 10:15:00+00:00,12179.25,12189.25,12159.25,12189.5,stop,5,10.0,108.69999999999999,-97.5,6.2,5.0,-108.7,-1.087,False,-0.4553317029637861,9,44533.659999999814,"C (partida 0,10 / 2R)"
MNQ,london,2023-02-28,C,0.1,2.0,1,2023-02-28 10:05:00+00:00,2023-02-28 10:05:00+00:00,2023-02-28 10:10:00+00:00,12064.5,12059.0,12075.5,12075.5,objetivo,8,5.5,101.92,180.0,9.92,4.0,166.08,1.8872727272727274,False,0.10386706406101137,10,44424.95999999982,"C (partida 0,10 / 2R)"
MNQ,london,2023-03-01,C,0.1,2.0,-1,2023-03-01 08:50:00+00:00,2023-03-01 08:50:00+00:00,2023-03-01 08:50:00+00:00,12083.75,12093.75,12063.75,12094.0,stop,5,10.0,108.69999999999999,-97.5,6.2,5.0,-108.7,-1.087,False,-0.4025502794989759,8,44591.03999999982,"C (partida 0,10 / 2R)"
MNQ,london,2023-03-02,C,0.1,2.0,1,2023-03-02 08:55:00+00:00,2023-03-02 08:55:00+00:00,2023-03-02 09:15:00+00:00,11889.25,11875.5,11916.75,11875.25,stop,3,13.75,87.72,-81.0,3.7199999999999998,3.0,-87.72,-1.0632727272727274,False,0.7987847500174599,8,44482.33999999982,"C (partida 0,10 / 2R)"
MNQ,london,2023-03-16,C,0.1,2.0,-1,2023-03-16 09:10:00+00:00,2023-03-16 09:10:00+00:00,2023-03-16 09:50:00+00:00,12281.25,12293.75,12256.25,12256.25,objetivo,4,12.5,106.96,202.0,4.96,2.0,195.04,1.9504,False,-0.1393793098212892,9,44394.61999999982,"C (partida 0,10 / 2R)"
MNQ,london,2023-03-21,C,0.1,2.0,-1,2023-03-21 09:00:00+00:00,2023-03-21 09:00:00+00:00,2023-03-21 10:00:00+00:00,12710.75,12722.25,12687.75,12722.5,stop,4,11.5,98.96,-90.0,4.96,4.0,-98.96,-1.0756521739130434,False,-0.15986549969260977,8,44589.65999999982,"C (partida 0,10 / 2R)"
MNQ,london,2023-03-22,C,0.1,2.0,1,2023-03-22 09:40:00+00:00,2023-03-22 09:40:00+00:00,2023-03-22 09:45:00+00:00,12843.5,12838.0,12854.5,12837.75,stop,8,5.5,101.92,-84.0,9.92,8.0,-101.92,-1.1581818181818182,False,0.39342274983212294,9,44490.69999999982,"C (partida 0,10 / 2R)"
MNQ,london,2023-03-27,C,0.1,2.0,1,2023-03-27 09:55:00+01:00,2023-03-27 09:55:00+01:00,2023-03-27 10:10:00+01:00,12907.5,12901.25,12920.0,12901.0,stop,7,6.25,99.68,-84.0,8.68,7.0,-99.68,-1.1392,False,0.19958868936099652,9,44388.779999999824,"C (partida 0,10 / 2R)"
MNQ,london,2023-04-06,C,0.1,2.0,-1,2023-04-06 09:50:00+01:00,2023-04-06 09:50:00+01:00,2023-04-06 10:00:00+01:00,13049.5,13055.75,13037.0,13056.0,stop,7,6.25,99.68,-84.0,8.68,7.0,-99.68,-1.1392,False,-0.2350331266499647,9,44289.099999999824,"C (partida 0,10 / 2R)"
MNQ,london,2023-04-10,C,0.1,2.0,1,2023-04-10 08:55:00+01:00,2023-04-10 08:55:00+01:00,2023-04-10 10:10:00+01:00,13131.25,13124.75,13144.25,13144.25,objetivo,7,6.5,103.18,185.5,8.68,3.5,173.32,1.9046153846153846,False,0.7518219435097983,8,44189.41999999982,"C (partida 0,10 / 2R)"
MNQ,london,2023-04-12,C,0.1,2.0,1,2023-04-12 09:10:00+01:00,2023-04-12 09:10:00+01:00,2023-04-12 10:20:00+01:00,13079.75,13068.25,13102.75,13068.0,stop,4,11.5,98.96,-90.0,4.96,4.0,-98.96,-1.0756521739130434,False,0.5905137175990911,9,44362.73999999982,"C (partida 0,10 / 2R)"
MNQ,london,2023-04-13,C,0.1,2.0,-1,2023-04-13 09:15:00+01:00,2023-04-13 09:15:00+01:00,2023-04-13 10:10:00+01:00,12978.0,12987.0,12960.0,12987.25,stop,5,9.0,98.69999999999999,-87.5,6.2,5.0,-98.7,-1.0966666666666667,False,-0.5501325356232203,9,44263.779999999824,"C (partida 0,10 / 2R)"
MNQ,london,2023-04-14,C,0.1,2.0,-1,2023-04-14 09:20:00+01:00,2023-04-14 09:20:00+01:00,2023-04-14 10:00:00+01:00,13185.75,13191.25,13174.75,13174.75,objetivo,8,5.5,101.92,180.0,9.92,4.0,166.08,1.8872727272727274,False,-0.1952964761298325,9,44165.07999999983,"C (partida 0,10 / 2R)"
MNQ,london,2023-04-17,C,0.1,2.0,-1,2023-04-17 09:35:00+01:00,2023-04-17 09:35:00+01:00,2023-04-17 10:15:00+01:00,13190.25,13198.5,13173.75,13173.75,objetivo,6,8.25,109.44,201.0,7.4399999999999995,3.0,190.56,1.9248484848484848,False,-0.21767153878215661,9,44331.15999999983,"C (partida 0,10 / 2R)"
MNQ,london,2023-04-21,C,0.1,2.0,1,2023-04-21 09:20:00+01:00,2023-04-21 09:20:00+01:00,2023-04-21 09:30:00+01:00,13080.0,13067.75,13104.5,13067.5,stop,4,12.25,104.96,-96.0,4.96,4.0,-104.96,-1.0710204081632653,False,0.5285932973267168,9,44521.71999999983,"C (partida 0,10 / 2R)"
MNQ,london,2023-04-21,C,0.1,2.0,1,2023-04-21 09:45:00+01:00,2023-04-21 09:45:00+01:00,2023-04-21 11:00:00+01:00,13074.5,13060.0,13103.5,13068.5,cierre_sesion,3,14.5,92.22,-33.0,3.7199999999999998,3.0,-39.72,-0.45655172413793105,False,0.17888633902249523,9,44416.75999999983,"C (partida 0,10 / 2R)"
MNQ,london,2023-04-24,C,0.1,2.0,1,2023-04-24 08:35:00+01:00,2023-04-24 08:35:00+01:00,2023-04-24 08:50:00+01:00,13041.0,13037.25,13048.5,13037.0,stop,12,3.75,110.88,-84.0,14.879999999999999,12.0,-110.88,-1.232,False,0.24727795618596518,8,44377.039999999826,"C (partida 0,10 / 2R)"
MNQ,london,2023-04-27,C,0.1,2.0,-1,2023-04-27 09:30:00+01:00,2023-04-27 09:30:00+01:00,2023-04-27 09:35:00+01:00,12991.0,12994.75,12983.5,12995.0,stop,11,3.75,101.64,-77.0,13.64,11.0,-101.64,-1.232,False,-0.454829179130086,9,44266.15999999983,"C (partida 0,10 / 2R)"
MNQ,london,2023-05-03,C,0.1,2.0,-1,2023-05-03 09:15:00+01:00,2023-05-03 09:15:00+01:00,2023-05-03 09:35:00+01:00,13186.5,13197.75,13164.0,13198.0,stop,4,11.25,96.96,-88.0,4.96,4.0,-96.96,-1.0773333333333333,False,-0.31400360220828955,9,44164.51999999983,"C (partida 0,10 / 2R)"
MNQ,london,2023-05-04,C,0.1,2.0,1,2023-05-04 08:55:00+01:00,2023-05-04 08:55:00+01:00,2023-05-04 08:55:00+01:00,13149.0,13144.0,13159.0,13143.75,stop,9,5.0,105.66,-85.5,11.16,9.0,-105.66,-1.174,False,0.8813887674631455,8,44067.55999999983,"C (partida 0,10 / 2R)"
MNQ,london,2023-05-05,C,0.1,2.0,1,2023-05-05 09:55:00+01:00,2023-05-05 09:55:00+01:00,2023-05-05 11:00:00+01:00,13109.75,13099.5,13130.25,13123.0,cierre_sesion,4,10.25,88.96,110.0,4.96,4.0,101.04,1.2321951219512195,False,0.17801500213686325,9,43961.89999999983,"C (partida 0,10 / 2R)"
MNQ,london,2023-05-08,C,0.1,2.0,-1,2023-05-08 09:05:00+01:00,2023-05-08 09:05:00+01:00,2023-05-08 11:00:00+01:00,13308.75,13322.0,13282.25,13315.0,cierre_sesion,3,13.25,84.72,-34.5,3.7199999999999998,3.0,-41.22,-0.5184905660377358,False,-0.5180180008580537,9,44062.93999999983,"C (partida 0,10 / 2R)"
MNQ,london,2023-05-10,C,0.1,2.0,-1,2023-05-10 08:35:00+01:00,2023-05-10 08:35:00+01:00,2023-05-10 08:35:00+01:00,13268.5,13272.5,13260.5,13260.5,objetivo,11,4.0,107.14,181.5,13.64,5.5,162.36,1.8450000000000002,False,-0.8209609406763584,8,44021.71999999983,"C (partida 0,10 / 2R)"
MNQ,london,2023-05-11,C,0.1,2.0,1,2023-05-11 08:35:00+01:00,2023-05-11 08:35:00+01:00,2023-05-11 09:00:00+01:00,13442.25,13433.0,13460.75,13432.75,stop,5,9.25,101.19999999999999,-90.0,6.2,5.0,-101.2,-1.094054054054054,False,0.11352212137789361,8,44184.07999999983,"C (partida 0,10 / 2R)"
MNQ,london,2023-05-17,C,0.1,2.0,1,2023-05-17 09:25:00+01:00,2023-05-17 09:25:00+01:00,2023-05-17 09:45:00+01:00,13510.0,13503.5,13523.0,13503.25,stop,7,6.5,103.18,-87.5,8.68,7.0,-103.18,-1.133846153846154,False,0.37958990467245757,9,44082.87999999983,"C (partida 0,10 / 2R)"
MNQ,london,2023-05-19,C,0.1,2.0,1,2023-05-19 09:35:00+01:00,2023-05-19 09:35:00+01:00,2023-05-19 10:25:00+01:00,13923.5,13911.25,13948.0,13911.0,stop,4,12.25,104.96,-96.0,4.96,4.0,-104.96,-1.0710204081632653,False,0.3123074472342311,9,43979.69999999983,"C (partida 0,10 / 2R)"
MNQ,london,2023-05-24,C,0.1,2.0,1,2023-05-24 10:00:00+01:00,2023-05-24 10:00:00+01:00,2023-05-24 10:00:00+01:00,13721.0,13715.75,13731.5,13715.5,stop,8,5.25,97.92,-80.0,9.92,8.0,-97.92,-1.1657142857142857,False,0.10124158428827737,9,43874.73999999983,"C (partida 0,10 / 2R)"
MNQ,london,2023-05-25,C,0.1,2.0,-1,2023-05-25 08:45:00+01:00,2023-05-25 08:45:00+01:00,2023-05-25 09:00:00+01:00,13828.5,13846.25,13793.0,13846.5,stop,2,17.75,74.48,-70.0,2.48,2.0,-74.48,-1.0490140845070424,False,-0.7924135573516304,8,43776.81999999983,"C (partida 0,10 / 2R)"
MNQ,london,2023-05-26,C,0.1,2.0,-1,2023-05-26 08:40:00+01:00,2023-05-26 08:40:00+01:00,2023-05-26 09:00:00+01:00,13952.25,13965.5,13925.75,13965.75,stop,3,13.25,84.72,-78.0,3.7199999999999998,3.0,-84.72,-1.0656603773584905,False,-0.49277042130218623,8,43702.33999999983,"C (partida 0,10 / 2R)"
MNQ,london,2023-05-29,C,0.1,2.0,-1,2023-05-29 08:45:00+01:00,2023-05-29 08:45:00+01:00,2023-05-29 08:45:00+01:00,14406.5,14410.5,14398.5,14410.75,stop,11,4.0,107.14,-82.5,13.64,11.0,-107.14,-1.2175,False,-0.3267888835925652,8,43617.61999999983,"C (partida 0,10 / 2R)"
MNQ,london,2023-06-02,C,0.1,2.0,1,2023-06-02 09:20:00+01:00,2023-06-02 09:20:00+01:00,2023-06-02 09:20:00+01:00,14511.0,14505.25,14522.5,14505.0,stop,8,5.75,105.92,-88.0,9.92,8.0,-105.92,-1.151304347826087,False,0.1427267612243105,9,43510.47999999983,"C (partida 0,10 / 2R)"
MNQ,london,2023-06-08,C,0.1,2.0,1,2023-06-08 08:35:00+01:00,2023-06-08 08:35:00+01:00,2023-06-08 10:35:00+01:00,14298.25,14279.25,14336.25,14336.25,objetivo,2,19.0,79.48,153.0,2.48,1.0,149.52,1.9673684210526317,False,0.900308357800554,8,43404.55999999983,"C (partida 0,10 / 2R)"
MNQ,london,2023-06-09,C,0.1,2.0,1,2023-06-09 09:40:00+01:00,2023-06-09 09:40:00+01:00,2023-06-09 09:50:00+01:00,14493.0,14488.75,14501.5,14501.5,objetivo,10,4.25,102.4,175.0,12.4,5.0,157.6,1.8541176470588234,False,0.19493300207522624,9,43554.07999999983,"C (partida 0,10 / 2R)"
MNQ,london,2023-06-15,C,0.1,2.0,1,2023-06-15 08:55:00+01:00,2023-06-15 08:55:00+01:00,2023-06-15 09:00:00+01:00,15005.25,14998.25,15019.25,14998.0,stop,6,7.0,94.44,-81.0,7.4399999999999995,6.0,-94.44,-1.1242857142857143,False,0.687719812935847,8,43711.679999999826,"C (partida 0,10 / 2R)"
MNQ,london,2023-06-16,C,0.1,2.0,1,2023-06-16 09:05:00+01:00,2023-06-16 09:05:00+01:00,2023-06-16 09:25:00+01:00,15183.25,15175.75,15198.25,15198.25,objetivo,6,7.5,100.44,183.0,7.4399999999999995,3.0,172.56,1.9173333333333333,False,0.42613991966336784,9,43617.23999999982,"C (partida 0,10 / 2R)"
MNQ,london,2023-06-20,C,0.1,2.0,1,2023-06-20 08:35:00+01:00,2023-06-20 08:35:00+01:00,2023-06-20 09:05:00+01:00,15242.0,15229.5,15267.0,15229.25,stop,4,12.5,106.96,-98.0,4.96,4.0,-106.96,-1.0695999999999999,False,0.4150754118017666,8,43789.79999999982,"C (partida 0,10 / 2R)"
MNQ,london,2023-06-21,C,0.1,2.0,1,2023-06-21 09:20:00+01:00,2023-06-21 09:20:00+01:00,2023-06-21 09:30:00+01:00,15243.0,15236.75,15255.5,15255.5,objetivo,7,6.25,99.68,178.5,8.68,3.5,166.32,1.9007999999999998,False,0.20025150650892012,9,43682.83999999982,"C (partida 0,10 / 2R)"
MNQ,london,2023-06-22,C,0.1,2.0,1,2023-06-22 08:35:00+01:00,2023-06-22 08:35:00+01:00,2023-06-22 08:35:00+01:00,15001.0,14996.25,15010.5,14996.0,stop,9,4.75,101.16,-81.0,11.16,9.0,-101.16,-1.183157894736842,False,0.7836986578243551,8,43849.15999999982,"C (partida 0,10 / 2R)"
MNQ,london,2023-06-23,C,0.1,2.0,-1,2023-06-23 08:45:00+01:00,2023-06-23 08:45:00+01:00,2023-06-23 08:45:00+01:00,15132.75,15140.25,15117.75,15117.75,objetivo,6,7.5,100.44,183.0,7.4399999999999995,3.0,172.56,1.9173333333333333,False,-0.23974492010479292,8,43747.99999999982,"C (partida 0,10 / 2R)"
MNQ,london,2023-06-29,C,0.1,2.0,1,2023-06-29 09:10:00+01:00,2023-06-29 09:10:00+01:00,2023-06-29 09:10:00+01:00,15148.0,15144.25,15155.5,15155.5,objetivo,11,3.75,101.64,170.5,13.64,5.5,151.36,1.834666666666667,False,0.30949868379783213,9,43920.559999999816,"C (partida 0,10 / 2R)"
MNQ,london,2023-07-04,C,0.1,2.0,-1,2023-07-04 09:50:00+01:00,2023-07-04 09:50:00+01:00,2023-07-04 09:55:00+01:00,15344.0,15347.75,15336.5,15348.0,stop,11,3.75,101.64,-77.0,13.64,11.0,-101.64,-1.232,False,-0.1330027061222805,9,44071.919999999816,"C (partida 0,10 / 2R)"
MNQ,london,2023-07-06,C,0.1,2.0,1,2023-07-06 09:15:00+01:00,2023-07-06 09:15:00+01:00,2023-07-06 09:15:00+01:00,15291.75,15286.75,15301.75,15286.5,stop,9,5.0,105.66,-85.5,11.16,9.0,-105.66,-1.174,False,0.21593955786109817,9,43970.27999999982,"C (partida 0,10 / 2R)"
MNQ,london,2023-07-07,C,0.1,2.0,1,2023-07-07 09:50:00+01:00,2023-07-07 09:50:00+01:00,2023-07-07 11:00:00+01:00,15212.0,15201.75,15232.5,15214.75,cierre_sesion,4,10.25,88.96,26.0,4.96,4.0,17.04,0.20780487804878048,False,0.2127560718324261,9,43864.61999999981,"C (partida 0,10 / 2R)"
MNQ,london,2023-07-11,C,0.1,2.0,-1,2023-07-11 08:50:00+01:00,2023-07-11 08:50:00+01:00,2023-07-11 08:55:00+01:00,15211.0,15215.25,15202.5,15202.5,objetivo,10,4.25,102.4,175.0,12.4,5.0,157.6,1.8541176470588234,False,-0.4927263838799955,8,43881.659999999814,"C (partida 0,10 / 2R)"
MNQ,london,2023-07-12,C,0.1,2.0,1,2023-07-12 08:35:00+01:00,2023-07-12 08:35:00+01:00,2023-07-12 10:25:00+01:00,15288.5,15281.0,15303.5,15303.5,objetivo,6,7.5,100.44,183.0,7.4399999999999995,3.0,172.56,1.9173333333333333,False,0.10723392441394074,8,44039.25999999981,"C (partida 0,10 / 2R)"
MNQ,london,2023-07-19,C,0.1,2.0,-1,2023-07-19 08:55:00+01:00,2023-07-19 08:55:00+01:00,2023-07-19 08:55:00+01:00,15972.75,15976.5,15965.25,15976.75,stop,11,3.75,101.64,-77.0,13.64,11.0,-101.64,-1.232,False,-0.5504841066254555,8,44211.81999999981,"C (partida 0,10 / 2R)"
MNQ,london,2023-07-26,C,0.1,2.0,-1,2023-07-26 09:25:00+01:00,2023-07-26 09:25:00+01:00,2023-07-26 09:50:00+01:00,15657.75,15664.5,15644.25,15644.25,objetivo,7,6.75,106.68,192.5,8.68,3.5,180.32,1.9081481481481481,False,-0.3618075519553674,9,44110.17999999981,"C (partida 0,10 / 2R)"
MNQ,london,2023-08-03,C,0.1,2.0,1,2023-08-03 10:10:00+01:00,2023-08-03 10:10:00+01:00,2023-08-03 11:00:00+01:00,15420.75,15400.25,15461.75,15417.0,cierre_sesion,2,20.5,85.48,-13.0,2.48,2.0,-17.48,-0.21317073170731707,False,0.14713960425831588,10,44290.49999999981,"C (partida 0,10 / 2R)"
MNQ,london,2023-08-04,C,0.1,2.0,1,2023-08-04 09:10:00+01:00,2023-08-04 09:10:00+01:00,2023-08-04 09:20:00+01:00,15547.0,15540.0,15561.0,15539.75,stop,7,7.0,110.18,-94.5,8.68,7.0,-110.18,-1.1242857142857143,False,0.9031053242609832,9,44273.01999999981,"C (partida 0,10 / 2R)"
MNQ,london,2023-08-07,C,0.1,2.0,-1,2023-08-07 09:35:00+01:00,2023-08-07 09:35:00+01:00,2023-08-07 10:35:00+01:00,15423.5,15439.5,15391.5,15439.75,stop,3,16.0,101.22,-94.5,3.7199999999999998,3.0,-101.22,-1.054375,False,-0.23542917827351784,9,44162.83999999981,"C (partida 0,10 / 2R)"
MNQ,london,2023-08-08,C,0.1,2.0,1,2023-08-08 08:50:00+01:00,2023-08-08 08:50:00+01:00,2023-08-08 09:10:00+01:00,15429.5,15419.25,15450.0,15419.0,stop,4,10.25,88.96,-80.0,4.96,4.0,-88.96,-1.0848780487804877,False,0.15059625388350417,8,44061.619999999806,"C (partida 0,10 / 2R)"
MNQ,london,2023-08-11,C,0.1,2.0,-1,2023-08-11 09:05:00+01:00,2023-08-11 09:05:00+01:00,2023-08-11 09:15:00+01:00,15207.75,15217.5,15188.25,15188.25,objetivo,5,9.75,106.19999999999999,197.5,6.2,2.5,188.8,1.9364102564102565,False,-0.42160006352459545,9,43972.65999999981,"C (partida 0,10 / 2R)"
MNQ,london,2023-08-16,C,0.1,2.0,-1,2023-08-16 10:25:00+01:00,2023-08-16 10:25:00+01:00,2023-08-16 11:00:00+01:00,15120.25,15131.75,15097.25,15118.75,cierre_sesion,4,11.5,98.96,16.0,4.96,4.0,7.04,0.07652173913043478,False,-0.11911508382743846,10,44161.45999999981,"C (partida 0,10 / 2R)"
MNQ,london,2023-08-24,C,0.1,2.0,-1,2023-08-24 08:40:00+01:00,2023-08-24 08:40:00+01:00,2023-08-24 08:40:00+01:00,15380.5,15388.5,15364.5,15388.75,stop,6,8.0,106.44,-93.0,7.4399999999999995,6.0,-106.44,-1.10875,False,-1.0058347572894621,8,44168.49999999981,"C (partida 0,10 / 2R)"
MNQ,london,2023-08-31,C,0.1,2.0,1,2023-08-31 08:35:00+01:00,2023-08-31 08:35:00+01:00,2023-08-31 09:00:00+01:00,15510.25,15502.5,15525.75,15502.25,stop,6,7.75,103.44,-90.0,7.4399999999999995,6.0,-103.44,-1.112258064516129,False,0.2160780944436337,8,44062.05999999981,"C (partida 0,10 / 2R)"
MNQ,london,2023-08-31,C,0.1,2.0,-1,2023-08-31 10:05:00+01:00,2023-08-31 10:05:00+01:00,2023-08-31 11:00:00+01:00,15489.75,15509.75,15449.75,15466.75,cierre_sesion,2,20.0,83.48,94.0,2.48,2.0,89.52,1.119,False,-0.10406478569242952,10,43958.619999999806,"C (partida 0,10 / 2R)"
MNQ,london,2023-09-01,C,0.1,2.0,1,2023-09-01 08:35:00+01:00,2023-09-01 08:35:00+01:00,2023-09-01 11:00:00+01:00,15550.25,15537.0,15576.75,15557.5,cierre_sesion,3,13.25,84.72,46.5,3.7199999999999998,3.0,39.78,0.5003773584905661,False,0.9179978400307511,8,44048.1399999998,"C (partida 0,10 / 2R)"
MNQ,london,2023-09-08,C,0.1,2.0,-1,2023-09-08 08:35:00+01:00,2023-09-08 08:35:00+01:00,2023-09-08 08:40:00+01:00,15296.25,15308.0,15272.75,15308.25,stop,4,11.75,100.96,-92.0,4.96,4.0,-100.96,-1.0740425531914892,False,-0.47796472075554564,8,44087.9199999998,"C (partida 0,10 / 2R)"
MNQ,london,2023-09-11,C,0.1,2.0,-1,2023-09-11 09:55:00+01:00,2023-09-11 09:55:00+01:00,2023-09-11 10:00:00+01:00,15366.5,15374.75,15350.0,15375.0,stop,6,8.25,109.44,-96.0,7.4399999999999995,6.0,-109.44,-1.1054545454545455,False,-0.10771826290649536,9,43986.9599999998,"C (partida 0,10 / 2R)"
MNQ,london,2023-09-13,C,0.1,2.0,-1,2023-09-13 09:40:00+01:00,2023-09-13 09:40:00+01:00,2023-09-13 11:00:00+01:00,15293.75,15306.25,15268.75,15294.75,cierre_sesion,4,12.5,106.96,-4.0,4.96,4.0,-12.96,-0.12960000000000002,False,-0.12870599692846335,9,43877.5199999998,"C (partida 0,10 / 2R)"
MNQ,london,2023-09-21,C,0.1,2.0,-1,2023-09-21 08:35:00+01:00,2023-09-21 08:35:00+01:00,2023-09-21 08:45:00+01:00,15085.5,15098.5,15059.5,15098.75,stop,3,13.0,83.22,-76.5,3.7199999999999998,3.0,-83.22,-1.0669230769230769,False,-1.4517551249438712,8,43864.5599999998,"C (partida 0,10 / 2R)"
MNQ,london,2023-09-21,C,0.1,2.0,1,2023-09-21 09:10:00+01:00,2023-09-21 09:10:00+01:00,2023-09-21 09:10:00+01:00,15101.25,15096.25,15111.25,15096.0,stop,9,5.0,105.66,-85.5,11.16,9.0,-105.66,-1.174,False,0.1466259725487523,9,43781.3399999998,"C (partida 0,10 / 2R)"
MNQ,london,2023-09-25,C,0.1,2.0,-1,2023-09-25 09:15:00+01:00,2023-09-25 09:15:00+01:00,2023-09-25 09:25:00+01:00,14910.25,14924.75,14881.25,14881.25,objetivo,3,14.5,92.22,175.5,3.7199999999999998,1.5,170.28,1.957241379310345,False,-0.34529788401061867,9,43675.6799999998,"C (partida 0,10 / 2R)"
MNQ,london,2023-09-26,C,0.1,2.0,1,2023-09-26 09:00:00+01:00,2023-09-26 09:00:00+01:00,2023-09-26 09:15:00+01:00,14850.25,14839.75,14871.25,14871.25,objetivo,4,10.5,90.96,170.0,4.96,2.0,163.04,1.9409523809523808,False,1.0246818811522267,8,43845.959999999795,"C (partida 0,10 / 2R)"
MNQ,london,2023-10-02,C,0.1,2.0,-1,2023-10-02 09:55:00+01:00,2023-10-02 09:55:00+01:00,2023-10-02 10:05:00+01:00,14971.0,14985.0,14943.0,14943.0,objetivo,3,14.0,89.22,169.5,3.7199999999999998,1.5,164.28,1.9557142857142857,False,-0.16025017170913472,9,44008.999999999796,"C (partida 0,10 / 2R)"
MNQ,london,2023-10-04,C,0.1,2.0,1,2023-10-04 08:50:00+01:00,2023-10-04 08:50:00+01:00,2023-10-04 08:50:00+01:00,14646.25,14642.5,14653.75,14642.25,stop,11,3.75,101.64,-77.0,13.64,11.0,-101.64,-1.232,False,0.31360191439699414,8,44173.279999999795,"C (partida 0,10 / 2R)"
MNQ,london,2023-10-10,C,0.1,2.0,-1,2023-10-10 09:10:00+01:00,2023-10-10 09:10:00+01:00,2023-10-10 09:10:00+01:00,15196.25,15206.25,15176.25,15206.5,stop,5,10.0,108.69999999999999,-97.5,6.2,5.0,-108.7,-1.087,False,-0.13211473057786208,9,44071.639999999796,"C (partida 0,10 / 2R)"
MNQ,london,2023-10-11,C,0.1,2.0,-1,2023-10-11 09:20:00+01:00,2023-10-11 09:20:00+01:00,2023-10-11 09:20:00+01:00,15288.75,15293.0,15280.25,15293.25,stop,10,4.25,102.4,-80.0,12.4,10.0,-102.4,-1.2047058823529413,False,-0.29039997858570227,9,43962.9399999998,"C (partida 0,10 / 2R)"
MNQ,london,2023-10-17,C,0.1,2.0,-1,2023-10-17 09:40:00+01:00,2023-10-17 09:40:00+01:00,2023-10-17 10:15:00+01:00,15252.25,15275.0,15206.75,15275.25,stop,2,22.75,94.48,-90.0,2.48,2.0,-94.48,-1.0382417582417582,False,-0.35332776263275406,9,43860.5399999998,"C (partida 0,10 / 2R)"
MNQ,london,2023-10-19,C,0.1,2.0,-1,2023-10-19 08:50:00+01:00,2023-10-19 08:50:00+01:00,2023-10-19 09:25:00+01:00,14957.25,14993.75,14884.25,14994.0,stop,1,36.5,74.74,-72.5,1.24,1.0,-74.74,-1.0238356164383562,False,-0.9192765428992768,8,43766.059999999794,"C (partida 0,10 / 2R)"
MNQ,london,2023-10-20,C,0.1,2.0,1,2023-10-20 08:55:00+01:00,2023-10-20 08:55:00+01:00,2023-10-20 09:00:00+01:00,14838.25,14828.5,14857.75,14828.25,stop,5,9.75,106.19999999999999,-95.0,6.2,5.0,-106.2,-1.0892307692307692,False,0.34289193179933986,8,43691.319999999796,"C (partida 0,10 / 2R)"
MNQ,london,2023-10-24,C,0.1,2.0,-1,2023-10-24 09:00:00+01:00,2023-10-24 09:00:00+01:00,2023-10-24 09:00:00+01:00,14785.5,14790.75,14775.0,14791.0,stop,8,5.25,97.92,-80.0,9.92,8.0,-97.92,-1.1657142857142857,False,-0.8977391138917178,8,43585.1199999998,"C (partida 0,10 / 2R)"
MNQ,london,2023-10-25,C,0.1,2.0,1,2023-10-25 09:30:00+01:00,2023-10-25 09:30:00+01:00,2023-10-25 09:40:00+01:00,14764.25,14756.5,14779.75,14756.25,stop,6,7.75,103.44,-90.0,7.4399999999999995,6.0,-103.44,-1.112258064516129,False,0.4669378738062336,9,43487.1999999998,"C (partida 0,10 / 2R)"
MNQ,london,2023-10-26,C,0.1,2.0,1,2023-10-26 09:10:00+01:00,2023-10-26 09:10:00+01:00,2023-10-26 10:15:00+01:00,14331.5,14316.25,14362.0,14316.0,stop,3,15.25,96.71999999999998,-90.0,3.7199999999999998,3.0,-96.72,-1.0570491803278688,False,0.8095708443737468,9,43383.7599999998,"C (partida 0,10 / 2R)"
MNQ,london,2023-10-30,C,0.1,2.0,-1,2023-10-30 08:50:00+00:00,2023-10-30 08:50:00+00:00,2023-10-30 08:50:00+00:00,14354.25,14359.25,14344.25,14359.5,stop,9,5.0,105.66,-85.5,11.16,9.0,-105.66,-1.174,False,-0.6754003183130585,8,43287.0399999998,"C (partida 0,10 / 2R)"
MNQ,london,2023-11-07,C,0.1,2.0,-1,2023-11-07 09:40:00+00:00,2023-11-07 09:40:00+00:00,2023-11-07 09:45:00+00:00,15203.0,15207.5,15194.0,15194.0,objetivo,10,4.5,107.4,185.0,12.4,5.0,167.6,1.8622222222222222,False,-0.20517524178401375,9,43181.379999999794,"C (partida 0,10 / 2R)"
MNQ,london,2023-11-09,C,0.1,2.0,1,2023-11-09 08:45:00+00:00,2023-11-09 08:45:00+00:00,2023-11-09 08:50:00+00:00,15394.75,15386.5,15411.25,15386.25,stop,5,8.25,91.19999999999999,-80.0,6.2,5.0,-91.2,-1.1054545454545455,False,0.20333530791501658,8,43348.97999999979,"C (partida 0,10 / 2R)"
MNQ,london,2023-11-15,C,0.1,2.0,-1,2023-11-15 09:50:00+00:00,2023-11-15 09:50:00+00:00,2023-11-15 09:55:00+00:00,15927.0,15932.0,15917.0,15932.25,stop,9,5.0,105.66,-85.5,11.16,9.0,-105.66,-1.174,False,-0.15067300983803986,9,43257.779999999795,"C (partida 0,10 / 2R)"
MNQ,london,2023-11-27,C,0.1,2.0,-1,2023-11-27 09:55:00+00:00,2023-11-27 09:55:00+00:00,2023-11-27 10:05:00+00:00,15980.75,15985.75,15970.75,15986.0,stop,9,5.0,105.66,-85.5,11.16,9.0,-105.66,-1.174,False,-0.18224870655877784,9,43152.11999999979,"C (partida 0,10 / 2R)"
MNQ,london,2023-11-28,C,0.1,2.0,1,2023-11-28 09:30:00+00:00,2023-11-28 09:30:00+00:00,2023-11-28 11:00:00+00:00,15983.5,15970.75,16009.0,16004.25,cierre_sesion,3,12.75,81.72,127.5,3.7199999999999998,3.0,120.78,1.5788235294117647,False,0.2890218271694865,9,43046.45999999979,"C (partida 0,10 / 2R)"
MNQ,london,2023-11-29,C,0.1,2.0,1,2023-11-29 08:40:00+00:00,2023-11-29 08:40:00+00:00,2023-11-29 11:00:00+00:00,16086.25,16061.0,16136.75,16118.5,cierre_sesion,2,25.25,104.48,131.0,2.48,2.0,126.52,1.2526732673267327,False,0.3820056921498997,8,43167.23999999979,"C (partida 0,10 / 2R)"
MNQ,london,2023-12-04,C,0.1,2.0,1,2023-12-04 08:35:00+00:00,2023-12-04 08:35:00+00:00,2023-12-04 09:05:00+00:00,15983.75,15973.0,16005.25,15972.75,stop,4,10.75,92.96,-84.0,4.96,4.0,-92.96,-1.0809302325581394,False,1.6143253032450917,8,43293.759999999784,"C (partida 0,10 / 2R)"
MNQ,london,2023-12-04,C,0.1,2.0,-1,2023-12-04 09:40:00+00:00,2023-12-04 09:40:00+00:00,2023-12-04 09:45:00+00:00,15962.75,15970.5,15947.25,15970.75,stop,6,7.75,103.44,-90.0,7.4399999999999995,6.0,-103.44,-1.112258064516129,False,-0.20963216856229547,9,43200.799999999785,"C (partida 0,10 / 2R)"
MNQ,london,2023-12-06,C,0.1,2.0,-1,2023-12-06 08:45:00+00:00,2023-12-06 08:45:00+00:00,2023-12-06 08:45:00+00:00,15959.75,15965.75,15947.75,15966.0,stop,7,6.0,96.18,-80.5,8.68,7.0,-96.18,-1.145,False,-0.24845228683256826,8,43097.35999999978,"C (partida 0,10 / 2R)"
MNQ,london,2023-12-08,C,0.1,2.0,1,2023-12-08 08:45:00+00:00,2023-12-08 08:45:00+00:00,2023-12-08 08:50:00+00:00,16009.25,16004.75,16018.25,16004.5,stop,10,4.5,107.4,-85.0,12.4,10.0,-107.4,-1.1933333333333334,False,0.893369717441573,8,43001.17999999978,"C (partida 0,10 / 2R)"
MNQ,london,2023-12-12,C,0.1,2.0,-1,2023-12-12 09:10:00+00:00,2023-12-12 09:10:00+00:00,2023-12-12 09:45:00+00:00,16259.0,16267.25,16242.5,16267.5,stop,5,8.25,91.19999999999999,-80.0,6.2,5.0,-91.2,-1.1054545454545455,False,-0.2253262436626412,9,42893.77999999978,"C (partida 0,10 / 2R)"
MNQ,london,2023-12-13,C,0.1,2.0,-1,2023-12-13 08:40:00+00:00,2023-12-13 08:40:00+00:00,2023-12-13 08:55:00+00:00,16387.5,16396.25,16370.0,16396.5,stop,5,8.75,96.19999999999999,-85.0,6.2,5.0,-96.2,-1.0994285714285714,False,-1.1009709934306464,8,42802.57999999978,"C (partida 0,10 / 2R)"
MNQ,london,2023-12-27,C,0.1,2.0,1,2023-12-27 08:45:00+00:00,2023-12-27 08:45:00+00:00,2023-12-27 08:50:00+00:00,17093.0,17088.25,17102.5,17088.0,stop,9,4.75,101.16,-81.0,11.16,9.0,-101.16,-1.183157894736842,False,1.239316147155325,8,42706.37999999979,"C (partida 0,10 / 2R)"
MNQ,london,2023-12-28,C,0.1,2.0,-1,2023-12-28 09:00:00+00:00,2023-12-28 09:00:00+00:00,2023-12-28 09:35:00+00:00,17148.5,17156.0,17133.5,17156.25,stop,6,7.5,100.44,-87.0,7.4399999999999995,6.0,-100.44,-1.1159999999999999,False,-0.31425395949018187,8,42605.21999999978,"C (partida 0,10 / 2R)"
MNQ,london,2023-12-29,C,0.1,2.0,-1,2023-12-29 09:45:00+00:00,2023-12-29 09:45:00+00:00,2023-12-29 11:00:00+00:00,17111.75,17117.5,17100.25,17111.75,cierre_sesion,8,5.75,105.92,8.0,9.92,8.0,-9.92,-0.10782608695652174,False,-0.14909983835791443,9,42504.77999999978,"C (partida 0,10 / 2R)"
MNQ,london,2024-01-02,C,0.1,2.0,-1,2024-01-02 09:15:00+00:00,2024-01-02 09:15:00+00:00,2024-01-02 10:10:00+00:00,17003.5,17012.25,16986.0,16986.0,objetivo,5,8.75,96.19999999999999,177.5,6.2,2.5,168.8,1.9291428571428573,False,-0.9220448780581094,9,42494.85999999978,"C (partida 0,10 / 2R)"
MNQ,london,2024-01-03,C,0.1,2.0,-1,2024-01-03 08:45:00+00:00,2024-01-03 08:45:00+00:00,2024-01-03 09:05:00+00:00,16695.25,16709.0,16667.75,16667.75,objetivo,3,13.75,87.72,166.5,3.7199999999999998,1.5,161.28,1.954909090909091,False,-0.5122960088230037,8,42663.659999999785,"C (partida 0,10 / 2R)"
MNQ,london,2024-01-04,C,0.1,2.0,-1,2024-01-04 08:50:00+00:00,2024-01-04 08:50:00+00:00,2024-01-04 08:55:00+00:00,16562.0,16566.5,16553.0,16553.0,objetivo,9,4.5,96.66,166.5,11.16,4.5,150.84,1.8622222222222222,False,-0.4761219095652774,8,42824.939999999784,"C (partida 0,10 / 2R)"
MNQ,london,2024-01-16,C,0.1,2.0,1,2024-01-16 09:55:00+00:00,2024-01-16 09:55:00+00:00,2024-01-16 10:10:00+00:00,16858.75,16844.0,16888.25,16843.75,stop,3,14.75,93.72,-87.0,3.7199999999999998,3.0,-93.72,-1.0589830508474576,False,0.16043634118295863,9,42975.77999999978,"C (partida 0,10 / 2R)"
MNQ,london,2024-01-17,C,0.1,2.0,1,2024-01-17 08:35:00+00:00,2024-01-17 08:35:00+00:00,2024-01-17 08:45:00+00:00,16855.5,16846.5,16873.5,16846.25,stop,5,9.0,98.69999999999999,-87.5,6.2,5.0,-98.7,-1.0966666666666667,False,0.2978210060500095,8,42882.05999999978,"C (partida 0,10 / 2R)"
MNQ,london,2024-01-23,C,0.1,2.0,1,2024-01-23 09:45:00+00:00,2024-01-23 09:45:00+00:00,2024-01-23 10:00:00+00:00,17467.0,17456.0,17489.0,17455.75,stop,4,11.0,94.96,-86.0,4.96,4.0,-94.96,-1.079090909090909,False,0.2777637944729753,9,42783.35999999978,"C (partida 0,10 / 2R)"
MNQ,london,2024-01-25,C,0.1,2.0,1,2024-01-25 08:40:00+00:00,2024-01-25 08:40:00+00:00,2024-01-25 09:05:00+00:00,17637.0,17625.0,17661.0,17624.75,stop,4,12.0,102.96,-94.0,4.96,4.0,-102.96,-1.0725,False,0.28129422595005227,8,42688.39999999978,"C (partida 0,10 / 2R)"
MNQ,london,2024-01-29,C,0.1,2.0,-1,2024-01-29 09:35:00+00:00,2024-01-29 09:35:00+00:00,2024-01-29 09:35:00+00:00,17551.0,17559.5,17534.0,17559.75,stop,5,8.5,93.69999999999999,-82.5,6.2,5.0,-93.7,-1.1023529411764705,False,-0.23759786167158997,9,42585.439999999784,"C (partida 0,10 / 2R)"
MNQ,london,2024-02-02,C,0.1,2.0,1,2024-02-02 08:40:00+00:00,2024-02-02 08:40:00+00:00,2024-02-02 09:40:00+00:00,17615.0,17601.5,17642.0,17601.25,stop,3,13.5,86.22,-79.5,3.7199999999999998,3.0,-86.22,-1.0644444444444445,False,0.6703609839674995,8,42491.73999999979,"C (partida 0,10 / 2R)"
MNQ,london,2024-02-05,C,0.1,2.0,-1,2024-02-05 09:30:00+00:00,2024-02-05 09:30:00+00:00,2024-02-05 09:50:00+00:00,17692.75,17700.0,17678.25,17678.25,objetivo,6,7.25,97.44000000000001,177.0,7.4399999999999995,3.0,166.56,1.9144827586206896,False,-0.18046076876487344,9,42405.519999999786,"C (partida 0,10 / 2R)"
MNQ,london,2024-02-07,C,0.1,2.0,1,2024-02-07 08:40:00+00:00,2024-02-07 08:40:00+00:00,2024-02-07 08:55:00+00:00,17649.75,17646.25,17656.75,17656.75,objetivo,12,3.5,104.88,174.0,14.879999999999999,6.0,153.12,1.822857142857143,False,0.1422980931241551,8,42572.07999999978,"C (partida 0,10 / 2R)"
MNQ,london,2024-02-15,C,0.1,2.0,-1,2024-02-15 09:15:00+00:00,2024-02-15 09:15:00+00:00,2024-02-15 09:20:00+00:00,17893.75,17901.75,17877.75,17902.0,stop,6,8.0,106.44,-93.0,7.4399999999999995,6.0,-106.44,-1.10875,False,-0.408939561738495,9,42725.199999999786,"C (partida 0,10 / 2R)"
MNQ,london,2024-02-29,C,0.1,2.0,1,2024-02-29 10:20:00+00:00,2024-02-29 10:20:00+00:00,2024-02-29 10:30:00+00:00,17872.5,17867.5,17882.5,17867.25,stop,9,5.0,105.66,-85.5,11.16,9.0,-105.66,-1.174,False,0.10268662857117397,10,42618.759999999784,"C (partida 0,10 / 2R)"
MNQ,london,2024-03-01,C,0.1,2.0,1,2024-03-01 09:40:00+00:00,2024-03-01 09:40:00+00:00,2024-03-01 09:50:00+00:00,18142.25,18135.0,18156.75,18134.75,stop,6,7.25,97.44000000000001,-84.0,7.4399999999999995,6.0,-97.44,-1.1199999999999999,False,0.1278728804667839,9,42513.09999999978,"C (partida 0,10 / 2R)"
MNQ,london,2024-03-11,C,0.1,2.0,1,2024-03-11 09:10:00+00:00,2024-03-11 09:10:00+00:00,2024-03-11 09:10:00+00:00,18029.75,18024.0,18041.25,18023.75,stop,8,5.75,105.92,-88.0,9.92,8.0,-105.92,-1.151304347826087,False,0.2215330436554768,9,42415.65999999978,"C (partida 0,10 / 2R)"
MNQ,london,2024-03-19,C,0.1,2.0,-1,2024-03-19 09:50:00+00:00,2024-03-19 09:50:00+00:00,2024-03-19 10:05:00+00:00,18177.75,18191.75,18149.75,18192.0,stop,3,14.0,89.22,-82.5,3.7199999999999998,3.0,-89.22,-1.062142857142857,False,-0.11374949454368113,9,42309.73999999978,"C (partida 0,10 / 2R)"
MNQ,london,2024-04-01,C,0.1,2.0,-1,2024-04-01 09:15:00+01:00,2024-04-01 09:15:00+01:00,2024-04-01 09:15:00+01:00,18562.0,18565.75,18554.5,18566.0,stop,11,3.75,101.64,-77.0,13.64,11.0,-101.64,-1.232,False,-0.803540037249252,9,42220.51999999978,"C (partida 0,10 / 2R)"
MNQ,london,2024-04-02,C,0.1,2.0,1,2024-04-02 09:10:00+01:00,2024-04-02 09:10:00+01:00,2024-04-02 09:15:00+01:00,18492.0,18486.5,18503.0,18503.0,objetivo,8,5.5,101.92,180.0,9.92,4.0,166.08,1.8872727272727274,False,0.2552735612310232,9,42118.87999999978,"C (partida 0,10 / 2R)"
MNQ,london,2024-04-03,C,0.1,2.0,1,2024-04-03 08:45:00+01:00,2024-04-03 08:45:00+01:00,2024-04-03 08:45:00+01:00,18297.25,18286.25,18319.25,18286.0,stop,4,11.0,94.96,-86.0,4.96,4.0,-94.96,-1.079090909090909,False,0.17803120987178733,8,42284.95999999978,"C (partida 0,10 / 2R)"
MNQ,london,2024-04-04,C,0.1,2.0,1,2024-04-04 08:35:00+01:00,2024-04-04 08:35:00+01:00,2024-04-04 08:40:00+01:00,18439.75,18433.0,18453.25,18432.75,stop,6,6.75,91.44,-78.0,7.4399999999999995,6.0,-91.44,-1.1288888888888888,False,0.5011032071634073,8,42189.99999999978,"C (partida 0,10 / 2R)"
MNQ,london,2024-04-08,C,0.1,2.0,-1,2024-04-08 09:25:00+01:00,2024-04-08 09:25:00+01:00,2024-04-08 09:35:00+01:00,18259.25,18298.0,18181.75,18298.25,stop,1,38.75,79.24,-77.0,1.24,1.0,-79.24,-1.0224516129032257,False,-0.2419610334970476,9,42098.55999999978,"C (partida 0,10 / 2R)"
MNQ,london,2024-04-09,C,0.1,2.0,-1,2024-04-09 08:45:00+01:00,2024-04-09 08:45:00+01:00,2024-04-09 09:20:00+01:00,18292.0,18305.75,18264.5,18306.0,stop,3,13.75,87.72,-81.0,3.7199999999999998,3.0,-87.72,-1.0632727272727274,False,-0.17059618527527395,8,42019.31999999978,"C (partida 0,10 / 2R)"
MNQ,london,2024-04-17,C,0.1,2.0,1,2024-04-17 08:50:00+01:00,2024-04-17 08:50:00+01:00,2024-04-17 09:40:00+01:00,17880.5,17862.0,17917.5,17917.5,objetivo,2,18.5,77.48,149.0,2.48,1.0,145.52,1.9664864864864866,False,0.2986476515607028,8,41931.59999999978,"C (partida 0,10 / 2R)"
MNQ,london,2024-04-18,C,0.1,2.0,-1,2024-04-18 08:35:00+01:00,2024-04-18 08:35:00+01:00,2024-04-18 08:55:00+01:00,17739.5,17754.0,17710.5,17754.25,stop,3,14.5,92.22,-85.5,3.7199999999999998,3.0,-92.22,-1.06,False,-1.070129869141325,8,42077.11999999978,"C (partida 0,10 / 2R)"
MNQ,london,2024-04-29,C,0.1,2.0,1,2024-04-29 09:10:00+01:00,2024-04-29 09:10:00+01:00,2024-04-29 09:40:00+01:00,17907.75,17896.75,17929.75,17896.5,stop,4,11.0,94.96,-86.0,4.96,4.0,-94.96,-1.079090909090909,False,0.3106532155565834,9,41984.899999999776,"C (partida 0,10 / 2R)"
MNQ,london,2024-05-02,C,0.1,2.0,1,2024-05-02 08:35:00+01:00,2024-05-02 08:35:00+01:00,2024-05-02 11:00:00+01:00,17565.25,17545.0,17605.75,17587.25,cierre_sesion,2,20.25,84.48,90.0,2.48,2.0,85.52,1.0558024691358023,False,0.9420745076531539,8,41889.93999999978,"C (partida 0,10 / 2R)"
MNQ,london,2024-05-03,C,0.1,2.0,1,2024-05-03 09:05:00+01:00,2024-05-03 09:05:00+01:00,2024-05-03 09:10:00+01:00,17753.0,17742.5,17774.0,17742.25,stop,4,10.5,90.96,-82.0,4.96,4.0,-90.96,-1.0828571428571427,False,0.5722813414600959,9,41975.45999999977,"C (partida 0,10 / 2R)"
MNQ,london,2024-05-06,C,0.1,2.0,-1,2024-05-06 09:00:00+01:00,2024-05-06 09:00:00+01:00,2024-05-06 09:00:00+01:00,18000.75,18007.75,17986.75,18008.0,stop,6,7.0,94.44,-81.0,7.4399999999999995,6.0,-94.44,-1.1242857142857143,False,-0.3979964053668262,8,41884.499999999774,"C (partida 0,10 / 2R)"
MNQ,london,2024-05-16,C,0.1,2.0,-1,2024-05-16 09:15:00+01:00,2024-05-16 09:15:00+01:00,2024-05-16 09:35:00+01:00,18715.5,18721.0,18704.5,18721.25,stop,8,5.5,101.92,-84.0,9.92,8.0,-101.92,-1.1581818181818182,False,-0.121203620153415,9,41790.05999999977,"C (partida 0,10 / 2R)"
MNQ,london,2024-05-24,C,0.1,2.0,1,2024-05-24 09:00:00+01:00,2024-05-24 09:00:00+01:00,2024-05-24 09:00:00+01:00,18705.5,18702.0,18712.5,18701.75,stop,11,3.5,96.14,-71.5,13.64,11.0,-96.14,-1.2485714285714287,False,0.21292197224929868,8,41688.139999999774,"C (partida 0,10 / 2R)"
MNQ,london,2024-05-27,C,0.1,2.0,-1,2024-05-27 09:15:00+01:00,2024-05-27 09:15:00+01:00,2024-05-27 09:30:00+01:00,18864.75,18876.0,18842.25,18876.25,stop,4,11.25,96.96,-88.0,4.96,4.0,-96.96,-1.0773333333333333,False,-0.43718435409109474,9,41591.999999999774,"C (partida 0,10 / 2R)"
MNQ,london,2024-05-28,C,0.1,2.0,-1,2024-05-28 08:35:00+01:00,2024-05-28 08:35:00+01:00,2024-05-28 08:35:00+01:00,18916.5,18925.25,18899.0,18925.5,stop,5,8.75,96.19999999999999,-85.0,6.2,5.0,-96.2,-1.0994285714285714,False,-1.4239471037968112,8,41495.039999999775,"C (partida 0,10 / 2R)"
MNQ,london,2024-05-28,C,0.1,2.0,1,2024-05-28 09:10:00+01:00,2024-05-28 09:10:00+01:00,2024-05-28 09:30:00+01:00,18943.75,18930.0,18971.25,18971.25,objetivo,3,13.75,87.72,166.5,3.7199999999999998,1.5,161.28,1.954909090909091,False,0.2868089873865832,9,41398.83999999978,"C (partida 0,10 / 2R)"
MNQ,london,2024-05-29,C,0.1,2.0,-1,2024-05-29 08:35:00+01:00,2024-05-29 08:35:00+01:00,2024-05-29 09:00:00+01:00,18847.25,18872.25,18797.25,18872.5,stop,2,25.0,103.48,-99.0,2.48,2.0,-103.48,-1.0348,False,-0.1672594532458714,8,41560.11999999978,"C (partida 0,10 / 2R)"
MNQ,london,2024-05-31,C,0.1,2.0,1,2024-05-31 09:20:00+01:00,2024-05-31 09:20:00+01:00,2024-05-31 09:50:00+01:00,18564.0,18551.75,18588.5,18551.5,stop,3,12.25,78.72,-72.0,3.7199999999999998,3.0,-78.72,-1.0710204081632653,False,0.2636259672291426,9,41456.639999999774,"C (partida 0,10 / 2R)"
MNQ,london,2024-06-04,C,0.1,2.0,1,2024-06-04 09:00:00+01:00,2024-06-04 09:00:00+01:00,2024-06-04 09:00:00+01:00,18618.5,18611.75,18632.0,18611.5,stop,6,6.75,91.44,-78.0,7.4399999999999995,6.0,-91.44,-1.1288888888888888,False,1.2487868473925343,8,41377.91999999977,"C (partida 0,10 / 2R)"
MNQ,london,2024-06-05,C,0.1,2.0,1,2024-06-05 09:10:00+01:00,2024-06-05 09:10:00+01:00,2024-06-05 09:15:00+01:00,18750.0,18736.25,18777.5,18736.0,stop,3,13.75,87.72,-81.0,3.7199999999999998,3.0,-87.72,-1.0632727272727274,False,0.529093454977131,9,41286.47999999977,"C (partida 0,10 / 2R)"
MNQ,london,2024-06-07,C,0.1,2.0,1,2024-06-07 09:35:00+01:00,2024-06-07 09:35:00+01:00,2024-06-07 09:45:00+01:00,19095.0,19086.0,19113.0,19085.75,stop,5,9.0,98.69999999999999,-87.5,6.2,5.0,-98.7,-1.0966666666666667,False,0.24960362524891425,9,41198.75999999977,"C (partida 0,10 / 2R)"
MNQ,london,2024-06-14,C,0.1,2.0,1,2024-06-14 09:15:00+01:00,2024-06-14 09:15:00+01:00,2024-06-14 09:45:00+01:00,19641.75,19624.75,19675.75,19624.5,stop,2,17.0,71.48,-67.0,2.48,2.0,-71.48,-1.0511764705882354,False,0.13786818021584088,9,41100.05999999977,"C (partida 0,10 / 2R)"
MNQ,london,2024-06-20,C,0.1,2.0,-1,2024-06-20 09:30:00+01:00,2024-06-20 09:30:00+01:00,2024-06-20 09:40:00+01:00,20041.0,20045.75,20031.5,20046.0,stop,9,4.75,101.16,-81.0,11.16,9.0,-101.16,-1.183157894736842,False,-0.3176428743803863,9,41028.57999999977,"C (partida 0,10 / 2R)"
MNQ,london,2024-06-25,C,0.1,2.0,1,2024-06-25 09:30:00+01:00,2024-06-25 09:30:00+01:00,2024-06-25 09:50:00+01:00,19794.25,19784.75,19813.25,19813.25,objetivo,4,9.5,82.96,154.0,4.96,2.0,147.04,1.934736842105263,False,0.22279710261966296,9,40927.419999999765,"C (partida 0,10 / 2R)"
MNQ,london,2024-06-27,C,0.1,2.0,-1,2024-06-27 09:10:00+01:00,2024-06-27 09:10:00+01:00,2024-06-27 09:25:00+01:00,19951.25,19959.25,19935.25,19935.25,objetivo,5,8.0,88.69999999999999,162.5,6.2,2.5,153.8,1.9225,False,-0.5732235291184549,9,41074.459999999766,"C (partida 0,10 / 2R)"
MNQ,london,2024-07-03,C,0.1,2.0,1,2024-07-03 08:40:00+01:00,2024-07-03 08:40:00+01:00,2024-07-03 08:40:00+01:00,20254.75,20246.5,20271.25,20246.25,stop,5,8.25,91.19999999999999,-80.0,6.2,5.0,-91.2,-1.1054545454545455,False,0.6010758052197115,8,41228.25999999977,"C (partida 0,10 / 2R)"
MNQ,london,2024-07-04,C,0.1,2.0,-1,2024-07-04 08:40:00+01:00,2024-07-04 08:40:00+01:00,2024-07-04 08:45:00+01:00,20399.25,20404.0,20389.75,20404.25,stop,9,4.75,101.16,-81.0,11.16,9.0,-101.16,-1.183157894736842,False,-0.3280234766303956,8,41137.05999999977,"C (partida 0,10 / 2R)"
MNQ,london,2024-07-05,C,0.1,2.0,-1,2024-07-05 09:05:00+01:00,2024-07-05 09:05:00+01:00,2024-07-05 09:05:00+01:00,20436.5,20442.0,20425.5,20442.25,stop,8,5.5,101.92,-84.0,9.92,8.0,-101.92,-1.1581818181818182,False,-0.43931505413683775,9,41035.89999999977,"C (partida 0,10 / 2R)"
MNQ,london,2024-07-09,C,0.1,2.0,1,2024-07-09 08:35:00+01:00,2024-07-09 08:35:00+01:00,2024-07-09 08:40:00+01:00,20731.0,20727.0,20739.0,20739.0,objetivo,10,4.0,97.4,165.0,12.4,5.0,147.6,1.845,False,0.49534456379078584,8,40933.97999999977,"C (partida 0,10 / 2R)"
MNQ,london,2024-07-12,C,0.1,2.0,1,2024-07-12 09:25:00+01:00,2024-07-12 09:25:00+01:00,2024-07-12 11:00:00+01:00,20427.75,20416.0,20451.25,20434.75,cierre_sesion,4,11.75,100.96,60.0,4.96,4.0,51.04,0.5429787234042553,False,0.2940497555645015,9,41081.57999999977,"C (partida 0,10 / 2R)"
MNQ,london,2024-07-25,C,0.1,2.0,1,2024-07-25 10:05:00+01:00,2024-07-25 10:05:00+01:00,2024-07-25 10:05:00+01:00,19198.0,19193.25,19207.5,19207.5,objetivo,9,4.75,101.16,175.5,11.16,4.5,159.84,1.8694736842105264,False,0.10375834618040637,10,41132.61999999977,"C (partida 0,10 / 2R)"
MNQ,london,2024-08-02,C,0.1,2.0,1,2024-08-02 09:10:00+01:00,2024-08-02 09:10:00+01:00,2024-08-02 09:10:00+01:00,18731.5,18695.0,18804.5,18694.75,stop,1,36.5,74.74,-72.5,1.24,1.0,-74.74,-1.0238356164383562,False,0.4692515862365698,9,41292.459999999766,"C (partida 0,10 / 2R)"
MNQ,london,2024-08-07,C,0.1,2.0,1,2024-08-07 09:20:00+01:00,2024-08-07 09:20:00+01:00,2024-08-07 10:05:00+01:00,18359.0,18339.0,18399.0,18399.0,objetivo,2,20.0,83.48,161.0,2.48,1.0,157.52,1.969,False,0.27826792595605504,9,41217.71999999977,"C (partida 0,10 / 2R)"
MNQ,london,2024-08-13,C,0.1,2.0,-1,2024-08-13 09:40:00+01:00,2024-08-13 09:40:00+01:00,2024-08-13 10:30:00+01:00,18741.0,18752.0,18719.0,18752.25,stop,4,11.0,94.96,-86.0,4.96,4.0,-94.96,-1.079090909090909,False,-0.43700659677310955,9,41375.239999999765,"C (partida 0,10 / 2R)"
MNQ,london,2024-08-16,C,0.1,2.0,-1,2024-08-16 08:35:00+01:00,2024-08-16 08:35:00+01:00,2024-08-16 08:40:00+01:00,19647.5,19658.5,19625.5,19658.75,stop,4,11.0,94.96,-86.0,4.96,4.0,-94.96,-1.079090909090909,False,-1.3082116135195814,8,41280.279999999766,"C (partida 0,10 / 2R)"
MNQ,london,2024-08-20,C,0.1,2.0,-1,2024-08-20 09:25:00+01:00,2024-08-20 09:25:00+01:00,2024-08-20 09:35:00+01:00,19885.0,19896.75,19861.5,19861.5,objetivo,4,11.75,100.96,190.0,4.96,2.0,183.04,1.9472340425531913,False,-0.3246368637812873,9,41185.31999999977,"C (partida 0,10 / 2R)"
MNQ,london,2024-08-21,C,0.1,2.0,1,2024-08-21 08:55:00+01:00,2024-08-21 08:55:00+01:00,2024-08-21 08:55:00+01:00,19829.5,19824.0,19840.5,19823.75,stop,8,5.5,101.92,-84.0,9.92,8.0,-101.92,-1.1581818181818182,False,0.6193999657566351,8,41368.35999999977,"C (partida 0,10 / 2R)"
MNQ,london,2024-08-27,C,0.1,2.0,1,2024-08-27 09:00:00+01:00,2024-08-27 09:00:00+01:00,2024-08-27 09:05:00+01:00,19615.75,19605.75,19635.75,19635.75,objetivo,4,10.0,86.96,162.0,4.96,2.0,155.04,1.938,False,0.19150712055988534,8,41266.43999999977,"C (partida 0,10 / 2R)"
MNQ,london,2024-08-28,C,0.1,2.0,-1,2024-08-28 09:15:00+01:00,2024-08-28 09:15:00+01:00,2024-08-28 09:15:00+01:00,19633.25,19636.75,19626.25,19637.0,stop,11,3.5,96.14,-71.5,13.64,11.0,-96.14,-1.2485714285714287,False,-0.20577304552356668,9,41421.47999999977,"C (partida 0,10 / 2R)"
MNQ,london,2024-09-03,C,0.1,2.0,-1,2024-09-03 09:40:00+01:00,2024-09-03 09:40:00+01:00,2024-09-03 09:50:00+01:00,19565.75,19578.0,19541.25,19541.25,objetivo,3,12.25,78.72,148.5,3.7199999999999998,1.5,143.28,1.9493877551020409,False,-0.5244745325514514,9,41325.33999999977,"C (partida 0,10 / 2R)"
MNQ,london,2024-09-04,C,0.1,2.0,1,2024-09-04 08:35:00+01:00,2024-09-04 08:35:00+01:00,2024-09-04 10:40:00+01:00,18883.5,18859.0,18932.5,18932.5,objetivo,2,24.5,101.48,197.0,2.48,1.0,193.52,1.9746938775510205,False,1.0654905317708316,8,41468.61999999977,"C (partida 0,10 / 2R)"
MNQ,london,2024-09-10,C,0.1,2.0,-1,2024-09-10 09:55:00+01:00,2024-09-10 09:55:00+01:00,2024-09-10 10:00:00+01:00,18640.75,18651.75,18618.75,18618.75,objetivo,4,11.0,94.96,178.0,4.96,2.0,171.04,1.9436363636363636,False,-0.1485272928504701,9,41662.13999999977,"C (partida 0,10 / 2R)"
MNQ,london,2024-09-11,C,0.1,2.0,-1,2024-09-11 09:45:00+01:00,2024-09-11 09:45:00+01:00,2024-09-11 09:45:00+01:00,18769.25,18785.0,18737.75,18785.25,stop,3,15.75,99.72,-93.0,3.7199999999999998,3.0,-99.72,-1.0552380952380953,False,-0.11086470462529655,9,41833.17999999977,"C (partida 0,10 / 2R)"
MNQ,london,2024-09-18,C,0.1,2.0,-1,2024-09-18 08:40:00+01:00,2024-09-18 08:40:00+01:00,2024-09-18 08:40:00+01:00,19455.25,19459.75,19446.25,19446.25,objetivo,9,4.5,96.66,166.5,11.16,4.5,150.84,1.8622222222222222,False,-1.493383145456214,8,41733.459999999766,"C (partida 0,10 / 2R)"
MNQ,london,2024-09-20,C,0.1,2.0,1,2024-09-20 08:35:00+01:00,2024-09-20 08:35:00+01:00,2024-09-20 08:50:00+01:00,19819.5,19812.0,19834.5,19834.5,objetivo,6,7.5,100.44,183.0,7.4399999999999995,3.0,172.56,1.9173333333333333,False,1.1213134778087759,8,41884.29999999976,"C (partida 0,10 / 2R)"
MNQ,london,2024-09-25,C,0.1,2.0,1,2024-09-25 08:40:00+01:00,2024-09-25 08:40:00+01:00,2024-09-25 08:45:00+01:00,20111.5,20102.75,20129.0,20102.5,stop,5,8.75,96.19999999999999,-85.0,6.2,5.0,-96.2,-1.0994285714285714,False,0.7465334511472494,8,42056.85999999976,"C (partida 0,10 / 2R)"
MNQ,london,2024-09-26,C,0.1,2.0,-1,2024-09-26 10:10:00+01:00,2024-09-26 10:10:00+01:00,2024-09-26 10:25:00+01:00,20460.5,20467.0,20447.5,20467.25,stop,7,6.5,103.18,-87.5,8.68,7.0,-103.18,-1.133846153846154,False,-0.13774628480465703,10,41960.65999999976,"C (partida 0,10 / 2R)"
MNQ,london,2024-09-27,C,0.1,2.0,1,2024-09-27 09:30:00+01:00,2024-09-27 09:30:00+01:00,2024-09-27 09:40:00+01:00,20307.25,20296.75,20328.25,20296.5,stop,4,10.5,90.96,-82.0,4.96,4.0,-90.96,-1.0828571428571427,False,0.18170689616603572,9,41857.47999999976,"C (partida 0,10 / 2R)"
MNQ,london,2024-10-01,C,0.1,2.0,1,2024-10-01 08:50:00+01:00,2024-10-01 08:50:00+01:00,2024-10-01 09:00:00+01:00,20275.25,20267.75,20290.25,20290.25,objetivo,6,7.5,100.44,183.0,7.4399999999999995,3.0,172.56,1.9173333333333333,False,0.4353733748370734,8,41766.519999999764,"C (partida 0,10 / 2R)"
MNQ,london,2024-10-08,C,0.1,2.0,1,2024-10-08 08:40:00+01:00,2024-10-08 08:40:00+01:00,2024-10-08 10:15:00+01:00,20005.75,19983.5,20050.25,20050.25,objetivo,2,22.25,92.48,179.0,2.48,1.0,175.52,1.9721348314606744,False,0.13143635008958465,8,41939.07999999976,"C (partida 0,10 / 2R)"
MNQ,london,2024-10-09,C,0.1,2.0,1,2024-10-09 09:05:00+01:00,2024-10-09 09:05:00+01:00,2024-10-09 09:15:00+01:00,20244.75,20225.25,20283.75,20225.0,stop,2,19.5,81.48,-77.0,2.48,2.0,-81.48,-1.0446153846153847,False,0.326083042442725,9,42114.59999999976,"C (partida 0,10 / 2R)"
MNQ,london,2024-10-22,C,0.1,2.0,-1,2024-10-22 09:35:00+01:00,2024-10-22 09:35:00+01:00,2024-10-22 10:25:00+01:00,20440.0,20465.5,20389.0,20389.0,objetivo,1,25.5,52.74,102.5,1.24,0.5,100.76,1.975686274509804,False,-0.1596278943205249,9,42033.119999999755,"C (partida 0,10 / 2R)"
MNQ,london,2024-10-23,C,0.1,2.0,-1,2024-10-23 09:25:00+01:00,2024-10-23 09:25:00+01:00,2024-10-23 09:25:00+01:00,20508.0,20512.0,20500.0,20512.25,stop,10,4.0,97.4,-75.0,12.4,10.0,-97.4,-1.2175,False,-0.2537039697033174,9,42133.87999999976,"C (partida 0,10 / 2R)"
MNQ,london,2024-10-29,C,0.1,2.0,1,2024-10-29 08:50:00+00:00,2024-10-29 08:50:00+00:00,2024-10-29 08:50:00+00:00,20542.5,20533.75,20560.0,20533.5,stop,5,8.75,96.19999999999999,-85.0,6.2,5.0,-96.2,-1.0994285714285714,False,0.5533828052919972,8,42036.479999999756,"C (partida 0,10 / 2R)"
MNQ,london,2024-10-30,C,0.1,2.0,-1,2024-10-30 08:40:00+00:00,2024-10-30 08:40:00+00:00,2024-10-30 09:25:00+00:00,20731.25,20745.0,20703.75,20745.25,stop,3,13.75,87.72,-81.0,3.7199999999999998,3.0,-87.72,-1.0632727272727274,False,-0.36258887143928387,8,41940.27999999976,"C (partida 0,10 / 2R)"
MNQ,london,2024-11-04,C,0.1,2.0,1,2024-11-04 10:15:00+00:00,2024-11-04 10:15:00+00:00,2024-11-04 10:15:00+00:00,20186.5,20179.75,20200.0,20179.5,stop,6,6.75,91.44,-78.0,7.4399999999999995,6.0,-91.44,-1.1288888888888888,False,0.12888016151315967,10,41852.55999999976,"C (partida 0,10 / 2R)"
MNQ,london,2024-11-11,C,0.1,2.0,-1,2024-11-11 09:10:00+00:00,2024-11-11 09:10:00+00:00,2024-11-11 09:15:00+00:00,21285.25,21295.5,21264.75,21295.75,stop,4,10.25,88.96,-80.0,4.96,4.0,-88.96,-1.0848780487804877,False,-0.82840487177542,9,41761.119999999755,"C (partida 0,10 / 2R)"
MNQ,london,2024-11-12,C,0.1,2.0,1,2024-11-12 08:45:00+00:00,2024-11-12 08:45:00+00:00,2024-11-12 08:50:00+00:00,21214.5,21205.75,21232.0,21232.0,objetivo,5,8.75,96.19999999999999,177.5,6.2,2.5,168.8,1.9291428571428573,False,0.13611477430675334,8,41672.159999999756,"C (partida 0,10 / 2R)"
MNQ,london,2024-11-12,C,0.1,2.0,-1,2024-11-12 09:40:00+00:00,2024-11-12 09:40:00+00:00,2024-11-12 10:00:00+00:00,21204.75,21218.75,21176.75,21176.75,objetivo,3,14.0,89.22,169.5,3.7199999999999998,1.5,164.28,1.9557142857142857,False,-0.14869070216953045,9,41840.95999999976,"C (partida 0,10 / 2R)"
MNQ,london,2024-11-18,C,0.1,2.0,1,2024-11-18 08:40:00+00:00,2024-11-18 08:40:00+00:00,2024-11-18 08:40:00+00:00,20630.25,20623.0,20644.75,20622.75,stop,6,7.25,97.44000000000001,-84.0,7.4399999999999995,6.0,-97.44,-1.1199999999999999,False,1.5729128054930943,8,42005.23999999976,"C (partida 0,10 / 2R)"
MNQ,london,2024-11-25,C,0.1,2.0,1,2024-11-25 09:20:00+00:00,2024-11-25 09:20:00+00:00,2024-11-25 09:20:00+00:00,20963.5,20957.0,20976.5,20956.75,stop,7,6.5,103.18,-87.5,8.68,7.0,-103.18,-1.133846153846154,False,0.14105955811610696,9,41907.799999999756,"C (partida 0,10 / 2R)"
MNQ,london,2024-11-26,C,0.1,2.0,1,2024-11-26 09:20:00+00:00,2024-11-26 09:20:00+00:00,2024-11-26 09:20:00+00:00,20892.75,20884.5,20909.25,20884.25,stop,5,8.25,91.19999999999999,-80.0,6.2,5.0,-91.2,-1.1054545454545455,False,0.21585693464280942,9,41804.619999999755,"C (partida 0,10 / 2R)"
MNQ,london,2024-12-02,C,0.1,2.0,-1,2024-12-02 09:55:00+00:00,2024-12-02 09:55:00+00:00,2024-12-02 10:15:00+00:00,20952.25,20958.75,20939.25,20959.0,stop,7,6.5,103.18,-87.5,8.68,7.0,-103.18,-1.133846153846154,False,-0.12453844071415894,9,41713.41999999976,"C (partida 0,10 / 2R)"
MNQ,london,2024-12-06,C,0.1,2.0,-1,2024-12-06 09:20:00+00:00,2024-12-06 09:20:00+00:00,2024-12-06 09:20:00+00:00,21467.0,21475.0,21451.0,21475.25,stop,5,8.0,88.69999999999999,-77.5,6.2,5.0,-88.7,-1.1087500000000001,False,-0.2147853161065396,9,41610.23999999976,"C (partida 0,10 / 2R)"
MNQ,london,2024-12-09,C,0.1,2.0,-1,2024-12-09 09:20:00+00:00,2024-12-09 09:20:00+00:00,2024-12-09 09:35:00+00:00,21663.25,21672.75,21644.25,21644.25,objetivo,5,9.5,103.69999999999999,192.5,6.2,2.5,183.8,1.9347368421052633,False,-0.6215504215958783,9,41521.53999999976,"C (partida 0,10 / 2R)"
MNQ,london,2024-12-12,C,0.1,2.0,-1,2024-12-12 08:35:00+00:00,2024-12-12 08:35:00+00:00,2024-12-12 11:00:00+00:00,21749.75,21771.0,21707.25,21743.5,cierre_sesion,2,21.25,88.48,27.0,2.48,2.0,22.52,0.26494117647058824,False,-0.16399151887359176,8,41705.339999999764,"C (partida 0,10 / 2R)"
MNQ,london,2024-12-17,C,0.1,2.0,1,2024-12-17 09:40:00+00:00,2024-12-17 09:40:00+00:00,2024-12-17 09:40:00+00:00,22077.75,22071.0,22091.25,22070.75,stop,6,6.75,91.44,-78.0,7.4399999999999995,6.0,-91.44,-1.1288888888888888,False,0.30347889509935994,9,41727.85999999976,"C (partida 0,10 / 2R)"
MNQ,london,2024-12-18,C,0.1,2.0,-1,2024-12-18 09:05:00+00:00,2024-12-18 09:05:00+00:00,2024-12-18 09:30:00+00:00,22022.0,22038.25,21989.5,22038.5,stop,3,16.25,102.72,-96.0,3.7199999999999998,3.0,-102.72,-1.0535384615384615,False,-0.6504422970367659,9,41636.41999999976,"C (partida 0,10 / 2R)"
MNQ,london,2024-12-24,C,0.1,2.0,1,2024-12-24 09:10:00+00:00,2024-12-24 09:10:00+00:00,2024-12-24 09:30:00+00:00,21785.75,21776.5,21804.25,21776.25,stop,5,9.25,101.19999999999999,-90.0,6.2,5.0,-101.2,-1.094054054054054,False,0.2667813220728098,9,41533.69999999976,"C (partida 0,10 / 2R)"
MNQ,london,2024-12-31,C,0.1,2.0,1,2024-12-31 09:10:00+00:00,2024-12-31 09:10:00+00:00,2024-12-31 09:20:00+00:00,21418.25,21387.0,21480.75,21480.75,objetivo,1,31.25,64.24000000000001,125.5,1.24,0.5,123.76,1.9801600000000001,False,0.18651784669860175,9,41432.49999999976,"C (partida 0,10 / 2R)"
MNQ,london,2025-01-02,C,0.1,2.0,-1,2025-01-02 08:35:00+00:00,2025-01-02 08:35:00+00:00,2025-01-02 08:40:00+00:00,21332.75,21367.5,21263.25,21367.75,stop,1,34.75,71.24,-69.0,1.24,1.0,-71.24,-1.0250359712230215,False,-0.19497843725160163,8,41556.25999999976,"C (partida 0,10 / 2R)"
MNQ,london,2025-01-03,C,0.1,2.0,-1,2025-01-03 08:40:00+00:00,2025-01-03 08:40:00+00:00,2025-01-03 08:50:00+00:00,21224.25,21233.0,21206.75,21233.25,stop,5,8.75,96.19999999999999,-85.0,6.2,5.0,-96.2,-1.0994285714285714,False,-0.544632074076107,8,41485.019999999764,"C (partida 0,10 / 2R)"
MNQ,london,2025-01-09,C,0.1,2.0,1,2025-01-09 08:50:00+00:00,2025-01-09 08:50:00+00:00,2025-01-09 09:05:00+00:00,21286.25,21279.25,21300.25,21279.0,stop,6,7.0,94.44,-81.0,7.4399999999999995,6.0,-94.44,-1.1242857142857143,False,1.411783694042071,8,41388.81999999977,"C (partida 0,10 / 2R)"
MNQ,london,2025-01-15,C,0.1,2.0,1,2025-01-15 09:25:00+00:00,2025-01-15 09:25:00+00:00,2025-01-15 09:35:00+00:00,20943.25,20935.5,20958.75,20958.75,objetivo,5,7.75,86.19999999999999,157.5,6.2,2.5,148.8,1.9200000000000002,False,0.1956421167937244,9,41294.379999999765,"C (partida 0,10 / 2R)"
MNQ,london,2025-01-16,C,0.1,2.0,-1,2025-01-16 09:35:00+00:00,2025-01-16 09:35:00+00:00,2025-01-16 10:20:00+00:00,21472.75,21495.25,21427.75,21495.5,stop,2,22.5,93.48,-89.0,2.48,2.0,-93.48,-1.0386666666666666,False,-0.4193024308239789,9,41443.17999999977,"C (partida 0,10 / 2R)"
MNQ,london,2025-01-23,C,0.1,2.0,1,2025-01-23 10:20:00+00:00,2025-01-23 10:20:00+00:00,2025-01-23 10:20:00+00:00,21900.75,21895.75,21910.75,21895.5,stop,8,5.0,93.92,-76.0,9.92,8.0,-93.92,-1.174,False,0.12891836579857818,10,41349.699999999764,"C (partida 0,10 / 2R)"
MNQ,london,2025-01-29,C,0.1,2.0,-1,2025-01-29 09:25:00+00:00,2025-01-29 09:25:00+00:00,2025-01-29 09:45:00+00:00,21649.75,21663.0,21623.25,21663.25,stop,3,13.25,84.72,-78.0,3.7199999999999998,3.0,-84.72,-1.0656603773584905,False,-0.605142569143642,9,41255.779999999766,"C (partida 0,10 / 2R)"
MNQ,london,2025-01-30,C,0.1,2.0,-1,2025-01-30 09:35:00+00:00,2025-01-30 09:35:00+00:00,2025-01-30 10:15:00+00:00,21653.75,21669.75,21621.75,21621.75,objetivo,3,16.0,101.22,193.5,3.7199999999999998,1.5,188.28,1.96125,False,-0.35139871419950536,9,41171.059999999765,"C (partida 0,10 / 2R)"
MNQ,london,2025-01-31,C,0.1,2.0,-1,2025-01-31 08:55:00+00:00,2025-01-31 08:55:00+00:00,2025-01-31 09:00:00+00:00,21755.25,21767.25,21731.25,21767.5,stop,4,12.0,102.96,-94.0,4.96,4.0,-102.96,-1.0725,False,-0.2067601025107803,8,41359.339999999764,"C (partida 0,10 / 2R)"
MNQ,london,2025-02-04,C,0.1,2.0,1,2025-02-04 09:30:00+00:00,2025-02-04 09:30:00+00:00,2025-02-04 09:35:00+00:00,21387.75,21373.0,21417.25,21372.75,stop,3,14.75,93.72,-87.0,3.7199999999999998,3.0,-93.72,-1.0589830508474576,False,0.2703143847947802,9,41256.379999999765,"C (partida 0,10 / 2R)"
MNQ,london,2025-02-05,C,0.1,2.0,-1,2025-02-05 08:40:00+00:00,2025-02-05 08:40:00+00:00,2025-02-05 11:00:00+00:00,21494.25,21535.25,21412.25,21479.75,cierre_sesion,1,41.0,83.74,30.0,1.24,1.0,27.76,0.3385365853658537,False,-0.22433636454226089,8,41162.65999999976,"C (partida 0,10 / 2R)"
MNQ,london,2025-02-06,C,0.1,2.0,1,2025-02-06 08:55:00+00:00,2025-02-06 08:55:00+00:00,2025-02-06 08:55:00+00:00,21809.5,21803.5,21821.5,21803.25,stop,7,6.0,96.18,-80.5,8.68,7.0,-96.18,-1.145,False,1.0708422401382196,8,41190.419999999765,"C (partida 0,10 / 2R)"
MNQ,london,2025-02-10,C,0.1,2.0,-1,2025-02-10 09:00:00+00:00,2025-02-10 09:00:00+00:00,2025-02-10 09:00:00+00:00,21694.75,21700.0,21684.25,21700.25,stop,8,5.25,97.92,-80.0,9.92,8.0,-97.92,-1.1657142857142857,False,-0.17659808215392644,8,41094.239999999765,"C (partida 0,10 / 2R)"
MNQ,london,2025-02-10,C,0.1,2.0,-1,2025-02-10 09:10:00+00:00,2025-02-10 09:10:00+00:00,2025-02-10 09:10:00+00:00,21695.25,21702.75,21680.25,21703.0,stop,6,7.5,100.44,-87.0,7.4399999999999995,6.0,-100.44,-1.1159999999999999,False,-0.1651873853695769,9,40996.31999999977,"C (partida 0,10 / 2R)"
MNQ,london,2025-02-12,C,0.1,2.0,-1,2025-02-12 09:10:00+00:00,2025-02-12 09:10:00+00:00,2025-02-12 10:55:00+00:00,21764.25,21789.0,21714.75,21789.25,stop,1,24.75,51.24,-49.0,1.24,1.0,-51.24,-1.0351515151515152,False,-0.936153687528972,9,40895.879999999765,"C (partida 0,10 / 2R)"
MNQ,london,2025-02-13,C,0.1,2.0,1,2025-02-13 09:50:00+00:00,2025-02-13 09:50:00+00:00,2025-02-13 10:05:00+00:00,21833.75,21821.75,21857.75,21821.5,stop,3,12.0,77.22,-70.5,3.7199999999999998,3.0,-77.22,-1.0725,False,0.4622230637911588,9,40844.63999999977,"C (partida 0,10 / 2R)"
MNQ,london,2025-02-14,C,0.1,2.0,1,2025-02-14 09:35:00+00:00,2025-02-14 09:35:00+00:00,2025-02-14 09:35:00+00:00,22139.75,22133.25,22152.75,22133.0,stop,6,6.5,88.44,-75.0,7.4399999999999995,6.0,-88.44,-1.1338461538461537,False,0.3575560036916025,9,40767.419999999765,"C (partida 0,10 / 2R)"
MNQ,london,2025-02-18,C,0.1,2.0,-1,2025-02-18 08:35:00+00:00,2025-02-18 08:35:00+00:00,2025-02-18 09:00:00+00:00,22289.0,22297.75,22271.5,22298.0,stop,5,8.75,96.19999999999999,-85.0,6.2,5.0,-96.2,-1.0994285714285714,False,-1.0109588095591926,8,40678.97999999976,"C (partida 0,10 / 2R)"
MNQ,london,2025-02-18,C,0.1,2.0,1,2025-02-18 09:20:00+00:00,2025-02-18 09:20:00+00:00,2025-02-18 09:25:00+00:00,22299.5,22292.0,22314.5,22291.75,stop,6,7.5,100.44,-87.0,7.4399999999999995,6.0,-100.44,-1.1159999999999999,False,0.1056415170015966,9,40582.779999999766,"C (partida 0,10 / 2R)"
MNQ,london,2025-02-19,C,0.1,2.0,1,2025-02-19 08:40:00+00:00,2025-02-19 08:40:00+00:00,2025-02-19 08:45:00+00:00,22271.75,22261.5,22292.25,22261.25,stop,4,10.25,88.96,-80.0,4.96,4.0,-88.96,-1.0848780487804877,False,0.2300608311933545,8,40482.339999999764,"C (partida 0,10 / 2R)"
MNQ,london,2025-02-21,C,0.1,2.0,1,2025-02-21 08:55:00+00:00,2025-02-21 08:55:00+00:00,2025-02-21 09:05:00+00:00,22151.0,22145.0,22163.0,22144.75,stop,7,6.0,96.18,-80.5,8.68,7.0,-96.18,-1.145,False,0.39308977086096086,8,40393.379999999765,"C (partida 0,10 / 2R)"
MNQ,london,2025-02-24,C,0.1,2.0,1,2025-02-24 09:00:00+00:00,2025-02-24 09:00:00+00:00,2025-02-24 09:00:00+00:00,21775.5,21765.75,21795.0,21795.0,objetivo,4,9.75,84.96,158.0,4.96,2.0,151.04,1.9364102564102563,False,0.5659464237119834,8,40297.199999999764,"C (partida 0,10 / 2R)"
MNQ,london,2025-02-26,C,0.1,2.0,-1,2025-02-26 08:35:00+00:00,2025-02-26 08:35:00+00:00,2025-02-26 08:55:00+00:00,21276.5,21289.5,21250.5,21289.75,stop,3,13.0,83.22,-76.5,3.7199999999999998,3.0,-83.22,-1.0669230769230769,False,-0.9000771514416429,8,40448.239999999765,"C (partida 0,10 / 2R)"
MNQ,london,2025-02-27,C,0.1,2.0,1,2025-02-27 08:35:00+00:00,2025-02-27 08:35:00+00:00,2025-02-27 08:45:00+00:00,21291.0,21278.25,21316.5,21316.5,objetivo,3,12.75,81.72,154.5,3.7199999999999998,1.5,149.28,1.9513725490196079,False,0.296849031415146,8,40365.019999999764,"C (partida 0,10 / 2R)"
MNQ,london,2025-03-03,C,0.1,2.0,1,2025-03-03 09:25:00+00:00,2025-03-03 09:25:00+00:00,2025-03-03 09:45:00+00:00,20974.0,20963.0,20996.0,20996.0,objetivo,4,11.0,94.96,178.0,4.96,2.0,171.04,1.9436363636363636,False,0.116856234771071,9,40514.29999999976,"C (partida 0,10 / 2R)"
MNQ,london,2025-03-04,C,0.1,2.0,1,2025-03-04 08:40:00+00:00,2025-03-04 08:40:00+00:00,2025-03-04 08:45:00+00:00,20557.75,20539.75,20593.75,20539.5,stop,2,18.0,75.48,-71.0,2.48,2.0,-75.48,-1.0483333333333333,False,0.9415356423483491,8,40685.339999999764,"C (partida 0,10 / 2R)"
MNQ,london,2025-03-13,C,0.1,2.0,1,2025-03-13 08:50:00+00:00,2025-03-13 08:50:00+00:00,2025-03-13 09:05:00+00:00,19480.25,19461.0,19518.75,19460.75,stop,2,19.25,80.48,-76.0,2.48,2.0,-80.48,-1.0451948051948052,False,0.1372475090879397,8,40609.85999999976,"C (partida 0,10 / 2R)"
MNQ,london,2025-03-18,C,0.1,2.0,-1,2025-03-18 10:00:00+00:00,2025-03-18 10:00:00+00:00,2025-03-18 10:15:00+00:00,19768.5,19794.75,19716.0,19716.0,objetivo,1,26.25,54.24,105.5,1.24,0.5,103.76,1.9763809523809526,False,-0.27733870203583527,9,40529.37999999976,"C (partida 0,10 / 2R)"
MNQ,london,2025-03-19,C,0.1,2.0,1,2025-03-19 08:35:00+00:00,2025-03-19 08:35:00+00:00,2025-03-19 09:00:00+00:00,19538.5,19510.5,19594.5,19510.25,stop,1,28.0,57.74,-55.5,1.24,1.0,-57.74,-1.0310714285714286,False,0.9250999720742097,8,40633.13999999976,"C (partida 0,10 / 2R)"
MNQ,london,2025-03-20,C,0.1,2.0,-1,2025-03-20 09:05:00+00:00,2025-03-20 09:05:00+00:00,2025-03-20 09:25:00+00:00,19830.75,19850.75,19790.75,19790.75,objetivo,2,20.0,83.48,161.0,2.48,1.0,157.52,1.969,False,-0.11350840813205337,9,40575.39999999976,"C (partida 0,10 / 2R)"
MNQ,london,2025-03-25,C,0.1,2.0,1,2025-03-25 09:50:00+00:00,2025-03-25 09:50:00+00:00,2025-03-25 10:10:00+00:00,20337.75,20328.5,20356.25,20328.25,stop,5,9.25,101.19999999999999,-90.0,6.2,5.0,-101.2,-1.094054054054054,False,0.29555832050402886,9,40732.91999999976,"C (partida 0,10 / 2R)"
MNQ,london,2025-03-27,C,0.1,2.0,1,2025-03-27 09:05:00+00:00,2025-03-27 09:05:00+00:00,2025-03-27 09:05:00+00:00,20113.75,20097.75,20145.75,20097.5,stop,3,16.0,101.22,-94.5,3.7199999999999998,3.0,-101.22,-1.054375,False,0.7343636624249,9,40631.71999999976,"C (partida 0,10 / 2R)"
MNQ,london,2025-03-28,C,0.1,2.0,1,2025-03-28 09:20:00+00:00,2025-03-28 09:20:00+00:00,2025-03-28 09:20:00+00:00,19918.75,19913.5,19929.25,19913.25,stop,8,5.25,97.92,-80.0,9.92,8.0,-97.92,-1.1657142857142857,False,0.4707218638595473,9,40530.49999999976,"C (partida 0,10 / 2R)"
MNQ,london,2025-04-01,C,0.1,2.0,-1,2025-04-01 09:05:00+01:00,2025-04-01 09:05:00+01:00,2025-04-01 09:05:00+01:00,19396.75,19403.75,19382.75,19404.0,stop,6,7.0,94.44,-81.0,7.4399999999999995,6.0,-94.44,-1.1242857142857143,False,-0.8448488509342507,9,40432.57999999976,"C (partida 0,10 / 2R)"
MNQ,london,2025-04-04,C,0.1,2.0,-1,2025-04-04 08:55:00+01:00,2025-04-04 08:55:00+01:00,2025-04-04 09:20:00+01:00,18601.0,18631.75,18539.5,18632.0,stop,1,30.75,63.24,-61.0,1.24,1.0,-63.24,-1.0282926829268293,False,-0.17850532527318058,8,40338.13999999976,"C (partida 0,10 / 2R)"
MNQ,london,2025-04-08,C,0.1,2.0,-1,2025-04-08 09:30:00+01:00,2025-04-08 09:30:00+01:00,2025-04-08 09:30:00+01:00,17740.0,17743.5,17733.0,17743.75,stop,11,3.5,96.14,-71.5,13.64,11.0,-96.14,-1.2485714285714287,False,-0.3922501187752665,9,40274.89999999976,"C (partida 0,10 / 2R)"
MNQ,london,2025-04-17,C,0.1,2.0,-1,2025-04-17 09:45:00+01:00,2025-04-17 09:45:00+01:00,2025-04-17 09:55:00+01:00,18566.5,18582.5,18534.5,18534.5,objetivo,2,16.0,67.48,129.0,2.48,1.0,125.52,1.96125,False,-0.1600828071765949,9,40178.75999999976,"C (partida 0,10 / 2R)"
MNQ,london,2025-04-29,C,0.1,2.0,-1,2025-04-29 09:25:00+01:00,2025-04-29 09:25:00+01:00,2025-04-29 09:25:00+01:00,19559.75,19565.5,19548.25,19565.75,stop,7,5.75,92.68,-77.0,8.68,7.0,-92.68,-1.1513043478260871,False,-0.1652835939039633,9,40304.27999999976,"C (partida 0,10 / 2R)"
MNQ,london,2025-05-14,C,0.1,2.0,-1,2025-05-14 08:35:00+01:00,2025-05-14 08:35:00+01:00,2025-05-14 08:40:00+01:00,21287.75,21301.0,21261.25,21301.25,stop,3,13.25,84.72,-78.0,3.7199999999999998,3.0,-84.72,-1.0656603773584905,False,-1.648588360258598,8,40211.59999999976,"C (partida 0,10 / 2R)"
MNQ,london,2025-05-21,C,0.1,2.0,1,2025-05-21 08:55:00+01:00,2025-05-21 08:55:00+01:00,2025-05-21 09:00:00+01:00,21341.75,21335.75,21353.75,21335.5,stop,7,6.0,96.18,-80.5,8.68,7.0,-96.18,-1.145,False,0.28195204934524437,8,40126.87999999976,"C (partida 0,10 / 2R)"
MNQ,london,2025-05-22,C,0.1,2.0,-1,2025-05-22 08:50:00+01:00,2025-05-22 08:50:00+01:00,2025-05-22 08:55:00+01:00,21180.75,21192.75,21156.75,21193.0,stop,3,12.0,77.22,-70.5,3.7199999999999998,3.0,-77.22,-1.0725,False,-0.508172547789865,8,40030.69999999976,"C (partida 0,10 / 2R)"
MNQ,london,2025-05-23,C,0.1,2.0,-1,2025-05-23 10:10:00+01:00,2025-05-23 10:10:00+01:00,2025-05-23 10:10:00+01:00,21179.5,21183.0,21172.5,21183.25,stop,11,3.5,96.14,-71.5,13.64,11.0,-96.14,-1.2485714285714287,True,-0.10055241684075014,10,39953.479999999756,"C (partida 0,10 / 2R)"
MNQ,london,2025-05-29,C,0.1,2.0,1,2025-05-29 08:40:00+01:00,2025-05-29 08:40:00+01:00,2025-05-29 08:55:00+01:00,21802.5,21791.0,21825.5,21825.5,objetivo,4,11.5,98.96,186.0,4.96,2.0,179.04,1.9460869565217391,False,0.7274444672615548,8,39857.33999999976,"C (partida 0,10 / 2R)"
MNQ,london,2025-05-30,C,0.1,2.0,1,2025-05-30 08:45:00+01:00,2025-05-30 08:45:00+01:00,2025-05-30 08:50:00+01:00,21369.5,21359.75,21389.0,21359.5,stop,4,9.75,84.96,-76.0,4.96,4.0,-84.96,-1.0892307692307692,False,0.7210544610123134,8,40036.37999999976,"C (partida 0,10 / 2R)"
MNQ,london,2025-06-05,C,0.1,2.0,-1,2025-06-05 10:15:00+01:00,2025-06-05 10:15:00+01:00,2025-06-05 10:40:00+01:00,21771.0,21788.75,21735.5,21789.0,stop,2,17.75,74.48,-70.0,2.48,2.0,-74.48,-1.0490140845070424,False,-0.23338684133311474,10,39951.41999999976,"C (partida 0,10 / 2R)"
MNQ,london,2025-06-10,C,0.1,2.0,1,2025-06-10 09:50:00+01:00,2025-06-10 09:50:00+01:00,2025-06-10 09:50:00+01:00,21815.75,21808.75,21829.75,21808.5,stop,6,7.0,94.44,-81.0,7.4399999999999995,6.0,-94.44,-1.1242857142857143,False,0.11568517595656934,9,39876.939999999755,"C (partida 0,10 / 2R)"
MNQ,london,2025-06-12,C,0.1,2.0,-1,2025-06-12 08:45:00+01:00,2025-06-12 08:45:00+01:00,2025-06-12 08:50:00+01:00,21808.75,21822.5,21781.25,21781.25,objetivo,3,13.75,87.72,166.5,3.7199999999999998,1.5,161.28,1.954909090909091,False,-0.8903403705217018,8,39782.49999999975,"C (partida 0,10 / 2R)"
MNQ,london,2025-06-13,C,0.1,2.0,-1,2025-06-13 09:50:00+01:00,2025-06-13 09:50:00+01:00,2025-06-13 09:50:00+01:00,21594.0,21607.75,21566.5,21608.0,stop,3,13.75,87.72,-81.0,3.7199999999999998,3.0,-87.72,-1.0632727272727274,False,-0.1539330799415374,9,39943.77999999975,"C (partida 0,10 / 2R)"
MNQ,london,2025-06-24,C,0.1,2.0,-1,2025-06-24 08:50:00+01:00,2025-06-24 08:50:00+01:00,2025-06-24 08:50:00+01:00,22312.25,22324.75,22287.25,22287.25,objetivo,3,12.5,80.22,151.5,3.7199999999999998,1.5,146.28,1.9504,False,-1.197251723535732,8,39856.05999999975,"C (partida 0,10 / 2R)"
MNQ,london,2025-06-30,C,0.1,2.0,1,2025-06-30 09:15:00+01:00,2025-06-30 09:15:00+01:00,2025-06-30 09:20:00+01:00,22887.0,22877.5,22906.0,22877.25,stop,4,9.5,82.96,-74.0,4.96,4.0,-82.96,-1.091578947368421,False,0.4237478189590519,9,40002.33999999975,"C (partida 0,10 / 2R)"
MNQ,london,2025-07-03,C,0.1,2.0,-1,2025-07-03 09:45:00+01:00,2025-07-03 09:45:00+01:00,2025-07-03 11:00:00+01:00,22872.0,22885.25,22845.5,22850.0,cierre_sesion,3,13.25,84.72,135.0,3.7199999999999998,3.0,128.28,1.6135849056603773,False,-0.15109800801385634,9,39919.37999999975,"C (partida 0,10 / 2R)"
MNQ,london,2025-07-14,C,0.1,2.0,1,2025-07-14 08:50:00+01:00,2025-07-14 08:50:00+01:00,2025-07-14 09:50:00+01:00,22866.0,22854.0,22890.0,22890.0,objetivo,3,12.0,77.22,145.5,3.7199999999999998,1.5,140.28,1.9483333333333333,False,0.2724435548337803,8,40047.65999999975,"C (partida 0,10 / 2R)"
MNQ,london,2025-07-16,C,0.1,2.0,1,2025-07-16 09:30:00+01:00,2025-07-16 09:30:00+01:00,2025-07-16 09:35:00+01:00,22989.75,22983.75,23001.75,23001.75,objetivo,7,6.0,96.18,171.5,8.68,3.5,159.32,1.8966666666666665,False,0.3857462652484567,9,40187.93999999975,"C (partida 0,10 / 2R)"
MNQ,london,2025-07-17,C,0.1,2.0,-1,2025-07-17 09:20:00+01:00,2025-07-17 09:20:00+01:00,2025-07-17 09:55:00+01:00,23095.0,23110.25,23064.5,23110.5,stop,3,15.25,96.71999999999998,-90.0,3.7199999999999998,3.0,-96.72,-1.0570491803278688,False,-0.2738433189312275,9,40347.25999999975,"C (partida 0,10 / 2R)"
MNQ,london,2025-07-22,C,0.1,2.0,-1,2025-07-22 09:05:00+01:00,2025-07-22 09:05:00+01:00,2025-07-22 09:05:00+01:00,23306.25,23309.75,23299.25,23310.0,stop,11,3.5,96.14,-71.5,13.64,11.0,-96.14,-1.2485714285714287,False,-1.0940607218944687,9,40250.539999999746,"C (partida 0,10 / 2R)"
MNQ,london,2025-07-23,C,0.1,2.0,-1,2025-07-23 08:50:00+01:00,2025-07-23 08:50:00+01:00,2025-07-23 08:55:00+01:00,23251.25,23258.75,23236.25,23259.0,stop,5,7.5,83.69999999999999,-72.5,6.2,5.0,-83.7,-1.116,False,-0.8115366267753054,8,40154.39999999975,"C (partida 0,10 / 2R)"
MNQ,london,2025-07-24,C,0.1,2.0,1,2025-07-24 09:20:00+01:00,2025-07-24 09:20:00+01:00,2025-07-24 10:05:00+01:00,23378.0,23371.0,23392.0,23392.0,objetivo,6,7.0,94.44,171.0,7.4399999999999995,3.0,160.56,1.9114285714285715,False,0.219883428664441,9,40070.69999999975,"C (partida 0,10 / 2R)"
MNQ,london,2025-08-05,C,0.1,2.0,-1,2025-08-05 08:35:00+01:00,2025-08-05 08:35:00+01:00,2025-08-05 09:05:00+01:00,23348.0,23362.5,23319.0,23319.0,objetivo,3,14.5,92.22,175.5,3.7199999999999998,1.5,170.28,1.957241379310345,False,-1.2497663836683304,8,40231.25999999975,"C (partida 0,10 / 2R)"
MNQ,london,2025-08-11,C,0.1,2.0,-1,2025-08-11 08:35:00+01:00,2025-08-11 08:35:00+01:00,2025-08-11 08:50:00+01:00,23728.25,23743.25,23698.25,23698.25,objetivo,3,15.0,95.22,181.5,3.7199999999999998,1.5,176.28,1.9586666666666668,False,-1.1987532238698833,8,40401.539999999746,"C (partida 0,10 / 2R)"
MNQ,london,2025-08-12,C,0.1,2.0,-1,2025-08-12 09:40:00+01:00,2025-08-12 09:40:00+01:00,2025-08-12 10:50:00+01:00,23645.75,23651.75,23633.75,23652.0,stop,7,6.0,96.18,-80.5,8.68,7.0,-96.18,-1.145,False,-0.11092052178740912,9,40577.819999999745,"C (partida 0,10 / 2R)"
MNQ,london,2025-08-15,C,0.1,2.0,-1,2025-08-15 08:50:00+01:00,2025-08-15 08:50:00+01:00,2025-08-15 09:00:00+01:00,23935.0,23944.0,23917.0,23944.25,stop,5,9.0,98.69999999999999,-87.5,6.2,5.0,-98.7,-1.0966666666666667,False,-0.5726124279201478,8,40481.639999999745,"C (partida 0,10 / 2R)"
MNQ,london,2025-08-20,C,0.1,2.0,-1,2025-08-20 09:30:00+01:00,2025-08-20 09:30:00+01:00,2025-08-20 09:30:00+01:00,23378.5,23386.0,23363.5,23386.25,stop,6,7.5,100.44,-87.0,7.4399999999999995,6.0,-100.44,-1.1159999999999999,False,-0.4194691927370709,9,40382.93999999975,"C (partida 0,10 / 2R)"
MNQ,london,2025-08-21,C,0.1,2.0,1,2025-08-21 09:05:00+01:00,2025-08-21 09:05:00+01:00,2025-08-21 09:10:00+01:00,23353.25,23337.75,23384.25,23337.5,stop,3,15.5,98.22,-91.5,3.7199999999999998,3.0,-98.22,-1.0561290322580645,False,0.14665278525704978,9,40282.499999999745,"C (partida 0,10 / 2R)"
MNQ,london,2025-08-22,C,0.1,2.0,1,2025-08-22 08:35:00+01:00,2025-08-22 08:35:00+01:00,2025-08-22 08:40:00+01:00,23177.75,23172.75,23187.75,23172.5,stop,8,5.0,93.92,-76.0,9.92,8.0,-93.92,-1.174,False,0.8116449693351812,8,40184.279999999744,"C (partida 0,10 / 2R)"
MNQ,london,2025-08-26,C,0.1,2.0,1,2025-08-26 09:15:00+01:00,2025-08-26 09:15:00+01:00,2025-08-26 09:20:00+01:00,23465.25,23455.25,23485.25,23455.0,stop,4,10.0,86.96,-78.0,4.96,4.0,-86.96,-1.087,False,0.214820414664958,9,40090.359999999746,"C (partida 0,10 / 2R)"
MNQ,london,2025-08-28,C,0.1,2.0,-1,2025-08-28 10:35:00+01:00,2025-08-28 10:35:00+01:00,2025-08-28 10:35:00+01:00,23619.25,23624.75,23608.25,23625.0,stop,7,5.5,89.18,-73.5,8.68,7.0,-89.18,-1.1581818181818182,False,-0.11682374859293923,10,40003.39999999975,"C (partida 0,10 / 2R)"
MNQ,london,2025-09-09,C,0.1,2.0,-1,2025-09-09 09:15:00+01:00,2025-09-09 09:15:00+01:00,2025-09-09 09:20:00+01:00,23845.75,23852.25,23832.75,23852.5,stop,6,6.5,88.44,-75.0,7.4399999999999995,6.0,-88.44,-1.1338461538461537,False,-0.5508857983130778,9,39914.21999999975,"C (partida 0,10 / 2R)"
MNQ,london,2025-09-10,C,0.1,2.0,-1,2025-09-10 09:10:00+01:00,2025-09-10 09:10:00+01:00,2025-09-10 09:15:00+01:00,23918.25,23930.0,23894.75,23930.25,stop,3,11.75,75.72,-69.0,3.7199999999999998,3.0,-75.72,-1.0740425531914894,False,-0.6312715057105958,9,39825.779999999744,"C (partida 0,10 / 2R)"
MNQ,london,2025-09-23,C,0.1,2.0,1,2025-09-23 09:05:00+01:00,2025-09-23 09:05:00+01:00,2025-09-23 10:00:00+01:00,25012.25,24998.0,25040.75,24997.75,stop,3,14.25,90.72,-84.0,3.7199999999999998,3.0,-90.72,-1.0610526315789472,False,0.4714185854755543,9,39750.05999999974,"C (partida 0,10 / 2R)"
MNQ,london,2025-09-25,C,0.1,2.0,1,2025-09-25 09:05:00+01:00,2025-09-25 09:05:00+01:00,2025-09-25 09:45:00+01:00,24750.5,24734.5,24782.5,24734.25,stop,2,16.0,67.48,-63.0,2.48,2.0,-67.48,-1.054375,False,0.9249904186941524,9,39659.33999999974,"C (partida 0,10 / 2R)"
MNQ,london,2025-09-26,C,0.1,2.0,-1,2025-09-26 09:35:00+01:00,2025-09-26 09:35:00+01:00,2025-09-26 09:40:00+01:00,24636.25,24641.25,24626.25,24626.25,objetivo,8,5.0,93.92,164.0,9.92,4.0,150.08,1.8760000000000001,False,-0.1049358629002935,9,39591.85999999974,"C (partida 0,10 / 2R)"
MNQ,london,2025-10-01,C,0.1,2.0,1,2025-10-01 09:45:00+01:00,2025-10-01 09:45:00+01:00,2025-10-01 11:00:00+01:00,24727.0,24705.75,24769.5,24745.5,cierre_sesion,2,21.25,88.48,76.0,2.48,2.0,71.52,0.8414117647058823,False,0.5439914816389038,9,39741.93999999974,"C (partida 0,10 / 2R)"
MNQ,london,2025-10-03,C,0.1,2.0,-1,2025-10-03 08:55:00+01:00,2025-10-03 08:55:00+01:00,2025-10-03 10:00:00+01:00,25179.25,25186.5,25164.75,25186.75,stop,6,7.25,97.44000000000001,-84.0,7.4399999999999995,6.0,-97.44,-1.1199999999999999,False,-0.30100166088155966,8,39813.45999999974,"C (partida 0,10 / 2R)"
MNQ,london,2025-10-06,C,0.1,2.0,1,2025-10-06 09:15:00+01:00,2025-10-06 09:15:00+01:00,2025-10-06 09:15:00+01:00,25105.25,25099.75,25116.25,25099.5,stop,7,5.5,89.18,-73.5,8.68,7.0,-89.18,-1.1581818181818182,False,0.37785561036810944,9,39716.019999999735,"C (partida 0,10 / 2R)"
MNQ,london,2025-10-10,C,0.1,2.0,1,2025-10-10 09:15:00+01:00,2025-10-10 09:15:00+01:00,2025-10-10 09:20:00+01:00,25333.0,25324.75,25349.5,25324.5,stop,5,8.25,91.19999999999999,-80.0,6.2,5.0,-91.2,-1.1054545454545455,False,0.22313036494243538,9,39626.839999999735,"C (partida 0,10 / 2R)"
MNQ,london,2025-10-13,C,0.1,2.0,-1,2025-10-13 09:40:00+01:00,2025-10-13 09:40:00+01:00,2025-10-13 09:55:00+01:00,24859.75,24879.5,24820.25,24879.75,stop,2,19.75,82.48,-78.0,2.48,2.0,-82.48,-1.0440506329113926,False,-0.19747872837788805,9,39535.63999999974,"C (partida 0,10 / 2R)"
MNQ,london,2025-10-14,C,0.1,2.0,1,2025-10-14 10:05:00+01:00,2025-10-14 10:05:00+01:00,2025-10-14 10:10:00+01:00,24701.75,24686.0,24733.25,24685.75,stop,2,15.75,66.48,-62.0,2.48,2.0,-66.48,-1.0552380952380953,False,0.10527306210761472,10,39453.159999999734,"C (partida 0,10 / 2R)"
MNQ,london,2025-10-20,C,0.1,2.0,-1,2025-10-20 09:20:00+01:00,2025-10-20 09:20:00+01:00,2025-10-20 11:00:00+01:00,25098.5,25121.25,25053.0,25087.5,cierre_sesion,2,22.75,94.48,46.0,2.48,2.0,41.52,0.4562637362637363,False,-0.2576633142475182,9,39386.67999999973,"C (partida 0,10 / 2R)"
MNQ,london,2025-10-23,C,0.1,2.0,-1,2025-10-23 09:50:00+01:00,2025-10-23 09:50:00+01:00,2025-10-23 09:50:00+01:00,25084.5,25090.0,25073.5,25073.5,objetivo,7,5.5,89.18,157.5,8.68,3.5,145.32,1.8872727272727272,False,-0.13075850062280428,9,39428.19999999973,"C (partida 0,10 / 2R)"
MNQ,london,2025-10-24,C,0.1,2.0,-1,2025-10-24 08:50:00+01:00,2025-10-24 08:50:00+01:00,2025-10-24 09:45:00+01:00,25337.25,25357.0,25297.75,25357.25,stop,2,19.75,82.48,-78.0,2.48,2.0,-82.48,-1.0440506329113926,False,-0.324873517865846,8,39573.51999999973,"C (partida 0,10 / 2R)"
MNQ,london,2025-10-24,C,0.1,2.0,1,2025-10-24 09:50:00+01:00,2025-10-24 09:50:00+01:00,2025-10-24 09:55:00+01:00,25365.75,25352.75,25391.75,25352.5,stop,3,13.0,83.22,-76.5,3.7199999999999998,3.0,-83.22,-1.0669230769230769,False,0.19420857024145788,9,39491.039999999724,"C (partida 0,10 / 2R)"
MNQ,london,2025-10-29,C,0.1,2.0,-1,2025-10-29 08:50:00+00:00,2025-10-29 08:50:00+00:00,2025-10-29 09:00:00+00:00,26275.0,26282.5,26260.0,26260.0,objetivo,5,7.5,83.69999999999999,152.5,6.2,2.5,143.8,1.9173333333333336,False,-0.657963979564622,8,39407.81999999972,"C (partida 0,10 / 2R)"
MNQ,london,2025-11-06,C,0.1,2.0,1,2025-11-06 09:05:00+00:00,2025-11-06 09:05:00+00:00,2025-11-06 09:15:00+00:00,25692.0,25670.75,25734.5,25734.5,objetivo,2,21.25,88.48,171.0,2.48,1.0,167.52,1.9708235294117649,False,0.6100742643379623,9,39551.619999999726,"C (partida 0,10 / 2R)"
MNQ,london,2025-11-07,C,0.1,2.0,-1,2025-11-07 08:35:00+00:00,2025-11-07 08:35:00+00:00,2025-11-07 08:45:00+00:00,25291.75,25307.75,25259.75,25308.0,stop,2,16.0,67.48,-63.0,2.48,2.0,-67.48,-1.054375,False,-0.7805648343599568,8,39719.13999999972,"C (partida 0,10 / 2R)"
MNQ,london,2025-11-14,C,0.1,2.0,1,2025-11-14 09:15:00+00:00,2025-11-14 09:15:00+00:00,2025-11-14 09:15:00+00:00,24996.75,24988.75,25012.75,24988.5,stop,5,8.0,88.69999999999999,-77.5,6.2,5.0,-88.7,-1.1087500000000001,False,0.2953362817197467,9,39651.65999999972,"C (partida 0,10 / 2R)"
MNQ,london,2025-11-17,C,0.1,2.0,-1,2025-11-17 09:30:00+00:00,2025-11-17 09:30:00+00:00,2025-11-17 09:30:00+00:00,25310.25,25317.5,25295.75,25317.75,stop,6,7.25,97.44000000000001,-84.0,7.4399999999999995,6.0,-97.44,-1.1199999999999999,False,-0.37423043576565235,9,39562.95999999972,"C (partida 0,10 / 2R)"
MNQ,london,2025-11-21,C,0.1,2.0,1,2025-11-21 08:50:00+00:00,2025-11-21 08:50:00+00:00,2025-11-21 08:50:00+00:00,24164.0,24156.25,24179.5,24156.0,stop,5,7.75,86.19999999999999,-75.0,6.2,5.0,-86.2,-1.112258064516129,True,0.15161198065630196,8,39465.51999999972,"C (partida 0,10 / 2R)"
MNQ,london,2025-12-01,C,0.1,2.0,-1,2025-12-01 09:50:00+00:00,2025-12-01 09:50:00+00:00,2025-12-01 10:05:00+00:00,25288.5,25300.75,25264.0,25301.0,stop,3,12.25,78.72,-72.0,3.7199999999999998,3.0,-78.72,-1.0710204081632653,False,-0.20920932147989477,9,39379.31999999972,"C (partida 0,10 / 2R)"
MNQ,london,2025-12-02,C,0.1,2.0,1,2025-12-02 08:45:00+00:00,2025-12-02 08:45:00+00:00,2025-12-02 08:45:00+00:00,25385.25,25376.0,25403.75,25403.75,objetivo,4,9.25,80.96,150.0,4.96,2.0,143.04,1.9329729729729728,False,0.826994522706336,8,39300.59999999972,"C (partida 0,10 / 2R)"
MNQ,london,2025-12-04,C,0.1,2.0,1,2025-12-04 09:35:00+00:00,2025-12-04 09:35:00+00:00,2025-12-04 10:50:00+00:00,25663.75,25645.5,25700.25,25645.25,stop,2,18.25,76.48,-72.0,2.48,2.0,-76.48,-1.0476712328767124,False,0.15627199302577555,9,39443.63999999972,"C (partida 0,10 / 2R)"
MNQ,london,2025-12-05,C,0.1,2.0,-1,2025-12-05 09:15:00+00:00,2025-12-05 09:15:00+00:00,2025-12-05 09:25:00+00:00,25716.25,25725.5,25697.75,25725.75,stop,4,9.25,80.96,-72.0,4.96,4.0,-80.96,-1.094054054054054,False,-0.30553904022010114,9,39367.15999999972,"C (partida 0,10 / 2R)"
MNQ,london,2025-12-09,C,0.1,2.0,-1,2025-12-09 09:15:00+00:00,2025-12-09 09:15:00+00:00,2025-12-09 09:15:00+00:00,25680.5,25684.75,25672.0,25672.0,objetivo,9,4.25,92.16,157.5,11.16,4.5,141.84,1.8541176470588236,False,-0.30840273948400354,9,39286.19999999972,"C (partida 0,10 / 2R)"
MNQ,london,2025-12-10,C,0.1,2.0,-1,2025-12-10 09:25:00+00:00,2025-12-10 09:25:00+00:00,2025-12-10 09:45:00+00:00,25711.0,25717.5,25698.0,25717.75,stop,6,6.5,88.44,-75.0,7.4399999999999995,6.0,-88.44,-1.1338461538461537,False,-0.2812308425562229,9,39428.03999999972,"C (partida 0,10 / 2R)"
MNQ,london,2025-12-11,C,0.1,2.0,1,2025-12-11 09:00:00+00:00,2025-12-11 09:00:00+00:00,2025-12-11 09:20:00+00:00,25536.5,25509.75,25590.0,25590.0,objetivo,1,26.75,55.24,107.5,1.24,0.5,105.76,1.9768224299065422,False,0.14880042801162563,8,39339.599999999715,"C (partida 0,10 / 2R)"
MNQ,london,2025-12-12,C,0.1,2.0,1,2025-12-12 08:40:00+00:00,2025-12-12 08:40:00+00:00,2025-12-12 08:40:00+00:00,25679.0,25672.75,25691.5,25672.5,stop,6,6.25,85.44,-72.0,7.4399999999999995,6.0,-85.44,-1.1392,False,0.365455332333392,8,39445.35999999972,"C (partida 0,10 / 2R)"
MNQ,london,2025-12-26,C,0.1,2.0,1,2025-12-26 09:15:00+00:00,2025-12-26 09:15:00+00:00,2025-12-26 09:15:00+00:00,25871.0,25867.0,25879.0,25866.75,stop,10,4.0,97.4,-75.0,12.4,10.0,-97.4,-1.2175,False,0.6175018914331607,9,39359.919999999714,"C (partida 0,10 / 2R)"
MNQ,london,2026-01-08,C,0.1,2.0,-1,2026-01-08 09:45:00+00:00,2026-01-08 09:45:00+00:00,2026-01-08 09:55:00+00:00,25759.5,25765.25,25748.0,25765.5,stop,7,5.75,92.68,-77.0,8.68,7.0,-92.68,-1.1513043478260871,False,-0.1956948019969819,9,39262.51999999971,"C (partida 0,10 / 2R)"
MNQ,london,2026-01-09,C,0.1,2.0,-1,2026-01-09 09:00:00+00:00,2026-01-09 09:00:00+00:00,2026-01-09 09:00:00+00:00,25674.0,25679.75,25662.5,25680.0,stop,7,5.75,92.68,-77.0,8.68,7.0,-92.68,-1.1513043478260871,False,-0.34126042855870287,8,39169.83999999971,"C (partida 0,10 / 2R)"
MNQ,london,2026-01-13,C,0.1,2.0,-1,2026-01-13 08:35:00+00:00,2026-01-13 08:35:00+00:00,2026-01-13 09:00:00+00:00,25898.0,25923.75,25846.5,25924.0,stop,1,25.75,53.24,-51.0,1.24,1.0,-53.24,-1.0337864077669903,False,-0.23004472691728267,8,39077.15999999971,"C (partida 0,10 / 2R)"
MNQ,london,2026-01-13,C,0.1,2.0,1,2026-01-13 09:10:00+00:00,2026-01-13 09:10:00+00:00,2026-01-13 09:10:00+00:00,25919.25,25915.75,25926.25,25926.25,objetivo,11,3.5,96.14,159.5,13.64,5.5,140.36,1.822857142857143,False,0.1519302589862335,9,39023.919999999714,"C (partida 0,10 / 2R)"
MNQ,london,2026-01-14,C,0.1,2.0,-1,2026-01-14 08:35:00+00:00,2026-01-14 08:35:00+00:00,2026-01-14 09:00:00+00:00,25848.0,25866.0,25812.0,25866.25,stop,2,18.0,75.48,-71.0,2.48,2.0,-75.48,-1.0483333333333333,False,-0.5898495404966719,8,39164.279999999715,"C (partida 0,10 / 2R)"
MNQ,london,2026-01-14,C,0.1,2.0,1,2026-01-14 09:15:00+00:00,2026-01-14 09:15:00+00:00,2026-01-14 09:25:00+00:00,25874.5,25867.75,25888.0,25867.5,stop,6,6.75,91.44,-78.0,7.4399999999999995,6.0,-91.44,-1.1288888888888888,False,0.11977119985506514,9,39088.79999999971,"C (partida 0,10 / 2R)"
MNQ,london,2026-01-16,C,0.1,2.0,-1,2026-01-16 08:35:00+00:00,2026-01-16 08:35:00+00:00,2026-01-16 08:50:00+00:00,25811.25,25821.25,25791.25,25821.5,stop,4,10.0,86.96,-78.0,4.96,4.0,-86.96,-1.087,False,-0.6904192691810217,8,38997.35999999971,"C (partida 0,10 / 2R)"
MNQ,london,2026-01-19,C,0.1,2.0,1,2026-01-19 08:35:00+00:00,2026-01-19 08:35:00+00:00,2026-01-19 08:40:00+00:00,25390.5,25379.25,25413.0,25379.0,stop,4,11.25,96.96,-88.0,4.96,4.0,-96.96,-1.0773333333333333,False,0.45162062972890255,8,38910.39999999971,"C (partida 0,10 / 2R)"
MNQ,london,2026-01-19,C,0.1,2.0,-1,2026-01-19 09:15:00+00:00,2026-01-19 09:15:00+00:00,2026-01-19 09:25:00+00:00,25346.75,25366.75,25306.75,25306.75,objetivo,2,20.0,83.48,161.0,2.48,1.0,157.52,1.969,False,-0.10513111220508792,9,38813.43999999971,"C (partida 0,10 / 2R)"
MNQ,london,2026-01-21,C,0.1,2.0,1,2026-01-21 08:45:00+00:00,2026-01-21 08:45:00+00:00,2026-01-21 08:50:00+00:00,25225.75,25219.25,25238.75,25219.0,stop,6,6.5,88.44,-75.0,7.4399999999999995,6.0,-88.44,-1.1338461538461537,False,0.45003467471473907,8,38970.95999999971,"C (partida 0,10 / 2R)"
MNQ,london,2026-01-26,C,0.1,2.0,-1,2026-01-26 09:30:00+00:00,2026-01-26 09:30:00+00:00,2026-01-26 09:30:00+00:00,25687.25,25699.75,25662.25,25662.25,objetivo,3,12.5,80.22,151.5,3.7199999999999998,1.5,146.28,1.9504,False,-0.3538813871970825,9,38882.519999999706,"C (partida 0,10 / 2R)"
MNQ,london,2026-01-28,C,0.1,2.0,-1,2026-01-28 08:50:00+00:00,2026-01-28 08:50:00+00:00,2026-01-28 10:35:00+00:00,26279.0,26303.75,26229.5,26304.0,stop,1,24.75,51.24,-49.0,1.24,1.0,-51.24,-1.0351515151515152,False,-0.22934287122255462,8,39028.799999999705,"C (partida 0,10 / 2R)"
MNQ,london,2026-01-30,C,0.1,2.0,1,2026-01-30 09:05:00+00:00,2026-01-30 09:05:00+00:00,2026-01-30 09:05:00+00:00,25776.75,25748.75,25832.75,25748.5,stop,1,28.0,57.74,-55.5,1.24,1.0,-57.74,-1.0310714285714286,False,0.36358259107132884,9,38977.55999999971,"C (partida 0,10 / 2R)"
MNQ,london,2026-02-03,C,0.1,2.0,-1,2026-02-03 08:45:00+00:00,2026-02-03 08:45:00+00:00,2026-02-03 08:45:00+00:00,25988.75,25994.25,25977.75,25994.5,stop,7,5.5,89.18,-73.5,8.68,7.0,-89.18,-1.1581818181818182,False,-0.21567945896911567,8,38919.81999999971,"C (partida 0,10 / 2R)"
MNQ,london,2026-02-05,C,0.1,2.0,-1,2026-02-05 09:00:00+00:00,2026-02-05 09:00:00+00:00,2026-02-05 09:00:00+00:00,24999.75,25036.75,24925.75,25037.0,stop,1,37.0,75.74,-73.5,1.24,1.0,-75.74,-1.0235135135135134,False,-0.7112638952231611,8,38830.63999999971,"C (partida 0,10 / 2R)"
MNQ,london,2026-02-09,C,0.1,2.0,-1,2026-02-09 09:00:00+00:00,2026-02-09 09:00:00+00:00,2026-02-09 09:00:00+00:00,25160.25,25181.25,25118.25,25181.5,stop,2,21.0,87.48,-83.0,2.48,2.0,-87.48,-1.0414285714285714,False,-0.3520177232152099,8,38754.89999999971,"C (partida 0,10 / 2R)"
MNQ,london,2026-02-12,C,0.1,2.0,-1,2026-02-12 08:45:00+00:00,2026-02-12 08:45:00+00:00,2026-02-12 08:45:00+00:00,25331.0,25336.0,25321.0,25336.25,stop,8,5.0,93.92,-76.0,9.92,8.0,-93.92,-1.174,False,-0.5368173312824794,8,38667.41999999971,"C (partida 0,10 / 2R)"
MNQ,london,2026-02-17,C,0.1,2.0,-1,2026-02-17 10:35:00+00:00,2026-02-17 10:35:00+00:00,2026-02-17 10:40:00+00:00,24642.75,24661.25,24605.75,24605.75,objetivo,2,18.5,77.48,149.0,2.48,1.0,145.52,1.9664864864864866,False,-0.1208792048387505,10,38573.49999999971,"C (partida 0,10 / 2R)"
MNQ,london,2026-02-19,C,0.1,2.0,-1,2026-02-19 08:50:00+00:00,2026-02-19 08:50:00+00:00,2026-02-19 09:25:00+00:00,24986.75,25010.5,24939.25,24939.25,objetivo,1,23.75,49.24,95.5,1.24,0.5,93.76,1.9738947368421054,False,-0.3874507569710863,8,38719.019999999706,"C (partida 0,10 / 2R)"
MNQ,london,2026-02-24,C,0.1,2.0,1,2026-02-24 09:30:00+00:00,2026-02-24 09:30:00+00:00,2026-02-24 09:30:00+00:00,24825.25,24820.5,24834.75,24820.25,stop,8,4.75,89.92,-72.0,9.92,8.0,-89.92,-1.1831578947368422,False,0.35858148355743585,9,38812.77999999971,"C (partida 0,10 / 2R)"
MNQ,london,2026-02-24,C,0.1,2.0,1,2026-02-24 09:40:00+00:00,2026-02-24 09:40:00+00:00,2026-02-24 11:00:00+00:00,24821.25,24794.0,24875.75,24842.25,cierre_sesion,1,27.25,56.24,43.0,1.24,1.0,40.76,0.7478899082568807,False,0.33769754342342556,9,38722.85999999971,"C (partida 0,10 / 2R)"
MNQ,london,2026-03-02,C,0.1,2.0,1,2026-03-02 09:10:00+00:00,2026-03-02 09:10:00+00:00,2026-03-02 11:00:00+00:00,24617.75,24570.5,24712.25,24657.5,cierre_sesion,1,47.25,96.24,80.5,1.24,1.0,78.26,0.8281481481481482,False,0.6123969788803216,9,38763.61999999971,"C (partida 0,10 / 2R)"
MNQ,london,2026-03-10,C,0.1,2.0,-1,2026-03-10 10:10:00+00:00,2026-03-10 10:10:00+00:00,2026-03-10 10:15:00+00:00,25076.0,25083.25,25061.5,25061.5,objetivo,5,7.25,81.20000000000002,147.5,6.2,2.5,138.8,1.9144827586206898,False,-0.1734761276825212,10,38841.87999999971,"C (partida 0,10 / 2R)"
MNQ,london,2026-03-13,C,0.1,2.0,1,2026-03-13 08:55:00+00:00,2026-03-13 08:55:00+00:00,2026-03-13 09:00:00+00:00,24511.25,24488.75,24556.25,24556.25,objetivo,2,22.5,93.48,181.0,2.48,1.0,177.52,1.9724444444444447,False,0.793070041162173,8,38980.67999999972,"C (partida 0,10 / 2R)"
MNQ,london,2026-03-20,C,0.1,2.0,-1,2026-03-20 09:00:00+00:00,2026-03-20 09:00:00+00:00,2026-03-20 09:05:00+00:00,24347.75,24359.75,24323.75,24360.0,stop,3,12.0,77.22,-70.5,3.7199999999999998,3.0,-77.22,-1.0725,False,-0.7823353269843767,8,39158.19999999971,"C (partida 0,10 / 2R)"
MNQ,london,2026-03-24,C,0.1,2.0,-1,2026-03-24 08:50:00+00:00,2026-03-24 08:50:00+00:00,2026-03-24 08:50:00+00:00,24407.5,24422.25,24378.0,24378.0,objetivo,3,14.75,93.72,178.5,3.7199999999999998,1.5,173.28,1.9579661016949153,False,-0.9747659691017626,8,39080.97999999971,"C (partida 0,10 / 2R)"
MNQ,london,2026-03-25,C,0.1,2.0,-1,2026-03-25 09:50:00+00:00,2026-03-25 09:50:00+00:00,2026-03-25 09:55:00+00:00,24423.5,24441.5,24387.5,24441.75,stop,2,18.0,75.48,-71.0,2.48,2.0,-75.48,-1.0483333333333333,False,-0.25571343536918284,9,39254.25999999971,"C (partida 0,10 / 2R)"
MNQ,london,2026-03-31,C,0.1,2.0,1,2026-03-31 08:45:00+01:00,2026-03-31 08:45:00+01:00,2026-03-31 09:40:00+01:00,23339.25,23312.5,23392.75,23312.25,stop,1,26.75,55.24,-53.0,1.24,1.0,-55.24,-1.0325233644859813,False,0.2002555655479474,8,39178.77999999971,"C (partida 0,10 / 2R)"
MNQ,london,2026-04-01,C,0.1,2.0,-1,2026-04-01 09:05:00+01:00,2026-04-01 09:05:00+01:00,2026-04-01 09:05:00+01:00,24082.5,24094.25,24059.0,24059.0,objetivo,3,11.75,75.72,142.5,3.7199999999999998,1.5,137.28,1.9472340425531915,False,-0.9622831677189193,9,39123.53999999971,"C (partida 0,10 / 2R)"
MNQ,london,2026-04-03,C,0.1,2.0,1,2026-04-03 09:10:00+01:00,2026-04-03 09:10:00+01:00,2026-04-03 09:15:00+01:00,24160.25,24154.75,24171.25,24154.5,stop,7,5.5,89.18,-73.5,8.68,7.0,-89.18,-1.1581818181818182,False,0.4237058167607428,9,39260.81999999971,"C (partida 0,10 / 2R)"
MNQ,london,2026-04-10,C,0.1,2.0,1,2026-04-10 10:30:00+01:00,2026-04-10 10:30:00+01:00,2026-04-10 10:30:00+01:00,25237.75,25225.75,25261.75,25225.5,stop,3,12.0,77.22,-70.5,3.7199999999999998,3.0,-77.22,-1.0725,False,0.19643528392986295,10,39171.63999999971,"C (partida 0,10 / 2R)"
MNQ,london,2026-04-13,C,0.1,2.0,-1,2026-04-13 10:00:00+01:00,2026-04-13 10:00:00+01:00,2026-04-13 10:00:00+01:00,25097.75,25110.25,25072.75,25110.5,stop,3,12.5,80.22,-73.5,3.7199999999999998,3.0,-80.22,-1.0695999999999999,False,-0.1556437811816098,9,39094.41999999971,"C (partida 0,10 / 2R)"
MNQ,london,2026-04-16,C,0.1,2.0,-1,2026-04-16 09:05:00+01:00,2026-04-16 09:05:00+01:00,2026-04-16 11:00:00+01:00,26444.75,26464.75,26404.75,26454.0,cierre_sesion,2,20.0,83.48,-35.0,2.48,2.0,-39.48,-0.49349999999999994,False,-0.17774543446141092,9,39014.199999999706,"C (partida 0,10 / 2R)"
MNQ,london,2026-04-21,C,0.1,2.0,1,2026-04-21 09:45:00+01:00,2026-04-21 09:45:00+01:00,2026-04-21 10:00:00+01:00,26848.5,26824.25,26897.0,26824.0,stop,1,24.25,50.24,-48.0,1.24,1.0,-50.24,-1.0358762886597939,False,0.17915397726025448,9,38974.7199999997,"C (partida 0,10 / 2R)"
MNQ,london,2026-04-22,C,0.1,2.0,-1,2026-04-22 09:20:00+01:00,2026-04-22 09:20:00+01:00,2026-04-22 09:30:00+01:00,26824.75,26837.0,26800.25,26800.25,objetivo,3,12.25,78.72,148.5,3.7199999999999998,1.5,143.28,1.9493877551020409,False,-0.22523724457625086,9,38924.479999999705,"C (partida 0,10 / 2R)"
MNQ,london,2026-04-27,C,0.1,2.0,1,2026-04-27 09:55:00+01:00,2026-04-27 09:55:00+01:00,2026-04-27 10:10:00+01:00,27439.75,27434.5,27450.25,27450.25,objetivo,7,5.25,85.68,150.5,8.68,3.5,138.32,1.8819047619047617,False,0.17534073497960173,9,39067.759999999704,"C (partida 0,10 / 2R)"
MNQ,london,2026-04-28,C,0.1,2.0,1,2026-04-28 09:40:00+01:00,2026-04-28 09:40:00+01:00,2026-04-28 09:40:00+01:00,27355.75,27346.5,27374.25,27346.25,stop,4,9.25,80.96,-72.0,4.96,4.0,-80.96,-1.094054054054054,False,0.13846529891998297,9,39206.0799999997,"C (partida 0,10 / 2R)"
MNQ,london,2026-05-04,C,0.1,2.0,-1,2026-05-04 09:05:00+01:00,2026-05-04 09:05:00+01:00,2026-05-04 10:10:00+01:00,27883.0,27914.5,27820.0,27914.75,stop,1,31.5,64.74,-62.5,1.24,1.0,-64.74,-1.0276190476190474,False,-0.10060932616819407,9,39125.119999999704,"C (partida 0,10 / 2R)"
MNQ,london,2026-05-07,C,0.1,2.0,-1,2026-05-07 09:45:00+01:00,2026-05-07 09:45:00+01:00,2026-05-07 10:20:00+01:00,28741.25,28760.5,28702.75,28760.75,stop,2,19.25,80.48,-76.0,2.48,2.0,-80.48,-1.0451948051948052,False,-0.2628449768870691,9,39060.379999999706,"C (partida 0,10 / 2R)"
MNQ,london,2026-05-11,C,0.1,2.0,1,2026-05-11 10:15:00+01:00,2026-05-11 10:15:00+01:00,2026-05-11 10:20:00+01:00,29315.0,29306.25,29332.5,29332.5,objetivo,5,8.75,96.19999999999999,177.5,6.2,2.5,168.8,1.9291428571428573,False,0.10076594750183329,10,38979.8999999997,"C (partida 0,10 / 2R)"
MNQ,london,2026-05-19,C,0.1,2.0,-1,2026-05-19 09:30:00+01:00,2026-05-19 09:30:00+01:00,2026-05-19 09:30:00+01:00,28988.75,29006.5,28953.25,29006.75,stop,2,17.75,74.48,-70.0,2.48,2.0,-74.48,-1.0490140845070424,False,-0.4245188040763716,9,39148.699999999706,"C (partida 0,10 / 2R)"
MNQ,london,2026-05-21,C,0.1,2.0,1,2026-05-21 09:10:00+01:00,2026-05-21 09:10:00+01:00,2026-05-21 09:10:00+01:00,29372.5,29344.0,29429.5,29429.5,objetivo,1,28.5,58.74,114.5,1.24,0.5,112.76,1.978245614035088,False,1.017868819651596,9,39074.2199999997,"C (partida 0,10 / 2R)"
MNQ,london,2026-05-22,C,0.1,2.0,1,2026-05-22 09:00:00+01:00,2026-05-22 09:00:00+01:00,2026-05-22 09:15:00+01:00,29584.25,29561.75,29629.25,29629.25,objetivo,2,22.5,93.48,181.0,2.48,1.0,177.52,1.9724444444444447,False,0.12972365734282937,8,39186.979999999705,"C (partida 0,10 / 2R)"
MNQ,london,2026-05-25,C,0.1,2.0,1,2026-05-25 09:00:00+01:00,2026-05-25 09:00:00+01:00,2026-05-25 09:00:00+01:00,29972.0,29965.25,29985.5,29965.0,stop,6,6.75,91.44,-78.0,7.4399999999999995,6.0,-91.44,-1.1288888888888888,False,0.787787815480736,8,39364.4999999997,"C (partida 0,10 / 2R)"
MNQ,london,2026-05-29,C,0.1,2.0,-1,2026-05-29 08:35:00+01:00,2026-05-29 08:35:00+01:00,2026-05-29 08:35:00+01:00,30293.0,30303.25,30272.5,30272.5,objetivo,4,10.25,88.96,166.0,4.96,2.0,159.04,1.9395121951219512,False,-1.4466734747855174,8,39273.0599999997,"C (partida 0,10 / 2R)"
MNQ,london,2026-06-04,C,0.1,2.0,-1,2026-06-04 09:05:00+01:00,2026-06-04 09:05:00+01:00,2026-06-04 09:10:00+01:00,30470.5,30500.5,30410.5,30410.5,objetivo,1,30.0,61.74,120.5,1.24,0.5,118.76,1.9793333333333334,False,-0.42251864081232443,9,39432.0999999997,"C (partida 0,10 / 2R)"
MNQ,london,2026-06-05,C,0.1,2.0,1,2026-06-05 09:20:00+01:00,2026-06-05 09:20:00+01:00,2026-06-05 09:25:00+01:00,30154.5,30127.0,30209.5,30209.5,objetivo,1,27.5,56.74,110.5,1.24,0.5,108.76,1.9774545454545456,False,0.38008482178824043,9,39550.8599999997,"C (partida 0,10 / 2R)"
MNQ,london,2026-06-08,C,0.1,2.0,-1,2026-06-08 10:10:00+01:00,2026-06-08 10:10:00+01:00,2026-06-08 10:15:00+01:00,29148.75,29191.25,29063.75,29191.5,stop,1,42.5,86.74,-84.5,1.24,1.0,-86.74,-1.020470588235294,False,-0.1356464741715669,10,39659.619999999704,"C (partida 0,10 / 2R)"
MNQ,london,2026-06-09,C,0.1,2.0,-1,2026-06-09 08:35:00+01:00,2026-06-09 08:35:00+01:00,2026-06-09 08:45:00+01:00,29612.5,29627.0,29583.5,29627.25,stop,3,14.5,92.22,-85.5,3.7199999999999998,3.0,-92.22,-1.06,False,-0.31364786122119104,8,39572.879999999706,"C (partida 0,10 / 2R)"
MNQ,london,2026-06-10,C,0.1,2.0,-1,2026-06-10 08:45:00+01:00,2026-06-10 08:45:00+01:00,2026-06-10 08:45:00+01:00,28946.0,28961.25,28915.5,28961.5,stop,3,15.25,96.71999999999998,-90.0,3.7199999999999998,3.0,-96.72,-1.0570491803278688,False,-0.23890613489629633,8,39480.659999999705,"C (partida 0,10 / 2R)"
MNQ,london,2026-06-12,C,0.1,2.0,1,2026-06-12 09:05:00+01:00,2026-06-12 09:05:00+01:00,2026-06-12 09:15:00+01:00,29458.0,29416.0,29542.0,29542.0,objetivo,1,42.0,85.74,168.5,1.24,0.5,166.76,1.985238095238095,False,1.278054906186061,9,39383.939999999704,"C (partida 0,10 / 2R)"
MNQ,london,2026-06-17,C,0.1,2.0,-1,2026-06-17 09:30:00+01:00,2026-06-17 09:30:00+01:00,2026-06-17 09:45:00+01:00,30201.75,30225.75,30153.75,30153.75,objetivo,1,24.0,49.74,96.5,1.24,0.5,94.76,1.9741666666666668,False,-0.28728478627542464,9,39550.699999999706,"C (partida 0,10 / 2R)"
MNQ,london,2026-06-22,C,0.1,2.0,-1,2026-06-22 09:25:00+01:00,2026-06-22 09:25:00+01:00,2026-06-22 09:25:00+01:00,30710.5,30715.25,30701.0,30701.0,objetivo,8,4.75,89.92,156.0,9.92,4.0,142.08,1.8694736842105264,False,-0.7429986602467713,9,39645.45999999971,"C (partida 0,10 / 2R)"
MNQ,london,2026-06-24,C,0.1,2.0,1,2026-06-24 09:15:00+01:00,2026-06-24 09:15:00+01:00,2026-06-24 09:25:00+01:00,29857.75,29820.25,29932.75,29820.0,stop,1,37.5,76.74,-74.5,1.24,1.0,-76.74,-1.0231999999999999,False,0.1259971832606244,9,39787.53999999971,"C (partida 0,10 / 2R)"
MNQ,london,2026-06-25,C,0.1,2.0,-1,2026-06-25 10:00:00+01:00,2026-06-25 10:00:00+01:00,2026-06-25 10:00:00+01:00,30120.75,30139.0,30084.25,30139.25,stop,2,18.25,76.48,-72.0,2.48,2.0,-76.48,-1.0476712328767124,False,-0.169268034986271,9,39710.79999999971,"C (partida 0,10 / 2R)"
MNQ,london,2026-06-26,C,0.1,2.0,-1,2026-06-26 09:50:00+01:00,2026-06-26 09:50:00+01:00,2026-06-26 11:00:00+01:00,29412.75,29449.5,29339.25,29372.75,cierre_sesion,1,36.75,75.24,81.0,1.24,1.0,78.76,1.0715646258503402,False,-0.1887556905951313,9,39634.31999999971,"C (partida 0,10 / 2R)"
MNQ,london,2026-07-02,C,0.1,2.0,1,2026-07-02 09:40:00+01:00,2026-07-02 09:40:00+01:00,2026-07-02 09:40:00+01:00,29997.75,29984.0,30025.25,29983.75,stop,3,13.75,87.72,-81.0,3.7199999999999998,3.0,-87.72,-1.0632727272727274,False,0.32300256039076336,9,39713.07999999971,"C (partida 0,10 / 2R)"
MNQ,london,2026-07-06,C,0.1,2.0,-1,2026-07-06 09:35:00+01:00,2026-07-06 09:35:00+01:00,2026-07-06 09:40:00+01:00,29817.25,29833.75,29784.25,29834.0,stop,2,16.5,69.48,-65.0,2.48,2.0,-69.48,-1.0527272727272727,False,-0.3160856938575589,9,39625.35999999971,"C (partida 0,10 / 2R)"
MNQ,london,2026-07-07,C,0.1,2.0,-1,2026-07-07 09:05:00+01:00,2026-07-07 09:05:00+01:00,2026-07-07 09:10:00+01:00,29659.75,29666.5,29646.25,29666.75,stop,6,6.75,91.44,-78.0,7.4399999999999995,6.0,-91.44,-1.1288888888888888,False,-0.7321951556410299,9,39555.879999999706,"C (partida 0,10 / 2R)"
MNQ,london,2026-07-14,C,0.1,2.0,-1,2026-07-14 09:10:00+01:00,2026-07-14 09:10:00+01:00,2026-07-14 09:15:00+01:00,29556.75,29589.75,29490.75,29590.0,stop,1,33.0,67.74,-65.5,1.24,1.0,-67.74,-1.0263636363636364,False,-0.15003017743671226,9,39464.439999999704,"C (partida 0,10 / 2R)"
MNQ,london,2026-07-16,C,0.1,2.0,1,2026-07-16 10:15:00+01:00,2026-07-16 10:15:00+01:00,2026-07-16 10:35:00+01:00,29626.5,29604.75,29670.0,29604.5,stop,2,21.75,90.48,-86.0,2.48,2.0,-90.48,-1.04,False,0.17617023605348284,10,39396.699999999706,"C (partida 0,10 / 2R)"
MNQ,london,2026-07-21,C,0.1,2.0,-1,2026-07-21 08:55:00+01:00,2026-07-21 08:55:00+01:00,2026-07-21 08:55:00+01:00,29107.25,29111.5,29098.75,29111.75,stop,9,4.25,92.16,-72.0,11.16,9.0,-92.16,-1.204705882352941,False,-0.5710508205041757,8,39306.2199999997,"C (partida 0,10 / 2R)"
MNQ,london,2026-07-22,C,0.1,2.0,1,2026-07-22 09:55:00+01:00,2026-07-22 09:55:00+01:00,2026-07-22 10:05:00+01:00,29106.25,29085.75,29147.25,29147.25,objetivo,2,20.5,85.48,165.0,2.48,1.0,161.52,1.9697560975609758,False,0.12893659506587155,9,39214.0599999997,"C (partida 0,10 / 2R)"
MNQ,london,2026-07-23,C,0.1,2.0,1,2026-07-23 09:40:00+01:00,2026-07-23 09:40:00+01:00,2026-07-23 09:40:00+01:00,29043.75,29040.25,29050.75,29040.0,stop,11,3.5,96.14,-71.5,13.64,11.0,-96.14,-1.2485714285714287,True,0.30074398741034625,9,39375.579999999696,"C (partida 0,10 / 2R)"
MNQ,london,2026-07-27,C,0.1,2.0,-1,2026-07-27 08:55:00+01:00,2026-07-27 08:55:00+01:00,2026-07-27 09:00:00+01:00,28678.75,28699.0,28638.25,28699.25,stop,2,20.25,84.48,-80.0,2.48,2.0,-84.48,-1.042962962962963,False,-0.6407637019632596,8,39279.4399999997,"C (partida 0,10 / 2R)"
MNQ,london,2026-07-29,C,0.1,2.0,-1,2026-07-29 09:25:00+01:00,2026-07-29 09:25:00+01:00,2026-07-29 09:30:00+01:00,27830.25,27870.25,27750.25,27870.5,stop,1,40.0,81.74,-79.5,1.24,1.0,-81.74,-1.02175,False,-0.4703407062034979,9,39194.95999999969,"C (partida 0,10 / 2R)"
MNQ,london,2026-07-31,C,0.1,2.0,1,2026-07-31 08:40:00+01:00,2026-07-31 08:40:00+01:00,2026-07-31 09:00:00+01:00,28558.0,28540.75,28592.5,28540.5,stop,2,17.25,72.48,-68.0,2.48,2.0,-72.48,-1.0504347826086957,False,1.2530765770594974,8,39113.219999999696,"C (partida 0,10 / 2R)"
MNQ,london,2026-08-24,C,0.1,2.0,1,2026-08-24 09:35:00+01:00,2026-08-24 09:35:00+01:00,2026-08-24 09:50:00+01:00,29196.5,29179.5,29230.5,29230.5,objetivo,2,17.0,71.48,137.0,2.48,1.0,133.52,1.963529411764706,False,0.1293081143317556,9,39040.73999999969,"C (partida 0,10 / 2R)"
MNQ,london,2026-08-25,C,0.1,2.0,-1,2026-08-25 08:55:00+01:00,2026-08-25 08:55:00+01:00,2026-08-25 08:55:00+01:00,29229.0,29240.0,29207.0,29240.25,stop,4,11.0,94.96,-86.0,4.96,4.0,-94.96,-1.079090909090909,False,-0.32744998370720524,8,39174.25999999969,"C (partida 0,10 / 2R)"
MNQ,london,2026-08-31,C,0.1,2.0,-1,2026-08-31 09:45:00+01:00,2026-08-31 09:45:00+01:00,2026-08-31 09:45:00+01:00,29484.5,29491.75,29470.0,29492.0,stop,6,7.25,97.44000000000001,-84.0,7.4399999999999995,6.0,-97.44,-1.1199999999999999,False,-0.23395144414745384,9,39079.29999999969,"C (partida 0,10 / 2R)"
MNQ,london,2026-09-01,C,0.1,2.0,-1,2026-09-01 08:40:00+01:00,2026-09-01 08:40:00+01:00,2026-09-01 09:05:00+01:00,29468.75,29515.5,29375.25,29375.25,objetivo,1,46.75,95.24,187.5,1.24,0.5,185.76,1.9867379679144384,False,-0.5768358605302489,8,38981.85999999969,"C (partida 0,10 / 2R)"
MNQ,london,2026-09-02,C,0.1,2.0,-1,2026-09-02 09:00:00+01:00,2026-09-02 09:00:00+01:00,2026-09-02 09:00:00+01:00,29062.0,29078.5,29029.0,29078.75,stop,2,16.5,69.48,-65.0,2.48,2.0,-69.48,-1.0527272727272727,False,-0.4945089512233191,8,39167.61999999969,"C (partida 0,10 / 2R)"
MNQ,london,2026-09-02,C,0.1,2.0,-1,2026-09-02 09:20:00+01:00,2026-09-02 09:20:00+01:00,2026-09-02 09:50:00+01:00,29057.25,29088.25,28995.25,28995.25,objetivo,1,31.0,63.74,124.5,1.24,0.5,122.76,1.98,False,-0.2876689970995193,9,39098.13999999969,"C (partida 0,10 / 2R)"
MNQ,london,2026-09-16,C,0.1,2.0,-1,2026-09-16 09:15:00+01:00,2026-09-16 09:15:00+01:00,2026-09-16 09:15:00+01:00,29056.75,29061.25,29047.75,29061.5,stop,9,4.5,96.66,-76.5,11.16,9.0,-96.66,-1.1933333333333334,False,-0.71602291433206,9,39220.89999999969,"C (partida 0,10 / 2R)"
MNQ,london,2026-09-18,C,0.1,2.0,-1,2026-09-18 09:55:00+01:00,2026-09-18 09:55:00+01:00,2026-09-18 10:30:00+01:00,29604.5,29618.25,29577.0,29577.0,objetivo,3,13.75,87.72,166.5,3.7199999999999998,1.5,161.28,1.954909090909091,False,-0.5748185194463624,9,39124.239999999685,"C (partida 0,10 / 2R)"
MNQ,london,2026-09-22,C,0.1,2.0,1,2026-09-22 10:10:00+01:00,2026-09-22 10:10:00+01:00,2026-09-22 10:10:00+01:00,30767.0,30754.0,30793.0,30753.75,stop,3,13.0,83.22,-76.5,3.7199999999999998,3.0,-83.22,-1.0669230769230769,False,0.3295922314218465,10,39285.519999999684,"C (partida 0,10 / 2R)"
MNQ,london,2026-09-25,C,0.1,2.0,-1,2026-09-25 09:05:00+01:00,2026-09-25 09:05:00+01:00,2026-09-25 09:10:00+01:00,30847.25,30877.25,30787.25,30877.5,stop,1,30.0,61.74,-59.5,1.24,1.0,-61.74,-1.0290000000000001,False,-0.39377349426306124,9,39202.29999999968,"C (partida 0,10 / 2R)"
MNQ,london,2026-09-30,C,0.1,2.0,-1,2026-09-30 10:00:00+01:00,2026-09-30 10:00:00+01:00,2026-09-30 10:30:00+01:00,30620.0,30639.5,30581.0,30639.75,stop,2,19.5,81.48,-77.0,2.48,2.0,-81.48,-1.0446153846153847,False,-0.10826730441936651,9,39140.559999999685,"C (partida 0,10 / 2R)"
MNQ,london,2018-01-25,D,0.1,2.0,1,2018-01-25 08:35:00+00:00,2018-01-25 08:35:00+00:00,2018-01-25 09:45:00+00:00,6941.0,6936.5,6950.0,6950.0,objetivo,11,4.5,118.14,203.5,13.64,5.5,184.36,1.8622222222222224,False,1.7371766080768345,8,50000.0,"D (partida 0,10 / 2R)"
MNQ,london,2018-02-05,D,0.1,2.0,1,2018-02-05 09:00:00+00:00,2018-02-05 09:00:00+00:00,2018-02-05 09:15:00+00:00,6747.5,6743.5,6755.5,6755.5,objetivo,12,4.0,116.88,198.0,14.879999999999999,6.0,177.12,1.845,False,0.1320047255992977,8,50184.36,"D (partida 0,10 / 2R)"
MNQ,london,2018-02-07,D,0.1,2.0,1,2018-02-07 10:15:00+00:00,2018-02-07 10:15:00+00:00,2018-02-07 10:20:00+00:00,6611.0,6607.0,6619.0,6606.75,stop,12,4.0,116.88,-90.0,14.879999999999999,12.0,-116.88,-1.2175,False,0.16720148120758394,10,50361.48,"D (partida 0,10 / 2R)"
MNQ,london,2018-02-21,D,0.1,2.0,-1,2018-02-21 08:35:00+00:00,2018-02-21 08:35:00+00:00,2018-02-21 09:30:00+00:00,6788.5,6798.0,6769.5,6798.25,stop,6,9.5,124.44,-111.0,7.4399999999999995,6.0,-124.44,-1.091578947368421,False,-1.0761884152159307,8,50244.600000000006,"D (partida 0,10 / 2R)"
MNQ,london,2018-02-22,D,0.1,2.0,-1,2018-02-22 09:20:00+00:00,2018-02-22 09:20:00+00:00,2018-02-22 09:20:00+00:00,6724.25,6727.75,6717.25,6728.0,stop,14,3.5,122.36,-91.0,17.36,14.0,-122.36,-1.2485714285714287,False,-0.664909503840557,9,50120.16,"D (partida 0,10 / 2R)"
MNQ,london,2018-02-23,D,0.1,2.0,1,2018-02-23 09:55:00+00:00,2018-02-23 09:55:00+00:00,2018-02-23 09:55:00+00:00,6817.25,6812.5,6826.75,6812.25,stop,11,4.75,123.64,-99.0,13.64,11.0,-123.64,-1.1831578947368422,False,0.1363659561723453,9,49997.8,"D (partida 0,10 / 2R)"
MNQ,london,2018-03-01,D,0.1,2.0,-1,2018-03-01 09:55:00+00:00,2018-03-01 09:55:00+00:00,2018-03-01 10:00:00+00:00,6853.5,6862.75,6835.0,6863.0,stop,6,9.25,121.44,-108.0,7.4399999999999995,6.0,-121.44,-1.094054054054054,False,-0.9020676716445974,9,49874.16,"D (partida 0,10 / 2R)"
MNQ,london,2018-03-05,D,0.1,2.0,1,2018-03-05 08:50:00+00:00,2018-03-05 08:50:00+00:00,2018-03-05 09:10:00+00:00,6796.75,6788.0,6814.25,6787.75,stop,6,8.75,115.44,-102.0,7.4399999999999995,6.0,-115.44,-1.0994285714285714,False,1.6336156632310153,8,49752.72,"D (partida 0,10 / 2R)"
MNQ,london,2018-03-15,D,0.1,2.0,-1,2018-03-15 10:15:00+00:00,2018-03-15 10:15:00+00:00,2018-03-15 11:00:00+00:00,7033.75,7040.75,7019.75,7029.25,cierre_sesion,7,7.0,110.18,70.0,8.68,7.0,54.32,0.5542857142857143,False,-0.32450184981364816,10,49637.28,"D (partida 0,10 / 2R)"
MNQ,london,2018-03-23,D,0.1,2.0,-1,2018-03-23 09:30:00+00:00,2018-03-23 09:30:00+00:00,2018-03-23 09:30:00+00:00,6625.0,6628.5,6618.0,6628.75,stop,14,3.5,122.36,-91.0,17.36,14.0,-122.36,-1.2485714285714287,False,-0.6228312708405032,9,49691.6,"D (partida 0,10 / 2R)"
MNQ,london,2018-04-05,D,0.1,2.0,-1,2018-04-05 10:20:00+01:00,2018-04-05 10:20:00+01:00,2018-04-05 10:30:00+01:00,6616.75,6620.5,6609.25,6609.25,objetivo,13,3.75,120.12,201.5,16.12,6.5,178.88,1.8346666666666667,False,-0.3214985960971939,10,49569.24,"D (partida 0,10 / 2R)"
MNQ,london,2018-04-25,D,0.1,2.0,1,2018-04-25 08:40:00+01:00,2018-04-25 08:40:00+01:00,2018-04-25 08:55:00+01:00,6528.25,6523.25,6538.25,6523.0,stop,10,5.0,117.4,-95.0,12.4,10.0,-117.4,-1.1740000000000002,False,1.4432092817005369,8,49748.119999999995,"D (partida 0,10 / 2R)"
MNQ,london,2018-04-27,D,0.1,2.0,-1,2018-04-27 09:45:00+01:00,2018-04-27 09:45:00+01:00,2018-04-27 09:50:00+01:00,6739.25,6743.25,6731.25,6743.5,stop,12,4.0,116.88,-90.0,14.879999999999999,12.0,-116.88,-1.2175,False,-0.20531251545397491,9,49630.719999999994,"D (partida 0,10 / 2R)"
MNQ,london,2018-05-08,D,0.1,2.0,-1,2018-05-08 08:40:00+01:00,2018-05-08 08:40:00+01:00,2018-05-08 08:45:00+01:00,6823.75,6827.25,6816.75,6827.5,stop,14,3.5,122.36,-91.0,17.36,14.0,-122.36,-1.2485714285714287,False,-0.20465777759640974,8,49513.84,"D (partida 0,10 / 2R)"
MNQ,london,2018-06-07,D,0.1,2.0,-1,2018-06-07 09:45:00+01:00,2018-06-07 09:45:00+01:00,2018-06-07 10:30:00+01:00,7219.0,7223.0,7211.0,7223.25,stop,12,4.0,116.88,-90.0,14.879999999999999,12.0,-116.88,-1.2175,False,-0.5919436400934237,9,49391.479999999996,"D (partida 0,10 / 2R)"
MNQ,london,2018-06-28,D,0.1,2.0,-1,2018-06-28 10:35:00+01:00,2018-06-28 10:35:00+01:00,2018-06-28 11:00:00+01:00,7005.75,7016.75,6983.75,7013.5,cierre_sesion,5,11.0,118.69999999999999,-72.5,6.2,5.0,-83.7,-0.760909090909091,False,-0.11517162961752203,10,49274.6,"D (partida 0,10 / 2R)"
MNQ,london,2018-07-06,D,0.1,2.0,-1,2018-07-06 08:35:00+01:00,2018-07-06 08:35:00+01:00,2018-07-06 08:35:00+01:00,7112.25,7120.25,7096.25,7120.5,stop,6,8.0,106.44,-93.0,7.4399999999999995,6.0,-106.44,-1.10875,False,-1.834896241326519,8,49190.9,"D (partida 0,10 / 2R)"
MNQ,london,2018-07-11,D,0.1,2.0,1,2018-07-11 10:30:00+01:00,2018-07-11 10:30:00+01:00,2018-07-11 10:35:00+01:00,7234.25,7230.5,7241.75,7230.25,stop,13,3.75,120.12,-91.0,16.12,13.0,-120.12,-1.232,False,0.20545637904648972,10,49084.46,"D (partida 0,10 / 2R)"
MNQ,london,2018-08-03,D,0.1,2.0,1,2018-08-03 10:35:00+01:00,2018-08-03 10:35:00+01:00,2018-08-03 11:00:00+01:00,7389.5,7386.0,7396.5,7392.0,cierre_sesion,14,3.5,122.36,84.0,17.36,14.0,52.64,0.5371428571428571,False,0.1525102512958658,10,48964.34,"D (partida 0,10 / 2R)"
MNQ,london,2018-08-13,D,0.1,2.0,-1,2018-08-13 08:45:00+01:00,2018-08-13 08:45:00+01:00,2018-08-13 09:15:00+01:00,7388.0,7393.0,7378.0,7393.25,stop,10,5.0,117.4,-95.0,12.4,10.0,-117.4,-1.1740000000000002,False,-0.4312897558166064,8,49016.979999999996,"D (partida 0,10 / 2R)"
MNQ,london,2018-08-16,D,0.1,2.0,-1,2018-08-16 08:55:00+01:00,2018-08-16 08:55:00+01:00,2018-08-16 09:00:00+01:00,7396.25,7401.0,7386.75,7401.25,stop,10,4.75,112.4,-90.0,12.4,10.0,-112.4,-1.1831578947368422,False,-0.6160216707603521,8,48899.579999999994,"D (partida 0,10 / 2R)"
MNQ,london,2018-09-03,D,0.1,2.0,1,2018-09-03 09:10:00+01:00,2018-09-03 09:10:00+01:00,2018-09-03 09:15:00+01:00,7676.5,7672.5,7684.5,7672.25,stop,12,4.0,116.88,-90.0,14.879999999999999,12.0,-116.88,-1.2175,False,1.0758768545251143,9,48787.17999999999,"D (partida 0,10 / 2R)"
MNQ,london,2018-09-04,D,0.1,2.0,-1,2018-09-04 10:05:00+01:00,2018-09-04 10:05:00+01:00,2018-09-04 10:30:00+01:00,7674.75,7678.25,7667.75,7667.75,objetivo,13,3.5,113.62,188.5,16.12,6.5,165.88,1.8228571428571427,False,-0.5879680975774247,10,48670.299999999996,"D (partida 0,10 / 2R)"
MNQ,london,2018-09-17,D,0.1,2.0,1,2018-09-17 09:15:00+01:00,2018-09-17 09:15:00+01:00,2018-09-17 11:00:00+01:00,7538.0,7530.5,7553.0,7531.5,cierre_sesion,7,7.5,117.17999999999999,-84.0,8.68,7.0,-99.68,-0.9493333333333334,False,1.024921314643567,9,48836.17999999999,"D (partida 0,10 / 2R)"
MNQ,london,2018-10-10,D,0.1,2.0,-1,2018-10-10 08:50:00+01:00,2018-10-10 08:50:00+01:00,2018-10-10 09:20:00+01:00,7390.25,7394.0,7382.75,7382.75,objetivo,13,3.75,120.12,201.5,16.12,6.5,178.88,1.8346666666666667,False,-1.6677170563354529,8,48736.49999999999,"D (partida 0,10 / 2R)"
MNQ,london,2018-10-11,D,0.1,2.0,-1,2018-10-11 10:05:00+01:00,2018-10-11 10:05:00+01:00,2018-10-11 10:20:00+01:00,6963.75,6974.0,6943.25,6974.25,stop,5,10.25,111.19999999999999,-100.0,6.2,5.0,-111.2,-1.0848780487804879,False,-0.39197897783958485,10,48915.37999999999,"D (partida 0,10 / 2R)"
MNQ,london,2018-10-18,D,0.1,2.0,1,2018-10-18 08:35:00+01:00,2018-10-18 08:35:00+01:00,2018-10-18 10:10:00+01:00,7294.25,7286.0,7310.75,7285.75,stop,6,8.25,109.44,-96.0,7.4399999999999995,6.0,-109.44,-1.1054545454545455,False,0.9077461290176405,8,48804.17999999999,"D (partida 0,10 / 2R)"
MNQ,london,2018-10-19,D,0.1,2.0,-1,2018-10-19 08:50:00+01:00,2018-10-19 08:50:00+01:00,2018-10-19 08:55:00+01:00,7160.5,7168.5,7144.5,7168.75,stop,6,8.0,106.44,-93.0,7.4399999999999995,6.0,-106.44,-1.10875,False,-0.9041176179389663,8,48694.73999999999,"D (partida 0,10 / 2R)"
MNQ,london,2018-10-26,D,0.1,2.0,-1,2018-10-26 09:05:00+01:00,2018-10-26 09:05:00+01:00,2018-10-26 09:10:00+01:00,6838.0,6848.5,6817.0,6848.75,stop,5,10.5,113.69999999999999,-102.5,6.2,5.0,-113.7,-1.082857142857143,False,-0.1197866886128633,9,48588.29999999999,"D (partida 0,10 / 2R)"
MNQ,london,2018-10-30,D,0.1,2.0,-1,2018-10-30 09:10:00+00:00,2018-10-30 09:10:00+00:00,2018-10-30 09:20:00+00:00,6756.75,6769.25,6731.75,6731.75,objetivo,4,12.5,106.96,202.0,4.96,2.0,195.04,1.9504,False,-0.4897051884679683,9,48474.59999999999,"D (partida 0,10 / 2R)"
MNQ,london,2018-11-02,D,0.1,2.0,-1,2018-11-02 10:05:00+00:00,2018-11-02 10:05:00+00:00,2018-11-02 10:05:00+00:00,7083.25,7086.75,7076.25,7087.0,stop,13,3.5,113.62,-84.5,16.12,13.0,-113.62,-1.2485714285714287,False,-0.4748147386175603,10,48669.63999999999,"D (partida 0,10 / 2R)"
MNQ,london,2018-11-05,D,0.1,2.0,1,2018-11-05 10:05:00+00:00,2018-11-05 10:05:00+00:00,2018-11-05 10:10:00+00:00,6987.0,6979.25,7002.5,6979.0,stop,7,7.75,120.67999999999999,-105.0,8.68,7.0,-120.68,-1.112258064516129,False,0.48366060225732477,10,48556.01999999999,"D (partida 0,10 / 2R)"
MNQ,london,2018-11-08,D,0.1,2.0,-1,2018-11-08 09:55:00+00:00,2018-11-08 09:55:00+00:00,2018-11-08 10:00:00+00:00,7190.75,7196.5,7179.25,7179.25,objetivo,9,5.75,119.16,211.5,11.16,4.5,195.84,1.8921739130434783,False,-0.7298392178549999,9,48435.33999999999,"D (partida 0,10 / 2R)"
MNQ,london,2018-12-12,D,0.1,2.0,1,2018-12-12 09:05:00+00:00,2018-12-12 09:05:00+00:00,2018-12-12 09:10:00+00:00,6763.5,6755.0,6780.5,6780.5,objetivo,6,8.5,112.44,207.0,7.4399999999999995,3.0,196.56,1.9270588235294117,False,0.5877042054324509,9,48631.179999999986,"D (partida 0,10 / 2R)"
MNQ,london,2018-12-13,D,0.1,2.0,-1,2018-12-13 09:00:00+00:00,2018-12-13 09:00:00+00:00,2018-12-13 09:00:00+00:00,6794.75,6800.25,6783.75,6800.5,stop,9,5.5,114.66,-94.5,11.16,9.0,-114.66,-1.1581818181818182,False,-1.9362325498733814,8,48827.73999999998,"D (partida 0,10 / 2R)"
MNQ,london,2018-12-20,D,0.1,2.0,1,2018-12-20 09:25:00+00:00,2018-12-20 09:25:00+00:00,2018-12-20 10:15:00+00:00,6324.5,6316.25,6341.0,6341.0,objetivo,6,8.25,109.44,201.0,7.4399999999999995,3.0,190.56,1.9248484848484848,False,0.3123813702466498,9,48713.07999999998,"D (partida 0,10 / 2R)"
MNQ,london,2018-12-28,D,0.1,2.0,1,2018-12-28 08:55:00+00:00,2018-12-28 08:55:00+00:00,2018-12-28 09:00:00+00:00,6324.5,6316.5,6340.5,6316.25,stop,6,8.0,106.44,-93.0,7.4399999999999995,6.0,-106.44,-1.10875,False,0.7129398828709849,8,48903.63999999998,"D (partida 0,10 / 2R)"
MNQ,london,2018-12-31,D,0.1,2.0,-1,2018-12-31 09:10:00+00:00,2018-12-31 09:10:00+00:00,2018-12-31 09:20:00+00:00,6340.75,6345.25,6331.75,6345.5,stop,11,4.5,118.14,-93.5,13.64,11.0,-118.14,-1.1933333333333334,False,-0.6060245792753843,9,48797.199999999975,"D (partida 0,10 / 2R)"
MNQ,london,2019-01-09,D,0.1,2.0,1,2019-01-09 09:35:00+00:00,2019-01-09 09:35:00+00:00,2019-01-09 09:45:00+00:00,6593.0,6589.25,6600.5,6589.0,stop,13,3.75,120.12,-91.0,16.12,13.0,-120.12,-1.232,False,0.3979756868942472,9,48679.059999999976,"D (partida 0,10 / 2R)"
MNQ,london,2019-01-10,D,0.1,2.0,1,2019-01-10 10:35:00+00:00,2019-01-10 10:35:00+00:00,2019-01-10 10:55:00+00:00,6564.75,6559.0,6576.25,6558.75,stop,9,5.75,119.16,-99.0,11.16,9.0,-119.16,-1.151304347826087,False,0.3927400242550375,10,48558.93999999997,"D (partida 0,10 / 2R)"
MNQ,london,2019-01-14,D,0.1,2.0,-1,2019-01-14 10:15:00+00:00,2019-01-14 10:15:00+00:00,2019-01-14 10:30:00+00:00,6541.0,6547.75,6527.5,6527.5,objetivo,7,6.75,106.68,192.5,8.68,3.5,180.32,1.9081481481481481,False,-0.23412779746747325,10,48439.77999999997,"D (partida 0,10 / 2R)"
MNQ,london,2019-01-22,D,0.1,2.0,1,2019-01-22 08:35:00+00:00,2019-01-22 08:35:00+00:00,2019-01-22 10:10:00+00:00,6742.0,6736.5,6753.0,6736.25,stop,9,5.5,114.66,-94.5,11.16,9.0,-114.66,-1.1581818181818182,False,1.2974215664883244,8,48620.09999999997,"D (partida 0,10 / 2R)"
MNQ,london,2019-01-23,D,0.1,2.0,1,2019-01-23 09:45:00+00:00,2019-01-23 09:45:00+00:00,2019-01-23 10:20:00+00:00,6669.25,6665.25,6677.25,6677.25,objetivo,12,4.0,116.88,198.0,14.879999999999999,6.0,177.12,1.845,False,0.6871776960606093,9,48505.439999999966,"D (partida 0,10 / 2R)"
MNQ,london,2019-01-24,D,0.1,2.0,1,2019-01-24 08:50:00+00:00,2019-01-24 08:50:00+00:00,2019-01-24 09:05:00+00:00,6685.0,6678.5,6698.0,6678.25,stop,8,6.5,117.92,-100.0,9.92,8.0,-117.92,-1.133846153846154,False,0.4547060737901406,8,48682.55999999997,"D (partida 0,10 / 2R)"
MNQ,london,2019-01-29,D,0.1,2.0,1,2019-01-29 09:15:00+00:00,2019-01-29 09:15:00+00:00,2019-01-29 11:00:00+00:00,6687.75,6680.75,6701.75,6689.5,cierre_sesion,7,7.0,110.18,31.5,8.68,7.0,15.82,0.16142857142857142,False,0.5783542895928628,9,48564.63999999997,"D (partida 0,10 / 2R)"
MNQ,london,2019-01-31,D,0.1,2.0,-1,2019-01-31 09:30:00+00:00,2019-01-31 09:30:00+00:00,2019-01-31 10:35:00+00:00,6858.0,6863.5,6847.0,6863.75,stop,9,5.5,114.66,-94.5,11.16,9.0,-114.66,-1.1581818181818182,False,-0.6149946125242273,9,48580.45999999997,"D (partida 0,10 / 2R)"
MNQ,london,2019-02-07,D,0.1,2.0,1,2019-02-07 10:00:00+00:00,2019-02-07 10:00:00+00:00,2019-02-07 10:05:00+00:00,6983.75,6977.5,6996.25,6977.25,stop,8,6.25,113.92,-96.0,9.92,8.0,-113.92,-1.1392,False,0.19775272594031224,9,48465.79999999997,"D (partida 0,10 / 2R)"
MNQ,london,2019-02-07,D,0.1,2.0,-1,2019-02-07 10:20:00+00:00,2019-02-07 10:20:00+00:00,2019-02-07 11:00:00+00:00,6958.25,6972.0,6930.75,6958.75,cierre_sesion,4,13.75,116.96,-0.0,4.96,4.0,-8.96,-0.08145454545454546,False,-0.18921878989144694,10,48351.87999999997,"D (partida 0,10 / 2R)"
MNQ,london,2019-03-22,D,0.1,2.0,-1,2019-03-22 08:50:00+00:00,2019-03-22 08:50:00+00:00,2019-03-22 09:00:00+00:00,7506.0,7514.25,7489.5,7514.5,stop,6,8.25,109.44,-96.0,7.4399999999999995,6.0,-109.44,-1.1054545454545455,False,-2.6931552076453835,8,48342.91999999997,"D (partida 0,10 / 2R)"
MNQ,london,2019-03-26,D,0.1,2.0,1,2019-03-26 09:45:00+00:00,2019-03-26 09:45:00+00:00,2019-03-26 10:10:00+00:00,7373.75,7369.25,7382.75,7382.75,objetivo,11,4.5,118.14,203.5,13.64,5.5,184.36,1.8622222222222224,False,0.3258789234142321,9,48233.47999999997,"D (partida 0,10 / 2R)"
MNQ,london,2019-03-27,D,0.1,2.0,-1,2019-03-27 09:55:00+00:00,2019-03-27 09:55:00+00:00,2019-03-27 10:05:00+00:00,7380.5,7386.0,7369.5,7369.5,objetivo,9,5.5,114.66,202.5,11.16,4.5,186.84,1.8872727272727272,False,-0.19392605190493237,9,48417.83999999997,"D (partida 0,10 / 2R)"
MNQ,london,2019-04-18,D,0.1,2.0,-1,2019-04-18 08:50:00+01:00,2019-04-18 08:50:00+01:00,2019-04-18 09:30:00+01:00,7667.25,7672.5,7656.75,7672.75,stop,9,5.25,110.16,-90.0,11.16,9.0,-110.16,-1.1657142857142857,False,-0.8645412889709311,8,48604.679999999964,"D (partida 0,10 / 2R)"
MNQ,london,2019-05-07,D,0.1,2.0,-1,2019-05-07 10:30:00+01:00,2019-05-07 10:30:00+01:00,2019-05-07 10:50:00+01:00,7760.0,7764.25,7751.5,7764.5,stop,11,4.25,112.64,-88.0,13.64,11.0,-112.64,-1.2047058823529413,False,-0.5781719298791423,10,48494.51999999996,"D (partida 0,10 / 2R)"
MNQ,london,2019-05-08,D,0.1,2.0,-1,2019-05-08 10:25:00+01:00,2019-05-08 10:25:00+01:00,2019-05-08 10:45:00+01:00,7663.25,7674.0,7641.75,7641.75,objetivo,5,10.75,116.19999999999999,217.5,6.2,2.5,208.8,1.9423255813953488,False,-0.4447265813515315,10,48381.87999999996,"D (partida 0,10 / 2R)"
MNQ,london,2019-05-16,D,0.1,2.0,1,2019-05-16 09:20:00+01:00,2019-05-16 09:20:00+01:00,2019-05-16 11:00:00+01:00,7512.75,7499.25,7539.75,7534.0,cierre_sesion,4,13.5,114.96,174.0,4.96,4.0,165.04,1.528148148148148,False,0.3700138329884835,9,48590.679999999964,"D (partida 0,10 / 2R)"
MNQ,london,2019-06-03,D,0.1,2.0,-1,2019-06-03 08:35:00+01:00,2019-06-03 08:35:00+01:00,2019-06-03 09:00:00+01:00,7073.75,7080.5,7060.25,7080.75,stop,7,6.75,106.68,-91.0,8.68,7.0,-106.68,-1.128888888888889,False,-1.748731424929215,8,48755.719999999965,"D (partida 0,10 / 2R)"
MNQ,london,2019-06-03,D,0.1,2.0,1,2019-06-03 10:10:00+01:00,2019-06-03 10:10:00+01:00,2019-06-03 10:20:00+01:00,7096.75,7092.75,7104.75,7092.5,stop,12,4.0,116.88,-90.0,14.879999999999999,12.0,-116.88,-1.2175,False,0.33047862158043495,10,48649.039999999964,"D (partida 0,10 / 2R)"
MNQ,london,2019-06-10,D,0.1,2.0,1,2019-06-10 08:55:00+01:00,2019-06-10 08:55:00+01:00,2019-06-10 09:15:00+01:00,7449.75,7443.25,7462.75,7443.0,stop,8,6.5,117.92,-100.0,9.92,8.0,-117.92,-1.133846153846154,False,0.48036360825125407,8,48532.15999999997,"D (partida 0,10 / 2R)"
MNQ,london,2019-06-18,D,0.1,2.0,1,2019-06-18 09:25:00+01:00,2019-06-18 09:25:00+01:00,2019-06-18 11:00:00+01:00,7568.25,7557.25,7590.25,7574.25,cierre_sesion,5,11.0,118.69999999999999,65.0,6.2,5.0,53.8,0.4890909090909091,False,1.504628450204566,9,48414.23999999997,"D (partida 0,10 / 2R)"
MNQ,london,2019-07-15,D,0.1,2.0,-1,2019-07-15 10:35:00+01:00,2019-07-15 10:35:00+01:00,2019-07-15 11:00:00+01:00,7962.25,7965.75,7955.25,7964.5,cierre_sesion,13,3.5,113.62,-45.5,16.12,13.0,-74.62,-0.8200000000000001,False,-0.2979958733048542,10,48468.03999999997,"D (partida 0,10 / 2R)"
MNQ,london,2019-07-16,D,0.1,2.0,1,2019-07-16 09:55:00+01:00,2019-07-16 09:55:00+01:00,2019-07-16 10:15:00+01:00,7996.0,7991.0,8006.0,7990.75,stop,10,5.0,117.4,-95.0,12.4,10.0,-117.4,-1.1740000000000002,False,0.11955934819188858,9,48393.41999999997,"D (partida 0,10 / 2R)"
MNQ,london,2019-08-08,D,0.1,2.0,-1,2019-08-08 08:35:00+01:00,2019-08-08 08:35:00+01:00,2019-08-08 08:35:00+01:00,7574.75,7579.0,7566.25,7579.25,stop,11,4.25,112.64,-88.0,13.64,11.0,-112.64,-1.2047058823529413,False,-1.7140432573401208,8,48276.01999999997,"D (partida 0,10 / 2R)"
MNQ,london,2019-08-09,D,0.1,2.0,-1,2019-08-09 08:35:00+01:00,2019-08-09 08:35:00+01:00,2019-08-09 08:40:00+01:00,7685.25,7689.0,7677.75,7689.25,stop,13,3.75,120.12,-91.0,16.12,13.0,-120.12,-1.232,False,-0.9339968798254986,8,48163.37999999997,"D (partida 0,10 / 2R)"
MNQ,london,2019-08-12,D,0.1,2.0,-1,2019-08-12 09:20:00+01:00,2019-08-12 09:20:00+01:00,2019-08-12 09:45:00+01:00,7654.0,7666.25,7629.5,7629.5,objetivo,4,12.25,104.96,198.0,4.96,2.0,191.04,1.9493877551020407,False,-2.0585559718213764,9,48043.259999999966,"D (partida 0,10 / 2R)"
MNQ,london,2019-08-15,D,0.1,2.0,-1,2019-08-15 10:15:00+01:00,2019-08-15 10:15:00+01:00,2019-08-15 10:15:00+01:00,7493.5,7500.25,7480.0,7500.5,stop,7,6.75,106.68,-91.0,8.68,7.0,-106.68,-1.128888888888889,False,-0.5643218920901457,10,48234.29999999997,"D (partida 0,10 / 2R)"
MNQ,london,2019-08-27,D,0.1,2.0,1,2019-08-27 10:35:00+01:00,2019-08-27 10:35:00+01:00,2019-08-27 11:00:00+01:00,7583.0,7575.75,7597.5,7585.5,cierre_sesion,7,7.25,113.68,42.0,8.68,7.0,26.32,0.2593103448275862,False,0.27207369951285304,10,48127.619999999966,"D (partida 0,10 / 2R)"
MNQ,london,2019-08-30,D,0.1,2.0,1,2019-08-30 08:40:00+01:00,2019-08-30 08:40:00+01:00,2019-08-30 09:45:00+01:00,7728.75,7719.25,7747.75,7747.75,objetivo,5,9.5,103.69999999999999,192.5,6.2,2.5,183.8,1.9347368421052633,False,0.8840818403476587,8,48153.939999999966,"D (partida 0,10 / 2R)"
MNQ,london,2019-09-11,D,0.1,2.0,-1,2019-09-11 10:10:00+01:00,2019-09-11 10:10:00+01:00,2019-09-11 10:10:00+01:00,7804.0,7808.0,7796.0,7796.0,objetivo,12,4.0,116.88,198.0,14.879999999999999,6.0,177.12,1.845,False,-0.4777054359290205,10,48337.73999999997,"D (partida 0,10 / 2R)"
MNQ,london,2019-09-13,D,0.1,2.0,-1,2019-09-13 10:05:00+01:00,2019-09-13 10:05:00+01:00,2019-09-13 10:05:00+01:00,7933.0,7939.5,7920.0,7939.75,stop,8,6.5,117.92,-100.0,9.92,8.0,-117.92,-1.133846153846154,False,-0.2474416059044784,10,48514.85999999997,"D (partida 0,10 / 2R)"
MNQ,london,2019-09-19,D,0.1,2.0,1,2019-09-19 08:55:00+01:00,2019-09-19 08:55:00+01:00,2019-09-19 10:35:00+01:00,7874.5,7868.25,7887.0,7868.0,stop,8,6.25,113.92,-96.0,9.92,8.0,-113.92,-1.1392,False,0.9588424047250503,8,48396.93999999997,"D (partida 0,10 / 2R)"
MNQ,london,2019-09-26,D,0.1,2.0,1,2019-09-26 08:35:00+01:00,2019-09-26 08:35:00+01:00,2019-09-26 08:50:00+01:00,7813.0,7808.5,7822.0,7822.0,objetivo,11,4.5,118.14,203.5,13.64,5.5,184.36,1.8622222222222224,False,1.195518215610046,8,48283.019999999975,"D (partida 0,10 / 2R)"
MNQ,london,2019-10-01,D,0.1,2.0,-1,2019-10-01 09:10:00+01:00,2019-10-01 09:10:00+01:00,2019-10-01 09:25:00+01:00,7794.0,7803.0,7776.0,7803.25,stop,6,9.0,118.44,-105.0,7.4399999999999995,6.0,-118.44,-1.0966666666666667,False,-1.1481948430709836,9,48467.379999999976,"D (partida 0,10 / 2R)"
MNQ,london,2019-10-07,D,0.1,2.0,-1,2019-10-07 09:15:00+01:00,2019-10-07 09:15:00+01:00,2019-10-07 09:15:00+01:00,7727.0,7731.25,7718.5,7731.5,stop,11,4.25,112.64,-88.0,13.64,11.0,-112.64,-1.2047058823529413,False,-0.28759821889989634,9,48348.93999999997,"D (partida 0,10 / 2R)"
MNQ,london,2019-10-09,D,0.1,2.0,1,2019-10-09 08:45:00+01:00,2019-10-09 08:45:00+01:00,2019-10-09 08:55:00+01:00,7657.75,7642.25,7688.75,7642.0,stop,3,15.5,98.22,-91.5,3.7199999999999998,3.0,-98.22,-1.0561290322580645,False,1.6098566281340212,8,48236.299999999974,"D (partida 0,10 / 2R)"
MNQ,london,2019-10-10,D,0.1,2.0,-1,2019-10-10 08:50:00+01:00,2019-10-10 08:50:00+01:00,2019-10-10 08:55:00+01:00,7667.5,7674.0,7654.5,7674.25,stop,8,6.5,117.92,-100.0,9.92,8.0,-117.92,-1.133846153846154,False,-1.2103539374167587,8,48138.07999999997,"D (partida 0,10 / 2R)"
MNQ,london,2019-10-10,D,0.1,2.0,1,2019-10-10 09:50:00+01:00,2019-10-10 09:50:00+01:00,2019-10-10 09:55:00+01:00,7696.25,7691.75,7705.25,7691.5,stop,11,4.5,118.14,-93.5,13.64,11.0,-118.14,-1.1933333333333334,False,0.35185922550581383,9,48020.159999999974,"D (partida 0,10 / 2R)"
MNQ,london,2019-10-16,D,0.1,2.0,-1,2019-10-16 09:15:00+01:00,2019-10-16 09:15:00+01:00,2019-10-16 09:50:00+01:00,7935.25,7940.25,7925.25,7940.5,stop,10,5.0,117.4,-95.0,12.4,10.0,-117.4,-1.1740000000000002,False,-0.23159915373776718,9,47902.019999999975,"D (partida 0,10 / 2R)"
MNQ,london,2019-10-17,D,0.1,2.0,1,2019-10-17 08:45:00+01:00,2019-10-17 08:45:00+01:00,2019-10-17 09:10:00+01:00,7951.25,7946.5,7960.75,7960.75,objetivo,10,4.75,112.4,195.0,12.4,5.0,177.6,1.8694736842105262,False,0.7235371665317655,8,47784.61999999997,"D (partida 0,10 / 2R)"
MNQ,london,2019-10-18,D,0.1,2.0,1,2019-10-18 09:20:00+01:00,2019-10-18 09:20:00+01:00,2019-10-18 09:25:00+01:00,7942.25,7936.0,7954.75,7935.75,stop,8,6.25,113.92,-96.0,9.92,8.0,-113.92,-1.1392,False,0.38799752835074014,9,47962.21999999997,"D (partida 0,10 / 2R)"
MNQ,london,2019-10-31,D,0.1,2.0,-1,2019-10-31 09:20:00+00:00,2019-10-31 09:20:00+00:00,2019-10-31 11:00:00+00:00,8096.25,8106.25,8076.25,8099.25,cierre_sesion,5,10.0,108.69999999999999,-25.0,6.2,5.0,-36.2,-0.36200000000000004,False,-2.0961833974956585,9,47848.299999999974,"D (partida 0,10 / 2R)"
MNQ,london,2019-11-12,D,0.1,2.0,-1,2019-11-12 09:45:00+00:00,2019-11-12 09:45:00+00:00,2019-11-12 10:00:00+00:00,8246.0,8255.25,8227.5,8255.5,stop,5,9.25,101.19999999999999,-90.0,6.2,5.0,-101.2,-1.094054054054054,False,-0.35800669569676563,9,47812.09999999998,"D (partida 0,10 / 2R)"
MNQ,london,2019-11-21,D,0.1,2.0,1,2019-11-21 09:40:00+00:00,2019-11-21 09:40:00+00:00,2019-11-21 09:40:00+00:00,8277.25,8273.75,8284.25,8273.5,stop,13,3.5,113.62,-84.5,16.12,13.0,-113.62,-1.2485714285714287,False,0.21536534249477995,9,47710.89999999998,"D (partida 0,10 / 2R)"
MNQ,london,2019-12-03,D,0.1,2.0,1,2019-12-03 08:35:00+00:00,2019-12-03 08:35:00+00:00,2019-12-03 09:35:00+00:00,8329.5,8325.5,8337.5,8325.25,stop,12,4.0,116.88,-90.0,14.879999999999999,12.0,-116.88,-1.2175,False,0.5808881977730036,8,47597.27999999998,"D (partida 0,10 / 2R)"
MNQ,london,2019-12-03,D,0.1,2.0,-1,2019-12-03 10:15:00+00:00,2019-12-03 10:15:00+00:00,2019-12-03 11:00:00+00:00,8299.75,8328.75,8241.75,8276.25,cierre_sesion,1,29.0,59.74,48.0,1.24,1.0,45.76,0.7889655172413793,False,-0.742185502283994,10,47480.39999999998,"D (partida 0,10 / 2R)"
MNQ,london,2019-12-04,D,0.1,2.0,1,2019-12-04 09:15:00+00:00,2019-12-04 09:15:00+00:00,2019-12-04 09:40:00+00:00,8306.75,8286.25,8347.75,8286.0,stop,2,20.5,85.48,-81.0,2.48,2.0,-85.48,-1.042439024390244,False,2.503261110607221,9,47526.15999999998,"D (partida 0,10 / 2R)"
MNQ,london,2019-12-11,D,0.1,2.0,-1,2019-12-11 09:45:00+00:00,2019-12-11 09:45:00+00:00,2019-12-11 10:00:00+00:00,8360.25,8367.0,8346.75,8367.25,stop,7,6.75,106.68,-91.0,8.68,7.0,-106.68,-1.128888888888889,False,-0.28010346284708326,9,47440.67999999998,"D (partida 0,10 / 2R)"
MNQ,london,2020-01-28,D,0.1,2.0,-1,2020-01-28 09:05:00+00:00,2020-01-28 09:05:00+00:00,2020-01-28 10:10:00+00:00,8982.0,9002.75,8940.5,9003.0,stop,2,20.75,86.48,-82.0,2.48,2.0,-86.48,-1.0419277108433735,False,-1.7467890552864231,9,47333.99999999998,"D (partida 0,10 / 2R)"
MNQ,london,2020-01-29,D,0.1,2.0,1,2020-01-29 09:05:00+00:00,2020-01-29 09:05:00+00:00,2020-01-29 09:10:00+00:00,9139.5,9133.0,9152.5,9132.75,stop,8,6.5,117.92,-100.0,9.92,8.0,-117.92,-1.133846153846154,False,0.1854189880176191,9,47247.519999999975,"D (partida 0,10 / 2R)"
MNQ,london,2020-02-06,D,0.1,2.0,-1,2020-02-06 09:20:00+00:00,2020-02-06 09:20:00+00:00,2020-02-06 09:25:00+00:00,9431.75,9439.5,9416.25,9416.25,objetivo,6,7.75,103.44,189.0,7.4399999999999995,3.0,178.56,1.92,False,-0.2579787940503878,9,47129.59999999998,"D (partida 0,10 / 2R)"
MNQ,london,2020-02-20,D,0.1,2.0,1,2020-02-20 10:05:00+00:00,2020-02-20 10:05:00+00:00,2020-02-20 10:05:00+00:00,9728.25,9724.25,9736.25,9724.0,stop,12,4.0,116.88,-90.0,14.879999999999999,12.0,-116.88,-1.2175,False,0.11212229172443512,10,47308.159999999974,"D (partida 0,10 / 2R)"
MNQ,london,2020-02-25,D,0.1,2.0,-1,2020-02-25 08:40:00+00:00,2020-02-25 08:40:00+00:00,2020-02-25 10:15:00+00:00,9168.0,9189.75,9124.5,9124.5,objetivo,2,21.75,90.48,175.0,2.48,1.0,171.52,1.9714942528735633,False,-0.9258631629003862,8,47191.27999999998,"D (partida 0,10 / 2R)"
MNQ,london,2020-02-28,D,0.1,2.0,-1,2020-02-28 08:55:00+00:00,2020-02-28 08:55:00+00:00,2020-02-28 08:55:00+00:00,8224.25,8246.0,8180.75,8246.25,stop,2,21.75,90.48,-86.0,2.48,2.0,-90.48,-1.04,False,-0.6002381906692353,8,47362.799999999974,"D (partida 0,10 / 2R)"
MNQ,london,2020-03-02,D,0.1,2.0,-1,2020-03-02 10:25:00+00:00,2020-03-02 10:25:00+00:00,2020-03-02 10:25:00+00:00,8504.5,8529.25,8455.0,8529.5,stop,2,24.75,102.48,-98.0,2.48,2.0,-102.48,-1.0351515151515152,False,-0.442958892179522,10,47272.31999999997,"D (partida 0,10 / 2R)"
MNQ,london,2020-03-06,D,0.1,2.0,-1,2020-03-06 08:40:00+00:00,2020-03-06 08:40:00+00:00,2020-03-06 08:45:00+00:00,8532.25,8558.25,8480.25,8558.5,stop,2,26.0,107.48,-103.0,2.48,2.0,-107.48,-1.0334615384615384,False,-0.3117321139242243,8,47169.83999999997,"D (partida 0,10 / 2R)"
MNQ,london,2020-03-10,D,0.1,2.0,1,2020-03-10 08:40:00+00:00,2020-03-10 08:40:00+00:00,2020-03-10 08:50:00+00:00,8235.25,8220.5,8264.75,8264.75,objetivo,3,14.75,93.72,178.5,3.7199999999999998,1.5,173.28,1.9579661016949153,False,0.25150695337154455,8,47062.359999999964,"D (partida 0,10 / 2R)"
MNQ,london,2020-03-17,D,0.1,2.0,-1,2020-03-17 08:50:00+00:00,2020-03-17 08:50:00+00:00,2020-03-17 09:15:00+00:00,7199.0,7232.25,7132.5,7132.5,objetivo,1,33.25,68.24,133.5,1.24,0.5,131.76,1.9813533834586465,False,-2.433129725292399,8,47235.63999999996,"D (partida 0,10 / 2R)"
MNQ,london,2020-03-26,D,0.1,2.0,1,2020-03-26 10:40:00+00:00,2020-03-26 10:40:00+00:00,2020-03-26 10:50:00+00:00,7419.25,7403.0,7451.75,7402.75,stop,3,16.25,102.72,-96.0,3.7199999999999998,3.0,-102.72,-1.0535384615384615,False,0.2983144575918919,10,47367.399999999965,"D (partida 0,10 / 2R)"
MNQ,london,2020-03-30,D,0.1,2.0,-1,2020-03-30 08:40:00+01:00,2020-03-30 08:40:00+01:00,2020-03-30 08:45:00+01:00,7522.0,7539.0,7488.0,7539.25,stop,3,17.0,107.22,-100.5,3.7199999999999998,3.0,-107.22,-1.0511764705882354,False,-1.408601395914706,8,47264.679999999964,"D (partida 0,10 / 2R)"
MNQ,london,2020-03-30,D,0.1,2.0,1,2020-03-30 10:30:00+01:00,2020-03-30 10:30:00+01:00,2020-03-30 10:45:00+01:00,7611.75,7592.25,7650.75,7592.0,stop,2,19.5,81.48,-77.0,2.48,2.0,-81.48,-1.0446153846153847,False,0.11485733919885437,10,47157.45999999996,"D (partida 0,10 / 2R)"
MNQ,london,2020-04-03,D,0.1,2.0,1,2020-04-03 09:00:00+01:00,2020-04-03 09:00:00+01:00,2020-04-03 09:20:00+01:00,7561.5,7550.0,7584.5,7549.75,stop,4,11.5,98.96,-90.0,4.96,4.0,-98.96,-1.0756521739130434,False,0.269678949000673,8,47075.97999999996,"D (partida 0,10 / 2R)"
MNQ,london,2020-04-03,D,0.1,2.0,-1,2020-04-03 09:35:00+01:00,2020-04-03 09:35:00+01:00,2020-04-03 10:00:00+01:00,7528.5,7544.75,7496.0,7545.0,stop,3,16.25,102.72,-96.0,3.7199999999999998,3.0,-102.72,-1.0535384615384615,False,-0.12854869759684207,9,46977.01999999996,"D (partida 0,10 / 2R)"
MNQ,london,2020-04-09,D,0.1,2.0,-1,2020-04-09 10:15:00+01:00,2020-04-09 10:15:00+01:00,2020-04-09 10:40:00+01:00,8172.25,8190.75,8135.25,8191.0,stop,3,18.5,116.22,-109.5,3.7199999999999998,3.0,-116.22,-1.047027027027027,False,-0.7483296897838063,10,46874.29999999996,"D (partida 0,10 / 2R)"
MNQ,london,2020-04-13,D,0.1,2.0,1,2020-04-13 09:45:00+01:00,2020-04-13 09:45:00+01:00,2020-04-13 09:45:00+01:00,8118.5,8114.5,8126.5,8114.25,stop,12,4.0,116.88,-90.0,14.879999999999999,12.0,-116.88,-1.2175,False,0.10479713245878307,9,46758.07999999996,"D (partida 0,10 / 2R)"
MNQ,london,2020-04-14,D,0.1,2.0,-1,2020-04-14 09:05:00+01:00,2020-04-14 09:05:00+01:00,2020-04-14 09:10:00+01:00,8437.25,8441.75,8428.25,8428.25,objetivo,10,4.5,107.4,185.0,12.4,5.0,167.6,1.8622222222222222,False,-0.5056415413013486,9,46641.19999999996,"D (partida 0,10 / 2R)"
MNQ,london,2020-04-21,D,0.1,2.0,-1,2020-04-21 08:45:00+01:00,2020-04-21 08:45:00+01:00,2020-04-21 08:45:00+01:00,8660.25,8665.75,8649.25,8649.25,objetivo,9,5.5,114.66,202.5,11.16,4.5,186.84,1.8872727272727272,False,-1.0596604685858773,8,46808.79999999996,"D (partida 0,10 / 2R)"
MNQ,london,2020-04-23,D,0.1,2.0,-1,2020-04-23 09:10:00+01:00,2020-04-23 09:10:00+01:00,2020-04-23 09:10:00+01:00,8603.0,8609.0,8591.0,8609.25,stop,8,6.0,109.92,-92.0,9.92,8.0,-109.92,-1.145,False,-0.9157644807346851,9,46995.639999999956,"D (partida 0,10 / 2R)"
MNQ,london,2020-04-23,D,0.1,2.0,1,2020-04-23 10:35:00+01:00,2020-04-23 10:35:00+01:00,2020-04-23 11:00:00+01:00,8648.5,8638.25,8669.0,8656.25,cierre_sesion,5,10.25,111.19999999999999,82.5,6.2,5.0,71.3,0.6956097560975609,False,0.11939187631161506,10,46885.71999999996,"D (partida 0,10 / 2R)"
MNQ,london,2020-05-04,D,0.1,2.0,-1,2020-05-04 10:05:00+01:00,2020-05-04 10:05:00+01:00,2020-05-04 11:00:00+01:00,8631.75,8650.5,8594.25,8649.5,cierre_sesion,2,18.75,78.48,-69.0,2.48,2.0,-73.48,-0.9797333333333333,False,-0.2825599886152834,10,46957.01999999996,"D (partida 0,10 / 2R)"
MNQ,london,2020-05-05,D,0.1,2.0,-1,2020-05-05 10:15:00+01:00,2020-05-05 10:15:00+01:00,2020-05-05 10:15:00+01:00,8848.75,8854.75,8836.75,8855.0,stop,8,6.0,109.92,-92.0,9.92,8.0,-109.92,-1.145,False,-0.8978261291744082,10,46883.53999999996,"D (partida 0,10 / 2R)"
MNQ,london,2020-05-11,D,0.1,2.0,1,2020-05-11 08:55:00+01:00,2020-05-11 08:55:00+01:00,2020-05-11 09:00:00+01:00,9265.75,9259.0,9279.25,9258.75,stop,7,6.75,106.68,-91.0,8.68,7.0,-106.68,-1.128888888888889,False,0.6399296940118789,8,46773.61999999996,"D (partida 0,10 / 2R)"
MNQ,london,2020-05-19,D,0.1,2.0,-1,2020-05-19 09:30:00+01:00,2020-05-19 09:30:00+01:00,2020-05-19 09:40:00+01:00,9310.75,9323.5,9285.25,9323.75,stop,4,12.75,108.96,-100.0,4.96,4.0,-108.96,-1.068235294117647,False,-0.8014415924224029,9,46666.93999999996,"D (partida 0,10 / 2R)"
MNQ,london,2020-05-22,D,0.1,2.0,1,2020-05-22 10:30:00+01:00,2020-05-22 10:30:00+01:00,2020-05-22 10:30:00+01:00,9302.25,9296.75,9313.25,9296.5,stop,9,5.5,114.66,-94.5,11.16,9.0,-114.66,-1.1581818181818182,False,0.5025210865782619,10,46557.97999999996,"D (partida 0,10 / 2R)"
MNQ,london,2020-06-01,D,0.1,2.0,-1,2020-06-01 09:15:00+01:00,2020-06-01 09:15:00+01:00,2020-06-01 09:20:00+01:00,9518.5,9533.5,9488.5,9488.5,objetivo,3,15.0,95.22,181.5,3.7199999999999998,1.5,176.28,1.9586666666666668,False,-1.3361086381978988,9,46443.319999999956,"D (partida 0,10 / 2R)"
MNQ,london,2020-06-04,D,0.1,2.0,-1,2020-06-04 10:15:00+01:00,2020-06-04 10:15:00+01:00,2020-06-04 10:20:00+01:00,9669.25,9674.0,9659.75,9659.75,objetivo,10,4.75,112.4,195.0,12.4,5.0,177.6,1.8694736842105262,False,-0.14442495632610294,10,46619.599999999955,"D (partida 0,10 / 2R)"
MNQ,london,2020-06-10,D,0.1,2.0,-1,2020-06-10 10:05:00+01:00,2020-06-10 10:05:00+01:00,2020-06-10 11:00:00+01:00,9973.25,10000.75,9918.25,9988.5,cierre_sesion,2,27.5,113.48,-59.0,2.48,2.0,-63.48,-0.5770909090909091,False,-0.30465997076239776,10,46797.19999999995,"D (partida 0,10 / 2R)"
MNQ,london,2020-06-15,D,0.1,2.0,1,2020-06-15 10:25:00+01:00,2020-06-15 10:25:00+01:00,2020-06-15 10:30:00+01:00,9491.25,9483.25,9507.25,9483.0,stop,6,8.0,106.44,-93.0,7.4399999999999995,6.0,-106.44,-1.10875,False,0.3589500960800599,10,46733.71999999995,"D (partida 0,10 / 2R)"
MNQ,london,2020-06-16,D,0.1,2.0,1,2020-06-16 10:10:00+01:00,2020-06-16 10:10:00+01:00,2020-06-16 10:10:00+01:00,9916.75,9908.25,9933.75,9908.0,stop,6,8.5,112.44,-99.0,7.4399999999999995,6.0,-112.44,-1.1023529411764705,False,0.15898655404990672,10,46627.27999999995,"D (partida 0,10 / 2R)"
MNQ,london,2020-06-24,D,0.1,2.0,-1,2020-06-24 08:40:00+01:00,2020-06-24 08:40:00+01:00,2020-06-24 09:15:00+01:00,10190.0,10220.5,10129.0,10129.0,objetivo,1,30.5,62.74,122.5,1.24,0.5,120.76,1.9796721311475411,False,-0.5697885997248121,8,46514.839999999946,"D (partida 0,10 / 2R)"
MNQ,london,2020-06-25,D,0.1,2.0,1,2020-06-25 09:45:00+01:00,2020-06-25 09:45:00+01:00,2020-06-25 11:00:00+01:00,10018.0,9988.25,10077.5,9999.75,cierre_sesion,1,29.75,61.24,-35.5,1.24,1.0,-37.74,-0.6342857142857143,False,0.9480660344133345,9,46635.59999999995,"D (partida 0,10 / 2R)"
MNQ,london,2020-07-09,D,0.1,2.0,1,2020-07-09 09:05:00+01:00,2020-07-09 09:05:00+01:00,2020-07-09 10:45:00+01:00,10678.5,10668.75,10698.0,10698.0,objetivo,5,9.75,106.19999999999999,197.5,6.2,2.5,188.8,1.9364102564102565,False,0.1560474915834864,9,46597.85999999995,"D (partida 0,10 / 2R)"
MNQ,london,2020-07-10,D,0.1,2.0,1,2020-07-10 09:15:00+01:00,2020-07-10 09:15:00+01:00,2020-07-10 09:15:00+01:00,10699.75,10696.0,10707.25,10707.25,objetivo,12,3.75,110.88,186.0,14.879999999999999,6.0,165.12,1.8346666666666667,False,1.0093931411339427,9,46786.65999999995,"D (partida 0,10 / 2R)"
MNQ,london,2020-07-13,D,0.1,2.0,-1,2020-07-13 09:25:00+01:00,2020-07-13 09:25:00+01:00,2020-07-13 09:30:00+01:00,10879.75,10884.75,10869.75,10869.75,objetivo,9,5.0,105.66,184.5,11.16,4.5,168.84,1.8760000000000001,False,-0.33821546197383195,9,46951.779999999955,"D (partida 0,10 / 2R)"
MNQ,london,2020-07-14,D,0.1,2.0,-1,2020-07-14 08:50:00+01:00,2020-07-14 08:50:00+01:00,2020-07-14 09:00:00+01:00,10602.5,10616.75,10574.0,10617.0,stop,3,14.25,90.72,-84.0,3.7199999999999998,3.0,-90.72,-1.0610526315789472,False,-1.8492840536975736,8,47120.61999999995,"D (partida 0,10 / 2R)"
MNQ,london,2020-07-15,D,0.1,2.0,1,2020-07-15 09:05:00+01:00,2020-07-15 09:05:00+01:00,2020-07-15 09:20:00+01:00,10701.5,10690.75,10723.0,10690.5,stop,5,10.75,116.19999999999999,-105.0,6.2,5.0,-116.2,-1.0809302325581396,False,0.22322750175555223,9,47029.89999999995,"D (partida 0,10 / 2R)"
MNQ,london,2020-07-17,D,0.1,2.0,-1,2020-07-17 09:05:00+01:00,2020-07-17 09:05:00+01:00,2020-07-17 09:05:00+01:00,10575.5,10580.25,10566.0,10580.5,stop,10,4.75,112.4,-90.0,12.4,10.0,-112.4,-1.1831578947368422,False,-0.2919778946448394,9,46913.69999999995,"D (partida 0,10 / 2R)"
MNQ,london,2020-07-20,D,0.1,2.0,1,2020-07-20 09:45:00+01:00,2020-07-20 09:45:00+01:00,2020-07-20 11:00:00+01:00,10604.75,10586.0,10642.25,10629.5,cierre_sesion,2,18.75,78.48,101.0,2.48,2.0,96.52,1.2869333333333333,False,0.973799616317396,9,46801.29999999995,"D (partida 0,10 / 2R)"
MNQ,london,2020-07-27,D,0.1,2.0,-1,2020-07-27 08:35:00+01:00,2020-07-27 08:35:00+01:00,2020-07-27 08:35:00+01:00,10503.25,10509.25,10491.25,10509.5,stop,8,6.0,109.92,-92.0,9.92,8.0,-109.92,-1.145,False,-0.7784594643637639,8,46897.81999999995,"D (partida 0,10 / 2R)"
MNQ,london,2020-07-27,D,0.1,2.0,1,2020-07-27 09:15:00+01:00,2020-07-27 09:15:00+01:00,2020-07-27 09:20:00+01:00,10528.0,10521.25,10541.5,10521.0,stop,7,6.75,106.68,-91.0,8.68,7.0,-106.68,-1.128888888888889,False,0.13236585810794219,9,46787.89999999995,"D (partida 0,10 / 2R)"
MNQ,london,2020-08-03,D,0.1,2.0,1,2020-08-03 09:10:00+01:00,2020-08-03 09:10:00+01:00,2020-08-03 09:10:00+01:00,10949.0,10944.25,10958.5,10944.0,stop,10,4.75,112.4,-90.0,12.4,10.0,-112.4,-1.1831578947368422,False,0.7602206071666902,9,46681.21999999995,"D (partida 0,10 / 2R)"
MNQ,london,2020-08-04,D,0.1,2.0,-1,2020-08-04 08:55:00+01:00,2020-08-04 08:55:00+01:00,2020-08-04 09:50:00+01:00,11020.0,11036.25,10987.5,10987.5,objetivo,3,16.25,102.72,196.5,3.7199999999999998,1.5,191.28,1.9618461538461538,False,-1.6245364103779347,8,46568.81999999995,"D (partida 0,10 / 2R)"
MNQ,london,2020-08-07,D,0.1,2.0,1,2020-08-07 08:50:00+01:00,2020-08-07 08:50:00+01:00,2020-08-07 08:55:00+01:00,11229.0,11221.25,11244.5,11221.0,stop,6,7.75,103.44,-90.0,7.4399999999999995,6.0,-103.44,-1.112258064516129,False,0.8611414841288989,8,46760.09999999995,"D (partida 0,10 / 2R)"
MNQ,london,2020-08-11,D,0.1,2.0,1,2020-08-11 08:35:00+01:00,2020-08-11 08:35:00+01:00,2020-08-11 09:55:00+01:00,11127.25,11116.5,11148.75,11148.75,objetivo,5,10.75,116.19999999999999,217.5,6.2,2.5,208.8,1.9423255813953488,False,0.14159760030877877,8,46656.659999999945,"D (partida 0,10 / 2R)"
MNQ,london,2020-08-13,D,0.1,2.0,-1,2020-08-13 09:20:00+01:00,2020-08-13 09:20:00+01:00,2020-08-13 09:35:00+01:00,11104.75,11110.0,11094.25,11110.25,stop,9,5.25,110.16,-90.0,11.16,9.0,-110.16,-1.1657142857142857,False,-0.581195541966002,9,46865.45999999995,"D (partida 0,10 / 2R)"
MNQ,london,2020-08-14,D,0.1,2.0,-1,2020-08-14 08:35:00+01:00,2020-08-14 08:35:00+01:00,2020-08-14 08:45:00+01:00,11187.5,11197.5,11167.5,11167.5,objetivo,5,10.0,108.69999999999999,202.5,6.2,2.5,193.8,1.9380000000000002,False,-1.1800660828127503,8,46755.299999999945,"D (partida 0,10 / 2R)"
MNQ,london,2020-08-25,D,0.1,2.0,-1,2020-08-25 09:35:00+01:00,2020-08-25 09:35:00+01:00,2020-08-25 09:45:00+01:00,11657.25,11661.75,11648.25,11662.0,stop,10,4.5,107.4,-85.0,12.4,10.0,-107.4,-1.1933333333333334,False,-0.532051455312289,9,46949.09999999995,"D (partida 0,10 / 2R)"
MNQ,london,2020-08-26,D,0.1,2.0,1,2020-08-26 08:50:00+01:00,2020-08-26 08:50:00+01:00,2020-08-26 08:50:00+01:00,11746.25,11741.0,11756.75,11740.75,stop,9,5.25,110.16,-90.0,11.16,9.0,-110.16,-1.1657142857142857,False,0.5258734534221604,8,46841.699999999946,"D (partida 0,10 / 2R)"
MNQ,london,2020-08-26,D,0.1,2.0,1,2020-08-26 09:10:00+01:00,2020-08-26 09:10:00+01:00,2020-08-26 09:20:00+01:00,11741.25,11734.5,11754.75,11754.75,objetivo,7,6.75,106.68,192.5,8.68,3.5,180.32,1.9081481481481481,False,0.3313303912138328,9,46731.53999999994,"D (partida 0,10 / 2R)"
MNQ,london,2020-08-27,D,0.1,2.0,-1,2020-08-27 10:25:00+01:00,2020-08-27 10:25:00+01:00,2020-08-27 10:30:00+01:00,11958.75,11963.25,11949.75,11963.5,stop,10,4.5,107.4,-85.0,12.4,10.0,-107.4,-1.1933333333333334,False,-0.14721598740975822,10,46911.85999999994,"D (partida 0,10 / 2R)"
MNQ,london,2020-09-03,D,0.1,2.0,1,2020-09-03 08:45:00+01:00,2020-09-03 08:45:00+01:00,2020-09-03 08:45:00+01:00,12404.25,12400.75,12411.25,12400.5,stop,13,3.5,113.62,-84.5,16.12,13.0,-113.62,-1.2485714285714287,False,0.9269354458782283,8,46804.45999999994,"D (partida 0,10 / 2R)"
MNQ,london,2020-09-07,D,0.1,2.0,1,2020-09-07 09:20:00+01:00,2020-09-07 09:20:00+01:00,2020-09-07 09:20:00+01:00,11439.75,11433.25,11452.75,11452.75,objetivo,7,6.5,103.18,185.5,8.68,3.5,173.32,1.9046153846153846,False,0.15740037154111053,9,46690.83999999994,"D (partida 0,10 / 2R)"
MNQ,london,2020-09-08,D,0.1,2.0,-1,2020-09-08 09:05:00+01:00,2020-09-08 09:05:00+01:00,2020-09-08 09:05:00+01:00,11513.5,11524.75,11491.0,11491.0,objetivo,4,11.25,96.96,182.0,4.96,2.0,175.04,1.944888888888889,False,-0.440131043337267,9,46864.15999999994,"D (partida 0,10 / 2R)"
MNQ,london,2020-09-09,D,0.1,2.0,1,2020-09-09 08:40:00+01:00,2020-09-09 08:40:00+01:00,2020-09-09 08:40:00+01:00,11189.25,11175.0,11217.75,11217.75,objetivo,3,14.25,90.72,172.5,3.7199999999999998,1.5,167.28,1.9564912280701754,False,0.8438820882182775,8,47039.19999999994,"D (partida 0,10 / 2R)"
MNQ,london,2020-09-10,D,0.1,2.0,-1,2020-09-10 08:45:00+01:00,2020-09-10 08:45:00+01:00,2020-09-10 09:00:00+01:00,11328.75,11354.0,11278.25,11278.25,objetivo,2,25.25,104.48,203.0,2.48,1.0,199.52,1.9754455445544556,False,-1.5272492712753272,8,47206.47999999994,"D (partida 0,10 / 2R)"
MNQ,london,2020-09-14,D,0.1,2.0,-1,2020-09-14 09:55:00+01:00,2020-09-14 09:55:00+01:00,2020-09-14 10:00:00+01:00,11206.5,11218.75,11182.0,11219.0,stop,4,12.25,104.96,-96.0,4.96,4.0,-104.96,-1.0710204081632653,False,-0.8539117490310371,9,47405.999999999935,"D (partida 0,10 / 2R)"
MNQ,london,2020-09-17,D,0.1,2.0,1,2020-09-17 10:10:00+01:00,2020-09-17 10:10:00+01:00,2020-09-17 10:10:00+01:00,11121.25,11117.5,11128.75,11117.25,stop,12,3.75,110.88,-84.0,14.879999999999999,12.0,-110.88,-1.232,True,0.2544522256915945,10,47301.039999999935,"D (partida 0,10 / 2R)"
MNQ,london,2020-09-24,D,0.1,2.0,1,2020-09-24 09:00:00+01:00,2020-09-24 09:00:00+01:00,2020-09-24 09:00:00+01:00,10816.75,10797.5,10855.25,10797.25,stop,2,19.25,80.48,-76.0,2.48,2.0,-80.48,-1.0451948051948052,False,0.4181351098032091,8,47190.15999999994,"D (partida 0,10 / 2R)"
MNQ,london,2020-10-05,D,0.1,2.0,1,2020-10-05 10:25:00+01:00,2020-10-05 10:25:00+01:00,2020-10-05 11:00:00+01:00,11328.75,11317.25,11351.75,11343.25,cierre_sesion,4,11.5,98.96,120.0,4.96,4.0,111.04,1.2069565217391305,False,0.16013530321179945,10,47109.679999999935,"D (partida 0,10 / 2R)"
MNQ,london,2020-10-13,D,0.1,2.0,1,2020-10-13 09:25:00+01:00,2020-10-13 09:25:00+01:00,2020-10-13 09:30:00+01:00,12090.5,12082.75,12106.0,12106.0,objetivo,6,7.75,103.44,189.0,7.4399999999999995,3.0,178.56,1.92,False,0.5665010894231791,9,47220.719999999936,"D (partida 0,10 / 2R)"
MNQ,london,2020-10-23,D,0.1,2.0,1,2020-10-23 09:00:00+01:00,2020-10-23 09:00:00+01:00,2020-10-23 09:00:00+01:00,11668.75,11664.75,11676.75,11664.5,stop,12,4.0,116.88,-90.0,14.879999999999999,12.0,-116.88,-1.2175,False,1.7797206159822083,8,47399.27999999993,"D (partida 0,10 / 2R)"
MNQ,london,2020-10-30,D,0.1,2.0,1,2020-10-30 09:25:00+00:00,2020-10-30 09:25:00+00:00,2020-10-30 10:05:00+00:00,11162.5,11144.75,11198.0,11198.0,objetivo,3,17.75,111.72,214.5,3.7199999999999998,1.5,209.28,1.9650704225352114,False,0.19804733493747304,9,47282.399999999936,"D (partida 0,10 / 2R)"
MNQ,london,2020-11-04,D,0.1,2.0,1,2020-11-04 09:00:00+00:00,2020-11-04 09:00:00+00:00,2020-11-04 09:00:00+00:00,11546.25,11535.25,11568.25,11535.0,stop,5,11.0,118.69999999999999,-107.5,6.2,5.0,-118.7,-1.079090909090909,False,0.7528702585714011,8,47491.679999999935,"D (partida 0,10 / 2R)"
MNQ,london,2020-11-06,D,0.1,2.0,-1,2020-11-06 09:15:00+00:00,2020-11-06 09:15:00+00:00,2020-11-06 09:15:00+00:00,11936.25,11942.75,11923.25,11943.0,stop,8,6.5,117.92,-100.0,9.92,8.0,-117.92,-1.133846153846154,False,-0.9594258647031279,9,47372.97999999994,"D (partida 0,10 / 2R)"
MNQ,london,2020-11-10,D,0.1,2.0,-1,2020-11-10 09:30:00+00:00,2020-11-10 09:30:00+00:00,2020-11-10 09:30:00+00:00,11744.75,11752.0,11730.25,11752.25,stop,7,7.25,113.68,-98.0,8.68,7.0,-113.68,-1.12,False,-0.8966541637141093,9,47255.05999999994,"D (partida 0,10 / 2R)"
MNQ,london,2020-11-11,D,0.1,2.0,1,2020-11-11 08:50:00+00:00,2020-11-11 08:50:00+00:00,2020-11-11 08:55:00+00:00,11736.0,11714.0,11780.0,11713.75,stop,2,22.0,91.48,-87.0,2.48,2.0,-91.48,-1.0395454545454546,False,1.7724444351113748,8,47141.37999999994,"D (partida 0,10 / 2R)"
MNQ,london,2020-11-12,D,0.1,2.0,1,2020-11-12 08:35:00+00:00,2020-11-12 08:35:00+00:00,2020-11-12 09:05:00+00:00,11846.0,11833.25,11871.5,11871.5,objetivo,4,12.75,108.96,206.0,4.96,2.0,199.04,1.9513725490196077,False,0.10485168975787754,8,47049.899999999936,"D (partida 0,10 / 2R)"
MNQ,london,2020-11-20,D,0.1,2.0,1,2020-11-20 09:35:00+00:00,2020-11-20 09:35:00+00:00,2020-11-20 10:00:00+00:00,11991.0,11986.5,12000.0,11986.25,stop,10,4.5,107.4,-85.0,12.4,10.0,-107.4,-1.1933333333333334,False,0.24189933298560126,9,47248.93999999994,"D (partida 0,10 / 2R)"
MNQ,london,2020-11-26,D,0.1,2.0,-1,2020-11-26 09:05:00+00:00,2020-11-26 09:05:00+00:00,2020-11-26 09:10:00+00:00,12180.75,12188.25,12165.75,12188.5,stop,7,7.5,117.17999999999999,-101.5,8.68,7.0,-117.18,-1.116,False,-0.9152188122872684,9,47141.539999999935,"D (partida 0,10 / 2R)"
MNQ,london,2020-12-03,D,0.1,2.0,-1,2020-12-03 09:25:00+00:00,2020-12-03 09:25:00+00:00,2020-12-03 09:45:00+00:00,12458.5,12472.5,12430.5,12472.75,stop,3,14.0,89.22,-82.5,3.7199999999999998,3.0,-89.22,-1.062142857142857,False,-0.17331670155949505,9,47024.359999999935,"D (partida 0,10 / 2R)"
MNQ,london,2020-12-03,D,0.1,2.0,1,2020-12-03 10:15:00+00:00,2020-12-03 10:15:00+00:00,2020-12-03 10:15:00+00:00,12479.0,12474.5,12488.0,12474.25,stop,10,4.5,107.4,-85.0,12.4,10.0,-107.4,-1.1933333333333334,False,0.14527348568953002,10,46935.139999999934,"D (partida 0,10 / 2R)"
MNQ,london,2020-12-10,D,0.1,2.0,1,2020-12-10 08:40:00+00:00,2020-12-10 08:40:00+00:00,2020-12-10 08:40:00+00:00,12347.0,12343.25,12354.5,12343.0,stop,12,3.75,110.88,-84.0,14.879999999999999,12.0,-110.88,-1.232,False,1.1022161589403434,8,46827.73999999993,"D (partida 0,10 / 2R)"
MNQ,london,2021-01-13,D,0.1,2.0,-1,2021-01-13 10:35:00+00:00,2021-01-13 10:35:00+00:00,2021-01-13 11:00:00+00:00,12878.25,12908.75,12817.25,12892.75,cierre_sesion,1,30.5,62.74,-28.0,1.24,1.0,-30.24,-0.49573770491803276,False,-0.7411708141664584,10,46716.859999999935,"D (partida 0,10 / 2R)"
MNQ,london,2021-01-14,D,0.1,2.0,1,2021-01-14 08:45:00+00:00,2021-01-14 08:45:00+00:00,2021-01-14 08:45:00+00:00,12971.75,12968.25,12978.75,12978.75,objetivo,13,3.5,113.62,188.5,16.12,6.5,165.88,1.8228571428571427,False,0.8076274219428291,8,46686.61999999994,"D (partida 0,10 / 2R)"
MNQ,london,2021-01-26,D,0.1,2.0,1,2021-01-26 08:40:00+00:00,2021-01-26 08:40:00+00:00,2021-01-26 10:50:00+00:00,13435.0,13422.0,13461.0,13421.75,stop,4,13.0,110.96,-102.0,4.96,4.0,-110.96,-1.0669230769230769,False,0.6673655881203828,8,46852.499999999935,"D (partida 0,10 / 2R)"
MNQ,london,2021-02-17,D,0.1,2.0,1,2021-02-17 08:55:00+00:00,2021-02-17 08:55:00+00:00,2021-02-17 09:10:00+00:00,13779.0,13763.5,13810.0,13763.25,stop,3,15.5,98.22,-91.5,3.7199999999999998,3.0,-98.22,-1.0561290322580645,False,1.1162968036060132,8,46741.539999999935,"D (partida 0,10 / 2R)"
MNQ,london,2021-03-03,D,0.1,2.0,-1,2021-03-03 10:15:00+00:00,2021-03-03 10:15:00+00:00,2021-03-03 10:15:00+00:00,13141.25,13149.5,13124.75,13149.75,stop,6,8.25,109.44,-96.0,7.4399999999999995,6.0,-109.44,-1.1054545454545455,False,-0.24490195955920763,10,46643.319999999934,"D (partida 0,10 / 2R)"
MNQ,london,2021-03-04,D,0.1,2.0,-1,2021-03-04 09:50:00+00:00,2021-03-04 09:50:00+00:00,2021-03-04 09:50:00+00:00,12596.75,12602.25,12585.75,12602.5,stop,9,5.5,114.66,-94.5,11.16,9.0,-114.66,-1.1581818181818182,False,-0.7988863159176046,9,46533.87999999993,"D (partida 0,10 / 2R)"
MNQ,london,2021-03-15,D,0.1,2.0,1,2021-03-15 08:50:00+00:00,2021-03-15 08:50:00+00:00,2021-03-15 08:50:00+00:00,12961.5,12952.5,12979.5,12952.25,stop,5,9.0,98.69999999999999,-87.5,6.2,5.0,-98.7,-1.0966666666666667,False,0.6436295873550913,8,46419.21999999993,"D (partida 0,10 / 2R)"
MNQ,london,2021-03-16,D,0.1,2.0,-1,2021-03-16 08:40:00+00:00,2021-03-16 08:40:00+00:00,2021-03-16 09:10:00+00:00,13113.5,13122.25,13096.0,13122.5,stop,6,8.75,115.44,-102.0,7.4399999999999995,6.0,-115.44,-1.0994285714285714,False,-0.2291570831674025,8,46320.51999999993,"D (partida 0,10 / 2R)"
MNQ,london,2021-03-16,D,0.1,2.0,1,2021-03-16 10:40:00+00:00,2021-03-16 10:40:00+00:00,2021-03-16 11:00:00+00:00,13144.5,13134.5,13164.5,13145.0,cierre_sesion,5,10.0,108.69999999999999,10.0,6.2,5.0,-1.2000000000000002,-0.012000000000000002,False,0.156398510076805,10,46205.07999999993,"D (partida 0,10 / 2R)"
MNQ,london,2021-03-31,D,0.1,2.0,1,2021-03-31 08:35:00+01:00,2021-03-31 08:35:00+01:00,2021-03-31 08:40:00+01:00,12889.0,12885.0,12897.0,12884.75,stop,11,4.0,107.14,-82.5,13.64,11.0,-107.14,-1.2175,False,1.0651071165084791,8,46203.87999999993,"D (partida 0,10 / 2R)"
MNQ,london,2021-04-05,D,0.1,2.0,1,2021-04-05 09:20:00+01:00,2021-04-05 09:20:00+01:00,2021-04-05 10:25:00+01:00,13353.5,13343.0,13374.5,13374.5,objetivo,5,10.5,113.69999999999999,212.5,6.2,2.5,203.8,1.940952380952381,False,1.738196593572771,9,46096.73999999993,"D (partida 0,10 / 2R)"
MNQ,london,2021-04-07,D,0.1,2.0,-1,2021-04-07 10:35:00+01:00,2021-04-07 10:35:00+01:00,2021-04-07 11:00:00+01:00,13560.75,13577.5,13527.25,13574.5,cierre_sesion,3,16.75,105.72,-79.5,3.7199999999999998,3.0,-86.22,-0.8579104477611941,False,-0.36387926380086666,10,46300.539999999935,"D (partida 0,10 / 2R)"
MNQ,london,2021-04-13,D,0.1,2.0,1,2021-04-13 09:00:00+01:00,2021-04-13 09:00:00+01:00,2021-04-13 09:30:00+01:00,13811.5,13805.75,13823.0,13805.5,stop,8,5.75,105.92,-88.0,9.92,8.0,-105.92,-1.151304347826087,False,1.3500951989661314,8,46214.319999999934,"D (partida 0,10 / 2R)"
MNQ,london,2021-04-16,D,0.1,2.0,-1,2021-04-16 08:45:00+01:00,2021-04-16 08:45:00+01:00,2021-04-16 09:00:00+01:00,13970.5,13978.25,13955.0,13978.5,stop,6,7.75,103.44,-90.0,7.4399999999999995,6.0,-103.44,-1.112258064516129,False,-0.22645711545028702,8,46108.399999999936,"D (partida 0,10 / 2R)"
MNQ,london,2021-04-20,D,0.1,2.0,1,2021-04-20 09:25:00+01:00,2021-04-20 09:25:00+01:00,2021-04-20 09:30:00+01:00,13927.5,13917.75,13947.0,13917.5,stop,5,9.75,106.19999999999999,-95.0,6.2,5.0,-106.2,-1.0892307692307692,False,0.10347396610111619,9,46004.959999999934,"D (partida 0,10 / 2R)"
MNQ,london,2021-04-23,D,0.1,2.0,1,2021-04-23 09:00:00+01:00,2021-04-23 09:00:00+01:00,2021-04-23 09:00:00+01:00,13786.75,13779.5,13801.25,13779.25,stop,7,7.25,113.68,-98.0,8.68,7.0,-113.68,-1.12,False,0.7820219324275246,8,45898.75999999994,"D (partida 0,10 / 2R)"
MNQ,london,2021-04-29,D,0.1,2.0,1,2021-04-29 09:10:00+01:00,2021-04-29 09:10:00+01:00,2021-04-29 09:10:00+01:00,14031.25,14027.75,14038.25,14027.5,stop,13,3.5,113.62,-84.5,16.12,13.0,-113.62,-1.2485714285714287,False,1.0562455742162817,9,45785.079999999936,"D (partida 0,10 / 2R)"
MNQ,london,2021-05-03,D,0.1,2.0,-1,2021-05-03 10:25:00+01:00,2021-05-03 10:25:00+01:00,2021-05-03 10:25:00+01:00,13870.0,13875.0,13860.0,13860.0,objetivo,9,5.0,105.66,184.5,11.16,4.5,168.84,1.8760000000000001,False,-0.48091047229567846,10,45671.459999999934,"D (partida 0,10 / 2R)"
MNQ,london,2021-05-05,D,0.1,2.0,1,2021-05-05 08:55:00+01:00,2021-05-05 08:55:00+01:00,2021-05-05 09:10:00+01:00,13574.75,13566.0,13592.25,13592.25,objetivo,5,8.75,96.19999999999999,177.5,6.2,2.5,168.8,1.9291428571428573,False,0.9493065152353756,8,45840.29999999993,"D (partida 0,10 / 2R)"
MNQ,london,2021-05-20,D,0.1,2.0,1,2021-05-20 08:40:00+01:00,2021-05-20 08:40:00+01:00,2021-05-20 08:50:00+01:00,13246.75,13233.75,13272.75,13233.5,stop,4,13.0,110.96,-102.0,4.96,4.0,-110.96,-1.0669230769230769,False,0.9504529930401892,8,46009.09999999993,"D (partida 0,10 / 2R)"
MNQ,london,2021-05-20,D,0.1,2.0,-1,2021-05-20 09:45:00+01:00,2021-05-20 09:45:00+01:00,2021-05-20 09:45:00+01:00,13189.0,13193.0,13181.0,13193.25,stop,11,4.0,107.14,-82.5,13.64,11.0,-107.14,-1.2175,False,-0.3126713975378338,9,45898.139999999934,"D (partida 0,10 / 2R)"
MNQ,london,2021-05-21,D,0.1,2.0,-1,2021-05-21 09:40:00+01:00,2021-05-21 09:40:00+01:00,2021-05-21 09:40:00+01:00,13505.75,13510.25,13496.75,13510.5,stop,10,4.5,107.4,-85.0,12.4,10.0,-107.4,-1.1933333333333334,False,-0.3362726528928885,9,45790.999999999935,"D (partida 0,10 / 2R)"
MNQ,london,2021-06-16,D,0.1,2.0,-1,2021-06-16 09:30:00+01:00,2021-06-16 09:30:00+01:00,2021-06-16 09:35:00+01:00,14035.75,14041.75,14023.75,14042.0,stop,8,6.0,109.92,-92.0,9.92,8.0,-109.92,-1.145,False,-0.35676162835905917,9,45683.59999999993,"D (partida 0,10 / 2R)"
MNQ,london,2021-06-25,D,0.1,2.0,1,2021-06-25 09:15:00+01:00,2021-06-25 09:15:00+01:00,2021-06-25 09:15:00+01:00,14363.75,14359.25,14372.75,14372.75,objetivo,10,4.5,107.4,185.0,12.4,5.0,167.6,1.8622222222222222,False,0.528240806577141,9,45573.679999999935,"D (partida 0,10 / 2R)"
MNQ,london,2021-06-30,D,0.1,2.0,-1,2021-06-30 09:20:00+01:00,2021-06-30 09:20:00+01:00,2021-06-30 10:10:00+01:00,14558.0,14569.0,14536.0,14536.0,objetivo,4,11.0,94.96,178.0,4.96,2.0,171.04,1.9436363636363636,False,-1.0072414521709947,9,45741.27999999993,"D (partida 0,10 / 2R)"
MNQ,london,2021-07-01,D,0.1,2.0,1,2021-07-01 08:40:00+01:00,2021-07-01 08:40:00+01:00,2021-07-01 10:00:00+01:00,14582.25,14563.75,14619.25,14563.5,stop,2,18.5,77.48,-73.0,2.48,2.0,-77.48,-1.047027027027027,False,1.7470688524405116,8,45912.319999999934,"D (partida 0,10 / 2R)"
MNQ,london,2021-07-01,D,0.1,2.0,-1,2021-07-01 10:25:00+01:00,2021-07-01 10:25:00+01:00,2021-07-01 10:25:00+01:00,14539.5,14545.25,14528.0,14545.5,stop,8,5.75,105.92,-88.0,9.92,8.0,-105.92,-1.151304347826087,False,-0.6276752240191122,10,45834.83999999993,"D (partida 0,10 / 2R)"
MNQ,london,2021-07-12,D,0.1,2.0,-1,2021-07-12 09:00:00+01:00,2021-07-12 09:00:00+01:00,2021-07-12 09:00:00+01:00,14790.0,14793.75,14782.5,14794.0,stop,12,3.75,110.88,-84.0,14.879999999999999,12.0,-110.88,-1.232,False,-1.227803300906113,8,45728.91999999993,"D (partida 0,10 / 2R)"
MNQ,london,2021-07-19,D,0.1,2.0,-1,2021-07-19 09:50:00+01:00,2021-07-19 09:50:00+01:00,2021-07-19 09:50:00+01:00,14624.75,14633.5,14607.25,14607.25,objetivo,5,8.75,96.19999999999999,177.5,6.2,2.5,168.8,1.9291428571428573,False,-0.2583470751425056,9,45618.039999999935,"D (partida 0,10 / 2R)"
MNQ,london,2021-07-26,D,0.1,2.0,-1,2021-07-26 09:05:00+01:00,2021-07-26 09:05:00+01:00,2021-07-26 10:25:00+01:00,15057.5,15082.5,15007.5,15082.75,stop,2,25.0,103.48,-99.0,2.48,2.0,-103.48,-1.0348,False,-1.2222151076963916,9,45786.83999999994,"D (partida 0,10 / 2R)"
MNQ,london,2021-07-30,D,0.1,2.0,1,2021-07-30 09:20:00+01:00,2021-07-30 09:20:00+01:00,2021-07-30 09:35:00+01:00,14862.25,14857.5,14871.75,14871.75,objetivo,10,4.75,112.4,195.0,12.4,5.0,177.6,1.8694736842105262,False,0.42657284398835493,9,45683.359999999935,"D (partida 0,10 / 2R)"
MNQ,london,2021-08-03,D,0.1,2.0,-1,2021-08-03 10:20:00+01:00,2021-08-03 10:20:00+01:00,2021-08-03 10:30:00+01:00,14963.0,14968.25,14952.5,14968.5,stop,9,5.25,110.16,-90.0,11.16,9.0,-110.16,-1.1657142857142857,False,-0.42050653348704825,10,45860.959999999934,"D (partida 0,10 / 2R)"
MNQ,london,2021-08-16,D,0.1,2.0,-1,2021-08-16 10:40:00+01:00,2021-08-16 10:40:00+01:00,2021-08-16 10:55:00+01:00,15096.25,15103.0,15082.75,15103.25,stop,7,6.75,106.68,-91.0,8.68,7.0,-106.68,-1.128888888888889,False,-0.11459646112899972,10,45750.79999999993,"D (partida 0,10 / 2R)"
MNQ,london,2021-08-31,D,0.1,2.0,-1,2021-08-31 10:40:00+01:00,2021-08-31 10:40:00+01:00,2021-08-31 11:00:00+01:00,15630.0,15639.5,15611.0,15632.5,cierre_sesion,5,9.5,103.69999999999999,-20.0,6.2,5.0,-31.2,-0.32842105263157895,False,-0.5299641227581059,10,45644.11999999993,"D (partida 0,10 / 2R)"
MNQ,london,2021-09-01,D,0.1,2.0,-1,2021-09-01 09:40:00+01:00,2021-09-01 09:40:00+01:00,2021-09-01 09:45:00+01:00,15607.5,15613.5,15595.5,15613.75,stop,8,6.0,109.92,-92.0,9.92,8.0,-109.92,-1.145,False,-0.9812127700826484,9,45612.91999999993,"D (partida 0,10 / 2R)"
MNQ,london,2021-09-03,D,0.1,2.0,1,2021-09-03 09:00:00+01:00,2021-09-03 09:00:00+01:00,2021-09-03 09:25:00+01:00,15623.75,15620.25,15630.75,15620.0,stop,13,3.5,113.62,-84.5,16.12,13.0,-113.62,-1.2485714285714287,False,0.5844194878796042,8,45502.999999999935,"D (partida 0,10 / 2R)"
MNQ,london,2021-09-07,D,0.1,2.0,-1,2021-09-07 09:10:00+01:00,2021-09-07 09:10:00+01:00,2021-09-07 10:30:00+01:00,15661.0,15678.75,15625.5,15625.5,objetivo,3,17.75,111.72,214.5,3.7199999999999998,1.5,209.28,1.9650704225352114,False,-1.3175857226016694,9,45389.37999999993,"D (partida 0,10 / 2R)"
MNQ,london,2021-09-09,D,0.1,2.0,1,2021-09-09 09:10:00+01:00,2021-09-09 09:10:00+01:00,2021-09-09 09:15:00+01:00,15588.25,15582.25,15600.25,15582.0,stop,8,6.0,109.92,-92.0,9.92,8.0,-109.92,-1.145,False,0.4583364189982289,9,45598.65999999993,"D (partida 0,10 / 2R)"
MNQ,london,2021-10-01,D,0.1,2.0,1,2021-10-01 09:30:00+01:00,2021-10-01 09:30:00+01:00,2021-10-01 09:30:00+01:00,14611.0,14601.25,14630.5,14601.0,stop,5,9.75,106.19999999999999,-95.0,6.2,5.0,-106.2,-1.0892307692307692,False,0.1484529575947701,9,45488.73999999993,"D (partida 0,10 / 2R)"
MNQ,london,2021-10-12,D,0.1,2.0,1,2021-10-12 08:50:00+01:00,2021-10-12 08:50:00+01:00,2021-10-12 09:15:00+01:00,14660.25,14648.75,14683.25,14648.5,stop,4,11.5,98.96,-90.0,4.96,4.0,-98.96,-1.0756521739130434,False,0.7910726699740741,8,45382.539999999935,"D (partida 0,10 / 2R)"
MNQ,london,2021-10-13,D,0.1,2.0,1,2021-10-13 08:40:00+01:00,2021-10-13 08:40:00+01:00,2021-10-13 09:15:00+01:00,14662.25,14653.0,14680.75,14680.75,objetivo,5,9.25,101.19999999999999,187.5,6.2,2.5,178.8,1.932972972972973,False,0.9639009509675531,8,45283.579999999936,"D (partida 0,10 / 2R)"
MNQ,london,2021-10-27,D,0.1,2.0,-1,2021-10-27 10:10:00+01:00,2021-10-27 10:10:00+01:00,2021-10-27 10:15:00+01:00,15533.25,15547.0,15505.75,15547.25,stop,3,13.75,87.72,-81.0,3.7199999999999998,3.0,-87.72,-1.0632727272727274,False,-1.0068878187065475,10,45462.37999999994,"D (partida 0,10 / 2R)"
MNQ,london,2021-10-28,D,0.1,2.0,1,2021-10-28 08:35:00+01:00,2021-10-28 08:35:00+01:00,2021-10-28 09:35:00+01:00,15621.25,15612.5,15638.75,15638.75,objetivo,5,8.75,96.19999999999999,177.5,6.2,2.5,168.8,1.9291428571428573,False,1.4179845133407671,8,45374.65999999994,"D (partida 0,10 / 2R)"
MNQ,london,2021-11-05,D,0.1,2.0,1,2021-11-05 08:40:00+00:00,2021-11-05 08:40:00+00:00,2021-11-05 09:00:00+00:00,16346.5,16339.5,16360.5,16360.5,objetivo,7,7.0,110.18,199.5,8.68,3.5,187.32,1.9114285714285713,False,1.6728356488233798,8,45543.45999999994,"D (partida 0,10 / 2R)"
MNQ,london,2021-11-12,D,0.1,2.0,-1,2021-11-12 09:30:00+00:00,2021-11-12 09:30:00+00:00,2021-11-12 09:45:00+00:00,16043.25,16052.0,16025.75,16052.25,stop,5,8.75,96.19999999999999,-85.0,6.2,5.0,-96.2,-1.0994285714285714,False,-0.2712259499649485,9,45730.77999999994,"D (partida 0,10 / 2R)"
MNQ,london,2021-11-15,D,0.1,2.0,-1,2021-11-15 09:40:00+00:00,2021-11-15 09:40:00+00:00,2021-11-15 09:40:00+00:00,16213.0,16216.75,16205.5,16217.0,stop,12,3.75,110.88,-84.0,14.879999999999999,12.0,-110.88,-1.232,False,-0.2853412982116738,9,45634.57999999994,"D (partida 0,10 / 2R)"
MNQ,london,2021-11-19,D,0.1,2.0,1,2021-11-19 09:20:00+00:00,2021-11-19 09:20:00+00:00,2021-11-19 09:25:00+00:00,16568.75,16563.5,16579.25,16563.25,stop,9,5.25,110.16,-90.0,11.16,9.0,-110.16,-1.1657142857142857,False,0.35528282520895876,9,45523.699999999946,"D (partida 0,10 / 2R)"
MNQ,london,2021-11-23,D,0.1,2.0,1,2021-11-23 10:25:00+00:00,2021-11-23 10:25:00+00:00,2021-11-23 10:25:00+00:00,16347.25,16339.75,16362.25,16339.5,stop,6,7.5,100.44,-87.0,7.4399999999999995,6.0,-100.44,-1.1159999999999999,False,0.31959274984435376,10,45413.53999999994,"D (partida 0,10 / 2R)"
MNQ,london,2021-11-24,D,0.1,2.0,-1,2021-11-24 08:55:00+00:00,2021-11-24 08:55:00+00:00,2021-11-24 09:20:00+00:00,16288.75,16304.0,16258.25,16304.25,stop,3,15.25,96.71999999999998,-90.0,3.7199999999999998,3.0,-96.72,-1.0570491803278688,False,-0.7723675292414881,8,45313.09999999994,"D (partida 0,10 / 2R)"
MNQ,london,2021-12-01,D,0.1,2.0,-1,2021-12-01 08:45:00+00:00,2021-12-01 08:45:00+00:00,2021-12-01 08:50:00+00:00,16307.0,16325.75,16269.5,16326.0,stop,2,18.75,78.48,-74.0,2.48,2.0,-78.48,-1.0464,False,-0.7482449036393026,8,45216.37999999994,"D (partida 0,10 / 2R)"
MNQ,london,2021-12-01,D,0.1,2.0,1,2021-12-01 09:35:00+00:00,2021-12-01 09:35:00+00:00,2021-12-01 11:00:00+00:00,16369.25,16354.0,16399.75,16368.25,cierre_sesion,3,15.25,96.71999999999998,-3.0,3.7199999999999998,3.0,-9.719999999999999,-0.10622950819672129,False,0.30927713381851013,9,45137.899999999936,"D (partida 0,10 / 2R)"
MNQ,london,2021-12-02,D,0.1,2.0,1,2021-12-02 09:15:00+00:00,2021-12-02 09:15:00+00:00,2021-12-02 09:30:00+00:00,15973.25,15960.5,15998.75,15960.25,stop,4,12.75,108.96,-100.0,4.96,4.0,-108.96,-1.068235294117647,False,0.3428842130178596,9,45128.179999999935,"D (partida 0,10 / 2R)"
MNQ,london,2021-12-03,D,0.1,2.0,-1,2021-12-03 08:40:00+00:00,2021-12-03 08:40:00+00:00,2021-12-03 08:40:00+00:00,15932.0,15943.0,15910.0,15943.25,stop,4,11.0,94.96,-86.0,4.96,4.0,-94.96,-1.079090909090909,False,-0.8913224870753435,8,45019.219999999936,"D (partida 0,10 / 2R)"
MNQ,london,2021-12-06,D,0.1,2.0,-1,2021-12-06 10:05:00+00:00,2021-12-06 10:05:00+00:00,2021-12-06 10:05:00+00:00,15681.0,15691.0,15661.0,15691.25,stop,5,10.0,108.69999999999999,-97.5,6.2,5.0,-108.7,-1.087,False,-0.7995812534413519,10,44924.25999999994,"D (partida 0,10 / 2R)"
MNQ,london,2021-12-08,D,0.1,2.0,1,2021-12-08 08:50:00+00:00,2021-12-08 08:50:00+00:00,2021-12-08 08:50:00+00:00,16399.25,16394.75,16408.25,16394.5,stop,10,4.5,107.4,-85.0,12.4,10.0,-107.4,-1.1933333333333334,False,1.0375822221002895,8,44815.55999999994,"D (partida 0,10 / 2R)"
MNQ,london,2021-12-08,D,0.1,2.0,-1,2021-12-08 09:35:00+00:00,2021-12-08 09:35:00+00:00,2021-12-08 09:35:00+00:00,16365.25,16373.5,16348.75,16373.75,stop,6,8.25,109.44,-96.0,7.4399999999999995,6.0,-109.44,-1.1054545454545455,False,-0.12813192162982398,9,44708.15999999994,"D (partida 0,10 / 2R)"
MNQ,london,2021-12-10,D,0.1,2.0,1,2021-12-10 08:35:00+00:00,2021-12-10 08:35:00+00:00,2021-12-10 11:00:00+00:00,16182.25,16168.75,16209.25,16198.25,cierre_sesion,3,13.5,86.22,99.0,3.7199999999999998,3.0,92.28,1.1392592592592592,False,0.2636134956957547,8,44598.719999999936,"D (partida 0,10 / 2R)"
MNQ,london,2021-12-13,D,0.1,2.0,1,2021-12-13 09:25:00+00:00,2021-12-13 09:25:00+00:00,2021-12-13 09:30:00+00:00,16393.25,16389.0,16401.75,16388.75,stop,10,4.25,102.4,-80.0,12.4,10.0,-102.4,-1.2047058823529413,False,0.9497121229169723,9,44690.999999999935,"D (partida 0,10 / 2R)"
MNQ,london,2021-12-14,D,0.1,2.0,-1,2021-12-14 09:40:00+00:00,2021-12-14 09:40:00+00:00,2021-12-14 09:55:00+00:00,16052.5,16090.5,15976.5,15976.5,objetivo,1,38.0,77.74,152.5,1.24,0.5,150.76,1.9836842105263157,False,-1.4002554164220817,9,44588.59999999993,"D (partida 0,10 / 2R)"
MNQ,london,2021-12-15,D,0.1,2.0,-1,2021-12-15 09:15:00+00:00,2021-12-15 09:15:00+00:00,2021-12-15 11:00:00+00:00,15903.75,15932.0,15847.25,15903.5,cierre_sesion,1,28.25,58.24,1.5,1.24,1.0,-0.74,-0.013097345132743363,False,-0.5347154142685611,9,44739.359999999935,"D (partida 0,10 / 2R)"
MNQ,london,2021-12-17,D,0.1,2.0,-1,2021-12-17 08:45:00+00:00,2021-12-17 08:45:00+00:00,2021-12-17 09:10:00+00:00,15799.75,15827.75,15743.75,15743.75,objetivo,1,28.0,57.74,112.5,1.24,0.5,110.76,1.977857142857143,False,-1.1415229496753128,8,44738.61999999994,"D (partida 0,10 / 2R)"
MNQ,london,2021-12-23,D,0.1,2.0,1,2021-12-23 09:45:00+00:00,2021-12-23 09:45:00+00:00,2021-12-23 09:45:00+00:00,16179.75,16175.75,16187.75,16175.5,stop,11,4.0,107.14,-82.5,13.64,11.0,-107.14,-1.2175,False,0.1286931038353244,9,44849.37999999994,"D (partida 0,10 / 2R)"
MNQ,london,2022-01-04,D,0.1,2.0,-1,2022-01-04 08:45:00+00:00,2022-01-04 08:45:00+00:00,2022-01-04 09:20:00+00:00,16486.5,16508.0,16443.5,16508.25,stop_hueco,2,21.5,89.48,-85.0,2.48,2.0,-89.48,-1.04046511627907,False,-1.2322133114702445,8,44742.23999999994,"D (partida 0,10 / 2R)"
MNQ,london,2022-01-04,D,0.1,2.0,1,2022-01-04 10:20:00+00:00,2022-01-04 10:20:00+00:00,2022-01-04 11:00:00+00:00,16536.0,16529.0,16550.0,16545.0,cierre_sesion,7,7.0,110.18,133.0,8.68,7.0,117.32,1.197142857142857,False,0.37309900552280256,10,44652.75999999994,"D (partida 0,10 / 2R)"
MNQ,london,2022-01-07,D,0.1,2.0,1,2022-01-07 10:20:00+00:00,2022-01-07 10:20:00+00:00,2022-01-07 10:25:00+00:00,15778.5,15770.25,15795.0,15795.0,objetivo,6,8.25,109.44,201.0,7.4399999999999995,3.0,190.56,1.9248484848484848,False,0.41528652206555816,10,44770.079999999936,"D (partida 0,10 / 2R)"
MNQ,london,2022-01-12,D,0.1,2.0,-1,2022-01-12 08:35:00+00:00,2022-01-12 08:35:00+00:00,2022-01-12 08:35:00+00:00,15807.0,15811.75,15797.5,15797.5,objetivo,10,4.75,112.4,195.0,12.4,5.0,177.6,1.8694736842105262,False,-1.9282077037948533,8,44960.639999999934,"D (partida 0,10 / 2R)"
MNQ,london,2022-01-12,D,0.1,2.0,1,2022-01-12 10:25:00+00:00,2022-01-12 10:25:00+00:00,2022-01-12 10:30:00+00:00,15874.25,15857.25,15908.25,15857.0,stop,3,17.0,107.22,-100.5,3.7199999999999998,3.0,-107.22,-1.0511764705882354,False,0.43099765986922345,10,45138.23999999993,"D (partida 0,10 / 2R)"
MNQ,london,2022-01-19,D,0.1,2.0,1,2022-01-19 08:40:00+00:00,2022-01-19 08:40:00+00:00,2022-01-19 09:40:00+00:00,15150.25,15118.25,15214.25,15214.25,objetivo,1,32.0,65.74,128.5,1.24,0.5,126.76,1.980625,False,0.9324829271991815,8,45031.01999999993,"D (partida 0,10 / 2R)"
MNQ,london,2022-01-20,D,0.1,2.0,-1,2022-01-20 08:40:00+00:00,2022-01-20 08:40:00+00:00,2022-01-20 08:45:00+00:00,15086.5,15096.25,15067.0,15067.0,objetivo,5,9.75,106.19999999999999,197.5,6.2,2.5,188.8,1.9364102564102565,False,-2.0393115938192645,8,45157.77999999993,"D (partida 0,10 / 2R)"
MNQ,london,2022-01-20,D,0.1,2.0,1,2022-01-20 09:50:00+00:00,2022-01-20 09:50:00+00:00,2022-01-20 10:05:00+00:00,15132.0,15120.25,15155.5,15120.0,stop,4,11.75,100.96,-92.0,4.96,4.0,-100.96,-1.0740425531914892,False,0.2577991943410021,9,45346.579999999936,"D (partida 0,10 / 2R)"
MNQ,london,2022-01-24,D,0.1,2.0,1,2022-01-24 08:40:00+00:00,2022-01-24 08:40:00+00:00,2022-01-24 08:40:00+00:00,14555.25,14542.75,14580.25,14542.5,stop,4,12.5,106.96,-98.0,4.96,4.0,-106.96,-1.0695999999999999,False,1.2657385277642599,8,45245.61999999994,"D (partida 0,10 / 2R)"
MNQ,london,2022-01-24,D,0.1,2.0,-1,2022-01-24 09:00:00+00:00,2022-01-24 09:00:00+00:00,2022-01-24 09:45:00+00:00,14491.5,14518.0,14438.5,14438.5,objetivo,2,26.5,109.48,213.0,2.48,1.0,209.52,1.9766037735849058,False,-0.21960234514508245,8,45138.65999999994,"D (partida 0,10 / 2R)"
MNQ,london,2022-01-25,D,0.1,2.0,1,2022-01-25 09:40:00+00:00,2022-01-25 09:40:00+00:00,2022-01-25 09:55:00+00:00,14322.25,14301.25,14364.25,14364.25,objetivo,2,21.0,87.48,169.0,2.48,1.0,165.52,1.9704761904761905,False,0.33670056160347994,9,45348.179999999935,"D (partida 0,10 / 2R)"
MNQ,london,2022-01-31,D,0.1,2.0,1,2022-01-31 08:40:00+00:00,2022-01-31 08:40:00+00:00,2022-01-31 08:50:00+00:00,14483.25,14472.25,14505.25,14505.25,objetivo,4,11.0,94.96,178.0,4.96,2.0,171.04,1.9436363636363636,False,0.5246826501719952,8,45513.69999999993,"D (partida 0,10 / 2R)"
MNQ,london,2022-02-01,D,0.1,2.0,-1,2022-02-01 10:00:00+00:00,2022-02-01 10:00:00+00:00,2022-02-01 10:00:00+00:00,14883.5,14890.25,14870.0,14890.5,stop,7,6.75,106.68,-91.0,8.68,7.0,-106.68,-1.128888888888889,False,-0.6192791346786511,9,45684.73999999993,"D (partida 0,10 / 2R)"
MNQ,london,2022-02-08,D,0.1,2.0,1,2022-02-08 08:50:00+00:00,2022-02-08 08:50:00+00:00,2022-02-08 09:55:00+00:00,14601.75,14569.75,14665.75,14569.5,stop,1,32.0,65.74,-63.5,1.24,1.0,-65.74,-1.0271875,False,0.5143775056941131,8,45578.05999999993,"D (partida 0,10 / 2R)"
MNQ,london,2022-02-08,D,0.1,2.0,-1,2022-02-08 10:20:00+00:00,2022-02-08 10:20:00+00:00,2022-02-08 10:25:00+00:00,14549.75,14560.25,14528.75,14560.5,stop,5,10.5,113.69999999999999,-102.5,6.2,5.0,-113.7,-1.082857142857143,False,-0.14826904926051432,10,45512.319999999934,"D (partida 0,10 / 2R)"
MNQ,london,2022-02-09,D,0.1,2.0,1,2022-02-09 08:40:00+00:00,2022-02-09 08:40:00+00:00,2022-02-09 08:45:00+00:00,14810.75,14795.5,14841.25,14841.25,objetivo,3,15.25,96.71999999999998,184.5,3.7199999999999998,1.5,179.28,1.959344262295082,False,0.7839318898265342,8,45398.61999999994,"D (partida 0,10 / 2R)"
MNQ,london,2022-02-10,D,0.1,2.0,-1,2022-02-10 08:50:00+00:00,2022-02-10 08:50:00+00:00,2022-02-10 08:55:00+00:00,14986.5,14991.5,14976.5,14976.5,objetivo,9,5.0,105.66,184.5,11.16,4.5,168.84,1.8760000000000001,False,-1.1425098895352883,8,45577.899999999936,"D (partida 0,10 / 2R)"
MNQ,london,2022-02-11,D,0.1,2.0,-1,2022-02-11 10:05:00+00:00,2022-02-11 10:05:00+00:00,2022-02-11 10:10:00+00:00,14596.25,14599.75,14589.25,14589.25,objetivo,13,3.5,113.62,188.5,16.12,6.5,165.88,1.8228571428571427,False,-0.38664426412274616,10,45746.73999999993,"D (partida 0,10 / 2R)"
MNQ,london,2022-02-17,D,0.1,2.0,-1,2022-02-17 08:45:00+00:00,2022-02-17 08:45:00+00:00,2022-02-17 08:45:00+00:00,14505.75,14520.5,14476.25,14476.25,objetivo,3,14.75,93.72,178.5,3.7199999999999998,1.5,173.28,1.9579661016949153,False,-1.4989821591813972,8,45912.61999999993,"D (partida 0,10 / 2R)"
MNQ,london,2022-02-18,D,0.1,2.0,-1,2022-02-18 09:15:00+00:00,2022-02-18 09:15:00+00:00,2022-02-18 09:25:00+00:00,14232.0,14252.5,14191.0,14252.75,stop,2,20.5,85.48,-81.0,2.48,2.0,-85.48,-1.042439024390244,False,-0.10899403172114866,9,46085.89999999993,"D (partida 0,10 / 2R)"
MNQ,london,2022-02-21,D,0.1,2.0,-1,2022-02-21 09:00:00+00:00,2022-02-21 09:00:00+00:00,2022-02-21 09:00:00+00:00,14037.5,14045.25,14022.0,14022.0,objetivo,6,7.75,103.44,189.0,7.4399999999999995,3.0,178.56,1.92,False,-1.3514717700467476,8,46000.419999999925,"D (partida 0,10 / 2R)"
MNQ,london,2022-02-22,D,0.1,2.0,1,2022-02-22 08:50:00+00:00,2022-02-22 08:50:00+00:00,2022-02-22 09:05:00+00:00,13714.75,13699.0,13746.25,13698.75,stop,3,15.75,99.72,-93.0,3.7199999999999998,3.0,-99.72,-1.0552380952380953,False,0.661587979116759,8,46178.97999999992,"D (partida 0,10 / 2R)"
MNQ,london,2022-02-24,D,0.1,2.0,1,2022-02-24 09:20:00+00:00,2022-02-24 09:20:00+00:00,2022-02-24 09:20:00+00:00,13201.25,13186.0,13231.75,13231.75,objetivo,3,15.25,96.71999999999998,184.5,3.7199999999999998,1.5,179.28,1.959344262295082,False,0.3941345824481431,9,46079.25999999992,"D (partida 0,10 / 2R)"
MNQ,london,2022-02-25,D,0.1,2.0,1,2022-02-25 10:15:00+00:00,2022-02-25 10:15:00+00:00,2022-02-25 11:00:00+00:00,13883.25,13861.5,13926.75,13906.0,cierre_sesion,2,21.75,90.48,93.0,2.48,2.0,88.52,1.017471264367816,False,0.4509815087087046,10,46258.53999999992,"D (partida 0,10 / 2R)"
MNQ,london,2022-03-01,D,0.1,2.0,-1,2022-03-01 09:00:00+00:00,2022-03-01 09:00:00+00:00,2022-03-01 09:00:00+00:00,14198.0,14206.0,14182.0,14206.25,stop,6,8.0,106.44,-93.0,7.4399999999999995,6.0,-106.44,-1.10875,False,-0.886994991208814,8,46347.05999999992,"D (partida 0,10 / 2R)"
MNQ,london,2022-03-02,D,0.1,2.0,1,2022-03-02 09:40:00+00:00,2022-03-02 09:40:00+00:00,2022-03-02 09:45:00+00:00,14066.5,14052.75,14094.0,14094.0,objetivo,3,13.75,87.72,166.5,3.7199999999999998,1.5,161.28,1.954909090909091,False,0.3481393556287368,9,46240.619999999915,"D (partida 0,10 / 2R)"
MNQ,london,2022-03-04,D,0.1,2.0,-1,2022-03-04 09:30:00+00:00,2022-03-04 09:30:00+00:00,2022-03-04 09:30:00+00:00,13925.75,13929.25,13918.75,13929.5,stop,13,3.5,113.62,-84.5,16.12,13.0,-113.62,-1.2485714285714287,False,-0.8553495426734852,9,46401.899999999914,"D (partida 0,10 / 2R)"
MNQ,london,2022-03-07,D,0.1,2.0,1,2022-03-07 09:15:00+00:00,2022-03-07 09:15:00+00:00,2022-03-07 09:15:00+00:00,13639.5,13634.5,13649.5,13634.25,stop,9,5.0,105.66,-85.5,11.16,9.0,-105.66,-1.174,False,0.3035266235403577,9,46288.27999999991,"D (partida 0,10 / 2R)"
MNQ,london,2022-03-14,D,0.1,2.0,1,2022-03-14 09:45:00+00:00,2022-03-14 09:45:00+00:00,2022-03-14 09:55:00+00:00,13387.75,13361.25,13440.75,13440.75,objetivo,2,26.5,109.48,213.0,2.48,1.0,209.52,1.9766037735849058,False,0.18234986352162272,9,46182.61999999991,"D (partida 0,10 / 2R)"
MNQ,london,2022-03-17,D,0.1,2.0,-1,2022-03-17 08:40:00+00:00,2022-03-17 08:40:00+00:00,2022-03-17 09:10:00+00:00,13947.0,13961.5,13918.0,13918.0,objetivo,3,14.5,92.22,175.5,3.7199999999999998,1.5,170.28,1.957241379310345,False,-0.3262892483466855,8,46392.139999999905,"D (partida 0,10 / 2R)"
MNQ,london,2022-03-25,D,0.1,2.0,1,2022-03-25 10:30:00+00:00,2022-03-25 10:30:00+00:00,2022-03-25 11:00:00+00:00,14775.5,14763.75,14799.0,14793.75,cierre_sesion,4,11.75,100.96,150.0,4.96,4.0,141.04,1.5004255319148936,False,0.415887375616143,10,46562.419999999904,"D (partida 0,10 / 2R)"
MNQ,london,2022-04-01,D,0.1,2.0,-1,2022-04-01 10:20:00+01:00,2022-04-01 10:20:00+01:00,2022-04-01 10:20:00+01:00,14912.5,14919.5,14898.5,14919.75,stop,7,7.0,110.18,-94.5,8.68,7.0,-110.18,-1.1242857142857143,False,-0.17805370487747055,10,46703.459999999905,"D (partida 0,10 / 2R)"
MNQ,london,2022-04-04,D,0.1,2.0,1,2022-04-04 09:30:00+01:00,2022-04-04 09:30:00+01:00,2022-04-04 10:05:00+01:00,14872.0,14857.5,14901.0,14901.0,objetivo,3,14.5,92.22,175.5,3.7199999999999998,1.5,170.28,1.957241379310345,False,0.2216501550643713,9,46593.279999999904,"D (partida 0,10 / 2R)"
MNQ,london,2022-04-05,D,0.1,2.0,-1,2022-04-05 10:40:00+01:00,2022-04-05 10:40:00+01:00,2022-04-05 11:00:00+01:00,15144.0,15157.25,15117.5,15138.25,cierre_sesion,4,13.25,112.96,50.0,4.96,4.0,41.04,0.38716981132075473,False,-0.27374591223743916,10,46763.5599999999,"D (partida 0,10 / 2R)"
MNQ,london,2022-04-06,D,0.1,2.0,-1,2022-04-06 08:45:00+01:00,2022-04-06 08:45:00+01:00,2022-04-06 08:55:00+01:00,14759.5,14772.0,14734.5,14734.5,objetivo,4,12.5,106.96,202.0,4.96,2.0,195.04,1.9504,False,-2.0148370125132398,8,46804.599999999904,"D (partida 0,10 / 2R)"
MNQ,london,2022-04-11,D,0.1,2.0,-1,2022-04-11 09:20:00+01:00,2022-04-11 09:20:00+01:00,2022-04-11 10:45:00+01:00,14172.25,14219.5,14077.75,14219.75,stop,1,47.25,96.24,-94.0,1.24,1.0,-96.24,-1.0184126984126984,False,-0.503394293019082,9,46999.639999999905,"D (partida 0,10 / 2R)"
MNQ,london,2022-04-21,D,0.1,2.0,1,2022-04-21 08:35:00+01:00,2022-04-21 08:35:00+01:00,2022-04-21 08:55:00+01:00,14109.25,14098.0,14131.75,14131.75,objetivo,4,11.25,96.96,182.0,4.96,2.0,175.04,1.944888888888889,False,0.8030821464752859,8,46903.39999999991,"D (partida 0,10 / 2R)"
MNQ,london,2022-05-02,D,0.1,2.0,-1,2022-05-02 09:35:00+01:00,2022-05-02 09:35:00+01:00,2022-05-02 09:40:00+01:00,12911.0,12930.25,12872.5,12930.5,stop,2,19.25,80.48,-76.0,2.48,2.0,-80.48,-1.0451948051948052,False,-0.10534496164123354,9,47078.43999999991,"D (partida 0,10 / 2R)"
MNQ,london,2022-05-09,D,0.1,2.0,-1,2022-05-09 08:55:00+01:00,2022-05-09 08:55:00+01:00,2022-05-09 09:05:00+01:00,12551.25,12571.75,12510.25,12510.25,objetivo,2,20.5,85.48,165.0,2.48,1.0,161.52,1.9697560975609758,False,-0.5993888293098945,8,46997.959999999905,"D (partida 0,10 / 2R)"
MNQ,london,2022-05-11,D,0.1,2.0,1,2022-05-11 09:30:00+01:00,2022-05-11 09:30:00+01:00,2022-05-11 09:50:00+01:00,12468.5,12447.25,12511.0,12511.0,objetivo,2,21.25,88.48,171.0,2.48,1.0,167.52,1.9708235294117649,False,0.6230163628242172,9,47159.4799999999,"D (partida 0,10 / 2R)"
MNQ,london,2022-05-16,D,0.1,2.0,1,2022-05-16 09:55:00+01:00,2022-05-16 09:55:00+01:00,2022-05-16 10:25:00+01:00,12332.25,12315.75,12365.25,12315.5,stop,3,16.5,104.22,-97.5,3.7199999999999998,3.0,-104.22,-1.0527272727272727,False,0.3824348790763828,9,47326.9999999999,"D (partida 0,10 / 2R)"
MNQ,london,2022-05-23,D,0.1,2.0,-1,2022-05-23 09:15:00+01:00,2022-05-23 09:15:00+01:00,2022-05-23 11:00:00+01:00,11912.0,11950.75,11834.5,11895.75,cierre_sesion,1,38.75,79.24,33.5,1.24,1.0,31.26,0.4033548387096774,False,-0.5246258353915073,9,47222.7799999999,"D (partida 0,10 / 2R)"
MNQ,london,2022-05-25,D,0.1,2.0,-1,2022-05-25 08:35:00+01:00,2022-05-25 08:35:00+01:00,2022-05-25 08:35:00+01:00,11828.75,11838.0,11810.25,11810.25,objetivo,5,9.25,101.19999999999999,187.5,6.2,2.5,178.8,1.932972972972973,False,-0.5552419912726455,8,47254.0399999999,"D (partida 0,10 / 2R)"
MNQ,london,2022-05-26,D,0.1,2.0,1,2022-05-26 08:35:00+01:00,2022-05-26 08:35:00+01:00,2022-05-26 08:55:00+01:00,11929.75,11915.75,11957.75,11957.75,objetivo,3,14.0,89.22,169.5,3.7199999999999998,1.5,164.28,1.9557142857142857,False,1.0115327503431817,8,47432.8399999999,"D (partida 0,10 / 2R)"
MNQ,london,2022-05-26,D,0.1,2.0,-1,2022-05-26 10:20:00+01:00,2022-05-26 10:20:00+01:00,2022-05-26 10:20:00+01:00,11890.75,11897.0,11878.25,11897.25,stop,8,6.25,113.92,-96.0,9.92,8.0,-113.92,-1.1392,False,-0.3959306077760244,10,47597.1199999999,"D (partida 0,10 / 2R)"
MNQ,london,2022-05-27,D,0.1,2.0,1,2022-05-27 09:15:00+01:00,2022-05-27 09:15:00+01:00,2022-05-27 09:25:00+01:00,12279.5,12259.25,12320.0,12320.0,objetivo,2,20.25,84.48,163.0,2.48,1.0,159.52,1.9693827160493829,False,0.12999062320123192,9,47483.1999999999,"D (partida 0,10 / 2R)"
MNQ,london,2022-06-07,D,0.1,2.0,1,2022-06-07 08:45:00+01:00,2022-06-07 08:45:00+01:00,2022-06-07 09:35:00+01:00,12536.0,12521.75,12564.5,12564.5,objetivo,3,14.25,90.72,172.5,3.7199999999999998,1.5,167.28,1.9564912280701754,False,0.5989116431648176,8,47642.7199999999,"D (partida 0,10 / 2R)"
MNQ,london,2022-06-08,D,0.1,2.0,1,2022-06-08 09:40:00+01:00,2022-06-08 09:40:00+01:00,2022-06-08 09:40:00+01:00,12683.25,12678.25,12693.25,12678.0,stop,10,5.0,117.4,-95.0,12.4,10.0,-117.4,-1.1740000000000002,False,0.3858452148079843,9,47809.9999999999,"D (partida 0,10 / 2R)"
MNQ,london,2022-06-10,D,0.1,2.0,1,2022-06-10 09:50:00+01:00,2022-06-10 09:50:00+01:00,2022-06-10 09:50:00+01:00,12318.75,12308.75,12338.75,12308.5,stop,5,10.0,108.69999999999999,-97.5,6.2,5.0,-108.7,-1.087,False,0.2264753246210861,9,47692.5999999999,"D (partida 0,10 / 2R)"
MNQ,london,2022-06-14,D,0.1,2.0,-1,2022-06-14 09:45:00+01:00,2022-06-14 09:45:00+01:00,2022-06-14 09:45:00+01:00,11421.75,11429.0,11407.25,11407.25,objetivo,7,7.25,113.68,206.5,8.68,3.5,194.32,1.9144827586206896,False,-0.12003674483854847,9,47583.8999999999,"D (partida 0,10 / 2R)"
MNQ,london,2022-06-21,D,0.1,2.0,1,2022-06-21 08:35:00+01:00,2022-06-21 08:35:00+01:00,2022-06-21 09:10:00+01:00,11506.75,11488.25,11543.75,11543.75,objetivo,3,18.5,116.22,223.5,3.7199999999999998,1.5,218.28,1.9664864864864866,False,2.097902694538324,8,47778.2199999999,"D (partida 0,10 / 2R)"
MNQ,london,2022-06-23,D,0.1,2.0,1,2022-06-23 09:15:00+01:00,2022-06-23 09:15:00+01:00,2022-06-23 09:30:00+01:00,11614.25,11580.5,11681.75,11580.25,stop,1,33.75,69.24,-67.0,1.24,1.0,-69.24,-1.0257777777777777,False,0.7706969478593361,9,47996.4999999999,"D (partida 0,10 / 2R)"
MNQ,london,2022-07-01,D,0.1,2.0,1,2022-07-01 08:40:00+01:00,2022-07-01 08:40:00+01:00,2022-07-01 08:40:00+01:00,11465.25,11459.25,11477.25,11459.0,stop,8,6.0,109.92,-92.0,9.92,8.0,-109.92,-1.145,False,0.9730570113750215,8,47927.2599999999,"D (partida 0,10 / 2R)"
MNQ,london,2022-07-04,D,0.1,2.0,-1,2022-07-04 08:55:00+01:00,2022-07-04 08:55:00+01:00,2022-07-04 09:00:00+01:00,11517.5,11522.25,11508.0,11522.5,stop,10,4.75,112.4,-90.0,12.4,10.0,-112.4,-1.1831578947368422,False,-0.6129878200714068,8,47817.3399999999,"D (partida 0,10 / 2R)"
MNQ,london,2022-07-04,D,0.1,2.0,1,2022-07-04 10:40:00+01:00,2022-07-04 10:40:00+01:00,2022-07-04 11:00:00+01:00,11569.5,11556.75,11595.0,11569.25,cierre_sesion,4,12.75,108.96,2.0,4.96,4.0,-6.96,-0.06823529411764706,False,0.33850220563734246,10,47704.9399999999,"D (partida 0,10 / 2R)"
MNQ,london,2022-07-06,D,0.1,2.0,-1,2022-07-06 09:55:00+01:00,2022-07-06 09:55:00+01:00,2022-07-06 09:55:00+01:00,11779.5,11783.25,11772.0,11772.0,objetivo,12,3.75,110.88,186.0,14.879999999999999,6.0,165.12,1.8346666666666667,False,-0.5490617452824327,9,47697.9799999999,"D (partida 0,10 / 2R)"
MNQ,london,2022-07-11,D,0.1,2.0,1,2022-07-11 09:15:00+01:00,2022-07-11 09:15:00+01:00,2022-07-11 10:00:00+01:00,12064.0,12050.25,12091.5,12050.0,stop,4,13.75,116.96,-108.0,4.96,4.0,-116.96,-1.0632727272727271,False,0.24301319158500442,9,47863.099999999904,"D (partida 0,10 / 2R)"
MNQ,london,2022-07-13,D,0.1,2.0,-1,2022-07-13 09:10:00+01:00,2022-07-13 09:10:00+01:00,2022-07-13 09:15:00+01:00,11782.75,11800.75,11746.75,11801.0,stop,3,18.0,113.22,-106.5,3.7199999999999998,3.0,-113.22,-1.0483333333333333,False,-0.7296245647950453,9,47746.139999999905,"D (partida 0,10 / 2R)"
MNQ,london,2022-07-15,D,0.1,2.0,1,2022-07-15 10:05:00+01:00,2022-07-15 10:05:00+01:00,2022-07-15 10:20:00+01:00,11838.75,11831.5,11853.25,11831.25,stop,7,7.25,113.68,-98.0,8.68,7.0,-113.68,-1.12,False,0.5627692523490397,10,47632.919999999904,"D (partida 0,10 / 2R)"
MNQ,london,2022-07-21,D,0.1,2.0,-1,2022-07-21 09:00:00+01:00,2022-07-21 09:00:00+01:00,2022-07-21 09:20:00+01:00,12439.25,12451.5,12414.75,12414.75,objetivo,4,12.25,104.96,198.0,4.96,2.0,191.04,1.9493877551020407,False,-0.5397048793382077,8,47519.2399999999,"D (partida 0,10 / 2R)"
MNQ,london,2022-07-29,D,0.1,2.0,-1,2022-07-29 09:40:00+01:00,2022-07-29 09:40:00+01:00,2022-07-29 09:50:00+01:00,12887.75,12903.75,12855.75,12855.75,objetivo,3,16.0,101.22,193.5,3.7199999999999998,1.5,188.28,1.96125,False,-0.1817887806622435,9,47710.279999999904,"D (partida 0,10 / 2R)"
MNQ,london,2022-08-03,D,0.1,2.0,1,2022-08-03 10:10:00+01:00,2022-08-03 10:10:00+01:00,2022-08-03 10:10:00+01:00,12943.5,12935.25,12960.0,12960.0,objetivo,6,8.25,109.44,201.0,7.4399999999999995,3.0,190.56,1.9248484848484848,False,0.269177873271862,10,47898.5599999999,"D (partida 0,10 / 2R)"
MNQ,london,2022-08-10,D,0.1,2.0,1,2022-08-10 08:55:00+01:00,2022-08-10 08:55:00+01:00,2022-08-10 08:55:00+01:00,13034.75,13028.75,13046.75,13028.5,stop,8,6.0,109.92,-92.0,9.92,8.0,-109.92,-1.145,False,1.0933097235261648,8,48089.1199999999,"D (partida 0,10 / 2R)"
MNQ,london,2022-08-11,D,0.1,2.0,-1,2022-08-11 09:15:00+01:00,2022-08-11 09:15:00+01:00,2022-08-11 09:15:00+01:00,13424.75,13431.0,13412.25,13431.25,stop,8,6.25,113.92,-96.0,9.92,8.0,-113.92,-1.1392,False,-0.8746299141530877,9,47979.1999999999,"D (partida 0,10 / 2R)"
MNQ,london,2022-08-16,D,0.1,2.0,1,2022-08-16 09:40:00+01:00,2022-08-16 09:40:00+01:00,2022-08-16 10:00:00+01:00,13685.5,13669.25,13718.0,13669.0,stop,3,16.25,102.72,-96.0,3.7199999999999998,3.0,-102.72,-1.0535384615384615,False,1.0225359774521876,9,47865.279999999904,"D (partida 0,10 / 2R)"
MNQ,london,2022-08-23,D,0.1,2.0,1,2022-08-23 09:05:00+01:00,2022-08-23 09:05:00+01:00,2022-08-23 10:25:00+01:00,12945.0,12927.75,12979.5,12927.5,stop,3,17.25,108.72,-102.0,3.7199999999999998,3.0,-108.72,-1.0504347826086957,False,0.745361317308243,9,47762.5599999999,"D (partida 0,10 / 2R)"
MNQ,london,2022-08-24,D,0.1,2.0,-1,2022-08-24 08:45:00+01:00,2022-08-24 08:45:00+01:00,2022-08-24 08:45:00+01:00,12857.25,12867.0,12837.75,12867.25,stop,5,9.75,106.19999999999999,-95.0,6.2,5.0,-106.2,-1.0892307692307692,False,-1.6623441304727153,8,47653.8399999999,"D (partida 0,10 / 2R)"
MNQ,london,2022-08-29,D,0.1,2.0,-1,2022-08-29 10:00:00+01:00,2022-08-29 10:00:00+01:00,2022-08-29 10:10:00+01:00,12452.5,12472.0,12413.5,12472.25,stop,2,19.5,81.48,-77.0,2.48,2.0,-81.48,-1.0446153846153847,False,-0.17765889518527697,9,47547.639999999905,"D (partida 0,10 / 2R)"
MNQ,london,2022-08-31,D,0.1,2.0,-1,2022-08-31 08:40:00+01:00,2022-08-31 08:40:00+01:00,2022-08-31 08:45:00+01:00,12412.5,12423.25,12391.0,12391.0,objetivo,5,10.75,116.19999999999999,217.5,6.2,2.5,208.8,1.9423255813953488,False,-0.471580442481161,8,47466.1599999999,"D (partida 0,10 / 2R)"
MNQ,london,2022-09-02,D,0.1,2.0,-1,2022-09-02 08:35:00+01:00,2022-09-02 08:35:00+01:00,2022-09-02 09:00:00+01:00,12270.75,12289.75,12232.75,12290.0,stop,2,19.0,79.48,-75.0,2.48,2.0,-79.48,-1.0457894736842106,False,-1.0152480892147946,8,47674.959999999905,"D (partida 0,10 / 2R)"
MNQ,london,2022-09-05,D,0.1,2.0,-1,2022-09-05 08:40:00+01:00,2022-09-05 08:40:00+01:00,2022-09-05 10:00:00+01:00,12091.75,12115.5,12044.25,12115.75,stop,2,23.75,98.48,-94.0,2.48,2.0,-98.48,-1.0366315789473686,False,-0.7588247374230429,8,47595.4799999999,"D (partida 0,10 / 2R)"
MNQ,london,2022-09-08,D,0.1,2.0,-1,2022-09-08 08:40:00+01:00,2022-09-08 08:40:00+01:00,2022-09-08 08:40:00+01:00,12247.5,12251.75,12239.0,12252.0,stop,11,4.25,112.64,-88.0,13.64,11.0,-112.64,-1.2047058823529413,False,-2.0138455142349763,8,47496.9999999999,"D (partida 0,10 / 2R)"
MNQ,london,2022-09-15,D,0.1,2.0,-1,2022-09-15 09:40:00+01:00,2022-09-15 09:40:00+01:00,2022-09-15 09:40:00+01:00,12140.25,12144.0,12132.75,12132.75,objetivo,12,3.75,110.88,186.0,14.879999999999999,6.0,165.12,1.8346666666666667,False,-0.40006886575340433,9,47384.3599999999,"D (partida 0,10 / 2R)"
MNQ,london,2022-09-20,D,0.1,2.0,-1,2022-09-20 08:45:00+01:00,2022-09-20 08:45:00+01:00,2022-09-20 09:10:00+01:00,12020.0,12039.5,11981.0,11981.0,objetivo,2,19.5,81.48,157.0,2.48,1.0,153.52,1.9682051282051283,False,-0.4377481339035644,8,47549.4799999999,"D (partida 0,10 / 2R)"
MNQ,london,2022-10-03,D,0.1,2.0,-1,2022-10-03 09:10:00+01:00,2022-10-03 09:10:00+01:00,2022-10-03 09:10:00+01:00,10957.75,10966.5,10940.25,10966.75,stop,6,8.75,115.44,-102.0,7.4399999999999995,6.0,-115.44,-1.0994285714285714,False,-0.4028942867537665,9,47702.9999999999,"D (partida 0,10 / 2R)"
MNQ,london,2022-10-07,D,0.1,2.0,1,2022-10-07 10:25:00+01:00,2022-10-07 10:25:00+01:00,2022-10-07 10:25:00+01:00,11522.5,11512.5,11542.5,11512.25,stop,5,10.0,108.69999999999999,-97.5,6.2,5.0,-108.7,-1.087,False,0.16533931960261763,10,47587.559999999896,"D (partida 0,10 / 2R)"
MNQ,london,2022-10-10,D,0.1,2.0,-1,2022-10-10 09:20:00+01:00,2022-10-10 09:20:00+01:00,2022-10-10 10:00:00+01:00,11016.0,11031.25,10985.5,11031.5,stop,3,15.25,96.71999999999998,-90.0,3.7199999999999998,3.0,-96.72,-1.0570491803278688,False,-0.5974387943625056,9,47478.8599999999,"D (partida 0,10 / 2R)"
MNQ,london,2022-10-13,D,0.1,2.0,1,2022-10-13 09:50:00+01:00,2022-10-13 09:50:00+01:00,2022-10-13 10:05:00+01:00,10853.0,10846.0,10867.0,10867.0,objetivo,7,7.0,110.18,199.5,8.68,3.5,187.32,1.9114285714285713,False,0.26560831173947547,9,47382.1399999999,"D (partida 0,10 / 2R)"
MNQ,london,2022-10-18,D,0.1,2.0,-1,2022-10-18 10:10:00+01:00,2022-10-18 10:10:00+01:00,2022-10-18 10:15:00+01:00,11240.5,11261.75,11198.0,11262.0,stop,2,21.25,88.48,-84.0,2.48,2.0,-88.48,-1.0409411764705883,False,-0.6084175237205739,10,47569.4599999999,"D (partida 0,10 / 2R)"
MNQ,london,2022-10-21,D,0.1,2.0,-1,2022-10-21 09:25:00+01:00,2022-10-21 09:25:00+01:00,2022-10-21 11:00:00+01:00,10996.75,11014.5,10961.25,11000.25,cierre_sesion,3,17.75,111.72,-18.0,3.7199999999999998,3.0,-24.72,-0.232112676056338,False,-0.8675815620766295,9,47480.979999999894,"D (partida 0,10 / 2R)"
MNQ,london,2022-10-25,D,0.1,2.0,-1,2022-10-25 10:10:00+01:00,2022-10-25 10:10:00+01:00,2022-10-25 10:10:00+01:00,11460.25,11467.0,11446.75,11467.25,stop,7,6.75,106.68,-91.0,8.68,7.0,-106.68,-1.128888888888889,False,-0.1491232304904578,10,47456.25999999989,"D (partida 0,10 / 2R)"
MNQ,london,2022-11-02,D,0.1,2.0,-1,2022-11-02 09:30:00+00:00,2022-11-02 09:30:00+00:00,2022-11-02 09:45:00+00:00,11340.25,11351.5,11317.75,11351.75,stop,4,11.25,96.96,-88.0,4.96,4.0,-96.96,-1.0773333333333333,False,-0.4615833857179288,9,47349.57999999989,"D (partida 0,10 / 2R)"
MNQ,london,2022-11-04,D,0.1,2.0,-1,2022-11-04 08:50:00+00:00,2022-11-04 08:50:00+00:00,2022-11-04 08:55:00+00:00,10768.5,10779.5,10746.5,10779.75,stop,4,11.0,94.96,-86.0,4.96,4.0,-94.96,-1.079090909090909,False,-0.10602166905987924,8,47252.61999999989,"D (partida 0,10 / 2R)"
MNQ,london,2022-11-07,D,0.1,2.0,1,2022-11-07 08:35:00+00:00,2022-11-07 08:35:00+00:00,2022-11-07 11:00:00+00:00,10918.25,10877.25,11000.25,10949.25,cierre_sesion,1,41.0,83.74,63.0,1.24,1.0,60.76,0.7409756097560976,False,2.3749211942794863,8,47157.659999999894,"D (partida 0,10 / 2R)"
MNQ,london,2022-11-08,D,0.1,2.0,1,2022-11-08 09:30:00+00:00,2022-11-08 09:30:00+00:00,2022-11-08 10:10:00+00:00,11039.0,11021.0,11075.0,11075.0,objetivo,3,18.0,113.22,217.5,3.7199999999999998,1.5,212.28,1.9655555555555555,False,0.9343286655005121,9,47218.4199999999,"D (partida 0,10 / 2R)"
MNQ,london,2022-11-09,D,0.1,2.0,-1,2022-11-09 09:20:00+00:00,2022-11-09 09:20:00+00:00,2022-11-09 09:20:00+00:00,11071.25,11083.75,11046.25,11084.0,stop,4,12.5,106.96,-98.0,4.96,4.0,-106.96,-1.0695999999999999,False,-0.8504332089278513,9,47430.699999999895,"D (partida 0,10 / 2R)"
MNQ,london,2022-11-10,D,0.1,2.0,1,2022-11-10 08:50:00+00:00,2022-11-10 08:50:00+00:00,2022-11-10 08:50:00+00:00,10873.75,10868.25,10884.75,10868.0,stop,9,5.5,114.66,-94.5,11.16,9.0,-114.66,-1.1581818181818182,False,0.3087042890007416,8,47323.739999999896,"D (partida 0,10 / 2R)"
MNQ,london,2022-11-14,D,0.1,2.0,-1,2022-11-14 09:15:00+00:00,2022-11-14 09:15:00+00:00,2022-11-14 09:15:00+00:00,11766.25,11773.75,11751.25,11774.0,stop,7,7.5,117.17999999999999,-101.5,8.68,7.0,-117.18,-1.116,False,-0.1269421133836401,9,47209.07999999989,"D (partida 0,10 / 2R)"
MNQ,london,2022-11-17,D,0.1,2.0,-1,2022-11-17 09:25:00+00:00,2022-11-17 09:25:00+00:00,2022-11-17 09:30:00+00:00,11768.5,11776.0,11753.5,11753.5,objetivo,7,7.5,117.17999999999999,213.5,8.68,3.5,201.32,1.9173333333333333,False,-0.9629172700132629,9,47091.89999999989,"D (partida 0,10 / 2R)"
MNQ,london,2022-11-18,D,0.1,2.0,1,2022-11-18 09:15:00+00:00,2022-11-18 09:15:00+00:00,2022-11-18 09:15:00+00:00,11737.0,11730.75,11749.5,11749.5,objetivo,8,6.25,113.92,204.0,9.92,4.0,190.08,1.9008,False,1.1126848471072335,9,47293.21999999989,"D (partida 0,10 / 2R)"
MNQ,london,2022-11-24,D,0.1,2.0,1,2022-11-24 08:50:00+00:00,2022-11-24 08:50:00+00:00,2022-11-24 09:10:00+00:00,11899.75,11890.5,11918.25,11918.25,objetivo,5,9.25,101.19999999999999,187.5,6.2,2.5,178.8,1.932972972972973,False,0.7078574072867893,8,47483.299999999894,"D (partida 0,10 / 2R)"
MNQ,london,2022-11-28,D,0.1,2.0,-1,2022-11-28 09:55:00+00:00,2022-11-28 09:55:00+00:00,2022-11-28 10:40:00+00:00,11659.5,11676.75,11625.0,11677.0,stop,3,17.25,108.72,-102.0,3.7199999999999998,3.0,-108.72,-1.0504347826086957,False,-0.4808378881639408,9,47662.0999999999,"D (partida 0,10 / 2R)"
MNQ,london,2022-11-29,D,0.1,2.0,-1,2022-11-29 09:50:00+00:00,2022-11-29 09:50:00+00:00,2022-11-29 10:10:00+00:00,11652.5,11665.25,11627.0,11665.5,stop,4,12.75,108.96,-100.0,4.96,4.0,-108.96,-1.068235294117647,False,-0.4180436896747071,9,47553.379999999896,"D (partida 0,10 / 2R)"
MNQ,london,2022-12-09,D,0.1,2.0,-1,2022-12-09 09:45:00+00:00,2022-12-09 09:45:00+00:00,2022-12-09 09:45:00+00:00,11667.25,11673.5,11654.75,11673.75,stop,8,6.25,113.92,-96.0,9.92,8.0,-113.92,-1.1392,False,-0.22338961525775436,9,47444.4199999999,"D (partida 0,10 / 2R)"
MNQ,london,2022-12-20,D,0.1,2.0,1,2022-12-20 08:55:00+00:00,2022-12-20 08:55:00+00:00,2022-12-20 11:00:00+00:00,11158.5,11136.75,11202.0,11161.0,cierre_sesion,2,21.75,90.48,12.0,2.48,2.0,7.52,0.08643678160919539,False,0.48719597461199654,8,47330.4999999999,"D (partida 0,10 / 2R)"
MNQ,london,2022-12-21,D,0.1,2.0,1,2022-12-21 09:05:00+00:00,2022-12-21 09:05:00+00:00,2022-12-21 10:05:00+00:00,11249.0,11237.0,11273.0,11236.75,stop,4,12.0,102.96,-94.0,4.96,4.0,-102.96,-1.0725,False,0.6632420237454734,9,47338.019999999895,"D (partida 0,10 / 2R)"
MNQ,london,2022-12-23,D,0.1,2.0,1,2022-12-23 10:35:00+00:00,2022-12-23 10:35:00+00:00,2022-12-23 10:35:00+00:00,11075.25,11070.75,11084.25,11084.25,objetivo,10,4.5,107.4,185.0,12.4,5.0,167.6,1.8622222222222222,False,0.38744909686998386,10,47235.059999999896,"D (partida 0,10 / 2R)"
MNQ,london,2022-12-27,D,0.1,2.0,-1,2022-12-27 09:10:00+00:00,2022-12-27 09:10:00+00:00,2022-12-27 09:10:00+00:00,11139.25,11143.25,11131.25,11143.5,stop,12,4.0,116.88,-90.0,14.879999999999999,12.0,-116.88,-1.2175,False,-0.8489734719276465,9,47402.659999999894,"D (partida 0,10 / 2R)"
MNQ,london,2022-12-28,D,0.1,2.0,-1,2022-12-28 09:15:00+00:00,2022-12-28 09:15:00+00:00,2022-12-28 10:10:00+00:00,10893.25,10913.75,10852.25,10914.0,stop,2,20.5,85.48,-81.0,2.48,2.0,-85.48,-1.042439024390244,False,-1.5993631162359552,9,47285.7799999999,"D (partida 0,10 / 2R)"
MNQ,london,2022-12-30,D,0.1,2.0,1,2022-12-30 10:40:00+00:00,2022-12-30 10:40:00+00:00,2022-12-30 11:00:00+00:00,11001.25,10993.0,11017.75,11003.5,cierre_sesion,6,8.25,109.44,33.0,7.4399999999999995,6.0,19.560000000000002,0.1975757575757576,False,0.36824829624398203,10,47200.299999999894,"D (partida 0,10 / 2R)"
MNQ,london,2023-01-05,D,0.1,2.0,1,2023-01-05 10:00:00+00:00,2023-01-05 10:00:00+00:00,2023-01-05 11:00:00+00:00,10984.75,10967.5,11019.25,11003.5,cierre_sesion,3,17.25,108.72,115.5,3.7199999999999998,3.0,108.78,1.0510144927536231,False,0.17061591953397673,9,47219.85999999989,"D (partida 0,10 / 2R)"
MNQ,london,2023-01-09,D,0.1,2.0,1,2023-01-09 09:35:00+00:00,2023-01-09 09:35:00+00:00,2023-01-09 10:00:00+00:00,11171.0,11161.5,11190.0,11161.25,stop,5,9.5,103.69999999999999,-92.5,6.2,5.0,-103.7,-1.091578947368421,False,0.621191423623244,9,47328.63999999989,"D (partida 0,10 / 2R)"
MNQ,london,2023-01-11,D,0.1,2.0,1,2023-01-11 09:20:00+00:00,2023-01-11 09:20:00+00:00,2023-01-11 11:00:00+00:00,11309.25,11287.0,11353.75,11292.25,cierre_sesion,2,22.25,92.48,-66.0,2.48,2.0,-70.48,-0.7919101123595506,False,1.1836925229012365,9,47224.93999999989,"D (partida 0,10 / 2R)"
MNQ,london,2023-01-12,D,0.1,2.0,1,2023-01-12 09:35:00+00:00,2023-01-12 09:35:00+00:00,2023-01-12 10:00:00+00:00,11479.75,11474.25,11490.75,11474.0,stop,9,5.5,114.66,-94.5,11.16,9.0,-114.66,-1.1581818181818182,False,0.4633347299003233,9,47154.45999999989,"D (partida 0,10 / 2R)"
MNQ,london,2023-01-19,D,0.1,2.0,-1,2023-01-19 08:55:00+00:00,2023-01-19 08:55:00+00:00,2023-01-19 09:10:00+00:00,11445.75,11460.25,11416.75,11460.5,stop,3,14.5,92.22,-85.5,3.7199999999999998,3.0,-92.22,-1.06,False,-0.13031178892453818,8,47039.79999999989,"D (partida 0,10 / 2R)"
MNQ,london,2023-01-20,D,0.1,2.0,-1,2023-01-20 08:55:00+00:00,2023-01-20 08:55:00+00:00,2023-01-20 08:55:00+00:00,11391.25,11399.25,11375.25,11399.5,stop,6,8.0,106.44,-93.0,7.4399999999999995,6.0,-106.44,-1.10875,False,-0.9035848079091942,8,46947.579999999885,"D (partida 0,10 / 2R)"
MNQ,london,2023-01-25,D,0.1,2.0,-1,2023-01-25 09:20:00+00:00,2023-01-25 09:20:00+00:00,2023-01-25 09:25:00+00:00,11818.5,11823.0,11809.5,11823.25,stop,10,4.5,107.4,-85.0,12.4,10.0,-107.4,-1.1933333333333334,False,-0.6502839160051198,9,46841.13999999988,"D (partida 0,10 / 2R)"
MNQ,london,2023-01-26,D,0.1,2.0,-1,2023-01-26 10:05:00+00:00,2023-01-26 10:05:00+00:00,2023-01-26 10:10:00+00:00,11921.0,11924.5,11914.0,11924.75,stop,13,3.5,113.62,-84.5,16.12,13.0,-113.62,-1.2485714285714287,False,-0.48006595724857076,10,46733.73999999988,"D (partida 0,10 / 2R)"
MNQ,london,2023-01-31,D,0.1,2.0,-1,2023-01-31 08:45:00+00:00,2023-01-31 08:45:00+00:00,2023-01-31 10:10:00+00:00,11926.75,11939.0,11902.25,11902.25,objetivo,4,12.25,104.96,198.0,4.96,2.0,191.04,1.9493877551020407,False,-1.1439230058435501,8,46620.11999999988,"D (partida 0,10 / 2R)"
MNQ,london,2023-02-01,D,0.1,2.0,-1,2023-02-01 10:30:00+00:00,2023-02-01 10:30:00+00:00,2023-02-01 10:50:00+00:00,12110.0,12115.25,12099.5,12115.5,stop,9,5.25,110.16,-90.0,11.16,9.0,-110.16,-1.1657142857142857,False,-0.3271190934258849,10,46811.15999999988,"D (partida 0,10 / 2R)"
MNQ,london,2023-02-10,D,0.1,2.0,-1,2023-02-10 09:40:00+00:00,2023-02-10 09:40:00+00:00,2023-02-10 09:40:00+00:00,12388.0,12394.75,12374.5,12395.0,stop,7,6.75,106.68,-91.0,8.68,7.0,-106.68,-1.128888888888889,False,-0.6396796792319056,9,46700.999999999876,"D (partida 0,10 / 2R)"
MNQ,london,2023-02-15,D,0.1,2.0,1,2023-02-15 08:50:00+00:00,2023-02-15 08:50:00+00:00,2023-02-15 09:00:00+00:00,12577.75,12572.0,12589.25,12589.25,objetivo,8,5.75,105.92,188.0,9.92,4.0,174.08,1.8921739130434785,False,0.9494664119671369,8,46594.319999999876,"D (partida 0,10 / 2R)"
MNQ,london,2023-02-23,D,0.1,2.0,1,2023-02-23 08:35:00+00:00,2023-02-23 08:35:00+00:00,2023-02-23 09:20:00+00:00,12219.5,12197.5,12263.5,12197.25,stop,2,22.0,91.48,-87.0,2.48,2.0,-91.48,-1.0395454545454546,False,1.400011957217728,8,46768.39999999988,"D (partida 0,10 / 2R)"
MNQ,london,2023-02-23,D,0.1,2.0,-1,2023-02-23 09:40:00+00:00,2023-02-23 09:40:00+00:00,2023-02-23 10:15:00+00:00,12181.25,12187.25,12169.25,12187.5,stop,8,6.0,109.92,-92.0,9.92,8.0,-109.92,-1.145,False,-0.6458851154354507,9,46676.919999999875,"D (partida 0,10 / 2R)"
MNQ,london,2023-03-07,D,0.1,2.0,1,2023-03-07 09:00:00+00:00,2023-03-07 09:00:00+00:00,2023-03-07 09:00:00+00:00,12357.5,12353.5,12365.5,12365.5,objetivo,11,4.0,107.14,181.5,13.64,5.5,162.36,1.8450000000000002,False,0.7028068752002471,8,46566.999999999876,"D (partida 0,10 / 2R)"
MNQ,london,2023-03-14,D,0.1,2.0,1,2023-03-14 08:40:00+00:00,2023-03-14 08:40:00+00:00,2023-03-14 08:45:00+00:00,11992.75,11984.75,12008.75,11984.5,stop,6,8.0,106.44,-93.0,7.4399999999999995,6.0,-106.44,-1.10875,False,0.5223088847409681,8,46729.35999999988,"D (partida 0,10 / 2R)"
MNQ,london,2023-03-17,D,0.1,2.0,-1,2023-03-17 09:15:00+00:00,2023-03-17 09:15:00+00:00,2023-03-17 09:30:00+00:00,12582.0,12599.5,12547.0,12599.75,stop,3,17.5,110.22,-103.5,3.7199999999999998,3.0,-110.22,-1.0497142857142856,False,-0.42469390429428316,9,46622.919999999875,"D (partida 0,10 / 2R)"
MNQ,london,2023-03-24,D,0.1,2.0,-1,2023-03-24 08:50:00+00:00,2023-03-24 08:50:00+00:00,2023-03-24 08:55:00+00:00,12827.0,12847.0,12787.0,12847.25,stop,2,20.0,83.48,-79.0,2.48,2.0,-83.48,-1.0435,False,-0.20086009863995966,8,46512.69999999987,"D (partida 0,10 / 2R)"
MNQ,london,2023-03-28,D,0.1,2.0,-1,2023-03-28 08:35:00+01:00,2023-03-28 08:35:00+01:00,2023-03-28 08:35:00+01:00,12787.0,12790.75,12779.5,12791.0,stop,12,3.75,110.88,-84.0,14.879999999999999,12.0,-110.88,-1.232,False,-2.704001052514383,8,46429.21999999987,"D (partida 0,10 / 2R)"
MNQ,london,2023-04-03,D,0.1,2.0,-1,2023-04-03 09:30:00+01:00,2023-04-03 09:30:00+01:00,2023-04-03 09:35:00+01:00,13205.25,13212.75,13190.25,13213.0,stop,6,7.5,100.44,-87.0,7.4399999999999995,6.0,-100.44,-1.1159999999999999,False,-0.3440807072221991,9,46318.33999999987,"D (partida 0,10 / 2R)"
MNQ,london,2023-04-04,D,0.1,2.0,-1,2023-04-04 08:50:00+01:00,2023-04-04 08:50:00+01:00,2023-04-04 09:00:00+01:00,13237.0,13243.5,13224.0,13243.75,stop,7,6.5,103.18,-87.5,8.68,7.0,-103.18,-1.133846153846154,False,-1.0494536208902994,8,46217.89999999987,"D (partida 0,10 / 2R)"
MNQ,london,2023-04-07,D,0.1,2.0,-1,2023-04-07 08:50:00+01:00,2023-04-07 08:50:00+01:00,2023-04-07 09:00:00+01:00,13154.5,13158.25,13147.0,13158.5,stop,12,3.75,110.88,-84.0,14.879999999999999,12.0,-110.88,-1.232,False,-1.1089484789787338,8,46114.71999999987,"D (partida 0,10 / 2R)"
MNQ,london,2023-04-07,D,0.1,2.0,1,2023-04-07 09:30:00+01:00,2023-04-07 09:30:00+01:00,2023-04-07 11:00:00+01:00,13169.75,13164.5,13180.25,13169.5,cierre_sesion,9,5.25,110.16,4.5,11.16,9.0,-15.66,-0.1657142857142857,False,0.2668370497449648,9,46003.83999999987,"D (partida 0,10 / 2R)"
MNQ,london,2023-04-13,D,0.1,2.0,-1,2023-04-13 10:05:00+01:00,2023-04-13 10:05:00+01:00,2023-04-13 10:05:00+01:00,12973.5,12977.25,12966.0,12977.5,stop,12,3.75,110.88,-84.0,14.879999999999999,12.0,-110.88,-1.232,False,-0.31468409222833466,10,45988.17999999987,"D (partida 0,10 / 2R)"
MNQ,london,2023-04-14,D,0.1,2.0,-1,2023-04-14 09:30:00+01:00,2023-04-14 09:30:00+01:00,2023-04-14 10:00:00+01:00,13183.25,13187.25,13175.25,13175.25,objetivo,11,4.0,107.14,181.5,13.64,5.5,162.36,1.8450000000000002,False,-0.5289590113310905,9,45877.29999999987,"D (partida 0,10 / 2R)"
MNQ,london,2023-04-17,D,0.1,2.0,-1,2023-04-17 10:15:00+01:00,2023-04-17 10:15:00+01:00,2023-04-17 10:15:00+01:00,13183.75,13187.75,13175.75,13175.75,objetivo,11,4.0,107.14,181.5,13.64,5.5,162.36,1.8450000000000002,False,-0.3229331939790918,10,46039.65999999987,"D (partida 0,10 / 2R)"
MNQ,london,2023-04-21,D,0.1,2.0,1,2023-04-21 10:40:00+01:00,2023-04-21 10:40:00+01:00,2023-04-21 10:55:00+01:00,13079.25,13069.75,13098.25,13069.5,stop,5,9.5,103.69999999999999,-92.5,6.2,5.0,-103.7,-1.091578947368421,False,0.1549906331022864,10,46202.01999999987,"D (partida 0,10 / 2R)"
MNQ,london,2023-04-24,D,0.1,2.0,1,2023-04-24 10:20:00+01:00,2023-04-24 10:20:00+01:00,2023-04-24 11:00:00+01:00,13059.5,13047.5,13083.5,13070.25,cierre_sesion,4,12.0,102.96,90.0,4.96,4.0,81.04,0.8441666666666667,False,0.27926474304665083,10,46098.319999999876,"D (partida 0,10 / 2R)"
MNQ,london,2023-05-01,D,0.1,2.0,-1,2023-05-01 09:15:00+01:00,2023-05-01 09:15:00+01:00,2023-05-01 10:00:00+01:00,13308.5,13317.25,13291.0,13317.5,stop,6,8.75,115.44,-102.0,7.4399999999999995,6.0,-115.44,-1.0994285714285714,False,-1.8703149010790467,9,46179.35999999988,"D (partida 0,10 / 2R)"
MNQ,london,2023-05-02,D,0.1,2.0,-1,2023-05-02 10:15:00+01:00,2023-05-02 10:15:00+01:00,2023-05-02 10:20:00+01:00,13298.75,13307.75,13280.75,13308.0,stop,5,9.0,98.69999999999999,-87.5,6.2,5.0,-98.7,-1.0966666666666667,False,-0.23504873148808136,10,46063.919999999875,"D (partida 0,10 / 2R)"
MNQ,london,2023-05-05,D,0.1,2.0,1,2023-05-05 10:05:00+01:00,2023-05-05 10:05:00+01:00,2023-05-05 10:20:00+01:00,13106.5,13102.5,13114.5,13114.5,objetivo,11,4.0,107.14,181.5,13.64,5.5,162.36,1.8450000000000002,False,0.279489952952096,10,45965.21999999988,"D (partida 0,10 / 2R)"
MNQ,london,2023-05-08,D,0.1,2.0,-1,2023-05-08 09:20:00+01:00,2023-05-08 09:20:00+01:00,2023-05-08 09:45:00+01:00,13303.25,13312.25,13285.25,13312.5,stop,5,9.0,98.69999999999999,-87.5,6.2,5.0,-98.7,-1.0966666666666667,False,-0.776263268230669,9,46127.57999999988,"D (partida 0,10 / 2R)"
MNQ,london,2023-05-10,D,0.1,2.0,-1,2023-05-10 08:40:00+01:00,2023-05-10 08:40:00+01:00,2023-05-10 09:05:00+01:00,13247.5,13269.25,13204.0,13204.0,objetivo,2,21.75,90.48,175.0,2.48,1.0,171.52,1.9714942528735633,False,-1.271590557395073,8,46028.87999999988,"D (partida 0,10 / 2R)"
MNQ,london,2023-05-11,D,0.1,2.0,1,2023-05-11 08:35:00+01:00,2023-05-11 08:35:00+01:00,2023-05-11 09:00:00+01:00,13442.25,13433.0,13460.75,13432.75,stop,5,9.25,101.19999999999999,-90.0,6.2,5.0,-101.2,-1.094054054054054,False,0.11352212137789361,8,46200.39999999988,"D (partida 0,10 / 2R)"
MNQ,london,2023-05-12,D,0.1,2.0,1,2023-05-12 10:00:00+01:00,2023-05-12 10:00:00+01:00,2023-05-12 10:55:00+01:00,13483.5,13476.25,13498.0,13476.0,stop,7,7.25,113.68,-98.0,8.68,7.0,-113.68,-1.12,False,0.1945907387362591,9,46099.19999999988,"D (partida 0,10 / 2R)"
MNQ,london,2023-05-31,D,0.1,2.0,1,2023-05-31 10:20:00+01:00,2023-05-31 10:20:00+01:00,2023-05-31 10:40:00+01:00,14370.75,14366.5,14379.25,14379.25,objetivo,11,4.25,112.64,192.5,13.64,5.5,173.36,1.8541176470588236,False,0.2251149335043208,10,45985.51999999988,"D (partida 0,10 / 2R)"
MNQ,london,2023-06-06,D,0.1,2.0,-1,2023-06-06 10:05:00+01:00,2023-06-06 10:05:00+01:00,2023-06-06 10:05:00+01:00,14587.0,14590.5,14580.0,14590.75,stop,13,3.5,113.62,-84.5,16.12,13.0,-113.62,-1.2485714285714287,False,-0.23507028098931843,10,46158.87999999988,"D (partida 0,10 / 2R)"
MNQ,london,2023-06-09,D,0.1,2.0,1,2023-06-09 10:05:00+01:00,2023-06-09 10:05:00+01:00,2023-06-09 10:35:00+01:00,14513.25,14501.0,14537.75,14500.75,stop,4,12.25,104.96,-96.0,4.96,4.0,-104.96,-1.0710204081632653,False,0.46057494041114255,10,46045.25999999988,"D (partida 0,10 / 2R)"
MNQ,london,2023-06-20,D,0.1,2.0,1,2023-06-20 08:55:00+01:00,2023-06-20 08:55:00+01:00,2023-06-20 09:00:00+01:00,15242.75,15238.0,15252.25,15237.75,stop,10,4.75,112.4,-90.0,12.4,10.0,-112.4,-1.1831578947368422,False,0.8090281374573568,8,45940.29999999988,"D (partida 0,10 / 2R)"
MNQ,london,2023-06-29,D,0.1,2.0,1,2023-06-29 09:40:00+01:00,2023-06-29 09:40:00+01:00,2023-06-29 09:50:00+01:00,15154.75,15149.25,15165.75,15149.0,stop,8,5.5,101.92,-84.0,9.92,8.0,-101.92,-1.1581818181818182,False,0.8772367602890369,9,45827.89999999988,"D (partida 0,10 / 2R)"
MNQ,london,2023-07-04,D,0.1,2.0,-1,2023-07-04 10:15:00+01:00,2023-07-04 10:15:00+01:00,2023-07-04 10:25:00+01:00,15346.75,15350.25,15339.75,15350.5,stop,13,3.5,113.62,-84.5,16.12,13.0,-113.62,-1.2485714285714287,False,-0.32766966494124977,10,45725.97999999988,"D (partida 0,10 / 2R)"
MNQ,london,2023-07-07,D,0.1,2.0,1,2023-07-07 10:30:00+01:00,2023-07-07 10:30:00+01:00,2023-07-07 10:50:00+01:00,15219.5,15214.75,15229.0,15214.5,stop,10,4.75,112.4,-90.0,12.4,10.0,-112.4,-1.1831578947368422,False,0.540071435449545,10,45612.35999999988,"D (partida 0,10 / 2R)"
MNQ,london,2023-07-11,D,0.1,2.0,-1,2023-07-11 09:30:00+01:00,2023-07-11 09:30:00+01:00,2023-07-11 10:10:00+01:00,15194.0,15201.5,15179.0,15201.75,stop,6,7.5,100.44,-87.0,7.4399999999999995,6.0,-100.44,-1.1159999999999999,False,-0.9326248861302522,9,45499.959999999875,"D (partida 0,10 / 2R)"
MNQ,london,2023-07-14,D,0.1,2.0,1,2023-07-14 09:10:00+01:00,2023-07-14 09:10:00+01:00,2023-07-14 09:10:00+01:00,15735.25,15723.5,15758.75,15723.25,stop,4,11.75,100.96,-92.0,4.96,4.0,-100.96,-1.0740425531914892,False,0.889747824893485,9,45399.51999999987,"D (partida 0,10 / 2R)"
MNQ,london,2023-08-04,D,0.1,2.0,1,2023-08-04 09:10:00+01:00,2023-08-04 09:10:00+01:00,2023-08-04 09:20:00+01:00,15547.0,15540.0,15561.0,15539.75,stop,7,7.0,110.18,-94.5,8.68,7.0,-110.18,-1.1242857142857143,False,0.9031053242609832,9,45298.559999999874,"D (partida 0,10 / 2R)"
MNQ,london,2023-08-07,D,0.1,2.0,-1,2023-08-07 09:50:00+01:00,2023-08-07 09:50:00+01:00,2023-08-07 09:50:00+01:00,15407.25,15419.75,15382.25,15420.0,stop,4,12.5,106.96,-98.0,4.96,4.0,-106.96,-1.0695999999999999,False,-0.45208559540492155,9,45188.379999999874,"D (partida 0,10 / 2R)"
MNQ,london,2023-08-11,D,0.1,2.0,-1,2023-08-11 09:10:00+01:00,2023-08-11 09:10:00+01:00,2023-08-11 09:15:00+01:00,15203.0,15210.25,15188.5,15188.5,objetivo,6,7.25,97.44000000000001,177.0,7.4399999999999995,3.0,166.56,1.9144827586206896,False,-0.6307741705630444,9,45081.419999999875,"D (partida 0,10 / 2R)"
MNQ,london,2023-08-21,D,0.1,2.0,1,2023-08-21 08:35:00+01:00,2023-08-21 08:35:00+01:00,2023-08-21 08:40:00+01:00,14770.25,14762.0,14786.75,14786.75,objetivo,6,8.25,109.44,201.0,7.4399999999999995,3.0,190.56,1.9248484848484848,False,1.2190161633115093,8,45247.97999999987,"D (partida 0,10 / 2R)"
MNQ,london,2023-08-25,D,0.1,2.0,1,2023-08-25 09:05:00+01:00,2023-08-25 09:05:00+01:00,2023-08-25 11:00:00+01:00,14865.0,14840.5,14914.0,14855.25,cierre_sesion,2,24.5,101.48,-37.0,2.48,2.0,-41.48,-0.42326530612244895,False,0.4497364786178114,9,45438.53999999987,"D (partida 0,10 / 2R)"
MNQ,london,2023-08-29,D,0.1,2.0,-1,2023-08-29 09:05:00+01:00,2023-08-29 09:05:00+01:00,2023-08-29 09:10:00+01:00,15086.75,15093.5,15073.25,15073.25,objetivo,7,6.75,106.68,192.5,8.68,3.5,180.32,1.9081481481481481,False,-1.2646204711701776,9,45397.05999999987,"D (partida 0,10 / 2R)"
MNQ,london,2023-08-31,D,0.1,2.0,1,2023-08-31 09:00:00+01:00,2023-08-31 09:00:00+01:00,2023-08-31 09:00:00+01:00,15514.0,15510.25,15521.5,15510.0,stop,12,3.75,110.88,-84.0,14.879999999999999,12.0,-110.88,-1.232,False,0.751985757138356,8,45577.37999999987,"D (partida 0,10 / 2R)"
MNQ,london,2023-08-31,D,0.1,2.0,-1,2023-08-31 10:05:00+01:00,2023-08-31 10:05:00+01:00,2023-08-31 11:00:00+01:00,15489.75,15509.75,15449.75,15466.75,cierre_sesion,2,20.0,83.48,94.0,2.48,2.0,89.52,1.119,False,-0.10406478569242952,10,45466.49999999987,"D (partida 0,10 / 2R)"
MNQ,london,2023-09-01,D,0.1,2.0,1,2023-09-01 08:55:00+01:00,2023-09-01 08:55:00+01:00,2023-09-01 08:55:00+01:00,15563.0,15559.25,15570.5,15559.0,stop,12,3.75,110.88,-84.0,14.879999999999999,12.0,-110.88,-1.232,False,1.7098922276589787,8,45556.019999999866,"D (partida 0,10 / 2R)"
MNQ,london,2023-09-08,D,0.1,2.0,-1,2023-09-08 09:35:00+01:00,2023-09-08 09:35:00+01:00,2023-09-08 09:40:00+01:00,15270.0,15280.0,15250.0,15280.25,stop,5,10.0,108.69999999999999,-97.5,6.2,5.0,-108.7,-1.087,False,-1.0288342058391569,9,45445.13999999987,"D (partida 0,10 / 2R)"
MNQ,london,2023-09-13,D,0.1,2.0,-1,2023-09-13 10:00:00+01:00,2023-09-13 10:00:00+01:00,2023-09-13 10:15:00+01:00,15285.0,15295.75,15263.5,15296.0,stop,4,10.75,92.96,-84.0,4.96,4.0,-92.96,-1.0809302325581394,False,-0.19069569122057292,9,45336.43999999987,"D (partida 0,10 / 2R)"
MNQ,london,2023-09-19,D,0.1,2.0,1,2023-09-19 08:40:00+01:00,2023-09-19 08:40:00+01:00,2023-09-19 11:00:00+01:00,15428.25,15412.75,15459.25,15437.5,cierre_sesion,3,15.5,98.22,58.5,3.7199999999999998,3.0,51.78,0.5567741935483871,False,2.332869408679358,8,45243.47999999987,"D (partida 0,10 / 2R)"
MNQ,london,2023-09-21,D,0.1,2.0,-1,2023-09-21 08:35:00+01:00,2023-09-21 08:35:00+01:00,2023-09-21 08:45:00+01:00,15085.5,15098.5,15059.5,15098.75,stop,4,13.0,110.96,-102.0,4.96,4.0,-110.96,-1.0669230769230769,False,-1.4517551249438712,8,45295.25999999987,"D (partida 0,10 / 2R)"
MNQ,london,2023-09-25,D,0.1,2.0,-1,2023-09-25 09:25:00+01:00,2023-09-25 09:25:00+01:00,2023-09-25 09:30:00+01:00,14888.0,14903.75,14856.5,14856.5,objetivo,3,15.75,99.72,190.5,3.7199999999999998,1.5,185.28,1.9606349206349207,False,-0.902062281663008,9,45184.29999999987,"D (partida 0,10 / 2R)"
MNQ,london,2023-09-26,D,0.1,2.0,1,2023-09-26 10:00:00+01:00,2023-09-26 10:00:00+01:00,2023-09-26 10:00:00+01:00,14858.5,14853.25,14869.0,14853.0,stop,9,5.25,110.16,-90.0,11.16,9.0,-110.16,-1.1657142857142857,False,0.29345066583660534,9,45369.57999999987,"D (partida 0,10 / 2R)"
MNQ,london,2023-10-02,D,0.1,2.0,-1,2023-10-02 10:10:00+01:00,2023-10-02 10:10:00+01:00,2023-10-02 10:10:00+01:00,14946.75,14953.75,14932.75,14954.0,stop,7,7.0,110.18,-94.5,8.68,7.0,-110.18,-1.1242857142857143,False,-0.5147794367948713,10,45259.41999999987,"D (partida 0,10 / 2R)"
MNQ,london,2023-10-04,D,0.1,2.0,1,2023-10-04 09:35:00+01:00,2023-10-04 09:35:00+01:00,2023-10-04 09:35:00+01:00,14673.25,14667.0,14685.75,14666.75,stop,7,6.25,99.68,-84.0,8.68,7.0,-99.68,-1.1392,False,0.6148118261601612,9,45149.23999999987,"D (partida 0,10 / 2R)"
MNQ,london,2023-10-09,D,0.1,2.0,1,2023-10-09 10:05:00+01:00,2023-10-09 10:05:00+01:00,2023-10-09 10:35:00+01:00,15015.75,15006.0,15035.25,15005.75,stop,5,9.75,106.19999999999999,-95.0,6.2,5.0,-106.2,-1.0892307692307692,False,0.26021643148136836,10,45049.55999999987,"D (partida 0,10 / 2R)"
MNQ,london,2023-10-10,D,0.1,2.0,1,2023-10-10 08:35:00+01:00,2023-10-10 08:35:00+01:00,2023-10-10 08:45:00+01:00,15227.0,15218.25,15244.5,15218.0,stop,5,8.75,96.19999999999999,-85.0,6.2,5.0,-96.2,-1.0994285714285714,False,0.9893953553976788,8,44943.35999999987,"D (partida 0,10 / 2R)"
MNQ,london,2023-10-10,D,0.1,2.0,-1,2023-10-10 09:20:00+01:00,2023-10-10 09:20:00+01:00,2023-10-10 09:20:00+01:00,15207.25,15221.0,15179.75,15221.25,stop,3,13.75,87.72,-81.0,3.7199999999999998,3.0,-87.72,-1.0632727272727274,False,-0.31397050196791804,9,44847.15999999987,"D (partida 0,10 / 2R)"
MNQ,london,2023-10-13,D,0.1,2.0,-1,2023-10-13 09:30:00+01:00,2023-10-13 09:30:00+01:00,2023-10-13 09:40:00+01:00,15310.0,15321.0,15288.0,15288.0,objetivo,4,11.0,94.96,178.0,4.96,2.0,171.04,1.9436363636363636,False,-0.10329084332457741,9,44759.43999999987,"D (partida 0,10 / 2R)"
MNQ,london,2023-10-19,D,0.1,2.0,1,2023-10-19 10:40:00+01:00,2023-10-19 10:40:00+01:00,2023-10-19 11:00:00+01:00,15027.0,15018.0,15045.0,15042.25,cierre_sesion,5,9.0,98.69999999999999,157.5,6.2,5.0,146.3,1.6255555555555556,False,0.16766167897645,10,44930.47999999987,"D (partida 0,10 / 2R)"
MNQ,london,2023-10-20,D,0.1,2.0,1,2023-10-20 09:25:00+01:00,2023-10-20 09:25:00+01:00,2023-10-20 09:40:00+01:00,14862.0,14852.0,14882.0,14882.0,objetivo,5,10.0,108.69999999999999,202.5,6.2,2.5,193.8,1.9380000000000002,False,0.7253055988115151,9,45076.779999999875,"D (partida 0,10 / 2R)"
MNQ,london,2023-10-24,D,0.1,2.0,-1,2023-10-24 09:40:00+01:00,2023-10-24 09:40:00+01:00,2023-10-24 09:40:00+01:00,14748.75,14758.75,14728.75,14759.0,stop,5,10.0,108.69999999999999,-97.5,6.2,5.0,-108.7,-1.087,False,-0.9679834310264601,9,45270.57999999988,"D (partida 0,10 / 2R)"
MNQ,london,2023-10-27,D,0.1,2.0,1,2023-10-27 09:20:00+01:00,2023-10-27 09:20:00+01:00,2023-10-27 09:55:00+01:00,14318.25,14307.5,14339.75,14339.75,objetivo,4,10.75,92.96,174.0,4.96,2.0,167.04,1.9423255813953488,False,0.49216806129269103,9,45161.87999999988,"D (partida 0,10 / 2R)"
MNQ,london,2023-11-07,D,0.1,2.0,1,2023-11-07 08:50:00+00:00,2023-11-07 08:50:00+00:00,2023-11-07 08:55:00+00:00,15216.75,15212.25,15225.75,15225.75,objetivo,10,4.5,107.4,185.0,12.4,5.0,167.6,1.8622222222222222,False,0.8895436717943582,8,45328.91999999988,"D (partida 0,10 / 2R)"
MNQ,london,2023-11-07,D,0.1,2.0,-1,2023-11-07 10:00:00+00:00,2023-11-07 10:00:00+00:00,2023-11-07 10:10:00+00:00,15192.75,15197.0,15184.25,15197.25,stop,11,4.25,112.64,-88.0,13.64,11.0,-112.64,-1.2047058823529413,False,-0.1654886273165333,9,45496.51999999988,"D (partida 0,10 / 2R)"
MNQ,london,2023-11-08,D,0.1,2.0,1,2023-11-08 08:45:00+00:00,2023-11-08 08:45:00+00:00,2023-11-08 08:55:00+00:00,15360.5,15355.75,15370.0,15355.5,stop,10,4.75,112.4,-90.0,12.4,10.0,-112.4,-1.1831578947368422,False,0.8271514174967362,8,45383.87999999988,"D (partida 0,10 / 2R)"
MNQ,london,2023-11-08,D,0.1,2.0,-1,2023-11-08 09:30:00+00:00,2023-11-08 09:30:00+00:00,2023-11-08 09:35:00+00:00,15346.0,15352.5,15333.0,15352.75,stop,7,6.5,103.18,-87.5,8.68,7.0,-103.18,-1.133846153846154,False,-0.22911477086269963,9,45271.47999999988,"D (partida 0,10 / 2R)"
MNQ,london,2023-11-09,D,0.1,2.0,-1,2023-11-09 09:40:00+00:00,2023-11-09 09:40:00+00:00,2023-11-09 10:00:00+00:00,15369.75,15376.25,15356.75,15376.5,stop,7,6.5,103.18,-87.5,8.68,7.0,-103.18,-1.133846153846154,False,-0.13020286081330687,9,45168.29999999988,"D (partida 0,10 / 2R)"
MNQ,london,2023-11-10,D,0.1,2.0,-1,2023-11-10 09:20:00+00:00,2023-11-10 09:20:00+00:00,2023-11-10 09:45:00+00:00,15225.0,15235.75,15203.5,15236.0,stop,4,10.75,92.96,-84.0,4.96,4.0,-92.96,-1.0809302325581394,False,-1.2471929643326114,9,45065.11999999988,"D (partida 0,10 / 2R)"
MNQ,london,2023-11-17,D,0.1,2.0,1,2023-11-17 08:35:00+00:00,2023-11-17 08:35:00+00:00,2023-11-17 09:25:00+00:00,15911.75,15891.75,15951.75,15891.5,stop,2,20.0,83.48,-79.0,2.48,2.0,-83.48,-1.0435,False,1.2828132079238272,8,44972.15999999988,"D (partida 0,10 / 2R)"
MNQ,london,2023-11-24,D,0.1,2.0,-1,2023-11-24 10:30:00+00:00,2023-11-24 10:30:00+00:00,2023-11-24 10:40:00+00:00,16040.25,16045.25,16030.25,16030.25,objetivo,9,5.0,105.66,184.5,11.16,4.5,168.84,1.8760000000000001,False,-0.21900532549334617,10,44888.67999999988,"D (partida 0,10 / 2R)"
MNQ,london,2023-11-28,D,0.1,2.0,1,2023-11-28 10:35:00+00:00,2023-11-28 10:35:00+00:00,2023-11-28 11:00:00+00:00,15998.0,15982.5,16029.0,16004.25,cierre_sesion,3,15.5,98.22,40.5,3.7199999999999998,3.0,33.78,0.3632258064516129,False,0.39672034979905896,10,45057.51999999987,"D (partida 0,10 / 2R)"
MNQ,london,2023-11-29,D,0.1,2.0,1,2023-11-29 08:45:00+00:00,2023-11-29 08:45:00+00:00,2023-11-29 08:50:00+00:00,16096.25,16085.0,16118.75,16084.75,stop,4,11.25,96.96,-88.0,4.96,4.0,-96.96,-1.0773333333333333,False,0.8031168806027794,8,45091.29999999987,"D (partida 0,10 / 2R)"
MNQ,london,2023-11-30,D,0.1,2.0,-1,2023-11-30 08:50:00+00:00,2023-11-30 08:50:00+00:00,2023-11-30 08:50:00+00:00,16036.0,16041.5,16025.0,16041.75,stop,8,5.5,101.92,-84.0,9.92,8.0,-101.92,-1.1581818181818182,False,-1.4415265095713308,8,44994.33999999987,"D (partida 0,10 / 2R)"
MNQ,london,2023-12-04,D,0.1,2.0,1,2023-12-04 08:50:00+00:00,2023-12-04 08:50:00+00:00,2023-12-04 09:00:00+00:00,15999.75,15986.25,16026.75,15986.0,stop,3,13.5,86.22,-79.5,3.7199999999999998,3.0,-86.22,-1.0644444444444445,False,2.6079255133665264,8,44892.419999999875,"D (partida 0,10 / 2R)"
MNQ,london,2023-12-06,D,0.1,2.0,-1,2023-12-06 08:45:00+00:00,2023-12-06 08:45:00+00:00,2023-12-06 08:45:00+00:00,15959.75,15965.75,15947.75,15966.0,stop,8,6.0,109.92,-92.0,9.92,8.0,-109.92,-1.145,False,-0.24845228683256826,8,44806.19999999987,"D (partida 0,10 / 2R)"
MNQ,london,2023-12-08,D,0.1,2.0,1,2023-12-08 09:30:00+00:00,2023-12-08 09:30:00+00:00,2023-12-08 10:35:00+00:00,16025.0,16018.75,16037.5,16037.5,objetivo,7,6.25,99.68,178.5,8.68,3.5,166.32,1.9007999999999998,False,1.0525187466219934,9,44696.279999999875,"D (partida 0,10 / 2R)"
MNQ,london,2023-12-13,D,0.1,2.0,-1,2023-12-13 09:30:00+00:00,2023-12-13 09:30:00+00:00,2023-12-13 09:30:00+00:00,16389.75,16393.5,16382.25,16393.75,stop,12,3.75,110.88,-84.0,14.879999999999999,12.0,-110.88,-1.232,False,-0.11818345015522835,9,44862.599999999875,"D (partida 0,10 / 2R)"
MNQ,london,2023-12-26,D,0.1,2.0,-1,2023-12-26 09:25:00+00:00,2023-12-26 09:25:00+00:00,2023-12-26 09:30:00+00:00,17003.75,17013.25,16984.75,17013.5,stop,5,9.5,103.69999999999999,-92.5,6.2,5.0,-103.7,-1.091578947368421,False,-1.7746738378863411,9,44751.71999999988,"D (partida 0,10 / 2R)"
MNQ,london,2024-01-03,D,0.1,2.0,-1,2024-01-03 08:55:00+00:00,2024-01-03 08:55:00+00:00,2024-01-03 10:00:00+00:00,16676.75,16694.5,16641.25,16641.25,objetivo,2,17.75,74.48,143.0,2.48,1.0,139.52,1.9650704225352114,False,-1.5379057806331082,8,44648.01999999988,"D (partida 0,10 / 2R)"
MNQ,london,2024-01-11,D,0.1,2.0,-1,2024-01-11 10:10:00+00:00,2024-01-11 10:10:00+00:00,2024-01-11 11:00:00+00:00,16997.5,17006.5,16979.5,17004.5,cierre_sesion,5,9.0,98.69999999999999,-65.0,6.2,5.0,-76.2,-0.8466666666666667,False,-0.4158474418725042,10,44787.53999999988,"D (partida 0,10 / 2R)"
MNQ,london,2024-01-12,D,0.1,2.0,1,2024-01-12 08:35:00+00:00,2024-01-12 08:35:00+00:00,2024-01-12 08:40:00+00:00,16972.0,16952.25,17011.5,16952.0,stop,2,19.75,82.48,-78.0,2.48,2.0,-82.48,-1.0440506329113926,False,2.319312473173782,8,44711.33999999988,"D (partida 0,10 / 2R)"
MNQ,london,2024-01-12,D,0.1,2.0,-1,2024-01-12 10:00:00+00:00,2024-01-12 10:00:00+00:00,2024-01-12 10:00:00+00:00,16926.75,16935.25,16909.75,16935.5,stop,5,8.5,93.69999999999999,-82.5,6.2,5.0,-93.7,-1.1023529411764705,False,-0.13677912146442317,9,44628.85999999988,"D (partida 0,10 / 2R)"
MNQ,london,2024-01-15,D,0.1,2.0,-1,2024-01-15 09:05:00+00:00,2024-01-15 09:05:00+00:00,2024-01-15 09:10:00+00:00,16962.75,16971.25,16945.75,16971.5,stop,5,8.5,93.69999999999999,-82.5,6.2,5.0,-93.7,-1.1023529411764705,False,-1.83667206779637,9,44535.15999999988,"D (partida 0,10 / 2R)"
MNQ,london,2024-01-17,D,0.1,2.0,1,2024-01-17 10:25:00+00:00,2024-01-17 10:25:00+00:00,2024-01-17 10:25:00+00:00,16873.25,16869.75,16880.25,16869.5,stop,12,3.5,104.88,-78.0,14.879999999999999,12.0,-104.88,-1.2485714285714284,False,0.4128366734015918,10,44441.45999999988,"D (partida 0,10 / 2R)"
MNQ,london,2024-01-25,D,0.1,2.0,-1,2024-01-25 10:35:00+00:00,2024-01-25 10:35:00+00:00,2024-01-25 10:35:00+00:00,17614.75,17619.0,17606.25,17619.25,stop,10,4.25,102.4,-80.0,12.4,10.0,-102.4,-1.2047058823529413,False,-0.13039947039941902,10,44336.579999999885,"D (partida 0,10 / 2R)"
MNQ,london,2024-01-26,D,0.1,2.0,1,2024-01-26 09:55:00+00:00,2024-01-26 09:55:00+00:00,2024-01-26 10:05:00+00:00,17527.5,17517.0,17548.5,17516.75,stop,4,10.5,90.96,-82.0,4.96,4.0,-90.96,-1.0828571428571427,False,0.6505269867159135,9,44234.179999999884,"D (partida 0,10 / 2R)"
MNQ,london,2024-01-30,D,0.1,2.0,1,2024-01-30 09:10:00+00:00,2024-01-30 09:10:00+00:00,2024-01-30 09:10:00+00:00,17719.5,17710.75,17737.0,17710.5,stop,5,8.75,96.19999999999999,-85.0,6.2,5.0,-96.2,-1.0994285714285714,False,0.9337284568763959,9,44143.219999999885,"D (partida 0,10 / 2R)"
MNQ,london,2024-01-31,D,0.1,2.0,-1,2024-01-31 09:10:00+00:00,2024-01-31 09:10:00+00:00,2024-01-31 09:10:00+00:00,17428.25,17436.25,17412.25,17412.25,objetivo,6,8.0,106.44,195.0,7.4399999999999995,3.0,184.56,1.9225,False,-0.9592708039470664,9,44047.01999999989,"D (partida 0,10 / 2R)"
MNQ,london,2024-02-02,D,0.1,2.0,1,2024-02-02 08:50:00+00:00,2024-02-02 08:50:00+00:00,2024-02-02 09:00:00+00:00,17619.0,17612.75,17631.5,17631.5,objetivo,7,6.25,99.68,178.5,8.68,3.5,166.32,1.9007999999999998,False,1.2998222309636056,8,44231.579999999885,"D (partida 0,10 / 2R)"
MNQ,london,2024-02-06,D,0.1,2.0,-1,2024-02-06 09:55:00+00:00,2024-02-06 09:55:00+00:00,2024-02-06 10:00:00+00:00,17731.75,17737.0,17721.25,17721.25,objetivo,9,5.25,110.16,193.5,11.16,4.5,177.84,1.881904761904762,False,-0.3029224827459321,9,44397.899999999885,"D (partida 0,10 / 2R)"
MNQ,london,2024-02-13,D,0.1,2.0,-1,2024-02-13 08:45:00+00:00,2024-02-13 08:45:00+00:00,2024-02-13 09:30:00+00:00,17910.5,17926.0,17879.5,17879.5,objetivo,3,15.5,98.22,187.5,3.7199999999999998,1.5,182.28,1.96,False,-1.607387971354801,8,44575.73999999988,"D (partida 0,10 / 2R)"
MNQ,london,2024-02-15,D,0.1,2.0,-1,2024-02-15 10:25:00+00:00,2024-02-15 10:25:00+00:00,2024-02-15 10:30:00+00:00,17888.25,17893.25,17878.25,17893.5,stop,9,5.0,105.66,-85.5,11.16,9.0,-105.66,-1.174,False,-0.28584667950782455,10,44758.01999999988,"D (partida 0,10 / 2R)"
MNQ,london,2024-03-04,D,0.1,2.0,-1,2024-03-04 09:40:00+00:00,2024-03-04 09:40:00+00:00,2024-03-04 09:50:00+00:00,18339.5,18343.5,18331.5,18343.75,stop,11,4.0,107.14,-82.5,13.64,11.0,-107.14,-1.2175,False,-0.5698009028017968,9,44652.35999999988,"D (partida 0,10 / 2R)"
MNQ,london,2024-03-07,D,0.1,2.0,1,2024-03-07 09:05:00+00:00,2024-03-07 09:05:00+00:00,2024-03-07 09:20:00+00:00,17995.75,17973.75,18039.75,18039.75,objetivo,2,22.0,91.48,177.0,2.48,1.0,173.52,1.971818181818182,False,0.8199921888911608,9,44545.21999999988,"D (partida 0,10 / 2R)"
MNQ,london,2024-03-11,D,0.1,2.0,1,2024-03-11 09:20:00+00:00,2024-03-11 09:20:00+00:00,2024-03-11 09:35:00+00:00,18037.0,18024.5,18062.0,18024.25,stop,4,12.5,106.96,-98.0,4.96,4.0,-106.96,-1.0695999999999999,False,0.32466357272327967,9,44718.739999999874,"D (partida 0,10 / 2R)"
MNQ,london,2024-03-12,D,0.1,2.0,-1,2024-03-12 08:35:00+00:00,2024-03-12 08:35:00+00:00,2024-03-12 08:35:00+00:00,18047.0,18053.5,18034.0,18053.75,stop,7,6.5,103.18,-87.5,8.68,7.0,-103.18,-1.133846153846154,False,-1.908334185676616,8,44611.779999999875,"D (partida 0,10 / 2R)"
MNQ,london,2024-03-13,D,0.1,2.0,-1,2024-03-13 08:45:00+00:00,2024-03-13 08:45:00+00:00,2024-03-13 08:55:00+00:00,18200.5,18209.0,18183.5,18209.25,stop,5,8.5,93.69999999999999,-82.5,6.2,5.0,-93.7,-1.1023529411764705,False,-1.4312894065081136,8,44508.599999999875,"D (partida 0,10 / 2R)"
MNQ,london,2024-03-19,D,0.1,2.0,1,2024-03-19 08:45:00+00:00,2024-03-19 08:45:00+00:00,2024-03-19 09:05:00+00:00,18227.5,18199.75,18283.0,18199.5,stop,1,27.75,57.24,-55.0,1.24,1.0,-57.24,-1.0313513513513515,False,0.7894104436863199,8,44414.89999999988,"D (partida 0,10 / 2R)"
MNQ,london,2024-03-19,D,0.1,2.0,-1,2024-03-19 10:25:00+00:00,2024-03-19 10:25:00+00:00,2024-03-19 10:35:00+00:00,18186.75,18190.5,18179.25,18190.75,stop,12,3.75,110.88,-84.0,14.879999999999999,12.0,-110.88,-1.232,False,-0.2544884733591414,10,44357.65999999988,"D (partida 0,10 / 2R)"
MNQ,london,2024-03-20,D,0.1,2.0,-1,2024-03-20 09:05:00+00:00,2024-03-20 09:05:00+00:00,2024-03-20 09:15:00+00:00,18240.75,18251.0,18220.25,18251.25,stop,4,10.25,88.96,-80.0,4.96,4.0,-88.96,-1.0848780487804877,False,-0.7494686260669511,9,44246.77999999988,"D (partida 0,10 / 2R)"
MNQ,london,2024-03-21,D,0.1,2.0,-1,2024-03-21 09:25:00+00:00,2024-03-21 09:25:00+00:00,2024-03-21 09:35:00+00:00,18594.0,18603.5,18575.0,18603.75,stop,5,9.5,103.69999999999999,-92.5,6.2,5.0,-103.7,-1.091578947368421,False,-0.7751805652076124,9,44157.81999999988,"D (partida 0,10 / 2R)"
MNQ,london,2024-03-22,D,0.1,2.0,1,2024-03-22 08:35:00+00:00,2024-03-22 08:35:00+00:00,2024-03-22 09:35:00+00:00,18588.25,18576.5,18611.75,18576.25,stop,4,11.75,100.96,-92.0,4.96,4.0,-100.96,-1.0740425531914892,False,0.6065741942570241,8,44054.119999999886,"D (partida 0,10 / 2R)"
MNQ,london,2024-03-27,D,0.1,2.0,1,2024-03-27 08:50:00+00:00,2024-03-27 08:50:00+00:00,2024-03-27 09:25:00+00:00,18516.5,18507.25,18535.0,18507.0,stop,5,9.25,101.19999999999999,-90.0,6.2,5.0,-101.2,-1.094054054054054,False,1.066979644468546,8,43953.15999999989,"D (partida 0,10 / 2R)"
MNQ,london,2024-03-28,D,0.1,2.0,-1,2024-03-28 08:35:00+00:00,2024-03-28 08:35:00+00:00,2024-03-28 09:20:00+00:00,18490.0,18499.5,18471.0,18471.0,objetivo,5,9.5,103.69999999999999,192.5,6.2,2.5,183.8,1.9347368421052633,False,-1.1991721247560894,8,43851.95999999989,"D (partida 0,10 / 2R)"
MNQ,london,2024-04-04,D,0.1,2.0,1,2024-04-04 09:10:00+01:00,2024-04-04 09:10:00+01:00,2024-04-04 09:15:00+01:00,18450.0,18442.5,18465.0,18442.25,stop,6,7.5,100.44,-87.0,7.4399999999999995,6.0,-100.44,-1.1159999999999999,False,0.4640855183096593,9,44035.75999999989,"D (partida 0,10 / 2R)"
MNQ,london,2024-04-08,D,0.1,2.0,1,2024-04-08 08:35:00+01:00,2024-04-08 08:35:00+01:00,2024-04-08 08:40:00+01:00,18309.5,18299.75,18329.0,18329.0,objetivo,5,9.75,106.19999999999999,197.5,6.2,2.5,188.8,1.9364102564102565,False,1.709299530390898,8,43935.31999999989,"D (partida 0,10 / 2R)"
MNQ,london,2024-04-08,D,0.1,2.0,-1,2024-04-08 09:40:00+01:00,2024-04-08 09:40:00+01:00,2024-04-08 09:45:00+01:00,18298.75,18303.25,18289.75,18289.75,objetivo,10,4.5,107.4,185.0,12.4,5.0,167.6,1.8622222222222222,False,-0.7306720109866173,9,44124.11999999989,"D (partida 0,10 / 2R)"
MNQ,london,2024-04-09,D,0.1,2.0,-1,2024-04-09 08:55:00+01:00,2024-04-09 08:55:00+01:00,2024-04-09 09:00:00+01:00,18277.5,18293.25,18246.0,18293.5,stop,3,15.75,99.72,-93.0,3.7199999999999998,3.0,-99.72,-1.0552380952380953,False,-1.863399370611689,8,44291.71999999989,"D (partida 0,10 / 2R)"
MNQ,london,2024-04-17,D,0.1,2.0,1,2024-04-17 09:45:00+01:00,2024-04-17 09:45:00+01:00,2024-04-17 09:50:00+01:00,17918.25,17906.25,17942.25,17906.0,stop,4,12.0,102.96,-94.0,4.96,4.0,-102.96,-1.0725,False,0.6805077722915368,9,44191.99999999989,"D (partida 0,10 / 2R)"
MNQ,london,2024-04-18,D,0.1,2.0,-1,2024-04-18 09:35:00+01:00,2024-04-18 09:35:00+01:00,2024-04-18 09:40:00+01:00,17729.75,17735.0,17719.25,17719.25,objetivo,9,5.25,110.16,193.5,11.16,4.5,177.84,1.881904761904762,False,-0.5399790738034498,9,44089.03999999989,"D (partida 0,10 / 2R)"
MNQ,london,2024-04-22,D,0.1,2.0,-1,2024-04-22 09:10:00+01:00,2024-04-22 09:10:00+01:00,2024-04-22 09:10:00+01:00,17234.5,17246.25,17211.0,17246.5,stop,4,11.75,100.96,-92.0,4.96,4.0,-100.96,-1.0740425531914892,False,-0.7097243322515684,9,44266.87999999989,"D (partida 0,10 / 2R)"
MNQ,london,2024-04-24,D,0.1,2.0,-1,2024-04-24 08:45:00+01:00,2024-04-24 08:45:00+01:00,2024-04-24 08:50:00+01:00,17716.5,17729.5,17690.5,17729.75,stop,3,13.0,83.22,-76.5,3.7199999999999998,3.0,-83.22,-1.0669230769230769,False,-0.40527226548151246,8,44165.91999999989,"D (partida 0,10 / 2R)"
MNQ,london,2024-04-25,D,0.1,2.0,1,2024-04-25 09:05:00+01:00,2024-04-25 09:05:00+01:00,2024-04-25 09:35:00+01:00,17469.5,17451.5,17505.5,17505.5,objetivo,2,18.0,75.48,145.0,2.48,1.0,141.52,1.9655555555555557,False,0.2319708298191472,9,44082.69999999989,"D (partida 0,10 / 2R)"
MNQ,london,2024-04-29,D,0.1,2.0,1,2024-04-29 09:25:00+01:00,2024-04-29 09:25:00+01:00,2024-04-29 09:25:00+01:00,17908.75,17904.25,17917.75,17904.0,stop,10,4.5,107.4,-85.0,12.4,10.0,-107.4,-1.1933333333333334,False,0.47816057138578993,9,44224.219999999885,"D (partida 0,10 / 2R)"
MNQ,london,2024-05-02,D,0.1,2.0,1,2024-05-02 08:35:00+01:00,2024-05-02 08:35:00+01:00,2024-05-02 11:00:00+01:00,17565.25,17545.0,17605.75,17587.25,cierre_sesion,2,20.25,84.48,90.0,2.48,2.0,85.52,1.0558024691358023,False,0.9420745076531539,8,44116.81999999988,"D (partida 0,10 / 2R)"
MNQ,london,2024-05-07,D,0.1,2.0,1,2024-05-07 10:00:00+01:00,2024-05-07 10:00:00+01:00,2024-05-07 10:20:00+01:00,18195.0,18189.5,18206.0,18189.25,stop,8,5.5,101.92,-84.0,9.92,8.0,-101.92,-1.1581818181818182,False,0.32605828450540186,9,44202.33999999988,"D (partida 0,10 / 2R)"
MNQ,london,2024-05-08,D,0.1,2.0,-1,2024-05-08 10:20:00+01:00,2024-05-08 10:20:00+01:00,2024-05-08 10:35:00+01:00,18193.0,18198.25,18182.5,18198.5,stop,9,5.25,110.16,-90.0,11.16,9.0,-110.16,-1.1657142857142857,False,-0.2734872341751437,10,44100.41999999988,"D (partida 0,10 / 2R)"
MNQ,london,2024-05-15,D,0.1,2.0,1,2024-05-15 10:40:00+01:00,2024-05-15 10:40:00+01:00,2024-05-15 10:55:00+01:00,18415.75,18411.0,18425.25,18410.75,stop,9,4.75,101.16,-81.0,11.16,9.0,-101.16,-1.183157894736842,False,0.13721791230894637,10,43990.25999999988,"D (partida 0,10 / 2R)"
MNQ,london,2024-05-16,D,0.1,2.0,-1,2024-05-16 09:15:00+01:00,2024-05-16 09:15:00+01:00,2024-05-16 09:35:00+01:00,18715.5,18721.0,18704.5,18721.25,stop,8,5.5,101.92,-84.0,9.92,8.0,-101.92,-1.1581818181818182,False,-0.121203620153415,9,43889.099999999875,"D (partida 0,10 / 2R)"
MNQ,london,2024-05-21,D,0.1,2.0,1,2024-05-21 08:45:00+01:00,2024-05-21 08:45:00+01:00,2024-05-21 09:00:00+01:00,18758.25,18751.0,18772.75,18750.75,stop,6,7.25,97.44000000000001,-84.0,7.4399999999999995,6.0,-97.44,-1.1199999999999999,False,1.2321115946590782,8,43787.17999999988,"D (partida 0,10 / 2R)"
MNQ,london,2024-05-21,D,0.1,2.0,-1,2024-05-21 09:20:00+01:00,2024-05-21 09:20:00+01:00,2024-05-21 09:35:00+01:00,18745.5,18749.0,18738.5,18738.5,objetivo,12,3.5,104.88,174.0,14.879999999999999,6.0,153.12,1.822857142857143,False,-0.11903086447222591,9,43689.739999999874,"D (partida 0,10 / 2R)"
MNQ,london,2024-05-30,D,0.1,2.0,1,2024-05-30 08:55:00+01:00,2024-05-30 08:55:00+01:00,2024-05-30 09:00:00+01:00,18693.25,18688.0,18703.75,18703.75,objetivo,8,5.25,97.92,172.0,9.92,4.0,158.08,1.881904761904762,False,0.9005538651763831,8,43842.85999999988,"D (partida 0,10 / 2R)"
MNQ,london,2024-06-05,D,0.1,2.0,1,2024-06-05 09:55:00+01:00,2024-06-05 09:55:00+01:00,2024-06-05 10:10:00+01:00,18757.25,18749.0,18773.75,18773.75,objetivo,6,8.25,109.44,201.0,7.4399999999999995,3.0,190.56,1.9248484848484848,False,0.37691358696492666,9,44000.93999999988,"D (partida 0,10 / 2R)"
MNQ,london,2024-06-07,D,0.1,2.0,-1,2024-06-07 08:50:00+01:00,2024-06-07 08:50:00+01:00,2024-06-07 09:05:00+01:00,19077.5,19084.75,19063.0,19085.0,stop,6,7.25,97.44000000000001,-84.0,7.4399999999999995,6.0,-97.44,-1.1199999999999999,False,-1.2226791921907043,8,44191.499999999876,"D (partida 0,10 / 2R)"
MNQ,london,2024-06-07,D,0.1,2.0,1,2024-06-07 09:45:00+01:00,2024-06-07 09:45:00+01:00,2024-06-07 09:45:00+01:00,19092.5,19088.5,19100.5,19088.25,stop,11,4.0,107.14,-82.5,13.64,11.0,-107.14,-1.2175,False,0.129894601987242,9,44094.059999999874,"D (partida 0,10 / 2R)"
MNQ,london,2024-06-12,D,0.1,2.0,1,2024-06-12 10:20:00+01:00,2024-06-12 10:20:00+01:00,2024-06-12 11:00:00+01:00,19266.75,19259.0,19282.25,19267.0,cierre_sesion,6,7.75,103.44,9.0,7.4399999999999995,6.0,-4.4399999999999995,-0.04774193548387096,False,0.2299401263313925,10,43986.919999999875,"D (partida 0,10 / 2R)"
MNQ,london,2024-06-13,D,0.1,2.0,-1,2024-06-13 10:30:00+01:00,2024-06-13 10:30:00+01:00,2024-06-13 10:40:00+01:00,19617.25,19628.25,19595.25,19595.25,objetivo,4,11.0,94.96,178.0,4.96,2.0,171.04,1.9436363636363636,False,-0.33614234630270273,10,43982.47999999987,"D (partida 0,10 / 2R)"
MNQ,london,2024-06-25,D,0.1,2.0,1,2024-06-25 09:55:00+01:00,2024-06-25 09:55:00+01:00,2024-06-25 10:05:00+01:00,19812.5,19802.5,19832.5,19832.5,objetivo,5,10.0,108.69999999999999,202.5,6.2,2.5,193.8,1.9380000000000002,False,0.8293132594341747,9,44153.51999999987,"D (partida 0,10 / 2R)"
MNQ,london,2024-06-28,D,0.1,2.0,1,2024-06-28 08:45:00+01:00,2024-06-28 08:45:00+01:00,2024-06-28 08:50:00+01:00,20116.25,20106.75,20135.25,20106.5,stop,5,9.5,103.69999999999999,-92.5,6.2,5.0,-103.7,-1.091578947368421,False,0.11128125736350089,8,44347.319999999876,"D (partida 0,10 / 2R)"
MNQ,london,2024-06-28,D,0.1,2.0,1,2024-06-28 10:20:00+01:00,2024-06-28 10:20:00+01:00,2024-06-28 10:35:00+01:00,20119.25,20113.75,20130.25,20130.25,objetivo,8,5.5,101.92,180.0,9.92,4.0,166.08,1.8872727272727274,False,0.21223814243748762,10,44243.61999999988,"D (partida 0,10 / 2R)"
MNQ,london,2024-07-01,D,0.1,2.0,-1,2024-07-01 08:40:00+01:00,2024-07-01 08:40:00+01:00,2024-07-01 08:40:00+01:00,19963.25,19970.5,19948.75,19948.75,objetivo,6,7.25,97.44000000000001,177.0,7.4399999999999995,3.0,166.56,1.9144827586206896,False,-1.7846986385989947,8,44409.69999999988,"D (partida 0,10 / 2R)"
MNQ,london,2024-07-04,D,0.1,2.0,-1,2024-07-04 09:35:00+01:00,2024-07-04 09:35:00+01:00,2024-07-04 10:40:00+01:00,20401.5,20405.0,20394.5,20405.25,stop,12,3.5,104.88,-78.0,14.879999999999999,12.0,-104.88,-1.2485714285714284,False,-0.19539780191804407,9,44576.25999999988,"D (partida 0,10 / 2R)"
MNQ,london,2024-07-09,D,0.1,2.0,1,2024-07-09 08:40:00+01:00,2024-07-09 08:40:00+01:00,2024-07-09 09:25:00+01:00,20735.75,20728.25,20750.75,20728.0,stop,6,7.5,100.44,-87.0,7.4399999999999995,6.0,-100.44,-1.1159999999999999,False,0.6434567581737956,8,44471.37999999988,"D (partida 0,10 / 2R)"
MNQ,london,2024-07-12,D,0.1,2.0,1,2024-07-12 09:40:00+01:00,2024-07-12 09:40:00+01:00,2024-07-12 09:40:00+01:00,20434.25,20426.0,20450.75,20425.75,stop,6,8.25,109.44,-96.0,7.4399999999999995,6.0,-109.44,-1.1054545454545455,False,0.5664943178658833,9,44370.93999999988,"D (partida 0,10 / 2R)"
MNQ,london,2024-07-23,D,0.1,2.0,1,2024-07-23 10:25:00+01:00,2024-07-23 10:25:00+01:00,2024-07-23 11:00:00+01:00,19965.75,19950.75,19995.75,19958.25,cierre_sesion,3,15.0,95.22,-42.0,3.7199999999999998,3.0,-48.72,-0.5413333333333333,False,0.47657694643165244,10,44261.499999999876,"D (partida 0,10 / 2R)"
MNQ,london,2024-08-05,D,0.1,2.0,1,2024-08-05 09:30:00+01:00,2024-08-05 09:30:00+01:00,2024-08-05 09:30:00+01:00,17931.0,17906.25,17980.5,17906.0,stop,2,24.75,102.48,-98.0,2.48,2.0,-102.48,-1.0351515151515152,False,1.0359672376002622,9,44212.779999999875,"D (partida 0,10 / 2R)"
MNQ,london,2024-08-07,D,0.1,2.0,1,2024-08-07 09:40:00+01:00,2024-08-07 09:40:00+01:00,2024-08-07 09:40:00+01:00,18354.0,18340.25,18381.5,18340.0,stop,3,13.75,87.72,-81.0,3.7199999999999998,3.0,-87.72,-1.0632727272727274,False,0.5571065276011123,9,44110.29999999987,"D (partida 0,10 / 2R)"
MNQ,london,2024-08-08,D,0.1,2.0,-1,2024-08-08 08:35:00+01:00,2024-08-08 08:35:00+01:00,2024-08-08 08:40:00+01:00,17912.75,17941.75,17854.75,17942.0,stop,1,29.0,59.74,-57.5,1.24,1.0,-59.74,-1.03,False,-0.7076818281959086,8,44022.57999999987,"D (partida 0,10 / 2R)"
MNQ,london,2024-08-08,D,0.1,2.0,1,2024-08-08 10:35:00+01:00,2024-08-08 10:35:00+01:00,2024-08-08 10:35:00+01:00,17988.0,17970.5,18023.0,17970.25,stop,2,17.5,73.48,-69.0,2.48,2.0,-73.48,-1.0497142857142858,False,0.1594355720868459,10,43962.83999999987,"D (partida 0,10 / 2R)"
MNQ,london,2024-08-16,D,0.1,2.0,-1,2024-08-16 09:30:00+01:00,2024-08-16 09:30:00+01:00,2024-08-16 09:45:00+01:00,19617.0,19624.5,19602.0,19624.75,stop,6,7.5,100.44,-87.0,7.4399999999999995,6.0,-100.44,-1.1159999999999999,False,-0.5573746151218315,9,43889.35999999987,"D (partida 0,10 / 2R)"
MNQ,london,2024-08-20,D,0.1,2.0,-1,2024-08-20 09:45:00+01:00,2024-08-20 09:45:00+01:00,2024-08-20 09:45:00+01:00,19854.5,19862.25,19839.0,19862.5,stop,6,7.75,103.44,-90.0,7.4399999999999995,6.0,-103.44,-1.112258064516129,False,-1.0725673084773273,9,43788.91999999987,"D (partida 0,10 / 2R)"
MNQ,london,2024-09-02,D,0.1,2.0,1,2024-09-02 10:25:00+01:00,2024-09-02 10:25:00+01:00,2024-09-02 10:40:00+01:00,19581.5,19575.5,19593.5,19593.5,objetivo,7,6.0,96.18,171.5,8.68,3.5,159.32,1.8966666666666665,False,0.2603406815138124,10,43685.479999999865,"D (partida 0,10 / 2R)"
MNQ,london,2024-09-03,D,0.1,2.0,-1,2024-09-03 10:00:00+01:00,2024-09-03 10:00:00+01:00,2024-09-03 11:00:00+01:00,19498.75,19535.75,19424.75,19469.25,cierre_sesion,1,37.0,75.74,60.0,1.24,1.0,57.76,0.7805405405405406,False,-1.3815073868350098,9,43844.799999999865,"D (partida 0,10 / 2R)"
MNQ,london,2024-09-04,D,0.1,2.0,1,2024-09-04 08:55:00+01:00,2024-09-04 08:55:00+01:00,2024-09-04 09:00:00+01:00,18898.75,18891.25,18913.75,18891.0,stop,6,7.5,100.44,-87.0,7.4399999999999995,6.0,-100.44,-1.1159999999999999,False,0.44088575462126645,8,43902.55999999987,"D (partida 0,10 / 2R)"
MNQ,london,2024-09-05,D,0.1,2.0,-1,2024-09-05 10:35:00+01:00,2024-09-05 10:35:00+01:00,2024-09-05 10:40:00+01:00,18906.5,18925.75,18868.0,18926.0,stop,2,19.25,80.48,-76.0,2.48,2.0,-80.48,-1.0451948051948052,False,-0.535284840531916,10,43802.119999999864,"D (partida 0,10 / 2R)"
MNQ,london,2024-09-10,D,0.1,2.0,1,2024-09-10 08:45:00+01:00,2024-09-10 08:45:00+01:00,2024-09-10 08:45:00+01:00,18672.25,18665.5,18685.75,18665.25,stop,7,6.75,106.68,-91.0,8.68,7.0,-106.68,-1.128888888888889,False,1.0941444425401747,8,43721.63999999986,"D (partida 0,10 / 2R)"
MNQ,london,2024-09-10,D,0.1,2.0,-1,2024-09-10 10:10:00+01:00,2024-09-10 10:10:00+01:00,2024-09-10 10:35:00+01:00,18587.5,18624.0,18514.5,18624.25,stop,1,36.5,74.74,-72.5,1.24,1.0,-74.74,-1.0238356164383562,False,-0.5687579243415835,10,43614.95999999986,"D (partida 0,10 / 2R)"
MNQ,london,2024-09-12,D,0.1,2.0,-1,2024-09-12 09:05:00+01:00,2024-09-12 09:05:00+01:00,2024-09-12 09:10:00+01:00,19271.0,19283.0,19247.0,19283.25,stop,4,12.0,102.96,-94.0,4.96,4.0,-102.96,-1.0725,False,-0.4325746753414372,9,43540.21999999986,"D (partida 0,10 / 2R)"
MNQ,london,2024-09-13,D,0.1,2.0,-1,2024-09-13 09:05:00+01:00,2024-09-13 09:05:00+01:00,2024-09-13 09:05:00+01:00,19428.0,19441.75,19400.5,19442.0,stop,3,13.75,87.72,-81.0,3.7199999999999998,3.0,-87.72,-1.0632727272727274,False,-0.563145202602729,9,43437.259999999864,"D (partida 0,10 / 2R)"
MNQ,london,2024-09-16,D,0.1,2.0,1,2024-09-16 09:15:00+01:00,2024-09-16 09:15:00+01:00,2024-09-16 09:30:00+01:00,19534.75,19530.5,19543.25,19530.25,stop,10,4.25,102.4,-80.0,12.4,10.0,-102.4,-1.2047058823529413,False,1.4567511710135266,9,43349.53999999986,"D (partida 0,10 / 2R)"
MNQ,london,2024-09-18,D,0.1,2.0,-1,2024-09-18 09:10:00+01:00,2024-09-18 09:10:00+01:00,2024-09-18 09:55:00+01:00,19431.5,19448.75,19397.0,19449.0,stop,2,17.25,72.48,-68.0,2.48,2.0,-72.48,-1.0504347826086957,False,-0.810411218799676,9,43247.13999999986,"D (partida 0,10 / 2R)"
MNQ,london,2024-09-20,D,0.1,2.0,1,2024-09-20 08:45:00+01:00,2024-09-20 08:45:00+01:00,2024-09-20 09:00:00+01:00,19827.0,19818.25,19844.5,19818.0,stop,5,8.75,96.19999999999999,-85.0,6.2,5.0,-96.2,-1.0994285714285714,False,0.8300354718556543,8,43174.65999999986,"D (partida 0,10 / 2R)"
MNQ,london,2024-09-20,D,0.1,2.0,-1,2024-09-20 09:30:00+01:00,2024-09-20 09:30:00+01:00,2024-09-20 09:50:00+01:00,19773.75,19792.75,19735.75,19793.0,stop,2,19.0,79.48,-75.0,2.48,2.0,-79.48,-1.0457894736842106,False,-0.32505885635015036,9,43078.45999999986,"D (partida 0,10 / 2R)"
MNQ,london,2024-09-27,D,0.1,2.0,1,2024-09-27 10:25:00+01:00,2024-09-27 10:25:00+01:00,2024-09-27 10:25:00+01:00,20303.5,20299.75,20311.0,20299.5,stop,11,3.75,101.64,-77.0,13.64,11.0,-101.64,-1.232,False,0.22218414859402313,10,42998.97999999986,"D (partida 0,10 / 2R)"
MNQ,london,2024-09-30,D,0.1,2.0,-1,2024-09-30 09:55:00+01:00,2024-09-30 09:55:00+01:00,2024-09-30 09:55:00+01:00,20189.5,20194.5,20179.5,20194.75,stop,9,5.0,105.66,-85.5,11.16,9.0,-105.66,-1.174,False,-0.2535027994696896,9,42897.33999999986,"D (partida 0,10 / 2R)"
MNQ,london,2024-10-01,D,0.1,2.0,1,2024-10-01 09:45:00+01:00,2024-10-01 09:45:00+01:00,2024-10-01 09:50:00+01:00,20275.0,20263.75,20297.5,20263.5,stop,4,11.25,96.96,-88.0,4.96,4.0,-96.96,-1.0773333333333333,False,0.13862558888212687,9,42791.679999999855,"D (partida 0,10 / 2R)"
MNQ,london,2024-10-02,D,0.1,2.0,1,2024-10-02 08:55:00+01:00,2024-10-02 08:55:00+01:00,2024-10-02 08:55:00+01:00,19963.75,19953.5,19984.25,19953.25,stop,4,10.25,88.96,-80.0,4.96,4.0,-88.96,-1.0848780487804877,False,0.393058983222571,8,42694.719999999856,"D (partida 0,10 / 2R)"
MNQ,london,2024-10-04,D,0.1,2.0,1,2024-10-04 08:45:00+01:00,2024-10-04 08:45:00+01:00,2024-10-04 08:45:00+01:00,20027.25,20011.75,20058.25,20011.5,stop,3,15.5,98.22,-91.5,3.7199999999999998,3.0,-98.22,-1.0561290322580645,False,0.9761622324563406,8,42605.75999999986,"D (partida 0,10 / 2R)"
MNQ,london,2024-10-08,D,0.1,2.0,1,2024-10-08 08:50:00+01:00,2024-10-08 08:50:00+01:00,2024-10-08 08:50:00+01:00,20010.5,20004.75,20022.0,20004.5,stop,8,5.75,105.92,-88.0,9.92,8.0,-105.92,-1.151304347826087,False,0.5918966783166131,8,42507.539999999855,"D (partida 0,10 / 2R)"
MNQ,london,2024-10-09,D,0.1,2.0,1,2024-10-09 10:10:00+01:00,2024-10-09 10:10:00+01:00,2024-10-09 10:10:00+01:00,20251.0,20245.75,20261.5,20245.5,stop,8,5.25,97.92,-80.0,9.92,8.0,-97.92,-1.1657142857142857,False,0.28449689205572215,10,42401.61999999986,"D (partida 0,10 / 2R)"
MNQ,london,2024-10-22,D,0.1,2.0,1,2024-10-22 08:45:00+01:00,2024-10-22 08:45:00+01:00,2024-10-22 08:45:00+01:00,20487.25,20468.25,20525.25,20468.0,stop,2,19.0,79.48,-75.0,2.48,2.0,-79.48,-1.0457894736842106,False,0.6416348452592192,8,42303.69999999986,"D (partida 0,10 / 2R)"
MNQ,london,2024-10-22,D,0.1,2.0,-1,2024-10-22 09:35:00+01:00,2024-10-22 09:35:00+01:00,2024-10-22 10:25:00+01:00,20440.0,20465.5,20389.0,20389.0,objetivo,2,25.5,105.48,205.0,2.48,1.0,201.52,1.975686274509804,False,-0.1596278943205249,9,42224.219999999856,"D (partida 0,10 / 2R)"
MNQ,london,2024-10-23,D,0.1,2.0,-1,2024-10-23 09:25:00+01:00,2024-10-23 09:25:00+01:00,2024-10-23 09:25:00+01:00,20508.0,20512.0,20500.0,20512.25,stop,10,4.0,97.4,-75.0,12.4,10.0,-97.4,-1.2175,False,-0.2537039697033174,9,42425.73999999985,"D (partida 0,10 / 2R)"
MNQ,london,2024-10-29,D,0.1,2.0,-1,2024-10-29 09:30:00+00:00,2024-10-29 09:30:00+00:00,2024-10-29 09:40:00+00:00,20513.75,20519.25,20502.75,20519.5,stop,8,5.5,101.92,-84.0,9.92,8.0,-101.92,-1.1581818181818182,False,-0.17756811920366236,9,42328.33999999985,"D (partida 0,10 / 2R)"
MNQ,london,2024-10-30,D,0.1,2.0,-1,2024-10-30 08:55:00+00:00,2024-10-30 08:55:00+00:00,2024-10-30 09:10:00+00:00,20724.75,20734.5,20705.25,20734.75,stop,4,9.75,84.96,-76.0,4.96,4.0,-84.96,-1.0892307692307692,False,-0.45065352476184795,8,42226.41999999985,"D (partida 0,10 / 2R)"
MNQ,london,2024-11-11,D,0.1,2.0,-1,2024-11-11 10:30:00+00:00,2024-11-11 10:30:00+00:00,2024-11-11 11:00:00+00:00,21281.75,21290.5,21264.25,21272.5,cierre_sesion,5,8.75,96.19999999999999,97.5,6.2,5.0,86.3,0.9862857142857142,False,-0.16366523556200274,10,42141.45999999985,"D (partida 0,10 / 2R)"
MNQ,london,2024-11-12,D,0.1,2.0,1,2024-11-12 08:55:00+00:00,2024-11-12 08:55:00+00:00,2024-11-12 09:00:00+00:00,21232.25,21219.25,21258.25,21219.0,stop,3,13.0,83.22,-76.5,3.7199999999999998,3.0,-83.22,-1.0669230769230769,False,0.5909928987453635,8,42227.75999999986,"D (partida 0,10 / 2R)"
MNQ,london,2024-11-12,D,0.1,2.0,-1,2024-11-12 09:30:00+00:00,2024-11-12 09:30:00+00:00,2024-11-12 09:30:00+00:00,21207.0,21214.25,21192.5,21214.5,stop,6,7.25,97.44000000000001,-84.0,7.4399999999999995,6.0,-97.44,-1.1199999999999999,False,-0.21982921592059065,9,42144.539999999855,"D (partida 0,10 / 2R)"
MNQ,london,2024-11-19,D,0.1,2.0,-1,2024-11-19 08:35:00+00:00,2024-11-19 08:35:00+00:00,2024-11-19 08:35:00+00:00,20649.25,20668.5,20610.75,20610.75,objetivo,2,19.25,80.48,155.0,2.48,1.0,151.52,1.9677922077922079,False,-1.3526172521245647,8,42047.09999999985,"D (partida 0,10 / 2R)"
MNQ,london,2024-11-20,D,0.1,2.0,-1,2024-11-20 09:50:00+00:00,2024-11-20 09:50:00+00:00,2024-11-20 10:25:00+00:00,20789.0,20804.25,20758.5,20758.5,objetivo,3,15.25,96.71999999999998,184.5,3.7199999999999998,1.5,179.28,1.959344262295082,False,-0.10304906479324155,9,42198.61999999985,"D (partida 0,10 / 2R)"
MNQ,london,2024-11-22,D,0.1,2.0,-1,2024-11-22 09:15:00+00:00,2024-11-22 09:15:00+00:00,2024-11-22 09:15:00+00:00,20772.5,20779.25,20759.0,20779.5,stop,6,6.75,91.44,-78.0,7.4399999999999995,6.0,-91.44,-1.1288888888888888,False,-0.4455530388485786,9,42377.89999999985,"D (partida 0,10 / 2R)"
MNQ,london,2024-11-25,D,0.1,2.0,1,2024-11-25 09:50:00+00:00,2024-11-25 09:50:00+00:00,2024-11-25 10:00:00+00:00,20968.0,20963.25,20977.5,20963.0,stop,9,4.75,101.16,-81.0,11.16,9.0,-101.16,-1.183157894736842,False,0.14738557314169093,9,42286.459999999846,"D (partida 0,10 / 2R)"
MNQ,london,2024-11-26,D,0.1,2.0,1,2024-11-26 10:15:00+00:00,2024-11-26 10:15:00+00:00,2024-11-26 10:25:00+00:00,20895.5,20887.0,20912.5,20886.75,stop,5,8.5,93.69999999999999,-82.5,6.2,5.0,-93.7,-1.1023529411764705,False,0.11868903242690812,10,42185.29999999984,"D (partida 0,10 / 2R)"
MNQ,london,2024-11-29,D,0.1,2.0,1,2024-11-29 09:25:00+00:00,2024-11-29 09:25:00+00:00,2024-11-29 09:30:00+00:00,20907.5,20902.5,20917.5,20902.25,stop,8,5.0,93.92,-76.0,9.92,8.0,-93.92,-1.174,False,0.24536049988638323,9,42091.599999999846,"D (partida 0,10 / 2R)"
MNQ,london,2024-12-02,D,0.1,2.0,-1,2024-12-02 10:10:00+00:00,2024-12-02 10:10:00+00:00,2024-12-02 10:10:00+00:00,20944.75,20952.75,20928.75,20953.0,stop,5,8.0,88.69999999999999,-77.5,6.2,5.0,-88.7,-1.1087500000000001,False,-0.3060507181311114,10,41997.67999999985,"D (partida 0,10 / 2R)"
MNQ,london,2024-12-05,D,0.1,2.0,1,2024-12-05 10:10:00+00:00,2024-12-05 10:10:00+00:00,2024-12-05 10:10:00+00:00,21515.25,21510.0,21525.75,21509.75,stop,8,5.25,97.92,-80.0,9.92,8.0,-97.92,-1.1657142857142857,False,0.16970022624637648,10,41908.97999999985,"D (partida 0,10 / 2R)"
MNQ,london,2024-12-09,D,0.1,2.0,-1,2024-12-09 09:55:00+00:00,2024-12-09 09:55:00+00:00,2024-12-09 11:00:00+00:00,21636.0,21648.0,21612.0,21615.5,cierre_sesion,4,12.0,102.96,168.0,4.96,4.0,159.04,1.6566666666666665,False,-0.7672005729061615,9,41811.05999999985,"D (partida 0,10 / 2R)"
MNQ,london,2024-12-10,D,0.1,2.0,1,2024-12-10 10:15:00+00:00,2024-12-10 10:15:00+00:00,2024-12-10 11:00:00+00:00,21485.0,21476.75,21501.5,21491.25,cierre_sesion,5,8.25,91.19999999999999,67.5,6.2,5.0,56.3,0.6824242424242424,False,0.45264726612812717,10,41970.09999999985,"D (partida 0,10 / 2R)"
MNQ,london,2024-12-12,D,0.1,2.0,-1,2024-12-12 08:35:00+00:00,2024-12-12 08:35:00+00:00,2024-12-12 11:00:00+00:00,21749.75,21771.0,21707.25,21743.5,cierre_sesion,2,21.25,88.48,27.0,2.48,2.0,22.52,0.26494117647058824,False,-0.16399151887359176,8,42026.399999999856,"D (partida 0,10 / 2R)"
MNQ,london,2024-12-17,D,0.1,2.0,1,2024-12-17 10:40:00+00:00,2024-12-17 10:40:00+00:00,2024-12-17 10:45:00+00:00,22100.75,22096.25,22109.75,22096.0,stop,9,4.5,96.66,-76.5,11.16,9.0,-96.66,-1.1933333333333334,False,0.33778929086067355,10,42048.91999999985,"D (partida 0,10 / 2R)"
MNQ,london,2024-12-31,D,0.1,2.0,1,2024-12-31 09:15:00+00:00,2024-12-31 09:15:00+00:00,2024-12-31 11:00:00+00:00,21464.5,21417.5,21558.5,21497.25,cierre_sesion,1,47.0,95.74,66.5,1.24,1.0,64.26,0.6836170212765958,False,0.9069594142683617,9,41952.25999999985,"D (partida 0,10 / 2R)"
MNQ,london,2025-01-08,D,0.1,2.0,1,2025-01-08 09:05:00+00:00,2025-01-08 09:05:00+00:00,2025-01-08 11:00:00+00:00,21426.5,21405.75,21468.0,21443.25,cierre_sesion,2,20.75,86.48,69.0,2.48,2.0,64.52,0.7773493975903614,False,0.4217613943591225,9,42016.51999999985,"D (partida 0,10 / 2R)"
MNQ,london,2025-01-09,D,0.1,2.0,1,2025-01-09 10:05:00+00:00,2025-01-09 10:05:00+00:00,2025-01-09 10:05:00+00:00,21317.0,21310.0,21331.0,21309.75,stop,6,7.0,94.44,-81.0,7.4399999999999995,6.0,-94.44,-1.1242857142857143,False,0.4119537872057107,10,42081.03999999985,"D (partida 0,10 / 2R)"
MNQ,london,2025-01-15,D,0.1,2.0,1,2025-01-15 09:40:00+00:00,2025-01-15 09:40:00+00:00,2025-01-15 10:15:00+00:00,20957.25,20944.5,20982.75,20944.25,stop,3,12.75,81.72,-75.0,3.7199999999999998,3.0,-81.72,-1.068235294117647,False,0.31058460820832967,9,41986.599999999846,"D (partida 0,10 / 2R)"
MNQ,london,2025-01-17,D,0.1,2.0,1,2025-01-17 08:35:00+00:00,2025-01-17 08:35:00+00:00,2025-01-17 09:00:00+00:00,21297.0,21284.25,21322.5,21322.5,objetivo,3,12.75,81.72,154.5,3.7199999999999998,1.5,149.28,1.9513725490196079,False,0.16321774820192347,8,41904.879999999845,"D (partida 0,10 / 2R)"
MNQ,london,2025-01-24,D,0.1,2.0,1,2025-01-24 09:30:00+00:00,2025-01-24 09:30:00+00:00,2025-01-24 09:30:00+00:00,22014.25,22010.75,22021.25,22021.25,objetivo,12,3.5,104.88,174.0,14.879999999999999,6.0,153.12,1.822857142857143,False,0.4245536956193955,9,42054.15999999984,"D (partida 0,10 / 2R)"
MNQ,london,2025-01-24,D,0.1,2.0,-1,2025-01-24 10:40:00+00:00,2025-01-24 10:40:00+00:00,2025-01-24 10:50:00+00:00,21986.75,22004.0,21952.25,22004.25,stop,2,17.25,72.48,-68.0,2.48,2.0,-72.48,-1.0504347826086957,False,-0.12544777057250783,10,42207.279999999846,"D (partida 0,10 / 2R)"
MNQ,london,2025-01-30,D,0.1,2.0,-1,2025-01-30 10:00:00+00:00,2025-01-30 10:00:00+00:00,2025-01-30 10:00:00+00:00,21634.5,21641.75,21620.0,21642.0,stop,6,7.25,97.44000000000001,-84.0,7.4399999999999995,6.0,-97.44,-1.1199999999999999,False,-0.5894864124102537,9,42134.79999999984,"D (partida 0,10 / 2R)"
MNQ,london,2025-02-06,D,0.1,2.0,1,2025-02-06 09:05:00+00:00,2025-02-06 09:05:00+00:00,2025-02-06 09:55:00+00:00,21813.5,21792.75,21855.0,21792.5,stop,2,20.75,86.48,-82.0,2.48,2.0,-86.48,-1.0419277108433735,False,0.7779882890007783,9,42037.35999999984,"D (partida 0,10 / 2R)"
MNQ,london,2025-02-12,D,0.1,2.0,-1,2025-02-12 09:15:00+00:00,2025-02-12 09:15:00+00:00,2025-02-12 09:15:00+00:00,21762.0,21766.75,21752.5,21767.0,stop,9,4.75,101.16,-81.0,11.16,9.0,-101.16,-1.183157894736842,True,-1.25074317097832,9,41950.87999999984,"D (partida 0,10 / 2R)"
MNQ,london,2025-02-14,D,0.1,2.0,-1,2025-02-14 08:45:00+00:00,2025-02-14 08:45:00+00:00,2025-02-14 08:55:00+00:00,22111.25,22118.5,22096.75,22118.75,stop,6,7.25,97.44000000000001,-84.0,7.4399999999999995,6.0,-97.44,-1.1199999999999999,False,-0.7100736529950179,8,41849.719999999834,"D (partida 0,10 / 2R)"
MNQ,london,2025-02-18,D,0.1,2.0,-1,2025-02-18 10:10:00+00:00,2025-02-18 10:10:00+00:00,2025-02-18 10:20:00+00:00,22276.75,22280.25,22269.75,22269.75,objetivo,11,3.5,96.14,159.5,13.64,5.5,140.36,1.822857142857143,False,-0.19884121131065752,10,41752.27999999983,"D (partida 0,10 / 2R)"
MNQ,london,2025-02-20,D,0.1,2.0,1,2025-02-20 08:55:00+00:00,2025-02-20 08:55:00+00:00,2025-02-20 09:00:00+00:00,22181.0,22176.75,22189.5,22176.5,stop,10,4.25,102.4,-80.0,12.4,10.0,-102.4,-1.2047058823529413,False,0.7835596164153097,8,41892.63999999983,"D (partida 0,10 / 2R)"
MNQ,london,2025-02-24,D,0.1,2.0,1,2025-02-24 09:25:00+00:00,2025-02-24 09:25:00+00:00,2025-02-24 09:30:00+00:00,21810.75,21798.0,21836.25,21797.75,stop,3,12.75,81.72,-75.0,3.7199999999999998,3.0,-81.72,-1.068235294117647,False,1.3019147910287794,9,41790.23999999983,"D (partida 0,10 / 2R)"
MNQ,london,2025-03-03,D,0.1,2.0,-1,2025-03-03 08:35:00+00:00,2025-03-03 08:35:00+00:00,2025-03-03 08:35:00+00:00,20915.5,20922.75,20901.0,20923.0,stop,6,7.25,97.44000000000001,-84.0,7.4399999999999995,6.0,-97.44,-1.1199999999999999,False,-1.2052671726465984,8,41708.51999999983,"D (partida 0,10 / 2R)"
MNQ,london,2025-03-03,D,0.1,2.0,1,2025-03-03 09:35:00+00:00,2025-03-03 09:35:00+00:00,2025-03-03 09:50:00+00:00,20985.25,20972.75,21010.25,21010.25,objetivo,3,12.5,80.22,151.5,3.7199999999999998,1.5,146.28,1.9504,False,0.17815135553265715,9,41611.07999999983,"D (partida 0,10 / 2R)"
MNQ,london,2025-03-13,D,0.1,2.0,1,2025-03-13 09:25:00+00:00,2025-03-13 09:25:00+00:00,2025-03-13 09:25:00+00:00,19551.75,19538.25,19578.75,19538.0,stop,3,13.5,86.22,-79.5,3.7199999999999998,3.0,-86.22,-1.0644444444444445,False,0.7054712139200314,9,41757.359999999826,"D (partida 0,10 / 2R)"
MNQ,london,2025-03-14,D,0.1,2.0,1,2025-03-14 08:40:00+00:00,2025-03-14 08:40:00+00:00,2025-03-14 08:40:00+00:00,19426.25,19419.25,19440.25,19419.0,stop,6,7.0,94.44,-81.0,7.4399999999999995,6.0,-94.44,-1.1242857142857143,False,1.3208224846005405,8,41671.139999999825,"D (partida 0,10 / 2R)"
MNQ,london,2025-03-17,D,0.1,2.0,1,2025-03-17 08:35:00+00:00,2025-03-17 08:35:00+00:00,2025-03-17 08:35:00+00:00,19600.25,19594.5,19611.75,19611.75,objetivo,7,5.75,92.68,164.5,8.68,3.5,152.32,1.8921739130434783,False,0.578030006948574,8,41576.69999999982,"D (partida 0,10 / 2R)"
MNQ,london,2025-03-19,D,0.1,2.0,1,2025-03-19 09:40:00+00:00,2025-03-19 09:40:00+00:00,2025-03-19 10:00:00+00:00,19548.5,19541.25,19563.0,19563.0,objetivo,6,7.25,97.44000000000001,177.0,7.4399999999999995,3.0,166.56,1.9144827586206896,False,0.2944461820098276,9,41729.01999999982,"D (partida 0,10 / 2R)"
MNQ,london,2025-03-25,D,0.1,2.0,1,2025-03-25 10:25:00+00:00,2025-03-25 10:25:00+00:00,2025-03-25 10:45:00+00:00,20356.25,20346.5,20375.75,20375.75,objetivo,4,9.75,84.96,158.0,4.96,2.0,151.04,1.9364102564102563,False,0.35207937381744453,10,41895.57999999982,"D (partida 0,10 / 2R)"
MNQ,london,2025-03-28,D,0.1,2.0,1,2025-03-28 10:40:00+00:00,2025-03-28 10:40:00+00:00,2025-03-28 10:50:00+00:00,19961.0,19952.0,19979.0,19951.75,stop,5,9.0,98.69999999999999,-87.5,6.2,5.0,-98.7,-1.0966666666666667,False,0.634352282713819,10,42046.61999999982,"D (partida 0,10 / 2R)"
MNQ,london,2025-03-31,D,0.1,2.0,1,2025-03-31 08:50:00+01:00,2025-03-31 08:50:00+01:00,2025-03-31 09:00:00+01:00,19254.75,19243.75,19276.75,19243.5,stop,4,11.0,94.96,-86.0,4.96,4.0,-94.96,-1.079090909090909,False,0.5969827475714918,8,41947.91999999982,"D (partida 0,10 / 2R)"
MNQ,london,2025-03-31,D,0.1,2.0,-1,2025-03-31 10:00:00+01:00,2025-03-31 10:00:00+01:00,2025-03-31 10:00:00+01:00,19203.25,19211.0,19187.75,19187.75,objetivo,6,7.75,103.44,189.0,7.4399999999999995,3.0,178.56,1.92,False,-0.11857512496860567,9,41852.959999999825,"D (partida 0,10 / 2R)"
MNQ,london,2025-04-03,D,0.1,2.0,1,2025-04-03 09:20:00+01:00,2025-04-03 09:20:00+01:00,2025-04-03 10:10:00+01:00,19135.75,19114.0,19179.25,19113.75,stop,2,21.75,90.48,-86.0,2.48,2.0,-90.48,-1.04,False,0.2843620959618592,9,42031.51999999982,"D (partida 0,10 / 2R)"
MNQ,london,2025-04-04,D,0.1,2.0,-1,2025-04-04 10:05:00+01:00,2025-04-04 10:05:00+01:00,2025-04-04 11:00:00+01:00,18570.25,18598.0,18514.75,18572.75,cierre_sesion,1,27.75,57.24,-4.0,1.24,1.0,-6.24,-0.11243243243243244,False,-0.10805475643763916,10,41941.03999999982,"D (partida 0,10 / 2R)"
MNQ,london,2025-04-07,D,0.1,2.0,1,2025-04-07 09:25:00+01:00,2025-04-07 09:25:00+01:00,2025-04-07 09:25:00+01:00,16888.25,16844.5,16975.75,16844.25,stop,1,43.75,89.24,-87.0,1.24,1.0,-89.24,-1.0198857142857143,False,1.1986827340264357,9,41934.79999999982,"D (partida 0,10 / 2R)"
MNQ,london,2025-04-11,D,0.1,2.0,-1,2025-04-11 09:30:00+01:00,2025-04-11 09:30:00+01:00,2025-04-11 09:35:00+01:00,18424.5,18461.75,18350.0,18350.0,objetivo,1,37.25,76.24,149.5,1.24,0.5,147.76,1.9833557046979864,False,-0.8287138334186044,9,41845.55999999982,"D (partida 0,10 / 2R)"
MNQ,london,2025-04-14,D,0.1,2.0,-1,2025-04-14 10:40:00+01:00,2025-04-14 10:40:00+01:00,2025-04-14 10:50:00+01:00,19031.75,19064.75,18965.75,19065.0,stop,1,33.0,67.74,-65.5,1.24,1.0,-67.74,-1.0263636363636364,False,-0.4602077389093458,10,41993.319999999825,"D (partida 0,10 / 2R)"
MNQ,london,2025-04-25,D,0.1,2.0,-1,2025-04-25 08:40:00+01:00,2025-04-25 08:40:00+01:00,2025-04-25 08:40:00+01:00,19400.5,19406.0,19389.5,19406.25,stop,8,5.5,101.92,-84.0,9.92,8.0,-101.92,-1.1581818181818182,False,-1.547224903851293,8,41925.57999999983,"D (partida 0,10 / 2R)"
MNQ,london,2025-05-05,D,0.1,2.0,1,2025-05-05 09:20:00+01:00,2025-05-05 09:20:00+01:00,2025-05-05 09:25:00+01:00,20067.25,20049.5,20102.75,20049.25,stop,2,17.75,74.48,-70.0,2.48,2.0,-74.48,-1.0490140845070424,False,0.10533806336495496,9,41823.65999999983,"D (partida 0,10 / 2R)"
MNQ,london,2025-05-14,D,0.1,2.0,-1,2025-05-14 09:10:00+01:00,2025-05-14 09:10:00+01:00,2025-05-14 09:50:00+01:00,21260.0,21294.5,21191.0,21294.75,stop,1,34.5,70.74,-68.5,1.24,1.0,-70.74,-1.0252173913043479,False,-0.6192271859352093,9,41749.179999999826,"D (partida 0,10 / 2R)"
MNQ,london,2025-05-16,D,0.1,2.0,1,2025-05-16 08:40:00+01:00,2025-05-16 08:40:00+01:00,2025-05-16 09:05:00+01:00,21429.0,21415.25,21456.5,21456.5,objetivo,3,13.75,87.72,166.5,3.7199999999999998,1.5,161.28,1.954909090909091,False,2.167802840649599,8,41678.43999999983,"D (partida 0,10 / 2R)"
MNQ,london,2025-05-23,D,0.1,2.0,1,2025-05-23 08:35:00+01:00,2025-05-23 08:35:00+01:00,2025-05-23 08:35:00+01:00,21217.5,21206.25,21240.0,21206.0,stop,4,11.25,96.96,-88.0,4.96,4.0,-96.96,-1.0773333333333333,False,1.968822858832933,8,41839.71999999983,"D (partida 0,10 / 2R)"
MNQ,london,2025-05-29,D,0.1,2.0,1,2025-05-29 08:35:00+01:00,2025-05-29 08:35:00+01:00,2025-05-29 08:55:00+01:00,21796.25,21779.0,21830.75,21830.75,objetivo,2,17.25,72.48,139.0,2.48,1.0,135.52,1.964057971014493,False,0.6809840336762831,8,41742.75999999983,"D (partida 0,10 / 2R)"
MNQ,london,2025-05-30,D,0.1,2.0,1,2025-05-30 09:05:00+01:00,2025-05-30 09:05:00+01:00,2025-05-30 09:05:00+01:00,21367.25,21359.75,21382.25,21382.25,objetivo,6,7.5,100.44,183.0,7.4399999999999995,3.0,172.56,1.9173333333333333,False,0.5401946838016807,9,41878.279999999824,"D (partida 0,10 / 2R)"
MNQ,london,2025-06-12,D,0.1,2.0,-1,2025-06-12 08:55:00+01:00,2025-06-12 08:55:00+01:00,2025-06-12 09:50:00+01:00,21764.5,21796.75,21700.0,21797.0,stop,1,32.25,66.24,-64.0,1.24,1.0,-66.24,-1.0269767441860465,False,-1.8889015675994254,8,42050.83999999982,"D (partida 0,10 / 2R)"
MNQ,london,2025-06-20,D,0.1,2.0,-1,2025-06-20 10:00:00+01:00,2025-06-20 10:00:00+01:00,2025-06-20 10:05:00+01:00,21652.25,21659.25,21638.25,21659.5,stop,6,7.0,94.44,-81.0,7.4399999999999995,6.0,-94.44,-1.1242857142857143,False,-1.0827840712339274,9,41984.599999999824,"D (partida 0,10 / 2R)"
MNQ,london,2025-06-25,D,0.1,2.0,-1,2025-06-25 09:10:00+01:00,2025-06-25 09:10:00+01:00,2025-06-25 09:10:00+01:00,22411.5,22424.0,22386.5,22424.25,stop,3,12.5,80.22,-73.5,3.7199999999999998,3.0,-80.22,-1.0695999999999999,False,-0.20138705589734662,9,41890.15999999982,"D (partida 0,10 / 2R)"
MNQ,london,2025-07-02,D,0.1,2.0,-1,2025-07-02 08:50:00+01:00,2025-07-02 08:50:00+01:00,2025-07-02 09:00:00+01:00,22723.0,22732.0,22705.0,22732.25,stop,5,9.0,98.69999999999999,-87.5,6.2,5.0,-98.7,-1.0966666666666667,False,-1.3659632086358107,8,41809.93999999982,"D (partida 0,10 / 2R)"
MNQ,london,2025-07-03,D,0.1,2.0,-1,2025-07-03 10:10:00+01:00,2025-07-03 10:10:00+01:00,2025-07-03 10:15:00+01:00,22853.0,22860.25,22838.5,22860.5,stop,6,7.25,97.44000000000001,-84.0,7.4399999999999995,6.0,-97.44,-1.1199999999999999,False,-0.6245261903611178,10,41711.23999999982,"D (partida 0,10 / 2R)"
MNQ,london,2025-07-10,D,0.1,2.0,1,2025-07-10 08:45:00+01:00,2025-07-10 08:45:00+01:00,2025-07-10 09:00:00+01:00,23014.25,23009.75,23023.25,23023.25,objetivo,9,4.5,96.66,166.5,11.16,4.5,150.84,1.8622222222222222,False,1.163331023038722,8,41613.79999999982,"D (partida 0,10 / 2R)"
MNQ,london,2025-07-14,D,0.1,2.0,1,2025-07-14 09:10:00+01:00,2025-07-14 09:10:00+01:00,2025-07-14 09:25:00+01:00,22873.25,22867.5,22884.75,22867.25,stop,7,5.75,92.68,-77.0,8.68,7.0,-92.68,-1.1513043478260871,False,1.4874498108778442,9,41764.63999999982,"D (partida 0,10 / 2R)"
MNQ,london,2025-07-18,D,0.1,2.0,-1,2025-07-18 08:35:00+01:00,2025-07-18 08:35:00+01:00,2025-07-18 08:40:00+01:00,23267.0,23277.5,23246.0,23277.75,stop,4,10.5,90.96,-82.0,4.96,4.0,-90.96,-1.0828571428571427,False,-1.0575400781410236,8,41671.95999999982,"D (partida 0,10 / 2R)"
MNQ,london,2025-07-22,D,0.1,2.0,-1,2025-07-22 09:10:00+01:00,2025-07-22 09:10:00+01:00,2025-07-22 09:20:00+01:00,23309.0,23316.75,23293.5,23293.5,objetivo,6,7.75,103.44,189.0,7.4399999999999995,3.0,178.56,1.92,False,-1.2057126841496542,9,41580.99999999982,"D (partida 0,10 / 2R)"
MNQ,london,2025-07-30,D,0.1,2.0,1,2025-07-30 09:05:00+01:00,2025-07-30 09:05:00+01:00,2025-07-30 09:10:00+01:00,23508.5,23498.0,23529.5,23497.75,stop,4,10.5,90.96,-82.0,4.96,4.0,-90.96,-1.0828571428571427,False,0.6906699863372845,9,41759.559999999816,"D (partida 0,10 / 2R)"
MNQ,london,2025-08-05,D,0.1,2.0,-1,2025-08-05 09:00:00+01:00,2025-08-05 09:00:00+01:00,2025-08-05 09:00:00+01:00,23330.25,23336.75,23317.25,23337.0,stop,7,6.5,103.18,-87.5,8.68,7.0,-103.18,-1.133846153846154,False,-1.7815859834910028,8,41668.59999999982,"D (partida 0,10 / 2R)"
MNQ,london,2025-08-06,D,0.1,2.0,-1,2025-08-06 10:20:00+01:00,2025-08-06 10:20:00+01:00,2025-08-06 10:25:00+01:00,23170.0,23179.75,23150.5,23150.5,objetivo,4,9.75,84.96,158.0,4.96,2.0,151.04,1.9364102564102563,False,-0.46822645306375,10,41565.419999999816,"D (partida 0,10 / 2R)"
MNQ,london,2025-08-08,D,0.1,2.0,1,2025-08-08 09:25:00+01:00,2025-08-08 09:25:00+01:00,2025-08-08 09:45:00+01:00,23556.0,23546.25,23575.5,23546.0,stop,4,9.75,84.96,-76.0,4.96,4.0,-84.96,-1.0892307692307692,False,0.2590931784216182,9,41716.45999999982,"D (partida 0,10 / 2R)"
MNQ,london,2025-08-11,D,0.1,2.0,-1,2025-08-11 08:40:00+01:00,2025-08-11 08:40:00+01:00,2025-08-11 08:50:00+01:00,23722.75,23734.75,23698.75,23698.75,objetivo,4,12.0,102.96,194.0,4.96,2.0,187.04,1.9483333333333333,False,-1.757433627023138,8,41631.49999999982,"D (partida 0,10 / 2R)"
MNQ,london,2025-08-14,D,0.1,2.0,1,2025-08-14 09:05:00+01:00,2025-08-14 09:05:00+01:00,2025-08-14 09:35:00+01:00,23935.25,23929.25,23947.25,23929.0,stop,7,6.0,96.18,-80.5,8.68,7.0,-96.18,-1.145,False,0.3722599846669164,9,41818.53999999982,"D (partida 0,10 / 2R)"
MNQ,london,2025-08-22,D,0.1,2.0,1,2025-08-22 09:15:00+01:00,2025-08-22 09:15:00+01:00,2025-08-22 09:40:00+01:00,23232.75,23222.5,23253.25,23253.25,objetivo,4,10.25,88.96,166.0,4.96,2.0,159.04,1.9395121951219512,False,1.100926084125779,9,41722.35999999982,"D (partida 0,10 / 2R)"
MNQ,london,2025-08-26,D,0.1,2.0,1,2025-08-26 10:05:00+01:00,2025-08-26 10:05:00+01:00,2025-08-26 11:00:00+01:00,23465.0,23452.5,23490.0,23474.25,cierre_sesion,3,12.5,80.22,58.5,3.7199999999999998,3.0,51.78,0.6904,False,0.14148554025447757,10,41881.39999999982,"D (partida 0,10 / 2R)"
MNQ,london,2025-09-01,D,0.1,2.0,1,2025-09-01 08:40:00+01:00,2025-09-01 08:40:00+01:00,2025-09-01 08:55:00+01:00,23471.75,23464.25,23486.75,23464.0,stop,6,7.5,100.44,-87.0,7.4399999999999995,6.0,-100.44,-1.1159999999999999,False,0.1599829703206277,8,41933.17999999982,"D (partida 0,10 / 2R)"
MNQ,london,2025-09-04,D,0.1,2.0,1,2025-09-04 08:35:00+01:00,2025-09-04 08:35:00+01:00,2025-09-04 11:00:00+01:00,23489.5,23473.75,23521.0,23516.0,cierre_sesion,3,15.75,99.72,162.0,3.7199999999999998,3.0,155.28,1.6431746031746033,False,0.7697227001660045,8,41832.739999999816,"D (partida 0,10 / 2R)"
MNQ,london,2025-09-12,D,0.1,2.0,-1,2025-09-12 09:00:00+01:00,2025-09-12 09:00:00+01:00,2025-09-12 09:10:00+01:00,24010.0,24019.25,23991.5,23991.5,objetivo,5,9.25,101.19999999999999,187.5,6.2,2.5,178.8,1.932972972972973,False,-0.5485664260058147,8,41988.019999999815,"D (partida 0,10 / 2R)"
MNQ,london,2025-09-15,D,0.1,2.0,-1,2025-09-15 09:20:00+01:00,2025-09-15 09:20:00+01:00,2025-09-15 09:20:00+01:00,24118.5,24122.75,24110.0,24110.0,objetivo,10,4.25,102.4,175.0,12.4,5.0,157.6,1.8541176470588234,False,-1.983063456315455,9,42166.81999999982,"D (partida 0,10 / 2R)"
MNQ,london,2025-09-17,D,0.1,2.0,-1,2025-09-17 09:40:00+01:00,2025-09-17 09:40:00+01:00,2025-09-17 09:45:00+01:00,24248.25,24264.5,24215.75,24264.75,stop,3,16.25,102.72,-96.0,3.7199999999999998,3.0,-102.72,-1.0535384615384615,False,-2.4956973003522878,9,42324.419999999816,"D (partida 0,10 / 2R)"
MNQ,london,2025-09-19,D,0.1,2.0,1,2025-09-19 09:55:00+01:00,2025-09-19 09:55:00+01:00,2025-09-19 10:05:00+01:00,24461.25,24457.5,24468.75,24468.75,objetivo,11,3.75,101.64,170.5,13.64,5.5,151.36,1.834666666666667,False,0.7100505630345318,9,42221.699999999815,"D (partida 0,10 / 2R)"
MNQ,london,2025-09-23,D,0.1,2.0,1,2025-09-23 09:05:00+01:00,2025-09-23 09:05:00+01:00,2025-09-23 10:00:00+01:00,25012.25,24998.0,25040.75,24997.75,stop,3,14.25,90.72,-84.0,3.7199999999999998,3.0,-90.72,-1.0610526315789472,False,0.4714185854755543,9,42373.059999999816,"D (partida 0,10 / 2R)"
MNQ,london,2025-09-26,D,0.1,2.0,-1,2025-09-26 10:00:00+01:00,2025-09-26 10:00:00+01:00,2025-09-26 10:10:00+01:00,24585.5,24602.25,24552.0,24602.5,stop,2,16.75,70.48,-66.0,2.48,2.0,-70.48,-1.0519402985074628,False,-0.901267164121448,9,42282.339999999815,"D (partida 0,10 / 2R)"
MNQ,london,2025-10-01,D,0.1,2.0,1,2025-10-01 10:40:00+01:00,2025-10-01 10:40:00+01:00,2025-10-01 10:40:00+01:00,24748.75,24741.25,24763.75,24741.0,stop,6,7.5,100.44,-87.0,7.4399999999999995,6.0,-100.44,-1.1159999999999999,False,0.7096641841353742,10,42211.85999999981,"D (partida 0,10 / 2R)"
MNQ,london,2025-10-06,D,0.1,2.0,-1,2025-10-06 08:50:00+01:00,2025-10-06 08:50:00+01:00,2025-10-06 08:50:00+01:00,25071.0,25076.25,25060.5,25076.5,stop,8,5.25,97.92,-80.0,9.92,8.0,-97.92,-1.1657142857142857,False,-1.8469875783014336,8,42111.41999999981,"D (partida 0,10 / 2R)"
MNQ,london,2025-10-07,D,0.1,2.0,1,2025-10-07 10:15:00+01:00,2025-10-07 10:15:00+01:00,2025-10-07 11:00:00+01:00,25187.0,25172.25,25216.5,25189.25,cierre_sesion,3,14.75,93.72,16.5,3.7199999999999998,3.0,9.780000000000001,0.11050847457627119,False,0.48505532766427956,10,42013.49999999981,"D (partida 0,10 / 2R)"
MNQ,london,2025-10-10,D,0.1,2.0,1,2025-10-10 09:40:00+01:00,2025-10-10 09:40:00+01:00,2025-10-10 10:00:00+01:00,25335.25,25327.75,25350.25,25327.5,stop,6,7.5,100.44,-87.0,7.4399999999999995,6.0,-100.44,-1.1159999999999999,False,0.2329198201674961,9,42023.27999999981,"D (partida 0,10 / 2R)"
MNQ,london,2025-10-20,D,0.1,2.0,-1,2025-10-20 10:00:00+01:00,2025-10-20 10:00:00+01:00,2025-10-20 10:00:00+01:00,25074.5,25082.0,25059.5,25082.25,stop,6,7.5,100.44,-87.0,7.4399999999999995,6.0,-100.44,-1.1159999999999999,False,-0.5460237605762169,9,41922.83999999981,"D (partida 0,10 / 2R)"
MNQ,london,2025-10-23,D,0.1,2.0,-1,2025-10-23 10:15:00+01:00,2025-10-23 10:15:00+01:00,2025-10-23 10:20:00+01:00,25065.25,25079.25,25037.25,25037.25,objetivo,3,14.0,89.22,169.5,3.7199999999999998,1.5,164.28,1.9557142857142857,False,-0.39358697777979174,10,41822.399999999805,"D (partida 0,10 / 2R)"
MNQ,london,2025-10-28,D,0.1,2.0,1,2025-10-28 09:20:00+00:00,2025-10-28 09:20:00+00:00,2025-10-28 09:25:00+00:00,25976.25,25967.75,25993.25,25967.5,stop,5,8.5,93.69999999999999,-82.5,6.2,5.0,-93.7,-1.1023529411764705,False,0.5879192904025412,9,41986.679999999804,"D (partida 0,10 / 2R)"
MNQ,london,2025-10-29,D,0.1,2.0,-1,2025-10-29 09:30:00+00:00,2025-10-29 09:30:00+00:00,2025-10-29 10:05:00+00:00,26237.0,26243.75,26223.5,26244.0,stop,6,6.75,91.44,-78.0,7.4399999999999995,6.0,-91.44,-1.1288888888888888,False,-1.072415413387314,9,41892.97999999981,"D (partida 0,10 / 2R)"
MNQ,london,2025-10-30,D,0.1,2.0,1,2025-10-30 09:10:00+00:00,2025-10-30 09:10:00+00:00,2025-10-30 09:10:00+00:00,26287.0,26268.75,26323.5,26268.5,stop,2,18.25,76.48,-72.0,2.48,2.0,-76.48,-1.0476712328767124,False,0.28193303712955786,9,41801.539999999804,"D (partida 0,10 / 2R)"
MNQ,london,2025-10-31,D,0.1,2.0,-1,2025-10-31 10:30:00+00:00,2025-10-31 10:30:00+00:00,2025-10-31 10:30:00+00:00,26169.25,26175.0,26157.75,26175.25,stop,7,5.75,92.68,-77.0,8.68,7.0,-92.68,-1.1513043478260871,False,-0.1438012979230148,10,41725.0599999998,"D (partida 0,10 / 2R)"
MNQ,london,2025-11-03,D,0.1,2.0,1,2025-11-03 08:55:00+00:00,2025-11-03 08:55:00+00:00,2025-11-03 09:15:00+00:00,26094.0,26079.25,26123.5,26123.5,objetivo,3,14.75,93.72,178.5,3.7199999999999998,1.5,173.28,1.9579661016949153,False,1.0435700872251346,8,41632.3799999998,"D (partida 0,10 / 2R)"
MNQ,london,2025-11-06,D,0.1,2.0,1,2025-11-06 09:30:00+00:00,2025-11-06 09:30:00+00:00,2025-11-06 09:30:00+00:00,25735.75,25730.5,25746.25,25730.25,stop,8,5.25,97.92,-80.0,9.92,8.0,-97.92,-1.1657142857142857,False,1.2995192051363174,9,41805.6599999998,"D (partida 0,10 / 2R)"
MNQ,london,2025-11-07,D,0.1,2.0,-1,2025-11-07 09:35:00+00:00,2025-11-07 09:35:00+00:00,2025-11-07 10:10:00+00:00,25265.75,25283.5,25230.25,25230.25,objetivo,2,17.75,74.48,143.0,2.48,1.0,139.52,1.9650704225352114,False,-0.2065356919545827,9,41707.7399999998,"D (partida 0,10 / 2R)"
MNQ,london,2025-11-17,D,0.1,2.0,-1,2025-11-17 10:20:00+00:00,2025-11-17 10:20:00+00:00,2025-11-17 10:50:00+00:00,25245.25,25279.75,25176.25,25176.25,objetivo,1,34.5,70.74,138.5,1.24,0.5,136.76,1.9820289855072462,False,-0.4456832550214439,10,41847.2599999998,"D (partida 0,10 / 2R)"
MNQ,london,2025-11-18,D,0.1,2.0,1,2025-11-18 08:40:00+00:00,2025-11-18 08:40:00+00:00,2025-11-18 08:45:00+00:00,24850.25,24805.75,24939.25,24805.5,stop,1,44.5,90.74,-88.5,1.24,1.0,-90.74,-1.0195505617977527,False,0.6464312473564278,8,41984.0199999998,"D (partida 0,10 / 2R)"
MNQ,london,2025-11-21,D,0.1,2.0,1,2025-11-21 09:05:00+00:00,2025-11-21 09:05:00+00:00,2025-11-21 09:05:00+00:00,24190.25,24179.75,24211.25,24211.25,objetivo,4,10.5,90.96,170.0,4.96,2.0,163.04,1.9409523809523808,False,0.38885715723600095,9,41893.2799999998,"D (partida 0,10 / 2R)"
MNQ,london,2025-11-24,D,0.1,2.0,-1,2025-11-24 09:35:00+00:00,2025-11-24 09:35:00+00:00,2025-11-24 09:35:00+00:00,24400.75,24430.25,24341.75,24430.5,stop,1,29.5,60.74,-58.5,1.24,1.0,-60.74,-1.029491525423729,False,-1.4047027905132297,9,42056.3199999998,"D (partida 0,10 / 2R)"
MNQ,london,2025-11-26,D,0.1,2.0,-1,2025-11-26 09:10:00+00:00,2025-11-26 09:10:00+00:00,2025-11-26 09:10:00+00:00,25157.75,25170.5,25132.25,25170.75,stop,3,12.75,81.72,-75.0,3.7199999999999998,3.0,-81.72,-1.068235294117647,False,-0.7929596665910591,9,41995.579999999805,"D (partida 0,10 / 2R)"
MNQ,london,2025-12-02,D,0.1,2.0,1,2025-12-02 09:00:00+00:00,2025-12-02 09:00:00+00:00,2025-12-02 09:25:00+00:00,25420.75,25407.25,25447.75,25447.75,objetivo,3,13.5,86.22,163.5,3.7199999999999998,1.5,158.28,1.954074074074074,False,1.8409617166324619,8,41913.859999999804,"D (partida 0,10 / 2R)"
MNQ,london,2025-12-04,D,0.1,2.0,1,2025-12-04 09:40:00+00:00,2025-12-04 09:40:00+00:00,2025-12-04 10:35:00+00:00,25677.75,25662.5,25708.25,25662.25,stop,3,15.25,96.71999999999998,-90.0,3.7199999999999998,3.0,-96.72,-1.0570491803278688,False,0.2808023837050084,9,42072.1399999998,"D (partida 0,10 / 2R)"
MNQ,london,2025-12-08,D,0.1,2.0,-1,2025-12-08 08:50:00+00:00,2025-12-08 08:50:00+00:00,2025-12-08 09:05:00+00:00,25774.75,25782.75,25758.75,25783.0,stop,5,8.0,88.69999999999999,-77.5,6.2,5.0,-88.7,-1.1087500000000001,False,-0.5714905105232352,8,41975.4199999998,"D (partida 0,10 / 2R)"
MNQ,london,2025-12-09,D,0.1,2.0,-1,2025-12-09 09:30:00+00:00,2025-12-09 09:30:00+00:00,2025-12-09 09:30:00+00:00,25666.0,25670.5,25657.0,25670.75,stop,9,4.5,96.66,-76.5,11.16,9.0,-96.66,-1.1933333333333334,False,-0.6396339017542498,9,41886.719999999805,"D (partida 0,10 / 2R)"
MNQ,london,2025-12-10,D,0.1,2.0,-1,2025-12-10 10:30:00+00:00,2025-12-10 10:30:00+00:00,2025-12-10 11:00:00+00:00,25632.0,25678.0,25540.0,25651.0,cierre_sesion,1,46.0,93.74,-37.0,1.24,1.0,-39.24,-0.4265217391304348,False,-1.010340572683759,10,41790.0599999998,"D (partida 0,10 / 2R)"
MNQ,london,2025-12-11,D,0.1,2.0,1,2025-12-11 09:15:00+00:00,2025-12-11 09:15:00+00:00,2025-12-11 09:50:00+00:00,25570.25,25552.25,25606.25,25606.25,objetivo,2,18.0,75.48,145.0,2.48,1.0,141.52,1.9655555555555557,False,0.8474367214616846,9,41750.8199999998,"D (partida 0,10 / 2R)"
MNQ,london,2025-12-15,D,0.1,2.0,1,2025-12-15 08:45:00+00:00,2025-12-15 08:45:00+00:00,2025-12-15 09:25:00+00:00,25286.75,25270.75,25318.75,25318.75,objetivo,3,16.0,101.22,193.5,3.7199999999999998,1.5,188.28,1.96125,False,0.8400950107113926,8,41892.3399999998,"D (partida 0,10 / 2R)"
MNQ,london,2025-12-26,D,0.1,2.0,1,2025-12-26 10:10:00+00:00,2025-12-26 10:10:00+00:00,2025-12-26 11:00:00+00:00,25883.25,25875.25,25899.25,25884.0,cierre_sesion,5,8.0,88.69999999999999,12.5,6.2,5.0,1.2999999999999998,0.016249999999999997,False,0.9481210615693783,10,42080.6199999998,"D (partida 0,10 / 2R)"
MNQ,london,2025-12-30,D,0.1,2.0,1,2025-12-30 09:00:00+00:00,2025-12-30 09:00:00+00:00,2025-12-30 09:00:00+00:00,25739.75,25735.5,25748.25,25735.25,stop,10,4.25,102.4,-80.0,12.4,10.0,-102.4,-1.2047058823529413,False,0.7133302181923081,8,42081.9199999998,"D (partida 0,10 / 2R)"
MNQ,london,2026-01-09,D,0.1,2.0,-1,2026-01-09 09:10:00+00:00,2026-01-09 09:10:00+00:00,2026-01-09 09:15:00+00:00,25666.75,25675.5,25649.25,25675.75,stop,5,8.75,96.19999999999999,-85.0,6.2,5.0,-96.2,-1.0994285714285714,False,-0.38130707296167127,9,41979.5199999998,"D (partida 0,10 / 2R)"
MNQ,london,2026-01-13,D,0.1,2.0,-1,2026-01-13 10:15:00+00:00,2026-01-13 10:15:00+00:00,2026-01-13 11:00:00+00:00,25878.5,25898.75,25838.0,25878.75,cierre_sesion,2,20.25,84.48,1.0,2.48,2.0,-3.48,-0.04296296296296296,False,-0.2935259181040807,10,41883.3199999998,"D (partida 0,10 / 2R)"
MNQ,london,2026-01-21,D,0.1,2.0,-1,2026-01-21 09:25:00+00:00,2026-01-21 09:25:00+00:00,2026-01-21 09:55:00+00:00,25188.0,25211.0,25142.0,25142.0,objetivo,2,23.0,95.48,185.0,2.48,1.0,181.52,1.9730434782608697,False,-0.19607755276430766,9,41879.8399999998,"D (partida 0,10 / 2R)"
MNQ,london,2026-01-26,D,0.1,2.0,-1,2026-01-26 09:50:00+00:00,2026-01-26 09:50:00+00:00,2026-01-26 10:00:00+00:00,25598.0,25624.75,25544.5,25625.0,stop,1,26.75,55.24,-53.0,1.24,1.0,-55.24,-1.0325233644859813,False,-1.8594215164240924,9,42061.3599999998,"D (partida 0,10 / 2R)"
MNQ,london,2026-01-27,D,0.1,2.0,-1,2026-01-27 08:55:00+00:00,2026-01-27 08:55:00+00:00,2026-01-27 09:05:00+00:00,25983.0,25990.0,25969.0,25990.25,stop,6,7.0,94.44,-81.0,7.4399999999999995,6.0,-94.44,-1.1242857142857143,False,-0.6153642490163093,8,42006.1199999998,"D (partida 0,10 / 2R)"
MNQ,london,2026-01-29,D,0.1,2.0,-1,2026-01-29 10:10:00+00:00,2026-01-29 10:10:00+00:00,2026-01-29 10:10:00+00:00,26210.75,26215.75,26200.75,26216.0,stop,8,5.0,93.92,-76.0,9.92,8.0,-93.92,-1.174,True,-0.5477655050979551,10,41911.6799999998,"D (partida 0,10 / 2R)"
MNQ,london,2026-02-03,D,0.1,2.0,-1,2026-02-03 09:35:00+00:00,2026-02-03 09:35:00+00:00,2026-02-03 09:35:00+00:00,25973.75,25979.25,25962.75,25962.75,objetivo,8,5.5,101.92,180.0,9.92,4.0,166.08,1.8872727272727274,False,-0.41938088502261966,9,41817.7599999998,"D (partida 0,10 / 2R)"
MNQ,london,2026-02-04,D,0.1,2.0,-1,2026-02-04 09:00:00+00:00,2026-02-04 09:00:00+00:00,2026-02-04 09:00:00+00:00,25427.5,25434.75,25413.0,25435.0,stop,6,7.25,97.44000000000001,-84.0,7.4399999999999995,6.0,-97.44,-1.1199999999999999,False,-0.6416903999456864,8,41983.8399999998,"D (partida 0,10 / 2R)"
MNQ,london,2026-02-05,D,0.1,2.0,-1,2026-02-05 09:20:00+00:00,2026-02-05 09:20:00+00:00,2026-02-05 09:20:00+00:00,25001.75,25014.0,24977.25,25014.25,stop,3,12.25,78.72,-72.0,3.7199999999999998,3.0,-78.72,-1.0710204081632653,False,-1.1924965751513237,9,41886.3999999998,"D (partida 0,10 / 2R)"
MNQ,london,2026-02-13,D,0.1,2.0,1,2026-02-13 08:55:00+00:00,2026-02-13 08:55:00+00:00,2026-02-13 09:00:00+00:00,24776.75,24764.0,24802.25,24763.75,stop,3,12.75,81.72,-75.0,3.7199999999999998,3.0,-81.72,-1.068235294117647,False,0.3059724453741215,8,41807.6799999998,"D (partida 0,10 / 2R)"
MNQ,london,2026-02-24,D,0.1,2.0,1,2026-02-24 10:20:00+00:00,2026-02-24 10:20:00+00:00,2026-02-24 10:30:00+00:00,24846.0,24834.25,24869.5,24834.0,stop,4,11.75,100.96,-92.0,4.96,4.0,-100.96,-1.0740425531914892,False,0.37503272803193277,10,41725.959999999795,"D (partida 0,10 / 2R)"
MNQ,london,2026-02-27,D,0.1,2.0,-1,2026-02-27 10:05:00+00:00,2026-02-27 10:05:00+00:00,2026-02-27 10:30:00+00:00,24992.75,25033.0,24912.25,25033.25,stop,1,40.25,82.24,-80.0,1.24,1.0,-82.24,-1.0216149068322982,False,-0.5647189693328153,10,41624.999999999796,"D (partida 0,10 / 2R)"
MNQ,london,2026-03-02,D,0.1,2.0,1,2026-03-02 10:30:00+00:00,2026-03-02 10:30:00+00:00,2026-03-02 11:00:00+00:00,24657.5,24637.75,24697.0,24657.5,cierre_sesion,2,19.75,82.48,2.0,2.48,2.0,-2.48,-0.03139240506329114,False,0.5364997101568781,10,41542.7599999998,"D (partida 0,10 / 2R)"
MNQ,london,2026-03-05,D,0.1,2.0,1,2026-03-05 09:15:00+00:00,2026-03-05 09:15:00+00:00,2026-03-05 09:15:00+00:00,25186.0,25158.5,25241.0,25158.25,stop,1,27.5,56.74,-54.5,1.24,1.0,-56.74,-1.0316363636363637,False,1.5962581217844798,9,41540.279999999795,"D (partida 0,10 / 2R)"
MNQ,london,2026-03-13,D,0.1,2.0,1,2026-03-13 10:00:00+00:00,2026-03-13 10:00:00+00:00,2026-03-13 10:00:00+00:00,24532.0,24528.25,24539.5,24528.0,stop,11,3.75,101.64,-77.0,13.64,11.0,-101.64,-1.232,True,0.3150000271681399,9,41483.5399999998,"D (partida 0,10 / 2R)"
MNQ,london,2026-03-16,D,0.1,2.0,-1,2026-03-16 08:45:00+00:00,2026-03-16 08:45:00+00:00,2026-03-16 08:50:00+00:00,24505.75,24525.75,24465.75,24526.0,stop,2,20.0,83.48,-79.0,2.48,2.0,-83.48,-1.0435,False,-0.5013916742190657,8,41381.8999999998,"D (partida 0,10 / 2R)"
MNQ,london,2026-03-16,D,0.1,2.0,1,2026-03-16 10:30:00+00:00,2026-03-16 10:30:00+00:00,2026-03-16 10:35:00+00:00,24573.25,24554.75,24610.25,24554.5,stop,2,18.5,77.48,-73.0,2.48,2.0,-77.48,-1.047027027027027,False,0.17648084250975174,10,41298.419999999795,"D (partida 0,10 / 2R)"
MNQ,london,2026-03-17,D,0.1,2.0,1,2026-03-17 09:30:00+00:00,2026-03-17 09:30:00+00:00,2026-03-17 10:15:00+00:00,24628.0,24593.25,24697.5,24593.0,stop,1,34.75,71.24,-69.0,1.24,1.0,-71.24,-1.0250359712230215,False,0.5686076107594621,9,41220.93999999979,"D (partida 0,10 / 2R)"
MNQ,london,2026-03-19,D,0.1,2.0,1,2026-03-19 10:30:00+00:00,2026-03-19 10:30:00+00:00,2026-03-19 10:40:00+00:00,24398.5,24377.75,24440.0,24375.75,stop_hueco,2,20.75,86.48,-89.0,2.48,2.0,-93.48,-1.1262650602409638,False,0.16328872335534753,10,41149.69999999979,"D (partida 0,10 / 2R)"
MNQ,london,2026-03-31,D,0.1,2.0,1,2026-03-31 08:45:00+01:00,2026-03-31 08:45:00+01:00,2026-03-31 09:40:00+01:00,23339.25,23312.5,23392.75,23312.25,stop,1,26.75,55.24,-53.0,1.24,1.0,-55.24,-1.0325233644859813,False,0.2002555655479474,8,41056.21999999979,"D (partida 0,10 / 2R)"
MNQ,london,2026-04-01,D,0.1,2.0,-1,2026-04-01 10:20:00+01:00,2026-04-01 10:20:00+01:00,2026-04-01 10:30:00+01:00,24025.5,24044.5,23987.5,24044.75,stop,2,19.0,79.48,-75.0,2.48,2.0,-79.48,-1.0457894736842106,False,-0.4311537297689678,10,41000.97999999979,"D (partida 0,10 / 2R)"
MNQ,london,2026-04-07,D,0.1,2.0,1,2026-04-07 09:05:00+01:00,2026-04-07 09:05:00+01:00,2026-04-07 09:15:00+01:00,24274.0,24246.5,24329.0,24329.0,objetivo,1,27.5,56.74,110.5,1.24,0.5,108.76,1.9774545454545456,False,1.0751622943455523,9,40921.49999999979,"D (partida 0,10 / 2R)"
MNQ,london,2026-04-15,D,0.1,2.0,1,2026-04-15 09:15:00+01:00,2026-04-15 09:15:00+01:00,2026-04-15 09:15:00+01:00,26011.25,26001.25,26031.25,26001.0,stop,4,10.0,86.96,-78.0,4.96,4.0,-86.96,-1.087,False,0.4410318181356945,9,41030.25999999979,"D (partida 0,10 / 2R)"
MNQ,london,2026-04-16,D,0.1,2.0,-1,2026-04-16 09:30:00+01:00,2026-04-16 09:30:00+01:00,2026-04-16 09:30:00+01:00,26428.5,26433.0,26419.5,26419.5,objetivo,9,4.5,96.66,166.5,11.16,4.5,150.84,1.8622222222222222,False,-1.3263163623787226,9,40943.29999999979,"D (partida 0,10 / 2R)"
MNQ,london,2026-04-20,D,0.1,2.0,-1,2026-04-20 09:05:00+01:00,2026-04-20 09:05:00+01:00,2026-04-20 09:25:00+01:00,26641.0,26673.0,26577.0,26673.25,stop,1,32.0,65.74,-63.5,1.24,1.0,-65.74,-1.0271875,False,-0.5036693997096318,9,41094.13999999979,"D (partida 0,10 / 2R)"
MNQ,london,2026-04-21,D,0.1,2.0,-1,2026-04-21 09:00:00+01:00,2026-04-21 09:00:00+01:00,2026-04-21 09:25:00+01:00,26813.0,26822.75,26793.5,26823.0,stop,4,9.75,84.96,-76.0,4.96,4.0,-84.96,-1.0892307692307692,False,-0.13363657580571575,8,41028.39999999979,"D (partida 0,10 / 2R)"
MNQ,london,2026-04-21,D,0.1,2.0,1,2026-04-21 09:50:00+01:00,2026-04-21 09:50:00+01:00,2026-04-21 09:50:00+01:00,26850.25,26845.0,26860.75,26844.75,stop,8,5.25,97.92,-80.0,9.92,8.0,-97.92,-1.1657142857142857,False,0.32898597766677234,9,40943.43999999979,"D (partida 0,10 / 2R)"
MNQ,london,2026-04-22,D,0.1,2.0,-1,2026-04-22 09:45:00+01:00,2026-04-22 09:45:00+01:00,2026-04-22 09:45:00+01:00,26803.5,26808.75,26793.0,26793.0,objetivo,8,5.25,97.92,172.0,9.92,4.0,158.08,1.881904761904762,False,-0.9673258974286528,9,40845.51999999979,"D (partida 0,10 / 2R)"
MNQ,london,2026-04-23,D,0.1,2.0,-1,2026-04-23 09:45:00+01:00,2026-04-23 09:45:00+01:00,2026-04-23 10:30:00+01:00,26931.5,26953.0,26888.5,26953.25,stop,2,21.5,89.48,-85.0,2.48,2.0,-89.48,-1.04046511627907,False,-0.3778015033182089,9,41003.599999999795,"D (partida 0,10 / 2R)"
MNQ,london,2026-04-30,D,0.1,2.0,1,2026-04-30 09:05:00+01:00,2026-04-30 09:05:00+01:00,2026-04-30 09:05:00+01:00,27371.5,27348.25,27418.0,27348.0,stop,2,23.25,96.48,-92.0,2.48,2.0,-96.48,-1.0374193548387096,False,0.4368623293209899,9,40914.11999999979,"D (partida 0,10 / 2R)"
MNQ,london,2026-05-04,D,0.1,2.0,-1,2026-05-04 09:05:00+01:00,2026-05-04 09:05:00+01:00,2026-05-04 10:10:00+01:00,27883.0,27914.5,27820.0,27914.75,stop,1,31.5,64.74,-62.5,1.24,1.0,-64.74,-1.0276190476190474,False,-0.10060932616819407,9,40817.63999999979,"D (partida 0,10 / 2R)"
MNQ,london,2026-05-19,D,0.1,2.0,-1,2026-05-19 10:20:00+01:00,2026-05-19 10:20:00+01:00,2026-05-19 10:30:00+01:00,28938.5,28974.5,28866.5,28866.5,objetivo,1,36.0,73.74,144.5,1.24,0.5,142.76,1.9827777777777778,False,-0.4230187889777221,10,40752.89999999979,"D (partida 0,10 / 2R)"
MNQ,london,2026-05-21,D,0.1,2.0,1,2026-05-21 09:25:00+01:00,2026-05-21 09:25:00+01:00,2026-05-21 09:25:00+01:00,29387.0,29373.25,29414.5,29414.5,objetivo,3,13.75,87.72,166.5,3.7199999999999998,1.5,161.28,1.954909090909091,False,1.6878064137947828,9,40895.65999999979,"D (partida 0,10 / 2R)"
MNQ,london,2026-05-22,D,0.1,2.0,1,2026-05-22 08:55:00+01:00,2026-05-22 08:55:00+01:00,2026-05-22 08:55:00+01:00,29569.0,29564.75,29577.5,29564.5,stop,10,4.25,102.4,-80.0,12.4,10.0,-102.4,-1.2047058823529413,True,0.1341611555599689,8,41056.93999999979,"D (partida 0,10 / 2R)"
MNQ,london,2026-05-22,D,0.1,2.0,-1,2026-05-22 10:20:00+01:00,2026-05-22 10:20:00+01:00,2026-05-22 10:20:00+01:00,29519.75,29524.25,29510.75,29524.5,stop,9,4.5,96.66,-76.5,11.16,9.0,-96.66,-1.1933333333333334,False,-0.43780593527302636,10,40954.53999999979,"D (partida 0,10 / 2R)"
MNQ,london,2026-05-26,D,0.1,2.0,1,2026-05-26 10:30:00+01:00,2026-05-26 10:30:00+01:00,2026-05-26 11:00:00+01:00,29839.75,29815.0,29889.25,29848.0,cierre_sesion,1,24.75,51.24,17.5,1.24,1.0,15.26,0.30828282828282827,False,0.3660572644520187,10,40857.87999999979,"D (partida 0,10 / 2R)"
MNQ,london,2026-05-27,D,0.1,2.0,1,2026-05-27 08:35:00+01:00,2026-05-27 08:35:00+01:00,2026-05-27 08:40:00+01:00,30134.25,30116.5,30169.75,30116.25,stop,2,17.75,74.48,-70.0,2.48,2.0,-74.48,-1.0490140845070424,False,1.1216089900823185,8,40873.13999999979,"D (partida 0,10 / 2R)"
MNQ,london,2026-06-01,D,0.1,2.0,-1,2026-06-01 08:40:00+01:00,2026-06-01 08:40:00+01:00,2026-06-01 09:25:00+01:00,30507.5,30530.25,30462.0,30462.0,objetivo,2,22.75,94.48,183.0,2.48,1.0,179.52,1.972747252747253,False,-2.1174864011468197,8,40798.659999999785,"D (partida 0,10 / 2R)"
MNQ,london,2026-06-04,D,0.1,2.0,-1,2026-06-04 09:20:00+01:00,2026-06-04 09:20:00+01:00,2026-06-04 09:25:00+01:00,30397.75,30424.25,30344.75,30344.75,objetivo,1,26.5,54.74,106.5,1.24,0.5,104.76,1.9766037735849058,False,-1.5794075257636249,9,40978.17999999978,"D (partida 0,10 / 2R)"
MNQ,london,2026-06-12,D,0.1,2.0,1,2026-06-12 09:40:00+01:00,2026-06-12 09:40:00+01:00,2026-06-12 09:40:00+01:00,29480.75,29469.75,29502.75,29469.5,stop,4,11.0,94.96,-86.0,4.96,4.0,-94.96,-1.079090909090909,False,1.1036631702745536,9,41082.939999999784,"D (partida 0,10 / 2R)"
MNQ,london,2026-06-17,D,0.1,2.0,-1,2026-06-17 10:35:00+01:00,2026-06-17 10:35:00+01:00,2026-06-17 10:50:00+01:00,30184.75,30205.5,30143.25,30143.25,objetivo,2,20.75,86.48,167.0,2.48,1.0,163.52,1.970120481927711,False,-0.14820397945116487,10,40987.979999999785,"D (partida 0,10 / 2R)"
MNQ,london,2026-06-26,D,0.1,2.0,-1,2026-06-26 10:25:00+01:00,2026-06-26 10:25:00+01:00,2026-06-26 10:35:00+01:00,29356.75,29386.25,29297.75,29386.5,stop,1,29.5,60.74,-58.5,1.24,1.0,-60.74,-1.029491525423729,False,-0.635712562776798,10,41151.49999999978,"D (partida 0,10 / 2R)"
MNQ,london,2026-06-30,D,0.1,2.0,-1,2026-06-30 08:55:00+01:00,2026-06-30 08:55:00+01:00,2026-06-30 09:00:00+01:00,30088.5,30096.75,30072.0,30097.0,stop,5,8.25,91.19999999999999,-80.0,6.2,5.0,-91.2,-1.1054545454545455,True,-0.5527985720538366,8,41090.759999999784,"D (partida 0,10 / 2R)"
MNQ,london,2026-07-07,D,0.1,2.0,-1,2026-07-07 08:55:00+01:00,2026-07-07 08:55:00+01:00,2026-07-07 09:10:00+01:00,29670.0,29691.25,29627.5,29691.5,stop,2,21.25,88.48,-84.0,2.48,2.0,-88.48,-1.0409411764705883,False,-0.2560000150543234,8,40999.55999999979,"D (partida 0,10 / 2R)"
MNQ,london,2026-07-13,D,0.1,2.0,1,2026-07-13 09:30:00+01:00,2026-07-13 09:30:00+01:00,2026-07-13 09:30:00+01:00,29728.25,29719.0,29746.75,29718.75,stop,5,9.25,101.19999999999999,-90.0,6.2,5.0,-101.2,-1.094054054054054,False,0.7349785580450852,9,40911.07999999978,"D (partida 0,10 / 2R)"
MNQ,london,2026-07-20,D,0.1,2.0,1,2026-07-20 08:45:00+01:00,2026-07-20 08:45:00+01:00,2026-07-20 08:45:00+01:00,28905.75,28890.5,28936.25,28890.25,stop,3,15.25,96.71999999999998,-90.0,3.7199999999999998,3.0,-96.72,-1.0570491803278688,False,1.346720674666015,8,40809.87999999979,"D (partida 0,10 / 2R)"
MNQ,london,2026-07-28,D,0.1,2.0,1,2026-07-28 09:40:00+01:00,2026-07-28 09:40:00+01:00,2026-07-28 10:10:00+01:00,28014.0,27984.0,28074.0,27983.75,stop,1,30.0,61.74,-59.5,1.24,1.0,-61.74,-1.0290000000000001,False,0.29330426389380265,9,40713.159999999785,"D (partida 0,10 / 2R)"
MNQ,london,2026-07-30,D,0.1,2.0,1,2026-07-30 10:15:00+01:00,2026-07-30 10:15:00+01:00,2026-07-30 11:00:00+01:00,27537.0,27496.5,27618.0,27515.25,cierre_sesion,1,40.5,82.74,-42.5,1.24,1.0,-44.74,-0.5523456790123457,False,0.20339099774175576,10,40651.41999999979,"D (partida 0,10 / 2R)"
MNQ,london,2026-08-05,D,0.1,2.0,-1,2026-08-05 09:15:00+01:00,2026-08-05 09:15:00+01:00,2026-08-05 09:30:00+01:00,29864.75,29891.0,29812.25,29812.25,objetivo,1,26.25,54.24,105.5,1.24,0.5,103.76,1.9763809523809526,False,-0.6751727457470881,9,40606.67999999979,"D (partida 0,10 / 2R)"
MNQ,london,2026-08-20,D,0.1,2.0,-1,2026-08-20 08:55:00+01:00,2026-08-20 08:55:00+01:00,2026-08-20 09:00:00+01:00,29610.0,29632.75,29564.5,29564.5,objetivo,2,22.75,94.48,183.0,2.48,1.0,179.52,1.972747252747253,False,-0.5622668759401374,8,40710.43999999979,"D (partida 0,10 / 2R)"
MNQ,london,2026-08-26,D,0.1,2.0,-1,2026-08-26 08:35:00+01:00,2026-08-26 08:35:00+01:00,2026-08-26 08:35:00+01:00,29194.0,29205.75,29170.5,29206.0,stop,4,11.75,100.96,-92.0,4.96,4.0,-100.96,-1.0740425531914892,False,-1.1634121679081981,8,40889.95999999979,"D (partida 0,10 / 2R)"
MNQ,london,2026-09-01,D,0.1,2.0,-1,2026-09-01 09:00:00+01:00,2026-09-01 09:00:00+01:00,2026-09-01 09:05:00+01:00,29436.0,29459.0,29390.0,29390.0,objetivo,2,23.0,95.48,185.0,2.48,1.0,181.52,1.9730434782608697,False,-1.6930746219880817,8,40788.99999999979,"D (partida 0,10 / 2R)"
MNQ,london,2026-09-02,D,0.1,2.0,-1,2026-09-02 09:25:00+01:00,2026-09-02 09:25:00+01:00,2026-09-02 09:30:00+01:00,29045.75,29062.5,29012.25,29062.75,stop,2,16.75,70.48,-66.0,2.48,2.0,-70.48,-1.0519402985074628,False,-0.2909707579465373,9,40970.519999999786,"D (partida 0,10 / 2R)"
MNQ,london,2026-09-30,D,0.1,2.0,1,2026-09-30 08:35:00+01:00,2026-09-30 08:35:00+01:00,2026-09-30 08:40:00+01:00,30665.75,30652.25,30692.75,30692.75,objetivo,3,13.5,86.22,163.5,3.7199999999999998,1.5,158.28,1.954074074074074,False,1.4324218353726814,8,40900.03999999978,"D (partida 0,10 / 2R)"
MNQ,london,2026-09-30,D,0.1,2.0,-1,2026-09-30 10:30:00+01:00,2026-09-30 10:30:00+01:00,2026-09-30 10:30:00+01:00,30615.5,30622.25,30602.0,30622.5,stop,6,6.75,91.44,-78.0,7.4399999999999995,6.0,-91.44,-1.1288888888888888,False,-0.384497854275143,10,41058.31999999978,"D (partida 0,10 / 2R)"
MNQ,london,2026-10-01,D,0.1,2.0,-1,2026-10-01 08:40:00+01:00,2026-10-01 08:40:00+01:00,2026-10-01 08:50:00+01:00,30842.25,30880.0,30766.75,30880.25,stop,1,37.75,77.24,-75.0,1.24,1.0,-77.24,-1.023046357615894,False,-2.978760635854867,8,40966.87999999978,"D (partida 0,10 / 2R)"
MNQ,london,2018-02-07,E,0.1,2.0,1,2018-02-07 09:00:00+00:00,2018-02-07 09:00:00+00:00,2018-02-07 09:00:00+00:00,6600.25,6593.25,6614.25,6593.0,stop,7,7.0,110.18,-94.5,8.68,7.0,-110.18,-1.1242857142857143,False,0.41011974695395664,8,50000.0,"E (partida 0,10 / 2R)"
MNQ,london,2018-02-12,E,0.1,2.0,1,2018-02-12 08:40:00+00:00,2018-02-12 08:40:00+00:00,2018-02-12 08:40:00+00:00,6448.25,6444.25,6456.25,6456.25,objetivo,12,4.0,116.88,198.0,14.879999999999999,6.0,177.12,1.845,False,0.6821031636461768,8,49889.82,"E (partida 0,10 / 2R)"
MNQ,london,2018-02-22,E,0.1,2.0,-1,2018-02-22 09:20:00+00:00,2018-02-22 09:20:00+00:00,2018-02-22 09:20:00+00:00,6724.25,6727.75,6717.25,6728.0,stop,14,3.5,122.36,-91.0,17.36,14.0,-122.36,-1.2485714285714287,False,-0.664909503840557,9,50066.94,"E (partida 0,10 / 2R)"
MNQ,london,2018-03-01,E,0.1,2.0,-1,2018-03-01 09:30:00+00:00,2018-03-01 09:30:00+00:00,2018-03-01 09:35:00+00:00,6881.25,6885.0,6873.75,6873.75,objetivo,13,3.75,120.12,201.5,16.12,6.5,178.88,1.8346666666666667,False,-0.4972371461265737,9,49944.58,"E (partida 0,10 / 2R)"
MNQ,london,2018-03-29,E,0.1,2.0,-1,2018-03-29 09:30:00+01:00,2018-03-29 09:30:00+01:00,2018-03-29 09:35:00+01:00,6498.75,6505.0,6486.25,6505.25,stop,8,6.25,113.92,-96.0,9.92,8.0,-113.92,-1.1392,False,-0.20973821049211125,9,50123.46,"E (partida 0,10 / 2R)"
MNQ,london,2018-04-02,E,0.1,2.0,1,2018-04-02 10:15:00+01:00,2018-04-02 10:15:00+01:00,2018-04-02 11:00:00+01:00,6553.75,6548.25,6564.75,6555.25,cierre_sesion,9,5.5,114.66,36.0,11.16,9.0,15.84,0.16,False,0.0952509518030203,10,50009.54,"E (partida 0,10 / 2R)"
MNQ,london,2018-05-11,E,0.1,2.0,1,2018-05-11 09:30:00+01:00,2018-05-11 09:30:00+01:00,2018-05-11 11:00:00+01:00,6962.25,6958.5,6969.75,6963.5,cierre_sesion,13,3.75,120.12,45.5,16.12,13.0,16.38,0.16799999999999998,False,0.1754834382095922,9,50025.38,"E (partida 0,10 / 2R)"
MNQ,london,2018-06-28,E,0.1,2.0,-1,2018-06-28 10:05:00+01:00,2018-06-28 10:05:00+01:00,2018-06-28 10:35:00+01:00,7015.5,7021.0,7004.5,7004.5,objetivo,9,5.5,114.66,202.5,11.16,4.5,186.84,1.8872727272727272,False,-0.2386514366839287,10,50041.759999999995,"E (partida 0,10 / 2R)"
MNQ,london,2018-08-14,E,0.1,2.0,-1,2018-08-14 09:50:00+01:00,2018-08-14 09:50:00+01:00,2018-08-14 10:10:00+01:00,7448.75,7455.0,7436.25,7455.25,stop,8,6.25,113.92,-96.0,9.92,8.0,-113.92,-1.1392,False,-0.3413174783835088,9,50228.59999999999,"E (partida 0,10 / 2R)"
MNQ,london,2018-10-02,E,0.1,2.0,1,2018-10-02 09:15:00+01:00,2018-10-02 09:15:00+01:00,2018-10-02 09:20:00+01:00,7658.5,7654.0,7667.5,7653.75,stop,11,4.5,118.14,-93.5,13.64,11.0,-118.14,-1.1933333333333334,False,0.5717861407150885,9,50114.67999999999,"E (partida 0,10 / 2R)"
MNQ,london,2018-10-11,E,0.1,2.0,-1,2018-10-11 09:25:00+01:00,2018-10-11 09:25:00+01:00,2018-10-11 09:25:00+01:00,6992.25,7000.5,6975.75,7000.75,stop,6,8.25,109.44,-96.0,7.4399999999999995,6.0,-109.44,-1.1054545454545455,False,-0.6041287582947978,9,49996.53999999999,"E (partida 0,10 / 2R)"
MNQ,london,2018-10-12,E,0.1,2.0,-1,2018-10-12 09:20:00+01:00,2018-10-12 09:20:00+01:00,2018-10-12 10:45:00+01:00,7132.5,7146.5,7104.5,7146.75,stop,4,14.0,118.96,-110.0,4.96,4.0,-118.96,-1.062142857142857,False,-0.46739864777414014,9,49887.09999999999,"E (partida 0,10 / 2R)"
MNQ,london,2018-12-20,E,0.1,2.0,1,2018-12-20 09:00:00+00:00,2018-12-20 09:00:00+00:00,2018-12-20 09:00:00+00:00,6310.25,6302.25,6326.25,6302.0,stop,7,8.0,124.17999999999999,-108.5,8.68,7.0,-124.18,-1.1087500000000001,False,0.2737878390209923,8,49768.13999999999,"E (partida 0,10 / 2R)"
MNQ,london,2019-02-01,E,0.1,2.0,-1,2019-02-01 09:15:00+00:00,2019-02-01 09:15:00+00:00,2019-02-01 11:00:00+00:00,6888.0,6894.0,6876.0,6885.25,cierre_sesion,9,6.0,123.66,58.5,11.16,9.0,38.34,0.35500000000000004,False,-0.499228080983445,9,49643.95999999999,"E (partida 0,10 / 2R)"
MNQ,london,2019-02-07,E,0.1,2.0,1,2019-02-07 08:55:00+00:00,2019-02-07 08:55:00+00:00,2019-02-07 10:10:00+00:00,6977.25,6973.0,6985.75,6972.75,stop,12,4.25,122.88,-96.0,14.879999999999999,12.0,-122.88,-1.204705882352941,False,0.2653082210062553,8,49682.29999999999,"E (partida 0,10 / 2R)"
MNQ,london,2019-05-06,E,0.1,2.0,-1,2019-05-06 09:25:00+01:00,2019-05-06 09:25:00+01:00,2019-05-06 09:35:00+01:00,7698.25,7702.75,7689.25,7689.25,objetivo,11,4.5,118.14,203.5,13.64,5.5,184.36,1.8622222222222224,False,-0.13427175393472068,9,49559.41999999999,"E (partida 0,10 / 2R)"
MNQ,london,2019-05-08,E,0.1,2.0,-1,2019-05-08 10:20:00+01:00,2019-05-08 10:20:00+01:00,2019-05-08 10:25:00+01:00,7673.0,7678.0,7663.0,7663.0,objetivo,10,5.0,117.4,205.0,12.4,5.0,187.6,1.876,False,-0.46906508995494794,10,49743.77999999999,"E (partida 0,10 / 2R)"
MNQ,london,2019-05-10,E,0.1,2.0,-1,2019-05-10 09:55:00+01:00,2019-05-10 09:55:00+01:00,2019-05-10 09:55:00+01:00,7577.75,7582.5,7568.25,7582.75,stop,11,4.75,123.64,-99.0,13.64,11.0,-123.64,-1.1831578947368422,False,-0.06393143134443269,9,49931.37999999999,"E (partida 0,10 / 2R)"
MNQ,london,2019-07-19,E,0.1,2.0,1,2019-07-19 08:50:00+01:00,2019-07-19 08:50:00+01:00,2019-07-19 10:25:00+01:00,7967.25,7961.5,7978.75,7961.25,stop,9,5.75,119.16,-99.0,11.16,9.0,-119.16,-1.151304347826087,False,0.5557619236753999,8,49807.73999999999,"E (partida 0,10 / 2R)"
MNQ,london,2019-08-08,E,0.1,2.0,1,2019-08-08 10:15:00+01:00,2019-08-08 10:15:00+01:00,2019-08-08 10:25:00+01:00,7592.5,7585.5,7606.5,7585.25,stop,7,7.0,110.18,-94.5,8.68,7.0,-110.18,-1.1242857142857143,False,0.1600955777463853,10,49688.57999999999,"E (partida 0,10 / 2R)"
MNQ,london,2019-09-13,E,0.1,2.0,-1,2019-09-13 09:45:00+01:00,2019-09-13 09:45:00+01:00,2019-09-13 10:25:00+01:00,7935.75,7943.5,7920.25,7943.75,stop,7,7.75,120.67999999999999,-105.0,8.68,7.0,-120.68,-1.112258064516129,False,-0.1641541267237428,9,49578.39999999999,"E (partida 0,10 / 2R)"
MNQ,london,2019-09-30,E,0.1,2.0,1,2019-09-30 09:20:00+01:00,2019-09-30 09:20:00+01:00,2019-09-30 09:25:00+01:00,7743.0,7739.25,7750.5,7739.0,stop,13,3.75,120.12,-91.0,16.12,13.0,-120.12,-1.232,False,0.6436907923455334,9,49457.71999999999,"E (partida 0,10 / 2R)"
MNQ,london,2019-10-15,E,0.1,2.0,-1,2019-10-15 09:25:00+01:00,2019-10-15 09:25:00+01:00,2019-10-15 09:30:00+01:00,7894.0,7898.5,7885.0,7898.75,stop,11,4.5,118.14,-93.5,13.64,11.0,-118.14,-1.1933333333333334,False,-0.4615575079707205,9,49337.599999999984,"E (partida 0,10 / 2R)"
MNQ,london,2019-11-13,E,0.1,2.0,-1,2019-11-13 08:55:00+00:00,2019-11-13 08:55:00+00:00,2019-11-13 09:00:00+00:00,8251.25,8254.75,8244.25,8244.25,objetivo,14,3.5,122.36,203.0,17.36,7.0,178.64,1.8228571428571427,False,-0.8686220653819228,8,49219.459999999985,"E (partida 0,10 / 2R)"
MNQ,london,2019-12-09,E,0.1,2.0,-1,2019-12-09 09:10:00+00:00,2019-12-09 09:10:00+00:00,2019-12-09 09:55:00+00:00,8385.75,8391.75,8373.75,8392.0,stop,8,6.0,109.92,-92.0,9.92,8.0,-109.92,-1.145,False,-0.38391109435470877,9,49398.099999999984,"E (partida 0,10 / 2R)"
MNQ,london,2020-03-06,E,0.1,2.0,-1,2020-03-06 08:50:00+00:00,2020-03-06 08:50:00+00:00,2020-03-06 08:50:00+00:00,8558.75,8565.25,8545.75,8545.75,objetivo,8,6.5,117.92,212.0,9.92,4.0,198.08,1.9046153846153848,False,-0.7823588669871132,8,49288.179999999986,"E (partida 0,10 / 2R)"
MNQ,london,2020-03-13,E,0.1,2.0,-1,2020-03-13 08:55:00+00:00,2020-03-13 08:55:00+00:00,2020-03-13 09:05:00+00:00,7450.0,7472.75,7404.5,7404.5,objetivo,2,22.75,94.48,183.0,2.48,1.0,179.52,1.972747252747253,False,-0.5918190986298909,8,49486.25999999999,"E (partida 0,10 / 2R)"
MNQ,london,2020-04-16,E,0.1,2.0,-1,2020-04-16 10:25:00+01:00,2020-04-16 10:25:00+01:00,2020-04-16 10:40:00+01:00,8649.0,8664.0,8619.0,8664.25,stop,3,15.0,95.22,-88.5,3.7199999999999998,3.0,-95.22,-1.058,False,-0.18760069926491016,10,49665.779999999984,"E (partida 0,10 / 2R)"
MNQ,london,2020-04-24,E,0.1,2.0,-1,2020-04-24 09:35:00+01:00,2020-04-24 09:35:00+01:00,2020-04-24 09:40:00+01:00,8549.25,8555.75,8536.25,8556.0,stop,8,6.5,117.92,-100.0,9.92,8.0,-117.92,-1.133846153846154,False,-0.2444738287170792,9,49570.55999999998,"E (partida 0,10 / 2R)"
MNQ,london,2020-06-01,E,0.1,2.0,-1,2020-06-01 09:10:00+01:00,2020-06-01 09:10:00+01:00,2020-06-01 11:00:00+01:00,9528.0,9569.0,9446.0,9504.5,cierre_sesion,1,41.0,83.74,48.0,1.24,1.0,45.76,0.5580487804878048,False,-0.9736213007617807,9,49452.639999999985,"E (partida 0,10 / 2R)"
MNQ,london,2020-06-10,E,0.1,2.0,1,2020-06-10 08:45:00+01:00,2020-06-10 08:45:00+01:00,2020-06-10 09:00:00+01:00,10002.25,9998.5,10009.75,9998.25,stop,13,3.75,120.12,-91.0,16.12,13.0,-120.12,-1.232,False,0.15860210867815658,8,49498.39999999999,"E (partida 0,10 / 2R)"
MNQ,london,2020-06-15,E,0.1,2.0,1,2020-06-15 09:15:00+01:00,2020-06-15 09:15:00+01:00,2020-06-15 10:45:00+01:00,9459.75,9436.25,9506.75,9506.75,objetivo,2,23.5,97.48,189.0,2.48,1.0,185.52,1.9736170212765958,False,0.30479081916738093,9,49378.279999999984,"E (partida 0,10 / 2R)"
MNQ,london,2020-06-16,E,0.1,2.0,1,2020-06-16 08:50:00+01:00,2020-06-16 08:50:00+01:00,2020-06-16 08:50:00+01:00,9900.25,9896.25,9908.25,9896.0,stop,12,4.0,116.88,-90.0,14.879999999999999,12.0,-116.88,-1.2175,False,0.798076032138543,8,49563.79999999998,"E (partida 0,10 / 2R)"
MNQ,london,2020-06-29,E,0.1,2.0,-1,2020-06-29 09:35:00+01:00,2020-06-29 09:35:00+01:00,2020-06-29 09:35:00+01:00,9838.25,9846.0,9822.75,9846.25,stop,7,7.75,120.67999999999999,-105.0,8.68,7.0,-120.68,-1.112258064516129,False,-0.45611139485379115,9,49446.919999999984,"E (partida 0,10 / 2R)"
MNQ,london,2020-07-01,E,0.1,2.0,-1,2020-07-01 09:55:00+01:00,2020-07-01 09:55:00+01:00,2020-07-01 09:55:00+01:00,10133.75,10137.25,10126.75,10137.5,stop,14,3.5,122.36,-91.0,17.36,14.0,-122.36,-1.2485714285714287,False,-0.2824595174198345,9,49326.23999999998,"E (partida 0,10 / 2R)"
MNQ,london,2020-07-23,E,0.1,2.0,-1,2020-07-23 10:15:00+01:00,2020-07-23 10:15:00+01:00,2020-07-23 10:25:00+01:00,10894.25,10901.5,10879.75,10901.75,stop,7,7.25,113.68,-98.0,8.68,7.0,-113.68,-1.12,False,-0.29176434453864547,10,49203.87999999998,"E (partida 0,10 / 2R)"
MNQ,london,2020-07-24,E,0.1,2.0,1,2020-07-24 10:00:00+01:00,2020-07-24 10:00:00+01:00,2020-07-24 10:00:00+01:00,10436.75,10430.25,10449.75,10430.0,stop,8,6.5,117.92,-100.0,9.92,8.0,-117.92,-1.133846153846154,False,0.20543455595037313,9,49090.19999999998,"E (partida 0,10 / 2R)"
MNQ,london,2020-07-29,E,0.1,2.0,-1,2020-07-29 10:20:00+01:00,2020-07-29 10:20:00+01:00,2020-07-29 10:20:00+01:00,10578.5,10583.0,10569.5,10583.25,stop,11,4.5,118.14,-93.5,13.64,11.0,-118.14,-1.1933333333333334,False,-0.15925943251330968,10,48972.279999999984,"E (partida 0,10 / 2R)"
MNQ,london,2020-07-31,E,0.1,2.0,-1,2020-07-31 09:10:00+01:00,2020-07-31 09:10:00+01:00,2020-07-31 09:20:00+01:00,10883.75,10892.25,10866.75,10892.5,stop,6,8.5,112.44,-99.0,7.4399999999999995,6.0,-112.44,-1.1023529411764705,False,-0.21753998289717436,9,48854.139999999985,"E (partida 0,10 / 2R)"
MNQ,london,2020-09-15,E,0.1,2.0,1,2020-09-15 09:00:00+01:00,2020-09-15 09:00:00+01:00,2020-09-15 09:00:00+01:00,11329.75,11321.25,11346.75,11346.75,objetivo,6,8.5,112.44,207.0,7.4399999999999995,3.0,196.56,1.9270588235294117,False,0.13713454328712432,8,48741.69999999998,"E (partida 0,10 / 2R)"
MNQ,london,2020-10-05,E,0.1,2.0,1,2020-10-05 09:30:00+01:00,2020-10-05 09:30:00+01:00,2020-10-05 10:35:00+01:00,11320.25,11312.25,11336.25,11336.25,objetivo,6,8.0,106.44,195.0,7.4399999999999995,3.0,184.56,1.9225,False,0.24450406949536602,9,48938.25999999998,"E (partida 0,10 / 2R)"
MNQ,london,2020-10-07,E,0.1,2.0,-1,2020-10-07 09:55:00+01:00,2020-10-07 09:55:00+01:00,2020-10-07 10:10:00+01:00,11329.25,11334.75,11318.25,11335.0,stop,9,5.5,114.66,-94.5,11.16,9.0,-114.66,-1.1581818181818182,False,-0.23775648246506248,9,49122.81999999998,"E (partida 0,10 / 2R)"
MNQ,london,2020-10-09,E,0.1,2.0,1,2020-10-09 10:05:00+01:00,2020-10-09 10:05:00+01:00,2020-10-09 10:30:00+01:00,11573.0,11569.25,11580.5,11569.0,stop,13,3.75,120.12,-91.0,16.12,13.0,-120.12,-1.232,False,0.20319825107503436,10,49008.159999999974,"E (partida 0,10 / 2R)"
MNQ,london,2020-11-09,E,0.1,2.0,1,2020-11-09 09:15:00+00:00,2020-11-09 09:15:00+00:00,2020-11-09 09:20:00+00:00,12325.5,12317.25,12342.0,12317.0,stop,6,8.25,109.44,-96.0,7.4399999999999995,6.0,-109.44,-1.1054545454545455,False,0.21473971293714184,9,48888.03999999997,"E (partida 0,10 / 2R)"
MNQ,london,2020-11-12,E,0.1,2.0,1,2020-11-12 08:45:00+00:00,2020-11-12 08:45:00+00:00,2020-11-12 08:45:00+00:00,11852.5,11845.0,11867.5,11844.75,stop,7,7.5,117.17999999999999,-101.5,8.68,7.0,-117.18,-1.116,False,0.22769920873265084,8,48778.59999999997,"E (partida 0,10 / 2R)"
MNQ,london,2020-11-20,E,0.1,2.0,1,2020-11-20 09:10:00+00:00,2020-11-20 09:10:00+00:00,2020-11-20 09:10:00+00:00,11982.0,11978.25,11989.5,11978.0,stop,13,3.75,120.12,-91.0,16.12,13.0,-120.12,-1.232,False,0.24796418717442742,9,48661.41999999997,"E (partida 0,10 / 2R)"
MNQ,london,2020-12-28,E,0.1,2.0,1,2020-12-28 09:00:00+00:00,2020-12-28 09:00:00+00:00,2020-12-28 09:00:00+00:00,12782.75,12779.25,12789.75,12779.0,stop,13,3.5,113.62,-84.5,16.12,13.0,-113.62,-1.2485714285714287,False,0.15110882454305363,8,48541.29999999997,"E (partida 0,10 / 2R)"
MNQ,london,2021-01-11,E,0.1,2.0,-1,2021-01-11 09:20:00+00:00,2021-01-11 09:20:00+00:00,2021-01-11 09:20:00+00:00,13040.25,13048.25,13024.25,13048.5,stop,6,8.0,106.44,-93.0,7.4399999999999995,6.0,-106.44,-1.10875,False,-0.279833597359244,9,48427.679999999964,"E (partida 0,10 / 2R)"
MNQ,london,2021-01-27,E,0.1,2.0,1,2021-01-27 09:30:00+00:00,2021-01-27 09:30:00+00:00,2021-01-27 09:35:00+00:00,13548.25,13544.5,13555.75,13544.25,stop,13,3.75,120.12,-91.0,16.12,13.0,-120.12,-1.232,False,0.43867392069528827,9,48321.23999999996,"E (partida 0,10 / 2R)"
MNQ,london,2021-01-29,E,0.1,2.0,1,2021-01-29 09:35:00+00:00,2021-01-29 09:35:00+00:00,2021-01-29 09:45:00+00:00,13024.0,13007.75,13056.5,13007.5,stop,3,16.25,102.72,-96.0,3.7199999999999998,3.0,-102.72,-1.0535384615384615,False,0.2398471224425223,9,48201.11999999996,"E (partida 0,10 / 2R)"
MNQ,london,2021-02-12,E,0.1,2.0,1,2021-02-12 09:55:00+00:00,2021-02-12 09:55:00+00:00,2021-02-12 11:00:00+00:00,13701.75,13697.0,13711.25,13704.75,cierre_sesion,10,4.75,112.4,70.0,12.4,10.0,47.6,0.5010526315789474,False,0.2989458073564659,9,48098.39999999996,"E (partida 0,10 / 2R)"
MNQ,london,2021-03-05,E,0.1,2.0,1,2021-03-05 09:05:00+00:00,2021-03-05 09:05:00+00:00,2021-03-05 09:10:00+00:00,12430.0,12401.75,12486.5,12401.5,stop,2,28.25,116.48,-112.0,2.48,2.0,-116.48,-1.0307964601769912,False,0.46381294712590615,9,48145.999999999956,"E (partida 0,10 / 2R)"
MNQ,london,2021-03-25,E,0.1,2.0,-1,2021-03-25 09:25:00+00:00,2021-03-25 09:25:00+00:00,2021-03-25 09:55:00+00:00,12821.0,12834.75,12793.5,12835.0,stop,4,13.75,116.96,-108.0,4.96,4.0,-116.96,-1.0632727272727271,False,-0.305619750727827,9,48029.51999999995,"E (partida 0,10 / 2R)"
MNQ,london,2021-03-29,E,0.1,2.0,-1,2021-03-29 09:35:00+01:00,2021-03-29 09:35:00+01:00,2021-03-29 09:35:00+01:00,12880.5,12884.5,12872.5,12872.5,objetivo,12,4.0,116.88,198.0,14.879999999999999,6.0,177.12,1.845,False,-0.4403320810058245,9,47912.559999999954,"E (partida 0,10 / 2R)"
MNQ,london,2021-04-19,E,0.1,2.0,1,2021-04-19 08:50:00+01:00,2021-04-19 08:50:00+01:00,2021-04-19 09:00:00+01:00,14043.25,14036.75,14056.25,14036.5,stop,8,6.5,117.92,-100.0,9.92,8.0,-117.92,-1.133846153846154,False,0.35995165004407764,8,48089.67999999996,"E (partida 0,10 / 2R)"
MNQ,london,2021-04-20,E,0.1,2.0,1,2021-04-20 08:50:00+01:00,2021-04-20 08:50:00+01:00,2021-04-20 08:55:00+01:00,13925.75,13913.5,13950.25,13913.25,stop,4,12.25,104.96,-96.0,4.96,4.0,-104.96,-1.0710204081632653,False,0.5104722232071475,8,47971.75999999996,"E (partida 0,10 / 2R)"
MNQ,london,2021-05-03,E,0.1,2.0,-1,2021-05-03 09:50:00+01:00,2021-05-03 09:50:00+01:00,2021-05-03 09:55:00+01:00,13887.0,13892.25,13876.5,13876.5,objetivo,9,5.25,110.16,193.5,11.16,4.5,177.84,1.881904761904762,False,-0.4148745768085797,9,47866.79999999996,"E (partida 0,10 / 2R)"
MNQ,london,2021-05-14,E,0.1,2.0,-1,2021-05-14 08:45:00+01:00,2021-05-14 08:45:00+01:00,2021-05-14 08:45:00+01:00,13183.25,13191.0,13167.75,13191.25,stop,6,7.75,103.44,-90.0,7.4399999999999995,6.0,-103.44,-1.112258064516129,False,-1.0514975142749134,8,48044.639999999956,"E (partida 0,10 / 2R)"
MNQ,london,2021-05-28,E,0.1,2.0,1,2021-05-28 08:40:00+01:00,2021-05-28 08:40:00+01:00,2021-05-28 09:00:00+01:00,13683.25,13677.75,13694.25,13694.25,objetivo,9,5.5,114.66,202.5,11.16,4.5,186.84,1.8872727272727272,False,0.8913066842227968,8,47941.19999999995,"E (partida 0,10 / 2R)"
MNQ,london,2021-06-16,E,0.1,2.0,-1,2021-06-16 09:15:00+01:00,2021-06-16 09:15:00+01:00,2021-06-16 09:35:00+01:00,14040.5,14044.25,14033.0,14044.5,stop,13,3.75,120.12,-91.0,16.12,13.0,-120.12,-1.232,False,-0.21357341026413654,9,48128.03999999995,"E (partida 0,10 / 2R)"
MNQ,london,2021-06-17,E,0.1,2.0,-1,2021-06-17 09:35:00+01:00,2021-06-17 09:35:00+01:00,2021-06-17 09:35:00+01:00,13907.5,13911.75,13899.0,13899.0,objetivo,11,4.25,112.64,192.5,13.64,5.5,173.36,1.8541176470588236,False,-0.1717299973680262,9,48007.91999999995,"E (partida 0,10 / 2R)"
MNQ,london,2021-06-25,E,0.1,2.0,1,2021-06-25 09:15:00+01:00,2021-06-25 09:15:00+01:00,2021-06-25 09:15:00+01:00,14363.75,14359.25,14372.75,14372.75,objetivo,11,4.5,118.14,203.5,13.64,5.5,184.36,1.8622222222222224,False,0.528240806577141,9,48181.27999999995,"E (partida 0,10 / 2R)"
MNQ,london,2021-08-23,E,0.1,2.0,1,2021-08-23 09:55:00+01:00,2021-08-23 09:55:00+01:00,2021-08-23 10:00:00+01:00,15138.5,15131.5,15152.5,15131.25,stop,7,7.0,110.18,-94.5,8.68,7.0,-110.18,-1.1242857142857143,False,0.1644236216943177,9,48365.63999999995,"E (partida 0,10 / 2R)"
MNQ,london,2021-08-31,E,0.1,2.0,-1,2021-08-31 09:15:00+01:00,2021-08-31 09:15:00+01:00,2021-08-31 09:15:00+01:00,15658.75,15662.25,15651.75,15662.5,stop,13,3.5,113.62,-84.5,16.12,13.0,-113.62,-1.2485714285714287,False,-0.35727042351471083,9,48255.45999999995,"E (partida 0,10 / 2R)"
MNQ,london,2021-09-08,E,0.1,2.0,1,2021-09-08 10:15:00+01:00,2021-09-08 10:15:00+01:00,2021-09-08 10:15:00+01:00,15641.5,15637.0,15650.5,15636.75,stop,11,4.5,118.14,-93.5,13.64,11.0,-118.14,-1.1933333333333334,False,0.10744420873215915,10,48141.839999999946,"E (partida 0,10 / 2R)"
MNQ,london,2021-09-24,E,0.1,2.0,1,2021-09-24 10:15:00+01:00,2021-09-24 10:15:00+01:00,2021-09-24 10:15:00+01:00,15240.5,15236.25,15249.0,15236.0,stop,11,4.25,112.64,-88.0,13.64,11.0,-112.64,-1.2047058823529413,False,0.15823463502189486,10,48023.699999999946,"E (partida 0,10 / 2R)"
MNQ,london,2021-10-05,E,0.1,2.0,-1,2021-10-05 09:10:00+01:00,2021-10-05 09:10:00+01:00,2021-10-05 09:10:00+01:00,14492.75,14496.75,14484.75,14497.0,stop,12,4.0,116.88,-90.0,14.879999999999999,12.0,-116.88,-1.2175,True,-0.47431187291097776,9,47911.05999999995,"E (partida 0,10 / 2R)"
MNQ,london,2021-10-19,E,0.1,2.0,-1,2021-10-19 08:45:00+01:00,2021-10-19 08:45:00+01:00,2021-10-19 08:55:00+01:00,15307.25,15311.0,15299.75,15311.25,stop,12,3.75,110.88,-84.0,14.879999999999999,12.0,-110.88,-1.232,False,-0.3039840949461364,8,47794.17999999995,"E (partida 0,10 / 2R)"
MNQ,london,2021-10-27,E,0.1,2.0,-1,2021-10-27 09:50:00+01:00,2021-10-27 09:50:00+01:00,2021-10-27 09:55:00+01:00,15565.75,15572.5,15552.25,15552.25,objetivo,7,6.75,106.68,192.5,8.68,3.5,180.32,1.9081481481481481,False,-0.19821715822869518,9,47683.29999999995,"E (partida 0,10 / 2R)"
MNQ,london,2021-12-15,E,0.1,2.0,-1,2021-12-15 09:00:00+00:00,2021-12-15 09:00:00+00:00,2021-12-15 09:10:00+00:00,15936.0,15945.75,15916.5,15916.5,objetivo,5,9.75,106.19999999999999,197.5,6.2,2.5,188.8,1.9364102564102565,False,-0.7498213095381079,8,47863.61999999995,"E (partida 0,10 / 2R)"
MNQ,london,2022-01-03,E,0.1,2.0,-1,2022-01-03 09:30:00+00:00,2022-01-03 09:30:00+00:00,2022-01-03 09:45:00+00:00,16397.0,16402.25,16386.5,16402.5,stop,9,5.25,110.16,-90.0,11.16,9.0,-110.16,-1.1657142857142857,False,-0.14509384448205281,9,48052.419999999955,"E (partida 0,10 / 2R)"
MNQ,london,2022-01-11,E,0.1,2.0,-1,2022-01-11 08:45:00+00:00,2022-01-11 08:45:00+00:00,2022-01-11 08:45:00+00:00,15609.75,15615.0,15599.25,15599.25,objetivo,9,5.25,110.16,193.5,11.16,4.5,177.84,1.881904761904762,False,-0.5045976226887154,8,47942.25999999995,"E (partida 0,10 / 2R)"
MNQ,london,2022-02-16,E,0.1,2.0,-1,2022-02-16 10:20:00+00:00,2022-02-16 10:20:00+00:00,2022-02-16 11:00:00+00:00,14598.25,14617.0,14560.75,14593.25,cierre_sesion,3,18.75,117.72,33.0,3.7199999999999998,3.0,26.28,0.2336,False,-0.1596635103283238,10,48120.09999999995,"E (partida 0,10 / 2R)"
MNQ,london,2022-02-18,E,0.1,2.0,-1,2022-02-18 09:30:00+00:00,2022-02-18 09:30:00+00:00,2022-02-18 09:30:00+00:00,14245.5,14253.5,14229.5,14253.75,stop,6,8.0,106.44,-93.0,7.4399999999999995,6.0,-106.44,-1.10875,False,-0.3310968334469135,9,48146.37999999995,"E (partida 0,10 / 2R)"
MNQ,london,2022-03-22,E,0.1,2.0,-1,2022-03-22 10:25:00+00:00,2022-03-22 10:25:00+00:00,2022-03-22 10:30:00+00:00,14408.5,14412.75,14400.0,14413.0,stop,11,4.25,112.64,-88.0,13.64,11.0,-112.64,-1.2047058823529413,False,-0.16818561676938137,10,48039.939999999944,"E (partida 0,10 / 2R)"
MNQ,london,2022-04-13,E,0.1,2.0,1,2022-04-13 09:25:00+01:00,2022-04-13 09:25:00+01:00,2022-04-13 09:25:00+01:00,14060.75,14054.25,14073.75,14054.0,stop,8,6.5,117.92,-100.0,9.92,8.0,-117.92,-1.133846153846154,False,0.28051377108838305,9,47927.299999999945,"E (partida 0,10 / 2R)"
MNQ,london,2022-04-20,E,0.1,2.0,-1,2022-04-20 09:20:00+01:00,2022-04-20 09:20:00+01:00,2022-04-20 09:20:00+01:00,14103.75,14110.0,14091.25,14110.25,stop,8,6.25,113.92,-96.0,9.92,8.0,-113.92,-1.1392,False,-0.32187753945913494,9,47809.37999999995,"E (partida 0,10 / 2R)"
MNQ,london,2022-04-29,E,0.1,2.0,1,2022-04-29 09:10:00+01:00,2022-04-29 09:10:00+01:00,2022-04-29 09:20:00+01:00,13373.0,13362.75,13393.5,13362.5,stop,5,10.25,111.19999999999999,-100.0,6.2,5.0,-111.2,-1.0848780487804879,False,0.3410813834001544,9,47695.45999999995,"E (partida 0,10 / 2R)"
MNQ,london,2022-05-02,E,0.1,2.0,-1,2022-05-02 09:05:00+01:00,2022-05-02 09:05:00+01:00,2022-05-02 09:05:00+01:00,12936.5,12944.25,12921.0,12944.5,stop,6,7.75,103.44,-90.0,7.4399999999999995,6.0,-103.44,-1.112258064516129,False,-0.4071293787308168,9,47584.25999999995,"E (partida 0,10 / 2R)"
MNQ,london,2022-05-04,E,0.1,2.0,1,2022-05-04 09:25:00+01:00,2022-05-04 09:25:00+01:00,2022-05-04 09:25:00+01:00,13116.5,13111.5,13126.5,13126.5,objetivo,10,5.0,117.4,205.0,12.4,5.0,187.6,1.876,False,0.33428525588553454,9,47480.81999999995,"E (partida 0,10 / 2R)"
MNQ,london,2022-05-16,E,0.1,2.0,1,2022-05-16 09:10:00+01:00,2022-05-16 09:10:00+01:00,2022-05-16 09:15:00+01:00,12295.25,12287.0,12311.75,12311.75,objetivo,6,8.25,109.44,201.0,7.4399999999999995,3.0,190.56,1.9248484848484848,False,0.40530852301434683,9,47668.41999999995,"E (partida 0,10 / 2R)"
MNQ,london,2022-06-01,E,0.1,2.0,-1,2022-06-01 09:00:00+01:00,2022-06-01 09:00:00+01:00,2022-06-01 09:05:00+01:00,12642.75,12659.75,12608.75,12608.75,objetivo,3,17.0,107.22,205.5,3.7199999999999998,1.5,200.28,1.963529411764706,False,-0.32775670497942694,8,47858.979999999945,"E (partida 0,10 / 2R)"
MNQ,london,2022-06-08,E,0.1,2.0,1,2022-06-08 09:15:00+01:00,2022-06-08 09:15:00+01:00,2022-06-08 09:15:00+01:00,12661.5,12658.0,12668.5,12657.75,stop,13,3.5,113.62,-84.5,16.12,13.0,-113.62,-1.2485714285714287,False,0.35879253712998044,9,48059.259999999944,"E (partida 0,10 / 2R)"
MNQ,london,2022-06-29,E,0.1,2.0,1,2022-06-29 09:20:00+01:00,2022-06-29 09:20:00+01:00,2022-06-29 09:35:00+01:00,11680.5,11674.75,11692.0,11692.0,objetivo,9,5.75,119.16,211.5,11.16,4.5,195.84,1.8921739130434783,False,0.3660885335686724,9,47945.63999999994,"E (partida 0,10 / 2R)"
MNQ,london,2022-10-07,E,0.1,2.0,-1,2022-10-07 09:00:00+01:00,2022-10-07 09:00:00+01:00,2022-10-07 09:20:00+01:00,11485.0,11496.75,11461.5,11497.0,stop,4,11.75,100.96,-92.0,4.96,4.0,-100.96,-1.0740425531914892,False,-0.3926060246540857,8,48141.47999999994,"E (partida 0,10 / 2R)"
MNQ,london,2022-10-11,E,0.1,2.0,1,2022-10-11 09:20:00+01:00,2022-10-11 09:20:00+01:00,2022-10-11 09:20:00+01:00,10925.5,10920.75,10935.0,10920.5,stop,10,4.75,112.4,-90.0,12.4,10.0,-112.4,-1.1831578947368422,True,0.19588569570264247,9,48040.51999999994,"E (partida 0,10 / 2R)"
MNQ,london,2022-10-25,E,0.1,2.0,-1,2022-10-25 08:45:00+01:00,2022-10-25 08:45:00+01:00,2022-10-25 08:50:00+01:00,11478.75,11491.25,11453.75,11491.5,stop,4,12.5,106.96,-98.0,4.96,4.0,-106.96,-1.0695999999999999,False,-0.2507302741725838,8,47928.11999999994,"E (partida 0,10 / 2R)"
MNQ,london,2022-11-10,E,0.1,2.0,1,2022-11-10 08:50:00+00:00,2022-11-10 08:50:00+00:00,2022-11-10 08:50:00+00:00,10873.75,10868.25,10884.75,10868.0,stop,9,5.5,114.66,-94.5,11.16,9.0,-114.66,-1.1581818181818182,False,0.3087042890007416,8,47821.15999999994,"E (partida 0,10 / 2R)"
MNQ,london,2022-11-28,E,0.1,2.0,-1,2022-11-28 09:40:00+00:00,2022-11-28 09:40:00+00:00,2022-11-28 09:45:00+00:00,11696.25,11701.5,11685.75,11685.75,objetivo,9,5.25,110.16,193.5,11.16,4.5,177.84,1.881904761904762,False,-0.25413664527749924,9,47706.499999999935,"E (partida 0,10 / 2R)"
MNQ,london,2022-12-13,E,0.1,2.0,-1,2022-12-13 08:45:00+00:00,2022-12-13 08:45:00+00:00,2022-12-13 08:50:00+00:00,11720.75,11726.5,11709.25,11709.25,objetivo,9,5.75,119.16,211.5,11.16,4.5,195.84,1.8921739130434783,False,-0.5202986399018208,8,47884.33999999993,"E (partida 0,10 / 2R)"
MNQ,london,2023-01-04,E,0.1,2.0,-1,2023-01-04 09:45:00+00:00,2023-01-04 09:45:00+00:00,2023-01-04 09:45:00+00:00,11006.0,11012.5,10993.0,11012.75,stop,8,6.5,117.92,-100.0,9.92,8.0,-117.92,-1.133846153846154,False,-0.3144452431726364,9,48080.17999999993,"E (partida 0,10 / 2R)"
MNQ,london,2023-01-05,E,0.1,2.0,1,2023-01-05 09:40:00+00:00,2023-01-05 09:40:00+00:00,2023-01-05 09:40:00+00:00,10974.5,10963.5,10996.5,10963.25,stop,5,11.0,118.69999999999999,-107.5,6.2,5.0,-118.7,-1.079090909090909,False,0.3645011009914856,9,47962.25999999993,"E (partida 0,10 / 2R)"
MNQ,london,2023-01-12,E,0.1,2.0,1,2023-01-12 09:05:00+00:00,2023-01-12 09:05:00+00:00,2023-01-12 09:45:00+00:00,11473.0,11465.5,11488.0,11488.0,objetivo,7,7.5,117.17999999999999,213.5,8.68,3.5,201.32,1.9173333333333333,False,0.2600134462382076,9,47843.55999999993,"E (partida 0,10 / 2R)"
MNQ,london,2023-01-23,E,0.1,2.0,-1,2023-01-23 08:45:00+00:00,2023-01-23 08:45:00+00:00,2023-01-23 08:45:00+00:00,11674.5,11678.0,11667.5,11667.5,objetivo,13,3.5,113.62,188.5,16.12,6.5,165.88,1.8228571428571427,False,-1.1961324803249704,8,48044.87999999993,"E (partida 0,10 / 2R)"
MNQ,london,2023-01-25,E,0.1,2.0,-1,2023-01-25 09:05:00+00:00,2023-01-25 09:05:00+00:00,2023-01-25 09:45:00+00:00,11826.0,11835.25,11807.5,11807.5,objetivo,5,9.25,101.19999999999999,187.5,6.2,2.5,178.8,1.932972972972973,False,-0.17331980510196482,9,48210.75999999993,"E (partida 0,10 / 2R)"
MNQ,london,2023-02-14,E,0.1,2.0,-1,2023-02-14 08:55:00+00:00,2023-02-14 08:55:00+00:00,2023-02-14 09:00:00+00:00,12532.0,12536.5,12523.0,12536.75,stop,11,4.5,118.14,-93.5,13.64,11.0,-118.14,-1.1933333333333334,False,-0.3134660624822729,8,48389.55999999993,"E (partida 0,10 / 2R)"
MNQ,london,2023-03-16,E,0.1,2.0,-1,2023-03-16 09:20:00+00:00,2023-03-16 09:20:00+00:00,2023-03-16 09:35:00+00:00,12261.5,12291.25,12202.0,12291.5,stop,1,29.75,61.24,-59.0,1.24,1.0,-61.24,-1.0292436974789916,False,-0.3558359232656936,9,48271.41999999993,"E (partida 0,10 / 2R)"
MNQ,london,2023-03-21,E,0.1,2.0,-1,2023-03-21 09:05:00+00:00,2023-03-21 09:05:00+00:00,2023-03-21 09:15:00+00:00,12706.75,12716.5,12687.25,12716.75,stop,5,9.75,106.19999999999999,-95.0,6.2,5.0,-106.2,-1.0892307692307692,False,-0.23128173449453404,9,48210.179999999935,"E (partida 0,10 / 2R)"
MNQ,london,2023-04-06,E,0.1,2.0,-1,2023-04-06 10:05:00+01:00,2023-04-06 10:05:00+01:00,2023-04-06 10:05:00+01:00,13053.0,13057.0,13045.0,13045.0,objetivo,12,4.0,116.88,198.0,14.879999999999999,6.0,177.12,1.845,False,-0.33678325448581486,10,48103.97999999994,"E (partida 0,10 / 2R)"
MNQ,london,2023-04-26,E,0.1,2.0,1,2023-04-26 10:10:00+01:00,2023-04-26 10:10:00+01:00,2023-04-26 10:25:00+01:00,12971.25,12965.25,12983.25,12965.0,stop,8,6.0,109.92,-92.0,9.92,8.0,-109.92,-1.145,False,0.16469774844308513,10,48281.09999999994,"E (partida 0,10 / 2R)"
MNQ,london,2023-05-02,E,0.1,2.0,-1,2023-05-02 08:50:00+01:00,2023-05-02 08:50:00+01:00,2023-05-02 08:50:00+01:00,13311.0,13314.5,13304.0,13314.75,stop,13,3.5,113.62,-84.5,16.12,13.0,-113.62,-1.2485714285714287,False,-1.0569096153608892,8,48171.17999999994,"E (partida 0,10 / 2R)"
MNQ,london,2023-06-22,E,0.1,2.0,1,2023-06-22 08:40:00+01:00,2023-06-22 08:40:00+01:00,2023-06-22 08:40:00+01:00,14998.25,14992.5,15009.75,14992.25,stop,9,5.75,119.16,-99.0,11.16,9.0,-119.16,-1.151304347826087,False,0.823195368316214,8,48057.55999999994,"E (partida 0,10 / 2R)"
MNQ,london,2023-07-14,E,0.1,2.0,1,2023-07-14 09:05:00+01:00,2023-07-14 09:05:00+01:00,2023-07-14 09:25:00+01:00,15725.25,15714.25,15747.25,15714.0,stop,5,11.0,118.69999999999999,-107.5,6.2,5.0,-118.7,-1.079090909090909,False,0.5408723758896484,9,47938.399999999936,"E (partida 0,10 / 2R)"
MNQ,london,2023-07-19,E,0.1,2.0,-1,2023-07-19 09:00:00+01:00,2023-07-19 09:00:00+01:00,2023-07-19 09:15:00+01:00,15972.25,15977.0,15962.75,15977.25,stop,10,4.75,112.4,-90.0,12.4,10.0,-112.4,-1.1831578947368422,False,-0.5773068135848064,8,47819.69999999994,"E (partida 0,10 / 2R)"
MNQ,london,2023-08-24,E,0.1,2.0,-1,2023-08-24 08:55:00+01:00,2023-08-24 08:55:00+01:00,2023-08-24 09:00:00+01:00,15380.25,15390.0,15360.75,15390.25,stop,5,9.75,106.19999999999999,-95.0,6.2,5.0,-106.2,-1.0892307692307692,False,-0.19650499143060443,8,47707.29999999994,"E (partida 0,10 / 2R)"
MNQ,london,2023-09-21,E,0.1,2.0,-1,2023-09-21 08:40:00+01:00,2023-09-21 08:40:00+01:00,2023-09-21 08:45:00+01:00,15089.5,15098.0,15072.5,15098.25,stop,6,8.5,112.44,-99.0,7.4399999999999995,6.0,-112.44,-1.1023529411764705,False,-1.3652098937388097,8,47601.09999999994,"E (partida 0,10 / 2R)"
MNQ,london,2023-10-04,E,0.1,2.0,1,2023-10-04 09:05:00+01:00,2023-10-04 09:05:00+01:00,2023-10-04 09:25:00+01:00,14646.5,14631.5,14676.5,14676.5,objetivo,3,15.0,95.22,181.5,3.7199999999999998,1.5,176.28,1.9586666666666668,False,0.39015417149548454,9,47488.65999999994,"E (partida 0,10 / 2R)"
MNQ,london,2023-10-05,E,0.1,2.0,1,2023-10-05 09:20:00+01:00,2023-10-05 09:20:00+01:00,2023-10-05 09:45:00+01:00,14905.25,14892.25,14931.25,14892.0,stop,4,13.0,110.96,-102.0,4.96,4.0,-110.96,-1.0669230769230769,False,0.5024576462237507,9,47664.93999999994,"E (partida 0,10 / 2R)"
MNQ,london,2023-10-20,E,0.1,2.0,1,2023-10-20 09:05:00+01:00,2023-10-20 09:05:00+01:00,2023-10-20 09:35:00+01:00,14839.25,14821.0,14875.75,14875.75,objetivo,3,18.25,114.72,220.5,3.7199999999999998,1.5,215.28,1.966027397260274,False,0.5581060386737015,9,47553.97999999994,"E (partida 0,10 / 2R)"
MNQ,london,2023-10-24,E,0.1,2.0,-1,2023-10-24 09:05:00+01:00,2023-10-24 09:05:00+01:00,2023-10-24 09:30:00+01:00,14781.75,14795.25,14754.75,14754.75,objetivo,4,13.5,114.96,218.0,4.96,2.0,211.04,1.954074074074074,False,-0.9598451657843119,9,47769.25999999994,"E (partida 0,10 / 2R)"
MNQ,london,2023-10-25,E,0.1,2.0,1,2023-10-25 09:45:00+01:00,2023-10-25 09:45:00+01:00,2023-10-25 09:50:00+01:00,14768.75,14753.5,14799.25,14753.25,stop,3,15.25,96.71999999999998,-90.0,3.7199999999999998,3.0,-96.72,-1.0570491803278688,False,0.39500195599310733,9,47980.29999999994,"E (partida 0,10 / 2R)"
MNQ,london,2023-10-27,E,0.1,2.0,1,2023-10-27 09:05:00+01:00,2023-10-27 09:05:00+01:00,2023-10-27 09:10:00+01:00,14313.25,14302.25,14335.25,14302.0,stop,5,11.0,118.69999999999999,-107.5,6.2,5.0,-118.7,-1.079090909090909,False,0.5850322004238362,9,47883.579999999936,"E (partida 0,10 / 2R)"
MNQ,london,2023-10-30,E,0.1,2.0,-1,2023-10-30 08:55:00+00:00,2023-10-30 08:55:00+00:00,2023-10-30 09:00:00+00:00,14359.0,14363.5,14350.0,14363.75,stop,11,4.5,118.14,-93.5,13.64,11.0,-118.14,-1.1933333333333334,False,-0.653083833001722,8,47764.87999999994,"E (partida 0,10 / 2R)"
MNQ,london,2023-11-07,E,0.1,2.0,-1,2023-11-07 09:45:00+00:00,2023-11-07 09:45:00+00:00,2023-11-07 10:15:00+00:00,15194.75,15205.0,15174.25,15205.25,stop,5,10.25,111.19999999999999,-100.0,6.2,5.0,-111.2,-1.0848780487804879,False,-0.2656310906800986,9,47646.73999999994,"E (partida 0,10 / 2R)"
MNQ,london,2023-11-08,E,0.1,2.0,-1,2023-11-08 09:30:00+00:00,2023-11-08 09:30:00+00:00,2023-11-08 09:35:00+00:00,15346.0,15352.5,15333.0,15352.75,stop,8,6.5,117.92,-100.0,9.92,8.0,-117.92,-1.133846153846154,False,-0.22911477086269963,9,47535.53999999994,"E (partida 0,10 / 2R)"
MNQ,london,2023-12-06,E,0.1,2.0,-1,2023-12-06 08:50:00+00:00,2023-12-06 08:50:00+00:00,2023-12-06 09:05:00+00:00,15962.5,15969.75,15948.0,15970.0,stop,7,7.25,113.68,-98.0,8.68,7.0,-113.68,-1.12,False,-0.4981909966448424,8,47417.619999999944,"E (partida 0,10 / 2R)"
MNQ,london,2023-12-08,E,0.1,2.0,1,2023-12-08 08:55:00+00:00,2023-12-08 08:55:00+00:00,2023-12-08 09:10:00+00:00,16007.25,16002.0,16017.75,16017.75,objetivo,9,5.25,110.16,193.5,11.16,4.5,177.84,1.881904761904762,False,0.6504235798072755,8,47303.939999999944,"E (partida 0,10 / 2R)"
MNQ,london,2023-12-12,E,0.1,2.0,-1,2023-12-12 09:20:00+00:00,2023-12-12 09:20:00+00:00,2023-12-12 09:40:00+00:00,16260.25,16264.5,16251.75,16264.75,stop,11,4.25,112.64,-88.0,13.64,11.0,-112.64,-1.2047058823529413,False,-0.3273329338225221,9,47481.77999999994,"E (partida 0,10 / 2R)"
MNQ,london,2024-01-17,E,0.1,2.0,1,2024-01-17 08:50:00+00:00,2024-01-17 08:50:00+00:00,2024-01-17 08:50:00+00:00,16851.0,16841.75,16869.5,16841.5,stop,5,9.25,101.19999999999999,-90.0,6.2,5.0,-101.2,-1.094054054054054,False,0.5261249805245269,8,47369.13999999994,"E (partida 0,10 / 2R)"
MNQ,london,2024-02-15,E,0.1,2.0,-1,2024-02-15 09:30:00+00:00,2024-02-15 09:30:00+00:00,2024-02-15 09:30:00+00:00,17903.25,17908.25,17893.25,17893.25,objetivo,10,5.0,117.4,205.0,12.4,5.0,187.6,1.876,False,-0.5894105324262263,9,47267.939999999944,"E (partida 0,10 / 2R)"
MNQ,london,2024-02-27,E,0.1,2.0,-1,2024-02-27 09:00:00+00:00,2024-02-27 09:00:00+00:00,2024-02-27 09:00:00+00:00,17962.0,17966.5,17953.0,17966.75,stop,11,4.5,118.14,-93.5,13.64,11.0,-118.14,-1.1933333333333334,False,-1.1168925401122676,8,47455.53999999994,"E (partida 0,10 / 2R)"
MNQ,london,2024-02-29,E,0.1,2.0,1,2024-02-29 10:25:00+00:00,2024-02-29 10:25:00+00:00,2024-02-29 10:30:00+00:00,17878.75,17869.25,17897.75,17869.0,stop,5,9.5,103.69999999999999,-92.5,6.2,5.0,-103.7,-1.091578947368421,False,0.10724871735422192,10,47337.39999999994,"E (partida 0,10 / 2R)"
MNQ,london,2024-03-01,E,0.1,2.0,1,2024-03-01 09:50:00+00:00,2024-03-01 09:50:00+00:00,2024-03-01 09:50:00+00:00,18139.75,18135.75,18147.75,18135.5,stop,12,4.0,116.88,-90.0,14.879999999999999,12.0,-116.88,-1.2175,False,0.18116081102907214,9,47233.699999999946,"E (partida 0,10 / 2R)"
MNQ,london,2024-04-08,E,0.1,2.0,-1,2024-04-08 09:40:00+01:00,2024-04-08 09:40:00+01:00,2024-04-08 09:45:00+01:00,18298.75,18303.25,18289.75,18289.75,objetivo,10,4.5,107.4,185.0,12.4,5.0,167.6,1.8622222222222222,False,-0.7306720109866173,9,47116.81999999995,"E (partida 0,10 / 2R)"
MNQ,london,2024-04-18,E,0.1,2.0,-1,2024-04-18 08:40:00+01:00,2024-04-18 08:40:00+01:00,2024-04-18 08:45:00+01:00,17739.5,17748.75,17721.0,17749.0,stop,5,9.25,101.19999999999999,-90.0,6.2,5.0,-101.2,-1.094054054054054,False,-0.6739966432649547,8,47284.41999999995,"E (partida 0,10 / 2R)"
MNQ,london,2024-04-30,E,0.1,2.0,1,2024-04-30 09:05:00+01:00,2024-04-30 09:05:00+01:00,2024-04-30 09:05:00+01:00,17900.5,17895.75,17910.0,17895.5,stop,10,4.75,112.4,-90.0,12.4,10.0,-112.4,-1.1831578947368422,False,0.3185520051109809,9,47183.21999999995,"E (partida 0,10 / 2R)"
MNQ,london,2024-05-06,E,0.1,2.0,-1,2024-05-06 09:05:00+01:00,2024-05-06 09:05:00+01:00,2024-05-06 09:10:00+01:00,18008.25,18011.75,18001.25,18012.0,stop,13,3.5,113.62,-84.5,16.12,13.0,-113.62,-1.2485714285714287,False,-0.39634049156967877,9,47070.81999999995,"E (partida 0,10 / 2R)"
MNQ,london,2024-05-28,E,0.1,2.0,-1,2024-05-28 08:40:00+01:00,2024-05-28 08:40:00+01:00,2024-05-28 09:00:00+01:00,18923.75,18927.5,18916.25,18927.75,stop,12,3.75,110.88,-84.0,14.879999999999999,12.0,-110.88,-1.232,False,-1.4015657945158955,8,46957.199999999946,"E (partida 0,10 / 2R)"
MNQ,london,2024-06-05,E,0.1,2.0,1,2024-06-05 09:20:00+01:00,2024-06-05 09:20:00+01:00,2024-06-05 09:20:00+01:00,18738.25,18734.5,18745.75,18734.25,stop,12,3.75,110.88,-84.0,14.879999999999999,12.0,-110.88,-1.232,False,0.6809480010227238,9,46846.31999999995,"E (partida 0,10 / 2R)"
MNQ,london,2024-06-13,E,0.1,2.0,-1,2024-06-13 09:40:00+01:00,2024-06-13 09:40:00+01:00,2024-06-13 10:05:00+01:00,19637.75,19645.25,19622.75,19645.5,stop,6,7.5,100.44,-87.0,7.4399999999999995,6.0,-100.44,-1.1159999999999999,False,-0.4412204975120598,9,46735.43999999995,"E (partida 0,10 / 2R)"
MNQ,london,2024-07-25,E,0.1,2.0,1,2024-07-25 10:20:00+01:00,2024-07-25 10:20:00+01:00,2024-07-25 10:20:00+01:00,19186.25,19178.25,19202.25,19178.0,stop,6,8.0,106.44,-93.0,7.4399999999999995,6.0,-106.44,-1.10875,False,0.2143109652481377,10,46634.99999999995,"E (partida 0,10 / 2R)"
MNQ,london,2024-08-15,E,0.1,2.0,1,2024-08-15 08:50:00+01:00,2024-08-15 08:50:00+01:00,2024-08-15 08:55:00+01:00,19183.75,19177.25,19196.75,19196.75,objetivo,7,6.5,103.18,185.5,8.68,3.5,173.32,1.9046153846153846,False,0.428722135782248,8,46528.55999999995,"E (partida 0,10 / 2R)"
MNQ,london,2024-08-16,E,0.1,2.0,-1,2024-08-16 08:45:00+01:00,2024-08-16 08:45:00+01:00,2024-08-16 08:45:00+01:00,19656.0,19659.75,19648.5,19648.5,objetivo,12,3.75,110.88,186.0,14.879999999999999,6.0,165.12,1.8346666666666667,False,-0.8574363081392955,8,46701.87999999995,"E (partida 0,10 / 2R)"
MNQ,london,2024-09-04,E,0.1,2.0,1,2024-09-04 08:40:00+01:00,2024-09-04 08:40:00+01:00,2024-09-04 10:45:00+01:00,18892.5,18870.5,18936.5,18936.5,objetivo,2,22.0,91.48,177.0,2.48,1.0,173.52,1.971818181818182,False,0.6754367454549308,8,46866.99999999995,"E (partida 0,10 / 2R)"
MNQ,london,2024-09-25,E,0.1,2.0,1,2024-09-25 08:55:00+01:00,2024-09-25 08:55:00+01:00,2024-09-25 09:05:00+01:00,20108.0,20100.0,20124.0,20099.75,stop,6,8.0,106.44,-93.0,7.4399999999999995,6.0,-106.44,-1.10875,False,0.7775173215474891,8,47040.519999999946,"E (partida 0,10 / 2R)"
MNQ,london,2024-09-26,E,0.1,2.0,-1,2024-09-26 10:25:00+01:00,2024-09-26 10:25:00+01:00,2024-09-26 10:25:00+01:00,20460.5,20465.0,20451.5,20465.25,stop,10,4.5,107.4,-85.0,12.4,10.0,-107.4,-1.1933333333333334,False,-0.09719416190459158,10,46934.07999999994,"E (partida 0,10 / 2R)"
MNQ,london,2024-09-27,E,0.1,2.0,1,2024-09-27 09:45:00+01:00,2024-09-27 09:45:00+01:00,2024-09-27 09:45:00+01:00,20287.0,20283.5,20294.0,20283.25,stop,13,3.5,113.62,-84.5,16.12,13.0,-113.62,-1.2485714285714287,False,0.4299236448194263,9,46826.67999999994,"E (partida 0,10 / 2R)"
MNQ,london,2024-09-30,E,0.1,2.0,-1,2024-09-30 09:35:00+01:00,2024-09-30 09:35:00+01:00,2024-09-30 10:25:00+01:00,20182.5,20206.75,20134.0,20207.0,stop,2,24.25,100.48,-96.0,2.48,2.0,-100.48,-1.0358762886597939,False,-0.5216193462980326,9,46713.05999999994,"E (partida 0,10 / 2R)"
MNQ,london,2024-10-16,E,0.1,2.0,1,2024-10-16 09:05:00+01:00,2024-10-16 09:05:00+01:00,2024-10-16 09:05:00+01:00,20379.25,20371.25,20395.25,20371.0,stop,6,8.0,106.44,-93.0,7.4399999999999995,6.0,-106.44,-1.10875,False,0.5250056351551833,9,46612.579999999936,"E (partida 0,10 / 2R)"
MNQ,london,2024-10-23,E,0.1,2.0,-1,2024-10-23 09:30:00+01:00,2024-10-23 09:30:00+01:00,2024-10-23 09:40:00+01:00,20509.75,20513.75,20501.75,20501.75,objetivo,11,4.0,107.14,181.5,13.64,5.5,162.36,1.8450000000000002,False,-0.1745287958448145,9,46506.139999999934,"E (partida 0,10 / 2R)"
MNQ,london,2024-11-04,E,0.1,2.0,1,2024-11-04 10:20:00+00:00,2024-11-04 10:20:00+00:00,2024-11-04 10:30:00+00:00,20179.25,20169.25,20199.25,20199.25,objetivo,5,10.0,108.69999999999999,202.5,6.2,2.5,193.8,1.9380000000000002,False,0.1521793246989098,10,46668.499999999935,"E (partida 0,10 / 2R)"
MNQ,london,2024-11-12,E,0.1,2.0,1,2024-11-12 08:50:00+00:00,2024-11-12 08:50:00+00:00,2024-11-12 09:05:00+00:00,21220.75,21206.25,21249.75,21206.0,stop,3,14.5,92.22,-85.5,3.7199999999999998,3.0,-92.22,-1.06,False,0.27716201781303823,8,46862.29999999994,"E (partida 0,10 / 2R)"
MNQ,london,2024-11-12,E,0.1,2.0,-1,2024-11-12 09:45:00+00:00,2024-11-12 09:45:00+00:00,2024-11-12 09:50:00+00:00,21202.0,21211.25,21183.5,21183.5,objetivo,5,9.25,101.19999999999999,187.5,6.2,2.5,178.8,1.932972972972973,False,-0.07929927310912654,9,46770.079999999936,"E (partida 0,10 / 2R)"
MNQ,london,2024-11-25,E,0.1,2.0,1,2024-11-25 09:30:00+00:00,2024-11-25 09:30:00+00:00,2024-11-25 09:30:00+00:00,20957.25,20952.75,20966.25,20952.5,stop,10,4.5,107.4,-85.0,12.4,10.0,-107.4,-1.1933333333333334,False,0.10608044765833531,9,46948.87999999994,"E (partida 0,10 / 2R)"
MNQ,london,2024-11-26,E,0.1,2.0,1,2024-11-26 09:30:00+00:00,2024-11-26 09:30:00+00:00,2024-11-26 09:30:00+00:00,20887.75,20883.0,20897.25,20882.75,stop,10,4.75,112.4,-90.0,12.4,10.0,-112.4,-1.1831578947368422,False,0.2906322250543783,9,46841.47999999994,"E (partida 0,10 / 2R)"
MNQ,london,2025-01-02,E,0.1,2.0,-1,2025-01-02 08:45:00+00:00,2025-01-02 08:45:00+00:00,2025-01-02 08:45:00+00:00,21348.0,21370.75,21302.5,21371.0,stop,2,22.75,94.48,-90.0,2.48,2.0,-94.48,-1.0382417582417582,False,-1.0885434081703724,8,46729.079999999936,"E (partida 0,10 / 2R)"
MNQ,london,2025-01-15,E,0.1,2.0,1,2025-01-15 09:30:00+00:00,2025-01-15 09:30:00+00:00,2025-01-15 09:45:00+00:00,20948.5,20938.25,20969.0,20969.0,objetivo,5,10.25,111.19999999999999,207.5,6.2,2.5,198.8,1.9395121951219514,False,0.2284628787219416,9,46634.59999999993,"E (partida 0,10 / 2R)"
MNQ,london,2025-01-23,E,0.1,2.0,1,2025-01-23 10:25:00+00:00,2025-01-23 10:25:00+00:00,2025-01-23 10:45:00+00:00,21894.0,21888.75,21904.5,21888.5,stop,9,5.25,110.16,-90.0,11.16,9.0,-110.16,-1.1657142857142857,False,0.11421830188216191,10,46833.399999999936,"E (partida 0,10 / 2R)"
MNQ,london,2025-02-10,E,0.1,2.0,-1,2025-02-10 09:10:00+00:00,2025-02-10 09:10:00+00:00,2025-02-10 09:10:00+00:00,21695.25,21702.75,21680.25,21703.0,stop,6,7.5,100.44,-87.0,7.4399999999999995,6.0,-100.44,-1.1159999999999999,False,-0.1651873853695769,9,46723.23999999993,"E (partida 0,10 / 2R)"
MNQ,london,2025-02-11,E,0.1,2.0,1,2025-02-11 09:05:00+00:00,2025-02-11 09:05:00+00:00,2025-02-11 09:20:00+00:00,21774.5,21759.75,21804.0,21759.5,stop,3,14.75,93.72,-87.0,3.7199999999999998,3.0,-93.72,-1.0589830508474576,False,0.7655364242303476,9,46622.79999999993,"E (partida 0,10 / 2R)"
MNQ,london,2025-02-14,E,0.1,2.0,1,2025-02-14 09:40:00+00:00,2025-02-14 09:40:00+00:00,2025-02-14 09:40:00+00:00,22136.25,22131.75,22145.25,22131.5,stop,10,4.5,107.4,-85.0,12.4,10.0,-107.4,-1.1933333333333334,False,0.32026592903834733,9,46529.07999999993,"E (partida 0,10 / 2R)"
MNQ,london,2025-02-18,E,0.1,2.0,-1,2025-02-18 08:45:00+00:00,2025-02-18 08:45:00+00:00,2025-02-18 08:45:00+00:00,22286.25,22292.5,22273.75,22292.75,stop,8,6.25,113.92,-96.0,9.92,8.0,-113.92,-1.1392,False,-0.04481360606136716,8,46421.67999999993,"E (partida 0,10 / 2R)"
MNQ,london,2025-02-21,E,0.1,2.0,1,2025-02-21 09:10:00+00:00,2025-02-21 09:10:00+00:00,2025-02-21 09:15:00+00:00,22144.75,22140.75,22152.75,22152.75,objetivo,11,4.0,107.14,181.5,13.64,5.5,162.36,1.8450000000000002,False,0.4405914219694869,9,46307.75999999993,"E (partida 0,10 / 2R)"
MNQ,london,2025-02-26,E,0.1,2.0,-1,2025-02-26 08:45:00+00:00,2025-02-26 08:45:00+00:00,2025-02-26 08:50:00+00:00,21276.5,21285.25,21259.0,21285.5,stop,6,8.75,115.44,-102.0,7.4399999999999995,6.0,-115.44,-1.0994285714285714,False,-0.3616896558835095,8,46470.11999999993,"E (partida 0,10 / 2R)"
MNQ,london,2025-03-28,E,0.1,2.0,1,2025-03-28 09:35:00+00:00,2025-03-28 09:35:00+00:00,2025-03-28 09:45:00+00:00,19925.75,19908.0,19961.25,19907.75,stop,3,17.75,111.72,-105.0,3.7199999999999998,3.0,-111.72,-1.0490140845070421,False,0.37707741201099243,9,46354.67999999993,"E (partida 0,10 / 2R)"
MNQ,london,2025-04-01,E,0.1,2.0,-1,2025-04-01 09:10:00+01:00,2025-04-01 09:10:00+01:00,2025-04-01 09:15:00+01:00,19402.75,19411.5,19385.25,19411.75,stop,6,8.75,115.44,-102.0,7.4399999999999995,6.0,-115.44,-1.0994285714285714,False,-0.8049343926931541,9,46242.95999999993,"E (partida 0,10 / 2R)"
MNQ,london,2025-04-04,E,0.1,2.0,-1,2025-04-04 09:05:00+01:00,2025-04-04 09:05:00+01:00,2025-04-04 09:15:00+01:00,18593.5,18612.0,18556.5,18612.25,stop,2,18.5,77.48,-73.0,2.48,2.0,-77.48,-1.047027027027027,False,-0.37557600603308616,9,46127.519999999924,"E (partida 0,10 / 2R)"
MNQ,london,2025-04-29,E,0.1,2.0,-1,2025-04-29 09:35:00+01:00,2025-04-29 09:35:00+01:00,2025-04-29 09:40:00+01:00,19571.25,19578.75,19556.25,19579.0,stop,6,7.5,100.44,-87.0,7.4399999999999995,6.0,-100.44,-1.1159999999999999,False,-0.37556889969563245,9,46050.03999999992,"E (partida 0,10 / 2R)"
MNQ,london,2025-05-22,E,0.1,2.0,-1,2025-05-22 08:55:00+01:00,2025-05-22 08:55:00+01:00,2025-05-22 08:55:00+01:00,21183.5,21191.25,21168.0,21191.5,stop,6,7.75,103.44,-90.0,7.4399999999999995,6.0,-103.44,-1.112258064516129,False,-0.4461871548337095,8,45949.59999999992,"E (partida 0,10 / 2R)"
MNQ,london,2025-05-23,E,0.1,2.0,-1,2025-05-23 10:15:00+01:00,2025-05-23 10:15:00+01:00,2025-05-23 10:15:00+01:00,21171.5,21190.0,21134.5,21190.25,stop,2,18.5,77.48,-73.0,2.48,2.0,-77.48,-1.047027027027027,False,-0.13319111793607363,10,45846.159999999916,"E (partida 0,10 / 2R)"
MNQ,london,2025-06-10,E,0.1,2.0,1,2025-06-10 10:00:00+01:00,2025-06-10 10:00:00+01:00,2025-06-10 10:20:00+01:00,21812.5,21800.0,21837.5,21837.5,objetivo,4,12.5,106.96,202.0,4.96,2.0,195.04,1.9504,False,0.16272334789169554,9,45768.67999999991,"E (partida 0,10 / 2R)"
MNQ,london,2025-06-13,E,0.1,2.0,-1,2025-06-13 09:55:00+01:00,2025-06-13 09:55:00+01:00,2025-06-13 09:55:00+01:00,21611.75,21619.75,21595.75,21620.0,stop,6,8.0,106.44,-93.0,7.4399999999999995,6.0,-106.44,-1.10875,False,-0.17756381790307613,9,45963.719999999914,"E (partida 0,10 / 2R)"
MNQ,london,2025-06-20,E,0.1,2.0,1,2025-06-20 08:50:00+01:00,2025-06-20 08:50:00+01:00,2025-06-20 09:25:00+01:00,21710.0,21694.25,21741.5,21694.0,stop,3,15.75,99.72,-93.0,3.7199999999999998,3.0,-99.72,-1.0552380952380953,False,0.8440630742768239,8,45857.27999999991,"E (partida 0,10 / 2R)"
MNQ,london,2025-06-24,E,0.1,2.0,-1,2025-06-24 09:05:00+01:00,2025-06-24 09:05:00+01:00,2025-06-24 09:25:00+01:00,22303.75,22329.0,22253.25,22329.25,stop,2,25.25,104.48,-100.0,2.48,2.0,-104.48,-1.0344554455445545,False,-0.7045499237136383,9,45757.55999999991,"E (partida 0,10 / 2R)"
MNQ,london,2025-07-30,E,0.1,2.0,1,2025-07-30 09:05:00+01:00,2025-07-30 09:05:00+01:00,2025-07-30 09:10:00+01:00,23508.5,23498.0,23529.5,23497.75,stop,5,10.5,113.69999999999999,-102.5,6.2,5.0,-113.7,-1.082857142857143,False,0.6906699863372845,9,45653.07999999991,"E (partida 0,10 / 2R)"
MNQ,london,2025-08-21,E,0.1,2.0,1,2025-08-21 09:10:00+01:00,2025-08-21 09:10:00+01:00,2025-08-21 09:10:00+01:00,23352.75,23343.0,23372.25,23342.75,stop,5,9.75,106.19999999999999,-95.0,6.2,5.0,-106.2,-1.0892307692307692,False,0.19670015252824816,9,45539.37999999991,"E (partida 0,10 / 2R)"
MNQ,london,2025-08-22,E,0.1,2.0,1,2025-08-22 08:45:00+01:00,2025-08-22 08:45:00+01:00,2025-08-22 08:55:00+01:00,23176.75,23168.0,23194.25,23194.25,objetivo,5,8.75,96.19999999999999,177.5,6.2,2.5,168.8,1.9291428571428573,False,0.4272197557195118,8,45433.17999999991,"E (partida 0,10 / 2R)"
MNQ,london,2025-08-26,E,0.1,2.0,1,2025-08-26 09:25:00+01:00,2025-08-26 09:25:00+01:00,2025-08-26 09:40:00+01:00,23455.75,23449.25,23468.75,23449.0,stop,7,6.5,103.18,-87.5,8.68,7.0,-103.18,-1.133846153846154,False,0.30266048471697654,9,45601.979999999916,"E (partida 0,10 / 2R)"
MNQ,london,2025-09-09,E,0.1,2.0,-1,2025-09-09 09:30:00+01:00,2025-09-09 09:30:00+01:00,2025-09-09 09:30:00+01:00,23849.25,23854.75,23838.25,23855.0,stop,8,5.5,101.92,-84.0,9.92,8.0,-101.92,-1.1581818181818182,False,-0.5654886463202633,9,45498.799999999916,"E (partida 0,10 / 2R)"
MNQ,london,2025-10-10,E,0.1,2.0,1,2025-10-10 09:25:00+01:00,2025-10-10 09:25:00+01:00,2025-10-10 09:45:00+01:00,25327.25,25321.75,25338.25,25338.25,objetivo,8,5.5,101.92,180.0,9.92,4.0,166.08,1.8872727272727274,False,0.3116102588592366,9,45396.87999999992,"E (partida 0,10 / 2R)"
MNQ,london,2025-10-14,E,0.1,2.0,1,2025-10-14 10:20:00+01:00,2025-10-14 10:20:00+01:00,2025-10-14 10:30:00+01:00,24690.25,24661.5,24747.75,24661.25,stop,1,28.75,59.24,-57.0,1.24,1.0,-59.24,-1.0302608695652173,False,0.14349952247275755,10,45562.95999999992,"E (partida 0,10 / 2R)"
MNQ,london,2025-10-23,E,0.1,2.0,-1,2025-10-23 10:05:00+01:00,2025-10-23 10:05:00+01:00,2025-10-23 10:05:00+01:00,25088.5,25092.75,25080.0,25080.0,objetivo,11,4.25,112.64,192.5,13.64,5.5,173.36,1.8541176470588236,False,-0.20558130999966379,10,45503.71999999992,"E (partida 0,10 / 2R)"
MNQ,london,2025-11-14,E,0.1,2.0,1,2025-11-14 09:25:00+00:00,2025-11-14 09:25:00+00:00,2025-11-14 09:30:00+00:00,24993.75,24974.25,25032.75,24974.0,stop,2,19.5,81.48,-77.0,2.48,2.0,-81.48,-1.0446153846153847,False,0.46228108199819,9,45677.07999999992,"E (partida 0,10 / 2R)"
MNQ,london,2025-11-17,E,0.1,2.0,-1,2025-11-17 09:35:00+00:00,2025-11-17 09:35:00+00:00,2025-11-17 10:15:00+00:00,25298.0,25320.25,25253.5,25253.5,objetivo,2,22.25,92.48,179.0,2.48,1.0,175.52,1.9721348314606744,False,-0.30289189524147286,9,45595.59999999992,"E (partida 0,10 / 2R)"
MNQ,london,2025-11-21,E,0.1,2.0,1,2025-11-21 08:55:00+00:00,2025-11-21 08:55:00+00:00,2025-11-21 09:15:00+00:00,24200.75,24152.25,24297.75,24152.0,stop,1,48.5,98.74,-96.5,1.24,1.0,-98.74,-1.017938144329897,False,0.23637573435610051,8,45771.119999999915,"E (partida 0,10 / 2R)"
MNQ,london,2026-01-09,E,0.1,2.0,-1,2026-01-09 09:05:00+00:00,2026-01-09 09:05:00+00:00,2026-01-09 09:20:00+00:00,25666.25,25681.75,25635.25,25682.0,stop,3,15.5,98.22,-91.5,3.7199999999999998,3.0,-98.22,-1.0561290322580645,False,-0.31959876991543107,9,45672.37999999992,"E (partida 0,10 / 2R)"
MNQ,london,2026-01-13,E,0.1,2.0,-1,2026-01-13 08:50:00+00:00,2026-01-13 08:50:00+00:00,2026-01-13 09:00:00+00:00,25906.25,25915.75,25887.25,25916.0,stop,5,9.5,103.69999999999999,-92.5,6.2,5.0,-103.7,-1.091578947368421,False,-0.08677743346349671,8,45574.159999999916,"E (partida 0,10 / 2R)"
MNQ,london,2026-01-14,E,0.1,2.0,1,2026-01-14 09:30:00+00:00,2026-01-14 09:30:00+00:00,2026-01-14 09:35:00+00:00,25866.0,25860.25,25877.5,25860.0,stop,8,5.75,105.92,-88.0,9.92,8.0,-105.92,-1.151304347826087,False,0.4016840218220352,9,45470.45999999992,"E (partida 0,10 / 2R)"
MNQ,london,2026-01-16,E,0.1,2.0,-1,2026-01-16 08:50:00+00:00,2026-01-16 08:50:00+00:00,2026-01-16 08:50:00+00:00,25817.0,25821.25,25808.5,25821.5,stop,11,4.25,112.64,-88.0,13.64,11.0,-112.64,-1.2047058823529413,False,-1.179768283643832,8,45364.53999999992,"E (partida 0,10 / 2R)"
MNQ,london,2026-01-19,E,0.1,2.0,1,2026-01-19 08:50:00+00:00,2026-01-19 08:50:00+00:00,2026-01-19 09:05:00+00:00,25384.0,25373.0,25406.0,25372.75,stop,4,11.0,94.96,-86.0,4.96,4.0,-94.96,-1.079090909090909,False,0.6185987901729106,8,45251.89999999992,"E (partida 0,10 / 2R)"
MNQ,london,2026-01-30,E,0.1,2.0,1,2026-01-30 09:10:00+00:00,2026-01-30 09:10:00+00:00,2026-01-30 09:10:00+00:00,25754.5,25743.75,25776.0,25743.5,stop,4,10.75,92.96,-84.0,4.96,4.0,-92.96,-1.0809302325581394,False,0.43290430363796356,9,45156.93999999992,"E (partida 0,10 / 2R)"
MNQ,london,2026-02-09,E,0.1,2.0,-1,2026-02-09 09:15:00+00:00,2026-02-09 09:15:00+00:00,2026-02-09 09:35:00+00:00,25158.5,25174.25,25127.0,25127.0,objetivo,3,15.75,99.72,190.5,3.7199999999999998,1.5,185.28,1.9606349206349207,False,-0.18066576395547046,9,45063.97999999992,"E (partida 0,10 / 2R)"
MNQ,london,2026-02-12,E,0.1,2.0,-1,2026-02-12 08:50:00+00:00,2026-02-12 08:50:00+00:00,2026-02-12 08:50:00+00:00,25329.75,25340.75,25307.75,25341.0,stop,4,11.0,94.96,-86.0,4.96,4.0,-94.96,-1.079090909090909,False,-0.5834736966095014,8,45249.25999999992,"E (partida 0,10 / 2R)"
MNQ,london,2026-03-20,E,0.1,2.0,-1,2026-03-20 09:15:00+00:00,2026-03-20 09:15:00+00:00,2026-03-20 09:40:00+00:00,24329.75,24360.25,24268.75,24268.75,objetivo,1,30.5,62.74,122.5,1.24,0.5,120.76,1.9796721311475411,False,-0.717902452975649,9,45154.29999999992,"E (partida 0,10 / 2R)"
MNQ,london,2026-03-24,E,0.1,2.0,-1,2026-03-24 08:55:00+00:00,2026-03-24 08:55:00+00:00,2026-03-24 09:10:00+00:00,24387.0,24422.25,24316.5,24316.5,objetivo,1,35.25,72.24,141.5,1.24,0.5,139.76,1.9824113475177303,False,-0.8096690344607043,8,45275.059999999925,"E (partida 0,10 / 2R)"
MNQ,london,2026-04-10,E,0.1,2.0,1,2026-04-10 10:35:00+01:00,2026-04-10 10:35:00+01:00,2026-04-10 10:50:00+01:00,25232.25,25221.5,25253.75,25253.75,objetivo,4,10.75,92.96,174.0,4.96,2.0,167.04,1.9423255813953488,False,0.2178580013177385,10,45414.81999999993,"E (partida 0,10 / 2R)"
MNQ,london,2026-04-20,E,0.1,2.0,-1,2026-04-20 09:05:00+01:00,2026-04-20 09:05:00+01:00,2026-04-20 09:25:00+01:00,26641.0,26673.0,26577.0,26673.25,stop,1,32.0,65.74,-63.5,1.24,1.0,-65.74,-1.0271875,False,-0.5036693997096318,9,45581.85999999993,"E (partida 0,10 / 2R)"
MNQ,london,2026-04-28,E,0.1,2.0,1,2026-04-28 09:55:00+01:00,2026-04-28 09:55:00+01:00,2026-04-28 10:05:00+01:00,27342.75,27333.5,27361.25,27333.25,stop,5,9.25,101.19999999999999,-90.0,6.2,5.0,-101.2,-1.094054054054054,False,0.2573188761139939,9,45516.11999999993,"E (partida 0,10 / 2R)"
MNQ,london,2026-05-26,E,0.1,2.0,1,2026-05-26 09:55:00+01:00,2026-05-26 09:55:00+01:00,2026-05-26 10:45:00+01:00,29805.0,29784.0,29847.0,29847.0,objetivo,2,21.0,87.48,169.0,2.48,1.0,165.52,1.9704761904761905,False,0.15257347343309247,9,45414.91999999993,"E (partida 0,10 / 2R)"
MNQ,london,2026-06-09,E,0.1,2.0,-1,2026-06-09 08:50:00+01:00,2026-06-09 08:50:00+01:00,2026-06-09 08:50:00+01:00,29623.75,29638.75,29593.75,29593.75,objetivo,3,15.0,95.22,181.5,3.7199999999999998,1.5,176.28,1.9586666666666668,False,-0.7786905832556255,8,45580.43999999993,"E (partida 0,10 / 2R)"
MNQ,london,2026-06-10,E,0.1,2.0,-1,2026-06-10 08:50:00+01:00,2026-06-10 08:50:00+01:00,2026-06-10 08:55:00+01:00,28949.5,28966.5,28915.5,28966.75,stop,3,17.0,107.22,-100.5,3.7199999999999998,3.0,-107.22,-1.0511764705882354,False,-0.26685866480016024,8,45756.71999999993,"E (partida 0,10 / 2R)"
MNQ,london,2026-06-22,E,0.1,2.0,-1,2026-06-22 09:40:00+01:00,2026-06-22 09:40:00+01:00,2026-06-22 09:40:00+01:00,30726.75,30730.25,30719.75,30730.5,stop,13,3.5,113.62,-84.5,16.12,13.0,-113.62,-1.2485714285714287,True,-0.6938569584736384,9,45649.49999999993,"E (partida 0,10 / 2R)"
MNQ,london,2026-06-24,E,0.1,2.0,1,2026-06-24 09:30:00+01:00,2026-06-24 09:30:00+01:00,2026-06-24 09:45:00+01:00,29838.0,29817.25,29879.5,29817.0,stop,2,20.75,86.48,-82.0,2.48,2.0,-86.48,-1.0419277108433735,False,0.2750824683134909,9,45535.879999999925,"E (partida 0,10 / 2R)"
MNQ,london,2026-06-25,E,0.1,2.0,-1,2026-06-25 10:10:00+01:00,2026-06-25 10:10:00+01:00,2026-06-25 10:30:00+01:00,30134.25,30151.25,30100.25,30151.5,stop,3,17.0,107.22,-100.5,3.7199999999999998,3.0,-107.22,-1.0511764705882354,False,-0.24842041328764877,10,45449.39999999992,"E (partida 0,10 / 2R)"
MNQ,london,2026-07-14,E,0.1,2.0,-1,2026-07-14 09:15:00+01:00,2026-07-14 09:15:00+01:00,2026-07-14 09:15:00+01:00,29581.75,29585.25,29574.75,29585.5,stop,12,3.5,104.88,-78.0,14.879999999999999,12.0,-104.88,-1.2485714285714284,False,-0.15766055762721062,9,45342.17999999992,"E (partida 0,10 / 2R)"
MNQ,london,2026-07-23,E,0.1,2.0,1,2026-07-23 09:45:00+01:00,2026-07-23 09:45:00+01:00,2026-07-23 09:45:00+01:00,29036.75,29030.5,29049.25,29049.25,objetivo,7,6.25,99.68,178.5,8.68,3.5,166.32,1.9007999999999998,False,0.28835400439097086,9,45237.29999999992,"E (partida 0,10 / 2R)"
MNQ,london,2026-07-27,E,0.1,2.0,-1,2026-07-27 09:05:00+01:00,2026-07-27 09:05:00+01:00,2026-07-27 09:15:00+01:00,28680.0,28701.5,28637.0,28701.75,stop,2,21.5,89.48,-85.0,2.48,2.0,-89.48,-1.04046511627907,False,-0.6705711524688114,9,45403.61999999992,"E (partida 0,10 / 2R)"
MNQ,london,2026-07-31,E,0.1,2.0,1,2026-07-31 08:55:00+01:00,2026-07-31 08:55:00+01:00,2026-07-31 09:00:00+01:00,28578.5,28542.25,28651.0,28542.0,stop,1,36.25,74.24,-72.0,1.24,1.0,-74.24,-1.024,False,0.7768126747690098,8,45314.13999999992,"E (partida 0,10 / 2R)"
MNQ,london,2026-08-31,E,0.1,2.0,-1,2026-08-31 09:55:00+01:00,2026-08-31 09:55:00+01:00,2026-08-31 10:10:00+01:00,29488.5,29498.75,29468.0,29499.0,stop,5,10.25,111.19999999999999,-100.0,6.2,5.0,-111.2,-1.0848780487804879,False,-0.2232321517157723,9,45239.89999999992,"E (partida 0,10 / 2R)"
MNQ,london,2026-09-02,E,0.1,2.0,-1,2026-09-02 09:15:00+01:00,2026-09-02 09:15:00+01:00,2026-09-02 09:15:00+01:00,29073.5,29087.5,29045.5,29087.75,stop,3,14.0,89.22,-82.5,3.7199999999999998,3.0,-89.22,-1.062142857142857,False,-0.3376843310468342,9,45128.699999999924,"E (partida 0,10 / 2R)"
MNQ,london,2026-09-02,E,0.1,2.0,-1,2026-09-02 09:35:00+01:00,2026-09-02 09:35:00+01:00,2026-09-02 09:50:00+01:00,29049.25,29069.0,29009.75,29009.75,objetivo,2,19.75,82.48,159.0,2.48,1.0,155.52,1.968607594936709,False,-0.29507241550416047,9,45039.47999999992,"E (partida 0,10 / 2R)"
MNQ,london,2026-09-16,E,0.1,2.0,-1,2026-09-16 09:25:00+01:00,2026-09-16 09:25:00+01:00,2026-09-16 09:30:00+01:00,29044.5,29073.5,28986.5,29073.75,stop,1,29.0,59.74,-57.5,1.24,1.0,-59.74,-1.03,False,-0.8379325469916442,9,45194.99999999992,"E (partida 0,10 / 2R)"
MNQ,london,2026-09-22,E,0.1,2.0,1,2026-09-22 10:15:00+01:00,2026-09-22 10:15:00+01:00,2026-09-22 10:15:00+01:00,30763.75,30752.75,30785.75,30785.75,objetivo,4,11.0,94.96,178.0,4.96,2.0,171.04,1.9436363636363636,False,0.31926971118600667,10,45135.25999999992,"E (partida 0,10 / 2R)"
MNQ,london,2018-01-22,F,0.1,2.0,-1,2018-01-22 09:20:00+00:00,2018-01-22 09:20:00+00:00,2018-01-22 11:00:00+00:00,6837.25,6841.5,6828.75,6841.0,cierre_sesion,12,4.25,122.88,-78.0,14.879999999999999,12.0,-104.88,-1.028235294117647,False,-0.10504416408648985,9,50000.0,"F (partida 0,10 / 2R)"
MNQ,london,2018-02-05,F,0.1,2.0,1,2018-02-05 09:10:00+00:00,2018-02-05 09:10:00+00:00,2018-02-05 09:25:00+00:00,6750.5,6747.0,6757.5,6746.75,stop,14,3.5,122.36,-91.0,17.36,14.0,-122.36,-1.2485714285714287,False,0.3131693815439352,9,49895.12,"F (partida 0,10 / 2R)"
MNQ,london,2018-02-23,F,0.1,2.0,1,2018-02-23 09:55:00+00:00,2018-02-23 09:55:00+00:00,2018-02-23 09:55:00+00:00,6817.25,6812.5,6826.75,6812.25,stop,11,4.75,123.64,-99.0,13.64,11.0,-123.64,-1.1831578947368422,False,0.1363659561723453,9,49772.76,"F (partida 0,10 / 2R)"
MNQ,london,2018-02-27,F,0.1,2.0,-1,2018-02-27 08:35:00+00:00,2018-02-27 08:35:00+00:00,2018-02-27 10:35:00+00:00,6986.0,6992.0,6974.0,6992.25,stop,9,6.0,123.66,-103.5,11.16,9.0,-123.66,-1.145,False,-0.8893473526198982,8,49649.12,"F (partida 0,10 / 2R)"
MNQ,london,2018-04-11,F,0.1,2.0,-1,2018-04-11 09:20:00+01:00,2018-04-11 09:20:00+01:00,2018-04-11 09:40:00+01:00,6589.0,6595.25,6576.5,6595.5,stop,8,6.25,113.92,-96.0,9.92,8.0,-113.92,-1.1392,False,-0.7342869356795292,9,49525.46,"F (partida 0,10 / 2R)"
MNQ,london,2018-04-16,F,0.1,2.0,1,2018-04-16 09:05:00+01:00,2018-04-16 09:05:00+01:00,2018-04-16 10:15:00+01:00,6667.0,6659.5,6682.0,6682.0,objetivo,7,7.5,117.17999999999999,213.5,8.68,3.5,201.32,1.9173333333333333,False,0.45737271230998044,9,49411.54,"F (partida 0,10 / 2R)"
MNQ,london,2018-05-15,F,0.1,2.0,-1,2018-05-15 09:20:00+01:00,2018-05-15 09:20:00+01:00,2018-05-15 09:25:00+01:00,6951.5,6955.0,6944.5,6955.25,stop,14,3.5,122.36,-91.0,17.36,14.0,-122.36,-1.2485714285714287,False,-0.10342506699092299,9,49612.86,"F (partida 0,10 / 2R)"
MNQ,london,2018-08-16,F,0.1,2.0,1,2018-08-16 09:25:00+01:00,2018-08-16 09:25:00+01:00,2018-08-16 11:00:00+01:00,7411.5,7406.0,7422.5,7415.0,cierre_sesion,9,5.5,114.66,72.0,11.16,9.0,51.84,0.5236363636363637,False,0.23010183779943075,9,49490.5,"F (partida 0,10 / 2R)"
MNQ,london,2018-08-17,F,0.1,2.0,-1,2018-08-17 10:20:00+01:00,2018-08-17 10:20:00+01:00,2018-08-17 10:45:00+01:00,7382.25,7388.0,7370.75,7370.75,objetivo,9,5.75,119.16,211.5,11.16,4.5,195.84,1.8921739130434783,False,-0.1745493247476679,10,49542.34,"F (partida 0,10 / 2R)"
MNQ,london,2018-09-03,F,0.1,2.0,1,2018-09-03 09:05:00+01:00,2018-09-03 09:05:00+01:00,2018-09-03 11:00:00+01:00,7673.0,7665.5,7688.0,7671.0,cierre_sesion,7,7.5,117.17999999999999,-21.0,8.68,7.0,-36.68,-0.34933333333333333,False,0.42599240725633003,9,49738.17999999999,"F (partida 0,10 / 2R)"
MNQ,london,2018-10-11,F,0.1,2.0,-1,2018-10-11 09:20:00+01:00,2018-10-11 09:20:00+01:00,2018-10-11 09:20:00+01:00,6988.75,6993.0,6980.25,6993.25,stop,12,4.25,122.88,-96.0,14.879999999999999,12.0,-122.88,-1.204705882352941,False,-0.6332232546760511,9,49701.49999999999,"F (partida 0,10 / 2R)"
MNQ,london,2018-10-29,F,0.1,2.0,-1,2018-10-29 09:05:00+00:00,2018-10-29 09:05:00+00:00,2018-10-29 09:10:00+00:00,6895.5,6902.75,6881.0,6903.0,stop,7,7.25,113.68,-98.0,8.68,7.0,-113.68,-1.12,False,-0.1545061446550892,9,49578.619999999995,"F (partida 0,10 / 2R)"
MNQ,london,2018-11-27,F,0.1,2.0,1,2018-11-27 09:10:00+00:00,2018-11-27 09:10:00+00:00,2018-11-27 10:15:00+00:00,6665.0,6652.75,6689.5,6652.5,stop,4,12.25,104.96,-96.0,4.96,4.0,-104.96,-1.0710204081632653,False,0.23007084650165788,9,49464.939999999995,"F (partida 0,10 / 2R)"
MNQ,london,2018-11-29,F,0.1,2.0,-1,2018-11-29 09:10:00+00:00,2018-11-29 09:10:00+00:00,2018-11-29 11:00:00+00:00,6883.75,6893.0,6865.25,6874.5,cierre_sesion,6,9.25,121.44,117.0,7.4399999999999995,6.0,103.56,0.932972972972973,False,-0.4353502942594208,9,49359.979999999996,"F (partida 0,10 / 2R)"
MNQ,london,2018-12-04,F,0.1,2.0,-1,2018-12-04 09:35:00+00:00,2018-12-04 09:35:00+00:00,2018-12-04 10:10:00+00:00,7002.25,7010.25,6986.25,7010.5,stop,6,8.0,106.44,-93.0,7.4399999999999995,6.0,-106.44,-1.10875,False,-0.3516687739974568,9,49463.53999999999,"F (partida 0,10 / 2R)"
MNQ,london,2018-12-12,F,0.1,2.0,1,2018-12-12 08:45:00+00:00,2018-12-12 08:45:00+00:00,2018-12-12 09:25:00+00:00,6762.75,6750.75,6786.75,6786.75,objetivo,4,12.0,102.96,194.0,4.96,2.0,187.04,1.9483333333333333,False,1.2107471657397506,8,49357.09999999999,"F (partida 0,10 / 2R)"
MNQ,london,2019-01-25,F,0.1,2.0,1,2019-01-25 08:50:00+00:00,2019-01-25 08:50:00+00:00,2019-01-25 09:55:00+00:00,6733.75,6727.25,6746.75,6727.0,stop,8,6.5,117.92,-100.0,9.92,8.0,-117.92,-1.133846153846154,False,0.5513114086066446,8,49544.13999999999,"F (partida 0,10 / 2R)"
MNQ,london,2019-02-07,F,0.1,2.0,-1,2019-02-07 10:20:00+00:00,2019-02-07 10:20:00+00:00,2019-02-07 11:00:00+00:00,6958.25,6972.0,6930.75,6958.75,cierre_sesion,4,13.75,116.96,-0.0,4.96,4.0,-8.96,-0.08145454545454546,False,-0.18921878989144694,10,49426.219999999994,"F (partida 0,10 / 2R)"
MNQ,london,2019-03-01,F,0.1,2.0,1,2019-03-01 08:45:00+00:00,2019-03-01 08:45:00+00:00,2019-03-01 08:50:00+00:00,7147.25,7142.5,7156.75,7156.75,objetivo,10,4.75,112.4,195.0,12.4,5.0,177.6,1.8694736842105262,False,0.2882336851767094,8,49417.259999999995,"F (partida 0,10 / 2R)"
MNQ,london,2019-03-26,F,0.1,2.0,-1,2019-03-26 08:40:00+00:00,2019-03-26 08:40:00+00:00,2019-03-26 09:05:00+00:00,7362.25,7366.25,7354.25,7366.5,stop,12,4.0,116.88,-90.0,14.879999999999999,12.0,-116.88,-1.2175,False,-0.5976571883953518,8,49594.85999999999,"F (partida 0,10 / 2R)"
MNQ,london,2019-04-18,F,0.1,2.0,-1,2019-04-18 08:50:00+01:00,2019-04-18 08:50:00+01:00,2019-04-18 09:30:00+01:00,7667.25,7672.5,7656.75,7672.75,stop,10,5.25,122.4,-100.0,12.4,10.0,-122.4,-1.1657142857142857,False,-0.8645412889709311,8,49477.979999999996,"F (partida 0,10 / 2R)"
MNQ,london,2019-05-06,F,0.1,2.0,-1,2019-05-06 09:20:00+01:00,2019-05-06 09:20:00+01:00,2019-05-06 09:35:00+01:00,7701.0,7706.5,7690.0,7690.0,objetivo,9,5.5,114.66,202.5,11.16,4.5,186.84,1.8872727272727272,False,-0.194590265213793,9,49355.579999999994,"F (partida 0,10 / 2R)"
MNQ,london,2019-05-08,F,0.1,2.0,-1,2019-05-08 10:05:00+01:00,2019-05-08 10:05:00+01:00,2019-05-08 10:15:00+01:00,7667.25,7675.75,7650.25,7676.0,stop,6,8.5,112.44,-99.0,7.4399999999999995,6.0,-112.44,-1.1023529411764705,False,-0.43245103861837464,10,49542.41999999999,"F (partida 0,10 / 2R)"
MNQ,london,2019-05-16,F,0.1,2.0,-1,2019-05-16 08:35:00+01:00,2019-05-16 08:35:00+01:00,2019-05-16 08:35:00+01:00,7482.25,7486.5,7473.75,7486.75,stop,12,4.25,122.88,-96.0,14.879999999999999,12.0,-122.88,-1.204705882352941,False,-0.6825724274645675,8,49429.97999999999,"F (partida 0,10 / 2R)"
MNQ,london,2019-06-10,F,0.1,2.0,1,2019-06-10 08:55:00+01:00,2019-06-10 08:55:00+01:00,2019-06-10 09:15:00+01:00,7449.75,7443.25,7462.75,7443.0,stop,8,6.5,117.92,-100.0,9.92,8.0,-117.92,-1.133846153846154,False,0.48036360825125407,8,49307.09999999999,"F (partida 0,10 / 2R)"
MNQ,london,2019-07-08,F,0.1,2.0,-1,2019-07-08 10:15:00+01:00,2019-07-08 10:15:00+01:00,2019-07-08 11:00:00+01:00,7822.5,7834.5,7798.5,7824.0,cierre_sesion,4,12.0,102.96,-8.0,4.96,4.0,-16.96,-0.17666666666666667,False,-0.10575255723235231,10,49189.17999999999,"F (partida 0,10 / 2R)"
MNQ,london,2019-07-11,F,0.1,2.0,1,2019-07-11 10:10:00+01:00,2019-07-11 10:10:00+01:00,2019-07-11 11:00:00+01:00,7959.5,7949.25,7980.0,7959.75,cierre_sesion,5,10.25,111.19999999999999,7.5,6.2,5.0,-3.7,-0.03609756097560976,False,0.3328250481144955,10,49172.219999999994,"F (partida 0,10 / 2R)"
MNQ,london,2019-08-22,F,0.1,2.0,-1,2019-08-22 09:35:00+01:00,2019-08-22 09:35:00+01:00,2019-08-22 09:50:00+01:00,7725.0,7735.75,7703.5,7736.0,stop,5,10.75,116.19999999999999,-105.0,6.2,5.0,-116.2,-1.0809302325581396,False,-0.3896994854466014,9,49168.52,"F (partida 0,10 / 2R)"
MNQ,london,2019-09-11,F,0.1,2.0,1,2019-09-11 08:50:00+01:00,2019-09-11 08:50:00+01:00,2019-09-11 09:05:00+01:00,7834.5,7827.5,7848.5,7827.25,stop,7,7.0,110.18,-94.5,8.68,7.0,-110.18,-1.1242857142857143,False,0.4276815068124375,8,49052.32,"F (partida 0,10 / 2R)"
MNQ,london,2019-09-11,F,0.1,2.0,-1,2019-09-11 10:05:00+01:00,2019-09-11 10:05:00+01:00,2019-09-11 11:00:00+01:00,7805.75,7825.5,7766.25,7812.5,cierre_sesion,2,19.75,82.48,-25.0,2.48,2.0,-29.48,-0.37316455696202533,False,-0.33020251592941013,10,48942.14,"F (partida 0,10 / 2R)"
MNQ,london,2019-09-13,F,0.1,2.0,-1,2019-09-13 09:45:00+01:00,2019-09-13 09:45:00+01:00,2019-09-13 10:25:00+01:00,7935.75,7943.5,7920.25,7943.75,stop,7,7.75,120.67999999999999,-105.0,8.68,7.0,-120.68,-1.112258064516129,False,-0.1641541267237428,9,48912.659999999996,"F (partida 0,10 / 2R)"
MNQ,london,2019-09-30,F,0.1,2.0,1,2019-09-30 08:45:00+01:00,2019-09-30 08:45:00+01:00,2019-09-30 08:45:00+01:00,7737.75,7733.25,7746.75,7733.0,stop,11,4.5,118.14,-93.5,13.64,11.0,-118.14,-1.1933333333333334,False,0.30368442688527697,8,48791.979999999996,"F (partida 0,10 / 2R)"
MNQ,london,2019-09-30,F,0.1,2.0,1,2019-09-30 09:05:00+01:00,2019-09-30 09:05:00+01:00,2019-09-30 11:00:00+01:00,7747.5,7734.0,7774.5,7743.0,cierre_sesion,4,13.5,114.96,-32.0,4.96,4.0,-40.96,-0.37925925925925924,False,0.20124477349881995,9,48673.84,"F (partida 0,10 / 2R)"
MNQ,london,2019-10-04,F,0.1,2.0,1,2019-10-04 09:20:00+01:00,2019-10-04 09:20:00+01:00,2019-10-04 09:25:00+01:00,7656.25,7652.0,7664.75,7651.75,stop,11,4.25,112.64,-88.0,13.64,11.0,-112.64,-1.2047058823529413,False,0.1616075920281827,9,48632.88,"F (partida 0,10 / 2R)"
MNQ,london,2019-11-11,F,0.1,2.0,-1,2019-11-11 09:10:00+00:00,2019-11-11 09:10:00+00:00,2019-11-11 09:30:00+00:00,8216.5,8225.75,8198.0,8226.0,stop,5,9.25,101.19999999999999,-90.0,6.2,5.0,-101.2,-1.094054054054054,False,-0.6292248805561445,9,48520.24,"F (partida 0,10 / 2R)"
MNQ,london,2019-11-14,F,0.1,2.0,1,2019-11-14 10:05:00+00:00,2019-11-14 10:05:00+00:00,2019-11-14 11:00:00+00:00,8270.25,8252.25,8306.25,8253.75,cierre_sesion,3,18.0,113.22,-96.0,3.7199999999999998,3.0,-102.72,-0.9511111111111111,False,0.14244628318527464,10,48419.04,"F (partida 0,10 / 2R)"
MNQ,london,2019-11-21,F,0.1,2.0,1,2019-11-21 09:15:00+00:00,2019-11-21 09:15:00+00:00,2019-11-21 09:15:00+00:00,8275.75,8271.25,8284.75,8271.0,stop,11,4.5,118.14,-93.5,13.64,11.0,-118.14,-1.1933333333333334,False,0.4960429409252683,9,48316.32,"F (partida 0,10 / 2R)"
MNQ,london,2019-12-03,F,0.1,2.0,1,2019-12-03 08:35:00+00:00,2019-12-03 08:35:00+00:00,2019-12-03 09:35:00+00:00,8329.5,8325.5,8337.5,8325.25,stop,12,4.0,116.88,-90.0,14.879999999999999,12.0,-116.88,-1.2175,False,0.5808881977730036,8,48198.18,"F (partida 0,10 / 2R)"
MNQ,london,2019-12-13,F,0.1,2.0,1,2019-12-13 08:45:00+00:00,2019-12-13 08:45:00+00:00,2019-12-13 08:45:00+00:00,8512.0,8508.25,8519.5,8508.0,stop,13,3.75,120.12,-91.0,16.12,13.0,-120.12,-1.232,False,0.27306037984916176,8,48081.3,"F (partida 0,10 / 2R)"
MNQ,london,2019-12-19,F,0.1,2.0,-1,2019-12-19 08:45:00+00:00,2019-12-19 08:45:00+00:00,2019-12-19 09:00:00+00:00,8584.5,8590.75,8572.0,8591.0,stop,8,6.25,113.92,-96.0,9.92,8.0,-113.92,-1.1392,False,-0.9296045975148998,8,47961.18,"F (partida 0,10 / 2R)"
MNQ,london,2020-01-27,F,0.1,2.0,-1,2020-01-27 09:15:00+00:00,2020-01-27 09:15:00+00:00,2020-01-27 09:45:00+00:00,9020.75,9033.5,8995.25,8995.25,objetivo,4,12.75,108.96,206.0,4.96,2.0,199.04,1.9513725490196077,False,-0.3114972812834249,9,47847.26,"F (partida 0,10 / 2R)"
MNQ,london,2020-02-26,F,0.1,2.0,-1,2020-02-26 08:35:00+00:00,2020-02-26 08:35:00+00:00,2020-02-26 08:40:00+00:00,8872.25,8889.75,8837.25,8837.25,objetivo,3,17.5,110.22,211.5,3.7199999999999998,1.5,206.28,1.9645714285714286,False,-0.9499627160964301,8,48046.3,"F (partida 0,10 / 2R)"
MNQ,london,2020-03-09,F,0.1,2.0,1,2020-03-09 09:25:00+00:00,2020-03-09 09:25:00+00:00,2020-03-09 11:00:00+00:00,8117.0,8093.0,8165.0,8093.0,cierre_sesion,2,24.0,99.48,-94.0,2.48,2.0,-98.48,-1.0258333333333334,False,6.546665285851029,9,48252.58,"F (partida 0,10 / 2R)"
MNQ,london,2020-03-10,F,0.1,2.0,1,2020-03-10 08:40:00+00:00,2020-03-10 08:40:00+00:00,2020-03-10 08:50:00+00:00,8235.25,8220.5,8264.75,8264.75,objetivo,3,14.75,93.72,178.5,3.7199999999999998,1.5,173.28,1.9579661016949153,False,0.25150695337154455,8,48154.1,"F (partida 0,10 / 2R)"
MNQ,london,2020-04-03,F,0.1,2.0,-1,2020-04-03 09:35:00+01:00,2020-04-03 09:35:00+01:00,2020-04-03 10:00:00+01:00,7528.5,7544.75,7496.0,7545.0,stop,3,16.25,102.72,-96.0,3.7199999999999998,3.0,-102.72,-1.0535384615384615,False,-0.12854869759684207,9,48327.38,"F (partida 0,10 / 2R)"
MNQ,london,2020-04-21,F,0.1,2.0,-1,2020-04-21 08:40:00+01:00,2020-04-21 08:40:00+01:00,2020-04-21 09:00:00+01:00,8658.0,8678.25,8617.5,8678.5,stop,2,20.25,84.48,-80.0,2.48,2.0,-84.48,-1.042962962962963,False,-0.9872788242587776,8,48224.659999999996,"F (partida 0,10 / 2R)"
MNQ,london,2020-04-27,F,0.1,2.0,1,2020-04-27 08:45:00+01:00,2020-04-27 08:45:00+01:00,2020-04-27 08:50:00+01:00,8874.0,8866.25,8889.5,8889.5,objetivo,6,7.75,103.44,189.0,7.4399999999999995,3.0,178.56,1.92,False,0.4653536378151279,8,48140.17999999999,"F (partida 0,10 / 2R)"
MNQ,london,2020-06-03,F,0.1,2.0,1,2020-06-03 08:50:00+01:00,2020-06-03 08:50:00+01:00,2020-06-03 08:55:00+01:00,9687.25,9680.25,9701.25,9680.0,stop,7,7.0,110.18,-94.5,8.68,7.0,-110.18,-1.1242857142857143,False,0.48962875073296624,8,48318.73999999999,"F (partida 0,10 / 2R)"
MNQ,london,2020-06-10,F,0.1,2.0,-1,2020-06-10 10:05:00+01:00,2020-06-10 10:05:00+01:00,2020-06-10 11:00:00+01:00,9973.25,10000.75,9918.25,9988.5,cierre_sesion,2,27.5,113.48,-59.0,2.48,2.0,-63.48,-0.5770909090909091,False,-0.30465997076239776,10,48208.55999999999,"F (partida 0,10 / 2R)"
MNQ,london,2020-06-29,F,0.1,2.0,-1,2020-06-29 09:20:00+01:00,2020-06-29 09:20:00+01:00,2020-06-29 09:20:00+01:00,9825.25,9836.0,9803.75,9836.25,stop,5,10.75,116.19999999999999,-105.0,6.2,5.0,-116.2,-1.0809302325581396,False,-0.43193091478543694,9,48145.07999999999,"F (partida 0,10 / 2R)"
MNQ,london,2020-07-15,F,0.1,2.0,1,2020-07-15 09:10:00+01:00,2020-07-15 09:10:00+01:00,2020-07-15 09:15:00+01:00,10702.25,10697.0,10712.75,10696.75,stop,9,5.25,110.16,-90.0,11.16,9.0,-110.16,-1.1657142857142857,False,0.2070640029946238,9,48028.87999999999,"F (partida 0,10 / 2R)"
MNQ,london,2020-08-03,F,0.1,2.0,1,2020-08-03 09:05:00+01:00,2020-08-03 09:05:00+01:00,2020-08-03 09:35:00+01:00,10948.75,10930.75,10984.75,10930.5,stop,3,18.0,113.22,-106.5,3.7199999999999998,3.0,-113.22,-1.0483333333333333,False,0.46866929161733956,9,47918.71999999999,"F (partida 0,10 / 2R)"
MNQ,london,2020-08-13,F,0.1,2.0,-1,2020-08-13 09:10:00+01:00,2020-08-13 09:10:00+01:00,2020-08-13 09:40:00+01:00,11100.0,11115.5,11069.0,11115.75,stop,3,15.5,98.22,-91.5,3.7199999999999998,3.0,-98.22,-1.0561290322580645,False,-0.5373697886078322,9,47805.499999999985,"F (partida 0,10 / 2R)"
MNQ,london,2020-09-09,F,0.1,2.0,1,2020-09-09 08:35:00+01:00,2020-09-09 08:35:00+01:00,2020-09-09 10:45:00+01:00,11180.25,11134.0,11272.75,11272.75,objetivo,1,46.25,94.24,185.5,1.24,0.5,183.76,1.9865945945945944,False,0.5647510420313183,8,47707.279999999984,"F (partida 0,10 / 2R)"
MNQ,london,2020-09-15,F,0.1,2.0,1,2020-09-15 08:55:00+01:00,2020-09-15 08:55:00+01:00,2020-09-15 10:00:00+01:00,11331.25,11318.25,11357.25,11357.25,objetivo,4,13.0,110.96,210.0,4.96,2.0,203.04,1.9523076923076923,False,0.20289420049706938,8,47891.039999999986,"F (partida 0,10 / 2R)"
MNQ,london,2020-09-18,F,0.1,2.0,1,2020-09-18 09:40:00+01:00,2020-09-18 09:40:00+01:00,2020-09-18 10:30:00+01:00,11123.75,11110.0,11151.25,11151.25,objetivo,4,13.75,116.96,222.0,4.96,2.0,215.04,1.954909090909091,False,0.20999877129575614,9,48094.07999999999,"F (partida 0,10 / 2R)"
MNQ,london,2020-10-02,F,0.1,2.0,-1,2020-10-02 09:00:00+01:00,2020-10-02 09:00:00+01:00,2020-10-02 09:25:00+01:00,11384.0,11397.0,11358.0,11397.25,stop,4,13.0,110.96,-102.0,4.96,4.0,-110.96,-1.0669230769230769,False,-0.3414309247328952,8,48309.11999999999,"F (partida 0,10 / 2R)"
MNQ,london,2020-10-06,F,0.1,2.0,-1,2020-10-06 08:50:00+01:00,2020-10-06 08:50:00+01:00,2020-10-06 09:00:00+01:00,11441.25,11448.5,11426.75,11426.75,objetivo,7,7.25,113.68,206.5,8.68,3.5,194.32,1.9144827586206896,False,-0.6616641773404421,8,48198.15999999999,"F (partida 0,10 / 2R)"
MNQ,london,2020-10-12,F,0.1,2.0,1,2020-10-12 09:00:00+01:00,2020-10-12 09:00:00+01:00,2020-10-12 09:20:00+01:00,11797.5,11777.75,11837.0,11837.0,objetivo,2,19.75,82.48,159.0,2.48,1.0,155.52,1.968607594936709,False,0.272894824164365,8,48392.47999999999,"F (partida 0,10 / 2R)"
MNQ,london,2020-10-22,F,0.1,2.0,1,2020-10-22 09:00:00+01:00,2020-10-22 09:00:00+01:00,2020-10-22 09:30:00+01:00,11642.5,11628.0,11671.5,11671.5,objetivo,3,14.5,92.22,175.5,3.7199999999999998,1.5,170.28,1.957241379310345,False,0.39792701252482765,8,48547.999999999985,"F (partida 0,10 / 2R)"
MNQ,london,2020-10-27,F,0.1,2.0,1,2020-10-27 09:05:00+00:00,2020-10-27 09:05:00+00:00,2020-10-27 09:05:00+00:00,11527.0,11522.0,11537.0,11521.75,stop,10,5.0,117.4,-95.0,12.4,10.0,-117.4,-1.1740000000000002,False,0.11568610188909971,9,48718.279999999984,"F (partida 0,10 / 2R)"
MNQ,london,2020-11-04,F,0.1,2.0,1,2020-11-04 08:35:00+00:00,2020-11-04 08:35:00+00:00,2020-11-04 08:40:00+00:00,11553.0,11522.75,11613.5,11522.5,stop,1,30.25,62.24,-60.0,1.24,1.0,-62.24,-1.0287603305785125,False,1.4496410997041025,8,48600.87999999998,"F (partida 0,10 / 2R)"
MNQ,london,2020-11-11,F,0.1,2.0,1,2020-11-11 08:40:00+00:00,2020-11-11 08:40:00+00:00,2020-11-11 11:00:00+00:00,11703.5,11664.75,11781.0,11740.75,cierre_sesion,1,38.75,79.24,75.5,1.24,1.0,73.26,0.9452903225806453,False,1.2871835907384162,8,48538.639999999985,"F (partida 0,10 / 2R)"
MNQ,london,2020-11-12,F,0.1,2.0,1,2020-11-12 08:40:00+00:00,2020-11-12 08:40:00+00:00,2020-11-12 08:50:00+00:00,11855.75,11842.5,11882.25,11842.25,stop,4,13.25,112.96,-104.0,4.96,4.0,-112.96,-1.0656603773584905,False,0.24322007498069517,8,48611.89999999999,"F (partida 0,10 / 2R)"
MNQ,london,2020-11-25,F,0.1,2.0,-1,2020-11-25 08:50:00+00:00,2020-11-25 08:50:00+00:00,2020-11-25 09:15:00+00:00,12103.75,12117.75,12075.75,12118.0,stop,4,14.0,118.96,-110.0,4.96,4.0,-118.96,-1.062142857142857,False,-0.1869379594251733,8,48498.93999999999,"F (partida 0,10 / 2R)"
MNQ,london,2020-12-28,F,0.1,2.0,1,2020-12-28 08:50:00+00:00,2020-12-28 08:50:00+00:00,2020-12-28 08:50:00+00:00,12785.25,12780.5,12794.75,12780.25,stop,10,4.75,112.4,-90.0,12.4,10.0,-112.4,-1.1831578947368422,False,0.2564792899038943,8,48379.97999999999,"F (partida 0,10 / 2R)"
MNQ,london,2021-01-11,F,0.1,2.0,-1,2021-01-11 08:55:00+00:00,2021-01-11 08:55:00+00:00,2021-01-11 09:00:00+00:00,13040.75,13051.5,13019.25,13051.75,stop,5,10.75,116.19999999999999,-105.0,6.2,5.0,-116.2,-1.0809302325581396,False,-0.7171361516753529,8,48267.57999999999,"F (partida 0,10 / 2R)"
MNQ,london,2021-03-23,F,0.1,2.0,-1,2021-03-23 08:35:00+00:00,2021-03-23 08:35:00+00:00,2021-03-23 08:35:00+00:00,13025.25,13032.25,13011.25,13032.5,stop,7,7.0,110.18,-94.5,8.68,7.0,-110.18,-1.1242857142857143,False,-1.2811479755031439,8,48151.37999999999,"F (partida 0,10 / 2R)"
MNQ,london,2021-04-05,F,0.1,2.0,1,2021-04-05 09:15:00+01:00,2021-04-05 09:15:00+01:00,2021-04-05 10:40:00+01:00,13344.5,13325.75,13382.0,13382.0,objetivo,3,18.75,117.72,226.5,3.7199999999999998,1.5,221.28,1.9669333333333334,False,1.14754206837385,9,48041.19999999999,"F (partida 0,10 / 2R)"
MNQ,london,2021-04-19,F,0.1,2.0,1,2021-04-19 08:40:00+01:00,2021-04-19 08:40:00+01:00,2021-04-19 09:00:00+01:00,14039.5,14035.25,14048.0,14035.0,stop,11,4.25,112.64,-88.0,13.64,11.0,-112.64,-1.2047058823529413,False,0.4124789128592053,8,48262.47999999999,"F (partida 0,10 / 2R)"
MNQ,london,2021-04-27,F,0.1,2.0,1,2021-04-27 08:55:00+01:00,2021-04-27 08:55:00+01:00,2021-04-27 08:55:00+01:00,14033.5,14028.25,14044.0,14028.0,stop,9,5.25,110.16,-90.0,11.16,9.0,-110.16,-1.1657142857142857,False,0.41454099379280446,8,48149.83999999999,"F (partida 0,10 / 2R)"
MNQ,london,2021-04-29,F,0.1,2.0,1,2021-04-29 09:05:00+01:00,2021-04-29 09:05:00+01:00,2021-04-29 11:00:00+01:00,14032.25,14011.0,14074.75,14021.25,cierre_sesion,2,21.25,88.48,-42.0,2.48,2.0,-46.48,-0.5468235294117647,False,0.7521926431136645,9,48039.679999999986,"F (partida 0,10 / 2R)"
MNQ,london,2021-05-20,F,0.1,2.0,1,2021-05-20 08:40:00+01:00,2021-05-20 08:40:00+01:00,2021-05-20 08:50:00+01:00,13246.75,13233.75,13272.75,13233.5,stop,4,13.0,110.96,-102.0,4.96,4.0,-110.96,-1.0669230769230769,False,0.9504529930401892,8,47993.19999999998,"F (partida 0,10 / 2R)"
MNQ,london,2021-06-17,F,0.1,2.0,-1,2021-06-17 09:20:00+01:00,2021-06-17 09:20:00+01:00,2021-06-17 09:45:00+01:00,13903.25,13913.25,13883.25,13883.25,objetivo,5,10.0,108.69999999999999,202.5,6.2,2.5,193.8,1.9380000000000002,False,-0.2701174633342229,9,47882.23999999998,"F (partida 0,10 / 2R)"
MNQ,london,2021-06-25,F,0.1,2.0,1,2021-06-25 09:05:00+01:00,2021-06-25 09:05:00+01:00,2021-06-25 09:05:00+01:00,14363.5,14358.5,14373.5,14358.25,stop,10,5.0,117.4,-95.0,12.4,10.0,-117.4,-1.1740000000000002,False,0.3700466196819749,9,48076.039999999986,"F (partida 0,10 / 2R)"
MNQ,london,2021-06-29,F,0.1,2.0,-1,2021-06-29 09:05:00+01:00,2021-06-29 09:05:00+01:00,2021-06-29 10:00:00+01:00,14470.5,14486.5,14438.5,14486.75,stop,3,16.0,101.22,-94.5,3.7199999999999998,3.0,-101.22,-1.054375,False,-0.46508533062789664,9,47958.639999999985,"F (partida 0,10 / 2R)"
MNQ,london,2021-06-30,F,0.1,2.0,-1,2021-06-30 09:15:00+01:00,2021-06-30 09:15:00+01:00,2021-06-30 10:00:00+01:00,14567.25,14576.25,14549.25,14549.25,objetivo,6,9.0,118.44,219.0,7.4399999999999995,3.0,208.56,1.9311111111111112,False,-0.32760094158464415,9,47857.419999999984,"F (partida 0,10 / 2R)"
MNQ,london,2021-07-01,F,0.1,2.0,-1,2021-07-01 10:10:00+01:00,2021-07-01 10:10:00+01:00,2021-07-01 11:00:00+01:00,14549.75,14566.75,14515.75,14544.75,cierre_sesion,3,17.0,107.22,33.0,3.7199999999999998,3.0,26.28,0.2576470588235294,False,-0.20273793539819482,10,48065.97999999998,"F (partida 0,10 / 2R)"
MNQ,london,2021-07-14,F,0.1,2.0,-1,2021-07-14 09:15:00+01:00,2021-07-14 09:15:00+01:00,2021-07-14 09:15:00+01:00,14865.25,14869.75,14856.25,14870.0,stop,11,4.5,118.14,-93.5,13.64,11.0,-118.14,-1.1933333333333334,False,-0.2305483697811824,9,48092.25999999998,"F (partida 0,10 / 2R)"
MNQ,london,2021-07-19,F,0.1,2.0,-1,2021-07-19 08:35:00+01:00,2021-07-19 08:35:00+01:00,2021-07-19 08:50:00+01:00,14638.0,14657.5,14599.0,14657.75,stop,2,19.5,81.48,-77.0,2.48,2.0,-81.48,-1.0446153846153847,False,-0.5538044500381095,8,47974.11999999998,"F (partida 0,10 / 2R)"
MNQ,london,2021-07-23,F,0.1,2.0,1,2021-07-23 08:50:00+01:00,2021-07-23 08:50:00+01:00,2021-07-23 09:05:00+01:00,14984.5,14978.0,14997.5,14997.5,objetivo,8,6.5,117.92,212.0,9.92,4.0,198.08,1.9046153846153848,False,0.1220114425622765,8,47892.63999999998,"F (partida 0,10 / 2R)"
MNQ,london,2021-10-05,F,0.1,2.0,-1,2021-10-05 09:00:00+01:00,2021-10-05 09:00:00+01:00,2021-10-05 09:05:00+01:00,14468.75,14493.5,14419.25,14493.75,stop,2,24.75,102.48,-98.0,2.48,2.0,-102.48,-1.0351515151515152,False,-0.41119110401222736,8,48090.71999999998,"F (partida 0,10 / 2R)"
MNQ,london,2021-10-08,F,0.1,2.0,-1,2021-10-08 08:35:00+01:00,2021-10-08 08:35:00+01:00,2021-10-08 08:45:00+01:00,14846.0,14864.0,14810.0,14864.25,stop,3,18.0,113.22,-106.5,3.7199999999999998,3.0,-113.22,-1.0483333333333333,False,-0.867472857976104,8,47988.239999999976,"F (partida 0,10 / 2R)"
MNQ,london,2021-10-19,F,0.1,2.0,1,2021-10-19 09:10:00+01:00,2021-10-19 09:10:00+01:00,2021-10-19 11:00:00+01:00,15335.25,15304.25,15397.25,15332.5,cierre_sesion,1,31.0,63.74,-4.5,1.24,1.0,-6.74,-0.10870967741935485,False,0.32547120927188206,9,47875.019999999975,"F (partida 0,10 / 2R)"
MNQ,london,2021-12-01,F,0.1,2.0,1,2021-12-01 09:35:00+00:00,2021-12-01 09:35:00+00:00,2021-12-01 11:00:00+00:00,16369.25,16354.0,16399.75,16368.25,cierre_sesion,3,15.25,96.71999999999998,-3.0,3.7199999999999998,3.0,-9.719999999999999,-0.10622950819672129,False,0.30927713381851013,9,47868.27999999998,"F (partida 0,10 / 2R)"
MNQ,london,2021-12-15,F,0.1,2.0,-1,2021-12-15 08:50:00+00:00,2021-12-15 08:50:00+00:00,2021-12-15 08:50:00+00:00,15929.5,15937.0,15914.5,15937.25,stop,7,7.5,117.17999999999999,-101.5,8.68,7.0,-117.18,-1.116,False,-0.747450873916542,8,47858.559999999976,"F (partida 0,10 / 2R)"
MNQ,london,2022-01-03,F,0.1,2.0,-1,2022-01-03 09:20:00+00:00,2022-01-03 09:20:00+00:00,2022-01-03 09:50:00+00:00,16394.75,16405.5,16373.25,16405.75,stop,5,10.75,116.19999999999999,-105.0,6.2,5.0,-116.2,-1.0809302325581396,False,-0.2983779764828437,9,47741.379999999976,"F (partida 0,10 / 2R)"
MNQ,london,2022-01-20,F,0.1,2.0,1,2022-01-20 09:40:00+00:00,2022-01-20 09:40:00+00:00,2022-01-20 09:45:00+00:00,15137.25,15127.75,15156.25,15127.5,stop,5,9.5,103.69999999999999,-92.5,6.2,5.0,-103.7,-1.091578947368421,False,0.14280928133159174,9,47625.17999999998,"F (partida 0,10 / 2R)"
MNQ,london,2022-02-18,F,0.1,2.0,-1,2022-02-18 09:15:00+00:00,2022-02-18 09:15:00+00:00,2022-02-18 09:25:00+00:00,14232.0,14252.5,14191.0,14252.75,stop,2,20.5,85.48,-81.0,2.48,2.0,-85.48,-1.042439024390244,False,-0.10899403172114866,9,47521.47999999998,"F (partida 0,10 / 2R)"
MNQ,london,2022-03-11,F,0.1,2.0,1,2022-03-11 09:05:00+00:00,2022-03-11 09:05:00+00:00,2022-03-11 09:20:00+00:00,13598.0,13581.0,13632.0,13632.0,objetivo,3,17.0,107.22,205.5,3.7199999999999998,1.5,200.28,1.963529411764706,False,0.2632004620083656,9,47435.99999999998,"F (partida 0,10 / 2R)"
MNQ,london,2022-03-28,F,0.1,2.0,-1,2022-03-28 09:35:00+01:00,2022-03-28 09:35:00+01:00,2022-03-28 09:45:00+01:00,14691.75,14708.5,14658.25,14708.75,stop,3,16.75,105.72,-99.0,3.7199999999999998,3.0,-105.72,-1.0519402985074626,False,-0.2661571860352528,9,47636.27999999998,"F (partida 0,10 / 2R)"
MNQ,london,2022-04-04,F,0.1,2.0,1,2022-04-04 09:30:00+01:00,2022-04-04 09:30:00+01:00,2022-04-04 10:05:00+01:00,14872.0,14857.5,14901.0,14901.0,objetivo,3,14.5,92.22,175.5,3.7199999999999998,1.5,170.28,1.957241379310345,False,0.2216501550643713,9,47530.559999999976,"F (partida 0,10 / 2R)"
MNQ,london,2022-04-11,F,0.1,2.0,-1,2022-04-11 09:15:00+01:00,2022-04-11 09:15:00+01:00,2022-04-11 09:15:00+01:00,14206.0,14219.5,14179.0,14179.0,objetivo,4,13.5,114.96,218.0,4.96,2.0,211.04,1.954074074074074,False,-0.11620465075569195,9,47700.839999999975,"F (partida 0,10 / 2R)"
MNQ,london,2022-04-13,F,0.1,2.0,1,2022-04-13 09:10:00+01:00,2022-04-13 09:10:00+01:00,2022-04-13 09:10:00+01:00,14073.0,14058.5,14102.0,14058.25,stop,3,14.5,92.22,-85.5,3.7199999999999998,3.0,-92.22,-1.06,False,0.33569240935276595,9,47911.879999999976,"F (partida 0,10 / 2R)"
MNQ,london,2022-04-29,F,0.1,2.0,1,2022-04-29 09:05:00+01:00,2022-04-29 09:05:00+01:00,2022-04-29 09:20:00+01:00,13384.25,13353.75,13445.25,13353.5,stop,1,30.5,62.74,-60.5,1.24,1.0,-62.74,-1.0285245901639344,False,0.4030605577875204,9,47819.659999999974,"F (partida 0,10 / 2R)"
MNQ,london,2022-05-04,F,0.1,2.0,1,2022-05-04 09:10:00+01:00,2022-05-04 09:10:00+01:00,2022-05-04 09:20:00+01:00,13129.25,13111.75,13164.25,13111.5,stop,3,17.5,110.22,-103.5,3.7199999999999998,3.0,-110.22,-1.0497142857142856,False,0.18842025488762207,9,47756.91999999998,"F (partida 0,10 / 2R)"
MNQ,london,2022-05-09,F,0.1,2.0,-1,2022-05-09 08:45:00+01:00,2022-05-09 08:45:00+01:00,2022-05-09 09:00:00+01:00,12565.25,12588.25,12519.25,12519.25,objetivo,2,23.0,95.48,185.0,2.48,1.0,181.52,1.9730434782608697,False,-0.8955581297949211,8,47646.699999999975,"F (partida 0,10 / 2R)"
MNQ,london,2022-05-30,F,0.1,2.0,1,2022-05-30 10:30:00+01:00,2022-05-30 10:30:00+01:00,2022-05-30 11:00:00+01:00,12874.5,12851.25,12921.0,12870.0,cierre_sesion,2,23.25,96.48,-16.0,2.48,2.0,-20.48,-0.22021505376344086,False,0.12032970109476121,10,47828.21999999997,"F (partida 0,10 / 2R)"
MNQ,london,2022-06-01,F,0.1,2.0,-1,2022-06-01 08:55:00+01:00,2022-06-01 08:55:00+01:00,2022-06-01 08:55:00+01:00,12644.25,12656.25,12620.25,12656.5,stop,4,12.0,102.96,-94.0,4.96,4.0,-102.96,-1.0725,False,-0.32825138818133137,8,47807.73999999997,"F (partida 0,10 / 2R)"
MNQ,london,2022-06-24,F,0.1,2.0,1,2022-06-24 08:50:00+01:00,2022-06-24 08:50:00+01:00,2022-06-24 09:00:00+01:00,11852.75,11845.25,11867.75,11845.0,stop,7,7.5,117.17999999999999,-101.5,8.68,7.0,-117.18,-1.116,False,0.4396479050981025,8,47704.77999999997,"F (partida 0,10 / 2R)"
MNQ,london,2022-07-04,F,0.1,2.0,-1,2022-07-04 08:35:00+01:00,2022-07-04 08:35:00+01:00,2022-07-04 10:30:00+01:00,11533.5,11553.25,11494.0,11553.5,stop,2,19.75,82.48,-78.0,2.48,2.0,-82.48,-1.0440506329113926,False,-0.545755676528215,8,47587.59999999997,"F (partida 0,10 / 2R)"
MNQ,london,2022-07-08,F,0.1,2.0,-1,2022-07-08 09:40:00+01:00,2022-07-08 09:40:00+01:00,2022-07-08 09:45:00+01:00,12073.75,12080.5,12060.25,12080.75,stop,7,6.75,106.68,-91.0,8.68,7.0,-106.68,-1.128888888888889,False,-0.178002700738932,9,47505.119999999966,"F (partida 0,10 / 2R)"
MNQ,london,2022-07-19,F,0.1,2.0,-1,2022-07-19 08:45:00+01:00,2022-07-19 08:45:00+01:00,2022-07-19 09:05:00+01:00,11893.25,11925.75,11828.25,11926.0,stop,1,32.5,66.74,-64.5,1.24,1.0,-66.74,-1.0267692307692307,False,-1.0427587829326794,8,47398.439999999966,"F (partida 0,10 / 2R)"
MNQ,london,2022-07-22,F,0.1,2.0,-1,2022-07-22 09:10:00+01:00,2022-07-22 09:10:00+01:00,2022-07-22 09:10:00+01:00,12537.0,12550.0,12511.0,12550.25,stop,4,13.0,110.96,-102.0,4.96,4.0,-110.96,-1.0669230769230769,False,-0.26761163094136764,9,47331.69999999997,"F (partida 0,10 / 2R)"
MNQ,london,2022-10-07,F,0.1,2.0,-1,2022-10-07 08:50:00+01:00,2022-10-07 08:50:00+01:00,2022-10-07 08:50:00+01:00,11489.25,11493.0,11481.75,11493.25,stop,12,3.75,110.88,-84.0,14.879999999999999,12.0,-110.88,-1.232,False,-0.26153600195453114,8,47220.73999999997,"F (partida 0,10 / 2R)"
MNQ,london,2022-10-10,F,0.1,2.0,-1,2022-10-10 09:10:00+01:00,2022-10-10 09:10:00+01:00,2022-10-10 09:15:00+01:00,11037.75,11043.75,11025.75,11025.75,objetivo,8,6.0,109.92,196.0,9.92,4.0,182.08,1.8966666666666667,False,-0.24921424505367276,9,47109.85999999997,"F (partida 0,10 / 2R)"
MNQ,london,2022-10-12,F,0.1,2.0,1,2022-10-12 09:30:00+01:00,2022-10-12 09:30:00+01:00,2022-10-12 09:30:00+01:00,10932.5,10917.75,10962.0,10917.5,stop,3,14.75,93.72,-87.0,3.7199999999999998,3.0,-93.72,-1.0589830508474576,False,0.11924897058518931,9,47291.93999999997,"F (partida 0,10 / 2R)"
MNQ,london,2022-10-18,F,0.1,2.0,1,2022-10-18 08:55:00+01:00,2022-10-18 08:55:00+01:00,2022-10-18 09:20:00+01:00,11322.25,11312.0,11342.75,11311.75,stop,5,10.25,111.19999999999999,-100.0,6.2,5.0,-111.2,-1.0848780487804879,False,0.4686139632594472,8,47198.21999999997,"F (partida 0,10 / 2R)"
MNQ,london,2022-11-10,F,0.1,2.0,1,2022-11-10 08:35:00+00:00,2022-11-10 08:35:00+00:00,2022-11-10 08:55:00+00:00,10873.75,10864.5,10892.25,10864.25,stop,5,9.25,101.19999999999999,-90.0,6.2,5.0,-101.2,-1.094054054054054,False,0.20960980520019937,8,47087.019999999975,"F (partida 0,10 / 2R)"
MNQ,london,2022-11-24,F,0.1,2.0,1,2022-11-24 08:50:00+00:00,2022-11-24 08:50:00+00:00,2022-11-24 09:10:00+00:00,11899.75,11890.5,11918.25,11918.25,objetivo,5,9.25,101.19999999999999,187.5,6.2,2.5,178.8,1.932972972972973,False,0.7078574072867893,8,46985.81999999998,"F (partida 0,10 / 2R)"
MNQ,london,2022-12-21,F,0.1,2.0,1,2022-12-21 09:00:00+00:00,2022-12-21 09:00:00+00:00,2022-12-21 09:00:00+00:00,11237.5,11234.0,11244.5,11244.5,objetivo,13,3.5,113.62,188.5,16.12,6.5,165.88,1.8228571428571427,False,0.39531044770363916,8,47164.61999999998,"F (partida 0,10 / 2R)"
MNQ,london,2023-01-19,F,0.1,2.0,-1,2023-01-19 09:00:00+00:00,2023-01-19 09:00:00+00:00,2023-01-19 09:00:00+00:00,11439.5,11452.25,11414.0,11452.5,stop,4,12.75,108.96,-100.0,4.96,4.0,-108.96,-1.068235294117647,False,-0.5361157417710306,8,47330.49999999998,"F (partida 0,10 / 2R)"
MNQ,london,2023-01-31,F,0.1,2.0,-1,2023-01-31 08:45:00+00:00,2023-01-31 08:45:00+00:00,2023-01-31 10:10:00+00:00,11926.75,11939.0,11902.25,11902.25,objetivo,4,12.25,104.96,198.0,4.96,2.0,191.04,1.9493877551020407,False,-1.1439230058435501,8,47221.53999999998,"F (partida 0,10 / 2R)"
MNQ,london,2023-02-07,F,0.1,2.0,1,2023-02-07 09:15:00+00:00,2023-02-07 09:15:00+00:00,2023-02-07 10:55:00+00:00,12562.0,12536.75,12612.5,12536.5,stop,2,25.25,104.48,-100.0,2.48,2.0,-104.48,-1.0344554455445545,False,0.7311269111838228,9,47412.57999999998,"F (partida 0,10 / 2R)"
MNQ,london,2023-02-14,F,0.1,2.0,1,2023-02-14 09:05:00+00:00,2023-02-14 09:05:00+00:00,2023-02-14 11:00:00+00:00,12565.75,12525.5,12646.25,12582.75,cierre_sesion,1,40.25,82.24,35.0,1.24,1.0,32.76,0.4069565217391304,False,0.2024493061828543,9,47308.09999999998,"F (partida 0,10 / 2R)"
MNQ,london,2023-03-16,F,0.1,2.0,-1,2023-03-16 09:10:00+00:00,2023-03-16 09:10:00+00:00,2023-03-16 09:50:00+00:00,12281.25,12293.75,12256.25,12256.25,objetivo,4,12.5,106.96,202.0,4.96,2.0,195.04,1.9504,False,-0.1393793098212892,9,47340.85999999998,"F (partida 0,10 / 2R)"
MNQ,london,2023-05-05,F,0.1,2.0,1,2023-05-05 09:55:00+01:00,2023-05-05 09:55:00+01:00,2023-05-05 11:00:00+01:00,13109.75,13099.5,13130.25,13123.0,cierre_sesion,5,10.25,111.19999999999999,137.5,6.2,5.0,126.3,1.2321951219512195,False,0.17801500213686325,9,47535.89999999998,"F (partida 0,10 / 2R)"
MNQ,london,2023-05-08,F,0.1,2.0,-1,2023-05-08 09:05:00+01:00,2023-05-08 09:05:00+01:00,2023-05-08 11:00:00+01:00,13308.75,13322.0,13282.25,13315.0,cierre_sesion,4,13.25,112.96,-46.0,4.96,4.0,-54.96,-0.5184905660377359,False,-0.5180180008580537,9,47662.19999999998,"F (partida 0,10 / 2R)"
MNQ,london,2023-05-11,F,0.1,2.0,1,2023-05-11 08:35:00+01:00,2023-05-11 08:35:00+01:00,2023-05-11 09:00:00+01:00,13442.25,13433.0,13460.75,13432.75,stop,5,9.25,101.19999999999999,-90.0,6.2,5.0,-101.2,-1.094054054054054,False,0.11352212137789361,8,47607.23999999998,"F (partida 0,10 / 2R)"
MNQ,london,2023-06-02,F,0.1,2.0,1,2023-06-02 09:20:00+01:00,2023-06-02 09:20:00+01:00,2023-06-02 09:20:00+01:00,14511.0,14505.25,14522.5,14505.0,stop,8,5.75,105.92,-88.0,9.92,8.0,-105.92,-1.151304347826087,False,0.1427267612243105,9,47506.039999999986,"F (partida 0,10 / 2R)"
MNQ,london,2023-06-16,F,0.1,2.0,1,2023-06-16 09:05:00+01:00,2023-06-16 09:05:00+01:00,2023-06-16 09:25:00+01:00,15183.25,15175.75,15198.25,15198.25,objetivo,7,7.5,117.17999999999999,213.5,8.68,3.5,201.32,1.9173333333333333,False,0.42613991966336784,9,47400.11999999999,"F (partida 0,10 / 2R)"
MNQ,london,2023-06-23,F,0.1,2.0,-1,2023-06-23 08:45:00+01:00,2023-06-23 08:45:00+01:00,2023-06-23 08:45:00+01:00,15132.75,15140.25,15117.75,15117.75,objetivo,7,7.5,117.17999999999999,213.5,8.68,3.5,201.32,1.9173333333333333,False,-0.23974492010479292,8,47601.43999999999,"F (partida 0,10 / 2R)"
MNQ,london,2023-07-12,F,0.1,2.0,1,2023-07-12 08:35:00+01:00,2023-07-12 08:35:00+01:00,2023-07-12 10:25:00+01:00,15288.5,15281.0,15303.5,15303.5,objetivo,7,7.5,117.17999999999999,213.5,8.68,3.5,201.32,1.9173333333333333,False,0.10723392441394074,8,47802.75999999999,"F (partida 0,10 / 2R)"
MNQ,london,2023-08-04,F,0.1,2.0,1,2023-08-04 09:10:00+01:00,2023-08-04 09:10:00+01:00,2023-08-04 09:20:00+01:00,15547.0,15540.0,15561.0,15539.75,stop,7,7.0,110.18,-94.5,8.68,7.0,-110.18,-1.1242857142857143,False,0.9031053242609832,9,48004.07999999999,"F (partida 0,10 / 2R)"
MNQ,london,2023-08-07,F,0.1,2.0,-1,2023-08-07 09:35:00+01:00,2023-08-07 09:35:00+01:00,2023-08-07 10:35:00+01:00,15423.5,15439.5,15391.5,15439.75,stop,3,16.0,101.22,-94.5,3.7199999999999998,3.0,-101.22,-1.054375,False,-0.23542917827351784,9,47893.89999999999,"F (partida 0,10 / 2R)"
MNQ,london,2023-08-11,F,0.1,2.0,-1,2023-08-11 09:05:00+01:00,2023-08-11 09:05:00+01:00,2023-08-11 09:15:00+01:00,15207.75,15217.5,15188.25,15188.25,objetivo,5,9.75,106.19999999999999,197.5,6.2,2.5,188.8,1.9364102564102565,False,-0.42160006352459545,9,47792.679999999986,"F (partida 0,10 / 2R)"
MNQ,london,2023-08-31,F,0.1,2.0,-1,2023-08-31 10:05:00+01:00,2023-08-31 10:05:00+01:00,2023-08-31 11:00:00+01:00,15489.75,15509.75,15449.75,15466.75,cierre_sesion,2,20.0,83.48,94.0,2.48,2.0,89.52,1.119,False,-0.10406478569242952,10,47981.47999999999,"F (partida 0,10 / 2R)"
MNQ,london,2023-09-21,F,0.1,2.0,-1,2023-09-21 08:35:00+01:00,2023-09-21 08:35:00+01:00,2023-09-21 08:45:00+01:00,15085.5,15098.5,15059.5,15098.75,stop,4,13.0,110.96,-102.0,4.96,4.0,-110.96,-1.0669230769230769,False,-1.4517551249438712,8,48070.999999999985,"F (partida 0,10 / 2R)"
MNQ,london,2023-10-10,F,0.1,2.0,-1,2023-10-10 09:10:00+01:00,2023-10-10 09:10:00+01:00,2023-10-10 09:10:00+01:00,15196.25,15206.25,15176.25,15206.5,stop,5,10.0,108.69999999999999,-97.5,6.2,5.0,-108.7,-1.087,False,-0.13211473057786208,9,47960.039999999986,"F (partida 0,10 / 2R)"
MNQ,london,2023-10-11,F,0.1,2.0,-1,2023-10-11 09:20:00+01:00,2023-10-11 09:20:00+01:00,2023-10-11 09:20:00+01:00,15288.75,15293.0,15280.25,15293.25,stop,11,4.25,112.64,-88.0,13.64,11.0,-112.64,-1.2047058823529413,False,-0.29039997858570227,9,47851.33999999999,"F (partida 0,10 / 2R)"
MNQ,london,2023-10-17,F,0.1,2.0,-1,2023-10-17 09:40:00+01:00,2023-10-17 09:40:00+01:00,2023-10-17 10:15:00+01:00,15252.25,15275.0,15206.75,15275.25,stop,2,22.75,94.48,-90.0,2.48,2.0,-94.48,-1.0382417582417582,False,-0.35332776263275406,9,47738.69999999999,"F (partida 0,10 / 2R)"
MNQ,london,2023-10-19,F,0.1,2.0,-1,2023-10-19 08:50:00+01:00,2023-10-19 08:50:00+01:00,2023-10-19 09:25:00+01:00,14957.25,14993.75,14884.25,14994.0,stop,1,36.5,74.74,-72.5,1.24,1.0,-74.74,-1.0238356164383562,False,-0.9192765428992768,8,47644.21999999999,"F (partida 0,10 / 2R)"
MNQ,london,2023-10-26,F,0.1,2.0,1,2023-10-26 09:10:00+01:00,2023-10-26 09:10:00+01:00,2023-10-26 10:15:00+01:00,14331.5,14316.25,14362.0,14316.0,stop,3,15.25,96.71999999999998,-90.0,3.7199999999999998,3.0,-96.72,-1.0570491803278688,False,0.8095708443737468,9,47569.47999999999,"F (partida 0,10 / 2R)"
MNQ,london,2023-11-07,F,0.1,2.0,-1,2023-11-07 09:40:00+00:00,2023-11-07 09:40:00+00:00,2023-11-07 09:45:00+00:00,15203.0,15207.5,15194.0,15194.0,objetivo,11,4.5,118.14,203.5,13.64,5.5,184.36,1.8622222222222224,False,-0.20517524178401375,9,47472.75999999999,"F (partida 0,10 / 2R)"
MNQ,london,2023-11-09,F,0.1,2.0,1,2023-11-09 08:45:00+00:00,2023-11-09 08:45:00+00:00,2023-11-09 08:50:00+00:00,15394.75,15386.5,15411.25,15386.25,stop,6,8.25,109.44,-96.0,7.4399999999999995,6.0,-109.44,-1.1054545454545455,False,0.20333530791501658,8,47657.11999999999,"F (partida 0,10 / 2R)"
MNQ,london,2023-11-29,F,0.1,2.0,1,2023-11-29 08:40:00+00:00,2023-11-29 08:40:00+00:00,2023-11-29 11:00:00+00:00,16086.25,16061.0,16136.75,16118.5,cierre_sesion,2,25.25,104.48,131.0,2.48,2.0,126.52,1.2526732673267327,False,0.3820056921498997,8,47547.679999999986,"F (partida 0,10 / 2R)"
MNQ,london,2023-12-04,F,0.1,2.0,-1,2023-12-04 09:40:00+00:00,2023-12-04 09:40:00+00:00,2023-12-04 09:45:00+00:00,15962.75,15970.5,15947.25,15970.75,stop,6,7.75,103.44,-90.0,7.4399999999999995,6.0,-103.44,-1.112258064516129,False,-0.20963216856229547,9,47674.19999999998,"F (partida 0,10 / 2R)"
MNQ,london,2023-12-27,F,0.1,2.0,1,2023-12-27 08:45:00+00:00,2023-12-27 08:45:00+00:00,2023-12-27 08:50:00+00:00,17093.0,17088.25,17102.5,17088.0,stop,10,4.75,112.4,-90.0,12.4,10.0,-112.4,-1.1831578947368422,False,1.239316147155325,8,47570.75999999998,"F (partida 0,10 / 2R)"
MNQ,london,2024-01-02,F,0.1,2.0,-1,2024-01-02 09:15:00+00:00,2024-01-02 09:15:00+00:00,2024-01-02 10:10:00+00:00,17003.5,17012.25,16986.0,16986.0,objetivo,6,8.75,115.44,213.0,7.4399999999999995,3.0,202.56,1.9291428571428573,False,-0.9220448780581094,9,47458.35999999998,"F (partida 0,10 / 2R)"
MNQ,london,2024-03-01,F,0.1,2.0,1,2024-03-01 09:40:00+00:00,2024-03-01 09:40:00+00:00,2024-03-01 09:50:00+00:00,18142.25,18135.0,18156.75,18134.75,stop,7,7.25,113.68,-98.0,8.68,7.0,-113.68,-1.12,False,0.1278728804667839,9,47660.91999999998,"F (partida 0,10 / 2R)"
MNQ,london,2024-04-01,F,0.1,2.0,-1,2024-04-01 09:15:00+01:00,2024-04-01 09:15:00+01:00,2024-04-01 09:15:00+01:00,18562.0,18565.75,18554.5,18566.0,stop,12,3.75,110.88,-84.0,14.879999999999999,12.0,-110.88,-1.232,False,-0.803540037249252,9,47547.239999999976,"F (partida 0,10 / 2R)"
MNQ,london,2024-04-02,F,0.1,2.0,1,2024-04-02 09:10:00+01:00,2024-04-02 09:10:00+01:00,2024-04-02 09:15:00+01:00,18492.0,18486.5,18503.0,18503.0,objetivo,9,5.5,114.66,202.5,11.16,4.5,186.84,1.8872727272727272,False,0.2552735612310232,9,47436.35999999998,"F (partida 0,10 / 2R)"
MNQ,london,2024-05-02,F,0.1,2.0,1,2024-05-02 08:35:00+01:00,2024-05-02 08:35:00+01:00,2024-05-02 11:00:00+01:00,17565.25,17545.0,17605.75,17587.25,cierre_sesion,2,20.25,84.48,90.0,2.48,2.0,85.52,1.0558024691358023,False,0.9420745076531539,8,47623.199999999975,"F (partida 0,10 / 2R)"
MNQ,london,2024-05-16,F,0.1,2.0,-1,2024-05-16 09:15:00+01:00,2024-05-16 09:15:00+01:00,2024-05-16 09:35:00+01:00,18715.5,18721.0,18704.5,18721.25,stop,9,5.5,114.66,-94.5,11.16,9.0,-114.66,-1.1581818181818182,False,-0.121203620153415,9,47708.71999999997,"F (partida 0,10 / 2R)"
MNQ,london,2024-05-28,F,0.1,2.0,-1,2024-05-28 08:35:00+01:00,2024-05-28 08:35:00+01:00,2024-05-28 08:35:00+01:00,18916.5,18925.25,18899.0,18925.5,stop,6,8.75,115.44,-102.0,7.4399999999999995,6.0,-115.44,-1.0994285714285714,False,-1.4239471037968112,8,47594.05999999997,"F (partida 0,10 / 2R)"
MNQ,london,2024-05-28,F,0.1,2.0,1,2024-05-28 09:10:00+01:00,2024-05-28 09:10:00+01:00,2024-05-28 09:30:00+01:00,18943.75,18930.0,18971.25,18971.25,objetivo,4,13.75,116.96,222.0,4.96,2.0,215.04,1.954909090909091,False,0.2868089873865832,9,47478.619999999966,"F (partida 0,10 / 2R)"
MNQ,london,2024-05-29,F,0.1,2.0,-1,2024-05-29 08:35:00+01:00,2024-05-29 08:35:00+01:00,2024-05-29 09:00:00+01:00,18847.25,18872.25,18797.25,18872.5,stop,2,25.0,103.48,-99.0,2.48,2.0,-103.48,-1.0348,False,-0.1672594532458714,8,47693.65999999997,"F (partida 0,10 / 2R)"
MNQ,london,2024-06-07,F,0.1,2.0,1,2024-06-07 09:35:00+01:00,2024-06-07 09:35:00+01:00,2024-06-07 09:45:00+01:00,19095.0,19086.0,19113.0,19085.75,stop,6,9.0,118.44,-105.0,7.4399999999999995,6.0,-118.44,-1.0966666666666667,False,0.24960362524891425,9,47590.179999999964,"F (partida 0,10 / 2R)"
MNQ,london,2024-06-14,F,0.1,2.0,1,2024-06-14 09:15:00+01:00,2024-06-14 09:15:00+01:00,2024-06-14 09:45:00+01:00,19641.75,19624.75,19675.75,19624.5,stop,3,17.0,107.22,-100.5,3.7199999999999998,3.0,-107.22,-1.0511764705882354,False,0.13786818021584088,9,47471.73999999996,"F (partida 0,10 / 2R)"
MNQ,london,2024-07-03,F,0.1,2.0,1,2024-07-03 08:40:00+01:00,2024-07-03 08:40:00+01:00,2024-07-03 08:40:00+01:00,20254.75,20246.5,20271.25,20246.25,stop,6,8.25,109.44,-96.0,7.4399999999999995,6.0,-109.44,-1.1054545454545455,False,0.6010758052197115,8,47364.51999999996,"F (partida 0,10 / 2R)"
MNQ,london,2024-07-12,F,0.1,2.0,1,2024-07-12 09:25:00+01:00,2024-07-12 09:25:00+01:00,2024-07-12 11:00:00+01:00,20427.75,20416.0,20451.25,20434.75,cierre_sesion,4,11.75,100.96,60.0,4.96,4.0,51.04,0.5429787234042553,False,0.2940497555645015,9,47255.07999999996,"F (partida 0,10 / 2R)"
MNQ,london,2024-08-21,F,0.1,2.0,1,2024-08-21 08:55:00+01:00,2024-08-21 08:55:00+01:00,2024-08-21 08:55:00+01:00,19829.5,19824.0,19840.5,19823.75,stop,9,5.5,114.66,-94.5,11.16,9.0,-114.66,-1.1581818181818182,False,0.6193999657566351,8,47306.11999999996,"F (partida 0,10 / 2R)"
MNQ,london,2024-08-27,F,0.1,2.0,1,2024-08-27 09:00:00+01:00,2024-08-27 09:00:00+01:00,2024-08-27 09:05:00+01:00,19615.75,19605.75,19635.75,19635.75,objetivo,5,10.0,108.69999999999999,202.5,6.2,2.5,193.8,1.9380000000000002,False,0.19150712055988534,8,47191.459999999955,"F (partida 0,10 / 2R)"
MNQ,london,2024-09-10,F,0.1,2.0,-1,2024-09-10 09:55:00+01:00,2024-09-10 09:55:00+01:00,2024-09-10 10:00:00+01:00,18640.75,18651.75,18618.75,18618.75,objetivo,4,11.0,94.96,178.0,4.96,2.0,171.04,1.9436363636363636,False,-0.1485272928504701,9,47385.25999999996,"F (partida 0,10 / 2R)"
MNQ,london,2024-09-20,F,0.1,2.0,1,2024-09-20 08:35:00+01:00,2024-09-20 08:35:00+01:00,2024-09-20 08:50:00+01:00,19819.5,19812.0,19834.5,19834.5,objetivo,7,7.5,117.17999999999999,213.5,8.68,3.5,201.32,1.9173333333333333,False,1.1213134778087759,8,47556.29999999996,"F (partida 0,10 / 2R)"
MNQ,london,2024-10-22,F,0.1,2.0,-1,2024-10-22 09:35:00+01:00,2024-10-22 09:35:00+01:00,2024-10-22 10:25:00+01:00,20440.0,20465.5,20389.0,20389.0,objetivo,2,25.5,105.48,205.0,2.48,1.0,201.52,1.975686274509804,False,-0.1596278943205249,9,47757.61999999996,"F (partida 0,10 / 2R)"
MNQ,london,2024-10-23,F,0.1,2.0,-1,2024-10-23 09:25:00+01:00,2024-10-23 09:25:00+01:00,2024-10-23 09:25:00+01:00,20508.0,20512.0,20500.0,20512.25,stop,12,4.0,116.88,-90.0,14.879999999999999,12.0,-116.88,-1.2175,False,-0.2537039697033174,9,47959.139999999956,"F (partida 0,10 / 2R)"
MNQ,london,2024-10-29,F,0.1,2.0,1,2024-10-29 08:50:00+00:00,2024-10-29 08:50:00+00:00,2024-10-29 08:50:00+00:00,20542.5,20533.75,20560.0,20533.5,stop,6,8.75,115.44,-102.0,7.4399999999999995,6.0,-115.44,-1.0994285714285714,False,0.5533828052919972,8,47842.25999999996,"F (partida 0,10 / 2R)"
MNQ,london,2024-11-12,F,0.1,2.0,-1,2024-11-12 09:40:00+00:00,2024-11-12 09:40:00+00:00,2024-11-12 10:00:00+00:00,21204.75,21218.75,21176.75,21176.75,objetivo,4,14.0,118.96,226.0,4.96,2.0,219.04,1.9557142857142857,False,-0.14869070216953045,9,47726.819999999956,"F (partida 0,10 / 2R)"
MNQ,london,2024-11-18,F,0.1,2.0,1,2024-11-18 08:40:00+00:00,2024-11-18 08:40:00+00:00,2024-11-18 08:40:00+00:00,20630.25,20623.0,20644.75,20622.75,stop,7,7.25,113.68,-98.0,8.68,7.0,-113.68,-1.12,False,1.5729128054930943,8,47945.85999999996,"F (partida 0,10 / 2R)"
MNQ,london,2024-12-02,F,0.1,2.0,-1,2024-12-02 09:55:00+00:00,2024-12-02 09:55:00+00:00,2024-12-02 10:15:00+00:00,20952.25,20958.75,20939.25,20959.0,stop,8,6.5,117.92,-100.0,9.92,8.0,-117.92,-1.133846153846154,False,-0.12453844071415894,9,47832.17999999996,"F (partida 0,10 / 2R)"
MNQ,london,2024-12-12,F,0.1,2.0,-1,2024-12-12 08:35:00+00:00,2024-12-12 08:35:00+00:00,2024-12-12 11:00:00+00:00,21749.75,21771.0,21707.25,21743.5,cierre_sesion,2,21.25,88.48,27.0,2.48,2.0,22.52,0.26494117647058824,False,-0.16399151887359176,8,47714.25999999996,"F (partida 0,10 / 2R)"
MNQ,london,2024-12-24,F,0.1,2.0,1,2024-12-24 09:10:00+00:00,2024-12-24 09:10:00+00:00,2024-12-24 09:30:00+00:00,21785.75,21776.5,21804.25,21776.25,stop,5,9.25,101.19999999999999,-90.0,6.2,5.0,-101.2,-1.094054054054054,False,0.2667813220728098,9,47736.779999999955,"F (partida 0,10 / 2R)"
MNQ,london,2025-02-05,F,0.1,2.0,-1,2025-02-05 08:40:00+00:00,2025-02-05 08:40:00+00:00,2025-02-05 11:00:00+00:00,21494.25,21535.25,21412.25,21479.75,cierre_sesion,1,41.0,83.74,30.0,1.24,1.0,27.76,0.3385365853658537,False,-0.22433636454226089,8,47635.57999999996,"F (partida 0,10 / 2R)"
MNQ,london,2025-02-06,F,0.1,2.0,1,2025-02-06 08:55:00+00:00,2025-02-06 08:55:00+00:00,2025-02-06 08:55:00+00:00,21809.5,21803.5,21821.5,21803.25,stop,8,6.0,109.92,-92.0,9.92,8.0,-109.92,-1.145,False,1.0708422401382196,8,47663.33999999996,"F (partida 0,10 / 2R)"
MNQ,london,2025-02-14,F,0.1,2.0,1,2025-02-14 09:35:00+00:00,2025-02-14 09:35:00+00:00,2025-02-14 09:35:00+00:00,22139.75,22133.25,22152.75,22133.0,stop,8,6.5,117.92,-100.0,9.92,8.0,-117.92,-1.133846153846154,False,0.3575560036916025,9,47553.41999999996,"F (partida 0,10 / 2R)"
MNQ,london,2025-02-18,F,0.1,2.0,1,2025-02-18 09:20:00+00:00,2025-02-18 09:20:00+00:00,2025-02-18 09:25:00+00:00,22299.5,22292.0,22314.5,22291.75,stop,7,7.5,117.17999999999999,-101.5,8.68,7.0,-117.18,-1.116,False,0.1056415170015966,9,47435.49999999996,"F (partida 0,10 / 2R)"
MNQ,london,2025-02-21,F,0.1,2.0,1,2025-02-21 08:55:00+00:00,2025-02-21 08:55:00+00:00,2025-02-21 09:05:00+00:00,22151.0,22145.0,22163.0,22144.75,stop,8,6.0,109.92,-92.0,9.92,8.0,-109.92,-1.145,False,0.39308977086096086,8,47318.31999999996,"F (partida 0,10 / 2R)"
MNQ,london,2025-02-27,F,0.1,2.0,1,2025-02-27 08:35:00+00:00,2025-02-27 08:35:00+00:00,2025-02-27 08:45:00+00:00,21291.0,21278.25,21316.5,21316.5,objetivo,4,12.75,108.96,206.0,4.96,2.0,199.04,1.9513725490196077,False,0.296849031415146,8,47208.399999999965,"F (partida 0,10 / 2R)"
MNQ,london,2025-03-03,F,0.1,2.0,1,2025-03-03 09:25:00+00:00,2025-03-03 09:25:00+00:00,2025-03-03 09:45:00+00:00,20974.0,20963.0,20996.0,20996.0,objetivo,4,11.0,94.96,178.0,4.96,2.0,171.04,1.9436363636363636,False,0.116856234771071,9,47407.439999999966,"F (partida 0,10 / 2R)"
MNQ,london,2025-03-20,F,0.1,2.0,-1,2025-03-20 09:05:00+00:00,2025-03-20 09:05:00+00:00,2025-03-20 09:25:00+00:00,19830.75,19850.75,19790.75,19790.75,objetivo,2,20.0,83.48,161.0,2.48,1.0,157.52,1.969,False,-0.11350840813205337,9,47578.47999999997,"F (partida 0,10 / 2R)"
MNQ,london,2025-05-29,F,0.1,2.0,1,2025-05-29 08:40:00+01:00,2025-05-29 08:40:00+01:00,2025-05-29 08:55:00+01:00,21802.5,21791.0,21825.5,21825.5,objetivo,4,11.5,98.96,186.0,4.96,2.0,179.04,1.9460869565217391,False,0.7274444672615548,8,47735.99999999996,"F (partida 0,10 / 2R)"
MNQ,london,2025-05-30,F,0.1,2.0,1,2025-05-30 08:45:00+01:00,2025-05-30 08:45:00+01:00,2025-05-30 08:50:00+01:00,21369.5,21359.75,21389.0,21359.5,stop,5,9.75,106.19999999999999,-95.0,6.2,5.0,-106.2,-1.0892307692307692,False,0.7210544610123134,8,47915.039999999964,"F (partida 0,10 / 2R)"
MNQ,london,2025-06-30,F,0.1,2.0,1,2025-06-30 09:15:00+01:00,2025-06-30 09:15:00+01:00,2025-06-30 09:20:00+01:00,22887.0,22877.5,22906.0,22877.25,stop,5,9.5,103.69999999999999,-92.5,6.2,5.0,-103.7,-1.091578947368421,False,0.4237478189590519,9,47808.83999999997,"F (partida 0,10 / 2R)"
MNQ,london,2025-07-22,F,0.1,2.0,-1,2025-07-22 09:05:00+01:00,2025-07-22 09:05:00+01:00,2025-07-22 09:05:00+01:00,23306.25,23309.75,23299.25,23310.0,stop,13,3.5,113.62,-84.5,16.12,13.0,-113.62,-1.2485714285714287,False,-1.0940607218944687,9,47705.13999999997,"F (partida 0,10 / 2R)"
MNQ,london,2025-08-11,F,0.1,2.0,-1,2025-08-11 08:35:00+01:00,2025-08-11 08:35:00+01:00,2025-08-11 08:50:00+01:00,23728.25,23743.25,23698.25,23698.25,objetivo,3,15.0,95.22,181.5,3.7199999999999998,1.5,176.28,1.9586666666666668,False,-1.1987532238698833,8,47591.51999999997,"F (partida 0,10 / 2R)"
MNQ,london,2025-08-21,F,0.1,2.0,1,2025-08-21 09:05:00+01:00,2025-08-21 09:05:00+01:00,2025-08-21 09:10:00+01:00,23353.25,23337.75,23384.25,23337.5,stop,3,15.5,98.22,-91.5,3.7199999999999998,3.0,-98.22,-1.0561290322580645,False,0.14665278525704978,9,47767.79999999997,"F (partida 0,10 / 2R)"
MNQ,london,2025-09-15,F,0.1,2.0,-1,2025-09-15 09:05:00+01:00,2025-09-15 09:05:00+01:00,2025-09-15 11:00:00+01:00,24084.0,24142.0,23968.0,24095.75,cierre_sesion,1,58.0,117.74,-22.5,1.24,1.0,-24.74,-0.2132758620689655,False,-2.136607265546233,9,47669.579999999965,"F (partida 0,10 / 2R)"
MNQ,london,2025-09-23,F,0.1,2.0,1,2025-09-23 09:05:00+01:00,2025-09-23 09:05:00+01:00,2025-09-23 10:00:00+01:00,25012.25,24998.0,25040.75,24997.75,stop,3,14.25,90.72,-84.0,3.7199999999999998,3.0,-90.72,-1.0610526315789472,False,0.4714185854755543,9,47644.83999999997,"F (partida 0,10 / 2R)"
MNQ,london,2025-10-06,F,0.1,2.0,1,2025-10-06 09:15:00+01:00,2025-10-06 09:15:00+01:00,2025-10-06 09:15:00+01:00,25105.25,25099.75,25116.25,25099.5,stop,9,5.5,114.66,-94.5,11.16,9.0,-114.66,-1.1581818181818182,False,0.37785561036810944,9,47554.119999999966,"F (partida 0,10 / 2R)"
MNQ,london,2025-10-24,F,0.1,2.0,1,2025-10-24 09:50:00+01:00,2025-10-24 09:50:00+01:00,2025-10-24 09:55:00+01:00,25365.75,25352.75,25391.75,25352.5,stop,4,13.0,110.96,-102.0,4.96,4.0,-110.96,-1.0669230769230769,False,0.19420857024145788,9,47439.45999999996,"F (partida 0,10 / 2R)"
MNQ,london,2026-01-09,F,0.1,2.0,-1,2026-01-09 09:00:00+00:00,2026-01-09 09:00:00+00:00,2026-01-09 09:00:00+00:00,25674.0,25679.75,25662.5,25680.0,stop,8,5.75,105.92,-88.0,9.92,8.0,-105.92,-1.151304347826087,False,-0.34126042855870287,8,47328.49999999996,"F (partida 0,10 / 2R)"
MNQ,london,2026-01-13,F,0.1,2.0,1,2026-01-13 09:10:00+00:00,2026-01-13 09:10:00+00:00,2026-01-13 09:10:00+00:00,25919.25,25915.75,25926.25,25926.25,objetivo,13,3.5,113.62,188.5,16.12,6.5,165.88,1.8228571428571427,False,0.1519302589862335,9,47222.579999999965,"F (partida 0,10 / 2R)"
MNQ,london,2026-01-14,F,0.1,2.0,-1,2026-01-14 08:35:00+00:00,2026-01-14 08:35:00+00:00,2026-01-14 09:00:00+00:00,25848.0,25866.0,25812.0,25866.25,stop,3,18.0,113.22,-106.5,3.7199999999999998,3.0,-113.22,-1.0483333333333333,False,-0.5898495404966719,8,47388.45999999996,"F (partida 0,10 / 2R)"
MNQ,london,2026-01-19,F,0.1,2.0,-1,2026-01-19 09:15:00+00:00,2026-01-19 09:15:00+00:00,2026-01-19 09:25:00+00:00,25346.75,25366.75,25306.75,25306.75,objetivo,2,20.0,83.48,161.0,2.48,1.0,157.52,1.969,False,-0.10513111220508792,9,47275.23999999996,"F (partida 0,10 / 2R)"
MNQ,london,2026-01-21,F,0.1,2.0,1,2026-01-21 08:45:00+00:00,2026-01-21 08:45:00+00:00,2026-01-21 08:50:00+00:00,25225.75,25219.25,25238.75,25219.0,stop,8,6.5,117.92,-100.0,9.92,8.0,-117.92,-1.133846153846154,False,0.45003467471473907,8,47432.75999999996,"F (partida 0,10 / 2R)"
MNQ,london,2026-02-09,F,0.1,2.0,-1,2026-02-09 09:00:00+00:00,2026-02-09 09:00:00+00:00,2026-02-09 09:00:00+00:00,25160.25,25181.25,25118.25,25181.5,stop,2,21.0,87.48,-83.0,2.48,2.0,-87.48,-1.0414285714285714,False,-0.3520177232152099,8,47314.83999999996,"F (partida 0,10 / 2R)"
MNQ,london,2026-03-20,F,0.1,2.0,-1,2026-03-20 09:00:00+00:00,2026-03-20 09:00:00+00:00,2026-03-20 09:05:00+00:00,24347.75,24359.75,24323.75,24360.0,stop,4,12.0,102.96,-94.0,4.96,4.0,-102.96,-1.0725,False,-0.7823353269843767,8,47227.35999999996,"F (partida 0,10 / 2R)"
MNQ,london,2026-03-31,F,0.1,2.0,1,2026-03-31 08:45:00+01:00,2026-03-31 08:45:00+01:00,2026-03-31 09:40:00+01:00,23339.25,23312.5,23392.75,23312.25,stop,2,26.75,110.48,-106.0,2.48,2.0,-110.48,-1.0325233644859813,False,0.2002555655479474,8,47124.39999999996,"F (partida 0,10 / 2R)"
MNQ,london,2026-04-21,F,0.1,2.0,1,2026-04-21 09:45:00+01:00,2026-04-21 09:45:00+01:00,2026-04-21 10:00:00+01:00,26848.5,26824.25,26897.0,26824.0,stop,2,24.25,100.48,-96.0,2.48,2.0,-100.48,-1.0358762886597939,False,0.17915397726025448,9,47013.919999999955,"F (partida 0,10 / 2R)"
MNQ,london,2026-05-25,F,0.1,2.0,1,2026-05-25 09:00:00+01:00,2026-05-25 09:00:00+01:00,2026-05-25 09:00:00+01:00,29972.0,29965.25,29985.5,29965.0,stop,7,6.75,106.68,-91.0,8.68,7.0,-106.68,-1.128888888888889,False,0.787787815480736,8,46913.43999999995,"F (partida 0,10 / 2R)"
MNQ,london,2026-06-10,F,0.1,2.0,-1,2026-06-10 08:45:00+01:00,2026-06-10 08:45:00+01:00,2026-06-10 08:45:00+01:00,28946.0,28961.25,28915.5,28961.5,stop,3,15.25,96.71999999999998,-90.0,3.7199999999999998,3.0,-96.72,-1.0570491803278688,False,-0.23890613489629633,8,46806.75999999995,"F (partida 0,10 / 2R)"
MNQ,london,2026-06-24,F,0.1,2.0,1,2026-06-24 09:15:00+01:00,2026-06-24 09:15:00+01:00,2026-06-24 09:25:00+01:00,29857.75,29820.25,29932.75,29820.0,stop,1,37.5,76.74,-74.5,1.24,1.0,-76.74,-1.0231999999999999,False,0.1259971832606244,9,46710.03999999995,"F (partida 0,10 / 2R)"
MNQ,london,2026-07-07,F,0.1,2.0,-1,2026-07-07 09:05:00+01:00,2026-07-07 09:05:00+01:00,2026-07-07 09:10:00+01:00,29659.75,29666.5,29646.25,29666.75,stop,7,6.75,106.68,-91.0,8.68,7.0,-106.68,-1.128888888888889,False,-0.7321951556410299,9,46633.29999999995,"F (partida 0,10 / 2R)"
MNQ,london,2026-07-28,F,0.1,2.0,-1,2026-07-28 09:10:00+01:00,2026-07-28 09:10:00+01:00,2026-07-28 09:15:00+01:00,27899.25,27948.0,27801.75,27948.25,stop,1,48.75,99.24,-97.0,1.24,1.0,-99.24,-1.0178461538461538,False,-0.40989407239869047,9,46526.61999999995,"F (partida 0,10 / 2R)"
MNQ,london,2026-07-31,F,0.1,2.0,1,2026-07-31 08:40:00+01:00,2026-07-31 08:40:00+01:00,2026-07-31 09:00:00+01:00,28558.0,28540.75,28592.5,28540.5,stop,3,17.25,108.72,-102.0,3.7199999999999998,3.0,-108.72,-1.0504347826086957,False,1.2530765770594974,8,46427.379999999954,"F (partida 0,10 / 2R)"
MNQ,london,2026-09-02,F,0.1,2.0,-1,2026-09-02 09:00:00+01:00,2026-09-02 09:00:00+01:00,2026-09-02 09:00:00+01:00,29062.0,29078.5,29029.0,29078.75,stop,3,16.5,104.22,-97.5,3.7199999999999998,3.0,-104.22,-1.0527272727272727,False,-0.4945089512233191,8,46318.65999999995,"F (partida 0,10 / 2R)"
MNQ,london,2026-09-02,F,0.1,2.0,-1,2026-09-02 09:20:00+01:00,2026-09-02 09:20:00+01:00,2026-09-02 09:50:00+01:00,29057.25,29088.25,28995.25,28995.25,objetivo,1,31.0,63.74,124.5,1.24,0.5,122.76,1.98,False,-0.2876689970995193,9,46214.43999999995,"F (partida 0,10 / 2R)"
