direccion,contratos,t_senal,t_entrada,entrada,stop,objetivo,t_salida,salida,motivo,bruto,comision,neto,riesgo_usd,r
-1,1,2015-01-02 14:59:00+00:00,2015-01-02 15:00:00+00:00,4258.25,4269.5,4235.75,2015-01-02 15:34:00+00:00,4235.75,objetivo,45.0,2.0,43.0,22.5,1.9111111111111112
-1,1,2015-01-05 14:59:00+00:00,2015-01-05 15:00:00+00:00,4183.75,4207.25,4136.75,2015-01-05 20:55:00+00:00,4163.5,tiempo,40.5,2.0,38.5,47.0,0.8191489361702128
1,1,2015-01-06 15:14:00+00:00,2015-01-06 15:15:00+00:00,4163.0,4145.0,4199.0,2015-01-06 15:49:00+00:00,4144.75,stop,-36.5,2.0,-38.5,36.0,-1.0694444444444444
1,1,2015-01-06 19:44:00+00:00,2015-01-06 19:45:00+00:00,4129.5,4113.0,4162.5,2015-01-06 20:55:00+00:00,4117.25,tiempo,-24.5,2.0,-26.5,33.0,-0.803030303030303
-1,1,2015-01-07 15:44:00+00:00,2015-01-07 15:45:00+00:00,4133.75,4142.0,4117.25,2015-01-07 15:49:00+00:00,4142.25,stop,-17.0,2.0,-19.0,16.5,-1.1515151515151516
1,1,2015-01-07 15:59:00+00:00,2015-01-07 16:00:00+00:00,4141.5,4133.75,4157.0,2015-01-07 16:07:00+00:00,4133.5,stop,-16.0,2.0,-18.0,15.5,-1.1612903225806452
-1,1,2015-01-07 16:14:00+00:00,2015-01-07 16:15:00+00:00,4128.5,4145.0,4095.5,2015-01-07 16:50:00+00:00,4145.25,stop,-33.5,2.0,-35.5,33.0,-1.0757575757575757
-1,1,2015-01-09 14:59:00+00:00,2015-01-09 15:00:00+00:00,4228.0,4248.5,4187.0,2015-01-09 16:12:00+00:00,4187.0,objetivo,82.0,2.0,80.0,41.0,1.951219512195122
1,1,2015-01-09 17:14:00+00:00,2015-01-09 17:15:00+00:00,4222.5,4205.75,4256.0,2015-01-09 17:58:00+00:00,4205.5,stop,-34.0,2.0,-36.0,33.5,-1.0746268656716418
1,1,2015-01-09 18:14:00+00:00,2015-01-09 18:15:00+00:00,4215.25,4199.5,4246.75,2015-01-09 20:55:00+00:00,4210.25,tiempo,-10.0,2.0,-12.0,31.5,-0.38095238095238093
1,1,2015-01-12 15:59:00+00:00,2015-01-12 16:00:00+00:00,4182.0,4169.25,4207.5,2015-01-12 16:47:00+00:00,4169.0,stop,-26.0,2.0,-28.0,25.5,-1.0980392156862746
1,1,2015-01-12 17:29:00+00:00,2015-01-12 17:30:00+00:00,4176.5,4169.25,4191.0,2015-01-12 17:50:00+00:00,4169.0,stop,-15.0,2.0,-17.0,14.5,-1.1724137931034482
-1,1,2015-01-13 16:59:00+00:00,2015-01-13 17:00:00+00:00,4231.75,4240.75,4213.75,2015-01-13 17:23:00+00:00,4213.75,objetivo,36.0,2.0,34.0,18.0,1.8888888888888888
-1,1,2015-01-14 16:14:00+00:00,2015-01-14 16:15:00+00:00,4122.0,4141.25,4083.5,2015-01-14 19:32:00+00:00,4141.5,stop,-39.0,2.0,-41.0,38.5,-1.0649350649350648
-1,1,2015-01-14 19:44:00+00:00,2015-01-14 19:45:00+00:00,4128.5,4142.25,4101.0,2015-01-14 20:18:00+00:00,4142.5,stop,-28.0,2.0,-30.0,27.5,-1.0909090909090908
1,1,2015-01-15 15:29:00+00:00,2015-01-15 15:30:00+00:00,4131.25,4109.75,4174.25,2015-01-15 16:23:00+00:00,4109.5,stop,-43.5,2.0,-45.5,43.0,-1.058139534883721
-1,1,2015-01-16 14:59:00+00:00,2015-01-16 15:00:00+00:00,4079.5,4096.75,4045.0,2015-01-16 15:00:00+00:00,4097.0,stop,-35.0,2.0,-37.0,34.5,-1.0724637681159421
1,1,2015-01-16 15:29:00+00:00,2015-01-16 15:30:00+00:00,4092.75,4071.5,4135.25,2015-01-16 20:50:00+00:00,4135.25,objetivo,85.0,2.0,83.0,42.5,1.9529411764705882
-1,1,2015-01-19 15:14:00+00:00,2015-01-19 15:15:00+00:00,4141.25,4148.0,4127.75,2015-01-19 17:28:00+00:00,4127.75,objetivo,27.0,2.0,25.0,13.5,1.8518518518518519
1,1,2015-01-20 17:59:00+00:00,2015-01-20 18:00:00+00:00,4135.5,4131.25,4144.0,2015-01-20 18:07:00+00:00,4131.0,stop,-9.0,2.0,-11.0,8.5,-1.2941176470588236
-1,1,2015-01-20 18:14:00+00:00,2015-01-20 18:15:00+00:00,4129.25,4137.25,4113.25,2015-01-20 18:20:00+00:00,4137.5,stop,-16.5,2.0,-18.5,16.0,-1.15625
1,1,2015-01-20 18:29:00+00:00,2015-01-20 18:30:00+00:00,4145.5,4129.0,4178.5,2015-01-20 20:55:00+00:00,4162.0,tiempo,33.0,2.0,31.0,33.0,0.9393939393939394
-1,1,2015-01-21 18:59:00+00:00,2015-01-21 19:00:00+00:00,4167.25,4180.25,4141.25,2015-01-21 19:45:00+00:00,4180.5,stop,-26.5,2.0,-28.5,26.0,-1.0961538461538463
1,1,2015-01-22 15:14:00+00:00,2015-01-22 15:15:00+00:00,4195.75,4179.25,4228.75,2015-01-22 16:00:00+00:00,4228.75,objetivo,66.0,2.0,64.0,33.0,1.9393939393939394
1,1,2015-01-23 14:59:00+00:00,2015-01-23 15:00:00+00:00,4268.75,4257.0,4292.25,2015-01-23 15:36:00+00:00,4256.75,stop,-24.0,2.0,-26.0,23.5,-1.1063829787234043
-1,1,2015-01-23 15:44:00+00:00,2015-01-23 15:45:00+00:00,4254.75,4266.5,4231.25,2015-01-23 15:55:00+00:00,4266.75,stop,-24.0,2.0,-26.0,23.5,-1.1063829787234043
1,1,2015-01-23 15:59:00+00:00,2015-01-23 16:00:00+00:00,4266.75,4252.0,4296.25,2015-01-23 20:55:00+00:00,4267.75,tiempo,2.0,2.0,0.0,29.5,0.0
1,1,2015-01-26 14:59:00+00:00,2015-01-26 15:00:00+00:00,4256.25,4246.0,4276.75,2015-01-26 20:55:00+00:00,4268.25,tiempo,24.0,2.0,22.0,20.5,1.0731707317073171
1,1,2015-01-27 17:29:00+00:00,2015-01-27 17:30:00+00:00,4180.5,4164.75,4212.0,2015-01-27 20:50:00+00:00,4164.5,stop,-32.0,2.0,-34.0,31.5,-1.0793650793650793
1,1,2015-01-28 17:29:00+00:00,2015-01-28 17:30:00+00:00,4206.75,4195.75,4228.75,2015-01-28 18:14:00+00:00,4195.5,stop,-22.5,2.0,-24.5,22.0,-1.1136363636363635
-1,1,2015-01-28 18:14:00+00:00,2015-01-28 18:15:00+00:00,4196.25,4204.25,4180.25,2015-01-28 18:33:00+00:00,4204.5,stop,-16.5,2.0,-18.5,16.0,-1.15625
1,1,2015-01-28 18:44:00+00:00,2015-01-28 18:45:00+00:00,4203.0,4197.0,4215.0,2015-01-28 18:58:00+00:00,4196.75,stop,-12.5,2.0,-14.5,12.0,-1.2083333333333333
-1,1,2015-01-28 18:59:00+00:00,2015-01-28 19:00:00+00:00,4196.25,4207.0,4174.75,2015-01-28 19:00:00+00:00,4207.25,stop,-22.0,2.0,-24.0,21.5,-1.1162790697674418
1,1,2015-01-29 14:59:00+00:00,2015-01-29 15:00:00+00:00,4117.0,4095.75,4159.5,2015-01-29 19:33:00+00:00,4159.5,objetivo,85.0,2.0,83.0,42.5,1.9529411764705882
-1,1,2015-01-30 14:59:00+00:00,2015-01-30 15:00:00+00:00,4180.0,4203.25,4133.5,2015-01-30 20:55:00+00:00,4143.25,tiempo,73.5,2.0,71.5,46.5,1.5376344086021505
1,1,2015-02-02 15:59:00+00:00,2015-02-02 16:00:00+00:00,4117.5,4107.25,4138.0,2015-02-02 16:09:00+00:00,4138.0,objetivo,41.0,2.0,39.0,20.5,1.9024390243902438
-1,1,2015-02-02 18:44:00+00:00,2015-02-02 18:45:00+00:00,4119.75,4144.0,4071.25,2015-02-02 19:29:00+00:00,4144.25,stop,-49.0,2.0,-51.0,48.5,-1.0515463917525774
-1,1,2015-02-03 15:14:00+00:00,2015-02-03 15:15:00+00:00,4193.0,4205.5,4168.0,2015-02-03 17:00:00+00:00,4168.0,objetivo,50.0,2.0,48.0,25.0,1.92
1,1,2015-02-03 18:29:00+00:00,2015-02-03 18:30:00+00:00,4192.25,4183.5,4209.75,2015-02-03 20:21:00+00:00,4209.75,objetivo,35.0,2.0,33.0,17.5,1.8857142857142857
1,1,2015-02-04 14:59:00+00:00,2015-02-04 15:00:00+00:00,4206.25,4197.25,4224.25,2015-02-04 15:23:00+00:00,4197.0,stop,-18.5,2.0,-20.5,18.0,-1.1388888888888888
1,1,2015-02-04 15:44:00+00:00,2015-02-04 15:45:00+00:00,4209.25,4191.25,4245.25,2015-02-04 20:55:00+00:00,4209.25,tiempo,0.0,2.0,-2.0,36.0,-0.05555555555555555
-1,1,2015-02-05 15:14:00+00:00,2015-02-05 15:15:00+00:00,4229.25,4238.25,4211.25,2015-02-05 15:36:00+00:00,4238.5,stop,-18.5,2.0,-20.5,18.0,-1.1388888888888888
-1,1,2015-02-05 17:29:00+00:00,2015-02-05 17:30:00+00:00,4233.25,4238.75,4222.25,2015-02-05 18:16:00+00:00,4239.0,stop,-11.5,2.0,-13.5,11.0,-1.2272727272727273
1,1,2015-02-06 14:59:00+00:00,2015-02-06 15:00:00+00:00,4249.25,4237.75,4272.25,2015-02-06 18:25:00+00:00,4237.5,stop,-23.5,2.0,-25.5,23.0,-1.108695652173913
1,1,2015-02-09 14:59:00+00:00,2015-02-09 15:00:00+00:00,4219.5,4211.5,4235.5,2015-02-09 15:23:00+00:00,4211.25,stop,-16.5,2.0,-18.5,16.0,-1.15625
-1,1,2015-02-09 15:29:00+00:00,2015-02-09 15:30:00+00:00,4209.75,4223.0,4183.25,2015-02-09 16:29:00+00:00,4223.25,stop,-27.0,2.0,-29.0,26.5,-1.0943396226415094
1,1,2015-02-09 16:29:00+00:00,2015-02-09 16:30:00+00:00,4223.75,4212.75,4245.75,2015-02-09 19:19:00+00:00,4212.5,stop,-22.5,2.0,-24.5,22.0,-1.1136363636363635
1,1,2015-02-09 19:29:00+00:00,2015-02-09 19:30:00+00:00,4220.25,4212.0,4236.75,2015-02-09 19:48:00+00:00,4211.75,stop,-17.0,2.0,-19.0,16.5,-1.1515151515151516
-1,1,2015-02-09 19:59:00+00:00,2015-02-09 20:00:00+00:00,4210.25,4219.25,4192.25,2015-02-09 20:43:00+00:00,4219.5,stop,-18.5,2.0,-20.5,18.0,-1.1388888888888888
1,1,2015-02-10 14:59:00+00:00,2015-02-10 15:00:00+00:00,4238.5,4233.5,4248.5,2015-02-10 15:04:00+00:00,4233.25,stop,-10.5,2.0,-12.5,10.0,-1.25
-1,1,2015-02-10 15:29:00+00:00,2015-02-10 15:30:00+00:00,4235.5,4244.5,4217.5,2015-02-10 16:16:00+00:00,4244.75,stop,-18.5,2.0,-20.5,18.0,-1.1388888888888888
-1,1,2015-02-11 17:44:00+00:00,2015-02-11 17:45:00+00:00,4288.5,4296.5,4272.5,2015-02-11 19:47:00+00:00,4296.75,stop,-16.5,2.0,-18.5,16.0,-1.15625
1,1,2015-02-12 14:59:00+00:00,2015-02-12 15:00:00+00:00,4326.5,4317.5,4344.5,2015-02-12 20:50:00+00:00,4344.5,objetivo,36.0,2.0,34.0,18.0,1.8888888888888888
-1,1,2015-02-13 15:14:00+00:00,2015-02-13 15:15:00+00:00,4354.0,4361.25,4339.5,2015-02-13 16:03:00+00:00,4361.5,stop,-15.0,2.0,-17.0,14.5,-1.1724137931034482
1,1,2015-02-13 16:14:00+00:00,2015-02-13 16:15:00+00:00,4361.25,4355.75,4372.25,2015-02-13 18:35:00+00:00,4355.5,stop,-11.5,2.0,-13.5,11.0,-1.2272727272727273
-1,1,2015-02-13 18:44:00+00:00,2015-02-13 18:45:00+00:00,4357.0,4361.75,4347.5,2015-02-13 18:56:00+00:00,4362.0,stop,-10.0,2.0,-12.0,9.5,-1.263157894736842
1,1,2015-02-13 18:59:00+00:00,2015-02-13 19:00:00+00:00,4359.75,4355.25,4368.75,2015-02-13 20:05:00+00:00,4368.75,objetivo,18.0,2.0,16.0,9.0,1.7777777777777777
1,1,2015-02-16 14:59:00+00:00,2015-02-16 15:00:00+00:00,4381.5,4380.75,4383.0,2015-02-16 15:06:00+00:00,4380.5,stop,-2.0,2.0,-4.0,1.5,-2.6666666666666665
-1,1,2015-02-16 15:29:00+00:00,2015-02-16 15:30:00+00:00,4380.5,4382.25,4377.0,2015-02-16 15:50:00+00:00,4382.5,stop,-4.0,2.0,-6.0,3.5,-1.7142857142857142
-1,1,2015-02-16 16:59:00+00:00,2015-02-16 17:00:00+00:00,4377.25,4387.0,4357.75,2015-02-16 17:59:00+00:00,4374.75,fin_de_datos,5.0,2.0,3.0,19.5,0.15384615384615385
1,1,2015-02-17 14:59:00+00:00,2015-02-17 15:00:00+00:00,4377.75,4370.25,4392.75,2015-02-17 20:55:00+00:00,4378.5,tiempo,1.5,2.0,-0.5,15.0,-0.03333333333333333
-1,1,2015-02-18 15:14:00+00:00,2015-02-18 15:15:00+00:00,4380.5,4385.5,4370.5,2015-02-18 15:40:00+00:00,4385.75,stop,-10.5,2.0,-12.5,10.0,-1.25
1,1,2015-02-18 15:44:00+00:00,2015-02-18 15:45:00+00:00,4384.5,4376.0,4401.5,2015-02-18 19:28:00+00:00,4375.75,stop,-17.5,2.0,-19.5,17.0,-1.1470588235294117
-1,1,2015-02-18 19:29:00+00:00,2015-02-18 19:30:00+00:00,4377.5,4387.5,4357.5,2015-02-18 20:00:00+00:00,4387.75,stop,-20.5,2.0,-22.5,20.0,-1.125
1,1,2015-02-20 15:14:00+00:00,2015-02-20 15:15:00+00:00,4406.75,4397.0,4426.25,2015-02-20 18:15:00+00:00,4426.25,objetivo,39.0,2.0,37.0,19.5,1.8974358974358974
-1,1,2015-02-23 15:14:00+00:00,2015-02-23 15:15:00+00:00,4436.25,4441.25,4426.25,2015-02-23 15:44:00+00:00,4441.5,stop,-10.5,2.0,-12.5,10.0,-1.25
1,1,2015-02-23 15:44:00+00:00,2015-02-23 15:45:00+00:00,4441.75,4432.0,4461.25,2015-02-23 20:09:00+00:00,4431.75,stop,-20.0,2.0,-22.0,19.5,-1.1282051282051282
-1,1,2015-02-24 14:59:00+00:00,2015-02-24 15:00:00+00:00,4434.5,4441.5,4420.5,2015-02-24 15:22:00+00:00,4441.75,stop,-14.5,2.0,-16.5,14.0,-1.1785714285714286
-1,1,2015-02-24 17:44:00+00:00,2015-02-24 17:45:00+00:00,4439.25,4444.0,4429.75,2015-02-24 17:56:00+00:00,4444.25,stop,-10.0,2.0,-12.0,9.5,-1.263157894736842
1,1,2015-02-24 17:59:00+00:00,2015-02-24 18:00:00+00:00,4442.5,4437.5,4452.5,2015-02-24 20:02:00+00:00,4452.5,objetivo,20.0,2.0,18.0,10.0,1.8
-1,1,2015-02-25 15:29:00+00:00,2015-02-25 15:30:00+00:00,4443.5,4449.0,4432.5,2015-02-25 15:43:00+00:00,4449.25,stop,-11.5,2.0,-13.5,11.0,-1.2272727272727273
1,1,2015-02-25 15:44:00+00:00,2015-02-25 15:45:00+00:00,4451.5,4442.0,4470.5,2015-02-25 19:39:00+00:00,4441.75,stop,-19.5,2.0,-21.5,19.0,-1.131578947368421
-1,1,2015-02-25 19:44:00+00:00,2015-02-25 19:45:00+00:00,4438.5,4454.25,4407.0,2015-02-25 20:55:00+00:00,4440.5,tiempo,-4.0,2.0,-6.0,31.5,-0.19047619047619047
-1,1,2015-02-26 14:59:00+00:00,2015-02-26 15:00:00+00:00,4432.75,4447.25,4403.75,2015-02-26 15:35:00+00:00,4447.5,stop,-29.5,2.0,-31.5,29.0,-1.0862068965517242
-1,1,2015-02-26 19:29:00+00:00,2015-02-26 19:30:00+00:00,4445.5,4453.5,4429.5,2015-02-26 20:17:00+00:00,4453.75,stop,-16.5,2.0,-18.5,16.0,-1.15625
1,1,2015-02-27 14:59:00+00:00,2015-02-27 15:00:00+00:00,4457.5,4446.5,4479.5,2015-02-27 18:41:00+00:00,4446.25,stop,-22.5,2.0,-24.5,22.0,-1.1136363636363635
-1,1,2015-03-02 17:29:00+00:00,2015-03-02 17:30:00+00:00,4466.5,4470.25,4459.0,2015-03-02 19:03:00+00:00,4470.5,stop,-8.0,2.0,-10.0,7.5,-1.3333333333333333
1,1,2015-03-03 19:14:00+00:00,2015-03-03 19:15:00+00:00,4456.25,4449.0,4470.75,2015-03-03 20:55:00+00:00,4458.25,tiempo,4.0,2.0,2.0,14.5,0.13793103448275862
1,1,2015-03-04 15:44:00+00:00,2015-03-04 15:45:00+00:00,4435.0,4423.75,4457.5,2015-03-04 20:55:00+00:00,4444.25,tiempo,18.5,2.0,16.5,22.5,0.7333333333333333
1,1,2015-03-05 14:59:00+00:00,2015-03-05 15:00:00+00:00,4456.75,4449.0,4472.25,2015-03-05 16:08:00+00:00,4448.75,stop,-16.0,2.0,-18.0,15.5,-1.1612903225806452
-1,1,2015-03-05 16:14:00+00:00,2015-03-05 16:15:00+00:00,4446.0,4458.75,4420.5,2015-03-05 20:55:00+00:00,4453.75,tiempo,-15.5,2.0,-17.5,25.5,-0.6862745098039216
1,1,2015-03-06 14:59:00+00:00,2015-03-06 15:00:00+00:00,4448.75,4434.0,4478.25,2015-03-06 16:06:00+00:00,4433.75,stop,-30.0,2.0,-32.0,29.5,-1.0847457627118644
1,1,2015-03-09 13:59:00+00:00,2015-03-09 14:00:00+00:00,4406.5,4391.75,4436.0,2015-03-09 19:55:00+00:00,4417.25,tiempo,21.5,2.0,19.5,29.5,0.6610169491525424
1,1,2015-03-10 15:14:00+00:00,2015-03-10 15:15:00+00:00,4363.0,4349.25,4390.5,2015-03-10 15:49:00+00:00,4349.0,stop,-28.0,2.0,-30.0,27.5,-1.0909090909090908
-1,1,2015-03-11 14:29:00+00:00,2015-03-11 14:30:00+00:00,4331.75,4335.0,4325.25,2015-03-11 14:30:00+00:00,4335.25,stop,-7.0,2.0,-9.0,6.5,-1.3846153846153846
1,1,2015-03-11 15:29:00+00:00,2015-03-11 15:30:00+00:00,4333.25,4324.0,4351.75,2015-03-11 16:26:00+00:00,4323.75,stop,-19.0,2.0,-21.0,18.5,-1.135135135135135
1,1,2015-03-11 16:44:00+00:00,2015-03-11 16:45:00+00:00,4331.5,4324.25,4346.0,2015-03-11 17:04:00+00:00,4324.0,stop,-15.0,2.0,-17.0,14.5,-1.1724137931034482
-1,1,2015-03-13 14:14:00+00:00,2015-03-13 14:15:00+00:00,4327.5,4339.25,4304.0,2015-03-13 14:57:00+00:00,4304.0,objetivo,47.0,2.0,45.0,23.5,1.9148936170212767
-1,1,2015-03-17 14:14:00+00:00,2015-03-17 14:15:00+00:00,4352.25,4358.5,4339.75,2015-03-17 14:32:00+00:00,4358.75,stop,-13.0,2.0,-15.0,12.5,-1.2
-1,1,2015-03-17 15:14:00+00:00,2015-03-17 15:15:00+00:00,4349.0,4354.5,4338.0,2015-03-17 15:58:00+00:00,4354.75,stop,-11.5,2.0,-13.5,11.0,-1.2272727272727273
1,1,2015-03-17 15:59:00+00:00,2015-03-17 16:00:00+00:00,4357.25,4347.75,4376.25,2015-03-17 19:11:00+00:00,4376.25,objetivo,38.0,2.0,36.0,19.0,1.894736842105263
1,1,2015-03-18 14:14:00+00:00,2015-03-18 14:15:00+00:00,4355.75,4353.25,4360.75,2015-03-18 14:25:00+00:00,4360.75,objetivo,10.0,2.0,8.0,5.0,1.6
-1,1,2015-03-18 15:29:00+00:00,2015-03-18 15:30:00+00:00,4356.0,4363.5,4341.0,2015-03-18 17:38:00+00:00,4341.0,objetivo,30.0,2.0,28.0,15.0,1.8666666666666667
1,1,2015-03-18 18:14:00+00:00,2015-03-18 18:15:00+00:00,4400.25,4349.5,4501.75,2015-03-18 19:55:00+00:00,4413.75,tiempo,27.0,2.0,25.0,101.5,0.24630541871921183
1,1,2015-03-19 13:59:00+00:00,2015-03-19 14:00:00+00:00,4425.5,4413.0,4450.5,2015-03-19 17:00:00+00:00,4412.75,stop,-25.5,2.0,-27.5,25.0,-1.1
1,1,2015-03-19 17:29:00+00:00,2015-03-19 17:30:00+00:00,4427.25,4417.75,4446.25,2015-03-19 19:55:00+00:00,4421.25,tiempo,-12.0,2.0,-14.0,19.0,-0.7368421052631579
1,1,2015-03-20 14:44:00+00:00,2015-03-20 14:45:00+00:00,4458.5,4450.25,4475.0,2015-03-20 14:49:00+00:00,4450.0,stop,-17.0,2.0,-19.0,16.5,-1.1515151515151516
-1,1,2015-03-20 14:59:00+00:00,2015-03-20 15:00:00+00:00,4454.25,4458.75,4445.25,2015-03-20 15:02:00+00:00,4459.0,stop,-9.5,2.0,-11.5,9.0,-1.2777777777777777
1,1,2015-03-20 15:14:00+00:00,2015-03-20 15:15:00+00:00,4459.5,4454.25,4470.0,2015-03-20 17:18:00+00:00,4470.0,objetivo,21.0,2.0,19.0,10.5,1.8095238095238095
-1,1,2015-03-23 13:59:00+00:00,2015-03-23 14:00:00+00:00,4444.25,4451.0,4430.75,2015-03-23 14:08:00+00:00,4451.25,stop,-14.0,2.0,-16.0,13.5,-1.1851851851851851
1,1,2015-03-23 14:14:00+00:00,2015-03-23 14:15:00+00:00,4455.0,4442.75,4479.5,2015-03-23 19:55:00+00:00,4443.75,tiempo,-22.5,2.0,-24.5,24.5,-1.0
1,1,2015-03-24 13:59:00+00:00,2015-03-24 14:00:00+00:00,4445.0,4434.25,4466.5,2015-03-24 17:33:00+00:00,4434.0,stop,-22.0,2.0,-24.0,21.5,-1.1162790697674418
-1,1,2015-03-26 13:59:00+00:00,2015-03-26 14:00:00+00:00,4285.0,4312.75,4229.5,2015-03-26 15:40:00+00:00,4313.0,stop,-56.0,2.0,-58.0,55.5,-1.045045045045045
-1,1,2015-03-27 14:14:00+00:00,2015-03-27 14:15:00+00:00,4308.0,4327.5,4269.0,2015-03-27 15:13:00+00:00,4327.75,stop,-39.5,2.0,-41.5,39.0,-1.064102564102564
-1,1,2015-03-27 15:59:00+00:00,2015-03-27 16:00:00+00:00,4313.5,4320.0,4300.5,2015-03-27 19:35:00+00:00,4320.25,stop,-13.5,2.0,-15.5,13.0,-1.1923076923076923
-1,1,2015-03-30 14:14:00+00:00,2015-03-30 14:15:00+00:00,4362.5,4377.75,4332.0,2015-03-30 19:55:00+00:00,4374.75,tiempo,-24.5,2.0,-26.5,30.5,-0.8688524590163934
1,1,2015-03-31 14:29:00+00:00,2015-03-31 14:30:00+00:00,4359.0,4352.25,4372.5,2015-03-31 16:00:00+00:00,4352.0,stop,-14.0,2.0,-16.0,13.5,-1.1851851851851851
1,1,2015-03-31 17:14:00+00:00,2015-03-31 17:15:00+00:00,4359.75,4357.0,4365.25,2015-03-31 17:47:00+00:00,4356.75,stop,-6.0,2.0,-8.0,5.5,-1.4545454545454546
-1,1,2015-03-31 17:59:00+00:00,2015-03-31 18:00:00+00:00,4353.5,4362.75,4335.0,2015-03-31 19:17:00+00:00,4335.0,objetivo,37.0,2.0,35.0,18.5,1.8918918918918919
1,1,2015-04-01 14:59:00+00:00,2015-04-01 15:00:00+00:00,4297.0,4286.75,4317.5,2015-04-01 16:13:00+00:00,4286.5,stop,-21.0,2.0,-23.0,20.5,-1.1219512195121952
1,1,2015-04-01 17:29:00+00:00,2015-04-01 17:30:00+00:00,4294.75,4288.25,4307.75,2015-04-01 18:17:00+00:00,4288.0,stop,-13.5,2.0,-15.5,13.0,-1.1923076923076923
1,1,2015-04-02 13:59:00+00:00,2015-04-02 14:00:00+00:00,4315.25,4300.25,4345.25,2015-04-02 16:04:00+00:00,4300.0,stop,-30.5,2.0,-32.5,30.0,-1.0833333333333333
1,1,2015-04-02 16:44:00+00:00,2015-04-02 16:45:00+00:00,4308.5,4301.5,4322.5,2015-04-02 19:55:00+00:00,4313.75,tiempo,10.5,2.0,8.5,14.0,0.6071428571428571
-1,1,2015-04-07 13:59:00+00:00,2015-04-07 14:00:00+00:00,4351.25,4363.5,4326.75,2015-04-07 14:22:00+00:00,4363.75,stop,-25.0,2.0,-27.0,24.5,-1.1020408163265305
-1,1,2015-04-07 17:59:00+00:00,2015-04-07 18:00:00+00:00,4359.75,4364.75,4349.75,2015-04-07 19:24:00+00:00,4349.75,objetivo,20.0,2.0,18.0,10.0,1.8
-1,1,2015-04-08 14:44:00+00:00,2015-04-08 14:45:00+00:00,4344.0,4363.5,4305.0,2015-04-08 15:19:00+00:00,4363.75,stop,-39.5,2.0,-41.5,39.0,-1.064102564102564
1,1,2015-04-09 16:29:00+00:00,2015-04-09 16:30:00+00:00,4380.75,4370.5,4401.25,2015-04-09 19:55:00+00:00,4396.0,tiempo,30.5,2.0,28.5,20.5,1.3902439024390243
1,1,2015-04-10 13:59:00+00:00,2015-04-10 14:00:00+00:00,4395.75,4385.75,4415.75,2015-04-10 18:55:00+00:00,4415.75,objetivo,40.0,2.0,38.0,20.0,1.9
-1,1,2015-04-13 14:59:00+00:00,2015-04-13 15:00:00+00:00,4432.0,4436.25,4423.5,2015-04-13 15:14:00+00:00,4436.5,stop,-9.0,2.0,-11.0,8.5,-1.2941176470588236
1,1,2015-04-13 15:14:00+00:00,2015-04-13 15:15:00+00:00,4436.0,4431.5,4445.0,2015-04-13 15:29:00+00:00,4431.25,stop,-9.5,2.0,-11.5,9.0,-1.2777777777777777
-1,1,2015-04-13 15:29:00+00:00,2015-04-13 15:30:00+00:00,4430.75,4437.0,4418.25,2015-04-13 17:10:00+00:00,4418.25,objetivo,25.0,2.0,23.0,12.5,1.84
1,1,2015-04-14 16:14:00+00:00,2015-04-14 16:15:00+00:00,4387.5,4380.75,4401.0,2015-04-14 17:17:00+00:00,4380.5,stop,-14.0,2.0,-16.0,13.5,-1.1851851851851851
1,1,2015-04-14 18:59:00+00:00,2015-04-14 19:00:00+00:00,4388.25,4382.25,4400.25,2015-04-14 19:55:00+00:00,4387.5,tiempo,-1.5,2.0,-3.5,12.0,-0.2916666666666667
-1,1,2015-04-15 14:29:00+00:00,2015-04-15 14:30:00+00:00,4405.25,4410.0,4395.75,2015-04-15 14:59:00+00:00,4410.25,stop,-10.0,2.0,-12.0,9.5,-1.263157894736842
-1,1,2015-04-15 15:29:00+00:00,2015-04-15 15:30:00+00:00,4404.25,4409.0,4394.75,2015-04-15 15:57:00+00:00,4409.25,stop,-10.0,2.0,-12.0,9.5,-1.263157894736842
1,1,2015-04-15 15:59:00+00:00,2015-04-15 16:00:00+00:00,4409.5,4402.75,4423.0,2015-04-15 18:08:00+00:00,4423.0,objetivo,27.0,2.0,25.0,13.5,1.8518518518518519
-1,1,2015-04-16 14:29:00+00:00,2015-04-16 14:30:00+00:00,4405.0,4414.5,4386.0,2015-04-16 14:56:00+00:00,4414.75,stop,-19.5,2.0,-21.5,19.0,-1.131578947368421
1,1,2015-04-16 15:14:00+00:00,2015-04-16 15:15:00+00:00,4412.0,4408.75,4418.5,2015-04-16 15:43:00+00:00,4408.5,stop,-7.0,2.0,-9.0,6.5,-1.3846153846153846
-1,1,2015-04-16 15:44:00+00:00,2015-04-16 15:45:00+00:00,4407.75,4414.5,4394.25,2015-04-16 16:14:00+00:00,4414.75,stop,-14.0,2.0,-16.0,13.5,-1.1851851851851851
-1,1,2015-04-16 17:29:00+00:00,2015-04-16 17:30:00+00:00,4408.75,4414.25,4397.75,2015-04-16 17:45:00+00:00,4414.5,stop,-11.5,2.0,-13.5,11.0,-1.2272727272727273
1,1,2015-04-21 15:14:00+00:00,2015-04-21 15:15:00+00:00,4433.0,4426.75,4445.5,2015-04-21 15:45:00+00:00,4426.5,stop,-13.0,2.0,-15.0,12.5,-1.2
1,1,2015-04-21 17:14:00+00:00,2015-04-21 17:15:00+00:00,4438.0,4430.75,4452.5,2015-04-21 17:37:00+00:00,4430.5,stop,-15.0,2.0,-17.0,14.5,-1.1724137931034482
-1,1,2015-04-21 17:59:00+00:00,2015-04-21 18:00:00+00:00,4428.75,4434.25,4417.75,2015-04-21 18:21:00+00:00,4434.5,stop,-11.5,2.0,-13.5,11.0,-1.2272727272727273
1,1,2015-04-21 18:29:00+00:00,2015-04-21 18:30:00+00:00,4436.75,4430.0,4450.25,2015-04-21 19:26:00+00:00,4429.75,stop,-14.0,2.0,-16.0,13.5,-1.1851851851851851
1,1,2015-04-22 14:44:00+00:00,2015-04-22 14:45:00+00:00,4426.25,4416.5,4445.75,2015-04-22 17:46:00+00:00,4445.75,objetivo,39.0,2.0,37.0,19.5,1.8974358974358974
-1,1,2015-04-23 14:59:00+00:00,2015-04-23 15:00:00+00:00,4442.5,4453.0,4421.5,2015-04-23 15:36:00+00:00,4453.25,stop,-21.5,2.0,-23.5,21.0,-1.119047619047619
-1,1,2015-04-23 15:44:00+00:00,2015-04-23 15:45:00+00:00,4449.25,4454.0,4439.75,2015-04-23 15:51:00+00:00,4454.25,stop,-10.0,2.0,-12.0,9.5,-1.263157894736842
1,1,2015-04-23 15:59:00+00:00,2015-04-23 16:00:00+00:00,4462.75,4449.25,4489.75,2015-04-23 19:16:00+00:00,4489.75,objetivo,54.0,2.0,52.0,27.0,1.9259259259259258
1,1,2015-04-24 13:59:00+00:00,2015-04-24 14:00:00+00:00,4521.0,4511.0,4541.0,2015-04-24 14:05:00+00:00,4510.75,stop,-20.5,2.0,-22.5,20.0,-1.125
-1,1,2015-04-27 14:59:00+00:00,2015-04-27 15:00:00+00:00,4540.25,4550.5,4519.75,2015-04-27 18:03:00+00:00,4519.75,objetivo,41.0,2.0,39.0,20.5,1.9024390243902438
1,1,2015-04-28 14:44:00+00:00,2015-04-28 14:45:00+00:00,4500.25,4490.5,4519.75,2015-04-28 15:37:00+00:00,4519.75,objetivo,39.0,2.0,37.0,19.5,1.8974358974358974
-1,1,2015-04-29 13:59:00+00:00,2015-04-29 14:00:00+00:00,4499.75,4511.0,4477.25,2015-04-29 16:07:00+00:00,4477.25,objetivo,45.0,2.0,43.0,22.5,1.9111111111111112
1,1,2015-04-29 18:29:00+00:00,2015-04-29 18:30:00+00:00,4489.75,4470.5,4528.25,2015-04-29 19:55:00+00:00,4478.75,tiempo,-22.0,2.0,-24.0,38.5,-0.6233766233766234
-1,1,2015-04-30 13:59:00+00:00,2015-04-30 14:00:00+00:00,4447.0,4472.75,4395.5,2015-04-30 19:03:00+00:00,4395.5,objetivo,103.0,2.0,101.0,51.5,1.9611650485436893
-1,1,2015-05-01 13:59:00+00:00,2015-05-01 14:00:00+00:00,4434.25,4446.25,4410.25,2015-05-01 14:18:00+00:00,4446.5,stop,-24.5,2.0,-26.5,24.0,-1.1041666666666667
-1,1,2015-05-01 14:44:00+00:00,2015-05-01 14:45:00+00:00,4436.0,4450.0,4408.0,2015-05-01 15:30:00+00:00,4450.25,stop,-28.5,2.0,-30.5,28.0,-1.0892857142857142
-1,1,2015-05-01 15:59:00+00:00,2015-05-01 16:00:00+00:00,4437.0,4440.5,4430.0,2015-05-01 16:29:00+00:00,4440.75,stop,-7.5,2.0,-9.5,7.0,-1.3571428571428572
1,1,2015-05-01 16:29:00+00:00,2015-05-01 16:30:00+00:00,4440.5,4433.25,4455.0,2015-05-01 17:50:00+00:00,4455.0,objetivo,29.0,2.0,27.0,14.5,1.8620689655172413
-1,1,2015-05-04 14:59:00+00:00,2015-05-04 15:00:00+00:00,4487.25,4496.25,4469.25,2015-05-04 19:55:00+00:00,4475.75,tiempo,23.0,2.0,21.0,18.0,1.1666666666666667
-1,1,2015-05-05 13:59:00+00:00,2015-05-05 14:00:00+00:00,4436.0,4459.75,4388.5,2015-05-05 19:55:00+00:00,4404.0,tiempo,64.0,2.0,62.0,47.5,1.305263157894737
1,1,2015-05-06 14:59:00+00:00,2015-05-06 15:00:00+00:00,4389.0,4377.75,4411.5,2015-05-06 15:15:00+00:00,4377.5,stop,-23.0,2.0,-25.0,22.5,-1.1111111111111112
1,1,2015-05-06 15:29:00+00:00,2015-05-06 15:30:00+00:00,4384.25,4376.75,4399.25,2015-05-06 16:05:00+00:00,4376.5,stop,-15.5,2.0,-17.5,15.0,-1.1666666666666667
-1,1,2015-05-06 16:14:00+00:00,2015-05-06 16:15:00+00:00,4375.25,4386.5,4352.75,2015-05-06 17:54:00+00:00,4352.75,objetivo,45.0,2.0,43.0,22.5,1.9111111111111112
-1,1,2015-05-07 13:59:00+00:00,2015-05-07 14:00:00+00:00,4376.75,4397.5,4335.25,2015-05-07 14:52:00+00:00,4397.75,stop,-42.0,2.0,-44.0,41.5,-1.0602409638554218
-1,1,2015-05-08 17:59:00+00:00,2015-05-08 18:00:00+00:00,4450.5,4453.75,4444.0,2015-05-08 19:14:00+00:00,4454.0,stop,-7.0,2.0,-9.0,6.5,-1.3846153846153846
1,1,2015-05-11 14:14:00+00:00,2015-05-11 14:15:00+00:00,4458.75,4455.0,4466.25,2015-05-11 14:17:00+00:00,4454.75,stop,-8.0,2.0,-10.0,7.5,-1.3333333333333333
-1,1,2015-05-11 14:29:00+00:00,2015-05-11 14:30:00+00:00,4448.0,4459.25,4425.5,2015-05-11 19:55:00+00:00,4438.0,tiempo,20.0,2.0,18.0,22.5,0.8
1,1,2015-05-12 14:44:00+00:00,2015-05-12 14:45:00+00:00,4409.5,4387.0,4454.5,2015-05-12 19:55:00+00:00,4423.0,tiempo,27.0,2.0,25.0,45.0,0.5555555555555556
-1,1,2015-05-13 13:59:00+00:00,2015-05-13 14:00:00+00:00,4445.75,4455.25,4426.75,2015-05-13 15:00:00+00:00,4426.75,objetivo,38.0,2.0,36.0,19.0,1.894736842105263
1,1,2015-05-14 14:14:00+00:00,2015-05-14 14:15:00+00:00,4466.5,4447.5,4504.5,2015-05-14 19:55:00+00:00,4489.75,tiempo,46.5,2.0,44.5,38.0,1.1710526315789473
1,1,2015-05-15 14:59:00+00:00,2015-05-15 15:00:00+00:00,4492.5,4488.75,4500.0,2015-05-15 15:19:00+00:00,4488.5,stop,-8.0,2.0,-10.0,7.5,-1.3333333333333333
-1,1,2015-05-15 15:29:00+00:00,2015-05-15 15:30:00+00:00,4484.0,4493.0,4466.0,2015-05-15 19:55:00+00:00,4488.5,tiempo,-9.0,2.0,-11.0,18.0,-0.6111111111111112
1,1,2015-05-18 13:59:00+00:00,2015-05-18 14:00:00+00:00,4490.25,4479.25,4512.25,2015-05-18 17:59:00+00:00,4512.25,objetivo,44.0,2.0,42.0,22.0,1.9090909090909092
-1,1,2015-05-19 13:59:00+00:00,2015-05-19 14:00:00+00:00,4514.5,4519.0,4505.5,2015-05-19 14:10:00+00:00,4505.5,objetivo,18.0,2.0,16.0,9.0,1.7777777777777777
1,1,2015-05-19 14:29:00+00:00,2015-05-19 14:30:00+00:00,4513.5,4504.25,4532.0,2015-05-19 15:03:00+00:00,4504.0,stop,-19.0,2.0,-21.0,18.5,-1.135135135135135
1,1,2015-05-19 17:44:00+00:00,2015-05-19 17:45:00+00:00,4515.0,4509.0,4527.0,2015-05-19 18:35:00+00:00,4508.75,stop,-12.5,2.0,-14.5,12.0,-1.2083333333333333
-1,1,2015-05-19 18:44:00+00:00,2015-05-19 18:45:00+00:00,4506.25,4513.0,4492.75,2015-05-19 19:55:00+00:00,4500.75,tiempo,11.0,2.0,9.0,13.5,0.6666666666666666
1,1,2015-05-20 14:14:00+00:00,2015-05-20 14:15:00+00:00,4494.5,4482.75,4518.0,2015-05-20 18:18:00+00:00,4518.0,objetivo,47.0,2.0,45.0,23.5,1.9148936170212767
-1,1,2015-05-22 15:14:00+00:00,2015-05-22 15:15:00+00:00,4529.0,4539.0,4509.0,2015-05-22 17:03:00+00:00,4539.25,stop,-20.5,2.0,-22.5,20.0,-1.125
-1,1,2015-05-22 18:14:00+00:00,2015-05-22 18:15:00+00:00,4532.5,4537.75,4522.0,2015-05-22 19:19:00+00:00,4538.0,stop,-11.0,2.0,-13.0,10.5,-1.2380952380952381
-1,1,2015-05-28 13:59:00+00:00,2015-05-28 14:00:00+00:00,4526.25,4543.5,4491.75,2015-05-28 19:55:00+00:00,4536.5,tiempo,-20.5,2.0,-22.5,34.5,-0.6521739130434783
1,1,2015-05-29 13:59:00+00:00,2015-05-29 14:00:00+00:00,4532.5,4525.25,4547.0,2015-05-29 14:06:00+00:00,4525.0,stop,-15.0,2.0,-17.0,14.5,-1.1724137931034482
-1,1,2015-05-29 14:14:00+00:00,2015-05-29 14:15:00+00:00,4521.25,4535.25,4493.25,2015-05-29 19:55:00+00:00,4511.75,tiempo,19.0,2.0,17.0,28.0,0.6071428571428571
1,1,2015-06-01 14:59:00+00:00,2015-06-01 15:00:00+00:00,4510.0,4493.25,4543.5,2015-06-01 19:55:00+00:00,4519.25,tiempo,18.5,2.0,16.5,33.5,0.4925373134328358
1,1,2015-06-02 13:59:00+00:00,2015-06-02 14:00:00+00:00,4497.5,4483.75,4525.0,2015-06-02 16:50:00+00:00,4525.0,objetivo,55.0,2.0,53.0,27.5,1.9272727272727272
-1,1,2015-06-03 15:29:00+00:00,2015-06-03 15:30:00+00:00,4528.5,4535.25,4515.0,2015-06-03 16:21:00+00:00,4515.0,objetivo,27.0,2.0,25.0,13.5,1.8518518518518519
-1,1,2015-06-04 14:59:00+00:00,2015-06-04 15:00:00+00:00,4506.0,4515.0,4488.0,2015-06-04 17:07:00+00:00,4488.0,objetivo,36.0,2.0,34.0,18.0,1.8888888888888888
1,1,2015-06-05 13:59:00+00:00,2015-06-05 14:00:00+00:00,4466.75,4453.75,4492.75,2015-06-05 14:40:00+00:00,4492.75,objetivo,52.0,2.0,50.0,26.0,1.9230769230769231
1,1,2015-06-09 14:59:00+00:00,2015-06-09 15:00:00+00:00,4415.5,4404.5,4437.5,2015-06-09 17:29:00+00:00,4437.5,objetivo,44.0,2.0,42.0,22.0,1.9090909090909092
1,1,2015-06-11 13:59:00+00:00,2015-06-11 14:00:00+00:00,4510.0,4500.0,4530.0,2015-06-11 14:30:00+00:00,4499.75,stop,-20.5,2.0,-22.5,20.0,-1.125
1,1,2015-06-12 14:14:00+00:00,2015-06-12 14:15:00+00:00,4469.0,4463.5,4480.0,2015-06-12 14:21:00+00:00,4463.25,stop,-11.5,2.0,-13.5,11.0,-1.2272727272727273
-1,1,2015-06-12 14:29:00+00:00,2015-06-12 14:30:00+00:00,4464.75,4472.5,4449.25,2015-06-12 15:00:00+00:00,4449.25,objetivo,31.0,2.0,29.0,15.5,1.8709677419354838
1,1,2015-06-12 15:29:00+00:00,2015-06-12 15:30:00+00:00,4463.0,4455.25,4478.5,2015-06-12 15:46:00+00:00,4455.0,stop,-16.0,2.0,-18.0,15.5,-1.1612903225806452
1,1,2015-06-15 14:14:00+00:00,2015-06-15 14:15:00+00:00,4400.0,4391.25,4417.5,2015-06-15 15:10:00+00:00,4417.5,objetivo,35.0,2.0,33.0,17.5,1.8857142857142857
-1,1,2015-06-16 14:14:00+00:00,2015-06-16 14:15:00+00:00,4419.5,4436.5,4385.5,2015-06-16 15:11:00+00:00,4436.75,stop,-34.5,2.0,-36.5,34.0,-1.0735294117647058
1,1,2015-06-16 15:14:00+00:00,2015-06-16 15:15:00+00:00,4438.25,4425.75,4463.25,2015-06-16 19:55:00+00:00,4446.5,tiempo,16.5,2.0,14.5,25.0,0.58
-1,1,2015-06-17 14:29:00+00:00,2015-06-17 14:30:00+00:00,4460.25,4462.25,4456.25,2015-06-17 14:35:00+00:00,4462.5,stop,-4.5,2.0,-6.5,4.0,-1.625
1,1,2015-06-17 14:44:00+00:00,2015-06-17 14:45:00+00:00,4461.75,4459.25,4466.75,2015-06-17 15:13:00+00:00,4459.0,stop,-5.5,2.0,-7.5,5.0,-1.5
-1,1,2015-06-17 15:14:00+00:00,2015-06-17 15:15:00+00:00,4458.75,4465.5,4445.25,2015-06-17 16:07:00+00:00,4445.25,objetivo,27.0,2.0,25.0,13.5,1.8518518518518519
1,1,2015-06-17 18:14:00+00:00,2015-06-17 18:15:00+00:00,4460.5,4431.25,4519.0,2015-06-17 19:55:00+00:00,4464.5,tiempo,8.0,2.0,6.0,58.5,0.10256410256410256
1,1,2015-06-19 14:59:00+00:00,2015-06-19 15:00:00+00:00,4520.0,4513.0,4534.0,2015-06-19 15:46:00+00:00,4512.75,stop,-14.5,2.0,-16.5,14.0,-1.1785714285714286
1,1,2015-06-22 13:59:00+00:00,2015-06-22 14:00:00+00:00,4540.5,4536.5,4548.5,2015-06-22 14:34:00+00:00,4536.25,stop,-8.5,2.0,-10.5,8.0,-1.3125
1,1,2015-06-22 14:44:00+00:00,2015-06-22 14:45:00+00:00,4543.0,4536.5,4556.0,2015-06-22 14:50:00+00:00,4536.25,stop,-13.5,2.0,-15.5,13.0,-1.1923076923076923
-1,1,2015-06-22 16:14:00+00:00,2015-06-22 16:15:00+00:00,4540.0,4545.75,4528.5,2015-06-22 17:30:00+00:00,4528.5,objetivo,23.0,2.0,21.0,11.5,1.826086956521739
1,1,2015-06-22 18:59:00+00:00,2015-06-22 19:00:00+00:00,4541.5,4537.25,4550.0,2015-06-22 19:47:00+00:00,4537.0,stop,-9.0,2.0,-11.0,8.5,-1.2941176470588236
1,1,2015-06-23 14:14:00+00:00,2015-06-23 14:15:00+00:00,4541.5,4532.5,4559.5,2015-06-23 14:19:00+00:00,4532.25,stop,-18.5,2.0,-20.5,18.0,-1.1388888888888888
-1,1,2015-06-23 14:29:00+00:00,2015-06-23 14:30:00+00:00,4527.25,4541.75,4498.25,2015-06-23 19:26:00+00:00,4542.0,stop,-29.5,2.0,-31.5,29.0,-1.0862068965517242
-1,1,2015-06-24 15:14:00+00:00,2015-06-24 15:15:00+00:00,4542.25,4549.75,4527.25,2015-06-24 17:24:00+00:00,4527.25,objetivo,30.0,2.0,28.0,15.0,1.8666666666666667
1,1,2015-06-25 13:59:00+00:00,2015-06-25 14:00:00+00:00,4528.5,4519.5,4546.5,2015-06-25 17:34:00+00:00,4519.25,stop,-18.5,2.0,-20.5,18.0,-1.1388888888888888
-1,1,2015-06-26 14:44:00+00:00,2015-06-26 14:45:00+00:00,4495.5,4504.5,4477.5,2015-06-26 16:42:00+00:00,4477.5,objetivo,36.0,2.0,34.0,18.0,1.8888888888888888
-1,1,2015-06-29 14:29:00+00:00,2015-06-29 14:30:00+00:00,4431.75,4447.75,4399.75,2015-06-29 18:11:00+00:00,4399.75,objetivo,64.0,2.0,62.0,32.0,1.9375
1,1,2015-06-30 14:29:00+00:00,2015-06-30 14:30:00+00:00,4393.0,4381.0,4417.0,2015-06-30 14:48:00+00:00,4380.75,stop,-24.5,2.0,-26.5,24.0,-1.1041666666666667
1,1,2015-06-30 15:14:00+00:00,2015-06-30 15:15:00+00:00,4391.0,4385.75,4401.5,2015-06-30 15:32:00+00:00,4385.5,stop,-11.0,2.0,-13.0,10.5,-1.2380952380952381
1,1,2015-06-30 17:44:00+00:00,2015-06-30 17:45:00+00:00,4394.75,4385.25,4413.75,2015-06-30 19:55:00+00:00,4397.0,tiempo,4.5,2.0,2.5,19.0,0.13157894736842105
-1,1,2015-07-01 14:44:00+00:00,2015-07-01 14:45:00+00:00,4425.5,4432.5,4411.5,2015-07-01 16:22:00+00:00,4411.5,objetivo,28.0,2.0,26.0,14.0,1.8571428571428572
-1,1,2015-07-02 13:59:00+00:00,2015-07-02 14:00:00+00:00,4425.75,4436.75,4403.75,2015-07-02 19:55:00+00:00,4426.5,tiempo,-1.5,2.0,-3.5,22.0,-0.1590909090909091
1,1,2015-07-03 14:59:00+00:00,2015-07-03 15:00:00+00:00,4418.25,4414.25,4426.25,2015-07-03 15:43:00+00:00,4414.0,stop,-8.5,2.0,-10.5,8.0,-1.3125
-1,1,2015-07-03 15:44:00+00:00,2015-07-03 15:45:00+00:00,4413.25,4420.0,4399.75,2015-07-03 16:59:00+00:00,4418.0,fin_de_datos,-9.5,2.0,-11.5,13.5,-0.8518518518518519
-1,1,2015-07-06 15:29:00+00:00,2015-07-06 15:30:00+00:00,4412.75,4420.5,4397.25,2015-07-06 17:41:00+00:00,4397.25,objetivo,31.0,2.0,29.0,15.5,1.8709677419354838
1,1,2015-07-07 16:44:00+00:00,2015-07-07 16:45:00+00:00,4372.25,4359.0,4398.75,2015-07-07 18:41:00+00:00,4398.75,objetivo,53.0,2.0,51.0,26.5,1.9245283018867925
1,1,2015-07-08 14:59:00+00:00,2015-07-08 15:00:00+00:00,4381.25,4366.75,4410.25,2015-07-08 15:09:00+00:00,4366.5,stop,-29.5,2.0,-31.5,29.0,-1.0862068965517242
-1,1,2015-07-08 15:14:00+00:00,2015-07-08 15:15:00+00:00,4367.25,4381.25,4339.25,2015-07-08 18:49:00+00:00,4339.25,objetivo,56.0,2.0,54.0,28.0,1.9285714285714286
1,1,2015-07-09 15:14:00+00:00,2015-07-09 15:15:00+00:00,4394.75,4388.25,4407.75,2015-07-09 15:26:00+00:00,4388.0,stop,-13.5,2.0,-15.5,13.0,-1.1923076923076923
-1,1,2015-07-09 15:29:00+00:00,2015-07-09 15:30:00+00:00,4385.75,4395.75,4365.75,2015-07-09 17:21:00+00:00,4365.75,objetivo,40.0,2.0,38.0,20.0,1.9
1,1,2015-07-10 14:29:00+00:00,2015-07-10 14:30:00+00:00,4398.75,4391.75,4412.75,2015-07-10 14:41:00+00:00,4391.5,stop,-14.5,2.0,-16.5,14.0,-1.1785714285714286
-1,1,2015-07-10 14:44:00+00:00,2015-07-10 14:45:00+00:00,4388.0,4401.75,4360.5,2015-07-10 15:00:00+00:00,4402.0,stop,-28.0,2.0,-30.0,27.5,-1.0909090909090908
-1,1,2015-07-15 14:29:00+00:00,2015-07-15 14:30:00+00:00,4526.75,4537.0,4506.25,2015-07-15 15:00:00+00:00,4537.25,stop,-21.0,2.0,-23.0,20.5,-1.1219512195121952
-1,1,2015-07-15 15:59:00+00:00,2015-07-15 16:00:00+00:00,4530.25,4535.25,4520.25,2015-07-15 18:35:00+00:00,4520.25,objetivo,20.0,2.0,18.0,10.0,1.8
-1,1,2015-07-16 14:14:00+00:00,2015-07-16 14:15:00+00:00,4555.25,4562.5,4540.75,2015-07-16 14:25:00+00:00,4562.75,stop,-15.0,2.0,-17.0,14.5,-1.1724137931034482
1,1,2015-07-16 14:29:00+00:00,2015-07-16 14:30:00+00:00,4560.0,4555.25,4569.5,2015-07-16 15:26:00+00:00,4569.5,objetivo,19.0,2.0,17.0,9.5,1.7894736842105263
1,1,2015-07-17 13:59:00+00:00,2015-07-17 14:00:00+00:00,4626.5,4616.5,4646.5,2015-07-17 18:51:00+00:00,4646.5,objetivo,40.0,2.0,38.0,20.0,1.9
1,1,2015-07-20 13:59:00+00:00,2015-07-20 14:00:00+00:00,4659.0,4650.25,4676.5,2015-07-20 14:20:00+00:00,4650.0,stop,-18.0,2.0,-20.0,17.5,-1.1428571428571428
1,1,2015-07-20 14:44:00+00:00,2015-07-20 14:45:00+00:00,4659.25,4654.0,4669.75,2015-07-20 15:04:00+00:00,4669.75,objetivo,21.0,2.0,19.0,10.5,1.8095238095238095
-1,1,2015-07-21 14:29:00+00:00,2015-07-21 14:30:00+00:00,4665.25,4672.0,4651.75,2015-07-21 16:31:00+00:00,4672.25,stop,-14.0,2.0,-16.0,13.5,-1.1851851851851851
-1,1,2015-07-21 16:59:00+00:00,2015-07-21 17:00:00+00:00,4665.0,4668.25,4658.5,2015-07-21 17:06:00+00:00,4658.5,objetivo,13.0,2.0,11.0,6.5,1.6923076923076923
1,1,2015-07-21 17:59:00+00:00,2015-07-21 18:00:00+00:00,4665.75,4663.5,4670.25,2015-07-21 18:01:00+00:00,4663.25,stop,-5.0,2.0,-7.0,4.5,-1.5555555555555556
-1,1,2015-07-21 18:14:00+00:00,2015-07-21 18:15:00+00:00,4658.25,4665.75,4643.25,2015-07-21 18:19:00+00:00,4666.0,stop,-15.5,2.0,-17.5,15.0,-1.1666666666666667
1,1,2015-07-21 18:29:00+00:00,2015-07-21 18:30:00+00:00,4669.75,4658.5,4692.25,2015-07-21 19:55:00+00:00,4670.25,tiempo,1.0,2.0,-1.0,22.5,-0.044444444444444446
-1,1,2015-07-22 14:44:00+00:00,2015-07-22 14:45:00+00:00,4615.0,4628.25,4588.5,2015-07-22 19:55:00+00:00,4611.25,tiempo,7.5,2.0,5.5,26.5,0.20754716981132076
1,1,2015-07-23 14:14:00+00:00,2015-07-23 14:15:00+00:00,4623.25,4613.5,4642.75,2015-07-23 15:51:00+00:00,4613.25,stop,-20.0,2.0,-22.0,19.5,-1.1282051282051282
1,1,2015-07-24 13:59:00+00:00,2015-07-24 14:00:00+00:00,4611.5,4606.5,4621.5,2015-07-24 14:01:00+00:00,4606.25,stop,-10.5,2.0,-12.5,10.0,-1.25
-1,1,2015-07-24 14:14:00+00:00,2015-07-24 14:15:00+00:00,4605.5,4615.25,4586.0,2015-07-24 16:34:00+00:00,4586.0,objetivo,39.0,2.0,37.0,19.5,1.8974358974358974
-1,1,2015-07-27 15:29:00+00:00,2015-07-27 15:30:00+00:00,4523.75,4532.25,4506.75,2015-07-27 17:36:00+00:00,4506.75,objetivo,34.0,2.0,32.0,17.0,1.8823529411764706
1,1,2015-07-28 13:59:00+00:00,2015-07-28 14:00:00+00:00,4522.25,4501.25,4564.25,2015-07-28 14:20:00+00:00,4501.0,stop,-42.5,2.0,-44.5,42.0,-1.0595238095238095
1,1,2015-07-28 14:59:00+00:00,2015-07-28 15:00:00+00:00,4518.25,4506.5,4541.75,2015-07-28 16:27:00+00:00,4541.75,objetivo,47.0,2.0,45.0,23.5,1.9148936170212767
1,1,2015-07-29 14:44:00+00:00,2015-07-29 14:45:00+00:00,4564.25,4554.5,4583.75,2015-07-29 17:52:00+00:00,4554.25,stop,-20.0,2.0,-22.0,19.5,-1.1282051282051282
1,1,2015-07-29 18:29:00+00:00,2015-07-29 18:30:00+00:00,4561.75,4556.25,4572.75,2015-07-29 18:44:00+00:00,4572.75,objetivo,22.0,2.0,20.0,11.0,1.8181818181818181
1,1,2015-07-30 14:14:00+00:00,2015-07-30 14:15:00+00:00,4548.5,4530.75,4584.0,2015-07-30 16:23:00+00:00,4584.0,objetivo,71.0,2.0,69.0,35.5,1.943661971830986
1,1,2015-07-31 14:29:00+00:00,2015-07-31 14:30:00+00:00,4597.75,4588.0,4617.25,2015-07-31 17:28:00+00:00,4587.75,stop,-20.0,2.0,-22.0,19.5,-1.1282051282051282
1,1,2015-08-03 13:59:00+00:00,2015-08-03 14:00:00+00:00,4595.5,4580.25,4626.0,2015-08-03 14:19:00+00:00,4580.0,stop,-31.0,2.0,-33.0,30.5,-1.0819672131147542
1,1,2015-08-03 15:14:00+00:00,2015-08-03 15:15:00+00:00,4587.5,4578.0,4606.5,2015-08-03 16:31:00+00:00,4577.75,stop,-19.5,2.0,-21.5,19.0,-1.131578947368421
-1,1,2015-08-04 13:59:00+00:00,2015-08-04 14:00:00+00:00,4564.5,4574.5,4544.5,2015-08-04 14:21:00+00:00,4574.75,stop,-20.5,2.0,-22.5,20.0,-1.125
-1,1,2015-08-04 14:44:00+00:00,2015-08-04 14:45:00+00:00,4562.25,4575.25,4536.25,2015-08-04 17:32:00+00:00,4575.5,stop,-26.5,2.0,-28.5,26.0,-1.0961538461538463
-1,1,2015-08-04 17:59:00+00:00,2015-08-04 18:00:00+00:00,4553.25,4568.5,4522.75,2015-08-04 18:48:00+00:00,4568.75,stop,-31.0,2.0,-33.0,30.5,-1.0819672131147542
-1,1,2015-08-05 16:29:00+00:00,2015-08-05 16:30:00+00:00,4606.25,4617.25,4584.25,2015-08-05 19:55:00+00:00,4597.0,tiempo,18.5,2.0,16.5,22.0,0.75
-1,1,2015-08-07 14:29:00+00:00,2015-08-07 14:30:00+00:00,4499.75,4521.0,4457.25,2015-08-07 19:55:00+00:00,4513.5,tiempo,-27.5,2.0,-29.5,42.5,-0.6941176470588235
-1,1,2015-08-10 13:59:00+00:00,2015-08-10 14:00:00+00:00,4560.5,4573.0,4535.5,2015-08-10 18:15:00+00:00,4573.25,stop,-25.5,2.0,-27.5,25.0,-1.1
-1,1,2015-08-11 14:14:00+00:00,2015-08-11 14:15:00+00:00,4548.75,4553.75,4538.75,2015-08-11 14:20:00+00:00,4554.0,stop,-10.5,2.0,-12.5,10.0,-1.25
1,1,2015-08-12 15:29:00+00:00,2015-08-12 15:30:00+00:00,4467.5,4452.25,4498.0,2015-08-12 15:52:00+00:00,4452.0,stop,-31.0,2.0,-33.0,30.5,-1.0819672131147542
-1,1,2015-08-12 15:59:00+00:00,2015-08-12 16:00:00+00:00,4445.5,4457.25,4422.0,2015-08-12 16:15:00+00:00,4457.5,stop,-24.0,2.0,-26.0,23.5,-1.1063829787234043
1,1,2015-08-13 14:44:00+00:00,2015-08-13 14:45:00+00:00,4534.0,4513.75,4574.5,2015-08-13 19:55:00+00:00,4521.25,tiempo,-25.5,2.0,-27.5,40.5,-0.6790123456790124
-1,1,2015-08-14 14:29:00+00:00,2015-08-14 14:30:00+00:00,4507.75,4519.5,4484.25,2015-08-14 14:40:00+00:00,4519.75,stop,-24.0,2.0,-26.0,23.5,-1.1063829787234043
1,1,2015-08-14 15:44:00+00:00,2015-08-14 15:45:00+00:00,4514.75,4502.25,4539.75,2015-08-14 19:55:00+00:00,4527.75,tiempo,26.0,2.0,24.0,25.0,0.96
1,1,2015-08-18 14:14:00+00:00,2015-08-18 14:15:00+00:00,4553.75,4544.0,4573.25,2015-08-18 17:00:00+00:00,4543.75,stop,-20.0,2.0,-22.0,19.5,-1.1282051282051282
1,1,2015-08-19 14:14:00+00:00,2015-08-19 14:15:00+00:00,4519.25,4502.0,4553.75,2015-08-19 14:54:00+00:00,4501.75,stop,-35.0,2.0,-37.0,34.5,-1.0724637681159421
1,1,2015-08-19 17:14:00+00:00,2015-08-19 17:15:00+00:00,4509.5,4501.5,4525.5,2015-08-19 18:04:00+00:00,4525.5,objetivo,32.0,2.0,30.0,16.0,1.875
-1,1,2015-08-19 18:59:00+00:00,2015-08-19 19:00:00+00:00,4507.75,4525.75,4471.75,2015-08-19 19:55:00+00:00,4522.0,tiempo,-28.5,2.0,-30.5,36.0,-0.8472222222222222
-1,1,2015-08-20 13:59:00+00:00,2015-08-20 14:00:00+00:00,4459.75,4478.5,4422.25,2015-08-20 14:24:00+00:00,4422.25,objetivo,75.0,2.0,73.0,37.5,1.9466666666666668
-1,1,2015-08-21 14:29:00+00:00,2015-08-21 14:30:00+00:00,4330.25,4346.75,4297.25,2015-08-21 14:39:00+00:00,4297.25,objetivo,66.0,2.0,64.0,33.0,1.9393939393939394
-1,1,2015-08-24 18:14:00+00:00,2015-08-24 18:15:00+00:00,4085.0,4116.75,4021.5,2015-08-24 18:20:00+00:00,4117.0,stop,-64.0,2.0,-66.0,63.5,-1.0393700787401574
1,1,2015-08-24 18:29:00+00:00,2015-08-24 18:30:00+00:00,4096.0,4079.25,4129.5,2015-08-24 18:45:00+00:00,4079.0,stop,-34.0,2.0,-36.0,33.5,-1.0746268656716418
1,1,2015-08-25 14:14:00+00:00,2015-08-25 14:15:00+00:00,4172.25,4144.5,4227.75,2015-08-25 17:25:00+00:00,4144.25,stop,-56.0,2.0,-58.0,55.5,-1.045045045045045
1,1,2015-08-26 17:29:00+00:00,2015-08-26 17:30:00+00:00,4110.5,4075.5,4180.5,2015-08-26 19:10:00+00:00,4180.5,objetivo,140.0,2.0,138.0,70.0,1.9714285714285715
-1,1,2015-08-27 13:59:00+00:00,2015-08-27 14:00:00+00:00,4272.5,4299.5,4218.5,2015-08-27 14:49:00+00:00,4299.75,stop,-54.5,2.0,-56.5,54.0,-1.0462962962962963
-1,1,2015-08-27 15:44:00+00:00,2015-08-27 15:45:00+00:00,4287.25,4303.0,4255.75,2015-08-27 16:04:00+00:00,4303.25,stop,-32.0,2.0,-34.0,31.5,-1.0793650793650793
-1,1,2015-08-27 18:29:00+00:00,2015-08-27 18:30:00+00:00,4275.5,4307.25,4212.0,2015-08-27 19:49:00+00:00,4307.5,stop,-64.0,2.0,-66.0,63.5,-1.0393700787401574
-1,1,2015-08-28 14:14:00+00:00,2015-08-28 14:15:00+00:00,4300.25,4319.0,4262.75,2015-08-28 15:10:00+00:00,4319.25,stop,-38.0,2.0,-40.0,37.5,-1.0666666666666667
1,1,2015-08-28 15:14:00+00:00,2015-08-28 15:15:00+00:00,4320.75,4306.5,4349.25,2015-08-28 15:55:00+00:00,4306.25,stop,-29.0,2.0,-31.0,28.5,-1.087719298245614
-1,1,2015-08-28 15:59:00+00:00,2015-08-28 16:00:00+00:00,4303.0,4322.75,4263.5,2015-08-28 19:52:00+00:00,4323.0,stop,-40.0,2.0,-42.0,39.5,-1.0632911392405062
1,1,2015-08-31 14:29:00+00:00,2015-08-31 14:30:00+00:00,4298.5,4278.0,4339.5,2015-08-31 18:15:00+00:00,4277.75,stop,-41.5,2.0,-43.5,41.0,-1.0609756097560976
-1,1,2015-09-01 14:14:00+00:00,2015-09-01 14:15:00+00:00,4190.5,4204.0,4163.5,2015-09-01 14:27:00+00:00,4204.25,stop,-27.5,2.0,-29.5,27.0,-1.0925925925925926
1,1,2015-09-01 14:29:00+00:00,2015-09-01 14:30:00+00:00,4215.5,4185.25,4276.0,2015-09-01 16:27:00+00:00,4185.0,stop,-61.0,2.0,-63.0,60.5,-1.0413223140495869
1,1,2015-09-02 14:14:00+00:00,2015-09-02 14:15:00+00:00,4201.25,4185.75,4232.25,2015-09-02 14:19:00+00:00,4185.5,stop,-31.5,2.0,-33.5,31.0,-1.0806451612903225
-1,1,2015-09-02 14:29:00+00:00,2015-09-02 14:30:00+00:00,4177.25,4202.25,4127.25,2015-09-02 16:49:00+00:00,4202.5,stop,-50.5,2.0,-52.5,50.0,-1.05
-1,1,2015-09-03 13:59:00+00:00,2015-09-03 14:00:00+00:00,4265.25,4283.5,4228.75,2015-09-03 14:19:00+00:00,4283.75,stop,-37.0,2.0,-39.0,36.5,-1.0684931506849316
-1,1,2015-09-03 15:59:00+00:00,2015-09-03 16:00:00+00:00,4273.75,4280.5,4260.25,2015-09-03 16:39:00+00:00,4260.25,objetivo,27.0,2.0,25.0,13.5,1.8518518518518519
-1,1,2015-09-04 13:59:00+00:00,2015-09-04 14:00:00+00:00,4182.0,4203.5,4139.0,2015-09-04 14:31:00+00:00,4203.75,stop,-43.5,2.0,-45.5,43.0,-1.058139534883721
-1,1,2015-09-04 14:59:00+00:00,2015-09-04 15:00:00+00:00,4188.5,4199.0,4167.5,2015-09-04 17:01:00+00:00,4167.5,objetivo,42.0,2.0,40.0,21.0,1.9047619047619047
-1,1,2015-09-07 13:59:00+00:00,2015-09-07 14:00:00+00:00,4212.25,4216.0,4204.75,2015-09-07 15:01:00+00:00,4216.25,stop,-8.0,2.0,-10.0,7.5,-1.3333333333333333
1,1,2015-09-07 15:14:00+00:00,2015-09-07 15:15:00+00:00,4216.75,4210.5,4229.25,2015-09-07 16:22:00+00:00,4210.25,stop,-13.0,2.0,-15.0,12.5,-1.2
-1,1,2015-09-07 16:29:00+00:00,2015-09-07 16:30:00+00:00,4208.0,4215.0,4194.0,2015-09-07 16:59:00+00:00,4211.75,fin_de_datos,-7.5,2.0,-9.5,14.0,-0.6785714285714286
-1,1,2015-09-08 14:14:00+00:00,2015-09-08 14:15:00+00:00,4269.0,4279.0,4249.0,2015-09-08 17:19:00+00:00,4249.0,objetivo,40.0,2.0,38.0,20.0,1.9
1,1,2015-09-08 17:59:00+00:00,2015-09-08 18:00:00+00:00,4269.5,4259.5,4289.5,2015-09-08 18:42:00+00:00,4289.5,objetivo,40.0,2.0,38.0,20.0,1.9
1,1,2015-09-09 16:29:00+00:00,2015-09-09 16:30:00+00:00,4325.5,4315.25,4346.0,2015-09-09 17:29:00+00:00,4315.0,stop,-21.0,2.0,-23.0,20.5,-1.1219512195121952
-1,1,2015-09-10 13:59:00+00:00,2015-09-10 14:00:00+00:00,4255.0,4271.25,4222.5,2015-09-10 14:31:00+00:00,4271.5,stop,-33.0,2.0,-35.0,32.5,-1.0769230769230769
-1,1,2015-09-11 13:59:00+00:00,2015-09-11 14:00:00+00:00,4269.75,4285.5,4238.25,2015-09-11 15:40:00+00:00,4285.75,stop,-32.0,2.0,-34.0,31.5,-1.0793650793650793
1,1,2015-09-16 14:14:00+00:00,2015-09-16 14:15:00+00:00,4347.25,4335.0,4371.75,2015-09-16 16:40:00+00:00,4371.75,objetivo,49.0,2.0,47.0,24.5,1.9183673469387754
-1,1,2015-09-16 18:29:00+00:00,2015-09-16 18:30:00+00:00,4351.75,4357.0,4341.25,2015-09-16 18:44:00+00:00,4357.25,stop,-11.0,2.0,-13.0,10.5,-1.2380952380952381
1,1,2015-09-16 18:44:00+00:00,2015-09-16 18:45:00+00:00,4357.0,4350.25,4370.5,2015-09-16 19:10:00+00:00,4370.5,objetivo,27.0,2.0,25.0,13.5,1.8518518518518519
-1,1,2015-09-18 16:29:00+00:00,2015-09-18 16:30:00+00:00,4332.25,4338.5,4319.75,2015-09-18 17:04:00+00:00,4338.75,stop,-13.0,2.0,-15.0,12.5,-1.2
-1,1,2015-09-21 15:44:00+00:00,2015-09-21 15:45:00+00:00,4338.5,4353.0,4309.5,2015-09-21 16:31:00+00:00,4309.5,objetivo,58.0,2.0,56.0,29.0,1.9310344827586208
1,1,2015-09-21 18:59:00+00:00,2015-09-21 19:00:00+00:00,4331.25,4315.75,4362.25,2015-09-21 19:34:00+00:00,4315.5,stop,-31.5,2.0,-33.5,31.0,-1.0806451612903225
-1,1,2015-09-22 13:59:00+00:00,2015-09-22 14:00:00+00:00,4255.25,4268.75,4228.25,2015-09-22 14:03:00+00:00,4269.0,stop,-27.5,2.0,-29.5,27.0,-1.0925925925925926
1,1,2015-09-22 18:59:00+00:00,2015-09-22 19:00:00+00:00,4248.25,4234.0,4276.75,2015-09-22 19:55:00+00:00,4258.75,tiempo,21.0,2.0,19.0,28.5,0.6666666666666666
1,1,2015-09-23 14:14:00+00:00,2015-09-23 14:15:00+00:00,4264.25,4258.0,4276.75,2015-09-23 14:35:00+00:00,4276.75,objetivo,25.0,2.0,23.0,12.5,1.84
-1,1,2015-09-23 15:29:00+00:00,2015-09-23 15:30:00+00:00,4262.25,4272.0,4242.75,2015-09-23 16:08:00+00:00,4242.75,objetivo,39.0,2.0,37.0,19.5,1.8974358974358974
1,1,2015-09-23 17:14:00+00:00,2015-09-23 17:15:00+00:00,4264.5,4258.0,4277.5,2015-09-23 17:23:00+00:00,4257.75,stop,-13.5,2.0,-15.5,13.0,-1.1923076923076923
-1,1,2015-09-23 17:29:00+00:00,2015-09-23 17:30:00+00:00,4252.0,4264.25,4227.5,2015-09-23 17:42:00+00:00,4264.5,stop,-25.0,2.0,-27.0,24.5,-1.1020408163265305
1,1,2015-09-23 17:44:00+00:00,2015-09-23 17:45:00+00:00,4269.75,4252.0,4305.25,2015-09-23 19:55:00+00:00,4267.25,tiempo,-5.0,2.0,-7.0,35.5,-0.19718309859154928
1,1,2015-09-24 16:29:00+00:00,2015-09-24 16:30:00+00:00,4213.75,4202.0,4237.25,2015-09-24 17:02:00+00:00,4201.75,stop,-24.0,2.0,-26.0,23.5,-1.1063829787234043
1,1,2015-09-24 17:14:00+00:00,2015-09-24 17:15:00+00:00,4211.0,4200.75,4231.5,2015-09-24 17:26:00+00:00,4200.5,stop,-21.0,2.0,-23.0,20.5,-1.1219512195121952
-1,1,2015-09-24 17:29:00+00:00,2015-09-24 17:30:00+00:00,4204.75,4211.25,4191.75,2015-09-24 17:48:00+00:00,4211.5,stop,-13.5,2.0,-15.5,13.0,-1.1923076923076923
1,1,2015-09-24 17:59:00+00:00,2015-09-24 18:00:00+00:00,4211.0,4203.75,4225.5,2015-09-24 18:22:00+00:00,4225.5,objetivo,29.0,2.0,27.0,14.5,1.8620689655172413
1,1,2015-09-25 14:59:00+00:00,2015-09-25 15:00:00+00:00,4286.5,4269.75,4320.0,2015-09-25 15:39:00+00:00,4269.5,stop,-34.0,2.0,-36.0,33.5,-1.0746268656716418
-1,1,2015-09-25 15:44:00+00:00,2015-09-25 15:45:00+00:00,4271.75,4284.0,4247.25,2015-09-25 18:18:00+00:00,4247.25,objetivo,49.0,2.0,47.0,24.5,1.9183673469387754
-1,1,2015-09-28 13:59:00+00:00,2015-09-28 14:00:00+00:00,4156.75,4191.5,4087.25,2015-09-28 18:07:00+00:00,4087.25,objetivo,139.0,2.0,137.0,69.5,1.9712230215827338
1,1,2015-09-29 13:59:00+00:00,2015-09-29 14:00:00+00:00,4112.75,4072.75,4192.75,2015-09-29 18:52:00+00:00,4072.5,stop,-80.5,2.0,-82.5,80.0,-1.03125
-1,1,2015-09-30 13:59:00+00:00,2015-09-30 14:00:00+00:00,4133.25,4151.0,4097.75,2015-09-30 14:09:00+00:00,4151.25,stop,-36.0,2.0,-38.0,35.5,-1.0704225352112675
1,1,2015-09-30 14:14:00+00:00,2015-09-30 14:15:00+00:00,4152.25,4131.5,4193.75,2015-09-30 16:07:00+00:00,4131.25,stop,-42.0,2.0,-44.0,41.5,-1.0602409638554218
1,1,2015-09-30 17:44:00+00:00,2015-09-30 17:45:00+00:00,4152.25,4134.0,4188.75,2015-09-30 19:55:00+00:00,4165.25,tiempo,26.0,2.0,24.0,36.5,0.6575342465753424
1,1,2015-10-01 14:14:00+00:00,2015-10-01 14:15:00+00:00,4146.75,4121.0,4198.25,2015-10-01 16:05:00+00:00,4120.75,stop,-52.0,2.0,-54.0,51.5,-1.0485436893203883
1,1,2015-10-01 17:59:00+00:00,2015-10-01 18:00:00+00:00,4142.5,4124.0,4179.5,2015-10-01 19:55:00+00:00,4175.5,tiempo,66.0,2.0,64.0,37.0,1.7297297297297298
1,1,2015-10-05 13:59:00+00:00,2015-10-05 14:00:00+00:00,4290.5,4280.5,4310.5,2015-10-05 17:13:00+00:00,4310.5,objetivo,40.0,2.0,38.0,20.0,1.9
-1,1,2015-10-06 14:14:00+00:00,2015-10-06 14:15:00+00:00,4307.5,4321.25,4280.0,2015-10-06 15:37:00+00:00,4280.0,objetivo,55.0,2.0,53.0,27.5,1.9272727272727272
1,1,2015-10-06 17:29:00+00:00,2015-10-06 17:30:00+00:00,4293.75,4287.5,4306.25,2015-10-06 17:33:00+00:00,4287.25,stop,-13.0,2.0,-15.0,12.5,-1.2
-1,1,2015-10-06 17:44:00+00:00,2015-10-06 17:45:00+00:00,4285.25,4295.0,4265.75,2015-10-06 18:14:00+00:00,4295.25,stop,-20.0,2.0,-22.0,19.5,-1.1282051282051282
1,1,2015-10-06 18:14:00+00:00,2015-10-06 18:15:00+00:00,4297.0,4283.25,4324.5,2015-10-06 19:55:00+00:00,4299.0,tiempo,4.0,2.0,2.0,27.5,0.07272727272727272
-1,1,2015-10-07 14:29:00+00:00,2015-10-07 14:30:00+00:00,4320.5,4330.25,4301.0,2015-10-07 14:44:00+00:00,4301.0,objetivo,39.0,2.0,37.0,19.5,1.8974358974358974
1,1,2015-10-07 17:44:00+00:00,2015-10-07 17:45:00+00:00,4311.75,4295.25,4344.75,2015-10-07 19:55:00+00:00,4315.25,tiempo,7.0,2.0,5.0,33.0,0.15151515151515152
-1,1,2015-10-08 13:59:00+00:00,2015-10-08 14:00:00+00:00,4300.75,4309.25,4283.75,2015-10-08 15:03:00+00:00,4283.75,objetivo,34.0,2.0,32.0,17.0,1.8823529411764706
1,1,2015-10-08 17:59:00+00:00,2015-10-08 18:00:00+00:00,4290.25,4282.75,4305.25,2015-10-08 18:04:00+00:00,4305.25,objetivo,30.0,2.0,28.0,15.0,1.8666666666666667
-1,1,2015-10-09 14:14:00+00:00,2015-10-09 14:15:00+00:00,4339.75,4351.25,4316.75,2015-10-09 14:21:00+00:00,4351.5,stop,-23.5,2.0,-25.5,23.0,-1.108695652173913
1,1,2015-10-09 14:29:00+00:00,2015-10-09 14:30:00+00:00,4349.0,4338.0,4371.0,2015-10-09 19:55:00+00:00,4358.0,tiempo,18.0,2.0,16.0,22.0,0.7272727272727273
-1,1,2015-10-12 13:59:00+00:00,2015-10-12 14:00:00+00:00,4360.75,4374.75,4332.75,2015-10-12 15:43:00+00:00,4375.0,stop,-28.5,2.0,-30.5,28.0,-1.0892857142857142
-1,1,2015-10-12 17:14:00+00:00,2015-10-12 17:15:00+00:00,4363.75,4368.75,4353.75,2015-10-12 17:31:00+00:00,4369.0,stop,-10.5,2.0,-12.5,10.0,-1.25
-1,1,2015-10-14 14:14:00+00:00,2015-10-14 14:15:00+00:00,4344.75,4361.25,4311.75,2015-10-14 16:48:00+00:00,4361.5,stop,-33.5,2.0,-35.5,33.0,-1.0757575757575757
-1,1,2015-10-14 18:29:00+00:00,2015-10-14 18:30:00+00:00,4340.75,4351.5,4319.25,2015-10-14 19:55:00+00:00,4331.25,tiempo,19.0,2.0,17.0,21.5,0.7906976744186046
-1,1,2015-10-15 14:29:00+00:00,2015-10-15 14:30:00+00:00,4362.0,4373.25,4339.5,2015-10-15 14:41:00+00:00,4373.5,stop,-23.0,2.0,-25.0,22.5,-1.1111111111111112
1,1,2015-10-15 14:44:00+00:00,2015-10-15 14:45:00+00:00,4371.5,4357.75,4399.0,2015-10-15 15:44:00+00:00,4357.5,stop,-28.0,2.0,-30.0,27.5,-1.0909090909090908
-1,1,2015-10-15 15:44:00+00:00,2015-10-15 15:45:00+00:00,4358.75,4371.75,4332.75,2015-10-15 16:44:00+00:00,4372.0,stop,-26.5,2.0,-28.5,26.0,-1.0961538461538463
1,1,2015-10-16 14:29:00+00:00,2015-10-16 14:30:00+00:00,4411.25,4403.0,4427.75,2015-10-16 16:45:00+00:00,4402.75,stop,-17.0,2.0,-19.0,16.5,-1.1515151515151516
1,1,2015-10-16 18:44:00+00:00,2015-10-16 18:45:00+00:00,4416.25,4407.5,4433.75,2015-10-16 19:55:00+00:00,4425.25,tiempo,18.0,2.0,16.0,17.5,0.9142857142857143
1,1,2015-10-19 13:59:00+00:00,2015-10-19 14:00:00+00:00,4433.5,4415.75,4469.0,2015-10-19 19:55:00+00:00,4446.0,tiempo,25.0,2.0,23.0,35.5,0.647887323943662
1,1,2015-10-20 13:59:00+00:00,2015-10-20 14:00:00+00:00,4445.25,4434.5,4466.75,2015-10-20 15:06:00+00:00,4434.25,stop,-22.0,2.0,-24.0,21.5,-1.1162790697674418
-1,1,2015-10-20 15:14:00+00:00,2015-10-20 15:15:00+00:00,4435.5,4448.25,4410.0,2015-10-20 19:55:00+00:00,4427.75,tiempo,15.5,2.0,13.5,25.5,0.5294117647058824
-1,1,2015-10-21 14:14:00+00:00,2015-10-21 14:15:00+00:00,4430.0,4448.0,4394.0,2015-10-21 15:34:00+00:00,4448.25,stop,-36.5,2.0,-38.5,36.0,-1.0694444444444444
-1,1,2015-10-21 16:59:00+00:00,2015-10-21 17:00:00+00:00,4434.25,4447.75,4407.25,2015-10-21 17:28:00+00:00,4407.25,objetivo,54.0,2.0,52.0,27.0,1.9259259259259258
1,1,2015-10-21 18:44:00+00:00,2015-10-21 18:45:00+00:00,4432.25,4418.5,4459.75,2015-10-21 19:15:00+00:00,4418.25,stop,-28.0,2.0,-30.0,27.5,-1.0909090909090908
-1,1,2015-10-23 14:14:00+00:00,2015-10-23 14:15:00+00:00,4600.75,4619.25,4563.75,2015-10-23 17:35:00+00:00,4619.5,stop,-37.5,2.0,-39.5,37.0,-1.0675675675675675
1,1,2015-10-26 14:29:00+00:00,2015-10-26 14:30:00+00:00,4609.75,4597.5,4634.25,2015-10-26 19:55:00+00:00,4620.75,tiempo,22.0,2.0,20.0,24.5,0.8163265306122449
-1,1,2015-10-27 14:14:00+00:00,2015-10-27 14:15:00+00:00,4618.0,4625.5,4603.0,2015-10-27 15:00:00+00:00,4625.75,stop,-15.5,2.0,-17.5,15.0,-1.1666666666666667
-1,1,2015-10-27 16:14:00+00:00,2015-10-27 16:15:00+00:00,4619.75,4626.75,4605.75,2015-10-27 18:36:00+00:00,4627.0,stop,-14.5,2.0,-16.5,14.0,-1.1785714285714286
-1,1,2015-10-27 18:44:00+00:00,2015-10-27 18:45:00+00:00,4622.0,4628.5,4609.0,2015-10-27 19:12:00+00:00,4628.75,stop,-13.5,2.0,-15.5,13.0,-1.1923076923076923
-1,1,2015-10-28 14:14:00+00:00,2015-10-28 14:15:00+00:00,4624.5,4637.0,4599.5,2015-10-28 14:53:00+00:00,4637.25,stop,-25.5,2.0,-27.5,25.0,-1.1
-1,1,2015-10-28 18:14:00+00:00,2015-10-28 18:15:00+00:00,4608.75,4653.75,4518.75,2015-10-28 19:31:00+00:00,4654.0,stop,-90.5,2.0,-92.5,90.0,-1.0277777777777777
-1,1,2015-10-29 13:59:00+00:00,2015-10-29 14:00:00+00:00,4646.25,4657.25,4624.25,2015-10-29 14:06:00+00:00,4657.5,stop,-22.5,2.0,-24.5,22.0,-1.1136363636363635
1,1,2015-10-29 14:14:00+00:00,2015-10-29 14:15:00+00:00,4653.75,4643.75,4673.75,2015-10-29 19:55:00+00:00,4663.25,tiempo,19.0,2.0,17.0,20.0,0.85
1,1,2015-10-30 13:59:00+00:00,2015-10-30 14:00:00+00:00,4667.0,4660.75,4679.5,2015-10-30 14:11:00+00:00,4660.5,stop,-13.0,2.0,-15.0,12.5,-1.2
-1,1,2015-10-30 14:14:00+00:00,2015-10-30 14:15:00+00:00,4661.25,4669.0,4645.75,2015-10-30 14:20:00+00:00,4669.25,stop,-16.0,2.0,-18.0,15.5,-1.1612903225806452
1,1,2015-10-30 14:29:00+00:00,2015-10-30 14:30:00+00:00,4666.0,4659.0,4680.0,2015-10-30 15:04:00+00:00,4658.75,stop,-14.5,2.0,-16.5,14.0,-1.1785714285714286
1,1,2015-10-30 16:44:00+00:00,2015-10-30 16:45:00+00:00,4665.25,4660.5,4674.75,2015-10-30 18:23:00+00:00,4660.25,stop,-10.0,2.0,-12.0,9.5,-1.263157894736842
-1,1,2015-10-30 18:29:00+00:00,2015-10-30 18:30:00+00:00,4656.5,4666.5,4636.5,2015-10-30 19:55:00+00:00,4653.0,tiempo,7.0,2.0,5.0,20.0,0.25
1,1,2015-11-02 14:59:00+00:00,2015-11-02 15:00:00+00:00,4661.5,4647.75,4689.0,2015-11-02 19:40:00+00:00,4689.0,objetivo,55.0,2.0,53.0,27.5,1.9272727272727272
1,1,2015-11-03 14:59:00+00:00,2015-11-03 15:00:00+00:00,4684.5,4679.25,4695.0,2015-11-03 15:24:00+00:00,4695.0,objetivo,21.0,2.0,19.0,10.5,1.8095238095238095
1,1,2015-11-04 15:29:00+00:00,2015-11-04 15:30:00+00:00,4716.0,4704.5,4739.0,2015-11-04 15:44:00+00:00,4704.25,stop,-23.5,2.0,-25.5,23.0,-1.108695652173913
-1,1,2015-11-04 15:44:00+00:00,2015-11-04 15:45:00+00:00,4707.75,4720.75,4681.75,2015-11-04 20:55:00+00:00,4703.0,tiempo,9.5,2.0,7.5,26.0,0.28846153846153844
-1,1,2015-11-05 15:14:00+00:00,2015-11-05 15:15:00+00:00,4700.0,4726.5,4647.0,2015-11-05 20:55:00+00:00,4701.75,tiempo,-3.5,2.0,-5.5,53.0,-0.10377358490566038
1,1,2015-11-06 15:29:00+00:00,2015-11-06 15:30:00+00:00,4684.75,4671.0,4712.25,2015-11-06 20:55:00+00:00,4697.5,tiempo,25.5,2.0,23.5,27.5,0.8545454545454545
1,1,2015-11-10 14:59:00+00:00,2015-11-10 15:00:00+00:00,4631.5,4614.5,4665.5,2015-11-10 15:22:00+00:00,4614.25,stop,-34.5,2.0,-36.5,34.0,-1.0735294117647058
1,1,2015-11-10 15:59:00+00:00,2015-11-10 16:00:00+00:00,4629.75,4620.75,4647.75,2015-11-10 18:07:00+00:00,4620.5,stop,-18.5,2.0,-20.5,18.0,-1.1388888888888888
1,1,2015-11-10 18:44:00+00:00,2015-11-10 18:45:00+00:00,4629.0,4623.0,4641.0,2015-11-10 19:46:00+00:00,4641.0,objetivo,24.0,2.0,22.0,12.0,1.8333333333333333
1,1,2015-11-11 15:29:00+00:00,2015-11-11 15:30:00+00:00,4639.5,4629.0,4660.5,2015-11-11 15:52:00+00:00,4628.75,stop,-21.5,2.0,-23.5,21.0,-1.119047619047619
1,1,2015-11-11 16:29:00+00:00,2015-11-11 16:30:00+00:00,4644.5,4635.25,4663.0,2015-11-11 17:21:00+00:00,4663.0,objetivo,37.0,2.0,35.0,18.5,1.8918918918918919
-1,1,2015-11-11 19:59:00+00:00,2015-11-11 20:00:00+00:00,4639.0,4650.75,4615.5,2015-11-11 20:55:00+00:00,4638.25,tiempo,1.5,2.0,-0.5,23.5,-0.02127659574468085
1,1,2015-11-12 14:59:00+00:00,2015-11-12 15:00:00+00:00,4622.0,4606.75,4652.5,2015-11-12 19:50:00+00:00,4606.5,stop,-31.0,2.0,-33.0,30.5,-1.0819672131147542
1,1,2015-11-13 17:14:00+00:00,2015-11-13 17:15:00+00:00,4549.0,4536.75,4573.5,2015-11-13 17:40:00+00:00,4536.5,stop,-25.0,2.0,-27.0,24.5,-1.1020408163265305
-1,1,2015-11-16 14:59:00+00:00,2015-11-16 15:00:00+00:00,4504.75,4519.5,4475.25,2015-11-16 15:24:00+00:00,4519.75,stop,-30.0,2.0,-32.0,29.5,-1.0847457627118644
-1,1,2015-11-16 15:44:00+00:00,2015-11-16 15:45:00+00:00,4506.25,4511.75,4495.25,2015-11-16 15:46:00+00:00,4512.0,stop,-11.5,2.0,-13.5,11.0,-1.2272727272727273
1,1,2015-11-16 17:29:00+00:00,2015-11-16 17:30:00+00:00,4510.25,4498.75,4533.25,2015-11-16 18:20:00+00:00,4533.25,objetivo,46.0,2.0,44.0,23.0,1.9130434782608696
-1,1,2015-11-17 15:14:00+00:00,2015-11-17 15:15:00+00:00,4564.25,4573.25,4546.25,2015-11-17 15:31:00+00:00,4573.5,stop,-18.5,2.0,-20.5,18.0,-1.1388888888888888
-1,1,2015-11-17 17:44:00+00:00,2015-11-17 17:45:00+00:00,4575.75,4587.0,4553.25,2015-11-17 18:03:00+00:00,4587.25,stop,-23.0,2.0,-25.0,22.5,-1.1111111111111112
-1,1,2015-11-17 18:29:00+00:00,2015-11-17 18:30:00+00:00,4573.25,4591.5,4536.75,2015-11-17 20:55:00+00:00,4566.75,tiempo,13.0,2.0,11.0,36.5,0.3013698630136986
1,1,2015-11-18 14:59:00+00:00,2015-11-18 15:00:00+00:00,4592.0,4582.75,4610.5,2015-11-18 16:43:00+00:00,4610.5,objetivo,37.0,2.0,35.0,18.5,1.8918918918918919
-1,1,2015-11-19 15:14:00+00:00,2015-11-19 15:15:00+00:00,4656.75,4667.0,4636.25,2015-11-19 16:27:00+00:00,4667.25,stop,-21.0,2.0,-23.0,20.5,-1.1219512195121952
-1,1,2015-11-19 19:14:00+00:00,2015-11-19 19:15:00+00:00,4659.5,4667.5,4643.5,2015-11-19 20:55:00+00:00,4659.5,tiempo,-0.0,2.0,-2.0,16.0,-0.125
-1,1,2015-11-20 15:59:00+00:00,2015-11-20 16:00:00+00:00,4679.25,4686.5,4664.75,2015-11-20 16:08:00+00:00,4686.75,stop,-15.0,2.0,-17.0,14.5,-1.1724137931034482
1,1,2015-11-20 16:14:00+00:00,2015-11-20 16:15:00+00:00,4684.5,4678.0,4697.5,2015-11-20 16:57:00+00:00,4677.75,stop,-13.5,2.0,-15.5,13.0,-1.1923076923076923
-1,1,2015-11-20 16:59:00+00:00,2015-11-20 17:00:00+00:00,4678.75,4686.75,4662.75,2015-11-20 17:46:00+00:00,4687.0,stop,-16.5,2.0,-18.5,16.0,-1.15625
-1,1,2015-11-20 18:44:00+00:00,2015-11-20 18:45:00+00:00,4679.25,4686.0,4665.75,2015-11-20 19:11:00+00:00,4686.25,stop,-14.0,2.0,-16.0,13.5,-1.1851851851851851
1,1,2015-11-20 19:14:00+00:00,2015-11-20 19:15:00+00:00,4684.75,4681.5,4691.25,2015-11-20 19:25:00+00:00,4681.25,stop,-7.0,2.0,-9.0,6.5,-1.3846153846153846
-1,1,2015-11-20 19:29:00+00:00,2015-11-20 19:30:00+00:00,4681.25,4685.75,4672.25,2015-11-20 19:43:00+00:00,4686.0,stop,-9.5,2.0,-11.5,9.0,-1.2777777777777777
1,1,2015-11-20 19:44:00+00:00,2015-11-20 19:45:00+00:00,4685.25,4680.5,4694.75,2015-11-20 19:58:00+00:00,4680.25,stop,-10.0,2.0,-12.0,9.5,-1.263157894736842
-1,1,2015-11-20 19:59:00+00:00,2015-11-20 20:00:00+00:00,4677.75,4685.75,4661.75,2015-11-20 20:50:00+00:00,4686.0,stop,-16.5,2.0,-18.5,16.0,-1.15625
-1,1,2015-11-23 16:29:00+00:00,2015-11-23 16:30:00+00:00,4693.25,4696.5,4686.75,2015-11-23 17:17:00+00:00,4686.75,objetivo,13.0,2.0,11.0,6.5,1.6923076923076923
-1,1,2015-11-24 15:14:00+00:00,2015-11-24 15:15:00+00:00,4649.0,4660.5,4626.0,2015-11-24 15:33:00+00:00,4626.0,objetivo,46.0,2.0,44.0,23.0,1.9130434782608696
1,1,2015-11-24 16:29:00+00:00,2015-11-24 16:30:00+00:00,4647.75,4633.75,4675.75,2015-11-24 19:05:00+00:00,4675.75,objetivo,56.0,2.0,54.0,28.0,1.9285714285714286
1,1,2015-11-25 14:59:00+00:00,2015-11-25 15:00:00+00:00,4679.0,4664.0,4709.0,2015-11-25 20:55:00+00:00,4671.75,tiempo,-14.5,2.0,-16.5,30.0,-0.55
1,1,2015-11-26 15:14:00+00:00,2015-11-26 15:15:00+00:00,4696.5,4694.5,4700.5,2015-11-26 16:40:00+00:00,4700.5,objetivo,8.0,2.0,6.0,4.0,1.5
1,1,2015-11-27 16:14:00+00:00,2015-11-27 16:15:00+00:00,4681.5,4675.25,4694.0,2015-11-27 18:15:00+00:00,4685.5,fin_de_datos,8.0,2.0,6.0,12.5,0.48
1,1,2015-11-30 18:59:00+00:00,2015-11-30 19:00:00+00:00,4678.25,4665.75,4703.25,2015-11-30 20:24:00+00:00,4665.5,stop,-25.5,2.0,-27.5,25.0,-1.1
-1,1,2015-12-01 15:29:00+00:00,2015-12-01 15:30:00+00:00,4687.75,4700.75,4661.75,2015-12-01 15:43:00+00:00,4701.0,stop,-26.5,2.0,-28.5,26.0,-1.0961538461538463
1,1,2015-12-01 15:44:00+00:00,2015-12-01 15:45:00+00:00,4698.0,4682.5,4729.0,2015-12-01 20:55:00+00:00,4713.0,tiempo,30.0,2.0,28.0,31.0,0.9032258064516129
-1,1,2015-12-02 16:14:00+00:00,2015-12-02 16:15:00+00:00,4728.5,4733.75,4718.0,2015-12-02 17:04:00+00:00,4734.0,stop,-11.0,2.0,-13.0,10.5,-1.2380952380952381
1,1,2015-12-02 17:29:00+00:00,2015-12-02 17:30:00+00:00,4731.75,4723.25,4748.75,2015-12-02 18:45:00+00:00,4723.0,stop,-17.5,2.0,-19.5,17.0,-1.1470588235294117
1,1,2015-12-03 16:14:00+00:00,2015-12-03 16:15:00+00:00,4691.0,4669.5,4734.0,2015-12-03 16:44:00+00:00,4669.25,stop,-43.5,2.0,-45.5,43.0,-1.058139534883721
-1,1,2015-12-03 16:44:00+00:00,2015-12-03 16:45:00+00:00,4669.25,4685.5,4636.75,2015-12-03 17:24:00+00:00,4636.75,objetivo,65.0,2.0,63.0,32.5,1.9384615384615385
-1,1,2015-12-08 14:59:00+00:00,2015-12-08 15:00:00+00:00,4651.75,4667.75,4619.75,2015-12-08 15:36:00+00:00,4668.0,stop,-32.5,2.0,-34.5,32.0,-1.078125
1,1,2015-12-08 15:44:00+00:00,2015-12-08 15:45:00+00:00,4679.25,4645.0,4747.75,2015-12-08 20:55:00+00:00,4702.75,tiempo,47.0,2.0,45.0,68.5,0.656934306569343
1,1,2015-12-09 15:14:00+00:00,2015-12-09 15:15:00+00:00,4687.75,4672.25,4718.75,2015-12-09 16:19:00+00:00,4672.0,stop,-31.5,2.0,-33.5,31.0,-1.0806451612903225
-1,1,2015-12-10 14:59:00+00:00,2015-12-10 15:00:00+00:00,4627.5,4647.0,4588.5,2015-12-10 15:39:00+00:00,4647.25,stop,-39.5,2.0,-41.5,39.0,-1.064102564102564
-1,1,2015-12-10 16:44:00+00:00,2015-12-10 16:45:00+00:00,4639.25,4646.0,4625.75,2015-12-10 16:49:00+00:00,4646.25,stop,-14.0,2.0,-16.0,13.5,-1.1851851851851851
1,1,2015-12-10 16:59:00+00:00,2015-12-10 17:00:00+00:00,4643.25,4638.5,4652.75,2015-12-10 17:09:00+00:00,4638.25,stop,-10.0,2.0,-12.0,9.5,-1.263157894736842
-1,1,2015-12-10 17:14:00+00:00,2015-12-10 17:15:00+00:00,4631.5,4647.0,4600.5,2015-12-10 17:55:00+00:00,4647.25,stop,-31.5,2.0,-33.5,31.0,-1.0806451612903225
-1,1,2015-12-11 14:59:00+00:00,2015-12-11 15:00:00+00:00,4579.0,4594.75,4547.5,2015-12-11 15:05:00+00:00,4595.0,stop,-32.0,2.0,-34.0,31.5,-1.0793650793650793
1,1,2015-12-11 15:14:00+00:00,2015-12-11 15:15:00+00:00,4595.25,4575.0,4635.75,2015-12-11 15:56:00+00:00,4574.75,stop,-41.0,2.0,-43.0,40.5,-1.0617283950617284
1,1,2015-12-14 15:44:00+00:00,2015-12-14 15:45:00+00:00,4525.75,4501.5,4574.25,2015-12-14 16:12:00+00:00,4501.25,stop,-49.0,2.0,-51.0,48.5,-1.0515463917525774
1,1,2015-12-14 17:29:00+00:00,2015-12-14 17:30:00+00:00,4524.75,4507.75,4558.75,2015-12-14 20:52:00+00:00,4558.75,objetivo,68.0,2.0,66.0,34.0,1.9411764705882353
-1,1,2015-12-15 16:14:00+00:00,2015-12-15 16:15:00+00:00,4611.5,4620.25,4594.0,2015-12-15 17:29:00+00:00,4620.5,stop,-18.0,2.0,-20.0,17.5,-1.1428571428571428
1,1,2015-12-15 17:29:00+00:00,2015-12-15 17:30:00+00:00,4619.75,4610.25,4638.75,2015-12-15 18:33:00+00:00,4610.0,stop,-19.5,2.0,-21.5,19.0,-1.131578947368421
1,1,2015-12-15 18:44:00+00:00,2015-12-15 18:45:00+00:00,4617.5,4610.25,4632.0,2015-12-15 20:04:00+00:00,4610.0,stop,-15.0,2.0,-17.0,14.5,-1.1724137931034482
1,1,2015-12-16 18:59:00+00:00,2015-12-16 19:00:00+00:00,4612.25,4594.0,4648.75,2015-12-16 19:00:00+00:00,4593.75,stop,-37.0,2.0,-39.0,36.5,-1.0684931506849316
-1,1,2015-12-18 15:14:00+00:00,2015-12-18 15:15:00+00:00,4551.5,4577.5,4499.5,2015-12-18 20:55:00+00:00,4517.0,tiempo,69.0,2.0,67.0,52.0,1.2884615384615385
1,1,2015-12-21 15:14:00+00:00,2015-12-21 15:15:00+00:00,4543.25,4531.75,4566.25,2015-12-21 15:56:00+00:00,4531.5,stop,-23.5,2.0,-25.5,23.0,-1.108695652173913
-1,1,2015-12-21 15:59:00+00:00,2015-12-21 16:00:00+00:00,4537.0,4546.75,4517.5,2015-12-21 16:33:00+00:00,4517.5,objetivo,39.0,2.0,37.0,19.5,1.8974358974358974
1,1,2015-12-21 17:59:00+00:00,2015-12-21 18:00:00+00:00,4536.75,4528.25,4553.75,2015-12-21 19:40:00+00:00,4528.0,stop,-17.5,2.0,-19.5,17.0,-1.1470588235294117
1,1,2015-12-22 15:29:00+00:00,2015-12-22 15:30:00+00:00,4572.0,4554.5,4607.0,2015-12-22 16:24:00+00:00,4554.25,stop,-35.5,2.0,-37.5,35.0,-1.0714285714285714
-1,1,2015-12-22 16:29:00+00:00,2015-12-22 16:30:00+00:00,4556.0,4565.25,4537.5,2015-12-22 16:38:00+00:00,4565.5,stop,-19.0,2.0,-21.0,18.5,-1.135135135135135
1,1,2015-12-22 16:44:00+00:00,2015-12-22 16:45:00+00:00,4568.25,4555.5,4593.75,2015-12-22 17:07:00+00:00,4555.25,stop,-26.0,2.0,-28.0,25.5,-1.0980392156862746
-1,1,2015-12-22 17:14:00+00:00,2015-12-22 17:15:00+00:00,4556.25,4566.25,4536.25,2015-12-22 17:35:00+00:00,4566.5,stop,-20.5,2.0,-22.5,20.0,-1.125
1,1,2015-12-22 17:44:00+00:00,2015-12-22 17:45:00+00:00,4567.75,4560.0,4583.25,2015-12-22 20:04:00+00:00,4583.25,objetivo,31.0,2.0,29.0,15.5,1.8709677419354838
1,1,2015-12-23 14:59:00+00:00,2015-12-23 15:00:00+00:00,4610.75,4601.0,4630.25,2015-12-23 15:28:00+00:00,4600.75,stop,-20.0,2.0,-22.0,19.5,-1.1282051282051282
-1,1,2015-12-23 15:29:00+00:00,2015-12-23 15:30:00+00:00,4601.75,4611.75,4581.75,2015-12-23 17:23:00+00:00,4612.0,stop,-20.5,2.0,-22.5,20.0,-1.125
-1,1,2015-12-23 17:44:00+00:00,2015-12-23 17:45:00+00:00,4603.25,4608.5,4592.75,2015-12-23 18:57:00+00:00,4608.75,stop,-11.0,2.0,-13.0,10.5,-1.2380952380952381
1,1,2015-12-23 18:59:00+00:00,2015-12-23 19:00:00+00:00,4607.75,4604.25,4614.75,2015-12-23 19:28:00+00:00,4614.75,objetivo,14.0,2.0,12.0,7.0,1.7142857142857142
1,1,2015-12-24 15:29:00+00:00,2015-12-24 15:30:00+00:00,4623.0,4615.0,4639.0,2015-12-24 18:00:00+00:00,4614.75,stop,-16.5,2.0,-18.5,16.0,-1.15625
-1,1,2015-12-28 14:59:00+00:00,2015-12-28 15:00:00+00:00,4599.75,4607.5,4584.25,2015-12-28 15:46:00+00:00,4584.25,objetivo,31.0,2.0,29.0,15.5,1.8709677419354838
1,1,2015-12-28 16:59:00+00:00,2015-12-28 17:00:00+00:00,4590.25,4586.0,4598.75,2015-12-28 17:23:00+00:00,4585.75,stop,-9.0,2.0,-11.0,8.5,-1.2941176470588236
1,1,2015-12-28 17:29:00+00:00,2015-12-28 17:30:00+00:00,4591.25,4584.0,4605.75,2015-12-28 18:21:00+00:00,4605.75,objetivo,29.0,2.0,27.0,14.5,1.8620689655172413
1,1,2015-12-30 16:14:00+00:00,2015-12-30 16:15:00+00:00,4669.5,4665.5,4677.5,2015-12-30 16:16:00+00:00,4665.25,stop,-8.5,2.0,-10.5,8.0,-1.3125
-1,1,2015-12-30 16:29:00+00:00,2015-12-30 16:30:00+00:00,4666.75,4669.5,4661.25,2015-12-30 18:41:00+00:00,4669.75,stop,-6.0,2.0,-8.0,5.5,-1.4545454545454546
1,1,2015-12-30 18:44:00+00:00,2015-12-30 18:45:00+00:00,4671.5,4664.5,4685.5,2015-12-30 19:27:00+00:00,4664.25,stop,-14.5,2.0,-16.5,14.0,-1.1785714285714286
-1,1,2015-12-30 19:29:00+00:00,2015-12-30 19:30:00+00:00,4665.5,4671.25,4654.0,2015-12-30 20:34:00+00:00,4654.0,objetivo,23.0,2.0,21.0,11.5,1.826086956521739
1,1,2016-01-04 17:44:00+00:00,2016-01-04 17:45:00+00:00,4460.25,4447.25,4486.25,2016-01-04 20:03:00+00:00,4447.0,stop,-26.5,2.0,-28.5,26.0,-1.0961538461538463
-1,1,2016-01-05 14:59:00+00:00,2016-01-05 15:00:00+00:00,4487.0,4508.5,4444.0,2016-01-05 20:55:00+00:00,4479.75,tiempo,14.5,2.0,12.5,43.0,0.29069767441860467
-1,1,2016-01-06 18:14:00+00:00,2016-01-06 18:15:00+00:00,4431.0,4444.0,4405.0,2016-01-06 19:16:00+00:00,4444.25,stop,-26.5,2.0,-28.5,26.0,-1.0961538461538463
-1,1,2016-01-06 19:44:00+00:00,2016-01-06 19:45:00+00:00,4418.25,4438.75,4377.25,2016-01-06 20:39:00+00:00,4439.0,stop,-41.5,2.0,-43.5,41.0,-1.0609756097560976
-1,1,2016-01-07 16:59:00+00:00,2016-01-07 17:00:00+00:00,4364.5,4377.25,4339.0,2016-01-07 18:07:00+00:00,4339.0,objetivo,51.0,2.0,49.0,25.5,1.9215686274509804
1,1,2016-01-08 14:59:00+00:00,2016-01-08 15:00:00+00:00,4353.75,4330.0,4401.25,2016-01-08 15:07:00+00:00,4329.75,stop,-48.0,2.0,-50.0,47.5,-1.0526315789473684
-1,1,2016-01-08 15:14:00+00:00,2016-01-08 15:15:00+00:00,4323.75,4353.5,4264.25,2016-01-08 20:49:00+00:00,4264.25,objetivo,119.0,2.0,117.0,59.5,1.9663865546218486
1,1,2016-01-11 15:44:00+00:00,2016-01-11 15:45:00+00:00,4279.75,4271.25,4296.75,2016-01-11 15:45:00+00:00,4271.0,stop,-17.5,2.0,-19.5,17.0,-1.1470588235294117
-1,1,2016-01-11 15:59:00+00:00,2016-01-11 16:00:00+00:00,4250.5,4279.5,4192.5,2016-01-11 20:32:00+00:00,4279.75,stop,-58.5,2.0,-60.5,58.0,-1.043103448275862
-1,1,2016-01-12 15:14:00+00:00,2016-01-12 15:15:00+00:00,4324.5,4341.5,4290.5,2016-01-12 16:38:00+00:00,4290.5,objetivo,68.0,2.0,66.0,34.0,1.9411764705882353
1,1,2016-01-12 19:59:00+00:00,2016-01-12 20:00:00+00:00,4312.5,4291.0,4355.5,2016-01-12 20:55:00+00:00,4330.0,tiempo,35.0,2.0,33.0,43.0,0.7674418604651163
1,1,2016-01-14 15:29:00+00:00,2016-01-14 15:30:00+00:00,4203.5,4155.25,4300.0,2016-01-14 20:06:00+00:00,4300.0,objetivo,193.0,2.0,191.0,96.5,1.9792746113989637
-1,1,2016-01-15 14:59:00+00:00,2016-01-15 15:00:00+00:00,4142.5,4175.75,4076.0,2016-01-15 17:37:00+00:00,4076.0,objetivo,133.0,2.0,131.0,66.5,1.9699248120300752
1,1,2016-01-15 19:59:00+00:00,2016-01-15 20:00:00+00:00,4145.0,4112.5,4210.0,2016-01-15 20:55:00+00:00,4133.5,tiempo,-23.0,2.0,-25.0,65.0,-0.38461538461538464
1,1,2016-01-18 15:14:00+00:00,2016-01-18 15:15:00+00:00,4135.0,4129.0,4147.0,2016-01-18 15:31:00+00:00,4128.75,stop,-12.5,2.0,-14.5,12.0,-1.2083333333333333
-1,1,2016-01-18 17:44:00+00:00,2016-01-18 17:45:00+00:00,4129.0,4134.75,4117.5,2016-01-18 17:59:00+00:00,4133.0,fin_de_datos,-8.0,2.0,-10.0,11.5,-0.8695652173913043
1,1,2016-01-19 15:29:00+00:00,2016-01-19 15:30:00+00:00,4183.25,4166.75,4216.25,2016-01-19 15:52:00+00:00,4166.5,stop,-33.5,2.0,-35.5,33.0,-1.0757575757575757
1,1,2016-01-20 18:44:00+00:00,2016-01-20 18:45:00+00:00,4073.5,4027.75,4165.0,2016-01-20 20:28:00+00:00,4165.0,objetivo,183.0,2.0,181.0,91.5,1.9781420765027322
1,1,2016-01-21 15:14:00+00:00,2016-01-21 15:15:00+00:00,4153.5,4098.25,4264.0,2016-01-21 20:55:00+00:00,4148.25,tiempo,-10.5,2.0,-12.5,110.5,-0.11312217194570136
-1,1,2016-01-22 15:59:00+00:00,2016-01-22 16:00:00+00:00,4220.5,4236.75,4188.0,2016-01-22 18:20:00+00:00,4237.0,stop,-33.0,2.0,-35.0,32.5,-1.0769230769230769
-1,1,2016-01-25 15:14:00+00:00,2016-01-25 15:15:00+00:00,4239.0,4251.75,4213.5,2016-01-25 18:04:00+00:00,4252.0,stop,-26.0,2.0,-28.0,25.5,-1.0980392156862746
-1,1,2016-01-25 18:59:00+00:00,2016-01-25 19:00:00+00:00,4234.0,4252.0,4198.0,2016-01-25 20:24:00+00:00,4198.0,objetivo,72.0,2.0,70.0,36.0,1.9444444444444444
1,1,2016-01-26 15:14:00+00:00,2016-01-26 15:15:00+00:00,4201.0,4173.75,4255.5,2016-01-26 20:55:00+00:00,4219.0,tiempo,36.0,2.0,34.0,54.5,0.6238532110091743
1,1,2016-01-27 16:29:00+00:00,2016-01-27 16:30:00+00:00,4177.75,4162.5,4208.25,2016-01-27 17:02:00+00:00,4208.25,objetivo,61.0,2.0,59.0,30.5,1.9344262295081966
-1,1,2016-01-27 19:14:00+00:00,2016-01-27 19:15:00+00:00,4164.0,4209.75,4072.5,2016-01-27 20:55:00+00:00,4117.25,tiempo,93.5,2.0,91.5,91.5,1.0
1,1,2016-01-28 16:14:00+00:00,2016-01-28 16:15:00+00:00,4158.25,4145.0,4184.75,2016-01-28 16:33:00+00:00,4144.75,stop,-27.0,2.0,-29.0,26.5,-1.0943396226415094
-1,1,2016-01-28 16:44:00+00:00,2016-01-28 16:45:00+00:00,4142.25,4156.25,4114.25,2016-01-28 17:12:00+00:00,4156.5,stop,-28.5,2.0,-30.5,28.0,-1.0892857142857142
1,1,2016-01-28 17:14:00+00:00,2016-01-28 17:15:00+00:00,4156.25,4135.25,4198.25,2016-01-28 20:55:00+00:00,4175.0,tiempo,37.5,2.0,35.5,42.0,0.8452380952380952
-1,1,2016-02-01 17:59:00+00:00,2016-02-01 18:00:00+00:00,4247.25,4254.0,4233.75,2016-02-01 18:03:00+00:00,4254.25,stop,-14.0,2.0,-16.0,13.5,-1.1851851851851851
1,1,2016-02-01 18:14:00+00:00,2016-02-01 18:15:00+00:00,4251.25,4245.25,4263.25,2016-02-01 18:26:00+00:00,4263.25,objetivo,24.0,2.0,22.0,12.0,1.8333333333333333
1,1,2016-02-02 15:44:00+00:00,2016-02-02 15:45:00+00:00,4242.25,4230.5,4265.75,2016-02-02 16:56:00+00:00,4230.25,stop,-24.0,2.0,-26.0,23.5,-1.1063829787234043
1,1,2016-02-03 16:44:00+00:00,2016-02-03 16:45:00+00:00,4146.0,4120.5,4197.0,2016-02-03 17:32:00+00:00,4120.25,stop,-51.5,2.0,-53.5,51.0,-1.0490196078431373
1,1,2016-02-03 19:29:00+00:00,2016-02-03 19:30:00+00:00,4155.0,4108.5,4248.0,2016-02-03 20:55:00+00:00,4167.75,tiempo,25.5,2.0,23.5,93.0,0.25268817204301075
1,1,2016-02-04 14:59:00+00:00,2016-02-04 15:00:00+00:00,4137.25,4113.5,4184.75,2016-02-04 15:29:00+00:00,4184.75,objetivo,95.0,2.0,93.0,47.5,1.9578947368421054
-1,1,2016-02-04 16:29:00+00:00,2016-02-04 16:30:00+00:00,4147.75,4162.75,4117.75,2016-02-04 17:13:00+00:00,4163.0,stop,-30.5,2.0,-32.5,30.0,-1.0833333333333333
1,1,2016-02-04 17:14:00+00:00,2016-02-04 17:15:00+00:00,4156.0,4130.75,4206.5,2016-02-04 19:39:00+00:00,4130.5,stop,-51.0,2.0,-53.0,50.5,-1.0495049504950495
-1,1,2016-02-08 15:14:00+00:00,2016-02-08 15:15:00+00:00,3938.75,3953.75,3908.75,2016-02-08 16:07:00+00:00,3908.75,objetivo,60.0,2.0,58.0,30.0,1.9333333333333333
1,1,2016-02-08 17:29:00+00:00,2016-02-08 17:30:00+00:00,3935.25,3922.75,3960.25,2016-02-08 17:55:00+00:00,3922.5,stop,-25.5,2.0,-27.5,25.0,-1.1
-1,1,2016-02-08 17:59:00+00:00,2016-02-08 18:00:00+00:00,3922.5,3933.75,3900.0,2016-02-08 18:26:00+00:00,3900.0,objetivo,45.0,2.0,43.0,22.5,1.9111111111111112
-1,1,2016-02-09 15:44:00+00:00,2016-02-09 15:45:00+00:00,3939.25,3968.5,3880.75,2016-02-09 16:28:00+00:00,3968.75,stop,-59.0,2.0,-61.0,58.5,-1.0427350427350428
1,1,2016-02-09 16:29:00+00:00,2016-02-09 16:30:00+00:00,3967.75,3945.0,4013.25,2016-02-09 16:39:00+00:00,3944.75,stop,-46.0,2.0,-48.0,45.5,-1.054945054945055
-1,1,2016-02-09 16:59:00+00:00,2016-02-09 17:00:00+00:00,3940.5,3964.5,3892.5,2016-02-09 19:44:00+00:00,3964.75,stop,-48.5,2.0,-50.5,48.0,-1.0520833333333333
1,1,2016-02-09 19:44:00+00:00,2016-02-09 19:45:00+00:00,3967.75,3930.75,4041.75,2016-02-09 20:55:00+00:00,3946.0,tiempo,-43.5,2.0,-45.5,74.0,-0.6148648648648649
1,1,2016-02-10 14:59:00+00:00,2016-02-10 15:00:00+00:00,4010.25,3972.5,4085.75,2016-02-10 20:29:00+00:00,3972.25,stop,-76.0,2.0,-78.0,75.5,-1.033112582781457
-1,1,2016-02-11 15:29:00+00:00,2016-02-11 15:30:00+00:00,3926.5,3951.5,3876.5,2016-02-11 19:50:00+00:00,3951.75,stop,-50.5,2.0,-52.5,50.0,-1.05
1,1,2016-02-12 16:14:00+00:00,2016-02-12 16:15:00+00:00,3996.5,3973.75,4042.0,2016-02-12 20:55:00+00:00,4012.0,tiempo,31.0,2.0,29.0,45.5,0.6373626373626373
-1,1,2016-02-15 15:14:00+00:00,2016-02-15 15:15:00+00:00,4074.5,4081.25,4061.0,2016-02-15 17:59:00+00:00,4076.5,fin_de_datos,-4.0,2.0,-6.0,13.5,-0.4444444444444444
-1,1,2016-02-16 14:59:00+00:00,2016-02-16 15:00:00+00:00,4076.0,4093.0,4042.0,2016-02-16 18:05:00+00:00,4093.25,stop,-34.5,2.0,-36.5,34.0,-1.0735294117647058
1,1,2016-02-17 14:59:00+00:00,2016-02-17 15:00:00+00:00,4142.0,4123.0,4180.0,2016-02-17 17:22:00+00:00,4180.0,objetivo,76.0,2.0,74.0,38.0,1.9473684210526316
1,1,2016-02-18 15:29:00+00:00,2016-02-18 15:30:00+00:00,4192.0,4179.0,4218.0,2016-02-18 15:40:00+00:00,4178.75,stop,-26.5,2.0,-28.5,26.0,-1.0961538461538463
-1,1,2016-02-18 15:44:00+00:00,2016-02-18 15:45:00+00:00,4179.5,4192.75,4153.0,2016-02-18 20:27:00+00:00,4153.0,objetivo,53.0,2.0,51.0,26.5,1.9245283018867925
1,1,2016-02-19 14:59:00+00:00,2016-02-19 15:00:00+00:00,4139.5,4125.0,4168.5,2016-02-19 16:30:00+00:00,4168.5,objetivo,58.0,2.0,56.0,29.0,1.9310344827586208
-1,1,2016-02-19 19:59:00+00:00,2016-02-19 20:00:00+00:00,4146.5,4158.75,4122.0,2016-02-19 20:26:00+00:00,4159.0,stop,-25.0,2.0,-27.0,24.5,-1.1020408163265305
-1,1,2016-02-22 15:59:00+00:00,2016-02-22 16:00:00+00:00,4211.0,4216.5,4200.0,2016-02-22 16:11:00+00:00,4216.75,stop,-11.5,2.0,-13.5,11.0,-1.2272727272727273
1,1,2016-02-22 16:14:00+00:00,2016-02-22 16:15:00+00:00,4217.25,4207.75,4236.25,2016-02-22 20:55:00+00:00,4224.5,tiempo,14.5,2.0,12.5,19.0,0.6578947368421053
-1,1,2016-02-23 14:59:00+00:00,2016-02-23 15:00:00+00:00,4208.5,4216.0,4193.5,2016-02-23 15:09:00+00:00,4193.5,objetivo,30.0,2.0,28.0,15.0,1.8666666666666667
-1,1,2016-02-24 14:59:00+00:00,2016-02-24 15:00:00+00:00,4095.0,4113.0,4059.0,2016-02-24 16:39:00+00:00,4113.25,stop,-36.5,2.0,-38.5,36.0,-1.0694444444444444
1,1,2016-02-25 15:29:00+00:00,2016-02-25 15:30:00+00:00,4193.75,4182.5,4216.25,2016-02-25 18:41:00+00:00,4216.25,objetivo,45.0,2.0,43.0,22.5,1.9111111111111112
-1,1,2016-02-29 18:29:00+00:00,2016-02-29 18:30:00+00:00,4243.25,4252.75,4224.25,2016-02-29 19:21:00+00:00,4224.25,objetivo,38.0,2.0,36.0,19.0,1.894736842105263
1,1,2016-03-01 14:59:00+00:00,2016-03-01 15:00:00+00:00,4240.0,4226.5,4267.0,2016-03-01 15:24:00+00:00,4267.0,objetivo,54.0,2.0,52.0,27.0,1.9259259259259258
-1,1,2016-03-02 14:59:00+00:00,2016-03-02 15:00:00+00:00,4318.25,4328.5,4297.75,2016-03-02 15:08:00+00:00,4328.75,stop,-21.0,2.0,-23.0,20.5,-1.1219512195121952
1,1,2016-03-02 15:14:00+00:00,2016-03-02 15:15:00+00:00,4332.25,4316.75,4363.25,2016-03-02 15:30:00+00:00,4316.5,stop,-31.5,2.0,-33.5,31.0,-1.0806451612903225
-1,1,2016-03-02 15:44:00+00:00,2016-03-02 15:45:00+00:00,4313.0,4324.75,4289.5,2016-03-02 16:03:00+00:00,4325.0,stop,-24.0,2.0,-26.0,23.5,-1.1063829787234043
-1,1,2016-03-02 16:14:00+00:00,2016-03-02 16:15:00+00:00,4321.25,4329.5,4304.75,2016-03-02 16:58:00+00:00,4304.75,objetivo,33.0,2.0,31.0,16.5,1.878787878787879
1,1,2016-03-02 19:44:00+00:00,2016-03-02 19:45:00+00:00,4319.0,4307.75,4341.5,2016-03-02 20:55:00+00:00,4327.25,tiempo,16.5,2.0,14.5,22.5,0.6444444444444445
1,1,2016-03-03 18:44:00+00:00,2016-03-03 18:45:00+00:00,4317.0,4306.5,4338.0,2016-03-03 20:55:00+00:00,4323.25,tiempo,12.5,2.0,10.5,21.0,0.5
1,1,2016-03-04 15:14:00+00:00,2016-03-04 15:15:00+00:00,4313.25,4298.5,4342.75,2016-03-04 16:19:00+00:00,4342.75,objetivo,59.0,2.0,57.0,29.5,1.9322033898305084
-1,1,2016-03-04 19:59:00+00:00,2016-03-04 20:00:00+00:00,4319.5,4328.0,4302.5,2016-03-04 20:25:00+00:00,4328.25,stop,-17.5,2.0,-19.5,17.0,-1.1470588235294117
-1,1,2016-03-07 14:59:00+00:00,2016-03-07 15:00:00+00:00,4290.5,4310.0,4251.5,2016-03-07 16:23:00+00:00,4310.25,stop,-39.5,2.0,-41.5,39.0,-1.064102564102564
-1,1,2016-03-07 18:29:00+00:00,2016-03-07 18:30:00+00:00,4305.25,4323.5,4268.75,2016-03-07 20:05:00+00:00,4268.75,objetivo,73.0,2.0,71.0,36.5,1.9452054794520548
1,1,2016-03-08 14:59:00+00:00,2016-03-08 15:00:00+00:00,4282.75,4264.5,4319.25,2016-03-08 15:30:00+00:00,4264.25,stop,-37.0,2.0,-39.0,36.5,-1.0684931506849316
1,1,2016-03-08 15:59:00+00:00,2016-03-08 16:00:00+00:00,4275.5,4264.0,4298.5,2016-03-08 17:09:00+00:00,4298.5,objetivo,46.0,2.0,44.0,23.0,1.9130434782608696
1,1,2016-03-09 15:29:00+00:00,2016-03-09 15:30:00+00:00,4276.5,4267.25,4295.0,2016-03-09 15:52:00+00:00,4267.0,stop,-19.0,2.0,-21.0,18.5,-1.135135135135135
-1,1,2016-03-09 15:59:00+00:00,2016-03-09 16:00:00+00:00,4264.0,4287.0,4218.0,2016-03-09 16:30:00+00:00,4287.25,stop,-46.5,2.0,-48.5,46.0,-1.0543478260869565
-1,1,2016-03-10 15:29:00+00:00,2016-03-10 15:30:00+00:00,4315.25,4327.0,4291.75,2016-03-10 15:36:00+00:00,4291.75,objetivo,47.0,2.0,45.0,23.5,1.9148936170212767
-1,1,2016-03-11 15:14:00+00:00,2016-03-11 15:15:00+00:00,4325.5,4337.5,4301.5,2016-03-11 15:33:00+00:00,4337.75,stop,-24.5,2.0,-26.5,24.0,-1.1041666666666667
-1,1,2016-03-15 13:59:00+00:00,2016-03-15 14:00:00+00:00,4338.25,4347.5,4319.75,2016-03-15 14:29:00+00:00,4347.75,stop,-19.0,2.0,-21.0,18.5,-1.135135135135135
1,1,2016-03-15 14:29:00+00:00,2016-03-15 14:30:00+00:00,4348.25,4335.0,4374.75,2016-03-15 19:55:00+00:00,4355.5,tiempo,14.5,2.0,12.5,26.5,0.4716981132075472
-1,1,2016-03-16 16:59:00+00:00,2016-03-16 17:00:00+00:00,4356.75,4366.25,4337.75,2016-03-16 18:00:00+00:00,4366.5,stop,-19.5,2.0,-21.5,19.0,-1.131578947368421
1,1,2016-03-16 18:29:00+00:00,2016-03-16 18:30:00+00:00,4384.5,4363.25,4427.0,2016-03-16 19:55:00+00:00,4393.0,tiempo,17.0,2.0,15.0,42.5,0.35294117647058826
1,1,2016-03-17 14:44:00+00:00,2016-03-17 14:45:00+00:00,4380.5,4374.0,4393.5,2016-03-17 16:27:00+00:00,4393.5,objetivo,26.0,2.0,24.0,13.0,1.8461538461538463
-1,1,2016-03-17 18:59:00+00:00,2016-03-17 19:00:00+00:00,4384.5,4394.0,4365.5,2016-03-17 19:22:00+00:00,4394.25,stop,-19.5,2.0,-21.5,19.0,-1.131578947368421
1,1,2016-03-18 14:44:00+00:00,2016-03-18 14:45:00+00:00,4393.0,4385.5,4408.0,2016-03-18 15:09:00+00:00,4408.0,objetivo,30.0,2.0,28.0,15.0,1.8666666666666667
-1,1,2016-03-18 17:29:00+00:00,2016-03-18 17:30:00+00:00,4392.75,4399.5,4379.25,2016-03-18 17:38:00+00:00,4379.25,objetivo,27.0,2.0,25.0,13.5,1.8518518518518519
-1,1,2016-03-21 14:14:00+00:00,2016-03-21 14:15:00+00:00,4393.0,4412.0,4355.0,2016-03-21 17:19:00+00:00,4412.25,stop,-38.5,2.0,-40.5,38.0,-1.0657894736842106
1,1,2016-03-23 14:29:00+00:00,2016-03-23 14:30:00+00:00,4414.75,4411.25,4421.75,2016-03-23 14:30:00+00:00,4411.0,stop,-7.5,2.0,-9.5,7.0,-1.3571428571428572
-1,1,2016-03-23 14:44:00+00:00,2016-03-23 14:45:00+00:00,4409.25,4421.25,4385.25,2016-03-23 19:26:00+00:00,4385.25,objetivo,48.0,2.0,46.0,24.0,1.9166666666666667
1,1,2016-03-24 13:59:00+00:00,2016-03-24 14:00:00+00:00,4382.5,4365.5,4416.5,2016-03-24 19:55:00+00:00,4394.25,tiempo,23.5,2.0,21.5,34.0,0.6323529411764706
1,1,2016-03-28 14:14:00+00:00,2016-03-28 14:15:00+00:00,4397.75,4385.5,4422.25,2016-03-28 14:46:00+00:00,4385.25,stop,-25.0,2.0,-27.0,24.5,-1.1020408163265305
1,1,2016-03-28 15:29:00+00:00,2016-03-28 15:30:00+00:00,4395.5,4386.75,4413.0,2016-03-28 18:47:00+00:00,4386.5,stop,-18.0,2.0,-20.0,17.5,-1.1428571428571428
-1,1,2016-03-30 15:14:00+00:00,2016-03-30 15:15:00+00:00,4492.25,4506.75,4463.25,2016-03-30 19:55:00+00:00,4485.0,tiempo,14.5,2.0,12.5,29.0,0.43103448275862066
-1,1,2016-03-31 13:59:00+00:00,2016-03-31 14:00:00+00:00,4479.75,4487.0,4465.25,2016-03-31 14:08:00+00:00,4487.25,stop,-15.0,2.0,-17.0,14.5,-1.1724137931034482
1,1,2016-03-31 14:14:00+00:00,2016-03-31 14:15:00+00:00,4487.75,4477.5,4508.25,2016-03-31 17:56:00+00:00,4477.25,stop,-21.0,2.0,-23.0,20.5,-1.1219512195121952
-1,1,2016-04-04 14:14:00+00:00,2016-04-04 14:15:00+00:00,4518.25,4526.0,4502.75,2016-04-04 14:54:00+00:00,4502.75,objetivo,31.0,2.0,29.0,15.5,1.8709677419354838
1,1,2016-04-04 16:14:00+00:00,2016-04-04 16:15:00+00:00,4514.0,4505.0,4532.0,2016-04-04 17:58:00+00:00,4504.75,stop,-18.5,2.0,-20.5,18.0,-1.1388888888888888
1,1,2016-04-05 14:14:00+00:00,2016-04-05 14:15:00+00:00,4478.75,4466.5,4503.25,2016-04-05 15:46:00+00:00,4466.25,stop,-25.0,2.0,-27.0,24.5,-1.1020408163265305
1,1,2016-04-05 17:29:00+00:00,2016-04-05 17:30:00+00:00,4472.75,4463.5,4491.25,2016-04-05 19:53:00+00:00,4463.25,stop,-19.0,2.0,-21.0,18.5,-1.135135135135135
1,1,2016-04-06 13:59:00+00:00,2016-04-06 14:00:00+00:00,4480.25,4467.75,4505.25,2016-04-06 15:29:00+00:00,4505.25,objetivo,50.0,2.0,48.0,25.0,1.92
-1,1,2016-04-07 13:59:00+00:00,2016-04-07 14:00:00+00:00,4505.5,4515.0,4486.5,2016-04-07 14:30:00+00:00,4486.5,objetivo,38.0,2.0,36.0,19.0,1.894736842105263
1,1,2016-04-08 13:59:00+00:00,2016-04-08 14:00:00+00:00,4502.5,4484.75,4538.0,2016-04-08 14:59:00+00:00,4484.5,stop,-36.0,2.0,-38.0,35.5,-1.0704225352112675
1,1,2016-04-11 13:59:00+00:00,2016-04-11 14:00:00+00:00,4495.5,4483.25,4520.0,2016-04-11 15:00:00+00:00,4483.0,stop,-25.0,2.0,-27.0,24.5,-1.1020408163265305
1,1,2016-04-11 16:59:00+00:00,2016-04-11 17:00:00+00:00,4497.75,4484.25,4524.75,2016-04-11 18:04:00+00:00,4484.0,stop,-27.5,2.0,-29.5,27.0,-1.0925925925925926
1,1,2016-04-11 18:59:00+00:00,2016-04-11 19:00:00+00:00,4492.0,4483.5,4509.0,2016-04-11 19:03:00+00:00,4483.25,stop,-17.5,2.0,-19.5,17.0,-1.1470588235294117
-1,1,2016-04-12 13:59:00+00:00,2016-04-12 14:00:00+00:00,4446.0,4460.0,4418.0,2016-04-12 14:52:00+00:00,4460.25,stop,-28.5,2.0,-30.5,28.0,-1.0892857142857142
-1,1,2016-04-13 14:59:00+00:00,2016-04-13 15:00:00+00:00,4529.75,4540.25,4508.75,2016-04-13 15:28:00+00:00,4540.5,stop,-21.5,2.0,-23.5,21.0,-1.119047619047619
1,1,2016-04-13 15:29:00+00:00,2016-04-13 15:30:00+00:00,4540.0,4530.5,4559.0,2016-04-13 15:53:00+00:00,4530.25,stop,-19.5,2.0,-21.5,19.0,-1.131578947368421
-1,1,2016-04-13 15:59:00+00:00,2016-04-13 16:00:00+00:00,4533.75,4543.75,4513.75,2016-04-13 19:12:00+00:00,4544.0,stop,-20.5,2.0,-22.5,20.0,-1.125
1,1,2016-04-14 14:14:00+00:00,2016-04-14 14:15:00+00:00,4542.25,4536.0,4554.75,2016-04-14 15:48:00+00:00,4554.75,objetivo,25.0,2.0,23.0,12.5,1.84
-1,1,2016-04-14 17:59:00+00:00,2016-04-14 18:00:00+00:00,4545.0,4553.25,4528.5,2016-04-14 19:55:00+00:00,4547.5,tiempo,-5.0,2.0,-7.0,16.5,-0.42424242424242425
1,1,2016-04-15 13:59:00+00:00,2016-04-15 14:00:00+00:00,4542.25,4533.25,4560.25,2016-04-15 17:10:00+00:00,4533.0,stop,-18.5,2.0,-20.5,18.0,-1.1388888888888888
-1,1,2016-04-18 15:59:00+00:00,2016-04-18 16:00:00+00:00,4542.0,4548.0,4530.0,2016-04-18 16:20:00+00:00,4548.25,stop,-12.5,2.0,-14.5,12.0,-1.2083333333333333
1,1,2016-04-19 14:29:00+00:00,2016-04-19 14:30:00+00:00,4546.25,4542.0,4554.75,2016-04-19 14:48:00+00:00,4541.75,stop,-9.0,2.0,-11.0,8.5,-1.2941176470588236
-1,1,2016-04-19 15:14:00+00:00,2016-04-19 15:15:00+00:00,4541.75,4548.5,4528.25,2016-04-19 15:50:00+00:00,4528.25,objetivo,27.0,2.0,25.0,13.5,1.8518518518518519
1,1,2016-04-20 13:59:00+00:00,2016-04-20 14:00:00+00:00,4539.0,4519.25,4578.5,2016-04-20 19:55:00+00:00,4533.5,tiempo,-11.0,2.0,-13.0,39.5,-0.3291139240506329
1,1,2016-04-21 14:29:00+00:00,2016-04-21 14:30:00+00:00,4529.0,4515.25,4556.5,2016-04-21 19:55:00+00:00,4532.75,tiempo,7.5,2.0,5.5,27.5,0.2
-1,1,2016-04-22 14:14:00+00:00,2016-04-22 14:15:00+00:00,4469.25,4487.0,4433.75,2016-04-22 14:45:00+00:00,4433.75,objetivo,71.0,2.0,69.0,35.5,1.943661971830986
1,1,2016-04-22 17:44:00+00:00,2016-04-22 17:45:00+00:00,4456.75,4443.25,4483.75,2016-04-22 19:55:00+00:00,4466.5,tiempo,19.5,2.0,17.5,27.0,0.6481481481481481
-1,1,2016-04-25 13:59:00+00:00,2016-04-25 14:00:00+00:00,4457.25,4466.75,4438.25,2016-04-25 19:55:00+00:00,4459.5,tiempo,-4.5,2.0,-6.5,19.0,-0.34210526315789475
-1,1,2016-04-26 14:14:00+00:00,2016-04-26 14:15:00+00:00,4468.0,4483.5,4437.0,2016-04-26 18:29:00+00:00,4437.0,objetivo,62.0,2.0,60.0,31.0,1.935483870967742
1,1,2016-04-27 15:29:00+00:00,2016-04-27 15:30:00+00:00,4394.75,4382.25,4419.75,2016-04-27 17:25:00+00:00,4382.0,stop,-25.5,2.0,-27.5,25.0,-1.1
1,1,2016-04-27 18:14:00+00:00,2016-04-27 18:15:00+00:00,4394.75,4375.75,4432.75,2016-04-27 19:55:00+00:00,4408.5,tiempo,27.5,2.0,25.5,38.0,0.6710526315789473
-1,1,2016-04-28 16:29:00+00:00,2016-04-28 16:30:00+00:00,4423.0,4431.0,4407.0,2016-04-28 18:01:00+00:00,4407.0,objetivo,32.0,2.0,30.0,16.0,1.875
1,1,2016-04-29 17:14:00+00:00,2016-04-29 17:15:00+00:00,4332.75,4319.75,4358.75,2016-04-29 17:46:00+00:00,4319.5,stop,-26.5,2.0,-28.5,26.0,-1.0961538461538463
-1,1,2016-05-02 13:59:00+00:00,2016-05-02 14:00:00+00:00,4329.75,4342.75,4303.75,2016-05-02 14:15:00+00:00,4343.0,stop,-26.5,2.0,-28.5,26.0,-1.0961538461538463
-1,1,2016-05-02 14:44:00+00:00,2016-05-02 14:45:00+00:00,4335.25,4344.0,4317.75,2016-05-02 14:49:00+00:00,4344.25,stop,-18.0,2.0,-20.0,17.5,-1.1428571428571428
1,1,2016-05-02 15:14:00+00:00,2016-05-02 15:15:00+00:00,4335.75,4328.25,4350.75,2016-05-02 17:13:00+00:00,4350.75,objetivo,30.0,2.0,28.0,15.0,1.8666666666666667
-1,1,2016-05-03 13:59:00+00:00,2016-05-03 14:00:00+00:00,4334.25,4346.5,4309.75,2016-05-03 17:08:00+00:00,4346.75,stop,-25.0,2.0,-27.0,24.5,-1.1020408163265305
1,1,2016-05-04 13:59:00+00:00,2016-05-04 14:00:00+00:00,4314.25,4300.0,4342.75,2016-05-04 15:28:00+00:00,4299.75,stop,-29.0,2.0,-31.0,28.5,-1.087719298245614
1,1,2016-05-04 16:14:00+00:00,2016-05-04 16:15:00+00:00,4315.0,4303.0,4339.0,2016-05-04 16:40:00+00:00,4302.75,stop,-24.5,2.0,-26.5,24.0,-1.1041666666666667
1,1,2016-05-05 14:14:00+00:00,2016-05-05 14:15:00+00:00,4324.5,4304.0,4365.5,2016-05-05 14:28:00+00:00,4303.75,stop,-41.5,2.0,-43.5,41.0,-1.0609756097560976
-1,1,2016-05-05 14:29:00+00:00,2016-05-05 14:30:00+00:00,4306.0,4325.25,4267.5,2016-05-05 15:43:00+00:00,4325.5,stop,-39.0,2.0,-41.0,38.5,-1.0649350649350648
1,1,2016-05-05 15:44:00+00:00,2016-05-05 15:45:00+00:00,4327.0,4309.25,4362.5,2016-05-05 17:10:00+00:00,4309.0,stop,-36.0,2.0,-38.0,35.5,-1.0704225352112675
-1,1,2016-05-06 13:59:00+00:00,2016-05-06 14:00:00+00:00,4292.25,4304.5,4267.75,2016-05-06 17:54:00+00:00,4304.75,stop,-25.0,2.0,-27.0,24.5,-1.1020408163265305
-1,1,2016-05-09 14:29:00+00:00,2016-05-09 14:30:00+00:00,4333.75,4351.75,4297.75,2016-05-09 18:50:00+00:00,4352.0,stop,-36.5,2.0,-38.5,36.0,-1.0694444444444444
1,1,2016-05-11 13:59:00+00:00,2016-05-11 14:00:00+00:00,4391.25,4383.0,4407.75,2016-05-11 15:01:00+00:00,4382.75,stop,-17.0,2.0,-19.0,16.5,-1.1515151515151516
1,1,2016-05-12 18:14:00+00:00,2016-05-12 18:15:00+00:00,4347.25,4331.25,4379.25,2016-05-12 19:55:00+00:00,4336.5,tiempo,-21.5,2.0,-23.5,32.0,-0.734375
-1,1,2016-05-13 13:59:00+00:00,2016-05-13 14:00:00+00:00,4342.75,4355.5,4317.25,2016-05-13 15:26:00+00:00,4355.75,stop,-26.0,2.0,-28.0,25.5,-1.0980392156862746
-1,1,2016-05-13 16:44:00+00:00,2016-05-13 16:45:00+00:00,4341.0,4354.75,4313.5,2016-05-13 18:42:00+00:00,4313.5,objetivo,55.0,2.0,53.0,27.5,1.9272727272727272
1,1,2016-05-17 15:59:00+00:00,2016-05-17 16:00:00+00:00,4363.75,4359.5,4372.25,2016-05-17 16:10:00+00:00,4359.25,stop,-9.0,2.0,-11.0,8.5,-1.2941176470588236
-1,1,2016-05-17 16:14:00+00:00,2016-05-17 16:15:00+00:00,4358.0,4365.25,4343.5,2016-05-17 17:55:00+00:00,4343.5,objetivo,29.0,2.0,27.0,14.5,1.8620689655172413
-1,1,2016-05-18 18:14:00+00:00,2016-05-18 18:15:00+00:00,4324.75,4352.0,4270.25,2016-05-18 19:55:00+00:00,4328.75,tiempo,-8.0,2.0,-10.0,54.5,-0.1834862385321101
-1,1,2016-05-19 13:59:00+00:00,2016-05-19 14:00:00+00:00,4297.25,4327.75,4236.25,2016-05-19 19:55:00+00:00,4319.0,tiempo,-43.5,2.0,-45.5,61.0,-0.7459016393442623
-1,1,2016-05-23 14:44:00+00:00,2016-05-23 14:45:00+00:00,4372.5,4380.25,4357.0,2016-05-23 19:22:00+00:00,4357.0,objetivo,31.0,2.0,29.0,15.5,1.8709677419354838
1,1,2016-05-25 13:59:00+00:00,2016-05-25 14:00:00+00:00,4470.75,4453.5,4505.25,2016-05-25 19:55:00+00:00,4475.0,tiempo,8.5,2.0,6.5,34.5,0.18840579710144928
-1,1,2016-05-26 13:59:00+00:00,2016-05-26 14:00:00+00:00,4470.75,4485.25,4441.75,2016-05-26 14:31:00+00:00,4485.5,stop,-29.5,2.0,-31.5,29.0,-1.0862068965517242
-1,1,2016-05-26 14:59:00+00:00,2016-05-26 15:00:00+00:00,4477.5,4486.0,4460.5,2016-05-26 15:30:00+00:00,4486.25,stop,-17.5,2.0,-19.5,17.0,-1.1470588235294117
-1,1,2016-05-26 16:29:00+00:00,2016-05-26 16:30:00+00:00,4478.5,4480.25,4475.0,2016-05-26 16:32:00+00:00,4480.5,stop,-4.0,2.0,-6.0,3.5,-1.7142857142857142
1,1,2016-05-26 16:44:00+00:00,2016-05-26 16:45:00+00:00,4481.0,4478.75,4485.5,2016-05-26 16:53:00+00:00,4478.5,stop,-5.0,2.0,-7.0,4.5,-1.5555555555555556
-1,1,2016-05-26 16:59:00+00:00,2016-05-26 17:00:00+00:00,4478.25,4481.25,4472.25,2016-05-26 17:15:00+00:00,4481.5,stop,-6.5,2.0,-8.5,6.0,-1.4166666666666667
1,1,2016-05-26 17:29:00+00:00,2016-05-26 17:30:00+00:00,4484.25,4479.25,4494.25,2016-05-26 19:55:00+00:00,4486.25,tiempo,4.0,2.0,2.0,10.0,0.2
-1,1,2016-05-27 17:59:00+00:00,2016-05-27 18:00:00+00:00,4499.5,4506.5,4485.5,2016-05-27 18:26:00+00:00,4506.75,stop,-14.5,2.0,-16.5,14.0,-1.1785714285714286
1,1,2016-05-27 18:29:00+00:00,2016-05-27 18:30:00+00:00,4504.75,4501.0,4512.25,2016-05-27 19:55:00+00:00,4510.75,tiempo,12.0,2.0,10.0,7.5,1.3333333333333333
1,1,2016-05-30 14:14:00+00:00,2016-05-30 14:15:00+00:00,4520.0,4516.75,4526.5,2016-05-30 16:59:00+00:00,4521.75,fin_de_datos,3.5,2.0,1.5,6.5,0.23076923076923078
-1,1,2016-05-31 14:44:00+00:00,2016-05-31 14:45:00+00:00,4516.0,4527.0,4494.0,2016-05-31 19:55:00+00:00,4524.0,tiempo,-16.0,2.0,-18.0,22.0,-0.8181818181818182
-1,1,2016-06-01 13:59:00+00:00,2016-06-01 14:00:00+00:00,4506.25,4510.75,4497.25,2016-06-01 14:00:00+00:00,4511.0,stop,-9.5,2.0,-11.5,9.0,-1.2777777777777777
1,1,2016-06-01 14:14:00+00:00,2016-06-01 14:15:00+00:00,4520.0,4502.75,4554.5,2016-06-01 19:55:00+00:00,4517.25,tiempo,-5.5,2.0,-7.5,34.5,-0.21739130434782608
-1,1,2016-06-02 13:59:00+00:00,2016-06-02 14:00:00+00:00,4492.5,4509.5,4458.5,2016-06-02 14:33:00+00:00,4509.75,stop,-34.5,2.0,-36.5,34.0,-1.0735294117647058
-1,1,2016-06-02 16:14:00+00:00,2016-06-02 16:15:00+00:00,4503.0,4511.0,4487.0,2016-06-02 16:52:00+00:00,4511.25,stop,-16.5,2.0,-18.5,16.0,-1.15625
1,1,2016-06-03 14:59:00+00:00,2016-06-03 15:00:00+00:00,4501.0,4494.0,4515.0,2016-06-03 15:09:00+00:00,4493.75,stop,-14.5,2.0,-16.5,14.0,-1.1785714285714286
-1,1,2016-06-03 15:14:00+00:00,2016-06-03 15:15:00+00:00,4493.5,4502.5,4475.5,2016-06-03 15:31:00+00:00,4502.75,stop,-18.5,2.0,-20.5,18.0,-1.1388888888888888
1,1,2016-06-03 15:44:00+00:00,2016-06-03 15:45:00+00:00,4507.5,4496.5,4529.5,2016-06-03 19:55:00+00:00,4512.75,tiempo,10.5,2.0,8.5,22.0,0.38636363636363635
-1,1,2016-06-06 14:14:00+00:00,2016-06-06 14:15:00+00:00,4519.0,4525.0,4507.0,2016-06-06 14:42:00+00:00,4525.25,stop,-12.5,2.0,-14.5,12.0,-1.2083333333333333
1,1,2016-06-06 14:44:00+00:00,2016-06-06 14:45:00+00:00,4524.25,4519.25,4534.25,2016-06-06 16:17:00+00:00,4519.0,stop,-10.5,2.0,-12.5,10.0,-1.25
1,1,2016-06-06 16:44:00+00:00,2016-06-06 16:45:00+00:00,4524.25,4517.25,4538.25,2016-06-06 16:50:00+00:00,4517.0,stop,-14.5,2.0,-16.5,14.0,-1.1785714285714286
-1,1,2016-06-06 16:59:00+00:00,2016-06-06 17:00:00+00:00,4515.5,4524.0,4498.5,2016-06-06 17:10:00+00:00,4524.25,stop,-17.5,2.0,-19.5,17.0,-1.1470588235294117
1,1,2016-06-06 17:14:00+00:00,2016-06-06 17:15:00+00:00,4523.0,4515.0,4539.0,2016-06-06 19:55:00+00:00,4525.0,tiempo,4.0,2.0,2.0,16.0,0.125
1,1,2016-06-07 13:59:00+00:00,2016-06-07 14:00:00+00:00,4529.0,4523.75,4539.5,2016-06-07 14:47:00+00:00,4523.5,stop,-11.0,2.0,-13.0,10.5,-1.2380952380952381
-1,1,2016-06-07 14:59:00+00:00,2016-06-07 15:00:00+00:00,4519.5,4529.75,4499.0,2016-06-07 16:42:00+00:00,4530.0,stop,-21.0,2.0,-23.0,20.5,-1.1219512195121952
-1,1,2016-06-07 17:59:00+00:00,2016-06-07 18:00:00+00:00,4523.25,4527.75,4514.25,2016-06-07 19:44:00+00:00,4514.25,objetivo,18.0,2.0,16.0,9.0,1.7777777777777777
-1,1,2016-06-08 14:14:00+00:00,2016-06-08 14:15:00+00:00,4510.0,4529.0,4472.0,2016-06-08 19:55:00+00:00,4519.5,tiempo,-19.0,2.0,-21.0,38.0,-0.5526315789473685
-1,1,2016-06-09 14:29:00+00:00,2016-06-09 14:30:00+00:00,4509.0,4516.25,4494.5,2016-06-09 14:48:00+00:00,4516.5,stop,-15.0,2.0,-17.0,14.5,-1.1724137931034482
-1,1,2016-06-09 15:29:00+00:00,2016-06-09 15:30:00+00:00,4508.25,4514.25,4496.25,2016-06-09 16:13:00+00:00,4496.25,objetivo,24.0,2.0,22.0,12.0,1.8333333333333333
1,1,2016-06-09 16:59:00+00:00,2016-06-09 17:00:00+00:00,4508.75,4501.0,4524.25,2016-06-09 19:55:00+00:00,4514.5,tiempo,11.5,2.0,9.5,15.5,0.6129032258064516
1,1,2016-06-10 14:29:00+00:00,2016-06-10 14:30:00+00:00,4473.75,4464.0,4493.25,2016-06-10 17:46:00+00:00,4463.75,stop,-20.0,2.0,-22.0,19.5,-1.1282051282051282
1,1,2016-06-13 13:59:00+00:00,2016-06-13 14:00:00+00:00,4445.75,4427.0,4483.25,2016-06-13 15:51:00+00:00,4426.75,stop,-38.0,2.0,-40.0,37.5,-1.0666666666666667
1,1,2016-06-13 18:44:00+00:00,2016-06-13 18:45:00+00:00,4437.5,4427.75,4457.0,2016-06-13 19:03:00+00:00,4427.5,stop,-20.0,2.0,-22.0,19.5,-1.1282051282051282
-1,1,2016-06-14 14:14:00+00:00,2016-06-14 14:15:00+00:00,4416.5,4432.75,4384.0,2016-06-14 15:31:00+00:00,4384.0,objetivo,65.0,2.0,63.0,32.5,1.9384615384615385
1,1,2016-06-14 16:29:00+00:00,2016-06-14 16:30:00+00:00,4410.5,4395.75,4440.0,2016-06-14 17:53:00+00:00,4395.5,stop,-30.0,2.0,-32.0,29.5,-1.0847457627118644
1,1,2016-06-14 18:29:00+00:00,2016-06-14 18:30:00+00:00,4407.0,4399.25,4422.5,2016-06-14 18:48:00+00:00,4399.0,stop,-16.0,2.0,-18.0,15.5,-1.1612903225806452
-1,1,2016-06-15 13:59:00+00:00,2016-06-15 14:00:00+00:00,4423.5,4430.75,4409.0,2016-06-15 14:06:00+00:00,4431.0,stop,-15.0,2.0,-17.0,14.5,-1.1724137931034482
1,1,2016-06-15 14:14:00+00:00,2016-06-15 14:15:00+00:00,4428.0,4423.75,4436.5,2016-06-15 14:18:00+00:00,4423.5,stop,-9.0,2.0,-11.0,8.5,-1.2941176470588236
-1,1,2016-06-15 14:29:00+00:00,2016-06-15 14:30:00+00:00,4417.75,4428.0,4397.25,2016-06-15 14:51:00+00:00,4428.25,stop,-21.0,2.0,-23.0,20.5,-1.1219512195121952
1,1,2016-06-15 15:14:00+00:00,2016-06-15 15:15:00+00:00,4426.75,4424.75,4430.75,2016-06-15 15:15:00+00:00,4424.5,stop,-4.5,2.0,-6.5,4.0,-1.625
-1,1,2016-06-15 15:29:00+00:00,2016-06-15 15:30:00+00:00,4413.0,4426.5,4386.0,2016-06-15 18:00:00+00:00,4426.75,stop,-27.5,2.0,-29.5,27.0,-1.0925925925925926
-1,1,2016-06-15 18:14:00+00:00,2016-06-15 18:15:00+00:00,4421.0,4435.5,4392.0,2016-06-15 19:55:00+00:00,4398.25,tiempo,45.5,2.0,43.5,29.0,1.5
1,1,2016-06-16 15:14:00+00:00,2016-06-16 15:15:00+00:00,4366.5,4358.75,4382.0,2016-06-16 16:23:00+00:00,4382.0,objetivo,31.0,2.0,29.0,15.5,1.8709677419354838
1,1,2016-06-16 16:29:00+00:00,2016-06-16 16:30:00+00:00,4385.75,4364.75,4427.75,2016-06-16 19:55:00+00:00,4415.75,tiempo,60.0,2.0,58.0,42.0,1.380952380952381
1,1,2016-06-17 17:44:00+00:00,2016-06-17 17:45:00+00:00,4373.5,4368.75,4383.0,2016-06-17 18:05:00+00:00,4368.5,stop,-10.0,2.0,-12.0,9.5,-1.263157894736842
1,1,2016-06-17 18:44:00+00:00,2016-06-17 18:45:00+00:00,4375.0,4368.25,4388.5,2016-06-17 19:03:00+00:00,4368.0,stop,-14.0,2.0,-16.0,13.5,-1.1851851851851851
-1,1,2016-06-20 15:59:00+00:00,2016-06-20 16:00:00+00:00,4425.25,4432.5,4410.75,2016-06-20 19:15:00+00:00,4410.75,objetivo,29.0,2.0,27.0,14.5,1.8620689655172413
-1,1,2016-06-21 14:44:00+00:00,2016-06-21 14:45:00+00:00,4404.0,4407.75,4396.5,2016-06-21 14:50:00+00:00,4396.5,objetivo,15.0,2.0,13.0,7.5,1.7333333333333334
1,1,2016-06-21 15:14:00+00:00,2016-06-21 15:15:00+00:00,4405.5,4393.0,4430.5,2016-06-21 15:34:00+00:00,4392.75,stop,-25.5,2.0,-27.5,25.0,-1.1
1,1,2016-06-21 16:29:00+00:00,2016-06-21 16:30:00+00:00,4408.5,4399.5,4426.5,2016-06-21 16:50:00+00:00,4399.25,stop,-18.5,2.0,-20.5,18.0,-1.1388888888888888
-1,1,2016-06-21 16:59:00+00:00,2016-06-21 17:00:00+00:00,4397.0,4404.25,4382.5,2016-06-21 18:35:00+00:00,4404.5,stop,-15.0,2.0,-17.0,14.5,-1.1724137931034482
1,1,2016-06-21 18:44:00+00:00,2016-06-21 18:45:00+00:00,4406.0,4399.0,4420.0,2016-06-21 19:08:00+00:00,4398.75,stop,-14.5,2.0,-16.5,14.0,-1.1785714285714286
-1,1,2016-06-22 13:59:00+00:00,2016-06-22 14:00:00+00:00,4400.5,4408.25,4385.0,2016-06-22 14:15:00+00:00,4408.5,stop,-16.0,2.0,-18.0,15.5,-1.1612903225806452
-1,1,2016-06-22 16:29:00+00:00,2016-06-22 16:30:00+00:00,4407.5,4422.25,4378.0,2016-06-22 19:55:00+00:00,4397.75,tiempo,19.5,2.0,17.5,29.5,0.5932203389830508
1,1,2016-06-23 13:59:00+00:00,2016-06-23 14:00:00+00:00,4421.5,4410.75,4443.0,2016-06-23 15:34:00+00:00,4443.0,objetivo,43.0,2.0,41.0,21.5,1.9069767441860466
-1,1,2016-06-24 14:59:00+00:00,2016-06-24 15:00:00+00:00,4326.0,4342.75,4292.5,2016-06-24 16:45:00+00:00,4292.5,objetivo,67.0,2.0,65.0,33.5,1.9402985074626866
1,1,2016-06-27 16:29:00+00:00,2016-06-27 16:30:00+00:00,4203.5,4187.75,4235.0,2016-06-27 16:52:00+00:00,4187.5,stop,-32.0,2.0,-34.0,31.5,-1.0793650793650793
1,1,2016-06-27 17:29:00+00:00,2016-06-27 17:30:00+00:00,4202.25,4194.25,4218.25,2016-06-27 17:33:00+00:00,4194.0,stop,-16.5,2.0,-18.5,16.0,-1.15625
-1,1,2016-06-27 17:44:00+00:00,2016-06-27 17:45:00+00:00,4184.75,4203.0,4148.25,2016-06-27 19:55:00+00:00,4192.5,tiempo,-15.5,2.0,-17.5,36.5,-0.4794520547945205
-1,1,2016-06-28 15:14:00+00:00,2016-06-28 15:15:00+00:00,4247.0,4255.5,4230.0,2016-06-28 16:39:00+00:00,4255.75,stop,-17.5,2.0,-19.5,17.0,-1.1470588235294117
1,1,2016-06-28 16:44:00+00:00,2016-06-28 16:45:00+00:00,4254.75,4246.25,4271.75,2016-06-28 17:08:00+00:00,4246.0,stop,-17.5,2.0,-19.5,17.0,-1.1470588235294117
-1,1,2016-06-28 17:29:00+00:00,2016-06-28 17:30:00+00:00,4246.25,4255.0,4228.75,2016-06-28 18:34:00+00:00,4255.25,stop,-18.0,2.0,-20.0,17.5,-1.1428571428571428
1,1,2016-06-28 18:44:00+00:00,2016-06-28 18:45:00+00:00,4260.75,4245.5,4291.25,2016-06-28 19:55:00+00:00,4278.25,tiempo,35.0,2.0,33.0,30.5,1.0819672131147542
-1,1,2016-06-29 14:44:00+00:00,2016-06-29 14:45:00+00:00,4324.25,4337.5,4297.75,2016-06-29 15:15:00+00:00,4337.75,stop,-27.0,2.0,-29.0,26.5,-1.0943396226415094
1,1,2016-06-30 14:44:00+00:00,2016-06-30 14:45:00+00:00,4365.0,4351.0,4393.0,2016-06-30 16:17:00+00:00,4393.0,objetivo,56.0,2.0,54.0,28.0,1.9285714285714286
-1,1,2016-07-01 16:29:00+00:00,2016-07-01 16:30:00+00:00,4430.5,4438.75,4414.0,2016-07-01 19:55:00+00:00,4432.25,tiempo,-3.5,2.0,-5.5,16.5,-0.3333333333333333
-1,1,2016-07-04 13:59:00+00:00,2016-07-04 14:00:00+00:00,4433.75,4438.5,4424.25,2016-07-04 14:24:00+00:00,4438.75,stop,-10.0,2.0,-12.0,9.5,-1.263157894736842
1,1,2016-07-04 14:29:00+00:00,2016-07-04 14:30:00+00:00,4437.75,4435.5,4442.25,2016-07-04 15:06:00+00:00,4435.25,stop,-5.0,2.0,-7.0,4.5,-1.5555555555555556
-1,1,2016-07-04 15:14:00+00:00,2016-07-04 15:15:00+00:00,4435.0,4438.25,4428.5,2016-07-04 16:45:00+00:00,4438.5,stop,-7.0,2.0,-9.0,6.5,-1.3846153846153846
1,1,2016-07-05 14:29:00+00:00,2016-07-05 14:30:00+00:00,4400.0,4391.5,4417.0,2016-07-05 14:53:00+00:00,4391.25,stop,-17.5,2.0,-19.5,17.0,-1.1470588235294117
-1,1,2016-07-05 14:59:00+00:00,2016-07-05 15:00:00+00:00,4394.25,4400.5,4381.75,2016-07-05 15:17:00+00:00,4400.75,stop,-13.0,2.0,-15.0,12.5,-1.2
1,1,2016-07-05 16:29:00+00:00,2016-07-05 16:30:00+00:00,4399.25,4389.25,4419.25,2016-07-05 17:05:00+00:00,4389.0,stop,-20.5,2.0,-22.5,20.0,-1.125
1,1,2016-07-06 13:59:00+00:00,2016-07-06 14:00:00+00:00,4386.25,4367.0,4424.75,2016-07-06 15:19:00+00:00,4424.75,objetivo,77.0,2.0,75.0,38.5,1.948051948051948
-1,1,2016-07-07 14:44:00+00:00,2016-07-07 14:45:00+00:00,4453.0,4459.0,4441.0,2016-07-07 15:04:00+00:00,4441.0,objetivo,24.0,2.0,22.0,12.0,1.8333333333333333
-1,1,2016-07-11 14:14:00+00:00,2016-07-11 14:15:00+00:00,4545.25,4552.75,4530.25,2016-07-11 14:57:00+00:00,4553.0,stop,-15.5,2.0,-17.5,15.0,-1.1666666666666667
-1,1,2016-07-12 13:59:00+00:00,2016-07-12 14:00:00+00:00,4574.25,4581.5,4559.75,2016-07-12 19:55:00+00:00,4570.5,tiempo,7.5,2.0,5.5,14.5,0.3793103448275862
1,1,2016-07-13 13:59:00+00:00,2016-07-13 14:00:00+00:00,4574.5,4570.0,4583.5,2016-07-13 14:53:00+00:00,4583.5,objetivo,18.0,2.0,16.0,9.0,1.7777777777777777
-1,1,2016-07-13 15:14:00+00:00,2016-07-13 15:15:00+00:00,4573.75,4582.5,4556.25,2016-07-13 19:55:00+00:00,4561.75,tiempo,24.0,2.0,22.0,17.5,1.2571428571428571
1,1,2016-07-14 14:14:00+00:00,2016-07-14 14:15:00+00:00,4593.25,4583.75,4612.25,2016-07-14 15:38:00+00:00,4583.5,stop,-19.5,2.0,-21.5,19.0,-1.131578947368421
-1,1,2016-07-14 15:44:00+00:00,2016-07-14 15:45:00+00:00,4585.25,4589.75,4576.25,2016-07-14 16:03:00+00:00,4590.0,stop,-9.5,2.0,-11.5,9.0,-1.2777777777777777
1,1,2016-07-14 16:44:00+00:00,2016-07-14 16:45:00+00:00,4589.25,4584.75,4598.25,2016-07-14 17:04:00+00:00,4584.5,stop,-9.5,2.0,-11.5,9.0,-1.2777777777777777
1,1,2016-07-14 18:44:00+00:00,2016-07-14 18:45:00+00:00,4588.25,4584.25,4596.25,2016-07-14 19:55:00+00:00,4592.0,tiempo,7.5,2.0,5.5,8.0,0.6875
1,1,2016-07-19 14:14:00+00:00,2016-07-19 14:15:00+00:00,4599.75,4591.0,4617.25,2016-07-19 17:25:00+00:00,4590.75,stop,-18.0,2.0,-20.0,17.5,-1.1428571428571428
-1,1,2016-07-21 13:59:00+00:00,2016-07-21 14:00:00+00:00,4651.0,4662.25,4628.5,2016-07-21 19:06:00+00:00,4628.5,objetivo,45.0,2.0,43.0,22.5,1.9111111111111112
1,1,2016-07-22 13:59:00+00:00,2016-07-22 14:00:00+00:00,4640.0,4634.25,4651.5,2016-07-22 14:26:00+00:00,4651.5,objetivo,23.0,2.0,21.0,11.5,1.826086956521739
-1,1,2016-07-25 13:59:00+00:00,2016-07-25 14:00:00+00:00,4650.5,4660.5,4630.5,2016-07-25 19:55:00+00:00,4655.75,tiempo,-10.5,2.0,-12.5,20.0,-0.625
-1,1,2016-07-26 14:44:00+00:00,2016-07-26 14:45:00+00:00,4671.0,4677.25,4658.5,2016-07-26 14:54:00+00:00,4658.5,objetivo,25.0,2.0,23.0,12.5,1.84
1,1,2016-07-26 16:29:00+00:00,2016-07-26 16:30:00+00:00,4663.25,4657.25,4675.25,2016-07-26 17:20:00+00:00,4657.0,stop,-12.5,2.0,-14.5,12.0,-1.2083333333333333
1,1,2016-07-26 18:29:00+00:00,2016-07-26 18:30:00+00:00,4661.75,4648.25,4688.75,2016-07-26 19:55:00+00:00,4663.5,tiempo,3.5,2.0,1.5,27.0,0.05555555555555555
1,1,2016-07-27 13:59:00+00:00,2016-07-27 14:00:00+00:00,4703.5,4692.5,4725.5,2016-07-27 14:27:00+00:00,4692.25,stop,-22.5,2.0,-24.5,22.0,-1.1136363636363635
1,1,2016-07-27 18:29:00+00:00,2016-07-27 18:30:00+00:00,4694.75,4687.5,4709.25,2016-07-27 19:38:00+00:00,4709.25,objetivo,29.0,2.0,27.0,14.5,1.8620689655172413
1,1,2016-07-28 13:59:00+00:00,2016-07-28 14:00:00+00:00,4707.25,4694.75,4732.25,2016-07-28 14:36:00+00:00,4694.5,stop,-25.5,2.0,-27.5,25.0,-1.1
1,1,2016-07-28 14:44:00+00:00,2016-07-28 14:45:00+00:00,4702.25,4691.75,4723.25,2016-07-28 19:55:00+00:00,4716.25,tiempo,28.0,2.0,26.0,21.0,1.2380952380952381
1,1,2016-07-29 14:44:00+00:00,2016-07-29 14:45:00+00:00,4723.5,4718.75,4733.0,2016-07-29 15:24:00+00:00,4733.0,objetivo,19.0,2.0,17.0,9.5,1.7894736842105263
-1,1,2016-07-29 16:59:00+00:00,2016-07-29 17:00:00+00:00,4724.75,4727.0,4720.25,2016-07-29 17:13:00+00:00,4727.25,stop,-5.0,2.0,-7.0,4.5,-1.5555555555555556
1,1,2016-07-29 17:14:00+00:00,2016-07-29 17:15:00+00:00,4727.5,4723.75,4735.0,2016-07-29 18:34:00+00:00,4723.5,stop,-8.0,2.0,-10.0,7.5,-1.3333333333333333
-1,1,2016-07-29 18:44:00+00:00,2016-07-29 18:45:00+00:00,4721.5,4726.75,4711.0,2016-07-29 19:45:00+00:00,4727.0,stop,-11.0,2.0,-13.0,10.5,-1.2380952380952381
-1,1,2016-08-01 16:14:00+00:00,2016-08-01 16:15:00+00:00,4736.75,4750.75,4708.75,2016-08-01 18:01:00+00:00,4751.0,stop,-28.5,2.0,-30.5,28.0,-1.0892857142857142
1,1,2016-08-02 18:44:00+00:00,2016-08-02 18:45:00+00:00,4713.75,4700.5,4740.25,2016-08-02 19:55:00+00:00,4714.25,tiempo,1.0,2.0,-1.0,26.5,-0.03773584905660377
-1,1,2016-08-03 14:59:00+00:00,2016-08-03 15:00:00+00:00,4712.5,4720.0,4697.5,2016-08-03 17:33:00+00:00,4720.25,stop,-15.5,2.0,-17.5,15.0,-1.1666666666666667
-1,1,2016-08-03 18:29:00+00:00,2016-08-03 18:30:00+00:00,4713.75,4718.75,4703.75,2016-08-03 18:48:00+00:00,4719.0,stop,-10.5,2.0,-12.5,10.0,-1.25
-1,1,2016-08-04 13:59:00+00:00,2016-08-04 14:00:00+00:00,4724.0,4738.25,4695.5,2016-08-04 14:50:00+00:00,4738.5,stop,-29.0,2.0,-31.0,28.5,-1.087719298245614
-1,1,2016-08-08 13:59:00+00:00,2016-08-08 14:00:00+00:00,4779.75,4787.0,4765.25,2016-08-08 19:55:00+00:00,4779.5,tiempo,0.5,2.0,-1.5,14.5,-0.10344827586206896
-1,1,2016-08-09 16:29:00+00:00,2016-08-09 16:30:00+00:00,4797.75,4806.0,4781.25,2016-08-09 19:55:00+00:00,4793.0,tiempo,9.5,2.0,7.5,16.5,0.45454545454545453
-1,1,2016-08-11 13:59:00+00:00,2016-08-11 14:00:00+00:00,4799.75,4809.5,4780.25,2016-08-11 19:55:00+00:00,4804.25,tiempo,-9.0,2.0,-11.0,19.5,-0.5641025641025641
-1,1,2016-08-12 17:14:00+00:00,2016-08-12 17:15:00+00:00,4793.0,4795.25,4788.5,2016-08-12 18:10:00+00:00,4795.5,stop,-5.0,2.0,-7.0,4.5,-1.5555555555555556
1,1,2016-08-12 18:14:00+00:00,2016-08-12 18:15:00+00:00,4796.25,4791.0,4806.75,2016-08-12 19:55:00+00:00,4801.5,tiempo,10.5,2.0,8.5,10.5,0.8095238095238095
1,1,2016-08-16 13:59:00+00:00,2016-08-16 14:00:00+00:00,4806.0,4797.0,4824.0,2016-08-16 19:55:00+00:00,4801.75,tiempo,-8.5,2.0,-10.5,18.0,-0.5833333333333334
1,1,2016-08-17 16:59:00+00:00,2016-08-17 17:00:00+00:00,4794.75,4782.0,4820.25,2016-08-17 18:01:00+00:00,4781.75,stop,-26.0,2.0,-28.0,25.5,-1.0980392156862746
1,1,2016-08-18 13:59:00+00:00,2016-08-18 14:00:00+00:00,4805.25,4795.75,4824.25,2016-08-18 16:35:00+00:00,4795.5,stop,-19.5,2.0,-21.5,19.0,-1.131578947368421
1,1,2016-08-18 17:44:00+00:00,2016-08-18 17:45:00+00:00,4809.25,4803.25,4821.25,2016-08-18 18:32:00+00:00,4803.0,stop,-12.5,2.0,-14.5,12.0,-1.2083333333333333
1,1,2016-08-19 14:14:00+00:00,2016-08-19 14:15:00+00:00,4791.75,4788.0,4799.25,2016-08-19 14:21:00+00:00,4799.25,objetivo,15.0,2.0,13.0,7.5,1.7333333333333334
-1,1,2016-08-19 16:59:00+00:00,2016-08-19 17:00:00+00:00,4796.25,4806.75,4775.25,2016-08-19 19:10:00+00:00,4807.0,stop,-21.5,2.0,-23.5,21.0,-1.119047619047619
-1,1,2016-08-22 15:29:00+00:00,2016-08-22 15:30:00+00:00,4793.5,4811.25,4758.0,2016-08-22 16:26:00+00:00,4811.5,stop,-36.0,2.0,-38.0,35.5,-1.0704225352112675
1,1,2016-08-22 16:29:00+00:00,2016-08-22 16:30:00+00:00,4809.5,4794.75,4839.0,2016-08-22 17:25:00+00:00,4794.5,stop,-30.0,2.0,-32.0,29.5,-1.0847457627118644
-1,1,2016-08-22 17:29:00+00:00,2016-08-22 17:30:00+00:00,4797.0,4809.25,4772.5,2016-08-22 19:55:00+00:00,4807.5,tiempo,-21.0,2.0,-23.0,24.5,-0.9387755102040817
-1,1,2016-08-23 14:29:00+00:00,2016-08-23 14:30:00+00:00,4831.5,4836.0,4822.5,2016-08-23 15:08:00+00:00,4822.5,objetivo,18.0,2.0,16.0,9.0,1.7777777777777777
1,1,2016-08-24 13:59:00+00:00,2016-08-24 14:00:00+00:00,4817.25,4811.5,4828.75,2016-08-24 14:22:00+00:00,4811.25,stop,-12.0,2.0,-14.0,11.5,-1.2173913043478262
-1,1,2016-08-24 14:29:00+00:00,2016-08-24 14:30:00+00:00,4812.75,4817.25,4803.75,2016-08-24 18:01:00+00:00,4803.75,objetivo,18.0,2.0,16.0,9.0,1.7777777777777777
-1,1,2016-08-25 17:44:00+00:00,2016-08-25 17:45:00+00:00,4778.0,4791.25,4751.5,2016-08-25 19:55:00+00:00,4776.75,tiempo,2.5,2.0,0.5,26.5,0.018867924528301886
-1,1,2016-08-26 13:59:00+00:00,2016-08-26 14:00:00+00:00,4788.75,4797.25,4771.75,2016-08-26 14:04:00+00:00,4797.5,stop,-17.5,2.0,-19.5,17.0,-1.1470588235294117
1,1,2016-08-26 14:14:00+00:00,2016-08-26 14:15:00+00:00,4800.0,4773.5,4853.0,2016-08-26 16:04:00+00:00,4773.25,stop,-53.5,2.0,-55.5,53.0,-1.0471698113207548
-1,1,2016-08-29 14:14:00+00:00,2016-08-29 14:15:00+00:00,4793.25,4798.0,4783.75,2016-08-29 15:42:00+00:00,4798.25,stop,-10.0,2.0,-12.0,9.5,-1.263157894736842
1,1,2016-08-30 13:59:00+00:00,2016-08-30 14:00:00+00:00,4794.0,4787.5,4807.0,2016-08-30 14:08:00+00:00,4787.25,stop,-13.5,2.0,-15.5,13.0,-1.1923076923076923
-1,1,2016-08-30 14:14:00+00:00,2016-08-30 14:15:00+00:00,4779.75,4797.5,4744.25,2016-08-30 19:55:00+00:00,4774.25,tiempo,11.0,2.0,9.0,35.5,0.2535211267605634
-1,1,2016-08-31 14:14:00+00:00,2016-08-31 14:15:00+00:00,4769.5,4777.0,4754.5,2016-08-31 16:15:00+00:00,4754.5,objetivo,30.0,2.0,28.0,15.0,1.8666666666666667
1,1,2016-08-31 18:14:00+00:00,2016-08-31 18:15:00+00:00,4771.0,4761.75,4789.5,2016-08-31 18:48:00+00:00,4761.5,stop,-19.0,2.0,-21.0,18.5,-1.135135135135135
-1,1,2016-09-01 13:59:00+00:00,2016-09-01 14:00:00+00:00,4775.5,4786.75,4753.0,2016-09-01 14:31:00+00:00,4753.0,objetivo,45.0,2.0,43.0,22.5,1.9111111111111112
1,1,2016-09-01 16:14:00+00:00,2016-09-01 16:15:00+00:00,4770.0,4760.0,4790.0,2016-09-01 19:55:00+00:00,4782.25,tiempo,24.5,2.0,22.5,20.0,1.125
-1,1,2016-09-02 14:14:00+00:00,2016-09-02 14:15:00+00:00,4808.5,4817.75,4790.0,2016-09-02 16:19:00+00:00,4790.0,objetivo,37.0,2.0,35.0,18.5,1.8918918918918919
1,1,2016-09-05 15:29:00+00:00,2016-09-05 15:30:00+00:00,4787.75,4786.0,4791.25,2016-09-05 16:29:00+00:00,4791.25,objetivo,7.0,2.0,5.0,3.5,1.4285714285714286
-1,1,2016-09-06 14:14:00+00:00,2016-09-06 14:15:00+00:00,4808.5,4818.75,4788.0,2016-09-06 15:48:00+00:00,4819.0,stop,-21.0,2.0,-23.0,20.5,-1.1219512195121952
-1,1,2016-09-07 13:59:00+00:00,2016-09-07 14:00:00+00:00,4832.25,4835.75,4825.25,2016-09-07 14:03:00+00:00,4836.0,stop,-7.5,2.0,-9.5,7.0,-1.3571428571428572
1,1,2016-09-07 14:14:00+00:00,2016-09-07 14:15:00+00:00,4836.0,4829.75,4848.5,2016-09-07 14:45:00+00:00,4829.5,stop,-13.0,2.0,-15.0,12.5,-1.2
-1,1,2016-09-08 13:59:00+00:00,2016-09-08 14:00:00+00:00,4802.0,4812.75,4780.5,2016-09-08 14:35:00+00:00,4813.0,stop,-22.0,2.0,-24.0,21.5,-1.1162790697674418
1,1,2016-09-08 14:44:00+00:00,2016-09-08 14:45:00+00:00,4809.5,4804.75,4819.0,2016-09-08 15:03:00+00:00,4804.5,stop,-10.0,2.0,-12.0,9.5,-1.263157894736842
-1,1,2016-09-08 15:44:00+00:00,2016-09-08 15:45:00+00:00,4806.75,4811.25,4797.75,2016-09-08 15:51:00+00:00,4811.5,stop,-9.5,2.0,-11.5,9.0,-1.2777777777777777
1,1,2016-09-08 15:59:00+00:00,2016-09-08 16:00:00+00:00,4810.25,4805.25,4820.25,2016-09-08 16:10:00+00:00,4805.0,stop,-10.5,2.0,-12.5,10.0,-1.25
-1,1,2016-09-08 16:14:00+00:00,2016-09-08 16:15:00+00:00,4806.25,4811.5,4795.75,2016-09-08 17:30:00+00:00,4795.75,objetivo,21.0,2.0,19.0,10.5,1.8095238095238095
1,1,2016-09-08 18:59:00+00:00,2016-09-08 19:00:00+00:00,4805.5,4801.75,4813.0,2016-09-08 19:06:00+00:00,4801.5,stop,-8.0,2.0,-10.0,7.5,-1.3333333333333333
-1,1,2016-09-09 13:59:00+00:00,2016-09-09 14:00:00+00:00,4763.75,4771.75,4747.75,2016-09-09 14:48:00+00:00,4747.75,objetivo,32.0,2.0,30.0,16.0,1.875
1,1,2016-09-13 17:29:00+00:00,2016-09-13 17:30:00+00:00,4723.75,4705.0,4761.25,2016-09-13 18:16:00+00:00,4704.75,stop,-38.0,2.0,-40.0,37.5,-1.0666666666666667
-1,1,2016-09-14 17:44:00+00:00,2016-09-14 17:45:00+00:00,4751.0,4762.25,4728.5,2016-09-14 19:23:00+00:00,4728.5,objetivo,45.0,2.0,43.0,22.5,1.9111111111111112
1,1,2016-09-15 13:59:00+00:00,2016-09-15 14:00:00+00:00,4760.25,4743.0,4794.75,2016-09-15 15:00:00+00:00,4794.75,objetivo,69.0,2.0,67.0,34.5,1.9420289855072463
-1,1,2016-09-16 13:59:00+00:00,2016-09-16 14:00:00+00:00,4802.25,4814.25,4778.25,2016-09-16 19:32:00+00:00,4814.5,stop,-24.5,2.0,-26.5,24.0,-1.1041666666666667
1,1,2016-09-19 13:59:00+00:00,2016-09-19 14:00:00+00:00,4838.75,4824.0,4868.25,2016-09-19 14:28:00+00:00,4823.75,stop,-30.0,2.0,-32.0,29.5,-1.0847457627118644
-1,1,2016-09-20 14:14:00+00:00,2016-09-20 14:15:00+00:00,4808.0,4820.5,4783.0,2016-09-20 19:55:00+00:00,4807.25,tiempo,1.5,2.0,-0.5,25.0,-0.02
1,1,2016-09-21 13:59:00+00:00,2016-09-21 14:00:00+00:00,4825.75,4818.0,4841.25,2016-09-21 14:58:00+00:00,4817.75,stop,-16.0,2.0,-18.0,15.5,-1.1612903225806452
-1,1,2016-09-21 14:59:00+00:00,2016-09-21 15:00:00+00:00,4816.75,4829.0,4792.25,2016-09-21 18:10:00+00:00,4829.25,stop,-25.0,2.0,-27.0,24.5,-1.1020408163265305
1,1,2016-09-21 18:14:00+00:00,2016-09-21 18:15:00+00:00,4822.75,4794.75,4878.75,2016-09-21 19:55:00+00:00,4850.25,tiempo,55.0,2.0,53.0,56.0,0.9464285714285714
1,1,2016-09-22 13:59:00+00:00,2016-09-22 14:00:00+00:00,4877.5,4874.5,4883.5,2016-09-22 14:09:00+00:00,4874.25,stop,-6.5,2.0,-8.5,6.0,-1.4166666666666667
-1,1,2016-09-22 14:14:00+00:00,2016-09-22 14:15:00+00:00,4873.5,4878.75,4863.0,2016-09-22 14:25:00+00:00,4879.0,stop,-11.0,2.0,-13.0,10.5,-1.2380952380952381
1,1,2016-09-22 14:29:00+00:00,2016-09-22 14:30:00+00:00,4882.25,4873.25,4900.25,2016-09-22 19:55:00+00:00,4889.5,tiempo,14.5,2.0,12.5,18.0,0.6944444444444444
1,1,2016-09-23 14:44:00+00:00,2016-09-23 14:45:00+00:00,4873.0,4863.75,4891.5,2016-09-23 17:47:00+00:00,4863.5,stop,-19.0,2.0,-21.0,18.5,-1.135135135135135
1,1,2016-09-26 14:14:00+00:00,2016-09-26 14:15:00+00:00,4829.5,4812.75,4863.0,2016-09-26 15:25:00+00:00,4812.5,stop,-34.0,2.0,-36.0,33.5,-1.0746268656716418
1,1,2016-09-26 16:59:00+00:00,2016-09-26 17:00:00+00:00,4819.5,4818.25,4822.0,2016-09-26 17:02:00+00:00,4818.0,stop,-3.0,2.0,-5.0,2.5,-2.0
-1,1,2016-09-26 17:14:00+00:00,2016-09-26 17:15:00+00:00,4814.75,4820.0,4804.25,2016-09-26 19:31:00+00:00,4820.25,stop,-11.0,2.0,-13.0,10.5,-1.2380952380952381
-1,1,2016-09-27 14:59:00+00:00,2016-09-27 15:00:00+00:00,4832.5,4840.75,4816.0,2016-09-27 15:20:00+00:00,4841.0,stop,-17.0,2.0,-19.0,16.5,-1.1515151515151516
1,1,2016-09-28 16:14:00+00:00,2016-09-28 16:15:00+00:00,4858.5,4852.25,4871.0,2016-09-28 16:20:00+00:00,4852.0,stop,-13.0,2.0,-15.0,12.5,-1.2
-1,1,2016-09-28 16:29:00+00:00,2016-09-28 16:30:00+00:00,4853.25,4858.25,4843.25,2016-09-28 16:45:00+00:00,4858.5,stop,-10.5,2.0,-12.5,10.0,-1.25
1,1,2016-09-28 17:29:00+00:00,2016-09-28 17:30:00+00:00,4858.0,4850.25,4873.5,2016-09-28 19:55:00+00:00,4871.25,tiempo,26.5,2.0,24.5,15.5,1.5806451612903225
1,1,2016-09-29 13:59:00+00:00,2016-09-29 14:00:00+00:00,4866.75,4861.0,4878.25,2016-09-29 14:05:00+00:00,4860.75,stop,-12.0,2.0,-14.0,11.5,-1.2173913043478262
-1,1,2016-09-29 14:14:00+00:00,2016-09-29 14:15:00+00:00,4848.75,4870.75,4804.75,2016-09-29 19:55:00+00:00,4839.0,tiempo,19.5,2.0,17.5,44.0,0.3977272727272727
1,1,2016-09-30 14:14:00+00:00,2016-09-30 14:15:00+00:00,4855.5,4848.5,4869.5,2016-09-30 14:18:00+00:00,4848.25,stop,-14.5,2.0,-16.5,14.0,-1.1785714285714286
-1,1,2016-09-30 14:29:00+00:00,2016-09-30 14:30:00+00:00,4848.0,4855.5,4833.0,2016-09-30 14:42:00+00:00,4855.75,stop,-15.5,2.0,-17.5,15.0,-1.1666666666666667
1,1,2016-09-30 14:44:00+00:00,2016-09-30 14:45:00+00:00,4856.0,4848.25,4871.5,2016-09-30 15:10:00+00:00,4871.5,objetivo,31.0,2.0,29.0,15.5,1.8709677419354838
1,1,2016-10-03 14:14:00+00:00,2016-10-03 14:15:00+00:00,4856.75,4848.0,4874.25,2016-10-03 15:50:00+00:00,4847.75,stop,-18.0,2.0,-20.0,17.5,-1.1428571428571428
1,1,2016-10-03 18:14:00+00:00,2016-10-03 18:15:00+00:00,4857.25,4852.75,4866.25,2016-10-03 18:42:00+00:00,4852.5,stop,-9.5,2.0,-11.5,9.0,-1.2777777777777777
-1,1,2016-10-03 18:44:00+00:00,2016-10-03 18:45:00+00:00,4853.5,4858.75,4843.0,2016-10-03 19:33:00+00:00,4859.0,stop,-11.0,2.0,-13.0,10.5,-1.2380952380952381
-1,1,2016-10-04 14:14:00+00:00,2016-10-04 14:15:00+00:00,4867.5,4885.75,4831.0,2016-10-04 14:43:00+00:00,4886.0,stop,-37.0,2.0,-39.0,36.5,-1.0684931506849316
1,1,2016-10-04 14:44:00+00:00,2016-10-04 14:45:00+00:00,4883.0,4873.5,4902.0,2016-10-04 15:02:00+00:00,4873.25,stop,-19.5,2.0,-21.5,19.0,-1.131578947368421
-1,1,2016-10-05 14:44:00+00:00,2016-10-05 14:45:00+00:00,4876.0,4885.75,4856.5,2016-10-05 16:05:00+00:00,4886.0,stop,-20.0,2.0,-22.0,19.5,-1.1282051282051282
1,1,2016-10-06 14:29:00+00:00,2016-10-06 14:30:00+00:00,4860.25,4856.0,4868.75,2016-10-06 14:33:00+00:00,4855.75,stop,-9.0,2.0,-11.0,8.5,-1.2941176470588236
-1,1,2016-10-06 14:44:00+00:00,2016-10-06 14:45:00+00:00,4858.5,4860.5,4854.5,2016-10-06 14:45:00+00:00,4860.75,stop,-4.5,2.0,-6.5,4.0,-1.625
1,1,2016-10-06 14:59:00+00:00,2016-10-06 15:00:00+00:00,4861.25,4858.25,4867.25,2016-10-06 15:03:00+00:00,4858.0,stop,-6.5,2.0,-8.5,6.0,-1.4166666666666667
-1,1,2016-10-06 15:14:00+00:00,2016-10-06 15:15:00+00:00,4846.75,4861.5,4817.25,2016-10-06 15:47:00+00:00,4861.75,stop,-30.0,2.0,-32.0,29.5,-1.0847457627118644
1,1,2016-10-07 14:14:00+00:00,2016-10-07 14:15:00+00:00,4868.25,4857.75,4889.25,2016-10-07 14:55:00+00:00,4857.5,stop,-21.5,2.0,-23.5,21.0,-1.119047619047619
1,1,2016-10-07 17:44:00+00:00,2016-10-07 17:45:00+00:00,4860.75,4851.5,4879.25,2016-10-07 19:55:00+00:00,4862.5,tiempo,3.5,2.0,1.5,18.5,0.08108108108108109
-1,1,2016-10-10 16:14:00+00:00,2016-10-10 16:15:00+00:00,4891.25,4898.0,4877.75,2016-10-10 17:07:00+00:00,4898.25,stop,-14.0,2.0,-16.0,13.5,-1.1851851851851851
1,1,2016-10-12 13:59:00+00:00,2016-10-12 14:00:00+00:00,4816.0,4804.5,4839.0,2016-10-12 19:55:00+00:00,4817.0,tiempo,2.0,2.0,0.0,23.0,0.0
1,1,2016-10-13 14:44:00+00:00,2016-10-13 14:45:00+00:00,4771.75,4756.75,4801.75,2016-10-13 18:01:00+00:00,4801.75,objetivo,60.0,2.0,58.0,30.0,1.9333333333333333
-1,1,2016-10-14 15:14:00+00:00,2016-10-14 15:15:00+00:00,4824.75,4834.5,4805.25,2016-10-14 16:11:00+00:00,4805.25,objetivo,39.0,2.0,37.0,19.5,1.8974358974358974
1,1,2016-10-17 14:14:00+00:00,2016-10-17 14:15:00+00:00,4795.5,4785.25,4816.0,2016-10-17 19:55:00+00:00,4791.0,tiempo,-9.0,2.0,-11.0,20.5,-0.5365853658536586
-1,1,2016-10-18 13:59:00+00:00,2016-10-18 14:00:00+00:00,4841.25,4847.5,4828.75,2016-10-18 15:42:00+00:00,4847.75,stop,-13.0,2.0,-15.0,12.5,-1.2
1,1,2016-10-19 14:14:00+00:00,2016-10-19 14:15:00+00:00,4833.25,4826.0,4847.75,2016-10-19 16:05:00+00:00,4825.75,stop,-15.0,2.0,-17.0,14.5,-1.1724137931034482
1,1,2016-10-19 16:59:00+00:00,2016-10-19 17:00:00+00:00,4833.75,4830.0,4841.25,2016-10-19 19:55:00+00:00,4832.0,tiempo,-3.5,2.0,-5.5,7.5,-0.7333333333333333
1,1,2016-10-20 13:59:00+00:00,2016-10-20 14:00:00+00:00,4825.0,4815.0,4845.0,2016-10-20 14:30:00+00:00,4814.75,stop,-20.5,2.0,-22.5,20.0,-1.125
1,1,2016-10-20 15:59:00+00:00,2016-10-20 16:00:00+00:00,4820.5,4809.0,4843.5,2016-10-20 19:55:00+00:00,4832.0,tiempo,23.0,2.0,21.0,23.0,0.9130434782608695
1,1,2016-10-24 13:59:00+00:00,2016-10-24 14:00:00+00:00,4890.5,4879.25,4913.0,2016-10-24 19:55:00+00:00,4902.25,tiempo,23.5,2.0,21.5,22.5,0.9555555555555556
-1,1,2016-10-25 14:14:00+00:00,2016-10-25 14:15:00+00:00,4901.25,4907.5,4888.75,2016-10-25 14:49:00+00:00,4888.75,objetivo,25.0,2.0,23.0,12.5,1.84
1,1,2016-10-26 14:14:00+00:00,2016-10-26 14:15:00+00:00,4854.5,4844.25,4875.0,2016-10-26 15:00:00+00:00,4875.0,objetivo,41.0,2.0,39.0,20.5,1.9024390243902438
-1,1,2016-10-26 17:14:00+00:00,2016-10-26 17:15:00+00:00,4856.5,4868.25,4833.0,2016-10-26 19:55:00+00:00,4853.75,tiempo,5.5,2.0,3.5,23.5,0.14893617021276595
-1,1,2016-10-28 17:14:00+00:00,2016-10-28 17:15:00+00:00,4817.0,4837.5,4776.0,2016-10-28 19:55:00+00:00,4797.5,tiempo,39.0,2.0,37.0,41.0,0.9024390243902439
1,1,2016-10-31 14:29:00+00:00,2016-10-31 14:30:00+00:00,4812.75,4806.25,4825.75,2016-10-31 14:33:00+00:00,4806.0,stop,-13.5,2.0,-15.5,13.0,-1.1923076923076923
-1,1,2016-10-31 14:44:00+00:00,2016-10-31 14:45:00+00:00,4801.25,4813.0,4777.75,2016-10-31 15:29:00+00:00,4813.25,stop,-24.0,2.0,-26.0,23.5,-1.1063829787234043
1,1,2016-10-31 15:29:00+00:00,2016-10-31 15:30:00+00:00,4813.0,4804.0,4831.0,2016-10-31 17:19:00+00:00,4803.75,stop,-18.5,2.0,-20.5,18.0,-1.1388888888888888
-1,1,2016-11-02 14:14:00+00:00,2016-11-02 14:15:00+00:00,4759.5,4768.5,4741.5,2016-11-02 16:23:00+00:00,4741.5,objetivo,36.0,2.0,34.0,18.0,1.8888888888888888
1,1,2016-11-03 14:29:00+00:00,2016-11-03 14:30:00+00:00,4716.75,4705.0,4740.25,2016-11-03 15:03:00+00:00,4704.75,stop,-24.0,2.0,-26.0,23.5,-1.1063829787234043
-1,1,2016-11-04 13:59:00+00:00,2016-11-04 14:00:00+00:00,4661.0,4672.75,4637.5,2016-11-04 14:03:00+00:00,4673.0,stop,-24.0,2.0,-26.0,23.5,-1.1063829787234043
1,1,2016-11-04 14:14:00+00:00,2016-11-04 14:15:00+00:00,4672.5,4661.25,4695.0,2016-11-04 17:16:00+00:00,4695.0,objetivo,45.0,2.0,43.0,22.5,1.9111111111111112
-1,1,2016-11-04 18:44:00+00:00,2016-11-04 18:45:00+00:00,4678.0,4682.75,4668.5,2016-11-04 19:04:00+00:00,4668.5,objetivo,19.0,2.0,17.0,9.5,1.7894736842105263
-1,1,2016-11-08 14:59:00+00:00,2016-11-08 15:00:00+00:00,4756.25,4765.0,4738.75,2016-11-08 15:31:00+00:00,4765.25,stop,-18.0,2.0,-20.0,17.5,-1.1428571428571428
1,1,2016-11-09 14:59:00+00:00,2016-11-09 15:00:00+00:00,4790.25,4758.0,4854.75,2016-11-09 15:11:00+00:00,4757.75,stop,-65.0,2.0,-67.0,64.5,-1.0387596899224807
-1,1,2016-11-09 15:14:00+00:00,2016-11-09 15:15:00+00:00,4766.75,4791.0,4718.25,2016-11-09 16:19:00+00:00,4791.25,stop,-49.0,2.0,-51.0,48.5,-1.0515463917525774
-1,1,2016-11-10 14:59:00+00:00,2016-11-10 15:00:00+00:00,4816.25,4851.5,4745.75,2016-11-10 15:26:00+00:00,4745.75,objetivo,141.0,2.0,139.0,70.5,1.9716312056737588
1,1,2016-11-10 18:14:00+00:00,2016-11-10 18:15:00+00:00,4756.5,4737.75,4794.0,2016-11-10 20:39:00+00:00,4737.5,stop,-38.0,2.0,-40.0,37.5,-1.0666666666666667
-1,1,2016-11-11 14:59:00+00:00,2016-11-11 15:00:00+00:00,4709.25,4736.0,4655.75,2016-11-11 15:05:00+00:00,4736.25,stop,-54.0,2.0,-56.0,53.5,-1.0467289719626167
1,1,2016-11-11 15:14:00+00:00,2016-11-11 15:15:00+00:00,4746.0,4706.25,4825.5,2016-11-11 20:55:00+00:00,4749.25,tiempo,6.5,2.0,4.5,79.5,0.05660377358490566
1,1,2016-11-14 19:59:00+00:00,2016-11-14 20:00:00+00:00,4716.25,4692.75,4763.25,2016-11-14 20:55:00+00:00,4697.0,tiempo,-38.5,2.0,-40.5,47.0,-0.8617021276595744
-1,1,2016-11-15 16:14:00+00:00,2016-11-15 16:15:00+00:00,4752.75,4762.0,4734.25,2016-11-15 16:23:00+00:00,4762.25,stop,-19.0,2.0,-21.0,18.5,-1.135135135135135
1,1,2016-11-15 16:29:00+00:00,2016-11-15 16:30:00+00:00,4757.75,4752.5,4768.25,2016-11-15 17:00:00+00:00,4752.25,stop,-11.0,2.0,-13.0,10.5,-1.2380952380952381
-1,1,2016-11-15 17:29:00+00:00,2016-11-15 17:30:00+00:00,4753.25,4758.25,4743.25,2016-11-15 17:44:00+00:00,4743.25,objetivo,20.0,2.0,18.0,10.0,1.8
1,1,2016-11-15 18:59:00+00:00,2016-11-15 19:00:00+00:00,4756.75,4752.5,4765.25,2016-11-15 19:12:00+00:00,4765.25,objetivo,17.0,2.0,15.0,8.5,1.7647058823529411
-1,1,2016-11-16 14:59:00+00:00,2016-11-16 15:00:00+00:00,4756.5,4778.25,4713.0,2016-11-16 15:24:00+00:00,4778.5,stop,-44.0,2.0,-46.0,43.5,-1.0574712643678161
-1,1,2016-11-21 15:29:00+00:00,2016-11-21 15:30:00+00:00,4828.75,4844.75,4796.75,2016-11-21 16:12:00+00:00,4845.0,stop,-32.5,2.0,-34.5,32.0,-1.078125
1,1,2016-11-21 16:14:00+00:00,2016-11-21 16:15:00+00:00,4843.75,4833.5,4864.25,2016-11-21 20:55:00+00:00,4859.75,tiempo,32.0,2.0,30.0,20.5,1.4634146341463414
1,1,2016-11-22 15:14:00+00:00,2016-11-22 15:15:00+00:00,4881.25,4874.5,4894.75,2016-11-22 15:26:00+00:00,4874.25,stop,-14.0,2.0,-16.0,13.5,-1.1851851851851851
-1,1,2016-11-22 15:29:00+00:00,2016-11-22 15:30:00+00:00,4875.0,4884.75,4855.5,2016-11-22 20:55:00+00:00,4877.5,tiempo,-5.0,2.0,-7.0,19.5,-0.358974358974359
1,1,2016-11-23 17:29:00+00:00,2016-11-23 17:30:00+00:00,4845.0,4842.0,4851.0,2016-11-23 18:28:00+00:00,4841.75,stop,-6.5,2.0,-8.5,6.0,-1.4166666666666667
-1,1,2016-11-23 18:29:00+00:00,2016-11-23 18:30:00+00:00,4841.0,4846.75,4829.5,2016-11-23 19:05:00+00:00,4847.0,stop,-12.0,2.0,-14.0,11.5,-1.2173913043478262
1,1,2016-11-23 19:14:00+00:00,2016-11-23 19:15:00+00:00,4846.5,4838.25,4863.0,2016-11-23 20:55:00+00:00,4850.25,tiempo,7.5,2.0,5.5,16.5,0.3333333333333333
-1,1,2016-11-24 15:44:00+00:00,2016-11-24 15:45:00+00:00,4851.0,4851.5,4850.0,2016-11-24 15:46:00+00:00,4851.75,stop,-1.5,2.0,-3.5,1.0,-3.5
1,1,2016-11-24 15:59:00+00:00,2016-11-24 16:00:00+00:00,4855.25,4850.75,4864.25,2016-11-24 17:59:00+00:00,4862.75,fin_de_datos,15.0,2.0,13.0,9.0,1.4444444444444444
-1,1,2016-11-25 15:14:00+00:00,2016-11-25 15:15:00+00:00,4856.75,4863.5,4843.25,2016-11-25 16:17:00+00:00,4863.75,stop,-14.0,2.0,-16.0,13.5,-1.1851851851851851
1,1,2016-11-28 14:59:00+00:00,2016-11-28 15:00:00+00:00,4869.0,4851.75,4903.5,2016-11-28 20:55:00+00:00,4856.75,tiempo,-24.5,2.0,-26.5,34.5,-0.7681159420289855
1,1,2016-11-29 15:14:00+00:00,2016-11-29 15:15:00+00:00,4862.75,4853.25,4881.75,2016-11-29 16:32:00+00:00,4881.75,objetivo,38.0,2.0,36.0,19.0,1.894736842105263
-1,1,2016-11-30 14:59:00+00:00,2016-11-30 15:00:00+00:00,4865.25,4880.5,4834.75,2016-11-30 16:50:00+00:00,4834.75,objetivo,61.0,2.0,59.0,30.5,1.9344262295081966
-1,1,2016-12-02 14:59:00+00:00,2016-12-02 15:00:00+00:00,4741.25,4749.0,4725.75,2016-12-02 15:13:00+00:00,4725.75,objetivo,31.0,2.0,29.0,15.5,1.8709677419354838
1,1,2016-12-02 15:44:00+00:00,2016-12-02 15:45:00+00:00,4746.75,4733.0,4774.25,2016-12-02 18:14:00+00:00,4732.75,stop,-28.0,2.0,-30.0,27.5,-1.0909090909090908
-1,1,2016-12-02 18:14:00+00:00,2016-12-02 18:15:00+00:00,4733.0,4748.0,4703.0,2016-12-02 20:55:00+00:00,4737.5,tiempo,-9.0,2.0,-11.0,30.0,-0.36666666666666664
1,1,2016-12-05 14:59:00+00:00,2016-12-05 15:00:00+00:00,4775.25,4750.5,4824.75,2016-12-05 20:55:00+00:00,4777.75,tiempo,5.0,2.0,3.0,49.5,0.06060606060606061
1,1,2016-12-06 14:59:00+00:00,2016-12-06 15:00:00+00:00,4788.75,4776.25,4813.75,2016-12-06 15:28:00+00:00,4776.0,stop,-25.5,2.0,-27.5,25.0,-1.1
1,1,2016-12-06 15:59:00+00:00,2016-12-06 16:00:00+00:00,4782.75,4779.25,4789.75,2016-12-06 16:03:00+00:00,4779.0,stop,-7.5,2.0,-9.5,7.0,-1.3571428571428572
-1,1,2016-12-06 16:14:00+00:00,2016-12-06 16:15:00+00:00,4777.25,4784.5,4762.75,2016-12-06 19:28:00+00:00,4784.75,stop,-15.0,2.0,-17.0,14.5,-1.1724137931034482
-1,1,2016-12-07 14:59:00+00:00,2016-12-07 15:00:00+00:00,4763.5,4780.25,4730.0,2016-12-07 15:12:00+00:00,4780.5,stop,-34.0,2.0,-36.0,33.5,-1.0746268656716418
1,1,2016-12-07 15:14:00+00:00,2016-12-07 15:15:00+00:00,4782.25,4763.5,4819.75,2016-12-07 18:09:00+00:00,4819.75,objetivo,75.0,2.0,73.0,37.5,1.9466666666666668
-1,1,2016-12-08 14:59:00+00:00,2016-12-08 15:00:00+00:00,4853.25,4865.25,4829.25,2016-12-08 16:08:00+00:00,4865.5,stop,-24.5,2.0,-26.5,24.0,-1.1041666666666667
-1,1,2016-12-08 18:29:00+00:00,2016-12-08 18:30:00+00:00,4856.5,4859.25,4851.0,2016-12-08 18:39:00+00:00,4859.5,stop,-6.0,2.0,-8.0,5.5,-1.4545454545454546
1,1,2016-12-08 18:44:00+00:00,2016-12-08 18:45:00+00:00,4858.0,4853.0,4868.0,2016-12-08 19:16:00+00:00,4852.75,stop,-10.5,2.0,-12.5,10.0,-1.25
-1,1,2016-12-09 15:59:00+00:00,2016-12-09 16:00:00+00:00,4885.0,4895.25,4864.5,2016-12-09 20:55:00+00:00,4892.5,tiempo,-15.0,2.0,-17.0,20.5,-0.8292682926829268
-1,1,2016-12-14 15:14:00+00:00,2016-12-14 15:15:00+00:00,4941.75,4948.25,4928.75,2016-12-14 15:23:00+00:00,4948.5,stop,-13.5,2.0,-15.5,13.0,-1.1923076923076923
1,1,2016-12-14 15:29:00+00:00,2016-12-14 15:30:00+00:00,4949.25,4941.25,4965.25,2016-12-14 16:02:00+00:00,4941.0,stop,-16.5,2.0,-18.5,16.0,-1.15625
1,1,2016-12-14 17:29:00+00:00,2016-12-14 17:30:00+00:00,4945.5,4942.5,4951.5,2016-12-14 18:59:00+00:00,4951.5,objetivo,12.0,2.0,10.0,6.0,1.6666666666666667
-1,1,2016-12-14 19:14:00+00:00,2016-12-14 19:15:00+00:00,4916.0,4957.5,4833.0,2016-12-14 20:55:00+00:00,4922.75,tiempo,-13.5,2.0,-15.5,83.0,-0.18674698795180722
1,1,2016-12-15 14:59:00+00:00,2016-12-15 15:00:00+00:00,4946.5,4932.0,4975.5,2016-12-15 18:53:00+00:00,4931.75,stop,-29.5,2.0,-31.5,29.0,-1.0862068965517242
-1,1,2016-12-15 18:59:00+00:00,2016-12-15 19:00:00+00:00,4924.25,4948.0,4876.75,2016-12-15 20:55:00+00:00,4938.75,tiempo,-29.0,2.0,-31.0,47.5,-0.6526315789473685
1,1,2016-12-16 14:59:00+00:00,2016-12-16 15:00:00+00:00,4942.25,4932.75,4961.25,2016-12-16 15:22:00+00:00,4932.5,stop,-19.5,2.0,-21.5,19.0,-1.131578947368421
-1,1,2016-12-19 19:44:00+00:00,2016-12-19 19:45:00+00:00,4942.0,4946.5,4933.0,2016-12-19 20:20:00+00:00,4933.0,objetivo,18.0,2.0,16.0,9.0,1.7777777777777777
-1,1,2016-12-20 15:29:00+00:00,2016-12-20 15:30:00+00:00,4950.25,4958.5,4933.75,2016-12-20 15:51:00+00:00,4958.75,stop,-17.0,2.0,-19.0,16.5,-1.1515151515151516
-1,1,2016-12-20 16:44:00+00:00,2016-12-20 16:45:00+00:00,4952.0,4956.5,4943.0,2016-12-20 17:45:00+00:00,4956.75,stop,-9.5,2.0,-11.5,9.0,-1.2777777777777777
-1,1,2016-12-20 18:44:00+00:00,2016-12-20 18:45:00+00:00,4953.0,4958.25,4942.5,2016-12-20 20:55:00+00:00,4952.25,tiempo,1.5,2.0,-0.5,10.5,-0.047619047619047616
1,1,2016-12-21 16:59:00+00:00,2016-12-21 17:00:00+00:00,4948.75,4945.5,4955.25,2016-12-21 19:15:00+00:00,4955.25,objetivo,13.0,2.0,11.0,6.5,1.6923076923076923
1,1,2016-12-22 14:59:00+00:00,2016-12-22 15:00:00+00:00,4939.75,4933.25,4952.75,2016-12-22 15:57:00+00:00,4933.0,stop,-13.5,2.0,-15.5,13.0,-1.1923076923076923
1,1,2016-12-23 14:59:00+00:00,2016-12-23 15:00:00+00:00,4937.0,4931.0,4949.0,2016-12-23 15:42:00+00:00,4930.75,stop,-12.5,2.0,-14.5,12.0,-1.2083333333333333
1,1,2016-12-23 17:29:00+00:00,2016-12-23 17:30:00+00:00,4934.0,4931.5,4939.0,2016-12-23 17:55:00+00:00,4931.25,stop,-5.5,2.0,-7.5,5.0,-1.5
-1,1,2016-12-23 17:59:00+00:00,2016-12-23 18:00:00+00:00,4930.75,4933.75,4924.75,2016-12-23 18:05:00+00:00,4934.0,stop,-6.5,2.0,-8.5,6.0,-1.4166666666666667
1,1,2016-12-23 18:14:00+00:00,2016-12-23 18:15:00+00:00,4933.5,4930.5,4939.5,2016-12-23 20:55:00+00:00,4938.75,tiempo,10.5,2.0,8.5,6.0,1.4166666666666667
1,1,2016-12-28 16:29:00+00:00,2016-12-28 16:30:00+00:00,4953.25,4948.0,4963.75,2016-12-28 16:49:00+00:00,4947.75,stop,-11.0,2.0,-13.0,10.5,-1.2380952380952381
1,1,2016-12-29 15:29:00+00:00,2016-12-29 15:30:00+00:00,4924.75,4916.75,4940.75,2016-12-29 15:43:00+00:00,4916.5,stop,-16.5,2.0,-18.5,16.0,-1.15625
-1,1,2016-12-29 15:44:00+00:00,2016-12-29 15:45:00+00:00,4916.0,4924.75,4898.5,2016-12-29 20:55:00+00:00,4916.0,tiempo,-0.0,2.0,-2.0,17.5,-0.11428571428571428
1,1,2017-01-03 14:59:00+00:00,2017-01-03 15:00:00+00:00,4904.25,4891.0,4930.75,2017-01-03 16:01:00+00:00,4890.75,stop,-27.0,2.0,-29.0,26.5,-1.0943396226415094
1,1,2017-01-04 15:59:00+00:00,2017-01-04 16:00:00+00:00,4926.25,4923.0,4932.75,2017-01-04 16:17:00+00:00,4922.75,stop,-7.0,2.0,-9.0,6.5,-1.3846153846153846
-1,1,2017-01-05 16:14:00+00:00,2017-01-05 16:15:00+00:00,4941.5,4955.75,4913.0,2017-01-05 18:18:00+00:00,4956.0,stop,-29.0,2.0,-31.0,28.5,-1.087719298245614
1,1,2017-01-09 14:59:00+00:00,2017-01-09 15:00:00+00:00,5015.5,5008.25,5030.0,2017-01-09 15:05:00+00:00,5008.0,stop,-15.0,2.0,-17.0,14.5,-1.1724137931034482
-1,1,2017-01-09 15:14:00+00:00,2017-01-09 15:15:00+00:00,5011.0,5018.5,4996.0,2017-01-09 15:21:00+00:00,5018.75,stop,-15.5,2.0,-17.5,15.0,-1.1666666666666667
1,1,2017-01-09 15:29:00+00:00,2017-01-09 15:30:00+00:00,5017.75,5007.75,5037.75,2017-01-09 20:55:00+00:00,5023.5,tiempo,11.5,2.0,9.5,20.0,0.475
1,1,2017-01-10 15:14:00+00:00,2017-01-10 15:15:00+00:00,5022.0,5017.0,5032.0,2017-01-10 15:19:00+00:00,5016.75,stop,-10.5,2.0,-12.5,10.0,-1.25
-1,1,2017-01-10 15:29:00+00:00,2017-01-10 15:30:00+00:00,5019.0,5023.0,5011.0,2017-01-10 15:31:00+00:00,5023.25,stop,-8.5,2.0,-10.5,8.0,-1.3125
1,1,2017-01-10 15:44:00+00:00,2017-01-10 15:45:00+00:00,5024.25,5019.0,5034.75,2017-01-10 16:04:00+00:00,5034.75,objetivo,21.0,2.0,19.0,10.5,1.8095238095238095
-1,1,2017-01-11 16:29:00+00:00,2017-01-11 16:30:00+00:00,5021.25,5043.5,4976.75,2017-01-11 20:18:00+00:00,5043.75,stop,-45.0,2.0,-47.0,44.5,-1.0561797752808988
1,1,2017-01-12 16:44:00+00:00,2017-01-12 16:45:00+00:00,5008.75,5002.75,5020.75,2017-01-12 17:36:00+00:00,5020.75,objetivo,24.0,2.0,22.0,12.0,1.8333333333333333
-1,1,2017-01-13 17:29:00+00:00,2017-01-13 17:30:00+00:00,5052.75,5060.0,5038.25,2017-01-13 18:01:00+00:00,5060.25,stop,-15.0,2.0,-17.0,14.5,-1.1724137931034482
-1,1,2017-01-13 19:29:00+00:00,2017-01-13 19:30:00+00:00,5051.0,5057.0,5039.0,2017-01-13 19:58:00+00:00,5057.25,stop,-12.5,2.0,-14.5,12.0,-1.2083333333333333
1,1,2017-01-13 19:59:00+00:00,2017-01-13 20:00:00+00:00,5057.0,5051.5,5068.0,2017-01-13 20:31:00+00:00,5051.25,stop,-11.5,2.0,-13.5,11.0,-1.2272727272727273
1,1,2017-01-16 15:59:00+00:00,2017-01-16 16:00:00+00:00,5053.25,5051.75,5056.25,2017-01-16 16:34:00+00:00,5051.5,stop,-3.5,2.0,-5.5,3.0,-1.8333333333333333
-1,1,2017-01-16 17:14:00+00:00,2017-01-16 17:15:00+00:00,5051.5,5053.5,5047.5,2017-01-16 17:33:00+00:00,5053.75,stop,-4.5,2.0,-6.5,4.0,-1.625
1,1,2017-01-16 17:44:00+00:00,2017-01-16 17:45:00+00:00,5054.0,5051.75,5058.5,2017-01-16 17:49:00+00:00,5051.5,stop,-5.0,2.0,-7.0,4.5,-1.5555555555555556
1,1,2017-01-17 15:14:00+00:00,2017-01-17 15:15:00+00:00,5040.5,5029.5,5062.5,2017-01-17 19:37:00+00:00,5029.25,stop,-22.5,2.0,-24.5,22.0,-1.1136363636363635
-1,1,2017-01-18 15:44:00+00:00,2017-01-18 15:45:00+00:00,5041.25,5052.0,5019.75,2017-01-18 20:55:00+00:00,5050.5,tiempo,-18.5,2.0,-20.5,21.5,-0.9534883720930233
-1,1,2017-01-19 15:14:00+00:00,2017-01-19 15:15:00+00:00,5064.25,5073.75,5045.25,2017-01-19 19:08:00+00:00,5045.25,objetivo,38.0,2.0,36.0,19.0,1.894736842105263
-1,1,2017-01-20 15:14:00+00:00,2017-01-20 15:15:00+00:00,5072.0,5078.25,5059.5,2017-01-20 15:50:00+00:00,5059.5,objetivo,25.0,2.0,23.0,12.5,1.84
-1,1,2017-01-23 14:59:00+00:00,2017-01-23 15:00:00+00:00,5055.25,5066.75,5032.25,2017-01-23 16:47:00+00:00,5032.25,objetivo,46.0,2.0,44.0,23.0,1.9130434782608696
1,1,2017-01-23 17:44:00+00:00,2017-01-23 17:45:00+00:00,5050.25,5046.25,5058.25,2017-01-23 18:36:00+00:00,5058.25,objetivo,16.0,2.0,14.0,8.0,1.75
1,1,2017-01-24 15:59:00+00:00,2017-01-24 16:00:00+00:00,5072.0,5069.0,5078.0,2017-01-24 16:29:00+00:00,5068.75,stop,-6.5,2.0,-8.5,6.0,-1.4166666666666667
-1,1,2017-01-24 16:29:00+00:00,2017-01-24 16:30:00+00:00,5070.0,5074.0,5062.0,2017-01-24 16:38:00+00:00,5074.25,stop,-8.5,2.0,-10.5,8.0,-1.3125
1,1,2017-01-24 16:44:00+00:00,2017-01-24 16:45:00+00:00,5075.5,5069.75,5087.0,2017-01-24 18:30:00+00:00,5087.0,objetivo,23.0,2.0,21.0,11.5,1.826086956521739
1,1,2017-01-26 15:14:00+00:00,2017-01-26 15:15:00+00:00,5158.25,5149.75,5175.25,2017-01-26 15:25:00+00:00,5149.5,stop,-17.5,2.0,-19.5,17.0,-1.1470588235294117
-1,1,2017-01-26 15:29:00+00:00,2017-01-26 15:30:00+00:00,5147.75,5158.0,5127.25,2017-01-26 19:25:00+00:00,5158.25,stop,-21.0,2.0,-23.0,20.5,-1.1219512195121952
1,1,2017-01-27 15:44:00+00:00,2017-01-27 15:45:00+00:00,5159.25,5153.5,5170.75,2017-01-27 16:06:00+00:00,5153.25,stop,-12.0,2.0,-14.0,11.5,-1.2173913043478262
-1,1,2017-01-27 19:14:00+00:00,2017-01-27 19:15:00+00:00,5156.75,5158.5,5153.25,2017-01-27 19:22:00+00:00,5158.75,stop,-4.0,2.0,-6.0,3.5,-1.7142857142857142
1,1,2017-01-27 19:29:00+00:00,2017-01-27 19:30:00+00:00,5159.0,5156.5,5164.0,2017-01-27 20:27:00+00:00,5156.25,stop,-5.5,2.0,-7.5,5.0,-1.5
1,1,2017-01-30 16:44:00+00:00,2017-01-30 16:45:00+00:00,5113.25,5105.0,5129.75,2017-01-30 20:55:00+00:00,5125.25,tiempo,24.0,2.0,22.0,16.5,1.3333333333333333
1,1,2017-01-31 19:44:00+00:00,2017-01-31 19:45:00+00:00,5100.5,5092.75,5116.0,2017-01-31 20:55:00+00:00,5110.25,tiempo,19.5,2.0,17.5,15.5,1.1290322580645162
1,1,2017-02-01 17:44:00+00:00,2017-02-01 17:45:00+00:00,5140.0,5135.0,5150.0,2017-02-01 18:55:00+00:00,5134.75,stop,-10.5,2.0,-12.5,10.0,-1.25
-1,1,2017-02-01 18:59:00+00:00,2017-02-01 19:00:00+00:00,5133.75,5140.0,5121.25,2017-02-01 19:00:00+00:00,5140.25,stop,-13.0,2.0,-15.0,12.5,-1.2
1,1,2017-02-01 19:14:00+00:00,2017-02-01 19:15:00+00:00,5150.0,5131.0,5188.0,2017-02-01 20:55:00+00:00,5147.0,tiempo,-6.0,2.0,-8.0,38.0,-0.21052631578947367
-1,1,2017-02-02 16:59:00+00:00,2017-02-02 17:00:00+00:00,5134.75,5149.5,5105.25,2017-02-02 20:55:00+00:00,5142.25,tiempo,-15.0,2.0,-17.0,29.5,-0.576271186440678
1,1,2017-02-03 14:59:00+00:00,2017-02-03 15:00:00+00:00,5150.5,5147.0,5157.5,2017-02-03 15:08:00+00:00,5146.75,stop,-7.5,2.0,-9.5,7.0,-1.3571428571428572
-1,1,2017-02-03 16:29:00+00:00,2017-02-03 16:30:00+00:00,5148.75,5155.25,5135.75,2017-02-03 20:06:00+00:00,5155.5,stop,-13.5,2.0,-15.5,13.0,-1.1923076923076923
-1,1,2017-02-06 18:14:00+00:00,2017-02-06 18:15:00+00:00,5150.75,5156.25,5139.75,2017-02-06 19:12:00+00:00,5156.5,stop,-11.5,2.0,-13.5,11.0,-1.2272727272727273
-1,1,2017-02-07 17:29:00+00:00,2017-02-07 17:30:00+00:00,5179.25,5186.25,5165.25,2017-02-07 20:55:00+00:00,5176.75,tiempo,5.0,2.0,3.0,14.0,0.21428571428571427
1,1,2017-02-08 14:59:00+00:00,2017-02-08 15:00:00+00:00,5172.25,5163.5,5189.75,2017-02-08 15:45:00+00:00,5189.75,objetivo,35.0,2.0,33.0,17.5,1.8857142857142857
-1,1,2017-02-09 14:59:00+00:00,2017-02-09 15:00:00+00:00,5197.75,5202.5,5188.25,2017-02-09 15:22:00+00:00,5202.75,stop,-10.0,2.0,-12.0,9.5,-1.263157894736842
1,1,2017-02-09 15:29:00+00:00,2017-02-09 15:30:00+00:00,5204.0,5196.0,5220.0,2017-02-09 20:55:00+00:00,5213.0,tiempo,18.0,2.0,16.0,16.0,1.0
-1,1,2017-02-10 14:59:00+00:00,2017-02-10 15:00:00+00:00,5213.0,5220.25,5198.5,2017-02-10 15:31:00+00:00,5220.5,stop,-15.0,2.0,-17.0,14.5,-1.1724137931034482
1,1,2017-02-14 14:59:00+00:00,2017-02-14 15:00:00+00:00,5253.75,5251.0,5259.25,2017-02-14 15:01:00+00:00,5250.75,stop,-6.0,2.0,-8.0,5.5,-1.4545454545454546
-1,1,2017-02-14 15:29:00+00:00,2017-02-14 15:30:00+00:00,5251.0,5255.75,5241.5,2017-02-14 15:36:00+00:00,5241.5,objetivo,19.0,2.0,17.0,9.5,1.7894736842105263
1,1,2017-02-14 16:29:00+00:00,2017-02-14 16:30:00+00:00,5250.75,5248.75,5254.75,2017-02-14 16:54:00+00:00,5254.75,objetivo,8.0,2.0,6.0,4.0,1.5
-1,1,2017-02-16 14:59:00+00:00,2017-02-16 15:00:00+00:00,5303.75,5315.0,5281.25,2017-02-16 20:55:00+00:00,5300.5,tiempo,6.5,2.0,4.5,22.5,0.2
-1,1,2017-02-17 16:29:00+00:00,2017-02-17 16:30:00+00:00,5301.25,5307.0,5289.75,2017-02-17 16:52:00+00:00,5307.25,stop,-12.0,2.0,-14.0,11.5,-1.2173913043478262
1,1,2017-02-20 14:59:00+00:00,2017-02-20 15:00:00+00:00,5332.25,5329.0,5338.75,2017-02-20 16:25:00+00:00,5338.75,objetivo,13.0,2.0,11.0,6.5,1.6923076923076923
-1,1,2017-02-21 16:29:00+00:00,2017-02-21 16:30:00+00:00,5339.0,5348.0,5321.0,2017-02-21 20:24:00+00:00,5348.25,stop,-18.5,2.0,-20.5,18.0,-1.1388888888888888
1,1,2017-02-22 15:14:00+00:00,2017-02-22 15:15:00+00:00,5347.5,5338.75,5365.0,2017-02-22 20:55:00+00:00,5353.5,tiempo,12.0,2.0,10.0,17.5,0.5714285714285714
1,1,2017-02-23 19:44:00+00:00,2017-02-23 19:45:00+00:00,5332.5,5329.75,5338.0,2017-02-23 20:30:00+00:00,5329.5,stop,-6.0,2.0,-8.0,5.5,-1.4545454545454546
-1,1,2017-02-24 15:14:00+00:00,2017-02-24 15:15:00+00:00,5311.0,5324.5,5284.0,2017-02-24 16:12:00+00:00,5324.75,stop,-27.5,2.0,-29.5,27.0,-1.0925925925925926
-1,1,2017-02-24 16:44:00+00:00,2017-02-24 16:45:00+00:00,5315.5,5324.75,5297.0,2017-02-24 17:31:00+00:00,5325.0,stop,-19.0,2.0,-21.0,18.5,-1.135135135135135
1,1,2017-02-27 14:59:00+00:00,2017-02-27 15:00:00+00:00,5336.0,5326.0,5356.0,2017-02-27 20:55:00+00:00,5344.75,tiempo,17.5,2.0,15.5,20.0,0.775
1,1,2017-02-28 16:29:00+00:00,2017-02-28 16:30:00+00:00,5343.75,5341.0,5349.25,2017-02-28 16:41:00+00:00,5340.75,stop,-6.0,2.0,-8.0,5.5,-1.4545454545454546
-1,1,2017-02-28 16:44:00+00:00,2017-02-28 16:45:00+00:00,5341.0,5344.25,5334.5,2017-02-28 17:07:00+00:00,5334.5,objetivo,13.0,2.0,11.0,6.5,1.6923076923076923
1,1,2017-03-01 14:59:00+00:00,2017-03-01 15:00:00+00:00,5362.5,5355.0,5377.5,2017-03-01 16:09:00+00:00,5377.5,objetivo,30.0,2.0,28.0,15.0,1.8666666666666667
-1,1,2017-03-02 15:14:00+00:00,2017-03-02 15:15:00+00:00,5377.5,5387.0,5358.5,2017-03-02 20:43:00+00:00,5358.5,objetivo,38.0,2.0,36.0,19.0,1.894736842105263
-1,1,2017-03-03 14:59:00+00:00,2017-03-03 15:00:00+00:00,5357.5,5364.5,5343.5,2017-03-03 17:32:00+00:00,5364.75,stop,-14.5,2.0,-16.5,14.0,-1.1785714285714286
1,1,2017-03-06 14:59:00+00:00,2017-03-06 15:00:00+00:00,5352.25,5345.0,5366.75,2017-03-06 15:20:00+00:00,5344.75,stop,-15.0,2.0,-17.0,14.5,-1.1724137931034482
-1,1,2017-03-06 15:29:00+00:00,2017-03-06 15:30:00+00:00,5341.75,5352.0,5321.25,2017-03-06 17:53:00+00:00,5352.25,stop,-21.0,2.0,-23.0,20.5,-1.1219512195121952
1,1,2017-03-07 14:59:00+00:00,2017-03-07 15:00:00+00:00,5352.0,5345.75,5364.5,2017-03-07 15:22:00+00:00,5364.5,objetivo,25.0,2.0,23.0,12.5,1.84
-1,1,2017-03-07 16:29:00+00:00,2017-03-07 16:30:00+00:00,5355.75,5364.5,5338.25,2017-03-07 20:55:00+00:00,5346.5,tiempo,18.5,2.0,16.5,17.5,0.9428571428571428
-1,1,2017-03-08 16:44:00+00:00,2017-03-08 16:45:00+00:00,5361.5,5371.75,5341.0,2017-03-08 18:15:00+00:00,5372.0,stop,-21.0,2.0,-23.0,20.5,-1.1219512195121952
-1,1,2017-03-08 19:14:00+00:00,2017-03-08 19:15:00+00:00,5365.25,5372.75,5350.25,2017-03-08 20:55:00+00:00,5357.75,tiempo,15.0,2.0,13.0,15.0,0.8666666666666667
-1,1,2017-03-09 15:44:00+00:00,2017-03-09 15:45:00+00:00,5360.5,5365.25,5351.0,2017-03-09 15:56:00+00:00,5365.5,stop,-10.0,2.0,-12.0,9.5,-1.263157894736842
1,1,2017-03-09 15:59:00+00:00,2017-03-09 16:00:00+00:00,5365.75,5358.25,5380.75,2017-03-09 18:30:00+00:00,5358.0,stop,-15.5,2.0,-17.5,15.0,-1.1666666666666667
1,1,2017-03-10 14:59:00+00:00,2017-03-10 15:00:00+00:00,5393.0,5378.25,5422.5,2017-03-10 15:40:00+00:00,5378.0,stop,-30.0,2.0,-32.0,29.5,-1.0847457627118644
-1,1,2017-03-10 15:44:00+00:00,2017-03-10 15:45:00+00:00,5380.75,5390.25,5361.75,2017-03-10 20:55:00+00:00,5385.75,tiempo,-10.0,2.0,-12.0,19.0,-0.631578947368421
-1,1,2017-03-14 13:59:00+00:00,2017-03-14 14:00:00+00:00,5379.75,5386.5,5366.25,2017-03-14 14:30:00+00:00,5366.25,objetivo,27.0,2.0,25.0,13.5,1.8518518518518519
1,1,2017-03-14 15:29:00+00:00,2017-03-14 15:30:00+00:00,5377.25,5370.5,5390.75,2017-03-14 19:55:00+00:00,5386.25,tiempo,18.0,2.0,16.0,13.5,1.1851851851851851
1,1,2017-03-15 15:14:00+00:00,2017-03-15 15:15:00+00:00,5386.75,5382.5,5395.25,2017-03-15 16:33:00+00:00,5395.25,objetivo,17.0,2.0,15.0,8.5,1.7647058823529411
1,1,2017-03-16 16:29:00+00:00,2017-03-16 16:30:00+00:00,5416.75,5411.5,5427.25,2017-03-16 17:12:00+00:00,5411.25,stop,-11.0,2.0,-13.0,10.5,-1.2380952380952381
-1,1,2017-03-17 13:59:00+00:00,2017-03-17 14:00:00+00:00,5415.5,5421.0,5404.5,2017-03-17 17:17:00+00:00,5421.25,stop,-11.5,2.0,-13.5,11.0,-1.2272727272727273
-1,1,2017-03-20 16:29:00+00:00,2017-03-20 16:30:00+00:00,5416.25,5420.0,5408.75,2017-03-20 16:44:00+00:00,5420.25,stop,-8.0,2.0,-10.0,7.5,-1.3333333333333333
1,1,2017-03-20 16:44:00+00:00,2017-03-20 16:45:00+00:00,5421.0,5416.25,5430.5,2017-03-20 17:08:00+00:00,5416.0,stop,-10.0,2.0,-12.0,9.5,-1.263157894736842
-1,1,2017-03-20 17:14:00+00:00,2017-03-20 17:15:00+00:00,5417.0,5419.75,5411.5,2017-03-20 17:40:00+00:00,5411.5,objetivo,11.0,2.0,9.0,5.5,1.6363636363636365
-1,1,2017-03-21 13:59:00+00:00,2017-03-21 14:00:00+00:00,5436.25,5439.0,5430.75,2017-03-21 14:01:00+00:00,5430.75,objetivo,11.0,2.0,9.0,5.5,1.6363636363636365
-1,1,2017-03-22 13:59:00+00:00,2017-03-22 14:00:00+00:00,5337.0,5352.0,5307.0,2017-03-22 14:53:00+00:00,5352.25,stop,-30.5,2.0,-32.5,30.0,-1.0833333333333333
1,1,2017-03-23 14:44:00+00:00,2017-03-23 14:45:00+00:00,5368.75,5354.5,5397.25,2017-03-23 19:27:00+00:00,5354.25,stop,-29.0,2.0,-31.0,28.5,-1.087719298245614
-1,1,2017-03-24 16:14:00+00:00,2017-03-24 16:15:00+00:00,5384.5,5394.25,5365.0,2017-03-24 18:44:00+00:00,5365.0,objetivo,39.0,2.0,37.0,19.5,1.8974358974358974
1,1,2017-03-27 13:59:00+00:00,2017-03-27 14:00:00+00:00,5338.75,5320.25,5375.75,2017-03-27 16:51:00+00:00,5375.75,objetivo,74.0,2.0,72.0,37.0,1.945945945945946
-1,1,2017-03-28 13:59:00+00:00,2017-03-28 14:00:00+00:00,5368.75,5382.25,5341.75,2017-03-28 14:03:00+00:00,5382.5,stop,-27.5,2.0,-29.5,27.0,-1.0925925925925926
1,1,2017-03-28 14:44:00+00:00,2017-03-28 14:45:00+00:00,5376.0,5368.0,5392.0,2017-03-28 15:46:00+00:00,5392.0,objetivo,32.0,2.0,30.0,16.0,1.875
-1,1,2017-03-29 15:44:00+00:00,2017-03-29 15:45:00+00:00,5415.5,5420.25,5406.0,2017-03-29 16:12:00+00:00,5420.5,stop,-10.0,2.0,-12.0,9.5,-1.263157894736842
1,1,2017-03-29 16:14:00+00:00,2017-03-29 16:15:00+00:00,5419.75,5415.5,5428.25,2017-03-29 18:21:00+00:00,5428.25,objetivo,17.0,2.0,15.0,8.5,1.7647058823529411
-1,1,2017-03-30 15:44:00+00:00,2017-03-30 15:45:00+00:00,5438.0,5445.5,5423.0,2017-03-30 19:55:00+00:00,5440.0,tiempo,-4.0,2.0,-6.0,15.0,-0.4
-1,1,2017-03-31 17:59:00+00:00,2017-03-31 18:00:00+00:00,5441.25,5450.5,5422.75,2017-03-31 19:34:00+00:00,5450.75,stop,-19.0,2.0,-21.0,18.5,-1.135135135135135
-1,1,2017-04-03 13:59:00+00:00,2017-04-03 14:00:00+00:00,5446.0,5454.75,5428.5,2017-04-03 14:53:00+00:00,5428.5,objetivo,35.0,2.0,33.0,17.5,1.8857142857142857
1,1,2017-04-03 18:44:00+00:00,2017-04-03 18:45:00+00:00,5434.5,5425.75,5452.0,2017-04-03 19:55:00+00:00,5434.25,tiempo,-0.5,2.0,-2.5,17.5,-0.14285714285714285
-1,1,2017-04-04 14:14:00+00:00,2017-04-04 14:15:00+00:00,5420.25,5429.75,5401.25,2017-04-04 14:31:00+00:00,5430.0,stop,-19.5,2.0,-21.5,19.0,-1.131578947368421
-1,1,2017-04-04 14:44:00+00:00,2017-04-04 14:45:00+00:00,5422.75,5431.0,5406.25,2017-04-04 15:08:00+00:00,5431.25,stop,-17.0,2.0,-19.0,16.5,-1.1515151515151516
1,1,2017-04-04 15:14:00+00:00,2017-04-04 15:15:00+00:00,5429.75,5420.75,5447.75,2017-04-04 19:55:00+00:00,5440.0,tiempo,20.5,2.0,18.5,18.0,1.0277777777777777
-1,1,2017-04-05 18:44:00+00:00,2017-04-05 18:45:00+00:00,5466.0,5475.0,5448.0,2017-04-05 19:13:00+00:00,5448.0,objetivo,36.0,2.0,34.0,18.0,1.8888888888888888
1,1,2017-04-06 13:59:00+00:00,2017-04-06 14:00:00+00:00,5432.5,5410.25,5477.0,2017-04-06 18:57:00+00:00,5410.0,stop,-45.0,2.0,-47.0,44.5,-1.0561797752808988
1,1,2017-04-07 14:29:00+00:00,2017-04-07 14:30:00+00:00,5419.5,5410.75,5437.0,2017-04-07 15:10:00+00:00,5410.5,stop,-18.0,2.0,-20.0,17.5,-1.1428571428571428
1,1,2017-04-07 15:29:00+00:00,2017-04-07 15:30:00+00:00,5418.5,5414.0,5427.5,2017-04-07 15:30:00+00:00,5413.75,stop,-9.5,2.0,-11.5,9.0,-1.2777777777777777
-1,1,2017-04-10 14:59:00+00:00,2017-04-10 15:00:00+00:00,5429.75,5441.25,5406.75,2017-04-10 16:14:00+00:00,5406.75,objetivo,46.0,2.0,44.0,23.0,1.9130434782608696
1,1,2017-04-10 16:59:00+00:00,2017-04-10 17:00:00+00:00,5430.0,5417.75,5454.5,2017-04-10 19:55:00+00:00,5419.25,tiempo,-21.5,2.0,-23.5,24.5,-0.9591836734693877
1,1,2017-04-11 16:14:00+00:00,2017-04-11 16:15:00+00:00,5384.5,5371.0,5411.5,2017-04-11 19:55:00+00:00,5390.25,tiempo,11.5,2.0,9.5,27.0,0.35185185185185186
1,1,2017-04-12 13:59:00+00:00,2017-04-12 14:00:00+00:00,5395.25,5390.75,5404.25,2017-04-12 14:11:00+00:00,5390.5,stop,-9.5,2.0,-11.5,9.0,-1.2777777777777777
-1,1,2017-04-12 14:14:00+00:00,2017-04-12 14:15:00+00:00,5389.5,5399.25,5370.0,2017-04-12 14:20:00+00:00,5399.5,stop,-20.0,2.0,-22.0,19.5,-1.1282051282051282
1,1,2017-04-12 17:59:00+00:00,2017-04-12 18:00:00+00:00,5389.5,5380.75,5407.0,2017-04-12 18:39:00+00:00,5380.5,stop,-18.0,2.0,-20.0,17.5,-1.1428571428571428
-1,1,2017-04-13 16:14:00+00:00,2017-04-13 16:15:00+00:00,5383.5,5392.25,5366.0,2017-04-13 17:14:00+00:00,5366.0,objetivo,35.0,2.0,33.0,17.5,1.8857142857142857
1,1,2017-04-17 13:59:00+00:00,2017-04-17 14:00:00+00:00,5374.0,5368.5,5385.0,2017-04-17 14:15:00+00:00,5385.0,objetivo,22.0,2.0,20.0,11.0,1.8181818181818181
-1,1,2017-04-18 14:29:00+00:00,2017-04-18 14:30:00+00:00,5385.75,5395.25,5366.75,2017-04-18 15:16:00+00:00,5395.5,stop,-19.5,2.0,-21.5,19.0,-1.131578947368421
-1,1,2017-04-18 15:44:00+00:00,2017-04-18 15:45:00+00:00,5384.0,5394.5,5363.0,2017-04-18 19:41:00+00:00,5394.75,stop,-21.5,2.0,-23.5,21.0,-1.119047619047619
-1,1,2017-04-19 16:14:00+00:00,2017-04-19 16:15:00+00:00,5417.5,5426.0,5400.5,2017-04-19 18:50:00+00:00,5400.5,objetivo,34.0,2.0,32.0,17.0,1.8823529411764706
1,1,2017-04-20 14:14:00+00:00,2017-04-20 14:15:00+00:00,5425.0,5413.5,5448.0,2017-04-20 16:42:00+00:00,5448.0,objetivo,46.0,2.0,44.0,23.0,1.9130434782608696
-1,1,2017-04-21 13:59:00+00:00,2017-04-21 14:00:00+00:00,5438.0,5443.5,5427.0,2017-04-21 14:18:00+00:00,5443.75,stop,-11.5,2.0,-13.5,11.0,-1.2272727272727273
1,1,2017-04-21 14:29:00+00:00,2017-04-21 14:30:00+00:00,5443.5,5439.75,5451.0,2017-04-21 14:37:00+00:00,5439.5,stop,-8.0,2.0,-10.0,7.5,-1.3333333333333333
-1,1,2017-04-21 14:59:00+00:00,2017-04-21 15:00:00+00:00,5438.25,5442.75,5429.25,2017-04-21 15:21:00+00:00,5443.0,stop,-9.5,2.0,-11.5,9.0,-1.2777777777777777
1,1,2017-04-21 15:29:00+00:00,2017-04-21 15:30:00+00:00,5445.5,5434.75,5467.0,2017-04-21 17:10:00+00:00,5434.5,stop,-22.0,2.0,-24.0,21.5,-1.1162790697674418
-1,1,2017-04-24 15:14:00+00:00,2017-04-24 15:15:00+00:00,5499.0,5504.25,5488.5,2017-04-24 18:00:00+00:00,5504.5,stop,-11.0,2.0,-13.0,10.5,-1.2380952380952381
1,1,2017-04-26 15:29:00+00:00,2017-04-26 15:30:00+00:00,5553.5,5545.5,5569.5,2017-04-26 15:45:00+00:00,5545.25,stop,-16.5,2.0,-18.5,16.0,-1.15625
1,1,2017-04-26 16:14:00+00:00,2017-04-26 16:15:00+00:00,5549.75,5539.5,5570.25,2017-04-26 19:39:00+00:00,5539.25,stop,-21.0,2.0,-23.0,20.5,-1.1219512195121952
-1,1,2017-04-27 14:59:00+00:00,2017-04-27 15:00:00+00:00,5557.25,5564.5,5542.75,2017-04-27 16:55:00+00:00,5564.75,stop,-15.0,2.0,-17.0,14.5,-1.1724137931034482
1,1,2017-04-28 14:59:00+00:00,2017-04-28 15:00:00+00:00,5584.25,5577.75,5597.25,2017-04-28 15:32:00+00:00,5577.5,stop,-13.5,2.0,-15.5,13.0,-1.1923076923076923
1,1,2017-04-28 16:44:00+00:00,2017-04-28 16:45:00+00:00,5583.75,5579.75,5591.75,2017-04-28 17:19:00+00:00,5579.5,stop,-8.5,2.0,-10.5,8.0,-1.3125
-1,1,2017-05-01 14:14:00+00:00,2017-05-01 14:15:00+00:00,5600.5,5607.5,5586.5,2017-05-01 14:26:00+00:00,5607.75,stop,-14.5,2.0,-16.5,14.0,-1.1785714285714286
1,1,2017-05-01 14:29:00+00:00,2017-05-01 14:30:00+00:00,5607.75,5600.5,5622.25,2017-05-01 16:31:00+00:00,5622.25,objetivo,29.0,2.0,27.0,14.5,1.8620689655172413
1,1,2017-05-02 14:29:00+00:00,2017-05-02 14:30:00+00:00,5629.5,5626.25,5636.0,2017-05-02 15:34:00+00:00,5636.0,objetivo,13.0,2.0,11.0,6.5,1.6923076923076923
-1,1,2017-05-02 18:59:00+00:00,2017-05-02 19:00:00+00:00,5630.75,5635.25,5621.75,2017-05-02 19:50:00+00:00,5635.5,stop,-9.5,2.0,-11.5,9.0,-1.2777777777777777
1,1,2017-05-03 14:29:00+00:00,2017-05-03 14:30:00+00:00,5618.25,5609.25,5636.25,2017-05-03 14:52:00+00:00,5609.0,stop,-18.5,2.0,-20.5,18.0,-1.1388888888888888
1,1,2017-05-03 15:29:00+00:00,2017-05-03 15:30:00+00:00,5617.25,5608.0,5635.75,2017-05-03 19:55:00+00:00,5626.5,tiempo,18.5,2.0,16.5,18.5,0.8918918918918919
1,1,2017-05-04 14:14:00+00:00,2017-05-04 14:15:00+00:00,5615.25,5607.25,5631.25,2017-05-04 16:19:00+00:00,5607.0,stop,-16.5,2.0,-18.5,16.0,-1.15625
1,1,2017-05-04 16:59:00+00:00,2017-05-04 17:00:00+00:00,5623.25,5614.75,5640.25,2017-05-04 18:20:00+00:00,5614.5,stop,-17.5,2.0,-19.5,17.0,-1.1470588235294117
1,1,2017-05-05 15:59:00+00:00,2017-05-05 16:00:00+00:00,5627.0,5621.0,5639.0,2017-05-05 16:33:00+00:00,5620.75,stop,-12.5,2.0,-14.5,12.0,-1.2083333333333333
-1,1,2017-05-08 13:59:00+00:00,2017-05-08 14:00:00+00:00,5639.0,5647.75,5621.5,2017-05-08 14:44:00+00:00,5648.0,stop,-18.0,2.0,-20.0,17.5,-1.1428571428571428
1,1,2017-05-08 14:44:00+00:00,2017-05-08 14:45:00+00:00,5648.25,5639.75,5665.25,2017-05-08 14:53:00+00:00,5639.5,stop,-17.5,2.0,-19.5,17.0,-1.1470588235294117
-1,1,2017-05-08 14:59:00+00:00,2017-05-08 15:00:00+00:00,5640.5,5648.25,5625.0,2017-05-08 16:36:00+00:00,5648.5,stop,-16.0,2.0,-18.0,15.5,-1.1612903225806452
-1,1,2017-05-09 15:44:00+00:00,2017-05-09 15:45:00+00:00,5674.5,5678.75,5666.0,2017-05-09 16:19:00+00:00,5679.0,stop,-9.0,2.0,-11.0,8.5,-1.2941176470588236
-1,1,2017-05-09 16:59:00+00:00,2017-05-09 17:00:00+00:00,5674.75,5678.75,5666.75,2017-05-09 19:39:00+00:00,5666.75,objetivo,16.0,2.0,14.0,8.0,1.75
1,1,2017-05-10 15:29:00+00:00,2017-05-10 15:30:00+00:00,5672.0,5665.5,5685.0,2017-05-10 19:55:00+00:00,5674.75,tiempo,5.5,2.0,3.5,13.0,0.2692307692307692
1,1,2017-05-11 15:29:00+00:00,2017-05-11 15:30:00+00:00,5649.25,5644.75,5658.25,2017-05-11 17:08:00+00:00,5658.25,objetivo,18.0,2.0,16.0,9.0,1.7777777777777777
1,1,2017-05-12 14:14:00+00:00,2017-05-12 14:15:00+00:00,5680.75,5672.75,5696.75,2017-05-12 14:27:00+00:00,5672.5,stop,-16.5,2.0,-18.5,16.0,-1.15625
-1,1,2017-05-12 14:29:00+00:00,2017-05-12 14:30:00+00:00,5673.25,5682.75,5654.25,2017-05-12 15:31:00+00:00,5683.0,stop,-19.5,2.0,-21.5,19.0,-1.131578947368421
-1,1,2017-05-15 14:14:00+00:00,2017-05-15 14:15:00+00:00,5691.75,5700.0,5675.25,2017-05-15 14:43:00+00:00,5700.25,stop,-17.0,2.0,-19.0,16.5,-1.1515151515151516
-1,1,2017-05-15 15:44:00+00:00,2017-05-15 15:45:00+00:00,5695.25,5699.0,5687.75,2017-05-15 17:30:00+00:00,5699.25,stop,-8.0,2.0,-10.0,7.5,-1.3333333333333333
-1,1,2017-05-15 18:29:00+00:00,2017-05-15 18:30:00+00:00,5693.75,5700.5,5680.25,2017-05-15 18:55:00+00:00,5700.75,stop,-14.0,2.0,-16.0,13.5,-1.1851851851851851
1,1,2017-05-16 13:59:00+00:00,2017-05-16 14:00:00+00:00,5716.75,5710.25,5729.75,2017-05-16 14:22:00+00:00,5710.0,stop,-13.5,2.0,-15.5,13.0,-1.1923076923076923
-1,1,2017-05-16 14:29:00+00:00,2017-05-16 14:30:00+00:00,5703.5,5716.75,5677.0,2017-05-16 15:49:00+00:00,5717.0,stop,-27.0,2.0,-29.0,26.5,-1.0943396226415094
-1,1,2017-05-17 13:59:00+00:00,2017-05-17 14:00:00+00:00,5665.25,5690.75,5614.25,2017-05-17 18:23:00+00:00,5614.25,objetivo,102.0,2.0,100.0,51.0,1.9607843137254901
-1,1,2017-05-18 15:59:00+00:00,2017-05-18 16:00:00+00:00,5607.25,5621.25,5579.25,2017-05-18 16:33:00+00:00,5621.5,stop,-28.5,2.0,-30.5,28.0,-1.0892857142857142
-1,1,2017-05-18 17:14:00+00:00,2017-05-18 17:15:00+00:00,5610.0,5617.25,5595.5,2017-05-18 17:35:00+00:00,5617.5,stop,-15.0,2.0,-17.0,14.5,-1.1724137931034482
1,1,2017-05-18 17:44:00+00:00,2017-05-18 17:45:00+00:00,5620.25,5610.5,5639.75,2017-05-18 18:03:00+00:00,5639.75,objetivo,39.0,2.0,37.0,19.5,1.8974358974358974
1,1,2017-05-23 15:14:00+00:00,2017-05-23 15:15:00+00:00,5706.25,5702.25,5714.25,2017-05-23 16:25:00+00:00,5702.0,stop,-8.5,2.0,-10.5,8.0,-1.3125
-1,1,2017-05-23 16:29:00+00:00,2017-05-23 16:30:00+00:00,5697.25,5708.5,5674.75,2017-05-23 19:55:00+00:00,5703.25,tiempo,-12.0,2.0,-14.0,22.5,-0.6222222222222222
1,1,2017-05-24 15:44:00+00:00,2017-05-24 15:45:00+00:00,5715.75,5713.0,5721.25,2017-05-24 15:50:00+00:00,5712.75,stop,-6.0,2.0,-8.0,5.5,-1.4545454545454546
-1,1,2017-05-24 15:59:00+00:00,2017-05-24 16:00:00+00:00,5713.5,5716.75,5707.0,2017-05-24 16:25:00+00:00,5717.0,stop,-7.0,2.0,-9.0,6.5,-1.3846153846153846
1,1,2017-05-25 13:59:00+00:00,2017-05-25 14:00:00+00:00,5752.5,5745.25,5767.0,2017-05-25 14:31:00+00:00,5767.0,objetivo,29.0,2.0,27.0,14.5,1.8620689655172413
1,1,2017-05-26 13:59:00+00:00,2017-05-26 14:00:00+00:00,5786.5,5777.25,5805.0,2017-05-26 19:55:00+00:00,5789.25,tiempo,5.5,2.0,3.5,18.5,0.1891891891891892
-1,1,2017-05-30 14:14:00+00:00,2017-05-30 14:15:00+00:00,5794.75,5800.75,5782.75,2017-05-30 14:45:00+00:00,5801.0,stop,-12.5,2.0,-14.5,12.0,-1.2083333333333333
-1,1,2017-05-30 14:59:00+00:00,2017-05-30 15:00:00+00:00,5796.75,5801.75,5786.75,2017-05-30 16:30:00+00:00,5802.0,stop,-10.5,2.0,-12.5,10.0,-1.25
-1,1,2017-05-30 17:29:00+00:00,2017-05-30 17:30:00+00:00,5796.75,5800.0,5790.25,2017-05-30 19:34:00+00:00,5800.25,stop,-7.0,2.0,-9.0,6.5,-1.3846153846153846
1,1,2017-05-31 14:59:00+00:00,2017-05-31 15:00:00+00:00,5788.0,5779.0,5806.0,2017-05-31 15:34:00+00:00,5778.75,stop,-18.5,2.0,-20.5,18.0,-1.1388888888888888
1,1,2017-05-31 15:59:00+00:00,2017-05-31 16:00:00+00:00,5787.0,5781.75,5797.5,2017-05-31 16:47:00+00:00,5781.5,stop,-11.0,2.0,-13.0,10.5,-1.2380952380952381
-1,1,2017-05-31 16:59:00+00:00,2017-05-31 17:00:00+00:00,5779.5,5785.75,5767.0,2017-05-31 17:12:00+00:00,5786.0,stop,-13.0,2.0,-15.0,12.5,-1.2
1,1,2017-05-31 17:14:00+00:00,2017-05-31 17:15:00+00:00,5788.5,5779.75,5806.0,2017-05-31 18:03:00+00:00,5779.5,stop,-18.0,2.0,-20.0,17.5,-1.1428571428571428
-1,1,2017-06-01 13:59:00+00:00,2017-06-01 14:00:00+00:00,5801.0,5813.0,5777.0,2017-06-01 19:50:00+00:00,5813.25,stop,-24.5,2.0,-26.5,24.0,-1.1041666666666667
1,1,2017-06-02 14:14:00+00:00,2017-06-02 14:15:00+00:00,5847.25,5831.0,5879.75,2017-06-02 19:24:00+00:00,5879.75,objetivo,65.0,2.0,63.0,32.5,1.9384615384615385
-1,1,2017-06-05 14:59:00+00:00,2017-06-05 15:00:00+00:00,5879.5,5891.0,5856.5,2017-06-05 19:55:00+00:00,5882.25,tiempo,-5.5,2.0,-7.5,23.0,-0.32608695652173914
-1,1,2017-06-06 15:29:00+00:00,2017-06-06 15:30:00+00:00,5880.0,5884.75,5870.5,2017-06-06 15:42:00+00:00,5885.0,stop,-10.0,2.0,-12.0,9.5,-1.263157894736842
1,1,2017-06-06 15:44:00+00:00,2017-06-06 15:45:00+00:00,5884.25,5879.75,5893.25,2017-06-06 16:31:00+00:00,5879.5,stop,-9.5,2.0,-11.5,9.0,-1.2777777777777777
1,1,2017-06-06 16:59:00+00:00,2017-06-06 17:00:00+00:00,5883.75,5881.0,5889.25,2017-06-06 17:13:00+00:00,5880.75,stop,-6.0,2.0,-8.0,5.5,-1.4545454545454546
-1,1,2017-06-06 17:14:00+00:00,2017-06-06 17:15:00+00:00,5877.5,5884.0,5864.5,2017-06-06 18:31:00+00:00,5884.25,stop,-13.5,2.0,-15.5,13.0,-1.1923076923076923
1,1,2017-06-06 18:44:00+00:00,2017-06-06 18:45:00+00:00,5885.5,5881.75,5893.0,2017-06-06 19:09:00+00:00,5881.5,stop,-8.0,2.0,-10.0,7.5,-1.3333333333333333
-1,1,2017-06-07 13:59:00+00:00,2017-06-07 14:00:00+00:00,5874.0,5879.5,5863.0,2017-06-07 14:05:00+00:00,5879.75,stop,-11.5,2.0,-13.5,11.0,-1.2272727272727273
1,1,2017-06-07 15:14:00+00:00,2017-06-07 15:15:00+00:00,5876.5,5869.0,5891.5,2017-06-07 15:28:00+00:00,5868.75,stop,-15.5,2.0,-17.5,15.0,-1.1666666666666667
-1,1,2017-06-07 15:29:00+00:00,2017-06-07 15:30:00+00:00,5868.5,5876.5,5852.5,2017-06-07 16:47:00+00:00,5852.5,objetivo,32.0,2.0,30.0,16.0,1.875
1,1,2017-06-07 18:14:00+00:00,2017-06-07 18:15:00+00:00,5873.75,5866.75,5887.75,2017-06-07 19:55:00+00:00,5881.0,tiempo,14.5,2.0,12.5,14.0,0.8928571428571429
1,1,2017-06-08 14:59:00+00:00,2017-06-08 15:00:00+00:00,5871.5,5866.75,5881.0,2017-06-08 15:20:00+00:00,5881.0,objetivo,19.0,2.0,17.0,9.5,1.7894736842105263
-1,1,2017-06-08 17:29:00+00:00,2017-06-08 17:30:00+00:00,5867.25,5877.0,5847.75,2017-06-08 19:24:00+00:00,5877.25,stop,-20.0,2.0,-22.0,19.5,-1.1282051282051282
-1,1,2017-06-09 13:59:00+00:00,2017-06-09 14:00:00+00:00,5887.25,5892.75,5876.25,2017-06-09 14:05:00+00:00,5893.0,stop,-11.5,2.0,-13.5,11.0,-1.2272727272727273
1,1,2017-06-09 14:14:00+00:00,2017-06-09 14:15:00+00:00,5896.0,5885.0,5918.0,2017-06-09 15:13:00+00:00,5884.75,stop,-22.5,2.0,-24.5,22.0,-1.1136363636363635
1,1,2017-06-12 14:29:00+00:00,2017-06-12 14:30:00+00:00,5674.0,5665.75,5690.5,2017-06-12 14:41:00+00:00,5690.5,objetivo,33.0,2.0,31.0,16.5,1.878787878787879
-1,1,2017-06-12 16:59:00+00:00,2017-06-12 17:00:00+00:00,5680.0,5692.5,5655.0,2017-06-12 17:14:00+00:00,5692.75,stop,-25.5,2.0,-27.5,25.0,-1.1
1,1,2017-06-12 17:14:00+00:00,2017-06-12 17:15:00+00:00,5692.75,5675.0,5728.25,2017-06-12 19:55:00+00:00,5709.75,tiempo,34.0,2.0,32.0,35.5,0.9014084507042254
-1,1,2017-06-13 14:14:00+00:00,2017-06-13 14:15:00+00:00,5752.75,5758.75,5740.75,2017-06-13 14:46:00+00:00,5740.75,objetivo,24.0,2.0,22.0,12.0,1.8333333333333333
1,1,2017-06-13 15:59:00+00:00,2017-06-13 16:00:00+00:00,5749.0,5741.75,5763.5,2017-06-13 17:48:00+00:00,5741.5,stop,-15.0,2.0,-17.0,14.5,-1.1724137931034482
1,1,2017-06-14 13:59:00+00:00,2017-06-14 14:00:00+00:00,5774.0,5762.0,5798.0,2017-06-14 14:14:00+00:00,5761.75,stop,-24.5,2.0,-26.5,24.0,-1.1041666666666667
-1,1,2017-06-14 14:14:00+00:00,2017-06-14 14:15:00+00:00,5762.25,5778.5,5729.75,2017-06-14 16:00:00+00:00,5778.75,stop,-33.0,2.0,-35.0,32.5,-1.0769230769230769
-1,1,2017-06-14 16:29:00+00:00,2017-06-14 16:30:00+00:00,5767.25,5769.75,5762.25,2017-06-14 16:34:00+00:00,5770.0,stop,-5.5,2.0,-7.5,5.0,-1.5
1,1,2017-06-14 16:44:00+00:00,2017-06-14 16:45:00+00:00,5772.75,5765.75,5786.75,2017-06-14 16:59:00+00:00,5765.5,stop,-14.5,2.0,-16.5,14.0,-1.1785714285714286
-1,1,2017-06-14 16:59:00+00:00,2017-06-14 17:00:00+00:00,5765.5,5773.75,5749.0,2017-06-14 18:03:00+00:00,5774.0,stop,-17.0,2.0,-19.0,16.5,-1.1515151515151516
1,1,2017-06-14 18:14:00+00:00,2017-06-14 18:15:00+00:00,5769.5,5755.75,5797.0,2017-06-14 18:18:00+00:00,5755.5,stop,-28.0,2.0,-30.0,27.5,-1.0909090909090908
-1,1,2017-06-14 18:29:00+00:00,2017-06-14 18:30:00+00:00,5760.75,5769.5,5743.25,2017-06-14 18:36:00+00:00,5743.25,objetivo,35.0,2.0,33.0,17.5,1.8857142857142857
1,1,2017-06-15 13:59:00+00:00,2017-06-15 14:00:00+00:00,5667.0,5646.5,5708.0,2017-06-15 14:22:00+00:00,5646.25,stop,-41.5,2.0,-43.5,41.0,-1.0609756097560976
1,1,2017-06-15 14:59:00+00:00,2017-06-15 15:00:00+00:00,5672.5,5657.5,5702.5,2017-06-15 18:21:00+00:00,5702.5,objetivo,60.0,2.0,58.0,30.0,1.9333333333333333
1,1,2017-06-16 13:59:00+00:00,2017-06-16 14:00:00+00:00,5701.25,5679.5,5744.75,2017-06-16 14:19:00+00:00,5679.25,stop,-44.0,2.0,-46.0,43.5,-1.0574712643678161
1,1,2017-06-16 15:44:00+00:00,2017-06-16 15:45:00+00:00,5683.75,5676.25,5698.75,2017-06-16 18:34:00+00:00,5698.75,objetivo,30.0,2.0,28.0,15.0,1.8666666666666667
-1,1,2017-06-20 13:59:00+00:00,2017-06-20 14:00:00+00:00,5760.75,5770.75,5740.75,2017-06-20 14:16:00+00:00,5771.0,stop,-20.5,2.0,-22.5,20.0,-1.125
-1,1,2017-06-20 14:29:00+00:00,2017-06-20 14:30:00+00:00,5762.0,5772.5,5741.0,2017-06-20 14:44:00+00:00,5772.75,stop,-21.5,2.0,-23.5,21.0,-1.119047619047619
1,1,2017-06-20 14:44:00+00:00,2017-06-20 14:45:00+00:00,5773.5,5762.0,5796.5,2017-06-20 15:11:00+00:00,5761.75,stop,-23.5,2.0,-25.5,23.0,-1.108695652173913
-1,1,2017-06-20 15:14:00+00:00,2017-06-20 15:15:00+00:00,5765.25,5775.5,5744.75,2017-06-20 16:23:00+00:00,5744.75,objetivo,41.0,2.0,39.0,20.5,1.9024390243902438
-1,1,2017-06-21 13:59:00+00:00,2017-06-21 14:00:00+00:00,5743.5,5755.25,5720.0,2017-06-21 14:02:00+00:00,5755.5,stop,-24.0,2.0,-26.0,23.5,-1.1063829787234043
1,1,2017-06-21 14:14:00+00:00,2017-06-21 14:15:00+00:00,5753.0,5743.5,5772.0,2017-06-21 14:42:00+00:00,5772.0,objetivo,38.0,2.0,36.0,19.0,1.894736842105263
1,1,2017-06-22 14:14:00+00:00,2017-06-22 14:15:00+00:00,5782.5,5770.75,5806.0,2017-06-22 17:06:00+00:00,5806.0,objetivo,47.0,2.0,45.0,23.5,1.9148936170212767
1,1,2017-06-23 13:59:00+00:00,2017-06-23 14:00:00+00:00,5773.75,5763.0,5795.25,2017-06-23 15:04:00+00:00,5795.25,objetivo,43.0,2.0,41.0,21.5,1.9069767441860466
-1,1,2017-06-26 13:59:00+00:00,2017-06-26 14:00:00+00:00,5842.25,5850.25,5826.25,2017-06-26 14:09:00+00:00,5826.25,objetivo,32.0,2.0,30.0,16.0,1.875
-1,1,2017-06-27 13:59:00+00:00,2017-06-27 14:00:00+00:00,5745.0,5755.0,5725.0,2017-06-27 14:03:00+00:00,5755.25,stop,-20.5,2.0,-22.5,20.0,-1.125
1,1,2017-06-27 14:14:00+00:00,2017-06-27 14:15:00+00:00,5754.0,5744.25,5773.5,2017-06-27 16:19:00+00:00,5744.0,stop,-20.0,2.0,-22.0,19.5,-1.1282051282051282
1,1,2017-06-28 14:14:00+00:00,2017-06-28 14:15:00+00:00,5683.25,5666.0,5717.75,2017-06-28 14:43:00+00:00,5717.75,objetivo,69.0,2.0,67.0,34.5,1.9420289855072463
1,1,2017-06-29 14:44:00+00:00,2017-06-29 14:45:00+00:00,5697.75,5681.75,5729.75,2017-06-29 15:00:00+00:00,5681.5,stop,-32.5,2.0,-34.5,32.0,-1.078125
-1,1,2017-06-30 13:59:00+00:00,2017-06-30 14:00:00+00:00,5663.0,5686.5,5616.0,2017-06-30 19:55:00+00:00,5664.75,tiempo,-3.5,2.0,-5.5,47.0,-0.11702127659574468
-1,1,2017-07-04 14:14:00+00:00,2017-07-04 14:15:00+00:00,5606.5,5613.75,5592.0,2017-07-04 15:05:00+00:00,5592.0,objetivo,29.0,2.0,27.0,14.5,1.8620689655172413
1,1,2017-07-05 14:44:00+00:00,2017-07-05 14:45:00+00:00,5629.5,5606.75,5675.0,2017-07-05 19:55:00+00:00,5653.0,tiempo,47.0,2.0,45.0,45.5,0.989010989010989
1,1,2017-07-06 15:14:00+00:00,2017-07-06 15:15:00+00:00,5598.25,5591.75,5611.25,2017-07-06 15:30:00+00:00,5611.25,objetivo,26.0,2.0,24.0,13.0,1.8461538461538463
1,1,2017-07-07 13:59:00+00:00,2017-07-07 14:00:00+00:00,5643.75,5623.5,5684.25,2017-07-07 19:55:00+00:00,5662.5,tiempo,37.5,2.0,35.5,40.5,0.8765432098765432
-1,1,2017-07-10 13:59:00+00:00,2017-07-10 14:00:00+00:00,5654.0,5676.25,5609.5,2017-07-10 14:44:00+00:00,5676.5,stop,-45.0,2.0,-47.0,44.5,-1.0561797752808988
-1,1,2017-07-11 15:29:00+00:00,2017-07-11 15:30:00+00:00,5681.0,5703.5,5636.0,2017-07-11 17:43:00+00:00,5703.75,stop,-45.5,2.0,-47.5,45.0,-1.0555555555555556
1,1,2017-07-11 17:44:00+00:00,2017-07-11 17:45:00+00:00,5709.0,5691.25,5744.5,2017-07-11 19:55:00+00:00,5711.75,tiempo,5.5,2.0,3.5,35.5,0.09859154929577464
-1,1,2017-07-12 13:59:00+00:00,2017-07-12 14:00:00+00:00,5756.5,5766.75,5736.0,2017-07-12 14:22:00+00:00,5767.0,stop,-21.0,2.0,-23.0,20.5,-1.1219512195121952
1,1,2017-07-12 14:29:00+00:00,2017-07-12 14:30:00+00:00,5767.75,5757.0,5789.25,2017-07-12 14:37:00+00:00,5756.75,stop,-22.0,2.0,-24.0,21.5,-1.1162790697674418
-1,1,2017-07-12 14:44:00+00:00,2017-07-12 14:45:00+00:00,5757.0,5768.25,5734.5,2017-07-12 15:18:00+00:00,5768.5,stop,-23.0,2.0,-25.0,22.5,-1.1111111111111112
-1,1,2017-07-13 14:29:00+00:00,2017-07-13 14:30:00+00:00,5785.0,5801.25,5752.5,2017-07-13 16:16:00+00:00,5801.5,stop,-33.0,2.0,-35.0,32.5,-1.0769230769230769
-1,1,2017-07-13 17:59:00+00:00,2017-07-13 18:00:00+00:00,5791.0,5800.25,5772.5,2017-07-13 19:47:00+00:00,5800.5,stop,-19.0,2.0,-21.0,18.5,-1.135135135135135
-1,1,2017-07-14 13:59:00+00:00,2017-07-14 14:00:00+00:00,5810.5,5822.75,5786.0,2017-07-14 16:27:00+00:00,5823.0,stop,-25.0,2.0,-27.0,24.5,-1.1020408163265305
-1,1,2017-07-17 14:29:00+00:00,2017-07-17 14:30:00+00:00,5851.75,5861.5,5832.25,2017-07-17 18:10:00+00:00,5832.25,objetivo,39.0,2.0,37.0,19.5,1.8974358974358974
-1,1,2017-07-18 14:44:00+00:00,2017-07-18 14:45:00+00:00,5835.5,5852.5,5801.5,2017-07-18 14:55:00+00:00,5852.75,stop,-34.5,2.0,-36.5,34.0,-1.0735294117647058
1,1,2017-07-18 14:59:00+00:00,2017-07-18 15:00:00+00:00,5856.75,5834.5,5901.25,2017-07-18 19:55:00+00:00,5879.25,tiempo,45.0,2.0,43.0,44.5,0.9662921348314607
-1,1,2017-07-19 14:14:00+00:00,2017-07-19 14:15:00+00:00,5900.5,5912.0,5877.5,2017-07-19 15:15:00+00:00,5912.25,stop,-23.5,2.0,-25.5,23.0,-1.108695652173913
1,1,2017-07-20 13:59:00+00:00,2017-07-20 14:00:00+00:00,5927.25,5917.75,5946.25,2017-07-20 14:13:00+00:00,5917.5,stop,-19.5,2.0,-21.5,19.0,-1.131578947368421
-1,1,2017-07-20 14:14:00+00:00,2017-07-20 14:15:00+00:00,5916.0,5927.25,5893.5,2017-07-20 16:10:00+00:00,5927.5,stop,-23.0,2.0,-25.0,22.5,-1.1111111111111112
-1,1,2017-07-20 18:44:00+00:00,2017-07-20 18:45:00+00:00,5912.0,5918.75,5898.5,2017-07-20 19:00:00+00:00,5919.0,stop,-14.0,2.0,-16.0,13.5,-1.1851851851851851
-1,1,2017-07-21 14:59:00+00:00,2017-07-21 15:00:00+00:00,5902.75,5911.75,5884.75,2017-07-21 15:59:00+00:00,5912.0,stop,-18.5,2.0,-20.5,18.0,-1.1388888888888888
1,1,2017-07-24 13:59:00+00:00,2017-07-24 14:00:00+00:00,5924.75,5916.25,5941.75,2017-07-24 15:13:00+00:00,5916.0,stop,-17.5,2.0,-19.5,17.0,-1.1470588235294117
-1,1,2017-07-24 15:14:00+00:00,2017-07-24 15:15:00+00:00,5916.25,5923.0,5902.75,2017-07-24 15:52:00+00:00,5923.25,stop,-14.0,2.0,-16.0,13.5,-1.1851851851851851
-1,1,2017-07-25 14:59:00+00:00,2017-07-25 15:00:00+00:00,5921.75,5929.25,5906.75,2017-07-25 15:04:00+00:00,5929.5,stop,-15.5,2.0,-17.5,15.0,-1.1666666666666667
1,1,2017-07-25 15:14:00+00:00,2017-07-25 15:15:00+00:00,5930.25,5922.0,5946.75,2017-07-25 19:55:00+00:00,5929.5,tiempo,-1.5,2.0,-3.5,16.5,-0.21212121212121213
1,1,2017-07-26 13:59:00+00:00,2017-07-26 14:00:00+00:00,5949.75,5946.0,5957.25,2017-07-26 14:46:00+00:00,5945.75,stop,-8.0,2.0,-10.0,7.5,-1.3333333333333333
1,1,2017-07-26 18:29:00+00:00,2017-07-26 18:30:00+00:00,5947.0,5941.5,5958.0,2017-07-26 18:33:00+00:00,5941.25,stop,-11.5,2.0,-13.5,11.0,-1.2272727272727273
-1,1,2017-07-26 18:44:00+00:00,2017-07-26 18:45:00+00:00,5944.25,5946.75,5939.25,2017-07-26 18:48:00+00:00,5947.0,stop,-5.5,2.0,-7.5,5.0,-1.5
1,1,2017-07-27 14:14:00+00:00,2017-07-27 14:15:00+00:00,5982.5,5975.5,5996.5,2017-07-27 16:29:00+00:00,5975.25,stop,-14.5,2.0,-16.5,14.0,-1.1785714285714286
-1,1,2017-07-27 16:29:00+00:00,2017-07-27 16:30:00+00:00,5975.0,5989.25,5946.5,2017-07-27 16:41:00+00:00,5946.5,objetivo,57.0,2.0,55.0,28.5,1.9298245614035088
-1,1,2017-07-28 14:59:00+00:00,2017-07-28 15:00:00+00:00,5885.5,5893.0,5870.5,2017-07-28 15:05:00+00:00,5893.25,stop,-15.5,2.0,-17.5,15.0,-1.1666666666666667
1,1,2017-07-28 15:14:00+00:00,2017-07-28 15:15:00+00:00,5896.25,5883.25,5922.25,2017-07-28 19:55:00+00:00,5911.75,tiempo,31.0,2.0,29.0,26.0,1.1153846153846154
-1,1,2017-07-31 13:59:00+00:00,2017-07-31 14:00:00+00:00,5904.75,5928.0,5858.25,2017-07-31 19:55:00+00:00,5880.75,tiempo,48.0,2.0,46.0,46.5,0.989247311827957
-1,1,2017-08-01 13:59:00+00:00,2017-08-01 14:00:00+00:00,5891.25,5899.5,5874.75,2017-08-01 14:50:00+00:00,5899.75,stop,-17.0,2.0,-19.0,16.5,-1.1515151515151516
1,1,2017-08-01 14:59:00+00:00,2017-08-01 15:00:00+00:00,5899.25,5888.5,5920.75,2017-08-01 15:16:00+00:00,5888.25,stop,-22.0,2.0,-24.0,21.5,-1.1162790697674418
1,1,2017-08-01 15:59:00+00:00,2017-08-01 16:00:00+00:00,5893.75,5889.25,5902.75,2017-08-01 16:05:00+00:00,5889.0,stop,-9.5,2.0,-11.5,9.0,-1.2777777777777777
-1,1,2017-08-01 16:29:00+00:00,2017-08-01 16:30:00+00:00,5888.75,5894.0,5878.25,2017-08-01 17:20:00+00:00,5894.25,stop,-11.0,2.0,-13.0,10.5,-1.2380952380952381
1,1,2017-08-01 17:29:00+00:00,2017-08-01 17:30:00+00:00,5893.5,5890.25,5900.0,2017-08-01 18:50:00+00:00,5890.0,stop,-7.0,2.0,-9.0,6.5,-1.3846153846153846
-1,1,2017-08-01 18:59:00+00:00,2017-08-01 19:00:00+00:00,5891.25,5894.0,5885.75,2017-08-01 19:07:00+00:00,5885.75,objetivo,11.0,2.0,9.0,5.5,1.6363636363636365
1,1,2017-08-02 17:44:00+00:00,2017-08-02 17:45:00+00:00,5901.25,5883.5,5936.75,2017-08-02 19:55:00+00:00,5913.5,tiempo,24.5,2.0,22.5,35.5,0.6338028169014085
-1,1,2017-08-03 13:59:00+00:00,2017-08-03 14:00:00+00:00,5893.25,5914.5,5850.75,2017-08-03 19:55:00+00:00,5890.25,tiempo,6.0,2.0,4.0,42.5,0.09411764705882353
-1,1,2017-08-04 13:59:00+00:00,2017-08-04 14:00:00+00:00,5884.75,5912.0,5830.25,2017-08-04 19:55:00+00:00,5895.25,tiempo,-21.0,2.0,-23.0,54.5,-0.42201834862385323
1,1,2017-08-08 13:59:00+00:00,2017-08-08 14:00:00+00:00,5925.0,5914.5,5946.0,2017-08-08 15:30:00+00:00,5946.0,objetivo,42.0,2.0,40.0,21.0,1.9047619047619047
1,1,2017-08-09 13:59:00+00:00,2017-08-09 14:00:00+00:00,5889.0,5865.5,5936.0,2017-08-09 19:55:00+00:00,5915.25,tiempo,52.5,2.0,50.5,47.0,1.074468085106383
1,1,2017-08-11 13:59:00+00:00,2017-08-11 14:00:00+00:00,5811.5,5783.5,5867.5,2017-08-11 19:55:00+00:00,5834.5,tiempo,46.0,2.0,44.0,56.0,0.7857142857142857
1,1,2017-08-15 14:44:00+00:00,2017-08-15 14:45:00+00:00,5910.5,5896.25,5939.0,2017-08-15 19:55:00+00:00,5913.5,tiempo,6.0,2.0,4.0,28.5,0.14035087719298245
1,1,2017-08-16 14:29:00+00:00,2017-08-16 14:30:00+00:00,5922.25,5913.0,5940.75,2017-08-16 16:05:00+00:00,5940.75,objetivo,37.0,2.0,35.0,18.5,1.8918918918918919
-1,1,2017-08-16 17:14:00+00:00,2017-08-16 17:15:00+00:00,5918.0,5932.5,5889.0,2017-08-16 19:55:00+00:00,5920.0,tiempo,-4.0,2.0,-6.0,29.0,-0.20689655172413793
-1,1,2017-08-17 13:59:00+00:00,2017-08-17 14:00:00+00:00,5890.75,5907.5,5857.25,2017-08-17 14:16:00+00:00,5857.25,objetivo,67.0,2.0,65.0,33.5,1.9402985074626866
1,1,2017-08-18 14:14:00+00:00,2017-08-18 14:15:00+00:00,5798.25,5772.75,5849.25,2017-08-18 19:55:00+00:00,5801.25,tiempo,6.0,2.0,4.0,51.0,0.0784313725490196
-1,1,2017-08-21 13:59:00+00:00,2017-08-21 14:00:00+00:00,5784.75,5804.25,5745.75,2017-08-21 19:55:00+00:00,5791.75,tiempo,-14.0,2.0,-16.0,39.0,-0.41025641025641024
-1,1,2017-08-23 14:14:00+00:00,2017-08-23 14:15:00+00:00,5849.75,5860.0,5829.25,2017-08-23 15:21:00+00:00,5860.25,stop,-21.0,2.0,-23.0,20.5,-1.1219512195121952
1,1,2017-08-23 15:29:00+00:00,2017-08-23 15:30:00+00:00,5862.0,5849.5,5887.0,2017-08-23 16:48:00+00:00,5849.25,stop,-25.5,2.0,-27.5,25.0,-1.1
1,1,2017-08-23 16:59:00+00:00,2017-08-23 17:00:00+00:00,5854.75,5848.25,5867.75,2017-08-23 17:16:00+00:00,5848.0,stop,-13.5,2.0,-15.5,13.0,-1.1923076923076923
1,1,2017-08-23 18:14:00+00:00,2017-08-23 18:15:00+00:00,5855.75,5846.5,5874.25,2017-08-23 19:55:00+00:00,5859.0,tiempo,6.5,2.0,4.5,18.5,0.24324324324324326
1,1,2017-08-24 14:44:00+00:00,2017-08-24 14:45:00+00:00,5847.75,5840.25,5862.75,2017-08-24 15:12:00+00:00,5840.0,stop,-15.5,2.0,-17.5,15.0,-1.1666666666666667
1,1,2017-08-24 17:14:00+00:00,2017-08-24 17:15:00+00:00,5837.75,5825.25,5862.75,2017-08-24 18:13:00+00:00,5825.0,stop,-25.5,2.0,-27.5,25.0,-1.1
-1,1,2017-08-24 18:14:00+00:00,2017-08-24 18:15:00+00:00,5827.5,5840.0,5802.5,2017-08-24 18:35:00+00:00,5840.25,stop,-25.5,2.0,-27.5,25.0,-1.1
1,1,2017-08-24 18:44:00+00:00,2017-08-24 18:45:00+00:00,5836.75,5832.25,5845.75,2017-08-24 19:19:00+00:00,5845.75,objetivo,18.0,2.0,16.0,9.0,1.7777777777777777
1,1,2017-08-25 13:59:00+00:00,2017-08-25 14:00:00+00:00,5861.25,5845.25,5893.25,2017-08-25 14:46:00+00:00,5845.0,stop,-32.5,2.0,-34.5,32.0,-1.078125
-1,1,2017-08-28 13:59:00+00:00,2017-08-28 14:00:00+00:00,5828.25,5838.75,5807.25,2017-08-28 14:11:00+00:00,5839.0,stop,-21.5,2.0,-23.5,21.0,-1.119047619047619
1,1,2017-08-28 14:14:00+00:00,2017-08-28 14:15:00+00:00,5838.25,5823.25,5868.25,2017-08-28 19:55:00+00:00,5836.0,tiempo,-4.5,2.0,-6.5,30.0,-0.21666666666666667
1,1,2017-09-01 14:59:00+00:00,2017-09-01 15:00:00+00:00,5992.75,5983.75,6010.75,2017-09-01 19:55:00+00:00,5993.5,tiempo,1.5,2.0,-0.5,18.0,-0.027777777777777776
1,1,2017-09-04 13:59:00+00:00,2017-09-04 14:00:00+00:00,5967.75,5965.0,5973.25,2017-09-04 14:31:00+00:00,5973.25,objetivo,11.0,2.0,9.0,5.5,1.6363636363636365
1,1,2017-09-05 13:59:00+00:00,2017-09-05 14:00:00+00:00,5978.25,5954.25,6026.25,2017-09-05 14:46:00+00:00,5954.0,stop,-48.5,2.0,-50.5,48.0,-1.0520833333333333
1,1,2017-09-06 16:14:00+00:00,2017-09-06 16:15:00+00:00,5936.0,5929.75,5948.5,2017-09-06 17:00:00+00:00,5948.5,objetivo,25.0,2.0,23.0,12.5,1.84
-1,1,2017-09-07 13:59:00+00:00,2017-09-07 14:00:00+00:00,5956.25,5965.5,5937.75,2017-09-07 14:35:00+00:00,5965.75,stop,-19.0,2.0,-21.0,18.5,-1.135135135135135
1,1,2017-09-07 14:44:00+00:00,2017-09-07 14:45:00+00:00,5968.5,5950.5,6004.5,2017-09-07 16:34:00+00:00,5950.25,stop,-36.5,2.0,-38.5,36.0,-1.0694444444444444
1,1,2017-09-07 17:14:00+00:00,2017-09-07 17:15:00+00:00,5963.5,5955.5,5979.5,2017-09-07 19:55:00+00:00,5965.5,tiempo,4.0,2.0,2.0,16.0,0.125
-1,1,2017-09-08 13:59:00+00:00,2017-09-08 14:00:00+00:00,5949.75,5955.0,5939.25,2017-09-08 14:12:00+00:00,5939.25,objetivo,21.0,2.0,19.0,10.5,1.8095238095238095
1,1,2017-09-12 16:29:00+00:00,2017-09-12 16:30:00+00:00,5992.75,5988.0,6002.25,2017-09-12 17:33:00+00:00,6002.25,objetivo,19.0,2.0,17.0,9.5,1.7894736842105263
-1,1,2017-09-12 18:29:00+00:00,2017-09-12 18:30:00+00:00,5993.0,6004.5,5970.0,2017-09-12 19:55:00+00:00,5998.5,tiempo,-11.0,2.0,-13.0,23.0,-0.5652173913043478
1,1,2017-09-13 13:59:00+00:00,2017-09-13 14:00:00+00:00,6002.0,5983.5,6039.0,2017-09-13 19:55:00+00:00,6010.5,tiempo,17.0,2.0,15.0,37.0,0.40540540540540543
1,1,2017-09-14 13:59:00+00:00,2017-09-14 14:00:00+00:00,5986.75,5974.5,6011.25,2017-09-14 19:42:00+00:00,5974.25,stop,-25.0,2.0,-27.0,24.5,-1.1020408163265305
1,1,2017-09-15 14:14:00+00:00,2017-09-15 14:15:00+00:00,5973.25,5967.0,5985.75,2017-09-15 14:35:00+00:00,5985.75,objetivo,25.0,2.0,23.0,12.5,1.84
-1,1,2017-09-15 17:44:00+00:00,2017-09-15 17:45:00+00:00,5987.75,5994.75,5973.75,2017-09-15 19:12:00+00:00,5995.0,stop,-14.5,2.0,-16.5,14.0,-1.1785714285714286
-1,1,2017-09-18 14:44:00+00:00,2017-09-18 14:45:00+00:00,6005.75,6012.5,5992.25,2017-09-18 15:05:00+00:00,6012.75,stop,-14.0,2.0,-16.0,13.5,-1.1851851851851851
1,1,2017-09-18 15:14:00+00:00,2017-09-18 15:15:00+00:00,6013.5,6005.0,6030.5,2017-09-18 17:26:00+00:00,6004.75,stop,-17.5,2.0,-19.5,17.0,-1.1470588235294117
1,1,2017-09-19 14:29:00+00:00,2017-09-19 14:30:00+00:00,5994.0,5982.25,6017.5,2017-09-19 15:02:00+00:00,5982.0,stop,-24.0,2.0,-26.0,23.5,-1.1063829787234043
-1,1,2017-09-19 15:14:00+00:00,2017-09-19 15:15:00+00:00,5983.5,5994.0,5962.5,2017-09-19 16:01:00+00:00,5994.25,stop,-21.5,2.0,-23.5,21.0,-1.119047619047619
-1,1,2017-09-20 13:59:00+00:00,2017-09-20 14:00:00+00:00,5989.25,6000.5,5966.75,2017-09-20 14:59:00+00:00,5966.75,objetivo,45.0,2.0,43.0,22.5,1.9111111111111112
1,1,2017-09-20 16:29:00+00:00,2017-09-20 16:30:00+00:00,5980.75,5972.75,5996.75,2017-09-20 17:17:00+00:00,5972.5,stop,-16.5,2.0,-18.5,16.0,-1.15625
1,1,2017-09-21 15:14:00+00:00,2017-09-21 15:15:00+00:00,5947.0,5938.0,5965.0,2017-09-21 17:19:00+00:00,5965.0,objetivo,36.0,2.0,34.0,18.0,1.8888888888888888
-1,1,2017-09-22 13:59:00+00:00,2017-09-22 14:00:00+00:00,5927.25,5940.5,5900.75,2017-09-22 14:06:00+00:00,5940.75,stop,-27.0,2.0,-29.0,26.5,-1.0943396226415094
1,1,2017-09-22 14:14:00+00:00,2017-09-22 14:15:00+00:00,5940.0,5926.75,5966.5,2017-09-22 14:53:00+00:00,5926.5,stop,-27.0,2.0,-29.0,26.5,-1.0943396226415094
1,1,2017-09-22 16:44:00+00:00,2017-09-22 16:45:00+00:00,5931.75,5927.25,5940.75,2017-09-22 16:57:00+00:00,5927.0,stop,-9.5,2.0,-11.5,9.0,-1.2777777777777777
-1,1,2017-09-22 16:59:00+00:00,2017-09-22 17:00:00+00:00,5925.5,5934.0,5908.5,2017-09-22 18:26:00+00:00,5934.25,stop,-17.5,2.0,-19.5,17.0,-1.1470588235294117
1,1,2017-09-22 18:29:00+00:00,2017-09-22 18:30:00+00:00,5932.25,5927.75,5941.25,2017-09-22 19:55:00+00:00,5939.5,tiempo,14.5,2.0,12.5,9.0,1.3888888888888888
1,1,2017-09-25 14:14:00+00:00,2017-09-25 14:15:00+00:00,5910.5,5887.75,5956.0,2017-09-25 14:34:00+00:00,5887.5,stop,-46.0,2.0,-48.0,45.5,-1.054945054945055
-1,1,2017-09-26 13:59:00+00:00,2017-09-26 14:00:00+00:00,5899.5,5908.5,5881.5,2017-09-26 14:08:00+00:00,5908.75,stop,-18.5,2.0,-20.5,18.0,-1.1388888888888888
1,1,2017-09-26 14:14:00+00:00,2017-09-26 14:15:00+00:00,5909.25,5899.0,5929.75,2017-09-26 14:29:00+00:00,5898.75,stop,-21.0,2.0,-23.0,20.5,-1.1219512195121952
-1,1,2017-09-26 14:29:00+00:00,2017-09-26 14:30:00+00:00,5898.75,5909.25,5877.75,2017-09-26 15:02:00+00:00,5877.75,objetivo,42.0,2.0,40.0,21.0,1.9047619047619047
1,1,2017-09-26 17:14:00+00:00,2017-09-26 17:15:00+00:00,5901.75,5887.0,5931.25,2017-09-26 19:51:00+00:00,5886.75,stop,-30.0,2.0,-32.0,29.5,-1.0847457627118644
-1,1,2017-09-27 13:59:00+00:00,2017-09-27 14:00:00+00:00,5925.5,5936.75,5903.0,2017-09-27 14:55:00+00:00,5903.0,objetivo,45.0,2.0,43.0,22.5,1.9111111111111112
1,1,2017-09-27 16:59:00+00:00,2017-09-27 17:00:00+00:00,5922.75,5916.25,5935.75,2017-09-27 18:03:00+00:00,5935.75,objetivo,26.0,2.0,24.0,13.0,1.8461538461538463
-1,1,2017-09-28 15:14:00+00:00,2017-09-28 15:15:00+00:00,5926.75,5931.5,5917.25,2017-09-28 15:30:00+00:00,5931.75,stop,-10.0,2.0,-12.0,9.5,-1.263157894736842
-1,1,2017-09-28 15:59:00+00:00,2017-09-28 16:00:00+00:00,5925.25,5929.5,5916.75,2017-09-28 16:08:00+00:00,5929.75,stop,-9.0,2.0,-11.0,8.5,-1.2941176470588236
1,1,2017-09-28 16:14:00+00:00,2017-09-28 16:15:00+00:00,5930.0,5922.0,5946.0,2017-09-28 19:55:00+00:00,5933.5,tiempo,7.0,2.0,5.0,16.0,0.3125
-1,1,2017-09-29 13:59:00+00:00,2017-09-29 14:00:00+00:00,5936.75,5954.5,5901.25,2017-09-29 14:39:00+00:00,5954.75,stop,-36.0,2.0,-38.0,35.5,-1.0704225352112675
-1,1,2017-10-02 15:29:00+00:00,2017-10-02 15:30:00+00:00,5995.75,6004.25,5978.75,2017-10-02 15:45:00+00:00,5978.75,objetivo,34.0,2.0,32.0,17.0,1.8823529411764706
1,1,2017-10-03 13:59:00+00:00,2017-10-03 14:00:00+00:00,6000.0,5990.5,6019.0,2017-10-03 14:12:00+00:00,5990.25,stop,-19.5,2.0,-21.5,19.0,-1.131578947368421
-1,1,2017-10-03 14:14:00+00:00,2017-10-03 14:15:00+00:00,5983.0,6000.75,5947.5,2017-10-03 19:40:00+00:00,6001.0,stop,-36.0,2.0,-38.0,35.5,-1.0704225352112675
1,1,2017-10-04 13:59:00+00:00,2017-10-04 14:00:00+00:00,5991.0,5979.5,6014.0,2017-10-04 16:17:00+00:00,6014.0,objetivo,46.0,2.0,44.0,23.0,1.9130434782608696
-1,1,2017-10-04 17:44:00+00:00,2017-10-04 17:45:00+00:00,5990.75,6001.0,5970.25,2017-10-04 18:54:00+00:00,6001.25,stop,-21.0,2.0,-23.0,20.5,-1.1219512195121952
1,1,2017-10-05 15:29:00+00:00,2017-10-05 15:30:00+00:00,6030.25,6018.5,6053.75,2017-10-05 18:41:00+00:00,6053.75,objetivo,47.0,2.0,45.0,23.5,1.9148936170212767
-1,1,2017-10-06 14:44:00+00:00,2017-10-06 14:45:00+00:00,6052.0,6062.75,6030.5,2017-10-06 16:31:00+00:00,6063.0,stop,-22.0,2.0,-24.0,21.5,-1.1162790697674418
-1,1,2017-10-09 14:44:00+00:00,2017-10-09 14:45:00+00:00,6073.75,6077.75,6065.75,2017-10-09 15:48:00+00:00,6078.0,stop,-8.5,2.0,-10.5,8.0,-1.3125
-1,1,2017-10-09 16:29:00+00:00,2017-10-09 16:30:00+00:00,6071.75,6076.75,6061.75,2017-10-09 19:02:00+00:00,6061.75,objetivo,20.0,2.0,18.0,10.0,1.8
-1,1,2017-10-11 15:29:00+00:00,2017-10-11 15:30:00+00:00,6065.0,6074.0,6047.0,2017-10-11 16:32:00+00:00,6074.25,stop,-18.5,2.0,-20.5,18.0,-1.1388888888888888
1,1,2017-10-12 13:59:00+00:00,2017-10-12 14:00:00+00:00,6078.25,6068.25,6098.25,2017-10-12 19:51:00+00:00,6068.0,stop,-20.5,2.0,-22.5,20.0,-1.125
1,1,2017-10-13 14:29:00+00:00,2017-10-13 14:30:00+00:00,6101.75,6094.5,6116.25,2017-10-13 14:51:00+00:00,6094.25,stop,-15.0,2.0,-17.0,14.5,-1.1724137931034482
-1,1,2017-10-13 14:59:00+00:00,2017-10-13 15:00:00+00:00,6094.75,6100.25,6083.75,2017-10-13 16:03:00+00:00,6100.5,stop,-11.5,2.0,-13.5,11.0,-1.2272727272727273
-1,1,2017-10-16 14:14:00+00:00,2017-10-16 14:15:00+00:00,6112.0,6118.25,6099.5,2017-10-16 16:16:00+00:00,6099.5,objetivo,25.0,2.0,23.0,12.5,1.84
1,1,2017-10-16 18:44:00+00:00,2017-10-16 18:45:00+00:00,6109.75,6107.0,6115.25,2017-10-16 19:39:00+00:00,6115.25,objetivo,11.0,2.0,9.0,5.5,1.6363636363636365
1,1,2017-10-17 13:59:00+00:00,2017-10-17 14:00:00+00:00,6113.0,6109.25,6120.5,2017-10-17 14:24:00+00:00,6109.0,stop,-8.0,2.0,-10.0,7.5,-1.3333333333333333
-1,1,2017-10-17 14:29:00+00:00,2017-10-17 14:30:00+00:00,6106.25,6115.5,6087.75,2017-10-17 14:54:00+00:00,6115.75,stop,-19.0,2.0,-21.0,18.5,-1.135135135135135
1,1,2017-10-17 14:59:00+00:00,2017-10-17 15:00:00+00:00,6114.75,6105.75,6132.75,2017-10-17 19:55:00+00:00,6123.25,tiempo,17.0,2.0,15.0,18.0,0.8333333333333334
1,1,2017-10-18 14:44:00+00:00,2017-10-18 14:45:00+00:00,6122.5,6117.25,6133.0,2017-10-18 15:17:00+00:00,6117.0,stop,-11.0,2.0,-13.0,10.5,-1.2380952380952381
-1,1,2017-10-18 15:29:00+00:00,2017-10-18 15:30:00+00:00,6117.75,6121.25,6110.75,2017-10-18 16:05:00+00:00,6121.5,stop,-7.5,2.0,-9.5,7.0,-1.3571428571428572
1,1,2017-10-18 16:14:00+00:00,2017-10-18 16:15:00+00:00,6121.25,6115.0,6133.75,2017-10-18 19:50:00+00:00,6114.75,stop,-13.0,2.0,-15.0,12.5,-1.2
1,1,2017-10-19 14:29:00+00:00,2017-10-19 14:30:00+00:00,6071.25,6064.0,6085.75,2017-10-19 14:38:00+00:00,6063.75,stop,-15.0,2.0,-17.0,14.5,-1.1724137931034482
-1,1,2017-10-20 13:59:00+00:00,2017-10-20 14:00:00+00:00,6115.5,6120.0,6106.5,2017-10-20 14:01:00+00:00,6120.25,stop,-9.5,2.0,-11.5,9.0,-1.2777777777777777
1,1,2017-10-20 14:14:00+00:00,2017-10-20 14:15:00+00:00,6122.0,6115.5,6135.0,2017-10-20 14:26:00+00:00,6115.25,stop,-13.5,2.0,-15.5,13.0,-1.1923076923076923
-1,1,2017-10-20 14:29:00+00:00,2017-10-20 14:30:00+00:00,6115.0,6123.25,6098.5,2017-10-20 19:55:00+00:00,6103.5,tiempo,23.0,2.0,21.0,16.5,1.2727272727272727
1,1,2017-10-23 16:29:00+00:00,2017-10-23 16:30:00+00:00,6102.25,6096.0,6114.75,2017-10-23 17:33:00+00:00,6095.75,stop,-13.0,2.0,-15.0,12.5,-1.2
-1,1,2017-10-23 17:44:00+00:00,2017-10-23 17:45:00+00:00,6093.5,6100.25,6080.0,2017-10-23 19:10:00+00:00,6080.0,objetivo,27.0,2.0,25.0,13.5,1.8518518518518519
1,1,2017-10-24 14:14:00+00:00,2017-10-24 14:15:00+00:00,6074.0,6060.75,6100.5,2017-10-24 19:55:00+00:00,6078.5,tiempo,9.0,2.0,7.0,26.5,0.2641509433962264
-1,1,2017-10-25 13:59:00+00:00,2017-10-25 14:00:00+00:00,6066.75,6084.5,6031.25,2017-10-25 15:13:00+00:00,6031.25,objetivo,71.0,2.0,69.0,35.5,1.943661971830986
1,1,2017-10-25 17:59:00+00:00,2017-10-25 18:00:00+00:00,6046.75,6044.5,6051.25,2017-10-25 18:07:00+00:00,6051.25,objetivo,9.0,2.0,7.0,4.5,1.5555555555555556
-1,1,2017-10-25 18:44:00+00:00,2017-10-25 18:45:00+00:00,6044.75,6053.75,6026.75,2017-10-25 19:06:00+00:00,6054.0,stop,-18.5,2.0,-20.5,18.0,-1.1388888888888888
-1,1,2017-10-26 13:59:00+00:00,2017-10-26 14:00:00+00:00,6051.75,6061.5,6032.25,2017-10-26 14:37:00+00:00,6061.75,stop,-20.0,2.0,-22.0,19.5,-1.1282051282051282
1,1,2017-10-26 14:44:00+00:00,2017-10-26 14:45:00+00:00,6060.5,6046.0,6089.5,2017-10-26 15:30:00+00:00,6045.75,stop,-29.5,2.0,-31.5,29.0,-1.0862068965517242
1,1,2017-10-26 15:59:00+00:00,2017-10-26 16:00:00+00:00,6052.75,6046.5,6065.25,2017-10-26 16:33:00+00:00,6046.25,stop,-13.0,2.0,-15.0,12.5,-1.2
1,1,2017-10-26 18:14:00+00:00,2017-10-26 18:15:00+00:00,6053.75,6047.75,6065.75,2017-10-26 18:49:00+00:00,6047.5,stop,-12.5,2.0,-14.5,12.0,-1.2083333333333333
-1,1,2017-10-30 15:29:00+00:00,2017-10-30 15:30:00+00:00,6224.75,6236.0,6202.25,2017-10-30 16:21:00+00:00,6202.25,objetivo,45.0,2.0,43.0,22.5,1.9111111111111112
-1,1,2017-10-31 13:59:00+00:00,2017-10-31 14:00:00+00:00,6233.5,6247.0,6206.5,2017-10-31 15:06:00+00:00,6247.25,stop,-27.5,2.0,-29.5,27.0,-1.0925925925925926
1,1,2017-11-02 13:59:00+00:00,2017-11-02 14:00:00+00:00,6235.75,6227.25,6252.75,2017-11-02 14:03:00+00:00,6227.0,stop,-17.5,2.0,-19.5,17.0,-1.1470588235294117
-1,1,2017-11-02 14:14:00+00:00,2017-11-02 14:15:00+00:00,6212.25,6236.5,6163.75,2017-11-02 18:39:00+00:00,6236.75,stop,-49.0,2.0,-51.0,48.5,-1.0515463917525774
1,1,2017-11-03 14:44:00+00:00,2017-11-03 14:45:00+00:00,6250.75,6242.75,6266.75,2017-11-03 14:53:00+00:00,6242.5,stop,-16.5,2.0,-18.5,16.0,-1.15625
-1,1,2017-11-06 15:14:00+00:00,2017-11-06 15:15:00+00:00,6302.25,6310.0,6286.75,2017-11-06 15:24:00+00:00,6310.25,stop,-16.0,2.0,-18.0,15.5,-1.1612903225806452
1,1,2017-11-06 15:29:00+00:00,2017-11-06 15:30:00+00:00,6310.5,6301.5,6328.5,2017-11-06 16:14:00+00:00,6301.25,stop,-18.5,2.0,-20.5,18.0,-1.1388888888888888
-1,1,2017-11-06 16:14:00+00:00,2017-11-06 16:15:00+00:00,6300.25,6309.75,6281.25,2017-11-06 18:10:00+00:00,6310.0,stop,-19.5,2.0,-21.5,19.0,-1.131578947368421
-1,1,2017-11-07 14:59:00+00:00,2017-11-07 15:00:00+00:00,6319.25,6326.75,6304.25,2017-11-07 15:34:00+00:00,6304.25,objetivo,30.0,2.0,28.0,15.0,1.8666666666666667
1,1,2017-11-07 16:14:00+00:00,2017-11-07 16:15:00+00:00,6314.25,6307.0,6328.75,2017-11-07 16:25:00+00:00,6306.75,stop,-15.0,2.0,-17.0,14.5,-1.1724137931034482
-1,1,2017-11-07 16:29:00+00:00,2017-11-07 16:30:00+00:00,6307.25,6315.25,6291.25,2017-11-07 16:47:00+00:00,6315.5,stop,-16.5,2.0,-18.5,16.0,-1.15625
1,1,2017-11-07 17:44:00+00:00,2017-11-07 17:45:00+00:00,6312.75,6306.0,6326.25,2017-11-07 20:27:00+00:00,6305.75,stop,-14.0,2.0,-16.0,13.5,-1.1851851851851851
-1,1,2017-11-08 14:59:00+00:00,2017-11-08 15:00:00+00:00,6311.25,6317.75,6298.25,2017-11-08 15:05:00+00:00,6318.0,stop,-13.5,2.0,-15.5,13.0,-1.1923076923076923
1,1,2017-11-08 15:14:00+00:00,2017-11-08 15:15:00+00:00,6321.25,6311.5,6340.75,2017-11-08 19:15:00+00:00,6340.75,objetivo,39.0,2.0,37.0,19.5,1.8974358974358974
1,1,2017-11-09 15:14:00+00:00,2017-11-09 15:15:00+00:00,6302.25,6285.5,6335.75,2017-11-09 16:45:00+00:00,6285.25,stop,-34.0,2.0,-36.0,33.5,-1.0746268656716418
1,1,2017-11-09 19:14:00+00:00,2017-11-09 19:15:00+00:00,6291.5,6280.75,6313.0,2017-11-09 20:55:00+00:00,6309.75,tiempo,36.5,2.0,34.5,21.5,1.6046511627906976
-1,1,2017-11-10 14:59:00+00:00,2017-11-10 15:00:00+00:00,6297.25,6302.5,6286.75,2017-11-10 15:03:00+00:00,6286.75,objetivo,21.0,2.0,19.0,10.5,1.8095238095238095
1,1,2017-11-10 15:59:00+00:00,2017-11-10 16:00:00+00:00,6297.5,6288.75,6315.0,2017-11-10 16:27:00+00:00,6288.5,stop,-18.0,2.0,-20.0,17.5,-1.1428571428571428
-1,1,2017-11-10 16:29:00+00:00,2017-11-10 16:30:00+00:00,6292.5,6299.75,6278.0,2017-11-10 16:48:00+00:00,6300.0,stop,-15.0,2.0,-17.0,14.5,-1.1724137931034482
1,1,2017-11-14 15:44:00+00:00,2017-11-14 15:45:00+00:00,6295.0,6275.25,6334.5,2017-11-14 17:53:00+00:00,6275.0,stop,-40.0,2.0,-42.0,39.5,-1.0632911392405062
-1,1,2017-11-14 17:59:00+00:00,2017-11-14 18:00:00+00:00,6275.25,6293.5,6238.75,2017-11-14 20:02:00+00:00,6293.75,stop,-37.0,2.0,-39.0,36.5,-1.0684931506849316
1,1,2017-11-15 15:14:00+00:00,2017-11-15 15:15:00+00:00,6252.75,6237.75,6282.75,2017-11-15 20:55:00+00:00,6253.25,tiempo,1.0,2.0,-1.0,30.0,-0.03333333333333333
1,1,2017-11-17 15:59:00+00:00,2017-11-17 16:00:00+00:00,6340.25,6336.25,6348.25,2017-11-17 16:06:00+00:00,6336.0,stop,-8.5,2.0,-10.5,8.0,-1.3125
-1,1,2017-11-17 16:14:00+00:00,2017-11-17 16:15:00+00:00,6331.25,6342.25,6309.25,2017-11-17 20:55:00+00:00,6321.0,tiempo,20.5,2.0,18.5,22.0,0.8409090909090909
-1,1,2017-11-20 15:14:00+00:00,2017-11-20 15:15:00+00:00,6318.25,6327.25,6300.25,2017-11-20 20:55:00+00:00,6312.0,tiempo,12.5,2.0,10.5,18.0,0.5833333333333334
1,1,2017-11-22 15:14:00+00:00,2017-11-22 15:15:00+00:00,6382.25,6377.0,6392.75,2017-11-22 15:21:00+00:00,6376.75,stop,-11.0,2.0,-13.0,10.5,-1.2380952380952381
-1,1,2017-11-22 15:29:00+00:00,2017-11-22 15:30:00+00:00,6381.0,6383.25,6376.5,2017-11-22 15:39:00+00:00,6383.5,stop,-5.0,2.0,-7.0,4.5,-1.5555555555555556
1,1,2017-11-22 15:44:00+00:00,2017-11-22 15:45:00+00:00,6387.25,6378.75,6404.25,2017-11-22 16:29:00+00:00,6378.5,stop,-17.5,2.0,-19.5,17.0,-1.1470588235294117
-1,1,2017-11-22 16:29:00+00:00,2017-11-22 16:30:00+00:00,6380.75,6387.0,6368.25,2017-11-22 17:57:00+00:00,6387.25,stop,-13.0,2.0,-15.0,12.5,-1.2
-1,1,2017-11-23 14:59:00+00:00,2017-11-23 15:00:00+00:00,6388.75,6390.0,6386.25,2017-11-23 15:04:00+00:00,6386.25,objetivo,5.0,2.0,3.0,2.5,1.2
-1,1,2017-11-24 15:14:00+00:00,2017-11-24 15:15:00+00:00,6395.5,6400.25,6386.0,2017-11-24 15:18:00+00:00,6400.5,stop,-10.0,2.0,-12.0,9.5,-1.263157894736842
1,1,2017-11-24 15:29:00+00:00,2017-11-24 15:30:00+00:00,6400.25,6395.75,6409.25,2017-11-24 16:05:00+00:00,6409.25,objetivo,18.0,2.0,16.0,9.0,1.7777777777777777
-1,1,2017-11-27 16:14:00+00:00,2017-11-27 16:15:00+00:00,6411.0,6420.25,6392.5,2017-11-27 20:55:00+00:00,6410.75,tiempo,0.5,2.0,-1.5,18.5,-0.08108108108108109
-1,1,2017-11-28 14:59:00+00:00,2017-11-28 15:00:00+00:00,6413.0,6424.5,6390.0,2017-11-28 17:19:00+00:00,6424.75,stop,-23.5,2.0,-25.5,23.0,-1.108695652173913
-1,1,2017-11-28 18:29:00+00:00,2017-11-28 18:30:00+00:00,6417.25,6424.5,6402.75,2017-11-28 18:55:00+00:00,6402.75,objetivo,29.0,2.0,27.0,14.5,1.8620689655172413
1,1,2017-11-28 19:44:00+00:00,2017-11-28 19:45:00+00:00,6425.0,6411.75,6451.5,2017-11-28 20:55:00+00:00,6422.0,tiempo,-6.0,2.0,-8.0,26.5,-0.3018867924528302
-1,1,2017-11-30 14:59:00+00:00,2017-11-30 15:00:00+00:00,6334.25,6348.0,6306.75,2017-11-30 15:20:00+00:00,6348.25,stop,-28.0,2.0,-30.0,27.5,-1.0909090909090908
1,1,2017-12-01 15:14:00+00:00,2017-12-01 15:15:00+00:00,6354.0,6335.75,6390.5,2017-12-01 16:09:00+00:00,6335.5,stop,-37.0,2.0,-39.0,36.5,-1.0684931506849316
-1,1,2017-12-01 16:14:00+00:00,2017-12-01 16:15:00+00:00,6324.5,6363.75,6246.0,2017-12-01 16:33:00+00:00,6246.0,objetivo,157.0,2.0,155.0,78.5,1.9745222929936306
1,1,2017-12-01 17:59:00+00:00,2017-12-01 18:00:00+00:00,6323.5,6306.0,6358.5,2017-12-01 20:55:00+00:00,6342.0,tiempo,37.0,2.0,35.0,35.0,1.0
-1,1,2017-12-04 14:59:00+00:00,2017-12-04 15:00:00+00:00,6353.0,6377.75,6303.5,2017-12-04 15:46:00+00:00,6303.5,objetivo,99.0,2.0,97.0,49.5,1.9595959595959596
1,1,2017-12-04 18:14:00+00:00,2017-12-04 18:15:00+00:00,6327.25,6317.5,6346.75,2017-12-04 18:50:00+00:00,6317.25,stop,-20.0,2.0,-22.0,19.5,-1.1282051282051282
-1,1,2017-12-04 19:14:00+00:00,2017-12-04 19:15:00+00:00,6312.25,6327.0,6282.75,2017-12-04 20:01:00+00:00,6282.75,objetivo,59.0,2.0,57.0,29.5,1.9322033898305084
-1,1,2017-12-05 17:59:00+00:00,2017-12-05 18:00:00+00:00,6299.75,6319.25,6260.75,2017-12-05 20:55:00+00:00,6267.5,tiempo,64.5,2.0,62.5,39.0,1.6025641025641026
-1,1,2017-12-06 15:44:00+00:00,2017-12-06 15:45:00+00:00,6270.75,6285.25,6241.75,2017-12-06 15:56:00+00:00,6285.5,stop,-29.5,2.0,-31.5,29.0,-1.0862068965517242
1,1,2017-12-06 15:59:00+00:00,2017-12-06 16:00:00+00:00,6288.5,6269.25,6327.0,2017-12-06 20:55:00+00:00,6293.75,tiempo,10.5,2.0,8.5,38.5,0.22077922077922077
1,1,2017-12-07 14:59:00+00:00,2017-12-07 15:00:00+00:00,6306.75,6300.75,6318.75,2017-12-07 15:01:00+00:00,6300.5,stop,-12.5,2.0,-14.5,12.0,-1.2083333333333333
-1,1,2017-12-07 15:14:00+00:00,2017-12-07 15:15:00+00:00,6299.5,6307.0,6284.5,2017-12-07 15:21:00+00:00,6307.25,stop,-15.5,2.0,-17.5,15.0,-1.1666666666666667
1,1,2017-12-07 15:29:00+00:00,2017-12-07 15:30:00+00:00,6314.0,6294.25,6353.5,2017-12-07 20:55:00+00:00,6318.75,tiempo,9.5,2.0,7.5,39.5,0.189873417721519
-1,1,2017-12-08 14:59:00+00:00,2017-12-08 15:00:00+00:00,6368.5,6375.25,6355.0,2017-12-08 16:28:00+00:00,6355.0,objetivo,27.0,2.0,25.0,13.5,1.8518518518518519
-1,1,2017-12-12 15:44:00+00:00,2017-12-12 15:45:00+00:00,6402.5,6408.0,6391.5,2017-12-12 15:51:00+00:00,6408.25,stop,-11.5,2.0,-13.5,11.0,-1.2272727272727273
1,1,2017-12-12 15:59:00+00:00,2017-12-12 16:00:00+00:00,6410.25,6402.5,6425.75,2017-12-12 18:49:00+00:00,6402.25,stop,-16.0,2.0,-18.0,15.5,-1.1612903225806452
1,1,2017-12-12 19:44:00+00:00,2017-12-12 19:45:00+00:00,6408.75,6407.0,6412.25,2017-12-12 19:45:00+00:00,6406.75,stop,-4.0,2.0,-6.0,3.5,-1.7142857142857142
1,1,2017-12-13 15:59:00+00:00,2017-12-13 16:00:00+00:00,6432.5,6424.0,6449.5,2017-12-13 16:42:00+00:00,6423.75,stop,-17.5,2.0,-19.5,17.0,-1.1470588235294117
1,1,2017-12-13 19:29:00+00:00,2017-12-13 19:30:00+00:00,6425.25,6415.5,6444.75,2017-12-13 20:50:00+00:00,6415.25,stop,-20.0,2.0,-22.0,19.5,-1.1282051282051282
-1,1,2017-12-14 16:14:00+00:00,2017-12-14 16:15:00+00:00,6428.0,6442.0,6400.0,2017-12-14 20:55:00+00:00,6413.25,tiempo,29.5,2.0,27.5,28.0,0.9821428571428571
1,1,2017-12-15 15:14:00+00:00,2017-12-15 15:15:00+00:00,6433.25,6426.5,6446.75,2017-12-15 15:56:00+00:00,6446.75,objetivo,27.0,2.0,25.0,13.5,1.8518518518518519
-1,1,2017-12-18 15:59:00+00:00,2017-12-18 16:00:00+00:00,6525.75,6531.0,6515.25,2017-12-18 16:48:00+00:00,6531.25,stop,-11.0,2.0,-13.0,10.5,-1.2380952380952381
1,1,2017-12-20 17:14:00+00:00,2017-12-20 17:15:00+00:00,6489.0,6481.0,6505.0,2017-12-20 20:55:00+00:00,6490.75,tiempo,3.5,2.0,1.5,16.0,0.09375
1,1,2017-12-21 15:44:00+00:00,2017-12-21 15:45:00+00:00,6497.5,6489.25,6514.0,2017-12-21 17:59:00+00:00,6514.0,objetivo,33.0,2.0,31.0,16.5,1.878787878787879
1,1,2017-12-22 14:59:00+00:00,2017-12-22 15:00:00+00:00,6486.25,6473.5,6511.75,2017-12-22 20:55:00+00:00,6486.25,tiempo,0.0,2.0,-2.0,25.5,-0.0784313725490196
1,1,2017-12-26 15:14:00+00:00,2017-12-26 15:15:00+00:00,6447.5,6441.0,6460.5,2017-12-26 17:37:00+00:00,6460.5,objetivo,26.0,2.0,24.0,13.0,1.8461538461538463
1,1,2017-12-28 16:14:00+00:00,2017-12-28 16:15:00+00:00,6455.25,6447.25,6471.25,2017-12-28 18:35:00+00:00,6447.0,stop,-16.5,2.0,-18.5,16.0,-1.15625
1,1,2018-01-04 15:14:00+00:00,2018-01-04 15:15:00+00:00,6603.5,6592.25,6626.0,2018-01-04 16:18:00+00:00,6592.0,stop,-23.0,2.0,-25.0,22.5,-1.1111111111111112
1,1,2018-01-04 17:14:00+00:00,2018-01-04 17:15:00+00:00,6605.5,6595.0,6626.5,2018-01-04 17:27:00+00:00,6594.75,stop,-21.5,2.0,-23.5,21.0,-1.119047619047619
-1,1,2018-01-04 17:29:00+00:00,2018-01-04 17:30:00+00:00,6595.75,6605.5,6576.25,2018-01-04 20:55:00+00:00,6598.75,tiempo,-6.0,2.0,-8.0,19.5,-0.41025641025641024
1,1,2018-01-05 14:59:00+00:00,2018-01-05 15:00:00+00:00,6624.75,6617.5,6639.25,2018-01-05 15:55:00+00:00,6639.25,objetivo,29.0,2.0,27.0,14.5,1.8620689655172413
1,1,2018-01-09 15:29:00+00:00,2018-01-09 15:30:00+00:00,6685.75,6679.5,6698.25,2018-01-09 15:38:00+00:00,6679.25,stop,-13.0,2.0,-15.0,12.5,-1.2
-1,1,2018-01-09 15:44:00+00:00,2018-01-09 15:45:00+00:00,6678.75,6687.5,6661.25,2018-01-09 16:01:00+00:00,6687.75,stop,-18.0,2.0,-20.0,17.5,-1.1428571428571428
1,1,2018-01-10 15:59:00+00:00,2018-01-10 16:00:00+00:00,6650.75,6637.25,6677.75,2018-01-10 20:55:00+00:00,6672.0,tiempo,42.5,2.0,40.5,27.0,1.5
-1,1,2018-01-11 15:29:00+00:00,2018-01-11 15:30:00+00:00,6682.25,6689.0,6668.75,2018-01-11 16:01:00+00:00,6689.25,stop,-14.0,2.0,-16.0,13.5,-1.1851851851851851
1,1,2018-01-15 15:14:00+00:00,2018-01-15 15:15:00+00:00,6782.75,6776.75,6794.75,2018-01-15 17:06:00+00:00,6776.5,stop,-12.5,2.0,-14.5,12.0,-1.2083333333333333
-1,1,2018-01-16 15:29:00+00:00,2018-01-16 15:30:00+00:00,6830.25,6842.0,6806.75,2018-01-16 16:00:00+00:00,6806.75,objetivo,47.0,2.0,45.0,23.5,1.9148936170212767
1,1,2018-01-17 15:14:00+00:00,2018-01-17 15:15:00+00:00,6773.0,6760.0,6799.0,2018-01-17 15:27:00+00:00,6759.75,stop,-26.5,2.0,-28.5,26.0,-1.0961538461538463
-1,1,2018-01-17 15:29:00+00:00,2018-01-17 15:30:00+00:00,6760.5,6778.25,6725.0,2018-01-17 16:09:00+00:00,6778.5,stop,-36.0,2.0,-38.0,35.5,-1.0704225352112675
1,1,2018-01-18 14:59:00+00:00,2018-01-18 15:00:00+00:00,6819.5,6811.5,6835.5,2018-01-18 15:01:00+00:00,6811.25,stop,-16.5,2.0,-18.5,16.0,-1.15625
-1,1,2018-01-18 15:14:00+00:00,2018-01-18 15:15:00+00:00,6797.25,6820.25,6751.25,2018-01-18 15:45:00+00:00,6820.5,stop,-46.5,2.0,-48.5,46.0,-1.0543478260869565
-1,1,2018-01-18 15:59:00+00:00,2018-01-18 16:00:00+00:00,6811.25,6823.0,6787.75,2018-01-18 16:18:00+00:00,6823.25,stop,-24.0,2.0,-26.0,23.5,-1.1063829787234043
-1,1,2018-01-18 16:44:00+00:00,2018-01-18 16:45:00+00:00,6811.0,6822.75,6787.5,2018-01-18 17:13:00+00:00,6823.0,stop,-24.0,2.0,-26.0,23.5,-1.1063829787234043
-1,1,2018-01-19 14:59:00+00:00,2018-01-19 15:00:00+00:00,6832.75,6852.25,6793.75,2018-01-19 20:55:00+00:00,6842.75,tiempo,-20.0,2.0,-22.0,39.0,-0.5641025641025641
-1,1,2018-01-23 14:59:00+00:00,2018-01-23 15:00:00+00:00,6946.75,6964.0,6912.25,2018-01-23 15:13:00+00:00,6964.25,stop,-35.0,2.0,-37.0,34.5,-1.0724637681159421
1,1,2018-01-23 15:14:00+00:00,2018-01-23 15:15:00+00:00,6963.0,6943.0,7003.0,2018-01-23 20:55:00+00:00,6973.75,tiempo,21.5,2.0,19.5,40.0,0.4875
-1,1,2018-01-24 15:59:00+00:00,2018-01-24 16:00:00+00:00,6983.25,6997.0,6955.75,2018-01-24 16:13:00+00:00,6955.75,objetivo,55.0,2.0,53.0,27.5,1.9272727272727272
1,1,2018-01-25 16:14:00+00:00,2018-01-25 16:15:00+00:00,6947.25,6937.5,6966.75,2018-01-25 17:05:00+00:00,6966.75,objetivo,39.0,2.0,37.0,19.5,1.8974358974358974
-1,1,2018-01-25 17:59:00+00:00,2018-01-25 18:00:00+00:00,6944.0,6955.75,6920.5,2018-01-25 18:54:00+00:00,6956.0,stop,-24.0,2.0,-26.0,23.5,-1.1063829787234043
-1,1,2018-01-25 19:14:00+00:00,2018-01-25 19:15:00+00:00,6936.0,6953.5,6901.0,2018-01-25 20:55:00+00:00,6920.5,tiempo,31.0,2.0,29.0,35.0,0.8285714285714286
1,1,2018-01-26 14:59:00+00:00,2018-01-26 15:00:00+00:00,6965.0,6950.0,6995.0,2018-01-26 18:51:00+00:00,6995.0,objetivo,60.0,2.0,58.0,30.0,1.9333333333333333
-1,1,2018-01-29 15:14:00+00:00,2018-01-29 15:15:00+00:00,7005.25,7016.5,6982.75,2018-01-29 15:43:00+00:00,6982.75,objetivo,45.0,2.0,43.0,22.5,1.9111111111111112
-1,1,2018-01-29 15:44:00+00:00,2018-01-29 15:45:00+00:00,6986.0,7011.25,6935.5,2018-01-29 16:44:00+00:00,7011.5,stop,-51.0,2.0,-53.0,50.5,-1.0495049504950495
1,1,2018-01-29 16:44:00+00:00,2018-01-29 16:45:00+00:00,7011.25,6998.5,7036.75,2018-01-29 20:28:00+00:00,6998.25,stop,-26.0,2.0,-28.0,25.5,-1.0980392156862746
-1,1,2018-01-30 14:59:00+00:00,2018-01-30 15:00:00+00:00,6919.0,6942.25,6872.5,2018-01-30 15:30:00+00:00,6942.5,stop,-47.0,2.0,-49.0,46.5,-1.053763440860215
-1,1,2018-01-30 17:44:00+00:00,2018-01-30 17:45:00+00:00,6930.0,6943.5,6903.0,2018-01-30 18:53:00+00:00,6943.75,stop,-27.5,2.0,-29.5,27.0,-1.0925925925925926
-1,1,2018-01-30 19:44:00+00:00,2018-01-30 19:45:00+00:00,6932.0,6946.0,6904.0,2018-01-30 20:15:00+00:00,6946.25,stop,-28.5,2.0,-30.5,28.0,-1.0892857142857142
-1,1,2018-01-31 14:59:00+00:00,2018-01-31 15:00:00+00:00,6980.25,6990.5,6959.75,2018-01-31 16:10:00+00:00,6959.75,objetivo,41.0,2.0,39.0,20.5,1.9024390243902438
1,1,2018-01-31 18:29:00+00:00,2018-01-31 18:30:00+00:00,6975.0,6962.75,6999.5,2018-01-31 18:59:00+00:00,6962.5,stop,-25.0,2.0,-27.0,24.5,-1.1020408163265305
1,1,2018-02-01 14:59:00+00:00,2018-02-01 15:00:00+00:00,6949.5,6922.5,7003.5,2018-02-01 19:21:00+00:00,6922.25,stop,-54.5,2.0,-56.5,54.0,-1.0462962962962963
1,1,2018-02-02 15:44:00+00:00,2018-02-02 15:45:00+00:00,6859.5,6836.75,6905.0,2018-02-02 16:34:00+00:00,6836.5,stop,-46.0,2.0,-48.0,45.5,-1.054945054945055
1,1,2018-02-02 17:29:00+00:00,2018-02-02 17:30:00+00:00,6858.0,6831.75,6910.5,2018-02-02 18:20:00+00:00,6831.5,stop,-53.0,2.0,-55.0,52.5,-1.0476190476190477
1,1,2018-02-05 14:59:00+00:00,2018-02-05 15:00:00+00:00,6746.5,6705.25,6829.0,2018-02-05 18:12:00+00:00,6705.0,stop,-83.0,2.0,-85.0,82.5,-1.0303030303030303
-1,1,2018-02-06 15:29:00+00:00,2018-02-06 15:30:00+00:00,6476.5,6535.5,6358.5,2018-02-06 17:09:00+00:00,6535.75,stop,-118.5,2.0,-120.5,118.0,-1.021186440677966
1,1,2018-02-06 17:14:00+00:00,2018-02-06 17:15:00+00:00,6537.5,6498.25,6616.0,2018-02-06 19:09:00+00:00,6498.0,stop,-79.0,2.0,-81.0,78.5,-1.0318471337579618
1,1,2018-02-06 19:14:00+00:00,2018-02-06 19:15:00+00:00,6523.25,6493.25,6583.25,2018-02-06 19:19:00+00:00,6493.0,stop,-60.5,2.0,-62.5,60.0,-1.0416666666666667
-1,1,2018-02-06 19:29:00+00:00,2018-02-06 19:30:00+00:00,6500.75,6523.0,6456.25,2018-02-06 19:35:00+00:00,6523.25,stop,-45.0,2.0,-47.0,44.5,-1.0561797752808988
1,1,2018-02-06 19:44:00+00:00,2018-02-06 19:45:00+00:00,6548.0,6491.5,6661.0,2018-02-06 20:36:00+00:00,6661.0,objetivo,226.0,2.0,224.0,113.0,1.9823008849557522
1,1,2018-02-07 14:59:00+00:00,2018-02-07 15:00:00+00:00,6661.5,6623.75,6737.0,2018-02-07 18:03:00+00:00,6623.5,stop,-76.0,2.0,-78.0,75.5,-1.033112582781457
-1,1,2018-02-09 15:14:00+00:00,2018-02-09 15:15:00+00:00,6360.5,6419.25,6243.0,2018-02-09 17:09:00+00:00,6243.0,objetivo,235.0,2.0,233.0,117.5,1.9829787234042553
1,1,2018-02-09 19:14:00+00:00,2018-02-09 19:15:00+00:00,6322.5,6244.75,6478.0,2018-02-09 20:55:00+00:00,6431.25,tiempo,217.5,2.0,215.5,155.5,1.3858520900321543
-1,1,2018-02-12 14:59:00+00:00,2018-02-12 15:00:00+00:00,6476.25,6516.75,6395.25,2018-02-12 16:56:00+00:00,6517.0,stop,-81.5,2.0,-83.5,81.0,-1.0308641975308641
1,1,2018-02-13 14:59:00+00:00,2018-02-13 15:00:00+00:00,6501.0,6489.25,6524.5,2018-02-13 15:20:00+00:00,6524.5,objetivo,47.0,2.0,45.0,23.5,1.9148936170212767
-1,1,2018-02-13 16:44:00+00:00,2018-02-13 16:45:00+00:00,6510.5,6524.5,6482.5,2018-02-13 16:51:00+00:00,6524.75,stop,-28.5,2.0,-30.5,28.0,-1.0892857142857142
1,1,2018-02-13 16:59:00+00:00,2018-02-13 17:00:00+00:00,6524.0,6509.5,6553.0,2018-02-13 17:31:00+00:00,6509.25,stop,-29.5,2.0,-31.5,29.0,-1.0862068965517242
-1,1,2018-02-13 17:59:00+00:00,2018-02-13 18:00:00+00:00,6509.75,6521.25,6486.75,2018-02-13 18:13:00+00:00,6521.5,stop,-23.5,2.0,-25.5,23.0,-1.108695652173913
1,1,2018-02-13 18:14:00+00:00,2018-02-13 18:15:00+00:00,6527.25,6509.5,6562.75,2018-02-13 19:10:00+00:00,6562.75,objetivo,71.0,2.0,69.0,35.5,1.943661971830986
-1,1,2018-02-14 14:59:00+00:00,2018-02-14 15:00:00+00:00,6545.75,6575.25,6486.75,2018-02-14 15:09:00+00:00,6575.5,stop,-59.5,2.0,-61.5,59.0,-1.0423728813559323
1,1,2018-02-14 15:14:00+00:00,2018-02-14 15:15:00+00:00,6584.75,6542.25,6669.75,2018-02-14 19:03:00+00:00,6669.75,objetivo,170.0,2.0,168.0,85.0,1.9764705882352942
-1,1,2018-02-15 15:14:00+00:00,2018-02-15 15:15:00+00:00,6733.25,6754.0,6691.75,2018-02-15 15:59:00+00:00,6691.75,objetivo,83.0,2.0,81.0,41.5,1.9518072289156627
1,1,2018-02-15 16:29:00+00:00,2018-02-15 16:30:00+00:00,6735.0,6708.25,6788.5,2018-02-15 19:34:00+00:00,6788.5,objetivo,107.0,2.0,105.0,53.5,1.9626168224299065
1,1,2018-02-16 15:29:00+00:00,2018-02-16 15:30:00+00:00,6823.0,6799.25,6870.5,2018-02-16 18:18:00+00:00,6799.0,stop,-48.0,2.0,-50.0,47.5,-1.0526315789473684
1,1,2018-02-19 14:59:00+00:00,2018-02-19 15:00:00+00:00,6791.5,6783.5,6807.5,2018-02-19 15:04:00+00:00,6783.25,stop,-16.5,2.0,-18.5,16.0,-1.15625
-1,1,2018-02-19 15:14:00+00:00,2018-02-19 15:15:00+00:00,6774.0,6792.5,6737.0,2018-02-19 17:59:00+00:00,6780.0,fin_de_datos,-12.0,2.0,-14.0,37.0,-0.3783783783783784
-1,1,2018-02-20 19:59:00+00:00,2018-02-20 20:00:00+00:00,6790.0,6824.75,6720.5,2018-02-20 20:55:00+00:00,6791.75,tiempo,-3.5,2.0,-5.5,69.5,-0.07913669064748201
1,1,2018-02-21 14:59:00+00:00,2018-02-21 15:00:00+00:00,6823.25,6812.5,6844.75,2018-02-21 15:45:00+00:00,6844.75,objetivo,43.0,2.0,41.0,21.5,1.9069767441860466
-1,1,2018-02-21 17:29:00+00:00,2018-02-21 17:30:00+00:00,6833.0,6843.25,6812.5,2018-02-21 18:02:00+00:00,6843.5,stop,-21.0,2.0,-23.0,20.5,-1.1219512195121952
-1,1,2018-02-22 14:59:00+00:00,2018-02-22 15:00:00+00:00,6792.75,6813.0,6752.25,2018-02-22 15:26:00+00:00,6813.25,stop,-41.0,2.0,-43.0,40.5,-1.0617283950617284
1,1,2018-02-22 15:29:00+00:00,2018-02-22 15:30:00+00:00,6814.25,6792.0,6858.75,2018-02-22 17:49:00+00:00,6791.75,stop,-45.0,2.0,-47.0,44.5,-1.0561797752808988
-1,1,2018-02-23 14:59:00+00:00,2018-02-23 15:00:00+00:00,6813.5,6820.0,6800.5,2018-02-23 15:04:00+00:00,6820.25,stop,-13.5,2.0,-15.5,13.0,-1.1923076923076923
1,1,2018-02-23 15:44:00+00:00,2018-02-23 15:45:00+00:00,6816.25,6791.25,6866.25,2018-02-23 19:45:00+00:00,6866.25,objetivo,100.0,2.0,98.0,50.0,1.96
-1,1,2018-02-26 15:14:00+00:00,2018-02-26 15:15:00+00:00,6953.5,6966.5,6927.5,2018-02-26 17:12:00+00:00,6966.75,stop,-26.5,2.0,-28.5,26.0,-1.0961538461538463
-1,1,2018-02-27 14:59:00+00:00,2018-02-27 15:00:00+00:00,6971.25,6995.5,6922.75,2018-02-27 15:10:00+00:00,6995.75,stop,-49.0,2.0,-51.0,48.5,-1.0515463917525774
1,1,2018-02-27 15:14:00+00:00,2018-02-27 15:15:00+00:00,7001.5,6969.75,7065.0,2018-02-27 15:50:00+00:00,6969.5,stop,-64.0,2.0,-66.0,63.5,-1.0393700787401574
1,1,2018-02-28 14:59:00+00:00,2018-02-28 15:00:00+00:00,6958.25,6926.5,7021.75,2018-02-28 15:55:00+00:00,6926.25,stop,-64.0,2.0,-66.0,63.5,-1.0393700787401574
1,1,2018-02-28 17:59:00+00:00,2018-02-28 18:00:00+00:00,6941.5,6925.5,6973.5,2018-02-28 19:51:00+00:00,6925.25,stop,-32.5,2.0,-34.5,32.0,-1.078125
-1,1,2018-02-28 19:59:00+00:00,2018-02-28 20:00:00+00:00,6921.75,6939.5,6886.25,2018-02-28 20:45:00+00:00,6886.25,objetivo,71.0,2.0,69.0,35.5,1.943661971830986
1,1,2018-03-01 15:29:00+00:00,2018-03-01 15:30:00+00:00,6866.25,6825.0,6948.75,2018-03-01 17:20:00+00:00,6824.75,stop,-83.0,2.0,-85.0,82.5,-1.0303030303030303
1,1,2018-03-02 14:59:00+00:00,2018-03-02 15:00:00+00:00,6685.75,6646.0,6765.25,2018-03-02 17:03:00+00:00,6765.25,objetivo,159.0,2.0,157.0,79.5,1.9748427672955975
1,1,2018-03-05 15:29:00+00:00,2018-03-05 15:30:00+00:00,6779.0,6753.25,6830.5,2018-03-05 16:07:00+00:00,6830.5,objetivo,103.0,2.0,101.0,51.5,1.9611650485436893
1,1,2018-03-06 14:59:00+00:00,2018-03-06 15:00:00+00:00,6929.25,6898.0,6991.75,2018-03-06 15:57:00+00:00,6897.75,stop,-63.0,2.0,-65.0,62.5,-1.04
-1,1,2018-03-06 15:59:00+00:00,2018-03-06 16:00:00+00:00,6892.25,6933.25,6810.25,2018-03-06 20:55:00+00:00,6909.0,tiempo,-33.5,2.0,-35.5,82.0,-0.4329268292682927
-1,1,2018-03-07 14:59:00+00:00,2018-03-07 15:00:00+00:00,6876.25,6895.75,6837.25,2018-03-07 15:21:00+00:00,6896.0,stop,-39.5,2.0,-41.5,39.0,-1.064102564102564
1,1,2018-03-07 15:29:00+00:00,2018-03-07 15:30:00+00:00,6897.5,6870.75,6951.0,2018-03-07 16:59:00+00:00,6870.5,stop,-54.0,2.0,-56.0,53.5,-1.0467289719626167
-1,1,2018-03-07 16:59:00+00:00,2018-03-07 17:00:00+00:00,6868.75,6898.75,6808.75,2018-03-07 18:30:00+00:00,6899.0,stop,-60.5,2.0,-62.5,60.0,-1.0416666666666667
1,1,2018-03-08 15:14:00+00:00,2018-03-08 15:15:00+00:00,6959.75,6943.75,6991.75,2018-03-08 15:37:00+00:00,6943.5,stop,-32.5,2.0,-34.5,32.0,-1.078125
1,1,2018-03-08 16:14:00+00:00,2018-03-08 16:15:00+00:00,6968.0,6946.25,7011.5,2018-03-08 17:11:00+00:00,6946.0,stop,-44.0,2.0,-46.0,43.5,-1.0574712643678161
-1,1,2018-03-08 17:14:00+00:00,2018-03-08 17:15:00+00:00,6945.0,6966.5,6902.0,2018-03-08 20:00:00+00:00,6966.75,stop,-43.5,2.0,-45.5,43.0,-1.058139534883721
1,1,2018-03-09 14:59:00+00:00,2018-03-09 15:00:00+00:00,7023.0,7008.75,7051.5,2018-03-09 15:38:00+00:00,7051.5,objetivo,57.0,2.0,55.0,28.5,1.9298245614035088
-1,1,2018-03-13 13:59:00+00:00,2018-03-13 14:00:00+00:00,7197.75,7214.5,7164.25,2018-03-13 14:52:00+00:00,7164.25,objetivo,67.0,2.0,65.0,33.5,1.9402985074626866
1,1,2018-03-14 14:44:00+00:00,2018-03-14 14:45:00+00:00,7092.25,7077.25,7122.25,2018-03-14 15:05:00+00:00,7077.0,stop,-30.5,2.0,-32.5,30.0,-1.0833333333333333
-1,1,2018-03-14 15:14:00+00:00,2018-03-14 15:15:00+00:00,7072.75,7097.0,7024.25,2018-03-14 17:49:00+00:00,7097.25,stop,-49.0,2.0,-51.0,48.5,-1.0515463917525774
-1,1,2018-03-14 18:44:00+00:00,2018-03-14 18:45:00+00:00,7055.5,7095.75,6975.0,2018-03-14 19:55:00+00:00,7067.25,tiempo,-23.5,2.0,-25.5,80.5,-0.3167701863354037
1,1,2018-03-15 13:59:00+00:00,2018-03-15 14:00:00+00:00,7056.0,7038.5,7091.0,2018-03-15 15:06:00+00:00,7091.0,objetivo,70.0,2.0,68.0,35.0,1.9428571428571428
-1,1,2018-03-15 17:29:00+00:00,2018-03-15 17:30:00+00:00,7064.0,7072.5,7047.0,2018-03-15 17:53:00+00:00,7047.0,objetivo,34.0,2.0,32.0,17.0,1.8823529411764706
-1,1,2018-03-16 14:14:00+00:00,2018-03-16 14:15:00+00:00,7073.5,7083.25,7054.0,2018-03-16 14:21:00+00:00,7083.5,stop,-20.0,2.0,-22.0,19.5,-1.1282051282051282
1,1,2018-03-16 14:29:00+00:00,2018-03-16 14:30:00+00:00,7079.0,7072.75,7091.5,2018-03-16 14:40:00+00:00,7072.5,stop,-13.0,2.0,-15.0,12.5,-1.2
-1,1,2018-03-16 14:44:00+00:00,2018-03-16 14:45:00+00:00,7068.25,7083.5,7037.75,2018-03-16 15:59:00+00:00,7037.75,objetivo,61.0,2.0,59.0,30.5,1.9344262295081966
1,1,2018-03-19 13:59:00+00:00,2018-03-19 14:00:00+00:00,6957.75,6946.0,6981.25,2018-03-19 14:08:00+00:00,6945.75,stop,-24.0,2.0,-26.0,23.5,-1.1063829787234043
-1,1,2018-03-19 14:14:00+00:00,2018-03-19 14:15:00+00:00,6940.75,6961.75,6898.75,2018-03-19 15:05:00+00:00,6898.75,objetivo,84.0,2.0,82.0,42.0,1.9523809523809523
-1,1,2018-03-20 13:59:00+00:00,2018-03-20 14:00:00+00:00,6896.5,6918.5,6852.5,2018-03-20 19:05:00+00:00,6918.75,stop,-44.5,2.0,-46.5,44.0,-1.0568181818181819
-1,1,2018-03-21 14:59:00+00:00,2018-03-21 15:00:00+00:00,6896.75,6909.25,6871.75,2018-03-21 15:24:00+00:00,6909.5,stop,-25.5,2.0,-27.5,25.0,-1.1
-1,1,2018-03-21 18:29:00+00:00,2018-03-21 18:30:00+00:00,6907.75,6951.0,6821.25,2018-03-21 19:55:00+00:00,6876.5,tiempo,62.5,2.0,60.5,86.5,0.6994219653179191
-1,1,2018-03-22 14:44:00+00:00,2018-03-22 14:45:00+00:00,6779.75,6800.0,6739.25,2018-03-22 15:27:00+00:00,6739.25,objetivo,81.0,2.0,79.0,40.5,1.9506172839506173
1,1,2018-03-22 16:29:00+00:00,2018-03-22 16:30:00+00:00,6773.25,6724.0,6871.75,2018-03-22 19:39:00+00:00,6723.75,stop,-99.0,2.0,-101.0,98.5,-1.0253807106598984
1,1,2018-03-23 14:29:00+00:00,2018-03-23 14:30:00+00:00,6684.0,6661.5,6729.0,2018-03-23 15:39:00+00:00,6661.25,stop,-45.5,2.0,-47.5,45.0,-1.0555555555555556
1,1,2018-03-23 17:59:00+00:00,2018-03-23 18:00:00+00:00,6688.0,6652.5,6759.0,2018-03-23 18:13:00+00:00,6652.25,stop,-71.5,2.0,-73.5,71.0,-1.0352112676056338
-1,1,2018-03-23 18:14:00+00:00,2018-03-23 18:15:00+00:00,6650.25,6697.0,6556.75,2018-03-23 19:36:00+00:00,6556.75,objetivo,187.0,2.0,185.0,93.5,1.9786096256684491
1,1,2018-03-26 16:14:00+00:00,2018-03-26 16:15:00+00:00,6632.75,6598.25,6701.75,2018-03-26 18:21:00+00:00,6701.75,objetivo,138.0,2.0,136.0,69.0,1.9710144927536233
1,1,2018-03-27 13:59:00+00:00,2018-03-27 14:00:00+00:00,6801.75,6774.5,6856.25,2018-03-27 14:12:00+00:00,6774.25,stop,-55.0,2.0,-57.0,54.5,-1.0458715596330275
-1,1,2018-03-27 14:14:00+00:00,2018-03-27 14:15:00+00:00,6771.5,6812.25,6690.0,2018-03-27 17:52:00+00:00,6690.0,objetivo,163.0,2.0,161.0,81.5,1.9754601226993864
1,1,2018-03-28 13:59:00+00:00,2018-03-28 14:00:00+00:00,6526.25,6453.0,6672.75,2018-03-28 14:43:00+00:00,6452.75,stop,-147.0,2.0,-149.0,146.5,-1.0170648464163823
1,1,2018-03-28 15:44:00+00:00,2018-03-28 15:45:00+00:00,6507.25,6432.0,6657.75,2018-03-28 19:55:00+00:00,6488.0,tiempo,-38.5,2.0,-40.5,150.5,-0.2691029900332226
1,1,2018-03-29 14:14:00+00:00,2018-03-29 14:15:00+00:00,6486.75,6450.5,6559.25,2018-03-29 14:59:00+00:00,6559.25,objetivo,145.0,2.0,143.0,72.5,1.9724137931034482
1,1,2018-04-03 14:59:00+00:00,2018-04-03 15:00:00+00:00,6438.5,6390.0,6535.5,2018-04-03 16:21:00+00:00,6389.75,stop,-97.5,2.0,-99.5,97.0,-1.0257731958762886
1,1,2018-04-03 17:29:00+00:00,2018-04-03 17:30:00+00:00,6426.0,6395.25,6487.5,2018-04-03 18:17:00+00:00,6395.0,stop,-62.0,2.0,-64.0,61.5,-1.0406504065040652
1,1,2018-04-03 18:59:00+00:00,2018-04-03 19:00:00+00:00,6447.5,6371.0,6600.5,2018-04-03 19:55:00+00:00,6461.0,tiempo,27.0,2.0,25.0,153.0,0.16339869281045752
-1,1,2018-04-04 14:44:00+00:00,2018-04-04 14:45:00+00:00,6378.0,6395.25,6343.5,2018-04-04 14:46:00+00:00,6395.5,stop,-35.0,2.0,-37.0,34.5,-1.0724637681159421
1,1,2018-04-04 14:59:00+00:00,2018-04-04 15:00:00+00:00,6426.25,6375.5,6527.75,2018-04-04 18:32:00+00:00,6527.75,objetivo,203.0,2.0,201.0,101.5,1.980295566502463
1,1,2018-04-05 13:59:00+00:00,2018-04-05 14:00:00+00:00,6621.25,6592.0,6679.75,2018-04-05 14:26:00+00:00,6591.75,stop,-59.0,2.0,-61.0,58.5,-1.0427350427350428
-1,1,2018-04-05 14:29:00+00:00,2018-04-05 14:30:00+00:00,6597.25,6619.25,6553.25,2018-04-05 15:04:00+00:00,6619.5,stop,-44.5,2.0,-46.5,44.0,-1.0568181818181819
1,1,2018-04-05 15:14:00+00:00,2018-04-05 15:15:00+00:00,6628.0,6605.5,6673.0,2018-04-05 16:22:00+00:00,6605.25,stop,-45.5,2.0,-47.5,45.0,-1.0555555555555556
-1,1,2018-04-05 16:29:00+00:00,2018-04-05 16:30:00+00:00,6610.0,6623.5,6583.0,2018-04-05 17:00:00+00:00,6623.75,stop,-27.5,2.0,-29.5,27.0,-1.0925925925925926
-1,1,2018-04-05 17:14:00+00:00,2018-04-05 17:15:00+00:00,6613.25,6629.75,6580.25,2018-04-05 17:23:00+00:00,6580.25,objetivo,66.0,2.0,64.0,33.0,1.9393939393939394
1,1,2018-04-05 18:59:00+00:00,2018-04-05 19:00:00+00:00,6617.5,6608.25,6636.0,2018-04-05 19:33:00+00:00,6608.0,stop,-19.0,2.0,-21.0,18.5,-1.135135135135135
-1,1,2018-04-06 14:29:00+00:00,2018-04-06 14:30:00+00:00,6567.25,6587.25,6527.25,2018-04-06 14:46:00+00:00,6527.25,objetivo,80.0,2.0,78.0,40.0,1.95
1,1,2018-04-06 15:59:00+00:00,2018-04-06 16:00:00+00:00,6556.5,6532.25,6605.0,2018-04-06 16:14:00+00:00,6532.0,stop,-49.0,2.0,-51.0,48.5,-1.0515463917525774
-1,1,2018-04-06 16:14:00+00:00,2018-04-06 16:15:00+00:00,6533.25,6559.25,6481.25,2018-04-06 17:51:00+00:00,6481.25,objetivo,104.0,2.0,102.0,52.0,1.9615384615384615
1,1,2018-04-09 13:59:00+00:00,2018-04-09 14:00:00+00:00,6537.75,6496.25,6620.75,2018-04-09 19:50:00+00:00,6496.0,stop,-83.5,2.0,-85.5,83.0,-1.0301204819277108
1,1,2018-04-10 14:14:00+00:00,2018-04-10 14:15:00+00:00,6578.0,6555.0,6624.0,2018-04-10 16:26:00+00:00,6554.75,stop,-46.5,2.0,-48.5,46.0,-1.0543478260869565
-1,1,2018-04-10 16:29:00+00:00,2018-04-10 16:30:00+00:00,6559.75,6587.25,6504.75,2018-04-10 16:49:00+00:00,6587.5,stop,-55.5,2.0,-57.5,55.0,-1.0454545454545454
1,1,2018-04-10 17:14:00+00:00,2018-04-10 17:15:00+00:00,6591.5,6569.25,6636.0,2018-04-10 19:09:00+00:00,6636.0,objetivo,89.0,2.0,87.0,44.5,1.9550561797752808
1,1,2018-04-11 13:59:00+00:00,2018-04-11 14:00:00+00:00,6617.0,6591.0,6669.0,2018-04-11 19:16:00+00:00,6590.75,stop,-52.5,2.0,-54.5,52.0,-1.0480769230769231
-1,1,2018-04-12 16:14:00+00:00,2018-04-12 16:15:00+00:00,6666.25,6671.5,6655.75,2018-04-12 16:19:00+00:00,6671.75,stop,-11.0,2.0,-13.0,10.5,-1.2380952380952381
1,1,2018-04-12 16:29:00+00:00,2018-04-12 16:30:00+00:00,6674.25,6659.25,6704.25,2018-04-12 17:16:00+00:00,6659.0,stop,-30.5,2.0,-32.5,30.0,-1.0833333333333333
-1,1,2018-04-12 17:29:00+00:00,2018-04-12 17:30:00+00:00,6643.5,6676.0,6578.5,2018-04-12 18:21:00+00:00,6676.25,stop,-65.5,2.0,-67.5,65.0,-1.0384615384615385
1,1,2018-04-12 18:29:00+00:00,2018-04-12 18:30:00+00:00,6672.75,6665.0,6688.25,2018-04-12 18:47:00+00:00,6664.75,stop,-16.0,2.0,-18.0,15.5,-1.1612903225806452
1,1,2018-04-13 17:29:00+00:00,2018-04-13 17:30:00+00:00,6671.75,6659.0,6697.25,2018-04-13 18:16:00+00:00,6658.75,stop,-26.0,2.0,-28.0,25.5,-1.0980392156862746
-1,1,2018-04-13 18:29:00+00:00,2018-04-13 18:30:00+00:00,6659.0,6669.25,6638.5,2018-04-13 18:33:00+00:00,6669.5,stop,-21.0,2.0,-23.0,20.5,-1.1219512195121952
1,1,2018-04-16 14:29:00+00:00,2018-04-16 14:30:00+00:00,6680.5,6655.25,6731.0,2018-04-16 14:52:00+00:00,6655.0,stop,-51.0,2.0,-53.0,50.5,-1.0495049504950495
-1,1,2018-04-16 14:59:00+00:00,2018-04-16 15:00:00+00:00,6663.25,6676.75,6636.25,2018-04-16 16:00:00+00:00,6677.0,stop,-27.5,2.0,-29.5,27.0,-1.0925925925925926
1,1,2018-04-18 14:29:00+00:00,2018-04-18 14:30:00+00:00,6820.5,6797.5,6866.5,2018-04-18 18:57:00+00:00,6866.5,objetivo,92.0,2.0,90.0,46.0,1.9565217391304348
1,1,2018-04-19 13:59:00+00:00,2018-04-19 14:00:00+00:00,6811.25,6787.5,6858.75,2018-04-19 14:55:00+00:00,6787.25,stop,-48.0,2.0,-50.0,47.5,-1.0526315789473684
1,1,2018-04-20 14:29:00+00:00,2018-04-20 14:30:00+00:00,6736.75,6720.25,6769.75,2018-04-20 14:49:00+00:00,6720.0,stop,-33.5,2.0,-35.5,33.0,-1.0757575757575757
1,1,2018-04-23 14:29:00+00:00,2018-04-23 14:30:00+00:00,6690.5,6673.75,6724.0,2018-04-23 15:12:00+00:00,6724.0,objetivo,67.0,2.0,65.0,33.5,1.9402985074626866
-1,1,2018-04-23 16:29:00+00:00,2018-04-23 16:30:00+00:00,6690.75,6704.0,6664.25,2018-04-23 17:44:00+00:00,6664.25,objetivo,53.0,2.0,51.0,26.5,1.9245283018867925
-1,1,2018-04-24 13:59:00+00:00,2018-04-24 14:00:00+00:00,6666.5,6695.75,6608.0,2018-04-24 14:32:00+00:00,6608.0,objetivo,117.0,2.0,115.0,58.5,1.9658119658119657
1,1,2018-04-25 14:29:00+00:00,2018-04-25 14:30:00+00:00,6476.25,6435.75,6557.25,2018-04-25 19:55:00+00:00,6508.75,tiempo,65.0,2.0,63.0,81.0,0.7777777777777778
-1,1,2018-04-30 14:44:00+00:00,2018-04-30 14:45:00+00:00,6696.0,6708.25,6671.5,2018-04-30 15:33:00+00:00,6671.5,objetivo,49.0,2.0,47.0,24.5,1.9183673469387754
1,1,2018-05-01 13:59:00+00:00,2018-05-01 14:00:00+00:00,6615.25,6579.5,6686.75,2018-05-01 19:54:00+00:00,6686.75,objetivo,143.0,2.0,141.0,71.5,1.972027972027972
-1,1,2018-05-02 14:44:00+00:00,2018-05-02 14:45:00+00:00,6679.0,6698.75,6639.5,2018-05-02 18:03:00+00:00,6699.0,stop,-40.0,2.0,-42.0,39.5,-1.0632911392405062
-1,1,2018-05-02 18:59:00+00:00,2018-05-02 19:00:00+00:00,6681.75,6701.0,6643.25,2018-05-02 19:49:00+00:00,6643.25,objetivo,77.0,2.0,75.0,38.5,1.948051948051948
1,1,2018-05-03 13:59:00+00:00,2018-05-03 14:00:00+00:00,6632.25,6594.0,6708.75,2018-05-03 14:21:00+00:00,6593.75,stop,-77.0,2.0,-79.0,76.5,-1.0326797385620916
1,1,2018-05-03 16:44:00+00:00,2018-05-03 16:45:00+00:00,6617.75,6563.0,6727.25,2018-05-03 19:55:00+00:00,6642.25,tiempo,49.0,2.0,47.0,109.5,0.4292237442922374
-1,1,2018-05-07 14:14:00+00:00,2018-05-07 14:15:00+00:00,6825.75,6836.75,6803.75,2018-05-07 14:29:00+00:00,6837.0,stop,-22.5,2.0,-24.5,22.0,-1.1136363636363635
1,1,2018-05-07 14:29:00+00:00,2018-05-07 14:30:00+00:00,6837.75,6820.0,6873.25,2018-05-07 14:41:00+00:00,6819.75,stop,-36.0,2.0,-38.0,35.5,-1.0704225352112675
-1,1,2018-05-07 16:59:00+00:00,2018-05-07 17:00:00+00:00,6830.0,6838.0,6814.0,2018-05-07 17:44:00+00:00,6838.25,stop,-16.5,2.0,-18.5,16.0,-1.15625
1,1,2018-05-07 17:44:00+00:00,2018-05-07 17:45:00+00:00,6836.0,6826.75,6854.5,2018-05-07 18:52:00+00:00,6826.5,stop,-19.0,2.0,-21.0,18.5,-1.135135135135135
-1,1,2018-05-07 18:59:00+00:00,2018-05-07 19:00:00+00:00,6828.5,6839.5,6806.5,2018-05-07 19:21:00+00:00,6806.5,objetivo,44.0,2.0,42.0,22.0,1.9090909090909092
1,1,2018-05-08 14:44:00+00:00,2018-05-08 14:45:00+00:00,6812.75,6796.25,6845.75,2018-05-08 15:06:00+00:00,6796.0,stop,-33.5,2.0,-35.5,33.0,-1.0757575757575757
1,1,2018-05-08 15:14:00+00:00,2018-05-08 15:15:00+00:00,6818.5,6793.75,6868.0,2018-05-08 16:53:00+00:00,6793.5,stop,-50.0,2.0,-52.0,49.5,-1.0505050505050506
-1,1,2018-05-08 16:59:00+00:00,2018-05-08 17:00:00+00:00,6789.0,6807.0,6753.0,2018-05-08 17:28:00+00:00,6807.25,stop,-36.5,2.0,-38.5,36.0,-1.0694444444444444
1,1,2018-05-08 17:29:00+00:00,2018-05-08 17:30:00+00:00,6806.0,6793.0,6832.0,2018-05-08 18:13:00+00:00,6792.75,stop,-26.5,2.0,-28.5,26.0,-1.0961538461538463
1,1,2018-05-08 18:29:00+00:00,2018-05-08 18:30:00+00:00,6805.5,6793.25,6830.0,2018-05-08 18:39:00+00:00,6793.0,stop,-25.0,2.0,-27.0,24.5,-1.1020408163265305
-1,1,2018-05-08 18:44:00+00:00,2018-05-08 18:45:00+00:00,6781.25,6808.0,6727.75,2018-05-08 19:12:00+00:00,6808.25,stop,-54.0,2.0,-56.0,53.5,-1.0467289719626167
-1,1,2018-05-09 13:59:00+00:00,2018-05-09 14:00:00+00:00,6823.25,6845.5,6778.75,2018-05-09 16:21:00+00:00,6845.75,stop,-45.0,2.0,-47.0,44.5,-1.0561797752808988
1,1,2018-05-11 13:59:00+00:00,2018-05-11 14:00:00+00:00,6959.75,6937.5,7004.25,2018-05-11 16:25:00+00:00,6937.25,stop,-45.0,2.0,-47.0,44.5,-1.0561797752808988
-1,1,2018-05-14 15:29:00+00:00,2018-05-14 15:30:00+00:00,6994.75,7010.5,6963.25,2018-05-14 18:09:00+00:00,6963.25,objetivo,63.0,2.0,61.0,31.5,1.9365079365079365
1,1,2018-05-15 14:14:00+00:00,2018-05-15 14:15:00+00:00,6885.0,6860.0,6935.0,2018-05-15 17:58:00+00:00,6859.75,stop,-50.5,2.0,-52.5,50.0,-1.05
1,1,2018-05-15 18:44:00+00:00,2018-05-15 18:45:00+00:00,6882.5,6870.75,6906.0,2018-05-15 18:49:00+00:00,6870.5,stop,-24.0,2.0,-26.0,23.5,-1.1063829787234043
-1,1,2018-05-15 18:59:00+00:00,2018-05-15 19:00:00+00:00,6874.25,6883.5,6855.75,2018-05-15 19:50:00+00:00,6883.75,stop,-19.0,2.0,-21.0,18.5,-1.135135135135135
1,1,2018-05-16 13:59:00+00:00,2018-05-16 14:00:00+00:00,6921.5,6898.0,6968.5,2018-05-16 19:55:00+00:00,6929.5,tiempo,16.0,2.0,14.0,47.0,0.2978723404255319
1,1,2018-05-17 14:14:00+00:00,2018-05-17 14:15:00+00:00,6926.75,6914.5,6951.25,2018-05-17 14:37:00+00:00,6951.25,objetivo,49.0,2.0,47.0,24.5,1.9183673469387754
-1,1,2018-05-17 16:44:00+00:00,2018-05-17 16:45:00+00:00,6923.75,6945.0,6881.25,2018-05-17 18:02:00+00:00,6881.25,objetivo,85.0,2.0,83.0,42.5,1.9529411764705882
-1,1,2018-05-18 13:59:00+00:00,2018-05-18 14:00:00+00:00,6879.0,6895.25,6846.5,2018-05-18 15:19:00+00:00,6895.5,stop,-33.0,2.0,-35.0,32.5,-1.0769230769230769
-1,1,2018-05-18 17:44:00+00:00,2018-05-18 17:45:00+00:00,6878.0,6889.75,6854.5,2018-05-18 19:55:00+00:00,6877.75,tiempo,0.5,2.0,-1.5,23.5,-0.06382978723404255
-1,1,2018-05-21 13:59:00+00:00,2018-05-21 14:00:00+00:00,6945.75,6956.75,6923.75,2018-05-21 15:14:00+00:00,6923.75,objetivo,44.0,2.0,42.0,22.0,1.9090909090909092
1,1,2018-05-22 18:29:00+00:00,2018-05-22 18:30:00+00:00,6926.0,6921.25,6935.5,2018-05-22 18:55:00+00:00,6921.0,stop,-10.0,2.0,-12.0,9.5,-1.263157894736842
-1,1,2018-05-23 14:59:00+00:00,2018-05-23 15:00:00+00:00,6868.25,6877.0,6850.75,2018-05-23 15:03:00+00:00,6877.25,stop,-18.0,2.0,-20.0,17.5,-1.1428571428571428
1,1,2018-05-23 15:14:00+00:00,2018-05-23 15:15:00+00:00,6878.5,6866.5,6902.5,2018-05-23 15:48:00+00:00,6902.5,objetivo,48.0,2.0,46.0,24.0,1.9166666666666667
1,1,2018-05-24 15:44:00+00:00,2018-05-24 15:45:00+00:00,6925.5,6913.0,6950.5,2018-05-24 16:26:00+00:00,6950.5,objetivo,50.0,2.0,48.0,25.0,1.92
1,1,2018-05-25 13:59:00+00:00,2018-05-25 14:00:00+00:00,6971.0,6946.75,7019.5,2018-05-25 19:55:00+00:00,6965.25,tiempo,-11.5,2.0,-13.5,48.5,-0.27835051546391754
-1,1,2018-05-28 15:59:00+00:00,2018-05-28 16:00:00+00:00,6985.25,6988.25,6979.25,2018-05-28 16:06:00+00:00,6988.5,stop,-6.5,2.0,-8.5,6.0,-1.4166666666666667
1,1,2018-05-28 16:14:00+00:00,2018-05-28 16:15:00+00:00,6994.5,6985.0,7013.5,2018-05-28 16:59:00+00:00,6992.25,fin_de_datos,-4.5,2.0,-6.5,19.0,-0.34210526315789475
-1,1,2018-05-29 15:29:00+00:00,2018-05-29 15:30:00+00:00,6947.0,6956.75,6927.5,2018-05-29 15:41:00+00:00,6927.5,objetivo,39.0,2.0,37.0,19.5,1.8974358974358974
-1,1,2018-05-30 13:59:00+00:00,2018-05-30 14:00:00+00:00,6950.5,6972.0,6907.5,2018-05-30 14:43:00+00:00,6972.25,stop,-43.5,2.0,-45.5,43.0,-1.058139534883721
1,1,2018-05-30 14:44:00+00:00,2018-05-30 14:45:00+00:00,6977.25,6955.75,7020.25,2018-05-30 19:55:00+00:00,6984.5,tiempo,14.5,2.0,12.5,43.0,0.29069767441860467
1,1,2018-05-31 13:59:00+00:00,2018-05-31 14:00:00+00:00,6993.25,6982.25,7015.25,2018-05-31 14:44:00+00:00,6982.0,stop,-22.5,2.0,-24.5,22.0,-1.1136363636363635
-1,1,2018-05-31 14:44:00+00:00,2018-05-31 14:45:00+00:00,6983.25,6996.75,6956.25,2018-05-31 15:38:00+00:00,6997.0,stop,-27.5,2.0,-29.5,27.0,-1.0925925925925926
-1,1,2018-05-31 17:59:00+00:00,2018-05-31 18:00:00+00:00,6972.5,6996.25,6925.0,2018-05-31 19:55:00+00:00,6971.75,tiempo,1.5,2.0,-0.5,47.5,-0.010526315789473684
-1,1,2018-06-04 14:14:00+00:00,2018-06-04 14:15:00+00:00,7106.5,7126.75,7066.0,2018-06-04 15:00:00+00:00,7127.0,stop,-41.0,2.0,-43.0,40.5,-1.0617283950617284
-1,1,2018-06-04 15:14:00+00:00,2018-06-04 15:15:00+00:00,7116.75,7131.75,7086.75,2018-06-04 16:07:00+00:00,7132.0,stop,-30.5,2.0,-32.5,30.0,-1.0833333333333333
-1,1,2018-06-05 14:44:00+00:00,2018-06-05 14:45:00+00:00,7169.75,7184.5,7140.25,2018-06-05 15:44:00+00:00,7140.25,objetivo,59.0,2.0,57.0,29.5,1.9322033898305084
1,1,2018-06-05 17:44:00+00:00,2018-06-05 17:45:00+00:00,7163.5,7157.75,7175.0,2018-06-05 18:03:00+00:00,7157.5,stop,-12.0,2.0,-14.0,11.5,-1.2173913043478262
1,1,2018-06-06 15:14:00+00:00,2018-06-06 15:15:00+00:00,7173.5,7161.75,7197.0,2018-06-06 18:39:00+00:00,7197.0,objetivo,47.0,2.0,45.0,23.5,1.9148936170212767
-1,1,2018-06-07 13:59:00+00:00,2018-06-07 14:00:00+00:00,7200.0,7210.5,7179.0,2018-06-07 14:10:00+00:00,7179.0,objetivo,42.0,2.0,40.0,21.0,1.9047619047619047
-1,1,2018-06-08 14:29:00+00:00,2018-06-08 14:30:00+00:00,7118.25,7137.75,7079.25,2018-06-08 15:10:00+00:00,7138.0,stop,-39.5,2.0,-41.5,39.0,-1.064102564102564
-1,1,2018-06-11 14:29:00+00:00,2018-06-11 14:30:00+00:00,7175.0,7187.5,7150.0,2018-06-11 15:00:00+00:00,7187.75,stop,-25.5,2.0,-27.5,25.0,-1.1
-1,1,2018-06-12 13:59:00+00:00,2018-06-12 14:00:00+00:00,7201.0,7217.25,7168.5,2018-06-12 14:45:00+00:00,7217.5,stop,-33.0,2.0,-35.0,32.5,-1.0769230769230769
-1,1,2018-06-12 18:29:00+00:00,2018-06-12 18:30:00+00:00,7213.25,7231.75,7176.25,2018-06-12 19:50:00+00:00,7232.0,stop,-37.5,2.0,-39.5,37.0,-1.0675675675675675
-1,1,2018-06-13 18:14:00+00:00,2018-06-13 18:15:00+00:00,7256.25,7275.75,7217.25,2018-06-13 19:55:00+00:00,7238.5,tiempo,35.5,2.0,33.5,39.0,0.8589743589743589
-1,1,2018-06-14 13:59:00+00:00,2018-06-14 14:00:00+00:00,7274.5,7288.0,7247.5,2018-06-14 14:01:00+00:00,7288.25,stop,-27.5,2.0,-29.5,27.0,-1.0925925925925926
1,1,2018-06-14 14:14:00+00:00,2018-06-14 14:15:00+00:00,7295.75,7274.5,7338.25,2018-06-14 15:01:00+00:00,7274.25,stop,-43.0,2.0,-45.0,42.5,-1.0588235294117647
1,1,2018-06-14 15:14:00+00:00,2018-06-14 15:15:00+00:00,7291.75,7271.75,7331.75,2018-06-14 19:55:00+00:00,7302.5,tiempo,21.5,2.0,19.5,40.0,0.4875
1,1,2018-06-15 13:59:00+00:00,2018-06-15 14:00:00+00:00,7269.75,7245.0,7319.25,2018-06-15 19:55:00+00:00,7276.75,tiempo,14.0,2.0,12.0,49.5,0.24242424242424243
-1,1,2018-06-19 13:59:00+00:00,2018-06-19 14:00:00+00:00,7192.5,7222.75,7132.0,2018-06-19 15:55:00+00:00,7223.0,stop,-61.0,2.0,-63.0,60.5,-1.0413223140495869
-1,1,2018-06-20 14:14:00+00:00,2018-06-20 14:15:00+00:00,7293.0,7308.75,7261.5,2018-06-20 15:23:00+00:00,7309.0,stop,-32.0,2.0,-34.0,31.5,-1.0793650793650793
1,1,2018-06-21 15:44:00+00:00,2018-06-21 15:45:00+00:00,7287.25,7268.75,7324.25,2018-06-21 16:04:00+00:00,7268.5,stop,-37.5,2.0,-39.5,37.0,-1.0675675675675675
-1,1,2018-06-21 16:14:00+00:00,2018-06-21 16:15:00+00:00,7267.0,7283.75,7233.5,2018-06-21 19:21:00+00:00,7233.5,objetivo,67.0,2.0,65.0,33.5,1.9402985074626866
1,1,2018-06-22 15:29:00+00:00,2018-06-22 15:30:00+00:00,7227.5,7213.5,7255.5,2018-06-22 19:55:00+00:00,7231.0,tiempo,7.0,2.0,5.0,28.0,0.17857142857142858
-1,1,2018-06-26 14:29:00+00:00,2018-06-26 14:30:00+00:00,7083.25,7112.5,7024.75,2018-06-26 16:59:00+00:00,7112.75,stop,-59.0,2.0,-61.0,58.5,-1.0427350427350428
1,1,2018-06-27 13:59:00+00:00,2018-06-27 14:00:00+00:00,7139.5,7116.5,7185.5,2018-06-27 15:05:00+00:00,7116.25,stop,-46.5,2.0,-48.5,46.0,-1.0543478260869565
-1,1,2018-06-28 14:29:00+00:00,2018-06-28 14:30:00+00:00,6990.75,7007.75,6956.75,2018-06-28 14:44:00+00:00,7008.0,stop,-34.5,2.0,-36.5,34.0,-1.0735294117647058
1,1,2018-06-28 14:44:00+00:00,2018-06-28 14:45:00+00:00,7008.5,6968.5,7088.5,2018-06-28 19:55:00+00:00,7051.25,tiempo,85.5,2.0,83.5,80.0,1.04375
-1,1,2018-06-29 14:14:00+00:00,2018-06-29 14:15:00+00:00,7095.75,7116.75,7053.75,2018-06-29 14:55:00+00:00,7117.0,stop,-42.5,2.0,-44.5,42.0,-1.0595238095238095
-1,1,2018-06-29 15:29:00+00:00,2018-06-29 15:30:00+00:00,7104.25,7113.5,7085.75,2018-06-29 15:56:00+00:00,7085.75,objetivo,37.0,2.0,35.0,18.5,1.8918918918918919
1,1,2018-06-29 17:44:00+00:00,2018-06-29 17:45:00+00:00,7102.5,7090.25,7127.0,2018-06-29 18:41:00+00:00,7090.0,stop,-25.0,2.0,-27.0,24.5,-1.1020408163265305
1,1,2018-06-29 18:59:00+00:00,2018-06-29 19:00:00+00:00,7103.0,7093.5,7122.0,2018-06-29 19:17:00+00:00,7093.25,stop,-19.5,2.0,-21.5,19.0,-1.131578947368421
-1,1,2018-07-02 17:14:00+00:00,2018-07-02 17:15:00+00:00,7033.25,7048.5,7002.75,2018-07-02 17:43:00+00:00,7048.75,stop,-31.0,2.0,-33.0,30.5,-1.0819672131147542
1,1,2018-07-02 17:44:00+00:00,2018-07-02 17:45:00+00:00,7053.5,7032.5,7095.5,2018-07-02 18:29:00+00:00,7095.5,objetivo,84.0,2.0,82.0,42.0,1.9523809523809523
1,1,2018-07-03 14:44:00+00:00,2018-07-03 14:45:00+00:00,7118.5,7108.5,7138.5,2018-07-03 14:46:00+00:00,7108.25,stop,-20.5,2.0,-22.5,20.0,-1.125
-1,1,2018-07-03 14:59:00+00:00,2018-07-03 15:00:00+00:00,7101.25,7119.0,7065.75,2018-07-03 16:13:00+00:00,7065.75,objetivo,71.0,2.0,69.0,35.5,1.943661971830986
1,1,2018-07-04 16:29:00+00:00,2018-07-04 16:30:00+00:00,7040.5,7031.25,7059.0,2018-07-04 17:00:00+00:00,7042.25,fin_de_datos,3.5,2.0,1.5,18.5,0.08108108108108109
-1,1,2018-07-05 13:59:00+00:00,2018-07-05 14:00:00+00:00,7077.25,7099.25,7033.25,2018-07-05 16:03:00+00:00,7099.5,stop,-44.5,2.0,-46.5,44.0,-1.0568181818181819
-1,1,2018-07-09 13:59:00+00:00,2018-07-09 14:00:00+00:00,7263.5,7282.0,7226.5,2018-07-09 18:59:00+00:00,7282.25,stop,-37.5,2.0,-39.5,37.0,-1.0675675675675675
-1,1,2018-07-10 13:59:00+00:00,2018-07-10 14:00:00+00:00,7293.75,7305.5,7270.25,2018-07-10 14:32:00+00:00,7305.75,stop,-24.0,2.0,-26.0,23.5,-1.1063829787234043
-1,1,2018-07-10 15:29:00+00:00,2018-07-10 15:30:00+00:00,7300.75,7309.0,7284.25,2018-07-10 15:47:00+00:00,7309.25,stop,-17.0,2.0,-19.0,16.5,-1.1515151515151516
-1,1,2018-07-10 17:29:00+00:00,2018-07-10 17:30:00+00:00,7296.25,7304.25,7280.25,2018-07-10 17:47:00+00:00,7280.25,objetivo,32.0,2.0,30.0,16.0,1.875
1,1,2018-07-10 18:59:00+00:00,2018-07-10 19:00:00+00:00,7304.0,7290.5,7331.0,2018-07-10 19:55:00+00:00,7302.0,tiempo,-4.0,2.0,-6.0,27.0,-0.2222222222222222
1,1,2018-07-11 13:59:00+00:00,2018-07-11 14:00:00+00:00,7263.75,7253.0,7285.25,2018-07-11 14:19:00+00:00,7285.25,objetivo,43.0,2.0,41.0,21.5,1.9069767441860466
-1,1,2018-07-11 15:14:00+00:00,2018-07-11 15:15:00+00:00,7265.5,7286.25,7224.0,2018-07-11 19:55:00+00:00,7265.5,tiempo,-0.0,2.0,-2.0,41.5,-0.04819277108433735
1,1,2018-07-13 14:14:00+00:00,2018-07-13 14:15:00+00:00,7391.75,7370.0,7435.25,2018-07-13 19:55:00+00:00,7395.5,tiempo,7.5,2.0,5.5,43.5,0.12643678160919541
-1,1,2018-07-16 14:14:00+00:00,2018-07-16 14:15:00+00:00,7391.0,7405.5,7362.0,2018-07-16 19:55:00+00:00,7369.25,tiempo,43.5,2.0,41.5,29.0,1.4310344827586208
1,1,2018-07-18 15:14:00+00:00,2018-07-18 15:15:00+00:00,7404.5,7391.25,7431.0,2018-07-18 19:55:00+00:00,7409.75,tiempo,10.5,2.0,8.5,26.5,0.32075471698113206
1,1,2018-07-19 14:59:00+00:00,2018-07-19 15:00:00+00:00,7378.25,7364.5,7405.75,2018-07-19 16:45:00+00:00,7364.25,stop,-28.0,2.0,-30.0,27.5,-1.0909090909090908
1,1,2018-07-19 17:29:00+00:00,2018-07-19 17:30:00+00:00,7382.0,7368.25,7409.5,2018-07-19 18:51:00+00:00,7368.0,stop,-28.0,2.0,-30.0,27.5,-1.0909090909090908
-1,1,2018-07-20 14:14:00+00:00,2018-07-20 14:15:00+00:00,7385.0,7397.0,7361.0,2018-07-20 14:30:00+00:00,7397.25,stop,-24.5,2.0,-26.5,24.0,-1.1041666666666667
-1,1,2018-07-20 15:59:00+00:00,2018-07-20 16:00:00+00:00,7392.25,7402.25,7372.25,2018-07-20 16:30:00+00:00,7372.25,objetivo,40.0,2.0,38.0,20.0,1.9
1,1,2018-07-23 13:59:00+00:00,2018-07-23 14:00:00+00:00,7333.5,7311.5,7377.5,2018-07-23 16:23:00+00:00,7377.5,objetivo,88.0,2.0,86.0,44.0,1.9545454545454546
-1,1,2018-07-24 13:59:00+00:00,2018-07-24 14:00:00+00:00,7468.25,7479.5,7445.75,2018-07-24 14:15:00+00:00,7479.75,stop,-23.0,2.0,-25.0,22.5,-1.1111111111111112
-1,1,2018-07-24 14:44:00+00:00,2018-07-24 14:45:00+00:00,7473.0,7484.75,7449.5,2018-07-24 15:03:00+00:00,7449.5,objetivo,47.0,2.0,45.0,23.5,1.9148936170212767
-1,1,2018-07-25 14:14:00+00:00,2018-07-25 14:15:00+00:00,7423.5,7437.5,7395.5,2018-07-25 14:33:00+00:00,7437.75,stop,-28.5,2.0,-30.5,28.0,-1.0892857142857142
1,1,2018-07-25 15:14:00+00:00,2018-07-25 15:15:00+00:00,7434.75,7423.0,7458.25,2018-07-25 16:14:00+00:00,7458.25,objetivo,47.0,2.0,45.0,23.5,1.9148936170212767
1,1,2018-07-26 14:14:00+00:00,2018-07-26 14:15:00+00:00,7429.25,7408.5,7470.75,2018-07-26 16:51:00+00:00,7408.25,stop,-42.0,2.0,-44.0,41.5,-1.0602409638554218
1,1,2018-07-31 15:14:00+00:00,2018-07-31 15:15:00+00:00,7240.0,7218.5,7283.0,2018-07-31 16:24:00+00:00,7283.0,objetivo,86.0,2.0,84.0,43.0,1.9534883720930232
-1,1,2018-08-01 15:14:00+00:00,2018-08-01 15:15:00+00:00,7282.5,7292.5,7262.5,2018-08-01 15:44:00+00:00,7262.5,objetivo,40.0,2.0,38.0,20.0,1.9
1,1,2018-08-01 18:29:00+00:00,2018-08-01 18:30:00+00:00,7278.75,7256.25,7323.75,2018-08-01 19:55:00+00:00,7283.25,tiempo,9.0,2.0,7.0,45.0,0.15555555555555556
1,1,2018-08-03 14:14:00+00:00,2018-08-03 14:15:00+00:00,7388.25,7373.0,7418.75,2018-08-03 15:03:00+00:00,7372.75,stop,-31.0,2.0,-33.0,30.5,-1.0819672131147542
1,1,2018-08-03 15:14:00+00:00,2018-08-03 15:15:00+00:00,7389.0,7372.25,7422.5,2018-08-03 15:57:00+00:00,7372.0,stop,-34.0,2.0,-36.0,33.5,-1.0746268656716418
1,1,2018-08-03 16:29:00+00:00,2018-08-03 16:30:00+00:00,7385.5,7379.25,7398.0,2018-08-03 16:52:00+00:00,7379.0,stop,-13.0,2.0,-15.0,12.5,-1.2
1,1,2018-08-06 13:59:00+00:00,2018-08-06 14:00:00+00:00,7412.75,7389.5,7459.25,2018-08-06 19:55:00+00:00,7443.0,tiempo,60.5,2.0,58.5,46.5,1.2580645161290323
1,1,2018-08-07 13:59:00+00:00,2018-08-07 14:00:00+00:00,7472.0,7453.25,7509.5,2018-08-07 15:00:00+00:00,7453.0,stop,-38.0,2.0,-40.0,37.5,-1.0666666666666667
1,1,2018-08-07 16:14:00+00:00,2018-08-07 16:15:00+00:00,7471.25,7463.0,7487.75,2018-08-07 19:55:00+00:00,7467.0,tiempo,-8.5,2.0,-10.5,16.5,-0.6363636363636364
1,1,2018-08-08 13:59:00+00:00,2018-08-08 14:00:00+00:00,7462.25,7453.75,7479.25,2018-08-08 14:50:00+00:00,7479.25,objetivo,34.0,2.0,32.0,17.0,1.8823529411764706
-1,1,2018-08-09 13:59:00+00:00,2018-08-09 14:00:00+00:00,7477.25,7485.5,7460.75,2018-08-09 14:05:00+00:00,7485.75,stop,-17.0,2.0,-19.0,16.5,-1.1515151515151516
1,1,2018-08-09 14:14:00+00:00,2018-08-09 14:15:00+00:00,7489.0,7476.0,7515.0,2018-08-09 19:49:00+00:00,7475.75,stop,-26.5,2.0,-28.5,26.0,-1.0961538461538463
-1,1,2018-08-10 13:59:00+00:00,2018-08-10 14:00:00+00:00,7420.0,7446.75,7366.5,2018-08-10 19:55:00+00:00,7418.25,tiempo,3.5,2.0,1.5,53.5,0.028037383177570093
-1,1,2018-08-13 15:14:00+00:00,2018-08-13 15:15:00+00:00,7454.5,7469.5,7424.5,2018-08-13 15:52:00+00:00,7424.5,objetivo,60.0,2.0,58.0,30.0,1.9333333333333333
1,1,2018-08-13 18:29:00+00:00,2018-08-13 18:30:00+00:00,7443.5,7436.0,7458.5,2018-08-13 18:36:00+00:00,7435.75,stop,-15.5,2.0,-17.5,15.0,-1.1666666666666667
-1,1,2018-08-13 18:44:00+00:00,2018-08-13 18:45:00+00:00,7435.5,7445.25,7416.0,2018-08-13 19:02:00+00:00,7416.0,objetivo,39.0,2.0,37.0,19.5,1.8974358974358974
1,1,2018-08-14 14:29:00+00:00,2018-08-14 14:30:00+00:00,7425.0,7414.25,7446.5,2018-08-14 14:50:00+00:00,7446.5,objetivo,43.0,2.0,41.0,21.5,1.9069767441860466
-1,1,2018-08-15 13:59:00+00:00,2018-08-15 14:00:00+00:00,7374.25,7408.0,7306.75,2018-08-15 19:55:00+00:00,7364.75,tiempo,19.0,2.0,17.0,67.5,0.2518518518518518
1,1,2018-08-16 14:14:00+00:00,2018-08-16 14:15:00+00:00,7413.75,7399.5,7442.25,2018-08-16 18:29:00+00:00,7399.25,stop,-29.0,2.0,-31.0,28.5,-1.087719298245614
-1,1,2018-08-17 13:59:00+00:00,2018-08-17 14:00:00+00:00,7356.75,7375.25,7319.75,2018-08-17 15:58:00+00:00,7375.5,stop,-37.5,2.0,-39.5,37.0,-1.0675675675675675
-1,1,2018-08-17 17:29:00+00:00,2018-08-17 17:30:00+00:00,7349.75,7358.75,7331.75,2018-08-17 17:35:00+00:00,7359.0,stop,-18.5,2.0,-20.5,18.0,-1.1388888888888888
1,1,2018-08-17 17:44:00+00:00,2018-08-17 17:45:00+00:00,7359.0,7349.5,7378.0,2018-08-17 18:04:00+00:00,7378.0,objetivo,38.0,2.0,36.0,19.0,1.894736842105263
1,1,2018-08-20 16:14:00+00:00,2018-08-20 16:15:00+00:00,7373.0,7361.0,7397.0,2018-08-20 18:03:00+00:00,7397.0,objetivo,48.0,2.0,46.0,24.0,1.9166666666666667
-1,1,2018-08-21 15:14:00+00:00,2018-08-21 15:15:00+00:00,7415.75,7427.5,7392.25,2018-08-21 15:34:00+00:00,7427.75,stop,-24.0,2.0,-26.0,23.5,-1.1063829787234043
1,1,2018-08-21 15:44:00+00:00,2018-08-21 15:45:00+00:00,7432.5,7416.0,7465.5,2018-08-21 18:49:00+00:00,7415.75,stop,-33.5,2.0,-35.5,33.0,-1.0757575757575757
1,1,2018-08-22 14:14:00+00:00,2018-08-22 14:15:00+00:00,7407.0,7381.25,7458.5,2018-08-22 19:55:00+00:00,7436.75,tiempo,59.5,2.0,57.5,51.5,1.116504854368932
-1,1,2018-08-23 14:59:00+00:00,2018-08-23 15:00:00+00:00,7454.75,7471.25,7421.75,2018-08-23 15:19:00+00:00,7421.75,objetivo,66.0,2.0,64.0,33.0,1.9393939393939394
1,1,2018-08-23 18:14:00+00:00,2018-08-23 18:15:00+00:00,7447.5,7438.25,7466.0,2018-08-23 18:50:00+00:00,7438.0,stop,-19.0,2.0,-21.0,18.5,-1.135135135135135
-1,1,2018-08-23 18:59:00+00:00,2018-08-23 19:00:00+00:00,7443.5,7449.5,7431.5,2018-08-23 19:37:00+00:00,7431.5,objetivo,24.0,2.0,22.0,12.0,1.8333333333333333
-1,1,2018-08-24 13:59:00+00:00,2018-08-24 14:00:00+00:00,7453.75,7461.0,7439.25,2018-08-24 14:01:00+00:00,7461.25,stop,-15.0,2.0,-17.0,14.5,-1.1724137931034482
1,1,2018-08-24 14:14:00+00:00,2018-08-24 14:15:00+00:00,7460.0,7454.0,7472.0,2018-08-24 14:28:00+00:00,7472.0,objetivo,24.0,2.0,22.0,12.0,1.8333333333333333
1,1,2018-08-27 13:59:00+00:00,2018-08-27 14:00:00+00:00,7541.75,7524.25,7576.75,2018-08-27 19:55:00+00:00,7562.25,tiempo,41.0,2.0,39.0,35.0,1.1142857142857143
1,1,2018-08-28 13:59:00+00:00,2018-08-28 14:00:00+00:00,7587.5,7575.0,7612.5,2018-08-28 14:32:00+00:00,7574.75,stop,-25.5,2.0,-27.5,25.0,-1.1
1,1,2018-08-28 15:29:00+00:00,2018-08-28 15:30:00+00:00,7583.25,7576.5,7596.75,2018-08-28 15:31:00+00:00,7576.25,stop,-14.0,2.0,-16.0,13.5,-1.1851851851851851
-1,1,2018-08-28 15:44:00+00:00,2018-08-28 15:45:00+00:00,7570.25,7583.5,7543.75,2018-08-28 16:48:00+00:00,7583.75,stop,-27.0,2.0,-29.0,26.5,-1.0943396226415094
1,1,2018-08-28 16:59:00+00:00,2018-08-28 17:00:00+00:00,7582.0,7578.75,7588.5,2018-08-28 17:02:00+00:00,7578.5,stop,-7.0,2.0,-9.0,6.5,-1.3846153846153846
-1,1,2018-08-28 17:29:00+00:00,2018-08-28 17:30:00+00:00,7577.25,7585.5,7560.75,2018-08-28 17:39:00+00:00,7585.75,stop,-17.0,2.0,-19.0,16.5,-1.1515151515151516
1,1,2018-08-28 17:44:00+00:00,2018-08-28 17:45:00+00:00,7584.5,7575.5,7602.5,2018-08-28 19:41:00+00:00,7575.25,stop,-18.5,2.0,-20.5,18.0,-1.1388888888888888
1,1,2018-08-30 14:14:00+00:00,2018-08-30 14:15:00+00:00,7660.0,7648.0,7684.0,2018-08-30 16:34:00+00:00,7684.0,objetivo,48.0,2.0,46.0,24.0,1.9166666666666667
-1,1,2018-08-30 18:29:00+00:00,2018-08-30 18:30:00+00:00,7652.25,7688.0,7580.75,2018-08-30 19:55:00+00:00,7647.25,tiempo,10.0,2.0,8.0,71.5,0.11188811188811189
-1,1,2018-08-31 15:14:00+00:00,2018-08-31 15:15:00+00:00,7666.75,7680.5,7639.25,2018-08-31 18:11:00+00:00,7639.25,objetivo,55.0,2.0,53.0,27.5,1.9272727272727272
1,1,2018-09-04 14:14:00+00:00,2018-09-04 14:15:00+00:00,7627.5,7605.0,7672.5,2018-09-04 16:07:00+00:00,7604.75,stop,-45.5,2.0,-47.5,45.0,-1.0555555555555556
1,1,2018-09-04 17:59:00+00:00,2018-09-04 18:00:00+00:00,7620.75,7606.25,7649.75,2018-09-04 19:55:00+00:00,7620.25,tiempo,-1.0,2.0,-3.0,29.0,-0.10344827586206896
1,1,2018-09-05 16:29:00+00:00,2018-09-05 16:30:00+00:00,7548.0,7539.0,7566.0,2018-09-05 16:57:00+00:00,7538.75,stop,-18.5,2.0,-20.5,18.0,-1.1388888888888888
-1,1,2018-09-05 16:59:00+00:00,2018-09-05 17:00:00+00:00,7539.0,7557.5,7502.0,2018-09-05 17:20:00+00:00,7557.75,stop,-37.5,2.0,-39.5,37.0,-1.0675675675675675
-1,1,2018-09-05 18:14:00+00:00,2018-09-05 18:15:00+00:00,7537.75,7550.75,7511.75,2018-09-05 19:50:00+00:00,7511.75,objetivo,52.0,2.0,50.0,26.0,1.9230769230769231
1,1,2018-09-06 13:59:00+00:00,2018-09-06 14:00:00+00:00,7522.5,7500.5,7566.5,2018-09-06 14:06:00+00:00,7500.25,stop,-44.5,2.0,-46.5,44.0,-1.0568181818181819
-1,1,2018-09-06 14:14:00+00:00,2018-09-06 14:15:00+00:00,7471.75,7525.0,7365.25,2018-09-06 19:55:00+00:00,7461.5,tiempo,20.5,2.0,18.5,106.5,0.17370892018779344
-1,1,2018-09-07 16:14:00+00:00,2018-09-07 16:15:00+00:00,7451.75,7472.75,7409.75,2018-09-07 19:55:00+00:00,7430.25,tiempo,43.0,2.0,41.0,42.0,0.9761904761904762
1,1,2018-09-10 15:14:00+00:00,2018-09-10 15:15:00+00:00,7447.5,7422.0,7498.5,2018-09-10 19:55:00+00:00,7447.5,tiempo,0.0,2.0,-2.0,51.0,-0.0392156862745098
-1,1,2018-09-12 13:59:00+00:00,2018-09-12 14:00:00+00:00,7465.75,7501.0,7395.25,2018-09-12 19:55:00+00:00,7493.5,tiempo,-55.5,2.0,-57.5,70.5,-0.8156028368794326
-1,1,2018-09-13 13:59:00+00:00,2018-09-13 14:00:00+00:00,7556.5,7579.75,7510.0,2018-09-13 16:02:00+00:00,7580.0,stop,-47.0,2.0,-49.0,46.5,-1.053763440860215
-1,1,2018-09-13 17:44:00+00:00,2018-09-13 17:45:00+00:00,7557.0,7566.5,7538.0,2018-09-13 18:01:00+00:00,7566.75,stop,-19.5,2.0,-21.5,19.0,-1.131578947368421
-1,1,2018-09-13 18:29:00+00:00,2018-09-13 18:30:00+00:00,7556.5,7564.5,7540.5,2018-09-13 18:41:00+00:00,7564.75,stop,-16.5,2.0,-18.5,16.0,-1.15625
1,1,2018-09-13 18:44:00+00:00,2018-09-13 18:45:00+00:00,7565.0,7555.25,7584.5,2018-09-13 19:07:00+00:00,7555.0,stop,-20.0,2.0,-22.0,19.5,-1.1282051282051282
-1,1,2018-09-14 14:14:00+00:00,2018-09-14 14:15:00+00:00,7556.75,7578.0,7514.25,2018-09-14 14:30:00+00:00,7578.25,stop,-43.0,2.0,-45.0,42.5,-1.0588235294117647
-1,1,2018-09-14 15:14:00+00:00,2018-09-14 15:15:00+00:00,7563.25,7577.25,7535.25,2018-09-14 16:06:00+00:00,7535.25,objetivo,56.0,2.0,54.0,28.0,1.9285714285714286
1,1,2018-09-17 16:29:00+00:00,2018-09-17 16:30:00+00:00,7517.75,7511.0,7531.25,2018-09-17 16:35:00+00:00,7510.75,stop,-14.0,2.0,-16.0,13.5,-1.1851851851851851
-1,1,2018-09-17 16:44:00+00:00,2018-09-17 16:45:00+00:00,7512.75,7519.0,7500.25,2018-09-17 16:49:00+00:00,7519.25,stop,-13.0,2.0,-15.0,12.5,-1.2
1,1,2018-09-17 16:59:00+00:00,2018-09-17 17:00:00+00:00,7515.0,7505.0,7535.0,2018-09-17 17:20:00+00:00,7504.75,stop,-20.5,2.0,-22.5,20.0,-1.125
1,1,2018-09-19 15:14:00+00:00,2018-09-19 15:15:00+00:00,7509.0,7475.25,7576.5,2018-09-19 19:55:00+00:00,7524.75,tiempo,31.5,2.0,29.5,67.5,0.43703703703703706
-1,1,2018-09-21 13:59:00+00:00,2018-09-21 14:00:00+00:00,7611.5,7631.5,7571.5,2018-09-21 18:53:00+00:00,7571.5,objetivo,80.0,2.0,78.0,40.0,1.95
1,1,2018-09-25 13:59:00+00:00,2018-09-25 14:00:00+00:00,7576.5,7559.75,7610.0,2018-09-25 14:25:00+00:00,7559.5,stop,-34.0,2.0,-36.0,33.5,-1.0746268656716418
1,1,2018-09-25 14:44:00+00:00,2018-09-25 14:45:00+00:00,7577.25,7563.75,7604.25,2018-09-25 14:57:00+00:00,7563.5,stop,-27.5,2.0,-29.5,27.0,-1.0925925925925926
-1,1,2018-09-25 14:59:00+00:00,2018-09-25 15:00:00+00:00,7552.75,7579.5,7499.25,2018-09-25 15:26:00+00:00,7579.75,stop,-54.0,2.0,-56.0,53.5,-1.0467289719626167
-1,1,2018-09-26 14:14:00+00:00,2018-09-26 14:15:00+00:00,7603.5,7621.0,7568.5,2018-09-26 14:39:00+00:00,7621.25,stop,-35.5,2.0,-37.5,35.0,-1.0714285714285714
1,1,2018-09-28 14:29:00+00:00,2018-09-28 14:30:00+00:00,7641.5,7625.5,7673.5,2018-09-28 15:15:00+00:00,7673.5,objetivo,64.0,2.0,62.0,32.0,1.9375
-1,1,2018-09-28 17:14:00+00:00,2018-09-28 17:15:00+00:00,7646.25,7651.0,7636.75,2018-09-28 17:22:00+00:00,7651.25,stop,-10.0,2.0,-12.0,9.5,-1.263157894736842
1,1,2018-09-28 17:29:00+00:00,2018-09-28 17:30:00+00:00,7653.5,7645.25,7670.0,2018-09-28 18:02:00+00:00,7645.0,stop,-17.0,2.0,-19.0,16.5,-1.1515151515151516
-1,1,2018-09-28 18:14:00+00:00,2018-09-28 18:15:00+00:00,7642.0,7651.75,7622.5,2018-09-28 18:40:00+00:00,7652.0,stop,-20.0,2.0,-22.0,19.5,-1.1282051282051282
-1,1,2018-09-28 18:59:00+00:00,2018-09-28 19:00:00+00:00,7646.0,7650.25,7637.5,2018-09-28 19:02:00+00:00,7650.5,stop,-9.0,2.0,-11.0,8.5,-1.2941176470588236
-1,1,2018-10-01 14:44:00+00:00,2018-10-01 14:45:00+00:00,7714.75,7727.5,7689.25,2018-10-01 16:42:00+00:00,7689.25,objetivo,51.0,2.0,49.0,25.5,1.9215686274509804
1,1,2018-10-02 13:59:00+00:00,2018-10-02 14:00:00+00:00,7679.5,7654.0,7730.5,2018-10-02 19:06:00+00:00,7653.75,stop,-51.5,2.0,-53.5,51.0,-1.0490196078431373
1,1,2018-10-03 14:14:00+00:00,2018-10-03 14:15:00+00:00,7702.5,7683.0,7741.5,2018-10-03 14:50:00+00:00,7682.75,stop,-39.5,2.0,-41.5,39.0,-1.064102564102564
1,1,2018-10-03 15:59:00+00:00,2018-10-03 16:00:00+00:00,7691.75,7669.0,7737.25,2018-10-03 18:36:00+00:00,7668.75,stop,-46.0,2.0,-48.0,45.5,-1.054945054945055
-1,1,2018-10-05 13:59:00+00:00,2018-10-05 14:00:00+00:00,7478.5,7534.75,7366.0,2018-10-05 16:41:00+00:00,7366.0,objetivo,225.0,2.0,223.0,112.5,1.9822222222222223
1,1,2018-10-05 18:44:00+00:00,2018-10-05 18:45:00+00:00,7436.0,7416.5,7475.0,2018-10-05 19:33:00+00:00,7416.25,stop,-39.5,2.0,-41.5,39.0,-1.064102564102564
-1,1,2018-10-08 14:44:00+00:00,2018-10-08 14:45:00+00:00,7402.0,7430.0,7346.0,2018-10-08 15:33:00+00:00,7346.0,objetivo,112.0,2.0,110.0,56.0,1.9642857142857142
1,1,2018-10-08 18:44:00+00:00,2018-10-08 18:45:00+00:00,7374.75,7350.25,7423.75,2018-10-08 19:55:00+00:00,7382.75,tiempo,16.0,2.0,14.0,49.0,0.2857142857142857
-1,1,2018-10-09 14:14:00+00:00,2018-10-09 14:15:00+00:00,7392.75,7417.75,7342.75,2018-10-09 14:20:00+00:00,7418.0,stop,-50.5,2.0,-52.5,50.0,-1.05
1,1,2018-10-09 14:29:00+00:00,2018-10-09 14:30:00+00:00,7435.5,7392.75,7521.0,2018-10-09 16:44:00+00:00,7392.5,stop,-86.0,2.0,-88.0,85.5,-1.0292397660818713
1,1,2018-10-09 18:59:00+00:00,2018-10-09 19:00:00+00:00,7410.5,7385.0,7461.5,2018-10-09 19:55:00+00:00,7403.0,tiempo,-15.0,2.0,-17.0,51.0,-0.3333333333333333
1,1,2018-10-11 13:59:00+00:00,2018-10-11 14:00:00+00:00,7135.25,7005.5,7394.75,2018-10-11 15:04:00+00:00,7005.25,stop,-260.0,2.0,-262.0,259.5,-1.0096339113680155
1,1,2018-10-11 15:59:00+00:00,2018-10-11 16:00:00+00:00,7057.25,7038.5,7094.75,2018-10-11 16:20:00+00:00,7094.75,objetivo,75.0,2.0,73.0,37.5,1.9466666666666668
-1,1,2018-10-11 18:14:00+00:00,2018-10-11 18:15:00+00:00,7028.5,7072.75,6940.0,2018-10-11 18:45:00+00:00,6940.0,objetivo,177.0,2.0,175.0,88.5,1.9774011299435028
1,1,2018-10-12 13:59:00+00:00,2018-10-12 14:00:00+00:00,7149.0,7119.0,7209.0,2018-10-12 14:30:00+00:00,7118.75,stop,-60.5,2.0,-62.5,60.0,-1.0416666666666667
1,1,2018-10-12 14:44:00+00:00,2018-10-12 14:45:00+00:00,7156.5,7119.0,7231.5,2018-10-12 15:41:00+00:00,7118.75,stop,-75.5,2.0,-77.5,75.0,-1.0333333333333334
1,1,2018-10-12 18:59:00+00:00,2018-10-12 19:00:00+00:00,7121.5,7080.5,7203.5,2018-10-12 19:55:00+00:00,7182.75,tiempo,122.5,2.0,120.5,82.0,1.4695121951219512
1,1,2018-10-15 14:59:00+00:00,2018-10-15 15:00:00+00:00,7111.5,7087.25,7160.0,2018-10-15 16:13:00+00:00,7087.0,stop,-49.0,2.0,-51.0,48.5,-1.0515463917525774
1,1,2018-10-15 16:29:00+00:00,2018-10-15 16:30:00+00:00,7119.25,7089.25,7179.25,2018-10-15 19:55:00+00:00,7101.0,tiempo,-36.5,2.0,-38.5,60.0,-0.6416666666666667
-1,1,2018-10-16 14:14:00+00:00,2018-10-16 14:15:00+00:00,7167.25,7198.25,7105.25,2018-10-16 14:55:00+00:00,7198.5,stop,-62.5,2.0,-64.5,62.0,-1.0403225806451613
1,1,2018-10-17 15:29:00+00:00,2018-10-17 15:30:00+00:00,7271.25,7254.5,7304.75,2018-10-17 15:34:00+00:00,7254.25,stop,-34.0,2.0,-36.0,33.5,-1.0746268656716418
-1,1,2018-10-17 18:29:00+00:00,2018-10-17 18:30:00+00:00,7260.0,7280.25,7219.5,2018-10-17 18:40:00+00:00,7280.5,stop,-41.0,2.0,-43.0,40.5,-1.0617283950617284
1,1,2018-10-17 18:44:00+00:00,2018-10-17 18:45:00+00:00,7285.75,7252.25,7352.75,2018-10-17 19:55:00+00:00,7290.5,tiempo,9.5,2.0,7.5,67.0,0.11194029850746269
1,1,2018-10-18 14:44:00+00:00,2018-10-18 14:45:00+00:00,7239.5,7222.25,7274.0,2018-10-18 15:06:00+00:00,7222.0,stop,-35.0,2.0,-37.0,34.5,-1.0724637681159421
-1,1,2018-10-18 15:14:00+00:00,2018-10-18 15:15:00+00:00,7213.5,7251.5,7137.5,2018-10-18 15:46:00+00:00,7137.5,objetivo,152.0,2.0,150.0,76.0,1.9736842105263157
-1,1,2018-10-19 14:59:00+00:00,2018-10-19 15:00:00+00:00,7215.5,7223.75,7199.0,2018-10-19 15:00:00+00:00,7224.0,stop,-17.0,2.0,-19.0,16.5,-1.1515151515151516
1,1,2018-10-22 14:44:00+00:00,2018-10-22 14:45:00+00:00,7168.75,7104.25,7297.75,2018-10-22 19:55:00+00:00,7167.5,tiempo,-2.5,2.0,-4.5,129.0,-0.03488372093023256
1,1,2018-10-23 15:14:00+00:00,2018-10-23 15:15:00+00:00,7003.25,6971.75,7066.25,2018-10-23 16:34:00+00:00,7066.25,objetivo,126.0,2.0,124.0,63.0,1.9682539682539681
-1,1,2018-10-26 14:14:00+00:00,2018-10-26 14:15:00+00:00,6807.5,6864.75,6693.0,2018-10-26 15:30:00+00:00,6865.0,stop,-115.0,2.0,-117.0,114.5,-1.0218340611353711
-1,1,2018-10-26 18:59:00+00:00,2018-10-26 19:00:00+00:00,6830.0,6882.75,6724.5,2018-10-26 19:50:00+00:00,6883.0,stop,-106.0,2.0,-108.0,105.5,-1.0236966824644549
1,1,2018-10-29 13:59:00+00:00,2018-10-29 14:00:00+00:00,6944.5,6921.0,6991.5,2018-10-29 14:48:00+00:00,6920.75,stop,-47.5,2.0,-49.5,47.0,-1.053191489361702
-1,1,2018-10-30 14:44:00+00:00,2018-10-30 14:45:00+00:00,6697.5,6785.75,6521.0,2018-10-30 15:32:00+00:00,6786.0,stop,-177.0,2.0,-179.0,176.5,-1.0141643059490084
-1,1,2018-10-30 16:59:00+00:00,2018-10-30 17:00:00+00:00,6735.5,6787.0,6632.5,2018-10-30 19:10:00+00:00,6787.25,stop,-103.5,2.0,-105.5,103.0,-1.0242718446601942
-1,1,2018-10-31 15:14:00+00:00,2018-10-31 15:15:00+00:00,6960.0,6992.0,6896.0,2018-10-31 15:24:00+00:00,6992.25,stop,-64.5,2.0,-66.5,64.0,-1.0390625
1,1,2018-10-31 15:29:00+00:00,2018-10-31 15:30:00+00:00,6993.5,6957.0,7066.5,2018-10-31 15:42:00+00:00,6956.75,stop,-73.5,2.0,-75.5,73.0,-1.0342465753424657
-1,1,2018-10-31 15:44:00+00:00,2018-10-31 15:45:00+00:00,6942.5,6996.75,6834.0,2018-10-31 16:55:00+00:00,6997.0,stop,-109.0,2.0,-111.0,108.5,-1.023041474654378
1,1,2018-11-01 14:29:00+00:00,2018-11-01 14:30:00+00:00,6985.75,6960.75,7035.75,2018-11-01 15:23:00+00:00,7035.75,objetivo,100.0,2.0,98.0,50.0,1.96
-1,1,2018-11-02 13:59:00+00:00,2018-11-02 14:00:00+00:00,7041.5,7090.25,6944.0,2018-11-02 16:37:00+00:00,6944.0,objetivo,195.0,2.0,193.0,97.5,1.9794871794871796
1,1,2018-11-05 15:59:00+00:00,2018-11-05 16:00:00+00:00,6913.0,6874.5,6990.0,2018-11-05 20:55:00+00:00,6945.25,tiempo,64.5,2.0,62.5,77.0,0.8116883116883117
-1,1,2018-11-06 15:44:00+00:00,2018-11-06 15:45:00+00:00,6996.5,7015.75,6958.0,2018-11-06 19:20:00+00:00,6958.0,objetivo,77.0,2.0,75.0,38.5,1.948051948051948
1,1,2018-11-08 14:59:00+00:00,2018-11-08 15:00:00+00:00,7194.5,7161.25,7261.0,2018-11-08 18:21:00+00:00,7161.0,stop,-67.0,2.0,-69.0,66.5,-1.037593984962406
1,1,2018-11-08 19:14:00+00:00,2018-11-08 19:15:00+00:00,7181.5,7144.75,7255.0,2018-11-08 19:41:00+00:00,7144.5,stop,-74.0,2.0,-76.0,73.5,-1.034013605442177
1,1,2018-11-13 15:44:00+00:00,2018-11-13 15:45:00+00:00,6878.5,6836.5,6962.5,2018-11-13 19:22:00+00:00,6836.25,stop,-84.5,2.0,-86.5,84.0,-1.0297619047619047
-1,1,2018-11-14 14:59:00+00:00,2018-11-14 15:00:00+00:00,6890.5,6929.5,6812.5,2018-11-14 16:05:00+00:00,6812.5,objetivo,156.0,2.0,154.0,78.0,1.9743589743589745
1,1,2018-11-14 19:59:00+00:00,2018-11-14 20:00:00+00:00,6830.25,6780.5,6929.75,2018-11-14 20:54:00+00:00,6780.25,stop,-100.0,2.0,-102.0,99.5,-1.0251256281407035
-1,1,2018-11-15 14:59:00+00:00,2018-11-15 15:00:00+00:00,6760.5,6809.75,6662.0,2018-11-15 16:24:00+00:00,6810.0,stop,-99.0,2.0,-101.0,98.5,-1.0253807106598984
1,1,2018-11-16 14:59:00+00:00,2018-11-16 15:00:00+00:00,6868.0,6823.0,6958.0,2018-11-16 17:03:00+00:00,6822.75,stop,-90.5,2.0,-92.5,90.0,-1.0277777777777777
1,1,2018-11-16 17:44:00+00:00,2018-11-16 17:45:00+00:00,6879.0,6822.75,6991.5,2018-11-16 20:55:00+00:00,6889.75,tiempo,21.5,2.0,19.5,112.5,0.17333333333333334
-1,1,2018-11-20 14:59:00+00:00,2018-11-20 15:00:00+00:00,6504.5,6558.0,6397.5,2018-11-20 15:38:00+00:00,6558.25,stop,-107.5,2.0,-109.5,107.0,-1.0233644859813085
-1,1,2018-11-20 18:29:00+00:00,2018-11-20 18:30:00+00:00,6542.75,6572.75,6482.75,2018-11-20 20:55:00+00:00,6527.0,tiempo,31.5,2.0,29.5,60.0,0.49166666666666664
1,1,2018-11-21 14:59:00+00:00,2018-11-21 15:00:00+00:00,6615.5,6571.0,6704.5,2018-11-21 20:55:00+00:00,6591.5,tiempo,-48.0,2.0,-50.0,89.0,-0.5617977528089888
-1,1,2018-11-22 14:59:00+00:00,2018-11-22 15:00:00+00:00,6549.5,6552.75,6543.0,2018-11-22 15:19:00+00:00,6543.0,objetivo,13.0,2.0,11.0,6.5,1.6923076923076923
1,1,2018-11-22 16:59:00+00:00,2018-11-22 17:00:00+00:00,6529.25,6522.0,6543.75,2018-11-22 17:31:00+00:00,6521.75,stop,-15.0,2.0,-17.0,14.5,-1.1724137931034482
-1,1,2018-11-22 17:44:00+00:00,2018-11-22 17:45:00+00:00,6520.75,6530.75,6500.75,2018-11-22 17:59:00+00:00,6521.25,fin_de_datos,-1.0,2.0,-3.0,20.0,-0.15
-1,1,2018-11-23 15:29:00+00:00,2018-11-23 15:30:00+00:00,6562.0,6577.25,6531.5,2018-11-23 15:34:00+00:00,6577.5,stop,-31.0,2.0,-33.0,30.5,-1.0819672131147542
-1,1,2018-11-26 16:44:00+00:00,2018-11-26 16:45:00+00:00,6625.25,6646.25,6583.25,2018-11-26 17:08:00+00:00,6646.5,stop,-42.5,2.0,-44.5,42.0,-1.0595238095238095
1,1,2018-11-26 18:44:00+00:00,2018-11-26 18:45:00+00:00,6633.75,6623.0,6655.25,2018-11-26 19:14:00+00:00,6655.25,objetivo,43.0,2.0,41.0,21.5,1.9069767441860466
1,1,2018-11-27 14:59:00+00:00,2018-11-27 15:00:00+00:00,6666.75,6628.5,6743.25,2018-11-27 20:55:00+00:00,6699.0,tiempo,64.5,2.0,62.5,76.5,0.8169934640522876
1,1,2018-11-28 16:44:00+00:00,2018-11-28 16:45:00+00:00,6740.75,6723.0,6776.25,2018-11-28 17:02:00+00:00,6776.25,objetivo,71.0,2.0,69.0,35.5,1.943661971830986
-1,1,2018-11-29 15:29:00+00:00,2018-11-29 15:30:00+00:00,6864.75,6892.75,6808.75,2018-11-29 15:30:00+00:00,6893.0,stop,-56.5,2.0,-58.5,56.0,-1.0446428571428572
1,1,2018-11-29 16:29:00+00:00,2018-11-29 16:30:00+00:00,6876.75,6852.5,6925.25,2018-11-29 19:18:00+00:00,6925.25,objetivo,97.0,2.0,95.0,48.5,1.958762886597938
1,1,2018-11-30 14:59:00+00:00,2018-11-30 15:00:00+00:00,6896.0,6884.25,6919.5,2018-11-30 15:02:00+00:00,6884.0,stop,-24.0,2.0,-26.0,23.5,-1.1063829787234043
-1,1,2018-11-30 16:14:00+00:00,2018-11-30 16:15:00+00:00,6902.5,6915.5,6876.5,2018-11-30 16:42:00+00:00,6915.75,stop,-26.5,2.0,-28.5,26.0,-1.0961538461538463
1,1,2018-11-30 16:44:00+00:00,2018-11-30 16:45:00+00:00,6915.5,6893.0,6960.5,2018-11-30 17:43:00+00:00,6892.75,stop,-45.5,2.0,-47.5,45.0,-1.0555555555555556
1,1,2018-11-30 18:44:00+00:00,2018-11-30 18:45:00+00:00,6913.0,6893.75,6951.5,2018-11-30 20:55:00+00:00,6930.75,tiempo,35.5,2.0,33.5,38.5,0.8701298701298701
1,1,2018-12-03 15:29:00+00:00,2018-12-03 15:30:00+00:00,7087.75,7060.0,7143.25,2018-12-03 15:47:00+00:00,7059.75,stop,-56.0,2.0,-58.0,55.5,-1.045045045045045
1,1,2018-12-04 15:14:00+00:00,2018-12-04 15:15:00+00:00,7033.25,7021.75,7056.25,2018-12-04 15:28:00+00:00,7021.5,stop,-23.5,2.0,-25.5,23.0,-1.108695652173913
-1,1,2018-12-04 15:59:00+00:00,2018-12-04 16:00:00+00:00,7025.75,7040.75,6995.75,2018-12-04 16:58:00+00:00,6995.75,objetivo,60.0,2.0,58.0,30.0,1.9333333333333333
-1,1,2018-12-06 14:59:00+00:00,2018-12-06 15:00:00+00:00,6671.0,6731.25,6550.5,2018-12-06 17:15:00+00:00,6731.5,stop,-121.0,2.0,-123.0,120.5,-1.020746887966805
-1,1,2018-12-07 14:59:00+00:00,2018-12-07 15:00:00+00:00,6823.5,6842.25,6786.0,2018-12-07 15:13:00+00:00,6786.0,objetivo,75.0,2.0,73.0,37.5,1.9466666666666668
-1,1,2018-12-10 14:59:00+00:00,2018-12-10 15:00:00+00:00,6598.75,6670.25,6455.75,2018-12-10 18:52:00+00:00,6670.5,stop,-143.5,2.0,-145.5,143.0,-1.0174825174825175
-1,1,2018-12-11 14:59:00+00:00,2018-12-11 15:00:00+00:00,6771.5,6789.75,6735.0,2018-12-11 15:25:00+00:00,6790.0,stop,-37.0,2.0,-39.0,36.5,-1.0684931506849316
1,1,2018-12-11 15:29:00+00:00,2018-12-11 15:30:00+00:00,6786.75,6745.75,6868.75,2018-12-11 15:49:00+00:00,6745.5,stop,-82.5,2.0,-84.5,82.0,-1.0304878048780488
-1,1,2018-12-11 15:59:00+00:00,2018-12-11 16:00:00+00:00,6747.0,6779.5,6682.0,2018-12-11 18:41:00+00:00,6682.0,objetivo,130.0,2.0,128.0,65.0,1.9692307692307693
-1,1,2018-12-12 19:14:00+00:00,2018-12-12 19:15:00+00:00,6819.0,6850.75,6755.5,2018-12-12 20:55:00+00:00,6791.5,tiempo,55.0,2.0,53.0,63.5,0.8346456692913385
1,1,2018-12-13 15:14:00+00:00,2018-12-13 15:15:00+00:00,6830.25,6786.0,6918.75,2018-12-13 15:39:00+00:00,6785.75,stop,-89.0,2.0,-91.0,88.5,-1.0282485875706215
1,1,2018-12-13 16:44:00+00:00,2018-12-13 16:45:00+00:00,6793.0,6761.75,6855.5,2018-12-13 16:54:00+00:00,6761.5,stop,-63.0,2.0,-65.0,62.5,-1.04
-1,1,2018-12-13 16:59:00+00:00,2018-12-13 17:00:00+00:00,6753.0,6793.5,6672.0,2018-12-13 20:55:00+00:00,6766.0,tiempo,-26.0,2.0,-28.0,81.0,-0.345679012345679
-1,1,2018-12-14 15:29:00+00:00,2018-12-14 15:30:00+00:00,6682.25,6712.0,6622.75,2018-12-14 15:52:00+00:00,6712.25,stop,-60.0,2.0,-62.0,59.5,-1.0420168067226891
-1,1,2018-12-14 16:29:00+00:00,2018-12-14 16:30:00+00:00,6681.75,6700.25,6644.75,2018-12-14 16:58:00+00:00,6644.75,objetivo,74.0,2.0,72.0,37.0,1.945945945945946
-1,1,2018-12-18 15:44:00+00:00,2018-12-18 15:45:00+00:00,6517.0,6550.25,6450.5,2018-12-18 17:05:00+00:00,6550.5,stop,-67.0,2.0,-69.0,66.5,-1.037593984962406
1,1,2018-12-18 17:14:00+00:00,2018-12-18 17:15:00+00:00,6563.5,6520.75,6649.0,2018-12-18 19:35:00+00:00,6520.5,stop,-86.0,2.0,-88.0,85.5,-1.0292397660818713
-1,1,2018-12-18 19:44:00+00:00,2018-12-18 19:45:00+00:00,6497.5,6545.75,6401.0,2018-12-18 20:49:00+00:00,6546.0,stop,-97.0,2.0,-99.0,96.5,-1.0259067357512954
-1,1,2018-12-19 16:14:00+00:00,2018-12-19 16:15:00+00:00,6553.75,6584.25,6492.75,2018-12-19 17:02:00+00:00,6584.5,stop,-61.5,2.0,-63.5,61.0,-1.040983606557377
-1,1,2018-12-19 17:59:00+00:00,2018-12-19 18:00:00+00:00,6560.75,6585.0,6512.25,2018-12-19 18:59:00+00:00,6585.25,stop,-49.0,2.0,-51.0,48.5,-1.0515463917525774
-1,1,2018-12-19 19:14:00+00:00,2018-12-19 19:15:00+00:00,6460.0,6610.0,6160.0,2018-12-19 20:55:00+00:00,6375.5,tiempo,169.0,2.0,167.0,300.0,0.5566666666666666
1,1,2018-12-20 14:59:00+00:00,2018-12-20 15:00:00+00:00,6374.25,6319.0,6484.75,2018-12-20 16:09:00+00:00,6318.75,stop,-111.0,2.0,-113.0,110.5,-1.0226244343891402
1,1,2018-12-21 15:14:00+00:00,2018-12-21 15:15:00+00:00,6296.0,6225.0,6438.0,2018-12-21 16:06:00+00:00,6224.75,stop,-142.5,2.0,-144.5,142.0,-1.017605633802817
1,1,2018-12-24 15:14:00+00:00,2018-12-24 15:15:00+00:00,6003.25,5943.75,6122.25,2018-12-24 17:55:00+00:00,5943.5,stop,-119.5,2.0,-121.5,119.0,-1.0210084033613445
1,1,2018-12-26 16:29:00+00:00,2018-12-26 16:30:00+00:00,6012.75,5972.5,6093.25,2018-12-26 17:10:00+00:00,6093.25,objetivo,161.0,2.0,159.0,80.5,1.9751552795031055
1,1,2018-12-27 16:29:00+00:00,2018-12-27 16:30:00+00:00,6167.75,6135.25,6232.75,2018-12-27 16:44:00+00:00,6135.0,stop,-65.5,2.0,-67.5,65.0,-1.0384615384615385
-1,1,2018-12-27 16:44:00+00:00,2018-12-27 16:45:00+00:00,6137.0,6184.0,6043.0,2018-12-27 20:20:00+00:00,6184.25,stop,-94.5,2.0,-96.5,94.0,-1.0265957446808511
-1,1,2018-12-28 15:14:00+00:00,2018-12-28 15:15:00+00:00,6298.75,6335.5,6225.25,2018-12-28 17:04:00+00:00,6335.75,stop,-74.0,2.0,-76.0,73.5,-1.034013605442177
-1,1,2018-12-28 18:29:00+00:00,2018-12-28 18:30:00+00:00,6302.75,6332.5,6243.25,2018-12-28 19:00:00+00:00,6332.75,stop,-60.0,2.0,-62.0,59.5,-1.0420168067226891
1,1,2018-12-31 17:29:00+00:00,2018-12-31 17:30:00+00:00,6330.25,6318.0,6354.75,2018-12-31 18:18:00+00:00,6354.75,objetivo,49.0,2.0,47.0,24.5,1.9183673469387754
-1,1,2018-12-31 18:59:00+00:00,2018-12-31 19:00:00+00:00,6325.5,6339.75,6297.0,2018-12-31 20:55:00+00:00,6303.75,tiempo,43.5,2.0,41.5,28.5,1.456140350877193
1,1,2019-01-03 16:14:00+00:00,2019-01-03 16:15:00+00:00,6231.25,6206.75,6280.25,2019-01-03 16:43:00+00:00,6280.25,objetivo,98.0,2.0,96.0,49.0,1.9591836734693877
1,1,2019-01-03 16:44:00+00:00,2019-01-03 16:45:00+00:00,6271.0,6215.5,6382.0,2019-01-03 18:10:00+00:00,6215.25,stop,-111.5,2.0,-113.5,111.0,-1.0225225225225225
-1,1,2019-01-03 18:14:00+00:00,2019-01-03 18:15:00+00:00,6225.75,6247.0,6183.25,2019-01-03 18:58:00+00:00,6183.25,objetivo,85.0,2.0,83.0,42.5,1.9529411764705882
-1,1,2019-01-07 15:14:00+00:00,2019-01-07 15:15:00+00:00,6432.75,6458.5,6381.25,2019-01-07 15:30:00+00:00,6458.75,stop,-52.0,2.0,-54.0,51.5,-1.0485436893203883
-1,1,2019-01-08 14:59:00+00:00,2019-01-08 15:00:00+00:00,6541.75,6580.0,6465.25,2019-01-08 20:55:00+00:00,6563.25,tiempo,-43.0,2.0,-45.0,76.5,-0.5882352941176471
-1,1,2019-01-09 15:14:00+00:00,2019-01-09 15:15:00+00:00,6588.5,6614.75,6536.0,2019-01-09 16:52:00+00:00,6615.0,stop,-53.0,2.0,-55.0,52.5,-1.0476190476190477
1,1,2019-01-10 15:14:00+00:00,2019-01-10 15:15:00+00:00,6551.75,6536.5,6582.25,2019-01-10 15:29:00+00:00,6582.25,objetivo,61.0,2.0,59.0,30.5,1.9344262295081966
-1,1,2019-01-10 18:44:00+00:00,2019-01-10 18:45:00+00:00,6571.5,6595.25,6524.0,2019-01-10 19:00:00+00:00,6595.5,stop,-48.0,2.0,-50.0,47.5,-1.0526315789473684
1,1,2019-01-11 14:59:00+00:00,2019-01-11 15:00:00+00:00,6588.0,6572.0,6620.0,2019-01-11 20:55:00+00:00,6611.25,tiempo,46.5,2.0,44.5,32.0,1.390625
-1,1,2019-01-14 14:59:00+00:00,2019-01-14 15:00:00+00:00,6532.75,6547.75,6502.75,2019-01-14 15:12:00+00:00,6548.0,stop,-30.5,2.0,-32.5,30.0,-1.0833333333333333
1,1,2019-01-14 15:14:00+00:00,2019-01-14 15:15:00+00:00,6546.0,6527.5,6583.0,2019-01-14 20:55:00+00:00,6545.75,tiempo,-0.5,2.0,-2.5,37.0,-0.06756756756756757
-1,1,2019-01-15 19:29:00+00:00,2019-01-15 19:30:00+00:00,6643.0,6673.75,6581.5,2019-01-15 20:09:00+00:00,6674.0,stop,-62.0,2.0,-64.0,61.5,-1.0406504065040652
-1,1,2019-01-16 15:29:00+00:00,2019-01-16 15:30:00+00:00,6709.25,6727.0,6673.75,2019-01-16 20:55:00+00:00,6685.25,tiempo,48.0,2.0,46.0,35.5,1.295774647887324
1,1,2019-01-18 15:29:00+00:00,2019-01-18 15:30:00+00:00,6763.5,6751.5,6787.5,2019-01-18 15:43:00+00:00,6787.5,objetivo,48.0,2.0,46.0,24.0,1.9166666666666667
-1,1,2019-01-18 19:29:00+00:00,2019-01-18 19:30:00+00:00,6784.0,6802.5,6747.0,2019-01-18 20:55:00+00:00,6777.5,tiempo,13.0,2.0,11.0,37.0,0.2972972972972973
1,1,2019-01-21 15:14:00+00:00,2019-01-21 15:15:00+00:00,6754.75,6747.25,6769.75,2019-01-21 17:59:00+00:00,6761.25,fin_de_datos,13.0,2.0,11.0,15.0,0.7333333333333333
1,1,2019-01-23 14:59:00+00:00,2019-01-23 15:00:00+00:00,6712.75,6700.0,6738.25,2019-01-23 15:18:00+00:00,6699.75,stop,-26.0,2.0,-28.0,25.5,-1.0980392156862746
-1,1,2019-01-24 14:59:00+00:00,2019-01-24 15:00:00+00:00,6687.0,6710.25,6640.5,2019-01-24 15:15:00+00:00,6710.5,stop,-47.0,2.0,-49.0,46.5,-1.053763440860215
-1,1,2019-01-24 15:44:00+00:00,2019-01-24 15:45:00+00:00,6693.75,6717.0,6647.25,2019-01-24 20:55:00+00:00,6707.25,tiempo,-27.0,2.0,-29.0,46.5,-0.6236559139784946
1,1,2019-01-25 14:59:00+00:00,2019-01-25 15:00:00+00:00,6768.25,6744.0,6816.75,2019-01-25 20:55:00+00:00,6783.5,tiempo,30.5,2.0,28.5,48.5,0.5876288659793815
1,1,2019-01-28 15:29:00+00:00,2019-01-28 15:30:00+00:00,6691.0,6666.0,6741.0,2019-01-28 16:04:00+00:00,6665.75,stop,-50.5,2.0,-52.5,50.0,-1.05
1,1,2019-01-28 16:14:00+00:00,2019-01-28 16:15:00+00:00,6689.0,6664.0,6739.0,2019-01-28 16:45:00+00:00,6663.75,stop,-50.5,2.0,-52.5,50.0,-1.05
1,1,2019-01-28 18:29:00+00:00,2019-01-28 18:30:00+00:00,6678.0,6671.0,6692.0,2019-01-28 18:50:00+00:00,6692.0,objetivo,28.0,2.0,26.0,14.0,1.8571428571428572
1,1,2019-01-30 15:44:00+00:00,2019-01-30 15:45:00+00:00,6720.0,6708.25,6743.5,2019-01-30 15:53:00+00:00,6708.0,stop,-24.0,2.0,-26.0,23.5,-1.1063829787234043
-1,1,2019-01-30 15:59:00+00:00,2019-01-30 16:00:00+00:00,6710.0,6721.25,6687.5,2019-01-30 16:01:00+00:00,6721.5,stop,-23.0,2.0,-25.0,22.5,-1.1111111111111112
1,1,2019-01-30 16:14:00+00:00,2019-01-30 16:15:00+00:00,6721.75,6709.25,6746.75,2019-01-30 17:17:00+00:00,6746.75,objetivo,50.0,2.0,48.0,25.0,1.92
-1,1,2019-02-01 14:59:00+00:00,2019-02-01 15:00:00+00:00,6877.25,6913.5,6804.75,2019-02-01 15:05:00+00:00,6913.75,stop,-73.0,2.0,-75.0,72.5,-1.0344827586206897
1,1,2019-02-01 15:14:00+00:00,2019-02-01 15:15:00+00:00,6916.0,6877.5,6993.0,2019-02-01 18:23:00+00:00,6877.25,stop,-77.5,2.0,-79.5,77.0,-1.0324675324675325
1,1,2019-02-04 14:59:00+00:00,2019-02-04 15:00:00+00:00,6905.75,6878.0,6961.25,2019-02-04 20:55:00+00:00,6949.5,tiempo,87.5,2.0,85.5,55.5,1.5405405405405406
-1,1,2019-02-05 16:29:00+00:00,2019-02-05 16:30:00+00:00,7006.5,7014.75,6990.0,2019-02-05 16:40:00+00:00,7015.0,stop,-17.0,2.0,-19.0,16.5,-1.1515151515151516
1,1,2019-02-05 16:44:00+00:00,2019-02-05 16:45:00+00:00,7017.25,7002.0,7047.75,2019-02-05 17:22:00+00:00,7001.75,stop,-31.0,2.0,-33.0,30.5,-1.0819672131147542
-1,1,2019-02-05 17:29:00+00:00,2019-02-05 17:30:00+00:00,7003.75,7017.5,6976.25,2019-02-05 19:05:00+00:00,7017.75,stop,-28.0,2.0,-30.0,27.5,-1.0909090909090908
1,1,2019-02-05 19:14:00+00:00,2019-02-05 19:15:00+00:00,7020.25,7004.0,7052.75,2019-02-05 20:55:00+00:00,7021.0,tiempo,1.5,2.0,-0.5,32.5,-0.015384615384615385
1,1,2019-02-06 15:44:00+00:00,2019-02-06 15:45:00+00:00,7010.25,6987.0,7056.75,2019-02-06 19:38:00+00:00,6986.75,stop,-47.0,2.0,-49.0,46.5,-1.053763440860215
1,1,2019-02-07 14:59:00+00:00,2019-02-07 15:00:00+00:00,6933.25,6912.5,6974.75,2019-02-07 15:54:00+00:00,6912.25,stop,-42.0,2.0,-44.0,41.5,-1.0602409638554218
-1,1,2019-02-07 15:59:00+00:00,2019-02-07 16:00:00+00:00,6911.25,6946.0,6841.75,2019-02-07 20:55:00+00:00,6902.5,tiempo,17.5,2.0,15.5,69.5,0.22302158273381295
1,1,2019-02-08 15:44:00+00:00,2019-02-08 15:45:00+00:00,6874.0,6852.25,6917.5,2019-02-08 16:36:00+00:00,6852.0,stop,-44.0,2.0,-46.0,43.5,-1.0574712643678161
-1,1,2019-02-08 16:44:00+00:00,2019-02-08 16:45:00+00:00,6857.75,6867.25,6838.75,2019-02-08 16:56:00+00:00,6867.5,stop,-19.5,2.0,-21.5,19.0,-1.131578947368421
1,1,2019-02-08 16:59:00+00:00,2019-02-08 17:00:00+00:00,6871.0,6843.0,6927.0,2019-02-08 20:55:00+00:00,6900.25,tiempo,58.5,2.0,56.5,56.0,1.0089285714285714
1,1,2019-02-11 17:29:00+00:00,2019-02-11 17:30:00+00:00,6933.0,6921.5,6956.0,2019-02-11 18:11:00+00:00,6921.25,stop,-23.5,2.0,-25.5,23.0,-1.108695652173913
-1,1,2019-02-13 14:59:00+00:00,2019-02-13 15:00:00+00:00,7053.0,7063.75,7031.5,2019-02-13 15:15:00+00:00,7031.5,objetivo,43.0,2.0,41.0,21.5,1.9069767441860466
1,1,2019-02-13 15:44:00+00:00,2019-02-13 15:45:00+00:00,7054.5,7040.5,7082.5,2019-02-13 16:12:00+00:00,7040.25,stop,-28.5,2.0,-30.5,28.0,-1.0892857142857142
1,1,2019-02-13 19:44:00+00:00,2019-02-13 19:45:00+00:00,7047.75,7040.5,7062.25,2019-02-13 20:41:00+00:00,7040.25,stop,-15.0,2.0,-17.0,14.5,-1.1724137931034482
1,1,2019-02-14 14:59:00+00:00,2019-02-14 15:00:00+00:00,7009.0,6977.0,7073.0,2019-02-14 20:55:00+00:00,7037.25,tiempo,56.5,2.0,54.5,64.0,0.8515625
1,1,2019-02-15 15:29:00+00:00,2019-02-15 15:30:00+00:00,7058.75,7042.5,7091.25,2019-02-15 16:11:00+00:00,7042.25,stop,-33.0,2.0,-35.0,32.5,-1.0769230769230769
1,1,2019-02-15 19:44:00+00:00,2019-02-15 19:45:00+00:00,7050.0,7040.25,7069.5,2019-02-15 20:16:00+00:00,7040.0,stop,-20.0,2.0,-22.0,19.5,-1.1282051282051282
-1,1,2019-02-18 17:44:00+00:00,2019-02-18 17:45:00+00:00,7071.0,7076.0,7061.0,2019-02-18 17:54:00+00:00,7076.25,stop,-10.5,2.0,-12.5,10.0,-1.25
-1,1,2019-02-19 16:29:00+00:00,2019-02-19 16:30:00+00:00,7064.75,7074.75,7044.75,2019-02-19 16:37:00+00:00,7075.0,stop,-20.5,2.0,-22.5,20.0,-1.125
1,1,2019-02-19 16:44:00+00:00,2019-02-19 16:45:00+00:00,7074.0,7064.5,7093.0,2019-02-19 19:44:00+00:00,7093.0,objetivo,38.0,2.0,36.0,19.0,1.894736842105263
-1,1,2019-02-20 15:14:00+00:00,2019-02-20 15:15:00+00:00,7084.0,7095.5,7061.0,2019-02-20 15:17:00+00:00,7095.75,stop,-23.5,2.0,-25.5,23.0,-1.108695652173913
1,1,2019-02-20 15:29:00+00:00,2019-02-20 15:30:00+00:00,7097.5,7082.75,7127.0,2019-02-20 17:05:00+00:00,7082.5,stop,-30.0,2.0,-32.0,29.5,-1.0847457627118644
1,1,2019-02-21 16:14:00+00:00,2019-02-21 16:15:00+00:00,7040.5,7017.75,7086.0,2019-02-21 19:51:00+00:00,7017.5,stop,-46.0,2.0,-48.0,45.5,-1.054945054945055
1,1,2019-02-22 14:59:00+00:00,2019-02-22 15:00:00+00:00,7077.0,7059.5,7112.0,2019-02-22 19:41:00+00:00,7059.25,stop,-35.5,2.0,-37.5,35.0,-1.0714285714285714
-1,1,2019-02-22 19:44:00+00:00,2019-02-22 19:45:00+00:00,7063.0,7085.0,7019.0,2019-02-22 20:29:00+00:00,7085.25,stop,-44.5,2.0,-46.5,44.0,-1.0568181818181819
-1,1,2019-02-25 14:59:00+00:00,2019-02-25 15:00:00+00:00,7148.0,7167.75,7108.5,2019-02-25 16:07:00+00:00,7168.0,stop,-40.0,2.0,-42.0,39.5,-1.0632911392405062
-1,1,2019-02-25 16:29:00+00:00,2019-02-25 16:30:00+00:00,7156.5,7165.25,7139.0,2019-02-25 17:22:00+00:00,7139.0,objetivo,35.0,2.0,33.0,17.5,1.8857142857142857
-1,1,2019-02-26 15:59:00+00:00,2019-02-26 16:00:00+00:00,7105.75,7127.75,7061.75,2019-02-26 16:14:00+00:00,7128.0,stop,-44.5,2.0,-46.5,44.0,-1.0568181818181819
1,1,2019-02-26 16:14:00+00:00,2019-02-26 16:15:00+00:00,7131.0,7102.5,7188.0,2019-02-26 20:55:00+00:00,7130.75,tiempo,-0.5,2.0,-2.5,57.0,-0.043859649122807015
-1,1,2019-02-27 14:59:00+00:00,2019-02-27 15:00:00+00:00,7090.25,7116.0,7038.75,2019-02-27 18:23:00+00:00,7116.25,stop,-52.0,2.0,-54.0,51.5,-1.0485436893203883
-1,1,2019-02-28 15:14:00+00:00,2019-02-28 15:15:00+00:00,7096.75,7111.25,7067.75,2019-02-28 16:20:00+00:00,7111.5,stop,-29.5,2.0,-31.5,29.0,-1.0862068965517242
1,1,2019-02-28 16:29:00+00:00,2019-02-28 16:30:00+00:00,7110.0,7096.5,7137.0,2019-02-28 20:55:00+00:00,7103.25,tiempo,-13.5,2.0,-15.5,27.0,-0.5740740740740741
-1,1,2019-03-01 15:14:00+00:00,2019-03-01 15:15:00+00:00,7140.0,7152.25,7115.5,2019-03-01 16:27:00+00:00,7115.5,objetivo,49.0,2.0,47.0,24.5,1.9183673469387754
1,1,2019-03-01 17:59:00+00:00,2019-03-01 18:00:00+00:00,7134.75,7131.25,7141.75,2019-03-01 18:34:00+00:00,7141.75,objetivo,14.0,2.0,12.0,7.0,1.7142857142857142
-1,1,2019-03-04 15:14:00+00:00,2019-03-04 15:15:00+00:00,7191.0,7210.0,7153.0,2019-03-04 16:09:00+00:00,7153.0,objetivo,76.0,2.0,74.0,38.0,1.9473684210526316
1,1,2019-03-05 15:14:00+00:00,2019-03-05 15:15:00+00:00,7148.0,7137.5,7169.0,2019-03-05 15:17:00+00:00,7137.25,stop,-21.5,2.0,-23.5,21.0,-1.119047619047619
-1,1,2019-03-05 15:29:00+00:00,2019-03-05 15:30:00+00:00,7143.0,7151.75,7125.5,2019-03-05 15:30:00+00:00,7152.0,stop,-18.0,2.0,-20.0,17.5,-1.1428571428571428
1,1,2019-03-05 15:44:00+00:00,2019-03-05 15:45:00+00:00,7157.5,7142.75,7187.0,2019-03-05 20:55:00+00:00,7175.75,tiempo,36.5,2.0,34.5,29.5,1.1694915254237288
-1,1,2019-03-06 14:59:00+00:00,2019-03-06 15:00:00+00:00,7155.0,7165.5,7134.0,2019-03-06 15:22:00+00:00,7134.0,objetivo,42.0,2.0,40.0,21.0,1.9047619047619047
-1,1,2019-03-06 15:29:00+00:00,2019-03-06 15:30:00+00:00,7134.5,7160.25,7083.0,2019-03-06 20:55:00+00:00,7120.0,tiempo,29.0,2.0,27.0,51.5,0.5242718446601942
1,1,2019-03-07 16:14:00+00:00,2019-03-07 16:15:00+00:00,7054.75,7039.0,7086.25,2019-03-07 19:12:00+00:00,7038.75,stop,-32.0,2.0,-34.0,31.5,-1.0793650793650793
1,1,2019-03-08 14:59:00+00:00,2019-03-08 15:00:00+00:00,6963.5,6952.25,6986.0,2019-03-08 15:01:00+00:00,6952.0,stop,-23.0,2.0,-25.0,22.5,-1.1111111111111112
-1,1,2019-03-08 17:44:00+00:00,2019-03-08 17:45:00+00:00,6970.25,6975.5,6959.75,2019-03-08 17:53:00+00:00,6959.75,objetivo,21.0,2.0,19.0,10.5,1.8095238095238095
1,1,2019-03-08 18:44:00+00:00,2019-03-08 18:45:00+00:00,6975.5,6962.75,7001.0,2019-03-08 19:50:00+00:00,7001.0,objetivo,51.0,2.0,49.0,25.5,1.9215686274509804
1,1,2019-03-12 13:59:00+00:00,2019-03-12 14:00:00+00:00,7212.75,7192.0,7254.25,2019-03-12 19:55:00+00:00,7230.25,tiempo,35.0,2.0,33.0,41.5,0.7951807228915663
-1,1,2019-03-13 14:14:00+00:00,2019-03-13 14:15:00+00:00,7269.5,7278.75,7251.0,2019-03-13 14:20:00+00:00,7279.0,stop,-19.0,2.0,-21.0,18.5,-1.135135135135135
1,1,2019-03-13 14:59:00+00:00,2019-03-13 15:00:00+00:00,7289.75,7270.5,7328.25,2019-03-13 19:55:00+00:00,7289.5,tiempo,-0.5,2.0,-2.5,38.5,-0.06493506493506493
1,1,2019-03-14 13:59:00+00:00,2019-03-14 14:00:00+00:00,7289.75,7271.75,7325.75,2019-03-14 14:06:00+00:00,7271.5,stop,-36.5,2.0,-38.5,36.0,-1.0694444444444444
-1,1,2019-03-14 14:14:00+00:00,2019-03-14 14:15:00+00:00,7270.25,7290.5,7229.75,2019-03-14 14:32:00+00:00,7290.75,stop,-41.0,2.0,-43.0,40.5,-1.0617283950617284
-1,1,2019-03-14 14:44:00+00:00,2019-03-14 14:45:00+00:00,7275.25,7290.75,7244.25,2019-03-14 15:52:00+00:00,7291.0,stop,-31.5,2.0,-33.5,31.0,-1.0806451612903225
-1,1,2019-03-14 17:44:00+00:00,2019-03-14 17:45:00+00:00,7282.25,7288.5,7269.75,2019-03-14 19:55:00+00:00,7278.5,tiempo,7.5,2.0,5.5,12.5,0.44
-1,1,2019-03-18 15:29:00+00:00,2019-03-18 15:30:00+00:00,7341.25,7365.0,7293.75,2019-03-18 19:55:00+00:00,7354.25,tiempo,-26.0,2.0,-28.0,47.5,-0.5894736842105263
1,1,2019-03-19 14:14:00+00:00,2019-03-19 14:15:00+00:00,7391.0,7382.25,7408.5,2019-03-19 14:27:00+00:00,7382.0,stop,-18.0,2.0,-20.0,17.5,-1.1428571428571428
-1,1,2019-03-19 14:29:00+00:00,2019-03-19 14:30:00+00:00,7379.75,7399.0,7341.25,2019-03-19 15:46:00+00:00,7399.25,stop,-39.0,2.0,-41.0,38.5,-1.0649350649350648
-1,1,2019-03-19 18:59:00+00:00,2019-03-19 19:00:00+00:00,7393.75,7405.5,7370.25,2019-03-19 19:25:00+00:00,7370.25,objetivo,47.0,2.0,45.0,23.5,1.9148936170212767
-1,1,2019-03-20 13:59:00+00:00,2019-03-20 14:00:00+00:00,7366.0,7380.25,7337.5,2019-03-20 14:07:00+00:00,7380.5,stop,-29.0,2.0,-31.0,28.5,-1.087719298245614
1,1,2019-03-20 14:14:00+00:00,2019-03-20 14:15:00+00:00,7375.25,7365.0,7395.75,2019-03-20 15:53:00+00:00,7364.75,stop,-21.0,2.0,-23.0,20.5,-1.1219512195121952
1,1,2019-03-20 16:29:00+00:00,2019-03-20 16:30:00+00:00,7375.5,7368.25,7390.0,2019-03-20 16:32:00+00:00,7368.0,stop,-15.0,2.0,-17.0,14.5,-1.1724137931034482
-1,1,2019-03-20 16:44:00+00:00,2019-03-20 16:45:00+00:00,7361.5,7376.75,7331.0,2019-03-20 17:59:00+00:00,7377.0,stop,-31.0,2.0,-33.0,30.5,-1.0819672131147542
1,1,2019-03-20 17:59:00+00:00,2019-03-20 18:00:00+00:00,7377.5,7369.25,7394.0,2019-03-20 18:00:00+00:00,7394.0,objetivo,33.0,2.0,31.0,16.5,1.878787878787879
1,1,2019-03-25 14:59:00+00:00,2019-03-25 15:00:00+00:00,7343.25,7312.75,7404.25,2019-03-25 17:48:00+00:00,7312.5,stop,-61.5,2.0,-63.5,61.0,-1.040983606557377
1,1,2019-03-25 18:59:00+00:00,2019-03-25 19:00:00+00:00,7331.75,7321.75,7351.75,2019-03-25 19:26:00+00:00,7351.75,objetivo,40.0,2.0,38.0,20.0,1.9
-1,1,2019-03-26 14:29:00+00:00,2019-03-26 14:30:00+00:00,7419.0,7428.5,7400.0,2019-03-26 14:51:00+00:00,7428.75,stop,-19.5,2.0,-21.5,19.0,-1.131578947368421
1,1,2019-03-26 14:59:00+00:00,2019-03-26 15:00:00+00:00,7429.0,7407.0,7473.0,2019-03-26 15:19:00+00:00,7406.75,stop,-44.5,2.0,-46.5,44.0,-1.0568181818181819
1,1,2019-03-27 14:29:00+00:00,2019-03-27 14:30:00+00:00,7389.0,7375.75,7415.5,2019-03-27 14:37:00+00:00,7375.5,stop,-27.0,2.0,-29.0,26.5,-1.0943396226415094
-1,1,2019-03-27 14:44:00+00:00,2019-03-27 14:45:00+00:00,7358.75,7394.75,7286.75,2019-03-27 15:43:00+00:00,7286.75,objetivo,144.0,2.0,142.0,72.0,1.9722222222222223
1,1,2019-03-27 17:44:00+00:00,2019-03-27 17:45:00+00:00,7342.0,7325.0,7376.0,2019-03-27 18:38:00+00:00,7324.75,stop,-34.5,2.0,-36.5,34.0,-1.0735294117647058
-1,1,2019-03-28 14:59:00+00:00,2019-03-28 15:00:00+00:00,7341.0,7365.0,7293.0,2019-03-28 19:55:00+00:00,7348.5,tiempo,-15.0,2.0,-17.0,48.0,-0.3541666666666667
1,1,2019-03-29 14:14:00+00:00,2019-03-29 14:15:00+00:00,7393.5,7378.5,7423.5,2019-03-29 14:44:00+00:00,7378.25,stop,-30.5,2.0,-32.5,30.0,-1.0833333333333333
-1,1,2019-03-29 14:44:00+00:00,2019-03-29 14:45:00+00:00,7373.5,7393.5,7333.5,2019-03-29 15:31:00+00:00,7393.75,stop,-40.5,2.0,-42.5,40.0,-1.0625
-1,1,2019-03-29 15:59:00+00:00,2019-03-29 16:00:00+00:00,7384.0,7396.0,7360.0,2019-03-29 18:32:00+00:00,7396.25,stop,-24.5,2.0,-26.5,24.0,-1.1041666666666667
1,1,2019-04-01 14:59:00+00:00,2019-04-01 15:00:00+00:00,7465.25,7451.75,7492.25,2019-04-01 17:00:00+00:00,7492.25,objetivo,54.0,2.0,52.0,27.0,1.9259259259259258
-1,1,2019-04-02 13:59:00+00:00,2019-04-02 14:00:00+00:00,7493.75,7506.5,7468.25,2019-04-02 14:17:00+00:00,7506.75,stop,-26.0,2.0,-28.0,25.5,-1.0980392156862746
-1,1,2019-04-02 15:14:00+00:00,2019-04-02 15:15:00+00:00,7494.25,7515.5,7451.75,2019-04-02 16:04:00+00:00,7515.75,stop,-43.0,2.0,-45.0,42.5,-1.0588235294117647
-1,1,2019-04-03 17:44:00+00:00,2019-04-03 17:45:00+00:00,7584.75,7596.0,7562.25,2019-04-03 17:59:00+00:00,7562.25,objetivo,45.0,2.0,43.0,22.5,1.9111111111111112
-1,1,2019-04-04 14:14:00+00:00,2019-04-04 14:15:00+00:00,7581.25,7594.5,7554.75,2019-04-04 14:29:00+00:00,7554.75,objetivo,53.0,2.0,51.0,26.5,1.9245283018867925
1,1,2019-04-04 18:29:00+00:00,2019-04-04 18:30:00+00:00,7560.75,7555.0,7572.25,2019-04-04 18:59:00+00:00,7572.25,objetivo,23.0,2.0,21.0,11.5,1.826086956521739
-1,1,2019-04-05 14:44:00+00:00,2019-04-05 14:45:00+00:00,7591.25,7602.75,7568.25,2019-04-05 14:54:00+00:00,7603.0,stop,-23.5,2.0,-25.5,23.0,-1.108695652173913
1,1,2019-04-05 14:59:00+00:00,2019-04-05 15:00:00+00:00,7598.25,7590.25,7614.25,2019-04-05 19:55:00+00:00,7597.75,tiempo,-1.0,2.0,-3.0,16.0,-0.1875
1,1,2019-04-08 13:59:00+00:00,2019-04-08 14:00:00+00:00,7576.25,7562.5,7603.75,2019-04-08 15:31:00+00:00,7603.75,objetivo,55.0,2.0,53.0,27.5,1.9272727272727272
-1,1,2019-04-09 14:44:00+00:00,2019-04-09 14:45:00+00:00,7602.25,7620.5,7565.75,2019-04-09 16:13:00+00:00,7620.75,stop,-37.0,2.0,-39.0,36.5,-1.0684931506849316
-1,1,2019-04-09 17:14:00+00:00,2019-04-09 17:15:00+00:00,7602.0,7610.5,7585.0,2019-04-09 19:55:00+00:00,7591.5,tiempo,21.0,2.0,19.0,17.0,1.1176470588235294
-1,1,2019-04-10 14:14:00+00:00,2019-04-10 14:15:00+00:00,7604.5,7614.25,7585.0,2019-04-10 14:41:00+00:00,7614.5,stop,-20.0,2.0,-22.0,19.5,-1.1282051282051282
1,1,2019-04-10 14:44:00+00:00,2019-04-10 14:45:00+00:00,7615.75,7601.5,7644.25,2019-04-10 19:55:00+00:00,7629.75,tiempo,28.0,2.0,26.0,28.5,0.9122807017543859
1,1,2019-04-11 14:44:00+00:00,2019-04-11 14:45:00+00:00,7631.5,7620.0,7654.5,2019-04-11 15:40:00+00:00,7619.75,stop,-23.5,2.0,-25.5,23.0,-1.108695652173913
-1,1,2019-04-11 15:44:00+00:00,2019-04-11 15:45:00+00:00,7616.25,7632.5,7583.75,2019-04-11 19:55:00+00:00,7613.75,tiempo,5.0,2.0,3.0,32.5,0.09230769230769231
1,1,2019-04-12 13:59:00+00:00,2019-04-12 14:00:00+00:00,7647.0,7636.0,7669.0,2019-04-12 14:43:00+00:00,7635.75,stop,-22.5,2.0,-24.5,22.0,-1.1136363636363635
-1,1,2019-04-12 14:44:00+00:00,2019-04-12 14:45:00+00:00,7633.5,7652.25,7596.0,2019-04-12 19:55:00+00:00,7643.25,tiempo,-19.5,2.0,-21.5,37.5,-0.5733333333333334
-1,1,2019-04-15 13:59:00+00:00,2019-04-15 14:00:00+00:00,7643.5,7655.75,7619.0,2019-04-15 14:28:00+00:00,7619.0,objetivo,49.0,2.0,47.0,24.5,1.9183673469387754
1,1,2019-04-15 17:14:00+00:00,2019-04-15 17:15:00+00:00,7632.25,7623.0,7650.75,2019-04-15 18:59:00+00:00,7650.75,objetivo,37.0,2.0,35.0,18.5,1.8918918918918919
-1,1,2019-04-16 14:44:00+00:00,2019-04-16 14:45:00+00:00,7675.5,7689.0,7648.5,2019-04-16 15:14:00+00:00,7689.25,stop,-27.5,2.0,-29.5,27.0,-1.0925925925925926
1,1,2019-04-16 15:14:00+00:00,2019-04-16 15:15:00+00:00,7688.5,7674.25,7717.0,2019-04-16 15:31:00+00:00,7674.0,stop,-29.0,2.0,-31.0,28.5,-1.087719298245614
1,1,2019-04-16 16:59:00+00:00,2019-04-16 17:00:00+00:00,7684.0,7674.5,7703.0,2019-04-16 19:31:00+00:00,7674.25,stop,-19.5,2.0,-21.5,19.0,-1.131578947368421
1,1,2019-04-17 14:29:00+00:00,2019-04-17 14:30:00+00:00,7710.5,7688.0,7755.5,2019-04-17 15:31:00+00:00,7687.75,stop,-45.5,2.0,-47.5,45.0,-1.0555555555555556
1,1,2019-04-17 17:14:00+00:00,2019-04-17 17:15:00+00:00,7705.5,7700.25,7716.0,2019-04-17 17:27:00+00:00,7700.0,stop,-11.0,2.0,-13.0,10.5,-1.2380952380952381
-1,1,2019-04-17 17:29:00+00:00,2019-04-17 17:30:00+00:00,7697.5,7710.75,7671.0,2019-04-17 19:55:00+00:00,7702.0,tiempo,-9.0,2.0,-11.0,26.5,-0.41509433962264153
1,1,2019-04-18 14:59:00+00:00,2019-04-18 15:00:00+00:00,7690.25,7672.5,7725.75,2019-04-18 19:55:00+00:00,7705.0,tiempo,29.5,2.0,27.5,35.5,0.7746478873239436
1,1,2019-04-24 14:14:00+00:00,2019-04-24 14:15:00+00:00,7832.0,7817.25,7861.5,2019-04-24 16:45:00+00:00,7817.0,stop,-30.0,2.0,-32.0,29.5,-1.0847457627118644
1,1,2019-04-25 13:59:00+00:00,2019-04-25 14:00:00+00:00,7852.75,7839.0,7880.25,2019-04-25 14:08:00+00:00,7838.75,stop,-28.0,2.0,-30.0,27.5,-1.0909090909090908
-1,1,2019-04-25 14:14:00+00:00,2019-04-25 14:15:00+00:00,7808.75,7860.75,7704.75,2019-04-25 19:55:00+00:00,7841.5,tiempo,-65.5,2.0,-67.5,104.0,-0.6490384615384616
1,1,2019-04-26 14:29:00+00:00,2019-04-26 14:30:00+00:00,7794.5,7781.5,7820.5,2019-04-26 18:24:00+00:00,7820.5,objetivo,52.0,2.0,50.0,26.0,1.9230769230769231
1,1,2019-04-29 14:14:00+00:00,2019-04-29 14:15:00+00:00,7843.25,7827.25,7875.25,2019-04-29 19:55:00+00:00,7848.75,tiempo,11.0,2.0,9.0,32.0,0.28125
-1,1,2019-04-30 13:59:00+00:00,2019-04-30 14:00:00+00:00,7793.75,7802.25,7776.75,2019-04-30 14:05:00+00:00,7802.5,stop,-17.5,2.0,-19.5,17.0,-1.1470588235294117
1,1,2019-04-30 14:14:00+00:00,2019-04-30 14:15:00+00:00,7797.5,7786.0,7820.5,2019-04-30 14:24:00+00:00,7785.75,stop,-23.5,2.0,-25.5,23.0,-1.108695652173913
-1,1,2019-04-30 14:29:00+00:00,2019-04-30 14:30:00+00:00,7779.0,7799.5,7738.0,2019-04-30 17:49:00+00:00,7799.75,stop,-41.5,2.0,-43.5,41.0,-1.0609756097560976
1,1,2019-05-01 14:14:00+00:00,2019-05-01 14:15:00+00:00,7852.75,7824.75,7908.75,2019-05-01 18:40:00+00:00,7824.5,stop,-56.5,2.0,-58.5,56.0,-1.0446428571428572
-1,1,2019-05-01 18:44:00+00:00,2019-05-01 18:45:00+00:00,7831.75,7865.0,7765.25,2019-05-01 19:55:00+00:00,7769.25,tiempo,125.0,2.0,123.0,66.5,1.849624060150376
-1,1,2019-05-02 14:59:00+00:00,2019-05-02 15:00:00+00:00,7766.5,7787.0,7725.5,2019-05-02 15:40:00+00:00,7725.5,objetivo,82.0,2.0,80.0,41.0,1.951219512195122
1,1,2019-05-03 13:59:00+00:00,2019-05-03 14:00:00+00:00,7806.75,7782.5,7855.25,2019-05-03 17:29:00+00:00,7855.25,objetivo,97.0,2.0,95.0,48.5,1.958762886597938
-1,1,2019-05-06 16:29:00+00:00,2019-05-06 16:30:00+00:00,7751.25,7762.25,7729.25,2019-05-06 16:39:00+00:00,7762.5,stop,-22.5,2.0,-24.5,22.0,-1.1136363636363635
1,1,2019-05-06 16:44:00+00:00,2019-05-06 16:45:00+00:00,7759.25,7751.25,7775.25,2019-05-06 16:54:00+00:00,7751.0,stop,-16.5,2.0,-18.5,16.0,-1.15625
-1,1,2019-05-06 16:59:00+00:00,2019-05-06 17:00:00+00:00,7747.5,7760.25,7722.0,2019-05-06 17:14:00+00:00,7760.5,stop,-26.0,2.0,-28.0,25.5,-1.0980392156862746
1,1,2019-05-06 17:14:00+00:00,2019-05-06 17:15:00+00:00,7760.25,7741.5,7797.75,2019-05-06 18:44:00+00:00,7797.75,objetivo,75.0,2.0,73.0,37.5,1.9466666666666668
-1,1,2019-05-08 14:29:00+00:00,2019-05-08 14:30:00+00:00,7634.75,7656.5,7591.25,2019-05-08 14:59:00+00:00,7656.75,stop,-44.0,2.0,-46.0,43.5,-1.0574712643678161
-1,1,2019-05-08 15:44:00+00:00,2019-05-08 15:45:00+00:00,7645.75,7675.75,7585.75,2019-05-08 16:46:00+00:00,7676.0,stop,-60.5,2.0,-62.5,60.0,-1.0416666666666667
1,1,2019-05-09 15:14:00+00:00,2019-05-09 15:15:00+00:00,7514.25,7487.25,7568.25,2019-05-09 16:31:00+00:00,7568.25,objetivo,108.0,2.0,106.0,54.0,1.962962962962963
-1,1,2019-05-10 13:59:00+00:00,2019-05-10 14:00:00+00:00,7550.0,7588.25,7473.5,2019-05-10 14:39:00+00:00,7473.5,objetivo,153.0,2.0,151.0,76.5,1.973856209150327
1,1,2019-05-10 16:29:00+00:00,2019-05-10 16:30:00+00:00,7509.75,7484.0,7561.25,2019-05-10 17:22:00+00:00,7561.25,objetivo,103.0,2.0,101.0,51.5,1.9611650485436893
-1,1,2019-05-13 13:59:00+00:00,2019-05-13 14:00:00+00:00,7391.25,7438.25,7297.25,2019-05-13 19:55:00+00:00,7337.75,tiempo,107.0,2.0,105.0,94.0,1.1170212765957446
-1,1,2019-05-14 13:59:00+00:00,2019-05-14 14:00:00+00:00,7362.0,7395.0,7296.0,2019-05-14 14:17:00+00:00,7395.25,stop,-66.5,2.0,-68.5,66.0,-1.0378787878787878
-1,1,2019-05-17 14:14:00+00:00,2019-05-17 14:15:00+00:00,7530.25,7561.75,7467.25,2019-05-17 14:23:00+00:00,7562.0,stop,-63.5,2.0,-65.5,63.0,-1.0396825396825398
1,1,2019-05-17 14:29:00+00:00,2019-05-17 14:30:00+00:00,7571.75,7525.25,7664.75,2019-05-17 19:10:00+00:00,7525.0,stop,-93.5,2.0,-95.5,93.0,-1.0268817204301075
1,1,2019-05-20 13:59:00+00:00,2019-05-20 14:00:00+00:00,7400.75,7372.25,7457.75,2019-05-20 19:09:00+00:00,7372.0,stop,-57.5,2.0,-59.5,57.0,-1.043859649122807
1,1,2019-05-21 14:44:00+00:00,2019-05-21 14:45:00+00:00,7465.0,7437.0,7521.0,2019-05-21 19:55:00+00:00,7460.0,tiempo,-10.0,2.0,-12.0,56.0,-0.21428571428571427
-1,1,2019-05-22 14:44:00+00:00,2019-05-22 14:45:00+00:00,7438.5,7455.75,7404.0,2019-05-22 15:30:00+00:00,7456.0,stop,-35.0,2.0,-37.0,34.5,-1.0724637681159421
-1,1,2019-05-22 15:44:00+00:00,2019-05-22 15:45:00+00:00,7437.0,7458.75,7393.5,2019-05-22 18:35:00+00:00,7459.0,stop,-44.0,2.0,-46.0,43.5,-1.0574712643678161
1,1,2019-05-23 14:29:00+00:00,2019-05-23 14:30:00+00:00,7324.75,7301.25,7371.75,2019-05-23 15:56:00+00:00,7301.0,stop,-47.5,2.0,-49.5,47.0,-1.053191489361702
-1,1,2019-05-24 13:59:00+00:00,2019-05-24 14:00:00+00:00,7363.75,7379.25,7332.75,2019-05-24 14:47:00+00:00,7332.75,objetivo,62.0,2.0,60.0,31.0,1.935483870967742
1,1,2019-05-27 16:29:00+00:00,2019-05-27 16:30:00+00:00,7315.5,7312.5,7321.5,2019-05-27 16:59:00+00:00,7318.0,fin_de_datos,5.0,2.0,3.0,6.0,0.5
-1,1,2019-05-28 14:14:00+00:00,2019-05-28 14:15:00+00:00,7340.75,7363.25,7295.75,2019-05-28 19:31:00+00:00,7295.75,objetivo,90.0,2.0,88.0,45.0,1.9555555555555555
-1,1,2019-05-29 13:59:00+00:00,2019-05-29 14:00:00+00:00,7228.5,7242.75,7200.0,2019-05-29 14:14:00+00:00,7243.0,stop,-29.0,2.0,-31.0,28.5,-1.087719298245614
1,1,2019-05-29 14:14:00+00:00,2019-05-29 14:15:00+00:00,7244.25,7218.5,7295.75,2019-05-29 15:14:00+00:00,7218.25,stop,-52.0,2.0,-54.0,51.5,-1.0485436893203883
1,1,2019-05-29 17:14:00+00:00,2019-05-29 17:15:00+00:00,7231.0,7199.5,7294.0,2019-05-29 18:41:00+00:00,7199.25,stop,-63.5,2.0,-65.5,63.0,-1.0396825396825398
-1,1,2019-05-29 18:44:00+00:00,2019-05-29 18:45:00+00:00,7198.5,7229.5,7136.5,2019-05-29 19:35:00+00:00,7229.75,stop,-62.5,2.0,-64.5,62.0,-1.0403225806451613
-1,1,2019-05-30 14:14:00+00:00,2019-05-30 14:15:00+00:00,7256.75,7267.75,7234.75,2019-05-30 14:34:00+00:00,7268.0,stop,-22.5,2.0,-24.5,22.0,-1.1136363636363635
-1,1,2019-05-30 14:59:00+00:00,2019-05-30 15:00:00+00:00,7245.5,7263.75,7209.0,2019-05-30 18:39:00+00:00,7209.0,objetivo,73.0,2.0,71.0,36.5,1.9452054794520548
1,1,2019-05-31 14:29:00+00:00,2019-05-31 14:30:00+00:00,7164.0,7146.75,7198.5,2019-05-31 18:32:00+00:00,7146.5,stop,-35.0,2.0,-37.0,34.5,-1.0724637681159421
1,1,2019-06-03 14:29:00+00:00,2019-06-03 14:30:00+00:00,7081.0,7048.0,7147.0,2019-06-03 16:04:00+00:00,7047.75,stop,-66.5,2.0,-68.5,66.0,-1.0378787878787878
1,1,2019-06-04 14:14:00+00:00,2019-06-04 14:15:00+00:00,7056.25,7029.75,7109.25,2019-06-04 15:07:00+00:00,7109.25,objetivo,106.0,2.0,104.0,53.0,1.9622641509433962
1,1,2019-06-05 15:29:00+00:00,2019-06-05 15:30:00+00:00,7206.0,7180.25,7257.5,2019-06-05 19:55:00+00:00,7225.75,tiempo,39.5,2.0,37.5,51.5,0.7281553398058253
1,1,2019-06-06 14:44:00+00:00,2019-06-06 14:45:00+00:00,7232.75,7204.0,7290.25,2019-06-06 19:33:00+00:00,7290.25,objetivo,115.0,2.0,113.0,57.5,1.9652173913043478
-1,1,2019-06-10 17:44:00+00:00,2019-06-10 17:45:00+00:00,7530.0,7543.0,7504.0,2019-06-10 18:16:00+00:00,7504.0,objetivo,52.0,2.0,50.0,26.0,1.9230769230769231
1,1,2019-06-11 14:29:00+00:00,2019-06-11 14:30:00+00:00,7578.25,7557.25,7620.25,2019-06-11 14:43:00+00:00,7557.0,stop,-42.5,2.0,-44.5,42.0,-1.0595238095238095
-1,1,2019-06-11 14:44:00+00:00,2019-06-11 14:45:00+00:00,7550.25,7579.25,7492.25,2019-06-11 19:55:00+00:00,7518.75,tiempo,63.0,2.0,61.0,58.0,1.0517241379310345
-1,1,2019-06-12 14:14:00+00:00,2019-06-12 14:15:00+00:00,7485.0,7506.25,7442.5,2019-06-12 19:55:00+00:00,7476.75,tiempo,16.5,2.0,14.5,42.5,0.3411764705882353
-1,1,2019-06-13 14:14:00+00:00,2019-06-13 14:15:00+00:00,7516.75,7536.0,7478.25,2019-06-13 19:55:00+00:00,7500.25,tiempo,33.0,2.0,31.0,38.5,0.8051948051948052
1,1,2019-06-14 14:14:00+00:00,2019-06-14 14:15:00+00:00,7474.0,7459.5,7503.0,2019-06-14 15:14:00+00:00,7459.25,stop,-29.5,2.0,-31.5,29.0,-1.0862068965517242
-1,1,2019-06-14 15:14:00+00:00,2019-06-14 15:15:00+00:00,7460.25,7485.75,7409.25,2019-06-14 15:31:00+00:00,7486.0,stop,-51.5,2.0,-53.5,51.0,-1.0490196078431373
1,1,2019-06-20 13:59:00+00:00,2019-06-20 14:00:00+00:00,7790.5,7777.0,7817.5,2019-06-20 14:17:00+00:00,7776.75,stop,-27.5,2.0,-29.5,27.0,-1.0925925925925926
1,1,2019-06-21 13:59:00+00:00,2019-06-21 14:00:00+00:00,7754.5,7738.25,7787.0,2019-06-21 15:01:00+00:00,7787.0,objetivo,65.0,2.0,63.0,32.5,1.9384615384615385
-1,1,2019-06-21 15:59:00+00:00,2019-06-21 16:00:00+00:00,7763.5,7773.75,7743.0,2019-06-21 19:08:00+00:00,7774.0,stop,-21.0,2.0,-23.0,20.5,-1.1219512195121952
1,1,2019-06-24 14:14:00+00:00,2019-06-24 14:15:00+00:00,7772.0,7750.25,7815.5,2019-06-24 19:55:00+00:00,7753.0,tiempo,-38.0,2.0,-40.0,43.5,-0.9195402298850575
-1,1,2019-06-26 14:14:00+00:00,2019-06-26 14:15:00+00:00,7684.5,7708.0,7637.5,2019-06-26 19:55:00+00:00,7658.25,tiempo,52.5,2.0,50.5,47.0,1.074468085106383
-1,1,2019-06-27 14:44:00+00:00,2019-06-27 14:45:00+00:00,7685.75,7696.0,7665.25,2019-06-27 15:30:00+00:00,7665.25,objetivo,41.0,2.0,39.0,20.5,1.9024390243902438
1,1,2019-06-27 16:14:00+00:00,2019-06-27 16:15:00+00:00,7687.5,7671.0,7720.5,2019-06-27 19:55:00+00:00,7684.5,tiempo,-6.0,2.0,-8.0,33.0,-0.24242424242424243
1,1,2019-06-28 14:59:00+00:00,2019-06-28 15:00:00+00:00,7681.5,7676.5,7691.5,2019-06-28 15:02:00+00:00,7676.25,stop,-10.5,2.0,-12.5,10.0,-1.25
-1,1,2019-06-28 15:14:00+00:00,2019-06-28 15:15:00+00:00,7678.25,7681.5,7671.75,2019-06-28 15:16:00+00:00,7681.75,stop,-7.0,2.0,-9.0,6.5,-1.3846153846153846
1,1,2019-06-28 15:29:00+00:00,2019-06-28 15:30:00+00:00,7684.25,7677.75,7697.25,2019-06-28 16:01:00+00:00,7697.25,objetivo,26.0,2.0,24.0,13.0,1.8461538461538463
-1,1,2019-06-28 17:44:00+00:00,2019-06-28 17:45:00+00:00,7683.25,7689.5,7670.75,2019-06-28 18:52:00+00:00,7670.75,objetivo,25.0,2.0,23.0,12.5,1.84
-1,1,2019-07-02 13:59:00+00:00,2019-07-02 14:00:00+00:00,7786.0,7795.0,7768.0,2019-07-02 14:03:00+00:00,7795.25,stop,-18.5,2.0,-20.5,18.0,-1.1388888888888888
1,1,2019-07-02 14:29:00+00:00,2019-07-02 14:30:00+00:00,7798.5,7781.5,7832.5,2019-07-02 15:39:00+00:00,7781.25,stop,-34.5,2.0,-36.5,34.0,-1.0735294117647058
-1,1,2019-07-02 15:44:00+00:00,2019-07-02 15:45:00+00:00,7784.5,7797.5,7758.5,2019-07-02 18:14:00+00:00,7797.75,stop,-26.5,2.0,-28.5,26.0,-1.0961538461538463
-1,1,2019-07-04 13:59:00+00:00,2019-07-04 14:00:00+00:00,7898.25,7900.5,7893.75,2019-07-04 14:20:00+00:00,7893.75,objetivo,9.0,2.0,7.0,4.5,1.5555555555555556
1,1,2019-07-04 14:44:00+00:00,2019-07-04 14:45:00+00:00,7898.5,7894.25,7907.0,2019-07-04 16:59:00+00:00,7901.75,fin_de_datos,6.5,2.0,4.5,8.5,0.5294117647058824
1,1,2019-07-05 15:14:00+00:00,2019-07-05 15:15:00+00:00,7818.0,7803.25,7847.5,2019-07-05 16:40:00+00:00,7847.5,objetivo,59.0,2.0,57.0,29.5,1.9322033898305084
1,1,2019-07-08 14:14:00+00:00,2019-07-08 14:15:00+00:00,7797.25,7778.25,7835.25,2019-07-08 19:55:00+00:00,7809.0,tiempo,23.5,2.0,21.5,38.0,0.5657894736842105
-1,1,2019-07-10 14:29:00+00:00,2019-07-10 14:30:00+00:00,7911.0,7935.0,7863.0,2019-07-10 17:45:00+00:00,7935.25,stop,-48.5,2.0,-50.5,48.0,-1.0520833333333333
-1,1,2019-07-10 18:14:00+00:00,2019-07-10 18:15:00+00:00,7916.25,7937.5,7873.75,2019-07-10 19:55:00+00:00,7928.0,tiempo,-23.5,2.0,-25.5,42.5,-0.6
-1,1,2019-07-11 14:14:00+00:00,2019-07-11 14:15:00+00:00,7937.0,7954.0,7903.0,2019-07-11 15:35:00+00:00,7954.25,stop,-34.5,2.0,-36.5,34.0,-1.0735294117647058
-1,1,2019-07-11 17:29:00+00:00,2019-07-11 17:30:00+00:00,7924.5,7944.0,7885.5,2019-07-11 19:55:00+00:00,7919.25,tiempo,10.5,2.0,8.5,39.0,0.21794871794871795
-1,1,2019-07-12 14:14:00+00:00,2019-07-12 14:15:00+00:00,7937.0,7950.0,7911.0,2019-07-12 16:01:00+00:00,7950.25,stop,-26.5,2.0,-28.5,26.0,-1.0961538461538463
1,1,2019-07-15 14:29:00+00:00,2019-07-15 14:30:00+00:00,7973.5,7962.25,7996.0,2019-07-15 16:46:00+00:00,7962.0,stop,-23.0,2.0,-25.0,22.5,-1.1111111111111112
1,1,2019-07-15 17:44:00+00:00,2019-07-15 17:45:00+00:00,7974.5,7969.0,7985.5,2019-07-15 18:21:00+00:00,7985.5,objetivo,22.0,2.0,20.0,11.0,1.8181818181818181
-1,1,2019-07-16 14:14:00+00:00,2019-07-16 14:15:00+00:00,7974.5,7985.5,7952.5,2019-07-16 16:06:00+00:00,7952.5,objetivo,44.0,2.0,42.0,22.0,1.9090909090909092
1,1,2019-07-16 17:14:00+00:00,2019-07-16 17:15:00+00:00,7964.5,7951.0,7991.5,2019-07-16 17:43:00+00:00,7950.75,stop,-27.5,2.0,-29.5,27.0,-1.0925925925925926
-1,1,2019-07-17 14:14:00+00:00,2019-07-17 14:15:00+00:00,7942.75,7960.75,7906.75,2019-07-17 19:55:00+00:00,7924.75,tiempo,36.0,2.0,34.0,36.0,0.9444444444444444
-1,1,2019-07-18 14:44:00+00:00,2019-07-18 14:45:00+00:00,7888.25,7900.0,7864.75,2019-07-18 15:14:00+00:00,7864.75,objetivo,47.0,2.0,45.0,23.5,1.9148936170212767
1,1,2019-07-18 18:14:00+00:00,2019-07-18 18:15:00+00:00,7888.25,7873.25,7918.25,2019-07-18 18:42:00+00:00,7918.25,objetivo,60.0,2.0,58.0,30.0,1.9333333333333333
-1,1,2019-07-22 14:44:00+00:00,2019-07-22 14:45:00+00:00,7896.0,7911.75,7864.5,2019-07-22 16:38:00+00:00,7912.0,stop,-32.0,2.0,-34.0,31.5,-1.0793650793650793
1,1,2019-07-23 14:59:00+00:00,2019-07-23 15:00:00+00:00,7938.75,7932.5,7951.25,2019-07-23 15:01:00+00:00,7932.25,stop,-13.0,2.0,-15.0,12.5,-1.2
-1,1,2019-07-23 15:14:00+00:00,2019-07-23 15:15:00+00:00,7932.25,7938.75,7919.25,2019-07-23 15:22:00+00:00,7939.0,stop,-13.5,2.0,-15.5,13.0,-1.1923076923076923
1,1,2019-07-23 15:29:00+00:00,2019-07-23 15:30:00+00:00,7936.75,7932.25,7945.75,2019-07-23 15:32:00+00:00,7932.0,stop,-9.5,2.0,-11.5,9.0,-1.2777777777777777
-1,1,2019-07-23 15:44:00+00:00,2019-07-23 15:45:00+00:00,7925.75,7938.0,7901.25,2019-07-23 17:40:00+00:00,7938.25,stop,-25.0,2.0,-27.0,24.5,-1.1020408163265305
1,1,2019-07-25 14:44:00+00:00,2019-07-25 14:45:00+00:00,7980.75,7956.5,8029.25,2019-07-25 15:50:00+00:00,7956.25,stop,-49.0,2.0,-51.0,48.5,-1.0515463917525774
-1,1,2019-07-26 14:14:00+00:00,2019-07-26 14:15:00+00:00,8016.75,8030.5,7989.25,2019-07-26 15:55:00+00:00,8030.75,stop,-28.0,2.0,-30.0,27.5,-1.0909090909090908
1,1,2019-07-29 15:29:00+00:00,2019-07-29 15:30:00+00:00,7984.0,7970.0,8012.0,2019-07-29 19:55:00+00:00,8005.5,tiempo,43.0,2.0,41.0,28.0,1.4642857142857142
-1,1,2019-07-30 14:44:00+00:00,2019-07-30 14:45:00+00:00,7959.25,7973.0,7931.75,2019-07-30 15:08:00+00:00,7973.25,stop,-28.0,2.0,-30.0,27.5,-1.0909090909090908
-1,1,2019-07-30 15:59:00+00:00,2019-07-30 16:00:00+00:00,7958.0,7973.75,7926.5,2019-07-30 17:48:00+00:00,7974.0,stop,-32.0,2.0,-34.0,31.5,-1.0793650793650793
-1,1,2019-07-31 14:29:00+00:00,2019-07-31 14:30:00+00:00,7977.25,7991.5,7948.75,2019-07-31 18:01:00+00:00,7948.75,objetivo,57.0,2.0,55.0,28.5,1.9298245614035088
-1,1,2019-08-01 17:29:00+00:00,2019-08-01 17:30:00+00:00,7932.75,7999.5,7799.25,2019-08-01 18:23:00+00:00,7799.25,objetivo,267.0,2.0,265.0,133.5,1.9850187265917603
1,1,2019-08-02 16:29:00+00:00,2019-08-02 16:30:00+00:00,7706.75,7687.0,7746.25,2019-08-02 16:36:00+00:00,7686.75,stop,-40.0,2.0,-42.0,39.5,-1.0632911392405062
-1,1,2019-08-02 16:44:00+00:00,2019-08-02 16:45:00+00:00,7691.5,7709.0,7656.5,2019-08-02 17:36:00+00:00,7656.5,objetivo,70.0,2.0,68.0,35.0,1.9428571428571428
1,1,2019-08-05 13:59:00+00:00,2019-08-05 14:00:00+00:00,7514.25,7481.5,7579.75,2019-08-05 14:35:00+00:00,7481.25,stop,-66.0,2.0,-68.0,65.5,-1.0381679389312977
1,1,2019-08-05 15:14:00+00:00,2019-08-05 15:15:00+00:00,7506.25,7477.25,7564.25,2019-08-05 15:27:00+00:00,7477.0,stop,-58.5,2.0,-60.5,58.0,-1.043103448275862
-1,1,2019-08-05 15:29:00+00:00,2019-08-05 15:30:00+00:00,7481.25,7506.0,7431.75,2019-08-05 16:55:00+00:00,7431.75,objetivo,99.0,2.0,97.0,49.5,1.9595959595959596
-1,1,2019-08-06 14:14:00+00:00,2019-08-06 14:15:00+00:00,7486.0,7534.5,7389.0,2019-08-06 18:20:00+00:00,7534.75,stop,-97.5,2.0,-99.5,97.0,-1.0257731958762886
1,1,2019-08-07 13:59:00+00:00,2019-08-07 14:00:00+00:00,7434.0,7387.5,7527.0,2019-08-07 14:51:00+00:00,7527.0,objetivo,186.0,2.0,184.0,93.0,1.978494623655914
-1,1,2019-08-07 16:14:00+00:00,2019-08-07 16:15:00+00:00,7468.75,7481.75,7442.75,2019-08-07 16:41:00+00:00,7482.0,stop,-26.5,2.0,-28.5,26.0,-1.0961538461538463
1,1,2019-08-07 16:44:00+00:00,2019-08-07 16:45:00+00:00,7490.5,7456.25,7559.0,2019-08-07 18:45:00+00:00,7559.0,objetivo,137.0,2.0,135.0,68.5,1.9708029197080292
1,1,2019-08-08 13:59:00+00:00,2019-08-08 14:00:00+00:00,7620.0,7578.0,7704.0,2019-08-08 17:04:00+00:00,7704.0,objetivo,168.0,2.0,166.0,84.0,1.9761904761904763
1,1,2019-08-09 17:14:00+00:00,2019-08-09 17:15:00+00:00,7654.75,7643.0,7678.25,2019-08-09 17:30:00+00:00,7678.25,objetivo,47.0,2.0,45.0,23.5,1.9148936170212767
1,1,2019-08-12 14:29:00+00:00,2019-08-12 14:30:00+00:00,7619.5,7591.0,7676.5,2019-08-12 15:10:00+00:00,7590.75,stop,-57.5,2.0,-59.5,57.0,-1.043859649122807
-1,1,2019-08-12 15:14:00+00:00,2019-08-12 15:15:00+00:00,7580.5,7615.5,7510.5,2019-08-12 15:45:00+00:00,7615.75,stop,-70.5,2.0,-72.5,70.0,-1.0357142857142858
-1,1,2019-08-12 17:44:00+00:00,2019-08-12 17:45:00+00:00,7590.75,7608.25,7555.75,2019-08-12 18:41:00+00:00,7555.75,objetivo,70.0,2.0,68.0,35.0,1.9428571428571428
1,1,2019-08-14 13:59:00+00:00,2019-08-14 14:00:00+00:00,7620.25,7586.0,7688.75,2019-08-14 14:04:00+00:00,7585.75,stop,-69.0,2.0,-71.0,68.5,-1.0364963503649636
-1,1,2019-08-14 14:14:00+00:00,2019-08-14 14:15:00+00:00,7583.25,7621.5,7506.75,2019-08-14 16:09:00+00:00,7506.75,objetivo,153.0,2.0,151.0,76.5,1.973856209150327
1,1,2019-08-15 13:59:00+00:00,2019-08-15 14:00:00+00:00,7516.75,7485.5,7579.25,2019-08-15 14:30:00+00:00,7485.25,stop,-63.0,2.0,-65.0,62.5,-1.04
1,1,2019-08-15 14:44:00+00:00,2019-08-15 14:45:00+00:00,7507.25,7485.25,7551.25,2019-08-15 15:04:00+00:00,7485.0,stop,-44.5,2.0,-46.5,44.0,-1.0568181818181819
1,1,2019-08-15 15:59:00+00:00,2019-08-15 16:00:00+00:00,7507.75,7481.75,7559.75,2019-08-15 17:36:00+00:00,7481.5,stop,-52.5,2.0,-54.5,52.0,-1.0480769230769231
1,1,2019-08-16 14:14:00+00:00,2019-08-16 14:15:00+00:00,7573.25,7562.75,7594.25,2019-08-16 14:21:00+00:00,7594.25,objetivo,42.0,2.0,40.0,21.0,1.9047619047619047
-1,1,2019-08-19 13:59:00+00:00,2019-08-19 14:00:00+00:00,7720.25,7739.25,7682.25,2019-08-19 15:37:00+00:00,7739.5,stop,-38.5,2.0,-40.5,38.0,-1.0657894736842106
1,1,2019-08-20 14:14:00+00:00,2019-08-20 14:15:00+00:00,7708.5,7687.25,7751.0,2019-08-20 18:14:00+00:00,7687.0,stop,-43.0,2.0,-45.0,42.5,-1.0588235294117647
-1,1,2019-08-21 14:14:00+00:00,2019-08-21 14:15:00+00:00,7746.0,7762.0,7714.0,2019-08-21 18:00:00+00:00,7714.0,objetivo,64.0,2.0,62.0,32.0,1.9375
-1,1,2019-08-22 14:14:00+00:00,2019-08-22 14:15:00+00:00,7734.25,7764.5,7673.75,2019-08-22 14:33:00+00:00,7673.75,objetivo,121.0,2.0,119.0,60.5,1.9669421487603307
1,1,2019-08-22 16:44:00+00:00,2019-08-22 16:45:00+00:00,7706.25,7693.25,7732.25,2019-08-22 18:45:00+00:00,7732.25,objetivo,52.0,2.0,50.0,26.0,1.9230769230769231
-1,1,2019-08-23 13:59:00+00:00,2019-08-23 14:00:00+00:00,7654.5,7669.75,7624.0,2019-08-23 14:02:00+00:00,7670.0,stop,-31.0,2.0,-33.0,30.5,-1.0819672131147542
1,1,2019-08-23 14:14:00+00:00,2019-08-23 14:15:00+00:00,7679.5,7640.0,7758.5,2019-08-23 15:02:00+00:00,7639.75,stop,-79.5,2.0,-81.5,79.0,-1.0316455696202531
-1,1,2019-08-23 15:14:00+00:00,2019-08-23 15:15:00+00:00,7577.0,7707.25,7316.5,2019-08-23 19:55:00+00:00,7455.75,tiempo,242.5,2.0,240.5,260.5,0.9232245681381958
1,1,2019-08-26 13:59:00+00:00,2019-08-26 14:00:00+00:00,7547.5,7525.25,7592.0,2019-08-26 14:09:00+00:00,7525.0,stop,-45.0,2.0,-47.0,44.5,-1.0561797752808988
-1,1,2019-08-26 14:14:00+00:00,2019-08-26 14:15:00+00:00,7524.0,7557.75,7456.5,2019-08-26 15:12:00+00:00,7558.0,stop,-68.0,2.0,-70.0,67.5,-1.037037037037037
-1,1,2019-08-26 18:14:00+00:00,2019-08-26 18:15:00+00:00,7542.75,7560.25,7507.75,2019-08-26 19:00:00+00:00,7560.5,stop,-35.5,2.0,-37.5,35.0,-1.0714285714285714
-1,1,2019-08-29 14:14:00+00:00,2019-08-29 14:15:00+00:00,7699.75,7717.5,7664.25,2019-08-29 14:37:00+00:00,7664.25,objetivo,71.0,2.0,69.0,35.5,1.943661971830986
1,1,2019-08-29 15:14:00+00:00,2019-08-29 15:15:00+00:00,7705.0,7690.0,7735.0,2019-08-29 19:55:00+00:00,7705.75,tiempo,1.5,2.0,-0.5,30.0,-0.016666666666666666
1,1,2019-09-02 14:14:00+00:00,2019-09-02 14:15:00+00:00,7658.25,7646.5,7681.75,2019-09-02 15:49:00+00:00,7646.25,stop,-24.0,2.0,-26.0,23.5,-1.1063829787234043
-1,1,2019-09-02 15:59:00+00:00,2019-09-02 16:00:00+00:00,7627.25,7665.0,7551.75,2019-09-02 16:59:00+00:00,7612.5,fin_de_datos,29.5,2.0,27.5,75.5,0.36423841059602646
-1,1,2019-09-03 14:14:00+00:00,2019-09-03 14:15:00+00:00,7603.0,7667.75,7473.5,2019-09-03 19:55:00+00:00,7624.25,tiempo,-42.5,2.0,-44.5,129.5,-0.3436293436293436
-1,1,2019-09-04 13:59:00+00:00,2019-09-04 14:00:00+00:00,7686.75,7705.5,7649.25,2019-09-04 16:47:00+00:00,7705.75,stop,-38.0,2.0,-40.0,37.5,-1.0666666666666667
-1,1,2019-09-05 15:59:00+00:00,2019-09-05 16:00:00+00:00,7853.0,7863.75,7831.5,2019-09-05 16:15:00+00:00,7864.0,stop,-22.0,2.0,-24.0,21.5,-1.1162790697674418
-1,1,2019-09-05 16:29:00+00:00,2019-09-05 16:30:00+00:00,7850.5,7863.75,7824.0,2019-09-05 18:53:00+00:00,7864.0,stop,-27.0,2.0,-29.0,26.5,-1.0943396226415094
1,1,2019-09-06 14:29:00+00:00,2019-09-06 14:30:00+00:00,7863.25,7848.0,7893.75,2019-09-06 16:46:00+00:00,7847.75,stop,-31.0,2.0,-33.0,30.5,-1.0819672131147542
1,1,2019-09-06 17:14:00+00:00,2019-09-06 17:15:00+00:00,7863.5,7856.0,7878.5,2019-09-06 19:30:00+00:00,7878.5,objetivo,30.0,2.0,28.0,15.0,1.8666666666666667
-1,1,2019-09-09 13:59:00+00:00,2019-09-09 14:00:00+00:00,7851.75,7874.0,7807.25,2019-09-09 14:58:00+00:00,7874.25,stop,-45.0,2.0,-47.0,44.5,-1.0561797752808988
-1,1,2019-09-09 15:44:00+00:00,2019-09-09 15:45:00+00:00,7864.0,7873.5,7845.0,2019-09-09 16:13:00+00:00,7845.0,objetivo,38.0,2.0,36.0,19.0,1.894736842105263
1,1,2019-09-10 14:29:00+00:00,2019-09-10 14:30:00+00:00,7782.25,7757.25,7832.25,2019-09-10 15:24:00+00:00,7757.0,stop,-50.5,2.0,-52.5,50.0,-1.05
-1,1,2019-09-10 15:29:00+00:00,2019-09-10 15:30:00+00:00,7757.5,7772.0,7728.5,2019-09-10 15:47:00+00:00,7772.25,stop,-29.5,2.0,-31.5,29.0,-1.0862068965517242
1,1,2019-09-10 15:59:00+00:00,2019-09-10 16:00:00+00:00,7782.25,7753.75,7839.25,2019-09-10 19:55:00+00:00,7786.0,tiempo,7.5,2.0,5.5,57.0,0.09649122807017543
1,1,2019-09-12 14:14:00+00:00,2019-09-12 14:15:00+00:00,7954.0,7926.5,8009.0,2019-09-12 14:51:00+00:00,7926.25,stop,-55.5,2.0,-57.5,55.0,-1.0454545454545454
-1,1,2019-09-12 14:59:00+00:00,2019-09-12 15:00:00+00:00,7934.5,7966.75,7870.0,2019-09-12 19:55:00+00:00,7934.25,tiempo,0.5,2.0,-1.5,64.5,-0.023255813953488372
-1,1,2019-09-13 14:14:00+00:00,2019-09-13 14:15:00+00:00,7892.0,7908.5,7859.0,2019-09-13 14:22:00+00:00,7908.75,stop,-33.5,2.0,-35.5,33.0,-1.0757575757575757
1,1,2019-09-13 14:29:00+00:00,2019-09-13 14:30:00+00:00,7910.75,7891.25,7949.75,2019-09-13 16:42:00+00:00,7891.0,stop,-39.5,2.0,-41.5,39.0,-1.064102564102564
-1,1,2019-09-17 13:59:00+00:00,2019-09-17 14:00:00+00:00,7879.0,7891.75,7853.5,2019-09-17 15:24:00+00:00,7892.0,stop,-26.0,2.0,-28.0,25.5,-1.0980392156862746
-1,1,2019-09-17 16:44:00+00:00,2019-09-17 16:45:00+00:00,7879.75,7882.0,7875.25,2019-09-17 16:49:00+00:00,7882.25,stop,-5.0,2.0,-7.0,4.5,-1.5555555555555556
1,1,2019-09-17 17:14:00+00:00,2019-09-17 17:15:00+00:00,7882.0,7877.25,7891.5,2019-09-17 17:59:00+00:00,7891.5,objetivo,19.0,2.0,17.0,9.5,1.7894736842105263
1,1,2019-09-18 14:29:00+00:00,2019-09-18 14:30:00+00:00,7895.75,7889.25,7908.75,2019-09-18 14:50:00+00:00,7889.0,stop,-13.5,2.0,-15.5,13.0,-1.1923076923076923
-1,1,2019-09-18 15:14:00+00:00,2019-09-18 15:15:00+00:00,7892.25,7896.75,7883.25,2019-09-18 16:53:00+00:00,7883.25,objetivo,18.0,2.0,16.0,9.0,1.7777777777777777
-1,1,2019-09-19 15:44:00+00:00,2019-09-19 15:45:00+00:00,7953.25,7968.75,7922.25,2019-09-19 16:30:00+00:00,7922.25,objetivo,62.0,2.0,60.0,31.0,1.935483870967742
-1,1,2019-09-20 13:59:00+00:00,2019-09-20 14:00:00+00:00,7926.5,7941.5,7896.5,2019-09-20 15:36:00+00:00,7896.5,objetivo,60.0,2.0,58.0,30.0,1.9333333333333333
-1,1,2019-09-23 14:14:00+00:00,2019-09-23 14:15:00+00:00,7813.75,7838.0,7765.25,2019-09-23 14:30:00+00:00,7838.25,stop,-49.0,2.0,-51.0,48.5,-1.0515463917525774
-1,1,2019-09-23 14:44:00+00:00,2019-09-23 14:45:00+00:00,7827.5,7842.75,7797.0,2019-09-23 15:29:00+00:00,7843.0,stop,-31.0,2.0,-33.0,30.5,-1.0819672131147542
1,1,2019-09-23 15:29:00+00:00,2019-09-23 15:30:00+00:00,7841.75,7824.25,7876.75,2019-09-23 19:55:00+00:00,7847.0,tiempo,10.5,2.0,8.5,35.0,0.24285714285714285
-1,1,2019-09-24 14:14:00+00:00,2019-09-24 14:15:00+00:00,7869.75,7886.75,7835.75,2019-09-24 14:46:00+00:00,7835.75,objetivo,68.0,2.0,66.0,34.0,1.9411764705882353
1,1,2019-09-25 14:29:00+00:00,2019-09-25 14:30:00+00:00,7713.75,7686.75,7767.75,2019-09-25 16:09:00+00:00,7767.75,objetivo,108.0,2.0,106.0,54.0,1.962962962962963
1,1,2019-09-26 14:44:00+00:00,2019-09-26 14:45:00+00:00,7783.5,7774.25,7802.0,2019-09-26 14:56:00+00:00,7774.0,stop,-19.0,2.0,-21.0,18.5,-1.135135135135135
-1,1,2019-09-26 14:59:00+00:00,2019-09-26 15:00:00+00:00,7771.5,7797.0,7720.5,2019-09-26 18:09:00+00:00,7797.25,stop,-51.5,2.0,-53.5,51.0,-1.0490196078431373
1,1,2019-09-27 14:44:00+00:00,2019-09-27 14:45:00+00:00,7777.0,7754.25,7822.5,2019-09-27 15:37:00+00:00,7754.0,stop,-46.0,2.0,-48.0,45.5,-1.054945054945055
-1,1,2019-09-27 15:44:00+00:00,2019-09-27 15:45:00+00:00,7731.0,7790.75,7611.5,2019-09-27 19:55:00+00:00,7694.25,tiempo,73.5,2.0,71.5,119.5,0.5983263598326359
-1,1,2019-09-30 14:44:00+00:00,2019-09-30 14:45:00+00:00,7728.25,7742.5,7699.75,2019-09-30 14:56:00+00:00,7742.75,stop,-29.0,2.0,-31.0,28.5,-1.087719298245614
1,1,2019-09-30 14:59:00+00:00,2019-09-30 15:00:00+00:00,7740.5,7725.0,7771.5,2019-09-30 16:26:00+00:00,7771.5,objetivo,62.0,2.0,60.0,31.0,1.935483870967742
-1,1,2019-10-01 14:14:00+00:00,2019-10-01 14:15:00+00:00,7767.25,7834.5,7632.75,2019-10-01 19:55:00+00:00,7708.0,tiempo,118.5,2.0,116.5,134.5,0.8661710037174721
1,1,2019-10-03 13:59:00+00:00,2019-10-03 14:00:00+00:00,7572.25,7563.0,7590.75,2019-10-03 14:00:00+00:00,7562.75,stop,-19.0,2.0,-21.0,18.5,-1.135135135135135
-1,1,2019-10-03 14:14:00+00:00,2019-10-03 14:15:00+00:00,7496.5,7572.0,7345.5,2019-10-03 15:02:00+00:00,7572.25,stop,-151.5,2.0,-153.5,151.0,-1.0165562913907285
1,1,2019-10-04 13:59:00+00:00,2019-10-04 14:00:00+00:00,7717.75,7686.5,7780.25,2019-10-04 19:55:00+00:00,7766.25,tiempo,97.0,2.0,95.0,62.5,1.52
1,1,2019-10-07 13:59:00+00:00,2019-10-07 14:00:00+00:00,7739.75,7724.25,7770.75,2019-10-07 14:56:00+00:00,7770.75,objetivo,62.0,2.0,60.0,31.0,1.935483870967742
-1,1,2019-10-07 17:14:00+00:00,2019-10-07 17:15:00+00:00,7755.5,7776.5,7713.5,2019-10-07 17:32:00+00:00,7776.75,stop,-42.5,2.0,-44.5,42.0,-1.0595238095238095
-1,1,2019-10-07 18:44:00+00:00,2019-10-07 18:45:00+00:00,7756.25,7769.0,7730.75,2019-10-07 19:55:00+00:00,7737.5,tiempo,37.5,2.0,35.5,25.5,1.392156862745098
1,1,2019-10-08 14:59:00+00:00,2019-10-08 15:00:00+00:00,7664.75,7639.0,7716.25,2019-10-08 15:33:00+00:00,7638.75,stop,-52.0,2.0,-54.0,51.5,-1.0485436893203883
1,1,2019-10-08 16:14:00+00:00,2019-10-08 16:15:00+00:00,7655.5,7644.5,7677.5,2019-10-08 16:45:00+00:00,7677.5,objetivo,44.0,2.0,42.0,22.0,1.9090909090909092
-1,1,2019-10-09 13:59:00+00:00,2019-10-09 14:00:00+00:00,7672.5,7696.75,7624.0,2019-10-09 15:00:00+00:00,7697.0,stop,-49.0,2.0,-51.0,48.5,-1.0515463917525774
-1,1,2019-10-09 15:14:00+00:00,2019-10-09 15:15:00+00:00,7673.0,7697.25,7624.5,2019-10-09 15:45:00+00:00,7697.5,stop,-49.0,2.0,-51.0,48.5,-1.0515463917525774
-1,1,2019-10-10 16:29:00+00:00,2019-10-10 16:30:00+00:00,7747.5,7767.5,7707.5,2019-10-10 19:55:00+00:00,7755.75,tiempo,-16.5,2.0,-18.5,40.0,-0.4625
-1,1,2019-10-11 16:14:00+00:00,2019-10-11 16:15:00+00:00,7881.0,7888.75,7865.5,2019-10-11 16:32:00+00:00,7865.5,objetivo,31.0,2.0,29.0,15.5,1.8709677419354838
-1,1,2019-10-11 16:44:00+00:00,2019-10-11 16:45:00+00:00,7875.25,7885.0,7855.75,2019-10-11 16:53:00+00:00,7885.25,stop,-20.0,2.0,-22.0,19.5,-1.1282051282051282
1,1,2019-10-11 16:59:00+00:00,2019-10-11 17:00:00+00:00,7889.25,7874.75,7918.25,2019-10-11 19:40:00+00:00,7918.25,objetivo,58.0,2.0,56.0,29.0,1.9310344827586208
1,1,2019-10-14 13:59:00+00:00,2019-10-14 14:00:00+00:00,7856.75,7838.5,7893.25,2019-10-14 19:55:00+00:00,7863.5,tiempo,13.5,2.0,11.5,36.5,0.3150684931506849
-1,1,2019-10-16 13:59:00+00:00,2019-10-16 14:00:00+00:00,7920.25,7932.0,7896.75,2019-10-16 14:26:00+00:00,7932.25,stop,-24.0,2.0,-26.0,23.5,-1.1063829787234043
1,1,2019-10-16 14:29:00+00:00,2019-10-16 14:30:00+00:00,7936.25,7919.0,7970.75,2019-10-16 16:50:00+00:00,7918.75,stop,-35.0,2.0,-37.0,34.5,-1.0724637681159421
1,1,2019-10-16 18:44:00+00:00,2019-10-16 18:45:00+00:00,7932.0,7923.75,7948.5,2019-10-16 19:13:00+00:00,7923.5,stop,-17.0,2.0,-19.0,16.5,-1.1515151515151516
-1,1,2019-10-17 14:14:00+00:00,2019-10-17 14:15:00+00:00,7977.5,7985.75,7961.0,2019-10-17 14:28:00+00:00,7961.0,objetivo,33.0,2.0,31.0,16.5,1.878787878787879
1,1,2019-10-17 18:59:00+00:00,2019-10-17 19:00:00+00:00,7958.0,7952.5,7969.0,2019-10-17 19:07:00+00:00,7952.25,stop,-11.5,2.0,-13.5,11.0,-1.2272727272727273
1,1,2019-10-18 13:59:00+00:00,2019-10-18 14:00:00+00:00,7950.25,7943.0,7964.75,2019-10-18 14:03:00+00:00,7942.75,stop,-15.0,2.0,-17.0,14.5,-1.1724137931034482
-1,1,2019-10-18 14:14:00+00:00,2019-10-18 14:15:00+00:00,7933.0,7951.0,7897.0,2019-10-18 15:43:00+00:00,7897.0,objetivo,72.0,2.0,70.0,36.0,1.9444444444444444
1,1,2019-10-21 14:29:00+00:00,2019-10-21 14:30:00+00:00,7922.5,7905.5,7956.5,2019-10-21 19:55:00+00:00,7945.5,tiempo,46.0,2.0,44.0,34.0,1.2941176470588236
-1,1,2019-10-22 13:59:00+00:00,2019-10-22 14:00:00+00:00,7970.0,7988.75,7932.5,2019-10-22 15:30:00+00:00,7932.5,objetivo,75.0,2.0,73.0,37.5,1.9466666666666668
-1,1,2019-10-23 14:14:00+00:00,2019-10-23 14:15:00+00:00,7868.25,7883.0,7838.75,2019-10-23 14:52:00+00:00,7883.25,stop,-30.0,2.0,-32.0,29.5,-1.0847457627118644
1,1,2019-10-23 14:59:00+00:00,2019-10-23 15:00:00+00:00,7885.25,7865.5,7924.75,2019-10-23 18:27:00+00:00,7865.25,stop,-40.0,2.0,-42.0,39.5,-1.0632911392405062
-1,1,2019-10-24 13:59:00+00:00,2019-10-24 14:00:00+00:00,7931.25,7956.5,7880.75,2019-10-24 15:22:00+00:00,7956.75,stop,-51.0,2.0,-53.0,50.5,-1.0495049504950495
1,1,2019-10-28 13:59:00+00:00,2019-10-28 14:00:00+00:00,8092.5,8081.25,8115.0,2019-10-28 15:45:00+00:00,8115.0,objetivo,45.0,2.0,43.0,22.5,1.9111111111111112
1,1,2019-10-29 14:44:00+00:00,2019-10-29 14:45:00+00:00,8095.0,8072.75,8139.5,2019-10-29 15:19:00+00:00,8072.5,stop,-45.0,2.0,-47.0,44.5,-1.0561797752808988
1,1,2019-10-29 16:29:00+00:00,2019-10-29 16:30:00+00:00,8085.25,8070.0,8115.75,2019-10-29 18:01:00+00:00,8069.75,stop,-31.0,2.0,-33.0,30.5,-1.0819672131147542
1,1,2019-10-30 14:14:00+00:00,2019-10-30 14:15:00+00:00,8050.75,8020.5,8111.25,2019-10-30 19:55:00+00:00,8094.25,tiempo,87.0,2.0,85.0,60.5,1.4049586776859504
1,1,2019-10-31 14:59:00+00:00,2019-10-31 15:00:00+00:00,8083.0,8061.0,8127.0,2019-10-31 16:41:00+00:00,8060.75,stop,-44.5,2.0,-46.5,44.0,-1.0568181818181819
-1,1,2019-11-01 15:29:00+00:00,2019-11-01 15:30:00+00:00,8139.0,8149.0,8119.0,2019-11-01 16:11:00+00:00,8119.0,objetivo,40.0,2.0,38.0,20.0,1.9
1,1,2019-11-01 17:29:00+00:00,2019-11-01 17:30:00+00:00,8138.0,8133.75,8146.5,2019-11-01 17:46:00+00:00,8146.5,objetivo,17.0,2.0,15.0,8.5,1.7647058823529411
1,1,2019-11-04 15:29:00+00:00,2019-11-04 15:30:00+00:00,8222.5,8206.25,8255.0,2019-11-04 15:54:00+00:00,8206.0,stop,-33.0,2.0,-35.0,32.5,-1.0769230769230769
1,1,2019-11-04 17:59:00+00:00,2019-11-04 18:00:00+00:00,8216.0,8209.25,8229.5,2019-11-04 20:15:00+00:00,8209.0,stop,-14.0,2.0,-16.0,13.5,-1.1851851851851851
1,1,2019-11-05 14:59:00+00:00,2019-11-05 15:00:00+00:00,8218.75,8209.0,8238.25,2019-11-05 15:09:00+00:00,8208.75,stop,-20.0,2.0,-22.0,19.5,-1.1282051282051282
-1,1,2019-11-05 15:14:00+00:00,2019-11-05 15:15:00+00:00,8203.0,8234.75,8139.5,2019-11-05 20:55:00+00:00,8221.25,tiempo,-36.5,2.0,-38.5,63.5,-0.6062992125984252
1,1,2019-11-06 14:59:00+00:00,2019-11-06 15:00:00+00:00,8199.75,8189.25,8220.75,2019-11-06 15:15:00+00:00,8189.0,stop,-21.5,2.0,-23.5,21.0,-1.119047619047619
1,1,2019-11-06 18:29:00+00:00,2019-11-06 18:30:00+00:00,8191.25,8183.5,8206.75,2019-11-06 20:55:00+00:00,8197.25,tiempo,12.0,2.0,10.0,15.5,0.6451612903225806
-1,1,2019-11-07 18:44:00+00:00,2019-11-07 18:45:00+00:00,8258.5,8263.0,8249.5,2019-11-07 19:43:00+00:00,8249.5,objetivo,18.0,2.0,16.0,9.0,1.7777777777777777
-1,1,2019-11-08 14:59:00+00:00,2019-11-08 15:00:00+00:00,8206.25,8233.75,8151.25,2019-11-08 15:44:00+00:00,8234.0,stop,-55.5,2.0,-57.5,55.0,-1.0454545454545454
1,1,2019-11-11 14:59:00+00:00,2019-11-11 15:00:00+00:00,8228.75,8207.75,8270.75,2019-11-11 20:55:00+00:00,8242.75,tiempo,28.0,2.0,26.0,42.0,0.6190476190476191
-1,1,2019-11-12 19:14:00+00:00,2019-11-12 19:15:00+00:00,8263.25,8288.0,8213.75,2019-11-12 20:55:00+00:00,8267.25,tiempo,-8.0,2.0,-10.0,49.5,-0.20202020202020202
-1,1,2019-11-13 18:59:00+00:00,2019-11-13 19:00:00+00:00,8257.75,8279.75,8213.75,2019-11-13 20:55:00+00:00,8262.75,tiempo,-10.0,2.0,-12.0,44.0,-0.2727272727272727
1,1,2019-11-14 14:59:00+00:00,2019-11-14 15:00:00+00:00,8252.5,8241.5,8274.5,2019-11-14 15:50:00+00:00,8241.25,stop,-22.5,2.0,-24.5,22.0,-1.1136363636363635
1,1,2019-11-14 17:44:00+00:00,2019-11-14 17:45:00+00:00,8248.5,8237.5,8270.5,2019-11-14 18:57:00+00:00,8237.25,stop,-22.5,2.0,-24.5,22.0,-1.1136363636363635
1,1,2019-11-15 15:14:00+00:00,2019-11-15 15:15:00+00:00,8301.75,8289.0,8327.25,2019-11-15 20:55:00+00:00,8314.5,tiempo,25.5,2.0,23.5,25.5,0.9215686274509803
1,1,2019-11-18 14:59:00+00:00,2019-11-18 15:00:00+00:00,8296.25,8280.75,8327.25,2019-11-18 18:33:00+00:00,8327.25,objetivo,62.0,2.0,60.0,31.0,1.935483870967742
1,1,2019-11-19 16:44:00+00:00,2019-11-19 16:45:00+00:00,8348.75,8336.75,8372.75,2019-11-19 20:55:00+00:00,8345.75,tiempo,-6.0,2.0,-8.0,24.0,-0.3333333333333333
1,1,2019-11-20 14:59:00+00:00,2019-11-20 15:00:00+00:00,8332.5,8320.25,8357.0,2019-11-20 16:58:00+00:00,8320.0,stop,-25.0,2.0,-27.0,24.5,-1.1020408163265305
1,1,2019-11-21 15:14:00+00:00,2019-11-21 15:15:00+00:00,8283.5,8265.5,8319.5,2019-11-21 15:16:00+00:00,8265.25,stop,-36.5,2.0,-38.5,36.0,-1.0694444444444444
-1,1,2019-11-21 15:29:00+00:00,2019-11-21 15:30:00+00:00,8258.75,8283.25,8209.75,2019-11-21 19:23:00+00:00,8283.5,stop,-49.5,2.0,-51.5,49.0,-1.0510204081632653
1,1,2019-11-22 17:29:00+00:00,2019-11-22 17:30:00+00:00,8269.25,8259.75,8288.25,2019-11-22 19:13:00+00:00,8259.5,stop,-19.5,2.0,-21.5,19.0,-1.131578947368421
-1,1,2019-11-22 19:14:00+00:00,2019-11-22 19:15:00+00:00,8261.0,8268.5,8246.0,2019-11-22 19:42:00+00:00,8268.75,stop,-15.5,2.0,-17.5,15.0,-1.1666666666666667
1,1,2019-11-22 19:44:00+00:00,2019-11-22 19:45:00+00:00,8270.0,8262.75,8284.5,2019-11-22 20:50:00+00:00,8262.5,stop,-15.0,2.0,-17.0,14.5,-1.1724137931034482
1,1,2019-11-26 14:59:00+00:00,2019-11-26 15:00:00+00:00,8387.5,8368.75,8425.0,2019-11-26 20:55:00+00:00,8395.5,tiempo,16.0,2.0,14.0,37.5,0.37333333333333335
-1,1,2019-11-28 14:59:00+00:00,2019-11-28 15:00:00+00:00,8439.25,8441.0,8435.75,2019-11-28 15:02:00+00:00,8441.25,stop,-4.0,2.0,-6.0,3.5,-1.7142857142857142
1,1,2019-11-28 15:14:00+00:00,2019-11-28 15:15:00+00:00,8440.5,8437.75,8446.0,2019-11-28 15:37:00+00:00,8437.5,stop,-6.0,2.0,-8.0,5.5,-1.4545454545454546
-1,1,2019-11-28 15:44:00+00:00,2019-11-28 15:45:00+00:00,8437.75,8440.75,8431.75,2019-11-28 16:22:00+00:00,8441.0,stop,-6.5,2.0,-8.5,6.0,-1.4166666666666667
1,1,2019-11-28 16:29:00+00:00,2019-11-28 16:30:00+00:00,8440.25,8437.25,8446.25,2019-11-28 17:09:00+00:00,8446.25,objetivo,12.0,2.0,10.0,6.0,1.6666666666666667
-1,1,2019-11-29 15:59:00+00:00,2019-11-29 16:00:00+00:00,8430.5,8436.75,8418.0,2019-11-29 16:51:00+00:00,8418.0,objetivo,25.0,2.0,23.0,12.5,1.84
1,1,2019-12-02 18:29:00+00:00,2019-12-02 18:30:00+00:00,8319.25,8313.75,8330.25,2019-12-02 18:34:00+00:00,8313.5,stop,-11.5,2.0,-13.5,11.0,-1.2272727272727273
-1,1,2019-12-02 18:44:00+00:00,2019-12-02 18:45:00+00:00,8317.0,8319.25,8312.5,2019-12-02 18:46:00+00:00,8319.5,stop,-5.0,2.0,-7.0,4.5,-1.5555555555555556
1,1,2019-12-02 18:59:00+00:00,2019-12-02 19:00:00+00:00,8320.75,8315.5,8331.25,2019-12-02 19:22:00+00:00,8331.25,objetivo,21.0,2.0,19.0,10.5,1.8095238095238095
1,1,2019-12-03 14:59:00+00:00,2019-12-03 15:00:00+00:00,8202.5,8168.25,8271.0,2019-12-03 20:55:00+00:00,8257.0,tiempo,109.0,2.0,107.0,68.5,1.562043795620438
1,1,2019-12-04 14:59:00+00:00,2019-12-04 15:00:00+00:00,8312.25,8299.0,8338.75,2019-12-04 15:30:00+00:00,8298.75,stop,-27.0,2.0,-29.0,26.5,-1.0943396226415094
1,1,2019-12-04 15:59:00+00:00,2019-12-04 16:00:00+00:00,8313.0,8301.5,8336.0,2019-12-04 16:59:00+00:00,8301.25,stop,-23.5,2.0,-25.5,23.0,-1.108695652173913
-1,1,2019-12-04 16:59:00+00:00,2019-12-04 17:00:00+00:00,8303.5,8315.75,8279.0,2019-12-04 19:54:00+00:00,8316.0,stop,-25.0,2.0,-27.0,24.5,-1.1020408163265305
-1,1,2019-12-05 14:59:00+00:00,2019-12-05 15:00:00+00:00,8306.25,8321.25,8276.25,2019-12-05 15:13:00+00:00,8276.25,objetivo,60.0,2.0,58.0,30.0,1.9333333333333333
1,1,2019-12-05 18:44:00+00:00,2019-12-05 18:45:00+00:00,8302.25,8289.25,8328.25,2019-12-05 19:57:00+00:00,8289.0,stop,-26.5,2.0,-28.5,26.0,-1.0961538461538463
-1,1,2019-12-06 15:29:00+00:00,2019-12-06 15:30:00+00:00,8380.25,8388.5,8363.75,2019-12-06 15:40:00+00:00,8388.75,stop,-17.0,2.0,-19.0,16.5,-1.1515151515151516
1,1,2019-12-06 15:44:00+00:00,2019-12-06 15:45:00+00:00,8387.5,8379.25,8404.0,2019-12-06 18:12:00+00:00,8404.0,objetivo,33.0,2.0,31.0,16.5,1.878787878787879
-1,1,2019-12-09 15:44:00+00:00,2019-12-09 15:45:00+00:00,8409.25,8419.25,8389.25,2019-12-09 17:23:00+00:00,8389.25,objetivo,40.0,2.0,38.0,20.0,1.9
-1,1,2019-12-10 17:29:00+00:00,2019-12-10 17:30:00+00:00,8367.75,8378.5,8346.25,2019-12-10 18:00:00+00:00,8378.75,stop,-22.0,2.0,-24.0,21.5,-1.1162790697674418
-1,1,2019-12-10 18:59:00+00:00,2019-12-10 19:00:00+00:00,8371.0,8377.75,8357.5,2019-12-10 19:12:00+00:00,8378.0,stop,-14.0,2.0,-16.0,13.5,-1.1851851851851851
1,1,2019-12-10 19:14:00+00:00,2019-12-10 19:15:00+00:00,8378.25,8369.75,8395.25,2019-12-10 19:35:00+00:00,8369.5,stop,-17.5,2.0,-19.5,17.0,-1.1470588235294117
-1,1,2019-12-11 15:59:00+00:00,2019-12-11 16:00:00+00:00,8378.5,8388.5,8358.5,2019-12-11 19:03:00+00:00,8388.75,stop,-20.5,2.0,-22.5,20.0,-1.125
-1,1,2019-12-12 16:29:00+00:00,2019-12-12 16:30:00+00:00,8437.0,8464.0,8383.0,2019-12-12 19:31:00+00:00,8464.25,stop,-54.5,2.0,-56.5,54.0,-1.0462962962962963
1,1,2019-12-12 19:44:00+00:00,2019-12-12 19:45:00+00:00,8448.0,8422.25,8499.5,2019-12-12 20:55:00+00:00,8478.0,tiempo,60.0,2.0,58.0,51.5,1.1262135922330097
-1,1,2019-12-13 15:44:00+00:00,2019-12-13 15:45:00+00:00,8485.5,8500.75,8455.0,2019-12-13 15:46:00+00:00,8501.0,stop,-31.0,2.0,-33.0,30.5,-1.0819672131147542
1,1,2019-12-13 16:59:00+00:00,2019-12-13 17:00:00+00:00,8487.5,8477.25,8508.0,2019-12-13 20:55:00+00:00,8489.5,tiempo,4.0,2.0,2.0,20.5,0.0975609756097561
1,1,2019-12-17 15:14:00+00:00,2019-12-17 15:15:00+00:00,8608.5,8596.25,8633.0,2019-12-17 20:55:00+00:00,8605.75,tiempo,-5.5,2.0,-7.5,24.5,-0.30612244897959184
-1,1,2019-12-18 14:59:00+00:00,2019-12-18 15:00:00+00:00,8613.0,8628.0,8583.0,2019-12-18 16:16:00+00:00,8628.25,stop,-30.5,2.0,-32.5,30.0,-1.0833333333333333
-1,1,2019-12-19 15:14:00+00:00,2019-12-19 15:15:00+00:00,8628.25,8633.75,8617.25,2019-12-19 15:25:00+00:00,8634.0,stop,-11.5,2.0,-13.5,11.0,-1.2272727272727273
1,1,2019-12-19 15:29:00+00:00,2019-12-19 15:30:00+00:00,8638.75,8624.5,8667.25,2019-12-19 20:55:00+00:00,8665.75,tiempo,54.0,2.0,52.0,28.5,1.8245614035087718
1,1,2019-12-20 15:29:00+00:00,2019-12-20 15:30:00+00:00,8701.25,8691.75,8720.25,2019-12-20 20:55:00+00:00,8708.75,tiempo,15.0,2.0,13.0,19.0,0.6842105263157895
1,1,2019-12-23 15:59:00+00:00,2019-12-23 16:00:00+00:00,8732.0,8724.75,8746.5,2019-12-23 20:21:00+00:00,8724.5,stop,-15.0,2.0,-17.0,14.5,-1.1724137931034482
1,1,2019-12-24 15:14:00+00:00,2019-12-24 15:15:00+00:00,8720.5,8716.0,8729.5,2019-12-24 18:00:00+00:00,8729.5,objetivo,18.0,2.0,16.0,9.0,1.7777777777777777
1,1,2019-12-27 15:59:00+00:00,2019-12-27 16:00:00+00:00,8809.75,8804.5,8820.25,2019-12-27 16:43:00+00:00,8820.25,objetivo,21.0,2.0,19.0,10.5,1.8095238095238095
-1,1,2019-12-27 17:14:00+00:00,2019-12-27 17:15:00+00:00,8807.5,8813.75,8795.0,2019-12-27 18:19:00+00:00,8795.0,objetivo,25.0,2.0,23.0,12.5,1.84
1,1,2019-12-27 19:44:00+00:00,2019-12-27 19:45:00+00:00,8806.5,8801.0,8817.5,2019-12-27 20:07:00+00:00,8800.75,stop,-11.5,2.0,-13.5,11.0,-1.2272727272727273
1,1,2019-12-30 16:29:00+00:00,2019-12-30 16:30:00+00:00,8733.5,8720.5,8759.5,2019-12-30 20:55:00+00:00,8727.0,tiempo,-13.0,2.0,-15.0,26.0,-0.5769230769230769
-1,1,2019-12-31 15:14:00+00:00,2019-12-31 15:15:00+00:00,8725.25,8740.5,8694.75,2019-12-31 20:18:00+00:00,8740.75,stop,-31.0,2.0,-33.0,30.5,-1.0819672131147542
-1,1,2020-01-02 15:14:00+00:00,2020-01-02 15:15:00+00:00,8823.25,8849.75,8770.25,2020-01-02 19:15:00+00:00,8850.0,stop,-53.5,2.0,-55.5,53.0,-1.0471698113207548
-1,1,2020-01-03 15:59:00+00:00,2020-01-03 16:00:00+00:00,8819.25,8837.5,8782.75,2020-01-03 16:55:00+00:00,8837.75,stop,-37.0,2.0,-39.0,36.5,-1.0684931506849316
-1,1,2020-01-03 19:14:00+00:00,2020-01-03 19:15:00+00:00,8824.0,8839.75,8792.5,2020-01-03 19:54:00+00:00,8840.0,stop,-32.0,2.0,-34.0,31.5,-1.0793650793650793
1,1,2020-01-07 14:59:00+00:00,2020-01-07 15:00:00+00:00,8857.25,8834.5,8902.75,2020-01-07 20:55:00+00:00,8862.5,tiempo,10.5,2.0,8.5,45.5,0.18681318681318682
-1,1,2020-01-08 15:44:00+00:00,2020-01-08 15:45:00+00:00,8873.75,8889.0,8843.25,2020-01-08 16:29:00+00:00,8889.25,stop,-31.0,2.0,-33.0,30.5,-1.0819672131147542
1,1,2020-01-09 15:44:00+00:00,2020-01-09 15:45:00+00:00,9012.25,9002.75,9031.25,2020-01-09 16:09:00+00:00,9002.5,stop,-19.5,2.0,-21.5,19.0,-1.131578947368421
-1,1,2020-01-09 16:14:00+00:00,2020-01-09 16:15:00+00:00,9006.25,9013.75,8991.25,2020-01-09 16:50:00+00:00,9014.0,stop,-15.5,2.0,-17.5,15.0,-1.1666666666666667
1,1,2020-01-09 16:59:00+00:00,2020-01-09 17:00:00+00:00,9007.0,9001.0,9019.0,2020-01-09 17:11:00+00:00,9000.75,stop,-12.5,2.0,-14.5,12.0,-1.2083333333333333
-1,1,2020-01-09 17:14:00+00:00,2020-01-09 17:15:00+00:00,8999.5,9009.5,8979.5,2020-01-09 17:26:00+00:00,8979.5,objetivo,40.0,2.0,38.0,20.0,1.9
1,1,2020-01-09 19:44:00+00:00,2020-01-09 19:45:00+00:00,9001.25,8992.75,9018.25,2020-01-09 19:48:00+00:00,8992.5,stop,-17.5,2.0,-19.5,17.0,-1.1470588235294117
1,1,2020-01-10 14:59:00+00:00,2020-01-10 15:00:00+00:00,9030.25,9010.25,9070.25,2020-01-10 16:50:00+00:00,9010.0,stop,-40.5,2.0,-42.5,40.0,-1.0625
-1,1,2020-01-13 15:44:00+00:00,2020-01-13 15:45:00+00:00,9024.0,9034.25,9003.5,2020-01-13 15:53:00+00:00,9034.5,stop,-21.0,2.0,-23.0,20.5,-1.1219512195121952
1,1,2020-01-13 15:59:00+00:00,2020-01-13 16:00:00+00:00,9035.75,9022.0,9063.25,2020-01-13 17:03:00+00:00,9063.25,objetivo,55.0,2.0,53.0,27.5,1.9272727272727272
1,1,2020-01-14 15:14:00+00:00,2020-01-14 15:15:00+00:00,9069.0,9035.25,9136.5,2020-01-14 19:13:00+00:00,9035.0,stop,-68.0,2.0,-70.0,67.5,-1.037037037037037
1,1,2020-01-14 19:29:00+00:00,2020-01-14 19:30:00+00:00,9066.25,9042.25,9114.25,2020-01-14 20:30:00+00:00,9042.0,stop,-48.5,2.0,-50.5,48.0,-1.0520833333333333
1,1,2020-01-15 14:59:00+00:00,2020-01-15 15:00:00+00:00,9084.25,9062.0,9128.75,2020-01-15 18:00:00+00:00,9061.75,stop,-45.0,2.0,-47.0,44.5,-1.0561797752808988
-1,1,2020-01-16 15:29:00+00:00,2020-01-16 15:30:00+00:00,9106.25,9118.0,9082.75,2020-01-16 16:15:00+00:00,9082.75,objetivo,47.0,2.0,45.0,23.5,1.9148936170212767
1,1,2020-01-16 18:44:00+00:00,2020-01-16 18:45:00+00:00,9103.25,9091.75,9126.25,2020-01-16 20:46:00+00:00,9126.25,objetivo,46.0,2.0,44.0,23.0,1.9130434782608696
1,1,2020-01-17 14:59:00+00:00,2020-01-17 15:00:00+00:00,9158.25,9142.5,9189.75,2020-01-17 16:07:00+00:00,9142.25,stop,-32.0,2.0,-34.0,31.5,-1.0793650793650793
1,1,2020-01-17 17:14:00+00:00,2020-01-17 17:15:00+00:00,9152.25,9142.5,9171.75,2020-01-17 20:48:00+00:00,9171.75,objetivo,39.0,2.0,37.0,19.5,1.8974358974358974
-1,1,2020-01-20 15:44:00+00:00,2020-01-20 15:45:00+00:00,9166.25,9170.5,9157.75,2020-01-20 16:25:00+00:00,9170.75,stop,-9.0,2.0,-11.0,8.5,-1.2941176470588236
1,1,2020-01-20 16:29:00+00:00,2020-01-20 16:30:00+00:00,9172.25,9165.0,9186.75,2020-01-20 17:59:00+00:00,9175.5,fin_de_datos,6.5,2.0,4.5,14.5,0.3103448275862069
-1,1,2020-01-21 15:59:00+00:00,2020-01-21 16:00:00+00:00,9168.0,9177.5,9149.0,2020-01-21 16:06:00+00:00,9177.75,stop,-19.5,2.0,-21.5,19.0,-1.131578947368421
1,1,2020-01-21 16:14:00+00:00,2020-01-21 16:15:00+00:00,9185.5,9166.25,9224.0,2020-01-21 18:32:00+00:00,9166.0,stop,-39.0,2.0,-41.0,38.5,-1.0649350649350648
-1,1,2020-01-22 16:14:00+00:00,2020-01-22 16:15:00+00:00,9219.25,9239.25,9179.25,2020-01-22 16:34:00+00:00,9239.5,stop,-40.5,2.0,-42.5,40.0,-1.0625
1,1,2020-01-22 16:44:00+00:00,2020-01-22 16:45:00+00:00,9235.5,9228.25,9250.0,2020-01-22 16:50:00+00:00,9228.0,stop,-15.0,2.0,-17.0,14.5,-1.1724137931034482
-1,1,2020-01-22 16:59:00+00:00,2020-01-22 17:00:00+00:00,9230.5,9237.0,9217.5,2020-01-22 17:41:00+00:00,9237.25,stop,-13.5,2.0,-15.5,13.0,-1.1923076923076923
1,1,2020-01-22 17:44:00+00:00,2020-01-22 17:45:00+00:00,9234.25,9223.5,9255.75,2020-01-22 19:42:00+00:00,9223.25,stop,-22.0,2.0,-24.0,21.5,-1.1162790697674418
1,1,2020-01-23 14:59:00+00:00,2020-01-23 15:00:00+00:00,9189.5,9158.25,9252.0,2020-01-23 20:55:00+00:00,9226.0,tiempo,73.0,2.0,71.0,62.5,1.136
-1,1,2020-01-24 15:14:00+00:00,2020-01-24 15:15:00+00:00,9262.5,9269.75,9248.0,2020-01-24 15:19:00+00:00,9248.0,objetivo,29.0,2.0,27.0,14.5,1.8620689655172413
-1,1,2020-01-27 15:44:00+00:00,2020-01-27 15:45:00+00:00,8967.25,8992.25,8917.25,2020-01-27 17:12:00+00:00,8992.5,stop,-50.5,2.0,-52.5,50.0,-1.05
-1,1,2020-01-27 19:59:00+00:00,2020-01-27 20:00:00+00:00,8977.25,8994.5,8942.75,2020-01-27 20:55:00+00:00,8961.0,tiempo,32.5,2.0,30.5,34.5,0.8840579710144928
1,1,2020-01-28 14:59:00+00:00,2020-01-28 15:00:00+00:00,9018.5,9001.5,9052.5,2020-01-28 15:25:00+00:00,9052.5,objetivo,68.0,2.0,66.0,34.0,1.9411764705882353
1,1,2020-01-29 15:59:00+00:00,2020-01-29 16:00:00+00:00,9114.5,9107.0,9129.5,2020-01-29 17:04:00+00:00,9129.5,objetivo,30.0,2.0,28.0,15.0,1.8666666666666667
-1,1,2020-01-30 14:59:00+00:00,2020-01-30 15:00:00+00:00,9084.5,9114.25,9025.0,2020-01-30 16:00:00+00:00,9025.0,objetivo,119.0,2.0,117.0,59.5,1.9663865546218486
1,1,2020-01-30 16:44:00+00:00,2020-01-30 16:45:00+00:00,9075.25,9061.5,9102.75,2020-01-30 17:28:00+00:00,9061.25,stop,-28.0,2.0,-30.0,27.5,-1.0909090909090908
1,1,2020-01-30 19:14:00+00:00,2020-01-30 19:15:00+00:00,9078.5,9053.5,9128.5,2020-01-30 20:42:00+00:00,9128.5,objetivo,100.0,2.0,98.0,50.0,1.96
-1,1,2020-02-03 16:44:00+00:00,2020-02-03 16:45:00+00:00,9113.25,9135.0,9069.75,2020-02-03 17:21:00+00:00,9135.25,stop,-44.0,2.0,-46.0,43.5,-1.0574712643678161
-1,1,2020-02-03 18:14:00+00:00,2020-02-03 18:15:00+00:00,9116.0,9144.75,9058.5,2020-02-03 20:30:00+00:00,9145.0,stop,-58.0,2.0,-60.0,57.5,-1.0434782608695652
-1,1,2020-02-04 15:14:00+00:00,2020-02-04 15:15:00+00:00,9255.25,9278.75,9208.25,2020-02-04 15:29:00+00:00,9279.0,stop,-47.5,2.0,-49.5,47.0,-1.053191489361702
1,1,2020-02-04 15:29:00+00:00,2020-02-04 15:30:00+00:00,9280.25,9252.25,9336.25,2020-02-04 19:01:00+00:00,9336.25,objetivo,112.0,2.0,110.0,56.0,1.9642857142857142
1,1,2020-02-05 19:44:00+00:00,2020-02-05 19:45:00+00:00,9368.0,9354.0,9396.0,2020-02-05 20:01:00+00:00,9396.0,objetivo,56.0,2.0,54.0,28.0,1.9285714285714286
1,1,2020-02-06 14:59:00+00:00,2020-02-06 15:00:00+00:00,9414.25,9367.75,9507.25,2020-02-06 20:55:00+00:00,9449.25,tiempo,70.0,2.0,68.0,93.0,0.7311827956989247
1,1,2020-02-07 15:14:00+00:00,2020-02-07 15:15:00+00:00,9409.25,9388.0,9451.75,2020-02-07 16:28:00+00:00,9451.75,objetivo,85.0,2.0,83.0,42.5,1.9529411764705882
-1,1,2020-02-07 18:59:00+00:00,2020-02-07 19:00:00+00:00,9414.25,9433.5,9375.75,2020-02-07 20:55:00+00:00,9404.0,tiempo,20.5,2.0,18.5,38.5,0.4805194805194805
-1,1,2020-02-11 14:59:00+00:00,2020-02-11 15:00:00+00:00,9557.0,9572.75,9525.5,2020-02-11 15:01:00+00:00,9573.0,stop,-32.0,2.0,-34.0,31.5,-1.0793650793650793
1,1,2020-02-11 15:14:00+00:00,2020-02-11 15:15:00+00:00,9588.25,9557.0,9650.75,2020-02-11 16:39:00+00:00,9556.75,stop,-63.0,2.0,-65.0,62.5,-1.04
-1,1,2020-02-11 16:44:00+00:00,2020-02-11 16:45:00+00:00,9571.25,9595.75,9522.25,2020-02-11 20:04:00+00:00,9522.25,objetivo,98.0,2.0,96.0,49.0,1.9591836734693877
1,1,2020-02-12 16:14:00+00:00,2020-02-12 16:15:00+00:00,9594.75,9572.25,9639.75,2020-02-12 20:55:00+00:00,9622.75,tiempo,56.0,2.0,54.0,45.0,1.2
-1,1,2020-02-13 14:59:00+00:00,2020-02-13 15:00:00+00:00,9570.75,9592.75,9526.75,2020-02-13 15:35:00+00:00,9593.0,stop,-44.5,2.0,-46.5,44.0,-1.0568181818181819
1,1,2020-02-14 15:29:00+00:00,2020-02-14 15:30:00+00:00,9619.75,9596.5,9666.25,2020-02-14 17:56:00+00:00,9596.25,stop,-47.0,2.0,-49.0,46.5,-1.053763440860215
1,1,2020-02-14 19:44:00+00:00,2020-02-14 19:45:00+00:00,9616.75,9605.25,9639.75,2020-02-14 20:12:00+00:00,9605.0,stop,-23.5,2.0,-25.5,23.0,-1.108695652173913
-1,1,2020-02-17 15:14:00+00:00,2020-02-17 15:15:00+00:00,9659.5,9663.0,9652.5,2020-02-17 15:25:00+00:00,9663.25,stop,-7.5,2.0,-9.5,7.0,-1.3571428571428572
1,1,2020-02-17 15:29:00+00:00,2020-02-17 15:30:00+00:00,9662.0,9659.75,9666.5,2020-02-17 15:32:00+00:00,9659.5,stop,-5.0,2.0,-7.0,4.5,-1.5555555555555556
-1,1,2020-02-17 17:29:00+00:00,2020-02-17 17:30:00+00:00,9662.0,9665.0,9656.0,2020-02-17 17:30:00+00:00,9665.25,stop,-6.5,2.0,-8.5,6.0,-1.4166666666666667
1,1,2020-02-17 17:44:00+00:00,2020-02-17 17:45:00+00:00,9667.0,9662.0,9677.0,2020-02-17 17:59:00+00:00,9666.25,fin_de_datos,-1.5,2.0,-3.5,10.0,-0.35
-1,1,2020-02-18 15:29:00+00:00,2020-02-18 15:30:00+00:00,9596.25,9626.75,9535.25,2020-02-18 15:57:00+00:00,9627.0,stop,-61.5,2.0,-63.5,61.0,-1.040983606557377
-1,1,2020-02-18 16:14:00+00:00,2020-02-18 16:15:00+00:00,9606.5,9623.0,9573.5,2020-02-18 18:08:00+00:00,9623.25,stop,-33.5,2.0,-35.5,33.0,-1.0757575757575757
1,1,2020-02-20 14:59:00+00:00,2020-02-20 15:00:00+00:00,9714.5,9692.5,9758.5,2020-02-20 16:01:00+00:00,9692.25,stop,-44.5,2.0,-46.5,44.0,-1.0568181818181819
1,1,2020-02-20 19:44:00+00:00,2020-02-20 19:45:00+00:00,9629.25,9612.0,9663.75,2020-02-20 20:09:00+00:00,9611.75,stop,-35.0,2.0,-37.0,34.5,-1.0724637681159421
1,1,2020-02-21 16:29:00+00:00,2020-02-21 16:30:00+00:00,9519.5,9494.0,9570.5,2020-02-21 17:33:00+00:00,9493.75,stop,-51.5,2.0,-53.5,51.0,-1.0490196078431373
-1,1,2020-02-24 15:29:00+00:00,2020-02-24 15:30:00+00:00,9143.0,9202.0,9025.0,2020-02-24 20:55:00+00:00,9100.0,tiempo,86.0,2.0,84.0,118.0,0.711864406779661
-1,1,2020-02-26 14:59:00+00:00,2020-02-26 15:00:00+00:00,8954.75,9003.0,8858.25,2020-02-26 15:27:00+00:00,9003.25,stop,-97.0,2.0,-99.0,96.5,-1.0259067357512954
-1,1,2020-02-26 16:59:00+00:00,2020-02-26 17:00:00+00:00,8959.5,8996.75,8885.0,2020-02-26 17:08:00+00:00,8885.0,objetivo,149.0,2.0,147.0,74.5,1.9731543624161074
1,1,2020-02-27 14:59:00+00:00,2020-02-27 15:00:00+00:00,8670.5,8605.75,8800.0,2020-02-27 15:23:00+00:00,8605.5,stop,-130.0,2.0,-132.0,129.5,-1.0193050193050193
1,1,2020-02-27 15:59:00+00:00,2020-02-27 16:00:00+00:00,8667.25,8564.0,8873.75,2020-02-27 20:03:00+00:00,8563.75,stop,-207.0,2.0,-209.0,206.5,-1.0121065375302662
1,1,2020-02-28 15:59:00+00:00,2020-02-28 16:00:00+00:00,8288.75,8192.75,8480.75,2020-02-28 16:43:00+00:00,8480.75,objetivo,384.0,2.0,382.0,192.0,1.9895833333333333
-1,1,2020-02-28 18:44:00+00:00,2020-02-28 18:45:00+00:00,8257.75,8354.0,8065.25,2020-02-28 19:30:00+00:00,8354.25,stop,-193.0,2.0,-195.0,192.5,-1.0129870129870129
1,1,2020-02-28 19:44:00+00:00,2020-02-28 19:45:00+00:00,8395.0,8277.25,8630.5,2020-02-28 20:05:00+00:00,8277.0,stop,-236.0,2.0,-238.0,235.5,-1.010615711252654
1,1,2020-03-02 15:44:00+00:00,2020-03-02 15:45:00+00:00,8539.5,8447.75,8723.0,2020-03-02 16:55:00+00:00,8723.0,objetivo,367.0,2.0,365.0,183.5,1.9891008174386922
-1,1,2020-03-02 19:44:00+00:00,2020-03-02 19:45:00+00:00,8593.75,8664.25,8452.75,2020-03-02 20:06:00+00:00,8664.5,stop,-141.5,2.0,-143.5,141.0,-1.0177304964539007
1,1,2020-03-03 15:14:00+00:00,2020-03-03 15:15:00+00:00,8865.5,8775.5,9045.5,2020-03-03 16:20:00+00:00,8775.25,stop,-180.5,2.0,-182.5,180.0,-1.0138888888888888
1,1,2020-03-04 15:14:00+00:00,2020-03-04 15:15:00+00:00,8748.0,8680.0,8884.0,2020-03-04 20:29:00+00:00,8884.0,objetivo,272.0,2.0,270.0,136.0,1.9852941176470589
-1,1,2020-03-05 14:59:00+00:00,2020-03-05 15:00:00+00:00,8737.25,8780.75,8650.25,2020-03-05 15:18:00+00:00,8781.0,stop,-87.5,2.0,-89.5,87.0,-1.028735632183908
-1,1,2020-03-05 17:14:00+00:00,2020-03-05 17:15:00+00:00,8760.25,8799.5,8681.75,2020-03-05 17:45:00+00:00,8681.75,objetivo,157.0,2.0,155.0,78.5,1.9745222929936306
-1,1,2020-03-06 16:14:00+00:00,2020-03-06 16:15:00+00:00,8454.5,8518.0,8327.5,2020-03-06 19:52:00+00:00,8327.5,objetivo,254.0,2.0,252.0,127.0,1.984251968503937
1,1,2020-03-09 13:59:00+00:00,2020-03-09 14:00:00+00:00,8071.0,7820.0,8573.0,2020-03-09 19:55:00+00:00,8042.25,tiempo,-57.5,2.0,-59.5,502.0,-0.11852589641434264
1,1,2020-03-10 13:59:00+00:00,2020-03-10 14:00:00+00:00,8188.0,8135.0,8294.0,2020-03-10 14:46:00+00:00,8134.75,stop,-106.5,2.0,-108.5,106.0,-1.0235849056603774
1,1,2020-03-10 16:14:00+00:00,2020-03-10 16:15:00+00:00,8117.5,8002.75,8347.0,2020-03-10 19:55:00+00:00,8336.75,tiempo,438.5,2.0,436.5,229.5,1.9019607843137254
1,1,2020-03-11 13:59:00+00:00,2020-03-11 14:00:00+00:00,8179.25,8133.75,8270.25,2020-03-11 14:29:00+00:00,8133.5,stop,-91.5,2.0,-93.5,91.0,-1.0274725274725274
-1,1,2020-03-11 14:29:00+00:00,2020-03-11 14:30:00+00:00,8134.25,8200.75,8001.25,2020-03-11 18:08:00+00:00,8001.25,objetivo,266.0,2.0,264.0,133.0,1.9849624060150375
1,1,2020-03-12 13:59:00+00:00,2020-03-12 14:00:00+00:00,7564.25,7327.25,8038.25,2020-03-12 16:11:00+00:00,7327.0,stop,-474.5,2.0,-476.5,474.0,-1.0052742616033756
1,1,2020-03-12 16:59:00+00:00,2020-03-12 17:00:00+00:00,7592.25,7365.75,8045.25,2020-03-12 19:06:00+00:00,7365.5,stop,-453.5,2.0,-455.5,453.0,-1.0055187637969094
1,1,2020-03-13 14:29:00+00:00,2020-03-13 14:30:00+00:00,7588.25,7512.0,7740.75,2020-03-13 14:43:00+00:00,7511.75,stop,-153.0,2.0,-155.0,152.5,-1.0163934426229508
-1,1,2020-03-13 14:44:00+00:00,2020-03-13 14:45:00+00:00,7520.25,7601.75,7357.25,2020-03-13 15:33:00+00:00,7357.25,objetivo,326.0,2.0,324.0,163.0,1.9877300613496933
1,1,2020-03-13 16:44:00+00:00,2020-03-13 16:45:00+00:00,7516.5,7381.0,7787.5,2020-03-13 19:54:00+00:00,7787.5,objetivo,542.0,2.0,540.0,271.0,1.992619926199262
1,1,2020-03-16 13:59:00+00:00,2020-03-16 14:00:00+00:00,7242.75,7023.0,7682.25,2020-03-16 19:55:00+00:00,7122.75,tiempo,-240.0,2.0,-242.0,439.5,-0.5506257110352674
1,1,2020-03-17 14:29:00+00:00,2020-03-17 14:30:00+00:00,7150.75,7033.25,7385.75,2020-03-17 15:15:00+00:00,7385.75,objetivo,470.0,2.0,468.0,235.0,1.9914893617021276
-1,1,2020-03-17 17:14:00+00:00,2020-03-17 17:15:00+00:00,7258.75,7392.0,6992.25,2020-03-17 17:47:00+00:00,7392.25,stop,-267.0,2.0,-269.0,266.5,-1.0093808630393997
-1,1,2020-03-18 14:59:00+00:00,2020-03-18 15:00:00+00:00,7176.5,7284.5,6960.5,2020-03-18 17:16:00+00:00,6960.5,objetivo,432.0,2.0,430.0,216.0,1.9907407407407407
1,1,2020-03-19 13:59:00+00:00,2020-03-19 14:00:00+00:00,7226.0,7029.5,7619.0,2020-03-19 19:55:00+00:00,7313.0,tiempo,174.0,2.0,172.0,393.0,0.43765903307888043
1,1,2020-03-20 14:29:00+00:00,2020-03-20 14:30:00+00:00,7412.25,7362.5,7511.75,2020-03-20 15:20:00+00:00,7362.25,stop,-100.0,2.0,-102.0,99.5,-1.0251256281407035
-1,1,2020-03-20 15:29:00+00:00,2020-03-20 15:30:00+00:00,7338.25,7423.0,7168.75,2020-03-20 16:22:00+00:00,7168.75,objetivo,339.0,2.0,337.0,169.5,1.9882005899705015
1,1,2020-03-23 13:59:00+00:00,2020-03-23 14:00:00+00:00,7029.5,6863.75,7361.0,2020-03-23 15:21:00+00:00,6863.5,stop,-332.0,2.0,-334.0,331.5,-1.0075414781297134
1,1,2020-03-23 16:44:00+00:00,2020-03-23 16:45:00+00:00,7019.75,6875.75,7307.75,2020-03-23 19:24:00+00:00,6875.5,stop,-288.5,2.0,-290.5,288.0,-1.0086805555555556
1,1,2020-03-24 14:14:00+00:00,2020-03-24 14:15:00+00:00,7403.0,7313.75,7581.5,2020-03-24 18:07:00+00:00,7313.5,stop,-179.0,2.0,-181.0,178.5,-1.0140056022408963
1,1,2020-03-24 18:44:00+00:00,2020-03-24 18:45:00+00:00,7414.5,7349.75,7544.0,2020-03-24 19:55:00+00:00,7521.5,tiempo,214.0,2.0,212.0,129.5,1.6370656370656371
-1,1,2020-03-25 13:59:00+00:00,2020-03-25 14:00:00+00:00,7472.0,7612.25,7191.5,2020-03-25 16:38:00+00:00,7612.5,stop,-281.0,2.0,-283.0,280.5,-1.0089126559714796
1,1,2020-03-27 13:59:00+00:00,2020-03-27 14:00:00+00:00,7633.25,7578.0,7743.75,2020-03-27 19:03:00+00:00,7743.75,objetivo,221.0,2.0,219.0,110.5,1.9819004524886878
1,1,2020-03-30 13:59:00+00:00,2020-03-30 14:00:00+00:00,7688.5,7638.5,7788.5,2020-03-30 14:41:00+00:00,7788.5,objetivo,200.0,2.0,198.0,100.0,1.98
-1,1,2020-03-31 13:59:00+00:00,2020-03-31 14:00:00+00:00,7822.25,7851.75,7763.25,2020-03-31 14:03:00+00:00,7852.0,stop,-59.5,2.0,-61.5,59.0,-1.0423728813559323
1,1,2020-03-31 14:14:00+00:00,2020-03-31 14:15:00+00:00,7938.0,7819.0,8176.0,2020-03-31 16:39:00+00:00,7818.75,stop,-238.5,2.0,-240.5,238.0,-1.0105042016806722
1,1,2020-04-01 14:14:00+00:00,2020-04-01 14:15:00+00:00,7620.5,7564.25,7733.0,2020-04-01 16:12:00+00:00,7564.0,stop,-113.0,2.0,-115.0,112.5,-1.0222222222222221
1,1,2020-04-02 13:59:00+00:00,2020-04-02 14:00:00+00:00,7470.0,7408.75,7592.5,2020-04-02 14:35:00+00:00,7592.5,objetivo,245.0,2.0,243.0,122.5,1.9836734693877551
-1,1,2020-04-02 17:29:00+00:00,2020-04-02 17:30:00+00:00,7505.25,7553.75,7408.25,2020-04-02 19:00:00+00:00,7554.0,stop,-97.5,2.0,-99.5,97.0,-1.0257731958762886
-1,1,2020-04-03 13:59:00+00:00,2020-04-03 14:00:00+00:00,7621.25,7650.5,7562.75,2020-04-03 14:22:00+00:00,7562.75,objetivo,117.0,2.0,115.0,58.5,1.9658119658119657
1,1,2020-04-07 13:59:00+00:00,2020-04-07 14:00:00+00:00,8261.5,8230.75,8323.0,2020-04-07 14:03:00+00:00,8230.5,stop,-62.0,2.0,-64.0,61.5,-1.0406504065040652
-1,1,2020-04-07 14:14:00+00:00,2020-04-07 14:15:00+00:00,8152.5,8268.25,7921.0,2020-04-07 19:55:00+00:00,8071.0,tiempo,163.0,2.0,161.0,231.5,0.6954643628509719
1,1,2020-04-08 14:29:00+00:00,2020-04-08 14:30:00+00:00,8101.0,8064.5,8174.0,2020-04-08 15:30:00+00:00,8174.0,objetivo,146.0,2.0,144.0,73.0,1.9726027397260273
-1,1,2020-04-08 17:59:00+00:00,2020-04-08 18:00:00+00:00,8124.75,8154.25,8065.75,2020-04-08 18:09:00+00:00,8154.5,stop,-59.5,2.0,-61.5,59.0,-1.0423728813559323
1,1,2020-04-08 18:14:00+00:00,2020-04-08 18:15:00+00:00,8156.5,8121.5,8226.5,2020-04-08 19:31:00+00:00,8226.5,objetivo,140.0,2.0,138.0,70.0,1.9714285714285715
-1,1,2020-04-09 14:14:00+00:00,2020-04-09 14:15:00+00:00,8218.25,8310.0,8034.75,2020-04-09 19:55:00+00:00,8212.25,tiempo,12.0,2.0,10.0,183.5,0.05449591280653951
1,1,2020-04-13 14:14:00+00:00,2020-04-13 14:15:00+00:00,8214.5,8163.25,8317.0,2020-04-13 14:25:00+00:00,8163.0,stop,-103.0,2.0,-105.0,102.5,-1.024390243902439
-1,1,2020-04-13 14:29:00+00:00,2020-04-13 14:30:00+00:00,8179.5,8214.25,8110.0,2020-04-13 15:47:00+00:00,8214.5,stop,-70.0,2.0,-72.0,69.5,-1.0359712230215827
-1,1,2020-04-13 17:14:00+00:00,2020-04-13 17:15:00+00:00,8194.75,8214.25,8155.75,2020-04-13 17:33:00+00:00,8214.5,stop,-39.5,2.0,-41.5,39.0,-1.064102564102564
-1,1,2020-04-14 15:14:00+00:00,2020-04-14 15:15:00+00:00,8557.75,8599.25,8474.75,2020-04-14 16:00:00+00:00,8599.5,stop,-83.5,2.0,-85.5,83.0,-1.0301204819277108
1,1,2020-04-15 14:14:00+00:00,2020-04-15 14:15:00+00:00,8530.25,8500.5,8589.75,2020-04-15 17:18:00+00:00,8589.75,objetivo,119.0,2.0,117.0,59.5,1.9663865546218486
1,1,2020-04-16 14:29:00+00:00,2020-04-16 14:30:00+00:00,8664.25,8604.0,8784.75,2020-04-16 16:00:00+00:00,8784.75,objetivo,241.0,2.0,239.0,120.5,1.983402489626556
-1,1,2020-04-16 16:29:00+00:00,2020-04-16 16:30:00+00:00,8672.5,8717.5,8582.5,2020-04-16 18:37:00+00:00,8717.75,stop,-90.5,2.0,-92.5,90.0,-1.0277777777777777
1,1,2020-04-17 13:59:00+00:00,2020-04-17 14:00:00+00:00,8823.25,8794.0,8881.75,2020-04-17 14:15:00+00:00,8793.75,stop,-59.0,2.0,-61.0,58.5,-1.0427350427350428
1,1,2020-04-20 14:14:00+00:00,2020-04-20 14:15:00+00:00,8771.25,8731.5,8850.75,2020-04-20 18:59:00+00:00,8731.25,stop,-80.0,2.0,-82.0,79.5,-1.0314465408805031
1,1,2020-04-21 13:59:00+00:00,2020-04-21 14:00:00+00:00,8584.0,8530.25,8691.5,2020-04-21 14:17:00+00:00,8530.0,stop,-108.0,2.0,-110.0,107.5,-1.0232558139534884
1,1,2020-04-21 17:44:00+00:00,2020-04-21 17:45:00+00:00,8474.25,8437.5,8547.75,2020-04-21 18:00:00+00:00,8437.25,stop,-74.0,2.0,-76.0,73.5,-1.034013605442177
1,1,2020-04-21 18:14:00+00:00,2020-04-21 18:15:00+00:00,8490.5,8436.0,8599.5,2020-04-21 18:43:00+00:00,8435.75,stop,-109.5,2.0,-111.5,109.0,-1.0229357798165137
-1,1,2020-04-21 18:44:00+00:00,2020-04-21 18:45:00+00:00,8438.75,8500.5,8315.25,2020-04-21 19:55:00+00:00,8381.0,tiempo,115.5,2.0,113.5,123.5,0.9190283400809717
1,1,2020-04-22 13:59:00+00:00,2020-04-22 14:00:00+00:00,8574.5,8533.75,8656.0,2020-04-22 18:21:00+00:00,8656.0,objetivo,163.0,2.0,161.0,81.5,1.9754601226993864
-1,1,2020-04-23 15:44:00+00:00,2020-04-23 15:45:00+00:00,8733.5,8768.0,8664.5,2020-04-23 16:45:00+00:00,8664.5,objetivo,138.0,2.0,136.0,69.0,1.9710144927536233
1,1,2020-04-23 17:14:00+00:00,2020-04-23 17:15:00+00:00,8730.75,8698.25,8795.75,2020-04-23 17:20:00+00:00,8698.0,stop,-65.5,2.0,-67.5,65.0,-1.0384615384615385
-1,1,2020-04-23 17:29:00+00:00,2020-04-23 17:30:00+00:00,8666.75,8731.5,8537.25,2020-04-23 19:55:00+00:00,8638.5,tiempo,56.5,2.0,54.5,129.5,0.42084942084942084
1,1,2020-04-24 14:14:00+00:00,2020-04-24 14:15:00+00:00,8627.25,8588.0,8705.75,2020-04-24 17:53:00+00:00,8705.75,objetivo,157.0,2.0,155.0,78.5,1.9745222929936306
1,1,2020-04-27 13:59:00+00:00,2020-04-27 14:00:00+00:00,8865.5,8828.75,8939.0,2020-04-27 14:35:00+00:00,8828.5,stop,-74.0,2.0,-76.0,73.5,-1.034013605442177
1,1,2020-04-27 15:29:00+00:00,2020-04-27 15:30:00+00:00,8858.25,8833.75,8907.25,2020-04-27 16:01:00+00:00,8833.5,stop,-49.5,2.0,-51.5,49.0,-1.0510204081632653
1,1,2020-04-30 13:59:00+00:00,2020-04-30 14:00:00+00:00,8997.0,8955.75,9079.5,2020-04-30 14:44:00+00:00,8955.5,stop,-83.0,2.0,-85.0,82.5,-1.0303030303030303
-1,1,2020-04-30 14:44:00+00:00,2020-04-30 14:45:00+00:00,8949.25,9009.0,8829.75,2020-04-30 19:55:00+00:00,8980.0,tiempo,-61.5,2.0,-63.5,119.5,-0.5313807531380753
1,1,2020-05-01 13:59:00+00:00,2020-05-01 14:00:00+00:00,8829.0,8800.5,8886.0,2020-05-01 15:17:00+00:00,8800.25,stop,-57.5,2.0,-59.5,57.0,-1.043859649122807
-1,1,2020-05-04 16:59:00+00:00,2020-05-04 17:00:00+00:00,8723.75,8736.0,8699.25,2020-05-04 17:17:00+00:00,8699.25,objetivo,49.0,2.0,47.0,24.5,1.9183673469387754
1,1,2020-05-04 17:59:00+00:00,2020-05-04 18:00:00+00:00,8746.0,8726.0,8786.0,2020-05-04 19:10:00+00:00,8786.0,objetivo,80.0,2.0,78.0,40.0,1.95
-1,1,2020-05-06 13:59:00+00:00,2020-05-06 14:00:00+00:00,8987.0,9026.75,8907.5,2020-05-06 14:45:00+00:00,9027.0,stop,-80.0,2.0,-82.0,79.5,-1.0314465408805031
-1,1,2020-05-07 13:59:00+00:00,2020-05-07 14:00:00+00:00,9083.75,9093.75,9063.75,2020-05-07 14:06:00+00:00,9063.75,objetivo,40.0,2.0,38.0,20.0,1.9
1,1,2020-05-07 15:14:00+00:00,2020-05-07 15:15:00+00:00,9072.25,9046.5,9123.75,2020-05-07 17:13:00+00:00,9123.75,objetivo,103.0,2.0,101.0,51.5,1.9611650485436893
-1,1,2020-05-08 17:44:00+00:00,2020-05-08 17:45:00+00:00,9171.75,9191.5,9132.25,2020-05-08 19:01:00+00:00,9191.75,stop,-40.0,2.0,-42.0,39.5,-1.0632911392405062
1,1,2020-05-12 14:29:00+00:00,2020-05-12 14:30:00+00:00,9282.75,9272.5,9303.25,2020-05-12 14:36:00+00:00,9303.25,objetivo,41.0,2.0,39.0,20.5,1.9024390243902438
-1,1,2020-05-12 17:14:00+00:00,2020-05-12 17:15:00+00:00,9292.75,9329.0,9220.25,2020-05-12 19:21:00+00:00,9220.25,objetivo,145.0,2.0,143.0,72.5,1.9724137931034482
1,1,2020-05-13 13:59:00+00:00,2020-05-13 14:00:00+00:00,9113.25,9063.0,9213.75,2020-05-13 15:25:00+00:00,9062.75,stop,-101.0,2.0,-103.0,100.5,-1.0248756218905473
-1,1,2020-05-13 15:29:00+00:00,2020-05-13 15:30:00+00:00,9081.5,9143.5,8957.5,2020-05-13 16:04:00+00:00,8957.5,objetivo,248.0,2.0,246.0,124.0,1.9838709677419355
1,1,2020-05-14 14:59:00+00:00,2020-05-14 15:00:00+00:00,8903.5,8876.5,8957.5,2020-05-14 15:13:00+00:00,8957.5,objetivo,108.0,2.0,106.0,54.0,1.962962962962963
-1,1,2020-05-14 15:59:00+00:00,2020-05-14 16:00:00+00:00,8902.75,8938.5,8831.25,2020-05-14 16:21:00+00:00,8938.75,stop,-72.0,2.0,-74.0,71.5,-1.034965034965035
1,1,2020-05-14 16:29:00+00:00,2020-05-14 16:30:00+00:00,8931.75,8900.5,8994.25,2020-05-14 17:29:00+00:00,8994.25,objetivo,125.0,2.0,123.0,62.5,1.968
-1,1,2020-05-15 14:59:00+00:00,2020-05-15 15:00:00+00:00,8973.5,9018.75,8883.0,2020-05-15 16:06:00+00:00,9019.0,stop,-91.0,2.0,-93.0,90.5,-1.0276243093922652
1,1,2020-05-15 16:14:00+00:00,2020-05-15 16:15:00+00:00,9024.5,8988.5,9096.5,2020-05-15 17:12:00+00:00,9096.5,objetivo,144.0,2.0,142.0,72.0,1.9722222222222223
-1,1,2020-05-18 13:59:00+00:00,2020-05-18 14:00:00+00:00,9260.75,9297.0,9188.25,2020-05-18 14:25:00+00:00,9297.25,stop,-73.0,2.0,-75.0,72.5,-1.0344827586206897
1,1,2020-05-18 14:29:00+00:00,2020-05-18 14:30:00+00:00,9289.25,9263.25,9341.25,2020-05-18 15:20:00+00:00,9341.25,objetivo,104.0,2.0,102.0,52.0,1.9615384615384615
-1,1,2020-05-19 18:59:00+00:00,2020-05-19 19:00:00+00:00,9352.0,9416.5,9223.0,2020-05-19 19:55:00+00:00,9306.5,tiempo,91.0,2.0,89.0,129.0,0.689922480620155
-1,1,2020-05-20 16:44:00+00:00,2020-05-20 16:45:00+00:00,9441.25,9471.5,9380.75,2020-05-20 18:52:00+00:00,9471.75,stop,-61.0,2.0,-63.0,60.5,-1.0413223140495869
-1,1,2020-05-21 13:59:00+00:00,2020-05-21 14:00:00+00:00,9475.0,9509.0,9407.0,2020-05-21 14:35:00+00:00,9407.0,objetivo,136.0,2.0,134.0,68.0,1.9705882352941178
1,1,2020-05-21 16:14:00+00:00,2020-05-21 16:15:00+00:00,9432.75,9397.0,9504.25,2020-05-21 16:39:00+00:00,9396.75,stop,-72.0,2.0,-74.0,71.5,-1.034965034965035
1,1,2020-05-22 13:59:00+00:00,2020-05-22 14:00:00+00:00,9394.25,9331.25,9520.25,2020-05-22 19:55:00+00:00,9400.0,tiempo,11.5,2.0,9.5,126.0,0.07539682539682539
1,1,2020-05-25 13:59:00+00:00,2020-05-25 14:00:00+00:00,9523.75,9515.75,9539.75,2020-05-25 16:59:00+00:00,9530.25,fin_de_datos,13.0,2.0,11.0,16.0,0.6875
-1,1,2020-05-26 13:59:00+00:00,2020-05-26 14:00:00+00:00,9497.0,9546.75,9397.5,2020-05-26 19:34:00+00:00,9397.5,objetivo,199.0,2.0,197.0,99.5,1.979899497487437
1,1,2020-05-27 15:59:00+00:00,2020-05-27 16:00:00+00:00,9274.0,9229.25,9363.5,2020-05-27 18:01:00+00:00,9363.5,objetivo,179.0,2.0,177.0,89.5,1.9776536312849162
-1,1,2020-05-29 14:14:00+00:00,2020-05-29 14:15:00+00:00,9401.0,9465.25,9272.5,2020-05-29 18:06:00+00:00,9465.5,stop,-129.0,2.0,-131.0,128.5,-1.0194552529182879
-1,1,2020-06-01 15:29:00+00:00,2020-06-01 15:30:00+00:00,9548.25,9561.0,9522.75,2020-06-01 15:34:00+00:00,9561.25,stop,-26.0,2.0,-28.0,25.5,-1.0980392156862746
1,1,2020-06-01 15:44:00+00:00,2020-06-01 15:45:00+00:00,9562.75,9547.0,9594.25,2020-06-01 17:05:00+00:00,9594.25,objetivo,63.0,2.0,61.0,31.5,1.9365079365079365
-1,1,2020-06-02 14:44:00+00:00,2020-06-02 14:45:00+00:00,9564.75,9609.75,9474.75,2020-06-02 17:53:00+00:00,9610.0,stop,-90.5,2.0,-92.5,90.0,-1.0277777777777777
-1,1,2020-06-03 14:14:00+00:00,2020-06-03 14:15:00+00:00,9671.0,9703.75,9605.5,2020-06-03 18:52:00+00:00,9704.0,stop,-66.0,2.0,-68.0,65.5,-1.0381679389312977
-1,1,2020-06-04 14:59:00+00:00,2020-06-04 15:00:00+00:00,9709.0,9720.25,9686.5,2020-06-04 15:09:00+00:00,9686.5,objetivo,45.0,2.0,43.0,22.5,1.9111111111111112
1,1,2020-06-08 14:44:00+00:00,2020-06-08 14:45:00+00:00,9795.0,9774.75,9835.5,2020-06-08 17:34:00+00:00,9835.5,objetivo,81.0,2.0,79.0,40.5,1.9506172839506173
-1,1,2020-06-09 14:14:00+00:00,2020-06-09 14:15:00+00:00,9877.25,9902.25,9827.25,2020-06-09 14:19:00+00:00,9902.5,stop,-50.5,2.0,-52.5,50.0,-1.05
1,1,2020-06-09 14:29:00+00:00,2020-06-09 14:30:00+00:00,9903.0,9875.5,9958.0,2020-06-09 14:54:00+00:00,9958.0,objetivo,110.0,2.0,108.0,55.0,1.9636363636363636
-1,1,2020-06-10 14:29:00+00:00,2020-06-10 14:30:00+00:00,10035.75,10068.75,9969.75,2020-06-10 15:26:00+00:00,10069.0,stop,-66.5,2.0,-68.5,66.0,-1.0378787878787878
-1,1,2020-06-10 16:14:00+00:00,2020-06-10 16:15:00+00:00,10048.75,10060.75,10024.75,2020-06-10 16:18:00+00:00,10061.0,stop,-24.5,2.0,-26.5,24.0,-1.1041666666666667
1,1,2020-06-10 16:29:00+00:00,2020-06-10 16:30:00+00:00,10070.25,10047.25,10116.25,2020-06-10 18:00:00+00:00,10047.0,stop,-46.5,2.0,-48.5,46.0,-1.0543478260869565
1,1,2020-06-11 13:59:00+00:00,2020-06-11 14:00:00+00:00,9935.0,9889.0,10027.0,2020-06-11 14:59:00+00:00,9888.75,stop,-92.5,2.0,-94.5,92.0,-1.0271739130434783
-1,1,2020-06-11 14:59:00+00:00,2020-06-11 15:00:00+00:00,9894.75,9956.0,9772.25,2020-06-11 16:26:00+00:00,9772.25,objetivo,245.0,2.0,243.0,122.5,1.9836734693877551
-1,1,2020-06-12 13:59:00+00:00,2020-06-12 14:00:00+00:00,9811.25,9849.25,9735.25,2020-06-12 14:38:00+00:00,9735.25,objetivo,152.0,2.0,150.0,76.0,1.9736842105263157
1,1,2020-06-15 13:59:00+00:00,2020-06-15 14:00:00+00:00,9596.75,9514.0,9762.25,2020-06-15 18:03:00+00:00,9762.25,objetivo,331.0,2.0,329.0,165.5,1.987915407854985
-1,1,2020-06-16 14:44:00+00:00,2020-06-16 14:45:00+00:00,9943.0,10009.75,9809.5,2020-06-16 15:00:00+00:00,9809.5,objetivo,267.0,2.0,265.0,133.5,1.9850187265917603
1,1,2020-06-16 15:44:00+00:00,2020-06-16 15:45:00+00:00,9937.0,9907.5,9996.0,2020-06-16 16:02:00+00:00,9907.25,stop,-59.5,2.0,-61.5,59.0,-1.0423728813559323
-1,1,2020-06-16 16:14:00+00:00,2020-06-16 16:15:00+00:00,9919.25,9947.75,9862.25,2020-06-16 16:31:00+00:00,9948.0,stop,-57.5,2.0,-59.5,57.0,-1.043859649122807
1,1,2020-06-16 16:44:00+00:00,2020-06-16 16:45:00+00:00,9974.0,9931.5,10059.0,2020-06-16 17:55:00+00:00,9931.25,stop,-85.5,2.0,-87.5,85.0,-1.0294117647058822
-1,1,2020-06-18 13:59:00+00:00,2020-06-18 14:00:00+00:00,9964.0,9988.0,9916.0,2020-06-18 14:07:00+00:00,9988.25,stop,-48.5,2.0,-50.5,48.0,-1.0520833333333333
1,1,2020-06-18 14:14:00+00:00,2020-06-18 14:15:00+00:00,9977.5,9958.25,10016.0,2020-06-18 14:21:00+00:00,9958.0,stop,-39.0,2.0,-41.0,38.5,-1.0649350649350648
-1,1,2020-06-18 14:29:00+00:00,2020-06-18 14:30:00+00:00,9954.0,9981.5,9899.0,2020-06-18 14:35:00+00:00,9981.75,stop,-55.5,2.0,-57.5,55.0,-1.0454545454545454
1,1,2020-06-18 14:44:00+00:00,2020-06-18 14:45:00+00:00,9968.25,9924.25,10056.25,2020-06-18 19:55:00+00:00,9995.75,tiempo,55.0,2.0,53.0,88.0,0.6022727272727273
-1,1,2020-06-19 13:59:00+00:00,2020-06-19 14:00:00+00:00,10087.0,10109.25,10042.5,2020-06-19 16:00:00+00:00,10042.5,objetivo,89.0,2.0,87.0,44.5,1.9550561797752808
1,1,2020-06-22 13:59:00+00:00,2020-06-22 14:00:00+00:00,10021.5,9982.75,10099.0,2020-06-22 16:46:00+00:00,10099.0,objetivo,155.0,2.0,153.0,77.5,1.9741935483870967
-1,1,2020-06-24 13:59:00+00:00,2020-06-24 14:00:00+00:00,10096.0,10205.0,9878.0,2020-06-24 19:55:00+00:00,9982.25,tiempo,227.5,2.0,225.5,218.0,1.0344036697247707
1,1,2020-06-25 13:59:00+00:00,2020-06-25 14:00:00+00:00,9946.5,9885.5,10068.5,2020-06-25 19:27:00+00:00,10068.5,objetivo,244.0,2.0,242.0,122.0,1.9836065573770492
1,1,2020-06-26 15:44:00+00:00,2020-06-26 15:45:00+00:00,9949.0,9908.25,10030.5,2020-06-26 16:17:00+00:00,9908.0,stop,-82.0,2.0,-84.0,81.5,-1.030674846625767
1,1,2020-06-29 13:59:00+00:00,2020-06-29 14:00:00+00:00,9792.25,9728.75,9919.25,2020-06-29 16:03:00+00:00,9919.25,objetivo,254.0,2.0,252.0,127.0,1.984251968503937
-1,1,2020-07-01 13:59:00+00:00,2020-07-01 14:00:00+00:00,10149.5,10172.25,10104.0,2020-07-01 14:02:00+00:00,10172.5,stop,-46.0,2.0,-48.0,45.5,-1.054945054945055
1,1,2020-07-01 14:14:00+00:00,2020-07-01 14:15:00+00:00,10181.25,10141.5,10260.75,2020-07-01 16:37:00+00:00,10260.75,objetivo,159.0,2.0,157.0,79.5,1.9748427672955975
-1,1,2020-07-02 14:14:00+00:00,2020-07-02 14:15:00+00:00,10395.0,10422.25,10340.5,2020-07-02 15:03:00+00:00,10340.5,objetivo,109.0,2.0,107.0,54.5,1.963302752293578
1,1,2020-07-02 15:59:00+00:00,2020-07-02 16:00:00+00:00,10382.75,10373.75,10400.75,2020-07-02 16:00:00+00:00,10373.5,stop,-18.5,2.0,-20.5,18.0,-1.1388888888888888
-1,1,2020-07-02 16:14:00+00:00,2020-07-02 16:15:00+00:00,10379.5,10386.0,10366.5,2020-07-02 16:19:00+00:00,10386.25,stop,-13.5,2.0,-15.5,13.0,-1.1923076923076923
1,1,2020-07-02 16:29:00+00:00,2020-07-02 16:30:00+00:00,10389.5,10369.25,10430.0,2020-07-02 19:40:00+00:00,10369.0,stop,-41.0,2.0,-43.0,40.5,-1.0617283950617284
1,1,2020-07-03 13:59:00+00:00,2020-07-03 14:00:00+00:00,10353.5,10348.0,10364.5,2020-07-03 14:22:00+00:00,10347.75,stop,-11.5,2.0,-13.5,11.0,-1.2272727272727273
1,1,2020-07-03 15:29:00+00:00,2020-07-03 15:30:00+00:00,10337.5,10331.25,10350.0,2020-07-03 15:56:00+00:00,10331.0,stop,-13.0,2.0,-15.0,12.5,-1.2
-1,1,2020-07-03 15:59:00+00:00,2020-07-03 16:00:00+00:00,10332.0,10340.0,10316.0,2020-07-03 16:21:00+00:00,10340.25,stop,-16.5,2.0,-18.5,16.0,-1.15625
1,1,2020-07-03 16:29:00+00:00,2020-07-03 16:30:00+00:00,10344.0,10333.0,10366.0,2020-07-03 16:56:00+00:00,10332.75,stop,-22.5,2.0,-24.5,22.0,-1.1136363636363635
-1,1,2020-07-06 18:14:00+00:00,2020-07-06 18:15:00+00:00,10528.75,10565.75,10454.75,2020-07-06 19:22:00+00:00,10566.0,stop,-74.5,2.0,-76.5,74.0,-1.0337837837837838
-1,1,2020-07-07 16:14:00+00:00,2020-07-07 16:15:00+00:00,10625.5,10665.5,10545.5,2020-07-07 19:49:00+00:00,10545.5,objetivo,160.0,2.0,158.0,80.0,1.975
-1,1,2020-07-08 14:29:00+00:00,2020-07-08 14:30:00+00:00,10602.75,10634.75,10538.75,2020-07-08 15:20:00+00:00,10538.75,objetivo,128.0,2.0,126.0,64.0,1.96875
1,1,2020-07-08 16:29:00+00:00,2020-07-08 16:30:00+00:00,10602.25,10585.5,10635.75,2020-07-08 16:44:00+00:00,10585.25,stop,-34.0,2.0,-36.0,33.5,-1.0746268656716418
-1,1,2020-07-08 16:44:00+00:00,2020-07-08 16:45:00+00:00,10590.75,10613.5,10545.25,2020-07-08 16:56:00+00:00,10613.75,stop,-46.0,2.0,-48.0,45.5,-1.054945054945055
1,1,2020-07-08 16:59:00+00:00,2020-07-08 17:00:00+00:00,10626.25,10590.75,10697.25,2020-07-08 17:26:00+00:00,10590.5,stop,-71.5,2.0,-73.5,71.0,-1.0352112676056338
-1,1,2020-07-08 17:29:00+00:00,2020-07-08 17:30:00+00:00,10595.25,10623.5,10538.75,2020-07-08 19:10:00+00:00,10623.75,stop,-57.0,2.0,-59.0,56.5,-1.0442477876106195
1,1,2020-07-09 13:59:00+00:00,2020-07-09 14:00:00+00:00,10731.5,10689.75,10815.0,2020-07-09 14:17:00+00:00,10689.5,stop,-84.0,2.0,-86.0,83.5,-1.029940119760479
-1,1,2020-07-09 14:29:00+00:00,2020-07-09 14:30:00+00:00,10712.0,10723.75,10688.5,2020-07-09 14:32:00+00:00,10724.0,stop,-24.0,2.0,-26.0,23.5,-1.1063829787234043
1,1,2020-07-09 16:29:00+00:00,2020-07-09 16:30:00+00:00,10656.0,10647.75,10672.5,2020-07-09 16:45:00+00:00,10672.5,objetivo,33.0,2.0,31.0,16.5,1.878787878787879
1,1,2020-07-10 14:14:00+00:00,2020-07-10 14:15:00+00:00,10698.5,10625.5,10844.5,2020-07-10 19:55:00+00:00,10818.75,tiempo,240.5,2.0,238.5,146.0,1.6335616438356164
-1,1,2020-07-13 13:59:00+00:00,2020-07-13 14:00:00+00:00,10964.75,10996.25,10901.75,2020-07-13 14:28:00+00:00,10996.5,stop,-63.5,2.0,-65.5,63.0,-1.0396825396825398
-1,1,2020-07-13 16:59:00+00:00,2020-07-13 17:00:00+00:00,10966.0,11016.75,10864.5,2020-07-13 18:09:00+00:00,10864.5,objetivo,203.0,2.0,201.0,101.5,1.980295566502463
-1,1,2020-07-14 13:59:00+00:00,2020-07-14 14:00:00+00:00,10472.75,10611.25,10195.75,2020-07-14 17:54:00+00:00,10611.5,stop,-277.5,2.0,-279.5,277.0,-1.0090252707581226
-1,1,2020-07-15 13:59:00+00:00,2020-07-15 14:00:00+00:00,10707.25,10766.0,10589.75,2020-07-15 15:48:00+00:00,10589.75,objetivo,235.0,2.0,233.0,117.5,1.9829787234042553
1,1,2020-07-15 18:14:00+00:00,2020-07-15 18:15:00+00:00,10698.75,10631.0,10834.25,2020-07-15 19:11:00+00:00,10630.75,stop,-136.0,2.0,-138.0,135.5,-1.018450184501845
-1,1,2020-07-16 13:59:00+00:00,2020-07-16 14:00:00+00:00,10555.0,10594.0,10477.0,2020-07-16 15:09:00+00:00,10477.0,objetivo,156.0,2.0,154.0,78.0,1.9743589743589745
1,1,2020-07-16 15:59:00+00:00,2020-07-16 16:00:00+00:00,10542.5,10501.5,10624.5,2020-07-16 18:23:00+00:00,10624.5,objetivo,164.0,2.0,162.0,82.0,1.975609756097561
1,1,2020-07-17 14:59:00+00:00,2020-07-17 15:00:00+00:00,10593.25,10552.75,10674.25,2020-07-17 19:55:00+00:00,10622.5,tiempo,58.5,2.0,56.5,81.0,0.6975308641975309
1,1,2020-07-20 13:59:00+00:00,2020-07-20 14:00:00+00:00,10682.75,10618.75,10810.75,2020-07-20 15:45:00+00:00,10810.75,objetivo,256.0,2.0,254.0,128.0,1.984375
1,1,2020-07-21 18:14:00+00:00,2020-07-21 18:15:00+00:00,10926.25,10896.5,10985.75,2020-07-21 18:40:00+00:00,10896.25,stop,-60.0,2.0,-62.0,59.5,-1.0420168067226891
-1,1,2020-07-21 18:44:00+00:00,2020-07-21 18:45:00+00:00,10890.75,10921.0,10830.25,2020-07-21 19:12:00+00:00,10830.25,objetivo,121.0,2.0,119.0,60.5,1.9669421487603307
1,1,2020-07-22 13:59:00+00:00,2020-07-22 14:00:00+00:00,10876.75,10837.75,10954.75,2020-07-22 14:30:00+00:00,10837.5,stop,-78.5,2.0,-80.5,78.0,-1.0320512820512822
1,1,2020-07-22 15:44:00+00:00,2020-07-22 15:45:00+00:00,10838.5,10814.0,10887.5,2020-07-22 16:04:00+00:00,10813.75,stop,-49.5,2.0,-51.5,49.0,-1.0510204081632653
1,1,2020-07-22 16:14:00+00:00,2020-07-22 16:15:00+00:00,10852.25,10813.75,10929.25,2020-07-22 17:31:00+00:00,10813.5,stop,-77.5,2.0,-79.5,77.0,-1.0324675324675325
-1,1,2020-07-23 14:14:00+00:00,2020-07-23 14:15:00+00:00,10789.25,10855.5,10656.75,2020-07-23 16:54:00+00:00,10656.75,objetivo,265.0,2.0,263.0,132.5,1.9849056603773585
1,1,2020-07-24 13:59:00+00:00,2020-07-24 14:00:00+00:00,10382.25,10321.75,10503.25,2020-07-24 14:59:00+00:00,10503.25,objetivo,242.0,2.0,240.0,121.0,1.9834710743801653
-1,1,2020-07-24 16:59:00+00:00,2020-07-24 17:00:00+00:00,10430.25,10446.25,10398.25,2020-07-24 17:02:00+00:00,10446.5,stop,-32.5,2.0,-34.5,32.0,-1.078125
1,1,2020-07-24 17:29:00+00:00,2020-07-24 17:30:00+00:00,10433.0,10381.25,10536.5,2020-07-24 19:55:00+00:00,10465.5,tiempo,65.0,2.0,63.0,103.5,0.6086956521739131
-1,1,2020-07-27 14:14:00+00:00,2020-07-27 14:15:00+00:00,10591.5,10635.75,10503.0,2020-07-27 18:06:00+00:00,10636.0,stop,-89.0,2.0,-91.0,88.5,-1.0282485875706215
-1,1,2020-07-28 13:59:00+00:00,2020-07-28 14:00:00+00:00,10587.5,10628.75,10505.0,2020-07-28 14:56:00+00:00,10629.0,stop,-83.0,2.0,-85.0,82.5,-1.0303030303030303
-1,1,2020-07-28 18:29:00+00:00,2020-07-28 18:30:00+00:00,10611.25,10633.5,10566.75,2020-07-28 19:13:00+00:00,10566.75,objetivo,89.0,2.0,87.0,44.5,1.9550561797752808
1,1,2020-07-29 13:59:00+00:00,2020-07-29 14:00:00+00:00,10600.0,10571.0,10658.0,2020-07-29 18:31:00+00:00,10658.0,objetivo,116.0,2.0,114.0,58.0,1.9655172413793103
1,1,2020-07-30 14:44:00+00:00,2020-07-30 14:45:00+00:00,10574.25,10550.75,10621.25,2020-07-30 14:52:00+00:00,10550.5,stop,-47.5,2.0,-49.5,47.0,-1.053191489361702
1,1,2020-07-31 13:59:00+00:00,2020-07-31 14:00:00+00:00,10825.0,10792.25,10890.5,2020-07-31 14:02:00+00:00,10792.0,stop,-66.0,2.0,-68.0,65.5,-1.0381679389312977
-1,1,2020-07-31 14:14:00+00:00,2020-07-31 14:15:00+00:00,10757.75,10827.0,10619.25,2020-07-31 15:18:00+00:00,10827.25,stop,-139.0,2.0,-141.0,138.5,-1.0180505415162455
-1,1,2020-07-31 15:59:00+00:00,2020-07-31 16:00:00+00:00,10786.25,10826.25,10706.25,2020-07-31 16:38:00+00:00,10706.25,objetivo,160.0,2.0,158.0,80.0,1.975
1,1,2020-07-31 18:44:00+00:00,2020-07-31 18:45:00+00:00,10774.75,10741.25,10841.75,2020-07-31 19:15:00+00:00,10841.75,objetivo,134.0,2.0,132.0,67.0,1.9701492537313432
-1,1,2020-08-03 14:29:00+00:00,2020-08-03 14:30:00+00:00,11023.5,11040.0,10990.5,2020-08-03 15:10:00+00:00,11040.25,stop,-33.5,2.0,-35.5,33.0,-1.0757575757575757
1,1,2020-08-03 15:14:00+00:00,2020-08-03 15:15:00+00:00,11036.5,11003.0,11103.5,2020-08-03 19:55:00+00:00,11054.75,tiempo,36.5,2.0,34.5,67.0,0.5149253731343284
-1,1,2020-08-04 14:59:00+00:00,2020-08-04 15:00:00+00:00,11050.0,11071.25,11007.5,2020-08-04 18:31:00+00:00,11007.5,objetivo,85.0,2.0,83.0,42.5,1.9529411764705882
1,1,2020-08-05 13:59:00+00:00,2020-08-05 14:00:00+00:00,11109.5,11065.75,11197.0,2020-08-05 19:55:00+00:00,11101.25,tiempo,-16.5,2.0,-18.5,87.5,-0.21142857142857144
1,1,2020-08-06 13:59:00+00:00,2020-08-06 14:00:00+00:00,11118.0,11073.0,11208.0,2020-08-06 18:01:00+00:00,11208.0,objetivo,180.0,2.0,178.0,90.0,1.9777777777777779
1,1,2020-08-07 13:59:00+00:00,2020-08-07 14:00:00+00:00,11248.0,11220.75,11302.5,2020-08-07 14:05:00+00:00,11220.5,stop,-55.0,2.0,-57.0,54.5,-1.0458715596330275
-1,1,2020-08-07 14:29:00+00:00,2020-08-07 14:30:00+00:00,11227.75,11237.75,11207.75,2020-08-07 14:31:00+00:00,11238.0,stop,-20.5,2.0,-22.5,20.0,-1.125
1,1,2020-08-07 14:44:00+00:00,2020-08-07 14:45:00+00:00,11232.0,11226.5,11243.0,2020-08-07 14:49:00+00:00,11243.0,objetivo,22.0,2.0,20.0,11.0,1.8181818181818181
-1,1,2020-08-07 15:29:00+00:00,2020-08-07 15:30:00+00:00,11204.25,11240.25,11132.25,2020-08-07 17:00:00+00:00,11132.25,objetivo,144.0,2.0,142.0,72.0,1.9722222222222223
-1,1,2020-08-10 13:59:00+00:00,2020-08-10 14:00:00+00:00,11081.0,11146.0,10951.0,2020-08-10 14:58:00+00:00,10951.0,objetivo,260.0,2.0,258.0,130.0,1.9846153846153847
1,1,2020-08-10 16:44:00+00:00,2020-08-10 16:45:00+00:00,11063.25,11007.25,11175.25,2020-08-10 19:55:00+00:00,11070.25,tiempo,14.0,2.0,12.0,112.0,0.10714285714285714
-1,1,2020-08-11 14:14:00+00:00,2020-08-11 14:15:00+00:00,10965.75,11013.75,10869.75,2020-08-11 14:38:00+00:00,11014.0,stop,-96.5,2.0,-98.5,96.0,-1.0260416666666667
-1,1,2020-08-11 18:14:00+00:00,2020-08-11 18:15:00+00:00,11003.5,11052.0,10906.5,2020-08-11 19:19:00+00:00,10906.5,objetivo,194.0,2.0,192.0,97.0,1.9793814432989691
1,1,2020-08-12 13:59:00+00:00,2020-08-12 14:00:00+00:00,11061.75,10987.0,11211.25,2020-08-12 19:55:00+00:00,11142.25,tiempo,161.0,2.0,159.0,149.5,1.0635451505016722
-1,1,2020-08-13 14:14:00+00:00,2020-08-13 14:15:00+00:00,11197.5,11216.0,11160.5,2020-08-13 14:24:00+00:00,11216.25,stop,-37.5,2.0,-39.5,37.0,-1.0675675675675675
1,1,2020-08-13 14:29:00+00:00,2020-08-13 14:30:00+00:00,11226.0,11177.0,11324.0,2020-08-13 18:11:00+00:00,11176.75,stop,-98.5,2.0,-100.5,98.0,-1.0255102040816326
-1,1,2020-08-14 13:59:00+00:00,2020-08-14 14:00:00+00:00,11172.75,11196.75,11124.75,2020-08-14 14:17:00+00:00,11124.75,objetivo,96.0,2.0,94.0,48.0,1.9583333333333333
1,1,2020-08-14 15:29:00+00:00,2020-08-14 15:30:00+00:00,11149.5,11123.0,11202.5,2020-08-14 15:54:00+00:00,11122.75,stop,-53.5,2.0,-55.5,53.0,-1.0471698113207548
1,1,2020-08-14 16:29:00+00:00,2020-08-14 16:30:00+00:00,11151.5,11135.75,11183.0,2020-08-14 18:26:00+00:00,11135.5,stop,-32.0,2.0,-34.0,31.5,-1.0793650793650793
-1,1,2020-08-14 18:29:00+00:00,2020-08-14 18:30:00+00:00,11146.75,11157.25,11125.75,2020-08-14 18:33:00+00:00,11157.5,stop,-21.5,2.0,-23.5,21.0,-1.119047619047619
-1,1,2020-08-17 15:44:00+00:00,2020-08-17 15:45:00+00:00,11240.75,11265.0,11192.25,2020-08-17 16:46:00+00:00,11265.25,stop,-49.0,2.0,-51.0,48.5,-1.0515463917525774
-1,1,2020-08-18 13:59:00+00:00,2020-08-18 14:00:00+00:00,11341.5,11375.5,11273.5,2020-08-18 14:30:00+00:00,11273.5,objetivo,136.0,2.0,134.0,68.0,1.9705882352941178
1,1,2020-08-18 14:59:00+00:00,2020-08-18 15:00:00+00:00,11340.75,11311.5,11399.25,2020-08-18 18:56:00+00:00,11399.25,objetivo,117.0,2.0,115.0,58.5,1.9658119658119657
1,1,2020-08-19 14:14:00+00:00,2020-08-19 14:15:00+00:00,11380.5,11346.0,11449.5,2020-08-19 18:20:00+00:00,11345.75,stop,-69.5,2.0,-71.5,69.0,-1.036231884057971
-1,1,2020-08-21 14:14:00+00:00,2020-08-21 14:15:00+00:00,11475.75,11500.75,11425.75,2020-08-21 14:24:00+00:00,11501.0,stop,-50.5,2.0,-52.5,50.0,-1.05
1,1,2020-08-21 14:29:00+00:00,2020-08-21 14:30:00+00:00,11524.0,11476.0,11620.0,2020-08-21 19:55:00+00:00,11552.5,tiempo,57.0,2.0,55.0,96.0,0.5729166666666666
-1,1,2020-08-24 13:59:00+00:00,2020-08-24 14:00:00+00:00,11655.75,11718.25,11530.75,2020-08-24 14:58:00+00:00,11530.75,objetivo,250.0,2.0,248.0,125.0,1.984
1,1,2020-08-24 16:14:00+00:00,2020-08-24 16:15:00+00:00,11628.75,11612.0,11662.25,2020-08-24 16:27:00+00:00,11611.75,stop,-34.0,2.0,-36.0,33.5,-1.0746268656716418
-1,1,2020-08-24 16:29:00+00:00,2020-08-24 16:30:00+00:00,11612.5,11641.25,11555.0,2020-08-24 19:06:00+00:00,11555.0,objetivo,115.0,2.0,113.0,57.5,1.9652173913043478
-1,1,2020-08-26 14:14:00+00:00,2020-08-26 14:15:00+00:00,11773.5,11795.75,11729.0,2020-08-26 14:24:00+00:00,11796.0,stop,-45.0,2.0,-47.0,44.5,-1.0561797752808988
1,1,2020-08-26 14:29:00+00:00,2020-08-26 14:30:00+00:00,11806.0,11773.25,11871.5,2020-08-26 15:35:00+00:00,11871.5,objetivo,131.0,2.0,129.0,65.5,1.9694656488549618
-1,1,2020-08-27 14:14:00+00:00,2020-08-27 14:15:00+00:00,11932.75,11982.75,11832.75,2020-08-27 14:29:00+00:00,11983.0,stop,-100.5,2.0,-102.5,100.0,-1.025
1,1,2020-08-27 14:29:00+00:00,2020-08-27 14:30:00+00:00,11996.75,11925.5,12139.25,2020-08-27 16:37:00+00:00,11925.25,stop,-143.0,2.0,-145.0,142.5,-1.0175438596491229
1,1,2020-08-27 18:14:00+00:00,2020-08-27 18:15:00+00:00,11959.5,11935.75,12007.0,2020-08-27 19:50:00+00:00,11935.5,stop,-48.0,2.0,-50.0,47.5,-1.0526315789473684
-1,1,2020-08-28 14:14:00+00:00,2020-08-28 14:15:00+00:00,11981.0,12018.25,11906.5,2020-08-28 19:55:00+00:00,11985.75,tiempo,-9.5,2.0,-11.5,74.5,-0.15436241610738255
-1,1,2020-09-02 13:59:00+00:00,2020-09-02 14:00:00+00:00,12251.25,12404.75,11944.25,2020-09-02 19:11:00+00:00,12405.0,stop,-307.5,2.0,-309.5,307.0,-1.00814332247557
1,1,2020-09-04 15:59:00+00:00,2020-09-04 16:00:00+00:00,11490.5,11342.0,11787.5,2020-09-04 19:55:00+00:00,11649.75,tiempo,318.5,2.0,316.5,297.0,1.0656565656565657
-1,1,2020-09-07 13:59:00+00:00,2020-09-07 14:00:00+00:00,11460.5,11498.5,11384.5,2020-09-07 14:35:00+00:00,11498.75,stop,-76.5,2.0,-78.5,76.0,-1.0328947368421053
1,1,2020-09-08 13:59:00+00:00,2020-09-08 14:00:00+00:00,11293.5,11136.75,11607.0,2020-09-08 18:42:00+00:00,11136.5,stop,-314.0,2.0,-316.0,313.5,-1.0079744816586922
1,1,2020-09-09 13:59:00+00:00,2020-09-09 14:00:00+00:00,11260.0,11188.25,11403.5,2020-09-09 15:03:00+00:00,11403.5,objetivo,287.0,2.0,285.0,143.5,1.9860627177700347
1,1,2020-09-10 14:14:00+00:00,2020-09-10 14:15:00+00:00,11545.5,11501.5,11633.5,2020-09-10 14:44:00+00:00,11501.25,stop,-88.5,2.0,-90.5,88.0,-1.0284090909090908
1,1,2020-09-10 15:44:00+00:00,2020-09-10 15:45:00+00:00,11487.5,11441.0,11580.5,2020-09-10 15:55:00+00:00,11440.75,stop,-93.5,2.0,-95.5,93.0,-1.0268817204301075
-1,1,2020-09-10 15:59:00+00:00,2020-09-10 16:00:00+00:00,11434.25,11494.0,11314.75,2020-09-10 17:58:00+00:00,11314.75,objetivo,239.0,2.0,237.0,119.5,1.9832635983263598
1,1,2020-09-11 14:29:00+00:00,2020-09-11 14:30:00+00:00,11200.5,11116.0,11369.5,2020-09-11 15:59:00+00:00,11115.75,stop,-169.5,2.0,-171.5,169.0,-1.014792899408284
-1,1,2020-09-14 16:29:00+00:00,2020-09-14 16:30:00+00:00,11297.5,11330.0,11232.5,2020-09-14 17:16:00+00:00,11232.5,objetivo,130.0,2.0,128.0,65.0,1.9692307692307693
1,1,2020-09-17 13:59:00+00:00,2020-09-17 14:00:00+00:00,11063.5,10989.75,11211.0,2020-09-17 16:08:00+00:00,10989.5,stop,-148.0,2.0,-150.0,147.5,-1.0169491525423728
1,1,2020-09-17 18:14:00+00:00,2020-09-17 18:15:00+00:00,11041.0,11002.75,11117.5,2020-09-17 18:28:00+00:00,11002.5,stop,-77.0,2.0,-79.0,76.5,-1.0326797385620916
-1,1,2020-09-17 18:29:00+00:00,2020-09-17 18:30:00+00:00,10975.5,11045.0,10836.5,2020-09-17 19:40:00+00:00,11045.25,stop,-139.5,2.0,-141.5,139.0,-1.0179856115107915
1,1,2020-09-18 14:14:00+00:00,2020-09-18 14:15:00+00:00,11084.75,11055.75,11142.75,2020-09-18 14:22:00+00:00,11055.5,stop,-58.5,2.0,-60.5,58.0,-1.043103448275862
-1,1,2020-09-18 14:29:00+00:00,2020-09-18 14:30:00+00:00,11046.0,11105.75,10926.5,2020-09-18 15:02:00+00:00,10926.5,objetivo,239.0,2.0,237.0,119.5,1.9832635983263598
-1,1,2020-09-21 14:14:00+00:00,2020-09-21 14:15:00+00:00,10773.5,10822.0,10676.5,2020-09-21 14:32:00+00:00,10676.5,objetivo,194.0,2.0,192.0,97.0,1.9793814432989691
1,1,2020-09-21 15:59:00+00:00,2020-09-21 16:00:00+00:00,10802.0,10739.0,10928.0,2020-09-21 19:50:00+00:00,10928.0,objetivo,252.0,2.0,250.0,126.0,1.9841269841269842
1,1,2020-09-22 13:59:00+00:00,2020-09-22 14:00:00+00:00,11006.25,10950.5,11117.75,2020-09-22 14:59:00+00:00,10950.25,stop,-112.0,2.0,-114.0,111.5,-1.0224215246636772
1,1,2020-09-22 15:44:00+00:00,2020-09-22 15:45:00+00:00,11002.75,10958.0,11092.25,2020-09-22 17:49:00+00:00,11092.25,objetivo,179.0,2.0,177.0,89.5,1.9776536312849162
-1,1,2020-09-23 13:59:00+00:00,2020-09-23 14:00:00+00:00,11081.25,11142.25,10959.25,2020-09-23 17:53:00+00:00,10959.25,objetivo,244.0,2.0,242.0,122.0,1.9836065573770492
-1,1,2020-09-24 14:44:00+00:00,2020-09-24 14:45:00+00:00,10799.25,10847.25,10703.25,2020-09-24 14:46:00+00:00,10847.5,stop,-96.5,2.0,-98.5,96.0,-1.0260416666666667
1,1,2020-09-24 14:59:00+00:00,2020-09-24 15:00:00+00:00,10891.75,10797.0,11081.25,2020-09-24 19:55:00+00:00,10892.25,tiempo,1.0,2.0,-1.0,189.5,-0.005277044854881266
1,1,2020-09-25 13:59:00+00:00,2020-09-25 14:00:00+00:00,10904.0,10830.5,11051.0,2020-09-25 17:43:00+00:00,11051.0,objetivo,294.0,2.0,292.0,147.0,1.9863945578231292
1,1,2020-09-28 14:14:00+00:00,2020-09-28 14:15:00+00:00,11286.75,11242.5,11375.25,2020-09-28 14:51:00+00:00,11242.25,stop,-89.0,2.0,-91.0,88.5,-1.0282485875706215
1,1,2020-09-28 15:14:00+00:00,2020-09-28 15:15:00+00:00,11292.0,11237.25,11401.5,2020-09-28 16:16:00+00:00,11237.0,stop,-110.0,2.0,-112.0,109.5,-1.0228310502283104
1,1,2020-09-28 16:59:00+00:00,2020-09-28 17:00:00+00:00,11286.25,11265.25,11328.25,2020-09-28 17:11:00+00:00,11265.0,stop,-42.5,2.0,-44.5,42.0,-1.0595238095238095
1,1,2020-09-29 14:14:00+00:00,2020-09-29 14:15:00+00:00,11368.5,11330.75,11444.0,2020-09-29 14:34:00+00:00,11330.5,stop,-76.0,2.0,-78.0,75.5,-1.033112582781457
1,1,2020-09-29 15:29:00+00:00,2020-09-29 15:30:00+00:00,11348.0,11326.5,11391.0,2020-09-29 15:43:00+00:00,11326.25,stop,-43.5,2.0,-45.5,43.0,-1.058139534883721
-1,1,2020-09-29 15:44:00+00:00,2020-09-29 15:45:00+00:00,11328.75,11363.75,11258.75,2020-09-29 18:45:00+00:00,11364.0,stop,-70.5,2.0,-72.5,70.0,-1.0357142857142858
1,1,2020-09-30 13:59:00+00:00,2020-09-30 14:00:00+00:00,11418.0,11328.75,11596.5,2020-09-30 19:55:00+00:00,11430.25,tiempo,24.5,2.0,22.5,178.5,0.12605042016806722
1,1,2020-10-01 15:29:00+00:00,2020-10-01 15:30:00+00:00,11536.75,11492.5,11625.25,2020-10-01 19:55:00+00:00,11567.75,tiempo,62.0,2.0,60.0,88.5,0.6779661016949152
-1,1,2020-10-02 14:44:00+00:00,2020-10-02 14:45:00+00:00,11393.75,11465.25,11250.75,2020-10-02 16:01:00+00:00,11250.75,objetivo,286.0,2.0,284.0,143.0,1.986013986013986
-1,1,2020-10-05 18:29:00+00:00,2020-10-05 18:30:00+00:00,11397.5,11413.25,11366.0,2020-10-05 18:33:00+00:00,11413.5,stop,-32.0,2.0,-34.0,31.5,-1.0793650793650793
1,1,2020-10-05 18:44:00+00:00,2020-10-05 18:45:00+00:00,11425.75,11397.75,11481.75,2020-10-05 19:15:00+00:00,11481.75,objetivo,112.0,2.0,110.0,56.0,1.9642857142857142
1,1,2020-10-06 14:14:00+00:00,2020-10-06 14:15:00+00:00,11490.75,11444.75,11582.75,2020-10-06 14:43:00+00:00,11444.5,stop,-92.5,2.0,-94.5,92.0,-1.0271739130434783
-1,1,2020-10-06 14:44:00+00:00,2020-10-06 14:45:00+00:00,11447.0,11497.75,11345.5,2020-10-06 18:42:00+00:00,11498.0,stop,-102.0,2.0,-104.0,101.5,-1.0246305418719213
-1,1,2020-10-06 18:59:00+00:00,2020-10-06 19:00:00+00:00,11343.25,11524.5,10980.75,2020-10-06 19:55:00+00:00,11274.0,tiempo,138.5,2.0,136.5,362.5,0.37655172413793103
-1,1,2020-10-07 13:59:00+00:00,2020-10-07 14:00:00+00:00,11410.25,11437.75,11355.25,2020-10-07 15:31:00+00:00,11438.0,stop,-55.5,2.0,-57.5,55.0,-1.0454545454545454
1,1,2020-10-08 15:14:00+00:00,2020-10-08 15:15:00+00:00,11549.75,11506.25,11636.75,2020-10-08 15:33:00+00:00,11506.0,stop,-87.5,2.0,-89.5,87.0,-1.028735632183908
1,1,2020-10-08 15:44:00+00:00,2020-10-08 15:45:00+00:00,11533.0,11496.0,11607.0,2020-10-08 19:55:00+00:00,11531.75,tiempo,-2.5,2.0,-4.5,74.0,-0.060810810810810814
1,1,2020-10-12 14:14:00+00:00,2020-10-12 14:15:00+00:00,11903.25,11867.75,11974.25,2020-10-12 15:01:00+00:00,11974.25,objetivo,142.0,2.0,140.0,71.0,1.971830985915493
1,1,2020-10-13 13:59:00+00:00,2020-10-13 14:00:00+00:00,12093.25,12032.0,12215.75,2020-10-13 17:57:00+00:00,12031.75,stop,-123.0,2.0,-125.0,122.5,-1.0204081632653061
-1,1,2020-10-14 14:14:00+00:00,2020-10-14 14:15:00+00:00,12097.5,12138.75,12015.0,2020-10-14 15:47:00+00:00,12015.0,objetivo,165.0,2.0,163.0,82.5,1.9757575757575758
-1,1,2020-10-15 14:14:00+00:00,2020-10-15 14:15:00+00:00,11807.25,11873.25,11675.25,2020-10-15 19:11:00+00:00,11873.5,stop,-132.5,2.0,-134.5,132.0,-1.018939393939394
-1,1,2020-10-16 14:59:00+00:00,2020-10-16 15:00:00+00:00,11968.25,11999.0,11906.75,2020-10-16 15:18:00+00:00,11906.75,objetivo,123.0,2.0,121.0,61.5,1.967479674796748
1,1,2020-10-16 18:44:00+00:00,2020-10-16 18:45:00+00:00,11942.25,11931.5,11963.75,2020-10-16 19:04:00+00:00,11931.25,stop,-22.0,2.0,-24.0,21.5,-1.1162790697674418
-1,1,2020-10-19 13:59:00+00:00,2020-10-19 14:00:00+00:00,11873.75,11950.5,11720.25,2020-10-19 17:48:00+00:00,11720.25,objetivo,307.0,2.0,305.0,153.5,1.986970684039088
-1,1,2020-10-20 14:29:00+00:00,2020-10-20 14:30:00+00:00,11680.25,11735.75,11569.25,2020-10-20 16:35:00+00:00,11736.0,stop,-111.5,2.0,-113.5,111.0,-1.0225225225225225
-1,1,2020-10-21 14:44:00+00:00,2020-10-21 14:45:00+00:00,11734.5,11752.5,11698.5,2020-10-21 14:59:00+00:00,11698.5,objetivo,72.0,2.0,70.0,36.0,1.9444444444444444
1,1,2020-10-21 18:14:00+00:00,2020-10-21 18:15:00+00:00,11700.25,11674.25,11752.25,2020-10-21 19:45:00+00:00,11674.0,stop,-52.5,2.0,-54.5,52.0,-1.0480769230769231
-1,1,2020-10-22 13:59:00+00:00,2020-10-22 14:00:00+00:00,11674.75,11706.5,11611.25,2020-10-22 14:21:00+00:00,11611.25,objetivo,127.0,2.0,125.0,63.5,1.968503937007874
1,1,2020-10-22 16:59:00+00:00,2020-10-22 17:00:00+00:00,11605.0,11560.5,11694.0,2020-10-22 19:55:00+00:00,11654.25,tiempo,98.5,2.0,96.5,89.0,1.0842696629213484
1,1,2020-10-23 15:14:00+00:00,2020-10-23 15:15:00+00:00,11632.0,11592.0,11712.0,2020-10-23 15:22:00+00:00,11591.75,stop,-80.5,2.0,-82.5,80.0,-1.03125
-1,1,2020-10-23 15:29:00+00:00,2020-10-23 15:30:00+00:00,11594.0,11634.75,11512.5,2020-10-23 18:04:00+00:00,11635.0,stop,-82.0,2.0,-84.0,81.5,-1.030674846625767
-1,1,2020-10-26 14:29:00+00:00,2020-10-26 14:30:00+00:00,11622.25,11684.75,11497.25,2020-10-26 15:03:00+00:00,11497.25,objetivo,250.0,2.0,248.0,125.0,1.984
-1,1,2020-10-27 14:14:00+00:00,2020-10-27 14:15:00+00:00,11532.5,11559.75,11478.0,2020-10-27 14:48:00+00:00,11560.0,stop,-55.0,2.0,-57.0,54.5,-1.0458715596330275
1,1,2020-10-29 13:59:00+00:00,2020-10-29 14:00:00+00:00,11261.5,11175.0,11434.5,2020-10-29 18:24:00+00:00,11434.5,objetivo,346.0,2.0,344.0,173.0,1.9884393063583814
1,1,2020-10-30 16:29:00+00:00,2020-10-30 16:30:00+00:00,11091.0,11052.0,11169.0,2020-10-30 16:36:00+00:00,11051.75,stop,-78.5,2.0,-80.5,78.0,-1.0320512820512822
-1,1,2020-10-30 16:44:00+00:00,2020-10-30 16:45:00+00:00,11037.0,11091.25,10928.5,2020-10-30 19:55:00+00:00,10978.5,tiempo,117.0,2.0,115.0,108.5,1.0599078341013826
-1,1,2020-11-02 15:44:00+00:00,2020-11-02 15:45:00+00:00,11110.5,11170.0,10991.5,2020-11-02 18:12:00+00:00,10991.5,objetivo,238.0,2.0,236.0,119.0,1.9831932773109244
-1,1,2020-11-03 18:59:00+00:00,2020-11-03 19:00:00+00:00,11224.5,11289.0,11095.5,2020-11-03 20:27:00+00:00,11289.25,stop,-129.5,2.0,-131.5,129.0,-1.0193798449612403
1,1,2020-11-04 14:59:00+00:00,2020-11-04 15:00:00+00:00,11644.25,11565.75,11801.25,2020-11-04 16:55:00+00:00,11801.25,objetivo,314.0,2.0,312.0,157.0,1.9872611464968153
-1,1,2020-11-05 15:29:00+00:00,2020-11-05 15:30:00+00:00,12020.75,12099.0,11864.25,2020-11-05 19:42:00+00:00,12099.25,stop,-157.0,2.0,-159.0,156.5,-1.0159744408945688
1,1,2020-11-06 15:14:00+00:00,2020-11-06 15:15:00+00:00,11960.75,11888.0,12106.25,2020-11-06 20:46:00+00:00,12106.25,objetivo,291.0,2.0,289.0,145.5,1.986254295532646
1,1,2020-11-09 15:14:00+00:00,2020-11-09 15:15:00+00:00,12206.5,12108.75,12402.0,2020-11-09 15:51:00+00:00,12108.5,stop,-196.0,2.0,-198.0,195.5,-1.0127877237851663
-1,1,2020-11-09 15:59:00+00:00,2020-11-09 16:00:00+00:00,12160.5,12184.75,12112.0,2020-11-09 16:04:00+00:00,12112.0,objetivo,97.0,2.0,95.0,48.5,1.958762886597938
1,1,2020-11-09 16:29:00+00:00,2020-11-09 16:30:00+00:00,12185.5,12104.0,12348.5,2020-11-09 17:02:00+00:00,12103.75,stop,-163.5,2.0,-165.5,163.0,-1.0153374233128833
1,1,2020-11-10 16:29:00+00:00,2020-11-10 16:30:00+00:00,11655.25,11563.25,11839.25,2020-11-10 20:55:00+00:00,11602.0,tiempo,-106.5,2.0,-108.5,184.0,-0.5896739130434783
-1,1,2020-11-11 15:44:00+00:00,2020-11-11 15:45:00+00:00,11791.5,11843.0,11688.5,2020-11-11 16:46:00+00:00,11843.25,stop,-103.5,2.0,-105.5,103.0,-1.0242718446601942
-1,1,2020-11-12 15:29:00+00:00,2020-11-12 15:30:00+00:00,11926.75,11963.5,11853.25,2020-11-12 15:41:00+00:00,11963.75,stop,-74.0,2.0,-76.0,73.5,-1.034013605442177
1,1,2020-11-12 15:44:00+00:00,2020-11-12 15:45:00+00:00,11963.75,11923.0,12045.25,2020-11-12 16:11:00+00:00,11922.75,stop,-82.0,2.0,-84.0,81.5,-1.030674846625767
-1,1,2020-11-13 14:59:00+00:00,2020-11-13 15:00:00+00:00,11881.75,11919.5,11806.25,2020-11-13 15:57:00+00:00,11806.25,objetivo,151.0,2.0,149.0,75.5,1.9735099337748345
1,1,2020-11-13 16:59:00+00:00,2020-11-13 17:00:00+00:00,11874.75,11854.25,11915.75,2020-11-13 19:11:00+00:00,11854.0,stop,-41.5,2.0,-43.5,41.0,-1.0609756097560976
1,1,2020-11-13 19:29:00+00:00,2020-11-13 19:30:00+00:00,11883.25,11847.25,11955.25,2020-11-13 20:55:00+00:00,11927.25,tiempo,88.0,2.0,86.0,72.0,1.1944444444444444
-1,1,2020-11-16 17:29:00+00:00,2020-11-16 17:30:00+00:00,11974.75,11986.5,11951.25,2020-11-16 18:01:00+00:00,11951.25,objetivo,47.0,2.0,45.0,23.5,1.9148936170212767
1,1,2020-11-16 19:14:00+00:00,2020-11-16 19:15:00+00:00,11979.75,11956.5,12026.25,2020-11-16 19:53:00+00:00,11956.25,stop,-47.0,2.0,-49.0,46.5,-1.053763440860215
-1,1,2020-11-16 19:59:00+00:00,2020-11-16 20:00:00+00:00,11960.25,11981.5,11917.75,2020-11-16 20:20:00+00:00,11981.75,stop,-43.0,2.0,-45.0,42.5,-1.0588235294117647
1,1,2020-11-17 15:14:00+00:00,2020-11-17 15:15:00+00:00,12000.5,11963.0,12075.5,2020-11-17 20:23:00+00:00,11962.75,stop,-75.5,2.0,-77.5,75.0,-1.0333333333333334
-1,1,2020-11-18 14:59:00+00:00,2020-11-18 15:00:00+00:00,11927.75,11982.5,11818.25,2020-11-18 16:14:00+00:00,11982.75,stop,-110.0,2.0,-112.0,109.5,-1.0228310502283104
-1,1,2020-11-18 18:59:00+00:00,2020-11-18 19:00:00+00:00,11963.25,11984.75,11920.25,2020-11-18 19:51:00+00:00,11985.0,stop,-43.5,2.0,-45.5,43.0,-1.058139534883721
-1,1,2020-11-20 14:59:00+00:00,2020-11-20 15:00:00+00:00,11964.75,11983.0,11928.25,2020-11-20 15:22:00+00:00,11983.25,stop,-37.0,2.0,-39.0,36.5,-1.0684931506849316
-1,1,2020-11-20 16:59:00+00:00,2020-11-20 17:00:00+00:00,11975.5,11991.0,11944.5,2020-11-20 17:25:00+00:00,11991.25,stop,-31.5,2.0,-33.5,31.0,-1.0806451612903225
-1,1,2020-11-20 19:14:00+00:00,2020-11-20 19:15:00+00:00,11979.25,11990.25,11957.25,2020-11-20 19:23:00+00:00,11990.5,stop,-22.5,2.0,-24.5,22.0,-1.1136363636363635
1,1,2020-11-20 19:29:00+00:00,2020-11-20 19:30:00+00:00,11990.5,11975.5,12020.5,2020-11-20 19:41:00+00:00,11975.25,stop,-30.5,2.0,-32.5,30.0,-1.0833333333333333
-1,1,2020-11-20 19:44:00+00:00,2020-11-20 19:45:00+00:00,11980.75,11997.75,11946.75,2020-11-20 20:15:00+00:00,11946.75,objetivo,68.0,2.0,66.0,34.0,1.9411764705882353
-1,1,2020-11-23 14:59:00+00:00,2020-11-23 15:00:00+00:00,11972.75,12001.75,11914.75,2020-11-23 15:10:00+00:00,11914.75,objetivo,116.0,2.0,114.0,58.0,1.9655172413793103
1,1,2020-11-23 18:14:00+00:00,2020-11-23 18:15:00+00:00,11904.5,11890.0,11933.5,2020-11-23 18:42:00+00:00,11889.75,stop,-29.5,2.0,-31.5,29.0,-1.0862068965517242
-1,1,2020-11-23 18:44:00+00:00,2020-11-23 18:45:00+00:00,11889.0,11906.0,11855.0,2020-11-23 18:49:00+00:00,11906.25,stop,-34.5,2.0,-36.5,34.0,-1.0735294117647058
1,1,2020-11-23 19:59:00+00:00,2020-11-23 20:00:00+00:00,11918.25,11881.5,11991.75,2020-11-23 20:55:00+00:00,11894.75,tiempo,-47.0,2.0,-49.0,73.5,-0.6666666666666666
1,1,2020-11-24 14:59:00+00:00,2020-11-24 15:00:00+00:00,11922.75,11872.75,12022.75,2020-11-24 16:19:00+00:00,12022.75,objetivo,200.0,2.0,198.0,100.0,1.98
-1,1,2020-11-25 14:59:00+00:00,2020-11-25 15:00:00+00:00,12124.75,12145.25,12083.75,2020-11-25 15:05:00+00:00,12083.75,objetivo,82.0,2.0,80.0,41.0,1.951219512195122
1,1,2020-11-25 15:59:00+00:00,2020-11-25 16:00:00+00:00,12115.25,12099.25,12147.25,2020-11-25 16:41:00+00:00,12099.0,stop,-32.5,2.0,-34.5,32.0,-1.078125
1,1,2020-11-25 17:29:00+00:00,2020-11-25 17:30:00+00:00,12116.75,12106.25,12137.75,2020-11-25 17:54:00+00:00,12137.75,objetivo,42.0,2.0,40.0,21.0,1.9047619047619047
1,1,2020-11-26 16:29:00+00:00,2020-11-26 16:30:00+00:00,12197.0,12191.0,12209.0,2020-11-26 16:45:00+00:00,12190.75,stop,-12.5,2.0,-14.5,12.0,-1.2083333333333333
-1,1,2020-11-27 16:59:00+00:00,2020-11-27 17:00:00+00:00,12252.5,12273.5,12210.5,2020-11-27 18:14:00+00:00,12273.75,stop,-42.5,2.0,-44.5,42.0,-1.0595238095238095
1,1,2020-11-30 17:14:00+00:00,2020-11-30 17:15:00+00:00,12202.25,12179.0,12248.75,2020-11-30 18:50:00+00:00,12248.75,objetivo,93.0,2.0,91.0,46.5,1.956989247311828
-1,1,2020-12-01 15:44:00+00:00,2020-12-01 15:45:00+00:00,12379.25,12407.75,12322.25,2020-12-01 16:04:00+00:00,12408.0,stop,-57.5,2.0,-59.5,57.0,-1.043859649122807
1,1,2020-12-02 14:59:00+00:00,2020-12-02 15:00:00+00:00,12375.5,12312.5,12501.5,2020-12-02 20:55:00+00:00,12446.5,tiempo,142.0,2.0,140.0,126.0,1.1111111111111112
1,1,2020-12-03 14:59:00+00:00,2020-12-03 15:00:00+00:00,12495.25,12475.0,12535.75,2020-12-03 15:23:00+00:00,12535.75,objetivo,81.0,2.0,79.0,40.5,1.9506172839506173
-1,1,2020-12-03 15:44:00+00:00,2020-12-03 15:45:00+00:00,12498.5,12530.5,12434.5,2020-12-03 20:55:00+00:00,12451.75,tiempo,93.5,2.0,91.5,64.0,1.4296875
-1,1,2020-12-04 15:29:00+00:00,2020-12-04 15:30:00+00:00,12475.75,12509.0,12409.25,2020-12-04 15:42:00+00:00,12509.25,stop,-67.0,2.0,-69.0,66.5,-1.037593984962406
1,1,2020-12-04 15:44:00+00:00,2020-12-04 15:45:00+00:00,12511.75,12476.0,12583.25,2020-12-04 20:55:00+00:00,12517.5,tiempo,11.5,2.0,9.5,71.5,0.13286713286713286
-1,1,2020-12-07 17:14:00+00:00,2020-12-07 17:15:00+00:00,12580.0,12592.5,12555.0,2020-12-07 18:38:00+00:00,12555.0,objetivo,50.0,2.0,48.0,25.0,1.92
1,1,2020-12-07 19:44:00+00:00,2020-12-07 19:45:00+00:00,12586.25,12573.25,12612.25,2020-12-07 20:06:00+00:00,12573.0,stop,-26.5,2.0,-28.5,26.0,-1.0961538461538463
1,1,2020-12-08 15:14:00+00:00,2020-12-08 15:15:00+00:00,12560.25,12538.0,12604.75,2020-12-08 15:16:00+00:00,12537.75,stop,-45.0,2.0,-47.0,44.5,-1.0561797752808988
-1,1,2020-12-08 15:29:00+00:00,2020-12-08 15:30:00+00:00,12519.75,12561.0,12437.25,2020-12-08 15:59:00+00:00,12561.25,stop,-83.0,2.0,-85.0,82.5,-1.0303030303030303
1,1,2020-12-08 15:59:00+00:00,2020-12-08 16:00:00+00:00,12558.25,12541.75,12591.25,2020-12-08 17:00:00+00:00,12591.25,objetivo,66.0,2.0,64.0,33.0,1.9393939393939394
-1,1,2020-12-09 15:14:00+00:00,2020-12-09 15:15:00+00:00,12578.25,12637.25,12460.25,2020-12-09 17:48:00+00:00,12460.25,objetivo,236.0,2.0,234.0,118.0,1.9830508474576272
-1,1,2020-12-10 17:59:00+00:00,2020-12-10 18:00:00+00:00,12362.25,12396.75,12293.25,2020-12-10 18:09:00+00:00,12397.0,stop,-69.5,2.0,-71.5,69.0,-1.036231884057971
1,1,2020-12-10 18:14:00+00:00,2020-12-10 18:15:00+00:00,12402.5,12358.25,12491.0,2020-12-10 19:59:00+00:00,12358.0,stop,-89.0,2.0,-91.0,88.5,-1.0282485875706215
-1,1,2020-12-10 19:59:00+00:00,2020-12-10 20:00:00+00:00,12362.5,12393.5,12300.5,2020-12-10 20:15:00+00:00,12393.75,stop,-62.5,2.0,-64.5,62.0,-1.0403225806451613
1,1,2020-12-11 14:59:00+00:00,2020-12-11 15:00:00+00:00,12316.75,12274.75,12400.75,2020-12-11 16:37:00+00:00,12274.5,stop,-84.5,2.0,-86.5,84.0,-1.0297619047619047
1,1,2020-12-11 18:44:00+00:00,2020-12-11 18:45:00+00:00,12317.75,12290.75,12371.75,2020-12-11 20:16:00+00:00,12371.75,objetivo,108.0,2.0,106.0,54.0,1.962962962962963
-1,1,2020-12-14 15:59:00+00:00,2020-12-14 16:00:00+00:00,12500.75,12533.25,12435.75,2020-12-14 16:16:00+00:00,12533.5,stop,-65.5,2.0,-67.5,65.0,-1.0384615384615385
-1,1,2020-12-14 17:44:00+00:00,2020-12-14 17:45:00+00:00,12506.75,12518.25,12483.75,2020-12-14 17:58:00+00:00,12483.75,objetivo,46.0,2.0,44.0,23.0,1.9130434782608696
1,1,2020-12-14 18:59:00+00:00,2020-12-14 19:00:00+00:00,12512.5,12486.0,12565.5,2020-12-14 19:34:00+00:00,12485.75,stop,-53.5,2.0,-55.5,53.0,-1.0471698113207548
-1,1,2020-12-14 19:44:00+00:00,2020-12-14 19:45:00+00:00,12493.75,12515.5,12450.25,2020-12-14 19:57:00+00:00,12515.75,stop,-44.0,2.0,-46.0,43.5,-1.0574712643678161
1,1,2020-12-14 19:59:00+00:00,2020-12-14 20:00:00+00:00,12512.75,12490.0,12558.25,2020-12-14 20:33:00+00:00,12489.75,stop,-46.0,2.0,-48.0,45.5,-1.054945054945055
1,1,2020-12-15 14:59:00+00:00,2020-12-15 15:00:00+00:00,12559.5,12541.25,12596.0,2020-12-15 15:10:00+00:00,12541.0,stop,-37.0,2.0,-39.0,36.5,-1.0684931506849316
-1,1,2020-12-15 15:14:00+00:00,2020-12-15 15:15:00+00:00,12548.25,12570.5,12503.75,2020-12-15 16:03:00+00:00,12503.75,objetivo,89.0,2.0,87.0,44.5,1.9550561797752808
1,1,2020-12-15 17:59:00+00:00,2020-12-15 18:00:00+00:00,12530.25,12519.75,12551.25,2020-12-15 18:38:00+00:00,12551.25,objetivo,42.0,2.0,40.0,21.0,1.9047619047619047
1,1,2020-12-17 15:29:00+00:00,2020-12-17 15:30:00+00:00,12737.75,12707.25,12798.75,2020-12-17 15:58:00+00:00,12707.0,stop,-61.5,2.0,-63.5,61.0,-1.040983606557377
1,1,2020-12-17 17:59:00+00:00,2020-12-17 18:00:00+00:00,12727.0,12723.0,12735.0,2020-12-17 18:17:00+00:00,12722.75,stop,-8.5,2.0,-10.5,8.0,-1.3125
-1,1,2020-12-17 18:29:00+00:00,2020-12-17 18:30:00+00:00,12721.75,12729.5,12706.25,2020-12-17 18:48:00+00:00,12729.75,stop,-16.0,2.0,-18.0,15.5,-1.1612903225806452
1,1,2020-12-17 18:59:00+00:00,2020-12-17 19:00:00+00:00,12733.75,12722.25,12756.75,2020-12-17 19:37:00+00:00,12722.0,stop,-23.5,2.0,-25.5,23.0,-1.108695652173913
-1,1,2020-12-17 19:44:00+00:00,2020-12-17 19:45:00+00:00,12723.0,12733.5,12702.0,2020-12-17 19:49:00+00:00,12733.75,stop,-21.5,2.0,-23.5,21.0,-1.119047619047619
1,1,2020-12-17 19:59:00+00:00,2020-12-17 20:00:00+00:00,12730.0,12722.25,12745.5,2020-12-17 20:01:00+00:00,12722.0,stop,-16.0,2.0,-18.0,15.5,-1.1612903225806452
1,1,2020-12-18 17:44:00+00:00,2020-12-18 17:45:00+00:00,12720.25,12707.0,12746.75,2020-12-18 17:57:00+00:00,12706.75,stop,-27.0,2.0,-29.0,26.5,-1.0943396226415094
-1,1,2020-12-18 17:59:00+00:00,2020-12-18 18:00:00+00:00,12710.75,12720.75,12690.75,2020-12-18 18:23:00+00:00,12690.75,objetivo,40.0,2.0,38.0,20.0,1.9
-1,1,2020-12-18 18:29:00+00:00,2020-12-18 18:30:00+00:00,12700.5,12718.0,12665.5,2020-12-18 19:16:00+00:00,12665.5,objetivo,70.0,2.0,68.0,35.0,1.9428571428571428
1,1,2020-12-21 16:29:00+00:00,2020-12-21 16:30:00+00:00,12544.75,12507.0,12620.25,2020-12-21 17:26:00+00:00,12620.25,objetivo,151.0,2.0,149.0,75.5,1.9735099337748345
-1,1,2020-12-22 15:14:00+00:00,2020-12-22 15:15:00+00:00,12694.5,12750.0,12583.5,2020-12-22 20:55:00+00:00,12699.5,tiempo,-10.0,2.0,-12.0,111.0,-0.10810810810810811
1,1,2020-12-23 14:59:00+00:00,2020-12-23 15:00:00+00:00,12689.75,12649.25,12770.75,2020-12-23 20:55:00+00:00,12670.25,tiempo,-39.0,2.0,-41.0,81.0,-0.5061728395061729
-1,1,2020-12-24 15:14:00+00:00,2020-12-24 15:15:00+00:00,12699.5,12713.5,12671.5,2020-12-24 15:20:00+00:00,12713.75,stop,-28.5,2.0,-30.5,28.0,-1.0892857142857142
1,1,2020-12-24 15:29:00+00:00,2020-12-24 15:30:00+00:00,12711.0,12696.0,12741.0,2020-12-24 15:56:00+00:00,12695.75,stop,-30.5,2.0,-32.5,30.0,-1.0833333333333333
-1,1,2020-12-24 15:59:00+00:00,2020-12-24 16:00:00+00:00,12679.75,12717.0,12605.25,2020-12-24 18:14:00+00:00,12703.25,fin_de_datos,-47.0,2.0,-49.0,74.5,-0.6577181208053692
1,1,2020-12-28 15:44:00+00:00,2020-12-28 15:45:00+00:00,12794.25,12767.5,12847.75,2020-12-28 19:26:00+00:00,12847.75,objetivo,107.0,2.0,105.0,53.5,1.9626168224299065
-1,1,2020-12-29 14:59:00+00:00,2020-12-29 15:00:00+00:00,12859.5,12916.0,12746.5,2020-12-29 20:55:00+00:00,12833.0,tiempo,53.0,2.0,51.0,113.0,0.45132743362831856
1,1,2020-12-30 16:44:00+00:00,2020-12-30 16:45:00+00:00,12860.5,12852.5,12876.5,2020-12-30 16:48:00+00:00,12852.25,stop,-16.5,2.0,-18.5,16.0,-1.15625
-1,1,2020-12-30 17:44:00+00:00,2020-12-30 17:45:00+00:00,12852.25,12866.25,12824.25,2020-12-30 18:22:00+00:00,12866.5,stop,-28.5,2.0,-30.5,28.0,-1.0892857142857142
1,1,2020-12-30 18:29:00+00:00,2020-12-30 18:30:00+00:00,12861.75,12856.0,12873.25,2020-12-30 19:04:00+00:00,12855.75,stop,-12.0,2.0,-14.0,11.5,-1.2173913043478262
-1,1,2020-12-30 19:14:00+00:00,2020-12-30 19:15:00+00:00,12849.5,12869.5,12809.5,2020-12-30 20:55:00+00:00,12843.0,tiempo,13.0,2.0,11.0,40.0,0.275
-1,1,2020-12-31 14:59:00+00:00,2020-12-31 15:00:00+00:00,12834.0,12849.0,12804.0,2020-12-31 15:03:00+00:00,12849.25,stop,-30.5,2.0,-32.5,30.0,-1.0833333333333333
1,1,2020-12-31 15:29:00+00:00,2020-12-31 15:30:00+00:00,12847.0,12839.0,12863.0,2020-12-31 15:32:00+00:00,12838.75,stop,-16.5,2.0,-18.5,16.0,-1.15625
-1,1,2020-12-31 16:14:00+00:00,2020-12-31 16:15:00+00:00,12838.0,12852.75,12808.5,2020-12-31 16:56:00+00:00,12808.5,objetivo,59.0,2.0,57.0,29.5,1.9322033898305084
1,1,2020-12-31 19:44:00+00:00,2020-12-31 19:45:00+00:00,12844.75,12829.25,12875.75,2020-12-31 20:53:00+00:00,12875.75,objetivo,62.0,2.0,60.0,31.0,1.935483870967742
-1,1,2021-01-05 15:44:00+00:00,2021-01-05 15:45:00+00:00,12721.0,12748.0,12667.0,2021-01-05 15:53:00+00:00,12748.25,stop,-54.5,2.0,-56.5,54.0,-1.0462962962962963
1,1,2021-01-05 16:29:00+00:00,2021-01-05 16:30:00+00:00,12731.5,12688.0,12818.5,2021-01-05 20:55:00+00:00,12796.5,tiempo,130.0,2.0,128.0,87.0,1.471264367816092
-1,1,2021-01-06 19:29:00+00:00,2021-01-06 19:30:00+00:00,12687.25,12771.75,12518.25,2021-01-06 20:55:00+00:00,12622.5,tiempo,129.5,2.0,127.5,169.0,0.7544378698224852
-1,1,2021-01-08 14:59:00+00:00,2021-01-08 15:00:00+00:00,13018.5,13044.75,12966.0,2021-01-08 15:02:00+00:00,13045.0,stop,-53.0,2.0,-55.0,52.5,-1.0476190476190477
1,1,2021-01-08 15:14:00+00:00,2021-01-08 15:15:00+00:00,13034.75,13018.75,13066.75,2021-01-08 15:22:00+00:00,13018.5,stop,-32.5,2.0,-34.5,32.0,-1.078125
-1,1,2021-01-08 15:29:00+00:00,2021-01-08 15:30:00+00:00,12958.75,13053.5,12769.25,2021-01-08 16:06:00+00:00,13053.75,stop,-190.0,2.0,-192.0,189.5,-1.0131926121372032
-1,1,2021-01-08 18:29:00+00:00,2021-01-08 18:30:00+00:00,12991.5,13035.0,12904.5,2021-01-08 19:50:00+00:00,13035.25,stop,-87.5,2.0,-89.5,87.0,-1.028735632183908
1,1,2021-01-08 19:59:00+00:00,2021-01-08 20:00:00+00:00,13043.0,12998.75,13131.5,2021-01-08 20:55:00+00:00,13095.75,tiempo,105.5,2.0,103.5,88.5,1.1694915254237288
1,1,2021-01-11 14:59:00+00:00,2021-01-11 15:00:00+00:00,12959.75,12895.0,13089.25,2021-01-11 20:21:00+00:00,12894.75,stop,-130.0,2.0,-132.0,129.5,-1.0193050193050193
1,1,2021-01-12 16:14:00+00:00,2021-01-12 16:15:00+00:00,12917.5,12873.5,13005.5,2021-01-12 16:47:00+00:00,12873.25,stop,-88.5,2.0,-90.5,88.0,-1.0284090909090908
1,1,2021-01-12 18:29:00+00:00,2021-01-12 18:30:00+00:00,12875.25,12841.25,12943.25,2021-01-12 20:55:00+00:00,12891.0,tiempo,31.5,2.0,29.5,68.0,0.4338235294117647
1,1,2021-01-13 14:59:00+00:00,2021-01-13 15:00:00+00:00,12913.75,12868.0,13005.25,2021-01-13 20:55:00+00:00,12971.0,tiempo,114.5,2.0,112.5,91.5,1.2295081967213115
1,1,2021-01-14 14:59:00+00:00,2021-01-14 15:00:00+00:00,12993.5,12968.75,13043.0,2021-01-14 16:57:00+00:00,12968.5,stop,-50.0,2.0,-52.0,49.5,-1.0505050505050506
1,1,2021-01-15 16:29:00+00:00,2021-01-15 16:30:00+00:00,12853.5,12782.5,12995.5,2021-01-15 20:55:00+00:00,12800.75,tiempo,-105.5,2.0,-107.5,142.0,-0.7570422535211268
1,1,2021-01-18 14:59:00+00:00,2021-01-18 15:00:00+00:00,12811.0,12792.75,12847.5,2021-01-18 17:59:00+00:00,12813.75,fin_de_datos,5.5,2.0,3.5,36.5,0.0958904109589041
1,1,2021-01-19 15:14:00+00:00,2021-01-19 15:15:00+00:00,12910.5,12857.75,13016.0,2021-01-19 16:15:00+00:00,12857.5,stop,-106.0,2.0,-108.0,105.5,-1.0236966824644549
1,1,2021-01-19 16:59:00+00:00,2021-01-19 17:00:00+00:00,12900.25,12883.5,12933.75,2021-01-19 17:37:00+00:00,12933.75,objetivo,67.0,2.0,65.0,33.5,1.9402985074626866
1,1,2021-01-21 14:59:00+00:00,2021-01-21 15:00:00+00:00,13317.25,13292.5,13366.75,2021-01-21 15:12:00+00:00,13366.75,objetivo,99.0,2.0,97.0,49.5,1.9595959595959596
-1,1,2021-01-21 17:14:00+00:00,2021-01-21 17:15:00+00:00,13335.5,13371.5,13263.5,2021-01-21 18:10:00+00:00,13371.75,stop,-72.5,2.0,-74.5,72.0,-1.0347222222222223
-1,1,2021-01-22 15:29:00+00:00,2021-01-22 15:30:00+00:00,13348.25,13382.0,13280.75,2021-01-22 19:55:00+00:00,13382.25,stop,-68.0,2.0,-70.0,67.5,-1.037037037037037
-1,1,2021-01-25 15:14:00+00:00,2021-01-25 15:15:00+00:00,13520.25,13550.75,13459.25,2021-01-25 15:50:00+00:00,13459.25,objetivo,122.0,2.0,120.0,61.0,1.9672131147540983
1,1,2021-01-25 17:59:00+00:00,2021-01-25 18:00:00+00:00,13419.0,13373.0,13511.0,2021-01-25 20:55:00+00:00,13463.5,tiempo,89.0,2.0,87.0,92.0,0.9456521739130435
1,1,2021-01-26 14:59:00+00:00,2021-01-26 15:00:00+00:00,13478.25,13426.75,13581.25,2021-01-26 20:55:00+00:00,13473.25,tiempo,-10.0,2.0,-12.0,103.0,-0.11650485436893204
1,1,2021-01-27 14:59:00+00:00,2021-01-27 15:00:00+00:00,13281.25,13171.25,13501.25,2021-01-27 19:33:00+00:00,13171.0,stop,-220.5,2.0,-222.5,220.0,-1.0113636363636365
1,1,2021-01-29 14:59:00+00:00,2021-01-29 15:00:00+00:00,13084.25,13009.0,13234.75,2021-01-29 16:15:00+00:00,13008.75,stop,-151.0,2.0,-153.0,150.5,-1.0166112956810631
1,1,2021-02-01 15:14:00+00:00,2021-02-01 15:15:00+00:00,13042.75,12987.25,13153.75,2021-02-01 16:29:00+00:00,13153.75,objetivo,222.0,2.0,220.0,111.0,1.981981981981982
-1,1,2021-02-02 14:59:00+00:00,2021-02-02 15:00:00+00:00,13381.25,13423.25,13297.25,2021-02-02 15:18:00+00:00,13423.5,stop,-84.5,2.0,-86.5,84.0,-1.0297619047619047
-1,1,2021-02-02 15:29:00+00:00,2021-02-02 15:30:00+00:00,13383.5,13437.5,13275.5,2021-02-02 16:44:00+00:00,13437.75,stop,-108.5,2.0,-110.5,108.0,-1.0231481481481481
1,1,2021-02-03 14:59:00+00:00,2021-02-03 15:00:00+00:00,13527.5,13471.75,13639.0,2021-02-03 15:10:00+00:00,13471.5,stop,-112.0,2.0,-114.0,111.5,-1.0224215246636772
-1,1,2021-02-03 15:14:00+00:00,2021-02-03 15:15:00+00:00,13459.0,13533.5,13310.0,2021-02-03 20:55:00+00:00,13409.0,tiempo,100.0,2.0,98.0,149.0,0.6577181208053692
1,1,2021-02-04 15:14:00+00:00,2021-02-04 15:15:00+00:00,13435.5,13391.75,13523.0,2021-02-04 20:43:00+00:00,13523.0,objetivo,175.0,2.0,173.0,87.5,1.977142857142857
-1,1,2021-02-05 14:59:00+00:00,2021-02-05 15:00:00+00:00,13538.75,13580.25,13455.75,2021-02-05 17:03:00+00:00,13580.5,stop,-83.5,2.0,-85.5,83.0,-1.0301204819277108
-1,1,2021-02-08 15:29:00+00:00,2021-02-08 15:30:00+00:00,13647.0,13674.5,13592.0,2021-02-08 15:47:00+00:00,13674.75,stop,-55.5,2.0,-57.5,55.0,-1.0454545454545454
-1,1,2021-02-08 16:14:00+00:00,2021-02-08 16:15:00+00:00,13648.75,13676.75,13592.75,2021-02-08 20:55:00+00:00,13670.25,tiempo,-43.0,2.0,-45.0,56.0,-0.8035714285714286
-1,1,2021-02-09 16:14:00+00:00,2021-02-09 16:15:00+00:00,13686.5,13710.5,13638.5,2021-02-09 20:43:00+00:00,13710.75,stop,-48.5,2.0,-50.5,48.0,-1.0520833333333333
1,1,2021-02-10 14:59:00+00:00,2021-02-10 15:00:00+00:00,13735.75,13718.75,13769.75,2021-02-10 15:12:00+00:00,13718.5,stop,-34.5,2.0,-36.5,34.0,-1.0735294117647058
-1,1,2021-02-10 15:14:00+00:00,2021-02-10 15:15:00+00:00,13702.75,13753.25,13601.75,2021-02-10 15:23:00+00:00,13601.75,objetivo,202.0,2.0,200.0,101.0,1.9801980198019802
1,1,2021-02-10 18:29:00+00:00,2021-02-10 18:30:00+00:00,13638.0,13621.25,13671.5,2021-02-10 18:48:00+00:00,13621.0,stop,-34.0,2.0,-36.0,33.5,-1.0746268656716418
1,1,2021-02-10 19:29:00+00:00,2021-02-10 19:30:00+00:00,13669.0,13620.5,13766.0,2021-02-10 20:44:00+00:00,13620.25,stop,-97.5,2.0,-99.5,97.0,-1.0257731958762886
1,1,2021-02-11 15:44:00+00:00,2021-02-11 15:45:00+00:00,13724.25,13682.75,13807.25,2021-02-11 17:19:00+00:00,13682.5,stop,-83.5,2.0,-85.5,83.0,-1.0301204819277108
-1,1,2021-02-11 17:29:00+00:00,2021-02-11 17:30:00+00:00,13648.75,13724.0,13498.25,2021-02-11 20:55:00+00:00,13717.75,tiempo,-138.0,2.0,-140.0,150.5,-0.9302325581395349
-1,1,2021-02-15 15:29:00+00:00,2021-02-15 15:30:00+00:00,13855.0,13857.0,13851.0,2021-02-15 15:30:00+00:00,13857.25,stop,-4.5,2.0,-6.5,4.0,-1.625
1,1,2021-02-15 15:44:00+00:00,2021-02-15 15:45:00+00:00,13860.5,13855.25,13871.0,2021-02-15 16:34:00+00:00,13855.0,stop,-11.0,2.0,-13.0,10.5,-1.2380952380952381
-1,1,2021-02-16 15:14:00+00:00,2021-02-16 15:15:00+00:00,13825.75,13863.25,13750.75,2021-02-16 15:29:00+00:00,13863.5,stop,-75.5,2.0,-77.5,75.0,-1.0333333333333334
1,1,2021-02-16 15:29:00+00:00,2021-02-16 15:30:00+00:00,13864.0,13821.0,13950.0,2021-02-16 15:54:00+00:00,13820.75,stop,-86.5,2.0,-88.5,86.0,-1.0290697674418605
-1,1,2021-02-16 15:59:00+00:00,2021-02-16 16:00:00+00:00,13833.0,13871.5,13756.0,2021-02-16 16:50:00+00:00,13756.0,objetivo,154.0,2.0,152.0,77.0,1.974025974025974
-1,1,2021-02-17 15:14:00+00:00,2021-02-17 15:15:00+00:00,13625.75,13688.0,13501.25,2021-02-17 19:09:00+00:00,13688.25,stop,-125.0,2.0,-127.0,124.5,-1.0200803212851406
-1,1,2021-02-18 15:14:00+00:00,2021-02-18 15:15:00+00:00,13520.25,13570.0,13420.75,2021-02-18 16:16:00+00:00,13570.25,stop,-100.0,2.0,-102.0,99.5,-1.0251256281407035
-1,1,2021-02-18 17:14:00+00:00,2021-02-18 17:15:00+00:00,13519.25,13533.5,13490.75,2021-02-18 17:18:00+00:00,13533.75,stop,-29.0,2.0,-31.0,28.5,-1.087719298245614
1,1,2021-02-18 17:29:00+00:00,2021-02-18 17:30:00+00:00,13562.0,13512.75,13660.5,2021-02-18 20:08:00+00:00,13660.5,objetivo,197.0,2.0,195.0,98.5,1.9796954314720812
1,1,2021-02-19 14:59:00+00:00,2021-02-19 15:00:00+00:00,13672.25,13641.0,13734.75,2021-02-19 15:11:00+00:00,13640.75,stop,-63.0,2.0,-65.0,62.5,-1.04
-1,1,2021-02-19 15:14:00+00:00,2021-02-19 15:15:00+00:00,13646.25,13677.25,13584.25,2021-02-19 15:42:00+00:00,13677.5,stop,-62.5,2.0,-64.5,62.0,-1.0403225806451613
1,1,2021-02-19 15:44:00+00:00,2021-02-19 15:45:00+00:00,13666.5,13641.0,13717.5,2021-02-19 17:18:00+00:00,13640.75,stop,-51.5,2.0,-53.5,51.0,-1.0490196078431373
-1,1,2021-02-22 15:29:00+00:00,2021-02-22 15:30:00+00:00,13358.75,13421.5,13233.25,2021-02-22 20:36:00+00:00,13233.25,objetivo,251.0,2.0,249.0,125.5,1.9840637450199203
1,1,2021-02-23 14:59:00+00:00,2021-02-23 15:00:00+00:00,12885.25,12757.25,13141.25,2021-02-23 20:06:00+00:00,13141.25,objetivo,512.0,2.0,510.0,256.0,1.9921875
1,1,2021-02-24 15:29:00+00:00,2021-02-24 15:30:00+00:00,13080.75,12981.25,13279.75,2021-02-24 20:34:00+00:00,13279.75,objetivo,398.0,2.0,396.0,199.0,1.9899497487437185
-1,1,2021-02-26 14:59:00+00:00,2021-02-26 15:00:00+00:00,12877.0,13004.75,12621.5,2021-02-26 16:34:00+00:00,13005.0,stop,-256.0,2.0,-258.0,255.5,-1.009784735812133
1,1,2021-03-02 17:44:00+00:00,2021-03-02 17:45:00+00:00,13188.25,13153.0,13258.75,2021-03-02 19:12:00+00:00,13152.75,stop,-71.0,2.0,-73.0,70.5,-1.0354609929078014
-1,1,2021-03-02 19:14:00+00:00,2021-03-02 19:15:00+00:00,13150.75,13206.25,13039.75,2021-03-02 20:55:00+00:00,13072.5,tiempo,156.5,2.0,154.5,111.0,1.3918918918918919
1,1,2021-03-03 16:14:00+00:00,2021-03-03 16:15:00+00:00,12924.0,12904.75,12962.5,2021-03-03 16:15:00+00:00,12904.5,stop,-39.0,2.0,-41.0,38.5,-1.0649350649350648
-1,1,2021-03-03 16:59:00+00:00,2021-03-03 17:00:00+00:00,12892.75,12942.0,12794.25,2021-03-03 18:44:00+00:00,12794.25,objetivo,197.0,2.0,195.0,98.5,1.9796954314720812
1,1,2021-03-04 15:44:00+00:00,2021-03-04 15:45:00+00:00,12710.0,12584.25,12961.5,2021-03-04 17:26:00+00:00,12584.0,stop,-252.0,2.0,-254.0,251.5,-1.0099403578528827
-1,1,2021-03-04 17:29:00+00:00,2021-03-04 17:30:00+00:00,12605.5,12750.75,12315.0,2021-03-04 18:59:00+00:00,12315.0,objetivo,581.0,2.0,579.0,290.5,1.9931153184165233
1,1,2021-03-05 17:29:00+00:00,2021-03-05 17:30:00+00:00,12451.75,12329.25,12696.75,2021-03-05 20:39:00+00:00,12696.75,objetivo,490.0,2.0,488.0,245.0,1.9918367346938775
-1,1,2021-03-08 14:59:00+00:00,2021-03-08 15:00:00+00:00,12578.25,12698.75,12337.25,2021-03-08 15:30:00+00:00,12699.0,stop,-241.5,2.0,-243.5,241.0,-1.0103734439834025
-1,1,2021-03-08 16:14:00+00:00,2021-03-08 16:15:00+00:00,12597.75,12674.0,12445.25,2021-03-08 18:53:00+00:00,12445.25,objetivo,305.0,2.0,303.0,152.5,1.9868852459016393
1,1,2021-03-09 14:59:00+00:00,2021-03-09 15:00:00+00:00,12705.0,12602.25,12910.5,2021-03-09 20:55:00+00:00,12830.25,tiempo,250.5,2.0,248.5,205.5,1.2092457420924574
1,1,2021-03-11 14:59:00+00:00,2021-03-11 15:00:00+00:00,12965.5,12933.75,13029.0,2021-03-11 15:18:00+00:00,12933.5,stop,-64.0,2.0,-66.0,63.5,-1.0393700787401574
1,1,2021-03-11 15:44:00+00:00,2021-03-11 15:45:00+00:00,12998.75,12952.25,13091.75,2021-03-11 17:10:00+00:00,13091.75,objetivo,186.0,2.0,184.0,93.0,1.978494623655914
-1,1,2021-03-12 15:29:00+00:00,2021-03-12 15:30:00+00:00,12803.75,12871.5,12668.25,2021-03-12 16:52:00+00:00,12871.75,stop,-136.0,2.0,-138.0,135.5,-1.018450184501845
-1,1,2021-03-15 14:29:00+00:00,2021-03-15 14:30:00+00:00,12934.25,12987.0,12828.75,2021-03-15 15:12:00+00:00,12987.25,stop,-106.0,2.0,-108.0,105.5,-1.0236966824644549
-1,1,2021-03-15 15:29:00+00:00,2021-03-15 15:30:00+00:00,12914.5,12979.25,12785.0,2021-03-15 17:45:00+00:00,12979.5,stop,-130.0,2.0,-132.0,129.5,-1.0193050193050193
1,1,2021-03-18 13:59:00+00:00,2021-03-18 14:00:00+00:00,12995.25,12933.25,13119.25,2021-03-18 14:09:00+00:00,12933.0,stop,-124.5,2.0,-126.5,124.0,-1.0201612903225807
-1,1,2021-03-18 14:14:00+00:00,2021-03-18 14:15:00+00:00,12938.5,12995.5,12824.5,2021-03-18 16:09:00+00:00,12995.75,stop,-114.5,2.0,-116.5,114.0,-1.0219298245614035
1,1,2021-03-18 16:14:00+00:00,2021-03-18 16:15:00+00:00,13007.25,12942.5,13136.75,2021-03-18 16:46:00+00:00,12942.25,stop,-130.0,2.0,-132.0,129.5,-1.0193050193050193
1,1,2021-03-18 17:29:00+00:00,2021-03-18 17:30:00+00:00,12962.5,12918.5,13050.5,2021-03-18 18:15:00+00:00,12918.25,stop,-88.5,2.0,-90.5,88.0,-1.0284090909090908
1,1,2021-03-19 14:29:00+00:00,2021-03-19 14:30:00+00:00,12773.25,12715.5,12888.75,2021-03-19 17:49:00+00:00,12888.75,objetivo,231.0,2.0,229.0,115.5,1.9826839826839826
1,1,2021-03-22 13:59:00+00:00,2021-03-22 14:00:00+00:00,13008.5,12955.25,13115.0,2021-03-22 16:14:00+00:00,13115.0,objetivo,213.0,2.0,211.0,106.5,1.9812206572769953
1,1,2021-03-23 14:14:00+00:00,2021-03-23 14:15:00+00:00,13122.75,13065.0,13238.25,2021-03-23 14:34:00+00:00,13064.75,stop,-116.0,2.0,-118.0,115.5,-1.0216450216450217
-1,1,2021-03-23 14:44:00+00:00,2021-03-23 14:45:00+00:00,13069.0,13110.75,12985.5,2021-03-23 14:56:00+00:00,13111.0,stop,-84.0,2.0,-86.0,83.5,-1.029940119760479
1,1,2021-03-23 14:59:00+00:00,2021-03-23 15:00:00+00:00,13124.5,13065.75,13242.0,2021-03-23 18:06:00+00:00,13065.5,stop,-118.0,2.0,-120.0,117.5,-1.0212765957446808
1,1,2021-03-23 18:29:00+00:00,2021-03-23 18:30:00+00:00,13112.0,13078.0,13180.0,2021-03-23 18:50:00+00:00,13077.75,stop,-68.5,2.0,-70.5,68.0,-1.036764705882353
1,1,2021-03-24 14:59:00+00:00,2021-03-24 15:00:00+00:00,13003.25,12953.75,13102.25,2021-03-24 15:56:00+00:00,12953.5,stop,-99.5,2.0,-101.5,99.0,-1.0252525252525253
-1,1,2021-03-24 15:59:00+00:00,2021-03-24 16:00:00+00:00,12963.5,13006.75,12877.0,2021-03-24 17:15:00+00:00,12877.0,objetivo,173.0,2.0,171.0,86.5,1.976878612716763
-1,1,2021-03-25 14:29:00+00:00,2021-03-25 14:30:00+00:00,12743.0,12817.75,12593.5,2021-03-25 19:50:00+00:00,12818.0,stop,-150.0,2.0,-152.0,149.5,-1.0167224080267558
-1,1,2021-03-26 15:14:00+00:00,2021-03-26 15:15:00+00:00,12790.5,12829.75,12712.0,2021-03-26 15:45:00+00:00,12830.0,stop,-79.0,2.0,-81.0,78.5,-1.0318471337579618
-1,1,2021-03-26 17:44:00+00:00,2021-03-26 17:45:00+00:00,12815.25,12867.75,12710.25,2021-03-26 18:48:00+00:00,12710.25,objetivo,210.0,2.0,208.0,105.0,1.980952380952381
1,1,2021-03-29 14:44:00+00:00,2021-03-29 14:45:00+00:00,12895.0,12828.0,13029.0,2021-03-29 19:55:00+00:00,12938.75,tiempo,87.5,2.0,85.5,134.0,0.6380597014925373
1,1,2021-03-30 14:14:00+00:00,2021-03-30 14:15:00+00:00,12840.5,12811.0,12899.5,2021-03-30 14:18:00+00:00,12810.75,stop,-59.5,2.0,-61.5,59.0,-1.0423728813559323
-1,1,2021-03-30 14:29:00+00:00,2021-03-30 14:30:00+00:00,12822.75,12842.75,12782.75,2021-03-30 14:42:00+00:00,12843.0,stop,-40.5,2.0,-42.5,40.0,-1.0625
1,1,2021-03-30 14:44:00+00:00,2021-03-30 14:45:00+00:00,12869.75,12812.75,12983.75,2021-03-30 19:55:00+00:00,12856.5,tiempo,-26.5,2.0,-28.5,114.0,-0.25
-1,1,2021-04-01 15:14:00+00:00,2021-04-01 15:15:00+00:00,13284.0,13314.25,13223.5,2021-04-01 19:54:00+00:00,13314.5,stop,-61.0,2.0,-63.0,60.5,-1.0413223140495869
-1,1,2021-04-06 17:14:00+00:00,2021-04-06 17:15:00+00:00,13587.5,13618.5,13525.5,2021-04-06 19:55:00+00:00,13550.75,tiempo,73.5,2.0,71.5,62.0,1.153225806451613
-1,1,2021-04-07 15:44:00+00:00,2021-04-07 15:45:00+00:00,13575.5,13597.75,13531.0,2021-04-07 15:58:00+00:00,13598.0,stop,-45.0,2.0,-47.0,44.5,-1.0561797752808988
1,1,2021-04-07 15:59:00+00:00,2021-04-07 16:00:00+00:00,13599.0,13570.75,13655.5,2021-04-07 16:16:00+00:00,13570.5,stop,-57.0,2.0,-59.0,56.5,-1.0442477876106195
-1,1,2021-04-07 16:29:00+00:00,2021-04-07 16:30:00+00:00,13566.75,13597.0,13506.25,2021-04-07 17:53:00+00:00,13597.25,stop,-61.0,2.0,-63.0,60.5,-1.0413223140495869
1,1,2021-04-08 13:59:00+00:00,2021-04-08 14:00:00+00:00,13750.0,13704.25,13841.5,2021-04-08 14:12:00+00:00,13704.0,stop,-92.0,2.0,-94.0,91.5,-1.0273224043715847
-1,1,2021-04-08 14:14:00+00:00,2021-04-08 14:15:00+00:00,13703.0,13755.0,13599.0,2021-04-08 19:55:00+00:00,13741.0,tiempo,-76.0,2.0,-78.0,104.0,-0.75
-1,1,2021-04-09 14:59:00+00:00,2021-04-09 15:00:00+00:00,13710.0,13729.75,13670.5,2021-04-09 15:14:00+00:00,13730.0,stop,-40.0,2.0,-42.0,39.5,-1.0632911392405062
1,1,2021-04-09 15:14:00+00:00,2021-04-09 15:15:00+00:00,13728.5,13694.75,13796.0,2021-04-09 19:29:00+00:00,13796.0,objetivo,135.0,2.0,133.0,67.5,1.9703703703703703
1,1,2021-04-12 14:14:00+00:00,2021-04-12 14:15:00+00:00,13784.75,13766.75,13820.75,2021-04-12 14:32:00+00:00,13766.5,stop,-36.5,2.0,-38.5,36.0,-1.0694444444444444
1,1,2021-04-12 15:14:00+00:00,2021-04-12 15:15:00+00:00,13783.0,13772.25,13804.5,2021-04-12 15:15:00+00:00,13772.0,stop,-22.0,2.0,-24.0,21.5,-1.1162790697674418
-1,1,2021-04-12 15:44:00+00:00,2021-04-12 15:45:00+00:00,13774.75,13787.75,13748.75,2021-04-12 16:04:00+00:00,13788.0,stop,-26.5,2.0,-28.5,26.0,-1.0961538461538463
-1,1,2021-04-12 17:59:00+00:00,2021-04-12 18:00:00+00:00,13782.75,13801.5,13745.25,2021-04-12 18:07:00+00:00,13801.75,stop,-38.0,2.0,-40.0,37.5,-1.0666666666666667
1,1,2021-04-12 18:14:00+00:00,2021-04-12 18:15:00+00:00,13806.25,13779.5,13859.75,2021-04-12 18:52:00+00:00,13779.25,stop,-54.0,2.0,-56.0,53.5,-1.0467289719626167
-1,1,2021-04-12 18:59:00+00:00,2021-04-12 19:00:00+00:00,13783.0,13792.25,13764.5,2021-04-12 19:21:00+00:00,13792.5,stop,-19.0,2.0,-21.0,18.5,-1.135135135135135
-1,1,2021-04-13 14:59:00+00:00,2021-04-13 15:00:00+00:00,13918.75,13936.0,13884.25,2021-04-13 15:37:00+00:00,13884.25,objetivo,69.0,2.0,67.0,34.5,1.9420289855072463
1,1,2021-04-13 16:44:00+00:00,2021-04-13 16:45:00+00:00,13918.0,13910.5,13933.0,2021-04-13 16:55:00+00:00,13910.25,stop,-15.5,2.0,-17.5,15.0,-1.1666666666666667
-1,1,2021-04-13 16:59:00+00:00,2021-04-13 17:00:00+00:00,13903.75,13922.75,13865.75,2021-04-13 17:02:00+00:00,13923.0,stop,-38.5,2.0,-40.5,38.0,-1.0657894736842106
1,1,2021-04-13 17:14:00+00:00,2021-04-13 17:15:00+00:00,13926.5,13903.0,13973.5,2021-04-13 19:00:00+00:00,13973.5,objetivo,94.0,2.0,92.0,47.0,1.9574468085106382
-1,1,2021-04-14 14:14:00+00:00,2021-04-14 14:15:00+00:00,13953.5,13975.0,13910.5,2021-04-14 15:02:00+00:00,13910.5,objetivo,86.0,2.0,84.0,43.0,1.9534883720930232
-1,1,2021-04-15 13:59:00+00:00,2021-04-15 14:00:00+00:00,13955.5,13976.75,13913.0,2021-04-15 14:15:00+00:00,13977.0,stop,-43.0,2.0,-45.0,42.5,-1.0588235294117647
-1,1,2021-04-15 15:29:00+00:00,2021-04-15 15:30:00+00:00,13970.5,13998.25,13915.0,2021-04-15 16:37:00+00:00,13998.5,stop,-56.0,2.0,-58.0,55.5,-1.045045045045045
1,1,2021-04-16 14:14:00+00:00,2021-04-16 14:15:00+00:00,14012.5,13956.5,14124.5,2021-04-16 19:55:00+00:00,14032.0,tiempo,39.0,2.0,37.0,112.0,0.33035714285714285
-1,1,2021-04-19 14:14:00+00:00,2021-04-19 14:15:00+00:00,13908.25,14007.5,13709.75,2021-04-19 19:55:00+00:00,13871.25,tiempo,74.0,2.0,72.0,198.5,0.36272040302267
-1,1,2021-04-20 14:14:00+00:00,2021-04-20 14:15:00+00:00,13870.75,13914.5,13783.25,2021-04-20 15:16:00+00:00,13783.25,objetivo,175.0,2.0,173.0,87.5,1.977142857142857
1,1,2021-04-21 13:59:00+00:00,2021-04-21 14:00:00+00:00,13802.25,13722.25,13962.25,2021-04-21 19:55:00+00:00,13921.0,tiempo,237.5,2.0,235.5,160.0,1.471875
1,1,2021-04-22 14:14:00+00:00,2021-04-22 14:15:00+00:00,13887.0,13857.0,13947.0,2021-04-22 17:10:00+00:00,13856.75,stop,-60.5,2.0,-62.5,60.0,-1.0416666666666667
-1,1,2021-04-22 17:14:00+00:00,2021-04-22 17:15:00+00:00,13855.0,13941.75,13681.5,2021-04-22 19:55:00+00:00,13743.25,tiempo,223.5,2.0,221.5,173.5,1.276657060518732
1,1,2021-04-23 13:59:00+00:00,2021-04-23 14:00:00+00:00,13828.75,13785.75,13914.75,2021-04-23 15:25:00+00:00,13914.75,objetivo,172.0,2.0,170.0,86.0,1.9767441860465116
1,1,2021-04-27 15:59:00+00:00,2021-04-27 16:00:00+00:00,13964.5,13949.5,13994.5,2021-04-27 18:00:00+00:00,13949.25,stop,-30.5,2.0,-32.5,30.0,-1.0833333333333333
1,1,2021-04-27 18:29:00+00:00,2021-04-27 18:30:00+00:00,13965.5,13945.5,14005.5,2021-04-27 19:55:00+00:00,13964.0,tiempo,-3.0,2.0,-5.0,40.0,-0.125
-1,1,2021-04-28 14:44:00+00:00,2021-04-28 14:45:00+00:00,13923.25,13950.0,13869.75,2021-04-28 18:37:00+00:00,13950.25,stop,-54.0,2.0,-56.0,53.5,-1.0467289719626167
1,1,2021-04-28 18:44:00+00:00,2021-04-28 18:45:00+00:00,13972.5,13895.25,14127.0,2021-04-28 19:54:00+00:00,13895.0,stop,-155.0,2.0,-157.0,154.5,-1.0161812297734627
1,1,2021-04-29 18:14:00+00:00,2021-04-29 18:15:00+00:00,13938.5,13914.25,13987.0,2021-04-29 19:55:00+00:00,13952.25,tiempo,27.5,2.0,25.5,48.5,0.5257731958762887
-1,1,2021-04-30 14:59:00+00:00,2021-04-30 15:00:00+00:00,13898.75,13935.5,13825.25,2021-04-30 17:58:00+00:00,13825.25,objetivo,147.0,2.0,145.0,73.5,1.9727891156462585
1,1,2021-05-03 14:14:00+00:00,2021-05-03 14:15:00+00:00,13929.75,13858.5,14072.25,2021-05-03 14:52:00+00:00,13858.25,stop,-143.0,2.0,-145.0,142.5,-1.0175438596491229
-1,1,2021-05-05 13:59:00+00:00,2021-05-05 14:00:00+00:00,13596.25,13662.25,13464.25,2021-05-05 19:25:00+00:00,13464.25,objetivo,264.0,2.0,262.0,132.0,1.9848484848484849
-1,1,2021-05-06 13:59:00+00:00,2021-05-06 14:00:00+00:00,13427.25,13505.75,13270.25,2021-05-06 15:33:00+00:00,13506.0,stop,-157.5,2.0,-159.5,157.0,-1.015923566878981
-1,1,2021-05-06 18:29:00+00:00,2021-05-06 18:30:00+00:00,13475.75,13523.75,13379.75,2021-05-06 19:13:00+00:00,13524.0,stop,-96.5,2.0,-98.5,96.0,-1.0260416666666667
-1,1,2021-05-07 16:29:00+00:00,2021-05-07 16:30:00+00:00,13743.5,13771.75,13687.0,2021-05-07 17:56:00+00:00,13687.0,objetivo,113.0,2.0,111.0,56.5,1.9646017699115044
1,1,2021-05-10 16:14:00+00:00,2021-05-10 16:15:00+00:00,13533.75,13510.5,13580.25,2021-05-10 16:32:00+00:00,13510.25,stop,-47.0,2.0,-49.0,46.5,-1.053763440860215
-1,1,2021-05-11 14:29:00+00:00,2021-05-11 14:30:00+00:00,13168.25,13260.5,12983.75,2021-05-11 15:18:00+00:00,13260.75,stop,-185.0,2.0,-187.0,184.5,-1.013550135501355
-1,1,2021-05-12 13:59:00+00:00,2021-05-12 14:00:00+00:00,13157.25,13231.5,13008.75,2021-05-12 15:59:00+00:00,13008.75,objetivo,297.0,2.0,295.0,148.5,1.9865319865319866
1,1,2021-05-13 13:59:00+00:00,2021-05-13 14:00:00+00:00,13159.0,13086.75,13303.5,2021-05-13 15:43:00+00:00,13086.5,stop,-145.0,2.0,-147.0,144.5,-1.0173010380622838
1,1,2021-05-13 18:29:00+00:00,2021-05-13 18:30:00+00:00,13123.5,13101.0,13168.5,2021-05-13 19:44:00+00:00,13168.5,objetivo,90.0,2.0,88.0,45.0,1.9555555555555555
1,1,2021-05-14 13:59:00+00:00,2021-05-14 14:00:00+00:00,13267.5,13210.5,13381.5,2021-05-14 18:14:00+00:00,13381.5,objetivo,228.0,2.0,226.0,114.0,1.9824561403508771
-1,1,2021-05-17 13:59:00+00:00,2021-05-17 14:00:00+00:00,13284.75,13343.0,13168.25,2021-05-17 19:55:00+00:00,13289.25,tiempo,-9.0,2.0,-11.0,116.5,-0.0944206008583691
1,1,2021-05-18 14:14:00+00:00,2021-05-18 14:15:00+00:00,13348.25,13310.5,13423.75,2021-05-18 18:23:00+00:00,13310.25,stop,-76.0,2.0,-78.0,75.5,-1.033112582781457
1,1,2021-05-21 13:59:00+00:00,2021-05-21 14:00:00+00:00,13543.25,13484.5,13660.75,2021-05-21 14:18:00+00:00,13484.25,stop,-118.0,2.0,-120.0,117.5,-1.0212765957446808
1,1,2021-05-25 14:59:00+00:00,2021-05-25 15:00:00+00:00,13680.25,13662.75,13715.25,2021-05-25 15:03:00+00:00,13662.5,stop,-35.5,2.0,-37.5,35.0,-1.0714285714285714
-1,1,2021-05-25 15:14:00+00:00,2021-05-25 15:15:00+00:00,13663.5,13683.75,13623.0,2021-05-25 15:31:00+00:00,13623.0,objetivo,81.0,2.0,79.0,40.5,1.9506172839506173
1,1,2021-05-26 14:29:00+00:00,2021-05-26 14:30:00+00:00,13697.0,13657.25,13776.5,2021-05-26 19:55:00+00:00,13685.5,tiempo,-23.0,2.0,-25.0,79.5,-0.31446540880503143
1,1,2021-05-27 14:14:00+00:00,2021-05-27 14:15:00+00:00,13680.5,13646.25,13749.0,2021-05-27 19:55:00+00:00,13665.5,tiempo,-30.0,2.0,-32.0,68.5,-0.46715328467153283
-1,1,2021-05-28 14:29:00+00:00,2021-05-28 14:30:00+00:00,13697.5,13728.25,13636.0,2021-05-28 14:41:00+00:00,13728.5,stop,-62.0,2.0,-64.0,61.5,-1.0406504065040652
1,1,2021-05-28 14:44:00+00:00,2021-05-28 14:45:00+00:00,13724.75,13697.25,13779.75,2021-05-28 19:54:00+00:00,13697.0,stop,-55.5,2.0,-57.5,55.0,-1.0454545454545454
1,1,2021-05-31 13:59:00+00:00,2021-05-31 14:00:00+00:00,13673.0,13666.5,13686.0,2021-05-31 14:22:00+00:00,13666.25,stop,-13.5,2.0,-15.5,13.0,-1.1923076923076923
1,1,2021-05-31 15:59:00+00:00,2021-05-31 16:00:00+00:00,13671.0,13666.5,13680.0,2021-05-31 16:26:00+00:00,13666.25,stop,-9.5,2.0,-11.5,9.0,-1.2777777777777777
-1,1,2021-05-31 16:29:00+00:00,2021-05-31 16:30:00+00:00,13658.0,13674.0,13626.0,2021-05-31 16:59:00+00:00,13655.0,fin_de_datos,6.0,2.0,4.0,32.0,0.125
-1,1,2021-06-01 13:59:00+00:00,2021-06-01 14:00:00+00:00,13722.25,13761.5,13643.75,2021-06-01 14:15:00+00:00,13643.75,objetivo,157.0,2.0,155.0,78.5,1.9745222929936306
1,1,2021-06-01 18:44:00+00:00,2021-06-01 18:45:00+00:00,13685.75,13664.5,13728.25,2021-06-01 19:32:00+00:00,13664.25,stop,-43.0,2.0,-45.0,42.5,-1.0588235294117647
-1,1,2021-06-02 13:59:00+00:00,2021-06-02 14:00:00+00:00,13678.75,13708.5,13619.25,2021-06-02 14:40:00+00:00,13708.75,stop,-60.0,2.0,-62.0,59.5,-1.0420168067226891
-1,1,2021-06-02 16:29:00+00:00,2021-06-02 16:30:00+00:00,13663.5,13695.5,13599.5,2021-06-02 19:55:00+00:00,13661.75,tiempo,3.5,2.0,1.5,64.0,0.0234375
1,1,2021-06-03 14:14:00+00:00,2021-06-03 14:15:00+00:00,13544.75,13489.0,13656.25,2021-06-03 14:40:00+00:00,13488.75,stop,-112.0,2.0,-114.0,111.5,-1.0224215246636772
1,1,2021-06-03 14:59:00+00:00,2021-06-03 15:00:00+00:00,13579.0,13481.5,13774.0,2021-06-03 19:55:00+00:00,13525.0,tiempo,-108.0,2.0,-110.0,195.0,-0.5641025641025641
1,1,2021-06-07 13:59:00+00:00,2021-06-07 14:00:00+00:00,13755.0,13726.25,13812.5,2021-06-07 14:12:00+00:00,13726.0,stop,-58.0,2.0,-60.0,57.5,-1.0434782608695652
-1,1,2021-06-07 14:14:00+00:00,2021-06-07 14:15:00+00:00,13732.5,13757.25,13683.0,2021-06-07 16:10:00+00:00,13757.5,stop,-50.0,2.0,-52.0,49.5,-1.0505050505050506
-1,1,2021-06-07 17:59:00+00:00,2021-06-07 18:00:00+00:00,13738.75,13748.25,13719.75,2021-06-07 18:05:00+00:00,13748.5,stop,-19.5,2.0,-21.5,19.0,-1.131578947368421
1,1,2021-06-07 18:14:00+00:00,2021-06-07 18:15:00+00:00,13756.5,13737.75,13794.0,2021-06-07 19:16:00+00:00,13794.0,objetivo,75.0,2.0,73.0,37.5,1.9466666666666668
-1,1,2021-06-08 13:59:00+00:00,2021-06-08 14:00:00+00:00,13839.25,13916.25,13685.25,2021-06-08 19:55:00+00:00,13813.5,tiempo,51.5,2.0,49.5,154.0,0.32142857142857145
-1,1,2021-06-09 13:59:00+00:00,2021-06-09 14:00:00+00:00,13872.25,13904.25,13808.25,2021-06-09 19:55:00+00:00,13819.75,tiempo,105.0,2.0,103.0,64.0,1.609375
-1,1,2021-06-10 14:44:00+00:00,2021-06-10 14:45:00+00:00,13901.25,13945.5,13812.75,2021-06-10 17:01:00+00:00,13945.75,stop,-89.0,2.0,-91.0,88.5,-1.0282485875706215
-1,1,2021-06-11 14:44:00+00:00,2021-06-11 14:45:00+00:00,13952.0,13982.25,13891.5,2021-06-11 18:39:00+00:00,13982.5,stop,-61.0,2.0,-63.0,60.5,-1.0413223140495869
-1,1,2021-06-17 16:29:00+00:00,2021-06-17 16:30:00+00:00,14074.5,14139.25,13945.0,2021-06-17 17:07:00+00:00,14139.5,stop,-130.0,2.0,-132.0,129.5,-1.0193050193050193
-1,1,2021-06-18 14:59:00+00:00,2021-06-18 15:00:00+00:00,14075.75,14114.75,13997.75,2021-06-18 19:55:00+00:00,14078.0,tiempo,-4.5,2.0,-6.5,78.0,-0.08333333333333333
1,1,2021-06-22 13:59:00+00:00,2021-06-22 14:00:00+00:00,14143.25,14114.75,14200.25,2021-06-22 15:24:00+00:00,14200.25,objetivo,114.0,2.0,112.0,57.0,1.9649122807017543
-1,1,2021-06-23 14:44:00+00:00,2021-06-23 14:45:00+00:00,14282.25,14300.75,14245.25,2021-06-23 16:38:00+00:00,14245.25,objetivo,74.0,2.0,72.0,37.0,1.945945945945946
1,1,2021-06-23 17:29:00+00:00,2021-06-23 17:30:00+00:00,14282.0,14270.75,14304.5,2021-06-23 17:48:00+00:00,14270.5,stop,-23.0,2.0,-25.0,22.5,-1.1111111111111112
1,1,2021-06-23 17:59:00+00:00,2021-06-23 18:00:00+00:00,14281.5,14270.25,14304.0,2021-06-23 18:15:00+00:00,14270.0,stop,-23.0,2.0,-25.0,22.5,-1.1111111111111112
1,1,2021-06-23 18:44:00+00:00,2021-06-23 18:45:00+00:00,14281.25,14264.5,14314.75,2021-06-23 19:48:00+00:00,14264.25,stop,-34.0,2.0,-36.0,33.5,-1.0746268656716418
-1,1,2021-06-24 16:59:00+00:00,2021-06-24 17:00:00+00:00,14369.5,14400.75,14307.0,2021-06-24 19:55:00+00:00,14357.25,tiempo,24.5,2.0,22.5,62.5,0.36
-1,1,2021-06-25 13:59:00+00:00,2021-06-25 14:00:00+00:00,14341.0,14388.0,14247.0,2021-06-25 19:55:00+00:00,14325.75,tiempo,30.5,2.0,28.5,94.0,0.30319148936170215
-1,1,2021-06-28 17:29:00+00:00,2021-06-28 17:30:00+00:00,14459.75,14471.75,14435.75,2021-06-28 17:46:00+00:00,14472.0,stop,-24.5,2.0,-26.5,24.0,-1.1041666666666667
-1,1,2021-06-29 14:14:00+00:00,2021-06-29 14:15:00+00:00,14492.5,14520.0,14437.5,2021-06-29 14:46:00+00:00,14520.25,stop,-55.5,2.0,-57.5,55.0,-1.0454545454545454
-1,1,2021-06-29 15:14:00+00:00,2021-06-29 15:15:00+00:00,14501.75,14518.25,14468.75,2021-06-29 15:44:00+00:00,14518.5,stop,-33.5,2.0,-35.5,33.0,-1.0757575757575757
-1,1,2021-06-30 13:59:00+00:00,2021-06-30 14:00:00+00:00,14535.0,14572.5,14460.0,2021-06-30 15:00:00+00:00,14572.75,stop,-75.5,2.0,-77.5,75.0,-1.0333333333333334
-1,1,2021-06-30 15:29:00+00:00,2021-06-30 15:30:00+00:00,14549.0,14560.0,14527.0,2021-06-30 16:19:00+00:00,14560.25,stop,-22.5,2.0,-24.5,22.0,-1.1136363636363635
-1,1,2021-06-30 16:29:00+00:00,2021-06-30 16:30:00+00:00,14527.0,14560.0,14461.0,2021-06-30 19:34:00+00:00,14560.25,stop,-66.5,2.0,-68.5,66.0,-1.0378787878787878
-1,1,2021-07-01 13:59:00+00:00,2021-07-01 14:00:00+00:00,14542.25,14570.0,14486.75,2021-07-01 15:12:00+00:00,14486.75,objetivo,111.0,2.0,109.0,55.5,1.9639639639639639
1,1,2021-07-01 17:44:00+00:00,2021-07-01 17:45:00+00:00,14528.25,14500.75,14583.25,2021-07-01 19:55:00+00:00,14538.25,tiempo,20.0,2.0,18.0,55.0,0.32727272727272727
-1,1,2021-07-02 14:29:00+00:00,2021-07-02 14:30:00+00:00,14647.25,14658.75,14624.25,2021-07-02 15:44:00+00:00,14659.0,stop,-23.5,2.0,-25.5,23.0,-1.108695652173913
1,1,2021-07-02 15:44:00+00:00,2021-07-02 15:45:00+00:00,14660.0,14634.0,14712.0,2021-07-02 19:37:00+00:00,14712.0,objetivo,104.0,2.0,102.0,52.0,1.9615384615384615
1,1,2021-07-05 14:14:00+00:00,2021-07-05 14:15:00+00:00,14700.25,14693.0,14714.75,2021-07-05 15:42:00+00:00,14692.75,stop,-15.0,2.0,-17.0,14.5,-1.1724137931034482
1,1,2021-07-06 14:14:00+00:00,2021-07-06 14:15:00+00:00,14786.25,14752.25,14854.25,2021-07-06 14:32:00+00:00,14752.0,stop,-68.5,2.0,-70.5,68.0,-1.036764705882353
-1,1,2021-07-06 14:44:00+00:00,2021-07-06 14:45:00+00:00,14745.75,14771.75,14693.75,2021-07-06 16:07:00+00:00,14693.75,objetivo,104.0,2.0,102.0,52.0,1.9615384615384615
1,1,2021-07-06 17:44:00+00:00,2021-07-06 17:45:00+00:00,14734.75,14711.75,14780.75,2021-07-06 19:40:00+00:00,14780.75,objetivo,92.0,2.0,90.0,46.0,1.9565217391304348
-1,1,2021-07-07 13:59:00+00:00,2021-07-07 14:00:00+00:00,14835.75,14853.0,14801.25,2021-07-07 14:05:00+00:00,14801.25,objetivo,69.0,2.0,67.0,34.5,1.9420289855072463
1,1,2021-07-07 14:14:00+00:00,2021-07-07 14:15:00+00:00,14834.5,14793.0,14917.5,2021-07-07 14:29:00+00:00,14792.75,stop,-83.5,2.0,-85.5,83.0,-1.0301204819277108
-1,1,2021-07-07 14:29:00+00:00,2021-07-07 14:30:00+00:00,14789.75,14846.25,14676.75,2021-07-07 19:55:00+00:00,14806.25,tiempo,-33.0,2.0,-35.0,113.0,-0.30973451327433627
1,1,2021-07-08 13:59:00+00:00,2021-07-08 14:00:00+00:00,14638.0,14540.5,14833.0,2021-07-08 19:55:00+00:00,14688.25,tiempo,100.5,2.0,98.5,195.0,0.5051282051282051
1,1,2021-07-12 14:44:00+00:00,2021-07-12 14:45:00+00:00,14840.75,14817.25,14887.75,2021-07-12 19:55:00+00:00,14866.25,tiempo,51.0,2.0,49.0,47.0,1.0425531914893618
-1,1,2021-07-13 17:29:00+00:00,2021-07-13 17:30:00+00:00,14905.5,14947.75,14821.0,2021-07-13 19:55:00+00:00,14865.25,tiempo,80.5,2.0,78.5,84.5,0.9289940828402367
1,1,2021-07-14 14:14:00+00:00,2021-07-14 14:15:00+00:00,14984.25,14943.5,15065.75,2021-07-14 14:36:00+00:00,14943.25,stop,-82.0,2.0,-84.0,81.5,-1.030674846625767
1,1,2021-07-14 14:44:00+00:00,2021-07-14 14:45:00+00:00,14967.75,14937.25,15028.75,2021-07-14 15:27:00+00:00,14937.0,stop,-61.5,2.0,-63.5,61.0,-1.040983606557377
1,1,2021-07-15 13:59:00+00:00,2021-07-15 14:00:00+00:00,14892.75,14807.25,15063.75,2021-07-15 14:28:00+00:00,14807.0,stop,-171.5,2.0,-173.5,171.0,-1.0146198830409356
-1,1,2021-07-15 14:29:00+00:00,2021-07-15 14:30:00+00:00,14804.5,14882.75,14648.0,2021-07-15 19:55:00+00:00,14781.0,tiempo,47.0,2.0,45.0,156.5,0.28753993610223644
1,1,2021-07-16 17:14:00+00:00,2021-07-16 17:15:00+00:00,14776.0,14755.0,14818.0,2021-07-16 17:30:00+00:00,14754.75,stop,-42.5,2.0,-44.5,42.0,-1.0595238095238095
-1,1,2021-07-19 13:59:00+00:00,2021-07-19 14:00:00+00:00,14483.25,14573.5,14302.75,2021-07-19 15:33:00+00:00,14573.75,stop,-181.0,2.0,-183.0,180.5,-1.0138504155124655
-1,1,2021-07-19 16:29:00+00:00,2021-07-19 16:30:00+00:00,14511.5,14536.75,14461.0,2021-07-19 16:50:00+00:00,14461.0,objetivo,101.0,2.0,99.0,50.5,1.9603960396039604
1,1,2021-07-19 18:29:00+00:00,2021-07-19 18:30:00+00:00,14514.75,14490.5,14563.25,2021-07-19 18:33:00+00:00,14490.25,stop,-49.0,2.0,-51.0,48.5,-1.0515463917525774
-1,1,2021-07-19 18:44:00+00:00,2021-07-19 18:45:00+00:00,14471.0,14518.25,14376.5,2021-07-19 19:54:00+00:00,14518.5,stop,-95.0,2.0,-97.0,94.5,-1.0264550264550265
1,1,2021-07-20 13:59:00+00:00,2021-07-20 14:00:00+00:00,14586.0,14532.0,14694.0,2021-07-20 15:42:00+00:00,14694.0,objetivo,216.0,2.0,214.0,108.0,1.9814814814814814
-1,1,2021-07-21 16:59:00+00:00,2021-07-21 17:00:00+00:00,14744.0,14766.0,14700.0,2021-07-21 17:21:00+00:00,14766.25,stop,-44.5,2.0,-46.5,44.0,-1.0568181818181819
-1,1,2021-07-22 16:14:00+00:00,2021-07-22 16:15:00+00:00,14867.5,14909.5,14783.5,2021-07-22 17:31:00+00:00,14909.75,stop,-84.5,2.0,-86.5,84.0,-1.0297619047619047
1,1,2021-07-23 13:59:00+00:00,2021-07-23 14:00:00+00:00,14976.75,14948.0,15034.25,2021-07-23 15:17:00+00:00,15034.25,objetivo,115.0,2.0,113.0,57.5,1.9652173913043478
-1,1,2021-07-26 16:44:00+00:00,2021-07-26 16:45:00+00:00,15089.0,15109.75,15047.5,2021-07-26 17:14:00+00:00,15110.0,stop,-42.0,2.0,-44.0,41.5,-1.0602409638554218
1,1,2021-07-27 18:59:00+00:00,2021-07-27 19:00:00+00:00,14920.0,14882.75,14994.5,2021-07-27 19:55:00+00:00,14920.25,tiempo,0.5,2.0,-1.5,74.5,-0.020134228187919462
1,1,2021-07-28 13:59:00+00:00,2021-07-28 14:00:00+00:00,14978.75,14904.25,15127.75,2021-07-28 19:55:00+00:00,15017.0,tiempo,76.5,2.0,74.5,149.0,0.5
-1,1,2021-07-29 14:14:00+00:00,2021-07-29 14:15:00+00:00,15027.0,15064.0,14953.0,2021-07-29 14:29:00+00:00,15064.25,stop,-74.5,2.0,-76.5,74.0,-1.0337837837837838
1,1,2021-07-29 14:29:00+00:00,2021-07-29 14:30:00+00:00,15064.75,15024.75,15144.75,2021-07-29 19:55:00+00:00,15038.75,tiempo,-52.0,2.0,-54.0,80.0,-0.675
-1,1,2021-07-30 14:59:00+00:00,2021-07-30 15:00:00+00:00,14930.75,14957.0,14878.25,2021-07-30 16:18:00+00:00,14957.25,stop,-53.0,2.0,-55.0,52.5,-1.0476190476190477
-1,1,2021-07-30 18:44:00+00:00,2021-07-30 18:45:00+00:00,14936.75,14949.0,14912.25,2021-07-30 18:50:00+00:00,14949.25,stop,-25.0,2.0,-27.0,24.5,-1.1020408163265305
1,1,2021-07-30 18:59:00+00:00,2021-07-30 19:00:00+00:00,14954.5,14937.0,14989.5,2021-07-30 19:55:00+00:00,14942.25,tiempo,-24.5,2.0,-26.5,35.0,-0.7571428571428571
1,1,2021-08-02 14:14:00+00:00,2021-08-02 14:15:00+00:00,14999.0,14942.75,15111.5,2021-08-02 19:40:00+00:00,14942.5,stop,-113.0,2.0,-115.0,112.5,-1.0222222222222221
-1,1,2021-08-03 13:59:00+00:00,2021-08-03 14:00:00+00:00,14904.5,15008.75,14696.0,2021-08-03 15:57:00+00:00,15009.0,stop,-209.0,2.0,-211.0,208.5,-1.0119904076738608
-1,1,2021-08-04 14:14:00+00:00,2021-08-04 14:15:00+00:00,15029.5,15063.0,14962.5,2021-08-04 16:12:00+00:00,15063.25,stop,-67.5,2.0,-69.5,67.0,-1.037313432835821
1,1,2021-08-06 15:59:00+00:00,2021-08-06 16:00:00+00:00,15103.5,15071.25,15168.0,2021-08-06 19:55:00+00:00,15089.5,tiempo,-28.0,2.0,-30.0,64.5,-0.46511627906976744
1,1,2021-08-09 13:59:00+00:00,2021-08-09 14:00:00+00:00,15109.75,15087.25,15154.75,2021-08-09 14:05:00+00:00,15087.0,stop,-45.5,2.0,-47.5,45.0,-1.0555555555555556
-1,1,2021-08-09 14:59:00+00:00,2021-08-09 15:00:00+00:00,15107.5,15122.0,15078.5,2021-08-09 15:03:00+00:00,15122.25,stop,-29.5,2.0,-31.5,29.0,-1.0862068965517242
1,1,2021-08-09 15:29:00+00:00,2021-08-09 15:30:00+00:00,15114.0,15089.75,15162.5,2021-08-09 19:55:00+00:00,15119.0,tiempo,10.0,2.0,8.0,48.5,0.16494845360824742
-1,1,2021-08-10 14:14:00+00:00,2021-08-10 14:15:00+00:00,15126.25,15157.25,15064.25,2021-08-10 14:32:00+00:00,15064.25,objetivo,124.0,2.0,122.0,62.0,1.967741935483871
1,1,2021-08-12 13:59:00+00:00,2021-08-12 14:00:00+00:00,14975.25,14946.5,15032.75,2021-08-12 14:03:00+00:00,14946.25,stop,-58.0,2.0,-60.0,57.5,-1.0434782608695652
1,1,2021-08-13 13:59:00+00:00,2021-08-13 14:00:00+00:00,15099.75,15074.5,15150.25,2021-08-13 19:55:00+00:00,15116.25,tiempo,33.0,2.0,31.0,50.5,0.6138613861386139
1,1,2021-08-16 15:44:00+00:00,2021-08-16 15:45:00+00:00,14998.5,14953.5,15088.5,2021-08-16 18:09:00+00:00,15088.5,objetivo,180.0,2.0,178.0,90.0,1.9777777777777779
-1,1,2021-08-17 13:59:00+00:00,2021-08-17 14:00:00+00:00,14976.25,15042.25,14844.25,2021-08-17 14:43:00+00:00,15042.5,stop,-132.5,2.0,-134.5,132.0,-1.018939393939394
-1,1,2021-08-17 15:29:00+00:00,2021-08-17 15:30:00+00:00,14982.5,15019.0,14909.5,2021-08-17 16:47:00+00:00,14909.5,objetivo,146.0,2.0,144.0,73.0,1.9726027397260273
1,1,2021-08-17 18:59:00+00:00,2021-08-17 19:00:00+00:00,14979.0,14947.25,15042.5,2021-08-17 19:55:00+00:00,14979.25,tiempo,0.5,2.0,-1.5,63.5,-0.023622047244094488
1,1,2021-08-18 13:59:00+00:00,2021-08-18 14:00:00+00:00,15023.75,14988.0,15095.25,2021-08-18 14:43:00+00:00,14987.75,stop,-72.0,2.0,-74.0,71.5,-1.034965034965035
-1,1,2021-08-18 14:44:00+00:00,2021-08-18 14:45:00+00:00,14993.25,15027.25,14925.25,2021-08-18 18:04:00+00:00,15027.5,stop,-68.5,2.0,-70.5,68.0,-1.036764705882353
1,1,2021-08-18 18:29:00+00:00,2021-08-18 18:30:00+00:00,14994.0,14925.0,15132.0,2021-08-18 19:32:00+00:00,14924.75,stop,-138.5,2.0,-140.5,138.0,-1.0181159420289856
1,1,2021-08-19 14:14:00+00:00,2021-08-19 14:15:00+00:00,14853.75,14800.75,14959.75,2021-08-19 15:45:00+00:00,14959.75,objetivo,212.0,2.0,210.0,106.0,1.9811320754716981
-1,1,2021-08-19 18:29:00+00:00,2021-08-19 18:30:00+00:00,14879.0,14927.5,14782.0,2021-08-19 18:55:00+00:00,14927.75,stop,-97.5,2.0,-99.5,97.0,-1.0257731958762886
-1,1,2021-08-20 15:44:00+00:00,2021-08-20 15:45:00+00:00,15031.0,15069.0,14955.0,2021-08-20 16:47:00+00:00,15069.25,stop,-76.5,2.0,-78.5,76.0,-1.0328947368421053
-1,1,2021-08-24 13:59:00+00:00,2021-08-24 14:00:00+00:00,15332.25,15350.25,15296.25,2021-08-24 14:03:00+00:00,15350.5,stop,-36.5,2.0,-38.5,36.0,-1.0694444444444444
1,1,2021-08-24 14:14:00+00:00,2021-08-24 14:15:00+00:00,15353.25,15323.0,15413.75,2021-08-24 19:55:00+00:00,15348.25,tiempo,-10.0,2.0,-12.0,60.5,-0.19834710743801653
-1,1,2021-08-25 13:59:00+00:00,2021-08-25 14:00:00+00:00,15377.0,15390.0,15351.0,2021-08-25 14:32:00+00:00,15351.0,objetivo,52.0,2.0,50.0,26.0,1.9230769230769231
1,1,2021-08-25 16:59:00+00:00,2021-08-25 17:00:00+00:00,15369.75,15354.75,15399.75,2021-08-25 17:08:00+00:00,15354.5,stop,-30.5,2.0,-32.5,30.0,-1.0833333333333333
-1,1,2021-08-25 17:14:00+00:00,2021-08-25 17:15:00+00:00,15353.0,15370.25,15318.5,2021-08-25 19:32:00+00:00,15370.5,stop,-35.0,2.0,-37.0,34.5,-1.0724637681159421
-1,1,2021-08-26 13:59:00+00:00,2021-08-26 14:00:00+00:00,15334.5,15362.25,15279.0,2021-08-26 14:06:00+00:00,15362.5,stop,-56.0,2.0,-58.0,55.5,-1.045045045045045
1,1,2021-08-26 15:29:00+00:00,2021-08-26 15:30:00+00:00,15318.5,15306.0,15343.5,2021-08-26 15:32:00+00:00,15305.75,stop,-25.5,2.0,-27.5,25.0,-1.1
-1,1,2021-08-26 15:44:00+00:00,2021-08-26 15:45:00+00:00,15301.5,15325.25,15254.0,2021-08-26 16:00:00+00:00,15325.5,stop,-48.0,2.0,-50.0,47.5,-1.0526315789473684
-1,1,2021-08-26 17:29:00+00:00,2021-08-26 17:30:00+00:00,15317.0,15337.0,15277.0,2021-08-26 19:05:00+00:00,15277.0,objetivo,80.0,2.0,78.0,40.0,1.95
1,1,2021-08-27 14:14:00+00:00,2021-08-27 14:15:00+00:00,15395.75,15280.0,15627.25,2021-08-27 19:55:00+00:00,15429.75,tiempo,68.0,2.0,66.0,231.5,0.28509719222462204
1,1,2021-08-31 14:29:00+00:00,2021-08-31 14:30:00+00:00,15549.75,15524.75,15599.75,2021-08-31 18:59:00+00:00,15599.75,objetivo,100.0,2.0,98.0,50.0,1.96
-1,1,2021-09-01 18:29:00+00:00,2021-09-01 18:30:00+00:00,15664.0,15678.0,15636.0,2021-09-01 18:35:00+00:00,15636.0,objetivo,56.0,2.0,54.0,28.0,1.9285714285714286
1,1,2021-09-02 15:29:00+00:00,2021-09-02 15:30:00+00:00,15652.0,15639.0,15678.0,2021-09-02 15:46:00+00:00,15638.75,stop,-26.5,2.0,-28.5,26.0,-1.0961538461538463
-1,1,2021-09-06 15:44:00+00:00,2021-09-06 15:45:00+00:00,15699.75,15702.25,15694.75,2021-09-06 16:29:00+00:00,15694.75,objetivo,10.0,2.0,8.0,5.0,1.6
-1,1,2021-09-07 14:14:00+00:00,2021-09-07 14:15:00+00:00,15621.75,15645.0,15575.25,2021-09-07 14:32:00+00:00,15645.25,stop,-47.0,2.0,-49.0,46.5,-1.053763440860215
1,1,2021-09-07 14:44:00+00:00,2021-09-07 14:45:00+00:00,15664.0,15629.5,15733.0,2021-09-07 19:55:00+00:00,15678.75,tiempo,29.5,2.0,27.5,69.0,0.39855072463768115
1,1,2021-09-08 13:59:00+00:00,2021-09-08 14:00:00+00:00,15635.25,15612.0,15681.75,2021-09-08 14:32:00+00:00,15611.75,stop,-47.0,2.0,-49.0,46.5,-1.053763440860215
1,1,2021-09-08 16:29:00+00:00,2021-09-08 16:30:00+00:00,15600.0,15575.75,15648.5,2021-09-08 17:00:00+00:00,15575.5,stop,-49.0,2.0,-51.0,48.5,-1.0515463917525774
1,1,2021-09-08 17:29:00+00:00,2021-09-08 17:30:00+00:00,15601.5,15579.75,15645.0,2021-09-08 19:55:00+00:00,15612.75,tiempo,22.5,2.0,20.5,43.5,0.47126436781609193
-1,1,2021-09-09 14:44:00+00:00,2021-09-09 14:45:00+00:00,15650.0,15665.75,15618.5,2021-09-09 15:26:00+00:00,15618.5,objetivo,63.0,2.0,61.0,31.5,1.9365079365079365
1,1,2021-09-10 13:59:00+00:00,2021-09-10 14:00:00+00:00,15656.0,15641.5,15685.0,2021-09-10 14:02:00+00:00,15641.25,stop,-29.5,2.0,-31.5,29.0,-1.0862068965517242
-1,1,2021-09-10 14:14:00+00:00,2021-09-10 14:15:00+00:00,15621.25,15657.0,15549.75,2021-09-10 15:29:00+00:00,15549.75,objetivo,143.0,2.0,141.0,71.5,1.972027972027972
1,1,2021-09-10 17:14:00+00:00,2021-09-10 17:15:00+00:00,15605.0,15582.75,15649.5,2021-09-10 17:30:00+00:00,15582.5,stop,-45.0,2.0,-47.0,44.5,-1.0561797752808988
1,1,2021-09-13 16:59:00+00:00,2021-09-13 17:00:00+00:00,15442.75,15408.25,15511.75,2021-09-13 17:28:00+00:00,15408.0,stop,-69.5,2.0,-71.5,69.0,-1.036231884057971
-1,1,2021-09-13 17:29:00+00:00,2021-09-13 17:30:00+00:00,15405.5,15435.5,15345.5,2021-09-13 19:55:00+00:00,15425.5,tiempo,-40.0,2.0,-42.0,60.0,-0.7
1,1,2021-09-14 15:29:00+00:00,2021-09-14 15:30:00+00:00,15451.25,15431.5,15490.75,2021-09-14 16:01:00+00:00,15490.75,objetivo,79.0,2.0,77.0,39.5,1.9493670886075949
-1,1,2021-09-14 16:44:00+00:00,2021-09-14 16:45:00+00:00,15429.5,15462.25,15364.0,2021-09-14 18:37:00+00:00,15364.0,objetivo,131.0,2.0,129.0,65.5,1.9694656488549618
1,1,2021-09-16 15:59:00+00:00,2021-09-16 16:00:00+00:00,15404.75,15380.5,15453.25,2021-09-16 17:53:00+00:00,15453.25,objetivo,97.0,2.0,95.0,48.5,1.958762886597938
-1,1,2021-09-20 14:14:00+00:00,2021-09-20 14:15:00+00:00,15061.25,15111.25,14961.25,2021-09-20 15:55:00+00:00,14961.25,objetivo,200.0,2.0,198.0,100.0,1.98
-1,1,2021-09-21 13:59:00+00:00,2021-09-21 14:00:00+00:00,15067.25,15131.75,14938.25,2021-09-21 19:55:00+00:00,15040.25,tiempo,54.0,2.0,52.0,129.0,0.40310077519379844
1,1,2021-09-22 13:59:00+00:00,2021-09-22 14:00:00+00:00,15077.0,15018.0,15195.0,2021-09-22 15:50:00+00:00,15195.0,objetivo,236.0,2.0,234.0,118.0,1.9830508474576272
-1,1,2021-09-22 18:59:00+00:00,2021-09-22 19:00:00+00:00,15123.25,15157.0,15055.75,2021-09-22 19:10:00+00:00,15157.25,stop,-68.0,2.0,-70.0,67.5,-1.037037037037037
-1,1,2021-09-23 15:44:00+00:00,2021-09-23 15:45:00+00:00,15279.25,15304.75,15228.25,2021-09-23 15:55:00+00:00,15305.0,stop,-51.5,2.0,-53.5,51.0,-1.0490196078431373
1,1,2021-09-23 15:59:00+00:00,2021-09-23 16:00:00+00:00,15314.25,15276.25,15390.25,2021-09-23 19:55:00+00:00,15314.75,tiempo,1.0,2.0,-1.0,76.0,-0.013157894736842105
-1,1,2021-09-24 14:14:00+00:00,2021-09-24 14:15:00+00:00,15218.5,15262.75,15130.0,2021-09-24 16:13:00+00:00,15263.0,stop,-89.0,2.0,-91.0,88.5,-1.0282485875706215
1,1,2021-09-27 14:14:00+00:00,2021-09-27 14:15:00+00:00,15143.5,15100.75,15229.0,2021-09-27 19:14:00+00:00,15229.0,objetivo,171.0,2.0,169.0,85.5,1.976608187134503
1,1,2021-09-28 18:59:00+00:00,2021-09-28 19:00:00+00:00,14845.25,14830.0,14875.75,2021-09-28 19:02:00+00:00,14829.75,stop,-31.0,2.0,-33.0,30.5,-1.0819672131147542
1,1,2021-09-29 13:59:00+00:00,2021-09-29 14:00:00+00:00,14883.25,14790.5,15068.75,2021-09-29 15:35:00+00:00,14790.25,stop,-186.0,2.0,-188.0,185.5,-1.013477088948787
1,1,2021-09-29 18:14:00+00:00,2021-09-29 18:15:00+00:00,14842.75,14758.0,15012.25,2021-09-29 19:50:00+00:00,14757.75,stop,-170.0,2.0,-172.0,169.5,-1.0147492625368733
1,1,2021-09-30 15:29:00+00:00,2021-09-30 15:30:00+00:00,14830.75,14803.0,14886.25,2021-09-30 15:34:00+00:00,14802.75,stop,-56.0,2.0,-58.0,55.5,-1.045045045045045
-1,1,2021-09-30 15:44:00+00:00,2021-09-30 15:45:00+00:00,14754.5,14832.25,14599.0,2021-09-30 19:55:00+00:00,14707.5,tiempo,94.0,2.0,92.0,155.5,0.5916398713826366
1,1,2021-10-01 14:59:00+00:00,2021-10-01 15:00:00+00:00,14621.0,14542.0,14779.0,2021-10-01 18:53:00+00:00,14779.0,objetivo,316.0,2.0,314.0,158.0,1.9873417721518987
-1,1,2021-10-06 13:59:00+00:00,2021-10-06 14:00:00+00:00,14538.25,14634.0,14346.75,2021-10-06 14:22:00+00:00,14634.25,stop,-192.0,2.0,-194.0,191.5,-1.0130548302872062
-1,1,2021-10-06 16:29:00+00:00,2021-10-06 16:30:00+00:00,14593.75,14627.75,14525.75,2021-10-06 17:22:00+00:00,14628.0,stop,-68.5,2.0,-70.5,68.0,-1.036764705882353
-1,1,2021-10-07 18:14:00+00:00,2021-10-07 18:15:00+00:00,14950.0,14967.5,14915.0,2021-10-07 18:54:00+00:00,14915.0,objetivo,70.0,2.0,68.0,35.0,1.9428571428571428
1,1,2021-10-08 14:29:00+00:00,2021-10-08 14:30:00+00:00,14892.25,14876.75,14923.25,2021-10-08 14:34:00+00:00,14876.5,stop,-31.5,2.0,-33.5,31.0,-1.0806451612903225
-1,1,2021-10-08 14:44:00+00:00,2021-10-08 14:45:00+00:00,14826.5,14902.75,14674.0,2021-10-08 19:55:00+00:00,14808.0,tiempo,37.0,2.0,35.0,152.5,0.22950819672131148
-1,1,2021-10-11 16:14:00+00:00,2021-10-11 16:15:00+00:00,14821.0,14865.5,14732.0,2021-10-11 19:50:00+00:00,14732.0,objetivo,178.0,2.0,176.0,89.0,1.9775280898876404
1,1,2021-10-12 15:59:00+00:00,2021-10-12 16:00:00+00:00,14704.75,14653.75,14806.75,2021-10-12 16:55:00+00:00,14653.5,stop,-102.5,2.0,-104.5,102.0,-1.0245098039215685
1,1,2021-10-12 18:14:00+00:00,2021-10-12 18:15:00+00:00,14693.5,14651.5,14777.5,2021-10-12 19:03:00+00:00,14651.25,stop,-84.5,2.0,-86.5,84.0,-1.0297619047619047
-1,1,2021-10-13 13:59:00+00:00,2021-10-13 14:00:00+00:00,14715.25,14762.25,14621.25,2021-10-13 17:31:00+00:00,14762.5,stop,-94.5,2.0,-96.5,94.0,-1.0265957446808511
1,1,2021-10-15 13:59:00+00:00,2021-10-15 14:00:00+00:00,15078.25,15055.0,15124.75,2021-10-15 14:03:00+00:00,15054.75,stop,-47.0,2.0,-49.0,46.5,-1.053763440860215
-1,1,2021-10-15 14:14:00+00:00,2021-10-15 14:15:00+00:00,15064.75,15086.25,15021.75,2021-10-15 14:45:00+00:00,15086.5,stop,-43.5,2.0,-45.5,43.0,-1.058139534883721
-1,1,2021-10-15 15:44:00+00:00,2021-10-15 15:45:00+00:00,15073.0,15111.5,14996.0,2021-10-15 18:09:00+00:00,15111.75,stop,-77.5,2.0,-79.5,77.0,-1.0324675324675325
1,1,2021-10-19 14:14:00+00:00,2021-10-19 14:15:00+00:00,15352.75,15311.5,15435.25,2021-10-19 19:55:00+00:00,15388.0,tiempo,70.5,2.0,68.5,82.5,0.8303030303030303
-1,1,2021-10-20 13:59:00+00:00,2021-10-20 14:00:00+00:00,15405.75,15439.0,15339.25,2021-10-20 14:30:00+00:00,15439.25,stop,-67.0,2.0,-69.0,66.5,-1.037593984962406
-1,1,2021-10-20 14:59:00+00:00,2021-10-20 15:00:00+00:00,15403.5,15431.75,15347.0,2021-10-20 17:16:00+00:00,15347.0,objetivo,113.0,2.0,111.0,56.5,1.9646017699115044
-1,1,2021-10-22 13:59:00+00:00,2021-10-22 14:00:00+00:00,15424.25,15449.0,15374.75,2021-10-22 14:28:00+00:00,15449.25,stop,-50.0,2.0,-52.0,49.5,-1.0505050505050506
1,1,2021-10-22 14:29:00+00:00,2021-10-22 14:30:00+00:00,15463.0,15415.25,15558.5,2021-10-22 14:42:00+00:00,15415.0,stop,-96.0,2.0,-98.0,95.5,-1.0261780104712042
-1,1,2021-10-22 14:44:00+00:00,2021-10-22 14:45:00+00:00,15415.5,15463.5,15319.5,2021-10-22 15:25:00+00:00,15319.5,objetivo,192.0,2.0,190.0,96.0,1.9791666666666667
1,1,2021-10-25 13:59:00+00:00,2021-10-25 14:00:00+00:00,15391.0,15344.25,15484.5,2021-10-25 16:37:00+00:00,15484.5,objetivo,187.0,2.0,185.0,93.5,1.9786096256684491
-1,1,2021-10-26 15:14:00+00:00,2021-10-26 15:15:00+00:00,15649.0,15678.25,15590.5,2021-10-26 15:56:00+00:00,15590.5,objetivo,117.0,2.0,115.0,58.5,1.9658119658119657
-1,1,2021-10-27 14:14:00+00:00,2021-10-27 14:15:00+00:00,15573.25,15648.0,15423.75,2021-10-27 14:54:00+00:00,15648.25,stop,-150.0,2.0,-152.0,149.5,-1.0167224080267558
-1,1,2021-10-28 13:59:00+00:00,2021-10-28 14:00:00+00:00,15664.25,15693.0,15606.75,2021-10-28 14:08:00+00:00,15693.25,stop,-58.0,2.0,-60.0,57.5,-1.0434782608695652
1,1,2021-10-28 14:14:00+00:00,2021-10-28 14:15:00+00:00,15672.0,15655.25,15705.5,2021-10-28 14:26:00+00:00,15705.5,objetivo,67.0,2.0,65.0,33.5,1.9402985074626866
1,1,2021-11-01 14:29:00+00:00,2021-11-01 14:30:00+00:00,15820.5,15794.0,15873.5,2021-11-01 14:42:00+00:00,15793.75,stop,-53.5,2.0,-55.5,53.0,-1.0471698113207548
-1,1,2021-11-01 14:44:00+00:00,2021-11-01 14:45:00+00:00,15798.25,15825.0,15744.75,2021-11-01 14:51:00+00:00,15825.25,stop,-54.0,2.0,-56.0,53.5,-1.0467289719626167
1,1,2021-11-01 15:14:00+00:00,2021-11-01 15:15:00+00:00,15824.5,15805.75,15862.0,2021-11-01 16:00:00+00:00,15862.0,objetivo,75.0,2.0,73.0,37.5,1.9466666666666668
-1,1,2021-11-01 17:44:00+00:00,2021-11-01 17:45:00+00:00,15813.5,15841.75,15757.0,2021-11-01 19:23:00+00:00,15842.0,stop,-57.0,2.0,-59.0,56.5,-1.0442477876106195
-1,1,2021-11-02 14:14:00+00:00,2021-11-02 14:15:00+00:00,15905.5,15961.5,15793.5,2021-11-02 14:54:00+00:00,15961.75,stop,-112.5,2.0,-114.5,112.0,-1.0223214285714286
-1,1,2021-11-02 16:14:00+00:00,2021-11-02 16:15:00+00:00,15930.0,15941.25,15907.5,2021-11-02 16:24:00+00:00,15941.5,stop,-23.0,2.0,-25.0,22.5,-1.1111111111111112
1,1,2021-11-02 16:29:00+00:00,2021-11-02 16:30:00+00:00,15939.75,15921.0,15977.25,2021-11-02 18:06:00+00:00,15920.75,stop,-38.0,2.0,-40.0,37.5,-1.0666666666666667
-1,1,2021-11-02 18:14:00+00:00,2021-11-02 18:15:00+00:00,15918.25,15940.25,15874.25,2021-11-02 18:50:00+00:00,15940.5,stop,-44.5,2.0,-46.5,44.0,-1.0568181818181819
1,1,2021-11-02 18:59:00+00:00,2021-11-02 19:00:00+00:00,15949.75,15923.5,16002.25,2021-11-02 19:55:00+00:00,15955.25,tiempo,11.0,2.0,9.0,52.5,0.17142857142857143
-1,1,2021-11-03 14:14:00+00:00,2021-11-03 14:15:00+00:00,15957.0,15975.5,15920.0,2021-11-03 14:24:00+00:00,15975.75,stop,-37.5,2.0,-39.5,37.0,-1.0675675675675675
1,1,2021-11-03 15:44:00+00:00,2021-11-03 15:45:00+00:00,15966.75,15941.75,16016.75,2021-11-03 18:01:00+00:00,16016.75,objetivo,100.0,2.0,98.0,50.0,1.96
-1,1,2021-11-04 15:29:00+00:00,2021-11-04 15:30:00+00:00,16249.25,16303.25,16141.25,2021-11-04 16:00:00+00:00,16303.5,stop,-108.5,2.0,-110.5,108.0,-1.0231481481481481
-1,1,2021-11-05 15:29:00+00:00,2021-11-05 15:30:00+00:00,16409.5,16435.75,16357.0,2021-11-05 15:39:00+00:00,16436.0,stop,-53.0,2.0,-55.0,52.5,-1.0476190476190477
1,1,2021-11-05 15:44:00+00:00,2021-11-05 15:45:00+00:00,16432.75,16408.25,16481.75,2021-11-05 16:37:00+00:00,16408.0,stop,-49.5,2.0,-51.5,49.0,-1.0510204081632653
1,1,2021-11-08 16:29:00+00:00,2021-11-08 16:30:00+00:00,16361.0,16316.0,16451.0,2021-11-08 17:06:00+00:00,16315.75,stop,-90.5,2.0,-92.5,90.0,-1.0277777777777777
1,1,2021-11-08 17:59:00+00:00,2021-11-08 18:00:00+00:00,16344.5,16327.0,16379.5,2021-11-08 19:17:00+00:00,16379.5,objetivo,70.0,2.0,68.0,35.0,1.9428571428571428
-1,1,2021-11-08 19:29:00+00:00,2021-11-08 19:30:00+00:00,16341.25,16383.5,16256.75,2021-11-08 20:55:00+00:00,16335.75,tiempo,11.0,2.0,9.0,84.5,0.10650887573964497
1,1,2021-11-09 15:44:00+00:00,2021-11-09 15:45:00+00:00,16283.25,16238.75,16372.25,2021-11-09 16:12:00+00:00,16238.5,stop,-89.5,2.0,-91.5,89.0,-1.0280898876404494
1,1,2021-11-09 16:44:00+00:00,2021-11-09 16:45:00+00:00,16275.5,16227.75,16371.0,2021-11-09 17:00:00+00:00,16227.5,stop,-96.0,2.0,-98.0,95.5,-1.0261780104712042
-1,1,2021-11-10 16:29:00+00:00,2021-11-10 16:30:00+00:00,16148.5,16187.75,16070.0,2021-11-10 18:05:00+00:00,16070.0,objetivo,157.0,2.0,155.0,78.5,1.9745222929936306
1,1,2021-11-11 14:59:00+00:00,2021-11-11 15:00:00+00:00,16095.25,16058.5,16168.75,2021-11-11 15:03:00+00:00,16058.25,stop,-74.0,2.0,-76.0,73.5,-1.034013605442177
-1,1,2021-11-11 15:14:00+00:00,2021-11-11 15:15:00+00:00,16072.5,16099.75,16018.0,2021-11-11 20:10:00+00:00,16018.0,objetivo,109.0,2.0,107.0,54.5,1.963302752293578
1,1,2021-11-12 15:14:00+00:00,2021-11-12 15:15:00+00:00,16046.75,16020.0,16100.25,2021-11-12 15:59:00+00:00,16100.25,objetivo,107.0,2.0,105.0,53.5,1.9626168224299065
1,1,2021-11-15 14:59:00+00:00,2021-11-15 15:00:00+00:00,16229.5,16188.25,16312.0,2021-11-15 15:10:00+00:00,16188.0,stop,-83.0,2.0,-85.0,82.5,-1.0303030303030303
-1,1,2021-11-15 15:14:00+00:00,2021-11-15 15:15:00+00:00,16181.25,16231.0,16081.75,2021-11-15 20:55:00+00:00,16166.5,tiempo,29.5,2.0,27.5,99.5,0.27638190954773867
-1,1,2021-11-16 15:29:00+00:00,2021-11-16 15:30:00+00:00,16198.0,16260.0,16074.0,2021-11-16 16:10:00+00:00,16260.25,stop,-124.5,2.0,-126.5,124.0,-1.0201612903225807
-1,1,2021-11-17 14:59:00+00:00,2021-11-17 15:00:00+00:00,16284.25,16321.75,16209.25,2021-11-17 15:11:00+00:00,16322.0,stop,-75.5,2.0,-77.5,75.0,-1.0333333333333334
1,1,2021-11-17 15:14:00+00:00,2021-11-17 15:15:00+00:00,16320.75,16282.75,16396.75,2021-11-17 20:55:00+00:00,16313.25,tiempo,-15.0,2.0,-17.0,76.0,-0.2236842105263158
-1,1,2021-11-18 15:14:00+00:00,2021-11-18 15:15:00+00:00,16336.25,16419.0,16170.75,2021-11-18 16:34:00+00:00,16419.25,stop,-166.0,2.0,-168.0,165.5,-1.0151057401812689
-1,1,2021-11-19 15:29:00+00:00,2021-11-19 15:30:00+00:00,16548.0,16599.5,16445.0,2021-11-19 16:17:00+00:00,16599.75,stop,-103.5,2.0,-105.5,103.0,-1.0242718446601942
-1,1,2021-11-19 18:29:00+00:00,2021-11-19 18:30:00+00:00,16560.0,16605.0,16470.0,2021-11-19 20:55:00+00:00,16569.5,tiempo,-19.0,2.0,-21.0,90.0,-0.23333333333333334
-1,1,2021-11-22 15:59:00+00:00,2021-11-22 16:00:00+00:00,16698.5,16744.5,16606.5,2021-11-22 16:28:00+00:00,16606.5,objetivo,184.0,2.0,182.0,92.0,1.9782608695652173
-1,1,2021-11-23 15:14:00+00:00,2021-11-23 15:15:00+00:00,16285.25,16405.25,16045.25,2021-11-23 20:55:00+00:00,16300.0,tiempo,-29.5,2.0,-31.5,240.0,-0.13125
1,1,2021-11-24 14:59:00+00:00,2021-11-24 15:00:00+00:00,16181.75,16102.0,16341.25,2021-11-24 20:09:00+00:00,16341.25,objetivo,319.0,2.0,317.0,159.5,1.9874608150470219
-1,1,2021-11-25 15:59:00+00:00,2021-11-25 16:00:00+00:00,16398.5,16413.5,16368.5,2021-11-25 17:01:00+00:00,16413.75,stop,-30.5,2.0,-32.5,30.0,-1.0833333333333333
-1,1,2021-11-29 15:29:00+00:00,2021-11-29 15:30:00+00:00,16262.5,16311.0,16165.5,2021-11-29 16:26:00+00:00,16311.25,stop,-97.5,2.0,-99.5,97.0,-1.0257731958762886
-1,1,2021-11-30 15:44:00+00:00,2021-11-30 15:45:00+00:00,16349.0,16437.0,16173.0,2021-11-30 15:55:00+00:00,16173.0,objetivo,352.0,2.0,350.0,176.0,1.9886363636363635
1,1,2021-12-01 14:59:00+00:00,2021-12-01 15:00:00+00:00,16329.25,16287.0,16413.75,2021-12-01 15:40:00+00:00,16286.75,stop,-85.0,2.0,-87.0,84.5,-1.029585798816568
1,1,2021-12-01 15:44:00+00:00,2021-12-01 15:45:00+00:00,16325.25,16275.75,16424.25,2021-12-01 16:19:00+00:00,16424.25,objetivo,198.0,2.0,196.0,99.0,1.97979797979798
-1,1,2021-12-01 16:59:00+00:00,2021-12-01 17:00:00+00:00,16337.25,16409.5,16192.75,2021-12-01 18:13:00+00:00,16192.75,objetivo,289.0,2.0,287.0,144.5,1.986159169550173
-1,1,2021-12-02 15:14:00+00:00,2021-12-02 15:15:00+00:00,15904.5,16027.0,15659.5,2021-12-02 17:21:00+00:00,16027.25,stop,-245.5,2.0,-247.5,245.0,-1.010204081632653
-1,1,2021-12-06 16:14:00+00:00,2021-12-06 16:15:00+00:00,15668.25,15741.0,15522.75,2021-12-06 16:34:00+00:00,15741.25,stop,-146.0,2.0,-148.0,145.5,-1.0171821305841924
-1,1,2021-12-08 14:59:00+00:00,2021-12-08 15:00:00+00:00,16283.25,16356.75,16136.25,2021-12-08 18:41:00+00:00,16357.0,stop,-147.5,2.0,-149.5,147.0,-1.0170068027210883
-1,1,2021-12-09 14:59:00+00:00,2021-12-09 15:00:00+00:00,16347.0,16414.25,16212.5,2021-12-09 18:50:00+00:00,16212.5,objetivo,269.0,2.0,267.0,134.5,1.9851301115241635
1,1,2021-12-10 15:14:00+00:00,2021-12-10 15:15:00+00:00,16261.25,16210.25,16363.25,2021-12-10 15:35:00+00:00,16210.0,stop,-102.5,2.0,-104.5,102.0,-1.0245098039215685
-1,1,2021-12-10 15:44:00+00:00,2021-12-10 15:45:00+00:00,16217.0,16298.75,16053.5,2021-12-10 20:46:00+00:00,16299.0,stop,-164.0,2.0,-166.0,163.5,-1.0152905198776758
-1,1,2021-12-13 14:59:00+00:00,2021-12-13 15:00:00+00:00,16274.75,16326.75,16170.75,2021-12-13 16:18:00+00:00,16170.75,objetivo,208.0,2.0,206.0,104.0,1.9807692307692308
-1,1,2021-12-14 14:59:00+00:00,2021-12-14 15:00:00+00:00,15926.5,15998.75,15782.0,2021-12-14 16:03:00+00:00,15782.0,objetivo,289.0,2.0,287.0,144.5,1.986159169550173
1,1,2021-12-14 19:44:00+00:00,2021-12-14 19:45:00+00:00,15856.5,15822.5,15924.5,2021-12-14 20:26:00+00:00,15924.5,objetivo,136.0,2.0,134.0,68.0,1.9705882352941178
1,1,2021-12-15 15:44:00+00:00,2021-12-15 15:45:00+00:00,15887.0,15844.5,15972.0,2021-12-15 15:56:00+00:00,15844.25,stop,-85.5,2.0,-87.5,85.0,-1.0294117647058822
-1,1,2021-12-15 15:59:00+00:00,2021-12-15 16:00:00+00:00,15847.5,15896.5,15749.5,2021-12-15 17:17:00+00:00,15749.5,objetivo,196.0,2.0,194.0,98.0,1.9795918367346939
1,1,2021-12-15 18:59:00+00:00,2021-12-15 19:00:00+00:00,15844.25,15794.25,15944.25,2021-12-15 19:00:00+00:00,15794.0,stop,-100.5,2.0,-102.5,100.0,-1.025
1,1,2021-12-17 14:59:00+00:00,2021-12-17 15:00:00+00:00,15782.5,15658.25,16031.0,2021-12-17 15:17:00+00:00,15658.0,stop,-249.0,2.0,-251.0,248.5,-1.0100603621730382
1,1,2021-12-17 15:29:00+00:00,2021-12-17 15:30:00+00:00,15736.5,15651.75,15906.0,2021-12-17 15:52:00+00:00,15906.0,objetivo,339.0,2.0,337.0,169.5,1.9882005899705015
-1,1,2021-12-20 15:14:00+00:00,2021-12-20 15:15:00+00:00,15580.0,15643.75,15452.5,2021-12-20 20:21:00+00:00,15644.0,stop,-128.0,2.0,-130.0,127.5,-1.0196078431372548
1,1,2021-12-21 16:14:00+00:00,2021-12-21 16:15:00+00:00,15740.25,15658.75,15903.25,2021-12-21 18:35:00+00:00,15903.25,objetivo,326.0,2.0,324.0,163.0,1.9877300613496933
-1,1,2021-12-22 15:14:00+00:00,2021-12-22 15:15:00+00:00,15983.0,16026.75,15895.5,2021-12-22 15:20:00+00:00,16027.0,stop,-88.0,2.0,-90.0,87.5,-1.0285714285714285
1,1,2021-12-22 15:29:00+00:00,2021-12-22 15:30:00+00:00,16003.25,15972.0,16065.75,2021-12-22 15:38:00+00:00,16065.75,objetivo,125.0,2.0,123.0,62.5,1.968
-1,1,2021-12-22 19:29:00+00:00,2021-12-22 19:30:00+00:00,16047.0,16078.25,15984.5,2021-12-22 19:32:00+00:00,16078.5,stop,-63.0,2.0,-65.0,62.5,-1.04
1,1,2021-12-22 19:44:00+00:00,2021-12-22 19:45:00+00:00,16091.5,16046.75,16181.0,2021-12-22 20:55:00+00:00,16152.0,tiempo,121.0,2.0,119.0,89.5,1.329608938547486
1,1,2021-12-23 14:59:00+00:00,2021-12-23 15:00:00+00:00,16235.25,16186.5,16332.75,2021-12-23 18:28:00+00:00,16332.75,objetivo,195.0,2.0,193.0,97.5,1.9794871794871796
-1,1,2021-12-28 15:14:00+00:00,2021-12-28 15:15:00+00:00,16513.0,16586.0,16367.0,2021-12-28 20:55:00+00:00,16485.25,tiempo,55.5,2.0,53.5,146.0,0.3664383561643836
1,1,2021-12-29 18:59:00+00:00,2021-12-29 19:00:00+00:00,16464.5,16442.0,16509.5,2021-12-29 20:33:00+00:00,16509.5,objetivo,90.0,2.0,88.0,45.0,1.9555555555555555
1,1,2021-12-30 14:59:00+00:00,2021-12-30 15:00:00+00:00,16500.25,16456.75,16587.25,2021-12-30 20:45:00+00:00,16456.5,stop,-87.5,2.0,-89.5,87.0,-1.028735632183908
-1,1,2022-01-03 14:59:00+00:00,2022-01-03 15:00:00+00:00,16316.75,16453.25,16043.75,2022-01-03 18:42:00+00:00,16453.5,stop,-273.5,2.0,-275.5,273.0,-1.0091575091575091
-1,1,2022-01-04 14:59:00+00:00,2022-01-04 15:00:00+00:00,16460.5,16503.0,16375.5,2022-01-04 15:16:00+00:00,16375.5,objetivo,170.0,2.0,168.0,85.0,1.9764705882352942
-1,1,2022-01-05 15:44:00+00:00,2022-01-05 15:45:00+00:00,16143.25,16198.0,16033.75,2022-01-05 18:09:00+00:00,16033.75,objetivo,219.0,2.0,217.0,109.5,1.9817351598173516
-1,1,2022-01-06 14:59:00+00:00,2022-01-06 15:00:00+00:00,15718.25,15843.25,15468.25,2022-01-06 15:49:00+00:00,15843.5,stop,-250.5,2.0,-252.5,250.0,-1.01
-1,1,2022-01-06 18:29:00+00:00,2022-01-06 18:30:00+00:00,15775.25,15833.0,15659.75,2022-01-06 19:10:00+00:00,15833.25,stop,-116.0,2.0,-118.0,115.5,-1.0216450216450217
-1,1,2022-01-07 15:14:00+00:00,2022-01-07 15:15:00+00:00,15715.0,15798.0,15549.0,2022-01-07 15:51:00+00:00,15549.0,objetivo,332.0,2.0,330.0,166.0,1.9879518072289157
1,1,2022-01-10 16:14:00+00:00,2022-01-10 16:15:00+00:00,15259.75,15177.25,15424.75,2022-01-10 18:52:00+00:00,15424.75,objetivo,330.0,2.0,328.0,165.0,1.9878787878787878
1,1,2022-01-11 14:59:00+00:00,2022-01-11 15:00:00+00:00,15549.5,15489.25,15670.0,2022-01-11 16:12:00+00:00,15670.0,objetivo,241.0,2.0,239.0,120.5,1.983402489626556
1,1,2022-01-12 14:59:00+00:00,2022-01-12 15:00:00+00:00,15967.25,15884.5,16132.75,2022-01-12 15:39:00+00:00,15884.25,stop,-166.0,2.0,-168.0,165.5,-1.0151057401812689
-1,1,2022-01-12 15:44:00+00:00,2022-01-12 15:45:00+00:00,15886.0,15980.0,15698.0,2022-01-12 20:55:00+00:00,15899.75,tiempo,-27.5,2.0,-29.5,188.0,-0.15691489361702127
-1,1,2022-01-13 14:59:00+00:00,2022-01-13 15:00:00+00:00,15937.5,15971.5,15869.5,2022-01-13 15:12:00+00:00,15869.5,objetivo,136.0,2.0,134.0,68.0,1.9705882352941178
-1,1,2022-01-14 15:29:00+00:00,2022-01-14 15:30:00+00:00,15514.25,15600.5,15341.75,2022-01-14 20:39:00+00:00,15600.75,stop,-173.0,2.0,-175.0,172.5,-1.0144927536231885
1,1,2022-01-17 15:14:00+00:00,2022-01-17 15:15:00+00:00,15591.5,15557.0,15660.5,2022-01-17 17:29:00+00:00,15556.75,stop,-69.5,2.0,-71.5,69.0,-1.036231884057971
-1,1,2022-01-18 15:59:00+00:00,2022-01-18 16:00:00+00:00,15316.0,15387.0,15174.0,2022-01-18 20:54:00+00:00,15174.0,objetivo,284.0,2.0,282.0,142.0,1.9859154929577465
-1,1,2022-01-19 15:29:00+00:00,2022-01-19 15:30:00+00:00,15282.0,15361.5,15123.0,2022-01-19 16:21:00+00:00,15123.0,objetivo,318.0,2.0,316.0,159.0,1.9874213836477987
1,1,2022-01-19 17:14:00+00:00,2022-01-19 17:15:00+00:00,15274.25,15193.0,15436.75,2022-01-19 19:06:00+00:00,15192.75,stop,-163.0,2.0,-165.0,162.5,-1.0153846153846153
-1,1,2022-01-20 16:44:00+00:00,2022-01-20 16:45:00+00:00,15242.75,15312.25,15103.75,2022-01-20 19:37:00+00:00,15103.75,objetivo,278.0,2.0,276.0,139.0,1.985611510791367
1,1,2022-01-21 15:44:00+00:00,2022-01-21 15:45:00+00:00,14721.0,14614.0,14935.0,2022-01-21 17:49:00+00:00,14613.75,stop,-214.5,2.0,-216.5,214.0,-1.0116822429906542
1,1,2022-01-24 15:44:00+00:00,2022-01-24 15:45:00+00:00,14141.0,14069.75,14283.5,2022-01-24 15:47:00+00:00,14069.5,stop,-143.0,2.0,-145.0,142.5,-1.0175438596491229
-1,1,2022-01-24 15:59:00+00:00,2022-01-24 16:00:00+00:00,14088.75,14146.0,13974.25,2022-01-24 16:37:00+00:00,13974.25,objetivo,229.0,2.0,227.0,114.5,1.982532751091703
1,1,2022-01-24 18:14:00+00:00,2022-01-24 18:15:00+00:00,14054.25,13899.25,14364.25,2022-01-24 20:33:00+00:00,14364.25,objetivo,620.0,2.0,618.0,310.0,1.9935483870967743
1,1,2022-01-25 15:29:00+00:00,2022-01-25 15:30:00+00:00,14209.25,14070.0,14487.75,2022-01-25 16:15:00+00:00,14069.75,stop,-279.0,2.0,-281.0,278.5,-1.0089766606822261
1,1,2022-01-25 18:29:00+00:00,2022-01-25 18:30:00+00:00,14171.75,14089.0,14337.25,2022-01-25 19:42:00+00:00,14337.25,objetivo,331.0,2.0,329.0,165.5,1.987915407854985
1,1,2022-01-26 14:59:00+00:00,2022-01-26 15:00:00+00:00,14455.25,14369.0,14627.75,2022-01-26 15:28:00+00:00,14368.75,stop,-173.0,2.0,-175.0,172.5,-1.0144927536231885
-1,1,2022-01-26 15:29:00+00:00,2022-01-26 15:30:00+00:00,14383.5,14453.75,14243.0,2022-01-26 16:23:00+00:00,14454.0,stop,-141.0,2.0,-143.0,140.5,-1.0177935943060499
-1,1,2022-01-26 19:14:00+00:00,2022-01-26 19:15:00+00:00,14422.25,14639.75,13987.25,2022-01-26 20:24:00+00:00,13987.25,objetivo,870.0,2.0,868.0,435.0,1.9954022988505746
-1,1,2022-01-27 15:29:00+00:00,2022-01-27 15:30:00+00:00,14250.75,14407.0,13938.25,2022-01-27 20:55:00+00:00,14014.0,tiempo,473.5,2.0,471.5,312.5,1.5088
1,1,2022-01-28 15:14:00+00:00,2022-01-28 15:15:00+00:00,13941.75,13860.25,14104.75,2022-01-28 15:54:00+00:00,14104.75,objetivo,326.0,2.0,324.0,163.0,1.9877300613496933
-1,1,2022-01-28 19:29:00+00:00,2022-01-28 19:30:00+00:00,14092.5,14133.75,14010.0,2022-01-28 19:40:00+00:00,14134.0,stop,-83.0,2.0,-85.0,82.5,-1.0303030303030303
1,1,2022-01-28 19:44:00+00:00,2022-01-28 19:45:00+00:00,14155.25,14058.75,14348.25,2022-01-28 20:49:00+00:00,14348.25,objetivo,386.0,2.0,384.0,193.0,1.9896373056994818
1,1,2022-02-01 15:59:00+00:00,2022-02-01 16:00:00+00:00,14858.25,14757.5,15059.75,2022-02-01 20:55:00+00:00,15002.0,tiempo,287.5,2.0,285.5,201.5,1.4168734491315136
1,1,2022-02-02 17:14:00+00:00,2022-02-02 17:15:00+00:00,15065.0,14995.75,15203.5,2022-02-02 20:55:00+00:00,15122.75,tiempo,115.5,2.0,113.5,138.5,0.8194945848375451
-1,1,2022-02-03 14:59:00+00:00,2022-02-03 15:00:00+00:00,14711.0,14756.75,14619.5,2022-02-03 15:06:00+00:00,14757.0,stop,-92.0,2.0,-94.0,91.5,-1.0273224043715847
1,1,2022-02-03 15:14:00+00:00,2022-02-03 15:15:00+00:00,14763.25,14681.0,14927.75,2022-02-03 16:59:00+00:00,14680.75,stop,-165.0,2.0,-167.0,164.5,-1.0151975683890577
-1,1,2022-02-04 15:44:00+00:00,2022-02-04 15:45:00+00:00,14529.75,14599.25,14390.75,2022-02-04 16:45:00+00:00,14599.5,stop,-139.5,2.0,-141.5,139.0,-1.0179856115107915
-1,1,2022-02-07 15:14:00+00:00,2022-02-07 15:15:00+00:00,14710.25,14790.0,14550.75,2022-02-07 20:52:00+00:00,14550.75,objetivo,319.0,2.0,317.0,159.5,1.9874608150470219
-1,1,2022-02-08 14:59:00+00:00,2022-02-08 15:00:00+00:00,14521.25,14581.25,14401.25,2022-02-08 15:46:00+00:00,14581.5,stop,-120.5,2.0,-122.5,120.0,-1.0208333333333333
1,1,2022-02-09 15:29:00+00:00,2022-02-09 15:30:00+00:00,14901.5,14853.25,14998.0,2022-02-09 19:02:00+00:00,14998.0,objetivo,193.0,2.0,191.0,96.5,1.9792746113989637
-1,1,2022-02-10 16:14:00+00:00,2022-02-10 16:15:00+00:00,14904.25,14950.75,14811.25,2022-02-10 16:56:00+00:00,14951.0,stop,-93.5,2.0,-95.5,93.0,-1.0268817204301075
-1,1,2022-02-10 17:59:00+00:00,2022-02-10 18:00:00+00:00,14871.5,14964.75,14685.0,2022-02-10 20:32:00+00:00,14685.0,objetivo,373.0,2.0,371.0,186.5,1.9892761394101877
-1,1,2022-02-14 18:44:00+00:00,2022-02-14 18:45:00+00:00,14279.25,14302.5,14232.75,2022-02-14 18:50:00+00:00,14232.75,objetivo,93.0,2.0,91.0,46.5,1.956989247311828
-1,1,2022-02-15 15:14:00+00:00,2022-02-15 15:15:00+00:00,14478.0,14520.25,14393.5,2022-02-15 15:41:00+00:00,14520.5,stop,-85.0,2.0,-87.0,84.5,-1.029585798816568
-1,1,2022-02-15 17:29:00+00:00,2022-02-15 17:30:00+00:00,14478.0,14522.0,14390.0,2022-02-15 18:21:00+00:00,14522.25,stop,-88.5,2.0,-90.5,88.0,-1.0284090909090908
1,1,2022-02-15 18:29:00+00:00,2022-02-15 18:30:00+00:00,14534.0,14482.5,14637.0,2022-02-15 20:55:00+00:00,14594.0,tiempo,120.0,2.0,118.0,103.0,1.145631067961165
1,1,2022-02-16 15:44:00+00:00,2022-02-16 15:45:00+00:00,14454.5,14415.25,14533.0,2022-02-16 17:31:00+00:00,14415.0,stop,-79.0,2.0,-81.0,78.5,-1.0318471337579618
1,1,2022-02-16 19:14:00+00:00,2022-02-16 19:15:00+00:00,14464.5,14392.0,14609.5,2022-02-16 20:03:00+00:00,14609.5,objetivo,290.0,2.0,288.0,145.0,1.986206896551724
-1,1,2022-02-17 14:59:00+00:00,2022-02-17 15:00:00+00:00,14402.5,14481.0,14245.5,2022-02-17 19:45:00+00:00,14245.5,objetivo,314.0,2.0,312.0,157.0,1.9872611464968153
1,1,2022-02-18 14:59:00+00:00,2022-02-18 15:00:00+00:00,14184.0,14092.75,14366.5,2022-02-18 15:22:00+00:00,14092.5,stop,-183.0,2.0,-185.0,182.5,-1.0136986301369864
1,1,2022-02-18 19:29:00+00:00,2022-02-18 19:30:00+00:00,14083.5,13983.5,14283.5,2022-02-18 20:31:00+00:00,13983.25,stop,-200.5,2.0,-202.5,200.0,-1.0125
1,1,2022-02-21 15:14:00+00:00,2022-02-21 15:15:00+00:00,13853.75,13813.0,13935.25,2022-02-21 15:48:00+00:00,13812.75,stop,-82.0,2.0,-84.0,81.5,-1.030674846625767
-1,1,2022-02-21 15:59:00+00:00,2022-02-21 16:00:00+00:00,13820.0,13856.75,13746.5,2022-02-21 17:56:00+00:00,13746.5,objetivo,147.0,2.0,145.0,73.5,1.9727891156462585
-1,1,2022-02-22 15:59:00+00:00,2022-02-22 16:00:00+00:00,13943.5,14016.25,13798.0,2022-02-22 18:16:00+00:00,13798.0,objetivo,291.0,2.0,289.0,145.5,1.986254295532646
1,1,2022-02-22 19:59:00+00:00,2022-02-22 20:00:00+00:00,13926.75,13769.75,14240.75,2022-02-22 20:55:00+00:00,13831.75,tiempo,-190.0,2.0,-192.0,314.0,-0.6114649681528662
1,1,2022-02-23 17:29:00+00:00,2022-02-23 17:30:00+00:00,13853.75,13804.5,13952.25,2022-02-23 17:38:00+00:00,13804.25,stop,-99.0,2.0,-101.0,98.5,-1.0253807106598984
-1,1,2022-02-23 17:44:00+00:00,2022-02-23 17:45:00+00:00,13813.75,13860.25,13720.75,2022-02-23 18:11:00+00:00,13720.75,objetivo,186.0,2.0,184.0,93.0,1.978494623655914
1,1,2022-02-25 15:29:00+00:00,2022-02-25 15:30:00+00:00,13991.0,13868.25,14236.5,2022-02-25 20:55:00+00:00,14171.0,tiempo,360.0,2.0,358.0,245.5,1.4582484725050917
1,1,2022-02-28 14:59:00+00:00,2022-02-28 15:00:00+00:00,14144.5,14038.75,14356.0,2022-02-28 15:14:00+00:00,14038.5,stop,-212.0,2.0,-214.0,211.5,-1.011820330969267
-1,1,2022-02-28 15:14:00+00:00,2022-02-28 15:15:00+00:00,14048.5,14157.25,13831.0,2022-02-28 15:38:00+00:00,14157.5,stop,-218.0,2.0,-220.0,217.5,-1.0114942528735633
-1,1,2022-02-28 17:29:00+00:00,2022-02-28 17:30:00+00:00,14149.25,14173.75,14100.25,2022-02-28 17:40:00+00:00,14100.25,objetivo,98.0,2.0,96.0,49.0,1.9591836734693877
1,1,2022-02-28 18:14:00+00:00,2022-02-28 18:15:00+00:00,14162.0,14102.75,14280.5,2022-02-28 18:18:00+00:00,14102.5,stop,-119.0,2.0,-121.0,118.5,-1.021097046413502
-1,1,2022-02-28 18:29:00+00:00,2022-02-28 18:30:00+00:00,14118.75,14166.25,14023.75,2022-02-28 18:51:00+00:00,14166.5,stop,-95.5,2.0,-97.5,95.0,-1.0263157894736843
1,1,2022-03-01 15:29:00+00:00,2022-03-01 15:30:00+00:00,14243.0,14174.0,14381.0,2022-03-01 15:43:00+00:00,14173.75,stop,-138.5,2.0,-140.5,138.0,-1.0181159420289856
-1,1,2022-03-01 15:44:00+00:00,2022-03-01 15:45:00+00:00,14156.25,14270.75,13927.25,2022-03-01 20:46:00+00:00,13927.25,objetivo,458.0,2.0,456.0,229.0,1.9912663755458515
-1,1,2022-03-02 15:14:00+00:00,2022-03-02 15:15:00+00:00,13970.75,14104.75,13702.75,2022-03-02 15:29:00+00:00,14105.0,stop,-268.5,2.0,-270.5,268.0,-1.0093283582089552
1,1,2022-03-02 15:29:00+00:00,2022-03-02 15:30:00+00:00,14088.5,13951.0,14363.5,2022-03-02 20:55:00+00:00,14273.0,tiempo,369.0,2.0,367.0,275.0,1.3345454545454545
1,1,2022-03-03 18:29:00+00:00,2022-03-03 18:30:00+00:00,14177.75,14158.75,14215.75,2022-03-03 18:30:00+00:00,14158.5,stop,-38.5,2.0,-40.5,38.0,-1.0657894736842106
-1,1,2022-03-03 18:44:00+00:00,2022-03-03 18:45:00+00:00,14123.25,14178.75,14012.25,2022-03-03 20:07:00+00:00,14012.25,objetivo,222.0,2.0,220.0,111.0,1.981981981981982
1,1,2022-03-04 14:59:00+00:00,2022-03-04 15:00:00+00:00,13923.0,13834.0,14101.0,2022-03-04 15:11:00+00:00,13833.75,stop,-178.5,2.0,-180.5,178.0,-1.0140449438202248
-1,1,2022-03-04 15:14:00+00:00,2022-03-04 15:15:00+00:00,13818.25,13951.0,13552.75,2022-03-04 20:55:00+00:00,13828.0,tiempo,-19.5,2.0,-21.5,265.5,-0.08097928436911488
-1,1,2022-03-08 14:59:00+00:00,2022-03-08 15:00:00+00:00,13252.5,13374.0,13009.5,2022-03-08 17:10:00+00:00,13374.25,stop,-243.5,2.0,-245.5,243.0,-1.0102880658436213
1,1,2022-03-08 17:14:00+00:00,2022-03-08 17:15:00+00:00,13458.25,13213.0,13948.75,2022-03-08 20:55:00+00:00,13305.0,tiempo,-306.5,2.0,-308.5,490.5,-0.6289500509683996
1,1,2022-03-09 14:59:00+00:00,2022-03-09 15:00:00+00:00,13568.75,13496.0,13714.25,2022-03-09 17:35:00+00:00,13714.25,objetivo,291.0,2.0,289.0,145.5,1.986254295532646
-1,1,2022-03-10 15:29:00+00:00,2022-03-10 15:30:00+00:00,13517.25,13611.75,13328.25,2022-03-10 19:05:00+00:00,13612.0,stop,-189.5,2.0,-191.5,189.0,-1.0132275132275133
-1,1,2022-03-14 13:59:00+00:00,2022-03-14 14:00:00+00:00,13274.5,13340.75,13142.0,2022-03-14 14:08:00+00:00,13341.0,stop,-133.0,2.0,-135.0,132.5,-1.0188679245283019
1,1,2022-03-14 14:14:00+00:00,2022-03-14 14:15:00+00:00,13373.75,13236.0,13649.25,2022-03-14 15:36:00+00:00,13235.75,stop,-276.0,2.0,-278.0,275.5,-1.0090744101633393
-1,1,2022-03-17 14:44:00+00:00,2022-03-17 14:45:00+00:00,13905.25,13955.75,13804.25,2022-03-17 16:21:00+00:00,13956.0,stop,-101.5,2.0,-103.5,101.0,-1.0247524752475248
-1,1,2022-03-21 13:59:00+00:00,2022-03-21 14:00:00+00:00,14302.75,14447.0,14014.25,2022-03-21 15:58:00+00:00,14447.25,stop,-289.0,2.0,-291.0,288.5,-1.0086655112651646
-1,1,2022-03-21 16:44:00+00:00,2022-03-21 16:45:00+00:00,14335.5,14408.5,14189.5,2022-03-21 17:21:00+00:00,14189.5,objetivo,292.0,2.0,290.0,146.0,1.9863013698630136
1,1,2022-03-21 18:29:00+00:00,2022-03-21 18:30:00+00:00,14325.0,14238.5,14498.0,2022-03-21 19:55:00+00:00,14339.75,tiempo,29.5,2.0,27.5,173.0,0.15895953757225434
-1,1,2022-03-23 13:59:00+00:00,2022-03-23 14:00:00+00:00,14492.0,14523.5,14429.0,2022-03-23 14:07:00+00:00,14523.75,stop,-63.5,2.0,-65.5,63.0,-1.0396825396825398
1,1,2022-03-23 14:14:00+00:00,2022-03-23 14:15:00+00:00,14563.75,14462.75,14765.75,2022-03-23 19:51:00+00:00,14462.5,stop,-202.5,2.0,-204.5,202.0,-1.0123762376237624
-1,1,2022-03-24 13:59:00+00:00,2022-03-24 14:00:00+00:00,14480.75,14548.0,14346.25,2022-03-24 14:05:00+00:00,14548.25,stop,-135.0,2.0,-137.0,134.5,-1.0185873605947955
1,1,2022-03-24 14:14:00+00:00,2022-03-24 14:15:00+00:00,14513.75,14480.75,14579.75,2022-03-24 14:17:00+00:00,14480.5,stop,-66.5,2.0,-68.5,66.0,-1.0378787878787878
-1,1,2022-03-24 14:29:00+00:00,2022-03-24 14:30:00+00:00,14452.75,14516.5,14325.25,2022-03-24 14:35:00+00:00,14516.75,stop,-128.0,2.0,-130.0,127.5,-1.0196078431372548
1,1,2022-03-24 14:44:00+00:00,2022-03-24 14:45:00+00:00,14519.25,14433.5,14690.75,2022-03-24 19:09:00+00:00,14690.75,objetivo,343.0,2.0,341.0,171.5,1.9883381924198251
1,1,2022-03-25 14:29:00+00:00,2022-03-25 14:30:00+00:00,14744.5,14695.25,14843.0,2022-03-25 15:08:00+00:00,14695.0,stop,-99.0,2.0,-101.0,98.5,-1.0253807106598984
1,1,2022-03-25 17:59:00+00:00,2022-03-25 18:00:00+00:00,14716.5,14662.0,14825.5,2022-03-25 19:22:00+00:00,14661.75,stop,-109.5,2.0,-111.5,109.0,-1.0229357798165137
-1,1,2022-03-28 14:14:00+00:00,2022-03-28 14:15:00+00:00,14838.0,14890.75,14732.5,2022-03-28 15:49:00+00:00,14732.5,objetivo,211.0,2.0,209.0,105.5,1.981042654028436
1,1,2022-03-28 17:29:00+00:00,2022-03-28 17:30:00+00:00,14838.5,14795.5,14924.5,2022-03-28 18:58:00+00:00,14924.5,objetivo,172.0,2.0,170.0,86.0,1.9767441860465116
1,1,2022-03-29 14:59:00+00:00,2022-03-29 15:00:00+00:00,15129.0,15077.0,15233.0,2022-03-29 19:04:00+00:00,15233.0,objetivo,208.0,2.0,206.0,104.0,1.9807692307692308
-1,1,2022-03-30 14:59:00+00:00,2022-03-30 15:00:00+00:00,15157.25,15219.75,15032.25,2022-03-30 19:20:00+00:00,15032.25,objetivo,250.0,2.0,248.0,125.0,1.984
1,1,2022-03-31 13:59:00+00:00,2022-03-31 14:00:00+00:00,15026.5,14980.25,15119.0,2022-03-31 14:00:00+00:00,14980.0,stop,-93.0,2.0,-95.0,92.5,-1.027027027027027
-1,1,2022-03-31 16:14:00+00:00,2022-03-31 16:15:00+00:00,15003.25,15053.5,14902.75,2022-03-31 19:01:00+00:00,15053.75,stop,-101.0,2.0,-103.0,100.5,-1.0248756218905473
1,1,2022-04-01 14:14:00+00:00,2022-04-01 14:15:00+00:00,14875.25,14806.5,15012.75,2022-04-01 15:35:00+00:00,14806.25,stop,-138.0,2.0,-140.0,137.5,-1.018181818181818
1,1,2022-04-01 18:44:00+00:00,2022-04-01 18:45:00+00:00,14842.75,14821.5,14885.25,2022-04-01 18:50:00+00:00,14821.25,stop,-43.0,2.0,-45.0,42.5,-1.0588235294117647
-1,1,2022-04-01 18:59:00+00:00,2022-04-01 19:00:00+00:00,14813.75,14856.5,14728.25,2022-04-01 19:55:00+00:00,14844.75,tiempo,-62.0,2.0,-64.0,85.5,-0.7485380116959064
1,1,2022-04-06 17:44:00+00:00,2022-04-06 17:45:00+00:00,14539.25,14475.75,14666.25,2022-04-06 18:09:00+00:00,14475.5,stop,-127.5,2.0,-129.5,127.0,-1.0196850393700787
-1,1,2022-04-06 18:14:00+00:00,2022-04-06 18:15:00+00:00,14442.75,14634.25,14059.75,2022-04-06 19:02:00+00:00,14634.5,stop,-383.5,2.0,-385.5,383.0,-1.0065274151436032
1,1,2022-04-07 13:59:00+00:00,2022-04-07 14:00:00+00:00,14559.75,14462.0,14755.25,2022-04-07 14:40:00+00:00,14461.75,stop,-196.0,2.0,-198.0,195.5,-1.0127877237851663
1,1,2022-04-07 17:59:00+00:00,2022-04-07 18:00:00+00:00,14498.0,14423.75,14646.5,2022-04-07 19:55:00+00:00,14560.25,tiempo,124.5,2.0,122.5,148.5,0.8249158249158249
1,1,2022-04-08 14:29:00+00:00,2022-04-08 14:30:00+00:00,14406.75,14332.5,14555.25,2022-04-08 19:50:00+00:00,14332.25,stop,-149.0,2.0,-151.0,148.5,-1.0168350168350169
-1,1,2022-04-11 13:59:00+00:00,2022-04-11 14:00:00+00:00,14138.0,14197.0,14020.0,2022-04-11 19:34:00+00:00,14020.0,objetivo,236.0,2.0,234.0,118.0,1.9830508474576272
-1,1,2022-04-12 14:29:00+00:00,2022-04-12 14:30:00+00:00,14189.25,14255.75,14056.25,2022-04-12 17:41:00+00:00,14056.25,objetivo,266.0,2.0,264.0,133.0,1.9849624060150375
-1,1,2022-04-18 13:59:00+00:00,2022-04-18 14:00:00+00:00,13866.25,13903.75,13791.25,2022-04-18 14:01:00+00:00,13904.0,stop,-75.5,2.0,-77.5,75.0,-1.0333333333333334
1,1,2022-04-18 14:14:00+00:00,2022-04-18 14:15:00+00:00,13945.5,13835.25,14166.0,2022-04-18 16:10:00+00:00,13835.0,stop,-221.0,2.0,-223.0,220.5,-1.0113378684807257
1,1,2022-04-18 17:44:00+00:00,2022-04-18 17:45:00+00:00,13946.5,13853.75,14132.0,2022-04-18 19:36:00+00:00,13853.5,stop,-186.0,2.0,-188.0,185.5,-1.013477088948787
1,1,2022-04-20 14:59:00+00:00,2022-04-20 15:00:00+00:00,14127.25,14104.25,14173.25,2022-04-20 15:00:00+00:00,14104.0,stop,-46.5,2.0,-48.5,46.0,-1.0543478260869565
-1,1,2022-04-20 15:14:00+00:00,2022-04-20 15:15:00+00:00,14062.5,14130.75,13926.0,2022-04-20 19:55:00+00:00,14006.0,tiempo,113.0,2.0,111.0,136.5,0.8131868131868132
-1,1,2022-04-21 13:59:00+00:00,2022-04-21 14:00:00+00:00,14205.0,14281.5,14052.0,2022-04-21 15:33:00+00:00,14052.0,objetivo,306.0,2.0,304.0,153.0,1.9869281045751634
1,1,2022-04-25 14:14:00+00:00,2022-04-25 14:15:00+00:00,13302.25,13245.25,13416.25,2022-04-25 14:31:00+00:00,13416.25,objetivo,228.0,2.0,226.0,114.0,1.9824561403508771
-1,1,2022-04-25 14:59:00+00:00,2022-04-25 15:00:00+00:00,13328.25,13428.0,13128.75,2022-04-25 18:21:00+00:00,13428.25,stop,-200.0,2.0,-202.0,199.5,-1.012531328320802
1,1,2022-04-26 16:59:00+00:00,2022-04-26 17:00:00+00:00,13218.25,13157.0,13340.75,2022-04-26 17:02:00+00:00,13156.75,stop,-123.0,2.0,-125.0,122.5,-1.0204081632653061
-1,1,2022-04-26 17:14:00+00:00,2022-04-26 17:15:00+00:00,13126.25,13219.5,12939.75,2022-04-26 19:55:00+00:00,13034.0,tiempo,184.5,2.0,182.5,186.5,0.9785522788203753
-1,1,2022-04-27 14:14:00+00:00,2022-04-27 14:15:00+00:00,13005.5,13223.0,12570.5,2022-04-27 16:43:00+00:00,13223.25,stop,-435.5,2.0,-437.5,435.0,-1.0057471264367817
-1,1,2022-04-27 18:59:00+00:00,2022-04-27 19:00:00+00:00,13048.5,13164.0,12817.5,2022-04-27 19:55:00+00:00,13007.5,tiempo,82.0,2.0,80.0,231.0,0.3463203463203463
1,1,2022-04-28 15:14:00+00:00,2022-04-28 15:15:00+00:00,13191.75,13090.5,13394.25,2022-04-28 17:10:00+00:00,13394.25,objetivo,405.0,2.0,403.0,202.5,1.9901234567901234
1,1,2022-04-29 13:59:00+00:00,2022-04-29 14:00:00+00:00,13423.0,13258.75,13751.5,2022-04-29 14:19:00+00:00,13258.5,stop,-329.0,2.0,-331.0,328.5,-1.0076103500761036
-1,1,2022-04-29 14:29:00+00:00,2022-04-29 14:30:00+00:00,13230.5,13384.25,12923.0,2022-04-29 19:45:00+00:00,12923.0,objetivo,615.0,2.0,613.0,307.5,1.9934959349593495
-1,1,2022-05-02 14:14:00+00:00,2022-05-02 14:15:00+00:00,12820.75,12948.5,12565.25,2022-05-02 14:26:00+00:00,12948.75,stop,-256.0,2.0,-258.0,255.5,-1.009784735812133
1,1,2022-05-02 14:29:00+00:00,2022-05-02 14:30:00+00:00,12983.25,12809.25,13331.25,2022-05-02 16:58:00+00:00,12809.0,stop,-348.5,2.0,-350.5,348.0,-1.007183908045977
1,1,2022-05-03 13:59:00+00:00,2022-05-03 14:00:00+00:00,13112.25,12968.5,13399.75,2022-05-03 19:55:00+00:00,13083.25,tiempo,-58.0,2.0,-60.0,287.5,-0.20869565217391303
1,1,2022-05-04 16:29:00+00:00,2022-05-04 16:30:00+00:00,13058.25,12954.0,13266.75,2022-05-04 18:34:00+00:00,12953.75,stop,-209.0,2.0,-211.0,208.5,-1.0119904076738608
1,1,2022-05-06 14:14:00+00:00,2022-05-06 14:15:00+00:00,12673.0,12542.5,12934.0,2022-05-06 19:55:00+00:00,12694.75,tiempo,43.5,2.0,41.5,261.0,0.15900383141762453
-1,1,2022-05-09 13:59:00+00:00,2022-05-09 14:00:00+00:00,12451.5,12513.5,12327.5,2022-05-09 14:32:00+00:00,12327.5,objetivo,248.0,2.0,246.0,124.0,1.9838709677419355
1,1,2022-05-09 16:14:00+00:00,2022-05-09 16:15:00+00:00,12392.0,12272.0,12632.0,2022-05-09 17:11:00+00:00,12271.75,stop,-240.5,2.0,-242.5,240.0,-1.0104166666666667
1,1,2022-05-10 13:59:00+00:00,2022-05-10 14:00:00+00:00,12464.0,12336.25,12719.5,2022-05-10 14:41:00+00:00,12336.0,stop,-256.0,2.0,-258.0,255.5,-1.009784735812133
1,1,2022-05-10 17:29:00+00:00,2022-05-10 17:30:00+00:00,12346.25,12243.25,12552.25,2022-05-10 19:55:00+00:00,12359.5,tiempo,26.5,2.0,24.5,206.0,0.11893203883495146
-1,1,2022-05-11 14:59:00+00:00,2022-05-11 15:00:00+00:00,12306.5,12414.25,12091.0,2022-05-11 17:06:00+00:00,12091.0,objetivo,431.0,2.0,429.0,215.5,1.9907192575406032
-1,1,2022-05-12 13:59:00+00:00,2022-05-12 14:00:00+00:00,11795.0,11907.75,11569.5,2022-05-12 14:09:00+00:00,11908.0,stop,-226.0,2.0,-228.0,225.5,-1.0110864745011086
1,1,2022-05-12 14:14:00+00:00,2022-05-12 14:15:00+00:00,11933.25,11742.75,12314.25,2022-05-12 17:48:00+00:00,11742.5,stop,-381.5,2.0,-383.5,381.0,-1.0065616797900263
-1,1,2022-05-13 18:14:00+00:00,2022-05-13 18:15:00+00:00,12240.75,12305.5,12111.25,2022-05-13 18:31:00+00:00,12305.75,stop,-130.0,2.0,-132.0,129.5,-1.0193050193050193
1,1,2022-05-13 18:59:00+00:00,2022-05-13 19:00:00+00:00,12349.75,12266.0,12517.25,2022-05-13 19:55:00+00:00,12360.0,tiempo,20.5,2.0,18.5,167.5,0.11044776119402985
1,1,2022-05-16 14:14:00+00:00,2022-05-16 14:15:00+00:00,12301.0,12203.5,12496.0,2022-05-16 15:00:00+00:00,12203.25,stop,-195.5,2.0,-197.5,195.0,-1.0128205128205128
1,1,2022-05-16 15:44:00+00:00,2022-05-16 15:45:00+00:00,12283.75,12197.75,12455.75,2022-05-16 19:55:00+00:00,12245.0,tiempo,-77.5,2.0,-79.5,172.0,-0.4622093023255814
-1,1,2022-05-17 13:59:00+00:00,2022-05-17 14:00:00+00:00,12444.5,12528.75,12276.0,2022-05-17 18:08:00+00:00,12529.0,stop,-169.0,2.0,-171.0,168.5,-1.0148367952522255
-1,1,2022-05-17 18:14:00+00:00,2022-05-17 18:15:00+00:00,12446.0,12535.5,12267.0,2022-05-17 18:49:00+00:00,12535.75,stop,-179.5,2.0,-181.5,179.0,-1.0139664804469273
1,1,2022-05-18 14:14:00+00:00,2022-05-18 14:15:00+00:00,12347.5,12294.0,12454.5,2022-05-18 14:30:00+00:00,12293.75,stop,-107.5,2.0,-109.5,107.0,-1.0233644859813085
1,1,2022-05-19 13:59:00+00:00,2022-05-19 14:00:00+00:00,11893.25,11795.25,12089.25,2022-05-19 19:55:00+00:00,11878.25,tiempo,-30.0,2.0,-32.0,196.0,-0.16326530612244897
-1,1,2022-05-20 13:59:00+00:00,2022-05-20 14:00:00+00:00,11995.5,12045.75,11895.0,2022-05-20 14:10:00+00:00,11895.0,objetivo,201.0,2.0,199.0,100.5,1.9800995024875623
-1,1,2022-05-23 13:59:00+00:00,2022-05-23 14:00:00+00:00,11853.0,11977.5,11604.0,2022-05-23 15:32:00+00:00,11977.75,stop,-249.5,2.0,-251.5,249.0,-1.0100401606425702
1,1,2022-05-24 15:59:00+00:00,2022-05-24 16:00:00+00:00,11707.0,11664.75,11791.5,2022-05-24 16:15:00+00:00,11791.5,objetivo,169.0,2.0,167.0,84.5,1.9763313609467457
-1,1,2022-05-24 16:44:00+00:00,2022-05-24 16:45:00+00:00,11672.25,11741.75,11533.25,2022-05-24 17:41:00+00:00,11742.0,stop,-139.5,2.0,-141.5,139.0,-1.0179856115107915
1,1,2022-05-24 17:44:00+00:00,2022-05-24 17:45:00+00:00,11735.75,11651.0,11905.25,2022-05-24 18:55:00+00:00,11650.75,stop,-170.0,2.0,-172.0,169.5,-1.0147492625368733
-1,1,2022-05-24 18:59:00+00:00,2022-05-24 19:00:00+00:00,11678.75,11706.0,11624.25,2022-05-24 19:03:00+00:00,11706.25,stop,-55.0,2.0,-57.0,54.5,-1.0458715596330275
-1,1,2022-05-25 16:29:00+00:00,2022-05-25 16:30:00+00:00,11811.25,11865.0,11703.75,2022-05-25 17:37:00+00:00,11865.25,stop,-108.0,2.0,-110.0,107.5,-1.0232558139534884
1,1,2022-05-25 17:44:00+00:00,2022-05-25 17:45:00+00:00,11857.25,11822.5,11926.75,2022-05-25 18:06:00+00:00,11822.25,stop,-70.0,2.0,-72.0,69.5,-1.0359712230215827
1,1,2022-05-27 13:59:00+00:00,2022-05-27 14:00:00+00:00,12519.75,12449.0,12661.25,2022-05-27 19:55:00+00:00,12649.0,tiempo,258.5,2.0,256.5,141.5,1.812720848056537
1,1,2022-05-30 13:59:00+00:00,2022-05-30 14:00:00+00:00,12772.75,12756.0,12806.25,2022-05-30 14:11:00+00:00,12755.75,stop,-34.0,2.0,-36.0,33.5,-1.0746268656716418
-1,1,2022-05-30 14:14:00+00:00,2022-05-30 14:15:00+00:00,12750.5,12776.25,12699.0,2022-05-30 14:47:00+00:00,12776.5,stop,-52.0,2.0,-54.0,51.5,-1.0485436893203883
1,1,2022-05-31 14:29:00+00:00,2022-05-31 14:30:00+00:00,12567.25,12522.0,12657.75,2022-05-31 15:48:00+00:00,12657.75,objetivo,181.0,2.0,179.0,90.5,1.977900552486188
-1,1,2022-05-31 18:59:00+00:00,2022-05-31 19:00:00+00:00,12631.75,12681.0,12533.25,2022-05-31 19:15:00+00:00,12681.25,stop,-99.0,2.0,-101.0,98.5,-1.0253807106598984
-1,1,2022-06-01 14:14:00+00:00,2022-06-01 14:15:00+00:00,12690.75,12819.75,12432.75,2022-06-01 19:55:00+00:00,12575.75,tiempo,230.0,2.0,228.0,258.0,0.8837209302325582
-1,1,2022-06-02 14:29:00+00:00,2022-06-02 14:30:00+00:00,12526.0,12623.0,12332.0,2022-06-02 15:01:00+00:00,12623.25,stop,-194.5,2.0,-196.5,194.0,-1.0128865979381443
1,1,2022-06-03 13:59:00+00:00,2022-06-03 14:00:00+00:00,12692.5,12609.25,12859.0,2022-06-03 14:36:00+00:00,12609.0,stop,-167.0,2.0,-169.0,166.5,-1.015015015015015
1,1,2022-06-06 13:59:00+00:00,2022-06-06 14:00:00+00:00,12750.0,12673.5,12903.0,2022-06-06 15:16:00+00:00,12673.25,stop,-153.5,2.0,-155.5,153.0,-1.0163398692810457
-1,1,2022-06-08 14:14:00+00:00,2022-06-08 14:15:00+00:00,12699.75,12774.0,12551.25,2022-06-08 15:18:00+00:00,12774.25,stop,-149.0,2.0,-151.0,148.5,-1.0168350168350169
-1,1,2022-06-08 15:59:00+00:00,2022-06-08 16:00:00+00:00,12725.75,12752.0,12673.25,2022-06-08 16:27:00+00:00,12673.25,objetivo,105.0,2.0,103.0,52.5,1.9619047619047618
-1,1,2022-06-08 16:29:00+00:00,2022-06-08 16:30:00+00:00,12689.25,12732.25,12603.25,2022-06-08 17:31:00+00:00,12603.25,objetivo,172.0,2.0,170.0,86.0,1.9767441860465116
1,1,2022-06-09 13:59:00+00:00,2022-06-09 14:00:00+00:00,12639.75,12518.75,12881.75,2022-06-09 17:36:00+00:00,12518.5,stop,-242.5,2.0,-244.5,242.0,-1.0103305785123966
-1,1,2022-06-10 13:59:00+00:00,2022-06-10 14:00:00+00:00,11958.5,12064.0,11747.5,2022-06-10 19:55:00+00:00,11867.5,tiempo,182.0,2.0,180.0,211.0,0.8530805687203792
-1,1,2022-06-13 13:59:00+00:00,2022-06-13 14:00:00+00:00,11484.0,11556.0,11340.0,2022-06-13 15:01:00+00:00,11340.0,objetivo,288.0,2.0,286.0,144.0,1.9861111111111112
1,1,2022-06-13 16:29:00+00:00,2022-06-13 16:30:00+00:00,11441.75,11411.0,11503.25,2022-06-13 16:37:00+00:00,11503.25,objetivo,123.0,2.0,121.0,61.5,1.967479674796748
-1,1,2022-06-13 16:59:00+00:00,2022-06-13 17:00:00+00:00,11417.75,11483.75,11285.75,2022-06-13 19:30:00+00:00,11285.75,objetivo,264.0,2.0,262.0,132.0,1.9848484848484849
1,1,2022-06-14 13:59:00+00:00,2022-06-14 14:00:00+00:00,11376.25,11263.75,11601.25,2022-06-14 14:20:00+00:00,11263.5,stop,-225.5,2.0,-227.5,225.0,-1.011111111111111
1,1,2022-06-14 15:44:00+00:00,2022-06-14 15:45:00+00:00,11337.75,11277.5,11458.25,2022-06-14 16:38:00+00:00,11277.25,stop,-121.0,2.0,-123.0,120.5,-1.020746887966805
1,1,2022-06-14 16:59:00+00:00,2022-06-14 17:00:00+00:00,11327.5,11292.5,11397.5,2022-06-14 17:17:00+00:00,11397.5,objetivo,140.0,2.0,138.0,70.0,1.9714285714285715
-1,1,2022-06-14 17:44:00+00:00,2022-06-14 17:45:00+00:00,11307.5,11374.5,11173.5,2022-06-14 19:55:00+00:00,11317.0,tiempo,-19.0,2.0,-21.0,134.0,-0.15671641791044777
-1,1,2022-06-17 14:14:00+00:00,2022-06-17 14:15:00+00:00,11274.75,11320.25,11183.75,2022-06-17 14:22:00+00:00,11183.75,objetivo,182.0,2.0,180.0,91.0,1.978021978021978
1,1,2022-06-17 15:14:00+00:00,2022-06-17 15:15:00+00:00,11233.25,11138.25,11423.25,2022-06-17 19:55:00+00:00,11315.25,tiempo,164.0,2.0,162.0,190.0,0.8526315789473684
1,1,2022-06-20 13:59:00+00:00,2022-06-20 14:00:00+00:00,11363.75,11333.0,11425.25,2022-06-20 16:06:00+00:00,11425.25,objetivo,123.0,2.0,121.0,61.5,1.967479674796748
-1,1,2022-06-21 15:59:00+00:00,2022-06-21 16:00:00+00:00,11606.5,11638.75,11542.0,2022-06-21 17:13:00+00:00,11639.0,stop,-65.0,2.0,-67.0,64.5,-1.0387596899224807
-1,1,2022-06-21 17:29:00+00:00,2022-06-21 17:30:00+00:00,11614.0,11640.5,11561.0,2022-06-21 19:55:00+00:00,11599.25,tiempo,29.5,2.0,27.5,53.0,0.5188679245283019
-1,1,2022-06-22 15:59:00+00:00,2022-06-22 16:00:00+00:00,11587.25,11644.5,11472.75,2022-06-22 16:36:00+00:00,11644.75,stop,-115.0,2.0,-117.0,114.5,-1.0218340611353711
1,1,2022-06-22 16:44:00+00:00,2022-06-22 16:45:00+00:00,11639.5,11609.0,11700.5,2022-06-22 18:08:00+00:00,11700.5,objetivo,122.0,2.0,120.0,61.0,1.9672131147540983
1,1,2022-06-23 13:59:00+00:00,2022-06-23 14:00:00+00:00,11646.0,11543.0,11852.0,2022-06-23 19:55:00+00:00,11728.75,tiempo,165.5,2.0,163.5,206.0,0.7936893203883495
1,1,2022-06-27 14:44:00+00:00,2022-06-27 14:45:00+00:00,12093.25,12032.75,12214.25,2022-06-27 17:45:00+00:00,12032.5,stop,-121.5,2.0,-123.5,121.0,-1.0206611570247934
-1,1,2022-06-28 13:59:00+00:00,2022-06-28 14:00:00+00:00,12102.5,12159.75,11988.0,2022-06-28 14:31:00+00:00,11988.0,objetivo,229.0,2.0,227.0,114.5,1.982532751091703
1,1,2022-06-29 13:59:00+00:00,2022-06-29 14:00:00+00:00,11689.0,11564.5,11938.0,2022-06-29 19:55:00+00:00,11673.75,tiempo,-30.5,2.0,-32.5,249.0,-0.13052208835341367
1,1,2022-06-30 14:59:00+00:00,2022-06-30 15:00:00+00:00,11488.0,11409.0,11646.0,2022-06-30 16:25:00+00:00,11646.0,objetivo,316.0,2.0,314.0,158.0,1.9873417721518987
1,1,2022-07-01 13:59:00+00:00,2022-07-01 14:00:00+00:00,11561.5,11469.75,11745.0,2022-07-01 14:17:00+00:00,11469.5,stop,-184.0,2.0,-186.0,183.5,-1.013623978201635
1,1,2022-07-01 15:14:00+00:00,2022-07-01 15:15:00+00:00,11495.0,11426.0,11633.0,2022-07-01 19:55:00+00:00,11600.0,tiempo,210.0,2.0,208.0,138.0,1.5072463768115942
1,1,2022-07-04 15:14:00+00:00,2022-07-04 15:15:00+00:00,11562.75,11544.5,11599.25,2022-07-04 16:59:00+00:00,11553.75,fin_de_datos,-18.0,2.0,-20.0,36.5,-0.547945205479452
1,1,2022-07-05 13:59:00+00:00,2022-07-05 14:00:00+00:00,11448.5,11400.25,11545.0,2022-07-05 14:36:00+00:00,11545.0,objetivo,193.0,2.0,191.0,96.5,1.9792746113989637
-1,1,2022-07-06 14:14:00+00:00,2022-07-06 14:15:00+00:00,11794.75,11876.25,11631.75,2022-07-06 18:05:00+00:00,11876.5,stop,-163.5,2.0,-165.5,163.0,-1.0153374233128833
-1,1,2022-07-08 13:59:00+00:00,2022-07-08 14:00:00+00:00,12006.0,12075.5,11867.0,2022-07-08 14:24:00+00:00,12075.75,stop,-139.5,2.0,-141.5,139.0,-1.0179856115107915
-1,1,2022-07-08 16:29:00+00:00,2022-07-08 16:30:00+00:00,12087.75,12153.5,11956.25,2022-07-08 18:20:00+00:00,12153.75,stop,-132.0,2.0,-134.0,131.5,-1.0190114068441065
1,1,2022-07-11 14:44:00+00:00,2022-07-11 14:45:00+00:00,11952.25,11907.0,12042.75,2022-07-11 15:00:00+00:00,11906.75,stop,-91.0,2.0,-93.0,90.5,-1.0276243093922652
1,1,2022-07-11 15:14:00+00:00,2022-07-11 15:15:00+00:00,11946.25,11900.25,12038.25,2022-07-11 15:52:00+00:00,11900.0,stop,-92.5,2.0,-94.5,92.0,-1.0271739130434783
1,1,2022-07-11 16:14:00+00:00,2022-07-11 16:15:00+00:00,11929.25,11901.25,11985.25,2022-07-11 17:31:00+00:00,11985.25,objetivo,112.0,2.0,110.0,56.0,1.9642857142857142
-1,1,2022-07-11 18:59:00+00:00,2022-07-11 19:00:00+00:00,11905.5,11952.25,11812.0,2022-07-11 19:55:00+00:00,11867.25,tiempo,76.5,2.0,74.5,93.5,0.7967914438502673
1,1,2022-07-12 15:14:00+00:00,2022-07-12 15:15:00+00:00,11909.75,11853.0,12023.25,2022-07-12 18:34:00+00:00,11852.75,stop,-114.0,2.0,-116.0,113.5,-1.0220264317180616
1,1,2022-07-14 14:59:00+00:00,2022-07-14 15:00:00+00:00,11583.5,11546.5,11657.5,2022-07-14 15:22:00+00:00,11657.5,objetivo,148.0,2.0,146.0,74.0,1.972972972972973
1,1,2022-07-15 14:14:00+00:00,2022-07-15 14:15:00+00:00,11932.25,11901.5,11993.75,2022-07-15 14:21:00+00:00,11901.25,stop,-62.0,2.0,-64.0,61.5,-1.0406504065040652
-1,1,2022-07-15 14:44:00+00:00,2022-07-15 14:45:00+00:00,11930.0,11974.0,11842.0,2022-07-15 15:09:00+00:00,11974.25,stop,-88.5,2.0,-90.5,88.0,-1.0284090909090908
-1,1,2022-07-15 16:14:00+00:00,2022-07-15 16:15:00+00:00,11938.5,11968.25,11879.0,2022-07-15 17:26:00+00:00,11968.5,stop,-60.0,2.0,-62.0,59.5,-1.0420168067226891
-1,1,2022-07-18 14:14:00+00:00,2022-07-18 14:15:00+00:00,12124.25,12183.5,12005.75,2022-07-18 16:06:00+00:00,12183.75,stop,-119.0,2.0,-121.0,118.5,-1.021097046413502
-1,1,2022-07-18 17:14:00+00:00,2022-07-18 17:15:00+00:00,12139.75,12149.5,12120.25,2022-07-18 17:18:00+00:00,12120.25,objetivo,39.0,2.0,37.0,19.5,1.8974358974358974
1,1,2022-07-19 13:59:00+00:00,2022-07-19 14:00:00+00:00,12067.0,11993.0,12215.0,2022-07-19 17:34:00+00:00,12215.0,objetivo,296.0,2.0,294.0,148.0,1.9864864864864864
-1,1,2022-07-20 13:59:00+00:00,2022-07-20 14:00:00+00:00,12285.5,12351.75,12153.0,2022-07-20 14:23:00+00:00,12352.0,stop,-133.0,2.0,-135.0,132.5,-1.0188679245283019
-1,1,2022-07-20 17:14:00+00:00,2022-07-20 17:15:00+00:00,12371.75,12465.25,12184.75,2022-07-20 19:02:00+00:00,12465.5,stop,-187.5,2.0,-189.5,187.0,-1.0133689839572193
1,1,2022-07-21 13:59:00+00:00,2022-07-21 14:00:00+00:00,12497.75,12432.75,12627.75,2022-07-21 14:13:00+00:00,12432.5,stop,-130.5,2.0,-132.5,130.0,-1.0192307692307692
-1,1,2022-07-21 14:14:00+00:00,2022-07-21 14:15:00+00:00,12418.0,12541.25,12171.5,2022-07-21 15:37:00+00:00,12541.5,stop,-247.0,2.0,-249.0,246.5,-1.0101419878296145
-1,1,2022-07-22 13:59:00+00:00,2022-07-22 14:00:00+00:00,12579.5,12698.5,12341.5,2022-07-22 19:55:00+00:00,12401.5,tiempo,356.0,2.0,354.0,238.0,1.4873949579831933
-1,1,2022-07-25 13:59:00+00:00,2022-07-25 14:00:00+00:00,12387.5,12424.0,12314.5,2022-07-25 14:25:00+00:00,12314.5,objetivo,146.0,2.0,144.0,73.0,1.9726027397260273
1,1,2022-07-25 15:44:00+00:00,2022-07-25 15:45:00+00:00,12368.5,12355.25,12395.0,2022-07-25 15:51:00+00:00,12355.0,stop,-27.0,2.0,-29.0,26.5,-1.0943396226415094
-1,1,2022-07-25 16:14:00+00:00,2022-07-25 16:15:00+00:00,12343.75,12384.5,12262.25,2022-07-25 16:41:00+00:00,12384.75,stop,-82.0,2.0,-84.0,81.5,-1.030674846625767
1,1,2022-07-25 16:44:00+00:00,2022-07-25 16:45:00+00:00,12385.0,12353.75,12447.5,2022-07-25 17:36:00+00:00,12353.5,stop,-63.0,2.0,-65.0,62.5,-1.04
1,1,2022-07-28 14:59:00+00:00,2022-07-28 15:00:00+00:00,12576.5,12491.25,12747.0,2022-07-28 19:03:00+00:00,12747.0,objetivo,341.0,2.0,339.0,170.5,1.9882697947214076
-1,1,2022-07-29 15:14:00+00:00,2022-07-29 15:15:00+00:00,12847.75,12869.25,12804.75,2022-07-29 15:27:00+00:00,12804.75,objetivo,86.0,2.0,84.0,43.0,1.9534883720930232
1,1,2022-07-29 15:59:00+00:00,2022-07-29 16:00:00+00:00,12860.25,12839.0,12902.75,2022-07-29 16:09:00+00:00,12838.75,stop,-43.0,2.0,-45.0,42.5,-1.0588235294117647
-1,1,2022-07-29 16:14:00+00:00,2022-07-29 16:15:00+00:00,12846.0,12875.0,12788.0,2022-07-29 16:45:00+00:00,12875.25,stop,-58.5,2.0,-60.5,58.0,-1.043103448275862
-1,1,2022-08-01 16:59:00+00:00,2022-08-01 17:00:00+00:00,13010.5,13037.75,12956.0,2022-08-01 17:19:00+00:00,12956.0,objetivo,109.0,2.0,107.0,54.5,1.963302752293578
-1,1,2022-08-02 14:14:00+00:00,2022-08-02 14:15:00+00:00,12875.75,12915.0,12797.25,2022-08-02 14:30:00+00:00,12915.25,stop,-79.0,2.0,-81.0,78.5,-1.0318471337579618
-1,1,2022-08-02 17:44:00+00:00,2022-08-02 17:45:00+00:00,12929.5,12989.75,12809.0,2022-08-02 18:32:00+00:00,12990.0,stop,-121.0,2.0,-123.0,120.5,-1.020746887966805
-1,1,2022-08-04 14:14:00+00:00,2022-08-04 14:15:00+00:00,13279.0,13333.5,13170.0,2022-08-04 19:13:00+00:00,13333.75,stop,-109.5,2.0,-111.5,109.0,-1.0229357798165137
-1,1,2022-08-05 15:14:00+00:00,2022-08-05 15:15:00+00:00,13161.0,13229.5,13024.0,2022-08-05 17:11:00+00:00,13229.75,stop,-137.5,2.0,-139.5,137.0,-1.0182481751824817
-1,1,2022-08-05 18:14:00+00:00,2022-08-05 18:15:00+00:00,13177.0,13197.0,13137.0,2022-08-05 18:21:00+00:00,13197.25,stop,-40.5,2.0,-42.5,40.0,-1.0625
-1,1,2022-08-08 14:59:00+00:00,2022-08-08 15:00:00+00:00,13326.5,13382.5,13214.5,2022-08-08 15:43:00+00:00,13214.5,objetivo,224.0,2.0,222.0,112.0,1.9821428571428572
-1,1,2022-08-09 13:59:00+00:00,2022-08-09 14:00:00+00:00,13001.75,13092.5,12820.25,2022-08-09 19:55:00+00:00,13034.0,tiempo,-64.5,2.0,-66.5,181.5,-0.36639118457300274
-1,1,2022-08-10 14:14:00+00:00,2022-08-10 14:15:00+00:00,13283.5,13334.75,13181.0,2022-08-10 14:51:00+00:00,13335.0,stop,-103.0,2.0,-105.0,102.5,-1.024390243902439
1,1,2022-08-11 13:59:00+00:00,2022-08-11 14:00:00+00:00,13494.25,13466.0,13550.75,2022-08-11 14:12:00+00:00,13550.75,objetivo,113.0,2.0,111.0,56.5,1.9646017699115044
-1,1,2022-08-11 14:44:00+00:00,2022-08-11 14:45:00+00:00,13500.5,13548.75,13404.0,2022-08-11 15:11:00+00:00,13404.0,objetivo,193.0,2.0,191.0,96.5,1.9792746113989637
-1,1,2022-08-12 14:44:00+00:00,2022-08-12 14:45:00+00:00,13405.25,13446.0,13323.75,2022-08-12 15:02:00+00:00,13446.25,stop,-82.0,2.0,-84.0,81.5,-1.030674846625767
1,1,2022-08-15 13:59:00+00:00,2022-08-15 14:00:00+00:00,13618.0,13551.25,13751.5,2022-08-15 14:20:00+00:00,13551.0,stop,-134.0,2.0,-136.0,133.5,-1.0187265917602997
1,1,2022-08-15 15:29:00+00:00,2022-08-15 15:30:00+00:00,13592.0,13548.75,13678.5,2022-08-15 18:50:00+00:00,13678.5,objetivo,173.0,2.0,171.0,86.5,1.976878612716763
1,1,2022-08-16 15:14:00+00:00,2022-08-16 15:15:00+00:00,13599.0,13552.25,13692.5,2022-08-16 17:36:00+00:00,13692.5,objetivo,187.0,2.0,185.0,93.5,1.9786096256684491
-1,1,2022-08-16 18:44:00+00:00,2022-08-16 18:45:00+00:00,13619.25,13711.5,13434.75,2022-08-16 19:55:00+00:00,13661.25,tiempo,-84.0,2.0,-86.0,184.5,-0.46612466124661245
1,1,2022-08-17 13:59:00+00:00,2022-08-17 14:00:00+00:00,13534.5,13488.25,13627.0,2022-08-17 14:12:00+00:00,13488.0,stop,-93.0,2.0,-95.0,92.5,-1.027027027027027
-1,1,2022-08-17 14:14:00+00:00,2022-08-17 14:15:00+00:00,13482.75,13558.5,13331.25,2022-08-17 18:03:00+00:00,13558.75,stop,-152.0,2.0,-154.0,151.5,-1.0165016501650166
-1,1,2022-08-18 13:59:00+00:00,2022-08-18 14:00:00+00:00,13452.75,13502.25,13353.75,2022-08-18 14:40:00+00:00,13502.5,stop,-99.5,2.0,-101.5,99.0,-1.0252525252525253
-1,1,2022-08-18 16:44:00+00:00,2022-08-18 16:45:00+00:00,13486.0,13522.5,13413.0,2022-08-18 17:07:00+00:00,13522.75,stop,-73.5,2.0,-75.5,73.0,-1.0342465753424657
-1,1,2022-08-22 13:59:00+00:00,2022-08-22 14:00:00+00:00,13027.75,13067.75,12947.75,2022-08-22 15:12:00+00:00,12947.75,objetivo,160.0,2.0,158.0,80.0,1.975
1,1,2022-08-23 13:59:00+00:00,2022-08-23 14:00:00+00:00,12948.0,12867.5,13109.0,2022-08-23 19:55:00+00:00,12899.25,tiempo,-97.5,2.0,-99.5,161.0,-0.6180124223602484
-1,1,2022-08-24 17:29:00+00:00,2022-08-24 17:30:00+00:00,12913.0,12952.5,12834.0,2022-08-24 18:10:00+00:00,12952.75,stop,-79.5,2.0,-81.5,79.0,-1.0316455696202531
-1,1,2022-08-24 18:44:00+00:00,2022-08-24 18:45:00+00:00,12927.25,12944.25,12893.25,2022-08-24 18:59:00+00:00,12944.5,stop,-34.5,2.0,-36.5,34.0,-1.0735294117647058
1,1,2022-08-24 18:59:00+00:00,2022-08-24 19:00:00+00:00,12940.0,12914.25,12991.5,2022-08-24 19:55:00+00:00,12947.5,tiempo,15.0,2.0,13.0,51.5,0.2524271844660194
1,1,2022-08-25 13:59:00+00:00,2022-08-25 14:00:00+00:00,13044.25,12962.0,13208.75,2022-08-25 19:55:00+00:00,13141.0,tiempo,193.5,2.0,191.5,164.5,1.1641337386018238
1,1,2022-08-26 13:59:00+00:00,2022-08-26 14:00:00+00:00,13136.75,13084.75,13240.75,2022-08-26 14:01:00+00:00,13084.5,stop,-104.5,2.0,-106.5,104.0,-1.0240384615384615
-1,1,2022-08-26 14:29:00+00:00,2022-08-26 14:30:00+00:00,12987.0,13148.5,12664.0,2022-08-26 19:36:00+00:00,12664.0,objetivo,646.0,2.0,644.0,323.0,1.9938080495356036
-1,1,2022-08-29 13:59:00+00:00,2022-08-29 14:00:00+00:00,12533.75,12595.5,12410.25,2022-08-29 14:16:00+00:00,12595.75,stop,-124.0,2.0,-126.0,123.5,-1.0202429149797572
1,1,2022-08-29 14:29:00+00:00,2022-08-29 14:30:00+00:00,12564.75,12543.5,12607.25,2022-08-29 14:33:00+00:00,12543.25,stop,-43.0,2.0,-45.0,42.5,-1.0588235294117647
-1,1,2022-08-29 14:44:00+00:00,2022-08-29 14:45:00+00:00,12512.75,12584.5,12369.25,2022-08-29 16:52:00+00:00,12584.75,stop,-144.0,2.0,-146.0,143.5,-1.0174216027874565
-1,1,2022-08-31 13:59:00+00:00,2022-08-31 14:00:00+00:00,12456.0,12513.0,12342.0,2022-08-31 15:01:00+00:00,12342.0,objetivo,228.0,2.0,226.0,114.0,1.9824561403508771
-1,1,2022-09-01 14:14:00+00:00,2022-09-01 14:15:00+00:00,12115.0,12203.0,11939.0,2022-09-01 18:34:00+00:00,12203.25,stop,-176.5,2.0,-178.5,176.0,-1.0142045454545454
1,1,2022-09-02 14:14:00+00:00,2022-09-02 14:15:00+00:00,12363.0,12272.5,12544.0,2022-09-02 16:36:00+00:00,12272.25,stop,-181.5,2.0,-183.5,181.0,-1.0138121546961325
-1,1,2022-09-05 15:29:00+00:00,2022-09-05 15:30:00+00:00,12131.5,12149.75,12095.0,2022-09-05 16:03:00+00:00,12150.0,stop,-37.0,2.0,-39.0,36.5,-1.0684931506849316
-1,1,2022-09-05 16:44:00+00:00,2022-09-05 16:45:00+00:00,12139.0,12166.5,12084.0,2022-09-05 16:59:00+00:00,12136.25,fin_de_datos,5.5,2.0,3.5,55.0,0.06363636363636363
1,1,2022-09-06 14:44:00+00:00,2022-09-06 14:45:00+00:00,12051.0,11968.5,12216.0,2022-09-06 17:51:00+00:00,11968.25,stop,-165.5,2.0,-167.5,165.0,-1.0151515151515151
1,1,2022-09-06 18:14:00+00:00,2022-09-06 18:15:00+00:00,12051.0,12002.0,12149.0,2022-09-06 18:54:00+00:00,12001.75,stop,-98.5,2.0,-100.5,98.0,-1.0255102040816326
-1,1,2022-09-07 13:59:00+00:00,2022-09-07 14:00:00+00:00,12078.75,12128.25,11979.75,2022-09-07 15:11:00+00:00,12128.5,stop,-99.5,2.0,-101.5,99.0,-1.0252525252525253
1,1,2022-09-07 15:14:00+00:00,2022-09-07 15:15:00+00:00,12140.75,12059.5,12303.25,2022-09-07 19:29:00+00:00,12303.25,objetivo,325.0,2.0,323.0,162.5,1.9876923076923076
-1,1,2022-09-08 16:14:00+00:00,2022-09-08 16:15:00+00:00,12174.25,12324.25,11874.25,2022-09-08 19:55:00+00:00,12302.75,tiempo,-257.0,2.0,-259.0,300.0,-0.8633333333333333
1,1,2022-09-09 13:59:00+00:00,2022-09-09 14:00:00+00:00,12503.25,12428.25,12653.25,2022-09-09 19:55:00+00:00,12603.25,tiempo,200.0,2.0,198.0,150.0,1.32
-1,1,2022-09-12 14:59:00+00:00,2022-09-12 15:00:00+00:00,12703.25,12734.75,12640.25,2022-09-12 15:30:00+00:00,12735.0,stop,-63.5,2.0,-65.5,63.0,-1.0396825396825398
-1,1,2022-09-12 15:59:00+00:00,2022-09-12 16:00:00+00:00,12662.25,12721.5,12543.75,2022-09-12 17:08:00+00:00,12721.75,stop,-119.0,2.0,-121.0,118.5,-1.021097046413502
-1,1,2022-09-12 18:29:00+00:00,2022-09-12 18:30:00+00:00,12692.25,12737.75,12601.25,2022-09-12 19:55:00+00:00,12724.25,tiempo,-64.0,2.0,-66.0,91.0,-0.7252747252747253
-1,1,2022-09-14 14:29:00+00:00,2022-09-14 14:30:00+00:00,12105.25,12202.25,11911.25,2022-09-14 14:43:00+00:00,12202.5,stop,-194.5,2.0,-196.5,194.0,-1.0128865979381443
1,1,2022-09-14 14:44:00+00:00,2022-09-14 14:45:00+00:00,12198.25,12093.5,12407.75,2022-09-14 19:33:00+00:00,12093.25,stop,-210.0,2.0,-212.0,209.5,-1.0119331742243436
-1,1,2022-09-15 14:29:00+00:00,2022-09-15 14:30:00+00:00,12111.25,12227.25,11879.25,2022-09-15 19:55:00+00:00,12000.25,tiempo,222.0,2.0,220.0,232.0,0.9482758620689655
1,1,2022-09-16 14:14:00+00:00,2022-09-16 14:15:00+00:00,11868.5,11788.0,12029.5,2022-09-16 16:27:00+00:00,11787.75,stop,-161.5,2.0,-163.5,161.0,-1.015527950310559
1,1,2022-09-16 16:59:00+00:00,2022-09-16 17:00:00+00:00,11842.25,11815.0,11896.75,2022-09-16 17:06:00+00:00,11814.75,stop,-55.0,2.0,-57.0,54.5,-1.0458715596330275
-1,1,2022-09-16 17:14:00+00:00,2022-09-16 17:15:00+00:00,11808.25,11852.25,11720.25,2022-09-16 18:26:00+00:00,11852.5,stop,-88.5,2.0,-90.5,88.0,-1.0284090909090908
1,1,2022-09-16 18:29:00+00:00,2022-09-16 18:30:00+00:00,11870.75,11812.25,11987.75,2022-09-16 19:55:00+00:00,11922.25,tiempo,103.0,2.0,101.0,117.0,0.8632478632478633
-1,1,2022-09-19 15:29:00+00:00,2022-09-19 15:30:00+00:00,11903.25,11978.5,11752.75,2022-09-19 19:03:00+00:00,11978.75,stop,-151.0,2.0,-153.0,150.5,-1.0166112956810631
1,1,2022-09-20 13:59:00+00:00,2022-09-20 14:00:00+00:00,11921.25,11894.0,11975.75,2022-09-20 14:37:00+00:00,11893.75,stop,-55.0,2.0,-57.0,54.5,-1.0458715596330275
-1,1,2022-09-20 16:44:00+00:00,2022-09-20 16:45:00+00:00,11943.0,11965.25,11898.5,2022-09-20 17:27:00+00:00,11898.5,objetivo,89.0,2.0,87.0,44.5,1.9550561797752808
1,1,2022-09-21 13:59:00+00:00,2022-09-21 14:00:00+00:00,11970.5,11940.5,12030.5,2022-09-21 15:03:00+00:00,11940.25,stop,-60.5,2.0,-62.5,60.0,-1.0416666666666667
1,1,2022-09-21 15:14:00+00:00,2022-09-21 15:15:00+00:00,11966.25,11938.75,12021.25,2022-09-21 17:57:00+00:00,12021.25,objetivo,110.0,2.0,108.0,55.0,1.9636363636363636
-1,1,2022-09-21 18:14:00+00:00,2022-09-21 18:15:00+00:00,11797.75,12044.25,11304.75,2022-09-21 18:43:00+00:00,12044.5,stop,-493.5,2.0,-495.5,493.0,-1.0050709939148073
1,1,2022-09-21 18:44:00+00:00,2022-09-21 18:45:00+00:00,12079.75,11811.5,12616.25,2022-09-21 19:31:00+00:00,11811.25,stop,-537.0,2.0,-539.0,536.5,-1.0046598322460392
1,1,2022-09-22 14:14:00+00:00,2022-09-22 14:15:00+00:00,11637.0,11566.25,11778.5,2022-09-22 14:50:00+00:00,11566.0,stop,-142.0,2.0,-144.0,141.5,-1.017667844522968
1,1,2022-09-22 17:59:00+00:00,2022-09-22 18:00:00+00:00,11591.0,11557.25,11658.5,2022-09-22 18:11:00+00:00,11557.0,stop,-68.0,2.0,-70.0,67.5,-1.037037037037037
-1,1,2022-09-22 18:14:00+00:00,2022-09-22 18:15:00+00:00,11548.75,11600.0,11446.25,2022-09-22 19:01:00+00:00,11600.25,stop,-103.0,2.0,-105.0,102.5,-1.024390243902439
1,1,2022-09-23 14:29:00+00:00,2022-09-23 14:30:00+00:00,11406.25,11355.25,11508.25,2022-09-23 15:45:00+00:00,11355.0,stop,-102.5,2.0,-104.5,102.0,-1.0245098039215685
-1,1,2022-09-26 14:59:00+00:00,2022-09-26 15:00:00+00:00,11458.5,11493.0,11389.5,2022-09-26 15:25:00+00:00,11389.5,objetivo,138.0,2.0,136.0,69.0,1.9710144927536233
-1,1,2022-09-27 13:59:00+00:00,2022-09-27 14:00:00+00:00,11490.0,11547.25,11375.5,2022-09-27 15:29:00+00:00,11375.5,objetivo,229.0,2.0,227.0,114.5,1.982532751091703
-1,1,2022-09-28 13:59:00+00:00,2022-09-28 14:00:00+00:00,11311.75,11352.75,11229.75,2022-09-28 14:00:00+00:00,11353.0,stop,-82.5,2.0,-84.5,82.0,-1.0304878048780488
1,1,2022-09-28 14:29:00+00:00,2022-09-28 14:30:00+00:00,11407.25,11285.75,11650.25,2022-09-28 19:55:00+00:00,11592.5,tiempo,370.5,2.0,368.5,243.0,1.5164609053497942
1,1,2022-09-29 15:59:00+00:00,2022-09-29 16:00:00+00:00,11256.75,11232.0,11306.25,2022-09-29 16:11:00+00:00,11231.75,stop,-50.0,2.0,-52.0,49.5,-1.0505050505050506
-1,1,2022-09-29 16:14:00+00:00,2022-09-29 16:15:00+00:00,11229.75,11271.0,11147.25,2022-09-29 17:50:00+00:00,11147.25,objetivo,165.0,2.0,163.0,82.5,1.9757575757575758
-1,1,2022-09-30 15:59:00+00:00,2022-09-30 16:00:00+00:00,11246.0,11274.25,11189.5,2022-09-30 17:36:00+00:00,11189.5,objetivo,113.0,2.0,111.0,56.5,1.9646017699115044
-1,1,2022-10-03 13:59:00+00:00,2022-10-03 14:00:00+00:00,11090.25,11131.75,11007.25,2022-10-03 14:00:00+00:00,11132.0,stop,-83.5,2.0,-85.5,83.0,-1.0301204819277108
1,1,2022-10-03 14:14:00+00:00,2022-10-03 14:15:00+00:00,11147.25,11090.0,11261.75,2022-10-03 17:31:00+00:00,11261.75,objetivo,229.0,2.0,227.0,114.5,1.982532751091703
-1,1,2022-10-04 16:59:00+00:00,2022-10-04 17:00:00+00:00,11600.75,11628.5,11545.25,2022-10-04 17:15:00+00:00,11545.25,objetivo,111.0,2.0,109.0,55.5,1.9639639639639639
1,1,2022-10-04 18:59:00+00:00,2022-10-04 19:00:00+00:00,11636.75,11606.5,11697.25,2022-10-04 19:08:00+00:00,11606.25,stop,-61.0,2.0,-63.0,60.5,-1.0413223140495869
1,1,2022-10-05 15:44:00+00:00,2022-10-05 15:45:00+00:00,11443.5,11416.0,11498.5,2022-10-05 16:09:00+00:00,11498.5,objetivo,110.0,2.0,108.0,55.0,1.9636363636363636
-1,1,2022-10-06 13:59:00+00:00,2022-10-06 14:00:00+00:00,11637.75,11711.75,11489.75,2022-10-06 19:55:00+00:00,11555.25,tiempo,165.0,2.0,163.0,148.0,1.1013513513513513
1,1,2022-10-10 14:29:00+00:00,2022-10-10 14:30:00+00:00,11041.0,10988.25,11146.5,2022-10-10 14:37:00+00:00,10988.0,stop,-106.0,2.0,-108.0,105.5,-1.0236966824644549
-1,1,2022-10-10 14:44:00+00:00,2022-10-10 14:45:00+00:00,10962.25,11054.5,10777.75,2022-10-10 17:52:00+00:00,11054.75,stop,-185.0,2.0,-187.0,184.5,-1.013550135501355
1,1,2022-10-10 17:59:00+00:00,2022-10-10 18:00:00+00:00,11035.75,10953.25,11200.75,2022-10-10 19:55:00+00:00,11020.25,tiempo,-31.0,2.0,-33.0,165.0,-0.2
1,1,2022-10-11 14:44:00+00:00,2022-10-11 14:45:00+00:00,10879.5,10808.75,11021.0,2022-10-11 16:44:00+00:00,11021.0,objetivo,283.0,2.0,281.0,141.5,1.9858657243816253
-1,1,2022-10-11 18:59:00+00:00,2022-10-11 19:00:00+00:00,10818.75,10926.25,10603.75,2022-10-11 19:55:00+00:00,10837.5,tiempo,-37.5,2.0,-39.5,215.0,-0.18372093023255814
-1,1,2022-10-12 14:14:00+00:00,2022-10-12 14:15:00+00:00,10838.75,10908.25,10699.75,2022-10-12 15:42:00+00:00,10908.5,stop,-139.5,2.0,-141.5,139.0,-1.0179856115107915
-1,1,2022-10-12 16:29:00+00:00,2022-10-12 16:30:00+00:00,10862.0,10892.0,10802.0,2022-10-12 17:00:00+00:00,10892.25,stop,-60.5,2.0,-62.5,60.0,-1.0416666666666667
-1,1,2022-10-12 17:44:00+00:00,2022-10-12 17:45:00+00:00,10850.25,10876.25,10798.25,2022-10-12 18:00:00+00:00,10876.5,stop,-52.5,2.0,-54.5,52.0,-1.0480769230769231
1,1,2022-10-12 18:14:00+00:00,2022-10-12 18:15:00+00:00,10903.5,10830.25,11050.0,2022-10-12 19:55:00+00:00,10859.75,tiempo,-87.5,2.0,-89.5,146.5,-0.6109215017064846
-1,1,2022-10-17 14:59:00+00:00,2022-10-17 15:00:00+00:00,11046.75,11105.0,10930.25,2022-10-17 15:40:00+00:00,11105.25,stop,-117.0,2.0,-119.0,116.5,-1.0214592274678111
1,1,2022-10-18 17:59:00+00:00,2022-10-18 18:00:00+00:00,11242.25,11209.5,11307.75,2022-10-18 18:36:00+00:00,11209.25,stop,-66.0,2.0,-68.0,65.5,-1.0381679389312977
1,1,2022-10-19 14:14:00+00:00,2022-10-19 14:15:00+00:00,11207.75,11120.75,11381.75,2022-10-19 16:45:00+00:00,11120.5,stop,-174.5,2.0,-176.5,174.0,-1.014367816091954
-1,1,2022-10-20 16:14:00+00:00,2022-10-20 16:15:00+00:00,11216.25,11275.25,11098.25,2022-10-20 17:48:00+00:00,11098.25,objetivo,236.0,2.0,234.0,118.0,1.9830508474576272
-1,1,2022-10-21 14:29:00+00:00,2022-10-21 14:30:00+00:00,11109.25,11203.5,10920.75,2022-10-21 15:57:00+00:00,11203.75,stop,-189.0,2.0,-191.0,188.5,-1.013262599469496
1,1,2022-10-24 13:59:00+00:00,2022-10-24 14:00:00+00:00,11362.25,11333.0,11420.75,2022-10-24 14:00:00+00:00,11332.75,stop,-59.0,2.0,-61.0,58.5,-1.0427350427350428
-1,1,2022-10-24 14:14:00+00:00,2022-10-24 14:15:00+00:00,11276.75,11364.0,11102.25,2022-10-24 15:01:00+00:00,11364.25,stop,-175.0,2.0,-177.0,174.5,-1.0143266475644699
-1,1,2022-10-25 17:14:00+00:00,2022-10-25 17:15:00+00:00,11631.25,11670.0,11553.75,2022-10-25 18:07:00+00:00,11670.25,stop,-78.0,2.0,-80.0,77.5,-1.032258064516129
1,1,2022-10-26 14:14:00+00:00,2022-10-26 14:15:00+00:00,11548.0,11483.0,11678.0,2022-10-26 15:12:00+00:00,11678.0,objetivo,260.0,2.0,258.0,130.0,1.9846153846153847
-1,1,2022-10-26 16:59:00+00:00,2022-10-26 17:00:00+00:00,11556.0,11625.5,11417.0,2022-10-26 19:55:00+00:00,11470.25,tiempo,171.5,2.0,169.5,139.0,1.2194244604316546
1,1,2022-10-27 14:14:00+00:00,2022-10-27 14:15:00+00:00,11402.5,11275.5,11656.5,2022-10-27 16:22:00+00:00,11275.25,stop,-254.5,2.0,-256.5,254.0,-1.0098425196850394
-1,1,2022-10-28 14:14:00+00:00,2022-10-28 14:15:00+00:00,11298.25,11359.0,11176.75,2022-10-28 14:25:00+00:00,11359.25,stop,-122.0,2.0,-124.0,121.5,-1.0205761316872428
1,1,2022-10-28 14:29:00+00:00,2022-10-28 14:30:00+00:00,11381.0,11291.0,11561.0,2022-10-28 18:34:00+00:00,11561.0,objetivo,360.0,2.0,358.0,180.0,1.988888888888889
1,1,2022-10-31 15:14:00+00:00,2022-10-31 15:15:00+00:00,11438.0,11406.5,11501.0,2022-10-31 16:16:00+00:00,11501.0,objetivo,126.0,2.0,124.0,63.0,1.9682539682539681
-1,1,2022-10-31 16:44:00+00:00,2022-10-31 16:45:00+00:00,11438.5,11476.0,11363.5,2022-10-31 17:17:00+00:00,11476.25,stop,-75.5,2.0,-77.5,75.0,-1.0333333333333334
-1,1,2022-11-02 13:59:00+00:00,2022-11-02 14:00:00+00:00,11280.25,11322.5,11195.75,2022-11-02 16:36:00+00:00,11195.75,objetivo,169.0,2.0,167.0,84.5,1.9763313609467457
1,1,2022-11-02 18:14:00+00:00,2022-11-02 18:15:00+00:00,11382.75,11195.5,11757.25,2022-11-02 18:51:00+00:00,11195.25,stop,-375.0,2.0,-377.0,374.5,-1.006675567423231
-1,1,2022-11-02 18:59:00+00:00,2022-11-02 19:00:00+00:00,11160.0,11355.25,10769.5,2022-11-02 19:55:00+00:00,10964.75,tiempo,390.5,2.0,388.5,390.5,0.9948783610755442
1,1,2022-11-03 14:14:00+00:00,2022-11-03 14:15:00+00:00,10802.25,10708.0,10990.75,2022-11-03 19:55:00+00:00,10741.5,tiempo,-121.5,2.0,-123.5,188.5,-0.6551724137931034
1,1,2022-11-04 13:59:00+00:00,2022-11-04 14:00:00+00:00,10844.5,10724.5,11084.5,2022-11-04 15:51:00+00:00,10724.25,stop,-240.5,2.0,-242.5,240.0,-1.0104166666666667
1,1,2022-11-04 18:59:00+00:00,2022-11-04 19:00:00+00:00,10808.25,10770.5,10883.75,2022-11-04 19:46:00+00:00,10883.75,objetivo,151.0,2.0,149.0,75.5,1.9735099337748345
1,1,2022-11-07 15:14:00+00:00,2022-11-07 15:15:00+00:00,10923.75,10878.0,11015.25,2022-11-07 15:26:00+00:00,10877.75,stop,-92.0,2.0,-94.0,91.5,-1.0273224043715847
-1,1,2022-11-07 15:29:00+00:00,2022-11-07 15:30:00+00:00,10893.5,10962.25,10756.0,2022-11-07 19:12:00+00:00,10962.5,stop,-138.0,2.0,-140.0,137.5,-1.018181818181818
1,1,2022-11-08 14:59:00+00:00,2022-11-08 15:00:00+00:00,11059.5,11006.75,11165.0,2022-11-08 16:22:00+00:00,11165.0,objetivo,211.0,2.0,209.0,105.5,1.981042654028436
-1,1,2022-11-08 18:29:00+00:00,2022-11-08 18:30:00+00:00,11101.25,11213.5,10876.75,2022-11-08 20:55:00+00:00,11109.5,tiempo,-16.5,2.0,-18.5,224.5,-0.08240534521158129
-1,1,2022-11-09 14:59:00+00:00,2022-11-09 15:00:00+00:00,10976.75,11040.0,10850.25,2022-11-09 15:16:00+00:00,11040.25,stop,-127.0,2.0,-129.0,126.5,-1.0197628458498025
-1,1,2022-11-09 15:29:00+00:00,2022-11-09 15:30:00+00:00,10992.75,11049.0,10880.25,2022-11-09 18:32:00+00:00,10880.25,objetivo,225.0,2.0,223.0,112.5,1.9822222222222223
1,1,2022-11-10 14:59:00+00:00,2022-11-10 15:00:00+00:00,11451.25,11310.25,11733.25,2022-11-10 20:55:00+00:00,11630.75,tiempo,359.0,2.0,357.0,282.0,1.2659574468085106
-1,1,2022-11-11 16:29:00+00:00,2022-11-11 16:30:00+00:00,11656.5,11724.75,11520.0,2022-11-11 17:10:00+00:00,11725.0,stop,-137.0,2.0,-139.0,136.5,-1.0183150183150182
1,1,2022-11-14 14:59:00+00:00,2022-11-14 15:00:00+00:00,11745.75,11702.0,11833.25,2022-11-14 17:03:00+00:00,11833.25,objetivo,175.0,2.0,173.0,87.5,1.977142857142857
1,1,2022-11-15 14:59:00+00:00,2022-11-15 15:00:00+00:00,12031.25,11963.0,12167.75,2022-11-15 15:50:00+00:00,11962.75,stop,-137.0,2.0,-139.0,136.5,-1.0183150183150182
1,1,2022-11-15 16:44:00+00:00,2022-11-15 16:45:00+00:00,12019.75,11981.75,12095.75,2022-11-15 17:42:00+00:00,11981.5,stop,-76.5,2.0,-78.5,76.0,-1.0328947368421053
1,1,2022-11-16 17:29:00+00:00,2022-11-16 17:30:00+00:00,11772.25,11745.75,11825.25,2022-11-16 17:45:00+00:00,11825.25,objetivo,106.0,2.0,104.0,53.0,1.9622641509433962
-1,1,2022-11-16 18:44:00+00:00,2022-11-16 18:45:00+00:00,11769.25,11804.0,11699.75,2022-11-16 20:55:00+00:00,11767.75,tiempo,3.0,2.0,1.0,69.5,0.014388489208633094
-1,1,2022-11-17 14:59:00+00:00,2022-11-17 15:00:00+00:00,11588.25,11635.25,11494.25,2022-11-17 15:16:00+00:00,11635.5,stop,-94.5,2.0,-96.5,94.0,-1.0265957446808511
-1,1,2022-11-17 15:59:00+00:00,2022-11-17 16:00:00+00:00,11605.75,11647.5,11522.25,2022-11-17 16:33:00+00:00,11647.75,stop,-84.0,2.0,-86.0,83.5,-1.029940119760479
1,1,2022-11-21 18:44:00+00:00,2022-11-21 18:45:00+00:00,11627.5,11598.5,11685.5,2022-11-21 19:11:00+00:00,11598.25,stop,-58.5,2.0,-60.5,58.0,-1.043103448275862
1,1,2022-11-22 15:14:00+00:00,2022-11-22 15:15:00+00:00,11613.25,11540.0,11759.75,2022-11-22 20:55:00+00:00,11744.0,tiempo,261.5,2.0,259.5,146.5,1.7713310580204777
-1,1,2022-11-23 16:59:00+00:00,2022-11-23 17:00:00+00:00,11785.25,11860.25,11635.25,2022-11-23 19:02:00+00:00,11860.5,stop,-150.5,2.0,-152.5,150.0,-1.0166666666666666
1,1,2022-11-23 19:14:00+00:00,2022-11-23 19:15:00+00:00,11854.0,11781.25,11999.5,2022-11-23 20:55:00+00:00,11850.75,tiempo,-6.5,2.0,-8.5,145.5,-0.058419243986254296
1,1,2022-11-25 14:59:00+00:00,2022-11-25 15:00:00+00:00,11803.5,11775.25,11860.0,2022-11-25 16:33:00+00:00,11775.0,stop,-57.0,2.0,-59.0,56.5,-1.0442477876106195
1,1,2022-11-25 17:29:00+00:00,2022-11-25 17:30:00+00:00,11802.75,11784.5,11839.25,2022-11-25 17:55:00+00:00,11784.25,stop,-37.0,2.0,-39.0,36.5,-1.0684931506849316
-1,1,2022-11-28 15:14:00+00:00,2022-11-28 15:15:00+00:00,11751.75,11769.0,11717.25,2022-11-28 15:21:00+00:00,11717.25,objetivo,69.0,2.0,67.0,34.5,1.9420289855072463
1,1,2022-11-29 15:29:00+00:00,2022-11-29 15:30:00+00:00,11626.0,11567.0,11744.0,2022-11-29 16:03:00+00:00,11566.75,stop,-118.5,2.0,-120.5,118.0,-1.021186440677966
-1,1,2022-11-30 15:44:00+00:00,2022-11-30 15:45:00+00:00,11545.5,11561.25,11514.0,2022-11-30 16:04:00+00:00,11514.0,objetivo,63.0,2.0,61.0,31.5,1.9365079365079365
1,1,2022-11-30 16:14:00+00:00,2022-11-30 16:15:00+00:00,11547.5,11508.25,11626.0,2022-11-30 17:20:00+00:00,11508.0,stop,-79.0,2.0,-81.0,78.5,-1.0318471337579618
1,1,2022-11-30 18:14:00+00:00,2022-11-30 18:15:00+00:00,11563.0,11528.5,11632.0,2022-11-30 18:30:00+00:00,11632.0,objetivo,138.0,2.0,136.0,69.0,1.9710144927536233
-1,1,2022-12-01 15:14:00+00:00,2022-12-01 15:15:00+00:00,12004.0,12145.0,11722.0,2022-12-01 20:55:00+00:00,12074.0,tiempo,-140.0,2.0,-142.0,282.0,-0.5035460992907801
1,1,2022-12-02 15:14:00+00:00,2022-12-02 15:15:00+00:00,11943.0,11851.5,12126.0,2022-12-02 20:55:00+00:00,11991.75,tiempo,97.5,2.0,95.5,183.0,0.5218579234972678
-1,1,2022-12-05 14:59:00+00:00,2022-12-05 15:00:00+00:00,11931.75,11971.5,11852.25,2022-12-05 16:35:00+00:00,11852.25,objetivo,159.0,2.0,157.0,79.5,1.9748427672955975
1,1,2022-12-07 15:14:00+00:00,2022-12-07 15:15:00+00:00,11512.5,11440.5,11656.5,2022-12-07 20:55:00+00:00,11511.25,tiempo,-2.5,2.0,-4.5,144.0,-0.03125
1,1,2022-12-08 14:59:00+00:00,2022-12-08 15:00:00+00:00,11601.0,11477.25,11848.5,2022-12-08 20:55:00+00:00,11637.0,tiempo,72.0,2.0,70.0,247.5,0.2828282828282828
-1,1,2022-12-09 18:14:00+00:00,2022-12-09 18:15:00+00:00,11646.75,11684.25,11571.75,2022-12-09 20:51:00+00:00,11571.75,objetivo,150.0,2.0,148.0,75.0,1.9733333333333334
1,1,2022-12-12 14:59:00+00:00,2022-12-12 15:00:00+00:00,11595.75,11553.25,11680.75,2022-12-12 15:33:00+00:00,11553.0,stop,-85.5,2.0,-87.5,85.0,-1.0294117647058822
1,1,2022-12-12 16:14:00+00:00,2022-12-12 16:15:00+00:00,11591.0,11555.5,11662.0,2022-12-12 20:08:00+00:00,11662.0,objetivo,142.0,2.0,140.0,71.0,1.971830985915493
-1,1,2022-12-14 17:29:00+00:00,2022-12-14 17:30:00+00:00,12003.75,12024.75,11961.75,2022-12-14 18:31:00+00:00,12025.0,stop,-42.5,2.0,-44.5,42.0,-1.0595238095238095
-1,1,2022-12-14 19:14:00+00:00,2022-12-14 19:15:00+00:00,11898.5,12056.0,11583.5,2022-12-14 20:55:00+00:00,11893.25,tiempo,10.5,2.0,8.5,315.0,0.026984126984126985
-1,1,2022-12-16 15:14:00+00:00,2022-12-16 15:15:00+00:00,11371.75,11455.5,11204.25,2022-12-16 20:55:00+00:00,11355.0,tiempo,33.5,2.0,31.5,167.5,0.1880597014925373
1,1,2022-12-19 15:29:00+00:00,2022-12-19 15:30:00+00:00,11301.5,11252.0,11400.5,2022-12-19 15:50:00+00:00,11251.75,stop,-99.5,2.0,-101.5,99.0,-1.0252525252525253
1,1,2022-12-20 14:59:00+00:00,2022-12-20 15:00:00+00:00,11168.75,11066.75,11372.75,2022-12-20 20:55:00+00:00,11189.25,tiempo,41.0,2.0,39.0,204.0,0.19117647058823528
-1,1,2022-12-21 14:59:00+00:00,2022-12-21 15:00:00+00:00,11226.5,11273.75,11132.0,2022-12-21 15:08:00+00:00,11274.0,stop,-95.0,2.0,-97.0,94.5,-1.0264550264550265
1,1,2022-12-21 15:14:00+00:00,2022-12-21 15:15:00+00:00,11287.5,11219.25,11424.0,2022-12-21 20:55:00+00:00,11330.25,tiempo,85.5,2.0,83.5,136.5,0.6117216117216118
1,1,2022-12-23 15:14:00+00:00,2022-12-23 15:15:00+00:00,10971.5,10916.25,11082.0,2022-12-23 15:38:00+00:00,11082.0,objetivo,221.0,2.0,219.0,110.5,1.9819004524886878
1,1,2022-12-27 15:29:00+00:00,2022-12-27 15:30:00+00:00,10986.75,10924.0,11112.25,2022-12-27 18:52:00+00:00,10923.75,stop,-126.0,2.0,-128.0,125.5,-1.0199203187250996
-1,1,2022-12-28 15:14:00+00:00,2022-12-28 15:15:00+00:00,10945.25,10984.0,10867.75,2022-12-28 15:51:00+00:00,10867.75,objetivo,155.0,2.0,153.0,77.5,1.9741935483870967
-1,1,2022-12-30 15:14:00+00:00,2022-12-30 15:15:00+00:00,10902.0,10923.5,10859.0,2022-12-30 15:18:00+00:00,10923.75,stop,-43.5,2.0,-45.5,43.0,-1.058139534883721
1,1,2022-12-30 15:29:00+00:00,2022-12-30 15:30:00+00:00,10925.5,10895.75,10985.0,2022-12-30 18:22:00+00:00,10895.5,stop,-60.0,2.0,-62.0,59.5,-1.0420168067226891
-1,1,2022-12-30 18:29:00+00:00,2022-12-30 18:30:00+00:00,10901.0,10937.0,10829.0,2022-12-30 20:09:00+00:00,10937.25,stop,-72.5,2.0,-74.5,72.0,-1.0347222222222223
-1,1,2023-01-03 14:59:00+00:00,2023-01-03 15:00:00+00:00,10994.0,11146.75,10688.5,2023-01-03 20:55:00+00:00,10953.25,tiempo,81.5,2.0,79.5,305.5,0.2602291325695581
1,1,2023-01-04 15:59:00+00:00,2023-01-04 16:00:00+00:00,10965.5,10939.0,11018.5,2023-01-04 16:31:00+00:00,11018.5,objetivo,106.0,2.0,104.0,53.0,1.9622641509433962
-1,1,2023-01-04 19:14:00+00:00,2023-01-04 19:15:00+00:00,10983.25,11064.0,10821.75,2023-01-04 20:55:00+00:00,10955.5,tiempo,55.5,2.0,53.5,161.5,0.33126934984520123
1,1,2023-01-05 14:59:00+00:00,2023-01-05 15:00:00+00:00,10868.75,10814.75,10976.75,2023-01-05 20:50:00+00:00,10814.5,stop,-108.5,2.0,-110.5,108.0,-1.0231481481481481
1,1,2023-01-06 15:14:00+00:00,2023-01-06 15:15:00+00:00,10892.0,10815.0,11046.0,2023-01-06 18:27:00+00:00,11046.0,objetivo,308.0,2.0,306.0,154.0,1.9870129870129871
-1,1,2023-01-09 18:44:00+00:00,2023-01-09 18:45:00+00:00,11288.75,11360.25,11145.75,2023-01-09 20:55:00+00:00,11185.5,tiempo,206.5,2.0,204.5,143.0,1.43006993006993
1,1,2023-01-10 14:59:00+00:00,2023-01-10 15:00:00+00:00,11211.25,11142.0,11349.75,2023-01-10 15:44:00+00:00,11141.75,stop,-139.0,2.0,-141.0,138.5,-1.0180505415162455
1,1,2023-01-10 15:59:00+00:00,2023-01-10 16:00:00+00:00,11208.5,11120.75,11384.0,2023-01-10 20:55:00+00:00,11257.75,tiempo,98.5,2.0,96.5,175.5,0.5498575498575499
-1,1,2023-01-11 15:59:00+00:00,2023-01-11 16:00:00+00:00,11321.5,11358.5,11247.5,2023-01-11 16:14:00+00:00,11358.75,stop,-74.5,2.0,-76.5,74.0,-1.0337837837837838
1,1,2023-01-11 16:14:00+00:00,2023-01-11 16:15:00+00:00,11359.25,11318.25,11441.25,2023-01-11 18:14:00+00:00,11441.25,objetivo,164.0,2.0,162.0,82.0,1.975609756097561
1,1,2023-01-12 15:14:00+00:00,2023-01-12 15:15:00+00:00,11479.5,11355.0,11728.5,2023-01-12 20:55:00+00:00,11515.0,tiempo,71.0,2.0,69.0,249.0,0.27710843373493976
1,1,2023-01-13 14:59:00+00:00,2023-01-13 15:00:00+00:00,11457.75,11408.75,11555.75,2023-01-13 18:40:00+00:00,11555.75,objetivo,196.0,2.0,194.0,98.0,1.9795918367346939
1,1,2023-01-16 15:44:00+00:00,2023-01-16 15:45:00+00:00,11599.25,11587.25,11623.25,2023-01-16 16:19:00+00:00,11587.0,stop,-24.5,2.0,-26.5,24.0,-1.1041666666666667
1,1,2023-01-17 14:59:00+00:00,2023-01-17 15:00:00+00:00,11614.5,11579.0,11685.5,2023-01-17 16:07:00+00:00,11578.75,stop,-71.5,2.0,-73.5,71.0,-1.0352112676056338
1,1,2023-01-17 16:59:00+00:00,2023-01-17 17:00:00+00:00,11618.25,11606.0,11642.75,2023-01-17 17:09:00+00:00,11605.75,stop,-25.0,2.0,-27.0,24.5,-1.1020408163265305
-1,1,2023-01-17 17:14:00+00:00,2023-01-17 17:15:00+00:00,11602.5,11631.75,11544.0,2023-01-17 17:52:00+00:00,11632.0,stop,-59.0,2.0,-61.0,58.5,-1.0427350427350428
1,1,2023-01-17 17:59:00+00:00,2023-01-17 18:00:00+00:00,11626.25,11607.5,11663.75,2023-01-17 19:16:00+00:00,11607.25,stop,-38.0,2.0,-40.0,37.5,-1.0666666666666667
1,1,2023-01-18 14:59:00+00:00,2023-01-18 15:00:00+00:00,11719.75,11673.25,11812.75,2023-01-18 15:37:00+00:00,11673.0,stop,-93.5,2.0,-95.5,93.0,-1.0268817204301075
-1,1,2023-01-18 15:44:00+00:00,2023-01-18 15:45:00+00:00,11626.25,11719.0,11440.75,2023-01-18 20:55:00+00:00,11490.0,tiempo,272.5,2.0,270.5,185.5,1.45822102425876
1,1,2023-01-19 18:14:00+00:00,2023-01-19 18:15:00+00:00,11371.0,11353.0,11407.0,2023-01-19 18:15:00+00:00,11352.75,stop,-36.5,2.0,-38.5,36.0,-1.0694444444444444
-1,1,2023-01-19 18:29:00+00:00,2023-01-19 18:30:00+00:00,11368.75,11393.0,11320.25,2023-01-19 18:36:00+00:00,11393.25,stop,-49.0,2.0,-51.0,48.5,-1.0515463917525774
1,1,2023-01-19 18:44:00+00:00,2023-01-19 18:45:00+00:00,11402.75,11368.5,11471.25,2023-01-19 20:55:00+00:00,11375.25,tiempo,-55.0,2.0,-57.0,68.5,-0.8321167883211679
-1,1,2023-01-24 14:59:00+00:00,2023-01-24 15:00:00+00:00,11883.75,11951.5,11748.25,2023-01-24 20:55:00+00:00,11900.5,tiempo,-33.5,2.0,-35.5,135.5,-0.26199261992619927
1,1,2023-01-25 15:59:00+00:00,2023-01-25 16:00:00+00:00,11667.25,11621.25,11759.25,2023-01-25 16:51:00+00:00,11759.25,objetivo,184.0,2.0,182.0,92.0,1.9782608695652173
1,1,2023-01-26 15:29:00+00:00,2023-01-26 15:30:00+00:00,12022.25,11990.75,12085.25,2023-01-26 15:38:00+00:00,11990.5,stop,-63.5,2.0,-65.5,63.0,-1.0396825396825398
-1,1,2023-01-26 15:44:00+00:00,2023-01-26 15:45:00+00:00,11977.5,12036.75,11859.0,2023-01-26 18:45:00+00:00,12037.0,stop,-119.0,2.0,-121.0,118.5,-1.021097046413502
-1,1,2023-01-27 15:59:00+00:00,2023-01-27 16:00:00+00:00,12115.5,12163.25,12020.0,2023-01-27 16:23:00+00:00,12163.5,stop,-96.0,2.0,-98.0,95.5,-1.0261780104712042
1,1,2023-01-27 16:29:00+00:00,2023-01-27 16:30:00+00:00,12158.5,12117.75,12240.0,2023-01-27 17:40:00+00:00,12240.0,objetivo,163.0,2.0,161.0,81.5,1.9754601226993864
-1,1,2023-01-30 15:29:00+00:00,2023-01-30 15:30:00+00:00,12053.0,12112.0,11935.0,2023-01-30 20:55:00+00:00,11980.0,tiempo,146.0,2.0,144.0,118.0,1.2203389830508475
1,1,2023-01-31 15:14:00+00:00,2023-01-31 15:15:00+00:00,12031.75,11977.0,12141.25,2023-01-31 20:55:00+00:00,12134.75,tiempo,206.0,2.0,204.0,109.5,1.8630136986301369
1,1,2023-02-01 14:59:00+00:00,2023-02-01 15:00:00+00:00,12150.0,12110.25,12229.5,2023-02-01 15:03:00+00:00,12110.0,stop,-80.0,2.0,-82.0,79.5,-1.0314465408805031
-1,1,2023-02-01 15:44:00+00:00,2023-02-01 15:45:00+00:00,12121.75,12155.0,12055.25,2023-02-01 18:59:00+00:00,12155.25,stop,-67.0,2.0,-69.0,66.5,-1.037593984962406
-1,1,2023-02-02 14:59:00+00:00,2023-02-02 15:00:00+00:00,12672.0,12748.25,12519.5,2023-02-02 15:30:00+00:00,12748.5,stop,-153.0,2.0,-155.0,152.5,-1.0163934426229508
-1,1,2023-02-02 19:44:00+00:00,2023-02-02 19:45:00+00:00,12770.25,12825.75,12659.25,2023-02-02 20:55:00+00:00,12816.0,tiempo,-91.5,2.0,-93.5,111.0,-0.8423423423423423
-1,1,2023-02-03 17:59:00+00:00,2023-02-03 18:00:00+00:00,12728.0,12833.0,12518.0,2023-02-03 20:55:00+00:00,12640.0,tiempo,176.0,2.0,174.0,210.0,0.8285714285714286
1,1,2023-02-06 14:59:00+00:00,2023-02-06 15:00:00+00:00,12550.75,12513.0,12626.25,2023-02-06 15:19:00+00:00,12512.75,stop,-76.0,2.0,-78.0,75.5,-1.033112582781457
-1,1,2023-02-06 15:29:00+00:00,2023-02-06 15:30:00+00:00,12482.75,12553.25,12341.75,2023-02-06 15:51:00+00:00,12553.5,stop,-141.5,2.0,-143.5,141.0,-1.0177304964539007
1,1,2023-02-06 15:59:00+00:00,2023-02-06 16:00:00+00:00,12557.75,12489.25,12694.75,2023-02-06 20:16:00+00:00,12489.0,stop,-137.5,2.0,-139.5,137.0,-1.0182481751824817
-1,1,2023-02-07 14:59:00+00:00,2023-02-07 15:00:00+00:00,12497.25,12554.25,12383.25,2023-02-07 16:08:00+00:00,12554.5,stop,-114.5,2.0,-116.5,114.0,-1.0219298245614035
-1,1,2023-02-07 18:29:00+00:00,2023-02-07 18:30:00+00:00,12547.75,12661.5,12320.25,2023-02-07 19:32:00+00:00,12661.75,stop,-228.0,2.0,-230.0,227.5,-1.010989010989011
-1,1,2023-02-08 14:59:00+00:00,2023-02-08 15:00:00+00:00,12698.5,12748.0,12599.5,2023-02-08 15:52:00+00:00,12599.5,objetivo,198.0,2.0,196.0,99.0,1.97979797979798
1,1,2023-02-09 15:14:00+00:00,2023-02-09 15:15:00+00:00,12685.0,12647.25,12760.5,2023-02-09 15:25:00+00:00,12647.0,stop,-76.0,2.0,-78.0,75.5,-1.033112582781457
-1,1,2023-02-09 15:29:00+00:00,2023-02-09 15:30:00+00:00,12619.75,12707.75,12443.75,2023-02-09 20:03:00+00:00,12443.75,objetivo,352.0,2.0,350.0,176.0,1.9886363636363635
1,1,2023-02-10 15:14:00+00:00,2023-02-10 15:15:00+00:00,12386.5,12284.5,12590.5,2023-02-10 16:58:00+00:00,12284.25,stop,-204.5,2.0,-206.5,204.0,-1.0122549019607843
1,1,2023-02-10 18:29:00+00:00,2023-02-10 18:30:00+00:00,12342.25,12320.75,12385.25,2023-02-10 18:42:00+00:00,12320.5,stop,-43.5,2.0,-45.5,43.0,-1.058139534883721
-1,1,2023-02-10 18:44:00+00:00,2023-02-10 18:45:00+00:00,12316.25,12346.75,12255.25,2023-02-10 20:48:00+00:00,12347.0,stop,-61.5,2.0,-63.5,61.0,-1.040983606557377
-1,1,2023-02-14 15:44:00+00:00,2023-02-14 15:45:00+00:00,12484.75,12607.75,12238.75,2023-02-14 18:17:00+00:00,12608.0,stop,-246.5,2.0,-248.5,246.0,-1.0101626016260163
-1,1,2023-02-15 14:59:00+00:00,2023-02-15 15:00:00+00:00,12563.5,12631.5,12427.5,2023-02-15 16:29:00+00:00,12631.75,stop,-136.5,2.0,-138.5,136.0,-1.0183823529411764
1,1,2023-02-17 15:14:00+00:00,2023-02-17 15:15:00+00:00,12352.75,12324.25,12409.75,2023-02-17 15:48:00+00:00,12324.0,stop,-57.5,2.0,-59.5,57.0,-1.043859649122807
1,1,2023-02-17 19:29:00+00:00,2023-02-17 19:30:00+00:00,12343.75,12304.75,12421.75,2023-02-17 20:55:00+00:00,12381.5,tiempo,75.5,2.0,73.5,78.0,0.9423076923076923
-1,1,2023-02-20 14:59:00+00:00,2023-02-20 15:00:00+00:00,12386.5,12392.5,12374.5,2023-02-20 15:11:00+00:00,12374.5,objetivo,24.0,2.0,22.0,12.0,1.8333333333333333
-1,1,2023-02-21 14:59:00+00:00,2023-02-21 15:00:00+00:00,12228.0,12290.0,12104.0,2023-02-21 20:20:00+00:00,12104.0,objetivo,248.0,2.0,246.0,124.0,1.9838709677419355
-1,1,2023-02-22 14:59:00+00:00,2023-02-22 15:00:00+00:00,12122.25,12174.5,12017.75,2023-02-22 19:06:00+00:00,12174.75,stop,-105.0,2.0,-107.0,104.5,-1.0239234449760766
-1,1,2023-02-22 19:44:00+00:00,2023-02-22 19:45:00+00:00,12094.0,12118.5,12045.0,2023-02-22 19:49:00+00:00,12118.75,stop,-49.5,2.0,-51.5,49.0,-1.0510204081632653
1,1,2023-02-23 14:59:00+00:00,2023-02-23 15:00:00+00:00,12232.5,12209.25,12279.0,2023-02-23 15:04:00+00:00,12209.0,stop,-47.0,2.0,-49.0,46.5,-1.053763440860215
-1,1,2023-02-23 15:14:00+00:00,2023-02-23 15:15:00+00:00,12187.75,12247.25,12068.75,2023-02-23 16:40:00+00:00,12068.75,objetivo,238.0,2.0,236.0,119.0,1.9831932773109244
1,1,2023-02-23 19:14:00+00:00,2023-02-23 19:15:00+00:00,12149.75,12104.5,12240.25,2023-02-23 20:28:00+00:00,12240.25,objetivo,181.0,2.0,179.0,90.5,1.977900552486188
1,1,2023-02-24 16:29:00+00:00,2023-02-24 16:30:00+00:00,11974.0,11944.5,12033.0,2023-02-24 17:47:00+00:00,11944.25,stop,-59.5,2.0,-61.5,59.0,-1.0423728813559323
1,1,2023-02-24 19:29:00+00:00,2023-02-24 19:30:00+00:00,11970.25,11957.25,11996.25,2023-02-24 19:30:00+00:00,11957.0,stop,-26.5,2.0,-28.5,26.0,-1.0961538461538463
-1,1,2023-02-24 19:44:00+00:00,2023-02-24 19:45:00+00:00,11952.5,11973.5,11910.5,2023-02-24 19:47:00+00:00,11973.75,stop,-42.5,2.0,-44.5,42.0,-1.0595238095238095
1,1,2023-02-24 19:59:00+00:00,2023-02-24 20:00:00+00:00,12006.25,11949.0,12120.75,2023-02-24 20:50:00+00:00,11948.75,stop,-115.0,2.0,-117.0,114.5,-1.0218340611353711
1,1,2023-02-27 14:59:00+00:00,2023-02-27 15:00:00+00:00,12147.5,12106.25,12230.0,2023-02-27 15:37:00+00:00,12106.0,stop,-83.0,2.0,-85.0,82.5,-1.0303030303030303
-1,1,2023-02-27 15:44:00+00:00,2023-02-27 15:45:00+00:00,12104.0,12158.0,11996.0,2023-02-27 20:55:00+00:00,12078.0,tiempo,52.0,2.0,50.0,108.0,0.46296296296296297
-1,1,2023-02-28 15:29:00+00:00,2023-02-28 15:30:00+00:00,12070.25,12099.75,12011.25,2023-02-28 16:05:00+00:00,12100.0,stop,-59.5,2.0,-61.5,59.0,-1.0423728813559323
1,1,2023-02-28 16:14:00+00:00,2023-02-28 16:15:00+00:00,12099.75,12075.0,12149.25,2023-02-28 16:45:00+00:00,12074.75,stop,-50.0,2.0,-52.0,49.5,-1.0505050505050506
1,1,2023-02-28 16:59:00+00:00,2023-02-28 17:00:00+00:00,12088.0,12068.0,12128.0,2023-02-28 17:22:00+00:00,12128.0,objetivo,80.0,2.0,78.0,40.0,1.95
1,1,2023-03-01 14:59:00+00:00,2023-03-01 15:00:00+00:00,12052.25,12027.5,12101.75,2023-03-01 15:00:00+00:00,12027.25,stop,-50.0,2.0,-52.0,49.5,-1.0505050505050506
-1,1,2023-03-01 15:14:00+00:00,2023-03-01 15:15:00+00:00,11965.25,12069.75,11756.25,2023-03-01 20:55:00+00:00,11960.25,tiempo,10.0,2.0,8.0,209.0,0.03827751196172249
-1,1,2023-03-02 16:29:00+00:00,2023-03-02 16:30:00+00:00,11892.75,11928.25,11821.75,2023-03-02 17:31:00+00:00,11928.5,stop,-71.5,2.0,-73.5,71.0,-1.0352112676056338
-1,1,2023-03-06 17:44:00+00:00,2023-03-06 17:45:00+00:00,12416.0,12447.5,12353.0,2023-03-06 19:26:00+00:00,12353.0,objetivo,126.0,2.0,124.0,63.0,1.9682539682539681
-1,1,2023-03-07 14:59:00+00:00,2023-03-07 15:00:00+00:00,12333.25,12362.75,12274.25,2023-03-07 15:01:00+00:00,12274.25,objetivo,118.0,2.0,116.0,59.0,1.9661016949152543
1,1,2023-03-07 17:29:00+00:00,2023-03-07 17:30:00+00:00,12280.0,12226.0,12388.0,2023-03-07 18:12:00+00:00,12225.75,stop,-108.5,2.0,-110.5,108.0,-1.0231481481481481
1,1,2023-03-08 15:14:00+00:00,2023-03-08 15:15:00+00:00,12169.5,12108.25,12292.0,2023-03-08 20:55:00+00:00,12224.25,tiempo,109.5,2.0,107.5,122.5,0.8775510204081632
-1,1,2023-03-09 15:59:00+00:00,2023-03-09 16:00:00+00:00,12301.25,12347.0,12209.75,2023-03-09 18:11:00+00:00,12209.75,objetivo,183.0,2.0,181.0,91.5,1.9781420765027322
1,1,2023-03-10 15:14:00+00:00,2023-03-10 15:15:00+00:00,11960.0,11905.5,12069.0,2023-03-10 15:23:00+00:00,11905.25,stop,-109.5,2.0,-111.5,109.0,-1.0229357798165137
-1,1,2023-03-10 15:29:00+00:00,2023-03-10 15:30:00+00:00,11922.5,11968.25,11831.0,2023-03-10 15:36:00+00:00,11968.5,stop,-92.0,2.0,-94.0,91.5,-1.0273224043715847
1,1,2023-03-10 15:59:00+00:00,2023-03-10 16:00:00+00:00,12013.75,11910.0,12221.25,2023-03-10 17:55:00+00:00,11909.75,stop,-208.0,2.0,-210.0,207.5,-1.0120481927710843
1,1,2023-03-13 13:59:00+00:00,2023-03-13 14:00:00+00:00,11889.25,11715.5,12236.75,2023-03-13 19:55:00+00:00,11949.25,tiempo,120.0,2.0,118.0,347.5,0.339568345323741
-1,1,2023-03-14 17:14:00+00:00,2023-03-14 17:15:00+00:00,12144.75,12196.25,12041.75,2023-03-14 19:17:00+00:00,12041.75,objetivo,206.0,2.0,204.0,103.0,1.9805825242718447
-1,1,2023-03-17 14:29:00+00:00,2023-03-17 14:30:00+00:00,12687.5,12769.25,12524.0,2023-03-17 19:55:00+00:00,12649.75,tiempo,75.5,2.0,73.5,163.5,0.44954128440366975
1,1,2023-03-20 14:29:00+00:00,2023-03-20 14:30:00+00:00,12606.75,12554.75,12710.75,2023-03-20 19:55:00+00:00,12690.25,tiempo,167.0,2.0,165.0,104.0,1.5865384615384615
1,1,2023-03-21 13:59:00+00:00,2023-03-21 14:00:00+00:00,12815.25,12763.5,12918.75,2023-03-21 14:16:00+00:00,12763.25,stop,-104.0,2.0,-106.0,103.5,-1.0241545893719808
1,1,2023-03-21 16:59:00+00:00,2023-03-21 17:00:00+00:00,12780.0,12756.25,12827.5,2023-03-21 18:47:00+00:00,12827.5,objetivo,95.0,2.0,93.0,47.5,1.9578947368421054
