direccion,contratos,t_senal,t_entrada,entrada,stop,objetivo,t_salida,salida,motivo,bruto,comision,neto,riesgo_usd,r
-1,1,2015-01-02 14:59:00+00:00,2015-01-02 15:00:00+00:00,4258.5,4269.5,4236.5,2015-01-02 15:33:00+00:00,4236.5,objetivo,44.0,0.0,44.0,22.0,2.0
-1,1,2015-01-05 14:59:00+00:00,2015-01-05 15:00:00+00:00,4184.0,4207.25,4137.5,2015-01-05 20:55:00+00:00,4163.25,tiempo,41.5,0.0,41.5,46.5,0.8924731182795699
1,1,2015-01-06 15:14:00+00:00,2015-01-06 15:15:00+00:00,4162.75,4145.0,4198.25,2015-01-06 15:49:00+00:00,4145.0,stop,-35.5,0.0,-35.5,35.5,-1.0
1,1,2015-01-06 19:44:00+00:00,2015-01-06 19:45:00+00:00,4129.25,4113.0,4161.75,2015-01-06 20:55:00+00:00,4117.5,tiempo,-23.5,0.0,-23.5,32.5,-0.7230769230769231
-1,1,2015-01-07 15:44:00+00:00,2015-01-07 15:45:00+00:00,4134.0,4142.0,4118.0,2015-01-07 15:49:00+00:00,4142.0,stop,-16.0,0.0,-16.0,16.0,-1.0
1,1,2015-01-07 15:59:00+00:00,2015-01-07 16:00:00+00:00,4141.25,4133.75,4156.25,2015-01-07 16:07:00+00:00,4133.75,stop,-15.0,0.0,-15.0,15.0,-1.0
-1,1,2015-01-07 16:14:00+00:00,2015-01-07 16:15:00+00:00,4128.75,4145.0,4096.25,2015-01-07 16:50:00+00:00,4145.0,stop,-32.5,0.0,-32.5,32.5,-1.0
-1,1,2015-01-09 14:59:00+00:00,2015-01-09 15:00:00+00:00,4228.25,4248.5,4187.75,2015-01-09 16:12:00+00:00,4187.75,objetivo,81.0,0.0,81.0,40.5,2.0
1,1,2015-01-09 17:14:00+00:00,2015-01-09 17:15:00+00:00,4222.25,4205.75,4255.25,2015-01-09 17:58:00+00:00,4205.75,stop,-33.0,0.0,-33.0,33.0,-1.0
1,1,2015-01-09 18:14:00+00:00,2015-01-09 18:15:00+00:00,4215.0,4199.5,4246.0,2015-01-09 20:55:00+00:00,4210.5,tiempo,-9.0,0.0,-9.0,31.0,-0.2903225806451613
1,1,2015-01-12 15:59:00+00:00,2015-01-12 16:00:00+00:00,4181.75,4169.25,4206.75,2015-01-12 16:47:00+00:00,4169.25,stop,-25.0,0.0,-25.0,25.0,-1.0
1,1,2015-01-12 17:29:00+00:00,2015-01-12 17:30:00+00:00,4176.25,4169.25,4190.25,2015-01-12 17:50:00+00:00,4169.25,stop,-14.0,0.0,-14.0,14.0,-1.0
-1,1,2015-01-13 16:59:00+00:00,2015-01-13 17:00:00+00:00,4232.0,4240.75,4214.5,2015-01-13 17:23:00+00:00,4214.5,objetivo,35.0,0.0,35.0,17.5,2.0
-1,1,2015-01-14 16:14:00+00:00,2015-01-14 16:15:00+00:00,4122.25,4141.25,4084.25,2015-01-14 19:32:00+00:00,4141.25,stop,-38.0,0.0,-38.0,38.0,-1.0
-1,1,2015-01-14 19:44:00+00:00,2015-01-14 19:45:00+00:00,4128.75,4142.25,4101.75,2015-01-14 20:18:00+00:00,4142.25,stop,-27.0,0.0,-27.0,27.0,-1.0
1,1,2015-01-15 15:29:00+00:00,2015-01-15 15:30:00+00:00,4131.0,4109.75,4173.5,2015-01-15 16:23:00+00:00,4109.75,stop,-42.5,0.0,-42.5,42.5,-1.0
-1,1,2015-01-16 14:59:00+00:00,2015-01-16 15:00:00+00:00,4079.75,4096.75,4045.75,2015-01-16 15:00:00+00:00,4096.75,stop,-34.0,0.0,-34.0,34.0,-1.0
1,1,2015-01-16 15:29:00+00:00,2015-01-16 15:30:00+00:00,4092.5,4071.5,4134.5,2015-01-16 20:50:00+00:00,4134.5,objetivo,84.0,0.0,84.0,42.0,2.0
-1,1,2015-01-19 15:14:00+00:00,2015-01-19 15:15:00+00:00,4141.5,4148.0,4128.5,2015-01-19 17:28:00+00:00,4128.5,objetivo,26.0,0.0,26.0,13.0,2.0
1,1,2015-01-20 17:59:00+00:00,2015-01-20 18:00:00+00:00,4135.25,4131.25,4143.25,2015-01-20 18:07:00+00:00,4131.25,stop,-8.0,0.0,-8.0,8.0,-1.0
-1,1,2015-01-20 18:14:00+00:00,2015-01-20 18:15:00+00:00,4129.5,4137.25,4114.0,2015-01-20 18:20:00+00:00,4137.25,stop,-15.5,0.0,-15.5,15.5,-1.0
1,1,2015-01-20 18:29:00+00:00,2015-01-20 18:30:00+00:00,4145.25,4129.0,4177.75,2015-01-20 20:55:00+00:00,4162.25,tiempo,34.0,0.0,34.0,32.5,1.0461538461538462
-1,1,2015-01-21 18:59:00+00:00,2015-01-21 19:00:00+00:00,4167.5,4180.25,4142.0,2015-01-21 19:45:00+00:00,4180.25,stop,-25.5,0.0,-25.5,25.5,-1.0
1,1,2015-01-22 15:14:00+00:00,2015-01-22 15:15:00+00:00,4195.5,4179.25,4228.0,2015-01-22 15:59:00+00:00,4228.0,objetivo,65.0,0.0,65.0,32.5,2.0
1,1,2015-01-23 14:59:00+00:00,2015-01-23 15:00:00+00:00,4268.5,4257.0,4291.5,2015-01-23 15:36:00+00:00,4257.0,stop,-23.0,0.0,-23.0,23.0,-1.0
-1,1,2015-01-23 15:44:00+00:00,2015-01-23 15:45:00+00:00,4255.0,4266.5,4232.0,2015-01-23 15:55:00+00:00,4266.5,stop,-23.0,0.0,-23.0,23.0,-1.0
1,1,2015-01-23 15:59:00+00:00,2015-01-23 16:00:00+00:00,4266.5,4252.0,4295.5,2015-01-23 20:55:00+00:00,4268.0,tiempo,3.0,0.0,3.0,29.0,0.10344827586206896
1,1,2015-01-26 14:59:00+00:00,2015-01-26 15:00:00+00:00,4256.0,4246.0,4276.0,2015-01-26 18:48:00+00:00,4276.0,objetivo,40.0,0.0,40.0,20.0,2.0
1,1,2015-01-27 17:29:00+00:00,2015-01-27 17:30:00+00:00,4180.25,4164.75,4211.25,2015-01-27 20:50:00+00:00,4164.75,stop,-31.0,0.0,-31.0,31.0,-1.0
1,1,2015-01-28 17:29:00+00:00,2015-01-28 17:30:00+00:00,4206.5,4195.75,4228.0,2015-01-28 18:14:00+00:00,4195.75,stop,-21.5,0.0,-21.5,21.5,-1.0
-1,1,2015-01-28 18:14:00+00:00,2015-01-28 18:15:00+00:00,4196.5,4204.25,4181.0,2015-01-28 18:33:00+00:00,4204.25,stop,-15.5,0.0,-15.5,15.5,-1.0
1,1,2015-01-28 18:44:00+00:00,2015-01-28 18:45:00+00:00,4202.75,4197.0,4214.25,2015-01-28 18:58:00+00:00,4197.0,stop,-11.5,0.0,-11.5,11.5,-1.0
-1,1,2015-01-28 18:59:00+00:00,2015-01-28 19:00:00+00:00,4196.5,4207.0,4175.5,2015-01-28 19:00:00+00:00,4207.0,stop,-21.0,0.0,-21.0,21.0,-1.0
1,1,2015-01-29 14:59:00+00:00,2015-01-29 15:00:00+00:00,4116.75,4095.75,4158.75,2015-01-29 19:33:00+00:00,4158.75,objetivo,84.0,0.0,84.0,42.0,2.0
-1,1,2015-01-30 14:59:00+00:00,2015-01-30 15:00:00+00:00,4180.25,4203.25,4134.25,2015-01-30 20:55:00+00:00,4143.0,tiempo,74.5,0.0,74.5,46.0,1.6195652173913044
1,1,2015-02-02 15:59:00+00:00,2015-02-02 16:00:00+00:00,4117.25,4107.25,4137.25,2015-02-02 16:06:00+00:00,4137.25,objetivo,40.0,0.0,40.0,20.0,2.0
-1,1,2015-02-02 18:44:00+00:00,2015-02-02 18:45:00+00:00,4120.0,4144.0,4072.0,2015-02-02 19:29:00+00:00,4144.0,stop,-48.0,0.0,-48.0,48.0,-1.0
-1,1,2015-02-03 15:14:00+00:00,2015-02-03 15:15:00+00:00,4193.25,4205.5,4168.75,2015-02-03 17:00:00+00:00,4168.75,objetivo,49.0,0.0,49.0,24.5,2.0
1,1,2015-02-03 18:29:00+00:00,2015-02-03 18:30:00+00:00,4192.0,4183.5,4209.0,2015-02-03 20:01:00+00:00,4209.0,objetivo,34.0,0.0,34.0,17.0,2.0
1,1,2015-02-04 14:59:00+00:00,2015-02-04 15:00:00+00:00,4206.0,4197.25,4223.5,2015-02-04 15:23:00+00:00,4197.25,stop,-17.5,0.0,-17.5,17.5,-1.0
1,1,2015-02-04 15:44:00+00:00,2015-02-04 15:45:00+00:00,4209.0,4191.25,4244.5,2015-02-04 20:55:00+00:00,4209.5,tiempo,1.0,0.0,1.0,35.5,0.028169014084507043
-1,1,2015-02-05 15:14:00+00:00,2015-02-05 15:15:00+00:00,4229.5,4238.25,4212.0,2015-02-05 15:36:00+00:00,4238.25,stop,-17.5,0.0,-17.5,17.5,-1.0
-1,1,2015-02-05 17:29:00+00:00,2015-02-05 17:30:00+00:00,4233.5,4238.75,4223.0,2015-02-05 18:16:00+00:00,4238.75,stop,-10.5,0.0,-10.5,10.5,-1.0
1,1,2015-02-06 14:59:00+00:00,2015-02-06 15:00:00+00:00,4249.0,4237.75,4271.5,2015-02-06 18:25:00+00:00,4237.75,stop,-22.5,0.0,-22.5,22.5,-1.0
1,1,2015-02-09 14:59:00+00:00,2015-02-09 15:00:00+00:00,4219.25,4211.5,4234.75,2015-02-09 15:23:00+00:00,4211.5,stop,-15.5,0.0,-15.5,15.5,-1.0
-1,1,2015-02-09 15:29:00+00:00,2015-02-09 15:30:00+00:00,4210.0,4223.0,4184.0,2015-02-09 16:29:00+00:00,4223.0,stop,-26.0,0.0,-26.0,26.0,-1.0
1,1,2015-02-09 16:29:00+00:00,2015-02-09 16:30:00+00:00,4223.5,4212.75,4245.0,2015-02-09 19:19:00+00:00,4212.75,stop,-21.5,0.0,-21.5,21.5,-1.0
1,1,2015-02-09 19:29:00+00:00,2015-02-09 19:30:00+00:00,4220.0,4212.0,4236.0,2015-02-09 19:48:00+00:00,4212.0,stop,-16.0,0.0,-16.0,16.0,-1.0
-1,1,2015-02-09 19:59:00+00:00,2015-02-09 20:00:00+00:00,4210.5,4219.25,4193.0,2015-02-09 20:43:00+00:00,4219.25,stop,-17.5,0.0,-17.5,17.5,-1.0
1,1,2015-02-10 14:59:00+00:00,2015-02-10 15:00:00+00:00,4238.25,4233.5,4247.75,2015-02-10 15:04:00+00:00,4233.5,stop,-9.5,0.0,-9.5,9.5,-1.0
-1,1,2015-02-10 15:29:00+00:00,2015-02-10 15:30:00+00:00,4235.75,4244.5,4218.25,2015-02-10 16:16:00+00:00,4244.5,stop,-17.5,0.0,-17.5,17.5,-1.0
-1,1,2015-02-11 17:44:00+00:00,2015-02-11 17:45:00+00:00,4288.75,4296.5,4273.25,2015-02-11 19:47:00+00:00,4296.5,stop,-15.5,0.0,-15.5,15.5,-1.0
1,1,2015-02-12 14:59:00+00:00,2015-02-12 15:00:00+00:00,4326.25,4317.5,4343.75,2015-02-12 20:25:00+00:00,4343.75,objetivo,35.0,0.0,35.0,17.5,2.0
-1,1,2015-02-13 15:14:00+00:00,2015-02-13 15:15:00+00:00,4354.25,4361.25,4340.25,2015-02-13 16:03:00+00:00,4361.25,stop,-14.0,0.0,-14.0,14.0,-1.0
1,1,2015-02-13 16:14:00+00:00,2015-02-13 16:15:00+00:00,4361.0,4355.75,4371.5,2015-02-13 18:35:00+00:00,4355.75,stop,-10.5,0.0,-10.5,10.5,-1.0
-1,1,2015-02-13 18:44:00+00:00,2015-02-13 18:45:00+00:00,4357.25,4361.75,4348.25,2015-02-13 18:56:00+00:00,4361.75,stop,-9.0,0.0,-9.0,9.0,-1.0
1,1,2015-02-13 18:59:00+00:00,2015-02-13 19:00:00+00:00,4359.5,4355.25,4368.0,2015-02-13 20:05:00+00:00,4368.0,objetivo,17.0,0.0,17.0,8.5,2.0
1,1,2015-02-16 14:59:00+00:00,2015-02-16 15:00:00+00:00,4381.25,4380.75,4382.25,2015-02-16 15:06:00+00:00,4380.75,stop,-1.0,0.0,-1.0,1.0,-1.0
-1,1,2015-02-16 15:29:00+00:00,2015-02-16 15:30:00+00:00,4380.75,4382.25,4377.75,2015-02-16 15:50:00+00:00,4382.25,stop,-3.0,0.0,-3.0,3.0,-1.0
-1,1,2015-02-16 16:59:00+00:00,2015-02-16 17:00:00+00:00,4377.5,4387.0,4358.5,2015-02-16 17:59:00+00:00,4374.5,fin_de_datos,6.0,0.0,6.0,19.0,0.3157894736842105
1,1,2015-02-17 14:59:00+00:00,2015-02-17 15:00:00+00:00,4377.5,4370.25,4392.0,2015-02-17 20:55:00+00:00,4378.75,tiempo,2.5,0.0,2.5,14.5,0.1724137931034483
-1,1,2015-02-18 15:14:00+00:00,2015-02-18 15:15:00+00:00,4380.75,4385.5,4371.25,2015-02-18 15:40:00+00:00,4385.5,stop,-9.5,0.0,-9.5,9.5,-1.0
1,1,2015-02-18 15:44:00+00:00,2015-02-18 15:45:00+00:00,4384.25,4376.0,4400.75,2015-02-18 19:28:00+00:00,4376.0,stop,-16.5,0.0,-16.5,16.5,-1.0
-1,1,2015-02-18 19:29:00+00:00,2015-02-18 19:30:00+00:00,4377.75,4387.5,4358.25,2015-02-18 20:00:00+00:00,4387.5,stop,-19.5,0.0,-19.5,19.5,-1.0
1,1,2015-02-20 15:14:00+00:00,2015-02-20 15:15:00+00:00,4406.5,4397.0,4425.5,2015-02-20 18:10:00+00:00,4425.5,objetivo,38.0,0.0,38.0,19.0,2.0
-1,1,2015-02-23 15:14:00+00:00,2015-02-23 15:15:00+00:00,4436.5,4441.25,4427.0,2015-02-23 15:44:00+00:00,4441.25,stop,-9.5,0.0,-9.5,9.5,-1.0
1,1,2015-02-23 15:44:00+00:00,2015-02-23 15:45:00+00:00,4441.5,4432.0,4460.5,2015-02-23 20:09:00+00:00,4432.0,stop,-19.0,0.0,-19.0,19.0,-1.0
-1,1,2015-02-24 14:59:00+00:00,2015-02-24 15:00:00+00:00,4434.75,4441.5,4421.25,2015-02-24 15:22:00+00:00,4441.5,stop,-13.5,0.0,-13.5,13.5,-1.0
-1,1,2015-02-24 17:44:00+00:00,2015-02-24 17:45:00+00:00,4439.5,4444.0,4430.5,2015-02-24 17:56:00+00:00,4444.0,stop,-9.0,0.0,-9.0,9.0,-1.0
1,1,2015-02-24 17:59:00+00:00,2015-02-24 18:00:00+00:00,4442.25,4437.5,4451.75,2015-02-24 19:54:00+00:00,4451.75,objetivo,19.0,0.0,19.0,9.5,2.0
-1,1,2015-02-25 15:29:00+00:00,2015-02-25 15:30:00+00:00,4443.75,4449.0,4433.25,2015-02-25 15:43:00+00:00,4449.0,stop,-10.5,0.0,-10.5,10.5,-1.0
1,1,2015-02-25 15:44:00+00:00,2015-02-25 15:45:00+00:00,4451.25,4442.0,4469.75,2015-02-25 19:39:00+00:00,4442.0,stop,-18.5,0.0,-18.5,18.5,-1.0
-1,1,2015-02-25 19:44:00+00:00,2015-02-25 19:45:00+00:00,4438.75,4454.25,4407.75,2015-02-25 20:55:00+00:00,4440.25,tiempo,-3.0,0.0,-3.0,31.0,-0.0967741935483871
-1,1,2015-02-26 14:59:00+00:00,2015-02-26 15:00:00+00:00,4433.0,4447.25,4404.5,2015-02-26 15:35:00+00:00,4447.25,stop,-28.5,0.0,-28.5,28.5,-1.0
-1,1,2015-02-26 19:29:00+00:00,2015-02-26 19:30:00+00:00,4445.75,4453.5,4430.25,2015-02-26 20:17:00+00:00,4453.5,stop,-15.5,0.0,-15.5,15.5,-1.0
1,1,2015-02-27 14:59:00+00:00,2015-02-27 15:00:00+00:00,4457.25,4446.5,4478.75,2015-02-27 18:41:00+00:00,4446.5,stop,-21.5,0.0,-21.5,21.5,-1.0
-1,1,2015-03-02 17:29:00+00:00,2015-03-02 17:30:00+00:00,4466.75,4470.25,4459.75,2015-03-02 18:24:00+00:00,4459.75,objetivo,14.0,0.0,14.0,7.0,2.0
1,1,2015-03-02 18:44:00+00:00,2015-03-02 18:45:00+00:00,4468.25,4461.25,4482.25,2015-03-02 20:50:00+00:00,4482.25,objetivo,28.0,0.0,28.0,14.0,2.0
1,1,2015-03-03 19:14:00+00:00,2015-03-03 19:15:00+00:00,4456.0,4449.0,4470.0,2015-03-03 20:55:00+00:00,4458.5,tiempo,5.0,0.0,5.0,14.0,0.35714285714285715
1,1,2015-03-04 15:44:00+00:00,2015-03-04 15:45:00+00:00,4434.75,4423.75,4456.75,2015-03-04 20:55:00+00:00,4444.5,tiempo,19.5,0.0,19.5,22.0,0.8863636363636364
1,1,2015-03-05 14:59:00+00:00,2015-03-05 15:00:00+00:00,4456.5,4449.0,4471.5,2015-03-05 16:08:00+00:00,4449.0,stop,-15.0,0.0,-15.0,15.0,-1.0
-1,1,2015-03-05 16:14:00+00:00,2015-03-05 16:15:00+00:00,4446.25,4458.75,4421.25,2015-03-05 20:55:00+00:00,4453.5,tiempo,-14.5,0.0,-14.5,25.0,-0.58
1,1,2015-03-06 14:59:00+00:00,2015-03-06 15:00:00+00:00,4448.5,4434.0,4477.5,2015-03-06 16:06:00+00:00,4434.0,stop,-29.0,0.0,-29.0,29.0,-1.0
1,1,2015-03-09 13:59:00+00:00,2015-03-09 14:00:00+00:00,4406.25,4391.75,4435.25,2015-03-09 19:55:00+00:00,4417.5,tiempo,22.5,0.0,22.5,29.0,0.7758620689655172
1,1,2015-03-10 15:14:00+00:00,2015-03-10 15:15:00+00:00,4362.75,4349.25,4389.75,2015-03-10 15:49:00+00:00,4349.25,stop,-27.0,0.0,-27.0,27.0,-1.0
-1,1,2015-03-11 14:29:00+00:00,2015-03-11 14:30:00+00:00,4332.0,4335.0,4326.0,2015-03-11 14:30:00+00:00,4335.0,stop,-6.0,0.0,-6.0,6.0,-1.0
1,1,2015-03-11 15:29:00+00:00,2015-03-11 15:30:00+00:00,4333.0,4324.0,4351.0,2015-03-11 16:26:00+00:00,4324.0,stop,-18.0,0.0,-18.0,18.0,-1.0
1,1,2015-03-11 16:44:00+00:00,2015-03-11 16:45:00+00:00,4331.25,4324.25,4345.25,2015-03-11 17:04:00+00:00,4324.25,stop,-14.0,0.0,-14.0,14.0,-1.0
-1,1,2015-03-13 14:14:00+00:00,2015-03-13 14:15:00+00:00,4327.75,4339.25,4304.75,2015-03-13 14:57:00+00:00,4304.75,objetivo,46.0,0.0,46.0,23.0,2.0
-1,1,2015-03-17 14:14:00+00:00,2015-03-17 14:15:00+00:00,4352.5,4358.5,4340.5,2015-03-17 14:32:00+00:00,4358.5,stop,-12.0,0.0,-12.0,12.0,-1.0
-1,1,2015-03-17 15:14:00+00:00,2015-03-17 15:15:00+00:00,4349.25,4354.5,4338.75,2015-03-17 15:58:00+00:00,4354.5,stop,-10.5,0.0,-10.5,10.5,-1.0
1,1,2015-03-17 15:59:00+00:00,2015-03-17 16:00:00+00:00,4357.0,4347.75,4375.5,2015-03-17 19:11:00+00:00,4375.5,objetivo,37.0,0.0,37.0,18.5,2.0
1,1,2015-03-18 14:14:00+00:00,2015-03-18 14:15:00+00:00,4355.5,4353.25,4360.0,2015-03-18 14:25:00+00:00,4360.0,objetivo,9.0,0.0,9.0,4.5,2.0
-1,1,2015-03-18 15:29:00+00:00,2015-03-18 15:30:00+00:00,4356.25,4363.5,4341.75,2015-03-18 17:38:00+00:00,4341.75,objetivo,29.0,0.0,29.0,14.5,2.0
1,1,2015-03-18 18:14:00+00:00,2015-03-18 18:15:00+00:00,4400.0,4349.5,4501.0,2015-03-18 19:55:00+00:00,4414.0,tiempo,28.0,0.0,28.0,101.0,0.27722772277227725
1,1,2015-03-19 13:59:00+00:00,2015-03-19 14:00:00+00:00,4425.25,4413.0,4449.75,2015-03-19 17:00:00+00:00,4413.0,stop,-24.5,0.0,-24.5,24.5,-1.0
1,1,2015-03-19 17:29:00+00:00,2015-03-19 17:30:00+00:00,4427.0,4417.75,4445.5,2015-03-19 19:55:00+00:00,4421.5,tiempo,-11.0,0.0,-11.0,18.5,-0.5945945945945946
1,1,2015-03-20 14:44:00+00:00,2015-03-20 14:45:00+00:00,4458.25,4450.25,4474.25,2015-03-20 14:49:00+00:00,4450.25,stop,-16.0,0.0,-16.0,16.0,-1.0
-1,1,2015-03-20 14:59:00+00:00,2015-03-20 15:00:00+00:00,4454.5,4458.75,4446.0,2015-03-20 15:02:00+00:00,4458.75,stop,-8.5,0.0,-8.5,8.5,-1.0
1,1,2015-03-20 15:14:00+00:00,2015-03-20 15:15:00+00:00,4459.25,4454.25,4469.25,2015-03-20 17:17:00+00:00,4469.25,objetivo,20.0,0.0,20.0,10.0,2.0
-1,1,2015-03-23 13:59:00+00:00,2015-03-23 14:00:00+00:00,4444.5,4451.0,4431.5,2015-03-23 14:08:00+00:00,4451.0,stop,-13.0,0.0,-13.0,13.0,-1.0
1,1,2015-03-23 14:14:00+00:00,2015-03-23 14:15:00+00:00,4454.75,4442.75,4478.75,2015-03-23 19:55:00+00:00,4444.0,tiempo,-21.5,0.0,-21.5,24.0,-0.8958333333333334
1,1,2015-03-24 13:59:00+00:00,2015-03-24 14:00:00+00:00,4444.75,4434.25,4465.75,2015-03-24 17:33:00+00:00,4434.25,stop,-21.0,0.0,-21.0,21.0,-1.0
-1,1,2015-03-26 13:59:00+00:00,2015-03-26 14:00:00+00:00,4285.25,4312.75,4230.25,2015-03-26 15:40:00+00:00,4312.75,stop,-55.0,0.0,-55.0,55.0,-1.0
-1,1,2015-03-27 14:14:00+00:00,2015-03-27 14:15:00+00:00,4308.25,4327.5,4269.75,2015-03-27 15:13:00+00:00,4327.5,stop,-38.5,0.0,-38.5,38.5,-1.0
-1,1,2015-03-27 15:59:00+00:00,2015-03-27 16:00:00+00:00,4313.75,4320.0,4301.25,2015-03-27 19:35:00+00:00,4320.0,stop,-12.5,0.0,-12.5,12.5,-1.0
-1,1,2015-03-30 14:14:00+00:00,2015-03-30 14:15:00+00:00,4362.75,4377.75,4332.75,2015-03-30 19:55:00+00:00,4374.5,tiempo,-23.5,0.0,-23.5,30.0,-0.7833333333333333
1,1,2015-03-31 14:29:00+00:00,2015-03-31 14:30:00+00:00,4358.75,4352.25,4371.75,2015-03-31 16:00:00+00:00,4352.25,stop,-13.0,0.0,-13.0,13.0,-1.0
1,1,2015-03-31 17:14:00+00:00,2015-03-31 17:15:00+00:00,4359.5,4357.0,4364.5,2015-03-31 17:34:00+00:00,4364.5,objetivo,10.0,0.0,10.0,5.0,2.0
-1,1,2015-03-31 17:59:00+00:00,2015-03-31 18:00:00+00:00,4353.75,4362.75,4335.75,2015-03-31 19:17:00+00:00,4335.75,objetivo,36.0,0.0,36.0,18.0,2.0
1,1,2015-04-01 14:59:00+00:00,2015-04-01 15:00:00+00:00,4296.75,4286.75,4316.75,2015-04-01 16:13:00+00:00,4286.75,stop,-20.0,0.0,-20.0,20.0,-1.0
1,1,2015-04-01 17:29:00+00:00,2015-04-01 17:30:00+00:00,4294.5,4288.25,4307.0,2015-04-01 18:17:00+00:00,4288.25,stop,-12.5,0.0,-12.5,12.5,-1.0
1,1,2015-04-02 13:59:00+00:00,2015-04-02 14:00:00+00:00,4315.0,4300.25,4344.5,2015-04-02 16:04:00+00:00,4300.25,stop,-29.5,0.0,-29.5,29.5,-1.0
1,1,2015-04-02 16:44:00+00:00,2015-04-02 16:45:00+00:00,4308.25,4301.5,4321.75,2015-04-02 19:55:00+00:00,4314.0,tiempo,11.5,0.0,11.5,13.5,0.8518518518518519
-1,1,2015-04-07 13:59:00+00:00,2015-04-07 14:00:00+00:00,4351.5,4363.5,4327.5,2015-04-07 14:22:00+00:00,4363.5,stop,-24.0,0.0,-24.0,24.0,-1.0
-1,1,2015-04-07 17:59:00+00:00,2015-04-07 18:00:00+00:00,4360.0,4364.75,4350.5,2015-04-07 19:23:00+00:00,4350.5,objetivo,19.0,0.0,19.0,9.5,2.0
-1,1,2015-04-08 14:44:00+00:00,2015-04-08 14:45:00+00:00,4344.25,4363.5,4305.75,2015-04-08 15:19:00+00:00,4363.5,stop,-38.5,0.0,-38.5,38.5,-1.0
1,1,2015-04-09 16:29:00+00:00,2015-04-09 16:30:00+00:00,4380.5,4370.5,4400.5,2015-04-09 19:55:00+00:00,4396.25,tiempo,31.5,0.0,31.5,20.0,1.575
1,1,2015-04-10 13:59:00+00:00,2015-04-10 14:00:00+00:00,4395.5,4385.75,4415.0,2015-04-10 18:55:00+00:00,4415.0,objetivo,39.0,0.0,39.0,19.5,2.0
-1,1,2015-04-13 14:59:00+00:00,2015-04-13 15:00:00+00:00,4432.25,4436.25,4424.25,2015-04-13 15:14:00+00:00,4436.25,stop,-8.0,0.0,-8.0,8.0,-1.0
1,1,2015-04-13 15:14:00+00:00,2015-04-13 15:15:00+00:00,4435.75,4431.5,4444.25,2015-04-13 15:29:00+00:00,4431.5,stop,-8.5,0.0,-8.5,8.5,-1.0
-1,1,2015-04-13 15:29:00+00:00,2015-04-13 15:30:00+00:00,4431.0,4437.0,4419.0,2015-04-13 17:08:00+00:00,4419.0,objetivo,24.0,0.0,24.0,12.0,2.0
1,1,2015-04-14 16:14:00+00:00,2015-04-14 16:15:00+00:00,4387.25,4380.75,4400.25,2015-04-14 17:17:00+00:00,4380.75,stop,-13.0,0.0,-13.0,13.0,-1.0
1,1,2015-04-14 18:59:00+00:00,2015-04-14 19:00:00+00:00,4388.0,4382.25,4399.5,2015-04-14 19:55:00+00:00,4387.75,tiempo,-0.5,0.0,-0.5,11.5,-0.043478260869565216
-1,1,2015-04-15 14:29:00+00:00,2015-04-15 14:30:00+00:00,4405.5,4410.0,4396.5,2015-04-15 14:59:00+00:00,4410.0,stop,-9.0,0.0,-9.0,9.0,-1.0
-1,1,2015-04-15 15:29:00+00:00,2015-04-15 15:30:00+00:00,4404.5,4409.0,4395.5,2015-04-15 15:57:00+00:00,4409.0,stop,-9.0,0.0,-9.0,9.0,-1.0
1,1,2015-04-15 15:59:00+00:00,2015-04-15 16:00:00+00:00,4409.25,4402.75,4422.25,2015-04-15 17:45:00+00:00,4422.25,objetivo,26.0,0.0,26.0,13.0,2.0
-1,1,2015-04-16 14:29:00+00:00,2015-04-16 14:30:00+00:00,4405.25,4414.5,4386.75,2015-04-16 14:56:00+00:00,4414.5,stop,-18.5,0.0,-18.5,18.5,-1.0
1,1,2015-04-16 15:14:00+00:00,2015-04-16 15:15:00+00:00,4411.75,4408.75,4417.75,2015-04-16 15:43:00+00:00,4408.75,stop,-6.0,0.0,-6.0,6.0,-1.0
-1,1,2015-04-16 15:44:00+00:00,2015-04-16 15:45:00+00:00,4408.0,4414.5,4395.0,2015-04-16 16:14:00+00:00,4414.5,stop,-13.0,0.0,-13.0,13.0,-1.0
-1,1,2015-04-16 17:29:00+00:00,2015-04-16 17:30:00+00:00,4409.0,4414.25,4398.5,2015-04-16 17:45:00+00:00,4414.25,stop,-10.5,0.0,-10.5,10.5,-1.0
1,1,2015-04-21 15:14:00+00:00,2015-04-21 15:15:00+00:00,4432.75,4426.75,4444.75,2015-04-21 15:45:00+00:00,4426.75,stop,-12.0,0.0,-12.0,12.0,-1.0
1,1,2015-04-21 17:14:00+00:00,2015-04-21 17:15:00+00:00,4437.75,4430.75,4451.75,2015-04-21 17:37:00+00:00,4430.75,stop,-14.0,0.0,-14.0,14.0,-1.0
-1,1,2015-04-21 17:59:00+00:00,2015-04-21 18:00:00+00:00,4429.0,4434.25,4418.5,2015-04-21 18:21:00+00:00,4434.25,stop,-10.5,0.0,-10.5,10.5,-1.0
1,1,2015-04-21 18:29:00+00:00,2015-04-21 18:30:00+00:00,4436.5,4430.0,4449.5,2015-04-21 19:26:00+00:00,4430.0,stop,-13.0,0.0,-13.0,13.0,-1.0
1,1,2015-04-22 14:44:00+00:00,2015-04-22 14:45:00+00:00,4426.0,4416.5,4445.0,2015-04-22 17:43:00+00:00,4445.0,objetivo,38.0,0.0,38.0,19.0,2.0
-1,1,2015-04-23 14:59:00+00:00,2015-04-23 15:00:00+00:00,4442.75,4453.0,4422.25,2015-04-23 15:36:00+00:00,4453.0,stop,-20.5,0.0,-20.5,20.5,-1.0
-1,1,2015-04-23 15:44:00+00:00,2015-04-23 15:45:00+00:00,4449.5,4454.0,4440.5,2015-04-23 15:51:00+00:00,4454.0,stop,-9.0,0.0,-9.0,9.0,-1.0
1,1,2015-04-23 15:59:00+00:00,2015-04-23 16:00:00+00:00,4462.5,4449.25,4489.0,2015-04-23 19:16:00+00:00,4489.0,objetivo,53.0,0.0,53.0,26.5,2.0
1,1,2015-04-24 13:59:00+00:00,2015-04-24 14:00:00+00:00,4520.75,4511.0,4540.25,2015-04-24 14:05:00+00:00,4511.0,stop,-19.5,0.0,-19.5,19.5,-1.0
-1,1,2015-04-27 14:59:00+00:00,2015-04-27 15:00:00+00:00,4540.5,4550.5,4520.5,2015-04-27 18:02:00+00:00,4520.5,objetivo,40.0,0.0,40.0,20.0,2.0
1,1,2015-04-28 14:44:00+00:00,2015-04-28 14:45:00+00:00,4500.0,4490.5,4519.0,2015-04-28 15:35:00+00:00,4519.0,objetivo,38.0,0.0,38.0,19.0,2.0
-1,1,2015-04-29 13:59:00+00:00,2015-04-29 14:00:00+00:00,4500.0,4511.0,4478.0,2015-04-29 16:07:00+00:00,4478.0,objetivo,44.0,0.0,44.0,22.0,2.0
1,1,2015-04-29 18:29:00+00:00,2015-04-29 18:30:00+00:00,4489.5,4470.5,4527.5,2015-04-29 19:55:00+00:00,4479.0,tiempo,-21.0,0.0,-21.0,38.0,-0.5526315789473685
-1,1,2015-04-30 13:59:00+00:00,2015-04-30 14:00:00+00:00,4447.25,4472.75,4396.25,2015-04-30 19:03:00+00:00,4396.25,objetivo,102.0,0.0,102.0,51.0,2.0
-1,1,2015-05-01 13:59:00+00:00,2015-05-01 14:00:00+00:00,4434.5,4446.25,4411.0,2015-05-01 14:18:00+00:00,4446.25,stop,-23.5,0.0,-23.5,23.5,-1.0
-1,1,2015-05-01 14:44:00+00:00,2015-05-01 14:45:00+00:00,4436.25,4450.0,4408.75,2015-05-01 15:30:00+00:00,4450.0,stop,-27.5,0.0,-27.5,27.5,-1.0
-1,1,2015-05-01 15:59:00+00:00,2015-05-01 16:00:00+00:00,4437.25,4440.5,4430.75,2015-05-01 16:29:00+00:00,4440.5,stop,-6.5,0.0,-6.5,6.5,-1.0
1,1,2015-05-01 16:29:00+00:00,2015-05-01 16:30:00+00:00,4440.25,4433.25,4454.25,2015-05-01 17:50:00+00:00,4454.25,objetivo,28.0,0.0,28.0,14.0,2.0
-1,1,2015-05-04 14:59:00+00:00,2015-05-04 15:00:00+00:00,4487.5,4496.25,4470.0,2015-05-04 19:55:00+00:00,4475.5,tiempo,24.0,0.0,24.0,17.5,1.3714285714285714
-1,1,2015-05-05 13:59:00+00:00,2015-05-05 14:00:00+00:00,4436.25,4459.75,4389.25,2015-05-05 19:55:00+00:00,4403.75,tiempo,65.0,0.0,65.0,47.0,1.3829787234042554
1,1,2015-05-06 14:59:00+00:00,2015-05-06 15:00:00+00:00,4388.75,4377.75,4410.75,2015-05-06 15:15:00+00:00,4377.75,stop,-22.0,0.0,-22.0,22.0,-1.0
1,1,2015-05-06 15:29:00+00:00,2015-05-06 15:30:00+00:00,4384.0,4376.75,4398.5,2015-05-06 16:05:00+00:00,4376.75,stop,-14.5,0.0,-14.5,14.5,-1.0
-1,1,2015-05-06 16:14:00+00:00,2015-05-06 16:15:00+00:00,4375.5,4386.5,4353.5,2015-05-06 17:48:00+00:00,4353.5,objetivo,44.0,0.0,44.0,22.0,2.0
-1,1,2015-05-07 13:59:00+00:00,2015-05-07 14:00:00+00:00,4377.0,4397.5,4336.0,2015-05-07 14:52:00+00:00,4397.5,stop,-41.0,0.0,-41.0,41.0,-1.0
-1,1,2015-05-08 17:59:00+00:00,2015-05-08 18:00:00+00:00,4450.75,4453.75,4444.75,2015-05-08 19:14:00+00:00,4453.75,stop,-6.0,0.0,-6.0,6.0,-1.0
1,1,2015-05-11 14:14:00+00:00,2015-05-11 14:15:00+00:00,4458.5,4455.0,4465.5,2015-05-11 14:17:00+00:00,4455.0,stop,-7.0,0.0,-7.0,7.0,-1.0
-1,1,2015-05-11 14:29:00+00:00,2015-05-11 14:30:00+00:00,4448.25,4459.25,4426.25,2015-05-11 19:55:00+00:00,4437.75,tiempo,21.0,0.0,21.0,22.0,0.9545454545454546
1,1,2015-05-12 14:44:00+00:00,2015-05-12 14:45:00+00:00,4409.25,4387.0,4453.75,2015-05-12 19:55:00+00:00,4423.25,tiempo,28.0,0.0,28.0,44.5,0.6292134831460674
-1,1,2015-05-13 13:59:00+00:00,2015-05-13 14:00:00+00:00,4446.0,4455.25,4427.5,2015-05-13 15:00:00+00:00,4427.5,objetivo,37.0,0.0,37.0,18.5,2.0
1,1,2015-05-14 14:14:00+00:00,2015-05-14 14:15:00+00:00,4466.25,4447.5,4503.75,2015-05-14 19:55:00+00:00,4490.0,tiempo,47.5,0.0,47.5,37.5,1.2666666666666666
1,1,2015-05-15 14:59:00+00:00,2015-05-15 15:00:00+00:00,4492.25,4488.75,4499.25,2015-05-15 15:19:00+00:00,4488.75,stop,-7.0,0.0,-7.0,7.0,-1.0
-1,1,2015-05-15 15:29:00+00:00,2015-05-15 15:30:00+00:00,4484.25,4493.0,4466.75,2015-05-15 19:55:00+00:00,4488.25,tiempo,-8.0,0.0,-8.0,17.5,-0.45714285714285713
1,1,2015-05-18 13:59:00+00:00,2015-05-18 14:00:00+00:00,4490.0,4479.25,4511.5,2015-05-18 17:50:00+00:00,4511.5,objetivo,43.0,0.0,43.0,21.5,2.0
-1,1,2015-05-19 13:59:00+00:00,2015-05-19 14:00:00+00:00,4514.75,4519.0,4506.25,2015-05-19 14:10:00+00:00,4506.25,objetivo,17.0,0.0,17.0,8.5,2.0
1,1,2015-05-19 14:29:00+00:00,2015-05-19 14:30:00+00:00,4513.25,4504.25,4531.25,2015-05-19 15:03:00+00:00,4504.25,stop,-18.0,0.0,-18.0,18.0,-1.0
1,1,2015-05-19 17:44:00+00:00,2015-05-19 17:45:00+00:00,4514.75,4509.0,4526.25,2015-05-19 18:35:00+00:00,4509.0,stop,-11.5,0.0,-11.5,11.5,-1.0
-1,1,2015-05-19 18:44:00+00:00,2015-05-19 18:45:00+00:00,4506.5,4513.0,4493.5,2015-05-19 19:55:00+00:00,4500.5,tiempo,12.0,0.0,12.0,13.0,0.9230769230769231
1,1,2015-05-20 14:14:00+00:00,2015-05-20 14:15:00+00:00,4494.25,4482.75,4517.25,2015-05-20 18:18:00+00:00,4517.25,objetivo,46.0,0.0,46.0,23.0,2.0
-1,1,2015-05-22 15:14:00+00:00,2015-05-22 15:15:00+00:00,4529.25,4539.0,4509.75,2015-05-22 17:03:00+00:00,4539.0,stop,-19.5,0.0,-19.5,19.5,-1.0
-1,1,2015-05-22 18:14:00+00:00,2015-05-22 18:15:00+00:00,4532.75,4537.75,4522.75,2015-05-22 19:19:00+00:00,4537.75,stop,-10.0,0.0,-10.0,10.0,-1.0
-1,1,2015-05-28 13:59:00+00:00,2015-05-28 14:00:00+00:00,4526.5,4543.5,4492.5,2015-05-28 19:55:00+00:00,4536.25,tiempo,-19.5,0.0,-19.5,34.0,-0.5735294117647058
1,1,2015-05-29 13:59:00+00:00,2015-05-29 14:00:00+00:00,4532.25,4525.25,4546.25,2015-05-29 14:06:00+00:00,4525.25,stop,-14.0,0.0,-14.0,14.0,-1.0
-1,1,2015-05-29 14:14:00+00:00,2015-05-29 14:15:00+00:00,4521.5,4535.25,4494.0,2015-05-29 19:55:00+00:00,4511.5,tiempo,20.0,0.0,20.0,27.5,0.7272727272727273
1,1,2015-06-01 14:59:00+00:00,2015-06-01 15:00:00+00:00,4509.75,4493.25,4542.75,2015-06-01 19:55:00+00:00,4519.5,tiempo,19.5,0.0,19.5,33.0,0.5909090909090909
1,1,2015-06-02 13:59:00+00:00,2015-06-02 14:00:00+00:00,4497.25,4483.75,4524.25,2015-06-02 16:06:00+00:00,4524.25,objetivo,54.0,0.0,54.0,27.0,2.0
-1,1,2015-06-03 15:29:00+00:00,2015-06-03 15:30:00+00:00,4528.75,4535.25,4515.75,2015-06-03 16:21:00+00:00,4515.75,objetivo,26.0,0.0,26.0,13.0,2.0
-1,1,2015-06-04 14:59:00+00:00,2015-06-04 15:00:00+00:00,4506.25,4515.0,4488.75,2015-06-04 17:07:00+00:00,4488.75,objetivo,35.0,0.0,35.0,17.5,2.0
1,1,2015-06-05 13:59:00+00:00,2015-06-05 14:00:00+00:00,4466.5,4453.75,4492.0,2015-06-05 14:37:00+00:00,4492.0,objetivo,51.0,0.0,51.0,25.5,2.0
1,1,2015-06-09 14:59:00+00:00,2015-06-09 15:00:00+00:00,4415.25,4404.5,4436.75,2015-06-09 17:27:00+00:00,4436.75,objetivo,43.0,0.0,43.0,21.5,2.0
1,1,2015-06-11 13:59:00+00:00,2015-06-11 14:00:00+00:00,4509.75,4500.0,4529.25,2015-06-11 14:30:00+00:00,4500.0,stop,-19.5,0.0,-19.5,19.5,-1.0
1,1,2015-06-12 14:14:00+00:00,2015-06-12 14:15:00+00:00,4468.75,4463.5,4479.25,2015-06-12 14:21:00+00:00,4463.5,stop,-10.5,0.0,-10.5,10.5,-1.0
-1,1,2015-06-12 14:29:00+00:00,2015-06-12 14:30:00+00:00,4465.0,4472.5,4450.0,2015-06-12 14:58:00+00:00,4450.0,objetivo,30.0,0.0,30.0,15.0,2.0
1,1,2015-06-12 15:29:00+00:00,2015-06-12 15:30:00+00:00,4462.75,4455.25,4477.75,2015-06-12 15:46:00+00:00,4455.25,stop,-15.0,0.0,-15.0,15.0,-1.0
1,1,2015-06-15 14:14:00+00:00,2015-06-15 14:15:00+00:00,4399.75,4391.25,4416.75,2015-06-15 15:10:00+00:00,4416.75,objetivo,34.0,0.0,34.0,17.0,2.0
-1,1,2015-06-16 14:14:00+00:00,2015-06-16 14:15:00+00:00,4419.75,4436.5,4386.25,2015-06-16 15:11:00+00:00,4436.5,stop,-33.5,0.0,-33.5,33.5,-1.0
1,1,2015-06-16 15:14:00+00:00,2015-06-16 15:15:00+00:00,4438.0,4425.75,4462.5,2015-06-16 19:55:00+00:00,4446.75,tiempo,17.5,0.0,17.5,24.5,0.7142857142857143
-1,1,2015-06-17 14:29:00+00:00,2015-06-17 14:30:00+00:00,4460.5,4462.25,4457.0,2015-06-17 14:35:00+00:00,4462.25,stop,-3.5,0.0,-3.5,3.5,-1.0
1,1,2015-06-17 14:44:00+00:00,2015-06-17 14:45:00+00:00,4461.5,4459.25,4466.0,2015-06-17 15:13:00+00:00,4459.25,stop,-4.5,0.0,-4.5,4.5,-1.0
-1,1,2015-06-17 15:14:00+00:00,2015-06-17 15:15:00+00:00,4459.0,4465.5,4446.0,2015-06-17 16:07:00+00:00,4446.0,objetivo,26.0,0.0,26.0,13.0,2.0
1,1,2015-06-17 18:14:00+00:00,2015-06-17 18:15:00+00:00,4460.25,4431.25,4518.25,2015-06-17 19:55:00+00:00,4464.75,tiempo,9.0,0.0,9.0,58.0,0.15517241379310345
1,1,2015-06-19 14:59:00+00:00,2015-06-19 15:00:00+00:00,4519.75,4513.0,4533.25,2015-06-19 15:46:00+00:00,4513.0,stop,-13.5,0.0,-13.5,13.5,-1.0
1,1,2015-06-22 13:59:00+00:00,2015-06-22 14:00:00+00:00,4540.25,4536.5,4547.75,2015-06-22 14:34:00+00:00,4536.5,stop,-7.5,0.0,-7.5,7.5,-1.0
1,1,2015-06-22 14:44:00+00:00,2015-06-22 14:45:00+00:00,4542.75,4536.5,4555.25,2015-06-22 14:50:00+00:00,4536.5,stop,-12.5,0.0,-12.5,12.5,-1.0
-1,1,2015-06-22 16:14:00+00:00,2015-06-22 16:15:00+00:00,4540.25,4545.75,4529.25,2015-06-22 17:30:00+00:00,4529.25,objetivo,22.0,0.0,22.0,11.0,2.0
1,1,2015-06-22 18:59:00+00:00,2015-06-22 19:00:00+00:00,4541.25,4537.25,4549.25,2015-06-22 19:47:00+00:00,4537.25,stop,-8.0,0.0,-8.0,8.0,-1.0
1,1,2015-06-23 14:14:00+00:00,2015-06-23 14:15:00+00:00,4541.25,4532.5,4558.75,2015-06-23 14:19:00+00:00,4532.5,stop,-17.5,0.0,-17.5,17.5,-1.0
-1,1,2015-06-23 14:29:00+00:00,2015-06-23 14:30:00+00:00,4527.5,4541.75,4499.0,2015-06-23 19:26:00+00:00,4541.75,stop,-28.5,0.0,-28.5,28.5,-1.0
-1,1,2015-06-24 15:14:00+00:00,2015-06-24 15:15:00+00:00,4542.5,4549.75,4528.0,2015-06-24 16:53:00+00:00,4528.0,objetivo,29.0,0.0,29.0,14.5,2.0
1,1,2015-06-25 13:59:00+00:00,2015-06-25 14:00:00+00:00,4528.25,4519.5,4545.75,2015-06-25 17:34:00+00:00,4519.5,stop,-17.5,0.0,-17.5,17.5,-1.0
-1,1,2015-06-26 14:44:00+00:00,2015-06-26 14:45:00+00:00,4495.75,4504.5,4478.25,2015-06-26 16:39:00+00:00,4478.25,objetivo,35.0,0.0,35.0,17.5,2.0
-1,1,2015-06-29 14:29:00+00:00,2015-06-29 14:30:00+00:00,4432.0,4447.75,4400.5,2015-06-29 18:05:00+00:00,4400.5,objetivo,63.0,0.0,63.0,31.5,2.0
1,1,2015-06-30 14:29:00+00:00,2015-06-30 14:30:00+00:00,4392.75,4381.0,4416.25,2015-06-30 14:48:00+00:00,4381.0,stop,-23.5,0.0,-23.5,23.5,-1.0
1,1,2015-06-30 15:14:00+00:00,2015-06-30 15:15:00+00:00,4390.75,4385.75,4400.75,2015-06-30 15:32:00+00:00,4385.75,stop,-10.0,0.0,-10.0,10.0,-1.0
1,1,2015-06-30 17:44:00+00:00,2015-06-30 17:45:00+00:00,4394.5,4385.25,4413.0,2015-06-30 19:55:00+00:00,4397.25,tiempo,5.5,0.0,5.5,18.5,0.2972972972972973
-1,1,2015-07-01 14:44:00+00:00,2015-07-01 14:45:00+00:00,4425.75,4432.5,4412.25,2015-07-01 16:20:00+00:00,4412.25,objetivo,27.0,0.0,27.0,13.5,2.0
-1,1,2015-07-02 13:59:00+00:00,2015-07-02 14:00:00+00:00,4426.0,4436.75,4404.5,2015-07-02 19:55:00+00:00,4426.25,tiempo,-0.5,0.0,-0.5,21.5,-0.023255813953488372
1,1,2015-07-03 14:59:00+00:00,2015-07-03 15:00:00+00:00,4418.0,4414.25,4425.5,2015-07-03 15:43:00+00:00,4414.25,stop,-7.5,0.0,-7.5,7.5,-1.0
-1,1,2015-07-03 15:44:00+00:00,2015-07-03 15:45:00+00:00,4413.5,4420.0,4400.5,2015-07-03 16:59:00+00:00,4417.75,fin_de_datos,-8.5,0.0,-8.5,13.0,-0.6538461538461539
-1,1,2015-07-06 15:29:00+00:00,2015-07-06 15:30:00+00:00,4413.0,4420.5,4398.0,2015-07-06 17:41:00+00:00,4398.0,objetivo,30.0,0.0,30.0,15.0,2.0
1,1,2015-07-07 16:44:00+00:00,2015-07-07 16:45:00+00:00,4372.0,4359.0,4398.0,2015-07-07 18:41:00+00:00,4398.0,objetivo,52.0,0.0,52.0,26.0,2.0
1,1,2015-07-08 14:59:00+00:00,2015-07-08 15:00:00+00:00,4381.0,4366.75,4409.5,2015-07-08 15:09:00+00:00,4366.75,stop,-28.5,0.0,-28.5,28.5,-1.0
-1,1,2015-07-08 15:14:00+00:00,2015-07-08 15:15:00+00:00,4367.5,4381.25,4340.0,2015-07-08 18:49:00+00:00,4340.0,objetivo,55.0,0.0,55.0,27.5,2.0
1,1,2015-07-09 15:14:00+00:00,2015-07-09 15:15:00+00:00,4394.5,4388.25,4407.0,2015-07-09 15:26:00+00:00,4388.25,stop,-12.5,0.0,-12.5,12.5,-1.0
-1,1,2015-07-09 15:29:00+00:00,2015-07-09 15:30:00+00:00,4386.0,4395.75,4366.5,2015-07-09 17:21:00+00:00,4366.5,objetivo,39.0,0.0,39.0,19.5,2.0
1,1,2015-07-10 14:29:00+00:00,2015-07-10 14:30:00+00:00,4398.5,4391.75,4412.0,2015-07-10 14:41:00+00:00,4391.75,stop,-13.5,0.0,-13.5,13.5,-1.0
-1,1,2015-07-10 14:44:00+00:00,2015-07-10 14:45:00+00:00,4388.25,4401.75,4361.25,2015-07-10 15:00:00+00:00,4401.75,stop,-27.0,0.0,-27.0,27.0,-1.0
-1,1,2015-07-15 14:29:00+00:00,2015-07-15 14:30:00+00:00,4527.0,4537.0,4507.0,2015-07-15 15:00:00+00:00,4537.0,stop,-20.0,0.0,-20.0,20.0,-1.0
-1,1,2015-07-15 15:59:00+00:00,2015-07-15 16:00:00+00:00,4530.5,4535.25,4521.0,2015-07-15 18:35:00+00:00,4521.0,objetivo,19.0,0.0,19.0,9.5,2.0
-1,1,2015-07-16 14:14:00+00:00,2015-07-16 14:15:00+00:00,4555.5,4562.5,4541.5,2015-07-16 14:25:00+00:00,4562.5,stop,-14.0,0.0,-14.0,14.0,-1.0
1,1,2015-07-16 14:29:00+00:00,2015-07-16 14:30:00+00:00,4559.75,4555.25,4568.75,2015-07-16 15:26:00+00:00,4568.75,objetivo,18.0,0.0,18.0,9.0,2.0
1,1,2015-07-17 13:59:00+00:00,2015-07-17 14:00:00+00:00,4626.25,4616.5,4645.75,2015-07-17 18:40:00+00:00,4645.75,objetivo,39.0,0.0,39.0,19.5,2.0
1,1,2015-07-20 13:59:00+00:00,2015-07-20 14:00:00+00:00,4658.75,4650.25,4675.75,2015-07-20 14:20:00+00:00,4650.25,stop,-17.0,0.0,-17.0,17.0,-1.0
1,1,2015-07-20 14:44:00+00:00,2015-07-20 14:45:00+00:00,4659.0,4654.0,4669.0,2015-07-20 15:02:00+00:00,4669.0,objetivo,20.0,0.0,20.0,10.0,2.0
-1,1,2015-07-21 14:29:00+00:00,2015-07-21 14:30:00+00:00,4665.5,4672.0,4652.5,2015-07-21 16:31:00+00:00,4672.0,stop,-13.0,0.0,-13.0,13.0,-1.0
-1,1,2015-07-21 16:59:00+00:00,2015-07-21 17:00:00+00:00,4665.25,4668.25,4659.25,2015-07-21 17:05:00+00:00,4659.25,objetivo,12.0,0.0,12.0,6.0,2.0
1,1,2015-07-21 17:59:00+00:00,2015-07-21 18:00:00+00:00,4665.5,4663.5,4669.5,2015-07-21 18:01:00+00:00,4663.5,stop,-4.0,0.0,-4.0,4.0,-1.0
-1,1,2015-07-21 18:14:00+00:00,2015-07-21 18:15:00+00:00,4658.5,4665.75,4644.0,2015-07-21 18:19:00+00:00,4665.75,stop,-14.5,0.0,-14.5,14.5,-1.0
1,1,2015-07-21 18:29:00+00:00,2015-07-21 18:30:00+00:00,4669.5,4658.5,4691.5,2015-07-21 19:55:00+00:00,4670.5,tiempo,2.0,0.0,2.0,22.0,0.09090909090909091
-1,1,2015-07-22 14:44:00+00:00,2015-07-22 14:45:00+00:00,4615.25,4628.25,4589.25,2015-07-22 19:55:00+00:00,4611.0,tiempo,8.5,0.0,8.5,26.0,0.3269230769230769
1,1,2015-07-23 14:14:00+00:00,2015-07-23 14:15:00+00:00,4623.0,4613.5,4642.0,2015-07-23 15:51:00+00:00,4613.5,stop,-19.0,0.0,-19.0,19.0,-1.0
1,1,2015-07-24 13:59:00+00:00,2015-07-24 14:00:00+00:00,4611.25,4606.5,4620.75,2015-07-24 14:01:00+00:00,4606.5,stop,-9.5,0.0,-9.5,9.5,-1.0
-1,1,2015-07-24 14:14:00+00:00,2015-07-24 14:15:00+00:00,4605.75,4615.25,4586.75,2015-07-24 16:28:00+00:00,4586.75,objetivo,38.0,0.0,38.0,19.0,2.0
-1,1,2015-07-27 15:29:00+00:00,2015-07-27 15:30:00+00:00,4524.0,4532.25,4507.5,2015-07-27 17:36:00+00:00,4507.5,objetivo,33.0,0.0,33.0,16.5,2.0
1,1,2015-07-28 13:59:00+00:00,2015-07-28 14:00:00+00:00,4522.0,4501.25,4563.5,2015-07-28 14:20:00+00:00,4501.25,stop,-41.5,0.0,-41.5,41.5,-1.0
1,1,2015-07-28 14:59:00+00:00,2015-07-28 15:00:00+00:00,4518.0,4506.5,4541.0,2015-07-28 16:21:00+00:00,4541.0,objetivo,46.0,0.0,46.0,23.0,2.0
1,1,2015-07-29 14:44:00+00:00,2015-07-29 14:45:00+00:00,4564.0,4554.5,4583.0,2015-07-29 17:52:00+00:00,4554.5,stop,-19.0,0.0,-19.0,19.0,-1.0
1,1,2015-07-29 18:29:00+00:00,2015-07-29 18:30:00+00:00,4561.5,4556.25,4572.0,2015-07-29 18:40:00+00:00,4572.0,objetivo,21.0,0.0,21.0,10.5,2.0
1,1,2015-07-30 14:14:00+00:00,2015-07-30 14:15:00+00:00,4548.25,4530.75,4583.25,2015-07-30 16:18:00+00:00,4583.25,objetivo,70.0,0.0,70.0,35.0,2.0
1,1,2015-07-31 14:29:00+00:00,2015-07-31 14:30:00+00:00,4597.5,4588.0,4616.5,2015-07-31 17:28:00+00:00,4588.0,stop,-19.0,0.0,-19.0,19.0,-1.0
1,1,2015-08-03 13:59:00+00:00,2015-08-03 14:00:00+00:00,4595.25,4580.25,4625.25,2015-08-03 14:19:00+00:00,4580.25,stop,-30.0,0.0,-30.0,30.0,-1.0
1,1,2015-08-03 15:14:00+00:00,2015-08-03 15:15:00+00:00,4587.25,4578.0,4605.75,2015-08-03 16:31:00+00:00,4578.0,stop,-18.5,0.0,-18.5,18.5,-1.0
-1,1,2015-08-04 13:59:00+00:00,2015-08-04 14:00:00+00:00,4564.75,4574.5,4545.25,2015-08-04 14:21:00+00:00,4574.5,stop,-19.5,0.0,-19.5,19.5,-1.0
-1,1,2015-08-04 14:44:00+00:00,2015-08-04 14:45:00+00:00,4562.5,4575.25,4537.0,2015-08-04 17:32:00+00:00,4575.25,stop,-25.5,0.0,-25.5,25.5,-1.0
-1,1,2015-08-04 17:59:00+00:00,2015-08-04 18:00:00+00:00,4553.5,4568.5,4523.5,2015-08-04 18:48:00+00:00,4568.5,stop,-30.0,0.0,-30.0,30.0,-1.0
-1,1,2015-08-05 16:29:00+00:00,2015-08-05 16:30:00+00:00,4606.5,4617.25,4585.0,2015-08-05 19:55:00+00:00,4596.75,tiempo,19.5,0.0,19.5,21.5,0.9069767441860465
-1,1,2015-08-07 14:29:00+00:00,2015-08-07 14:30:00+00:00,4500.0,4521.0,4458.0,2015-08-07 19:55:00+00:00,4513.25,tiempo,-26.5,0.0,-26.5,42.0,-0.6309523809523809
-1,1,2015-08-10 13:59:00+00:00,2015-08-10 14:00:00+00:00,4560.75,4573.0,4536.25,2015-08-10 18:15:00+00:00,4573.0,stop,-24.5,0.0,-24.5,24.5,-1.0
-1,1,2015-08-11 14:14:00+00:00,2015-08-11 14:15:00+00:00,4549.0,4553.75,4539.5,2015-08-11 14:20:00+00:00,4553.75,stop,-9.5,0.0,-9.5,9.5,-1.0
1,1,2015-08-12 15:29:00+00:00,2015-08-12 15:30:00+00:00,4467.25,4452.25,4497.25,2015-08-12 15:52:00+00:00,4452.25,stop,-30.0,0.0,-30.0,30.0,-1.0
-1,1,2015-08-12 15:59:00+00:00,2015-08-12 16:00:00+00:00,4445.75,4457.25,4422.75,2015-08-12 16:15:00+00:00,4457.25,stop,-23.0,0.0,-23.0,23.0,-1.0
1,1,2015-08-13 14:44:00+00:00,2015-08-13 14:45:00+00:00,4533.75,4513.75,4573.75,2015-08-13 19:55:00+00:00,4521.5,tiempo,-24.5,0.0,-24.5,40.0,-0.6125
-1,1,2015-08-14 14:29:00+00:00,2015-08-14 14:30:00+00:00,4508.0,4519.5,4485.0,2015-08-14 14:40:00+00:00,4519.5,stop,-23.0,0.0,-23.0,23.0,-1.0
1,1,2015-08-14 15:44:00+00:00,2015-08-14 15:45:00+00:00,4514.5,4502.25,4539.0,2015-08-14 19:55:00+00:00,4528.0,tiempo,27.0,0.0,27.0,24.5,1.1020408163265305
1,1,2015-08-18 14:14:00+00:00,2015-08-18 14:15:00+00:00,4553.5,4544.0,4572.5,2015-08-18 17:00:00+00:00,4544.0,stop,-19.0,0.0,-19.0,19.0,-1.0
1,1,2015-08-19 14:14:00+00:00,2015-08-19 14:15:00+00:00,4519.0,4502.0,4553.0,2015-08-19 14:54:00+00:00,4502.0,stop,-34.0,0.0,-34.0,34.0,-1.0
1,1,2015-08-19 17:14:00+00:00,2015-08-19 17:15:00+00:00,4509.25,4501.5,4524.75,2015-08-19 18:04:00+00:00,4524.75,objetivo,31.0,0.0,31.0,15.5,2.0
-1,1,2015-08-19 18:59:00+00:00,2015-08-19 19:00:00+00:00,4508.0,4525.75,4472.5,2015-08-19 19:55:00+00:00,4521.75,tiempo,-27.5,0.0,-27.5,35.5,-0.7746478873239436
-1,1,2015-08-20 13:59:00+00:00,2015-08-20 14:00:00+00:00,4460.0,4478.5,4423.0,2015-08-20 14:24:00+00:00,4423.0,objetivo,74.0,0.0,74.0,37.0,2.0
-1,1,2015-08-21 14:29:00+00:00,2015-08-21 14:30:00+00:00,4330.5,4346.75,4298.0,2015-08-21 14:39:00+00:00,4298.0,objetivo,65.0,0.0,65.0,32.5,2.0
-1,1,2015-08-24 18:14:00+00:00,2015-08-24 18:15:00+00:00,4085.25,4116.75,4022.25,2015-08-24 18:20:00+00:00,4116.75,stop,-63.0,0.0,-63.0,63.0,-1.0
1,1,2015-08-24 18:29:00+00:00,2015-08-24 18:30:00+00:00,4095.75,4079.25,4128.75,2015-08-24 18:45:00+00:00,4079.25,stop,-33.0,0.0,-33.0,33.0,-1.0
1,1,2015-08-25 14:14:00+00:00,2015-08-25 14:15:00+00:00,4172.0,4144.5,4227.0,2015-08-25 17:25:00+00:00,4144.5,stop,-55.0,0.0,-55.0,55.0,-1.0
1,1,2015-08-26 17:29:00+00:00,2015-08-26 17:30:00+00:00,4110.25,4075.5,4179.75,2015-08-26 19:10:00+00:00,4179.75,objetivo,139.0,0.0,139.0,69.5,2.0
-1,1,2015-08-27 13:59:00+00:00,2015-08-27 14:00:00+00:00,4272.75,4299.5,4219.25,2015-08-27 14:49:00+00:00,4299.5,stop,-53.5,0.0,-53.5,53.5,-1.0
-1,1,2015-08-27 15:44:00+00:00,2015-08-27 15:45:00+00:00,4287.5,4303.0,4256.5,2015-08-27 16:04:00+00:00,4303.0,stop,-31.0,0.0,-31.0,31.0,-1.0
-1,1,2015-08-27 18:29:00+00:00,2015-08-27 18:30:00+00:00,4275.75,4307.25,4212.75,2015-08-27 19:49:00+00:00,4307.25,stop,-63.0,0.0,-63.0,63.0,-1.0
-1,1,2015-08-28 14:14:00+00:00,2015-08-28 14:15:00+00:00,4300.5,4319.0,4263.5,2015-08-28 15:10:00+00:00,4319.0,stop,-37.0,0.0,-37.0,37.0,-1.0
1,1,2015-08-28 15:14:00+00:00,2015-08-28 15:15:00+00:00,4320.5,4306.5,4348.5,2015-08-28 15:55:00+00:00,4306.5,stop,-28.0,0.0,-28.0,28.0,-1.0
-1,1,2015-08-28 15:59:00+00:00,2015-08-28 16:00:00+00:00,4303.25,4322.75,4264.25,2015-08-28 19:52:00+00:00,4322.75,stop,-39.0,0.0,-39.0,39.0,-1.0
1,1,2015-08-31 14:29:00+00:00,2015-08-31 14:30:00+00:00,4298.25,4278.0,4338.75,2015-08-31 18:15:00+00:00,4278.0,stop,-40.5,0.0,-40.5,40.5,-1.0
-1,1,2015-09-01 14:14:00+00:00,2015-09-01 14:15:00+00:00,4190.75,4204.0,4164.25,2015-09-01 14:27:00+00:00,4204.0,stop,-26.5,0.0,-26.5,26.5,-1.0
1,1,2015-09-01 14:29:00+00:00,2015-09-01 14:30:00+00:00,4215.25,4185.25,4275.25,2015-09-01 16:27:00+00:00,4185.25,stop,-60.0,0.0,-60.0,60.0,-1.0
1,1,2015-09-02 14:14:00+00:00,2015-09-02 14:15:00+00:00,4201.0,4185.75,4231.5,2015-09-02 14:19:00+00:00,4185.75,stop,-30.5,0.0,-30.5,30.5,-1.0
-1,1,2015-09-02 14:29:00+00:00,2015-09-02 14:30:00+00:00,4177.5,4202.25,4128.0,2015-09-02 16:49:00+00:00,4202.25,stop,-49.5,0.0,-49.5,49.5,-1.0
-1,1,2015-09-03 13:59:00+00:00,2015-09-03 14:00:00+00:00,4265.5,4283.5,4229.5,2015-09-03 14:19:00+00:00,4283.5,stop,-36.0,0.0,-36.0,36.0,-1.0
-1,1,2015-09-03 15:59:00+00:00,2015-09-03 16:00:00+00:00,4274.0,4280.5,4261.0,2015-09-03 16:39:00+00:00,4261.0,objetivo,26.0,0.0,26.0,13.0,2.0
-1,1,2015-09-04 13:59:00+00:00,2015-09-04 14:00:00+00:00,4182.25,4203.5,4139.75,2015-09-04 14:31:00+00:00,4203.5,stop,-42.5,0.0,-42.5,42.5,-1.0
-1,1,2015-09-04 14:59:00+00:00,2015-09-04 15:00:00+00:00,4188.75,4199.0,4168.25,2015-09-04 17:01:00+00:00,4168.25,objetivo,41.0,0.0,41.0,20.5,2.0
-1,1,2015-09-07 13:59:00+00:00,2015-09-07 14:00:00+00:00,4212.5,4216.0,4205.5,2015-09-07 15:01:00+00:00,4216.0,stop,-7.0,0.0,-7.0,7.0,-1.0
1,1,2015-09-07 15:14:00+00:00,2015-09-07 15:15:00+00:00,4216.5,4210.5,4228.5,2015-09-07 16:22:00+00:00,4210.5,stop,-12.0,0.0,-12.0,12.0,-1.0
-1,1,2015-09-07 16:29:00+00:00,2015-09-07 16:30:00+00:00,4208.25,4215.0,4194.75,2015-09-07 16:59:00+00:00,4211.5,fin_de_datos,-6.5,0.0,-6.5,13.5,-0.48148148148148145
-1,1,2015-09-08 14:14:00+00:00,2015-09-08 14:15:00+00:00,4269.25,4279.0,4249.75,2015-09-08 17:19:00+00:00,4249.75,objetivo,39.0,0.0,39.0,19.5,2.0
1,1,2015-09-08 17:59:00+00:00,2015-09-08 18:00:00+00:00,4269.25,4259.5,4288.75,2015-09-08 18:37:00+00:00,4288.75,objetivo,39.0,0.0,39.0,19.5,2.0
1,1,2015-09-09 16:29:00+00:00,2015-09-09 16:30:00+00:00,4325.25,4315.25,4345.25,2015-09-09 17:29:00+00:00,4315.25,stop,-20.0,0.0,-20.0,20.0,-1.0
-1,1,2015-09-10 13:59:00+00:00,2015-09-10 14:00:00+00:00,4255.25,4271.25,4223.25,2015-09-10 14:31:00+00:00,4271.25,stop,-32.0,0.0,-32.0,32.0,-1.0
-1,1,2015-09-11 13:59:00+00:00,2015-09-11 14:00:00+00:00,4270.0,4285.5,4239.0,2015-09-11 15:40:00+00:00,4285.5,stop,-31.0,0.0,-31.0,31.0,-1.0
1,1,2015-09-16 14:14:00+00:00,2015-09-16 14:15:00+00:00,4347.0,4335.0,4371.0,2015-09-16 16:35:00+00:00,4371.0,objetivo,48.0,0.0,48.0,24.0,2.0
-1,1,2015-09-16 18:29:00+00:00,2015-09-16 18:30:00+00:00,4352.0,4357.0,4342.0,2015-09-16 18:44:00+00:00,4357.0,stop,-10.0,0.0,-10.0,10.0,-1.0
1,1,2015-09-16 18:44:00+00:00,2015-09-16 18:45:00+00:00,4356.75,4350.25,4369.75,2015-09-16 19:10:00+00:00,4369.75,objetivo,26.0,0.0,26.0,13.0,2.0
-1,1,2015-09-18 16:29:00+00:00,2015-09-18 16:30:00+00:00,4332.5,4338.5,4320.5,2015-09-18 17:04:00+00:00,4338.5,stop,-12.0,0.0,-12.0,12.0,-1.0
-1,1,2015-09-21 15:44:00+00:00,2015-09-21 15:45:00+00:00,4338.75,4353.0,4310.25,2015-09-21 16:09:00+00:00,4310.25,objetivo,57.0,0.0,57.0,28.5,2.0
1,1,2015-09-21 18:59:00+00:00,2015-09-21 19:00:00+00:00,4331.0,4315.75,4361.5,2015-09-21 19:34:00+00:00,4315.75,stop,-30.5,0.0,-30.5,30.5,-1.0
-1,1,2015-09-22 13:59:00+00:00,2015-09-22 14:00:00+00:00,4255.5,4268.75,4229.0,2015-09-22 14:03:00+00:00,4268.75,stop,-26.5,0.0,-26.5,26.5,-1.0
1,1,2015-09-22 18:59:00+00:00,2015-09-22 19:00:00+00:00,4248.0,4234.0,4276.0,2015-09-22 19:55:00+00:00,4259.0,tiempo,22.0,0.0,22.0,28.0,0.7857142857142857
1,1,2015-09-23 14:14:00+00:00,2015-09-23 14:15:00+00:00,4264.0,4258.0,4276.0,2015-09-23 14:35:00+00:00,4276.0,objetivo,24.0,0.0,24.0,12.0,2.0
-1,1,2015-09-23 15:29:00+00:00,2015-09-23 15:30:00+00:00,4262.5,4272.0,4243.5,2015-09-23 16:06:00+00:00,4243.5,objetivo,38.0,0.0,38.0,19.0,2.0
1,1,2015-09-23 17:14:00+00:00,2015-09-23 17:15:00+00:00,4264.25,4258.0,4276.75,2015-09-23 17:23:00+00:00,4258.0,stop,-12.5,0.0,-12.5,12.5,-1.0
-1,1,2015-09-23 17:29:00+00:00,2015-09-23 17:30:00+00:00,4252.25,4264.25,4228.25,2015-09-23 17:42:00+00:00,4264.25,stop,-24.0,0.0,-24.0,24.0,-1.0
1,1,2015-09-23 17:44:00+00:00,2015-09-23 17:45:00+00:00,4269.5,4252.0,4304.5,2015-09-23 19:55:00+00:00,4267.5,tiempo,-4.0,0.0,-4.0,35.0,-0.11428571428571428
1,1,2015-09-24 16:29:00+00:00,2015-09-24 16:30:00+00:00,4213.5,4202.0,4236.5,2015-09-24 17:02:00+00:00,4202.0,stop,-23.0,0.0,-23.0,23.0,-1.0
1,1,2015-09-24 17:14:00+00:00,2015-09-24 17:15:00+00:00,4210.75,4200.75,4230.75,2015-09-24 17:26:00+00:00,4200.75,stop,-20.0,0.0,-20.0,20.0,-1.0
-1,1,2015-09-24 17:29:00+00:00,2015-09-24 17:30:00+00:00,4205.0,4211.25,4192.5,2015-09-24 17:48:00+00:00,4211.25,stop,-12.5,0.0,-12.5,12.5,-1.0
1,1,2015-09-24 17:59:00+00:00,2015-09-24 18:00:00+00:00,4210.75,4203.75,4224.75,2015-09-24 18:21:00+00:00,4224.75,objetivo,28.0,0.0,28.0,14.0,2.0
1,1,2015-09-25 14:59:00+00:00,2015-09-25 15:00:00+00:00,4286.25,4269.75,4319.25,2015-09-25 15:39:00+00:00,4269.75,stop,-33.0,0.0,-33.0,33.0,-1.0
-1,1,2015-09-25 15:44:00+00:00,2015-09-25 15:45:00+00:00,4272.0,4284.0,4248.0,2015-09-25 18:18:00+00:00,4248.0,objetivo,48.0,0.0,48.0,24.0,2.0
-1,1,2015-09-28 13:59:00+00:00,2015-09-28 14:00:00+00:00,4157.0,4191.5,4088.0,2015-09-28 18:07:00+00:00,4088.0,objetivo,138.0,0.0,138.0,69.0,2.0
1,1,2015-09-29 13:59:00+00:00,2015-09-29 14:00:00+00:00,4112.5,4072.75,4192.0,2015-09-29 18:52:00+00:00,4072.75,stop,-79.5,0.0,-79.5,79.5,-1.0
-1,1,2015-09-30 13:59:00+00:00,2015-09-30 14:00:00+00:00,4133.5,4151.0,4098.5,2015-09-30 14:09:00+00:00,4151.0,stop,-35.0,0.0,-35.0,35.0,-1.0
1,1,2015-09-30 14:14:00+00:00,2015-09-30 14:15:00+00:00,4152.0,4131.5,4193.0,2015-09-30 16:07:00+00:00,4131.5,stop,-41.0,0.0,-41.0,41.0,-1.0
1,1,2015-09-30 17:44:00+00:00,2015-09-30 17:45:00+00:00,4152.0,4134.0,4188.0,2015-09-30 19:55:00+00:00,4165.5,tiempo,27.0,0.0,27.0,36.0,0.75
1,1,2015-10-01 14:14:00+00:00,2015-10-01 14:15:00+00:00,4146.5,4121.0,4197.5,2015-10-01 16:05:00+00:00,4121.0,stop,-51.0,0.0,-51.0,51.0,-1.0
1,1,2015-10-01 17:59:00+00:00,2015-10-01 18:00:00+00:00,4142.25,4124.0,4178.75,2015-10-01 19:55:00+00:00,4175.75,tiempo,67.0,0.0,67.0,36.5,1.8356164383561644
1,1,2015-10-05 13:59:00+00:00,2015-10-05 14:00:00+00:00,4290.25,4280.5,4309.75,2015-10-05 17:13:00+00:00,4309.75,objetivo,39.0,0.0,39.0,19.5,2.0
-1,1,2015-10-06 14:14:00+00:00,2015-10-06 14:15:00+00:00,4307.75,4321.25,4280.75,2015-10-06 15:33:00+00:00,4280.75,objetivo,54.0,0.0,54.0,27.0,2.0
1,1,2015-10-06 17:29:00+00:00,2015-10-06 17:30:00+00:00,4293.5,4287.5,4305.5,2015-10-06 17:33:00+00:00,4287.5,stop,-12.0,0.0,-12.0,12.0,-1.0
-1,1,2015-10-06 17:44:00+00:00,2015-10-06 17:45:00+00:00,4285.5,4295.0,4266.5,2015-10-06 18:14:00+00:00,4295.0,stop,-19.0,0.0,-19.0,19.0,-1.0
1,1,2015-10-06 18:14:00+00:00,2015-10-06 18:15:00+00:00,4296.75,4283.25,4323.75,2015-10-06 19:55:00+00:00,4299.25,tiempo,5.0,0.0,5.0,27.0,0.18518518518518517
-1,1,2015-10-07 14:29:00+00:00,2015-10-07 14:30:00+00:00,4320.75,4330.25,4301.75,2015-10-07 14:41:00+00:00,4301.75,objetivo,38.0,0.0,38.0,19.0,2.0
1,1,2015-10-07 17:44:00+00:00,2015-10-07 17:45:00+00:00,4311.5,4295.25,4344.0,2015-10-07 19:55:00+00:00,4315.5,tiempo,8.0,0.0,8.0,32.5,0.24615384615384617
-1,1,2015-10-08 13:59:00+00:00,2015-10-08 14:00:00+00:00,4301.0,4309.25,4284.5,2015-10-08 14:23:00+00:00,4284.5,objetivo,33.0,0.0,33.0,16.5,2.0
1,1,2015-10-08 17:59:00+00:00,2015-10-08 18:00:00+00:00,4290.0,4282.75,4304.5,2015-10-08 18:01:00+00:00,4304.5,objetivo,29.0,0.0,29.0,14.5,2.0
-1,1,2015-10-09 14:14:00+00:00,2015-10-09 14:15:00+00:00,4340.0,4351.25,4317.5,2015-10-09 14:21:00+00:00,4351.25,stop,-22.5,0.0,-22.5,22.5,-1.0
1,1,2015-10-09 14:29:00+00:00,2015-10-09 14:30:00+00:00,4348.75,4338.0,4370.25,2015-10-09 19:55:00+00:00,4358.25,tiempo,19.0,0.0,19.0,21.5,0.8837209302325582
-1,1,2015-10-12 13:59:00+00:00,2015-10-12 14:00:00+00:00,4361.0,4374.75,4333.5,2015-10-12 15:43:00+00:00,4374.75,stop,-27.5,0.0,-27.5,27.5,-1.0
-1,1,2015-10-12 17:14:00+00:00,2015-10-12 17:15:00+00:00,4364.0,4368.75,4354.5,2015-10-12 17:31:00+00:00,4368.75,stop,-9.5,0.0,-9.5,9.5,-1.0
-1,1,2015-10-14 14:14:00+00:00,2015-10-14 14:15:00+00:00,4345.0,4361.25,4312.5,2015-10-14 16:48:00+00:00,4361.25,stop,-32.5,0.0,-32.5,32.5,-1.0
-1,1,2015-10-14 18:29:00+00:00,2015-10-14 18:30:00+00:00,4341.0,4351.5,4320.0,2015-10-14 19:55:00+00:00,4331.0,tiempo,20.0,0.0,20.0,21.0,0.9523809523809523
-1,1,2015-10-15 14:29:00+00:00,2015-10-15 14:30:00+00:00,4362.25,4373.25,4340.25,2015-10-15 14:41:00+00:00,4373.25,stop,-22.0,0.0,-22.0,22.0,-1.0
1,1,2015-10-15 14:44:00+00:00,2015-10-15 14:45:00+00:00,4371.25,4357.75,4398.25,2015-10-15 15:44:00+00:00,4357.75,stop,-27.0,0.0,-27.0,27.0,-1.0
-1,1,2015-10-15 15:44:00+00:00,2015-10-15 15:45:00+00:00,4359.0,4371.75,4333.5,2015-10-15 16:44:00+00:00,4371.75,stop,-25.5,0.0,-25.5,25.5,-1.0
1,1,2015-10-16 14:29:00+00:00,2015-10-16 14:30:00+00:00,4411.0,4403.0,4427.0,2015-10-16 16:45:00+00:00,4403.0,stop,-16.0,0.0,-16.0,16.0,-1.0
1,1,2015-10-16 18:44:00+00:00,2015-10-16 18:45:00+00:00,4416.0,4407.5,4433.0,2015-10-16 19:55:00+00:00,4425.5,tiempo,19.0,0.0,19.0,17.0,1.1176470588235294
1,1,2015-10-19 13:59:00+00:00,2015-10-19 14:00:00+00:00,4433.25,4415.75,4468.25,2015-10-19 19:55:00+00:00,4446.25,tiempo,26.0,0.0,26.0,35.0,0.7428571428571429
1,1,2015-10-20 13:59:00+00:00,2015-10-20 14:00:00+00:00,4445.0,4434.5,4466.0,2015-10-20 15:06:00+00:00,4434.5,stop,-21.0,0.0,-21.0,21.0,-1.0
-1,1,2015-10-20 15:14:00+00:00,2015-10-20 15:15:00+00:00,4435.75,4448.25,4410.75,2015-10-20 19:55:00+00:00,4427.5,tiempo,16.5,0.0,16.5,25.0,0.66
-1,1,2015-10-21 14:14:00+00:00,2015-10-21 14:15:00+00:00,4430.25,4448.0,4394.75,2015-10-21 15:34:00+00:00,4448.0,stop,-35.5,0.0,-35.5,35.5,-1.0
-1,1,2015-10-21 16:59:00+00:00,2015-10-21 17:00:00+00:00,4434.5,4447.75,4408.0,2015-10-21 17:28:00+00:00,4408.0,objetivo,53.0,0.0,53.0,26.5,2.0
1,1,2015-10-21 18:44:00+00:00,2015-10-21 18:45:00+00:00,4432.0,4418.5,4459.0,2015-10-21 19:15:00+00:00,4418.5,stop,-27.0,0.0,-27.0,27.0,-1.0
-1,1,2015-10-23 14:14:00+00:00,2015-10-23 14:15:00+00:00,4601.0,4619.25,4564.5,2015-10-23 17:35:00+00:00,4619.25,stop,-36.5,0.0,-36.5,36.5,-1.0
1,1,2015-10-26 14:29:00+00:00,2015-10-26 14:30:00+00:00,4609.5,4597.5,4633.5,2015-10-26 19:55:00+00:00,4621.0,tiempo,23.0,0.0,23.0,24.0,0.9583333333333334
-1,1,2015-10-27 14:14:00+00:00,2015-10-27 14:15:00+00:00,4618.25,4625.5,4603.75,2015-10-27 15:00:00+00:00,4625.5,stop,-14.5,0.0,-14.5,14.5,-1.0
-1,1,2015-10-27 16:14:00+00:00,2015-10-27 16:15:00+00:00,4620.0,4626.75,4606.5,2015-10-27 18:36:00+00:00,4626.75,stop,-13.5,0.0,-13.5,13.5,-1.0
-1,1,2015-10-27 18:44:00+00:00,2015-10-27 18:45:00+00:00,4622.25,4628.5,4609.75,2015-10-27 19:12:00+00:00,4628.5,stop,-12.5,0.0,-12.5,12.5,-1.0
-1,1,2015-10-28 14:14:00+00:00,2015-10-28 14:15:00+00:00,4624.75,4637.0,4600.25,2015-10-28 14:53:00+00:00,4637.0,stop,-24.5,0.0,-24.5,24.5,-1.0
-1,1,2015-10-28 18:14:00+00:00,2015-10-28 18:15:00+00:00,4609.0,4653.75,4519.5,2015-10-28 19:31:00+00:00,4653.75,stop,-89.5,0.0,-89.5,89.5,-1.0
-1,1,2015-10-29 13:59:00+00:00,2015-10-29 14:00:00+00:00,4646.5,4657.25,4625.0,2015-10-29 14:06:00+00:00,4657.25,stop,-21.5,0.0,-21.5,21.5,-1.0
1,1,2015-10-29 14:14:00+00:00,2015-10-29 14:15:00+00:00,4653.5,4643.75,4673.0,2015-10-29 19:55:00+00:00,4663.5,tiempo,20.0,0.0,20.0,19.5,1.0256410256410255
1,1,2015-10-30 13:59:00+00:00,2015-10-30 14:00:00+00:00,4666.75,4660.75,4678.75,2015-10-30 14:11:00+00:00,4660.75,stop,-12.0,0.0,-12.0,12.0,-1.0
-1,1,2015-10-30 14:14:00+00:00,2015-10-30 14:15:00+00:00,4661.5,4669.0,4646.5,2015-10-30 14:20:00+00:00,4669.0,stop,-15.0,0.0,-15.0,15.0,-1.0
1,1,2015-10-30 14:29:00+00:00,2015-10-30 14:30:00+00:00,4665.75,4659.0,4679.25,2015-10-30 15:04:00+00:00,4659.0,stop,-13.5,0.0,-13.5,13.5,-1.0
1,1,2015-10-30 16:44:00+00:00,2015-10-30 16:45:00+00:00,4665.0,4660.5,4674.0,2015-10-30 18:23:00+00:00,4660.5,stop,-9.0,0.0,-9.0,9.0,-1.0
-1,1,2015-10-30 18:29:00+00:00,2015-10-30 18:30:00+00:00,4656.75,4666.5,4637.25,2015-10-30 19:55:00+00:00,4652.75,tiempo,8.0,0.0,8.0,19.5,0.41025641025641024
1,1,2015-11-02 14:59:00+00:00,2015-11-02 15:00:00+00:00,4661.25,4647.75,4688.25,2015-11-02 19:32:00+00:00,4688.25,objetivo,54.0,0.0,54.0,27.0,2.0
1,1,2015-11-03 14:59:00+00:00,2015-11-03 15:00:00+00:00,4684.25,4679.25,4694.25,2015-11-03 15:22:00+00:00,4694.25,objetivo,20.0,0.0,20.0,10.0,2.0
1,1,2015-11-04 15:29:00+00:00,2015-11-04 15:30:00+00:00,4715.75,4704.5,4738.25,2015-11-04 15:44:00+00:00,4704.5,stop,-22.5,0.0,-22.5,22.5,-1.0
-1,1,2015-11-04 15:44:00+00:00,2015-11-04 15:45:00+00:00,4708.0,4720.75,4682.5,2015-11-04 20:55:00+00:00,4702.75,tiempo,10.5,0.0,10.5,25.5,0.4117647058823529
-1,1,2015-11-05 15:14:00+00:00,2015-11-05 15:15:00+00:00,4700.25,4726.5,4647.75,2015-11-05 20:55:00+00:00,4701.5,tiempo,-2.5,0.0,-2.5,52.5,-0.047619047619047616
1,1,2015-11-06 15:29:00+00:00,2015-11-06 15:30:00+00:00,4684.5,4671.0,4711.5,2015-11-06 20:55:00+00:00,4697.75,tiempo,26.5,0.0,26.5,27.0,0.9814814814814815
1,1,2015-11-10 14:59:00+00:00,2015-11-10 15:00:00+00:00,4631.25,4614.5,4664.75,2015-11-10 15:22:00+00:00,4614.5,stop,-33.5,0.0,-33.5,33.5,-1.0
1,1,2015-11-10 15:59:00+00:00,2015-11-10 16:00:00+00:00,4629.5,4620.75,4647.0,2015-11-10 18:07:00+00:00,4620.75,stop,-17.5,0.0,-17.5,17.5,-1.0
1,1,2015-11-10 18:44:00+00:00,2015-11-10 18:45:00+00:00,4628.75,4623.0,4640.25,2015-11-10 19:45:00+00:00,4640.25,objetivo,23.0,0.0,23.0,11.5,2.0
1,1,2015-11-11 15:29:00+00:00,2015-11-11 15:30:00+00:00,4639.25,4629.0,4659.75,2015-11-11 15:52:00+00:00,4629.0,stop,-20.5,0.0,-20.5,20.5,-1.0
1,1,2015-11-11 16:29:00+00:00,2015-11-11 16:30:00+00:00,4644.25,4635.25,4662.25,2015-11-11 17:21:00+00:00,4662.25,objetivo,36.0,0.0,36.0,18.0,2.0
-1,1,2015-11-11 19:59:00+00:00,2015-11-11 20:00:00+00:00,4639.25,4650.75,4616.25,2015-11-11 20:55:00+00:00,4638.0,tiempo,2.5,0.0,2.5,23.0,0.10869565217391304
1,1,2015-11-12 14:59:00+00:00,2015-11-12 15:00:00+00:00,4621.75,4606.75,4651.75,2015-11-12 19:50:00+00:00,4606.75,stop,-30.0,0.0,-30.0,30.0,-1.0
1,1,2015-11-13 17:14:00+00:00,2015-11-13 17:15:00+00:00,4548.75,4536.75,4572.75,2015-11-13 17:40:00+00:00,4536.75,stop,-24.0,0.0,-24.0,24.0,-1.0
-1,1,2015-11-16 14:59:00+00:00,2015-11-16 15:00:00+00:00,4505.0,4519.5,4476.0,2015-11-16 15:24:00+00:00,4519.5,stop,-29.0,0.0,-29.0,29.0,-1.0
-1,1,2015-11-16 15:44:00+00:00,2015-11-16 15:45:00+00:00,4506.5,4511.75,4496.0,2015-11-16 15:46:00+00:00,4511.75,stop,-10.5,0.0,-10.5,10.5,-1.0
1,1,2015-11-16 17:29:00+00:00,2015-11-16 17:30:00+00:00,4510.0,4498.75,4532.5,2015-11-16 18:20:00+00:00,4532.5,objetivo,45.0,0.0,45.0,22.5,2.0
-1,1,2015-11-17 15:14:00+00:00,2015-11-17 15:15:00+00:00,4564.5,4573.25,4547.0,2015-11-17 15:31:00+00:00,4573.25,stop,-17.5,0.0,-17.5,17.5,-1.0
-1,1,2015-11-17 17:44:00+00:00,2015-11-17 17:45:00+00:00,4576.0,4587.0,4554.0,2015-11-17 18:03:00+00:00,4587.0,stop,-22.0,0.0,-22.0,22.0,-1.0
-1,1,2015-11-17 18:29:00+00:00,2015-11-17 18:30:00+00:00,4573.5,4591.5,4537.5,2015-11-17 20:55:00+00:00,4566.5,tiempo,14.0,0.0,14.0,36.0,0.3888888888888889
1,1,2015-11-18 14:59:00+00:00,2015-11-18 15:00:00+00:00,4591.75,4582.75,4609.75,2015-11-18 16:42:00+00:00,4609.75,objetivo,36.0,0.0,36.0,18.0,2.0
-1,1,2015-11-19 15:14:00+00:00,2015-11-19 15:15:00+00:00,4657.0,4667.0,4637.0,2015-11-19 16:27:00+00:00,4667.0,stop,-20.0,0.0,-20.0,20.0,-1.0
-1,1,2015-11-19 19:14:00+00:00,2015-11-19 19:15:00+00:00,4659.75,4667.5,4644.25,2015-11-19 20:55:00+00:00,4659.25,tiempo,1.0,0.0,1.0,15.5,0.06451612903225806
-1,1,2015-11-20 15:59:00+00:00,2015-11-20 16:00:00+00:00,4679.5,4686.5,4665.5,2015-11-20 16:08:00+00:00,4686.5,stop,-14.0,0.0,-14.0,14.0,-1.0
1,1,2015-11-20 16:14:00+00:00,2015-11-20 16:15:00+00:00,4684.25,4678.0,4696.75,2015-11-20 16:57:00+00:00,4678.0,stop,-12.5,0.0,-12.5,12.5,-1.0
-1,1,2015-11-20 16:59:00+00:00,2015-11-20 17:00:00+00:00,4679.0,4686.75,4663.5,2015-11-20 17:46:00+00:00,4686.75,stop,-15.5,0.0,-15.5,15.5,-1.0
-1,1,2015-11-20 18:44:00+00:00,2015-11-20 18:45:00+00:00,4679.5,4686.0,4666.5,2015-11-20 19:11:00+00:00,4686.0,stop,-13.0,0.0,-13.0,13.0,-1.0
1,1,2015-11-20 19:14:00+00:00,2015-11-20 19:15:00+00:00,4684.5,4681.5,4690.5,2015-11-20 19:25:00+00:00,4681.5,stop,-6.0,0.0,-6.0,6.0,-1.0
-1,1,2015-11-20 19:29:00+00:00,2015-11-20 19:30:00+00:00,4681.5,4685.75,4673.0,2015-11-20 19:43:00+00:00,4685.75,stop,-8.5,0.0,-8.5,8.5,-1.0
1,1,2015-11-20 19:44:00+00:00,2015-11-20 19:45:00+00:00,4685.0,4680.5,4694.0,2015-11-20 19:58:00+00:00,4680.5,stop,-9.0,0.0,-9.0,9.0,-1.0
-1,1,2015-11-20 19:59:00+00:00,2015-11-20 20:00:00+00:00,4678.0,4685.75,4662.5,2015-11-20 20:50:00+00:00,4685.75,stop,-15.5,0.0,-15.5,15.5,-1.0
-1,1,2015-11-23 16:29:00+00:00,2015-11-23 16:30:00+00:00,4693.5,4696.5,4687.5,2015-11-23 16:39:00+00:00,4687.5,objetivo,12.0,0.0,12.0,6.0,2.0
-1,1,2015-11-24 15:14:00+00:00,2015-11-24 15:15:00+00:00,4649.25,4660.5,4626.75,2015-11-24 15:33:00+00:00,4626.75,objetivo,45.0,0.0,45.0,22.5,2.0
1,1,2015-11-24 16:29:00+00:00,2015-11-24 16:30:00+00:00,4647.5,4633.75,4675.0,2015-11-24 18:33:00+00:00,4675.0,objetivo,55.0,0.0,55.0,27.5,2.0
1,1,2015-11-25 14:59:00+00:00,2015-11-25 15:00:00+00:00,4678.75,4664.0,4708.25,2015-11-25 20:55:00+00:00,4672.0,tiempo,-13.5,0.0,-13.5,29.5,-0.4576271186440678
1,1,2015-11-26 15:14:00+00:00,2015-11-26 15:15:00+00:00,4696.25,4694.5,4699.75,2015-11-26 16:36:00+00:00,4699.75,objetivo,7.0,0.0,7.0,3.5,2.0
1,1,2015-11-27 16:14:00+00:00,2015-11-27 16:15:00+00:00,4681.25,4675.25,4693.25,2015-11-27 18:15:00+00:00,4685.75,fin_de_datos,9.0,0.0,9.0,12.0,0.75
1,1,2015-11-30 18:59:00+00:00,2015-11-30 19:00:00+00:00,4678.0,4665.75,4702.5,2015-11-30 20:24:00+00:00,4665.75,stop,-24.5,0.0,-24.5,24.5,-1.0
-1,1,2015-12-01 15:29:00+00:00,2015-12-01 15:30:00+00:00,4688.0,4700.75,4662.5,2015-12-01 15:43:00+00:00,4700.75,stop,-25.5,0.0,-25.5,25.5,-1.0
1,1,2015-12-01 15:44:00+00:00,2015-12-01 15:45:00+00:00,4697.75,4682.5,4728.25,2015-12-01 20:55:00+00:00,4713.25,tiempo,31.0,0.0,31.0,30.5,1.0163934426229508
-1,1,2015-12-02 16:14:00+00:00,2015-12-02 16:15:00+00:00,4728.75,4733.75,4718.75,2015-12-02 17:04:00+00:00,4733.75,stop,-10.0,0.0,-10.0,10.0,-1.0
1,1,2015-12-02 17:29:00+00:00,2015-12-02 17:30:00+00:00,4731.5,4723.25,4748.0,2015-12-02 18:45:00+00:00,4723.25,stop,-16.5,0.0,-16.5,16.5,-1.0
1,1,2015-12-03 16:14:00+00:00,2015-12-03 16:15:00+00:00,4690.75,4669.5,4733.25,2015-12-03 16:44:00+00:00,4669.5,stop,-42.5,0.0,-42.5,42.5,-1.0
-1,1,2015-12-03 16:44:00+00:00,2015-12-03 16:45:00+00:00,4669.5,4685.5,4637.5,2015-12-03 17:24:00+00:00,4637.5,objetivo,64.0,0.0,64.0,32.0,2.0
-1,1,2015-12-08 14:59:00+00:00,2015-12-08 15:00:00+00:00,4652.0,4667.75,4620.5,2015-12-08 15:36:00+00:00,4667.75,stop,-31.5,0.0,-31.5,31.5,-1.0
1,1,2015-12-08 15:44:00+00:00,2015-12-08 15:45:00+00:00,4679.0,4645.0,4747.0,2015-12-08 20:55:00+00:00,4703.0,tiempo,48.0,0.0,48.0,68.0,0.7058823529411765
1,1,2015-12-09 15:14:00+00:00,2015-12-09 15:15:00+00:00,4687.5,4672.25,4718.0,2015-12-09 16:19:00+00:00,4672.25,stop,-30.5,0.0,-30.5,30.5,-1.0
-1,1,2015-12-10 14:59:00+00:00,2015-12-10 15:00:00+00:00,4627.75,4647.0,4589.25,2015-12-10 15:39:00+00:00,4647.0,stop,-38.5,0.0,-38.5,38.5,-1.0
-1,1,2015-12-10 16:44:00+00:00,2015-12-10 16:45:00+00:00,4639.5,4646.0,4626.5,2015-12-10 16:49:00+00:00,4646.0,stop,-13.0,0.0,-13.0,13.0,-1.0
1,1,2015-12-10 16:59:00+00:00,2015-12-10 17:00:00+00:00,4643.0,4638.5,4652.0,2015-12-10 17:09:00+00:00,4638.5,stop,-9.0,0.0,-9.0,9.0,-1.0
-1,1,2015-12-10 17:14:00+00:00,2015-12-10 17:15:00+00:00,4631.75,4647.0,4601.25,2015-12-10 17:55:00+00:00,4647.0,stop,-30.5,0.0,-30.5,30.5,-1.0
-1,1,2015-12-11 14:59:00+00:00,2015-12-11 15:00:00+00:00,4579.25,4594.75,4548.25,2015-12-11 15:05:00+00:00,4594.75,stop,-31.0,0.0,-31.0,31.0,-1.0
1,1,2015-12-11 15:14:00+00:00,2015-12-11 15:15:00+00:00,4595.0,4575.0,4635.0,2015-12-11 15:56:00+00:00,4575.0,stop,-40.0,0.0,-40.0,40.0,-1.0
1,1,2015-12-14 15:44:00+00:00,2015-12-14 15:45:00+00:00,4525.5,4501.5,4573.5,2015-12-14 16:12:00+00:00,4501.5,stop,-48.0,0.0,-48.0,48.0,-1.0
1,1,2015-12-14 17:29:00+00:00,2015-12-14 17:30:00+00:00,4524.5,4507.75,4558.0,2015-12-14 20:52:00+00:00,4558.0,objetivo,67.0,0.0,67.0,33.5,2.0
-1,1,2015-12-15 16:14:00+00:00,2015-12-15 16:15:00+00:00,4611.75,4620.25,4594.75,2015-12-15 16:49:00+00:00,4594.75,objetivo,34.0,0.0,34.0,17.0,2.0
1,1,2015-12-15 17:29:00+00:00,2015-12-15 17:30:00+00:00,4619.5,4610.25,4638.0,2015-12-15 18:33:00+00:00,4610.25,stop,-18.5,0.0,-18.5,18.5,-1.0
1,1,2015-12-15 18:44:00+00:00,2015-12-15 18:45:00+00:00,4617.25,4610.25,4631.25,2015-12-15 20:04:00+00:00,4610.25,stop,-14.0,0.0,-14.0,14.0,-1.0
1,1,2015-12-16 18:59:00+00:00,2015-12-16 19:00:00+00:00,4612.0,4594.0,4648.0,2015-12-16 19:00:00+00:00,4594.0,stop,-36.0,0.0,-36.0,36.0,-1.0
-1,1,2015-12-18 15:14:00+00:00,2015-12-18 15:15:00+00:00,4551.75,4577.5,4500.25,2015-12-18 20:55:00+00:00,4516.75,tiempo,70.0,0.0,70.0,51.5,1.3592233009708738
1,1,2015-12-21 15:14:00+00:00,2015-12-21 15:15:00+00:00,4543.0,4531.75,4565.5,2015-12-21 15:56:00+00:00,4531.75,stop,-22.5,0.0,-22.5,22.5,-1.0
-1,1,2015-12-21 15:59:00+00:00,2015-12-21 16:00:00+00:00,4537.25,4546.75,4518.25,2015-12-21 16:33:00+00:00,4518.25,objetivo,38.0,0.0,38.0,19.0,2.0
1,1,2015-12-21 17:59:00+00:00,2015-12-21 18:00:00+00:00,4536.5,4528.25,4553.0,2015-12-21 19:40:00+00:00,4528.25,stop,-16.5,0.0,-16.5,16.5,-1.0
1,1,2015-12-22 15:29:00+00:00,2015-12-22 15:30:00+00:00,4571.75,4554.5,4606.25,2015-12-22 16:24:00+00:00,4554.5,stop,-34.5,0.0,-34.5,34.5,-1.0
-1,1,2015-12-22 16:29:00+00:00,2015-12-22 16:30:00+00:00,4556.25,4565.25,4538.25,2015-12-22 16:38:00+00:00,4565.25,stop,-18.0,0.0,-18.0,18.0,-1.0
1,1,2015-12-22 16:44:00+00:00,2015-12-22 16:45:00+00:00,4568.0,4555.5,4593.0,2015-12-22 17:07:00+00:00,4555.5,stop,-25.0,0.0,-25.0,25.0,-1.0
-1,1,2015-12-22 17:14:00+00:00,2015-12-22 17:15:00+00:00,4556.5,4566.25,4537.0,2015-12-22 17:35:00+00:00,4566.25,stop,-19.5,0.0,-19.5,19.5,-1.0
1,1,2015-12-22 17:44:00+00:00,2015-12-22 17:45:00+00:00,4567.5,4560.0,4582.5,2015-12-22 20:04:00+00:00,4582.5,objetivo,30.0,0.0,30.0,15.0,2.0
1,1,2015-12-23 14:59:00+00:00,2015-12-23 15:00:00+00:00,4610.5,4601.0,4629.5,2015-12-23 15:28:00+00:00,4601.0,stop,-19.0,0.0,-19.0,19.0,-1.0
-1,1,2015-12-23 15:29:00+00:00,2015-12-23 15:30:00+00:00,4602.0,4611.75,4582.5,2015-12-23 17:23:00+00:00,4611.75,stop,-19.5,0.0,-19.5,19.5,-1.0
-1,1,2015-12-23 17:44:00+00:00,2015-12-23 17:45:00+00:00,4603.5,4608.5,4593.5,2015-12-23 18:57:00+00:00,4608.5,stop,-10.0,0.0,-10.0,10.0,-1.0
1,1,2015-12-23 18:59:00+00:00,2015-12-23 19:00:00+00:00,4607.5,4604.25,4614.0,2015-12-23 19:23:00+00:00,4614.0,objetivo,13.0,0.0,13.0,6.5,2.0
1,1,2015-12-24 15:29:00+00:00,2015-12-24 15:30:00+00:00,4622.75,4615.0,4638.25,2015-12-24 18:00:00+00:00,4615.0,stop,-15.5,0.0,-15.5,15.5,-1.0
-1,1,2015-12-28 14:59:00+00:00,2015-12-28 15:00:00+00:00,4600.0,4607.5,4585.0,2015-12-28 15:35:00+00:00,4585.0,objetivo,30.0,0.0,30.0,15.0,2.0
1,1,2015-12-28 16:59:00+00:00,2015-12-28 17:00:00+00:00,4590.0,4586.0,4598.0,2015-12-28 17:23:00+00:00,4586.0,stop,-8.0,0.0,-8.0,8.0,-1.0
1,1,2015-12-28 17:29:00+00:00,2015-12-28 17:30:00+00:00,4591.0,4584.0,4605.0,2015-12-28 18:20:00+00:00,4605.0,objetivo,28.0,0.0,28.0,14.0,2.0
1,1,2015-12-30 16:14:00+00:00,2015-12-30 16:15:00+00:00,4669.25,4665.5,4676.75,2015-12-30 16:16:00+00:00,4665.5,stop,-7.5,0.0,-7.5,7.5,-1.0
-1,1,2015-12-30 16:29:00+00:00,2015-12-30 16:30:00+00:00,4667.0,4669.5,4662.0,2015-12-30 16:33:00+00:00,4662.0,objetivo,10.0,0.0,10.0,5.0,2.0
1,1,2015-12-30 17:29:00+00:00,2015-12-30 17:30:00+00:00,4668.5,4665.75,4674.0,2015-12-30 17:40:00+00:00,4665.75,stop,-5.5,0.0,-5.5,5.5,-1.0
-1,1,2015-12-30 17:44:00+00:00,2015-12-30 17:45:00+00:00,4666.25,4668.75,4661.25,2015-12-30 18:41:00+00:00,4668.75,stop,-5.0,0.0,-5.0,5.0,-1.0
1,1,2015-12-30 18:44:00+00:00,2015-12-30 18:45:00+00:00,4671.25,4664.5,4684.75,2015-12-30 19:27:00+00:00,4664.5,stop,-13.5,0.0,-13.5,13.5,-1.0
-1,1,2015-12-30 19:29:00+00:00,2015-12-30 19:30:00+00:00,4665.75,4671.25,4654.75,2015-12-30 20:34:00+00:00,4654.75,objetivo,22.0,0.0,22.0,11.0,2.0
1,1,2016-01-04 17:44:00+00:00,2016-01-04 17:45:00+00:00,4460.0,4447.25,4485.5,2016-01-04 20:03:00+00:00,4447.25,stop,-25.5,0.0,-25.5,25.5,-1.0
-1,1,2016-01-05 14:59:00+00:00,2016-01-05 15:00:00+00:00,4487.25,4508.5,4444.75,2016-01-05 20:55:00+00:00,4479.5,tiempo,15.5,0.0,15.5,42.5,0.36470588235294116
-1,1,2016-01-06 18:14:00+00:00,2016-01-06 18:15:00+00:00,4431.25,4444.0,4405.75,2016-01-06 19:16:00+00:00,4444.0,stop,-25.5,0.0,-25.5,25.5,-1.0
-1,1,2016-01-06 19:44:00+00:00,2016-01-06 19:45:00+00:00,4418.5,4438.75,4378.0,2016-01-06 20:39:00+00:00,4438.75,stop,-40.5,0.0,-40.5,40.5,-1.0
-1,1,2016-01-07 16:59:00+00:00,2016-01-07 17:00:00+00:00,4364.75,4377.25,4339.75,2016-01-07 18:06:00+00:00,4339.75,objetivo,50.0,0.0,50.0,25.0,2.0
1,1,2016-01-08 14:59:00+00:00,2016-01-08 15:00:00+00:00,4353.5,4330.0,4400.5,2016-01-08 15:07:00+00:00,4330.0,stop,-47.0,0.0,-47.0,47.0,-1.0
-1,1,2016-01-08 15:14:00+00:00,2016-01-08 15:15:00+00:00,4324.0,4353.5,4265.0,2016-01-08 20:49:00+00:00,4265.0,objetivo,118.0,0.0,118.0,59.0,2.0
1,1,2016-01-11 15:44:00+00:00,2016-01-11 15:45:00+00:00,4279.5,4271.25,4296.0,2016-01-11 15:45:00+00:00,4271.25,stop,-16.5,0.0,-16.5,16.5,-1.0
-1,1,2016-01-11 15:59:00+00:00,2016-01-11 16:00:00+00:00,4250.75,4279.5,4193.25,2016-01-11 20:32:00+00:00,4279.5,stop,-57.5,0.0,-57.5,57.5,-1.0
-1,1,2016-01-12 15:14:00+00:00,2016-01-12 15:15:00+00:00,4324.75,4341.5,4291.25,2016-01-12 16:38:00+00:00,4291.25,objetivo,67.0,0.0,67.0,33.5,2.0
1,1,2016-01-12 19:59:00+00:00,2016-01-12 20:00:00+00:00,4312.25,4291.0,4354.75,2016-01-12 20:55:00+00:00,4330.25,tiempo,36.0,0.0,36.0,42.5,0.8470588235294118
1,1,2016-01-14 15:29:00+00:00,2016-01-14 15:30:00+00:00,4203.25,4155.25,4299.25,2016-01-14 20:06:00+00:00,4299.25,objetivo,192.0,0.0,192.0,96.0,2.0
-1,1,2016-01-15 14:59:00+00:00,2016-01-15 15:00:00+00:00,4142.75,4175.75,4076.75,2016-01-15 17:37:00+00:00,4076.75,objetivo,132.0,0.0,132.0,66.0,2.0
1,1,2016-01-15 19:59:00+00:00,2016-01-15 20:00:00+00:00,4144.75,4112.5,4209.25,2016-01-15 20:55:00+00:00,4133.75,tiempo,-22.0,0.0,-22.0,64.5,-0.34108527131782945
1,1,2016-01-18 15:14:00+00:00,2016-01-18 15:15:00+00:00,4134.75,4129.0,4146.25,2016-01-18 15:31:00+00:00,4129.0,stop,-11.5,0.0,-11.5,11.5,-1.0
-1,1,2016-01-18 17:44:00+00:00,2016-01-18 17:45:00+00:00,4129.25,4134.75,4118.25,2016-01-18 17:59:00+00:00,4132.75,fin_de_datos,-7.0,0.0,-7.0,11.0,-0.6363636363636364
1,1,2016-01-19 15:29:00+00:00,2016-01-19 15:30:00+00:00,4183.0,4166.75,4215.5,2016-01-19 15:52:00+00:00,4166.75,stop,-32.5,0.0,-32.5,32.5,-1.0
1,1,2016-01-20 18:44:00+00:00,2016-01-20 18:45:00+00:00,4073.25,4027.75,4164.25,2016-01-20 20:28:00+00:00,4164.25,objetivo,182.0,0.0,182.0,91.0,2.0
1,1,2016-01-21 15:14:00+00:00,2016-01-21 15:15:00+00:00,4153.25,4098.25,4263.25,2016-01-21 20:55:00+00:00,4148.5,tiempo,-9.5,0.0,-9.5,110.0,-0.08636363636363636
-1,1,2016-01-22 15:59:00+00:00,2016-01-22 16:00:00+00:00,4220.75,4236.75,4188.75,2016-01-22 18:20:00+00:00,4236.75,stop,-32.0,0.0,-32.0,32.0,-1.0
-1,1,2016-01-25 15:14:00+00:00,2016-01-25 15:15:00+00:00,4239.25,4251.75,4214.25,2016-01-25 18:04:00+00:00,4251.75,stop,-25.0,0.0,-25.0,25.0,-1.0
-1,1,2016-01-25 18:59:00+00:00,2016-01-25 19:00:00+00:00,4234.25,4252.0,4198.75,2016-01-25 20:24:00+00:00,4198.75,objetivo,71.0,0.0,71.0,35.5,2.0
1,1,2016-01-26 15:14:00+00:00,2016-01-26 15:15:00+00:00,4200.75,4173.75,4254.75,2016-01-26 20:55:00+00:00,4219.25,tiempo,37.0,0.0,37.0,54.0,0.6851851851851852
1,1,2016-01-27 16:29:00+00:00,2016-01-27 16:30:00+00:00,4177.5,4162.5,4207.5,2016-01-27 17:02:00+00:00,4207.5,objetivo,60.0,0.0,60.0,30.0,2.0
-1,1,2016-01-27 19:14:00+00:00,2016-01-27 19:15:00+00:00,4164.25,4209.75,4073.25,2016-01-27 20:55:00+00:00,4117.0,tiempo,94.5,0.0,94.5,91.0,1.0384615384615385
1,1,2016-01-28 16:14:00+00:00,2016-01-28 16:15:00+00:00,4158.0,4145.0,4184.0,2016-01-28 16:33:00+00:00,4145.0,stop,-26.0,0.0,-26.0,26.0,-1.0
-1,1,2016-01-28 16:44:00+00:00,2016-01-28 16:45:00+00:00,4142.5,4156.25,4115.0,2016-01-28 17:12:00+00:00,4156.25,stop,-27.5,0.0,-27.5,27.5,-1.0
1,1,2016-01-28 17:14:00+00:00,2016-01-28 17:15:00+00:00,4156.0,4135.25,4197.5,2016-01-28 20:55:00+00:00,4175.25,tiempo,38.5,0.0,38.5,41.5,0.927710843373494
-1,1,2016-02-01 17:59:00+00:00,2016-02-01 18:00:00+00:00,4247.5,4254.0,4234.5,2016-02-01 18:03:00+00:00,4254.0,stop,-13.0,0.0,-13.0,13.0,-1.0
1,1,2016-02-01 18:14:00+00:00,2016-02-01 18:15:00+00:00,4251.0,4245.25,4262.5,2016-02-01 18:26:00+00:00,4262.5,objetivo,23.0,0.0,23.0,11.5,2.0
1,1,2016-02-02 15:44:00+00:00,2016-02-02 15:45:00+00:00,4242.0,4230.5,4265.0,2016-02-02 16:56:00+00:00,4230.5,stop,-23.0,0.0,-23.0,23.0,-1.0
1,1,2016-02-03 16:44:00+00:00,2016-02-03 16:45:00+00:00,4145.75,4120.5,4196.25,2016-02-03 17:32:00+00:00,4120.5,stop,-50.5,0.0,-50.5,50.5,-1.0
1,1,2016-02-03 19:29:00+00:00,2016-02-03 19:30:00+00:00,4154.75,4108.5,4247.25,2016-02-03 20:55:00+00:00,4168.0,tiempo,26.5,0.0,26.5,92.5,0.2864864864864865
1,1,2016-02-04 14:59:00+00:00,2016-02-04 15:00:00+00:00,4137.0,4113.5,4184.0,2016-02-04 15:29:00+00:00,4184.0,objetivo,94.0,0.0,94.0,47.0,2.0
-1,1,2016-02-04 16:29:00+00:00,2016-02-04 16:30:00+00:00,4148.0,4162.75,4118.5,2016-02-04 17:13:00+00:00,4162.75,stop,-29.5,0.0,-29.5,29.5,-1.0
1,1,2016-02-04 17:14:00+00:00,2016-02-04 17:15:00+00:00,4155.75,4130.75,4205.75,2016-02-04 19:39:00+00:00,4130.75,stop,-50.0,0.0,-50.0,50.0,-1.0
-1,1,2016-02-08 15:14:00+00:00,2016-02-08 15:15:00+00:00,3939.0,3953.75,3909.5,2016-02-08 16:07:00+00:00,3909.5,objetivo,59.0,0.0,59.0,29.5,2.0
1,1,2016-02-08 17:29:00+00:00,2016-02-08 17:30:00+00:00,3935.0,3922.75,3959.5,2016-02-08 17:55:00+00:00,3922.75,stop,-24.5,0.0,-24.5,24.5,-1.0
-1,1,2016-02-08 17:59:00+00:00,2016-02-08 18:00:00+00:00,3922.75,3933.75,3900.75,2016-02-08 18:26:00+00:00,3900.75,objetivo,44.0,0.0,44.0,22.0,2.0
-1,1,2016-02-09 15:44:00+00:00,2016-02-09 15:45:00+00:00,3939.5,3968.5,3881.5,2016-02-09 16:28:00+00:00,3968.5,stop,-58.0,0.0,-58.0,58.0,-1.0
1,1,2016-02-09 16:29:00+00:00,2016-02-09 16:30:00+00:00,3967.5,3945.0,4012.5,2016-02-09 16:39:00+00:00,3945.0,stop,-45.0,0.0,-45.0,45.0,-1.0
-1,1,2016-02-09 16:59:00+00:00,2016-02-09 17:00:00+00:00,3940.75,3964.5,3893.25,2016-02-09 19:44:00+00:00,3964.5,stop,-47.5,0.0,-47.5,47.5,-1.0
1,1,2016-02-09 19:44:00+00:00,2016-02-09 19:45:00+00:00,3967.5,3930.75,4041.0,2016-02-09 20:55:00+00:00,3946.25,tiempo,-42.5,0.0,-42.5,73.5,-0.5782312925170068
1,1,2016-02-10 14:59:00+00:00,2016-02-10 15:00:00+00:00,4010.0,3972.5,4085.0,2016-02-10 20:29:00+00:00,3972.5,stop,-75.0,0.0,-75.0,75.0,-1.0
-1,1,2016-02-11 15:29:00+00:00,2016-02-11 15:30:00+00:00,3926.75,3951.5,3877.25,2016-02-11 19:50:00+00:00,3951.5,stop,-49.5,0.0,-49.5,49.5,-1.0
1,1,2016-02-12 16:14:00+00:00,2016-02-12 16:15:00+00:00,3996.25,3973.75,4041.25,2016-02-12 20:55:00+00:00,4012.25,tiempo,32.0,0.0,32.0,45.0,0.7111111111111111
-1,1,2016-02-15 15:14:00+00:00,2016-02-15 15:15:00+00:00,4074.75,4081.25,4061.75,2016-02-15 17:59:00+00:00,4076.25,fin_de_datos,-3.0,0.0,-3.0,13.0,-0.23076923076923078
-1,1,2016-02-16 14:59:00+00:00,2016-02-16 15:00:00+00:00,4076.25,4093.0,4042.75,2016-02-16 18:05:00+00:00,4093.0,stop,-33.5,0.0,-33.5,33.5,-1.0
1,1,2016-02-17 14:59:00+00:00,2016-02-17 15:00:00+00:00,4141.75,4123.0,4179.25,2016-02-17 17:17:00+00:00,4179.25,objetivo,75.0,0.0,75.0,37.5,2.0
1,1,2016-02-18 15:29:00+00:00,2016-02-18 15:30:00+00:00,4191.75,4179.0,4217.25,2016-02-18 15:40:00+00:00,4179.0,stop,-25.5,0.0,-25.5,25.5,-1.0
-1,1,2016-02-18 15:44:00+00:00,2016-02-18 15:45:00+00:00,4179.75,4192.75,4153.75,2016-02-18 18:49:00+00:00,4153.75,objetivo,52.0,0.0,52.0,26.0,2.0
1,1,2016-02-19 14:59:00+00:00,2016-02-19 15:00:00+00:00,4139.25,4125.0,4167.75,2016-02-19 16:29:00+00:00,4167.75,objetivo,57.0,0.0,57.0,28.5,2.0
-1,1,2016-02-19 19:59:00+00:00,2016-02-19 20:00:00+00:00,4146.75,4158.75,4122.75,2016-02-19 20:26:00+00:00,4158.75,stop,-24.0,0.0,-24.0,24.0,-1.0
-1,1,2016-02-22 15:59:00+00:00,2016-02-22 16:00:00+00:00,4211.25,4216.5,4200.75,2016-02-22 16:11:00+00:00,4216.5,stop,-10.5,0.0,-10.5,10.5,-1.0
1,1,2016-02-22 16:14:00+00:00,2016-02-22 16:15:00+00:00,4217.0,4207.75,4235.5,2016-02-22 20:55:00+00:00,4224.75,tiempo,15.5,0.0,15.5,18.5,0.8378378378378378
-1,1,2016-02-23 14:59:00+00:00,2016-02-23 15:00:00+00:00,4208.75,4216.0,4194.25,2016-02-23 15:09:00+00:00,4194.25,objetivo,29.0,0.0,29.0,14.5,2.0
-1,1,2016-02-24 14:59:00+00:00,2016-02-24 15:00:00+00:00,4095.25,4113.0,4059.75,2016-02-24 16:39:00+00:00,4113.0,stop,-35.5,0.0,-35.5,35.5,-1.0
1,1,2016-02-25 15:29:00+00:00,2016-02-25 15:30:00+00:00,4193.5,4182.5,4215.5,2016-02-25 18:39:00+00:00,4215.5,objetivo,44.0,0.0,44.0,22.0,2.0
-1,1,2016-02-29 18:29:00+00:00,2016-02-29 18:30:00+00:00,4243.5,4252.75,4225.0,2016-02-29 19:21:00+00:00,4225.0,objetivo,37.0,0.0,37.0,18.5,2.0
1,1,2016-03-01 14:59:00+00:00,2016-03-01 15:00:00+00:00,4239.75,4226.5,4266.25,2016-03-01 15:24:00+00:00,4266.25,objetivo,53.0,0.0,53.0,26.5,2.0
-1,1,2016-03-02 14:59:00+00:00,2016-03-02 15:00:00+00:00,4318.5,4328.5,4298.5,2016-03-02 15:08:00+00:00,4328.5,stop,-20.0,0.0,-20.0,20.0,-1.0
1,1,2016-03-02 15:14:00+00:00,2016-03-02 15:15:00+00:00,4332.0,4316.75,4362.5,2016-03-02 15:30:00+00:00,4316.75,stop,-30.5,0.0,-30.5,30.5,-1.0
-1,1,2016-03-02 15:44:00+00:00,2016-03-02 15:45:00+00:00,4313.25,4324.75,4290.25,2016-03-02 16:03:00+00:00,4324.75,stop,-23.0,0.0,-23.0,23.0,-1.0
-1,1,2016-03-02 16:14:00+00:00,2016-03-02 16:15:00+00:00,4321.5,4329.5,4305.5,2016-03-02 16:58:00+00:00,4305.5,objetivo,32.0,0.0,32.0,16.0,2.0
1,1,2016-03-02 19:44:00+00:00,2016-03-02 19:45:00+00:00,4318.75,4307.75,4340.75,2016-03-02 20:55:00+00:00,4327.5,tiempo,17.5,0.0,17.5,22.0,0.7954545454545454
1,1,2016-03-03 18:44:00+00:00,2016-03-03 18:45:00+00:00,4316.75,4306.5,4337.25,2016-03-03 20:55:00+00:00,4323.5,tiempo,13.5,0.0,13.5,20.5,0.6585365853658537
1,1,2016-03-04 15:14:00+00:00,2016-03-04 15:15:00+00:00,4313.0,4298.5,4342.0,2016-03-04 16:19:00+00:00,4342.0,objetivo,58.0,0.0,58.0,29.0,2.0
-1,1,2016-03-04 19:59:00+00:00,2016-03-04 20:00:00+00:00,4319.75,4328.0,4303.25,2016-03-04 20:25:00+00:00,4328.0,stop,-16.5,0.0,-16.5,16.5,-1.0
-1,1,2016-03-07 14:59:00+00:00,2016-03-07 15:00:00+00:00,4290.75,4310.0,4252.25,2016-03-07 16:23:00+00:00,4310.0,stop,-38.5,0.0,-38.5,38.5,-1.0
-1,1,2016-03-07 18:29:00+00:00,2016-03-07 18:30:00+00:00,4305.5,4323.5,4269.5,2016-03-07 20:05:00+00:00,4269.5,objetivo,72.0,0.0,72.0,36.0,2.0
1,1,2016-03-08 14:59:00+00:00,2016-03-08 15:00:00+00:00,4282.5,4264.5,4318.5,2016-03-08 15:30:00+00:00,4264.5,stop,-36.0,0.0,-36.0,36.0,-1.0
1,1,2016-03-08 15:59:00+00:00,2016-03-08 16:00:00+00:00,4275.25,4264.0,4297.75,2016-03-08 17:01:00+00:00,4297.75,objetivo,45.0,0.0,45.0,22.5,2.0
1,1,2016-03-09 15:29:00+00:00,2016-03-09 15:30:00+00:00,4276.25,4267.25,4294.25,2016-03-09 15:52:00+00:00,4267.25,stop,-18.0,0.0,-18.0,18.0,-1.0
-1,1,2016-03-09 15:59:00+00:00,2016-03-09 16:00:00+00:00,4264.25,4287.0,4218.75,2016-03-09 16:30:00+00:00,4287.0,stop,-45.5,0.0,-45.5,45.5,-1.0
-1,1,2016-03-10 15:29:00+00:00,2016-03-10 15:30:00+00:00,4315.5,4327.0,4292.5,2016-03-10 15:36:00+00:00,4292.5,objetivo,46.0,0.0,46.0,23.0,2.0
-1,1,2016-03-11 15:14:00+00:00,2016-03-11 15:15:00+00:00,4325.75,4337.5,4302.25,2016-03-11 15:33:00+00:00,4337.5,stop,-23.5,0.0,-23.5,23.5,-1.0
-1,1,2016-03-15 13:59:00+00:00,2016-03-15 14:00:00+00:00,4338.5,4347.5,4320.5,2016-03-15 14:29:00+00:00,4347.5,stop,-18.0,0.0,-18.0,18.0,-1.0
1,1,2016-03-15 14:29:00+00:00,2016-03-15 14:30:00+00:00,4348.0,4335.0,4374.0,2016-03-15 19:55:00+00:00,4355.75,tiempo,15.5,0.0,15.5,26.0,0.5961538461538461
-1,1,2016-03-16 16:59:00+00:00,2016-03-16 17:00:00+00:00,4357.0,4366.25,4338.5,2016-03-16 18:00:00+00:00,4366.25,stop,-18.5,0.0,-18.5,18.5,-1.0
1,1,2016-03-16 18:29:00+00:00,2016-03-16 18:30:00+00:00,4384.25,4363.25,4426.25,2016-03-16 19:55:00+00:00,4393.25,tiempo,18.0,0.0,18.0,42.0,0.42857142857142855
1,1,2016-03-17 14:44:00+00:00,2016-03-17 14:45:00+00:00,4380.25,4374.0,4392.75,2016-03-17 16:27:00+00:00,4392.75,objetivo,25.0,0.0,25.0,12.5,2.0
-1,1,2016-03-17 18:59:00+00:00,2016-03-17 19:00:00+00:00,4384.75,4394.0,4366.25,2016-03-17 19:22:00+00:00,4394.0,stop,-18.5,0.0,-18.5,18.5,-1.0
1,1,2016-03-18 14:44:00+00:00,2016-03-18 14:45:00+00:00,4392.75,4385.5,4407.25,2016-03-18 15:09:00+00:00,4407.25,objetivo,29.0,0.0,29.0,14.5,2.0
-1,1,2016-03-18 17:29:00+00:00,2016-03-18 17:30:00+00:00,4393.0,4399.5,4380.0,2016-03-18 17:38:00+00:00,4380.0,objetivo,26.0,0.0,26.0,13.0,2.0
-1,1,2016-03-21 14:14:00+00:00,2016-03-21 14:15:00+00:00,4393.25,4412.0,4355.75,2016-03-21 17:19:00+00:00,4412.0,stop,-37.5,0.0,-37.5,37.5,-1.0
1,1,2016-03-23 14:29:00+00:00,2016-03-23 14:30:00+00:00,4414.5,4411.25,4421.0,2016-03-23 14:30:00+00:00,4411.25,stop,-6.5,0.0,-6.5,6.5,-1.0
-1,1,2016-03-23 14:44:00+00:00,2016-03-23 14:45:00+00:00,4409.5,4421.25,4386.0,2016-03-23 19:24:00+00:00,4386.0,objetivo,47.0,0.0,47.0,23.5,2.0
1,1,2016-03-24 13:59:00+00:00,2016-03-24 14:00:00+00:00,4382.25,4365.5,4415.75,2016-03-24 19:55:00+00:00,4394.5,tiempo,24.5,0.0,24.5,33.5,0.7313432835820896
1,1,2016-03-28 14:14:00+00:00,2016-03-28 14:15:00+00:00,4397.5,4385.5,4421.5,2016-03-28 14:46:00+00:00,4385.5,stop,-24.0,0.0,-24.0,24.0,-1.0
1,1,2016-03-28 15:29:00+00:00,2016-03-28 15:30:00+00:00,4395.25,4386.75,4412.25,2016-03-28 18:47:00+00:00,4386.75,stop,-17.0,0.0,-17.0,17.0,-1.0
-1,1,2016-03-30 15:14:00+00:00,2016-03-30 15:15:00+00:00,4492.5,4506.75,4464.0,2016-03-30 19:55:00+00:00,4484.75,tiempo,15.5,0.0,15.5,28.5,0.543859649122807
-1,1,2016-03-31 13:59:00+00:00,2016-03-31 14:00:00+00:00,4480.0,4487.0,4466.0,2016-03-31 14:08:00+00:00,4487.0,stop,-14.0,0.0,-14.0,14.0,-1.0
1,1,2016-03-31 14:14:00+00:00,2016-03-31 14:15:00+00:00,4487.5,4477.5,4507.5,2016-03-31 17:56:00+00:00,4477.5,stop,-20.0,0.0,-20.0,20.0,-1.0
-1,1,2016-04-04 14:14:00+00:00,2016-04-04 14:15:00+00:00,4518.5,4526.0,4503.5,2016-04-04 14:53:00+00:00,4503.5,objetivo,30.0,0.0,30.0,15.0,2.0
1,1,2016-04-04 16:14:00+00:00,2016-04-04 16:15:00+00:00,4513.75,4505.0,4531.25,2016-04-04 17:58:00+00:00,4505.0,stop,-17.5,0.0,-17.5,17.5,-1.0
1,1,2016-04-05 14:14:00+00:00,2016-04-05 14:15:00+00:00,4478.5,4466.5,4502.5,2016-04-05 15:46:00+00:00,4466.5,stop,-24.0,0.0,-24.0,24.0,-1.0
1,1,2016-04-05 17:29:00+00:00,2016-04-05 17:30:00+00:00,4472.5,4463.5,4490.5,2016-04-05 19:53:00+00:00,4463.5,stop,-18.0,0.0,-18.0,18.0,-1.0
1,1,2016-04-06 13:59:00+00:00,2016-04-06 14:00:00+00:00,4480.0,4467.75,4504.5,2016-04-06 15:29:00+00:00,4504.5,objetivo,49.0,0.0,49.0,24.5,2.0
-1,1,2016-04-07 13:59:00+00:00,2016-04-07 14:00:00+00:00,4505.75,4515.0,4487.25,2016-04-07 14:30:00+00:00,4487.25,objetivo,37.0,0.0,37.0,18.5,2.0
1,1,2016-04-08 13:59:00+00:00,2016-04-08 14:00:00+00:00,4502.25,4484.75,4537.25,2016-04-08 14:59:00+00:00,4484.75,stop,-35.0,0.0,-35.0,35.0,-1.0
1,1,2016-04-11 13:59:00+00:00,2016-04-11 14:00:00+00:00,4495.25,4483.25,4519.25,2016-04-11 15:00:00+00:00,4483.25,stop,-24.0,0.0,-24.0,24.0,-1.0
1,1,2016-04-11 16:59:00+00:00,2016-04-11 17:00:00+00:00,4497.5,4484.25,4524.0,2016-04-11 18:04:00+00:00,4484.25,stop,-26.5,0.0,-26.5,26.5,-1.0
1,1,2016-04-11 18:59:00+00:00,2016-04-11 19:00:00+00:00,4491.75,4483.5,4508.25,2016-04-11 19:03:00+00:00,4483.5,stop,-16.5,0.0,-16.5,16.5,-1.0
-1,1,2016-04-12 13:59:00+00:00,2016-04-12 14:00:00+00:00,4446.25,4460.0,4418.75,2016-04-12 14:52:00+00:00,4460.0,stop,-27.5,0.0,-27.5,27.5,-1.0
-1,1,2016-04-13 14:59:00+00:00,2016-04-13 15:00:00+00:00,4530.0,4540.25,4509.5,2016-04-13 15:28:00+00:00,4540.25,stop,-20.5,0.0,-20.5,20.5,-1.0
1,1,2016-04-13 15:29:00+00:00,2016-04-13 15:30:00+00:00,4539.75,4530.5,4558.25,2016-04-13 15:53:00+00:00,4530.5,stop,-18.5,0.0,-18.5,18.5,-1.0
-1,1,2016-04-13 15:59:00+00:00,2016-04-13 16:00:00+00:00,4534.0,4543.75,4514.5,2016-04-13 19:12:00+00:00,4543.75,stop,-19.5,0.0,-19.5,19.5,-1.0
1,1,2016-04-14 14:14:00+00:00,2016-04-14 14:15:00+00:00,4542.0,4536.0,4554.0,2016-04-14 15:47:00+00:00,4554.0,objetivo,24.0,0.0,24.0,12.0,2.0
-1,1,2016-04-14 17:59:00+00:00,2016-04-14 18:00:00+00:00,4545.25,4553.25,4529.25,2016-04-14 19:55:00+00:00,4547.25,tiempo,-4.0,0.0,-4.0,16.0,-0.25
1,1,2016-04-15 13:59:00+00:00,2016-04-15 14:00:00+00:00,4542.0,4533.25,4559.5,2016-04-15 17:10:00+00:00,4533.25,stop,-17.5,0.0,-17.5,17.5,-1.0
-1,1,2016-04-18 15:59:00+00:00,2016-04-18 16:00:00+00:00,4542.25,4548.0,4530.75,2016-04-18 16:20:00+00:00,4548.0,stop,-11.5,0.0,-11.5,11.5,-1.0
1,1,2016-04-19 14:29:00+00:00,2016-04-19 14:30:00+00:00,4546.0,4542.0,4554.0,2016-04-19 14:48:00+00:00,4542.0,stop,-8.0,0.0,-8.0,8.0,-1.0
-1,1,2016-04-19 15:14:00+00:00,2016-04-19 15:15:00+00:00,4542.0,4548.5,4529.0,2016-04-19 15:50:00+00:00,4529.0,objetivo,26.0,0.0,26.0,13.0,2.0
1,1,2016-04-20 13:59:00+00:00,2016-04-20 14:00:00+00:00,4538.75,4519.25,4577.75,2016-04-20 19:55:00+00:00,4533.75,tiempo,-10.0,0.0,-10.0,39.0,-0.2564102564102564
1,1,2016-04-21 14:29:00+00:00,2016-04-21 14:30:00+00:00,4528.75,4515.25,4555.75,2016-04-21 19:55:00+00:00,4533.0,tiempo,8.5,0.0,8.5,27.0,0.3148148148148148
-1,1,2016-04-22 14:14:00+00:00,2016-04-22 14:15:00+00:00,4469.5,4487.0,4434.5,2016-04-22 14:45:00+00:00,4434.5,objetivo,70.0,0.0,70.0,35.0,2.0
1,1,2016-04-22 17:44:00+00:00,2016-04-22 17:45:00+00:00,4456.5,4443.25,4483.0,2016-04-22 19:55:00+00:00,4466.75,tiempo,20.5,0.0,20.5,26.5,0.7735849056603774
-1,1,2016-04-25 13:59:00+00:00,2016-04-25 14:00:00+00:00,4457.5,4466.75,4439.0,2016-04-25 19:55:00+00:00,4459.25,tiempo,-3.5,0.0,-3.5,18.5,-0.1891891891891892
-1,1,2016-04-26 14:14:00+00:00,2016-04-26 14:15:00+00:00,4468.25,4483.5,4437.75,2016-04-26 18:29:00+00:00,4437.75,objetivo,61.0,0.0,61.0,30.5,2.0
1,1,2016-04-27 15:29:00+00:00,2016-04-27 15:30:00+00:00,4394.5,4382.25,4419.0,2016-04-27 17:25:00+00:00,4382.25,stop,-24.5,0.0,-24.5,24.5,-1.0
1,1,2016-04-27 18:14:00+00:00,2016-04-27 18:15:00+00:00,4394.5,4375.75,4432.0,2016-04-27 19:55:00+00:00,4408.75,tiempo,28.5,0.0,28.5,37.5,0.76
-1,1,2016-04-28 16:29:00+00:00,2016-04-28 16:30:00+00:00,4423.25,4431.0,4407.75,2016-04-28 17:11:00+00:00,4407.75,objetivo,31.0,0.0,31.0,15.5,2.0
1,1,2016-04-29 17:14:00+00:00,2016-04-29 17:15:00+00:00,4332.5,4319.75,4358.0,2016-04-29 17:46:00+00:00,4319.75,stop,-25.5,0.0,-25.5,25.5,-1.0
-1,1,2016-05-02 13:59:00+00:00,2016-05-02 14:00:00+00:00,4330.0,4342.75,4304.5,2016-05-02 14:15:00+00:00,4342.75,stop,-25.5,0.0,-25.5,25.5,-1.0
-1,1,2016-05-02 14:44:00+00:00,2016-05-02 14:45:00+00:00,4335.5,4344.0,4318.5,2016-05-02 14:49:00+00:00,4344.0,stop,-17.0,0.0,-17.0,17.0,-1.0
1,1,2016-05-02 15:14:00+00:00,2016-05-02 15:15:00+00:00,4335.5,4328.25,4350.0,2016-05-02 17:13:00+00:00,4350.0,objetivo,29.0,0.0,29.0,14.5,2.0
-1,1,2016-05-03 13:59:00+00:00,2016-05-03 14:00:00+00:00,4334.5,4346.5,4310.5,2016-05-03 17:08:00+00:00,4346.5,stop,-24.0,0.0,-24.0,24.0,-1.0
1,1,2016-05-04 13:59:00+00:00,2016-05-04 14:00:00+00:00,4314.0,4300.0,4342.0,2016-05-04 15:28:00+00:00,4300.0,stop,-28.0,0.0,-28.0,28.0,-1.0
1,1,2016-05-04 16:14:00+00:00,2016-05-04 16:15:00+00:00,4314.75,4303.0,4338.25,2016-05-04 16:40:00+00:00,4303.0,stop,-23.5,0.0,-23.5,23.5,-1.0
1,1,2016-05-05 14:14:00+00:00,2016-05-05 14:15:00+00:00,4324.25,4304.0,4364.75,2016-05-05 14:28:00+00:00,4304.0,stop,-40.5,0.0,-40.5,40.5,-1.0
-1,1,2016-05-05 14:29:00+00:00,2016-05-05 14:30:00+00:00,4306.25,4325.25,4268.25,2016-05-05 15:43:00+00:00,4325.25,stop,-38.0,0.0,-38.0,38.0,-1.0
1,1,2016-05-05 15:44:00+00:00,2016-05-05 15:45:00+00:00,4326.75,4309.25,4361.75,2016-05-05 17:10:00+00:00,4309.25,stop,-35.0,0.0,-35.0,35.0,-1.0
-1,1,2016-05-06 13:59:00+00:00,2016-05-06 14:00:00+00:00,4292.5,4304.5,4268.5,2016-05-06 17:54:00+00:00,4304.5,stop,-24.0,0.0,-24.0,24.0,-1.0
-1,1,2016-05-09 14:29:00+00:00,2016-05-09 14:30:00+00:00,4334.0,4351.75,4298.5,2016-05-09 18:50:00+00:00,4351.75,stop,-35.5,0.0,-35.5,35.5,-1.0
1,1,2016-05-11 13:59:00+00:00,2016-05-11 14:00:00+00:00,4391.0,4383.0,4407.0,2016-05-11 15:01:00+00:00,4383.0,stop,-16.0,0.0,-16.0,16.0,-1.0
1,1,2016-05-12 18:14:00+00:00,2016-05-12 18:15:00+00:00,4347.0,4331.25,4378.5,2016-05-12 19:55:00+00:00,4336.75,tiempo,-20.5,0.0,-20.5,31.5,-0.6507936507936508
-1,1,2016-05-13 13:59:00+00:00,2016-05-13 14:00:00+00:00,4343.0,4355.5,4318.0,2016-05-13 15:26:00+00:00,4355.5,stop,-25.0,0.0,-25.0,25.0,-1.0
-1,1,2016-05-13 16:44:00+00:00,2016-05-13 16:45:00+00:00,4341.25,4354.75,4314.25,2016-05-13 18:40:00+00:00,4314.25,objetivo,54.0,0.0,54.0,27.0,2.0
1,1,2016-05-17 15:59:00+00:00,2016-05-17 16:00:00+00:00,4363.5,4359.5,4371.5,2016-05-17 16:10:00+00:00,4359.5,stop,-8.0,0.0,-8.0,8.0,-1.0
-1,1,2016-05-17 16:14:00+00:00,2016-05-17 16:15:00+00:00,4358.25,4365.25,4344.25,2016-05-17 17:55:00+00:00,4344.25,objetivo,28.0,0.0,28.0,14.0,2.0
-1,1,2016-05-18 18:14:00+00:00,2016-05-18 18:15:00+00:00,4325.0,4352.0,4271.0,2016-05-18 19:55:00+00:00,4328.5,tiempo,-7.0,0.0,-7.0,54.0,-0.12962962962962962
-1,1,2016-05-19 13:59:00+00:00,2016-05-19 14:00:00+00:00,4297.5,4327.75,4237.0,2016-05-19 19:55:00+00:00,4318.75,tiempo,-42.5,0.0,-42.5,60.5,-0.7024793388429752
-1,1,2016-05-23 14:44:00+00:00,2016-05-23 14:45:00+00:00,4372.75,4380.25,4357.75,2016-05-23 19:20:00+00:00,4357.75,objetivo,30.0,0.0,30.0,15.0,2.0
1,1,2016-05-25 13:59:00+00:00,2016-05-25 14:00:00+00:00,4470.5,4453.5,4504.5,2016-05-25 19:55:00+00:00,4475.25,tiempo,9.5,0.0,9.5,34.0,0.27941176470588236
-1,1,2016-05-26 13:59:00+00:00,2016-05-26 14:00:00+00:00,4471.0,4485.25,4442.5,2016-05-26 14:31:00+00:00,4485.25,stop,-28.5,0.0,-28.5,28.5,-1.0
-1,1,2016-05-26 14:59:00+00:00,2016-05-26 15:00:00+00:00,4477.75,4486.0,4461.25,2016-05-26 15:30:00+00:00,4486.0,stop,-16.5,0.0,-16.5,16.5,-1.0
-1,1,2016-05-26 16:29:00+00:00,2016-05-26 16:30:00+00:00,4478.75,4480.25,4475.75,2016-05-26 16:32:00+00:00,4480.25,stop,-3.0,0.0,-3.0,3.0,-1.0
1,1,2016-05-26 16:44:00+00:00,2016-05-26 16:45:00+00:00,4480.75,4478.75,4484.75,2016-05-26 16:53:00+00:00,4478.75,stop,-4.0,0.0,-4.0,4.0,-1.0
-1,1,2016-05-26 16:59:00+00:00,2016-05-26 17:00:00+00:00,4478.5,4481.25,4473.0,2016-05-26 17:15:00+00:00,4481.25,stop,-5.5,0.0,-5.5,5.5,-1.0
1,1,2016-05-26 17:29:00+00:00,2016-05-26 17:30:00+00:00,4484.0,4479.25,4493.5,2016-05-26 19:26:00+00:00,4493.5,objetivo,19.0,0.0,19.0,9.5,2.0
-1,1,2016-05-27 17:59:00+00:00,2016-05-27 18:00:00+00:00,4499.75,4506.5,4486.25,2016-05-27 18:26:00+00:00,4506.5,stop,-13.5,0.0,-13.5,13.5,-1.0
1,1,2016-05-27 18:29:00+00:00,2016-05-27 18:30:00+00:00,4504.5,4501.0,4511.5,2016-05-27 19:55:00+00:00,4511.0,tiempo,13.0,0.0,13.0,7.0,1.8571428571428572
1,1,2016-05-30 14:14:00+00:00,2016-05-30 14:15:00+00:00,4519.75,4516.75,4525.75,2016-05-30 16:59:00+00:00,4522.0,fin_de_datos,4.5,0.0,4.5,6.0,0.75
-1,1,2016-05-31 14:44:00+00:00,2016-05-31 14:45:00+00:00,4516.25,4527.0,4494.75,2016-05-31 19:55:00+00:00,4523.75,tiempo,-15.0,0.0,-15.0,21.5,-0.6976744186046512
-1,1,2016-06-01 13:59:00+00:00,2016-06-01 14:00:00+00:00,4506.5,4510.75,4498.0,2016-06-01 14:00:00+00:00,4510.75,stop,-8.5,0.0,-8.5,8.5,-1.0
1,1,2016-06-01 14:14:00+00:00,2016-06-01 14:15:00+00:00,4519.75,4502.75,4553.75,2016-06-01 19:55:00+00:00,4517.5,tiempo,-4.5,0.0,-4.5,34.0,-0.1323529411764706
-1,1,2016-06-02 13:59:00+00:00,2016-06-02 14:00:00+00:00,4492.75,4509.5,4459.25,2016-06-02 14:33:00+00:00,4509.5,stop,-33.5,0.0,-33.5,33.5,-1.0
-1,1,2016-06-02 16:14:00+00:00,2016-06-02 16:15:00+00:00,4503.25,4511.0,4487.75,2016-06-02 16:52:00+00:00,4511.0,stop,-15.5,0.0,-15.5,15.5,-1.0
1,1,2016-06-03 14:59:00+00:00,2016-06-03 15:00:00+00:00,4500.75,4494.0,4514.25,2016-06-03 15:09:00+00:00,4494.0,stop,-13.5,0.0,-13.5,13.5,-1.0
-1,1,2016-06-03 15:14:00+00:00,2016-06-03 15:15:00+00:00,4493.75,4502.5,4476.25,2016-06-03 15:31:00+00:00,4502.5,stop,-17.5,0.0,-17.5,17.5,-1.0
1,1,2016-06-03 15:44:00+00:00,2016-06-03 15:45:00+00:00,4507.25,4496.5,4528.75,2016-06-03 19:55:00+00:00,4513.0,tiempo,11.5,0.0,11.5,21.5,0.5348837209302325
-1,1,2016-06-06 14:14:00+00:00,2016-06-06 14:15:00+00:00,4519.25,4525.0,4507.75,2016-06-06 14:42:00+00:00,4525.0,stop,-11.5,0.0,-11.5,11.5,-1.0
1,1,2016-06-06 14:44:00+00:00,2016-06-06 14:45:00+00:00,4524.0,4519.25,4533.5,2016-06-06 16:17:00+00:00,4519.25,stop,-9.5,0.0,-9.5,9.5,-1.0
1,1,2016-06-06 16:44:00+00:00,2016-06-06 16:45:00+00:00,4524.0,4517.25,4537.5,2016-06-06 16:50:00+00:00,4517.25,stop,-13.5,0.0,-13.5,13.5,-1.0
-1,1,2016-06-06 16:59:00+00:00,2016-06-06 17:00:00+00:00,4515.75,4524.0,4499.25,2016-06-06 17:10:00+00:00,4524.0,stop,-16.5,0.0,-16.5,16.5,-1.0
1,1,2016-06-06 17:14:00+00:00,2016-06-06 17:15:00+00:00,4522.75,4515.0,4538.25,2016-06-06 19:55:00+00:00,4525.25,tiempo,5.0,0.0,5.0,15.5,0.3225806451612903
1,1,2016-06-07 13:59:00+00:00,2016-06-07 14:00:00+00:00,4528.75,4523.75,4538.75,2016-06-07 14:47:00+00:00,4523.75,stop,-10.0,0.0,-10.0,10.0,-1.0
-1,1,2016-06-07 14:59:00+00:00,2016-06-07 15:00:00+00:00,4519.75,4529.75,4499.75,2016-06-07 16:42:00+00:00,4529.75,stop,-20.0,0.0,-20.0,20.0,-1.0
-1,1,2016-06-07 17:59:00+00:00,2016-06-07 18:00:00+00:00,4523.5,4527.75,4515.0,2016-06-07 19:43:00+00:00,4515.0,objetivo,17.0,0.0,17.0,8.5,2.0
-1,1,2016-06-08 14:14:00+00:00,2016-06-08 14:15:00+00:00,4510.25,4529.0,4472.75,2016-06-08 19:55:00+00:00,4519.25,tiempo,-18.0,0.0,-18.0,37.5,-0.48
-1,1,2016-06-09 14:29:00+00:00,2016-06-09 14:30:00+00:00,4509.25,4516.25,4495.25,2016-06-09 14:48:00+00:00,4516.25,stop,-14.0,0.0,-14.0,14.0,-1.0
-1,1,2016-06-09 15:29:00+00:00,2016-06-09 15:30:00+00:00,4508.5,4514.25,4497.0,2016-06-09 16:13:00+00:00,4497.0,objetivo,23.0,0.0,23.0,11.5,2.0
1,1,2016-06-09 16:59:00+00:00,2016-06-09 17:00:00+00:00,4508.5,4501.0,4523.5,2016-06-09 19:55:00+00:00,4514.75,tiempo,12.5,0.0,12.5,15.0,0.8333333333333334
1,1,2016-06-10 14:29:00+00:00,2016-06-10 14:30:00+00:00,4473.5,4464.0,4492.5,2016-06-10 17:46:00+00:00,4464.0,stop,-19.0,0.0,-19.0,19.0,-1.0
1,1,2016-06-13 13:59:00+00:00,2016-06-13 14:00:00+00:00,4445.5,4427.0,4482.5,2016-06-13 15:51:00+00:00,4427.0,stop,-37.0,0.0,-37.0,37.0,-1.0
1,1,2016-06-13 18:44:00+00:00,2016-06-13 18:45:00+00:00,4437.25,4427.75,4456.25,2016-06-13 19:03:00+00:00,4427.75,stop,-19.0,0.0,-19.0,19.0,-1.0
-1,1,2016-06-14 14:14:00+00:00,2016-06-14 14:15:00+00:00,4416.75,4432.75,4384.75,2016-06-14 15:19:00+00:00,4384.75,objetivo,64.0,0.0,64.0,32.0,2.0
1,1,2016-06-14 16:29:00+00:00,2016-06-14 16:30:00+00:00,4410.25,4395.75,4439.25,2016-06-14 17:53:00+00:00,4395.75,stop,-29.0,0.0,-29.0,29.0,-1.0
1,1,2016-06-14 18:29:00+00:00,2016-06-14 18:30:00+00:00,4406.75,4399.25,4421.75,2016-06-14 18:48:00+00:00,4399.25,stop,-15.0,0.0,-15.0,15.0,-1.0
-1,1,2016-06-15 13:59:00+00:00,2016-06-15 14:00:00+00:00,4423.75,4430.75,4409.75,2016-06-15 14:06:00+00:00,4430.75,stop,-14.0,0.0,-14.0,14.0,-1.0
1,1,2016-06-15 14:14:00+00:00,2016-06-15 14:15:00+00:00,4427.75,4423.75,4435.75,2016-06-15 14:18:00+00:00,4423.75,stop,-8.0,0.0,-8.0,8.0,-1.0
-1,1,2016-06-15 14:29:00+00:00,2016-06-15 14:30:00+00:00,4418.0,4428.0,4398.0,2016-06-15 14:51:00+00:00,4428.0,stop,-20.0,0.0,-20.0,20.0,-1.0
1,1,2016-06-15 15:14:00+00:00,2016-06-15 15:15:00+00:00,4426.5,4424.75,4430.0,2016-06-15 15:15:00+00:00,4424.75,stop,-3.5,0.0,-3.5,3.5,-1.0
-1,1,2016-06-15 15:29:00+00:00,2016-06-15 15:30:00+00:00,4413.25,4426.5,4386.75,2016-06-15 18:00:00+00:00,4426.5,stop,-26.5,0.0,-26.5,26.5,-1.0
-1,1,2016-06-15 18:14:00+00:00,2016-06-15 18:15:00+00:00,4421.25,4435.5,4392.75,2016-06-15 19:55:00+00:00,4398.0,tiempo,46.5,0.0,46.5,28.5,1.631578947368421
1,1,2016-06-16 15:14:00+00:00,2016-06-16 15:15:00+00:00,4366.25,4358.75,4381.25,2016-06-16 16:23:00+00:00,4381.25,objetivo,30.0,0.0,30.0,15.0,2.0
1,1,2016-06-16 16:29:00+00:00,2016-06-16 16:30:00+00:00,4385.5,4364.75,4427.0,2016-06-16 19:55:00+00:00,4416.0,tiempo,61.0,0.0,61.0,41.5,1.4698795180722892
1,1,2016-06-17 17:44:00+00:00,2016-06-17 17:45:00+00:00,4373.25,4368.75,4382.25,2016-06-17 18:05:00+00:00,4368.75,stop,-9.0,0.0,-9.0,9.0,-1.0
1,1,2016-06-17 18:44:00+00:00,2016-06-17 18:45:00+00:00,4374.75,4368.25,4387.75,2016-06-17 19:03:00+00:00,4368.25,stop,-13.0,0.0,-13.0,13.0,-1.0
-1,1,2016-06-20 15:59:00+00:00,2016-06-20 16:00:00+00:00,4425.5,4432.5,4411.5,2016-06-20 19:15:00+00:00,4411.5,objetivo,28.0,0.0,28.0,14.0,2.0
-1,1,2016-06-21 14:44:00+00:00,2016-06-21 14:45:00+00:00,4404.25,4407.75,4397.25,2016-06-21 14:50:00+00:00,4397.25,objetivo,14.0,0.0,14.0,7.0,2.0
1,1,2016-06-21 15:14:00+00:00,2016-06-21 15:15:00+00:00,4405.25,4393.0,4429.75,2016-06-21 15:34:00+00:00,4393.0,stop,-24.5,0.0,-24.5,24.5,-1.0
1,1,2016-06-21 16:29:00+00:00,2016-06-21 16:30:00+00:00,4408.25,4399.5,4425.75,2016-06-21 16:50:00+00:00,4399.5,stop,-17.5,0.0,-17.5,17.5,-1.0
-1,1,2016-06-21 16:59:00+00:00,2016-06-21 17:00:00+00:00,4397.25,4404.25,4383.25,2016-06-21 18:35:00+00:00,4404.25,stop,-14.0,0.0,-14.0,14.0,-1.0
1,1,2016-06-21 18:44:00+00:00,2016-06-21 18:45:00+00:00,4405.75,4399.0,4419.25,2016-06-21 19:08:00+00:00,4399.0,stop,-13.5,0.0,-13.5,13.5,-1.0
-1,1,2016-06-22 13:59:00+00:00,2016-06-22 14:00:00+00:00,4400.75,4408.25,4385.75,2016-06-22 14:15:00+00:00,4408.25,stop,-15.0,0.0,-15.0,15.0,-1.0
-1,1,2016-06-22 16:29:00+00:00,2016-06-22 16:30:00+00:00,4407.75,4422.25,4378.75,2016-06-22 19:55:00+00:00,4397.5,tiempo,20.5,0.0,20.5,29.0,0.7068965517241379
1,1,2016-06-23 13:59:00+00:00,2016-06-23 14:00:00+00:00,4421.25,4410.75,4442.25,2016-06-23 15:16:00+00:00,4442.25,objetivo,42.0,0.0,42.0,21.0,2.0
-1,1,2016-06-24 14:59:00+00:00,2016-06-24 15:00:00+00:00,4326.25,4342.75,4293.25,2016-06-24 16:45:00+00:00,4293.25,objetivo,66.0,0.0,66.0,33.0,2.0
1,1,2016-06-27 16:29:00+00:00,2016-06-27 16:30:00+00:00,4203.25,4187.75,4234.25,2016-06-27 16:52:00+00:00,4187.75,stop,-31.0,0.0,-31.0,31.0,-1.0
1,1,2016-06-27 17:29:00+00:00,2016-06-27 17:30:00+00:00,4202.0,4194.25,4217.5,2016-06-27 17:33:00+00:00,4194.25,stop,-15.5,0.0,-15.5,15.5,-1.0
-1,1,2016-06-27 17:44:00+00:00,2016-06-27 17:45:00+00:00,4185.0,4203.0,4149.0,2016-06-27 19:55:00+00:00,4192.25,tiempo,-14.5,0.0,-14.5,36.0,-0.4027777777777778
-1,1,2016-06-28 15:14:00+00:00,2016-06-28 15:15:00+00:00,4247.25,4255.5,4230.75,2016-06-28 16:39:00+00:00,4255.5,stop,-16.5,0.0,-16.5,16.5,-1.0
1,1,2016-06-28 16:44:00+00:00,2016-06-28 16:45:00+00:00,4254.5,4246.25,4271.0,2016-06-28 17:08:00+00:00,4246.25,stop,-16.5,0.0,-16.5,16.5,-1.0
-1,1,2016-06-28 17:29:00+00:00,2016-06-28 17:30:00+00:00,4246.5,4255.0,4229.5,2016-06-28 18:34:00+00:00,4255.0,stop,-17.0,0.0,-17.0,17.0,-1.0
1,1,2016-06-28 18:44:00+00:00,2016-06-28 18:45:00+00:00,4260.5,4245.5,4290.5,2016-06-28 19:55:00+00:00,4278.5,tiempo,36.0,0.0,36.0,30.0,1.2
-1,1,2016-06-29 14:44:00+00:00,2016-06-29 14:45:00+00:00,4324.5,4337.5,4298.5,2016-06-29 15:15:00+00:00,4337.5,stop,-26.0,0.0,-26.0,26.0,-1.0
1,1,2016-06-30 14:44:00+00:00,2016-06-30 14:45:00+00:00,4364.75,4351.0,4392.25,2016-06-30 16:17:00+00:00,4392.25,objetivo,55.0,0.0,55.0,27.5,2.0
-1,1,2016-07-01 16:29:00+00:00,2016-07-01 16:30:00+00:00,4430.75,4438.75,4414.75,2016-07-01 19:55:00+00:00,4432.0,tiempo,-2.5,0.0,-2.5,16.0,-0.15625
-1,1,2016-07-04 13:59:00+00:00,2016-07-04 14:00:00+00:00,4434.0,4438.5,4425.0,2016-07-04 14:24:00+00:00,4438.5,stop,-9.0,0.0,-9.0,9.0,-1.0
1,1,2016-07-04 14:29:00+00:00,2016-07-04 14:30:00+00:00,4437.5,4435.5,4441.5,2016-07-04 15:06:00+00:00,4435.5,stop,-4.0,0.0,-4.0,4.0,-1.0
-1,1,2016-07-04 15:14:00+00:00,2016-07-04 15:15:00+00:00,4435.25,4438.25,4429.25,2016-07-04 15:36:00+00:00,4429.25,objetivo,12.0,0.0,12.0,6.0,2.0
1,1,2016-07-04 16:29:00+00:00,2016-07-04 16:30:00+00:00,4437.5,4435.25,4442.0,2016-07-04 16:59:00+00:00,4440.25,fin_de_datos,5.5,0.0,5.5,4.5,1.2222222222222223
1,1,2016-07-05 14:29:00+00:00,2016-07-05 14:30:00+00:00,4399.75,4391.5,4416.25,2016-07-05 14:53:00+00:00,4391.5,stop,-16.5,0.0,-16.5,16.5,-1.0
-1,1,2016-07-05 14:59:00+00:00,2016-07-05 15:00:00+00:00,4394.5,4400.5,4382.5,2016-07-05 15:17:00+00:00,4400.5,stop,-12.0,0.0,-12.0,12.0,-1.0
1,1,2016-07-05 16:29:00+00:00,2016-07-05 16:30:00+00:00,4399.0,4389.25,4418.5,2016-07-05 17:05:00+00:00,4389.25,stop,-19.5,0.0,-19.5,19.5,-1.0
1,1,2016-07-06 13:59:00+00:00,2016-07-06 14:00:00+00:00,4386.0,4367.0,4424.0,2016-07-06 15:18:00+00:00,4424.0,objetivo,76.0,0.0,76.0,38.0,2.0
-1,1,2016-07-07 14:44:00+00:00,2016-07-07 14:45:00+00:00,4453.25,4459.0,4441.75,2016-07-07 15:00:00+00:00,4441.75,objetivo,23.0,0.0,23.0,11.5,2.0
-1,1,2016-07-11 14:14:00+00:00,2016-07-11 14:15:00+00:00,4545.5,4552.75,4531.0,2016-07-11 14:57:00+00:00,4552.75,stop,-14.5,0.0,-14.5,14.5,-1.0
-1,1,2016-07-12 13:59:00+00:00,2016-07-12 14:00:00+00:00,4574.5,4581.5,4560.5,2016-07-12 19:55:00+00:00,4570.25,tiempo,8.5,0.0,8.5,14.0,0.6071428571428571
1,1,2016-07-13 13:59:00+00:00,2016-07-13 14:00:00+00:00,4574.25,4570.0,4582.75,2016-07-13 14:44:00+00:00,4582.75,objetivo,17.0,0.0,17.0,8.5,2.0
-1,1,2016-07-13 15:14:00+00:00,2016-07-13 15:15:00+00:00,4574.0,4582.5,4557.0,2016-07-13 19:55:00+00:00,4561.5,tiempo,25.0,0.0,25.0,17.0,1.4705882352941178
1,1,2016-07-14 14:14:00+00:00,2016-07-14 14:15:00+00:00,4593.0,4583.75,4611.5,2016-07-14 15:38:00+00:00,4583.75,stop,-18.5,0.0,-18.5,18.5,-1.0
-1,1,2016-07-14 15:44:00+00:00,2016-07-14 15:45:00+00:00,4585.5,4589.75,4577.0,2016-07-14 16:03:00+00:00,4589.75,stop,-8.5,0.0,-8.5,8.5,-1.0
1,1,2016-07-14 16:44:00+00:00,2016-07-14 16:45:00+00:00,4589.0,4584.75,4597.5,2016-07-14 17:04:00+00:00,4584.75,stop,-8.5,0.0,-8.5,8.5,-1.0
1,1,2016-07-14 18:44:00+00:00,2016-07-14 18:45:00+00:00,4588.0,4584.25,4595.5,2016-07-14 19:27:00+00:00,4595.5,objetivo,15.0,0.0,15.0,7.5,2.0
1,1,2016-07-19 14:14:00+00:00,2016-07-19 14:15:00+00:00,4599.5,4591.0,4616.5,2016-07-19 17:25:00+00:00,4591.0,stop,-17.0,0.0,-17.0,17.0,-1.0
-1,1,2016-07-21 13:59:00+00:00,2016-07-21 14:00:00+00:00,4651.25,4662.25,4629.25,2016-07-21 19:05:00+00:00,4629.25,objetivo,44.0,0.0,44.0,22.0,2.0
1,1,2016-07-22 13:59:00+00:00,2016-07-22 14:00:00+00:00,4639.75,4634.25,4650.75,2016-07-22 14:25:00+00:00,4650.75,objetivo,22.0,0.0,22.0,11.0,2.0
-1,1,2016-07-25 13:59:00+00:00,2016-07-25 14:00:00+00:00,4650.75,4660.5,4631.25,2016-07-25 19:55:00+00:00,4655.5,tiempo,-9.5,0.0,-9.5,19.5,-0.48717948717948717
-1,1,2016-07-26 14:44:00+00:00,2016-07-26 14:45:00+00:00,4671.25,4677.25,4659.25,2016-07-26 14:54:00+00:00,4659.25,objetivo,24.0,0.0,24.0,12.0,2.0
1,1,2016-07-26 16:29:00+00:00,2016-07-26 16:30:00+00:00,4663.0,4657.25,4674.5,2016-07-26 17:20:00+00:00,4657.25,stop,-11.5,0.0,-11.5,11.5,-1.0
1,1,2016-07-26 18:29:00+00:00,2016-07-26 18:30:00+00:00,4661.5,4648.25,4688.0,2016-07-26 19:55:00+00:00,4663.75,tiempo,4.5,0.0,4.5,26.5,0.16981132075471697
1,1,2016-07-27 13:59:00+00:00,2016-07-27 14:00:00+00:00,4703.25,4692.5,4724.75,2016-07-27 14:27:00+00:00,4692.5,stop,-21.5,0.0,-21.5,21.5,-1.0
1,1,2016-07-27 18:29:00+00:00,2016-07-27 18:30:00+00:00,4694.5,4687.5,4708.5,2016-07-27 19:16:00+00:00,4708.5,objetivo,28.0,0.0,28.0,14.0,2.0
1,1,2016-07-28 13:59:00+00:00,2016-07-28 14:00:00+00:00,4707.0,4694.75,4731.5,2016-07-28 14:36:00+00:00,4694.75,stop,-24.5,0.0,-24.5,24.5,-1.0
1,1,2016-07-28 14:44:00+00:00,2016-07-28 14:45:00+00:00,4702.0,4691.75,4722.5,2016-07-28 19:55:00+00:00,4716.5,tiempo,29.0,0.0,29.0,20.5,1.4146341463414633
1,1,2016-07-29 14:44:00+00:00,2016-07-29 14:45:00+00:00,4723.25,4718.75,4732.25,2016-07-29 15:13:00+00:00,4732.25,objetivo,18.0,0.0,18.0,9.0,2.0
-1,1,2016-07-29 16:59:00+00:00,2016-07-29 17:00:00+00:00,4725.0,4727.0,4721.0,2016-07-29 17:13:00+00:00,4727.0,stop,-4.0,0.0,-4.0,4.0,-1.0
1,1,2016-07-29 17:14:00+00:00,2016-07-29 17:15:00+00:00,4727.25,4723.75,4734.25,2016-07-29 18:34:00+00:00,4723.75,stop,-7.0,0.0,-7.0,7.0,-1.0
-1,1,2016-07-29 18:44:00+00:00,2016-07-29 18:45:00+00:00,4721.75,4726.75,4711.75,2016-07-29 19:45:00+00:00,4726.75,stop,-10.0,0.0,-10.0,10.0,-1.0
-1,1,2016-08-01 16:14:00+00:00,2016-08-01 16:15:00+00:00,4737.0,4750.75,4709.5,2016-08-01 18:01:00+00:00,4750.75,stop,-27.5,0.0,-27.5,27.5,-1.0
1,1,2016-08-02 18:44:00+00:00,2016-08-02 18:45:00+00:00,4713.5,4700.5,4739.5,2016-08-02 19:55:00+00:00,4714.5,tiempo,2.0,0.0,2.0,26.0,0.07692307692307693
-1,1,2016-08-03 14:59:00+00:00,2016-08-03 15:00:00+00:00,4712.75,4720.0,4698.25,2016-08-03 17:33:00+00:00,4720.0,stop,-14.5,0.0,-14.5,14.5,-1.0
-1,1,2016-08-03 18:29:00+00:00,2016-08-03 18:30:00+00:00,4714.0,4718.75,4704.5,2016-08-03 18:48:00+00:00,4718.75,stop,-9.5,0.0,-9.5,9.5,-1.0
-1,1,2016-08-04 13:59:00+00:00,2016-08-04 14:00:00+00:00,4724.25,4738.25,4696.25,2016-08-04 14:50:00+00:00,4738.25,stop,-28.0,0.0,-28.0,28.0,-1.0
-1,1,2016-08-08 13:59:00+00:00,2016-08-08 14:00:00+00:00,4780.0,4787.0,4766.0,2016-08-08 19:55:00+00:00,4779.25,tiempo,1.5,0.0,1.5,14.0,0.10714285714285714
-1,1,2016-08-09 16:29:00+00:00,2016-08-09 16:30:00+00:00,4798.0,4806.0,4782.0,2016-08-09 19:55:00+00:00,4792.75,tiempo,10.5,0.0,10.5,16.0,0.65625
-1,1,2016-08-11 13:59:00+00:00,2016-08-11 14:00:00+00:00,4800.0,4809.5,4781.0,2016-08-11 19:55:00+00:00,4804.0,tiempo,-8.0,0.0,-8.0,19.0,-0.42105263157894735
-1,1,2016-08-12 17:14:00+00:00,2016-08-12 17:15:00+00:00,4793.25,4795.25,4789.25,2016-08-12 18:10:00+00:00,4795.25,stop,-4.0,0.0,-4.0,4.0,-1.0
1,1,2016-08-12 18:14:00+00:00,2016-08-12 18:15:00+00:00,4796.0,4791.0,4806.0,2016-08-12 19:55:00+00:00,4801.75,tiempo,11.5,0.0,11.5,10.0,1.15
1,1,2016-08-16 13:59:00+00:00,2016-08-16 14:00:00+00:00,4805.75,4797.0,4823.25,2016-08-16 19:55:00+00:00,4802.0,tiempo,-7.5,0.0,-7.5,17.5,-0.42857142857142855
1,1,2016-08-17 16:59:00+00:00,2016-08-17 17:00:00+00:00,4794.5,4782.0,4819.5,2016-08-17 18:01:00+00:00,4782.0,stop,-25.0,0.0,-25.0,25.0,-1.0
1,1,2016-08-18 13:59:00+00:00,2016-08-18 14:00:00+00:00,4805.0,4795.75,4823.5,2016-08-18 16:35:00+00:00,4795.75,stop,-18.5,0.0,-18.5,18.5,-1.0
1,1,2016-08-18 17:44:00+00:00,2016-08-18 17:45:00+00:00,4809.0,4803.25,4820.5,2016-08-18 18:32:00+00:00,4803.25,stop,-11.5,0.0,-11.5,11.5,-1.0
1,1,2016-08-19 14:14:00+00:00,2016-08-19 14:15:00+00:00,4791.5,4788.0,4798.5,2016-08-19 14:21:00+00:00,4798.5,objetivo,14.0,0.0,14.0,7.0,2.0
-1,1,2016-08-19 16:59:00+00:00,2016-08-19 17:00:00+00:00,4796.5,4806.75,4776.0,2016-08-19 19:10:00+00:00,4806.75,stop,-20.5,0.0,-20.5,20.5,-1.0
-1,1,2016-08-22 15:29:00+00:00,2016-08-22 15:30:00+00:00,4793.75,4811.25,4758.75,2016-08-22 16:26:00+00:00,4811.25,stop,-35.0,0.0,-35.0,35.0,-1.0
1,1,2016-08-22 16:29:00+00:00,2016-08-22 16:30:00+00:00,4809.25,4794.75,4838.25,2016-08-22 17:25:00+00:00,4794.75,stop,-29.0,0.0,-29.0,29.0,-1.0
-1,1,2016-08-22 17:29:00+00:00,2016-08-22 17:30:00+00:00,4797.25,4809.25,4773.25,2016-08-22 19:55:00+00:00,4807.25,tiempo,-20.0,0.0,-20.0,24.0,-0.8333333333333334
-1,1,2016-08-23 14:29:00+00:00,2016-08-23 14:30:00+00:00,4831.75,4836.0,4823.25,2016-08-23 15:08:00+00:00,4823.25,objetivo,17.0,0.0,17.0,8.5,2.0
1,1,2016-08-24 13:59:00+00:00,2016-08-24 14:00:00+00:00,4817.0,4811.5,4828.0,2016-08-24 14:22:00+00:00,4811.5,stop,-11.0,0.0,-11.0,11.0,-1.0
-1,1,2016-08-24 14:29:00+00:00,2016-08-24 14:30:00+00:00,4813.0,4817.25,4804.5,2016-08-24 15:55:00+00:00,4804.5,objetivo,17.0,0.0,17.0,8.5,2.0
1,1,2016-08-24 16:59:00+00:00,2016-08-24 17:00:00+00:00,4813.0,4810.5,4818.0,2016-08-24 17:03:00+00:00,4810.5,stop,-5.0,0.0,-5.0,5.0,-1.0
-1,1,2016-08-24 17:14:00+00:00,2016-08-24 17:15:00+00:00,4812.0,4813.75,4808.5,2016-08-24 17:31:00+00:00,4808.5,objetivo,7.0,0.0,7.0,3.5,2.0
-1,1,2016-08-25 17:44:00+00:00,2016-08-25 17:45:00+00:00,4778.25,4791.25,4752.25,2016-08-25 19:55:00+00:00,4776.5,tiempo,3.5,0.0,3.5,26.0,0.1346153846153846
-1,1,2016-08-26 13:59:00+00:00,2016-08-26 14:00:00+00:00,4789.0,4797.25,4772.5,2016-08-26 14:04:00+00:00,4797.25,stop,-16.5,0.0,-16.5,16.5,-1.0
1,1,2016-08-26 14:14:00+00:00,2016-08-26 14:15:00+00:00,4799.75,4773.5,4852.25,2016-08-26 16:04:00+00:00,4773.5,stop,-52.5,0.0,-52.5,52.5,-1.0
-1,1,2016-08-29 14:14:00+00:00,2016-08-29 14:15:00+00:00,4793.5,4798.0,4784.5,2016-08-29 15:42:00+00:00,4798.0,stop,-9.0,0.0,-9.0,9.0,-1.0
1,1,2016-08-30 13:59:00+00:00,2016-08-30 14:00:00+00:00,4793.75,4787.5,4806.25,2016-08-30 14:08:00+00:00,4787.5,stop,-12.5,0.0,-12.5,12.5,-1.0
-1,1,2016-08-30 14:14:00+00:00,2016-08-30 14:15:00+00:00,4780.0,4797.5,4745.0,2016-08-30 19:55:00+00:00,4774.0,tiempo,12.0,0.0,12.0,35.0,0.34285714285714286
-1,1,2016-08-31 14:14:00+00:00,2016-08-31 14:15:00+00:00,4769.75,4777.0,4755.25,2016-08-31 16:15:00+00:00,4755.25,objetivo,29.0,0.0,29.0,14.5,2.0
1,1,2016-08-31 18:14:00+00:00,2016-08-31 18:15:00+00:00,4770.75,4761.75,4788.75,2016-08-31 18:48:00+00:00,4761.75,stop,-18.0,0.0,-18.0,18.0,-1.0
-1,1,2016-09-01 13:59:00+00:00,2016-09-01 14:00:00+00:00,4775.75,4786.75,4753.75,2016-09-01 14:30:00+00:00,4753.75,objetivo,44.0,0.0,44.0,22.0,2.0
1,1,2016-09-01 16:14:00+00:00,2016-09-01 16:15:00+00:00,4769.75,4760.0,4789.25,2016-09-01 17:20:00+00:00,4789.25,objetivo,39.0,0.0,39.0,19.5,2.0
-1,1,2016-09-02 14:14:00+00:00,2016-09-02 14:15:00+00:00,4808.75,4817.75,4790.75,2016-09-02 16:15:00+00:00,4790.75,objetivo,36.0,0.0,36.0,18.0,2.0
1,1,2016-09-05 15:29:00+00:00,2016-09-05 15:30:00+00:00,4787.5,4786.0,4790.5,2016-09-05 16:29:00+00:00,4790.5,objetivo,6.0,0.0,6.0,3.0,2.0
-1,1,2016-09-06 14:14:00+00:00,2016-09-06 14:15:00+00:00,4808.75,4818.75,4788.75,2016-09-06 15:48:00+00:00,4818.75,stop,-20.0,0.0,-20.0,20.0,-1.0
-1,1,2016-09-07 13:59:00+00:00,2016-09-07 14:00:00+00:00,4832.5,4835.75,4826.0,2016-09-07 14:03:00+00:00,4835.75,stop,-6.5,0.0,-6.5,6.5,-1.0
1,1,2016-09-07 14:14:00+00:00,2016-09-07 14:15:00+00:00,4835.75,4829.75,4847.75,2016-09-07 14:45:00+00:00,4829.75,stop,-12.0,0.0,-12.0,12.0,-1.0
-1,1,2016-09-08 13:59:00+00:00,2016-09-08 14:00:00+00:00,4802.25,4812.75,4781.25,2016-09-08 14:35:00+00:00,4812.75,stop,-21.0,0.0,-21.0,21.0,-1.0
1,1,2016-09-08 14:44:00+00:00,2016-09-08 14:45:00+00:00,4809.25,4804.75,4818.25,2016-09-08 15:03:00+00:00,4804.75,stop,-9.0,0.0,-9.0,9.0,-1.0
-1,1,2016-09-08 15:44:00+00:00,2016-09-08 15:45:00+00:00,4807.0,4811.25,4798.5,2016-09-08 15:51:00+00:00,4811.25,stop,-8.5,0.0,-8.5,8.5,-1.0
1,1,2016-09-08 15:59:00+00:00,2016-09-08 16:00:00+00:00,4810.0,4805.25,4819.5,2016-09-08 16:10:00+00:00,4805.25,stop,-9.5,0.0,-9.5,9.5,-1.0
-1,1,2016-09-08 16:14:00+00:00,2016-09-08 16:15:00+00:00,4806.5,4811.5,4796.5,2016-09-08 17:30:00+00:00,4796.5,objetivo,20.0,0.0,20.0,10.0,2.0
1,1,2016-09-08 18:59:00+00:00,2016-09-08 19:00:00+00:00,4805.25,4801.75,4812.25,2016-09-08 19:06:00+00:00,4801.75,stop,-7.0,0.0,-7.0,7.0,-1.0
-1,1,2016-09-09 13:59:00+00:00,2016-09-09 14:00:00+00:00,4764.0,4771.75,4748.5,2016-09-09 14:48:00+00:00,4748.5,objetivo,31.0,0.0,31.0,15.5,2.0
1,1,2016-09-13 17:29:00+00:00,2016-09-13 17:30:00+00:00,4723.5,4705.0,4760.5,2016-09-13 18:16:00+00:00,4705.0,stop,-37.0,0.0,-37.0,37.0,-1.0
-1,1,2016-09-14 17:44:00+00:00,2016-09-14 17:45:00+00:00,4751.25,4762.25,4729.25,2016-09-14 19:23:00+00:00,4729.25,objetivo,44.0,0.0,44.0,22.0,2.0
1,1,2016-09-15 13:59:00+00:00,2016-09-15 14:00:00+00:00,4760.0,4743.0,4794.0,2016-09-15 15:00:00+00:00,4794.0,objetivo,68.0,0.0,68.0,34.0,2.0
-1,1,2016-09-16 13:59:00+00:00,2016-09-16 14:00:00+00:00,4802.5,4814.25,4779.0,2016-09-16 19:32:00+00:00,4814.25,stop,-23.5,0.0,-23.5,23.5,-1.0
1,1,2016-09-19 13:59:00+00:00,2016-09-19 14:00:00+00:00,4838.5,4824.0,4867.5,2016-09-19 14:28:00+00:00,4824.0,stop,-29.0,0.0,-29.0,29.0,-1.0
-1,1,2016-09-20 14:14:00+00:00,2016-09-20 14:15:00+00:00,4808.25,4820.5,4783.75,2016-09-20 19:55:00+00:00,4807.0,tiempo,2.5,0.0,2.5,24.5,0.10204081632653061
1,1,2016-09-21 13:59:00+00:00,2016-09-21 14:00:00+00:00,4825.5,4818.0,4840.5,2016-09-21 14:58:00+00:00,4818.0,stop,-15.0,0.0,-15.0,15.0,-1.0
-1,1,2016-09-21 14:59:00+00:00,2016-09-21 15:00:00+00:00,4817.0,4829.0,4793.0,2016-09-21 16:19:00+00:00,4793.0,objetivo,48.0,0.0,48.0,24.0,2.0
1,1,2016-09-21 18:14:00+00:00,2016-09-21 18:15:00+00:00,4822.5,4794.75,4878.0,2016-09-21 19:55:00+00:00,4850.5,tiempo,56.0,0.0,56.0,55.5,1.009009009009009
1,1,2016-09-22 13:59:00+00:00,2016-09-22 14:00:00+00:00,4877.25,4874.5,4882.75,2016-09-22 14:09:00+00:00,4874.5,stop,-5.5,0.0,-5.5,5.5,-1.0
-1,1,2016-09-22 14:14:00+00:00,2016-09-22 14:15:00+00:00,4873.75,4878.75,4863.75,2016-09-22 14:25:00+00:00,4878.75,stop,-10.0,0.0,-10.0,10.0,-1.0
1,1,2016-09-22 14:29:00+00:00,2016-09-22 14:30:00+00:00,4882.0,4873.25,4899.5,2016-09-22 19:55:00+00:00,4889.75,tiempo,15.5,0.0,15.5,17.5,0.8857142857142857
1,1,2016-09-23 14:44:00+00:00,2016-09-23 14:45:00+00:00,4872.75,4863.75,4890.75,2016-09-23 17:47:00+00:00,4863.75,stop,-18.0,0.0,-18.0,18.0,-1.0
1,1,2016-09-26 14:14:00+00:00,2016-09-26 14:15:00+00:00,4829.25,4812.75,4862.25,2016-09-26 15:25:00+00:00,4812.75,stop,-33.0,0.0,-33.0,33.0,-1.0
1,1,2016-09-26 16:59:00+00:00,2016-09-26 17:00:00+00:00,4819.25,4818.25,4821.25,2016-09-26 17:02:00+00:00,4818.25,stop,-2.0,0.0,-2.0,2.0,-1.0
-1,1,2016-09-26 17:14:00+00:00,2016-09-26 17:15:00+00:00,4815.0,4820.0,4805.0,2016-09-26 19:31:00+00:00,4820.0,stop,-10.0,0.0,-10.0,10.0,-1.0
-1,1,2016-09-27 14:59:00+00:00,2016-09-27 15:00:00+00:00,4832.75,4840.75,4816.75,2016-09-27 15:20:00+00:00,4840.75,stop,-16.0,0.0,-16.0,16.0,-1.0
1,1,2016-09-28 16:14:00+00:00,2016-09-28 16:15:00+00:00,4858.25,4852.25,4870.25,2016-09-28 16:20:00+00:00,4852.25,stop,-12.0,0.0,-12.0,12.0,-1.0
-1,1,2016-09-28 16:29:00+00:00,2016-09-28 16:30:00+00:00,4853.5,4858.25,4844.0,2016-09-28 16:45:00+00:00,4858.25,stop,-9.5,0.0,-9.5,9.5,-1.0
1,1,2016-09-28 17:29:00+00:00,2016-09-28 17:30:00+00:00,4857.75,4850.25,4872.75,2016-09-28 19:55:00+00:00,4871.5,tiempo,27.5,0.0,27.5,15.0,1.8333333333333333
1,1,2016-09-29 13:59:00+00:00,2016-09-29 14:00:00+00:00,4866.5,4861.0,4877.5,2016-09-29 14:05:00+00:00,4861.0,stop,-11.0,0.0,-11.0,11.0,-1.0
-1,1,2016-09-29 14:14:00+00:00,2016-09-29 14:15:00+00:00,4849.0,4870.75,4805.5,2016-09-29 19:55:00+00:00,4838.75,tiempo,20.5,0.0,20.5,43.5,0.47126436781609193
1,1,2016-09-30 14:14:00+00:00,2016-09-30 14:15:00+00:00,4855.25,4848.5,4868.75,2016-09-30 14:18:00+00:00,4848.5,stop,-13.5,0.0,-13.5,13.5,-1.0
-1,1,2016-09-30 14:29:00+00:00,2016-09-30 14:30:00+00:00,4848.25,4855.5,4833.75,2016-09-30 14:42:00+00:00,4855.5,stop,-14.5,0.0,-14.5,14.5,-1.0
1,1,2016-09-30 14:44:00+00:00,2016-09-30 14:45:00+00:00,4855.75,4848.25,4870.75,2016-09-30 15:10:00+00:00,4870.75,objetivo,30.0,0.0,30.0,15.0,2.0
1,1,2016-10-03 14:14:00+00:00,2016-10-03 14:15:00+00:00,4856.5,4848.0,4873.5,2016-10-03 15:50:00+00:00,4848.0,stop,-17.0,0.0,-17.0,17.0,-1.0
1,1,2016-10-03 18:14:00+00:00,2016-10-03 18:15:00+00:00,4857.0,4852.75,4865.5,2016-10-03 18:42:00+00:00,4852.75,stop,-8.5,0.0,-8.5,8.5,-1.0
-1,1,2016-10-03 18:44:00+00:00,2016-10-03 18:45:00+00:00,4853.75,4858.75,4843.75,2016-10-03 19:33:00+00:00,4858.75,stop,-10.0,0.0,-10.0,10.0,-1.0
-1,1,2016-10-04 14:14:00+00:00,2016-10-04 14:15:00+00:00,4867.75,4885.75,4831.75,2016-10-04 14:43:00+00:00,4885.75,stop,-36.0,0.0,-36.0,36.0,-1.0
1,1,2016-10-04 14:44:00+00:00,2016-10-04 14:45:00+00:00,4882.75,4873.5,4901.25,2016-10-04 15:02:00+00:00,4873.5,stop,-18.5,0.0,-18.5,18.5,-1.0
-1,1,2016-10-05 14:44:00+00:00,2016-10-05 14:45:00+00:00,4876.25,4885.75,4857.25,2016-10-05 16:05:00+00:00,4885.75,stop,-19.0,0.0,-19.0,19.0,-1.0
1,1,2016-10-06 14:29:00+00:00,2016-10-06 14:30:00+00:00,4860.0,4856.0,4868.0,2016-10-06 14:33:00+00:00,4856.0,stop,-8.0,0.0,-8.0,8.0,-1.0
-1,1,2016-10-06 14:44:00+00:00,2016-10-06 14:45:00+00:00,4858.75,4860.5,4855.25,2016-10-06 14:45:00+00:00,4860.5,stop,-3.5,0.0,-3.5,3.5,-1.0
1,1,2016-10-06 14:59:00+00:00,2016-10-06 15:00:00+00:00,4861.0,4858.25,4866.5,2016-10-06 15:03:00+00:00,4858.25,stop,-5.5,0.0,-5.5,5.5,-1.0
-1,1,2016-10-06 15:14:00+00:00,2016-10-06 15:15:00+00:00,4847.0,4861.5,4818.0,2016-10-06 15:47:00+00:00,4861.5,stop,-29.0,0.0,-29.0,29.0,-1.0
1,1,2016-10-07 14:14:00+00:00,2016-10-07 14:15:00+00:00,4868.0,4857.75,4888.5,2016-10-07 14:55:00+00:00,4857.75,stop,-20.5,0.0,-20.5,20.5,-1.0
1,1,2016-10-07 17:44:00+00:00,2016-10-07 17:45:00+00:00,4860.5,4851.5,4878.5,2016-10-07 19:55:00+00:00,4862.75,tiempo,4.5,0.0,4.5,18.0,0.25
-1,1,2016-10-10 16:14:00+00:00,2016-10-10 16:15:00+00:00,4891.5,4898.0,4878.5,2016-10-10 17:07:00+00:00,4898.0,stop,-13.0,0.0,-13.0,13.0,-1.0
1,1,2016-10-12 13:59:00+00:00,2016-10-12 14:00:00+00:00,4815.75,4804.5,4838.25,2016-10-12 19:55:00+00:00,4817.25,tiempo,3.0,0.0,3.0,22.5,0.13333333333333333
1,1,2016-10-13 14:44:00+00:00,2016-10-13 14:45:00+00:00,4771.5,4756.75,4801.0,2016-10-13 17:59:00+00:00,4801.0,objetivo,59.0,0.0,59.0,29.5,2.0
-1,1,2016-10-14 15:14:00+00:00,2016-10-14 15:15:00+00:00,4825.0,4834.5,4806.0,2016-10-14 16:00:00+00:00,4806.0,objetivo,38.0,0.0,38.0,19.0,2.0
1,1,2016-10-17 14:14:00+00:00,2016-10-17 14:15:00+00:00,4795.25,4785.25,4815.25,2016-10-17 19:55:00+00:00,4791.25,tiempo,-8.0,0.0,-8.0,20.0,-0.4
-1,1,2016-10-18 13:59:00+00:00,2016-10-18 14:00:00+00:00,4841.5,4847.5,4829.5,2016-10-18 15:42:00+00:00,4847.5,stop,-12.0,0.0,-12.0,12.0,-1.0
1,1,2016-10-19 14:14:00+00:00,2016-10-19 14:15:00+00:00,4833.0,4826.0,4847.0,2016-10-19 16:05:00+00:00,4826.0,stop,-14.0,0.0,-14.0,14.0,-1.0
1,1,2016-10-19 16:59:00+00:00,2016-10-19 17:00:00+00:00,4833.5,4830.0,4840.5,2016-10-19 19:55:00+00:00,4832.25,tiempo,-2.5,0.0,-2.5,7.0,-0.35714285714285715
1,1,2016-10-20 13:59:00+00:00,2016-10-20 14:00:00+00:00,4824.75,4815.0,4844.25,2016-10-20 14:30:00+00:00,4815.0,stop,-19.5,0.0,-19.5,19.5,-1.0
1,1,2016-10-20 15:59:00+00:00,2016-10-20 16:00:00+00:00,4820.25,4809.0,4842.75,2016-10-20 19:55:00+00:00,4832.25,tiempo,24.0,0.0,24.0,22.5,1.0666666666666667
1,1,2016-10-24 13:59:00+00:00,2016-10-24 14:00:00+00:00,4890.25,4879.25,4912.25,2016-10-24 19:55:00+00:00,4902.5,tiempo,24.5,0.0,24.5,22.0,1.1136363636363635
-1,1,2016-10-25 14:14:00+00:00,2016-10-25 14:15:00+00:00,4901.5,4907.5,4889.5,2016-10-25 14:48:00+00:00,4889.5,objetivo,24.0,0.0,24.0,12.0,2.0
1,1,2016-10-26 14:14:00+00:00,2016-10-26 14:15:00+00:00,4854.25,4844.25,4874.25,2016-10-26 15:00:00+00:00,4874.25,objetivo,40.0,0.0,40.0,20.0,2.0
-1,1,2016-10-26 17:14:00+00:00,2016-10-26 17:15:00+00:00,4856.75,4868.25,4833.75,2016-10-26 19:55:00+00:00,4853.5,tiempo,6.5,0.0,6.5,23.0,0.2826086956521739
-1,1,2016-10-28 17:14:00+00:00,2016-10-28 17:15:00+00:00,4817.25,4837.5,4776.75,2016-10-28 19:55:00+00:00,4797.25,tiempo,40.0,0.0,40.0,40.5,0.9876543209876543
1,1,2016-10-31 14:29:00+00:00,2016-10-31 14:30:00+00:00,4812.5,4806.25,4825.0,2016-10-31 14:33:00+00:00,4806.25,stop,-12.5,0.0,-12.5,12.5,-1.0
-1,1,2016-10-31 14:44:00+00:00,2016-10-31 14:45:00+00:00,4801.5,4813.0,4778.5,2016-10-31 15:29:00+00:00,4813.0,stop,-23.0,0.0,-23.0,23.0,-1.0
1,1,2016-10-31 15:29:00+00:00,2016-10-31 15:30:00+00:00,4812.75,4804.0,4830.25,2016-10-31 17:19:00+00:00,4804.0,stop,-17.5,0.0,-17.5,17.5,-1.0
-1,1,2016-11-02 14:14:00+00:00,2016-11-02 14:15:00+00:00,4759.75,4768.5,4742.25,2016-11-02 16:22:00+00:00,4742.25,objetivo,35.0,0.0,35.0,17.5,2.0
1,1,2016-11-03 14:29:00+00:00,2016-11-03 14:30:00+00:00,4716.5,4705.0,4739.5,2016-11-03 15:03:00+00:00,4705.0,stop,-23.0,0.0,-23.0,23.0,-1.0
-1,1,2016-11-04 13:59:00+00:00,2016-11-04 14:00:00+00:00,4661.25,4672.75,4638.25,2016-11-04 14:03:00+00:00,4672.75,stop,-23.0,0.0,-23.0,23.0,-1.0
1,1,2016-11-04 14:14:00+00:00,2016-11-04 14:15:00+00:00,4672.25,4661.25,4694.25,2016-11-04 17:07:00+00:00,4694.25,objetivo,44.0,0.0,44.0,22.0,2.0
-1,1,2016-11-04 18:44:00+00:00,2016-11-04 18:45:00+00:00,4678.25,4682.75,4669.25,2016-11-04 19:01:00+00:00,4669.25,objetivo,18.0,0.0,18.0,9.0,2.0
-1,1,2016-11-08 14:59:00+00:00,2016-11-08 15:00:00+00:00,4756.5,4765.0,4739.5,2016-11-08 15:31:00+00:00,4765.0,stop,-17.0,0.0,-17.0,17.0,-1.0
1,1,2016-11-09 14:59:00+00:00,2016-11-09 15:00:00+00:00,4790.0,4758.0,4854.0,2016-11-09 15:11:00+00:00,4758.0,stop,-64.0,0.0,-64.0,64.0,-1.0
-1,1,2016-11-09 15:14:00+00:00,2016-11-09 15:15:00+00:00,4767.0,4791.0,4719.0,2016-11-09 16:19:00+00:00,4791.0,stop,-48.0,0.0,-48.0,48.0,-1.0
-1,1,2016-11-10 14:59:00+00:00,2016-11-10 15:00:00+00:00,4816.5,4851.5,4746.5,2016-11-10 15:26:00+00:00,4746.5,objetivo,140.0,0.0,140.0,70.0,2.0
1,1,2016-11-10 18:14:00+00:00,2016-11-10 18:15:00+00:00,4756.25,4737.75,4793.25,2016-11-10 20:39:00+00:00,4737.75,stop,-37.0,0.0,-37.0,37.0,-1.0
-1,1,2016-11-11 14:59:00+00:00,2016-11-11 15:00:00+00:00,4709.5,4736.0,4656.5,2016-11-11 15:05:00+00:00,4736.0,stop,-53.0,0.0,-53.0,53.0,-1.0
1,1,2016-11-11 15:14:00+00:00,2016-11-11 15:15:00+00:00,4745.75,4706.25,4824.75,2016-11-11 20:55:00+00:00,4749.5,tiempo,7.5,0.0,7.5,79.0,0.0949367088607595
1,1,2016-11-14 19:59:00+00:00,2016-11-14 20:00:00+00:00,4716.0,4692.75,4762.5,2016-11-14 20:55:00+00:00,4697.25,tiempo,-37.5,0.0,-37.5,46.5,-0.8064516129032258
-1,1,2016-11-15 16:14:00+00:00,2016-11-15 16:15:00+00:00,4753.0,4762.0,4735.0,2016-11-15 16:23:00+00:00,4762.0,stop,-18.0,0.0,-18.0,18.0,-1.0
1,1,2016-11-15 16:29:00+00:00,2016-11-15 16:30:00+00:00,4757.5,4752.5,4767.5,2016-11-15 17:00:00+00:00,4752.5,stop,-10.0,0.0,-10.0,10.0,-1.0
-1,1,2016-11-15 17:29:00+00:00,2016-11-15 17:30:00+00:00,4753.5,4758.25,4744.0,2016-11-15 17:44:00+00:00,4744.0,objetivo,19.0,0.0,19.0,9.5,2.0
1,1,2016-11-15 18:59:00+00:00,2016-11-15 19:00:00+00:00,4756.5,4752.5,4764.5,2016-11-15 19:11:00+00:00,4764.5,objetivo,16.0,0.0,16.0,8.0,2.0
-1,1,2016-11-16 14:59:00+00:00,2016-11-16 15:00:00+00:00,4756.75,4778.25,4713.75,2016-11-16 15:24:00+00:00,4778.25,stop,-43.0,0.0,-43.0,43.0,-1.0
-1,1,2016-11-21 15:29:00+00:00,2016-11-21 15:30:00+00:00,4829.0,4844.75,4797.5,2016-11-21 16:12:00+00:00,4844.75,stop,-31.5,0.0,-31.5,31.5,-1.0
1,1,2016-11-21 16:14:00+00:00,2016-11-21 16:15:00+00:00,4843.5,4833.5,4863.5,2016-11-21 20:55:00+00:00,4860.0,tiempo,33.0,0.0,33.0,20.0,1.65
1,1,2016-11-22 15:14:00+00:00,2016-11-22 15:15:00+00:00,4881.0,4874.5,4894.0,2016-11-22 15:26:00+00:00,4874.5,stop,-13.0,0.0,-13.0,13.0,-1.0
-1,1,2016-11-22 15:29:00+00:00,2016-11-22 15:30:00+00:00,4875.25,4884.75,4856.25,2016-11-22 20:55:00+00:00,4877.25,tiempo,-4.0,0.0,-4.0,19.0,-0.21052631578947367
1,1,2016-11-23 17:29:00+00:00,2016-11-23 17:30:00+00:00,4844.75,4842.0,4850.25,2016-11-23 18:28:00+00:00,4842.0,stop,-5.5,0.0,-5.5,5.5,-1.0
-1,1,2016-11-23 18:29:00+00:00,2016-11-23 18:30:00+00:00,4841.25,4846.75,4830.25,2016-11-23 19:05:00+00:00,4846.75,stop,-11.0,0.0,-11.0,11.0,-1.0
1,1,2016-11-23 19:14:00+00:00,2016-11-23 19:15:00+00:00,4846.25,4838.25,4862.25,2016-11-23 20:55:00+00:00,4850.5,tiempo,8.5,0.0,8.5,16.0,0.53125
-1,1,2016-11-24 15:44:00+00:00,2016-11-24 15:45:00+00:00,4851.25,4851.5,4850.75,2016-11-24 15:45:00+00:00,4850.75,objetivo,1.0,0.0,1.0,0.5,2.0
1,1,2016-11-24 15:59:00+00:00,2016-11-24 16:00:00+00:00,4855.0,4850.75,4863.5,2016-11-24 17:58:00+00:00,4863.5,objetivo,17.0,0.0,17.0,8.5,2.0
-1,1,2016-11-25 15:14:00+00:00,2016-11-25 15:15:00+00:00,4857.0,4863.5,4844.0,2016-11-25 16:17:00+00:00,4863.5,stop,-13.0,0.0,-13.0,13.0,-1.0
1,1,2016-11-28 14:59:00+00:00,2016-11-28 15:00:00+00:00,4868.75,4851.75,4902.75,2016-11-28 20:55:00+00:00,4857.0,tiempo,-23.5,0.0,-23.5,34.0,-0.6911764705882353
1,1,2016-11-29 15:14:00+00:00,2016-11-29 15:15:00+00:00,4862.5,4853.25,4881.0,2016-11-29 16:31:00+00:00,4881.0,objetivo,37.0,0.0,37.0,18.5,2.0
-1,1,2016-11-30 14:59:00+00:00,2016-11-30 15:00:00+00:00,4865.5,4880.5,4835.5,2016-11-30 16:50:00+00:00,4835.5,objetivo,60.0,0.0,60.0,30.0,2.0
-1,1,2016-12-02 14:59:00+00:00,2016-12-02 15:00:00+00:00,4741.5,4749.0,4726.5,2016-12-02 15:12:00+00:00,4726.5,objetivo,30.0,0.0,30.0,15.0,2.0
1,1,2016-12-02 15:44:00+00:00,2016-12-02 15:45:00+00:00,4746.5,4733.0,4773.5,2016-12-02 18:14:00+00:00,4733.0,stop,-27.0,0.0,-27.0,27.0,-1.0
-1,1,2016-12-02 18:14:00+00:00,2016-12-02 18:15:00+00:00,4733.25,4748.0,4703.75,2016-12-02 20:55:00+00:00,4737.25,tiempo,-8.0,0.0,-8.0,29.5,-0.2711864406779661
1,1,2016-12-05 14:59:00+00:00,2016-12-05 15:00:00+00:00,4775.0,4750.5,4824.0,2016-12-05 20:55:00+00:00,4778.0,tiempo,6.0,0.0,6.0,49.0,0.12244897959183673
1,1,2016-12-06 14:59:00+00:00,2016-12-06 15:00:00+00:00,4788.5,4776.25,4813.0,2016-12-06 15:28:00+00:00,4776.25,stop,-24.5,0.0,-24.5,24.5,-1.0
1,1,2016-12-06 15:59:00+00:00,2016-12-06 16:00:00+00:00,4782.5,4779.25,4789.0,2016-12-06 16:03:00+00:00,4779.25,stop,-6.5,0.0,-6.5,6.5,-1.0
-1,1,2016-12-06 16:14:00+00:00,2016-12-06 16:15:00+00:00,4777.5,4784.5,4763.5,2016-12-06 19:28:00+00:00,4784.5,stop,-14.0,0.0,-14.0,14.0,-1.0
-1,1,2016-12-07 14:59:00+00:00,2016-12-07 15:00:00+00:00,4763.75,4780.25,4730.75,2016-12-07 15:12:00+00:00,4780.25,stop,-33.0,0.0,-33.0,33.0,-1.0
1,1,2016-12-07 15:14:00+00:00,2016-12-07 15:15:00+00:00,4782.0,4763.5,4819.0,2016-12-07 18:08:00+00:00,4819.0,objetivo,74.0,0.0,74.0,37.0,2.0
-1,1,2016-12-08 14:59:00+00:00,2016-12-08 15:00:00+00:00,4853.5,4865.25,4830.0,2016-12-08 16:08:00+00:00,4865.25,stop,-23.5,0.0,-23.5,23.5,-1.0
-1,1,2016-12-08 18:29:00+00:00,2016-12-08 18:30:00+00:00,4856.75,4859.25,4851.75,2016-12-08 18:39:00+00:00,4859.25,stop,-5.0,0.0,-5.0,5.0,-1.0
1,1,2016-12-08 18:44:00+00:00,2016-12-08 18:45:00+00:00,4857.75,4853.0,4867.25,2016-12-08 19:16:00+00:00,4853.0,stop,-9.5,0.0,-9.5,9.5,-1.0
-1,1,2016-12-09 15:59:00+00:00,2016-12-09 16:00:00+00:00,4885.25,4895.25,4865.25,2016-12-09 20:55:00+00:00,4892.25,tiempo,-14.0,0.0,-14.0,20.0,-0.7
-1,1,2016-12-14 15:14:00+00:00,2016-12-14 15:15:00+00:00,4942.0,4948.25,4929.5,2016-12-14 15:23:00+00:00,4948.25,stop,-12.5,0.0,-12.5,12.5,-1.0
1,1,2016-12-14 15:29:00+00:00,2016-12-14 15:30:00+00:00,4949.0,4941.25,4964.5,2016-12-14 16:02:00+00:00,4941.25,stop,-15.5,0.0,-15.5,15.5,-1.0
1,1,2016-12-14 17:29:00+00:00,2016-12-14 17:30:00+00:00,4945.25,4942.5,4950.75,2016-12-14 18:37:00+00:00,4950.75,objetivo,11.0,0.0,11.0,5.5,2.0
-1,1,2016-12-14 19:14:00+00:00,2016-12-14 19:15:00+00:00,4916.25,4957.5,4833.75,2016-12-14 20:55:00+00:00,4922.5,tiempo,-12.5,0.0,-12.5,82.5,-0.15151515151515152
1,1,2016-12-15 14:59:00+00:00,2016-12-15 15:00:00+00:00,4946.25,4932.0,4974.75,2016-12-15 18:53:00+00:00,4932.0,stop,-28.5,0.0,-28.5,28.5,-1.0
-1,1,2016-12-15 18:59:00+00:00,2016-12-15 19:00:00+00:00,4924.5,4948.0,4877.5,2016-12-15 20:55:00+00:00,4938.5,tiempo,-28.0,0.0,-28.0,47.0,-0.5957446808510638
1,1,2016-12-16 14:59:00+00:00,2016-12-16 15:00:00+00:00,4942.0,4932.75,4960.5,2016-12-16 15:22:00+00:00,4932.75,stop,-18.5,0.0,-18.5,18.5,-1.0
-1,1,2016-12-19 19:44:00+00:00,2016-12-19 19:45:00+00:00,4942.25,4946.5,4933.75,2016-12-19 20:18:00+00:00,4933.75,objetivo,17.0,0.0,17.0,8.5,2.0
-1,1,2016-12-20 15:29:00+00:00,2016-12-20 15:30:00+00:00,4950.5,4958.5,4934.5,2016-12-20 15:51:00+00:00,4958.5,stop,-16.0,0.0,-16.0,16.0,-1.0
-1,1,2016-12-20 16:44:00+00:00,2016-12-20 16:45:00+00:00,4952.25,4956.5,4943.75,2016-12-20 17:45:00+00:00,4956.5,stop,-8.5,0.0,-8.5,8.5,-1.0
-1,1,2016-12-20 18:44:00+00:00,2016-12-20 18:45:00+00:00,4953.25,4958.25,4943.25,2016-12-20 20:55:00+00:00,4952.0,tiempo,2.5,0.0,2.5,10.0,0.25
1,1,2016-12-21 16:59:00+00:00,2016-12-21 17:00:00+00:00,4948.5,4945.5,4954.5,2016-12-21 18:49:00+00:00,4954.5,objetivo,12.0,0.0,12.0,6.0,2.0
1,1,2016-12-22 14:59:00+00:00,2016-12-22 15:00:00+00:00,4939.5,4933.25,4952.0,2016-12-22 15:57:00+00:00,4933.25,stop,-12.5,0.0,-12.5,12.5,-1.0
1,1,2016-12-23 14:59:00+00:00,2016-12-23 15:00:00+00:00,4936.75,4931.0,4948.25,2016-12-23 15:42:00+00:00,4931.0,stop,-11.5,0.0,-11.5,11.5,-1.0
1,1,2016-12-23 17:29:00+00:00,2016-12-23 17:30:00+00:00,4933.75,4931.5,4938.25,2016-12-23 17:55:00+00:00,4931.5,stop,-4.5,0.0,-4.5,4.5,-1.0
-1,1,2016-12-23 17:59:00+00:00,2016-12-23 18:00:00+00:00,4931.0,4933.75,4925.5,2016-12-23 18:05:00+00:00,4933.75,stop,-5.5,0.0,-5.5,5.5,-1.0
1,1,2016-12-23 18:14:00+00:00,2016-12-23 18:15:00+00:00,4933.25,4930.5,4938.75,2016-12-23 20:44:00+00:00,4938.75,objetivo,11.0,0.0,11.0,5.5,2.0
1,1,2016-12-28 16:29:00+00:00,2016-12-28 16:30:00+00:00,4953.0,4948.0,4963.0,2016-12-28 16:49:00+00:00,4948.0,stop,-10.0,0.0,-10.0,10.0,-1.0
1,1,2016-12-29 15:29:00+00:00,2016-12-29 15:30:00+00:00,4924.5,4916.75,4940.0,2016-12-29 15:43:00+00:00,4916.75,stop,-15.5,0.0,-15.5,15.5,-1.0
-1,1,2016-12-29 15:44:00+00:00,2016-12-29 15:45:00+00:00,4916.25,4924.75,4899.25,2016-12-29 20:55:00+00:00,4915.75,tiempo,1.0,0.0,1.0,17.0,0.058823529411764705
1,1,2017-01-03 14:59:00+00:00,2017-01-03 15:00:00+00:00,4904.0,4891.0,4930.0,2017-01-03 16:01:00+00:00,4891.0,stop,-26.0,0.0,-26.0,26.0,-1.0
1,1,2017-01-04 15:59:00+00:00,2017-01-04 16:00:00+00:00,4926.0,4923.0,4932.0,2017-01-04 16:17:00+00:00,4923.0,stop,-6.0,0.0,-6.0,6.0,-1.0
-1,1,2017-01-05 16:14:00+00:00,2017-01-05 16:15:00+00:00,4941.75,4955.75,4913.75,2017-01-05 18:18:00+00:00,4955.75,stop,-28.0,0.0,-28.0,28.0,-1.0
1,1,2017-01-09 14:59:00+00:00,2017-01-09 15:00:00+00:00,5015.25,5008.25,5029.25,2017-01-09 15:05:00+00:00,5008.25,stop,-14.0,0.0,-14.0,14.0,-1.0
-1,1,2017-01-09 15:14:00+00:00,2017-01-09 15:15:00+00:00,5011.25,5018.5,4996.75,2017-01-09 15:21:00+00:00,5018.5,stop,-14.5,0.0,-14.5,14.5,-1.0
1,1,2017-01-09 15:29:00+00:00,2017-01-09 15:30:00+00:00,5017.5,5007.75,5037.0,2017-01-09 20:55:00+00:00,5023.75,tiempo,12.5,0.0,12.5,19.5,0.6410256410256411
1,1,2017-01-10 15:14:00+00:00,2017-01-10 15:15:00+00:00,5021.75,5017.0,5031.25,2017-01-10 15:19:00+00:00,5017.0,stop,-9.5,0.0,-9.5,9.5,-1.0
-1,1,2017-01-10 15:29:00+00:00,2017-01-10 15:30:00+00:00,5019.25,5023.0,5011.75,2017-01-10 15:31:00+00:00,5023.0,stop,-7.5,0.0,-7.5,7.5,-1.0
1,1,2017-01-10 15:44:00+00:00,2017-01-10 15:45:00+00:00,5024.0,5019.0,5034.0,2017-01-10 16:04:00+00:00,5034.0,objetivo,20.0,0.0,20.0,10.0,2.0
-1,1,2017-01-11 16:29:00+00:00,2017-01-11 16:30:00+00:00,5021.5,5043.5,4977.5,2017-01-11 20:18:00+00:00,5043.5,stop,-44.0,0.0,-44.0,44.0,-1.0
1,1,2017-01-12 16:44:00+00:00,2017-01-12 16:45:00+00:00,5008.5,5002.75,5020.0,2017-01-12 17:35:00+00:00,5020.0,objetivo,23.0,0.0,23.0,11.5,2.0
-1,1,2017-01-13 17:29:00+00:00,2017-01-13 17:30:00+00:00,5053.0,5060.0,5039.0,2017-01-13 18:01:00+00:00,5060.0,stop,-14.0,0.0,-14.0,14.0,-1.0
-1,1,2017-01-13 19:29:00+00:00,2017-01-13 19:30:00+00:00,5051.25,5057.0,5039.75,2017-01-13 19:58:00+00:00,5057.0,stop,-11.5,0.0,-11.5,11.5,-1.0
1,1,2017-01-13 19:59:00+00:00,2017-01-13 20:00:00+00:00,5056.75,5051.5,5067.25,2017-01-13 20:31:00+00:00,5051.5,stop,-10.5,0.0,-10.5,10.5,-1.0
1,1,2017-01-16 15:59:00+00:00,2017-01-16 16:00:00+00:00,5053.0,5051.75,5055.5,2017-01-16 16:34:00+00:00,5051.75,stop,-2.5,0.0,-2.5,2.5,-1.0
-1,1,2017-01-16 17:14:00+00:00,2017-01-16 17:15:00+00:00,5051.75,5053.5,5048.25,2017-01-16 17:33:00+00:00,5053.5,stop,-3.5,0.0,-3.5,3.5,-1.0
1,1,2017-01-16 17:44:00+00:00,2017-01-16 17:45:00+00:00,5053.75,5051.75,5057.75,2017-01-16 17:49:00+00:00,5051.75,stop,-4.0,0.0,-4.0,4.0,-1.0
1,1,2017-01-17 15:14:00+00:00,2017-01-17 15:15:00+00:00,5040.25,5029.5,5061.75,2017-01-17 19:37:00+00:00,5029.5,stop,-21.5,0.0,-21.5,21.5,-1.0
-1,1,2017-01-18 15:44:00+00:00,2017-01-18 15:45:00+00:00,5041.5,5052.0,5020.5,2017-01-18 20:55:00+00:00,5050.25,tiempo,-17.5,0.0,-17.5,21.0,-0.8333333333333334
-1,1,2017-01-19 15:14:00+00:00,2017-01-19 15:15:00+00:00,5064.5,5073.75,5046.0,2017-01-19 16:04:00+00:00,5046.0,objetivo,37.0,0.0,37.0,18.5,2.0
-1,1,2017-01-20 15:14:00+00:00,2017-01-20 15:15:00+00:00,5072.25,5078.25,5060.25,2017-01-20 15:47:00+00:00,5060.25,objetivo,24.0,0.0,24.0,12.0,2.0
-1,1,2017-01-23 14:59:00+00:00,2017-01-23 15:00:00+00:00,5055.5,5066.75,5033.0,2017-01-23 16:47:00+00:00,5033.0,objetivo,45.0,0.0,45.0,22.5,2.0
1,1,2017-01-23 17:44:00+00:00,2017-01-23 17:45:00+00:00,5050.0,5046.25,5057.5,2017-01-23 18:35:00+00:00,5057.5,objetivo,15.0,0.0,15.0,7.5,2.0
1,1,2017-01-24 15:59:00+00:00,2017-01-24 16:00:00+00:00,5071.75,5069.0,5077.25,2017-01-24 16:29:00+00:00,5069.0,stop,-5.5,0.0,-5.5,5.5,-1.0
-1,1,2017-01-24 16:29:00+00:00,2017-01-24 16:30:00+00:00,5070.25,5074.0,5062.75,2017-01-24 16:38:00+00:00,5074.0,stop,-7.5,0.0,-7.5,7.5,-1.0
1,1,2017-01-24 16:44:00+00:00,2017-01-24 16:45:00+00:00,5075.25,5069.75,5086.25,2017-01-24 18:30:00+00:00,5086.25,objetivo,22.0,0.0,22.0,11.0,2.0
1,1,2017-01-26 15:14:00+00:00,2017-01-26 15:15:00+00:00,5158.0,5149.75,5174.5,2017-01-26 15:25:00+00:00,5149.75,stop,-16.5,0.0,-16.5,16.5,-1.0
-1,1,2017-01-26 15:29:00+00:00,2017-01-26 15:30:00+00:00,5148.0,5158.0,5128.0,2017-01-26 19:25:00+00:00,5158.0,stop,-20.0,0.0,-20.0,20.0,-1.0
1,1,2017-01-27 15:44:00+00:00,2017-01-27 15:45:00+00:00,5159.0,5153.5,5170.0,2017-01-27 16:06:00+00:00,5153.5,stop,-11.0,0.0,-11.0,11.0,-1.0
-1,1,2017-01-27 19:14:00+00:00,2017-01-27 19:15:00+00:00,5157.0,5158.5,5154.0,2017-01-27 19:22:00+00:00,5158.5,stop,-3.0,0.0,-3.0,3.0,-1.0
1,1,2017-01-27 19:29:00+00:00,2017-01-27 19:30:00+00:00,5158.75,5156.5,5163.25,2017-01-27 20:27:00+00:00,5156.5,stop,-4.5,0.0,-4.5,4.5,-1.0
1,1,2017-01-30 16:44:00+00:00,2017-01-30 16:45:00+00:00,5113.0,5105.0,5129.0,2017-01-30 20:55:00+00:00,5125.5,tiempo,25.0,0.0,25.0,16.0,1.5625
1,1,2017-01-31 19:44:00+00:00,2017-01-31 19:45:00+00:00,5100.25,5092.75,5115.25,2017-01-31 20:55:00+00:00,5110.5,tiempo,20.5,0.0,20.5,15.0,1.3666666666666667
1,1,2017-02-01 17:44:00+00:00,2017-02-01 17:45:00+00:00,5139.75,5135.0,5149.25,2017-02-01 18:55:00+00:00,5135.0,stop,-9.5,0.0,-9.5,9.5,-1.0
-1,1,2017-02-01 18:59:00+00:00,2017-02-01 19:00:00+00:00,5134.0,5140.0,5122.0,2017-02-01 19:00:00+00:00,5140.0,stop,-12.0,0.0,-12.0,12.0,-1.0
1,1,2017-02-01 19:14:00+00:00,2017-02-01 19:15:00+00:00,5149.75,5131.0,5187.25,2017-02-01 20:55:00+00:00,5147.25,tiempo,-5.0,0.0,-5.0,37.5,-0.13333333333333333
-1,1,2017-02-02 16:59:00+00:00,2017-02-02 17:00:00+00:00,5135.0,5149.5,5106.0,2017-02-02 20:55:00+00:00,5142.0,tiempo,-14.0,0.0,-14.0,29.0,-0.4827586206896552
1,1,2017-02-03 14:59:00+00:00,2017-02-03 15:00:00+00:00,5150.25,5147.0,5156.75,2017-02-03 15:08:00+00:00,5147.0,stop,-6.5,0.0,-6.5,6.5,-1.0
-1,1,2017-02-03 16:29:00+00:00,2017-02-03 16:30:00+00:00,5149.0,5155.25,5136.5,2017-02-03 20:06:00+00:00,5155.25,stop,-12.5,0.0,-12.5,12.5,-1.0
-1,1,2017-02-06 18:14:00+00:00,2017-02-06 18:15:00+00:00,5151.0,5156.25,5140.5,2017-02-06 19:12:00+00:00,5156.25,stop,-10.5,0.0,-10.5,10.5,-1.0
-1,1,2017-02-07 17:29:00+00:00,2017-02-07 17:30:00+00:00,5179.5,5186.25,5166.0,2017-02-07 20:55:00+00:00,5176.5,tiempo,6.0,0.0,6.0,13.5,0.4444444444444444
1,1,2017-02-08 14:59:00+00:00,2017-02-08 15:00:00+00:00,5172.0,5163.5,5189.0,2017-02-08 15:43:00+00:00,5189.0,objetivo,34.0,0.0,34.0,17.0,2.0
-1,1,2017-02-09 14:59:00+00:00,2017-02-09 15:00:00+00:00,5198.0,5202.5,5189.0,2017-02-09 15:22:00+00:00,5202.5,stop,-9.0,0.0,-9.0,9.0,-1.0
1,1,2017-02-09 15:29:00+00:00,2017-02-09 15:30:00+00:00,5203.75,5196.0,5219.25,2017-02-09 19:37:00+00:00,5219.25,objetivo,31.0,0.0,31.0,15.5,2.0
-1,1,2017-02-10 14:59:00+00:00,2017-02-10 15:00:00+00:00,5213.25,5220.25,5199.25,2017-02-10 15:31:00+00:00,5220.25,stop,-14.0,0.0,-14.0,14.0,-1.0
1,1,2017-02-14 14:59:00+00:00,2017-02-14 15:00:00+00:00,5253.5,5251.0,5258.5,2017-02-14 15:01:00+00:00,5251.0,stop,-5.0,0.0,-5.0,5.0,-1.0
-1,1,2017-02-14 15:29:00+00:00,2017-02-14 15:30:00+00:00,5251.25,5255.75,5242.25,2017-02-14 15:36:00+00:00,5242.25,objetivo,18.0,0.0,18.0,9.0,2.0
1,1,2017-02-14 16:29:00+00:00,2017-02-14 16:30:00+00:00,5250.5,5248.75,5254.0,2017-02-14 16:33:00+00:00,5254.0,objetivo,7.0,0.0,7.0,3.5,2.0
-1,1,2017-02-16 14:59:00+00:00,2017-02-16 15:00:00+00:00,5304.0,5315.0,5282.0,2017-02-16 20:55:00+00:00,5300.25,tiempo,7.5,0.0,7.5,22.0,0.3409090909090909
-1,1,2017-02-17 16:29:00+00:00,2017-02-17 16:30:00+00:00,5301.5,5307.0,5290.5,2017-02-17 16:52:00+00:00,5307.0,stop,-11.0,0.0,-11.0,11.0,-1.0
1,1,2017-02-20 14:59:00+00:00,2017-02-20 15:00:00+00:00,5332.0,5329.0,5338.0,2017-02-20 16:21:00+00:00,5338.0,objetivo,12.0,0.0,12.0,6.0,2.0
-1,1,2017-02-21 16:29:00+00:00,2017-02-21 16:30:00+00:00,5339.25,5348.0,5321.75,2017-02-21 20:24:00+00:00,5348.0,stop,-17.5,0.0,-17.5,17.5,-1.0
1,1,2017-02-22 15:14:00+00:00,2017-02-22 15:15:00+00:00,5347.25,5338.75,5364.25,2017-02-22 20:55:00+00:00,5353.75,tiempo,13.0,0.0,13.0,17.0,0.7647058823529411
1,1,2017-02-23 19:44:00+00:00,2017-02-23 19:45:00+00:00,5332.25,5329.75,5337.25,2017-02-23 20:23:00+00:00,5337.25,objetivo,10.0,0.0,10.0,5.0,2.0
-1,1,2017-02-24 15:14:00+00:00,2017-02-24 15:15:00+00:00,5311.25,5324.5,5284.75,2017-02-24 16:12:00+00:00,5324.5,stop,-26.5,0.0,-26.5,26.5,-1.0
-1,1,2017-02-24 16:44:00+00:00,2017-02-24 16:45:00+00:00,5315.75,5324.75,5297.75,2017-02-24 17:31:00+00:00,5324.75,stop,-18.0,0.0,-18.0,18.0,-1.0
1,1,2017-02-27 14:59:00+00:00,2017-02-27 15:00:00+00:00,5335.75,5326.0,5355.25,2017-02-27 20:55:00+00:00,5345.0,tiempo,18.5,0.0,18.5,19.5,0.9487179487179487
1,1,2017-02-28 16:29:00+00:00,2017-02-28 16:30:00+00:00,5343.5,5341.0,5348.5,2017-02-28 16:41:00+00:00,5341.0,stop,-5.0,0.0,-5.0,5.0,-1.0
-1,1,2017-02-28 16:44:00+00:00,2017-02-28 16:45:00+00:00,5341.25,5344.25,5335.25,2017-02-28 17:07:00+00:00,5335.25,objetivo,12.0,0.0,12.0,6.0,2.0
1,1,2017-03-01 14:59:00+00:00,2017-03-01 15:00:00+00:00,5362.25,5355.0,5376.75,2017-03-01 16:09:00+00:00,5376.75,objetivo,29.0,0.0,29.0,14.5,2.0
-1,1,2017-03-02 15:14:00+00:00,2017-03-02 15:15:00+00:00,5377.75,5387.0,5359.25,2017-03-02 20:17:00+00:00,5359.25,objetivo,37.0,0.0,37.0,18.5,2.0
-1,1,2017-03-03 14:59:00+00:00,2017-03-03 15:00:00+00:00,5357.75,5364.5,5344.25,2017-03-03 15:34:00+00:00,5344.25,objetivo,27.0,0.0,27.0,13.5,2.0
1,1,2017-03-03 16:59:00+00:00,2017-03-03 17:00:00+00:00,5358.0,5353.5,5367.0,2017-03-03 18:04:00+00:00,5367.0,objetivo,18.0,0.0,18.0,9.0,2.0
1,1,2017-03-06 14:59:00+00:00,2017-03-06 15:00:00+00:00,5352.0,5345.0,5366.0,2017-03-06 15:20:00+00:00,5345.0,stop,-14.0,0.0,-14.0,14.0,-1.0
-1,1,2017-03-06 15:29:00+00:00,2017-03-06 15:30:00+00:00,5342.0,5352.0,5322.0,2017-03-06 17:53:00+00:00,5352.0,stop,-20.0,0.0,-20.0,20.0,-1.0
1,1,2017-03-07 14:59:00+00:00,2017-03-07 15:00:00+00:00,5351.75,5345.75,5363.75,2017-03-07 15:22:00+00:00,5363.75,objetivo,24.0,0.0,24.0,12.0,2.0
-1,1,2017-03-07 16:29:00+00:00,2017-03-07 16:30:00+00:00,5356.0,5364.5,5339.0,2017-03-07 20:55:00+00:00,5346.25,tiempo,19.5,0.0,19.5,17.0,1.1470588235294117
-1,1,2017-03-08 16:44:00+00:00,2017-03-08 16:45:00+00:00,5361.75,5371.75,5341.75,2017-03-08 18:15:00+00:00,5371.75,stop,-20.0,0.0,-20.0,20.0,-1.0
-1,1,2017-03-08 19:14:00+00:00,2017-03-08 19:15:00+00:00,5365.5,5372.75,5351.0,2017-03-08 20:55:00+00:00,5357.5,tiempo,16.0,0.0,16.0,14.5,1.103448275862069
-1,1,2017-03-09 15:44:00+00:00,2017-03-09 15:45:00+00:00,5360.75,5365.25,5351.75,2017-03-09 15:56:00+00:00,5365.25,stop,-9.0,0.0,-9.0,9.0,-1.0
1,1,2017-03-09 15:59:00+00:00,2017-03-09 16:00:00+00:00,5365.5,5358.25,5380.0,2017-03-09 18:30:00+00:00,5358.25,stop,-14.5,0.0,-14.5,14.5,-1.0
1,1,2017-03-10 14:59:00+00:00,2017-03-10 15:00:00+00:00,5392.75,5378.25,5421.75,2017-03-10 15:40:00+00:00,5378.25,stop,-29.0,0.0,-29.0,29.0,-1.0
-1,1,2017-03-10 15:44:00+00:00,2017-03-10 15:45:00+00:00,5381.0,5390.25,5362.5,2017-03-10 20:55:00+00:00,5385.5,tiempo,-9.0,0.0,-9.0,18.5,-0.4864864864864865
-1,1,2017-03-14 13:59:00+00:00,2017-03-14 14:00:00+00:00,5380.0,5386.5,5367.0,2017-03-14 14:29:00+00:00,5367.0,objetivo,26.0,0.0,26.0,13.0,2.0
1,1,2017-03-14 15:29:00+00:00,2017-03-14 15:30:00+00:00,5377.0,5370.5,5390.0,2017-03-14 19:55:00+00:00,5386.5,tiempo,19.0,0.0,19.0,13.0,1.4615384615384615
1,1,2017-03-15 15:14:00+00:00,2017-03-15 15:15:00+00:00,5386.5,5382.5,5394.5,2017-03-15 16:33:00+00:00,5394.5,objetivo,16.0,0.0,16.0,8.0,2.0
1,1,2017-03-16 16:29:00+00:00,2017-03-16 16:30:00+00:00,5416.5,5411.5,5426.5,2017-03-16 17:12:00+00:00,5411.5,stop,-10.0,0.0,-10.0,10.0,-1.0
-1,1,2017-03-17 13:59:00+00:00,2017-03-17 14:00:00+00:00,5415.75,5421.0,5405.25,2017-03-17 17:17:00+00:00,5421.0,stop,-10.5,0.0,-10.5,10.5,-1.0
-1,1,2017-03-20 16:29:00+00:00,2017-03-20 16:30:00+00:00,5416.5,5420.0,5409.5,2017-03-20 16:44:00+00:00,5420.0,stop,-7.0,0.0,-7.0,7.0,-1.0
1,1,2017-03-20 16:44:00+00:00,2017-03-20 16:45:00+00:00,5420.75,5416.25,5429.75,2017-03-20 17:08:00+00:00,5416.25,stop,-9.0,0.0,-9.0,9.0,-1.0
-1,1,2017-03-20 17:14:00+00:00,2017-03-20 17:15:00+00:00,5417.25,5419.75,5412.25,2017-03-20 17:40:00+00:00,5412.25,objetivo,10.0,0.0,10.0,5.0,2.0
-1,1,2017-03-21 13:59:00+00:00,2017-03-21 14:00:00+00:00,5436.5,5439.0,5431.5,2017-03-21 14:01:00+00:00,5431.5,objetivo,10.0,0.0,10.0,5.0,2.0
-1,1,2017-03-22 13:59:00+00:00,2017-03-22 14:00:00+00:00,5337.25,5352.0,5307.75,2017-03-22 14:53:00+00:00,5352.0,stop,-29.5,0.0,-29.5,29.5,-1.0
1,1,2017-03-23 14:44:00+00:00,2017-03-23 14:45:00+00:00,5368.5,5354.5,5396.5,2017-03-23 19:27:00+00:00,5354.5,stop,-28.0,0.0,-28.0,28.0,-1.0
-1,1,2017-03-24 16:14:00+00:00,2017-03-24 16:15:00+00:00,5384.75,5394.25,5365.75,2017-03-24 18:40:00+00:00,5365.75,objetivo,38.0,0.0,38.0,19.0,2.0
1,1,2017-03-27 13:59:00+00:00,2017-03-27 14:00:00+00:00,5338.5,5320.25,5375.0,2017-03-27 16:51:00+00:00,5375.0,objetivo,73.0,0.0,73.0,36.5,2.0
-1,1,2017-03-28 13:59:00+00:00,2017-03-28 14:00:00+00:00,5369.0,5382.25,5342.5,2017-03-28 14:03:00+00:00,5382.25,stop,-26.5,0.0,-26.5,26.5,-1.0
1,1,2017-03-28 14:44:00+00:00,2017-03-28 14:45:00+00:00,5375.75,5368.0,5391.25,2017-03-28 15:16:00+00:00,5391.25,objetivo,31.0,0.0,31.0,15.5,2.0
-1,1,2017-03-29 15:44:00+00:00,2017-03-29 15:45:00+00:00,5415.75,5420.25,5406.75,2017-03-29 16:12:00+00:00,5420.25,stop,-9.0,0.0,-9.0,9.0,-1.0
1,1,2017-03-29 16:14:00+00:00,2017-03-29 16:15:00+00:00,5419.5,5415.5,5427.5,2017-03-29 17:55:00+00:00,5427.5,objetivo,16.0,0.0,16.0,8.0,2.0
-1,1,2017-03-30 15:44:00+00:00,2017-03-30 15:45:00+00:00,5438.25,5445.5,5423.75,2017-03-30 19:55:00+00:00,5439.75,tiempo,-3.0,0.0,-3.0,14.5,-0.20689655172413793
-1,1,2017-03-31 17:59:00+00:00,2017-03-31 18:00:00+00:00,5441.5,5450.5,5423.5,2017-03-31 19:34:00+00:00,5450.5,stop,-18.0,0.0,-18.0,18.0,-1.0
-1,1,2017-04-03 13:59:00+00:00,2017-04-03 14:00:00+00:00,5446.25,5454.75,5429.25,2017-04-03 14:53:00+00:00,5429.25,objetivo,34.0,0.0,34.0,17.0,2.0
1,1,2017-04-03 18:44:00+00:00,2017-04-03 18:45:00+00:00,5434.25,5425.75,5451.25,2017-04-03 19:55:00+00:00,5434.5,tiempo,0.5,0.0,0.5,17.0,0.029411764705882353
-1,1,2017-04-04 14:14:00+00:00,2017-04-04 14:15:00+00:00,5420.5,5429.75,5402.0,2017-04-04 14:31:00+00:00,5429.75,stop,-18.5,0.0,-18.5,18.5,-1.0
-1,1,2017-04-04 14:44:00+00:00,2017-04-04 14:45:00+00:00,5423.0,5431.0,5407.0,2017-04-04 15:08:00+00:00,5431.0,stop,-16.0,0.0,-16.0,16.0,-1.0
1,1,2017-04-04 15:14:00+00:00,2017-04-04 15:15:00+00:00,5429.5,5420.75,5447.0,2017-04-04 19:55:00+00:00,5440.25,tiempo,21.5,0.0,21.5,17.5,1.2285714285714286
-1,1,2017-04-05 18:44:00+00:00,2017-04-05 18:45:00+00:00,5466.25,5475.0,5448.75,2017-04-05 19:12:00+00:00,5448.75,objetivo,35.0,0.0,35.0,17.5,2.0
1,1,2017-04-06 13:59:00+00:00,2017-04-06 14:00:00+00:00,5432.25,5410.25,5476.25,2017-04-06 18:57:00+00:00,5410.25,stop,-44.0,0.0,-44.0,44.0,-1.0
1,1,2017-04-07 14:29:00+00:00,2017-04-07 14:30:00+00:00,5419.25,5410.75,5436.25,2017-04-07 15:10:00+00:00,5410.75,stop,-17.0,0.0,-17.0,17.0,-1.0
1,1,2017-04-07 15:29:00+00:00,2017-04-07 15:30:00+00:00,5418.25,5414.0,5426.75,2017-04-07 15:30:00+00:00,5414.0,stop,-8.5,0.0,-8.5,8.5,-1.0
-1,1,2017-04-10 14:59:00+00:00,2017-04-10 15:00:00+00:00,5430.0,5441.25,5407.5,2017-04-10 16:13:00+00:00,5407.5,objetivo,45.0,0.0,45.0,22.5,2.0
1,1,2017-04-10 16:59:00+00:00,2017-04-10 17:00:00+00:00,5429.75,5417.75,5453.75,2017-04-10 19:55:00+00:00,5419.5,tiempo,-20.5,0.0,-20.5,24.0,-0.8541666666666666
1,1,2017-04-11 16:14:00+00:00,2017-04-11 16:15:00+00:00,5384.25,5371.0,5410.75,2017-04-11 19:55:00+00:00,5390.5,tiempo,12.5,0.0,12.5,26.5,0.4716981132075472
1,1,2017-04-12 13:59:00+00:00,2017-04-12 14:00:00+00:00,5395.0,5390.75,5403.5,2017-04-12 14:11:00+00:00,5390.75,stop,-8.5,0.0,-8.5,8.5,-1.0
-1,1,2017-04-12 14:14:00+00:00,2017-04-12 14:15:00+00:00,5389.75,5399.25,5370.75,2017-04-12 14:20:00+00:00,5399.25,stop,-19.0,0.0,-19.0,19.0,-1.0
1,1,2017-04-12 17:59:00+00:00,2017-04-12 18:00:00+00:00,5389.25,5380.75,5406.25,2017-04-12 18:39:00+00:00,5380.75,stop,-17.0,0.0,-17.0,17.0,-1.0
-1,1,2017-04-13 16:14:00+00:00,2017-04-13 16:15:00+00:00,5383.75,5392.25,5366.75,2017-04-13 17:14:00+00:00,5366.75,objetivo,34.0,0.0,34.0,17.0,2.0
1,1,2017-04-17 13:59:00+00:00,2017-04-17 14:00:00+00:00,5373.75,5368.5,5384.25,2017-04-17 14:15:00+00:00,5384.25,objetivo,21.0,0.0,21.0,10.5,2.0
-1,1,2017-04-18 14:29:00+00:00,2017-04-18 14:30:00+00:00,5386.0,5395.25,5367.5,2017-04-18 15:16:00+00:00,5395.25,stop,-18.5,0.0,-18.5,18.5,-1.0
-1,1,2017-04-18 15:44:00+00:00,2017-04-18 15:45:00+00:00,5384.25,5394.5,5363.75,2017-04-18 19:41:00+00:00,5394.5,stop,-20.5,0.0,-20.5,20.5,-1.0
-1,1,2017-04-19 16:14:00+00:00,2017-04-19 16:15:00+00:00,5417.75,5426.0,5401.25,2017-04-19 18:15:00+00:00,5401.25,objetivo,33.0,0.0,33.0,16.5,2.0
1,1,2017-04-20 14:14:00+00:00,2017-04-20 14:15:00+00:00,5424.75,5413.5,5447.25,2017-04-20 16:20:00+00:00,5447.25,objetivo,45.0,0.0,45.0,22.5,2.0
-1,1,2017-04-21 13:59:00+00:00,2017-04-21 14:00:00+00:00,5438.25,5443.5,5427.75,2017-04-21 14:18:00+00:00,5443.5,stop,-10.5,0.0,-10.5,10.5,-1.0
1,1,2017-04-21 14:29:00+00:00,2017-04-21 14:30:00+00:00,5443.25,5439.75,5450.25,2017-04-21 14:37:00+00:00,5439.75,stop,-7.0,0.0,-7.0,7.0,-1.0
-1,1,2017-04-21 14:59:00+00:00,2017-04-21 15:00:00+00:00,5438.5,5442.75,5430.0,2017-04-21 15:21:00+00:00,5442.75,stop,-8.5,0.0,-8.5,8.5,-1.0
1,1,2017-04-21 15:29:00+00:00,2017-04-21 15:30:00+00:00,5445.25,5434.75,5466.25,2017-04-21 17:10:00+00:00,5434.75,stop,-21.0,0.0,-21.0,21.0,-1.0
-1,1,2017-04-24 15:14:00+00:00,2017-04-24 15:15:00+00:00,5499.25,5504.25,5489.25,2017-04-24 18:00:00+00:00,5504.25,stop,-10.0,0.0,-10.0,10.0,-1.0
1,1,2017-04-26 15:29:00+00:00,2017-04-26 15:30:00+00:00,5553.25,5545.5,5568.75,2017-04-26 15:45:00+00:00,5545.5,stop,-15.5,0.0,-15.5,15.5,-1.0
1,1,2017-04-26 16:14:00+00:00,2017-04-26 16:15:00+00:00,5549.5,5539.5,5569.5,2017-04-26 19:39:00+00:00,5539.5,stop,-20.0,0.0,-20.0,20.0,-1.0
-1,1,2017-04-27 14:59:00+00:00,2017-04-27 15:00:00+00:00,5557.5,5564.5,5543.5,2017-04-27 16:55:00+00:00,5564.5,stop,-14.0,0.0,-14.0,14.0,-1.0
1,1,2017-04-28 14:59:00+00:00,2017-04-28 15:00:00+00:00,5584.0,5577.75,5596.5,2017-04-28 15:32:00+00:00,5577.75,stop,-12.5,0.0,-12.5,12.5,-1.0
1,1,2017-04-28 16:44:00+00:00,2017-04-28 16:45:00+00:00,5583.5,5579.75,5591.0,2017-04-28 17:19:00+00:00,5579.75,stop,-7.5,0.0,-7.5,7.5,-1.0
-1,1,2017-05-01 14:14:00+00:00,2017-05-01 14:15:00+00:00,5600.75,5607.5,5587.25,2017-05-01 14:26:00+00:00,5607.5,stop,-13.5,0.0,-13.5,13.5,-1.0
1,1,2017-05-01 14:29:00+00:00,2017-05-01 14:30:00+00:00,5607.5,5600.5,5621.5,2017-05-01 15:46:00+00:00,5621.5,objetivo,28.0,0.0,28.0,14.0,2.0
1,1,2017-05-02 14:29:00+00:00,2017-05-02 14:30:00+00:00,5629.25,5626.25,5635.25,2017-05-02 15:20:00+00:00,5635.25,objetivo,12.0,0.0,12.0,6.0,2.0
-1,1,2017-05-02 18:59:00+00:00,2017-05-02 19:00:00+00:00,5631.0,5635.25,5622.5,2017-05-02 19:50:00+00:00,5635.25,stop,-8.5,0.0,-8.5,8.5,-1.0
1,1,2017-05-03 14:29:00+00:00,2017-05-03 14:30:00+00:00,5618.0,5609.25,5635.5,2017-05-03 14:52:00+00:00,5609.25,stop,-17.5,0.0,-17.5,17.5,-1.0
1,1,2017-05-03 15:29:00+00:00,2017-05-03 15:30:00+00:00,5617.0,5608.0,5635.0,2017-05-03 19:55:00+00:00,5626.75,tiempo,19.5,0.0,19.5,18.0,1.0833333333333333
1,1,2017-05-04 14:14:00+00:00,2017-05-04 14:15:00+00:00,5615.0,5607.25,5630.5,2017-05-04 15:43:00+00:00,5630.5,objetivo,31.0,0.0,31.0,15.5,2.0
-1,1,2017-05-04 16:14:00+00:00,2017-05-04 16:15:00+00:00,5612.0,5624.25,5587.5,2017-05-04 16:58:00+00:00,5624.25,stop,-24.5,0.0,-24.5,24.5,-1.0
1,1,2017-05-04 16:59:00+00:00,2017-05-04 17:00:00+00:00,5623.0,5614.75,5639.5,2017-05-04 18:20:00+00:00,5614.75,stop,-16.5,0.0,-16.5,16.5,-1.0
1,1,2017-05-05 15:59:00+00:00,2017-05-05 16:00:00+00:00,5626.75,5621.0,5638.25,2017-05-05 16:33:00+00:00,5621.0,stop,-11.5,0.0,-11.5,11.5,-1.0
-1,1,2017-05-08 13:59:00+00:00,2017-05-08 14:00:00+00:00,5639.25,5647.75,5622.25,2017-05-08 14:44:00+00:00,5647.75,stop,-17.0,0.0,-17.0,17.0,-1.0
1,1,2017-05-08 14:44:00+00:00,2017-05-08 14:45:00+00:00,5648.0,5639.75,5664.5,2017-05-08 14:53:00+00:00,5639.75,stop,-16.5,0.0,-16.5,16.5,-1.0
-1,1,2017-05-08 14:59:00+00:00,2017-05-08 15:00:00+00:00,5640.75,5648.25,5625.75,2017-05-08 16:36:00+00:00,5648.25,stop,-15.0,0.0,-15.0,15.0,-1.0
-1,1,2017-05-09 15:44:00+00:00,2017-05-09 15:45:00+00:00,5674.75,5678.75,5666.75,2017-05-09 16:19:00+00:00,5678.75,stop,-8.0,0.0,-8.0,8.0,-1.0
-1,1,2017-05-09 16:59:00+00:00,2017-05-09 17:00:00+00:00,5675.0,5678.75,5667.5,2017-05-09 17:25:00+00:00,5667.5,objetivo,15.0,0.0,15.0,7.5,2.0
1,1,2017-05-10 15:29:00+00:00,2017-05-10 15:30:00+00:00,5671.75,5665.5,5684.25,2017-05-10 19:55:00+00:00,5675.0,tiempo,6.5,0.0,6.5,12.5,0.52
1,1,2017-05-11 15:29:00+00:00,2017-05-11 15:30:00+00:00,5649.0,5644.75,5657.5,2017-05-11 17:06:00+00:00,5657.5,objetivo,17.0,0.0,17.0,8.5,2.0
1,1,2017-05-12 14:14:00+00:00,2017-05-12 14:15:00+00:00,5680.5,5672.75,5696.0,2017-05-12 14:27:00+00:00,5672.75,stop,-15.5,0.0,-15.5,15.5,-1.0
-1,1,2017-05-12 14:29:00+00:00,2017-05-12 14:30:00+00:00,5673.5,5682.75,5655.0,2017-05-12 15:31:00+00:00,5682.75,stop,-18.5,0.0,-18.5,18.5,-1.0
-1,1,2017-05-15 14:14:00+00:00,2017-05-15 14:15:00+00:00,5692.0,5700.0,5676.0,2017-05-15 14:43:00+00:00,5700.0,stop,-16.0,0.0,-16.0,16.0,-1.0
-1,1,2017-05-15 15:44:00+00:00,2017-05-15 15:45:00+00:00,5695.5,5699.0,5688.5,2017-05-15 17:30:00+00:00,5699.0,stop,-7.0,0.0,-7.0,7.0,-1.0
-1,1,2017-05-15 18:29:00+00:00,2017-05-15 18:30:00+00:00,5694.0,5700.5,5681.0,2017-05-15 18:55:00+00:00,5700.5,stop,-13.0,0.0,-13.0,13.0,-1.0
1,1,2017-05-16 13:59:00+00:00,2017-05-16 14:00:00+00:00,5716.5,5710.25,5729.0,2017-05-16 14:22:00+00:00,5710.25,stop,-12.5,0.0,-12.5,12.5,-1.0
-1,1,2017-05-16 14:29:00+00:00,2017-05-16 14:30:00+00:00,5703.75,5716.75,5677.75,2017-05-16 15:49:00+00:00,5716.75,stop,-26.0,0.0,-26.0,26.0,-1.0
-1,1,2017-05-17 13:59:00+00:00,2017-05-17 14:00:00+00:00,5665.5,5690.75,5615.0,2017-05-17 18:23:00+00:00,5615.0,objetivo,101.0,0.0,101.0,50.5,2.0
-1,1,2017-05-18 15:59:00+00:00,2017-05-18 16:00:00+00:00,5607.5,5621.25,5580.0,2017-05-18 16:33:00+00:00,5621.25,stop,-27.5,0.0,-27.5,27.5,-1.0
-1,1,2017-05-18 17:14:00+00:00,2017-05-18 17:15:00+00:00,5610.25,5617.25,5596.25,2017-05-18 17:35:00+00:00,5617.25,stop,-14.0,0.0,-14.0,14.0,-1.0
1,1,2017-05-18 17:44:00+00:00,2017-05-18 17:45:00+00:00,5620.0,5610.5,5639.0,2017-05-18 18:03:00+00:00,5639.0,objetivo,38.0,0.0,38.0,19.0,2.0
1,1,2017-05-23 15:14:00+00:00,2017-05-23 15:15:00+00:00,5706.0,5702.25,5713.5,2017-05-23 16:25:00+00:00,5702.25,stop,-7.5,0.0,-7.5,7.5,-1.0
-1,1,2017-05-23 16:29:00+00:00,2017-05-23 16:30:00+00:00,5697.5,5708.5,5675.5,2017-05-23 19:55:00+00:00,5703.0,tiempo,-11.0,0.0,-11.0,22.0,-0.5
1,1,2017-05-24 15:44:00+00:00,2017-05-24 15:45:00+00:00,5715.5,5713.0,5720.5,2017-05-24 15:50:00+00:00,5713.0,stop,-5.0,0.0,-5.0,5.0,-1.0
-1,1,2017-05-24 15:59:00+00:00,2017-05-24 16:00:00+00:00,5713.75,5716.75,5707.75,2017-05-24 16:25:00+00:00,5716.75,stop,-6.0,0.0,-6.0,6.0,-1.0
1,1,2017-05-25 13:59:00+00:00,2017-05-25 14:00:00+00:00,5752.25,5745.25,5766.25,2017-05-25 14:31:00+00:00,5766.25,objetivo,28.0,0.0,28.0,14.0,2.0
1,1,2017-05-26 13:59:00+00:00,2017-05-26 14:00:00+00:00,5786.25,5777.25,5804.25,2017-05-26 19:55:00+00:00,5789.5,tiempo,6.5,0.0,6.5,18.0,0.3611111111111111
-1,1,2017-05-30 14:14:00+00:00,2017-05-30 14:15:00+00:00,5795.0,5800.75,5783.5,2017-05-30 14:45:00+00:00,5800.75,stop,-11.5,0.0,-11.5,11.5,-1.0
-1,1,2017-05-30 14:59:00+00:00,2017-05-30 15:00:00+00:00,5797.0,5801.75,5787.5,2017-05-30 16:30:00+00:00,5801.75,stop,-9.5,0.0,-9.5,9.5,-1.0
-1,1,2017-05-30 17:29:00+00:00,2017-05-30 17:30:00+00:00,5797.0,5800.0,5791.0,2017-05-30 19:34:00+00:00,5800.0,stop,-6.0,0.0,-6.0,6.0,-1.0
1,1,2017-05-31 14:59:00+00:00,2017-05-31 15:00:00+00:00,5787.75,5779.0,5805.25,2017-05-31 15:34:00+00:00,5779.0,stop,-17.5,0.0,-17.5,17.5,-1.0
1,1,2017-05-31 15:59:00+00:00,2017-05-31 16:00:00+00:00,5786.75,5781.75,5796.75,2017-05-31 16:47:00+00:00,5781.75,stop,-10.0,0.0,-10.0,10.0,-1.0
-1,1,2017-05-31 16:59:00+00:00,2017-05-31 17:00:00+00:00,5779.75,5785.75,5767.75,2017-05-31 17:12:00+00:00,5785.75,stop,-12.0,0.0,-12.0,12.0,-1.0
1,1,2017-05-31 17:14:00+00:00,2017-05-31 17:15:00+00:00,5788.25,5779.75,5805.25,2017-05-31 18:03:00+00:00,5779.75,stop,-17.0,0.0,-17.0,17.0,-1.0
-1,1,2017-06-01 13:59:00+00:00,2017-06-01 14:00:00+00:00,5801.25,5813.0,5777.75,2017-06-01 19:50:00+00:00,5813.0,stop,-23.5,0.0,-23.5,23.5,-1.0
1,1,2017-06-02 14:14:00+00:00,2017-06-02 14:15:00+00:00,5847.0,5831.0,5879.0,2017-06-02 19:24:00+00:00,5879.0,objetivo,64.0,0.0,64.0,32.0,2.0
-1,1,2017-06-05 14:59:00+00:00,2017-06-05 15:00:00+00:00,5879.75,5891.0,5857.25,2017-06-05 19:55:00+00:00,5882.0,tiempo,-4.5,0.0,-4.5,22.5,-0.2
-1,1,2017-06-06 15:29:00+00:00,2017-06-06 15:30:00+00:00,5880.25,5884.75,5871.25,2017-06-06 15:42:00+00:00,5884.75,stop,-9.0,0.0,-9.0,9.0,-1.0
1,1,2017-06-06 15:44:00+00:00,2017-06-06 15:45:00+00:00,5884.0,5879.75,5892.5,2017-06-06 16:31:00+00:00,5879.75,stop,-8.5,0.0,-8.5,8.5,-1.0
1,1,2017-06-06 16:59:00+00:00,2017-06-06 17:00:00+00:00,5883.5,5881.0,5888.5,2017-06-06 17:13:00+00:00,5881.0,stop,-5.0,0.0,-5.0,5.0,-1.0
-1,1,2017-06-06 17:14:00+00:00,2017-06-06 17:15:00+00:00,5877.75,5884.0,5865.25,2017-06-06 18:31:00+00:00,5884.0,stop,-12.5,0.0,-12.5,12.5,-1.0
1,1,2017-06-06 18:44:00+00:00,2017-06-06 18:45:00+00:00,5885.25,5881.75,5892.25,2017-06-06 19:09:00+00:00,5881.75,stop,-7.0,0.0,-7.0,7.0,-1.0
-1,1,2017-06-07 13:59:00+00:00,2017-06-07 14:00:00+00:00,5874.25,5879.5,5863.75,2017-06-07 14:05:00+00:00,5879.5,stop,-10.5,0.0,-10.5,10.5,-1.0
1,1,2017-06-07 15:14:00+00:00,2017-06-07 15:15:00+00:00,5876.25,5869.0,5890.75,2017-06-07 15:28:00+00:00,5869.0,stop,-14.5,0.0,-14.5,14.5,-1.0
-1,1,2017-06-07 15:29:00+00:00,2017-06-07 15:30:00+00:00,5868.75,5876.5,5853.25,2017-06-07 16:47:00+00:00,5853.25,objetivo,31.0,0.0,31.0,15.5,2.0
1,1,2017-06-07 18:14:00+00:00,2017-06-07 18:15:00+00:00,5873.5,5866.75,5887.0,2017-06-07 19:55:00+00:00,5881.25,tiempo,15.5,0.0,15.5,13.5,1.1481481481481481
1,1,2017-06-08 14:59:00+00:00,2017-06-08 15:00:00+00:00,5871.25,5866.75,5880.25,2017-06-08 15:19:00+00:00,5880.25,objetivo,18.0,0.0,18.0,9.0,2.0
-1,1,2017-06-08 17:29:00+00:00,2017-06-08 17:30:00+00:00,5867.5,5877.0,5848.5,2017-06-08 19:24:00+00:00,5877.0,stop,-19.0,0.0,-19.0,19.0,-1.0
-1,1,2017-06-09 13:59:00+00:00,2017-06-09 14:00:00+00:00,5887.5,5892.75,5877.0,2017-06-09 14:05:00+00:00,5892.75,stop,-10.5,0.0,-10.5,10.5,-1.0
1,1,2017-06-09 14:14:00+00:00,2017-06-09 14:15:00+00:00,5895.75,5885.0,5917.25,2017-06-09 15:13:00+00:00,5885.0,stop,-21.5,0.0,-21.5,21.5,-1.0
1,1,2017-06-12 14:29:00+00:00,2017-06-12 14:30:00+00:00,5673.75,5665.75,5689.75,2017-06-12 14:38:00+00:00,5689.75,objetivo,32.0,0.0,32.0,16.0,2.0
-1,1,2017-06-12 16:59:00+00:00,2017-06-12 17:00:00+00:00,5680.25,5692.5,5655.75,2017-06-12 17:14:00+00:00,5692.5,stop,-24.5,0.0,-24.5,24.5,-1.0
1,1,2017-06-12 17:14:00+00:00,2017-06-12 17:15:00+00:00,5692.5,5675.0,5727.5,2017-06-12 19:55:00+00:00,5710.0,tiempo,35.0,0.0,35.0,35.0,1.0
-1,1,2017-06-13 14:14:00+00:00,2017-06-13 14:15:00+00:00,5753.0,5758.75,5741.5,2017-06-13 14:24:00+00:00,5741.5,objetivo,23.0,0.0,23.0,11.5,2.0
1,1,2017-06-13 15:59:00+00:00,2017-06-13 16:00:00+00:00,5748.75,5741.75,5762.75,2017-06-13 17:48:00+00:00,5741.75,stop,-14.0,0.0,-14.0,14.0,-1.0
1,1,2017-06-14 13:59:00+00:00,2017-06-14 14:00:00+00:00,5773.75,5762.0,5797.25,2017-06-14 14:14:00+00:00,5762.0,stop,-23.5,0.0,-23.5,23.5,-1.0
-1,1,2017-06-14 14:14:00+00:00,2017-06-14 14:15:00+00:00,5762.5,5778.5,5730.5,2017-06-14 16:00:00+00:00,5778.5,stop,-32.0,0.0,-32.0,32.0,-1.0
-1,1,2017-06-14 16:29:00+00:00,2017-06-14 16:30:00+00:00,5767.5,5769.75,5763.0,2017-06-14 16:34:00+00:00,5769.75,stop,-4.5,0.0,-4.5,4.5,-1.0
1,1,2017-06-14 16:44:00+00:00,2017-06-14 16:45:00+00:00,5772.5,5765.75,5786.0,2017-06-14 16:59:00+00:00,5765.75,stop,-13.5,0.0,-13.5,13.5,-1.0
-1,1,2017-06-14 16:59:00+00:00,2017-06-14 17:00:00+00:00,5765.75,5773.75,5749.75,2017-06-14 18:03:00+00:00,5773.75,stop,-16.0,0.0,-16.0,16.0,-1.0
1,1,2017-06-14 18:14:00+00:00,2017-06-14 18:15:00+00:00,5769.25,5755.75,5796.25,2017-06-14 18:18:00+00:00,5755.75,stop,-27.0,0.0,-27.0,27.0,-1.0
-1,1,2017-06-14 18:29:00+00:00,2017-06-14 18:30:00+00:00,5761.0,5769.5,5744.0,2017-06-14 18:36:00+00:00,5744.0,objetivo,34.0,0.0,34.0,17.0,2.0
1,1,2017-06-15 13:59:00+00:00,2017-06-15 14:00:00+00:00,5666.75,5646.5,5707.25,2017-06-15 14:22:00+00:00,5646.5,stop,-40.5,0.0,-40.5,40.5,-1.0
1,1,2017-06-15 14:59:00+00:00,2017-06-15 15:00:00+00:00,5672.25,5657.5,5701.75,2017-06-15 18:21:00+00:00,5701.75,objetivo,59.0,0.0,59.0,29.5,2.0
1,1,2017-06-16 13:59:00+00:00,2017-06-16 14:00:00+00:00,5701.0,5679.5,5744.0,2017-06-16 14:19:00+00:00,5679.5,stop,-43.0,0.0,-43.0,43.0,-1.0
1,1,2017-06-16 15:44:00+00:00,2017-06-16 15:45:00+00:00,5683.5,5676.25,5698.0,2017-06-16 18:24:00+00:00,5698.0,objetivo,29.0,0.0,29.0,14.5,2.0
-1,1,2017-06-20 13:59:00+00:00,2017-06-20 14:00:00+00:00,5761.0,5770.75,5741.5,2017-06-20 14:16:00+00:00,5770.75,stop,-19.5,0.0,-19.5,19.5,-1.0
-1,1,2017-06-20 14:29:00+00:00,2017-06-20 14:30:00+00:00,5762.25,5772.5,5741.75,2017-06-20 14:44:00+00:00,5772.5,stop,-20.5,0.0,-20.5,20.5,-1.0
1,1,2017-06-20 14:44:00+00:00,2017-06-20 14:45:00+00:00,5773.25,5762.0,5795.75,2017-06-20 15:11:00+00:00,5762.0,stop,-22.5,0.0,-22.5,22.5,-1.0
-1,1,2017-06-20 15:14:00+00:00,2017-06-20 15:15:00+00:00,5765.5,5775.5,5745.5,2017-06-20 16:23:00+00:00,5745.5,objetivo,40.0,0.0,40.0,20.0,2.0
-1,1,2017-06-21 13:59:00+00:00,2017-06-21 14:00:00+00:00,5743.75,5755.25,5720.75,2017-06-21 14:02:00+00:00,5755.25,stop,-23.0,0.0,-23.0,23.0,-1.0
1,1,2017-06-21 14:14:00+00:00,2017-06-21 14:15:00+00:00,5752.75,5743.5,5771.25,2017-06-21 14:42:00+00:00,5771.25,objetivo,37.0,0.0,37.0,18.5,2.0
1,1,2017-06-22 14:14:00+00:00,2017-06-22 14:15:00+00:00,5782.25,5770.75,5805.25,2017-06-22 16:51:00+00:00,5805.25,objetivo,46.0,0.0,46.0,23.0,2.0
1,1,2017-06-23 13:59:00+00:00,2017-06-23 14:00:00+00:00,5773.5,5763.0,5794.5,2017-06-23 14:43:00+00:00,5794.5,objetivo,42.0,0.0,42.0,21.0,2.0
-1,1,2017-06-26 13:59:00+00:00,2017-06-26 14:00:00+00:00,5842.5,5850.25,5827.0,2017-06-26 14:09:00+00:00,5827.0,objetivo,31.0,0.0,31.0,15.5,2.0
-1,1,2017-06-27 13:59:00+00:00,2017-06-27 14:00:00+00:00,5745.25,5755.0,5725.75,2017-06-27 14:03:00+00:00,5755.0,stop,-19.5,0.0,-19.5,19.5,-1.0
1,1,2017-06-27 14:14:00+00:00,2017-06-27 14:15:00+00:00,5753.75,5744.25,5772.75,2017-06-27 16:19:00+00:00,5744.25,stop,-19.0,0.0,-19.0,19.0,-1.0
1,1,2017-06-28 14:14:00+00:00,2017-06-28 14:15:00+00:00,5683.0,5666.0,5717.0,2017-06-28 14:43:00+00:00,5717.0,objetivo,68.0,0.0,68.0,34.0,2.0
1,1,2017-06-29 14:44:00+00:00,2017-06-29 14:45:00+00:00,5697.5,5681.75,5729.0,2017-06-29 15:00:00+00:00,5681.75,stop,-31.5,0.0,-31.5,31.5,-1.0
-1,1,2017-06-30 13:59:00+00:00,2017-06-30 14:00:00+00:00,5663.25,5686.5,5616.75,2017-06-30 19:55:00+00:00,5664.5,tiempo,-2.5,0.0,-2.5,46.5,-0.053763440860215055
-1,1,2017-07-04 14:14:00+00:00,2017-07-04 14:15:00+00:00,5606.75,5613.75,5592.75,2017-07-04 15:04:00+00:00,5592.75,objetivo,28.0,0.0,28.0,14.0,2.0
1,1,2017-07-05 14:44:00+00:00,2017-07-05 14:45:00+00:00,5629.25,5606.75,5674.25,2017-07-05 19:55:00+00:00,5653.25,tiempo,48.0,0.0,48.0,45.0,1.0666666666666667
1,1,2017-07-06 15:14:00+00:00,2017-07-06 15:15:00+00:00,5598.0,5591.75,5610.5,2017-07-06 15:30:00+00:00,5610.5,objetivo,25.0,0.0,25.0,12.5,2.0
1,1,2017-07-07 13:59:00+00:00,2017-07-07 14:00:00+00:00,5643.5,5623.5,5683.5,2017-07-07 19:55:00+00:00,5662.75,tiempo,38.5,0.0,38.5,40.0,0.9625
-1,1,2017-07-10 13:59:00+00:00,2017-07-10 14:00:00+00:00,5654.25,5676.25,5610.25,2017-07-10 14:44:00+00:00,5676.25,stop,-44.0,0.0,-44.0,44.0,-1.0
-1,1,2017-07-11 15:29:00+00:00,2017-07-11 15:30:00+00:00,5681.25,5703.5,5636.75,2017-07-11 17:43:00+00:00,5703.5,stop,-44.5,0.0,-44.5,44.5,-1.0
1,1,2017-07-11 17:44:00+00:00,2017-07-11 17:45:00+00:00,5708.75,5691.25,5743.75,2017-07-11 19:55:00+00:00,5712.0,tiempo,6.5,0.0,6.5,35.0,0.18571428571428572
-1,1,2017-07-12 13:59:00+00:00,2017-07-12 14:00:00+00:00,5756.75,5766.75,5736.75,2017-07-12 14:22:00+00:00,5766.75,stop,-20.0,0.0,-20.0,20.0,-1.0
1,1,2017-07-12 14:29:00+00:00,2017-07-12 14:30:00+00:00,5767.5,5757.0,5788.5,2017-07-12 14:37:00+00:00,5757.0,stop,-21.0,0.0,-21.0,21.0,-1.0
-1,1,2017-07-12 14:44:00+00:00,2017-07-12 14:45:00+00:00,5757.25,5768.25,5735.25,2017-07-12 15:18:00+00:00,5768.25,stop,-22.0,0.0,-22.0,22.0,-1.0
-1,1,2017-07-13 14:29:00+00:00,2017-07-13 14:30:00+00:00,5785.25,5801.25,5753.25,2017-07-13 16:16:00+00:00,5801.25,stop,-32.0,0.0,-32.0,32.0,-1.0
-1,1,2017-07-13 17:59:00+00:00,2017-07-13 18:00:00+00:00,5791.25,5800.25,5773.25,2017-07-13 19:47:00+00:00,5800.25,stop,-18.0,0.0,-18.0,18.0,-1.0
-1,1,2017-07-14 13:59:00+00:00,2017-07-14 14:00:00+00:00,5810.75,5822.75,5786.75,2017-07-14 16:27:00+00:00,5822.75,stop,-24.0,0.0,-24.0,24.0,-1.0
-1,1,2017-07-17 14:29:00+00:00,2017-07-17 14:30:00+00:00,5852.0,5861.5,5833.0,2017-07-17 18:10:00+00:00,5833.0,objetivo,38.0,0.0,38.0,19.0,2.0
-1,1,2017-07-18 14:44:00+00:00,2017-07-18 14:45:00+00:00,5835.75,5852.5,5802.25,2017-07-18 14:55:00+00:00,5852.5,stop,-33.5,0.0,-33.5,33.5,-1.0
1,1,2017-07-18 14:59:00+00:00,2017-07-18 15:00:00+00:00,5856.5,5834.5,5900.5,2017-07-18 19:55:00+00:00,5879.5,tiempo,46.0,0.0,46.0,44.0,1.0454545454545454
-1,1,2017-07-19 14:14:00+00:00,2017-07-19 14:15:00+00:00,5900.75,5912.0,5878.25,2017-07-19 15:15:00+00:00,5912.0,stop,-22.5,0.0,-22.5,22.5,-1.0
1,1,2017-07-20 13:59:00+00:00,2017-07-20 14:00:00+00:00,5927.0,5917.75,5945.5,2017-07-20 14:13:00+00:00,5917.75,stop,-18.5,0.0,-18.5,18.5,-1.0
-1,1,2017-07-20 14:14:00+00:00,2017-07-20 14:15:00+00:00,5916.25,5927.25,5894.25,2017-07-20 16:10:00+00:00,5927.25,stop,-22.0,0.0,-22.0,22.0,-1.0
-1,1,2017-07-20 18:44:00+00:00,2017-07-20 18:45:00+00:00,5912.25,5918.75,5899.25,2017-07-20 19:00:00+00:00,5918.75,stop,-13.0,0.0,-13.0,13.0,-1.0
-1,1,2017-07-21 14:59:00+00:00,2017-07-21 15:00:00+00:00,5903.0,5911.75,5885.5,2017-07-21 15:59:00+00:00,5911.75,stop,-17.5,0.0,-17.5,17.5,-1.0
1,1,2017-07-24 13:59:00+00:00,2017-07-24 14:00:00+00:00,5924.5,5916.25,5941.0,2017-07-24 15:13:00+00:00,5916.25,stop,-16.5,0.0,-16.5,16.5,-1.0
-1,1,2017-07-24 15:14:00+00:00,2017-07-24 15:15:00+00:00,5916.5,5923.0,5903.5,2017-07-24 15:52:00+00:00,5923.0,stop,-13.0,0.0,-13.0,13.0,-1.0
-1,1,2017-07-25 14:59:00+00:00,2017-07-25 15:00:00+00:00,5922.0,5929.25,5907.5,2017-07-25 15:04:00+00:00,5929.25,stop,-14.5,0.0,-14.5,14.5,-1.0
1,1,2017-07-25 15:14:00+00:00,2017-07-25 15:15:00+00:00,5930.0,5922.0,5946.0,2017-07-25 18:13:00+00:00,5946.0,objetivo,32.0,0.0,32.0,16.0,2.0
1,1,2017-07-26 13:59:00+00:00,2017-07-26 14:00:00+00:00,5949.5,5946.0,5956.5,2017-07-26 14:46:00+00:00,5946.0,stop,-7.0,0.0,-7.0,7.0,-1.0
1,1,2017-07-26 18:29:00+00:00,2017-07-26 18:30:00+00:00,5946.75,5941.5,5957.25,2017-07-26 18:33:00+00:00,5941.5,stop,-10.5,0.0,-10.5,10.5,-1.0
-1,1,2017-07-26 18:44:00+00:00,2017-07-26 18:45:00+00:00,5944.5,5946.75,5940.0,2017-07-26 18:48:00+00:00,5946.75,stop,-4.5,0.0,-4.5,4.5,-1.0
1,1,2017-07-27 14:14:00+00:00,2017-07-27 14:15:00+00:00,5982.25,5975.5,5995.75,2017-07-27 15:34:00+00:00,5995.75,objetivo,27.0,0.0,27.0,13.5,2.0
-1,1,2017-07-27 16:29:00+00:00,2017-07-27 16:30:00+00:00,5975.25,5989.25,5947.25,2017-07-27 16:41:00+00:00,5947.25,objetivo,56.0,0.0,56.0,28.0,2.0
-1,1,2017-07-28 14:59:00+00:00,2017-07-28 15:00:00+00:00,5885.75,5893.0,5871.25,2017-07-28 15:05:00+00:00,5893.0,stop,-14.5,0.0,-14.5,14.5,-1.0
1,1,2017-07-28 15:14:00+00:00,2017-07-28 15:15:00+00:00,5896.0,5883.25,5921.5,2017-07-28 19:55:00+00:00,5912.0,tiempo,32.0,0.0,32.0,25.5,1.2549019607843137
-1,1,2017-07-31 13:59:00+00:00,2017-07-31 14:00:00+00:00,5905.0,5928.0,5859.0,2017-07-31 19:55:00+00:00,5880.5,tiempo,49.0,0.0,49.0,46.0,1.065217391304348
-1,1,2017-08-01 13:59:00+00:00,2017-08-01 14:00:00+00:00,5891.5,5899.5,5875.5,2017-08-01 14:50:00+00:00,5899.5,stop,-16.0,0.0,-16.0,16.0,-1.0
1,1,2017-08-01 14:59:00+00:00,2017-08-01 15:00:00+00:00,5899.0,5888.5,5920.0,2017-08-01 15:16:00+00:00,5888.5,stop,-21.0,0.0,-21.0,21.0,-1.0
1,1,2017-08-01 15:59:00+00:00,2017-08-01 16:00:00+00:00,5893.5,5889.25,5902.0,2017-08-01 16:05:00+00:00,5889.25,stop,-8.5,0.0,-8.5,8.5,-1.0
-1,1,2017-08-01 16:29:00+00:00,2017-08-01 16:30:00+00:00,5889.0,5894.0,5879.0,2017-08-01 17:20:00+00:00,5894.0,stop,-10.0,0.0,-10.0,10.0,-1.0
1,1,2017-08-01 17:29:00+00:00,2017-08-01 17:30:00+00:00,5893.25,5890.25,5899.25,2017-08-01 18:50:00+00:00,5890.25,stop,-6.0,0.0,-6.0,6.0,-1.0
-1,1,2017-08-01 18:59:00+00:00,2017-08-01 19:00:00+00:00,5891.5,5894.0,5886.5,2017-08-01 19:05:00+00:00,5886.5,objetivo,10.0,0.0,10.0,5.0,2.0
1,1,2017-08-02 17:44:00+00:00,2017-08-02 17:45:00+00:00,5901.0,5883.5,5936.0,2017-08-02 19:55:00+00:00,5913.75,tiempo,25.5,0.0,25.5,35.0,0.7285714285714285
-1,1,2017-08-03 13:59:00+00:00,2017-08-03 14:00:00+00:00,5893.5,5914.5,5851.5,2017-08-03 19:55:00+00:00,5890.0,tiempo,7.0,0.0,7.0,42.0,0.16666666666666666
-1,1,2017-08-04 13:59:00+00:00,2017-08-04 14:00:00+00:00,5885.0,5912.0,5831.0,2017-08-04 19:55:00+00:00,5895.0,tiempo,-20.0,0.0,-20.0,54.0,-0.37037037037037035
1,1,2017-08-08 13:59:00+00:00,2017-08-08 14:00:00+00:00,5924.75,5914.5,5945.25,2017-08-08 15:30:00+00:00,5945.25,objetivo,41.0,0.0,41.0,20.5,2.0
1,1,2017-08-09 13:59:00+00:00,2017-08-09 14:00:00+00:00,5888.75,5865.5,5935.25,2017-08-09 19:55:00+00:00,5915.5,tiempo,53.5,0.0,53.5,46.5,1.1505376344086022
1,1,2017-08-11 13:59:00+00:00,2017-08-11 14:00:00+00:00,5811.25,5783.5,5866.75,2017-08-11 19:55:00+00:00,5834.75,tiempo,47.0,0.0,47.0,55.5,0.8468468468468469
1,1,2017-08-15 14:44:00+00:00,2017-08-15 14:45:00+00:00,5910.25,5896.25,5938.25,2017-08-15 19:55:00+00:00,5913.75,tiempo,7.0,0.0,7.0,28.0,0.25
1,1,2017-08-16 14:29:00+00:00,2017-08-16 14:30:00+00:00,5922.0,5913.0,5940.0,2017-08-16 16:05:00+00:00,5940.0,objetivo,36.0,0.0,36.0,18.0,2.0
-1,1,2017-08-16 17:14:00+00:00,2017-08-16 17:15:00+00:00,5918.25,5932.5,5889.75,2017-08-16 19:55:00+00:00,5919.75,tiempo,-3.0,0.0,-3.0,28.5,-0.10526315789473684
-1,1,2017-08-17 13:59:00+00:00,2017-08-17 14:00:00+00:00,5891.0,5907.5,5858.0,2017-08-17 14:16:00+00:00,5858.0,objetivo,66.0,0.0,66.0,33.0,2.0
1,1,2017-08-18 14:14:00+00:00,2017-08-18 14:15:00+00:00,5798.0,5772.75,5848.5,2017-08-18 19:55:00+00:00,5801.5,tiempo,7.0,0.0,7.0,50.5,0.13861386138613863
-1,1,2017-08-21 13:59:00+00:00,2017-08-21 14:00:00+00:00,5785.0,5804.25,5746.5,2017-08-21 19:55:00+00:00,5791.5,tiempo,-13.0,0.0,-13.0,38.5,-0.33766233766233766
-1,1,2017-08-23 14:14:00+00:00,2017-08-23 14:15:00+00:00,5850.0,5860.0,5830.0,2017-08-23 15:21:00+00:00,5860.0,stop,-20.0,0.0,-20.0,20.0,-1.0
1,1,2017-08-23 15:29:00+00:00,2017-08-23 15:30:00+00:00,5861.75,5849.5,5886.25,2017-08-23 16:48:00+00:00,5849.5,stop,-24.5,0.0,-24.5,24.5,-1.0
1,1,2017-08-23 16:59:00+00:00,2017-08-23 17:00:00+00:00,5854.5,5848.25,5867.0,2017-08-23 17:16:00+00:00,5848.25,stop,-12.5,0.0,-12.5,12.5,-1.0
1,1,2017-08-23 18:14:00+00:00,2017-08-23 18:15:00+00:00,5855.5,5846.5,5873.5,2017-08-23 19:55:00+00:00,5859.25,tiempo,7.5,0.0,7.5,18.0,0.4166666666666667
1,1,2017-08-24 14:44:00+00:00,2017-08-24 14:45:00+00:00,5847.5,5840.25,5862.0,2017-08-24 15:12:00+00:00,5840.25,stop,-14.5,0.0,-14.5,14.5,-1.0
1,1,2017-08-24 17:14:00+00:00,2017-08-24 17:15:00+00:00,5837.5,5825.25,5862.0,2017-08-24 18:13:00+00:00,5825.25,stop,-24.5,0.0,-24.5,24.5,-1.0
-1,1,2017-08-24 18:14:00+00:00,2017-08-24 18:15:00+00:00,5827.75,5840.0,5803.25,2017-08-24 18:35:00+00:00,5840.0,stop,-24.5,0.0,-24.5,24.5,-1.0
1,1,2017-08-24 18:44:00+00:00,2017-08-24 18:45:00+00:00,5836.5,5832.25,5845.0,2017-08-24 19:19:00+00:00,5845.0,objetivo,17.0,0.0,17.0,8.5,2.0
1,1,2017-08-25 13:59:00+00:00,2017-08-25 14:00:00+00:00,5861.0,5845.25,5892.5,2017-08-25 14:46:00+00:00,5845.25,stop,-31.5,0.0,-31.5,31.5,-1.0
-1,1,2017-08-28 13:59:00+00:00,2017-08-28 14:00:00+00:00,5828.5,5838.75,5808.0,2017-08-28 14:11:00+00:00,5838.75,stop,-20.5,0.0,-20.5,20.5,-1.0
1,1,2017-08-28 14:14:00+00:00,2017-08-28 14:15:00+00:00,5838.0,5823.25,5867.5,2017-08-28 19:55:00+00:00,5836.25,tiempo,-3.5,0.0,-3.5,29.5,-0.11864406779661017
1,1,2017-09-01 14:59:00+00:00,2017-09-01 15:00:00+00:00,5992.5,5983.75,6010.0,2017-09-01 19:55:00+00:00,5993.75,tiempo,2.5,0.0,2.5,17.5,0.14285714285714285
1,1,2017-09-04 13:59:00+00:00,2017-09-04 14:00:00+00:00,5967.5,5965.0,5972.5,2017-09-04 14:29:00+00:00,5972.5,objetivo,10.0,0.0,10.0,5.0,2.0
1,1,2017-09-05 13:59:00+00:00,2017-09-05 14:00:00+00:00,5978.0,5954.25,6025.5,2017-09-05 14:46:00+00:00,5954.25,stop,-47.5,0.0,-47.5,47.5,-1.0
1,1,2017-09-06 16:14:00+00:00,2017-09-06 16:15:00+00:00,5935.75,5929.75,5947.75,2017-09-06 17:00:00+00:00,5947.75,objetivo,24.0,0.0,24.0,12.0,2.0
-1,1,2017-09-07 13:59:00+00:00,2017-09-07 14:00:00+00:00,5956.5,5965.5,5938.5,2017-09-07 14:35:00+00:00,5965.5,stop,-18.0,0.0,-18.0,18.0,-1.0
1,1,2017-09-07 14:44:00+00:00,2017-09-07 14:45:00+00:00,5968.25,5950.5,6003.75,2017-09-07 16:34:00+00:00,5950.5,stop,-35.5,0.0,-35.5,35.5,-1.0
1,1,2017-09-07 17:14:00+00:00,2017-09-07 17:15:00+00:00,5963.25,5955.5,5978.75,2017-09-07 19:55:00+00:00,5965.75,tiempo,5.0,0.0,5.0,15.5,0.3225806451612903
-1,1,2017-09-08 13:59:00+00:00,2017-09-08 14:00:00+00:00,5950.0,5955.0,5940.0,2017-09-08 14:11:00+00:00,5940.0,objetivo,20.0,0.0,20.0,10.0,2.0
1,1,2017-09-12 16:29:00+00:00,2017-09-12 16:30:00+00:00,5992.5,5988.0,6001.5,2017-09-12 17:33:00+00:00,6001.5,objetivo,18.0,0.0,18.0,9.0,2.0
-1,1,2017-09-12 18:29:00+00:00,2017-09-12 18:30:00+00:00,5993.25,6004.5,5970.75,2017-09-12 19:55:00+00:00,5998.25,tiempo,-10.0,0.0,-10.0,22.5,-0.4444444444444444
1,1,2017-09-13 13:59:00+00:00,2017-09-13 14:00:00+00:00,6001.75,5983.5,6038.25,2017-09-13 19:55:00+00:00,6010.75,tiempo,18.0,0.0,18.0,36.5,0.4931506849315068
1,1,2017-09-14 13:59:00+00:00,2017-09-14 14:00:00+00:00,5986.5,5974.5,6010.5,2017-09-14 19:42:00+00:00,5974.5,stop,-24.0,0.0,-24.0,24.0,-1.0
1,1,2017-09-15 14:14:00+00:00,2017-09-15 14:15:00+00:00,5973.0,5967.0,5985.0,2017-09-15 14:34:00+00:00,5985.0,objetivo,24.0,0.0,24.0,12.0,2.0
-1,1,2017-09-15 17:44:00+00:00,2017-09-15 17:45:00+00:00,5988.0,5994.75,5974.5,2017-09-15 19:12:00+00:00,5994.75,stop,-13.5,0.0,-13.5,13.5,-1.0
-1,1,2017-09-18 14:44:00+00:00,2017-09-18 14:45:00+00:00,6006.0,6012.5,5993.0,2017-09-18 15:05:00+00:00,6012.5,stop,-13.0,0.0,-13.0,13.0,-1.0
1,1,2017-09-18 15:14:00+00:00,2017-09-18 15:15:00+00:00,6013.25,6005.0,6029.75,2017-09-18 17:26:00+00:00,6005.0,stop,-16.5,0.0,-16.5,16.5,-1.0
1,1,2017-09-19 14:29:00+00:00,2017-09-19 14:30:00+00:00,5993.75,5982.25,6016.75,2017-09-19 15:02:00+00:00,5982.25,stop,-23.0,0.0,-23.0,23.0,-1.0
-1,1,2017-09-19 15:14:00+00:00,2017-09-19 15:15:00+00:00,5983.75,5994.0,5963.25,2017-09-19 16:01:00+00:00,5994.0,stop,-20.5,0.0,-20.5,20.5,-1.0
-1,1,2017-09-20 13:59:00+00:00,2017-09-20 14:00:00+00:00,5989.5,6000.5,5967.5,2017-09-20 14:59:00+00:00,5967.5,objetivo,44.0,0.0,44.0,22.0,2.0
1,1,2017-09-20 16:29:00+00:00,2017-09-20 16:30:00+00:00,5980.5,5972.75,5996.0,2017-09-20 17:17:00+00:00,5972.75,stop,-15.5,0.0,-15.5,15.5,-1.0
1,1,2017-09-21 15:14:00+00:00,2017-09-21 15:15:00+00:00,5946.75,5938.0,5964.25,2017-09-21 17:19:00+00:00,5964.25,objetivo,35.0,0.0,35.0,17.5,2.0
-1,1,2017-09-22 13:59:00+00:00,2017-09-22 14:00:00+00:00,5927.5,5940.5,5901.5,2017-09-22 14:06:00+00:00,5940.5,stop,-26.0,0.0,-26.0,26.0,-1.0
1,1,2017-09-22 14:14:00+00:00,2017-09-22 14:15:00+00:00,5939.75,5926.75,5965.75,2017-09-22 14:53:00+00:00,5926.75,stop,-26.0,0.0,-26.0,26.0,-1.0
1,1,2017-09-22 16:44:00+00:00,2017-09-22 16:45:00+00:00,5931.5,5927.25,5940.0,2017-09-22 16:57:00+00:00,5927.25,stop,-8.5,0.0,-8.5,8.5,-1.0
-1,1,2017-09-22 16:59:00+00:00,2017-09-22 17:00:00+00:00,5925.75,5934.0,5909.25,2017-09-22 18:26:00+00:00,5934.0,stop,-16.5,0.0,-16.5,16.5,-1.0
1,1,2017-09-22 18:29:00+00:00,2017-09-22 18:30:00+00:00,5932.0,5927.75,5940.5,2017-09-22 19:55:00+00:00,5939.75,tiempo,15.5,0.0,15.5,8.5,1.8235294117647058
1,1,2017-09-25 14:14:00+00:00,2017-09-25 14:15:00+00:00,5910.25,5887.75,5955.25,2017-09-25 14:34:00+00:00,5887.75,stop,-45.0,0.0,-45.0,45.0,-1.0
-1,1,2017-09-26 13:59:00+00:00,2017-09-26 14:00:00+00:00,5899.75,5908.5,5882.25,2017-09-26 14:08:00+00:00,5908.5,stop,-17.5,0.0,-17.5,17.5,-1.0
1,1,2017-09-26 14:14:00+00:00,2017-09-26 14:15:00+00:00,5909.0,5899.0,5929.0,2017-09-26 14:29:00+00:00,5899.0,stop,-20.0,0.0,-20.0,20.0,-1.0
-1,1,2017-09-26 14:29:00+00:00,2017-09-26 14:30:00+00:00,5899.0,5909.25,5878.5,2017-09-26 15:02:00+00:00,5878.5,objetivo,41.0,0.0,41.0,20.5,2.0
1,1,2017-09-26 17:14:00+00:00,2017-09-26 17:15:00+00:00,5901.5,5887.0,5930.5,2017-09-26 19:51:00+00:00,5887.0,stop,-29.0,0.0,-29.0,29.0,-1.0
-1,1,2017-09-27 13:59:00+00:00,2017-09-27 14:00:00+00:00,5925.75,5936.75,5903.75,2017-09-27 14:55:00+00:00,5903.75,objetivo,44.0,0.0,44.0,22.0,2.0
1,1,2017-09-27 16:59:00+00:00,2017-09-27 17:00:00+00:00,5922.5,5916.25,5935.0,2017-09-27 18:02:00+00:00,5935.0,objetivo,25.0,0.0,25.0,12.5,2.0
-1,1,2017-09-28 15:14:00+00:00,2017-09-28 15:15:00+00:00,5927.0,5931.5,5918.0,2017-09-28 15:30:00+00:00,5931.5,stop,-9.0,0.0,-9.0,9.0,-1.0
-1,1,2017-09-28 15:59:00+00:00,2017-09-28 16:00:00+00:00,5925.5,5929.5,5917.5,2017-09-28 16:08:00+00:00,5929.5,stop,-8.0,0.0,-8.0,8.0,-1.0
1,1,2017-09-28 16:14:00+00:00,2017-09-28 16:15:00+00:00,5929.75,5922.0,5945.25,2017-09-28 19:55:00+00:00,5933.75,tiempo,8.0,0.0,8.0,15.5,0.5161290322580645
-1,1,2017-09-29 13:59:00+00:00,2017-09-29 14:00:00+00:00,5937.0,5954.5,5902.0,2017-09-29 14:39:00+00:00,5954.5,stop,-35.0,0.0,-35.0,35.0,-1.0
-1,1,2017-10-02 15:29:00+00:00,2017-10-02 15:30:00+00:00,5996.0,6004.25,5979.5,2017-10-02 15:45:00+00:00,5979.5,objetivo,33.0,0.0,33.0,16.5,2.0
1,1,2017-10-03 13:59:00+00:00,2017-10-03 14:00:00+00:00,5999.75,5990.5,6018.25,2017-10-03 14:12:00+00:00,5990.5,stop,-18.5,0.0,-18.5,18.5,-1.0
-1,1,2017-10-03 14:14:00+00:00,2017-10-03 14:15:00+00:00,5983.25,6000.75,5948.25,2017-10-03 19:40:00+00:00,6000.75,stop,-35.0,0.0,-35.0,35.0,-1.0
1,1,2017-10-04 13:59:00+00:00,2017-10-04 14:00:00+00:00,5990.75,5979.5,6013.25,2017-10-04 16:16:00+00:00,6013.25,objetivo,45.0,0.0,45.0,22.5,2.0
-1,1,2017-10-04 17:44:00+00:00,2017-10-04 17:45:00+00:00,5991.0,6001.0,5971.0,2017-10-04 18:54:00+00:00,6001.0,stop,-20.0,0.0,-20.0,20.0,-1.0
1,1,2017-10-05 15:29:00+00:00,2017-10-05 15:30:00+00:00,6030.0,6018.5,6053.0,2017-10-05 18:40:00+00:00,6053.0,objetivo,46.0,0.0,46.0,23.0,2.0
-1,1,2017-10-06 14:44:00+00:00,2017-10-06 14:45:00+00:00,6052.25,6062.75,6031.25,2017-10-06 16:31:00+00:00,6062.75,stop,-21.0,0.0,-21.0,21.0,-1.0
-1,1,2017-10-09 14:44:00+00:00,2017-10-09 14:45:00+00:00,6074.0,6077.75,6066.5,2017-10-09 14:49:00+00:00,6066.5,objetivo,15.0,0.0,15.0,7.5,2.0
1,1,2017-10-09 15:44:00+00:00,2017-10-09 15:45:00+00:00,6075.0,6072.25,6080.5,2017-10-09 16:28:00+00:00,6072.25,stop,-5.5,0.0,-5.5,5.5,-1.0
-1,1,2017-10-09 16:29:00+00:00,2017-10-09 16:30:00+00:00,6072.0,6076.75,6062.5,2017-10-09 19:02:00+00:00,6062.5,objetivo,19.0,0.0,19.0,9.5,2.0
-1,1,2017-10-11 15:29:00+00:00,2017-10-11 15:30:00+00:00,6065.25,6074.0,6047.75,2017-10-11 16:32:00+00:00,6074.0,stop,-17.5,0.0,-17.5,17.5,-1.0
1,1,2017-10-12 13:59:00+00:00,2017-10-12 14:00:00+00:00,6078.0,6068.25,6097.5,2017-10-12 19:51:00+00:00,6068.25,stop,-19.5,0.0,-19.5,19.5,-1.0
1,1,2017-10-13 14:29:00+00:00,2017-10-13 14:30:00+00:00,6101.5,6094.5,6115.5,2017-10-13 14:51:00+00:00,6094.5,stop,-14.0,0.0,-14.0,14.0,-1.0
-1,1,2017-10-13 14:59:00+00:00,2017-10-13 15:00:00+00:00,6095.0,6100.25,6084.5,2017-10-13 16:03:00+00:00,6100.25,stop,-10.5,0.0,-10.5,10.5,-1.0
-1,1,2017-10-16 14:14:00+00:00,2017-10-16 14:15:00+00:00,6112.25,6118.25,6100.25,2017-10-16 16:16:00+00:00,6100.25,objetivo,24.0,0.0,24.0,12.0,2.0
1,1,2017-10-16 18:44:00+00:00,2017-10-16 18:45:00+00:00,6109.5,6107.0,6114.5,2017-10-16 19:38:00+00:00,6114.5,objetivo,10.0,0.0,10.0,5.0,2.0
1,1,2017-10-17 13:59:00+00:00,2017-10-17 14:00:00+00:00,6112.75,6109.25,6119.75,2017-10-17 14:24:00+00:00,6109.25,stop,-7.0,0.0,-7.0,7.0,-1.0
-1,1,2017-10-17 14:29:00+00:00,2017-10-17 14:30:00+00:00,6106.5,6115.5,6088.5,2017-10-17 14:54:00+00:00,6115.5,stop,-18.0,0.0,-18.0,18.0,-1.0
1,1,2017-10-17 14:59:00+00:00,2017-10-17 15:00:00+00:00,6114.5,6105.75,6132.0,2017-10-17 19:55:00+00:00,6123.5,tiempo,18.0,0.0,18.0,17.5,1.0285714285714285
1,1,2017-10-18 14:44:00+00:00,2017-10-18 14:45:00+00:00,6122.25,6117.25,6132.25,2017-10-18 15:17:00+00:00,6117.25,stop,-10.0,0.0,-10.0,10.0,-1.0
-1,1,2017-10-18 15:29:00+00:00,2017-10-18 15:30:00+00:00,6118.0,6121.25,6111.5,2017-10-18 16:05:00+00:00,6121.25,stop,-6.5,0.0,-6.5,6.5,-1.0
1,1,2017-10-18 16:14:00+00:00,2017-10-18 16:15:00+00:00,6121.0,6115.0,6133.0,2017-10-18 19:50:00+00:00,6115.0,stop,-12.0,0.0,-12.0,12.0,-1.0
1,1,2017-10-19 14:29:00+00:00,2017-10-19 14:30:00+00:00,6071.0,6064.0,6085.0,2017-10-19 14:38:00+00:00,6064.0,stop,-14.0,0.0,-14.0,14.0,-1.0
-1,1,2017-10-20 13:59:00+00:00,2017-10-20 14:00:00+00:00,6115.75,6120.0,6107.25,2017-10-20 14:01:00+00:00,6120.0,stop,-8.5,0.0,-8.5,8.5,-1.0
1,1,2017-10-20 14:14:00+00:00,2017-10-20 14:15:00+00:00,6121.75,6115.5,6134.25,2017-10-20 14:26:00+00:00,6115.5,stop,-12.5,0.0,-12.5,12.5,-1.0
-1,1,2017-10-20 14:29:00+00:00,2017-10-20 14:30:00+00:00,6115.25,6123.25,6099.25,2017-10-20 19:55:00+00:00,6103.25,tiempo,24.0,0.0,24.0,16.0,1.5
1,1,2017-10-23 16:29:00+00:00,2017-10-23 16:30:00+00:00,6102.0,6096.0,6114.0,2017-10-23 17:33:00+00:00,6096.0,stop,-12.0,0.0,-12.0,12.0,-1.0
-1,1,2017-10-23 17:44:00+00:00,2017-10-23 17:45:00+00:00,6093.75,6100.25,6080.75,2017-10-23 19:08:00+00:00,6080.75,objetivo,26.0,0.0,26.0,13.0,2.0
1,1,2017-10-24 14:14:00+00:00,2017-10-24 14:15:00+00:00,6073.75,6060.75,6099.75,2017-10-24 19:55:00+00:00,6078.75,tiempo,10.0,0.0,10.0,26.0,0.38461538461538464
-1,1,2017-10-25 13:59:00+00:00,2017-10-25 14:00:00+00:00,6067.0,6084.5,6032.0,2017-10-25 15:09:00+00:00,6032.0,objetivo,70.0,0.0,70.0,35.0,2.0
1,1,2017-10-25 17:59:00+00:00,2017-10-25 18:00:00+00:00,6046.5,6044.5,6050.5,2017-10-25 18:02:00+00:00,6050.5,objetivo,8.0,0.0,8.0,4.0,2.0
-1,1,2017-10-25 18:44:00+00:00,2017-10-25 18:45:00+00:00,6045.0,6053.75,6027.5,2017-10-25 19:06:00+00:00,6053.75,stop,-17.5,0.0,-17.5,17.5,-1.0
-1,1,2017-10-26 13:59:00+00:00,2017-10-26 14:00:00+00:00,6052.0,6061.5,6033.0,2017-10-26 14:37:00+00:00,6061.5,stop,-19.0,0.0,-19.0,19.0,-1.0
1,1,2017-10-26 14:44:00+00:00,2017-10-26 14:45:00+00:00,6060.25,6046.0,6088.75,2017-10-26 15:30:00+00:00,6046.0,stop,-28.5,0.0,-28.5,28.5,-1.0
1,1,2017-10-26 15:59:00+00:00,2017-10-26 16:00:00+00:00,6052.5,6046.5,6064.5,2017-10-26 16:33:00+00:00,6046.5,stop,-12.0,0.0,-12.0,12.0,-1.0
1,1,2017-10-26 18:14:00+00:00,2017-10-26 18:15:00+00:00,6053.5,6047.75,6065.0,2017-10-26 18:49:00+00:00,6047.75,stop,-11.5,0.0,-11.5,11.5,-1.0
-1,1,2017-10-30 15:29:00+00:00,2017-10-30 15:30:00+00:00,6225.0,6236.0,6203.0,2017-10-30 16:20:00+00:00,6203.0,objetivo,44.0,0.0,44.0,22.0,2.0
-1,1,2017-10-31 13:59:00+00:00,2017-10-31 14:00:00+00:00,6233.75,6247.0,6207.25,2017-10-31 15:06:00+00:00,6247.0,stop,-26.5,0.0,-26.5,26.5,-1.0
1,1,2017-11-02 13:59:00+00:00,2017-11-02 14:00:00+00:00,6235.5,6227.25,6252.0,2017-11-02 14:03:00+00:00,6227.25,stop,-16.5,0.0,-16.5,16.5,-1.0
-1,1,2017-11-02 14:14:00+00:00,2017-11-02 14:15:00+00:00,6212.5,6236.5,6164.5,2017-11-02 18:39:00+00:00,6236.5,stop,-48.0,0.0,-48.0,48.0,-1.0
1,1,2017-11-03 14:44:00+00:00,2017-11-03 14:45:00+00:00,6250.5,6242.75,6266.0,2017-11-03 14:53:00+00:00,6242.75,stop,-15.5,0.0,-15.5,15.5,-1.0
-1,1,2017-11-06 15:14:00+00:00,2017-11-06 15:15:00+00:00,6302.5,6310.0,6287.5,2017-11-06 15:24:00+00:00,6310.0,stop,-15.0,0.0,-15.0,15.0,-1.0
1,1,2017-11-06 15:29:00+00:00,2017-11-06 15:30:00+00:00,6310.25,6301.5,6327.75,2017-11-06 16:14:00+00:00,6301.5,stop,-17.5,0.0,-17.5,17.5,-1.0
-1,1,2017-11-06 16:14:00+00:00,2017-11-06 16:15:00+00:00,6300.5,6309.75,6282.0,2017-11-06 18:10:00+00:00,6309.75,stop,-18.5,0.0,-18.5,18.5,-1.0
-1,1,2017-11-07 14:59:00+00:00,2017-11-07 15:00:00+00:00,6319.5,6326.75,6305.0,2017-11-07 15:34:00+00:00,6305.0,objetivo,29.0,0.0,29.0,14.5,2.0
1,1,2017-11-07 16:14:00+00:00,2017-11-07 16:15:00+00:00,6314.0,6307.0,6328.0,2017-11-07 16:25:00+00:00,6307.0,stop,-14.0,0.0,-14.0,14.0,-1.0
-1,1,2017-11-07 16:29:00+00:00,2017-11-07 16:30:00+00:00,6307.5,6315.25,6292.0,2017-11-07 16:47:00+00:00,6315.25,stop,-15.5,0.0,-15.5,15.5,-1.0
1,1,2017-11-07 17:44:00+00:00,2017-11-07 17:45:00+00:00,6312.5,6306.0,6325.5,2017-11-07 20:27:00+00:00,6306.0,stop,-13.0,0.0,-13.0,13.0,-1.0
-1,1,2017-11-08 14:59:00+00:00,2017-11-08 15:00:00+00:00,6311.5,6317.75,6299.0,2017-11-08 15:05:00+00:00,6317.75,stop,-12.5,0.0,-12.5,12.5,-1.0
1,1,2017-11-08 15:14:00+00:00,2017-11-08 15:15:00+00:00,6321.0,6311.5,6340.0,2017-11-08 19:15:00+00:00,6340.0,objetivo,38.0,0.0,38.0,19.0,2.0
1,1,2017-11-09 15:14:00+00:00,2017-11-09 15:15:00+00:00,6302.0,6285.5,6335.0,2017-11-09 16:45:00+00:00,6285.5,stop,-33.0,0.0,-33.0,33.0,-1.0
1,1,2017-11-09 19:14:00+00:00,2017-11-09 19:15:00+00:00,6291.25,6280.75,6312.25,2017-11-09 20:55:00+00:00,6310.0,tiempo,37.5,0.0,37.5,21.0,1.7857142857142858
-1,1,2017-11-10 14:59:00+00:00,2017-11-10 15:00:00+00:00,6297.5,6302.5,6287.5,2017-11-10 15:03:00+00:00,6287.5,objetivo,20.0,0.0,20.0,10.0,2.0
1,1,2017-11-10 15:59:00+00:00,2017-11-10 16:00:00+00:00,6297.25,6288.75,6314.25,2017-11-10 16:27:00+00:00,6288.75,stop,-17.0,0.0,-17.0,17.0,-1.0
-1,1,2017-11-10 16:29:00+00:00,2017-11-10 16:30:00+00:00,6292.75,6299.75,6278.75,2017-11-10 16:48:00+00:00,6299.75,stop,-14.0,0.0,-14.0,14.0,-1.0
1,1,2017-11-14 15:44:00+00:00,2017-11-14 15:45:00+00:00,6294.75,6275.25,6333.75,2017-11-14 17:53:00+00:00,6275.25,stop,-39.0,0.0,-39.0,39.0,-1.0
-1,1,2017-11-14 17:59:00+00:00,2017-11-14 18:00:00+00:00,6275.5,6293.5,6239.5,2017-11-14 20:02:00+00:00,6293.5,stop,-36.0,0.0,-36.0,36.0,-1.0
1,1,2017-11-15 15:14:00+00:00,2017-11-15 15:15:00+00:00,6252.5,6237.75,6282.0,2017-11-15 20:55:00+00:00,6253.5,tiempo,2.0,0.0,2.0,29.5,0.06779661016949153
1,1,2017-11-17 15:59:00+00:00,2017-11-17 16:00:00+00:00,6340.0,6336.25,6347.5,2017-11-17 16:06:00+00:00,6336.25,stop,-7.5,0.0,-7.5,7.5,-1.0
-1,1,2017-11-17 16:14:00+00:00,2017-11-17 16:15:00+00:00,6331.5,6342.25,6310.0,2017-11-17 20:55:00+00:00,6320.75,tiempo,21.5,0.0,21.5,21.5,1.0
-1,1,2017-11-20 15:14:00+00:00,2017-11-20 15:15:00+00:00,6318.5,6327.25,6301.0,2017-11-20 20:55:00+00:00,6311.75,tiempo,13.5,0.0,13.5,17.5,0.7714285714285715
1,1,2017-11-22 15:14:00+00:00,2017-11-22 15:15:00+00:00,6382.0,6377.0,6392.0,2017-11-22 15:21:00+00:00,6377.0,stop,-10.0,0.0,-10.0,10.0,-1.0
-1,1,2017-11-22 15:29:00+00:00,2017-11-22 15:30:00+00:00,6381.25,6383.25,6377.25,2017-11-22 15:39:00+00:00,6383.25,stop,-4.0,0.0,-4.0,4.0,-1.0
1,1,2017-11-22 15:44:00+00:00,2017-11-22 15:45:00+00:00,6387.0,6378.75,6403.5,2017-11-22 16:29:00+00:00,6378.75,stop,-16.5,0.0,-16.5,16.5,-1.0
-1,1,2017-11-22 16:29:00+00:00,2017-11-22 16:30:00+00:00,6381.0,6387.0,6369.0,2017-11-22 17:57:00+00:00,6387.0,stop,-12.0,0.0,-12.0,12.0,-1.0
-1,1,2017-11-23 14:59:00+00:00,2017-11-23 15:00:00+00:00,6389.0,6390.0,6387.0,2017-11-23 15:02:00+00:00,6387.0,objetivo,4.0,0.0,4.0,2.0,2.0
-1,1,2017-11-24 15:14:00+00:00,2017-11-24 15:15:00+00:00,6395.75,6400.25,6386.75,2017-11-24 15:18:00+00:00,6400.25,stop,-9.0,0.0,-9.0,9.0,-1.0
1,1,2017-11-24 15:29:00+00:00,2017-11-24 15:30:00+00:00,6400.0,6395.75,6408.5,2017-11-24 16:00:00+00:00,6408.5,objetivo,17.0,0.0,17.0,8.5,2.0
-1,1,2017-11-27 16:14:00+00:00,2017-11-27 16:15:00+00:00,6411.25,6420.25,6393.25,2017-11-27 20:55:00+00:00,6410.5,tiempo,1.5,0.0,1.5,18.0,0.08333333333333333
-1,1,2017-11-28 14:59:00+00:00,2017-11-28 15:00:00+00:00,6413.25,6424.5,6390.75,2017-11-28 17:19:00+00:00,6424.5,stop,-22.5,0.0,-22.5,22.5,-1.0
-1,1,2017-11-28 18:29:00+00:00,2017-11-28 18:30:00+00:00,6417.5,6424.5,6403.5,2017-11-28 18:54:00+00:00,6403.5,objetivo,28.0,0.0,28.0,14.0,2.0
1,1,2017-11-28 19:44:00+00:00,2017-11-28 19:45:00+00:00,6424.75,6411.75,6450.75,2017-11-28 20:55:00+00:00,6422.25,tiempo,-5.0,0.0,-5.0,26.0,-0.19230769230769232
-1,1,2017-11-30 14:59:00+00:00,2017-11-30 15:00:00+00:00,6334.5,6348.0,6307.5,2017-11-30 15:20:00+00:00,6348.0,stop,-27.0,0.0,-27.0,27.0,-1.0
1,1,2017-12-01 15:14:00+00:00,2017-12-01 15:15:00+00:00,6353.75,6335.75,6389.75,2017-12-01 16:09:00+00:00,6335.75,stop,-36.0,0.0,-36.0,36.0,-1.0
-1,1,2017-12-01 16:14:00+00:00,2017-12-01 16:15:00+00:00,6324.75,6363.75,6246.75,2017-12-01 16:33:00+00:00,6246.75,objetivo,156.0,0.0,156.0,78.0,2.0
1,1,2017-12-01 17:59:00+00:00,2017-12-01 18:00:00+00:00,6323.25,6306.0,6357.75,2017-12-01 20:55:00+00:00,6342.25,tiempo,38.0,0.0,38.0,34.5,1.1014492753623188
-1,1,2017-12-04 14:59:00+00:00,2017-12-04 15:00:00+00:00,6353.25,6377.75,6304.25,2017-12-04 15:46:00+00:00,6304.25,objetivo,98.0,0.0,98.0,49.0,2.0
1,1,2017-12-04 18:14:00+00:00,2017-12-04 18:15:00+00:00,6327.0,6317.5,6346.0,2017-12-04 18:50:00+00:00,6317.5,stop,-19.0,0.0,-19.0,19.0,-1.0
-1,1,2017-12-04 19:14:00+00:00,2017-12-04 19:15:00+00:00,6312.5,6327.0,6283.5,2017-12-04 20:00:00+00:00,6283.5,objetivo,58.0,0.0,58.0,29.0,2.0
-1,1,2017-12-05 17:59:00+00:00,2017-12-05 18:00:00+00:00,6300.0,6319.25,6261.5,2017-12-05 20:55:00+00:00,6267.25,tiempo,65.5,0.0,65.5,38.5,1.7012987012987013
-1,1,2017-12-06 15:44:00+00:00,2017-12-06 15:45:00+00:00,6271.0,6285.25,6242.5,2017-12-06 15:56:00+00:00,6285.25,stop,-28.5,0.0,-28.5,28.5,-1.0
1,1,2017-12-06 15:59:00+00:00,2017-12-06 16:00:00+00:00,6288.25,6269.25,6326.25,2017-12-06 20:55:00+00:00,6294.0,tiempo,11.5,0.0,11.5,38.0,0.3026315789473684
1,1,2017-12-07 14:59:00+00:00,2017-12-07 15:00:00+00:00,6306.5,6300.75,6318.0,2017-12-07 15:01:00+00:00,6300.75,stop,-11.5,0.0,-11.5,11.5,-1.0
-1,1,2017-12-07 15:14:00+00:00,2017-12-07 15:15:00+00:00,6299.75,6307.0,6285.25,2017-12-07 15:21:00+00:00,6307.0,stop,-14.5,0.0,-14.5,14.5,-1.0
1,1,2017-12-07 15:29:00+00:00,2017-12-07 15:30:00+00:00,6313.75,6294.25,6352.75,2017-12-07 20:55:00+00:00,6319.0,tiempo,10.5,0.0,10.5,39.0,0.2692307692307692
-1,1,2017-12-08 14:59:00+00:00,2017-12-08 15:00:00+00:00,6368.75,6375.25,6355.75,2017-12-08 16:28:00+00:00,6355.75,objetivo,26.0,0.0,26.0,13.0,2.0
-1,1,2017-12-12 15:44:00+00:00,2017-12-12 15:45:00+00:00,6402.75,6408.0,6392.25,2017-12-12 15:51:00+00:00,6408.0,stop,-10.5,0.0,-10.5,10.5,-1.0
1,1,2017-12-12 15:59:00+00:00,2017-12-12 16:00:00+00:00,6410.0,6402.5,6425.0,2017-12-12 18:49:00+00:00,6402.5,stop,-15.0,0.0,-15.0,15.0,-1.0
1,1,2017-12-12 19:44:00+00:00,2017-12-12 19:45:00+00:00,6408.5,6407.0,6411.5,2017-12-12 19:45:00+00:00,6407.0,stop,-3.0,0.0,-3.0,3.0,-1.0
1,1,2017-12-13 15:59:00+00:00,2017-12-13 16:00:00+00:00,6432.25,6424.0,6448.75,2017-12-13 16:42:00+00:00,6424.0,stop,-16.5,0.0,-16.5,16.5,-1.0
1,1,2017-12-13 19:29:00+00:00,2017-12-13 19:30:00+00:00,6425.0,6415.5,6444.0,2017-12-13 20:50:00+00:00,6415.5,stop,-19.0,0.0,-19.0,19.0,-1.0
-1,1,2017-12-14 16:14:00+00:00,2017-12-14 16:15:00+00:00,6428.25,6442.0,6400.75,2017-12-14 20:55:00+00:00,6413.0,tiempo,30.5,0.0,30.5,27.5,1.1090909090909091
1,1,2017-12-15 15:14:00+00:00,2017-12-15 15:15:00+00:00,6433.0,6426.5,6446.0,2017-12-15 15:56:00+00:00,6446.0,objetivo,26.0,0.0,26.0,13.0,2.0
-1,1,2017-12-18 15:59:00+00:00,2017-12-18 16:00:00+00:00,6526.0,6531.0,6516.0,2017-12-18 16:48:00+00:00,6531.0,stop,-10.0,0.0,-10.0,10.0,-1.0
1,1,2017-12-20 17:14:00+00:00,2017-12-20 17:15:00+00:00,6488.75,6481.0,6504.25,2017-12-20 20:55:00+00:00,6491.0,tiempo,4.5,0.0,4.5,15.5,0.2903225806451613
1,1,2017-12-21 15:44:00+00:00,2017-12-21 15:45:00+00:00,6497.25,6489.25,6513.25,2017-12-21 16:39:00+00:00,6513.25,objetivo,32.0,0.0,32.0,16.0,2.0
1,1,2017-12-22 14:59:00+00:00,2017-12-22 15:00:00+00:00,6486.0,6473.5,6511.0,2017-12-22 20:55:00+00:00,6486.5,tiempo,1.0,0.0,1.0,25.0,0.04
1,1,2017-12-26 15:14:00+00:00,2017-12-26 15:15:00+00:00,6447.25,6441.0,6459.75,2017-12-26 17:37:00+00:00,6459.75,objetivo,25.0,0.0,25.0,12.5,2.0
1,1,2017-12-28 16:14:00+00:00,2017-12-28 16:15:00+00:00,6455.0,6447.25,6470.5,2017-12-28 18:35:00+00:00,6447.25,stop,-15.5,0.0,-15.5,15.5,-1.0
1,1,2018-01-04 15:14:00+00:00,2018-01-04 15:15:00+00:00,6603.25,6592.25,6625.25,2018-01-04 16:18:00+00:00,6592.25,stop,-22.0,0.0,-22.0,22.0,-1.0
1,1,2018-01-04 17:14:00+00:00,2018-01-04 17:15:00+00:00,6605.25,6595.0,6625.75,2018-01-04 17:27:00+00:00,6595.0,stop,-20.5,0.0,-20.5,20.5,-1.0
-1,1,2018-01-04 17:29:00+00:00,2018-01-04 17:30:00+00:00,6596.0,6605.5,6577.0,2018-01-04 20:55:00+00:00,6598.5,tiempo,-5.0,0.0,-5.0,19.0,-0.2631578947368421
1,1,2018-01-05 14:59:00+00:00,2018-01-05 15:00:00+00:00,6624.5,6617.5,6638.5,2018-01-05 15:55:00+00:00,6638.5,objetivo,28.0,0.0,28.0,14.0,2.0
1,1,2018-01-09 15:29:00+00:00,2018-01-09 15:30:00+00:00,6685.5,6679.5,6697.5,2018-01-09 15:38:00+00:00,6679.5,stop,-12.0,0.0,-12.0,12.0,-1.0
-1,1,2018-01-09 15:44:00+00:00,2018-01-09 15:45:00+00:00,6679.0,6687.5,6662.0,2018-01-09 16:01:00+00:00,6687.5,stop,-17.0,0.0,-17.0,17.0,-1.0
1,1,2018-01-10 15:59:00+00:00,2018-01-10 16:00:00+00:00,6650.5,6637.25,6677.0,2018-01-10 20:55:00+00:00,6672.25,tiempo,43.5,0.0,43.5,26.5,1.6415094339622642
-1,1,2018-01-11 15:29:00+00:00,2018-01-11 15:30:00+00:00,6682.5,6689.0,6669.5,2018-01-11 16:01:00+00:00,6689.0,stop,-13.0,0.0,-13.0,13.0,-1.0
1,1,2018-01-15 15:14:00+00:00,2018-01-15 15:15:00+00:00,6782.5,6776.75,6794.0,2018-01-15 17:06:00+00:00,6776.75,stop,-11.5,0.0,-11.5,11.5,-1.0
-1,1,2018-01-16 15:29:00+00:00,2018-01-16 15:30:00+00:00,6830.5,6842.0,6807.5,2018-01-16 15:37:00+00:00,6807.5,objetivo,46.0,0.0,46.0,23.0,2.0
1,1,2018-01-17 15:14:00+00:00,2018-01-17 15:15:00+00:00,6772.75,6760.0,6798.25,2018-01-17 15:27:00+00:00,6760.0,stop,-25.5,0.0,-25.5,25.5,-1.0
-1,1,2018-01-17 15:29:00+00:00,2018-01-17 15:30:00+00:00,6760.75,6778.25,6725.75,2018-01-17 16:09:00+00:00,6778.25,stop,-35.0,0.0,-35.0,35.0,-1.0
1,1,2018-01-18 14:59:00+00:00,2018-01-18 15:00:00+00:00,6819.25,6811.5,6834.75,2018-01-18 15:01:00+00:00,6811.5,stop,-15.5,0.0,-15.5,15.5,-1.0
-1,1,2018-01-18 15:14:00+00:00,2018-01-18 15:15:00+00:00,6797.5,6820.25,6752.0,2018-01-18 15:45:00+00:00,6820.25,stop,-45.5,0.0,-45.5,45.5,-1.0
-1,1,2018-01-18 15:59:00+00:00,2018-01-18 16:00:00+00:00,6811.5,6823.0,6788.5,2018-01-18 16:18:00+00:00,6823.0,stop,-23.0,0.0,-23.0,23.0,-1.0
-1,1,2018-01-18 16:44:00+00:00,2018-01-18 16:45:00+00:00,6811.25,6822.75,6788.25,2018-01-18 17:13:00+00:00,6822.75,stop,-23.0,0.0,-23.0,23.0,-1.0
-1,1,2018-01-19 14:59:00+00:00,2018-01-19 15:00:00+00:00,6833.0,6852.25,6794.5,2018-01-19 20:55:00+00:00,6842.5,tiempo,-19.0,0.0,-19.0,38.5,-0.4935064935064935
-1,1,2018-01-23 14:59:00+00:00,2018-01-23 15:00:00+00:00,6947.0,6964.0,6913.0,2018-01-23 15:13:00+00:00,6964.0,stop,-34.0,0.0,-34.0,34.0,-1.0
1,1,2018-01-23 15:14:00+00:00,2018-01-23 15:15:00+00:00,6962.75,6943.0,7002.25,2018-01-23 20:55:00+00:00,6974.0,tiempo,22.5,0.0,22.5,39.5,0.569620253164557
-1,1,2018-01-24 15:59:00+00:00,2018-01-24 16:00:00+00:00,6983.5,6997.0,6956.5,2018-01-24 16:13:00+00:00,6956.5,objetivo,54.0,0.0,54.0,27.0,2.0
1,1,2018-01-25 16:14:00+00:00,2018-01-25 16:15:00+00:00,6947.0,6937.5,6966.0,2018-01-25 17:02:00+00:00,6966.0,objetivo,38.0,0.0,38.0,19.0,2.0
-1,1,2018-01-25 17:59:00+00:00,2018-01-25 18:00:00+00:00,6944.25,6955.75,6921.25,2018-01-25 18:54:00+00:00,6955.75,stop,-23.0,0.0,-23.0,23.0,-1.0
-1,1,2018-01-25 19:14:00+00:00,2018-01-25 19:15:00+00:00,6936.25,6953.5,6901.75,2018-01-25 20:55:00+00:00,6920.25,tiempo,32.0,0.0,32.0,34.5,0.927536231884058
1,1,2018-01-26 14:59:00+00:00,2018-01-26 15:00:00+00:00,6964.75,6950.0,6994.25,2018-01-26 18:48:00+00:00,6994.25,objetivo,59.0,0.0,59.0,29.5,2.0
-1,1,2018-01-29 15:14:00+00:00,2018-01-29 15:15:00+00:00,7005.5,7016.5,6983.5,2018-01-29 15:43:00+00:00,6983.5,objetivo,44.0,0.0,44.0,22.0,2.0
-1,1,2018-01-29 15:44:00+00:00,2018-01-29 15:45:00+00:00,6986.25,7011.25,6936.25,2018-01-29 16:44:00+00:00,7011.25,stop,-50.0,0.0,-50.0,50.0,-1.0
1,1,2018-01-29 16:44:00+00:00,2018-01-29 16:45:00+00:00,7011.0,6998.5,7036.0,2018-01-29 20:28:00+00:00,6998.5,stop,-25.0,0.0,-25.0,25.0,-1.0
-1,1,2018-01-30 14:59:00+00:00,2018-01-30 15:00:00+00:00,6919.25,6942.25,6873.25,2018-01-30 15:30:00+00:00,6942.25,stop,-46.0,0.0,-46.0,46.0,-1.0
-1,1,2018-01-30 17:44:00+00:00,2018-01-30 17:45:00+00:00,6930.25,6943.5,6903.75,2018-01-30 18:53:00+00:00,6943.5,stop,-26.5,0.0,-26.5,26.5,-1.0
-1,1,2018-01-30 19:44:00+00:00,2018-01-30 19:45:00+00:00,6932.25,6946.0,6904.75,2018-01-30 20:15:00+00:00,6946.0,stop,-27.5,0.0,-27.5,27.5,-1.0
-1,1,2018-01-31 14:59:00+00:00,2018-01-31 15:00:00+00:00,6980.5,6990.5,6960.5,2018-01-31 16:09:00+00:00,6960.5,objetivo,40.0,0.0,40.0,20.0,2.0
1,1,2018-01-31 18:29:00+00:00,2018-01-31 18:30:00+00:00,6974.75,6962.75,6998.75,2018-01-31 18:59:00+00:00,6962.75,stop,-24.0,0.0,-24.0,24.0,-1.0
1,1,2018-02-01 14:59:00+00:00,2018-02-01 15:00:00+00:00,6949.25,6922.5,7002.75,2018-02-01 19:21:00+00:00,6922.5,stop,-53.5,0.0,-53.5,53.5,-1.0
1,1,2018-02-02 15:44:00+00:00,2018-02-02 15:45:00+00:00,6859.25,6836.75,6904.25,2018-02-02 16:34:00+00:00,6836.75,stop,-45.0,0.0,-45.0,45.0,-1.0
1,1,2018-02-02 17:29:00+00:00,2018-02-02 17:30:00+00:00,6857.75,6831.75,6909.75,2018-02-02 18:20:00+00:00,6831.75,stop,-52.0,0.0,-52.0,52.0,-1.0
1,1,2018-02-05 14:59:00+00:00,2018-02-05 15:00:00+00:00,6746.25,6705.25,6828.25,2018-02-05 18:12:00+00:00,6705.25,stop,-82.0,0.0,-82.0,82.0,-1.0
-1,1,2018-02-06 15:29:00+00:00,2018-02-06 15:30:00+00:00,6476.75,6535.5,6359.25,2018-02-06 17:09:00+00:00,6535.5,stop,-117.5,0.0,-117.5,117.5,-1.0
1,1,2018-02-06 17:14:00+00:00,2018-02-06 17:15:00+00:00,6537.25,6498.25,6615.25,2018-02-06 19:09:00+00:00,6498.25,stop,-78.0,0.0,-78.0,78.0,-1.0
1,1,2018-02-06 19:14:00+00:00,2018-02-06 19:15:00+00:00,6523.0,6493.25,6582.5,2018-02-06 19:19:00+00:00,6493.25,stop,-59.5,0.0,-59.5,59.5,-1.0
-1,1,2018-02-06 19:29:00+00:00,2018-02-06 19:30:00+00:00,6501.0,6523.0,6457.0,2018-02-06 19:35:00+00:00,6523.0,stop,-44.0,0.0,-44.0,44.0,-1.0
1,1,2018-02-06 19:44:00+00:00,2018-02-06 19:45:00+00:00,6547.75,6491.5,6660.25,2018-02-06 20:36:00+00:00,6660.25,objetivo,225.0,0.0,225.0,112.5,2.0
1,1,2018-02-07 14:59:00+00:00,2018-02-07 15:00:00+00:00,6661.25,6623.75,6736.25,2018-02-07 18:03:00+00:00,6623.75,stop,-75.0,0.0,-75.0,75.0,-1.0
-1,1,2018-02-09 15:14:00+00:00,2018-02-09 15:15:00+00:00,6360.75,6419.25,6243.75,2018-02-09 17:09:00+00:00,6243.75,objetivo,234.0,0.0,234.0,117.0,2.0
1,1,2018-02-09 19:14:00+00:00,2018-02-09 19:15:00+00:00,6322.25,6244.75,6477.25,2018-02-09 20:55:00+00:00,6431.5,tiempo,218.5,0.0,218.5,155.0,1.4096774193548387
-1,1,2018-02-12 14:59:00+00:00,2018-02-12 15:00:00+00:00,6476.5,6516.75,6396.0,2018-02-12 16:56:00+00:00,6516.75,stop,-80.5,0.0,-80.5,80.5,-1.0
1,1,2018-02-13 14:59:00+00:00,2018-02-13 15:00:00+00:00,6500.75,6489.25,6523.75,2018-02-13 15:20:00+00:00,6523.75,objetivo,46.0,0.0,46.0,23.0,2.0
-1,1,2018-02-13 16:44:00+00:00,2018-02-13 16:45:00+00:00,6510.75,6524.5,6483.25,2018-02-13 16:51:00+00:00,6524.5,stop,-27.5,0.0,-27.5,27.5,-1.0
1,1,2018-02-13 16:59:00+00:00,2018-02-13 17:00:00+00:00,6523.75,6509.5,6552.25,2018-02-13 17:31:00+00:00,6509.5,stop,-28.5,0.0,-28.5,28.5,-1.0
-1,1,2018-02-13 17:59:00+00:00,2018-02-13 18:00:00+00:00,6510.0,6521.25,6487.5,2018-02-13 18:13:00+00:00,6521.25,stop,-22.5,0.0,-22.5,22.5,-1.0
1,1,2018-02-13 18:14:00+00:00,2018-02-13 18:15:00+00:00,6527.0,6509.5,6562.0,2018-02-13 19:10:00+00:00,6562.0,objetivo,70.0,0.0,70.0,35.0,2.0
-1,1,2018-02-14 14:59:00+00:00,2018-02-14 15:00:00+00:00,6546.0,6575.25,6487.5,2018-02-14 15:09:00+00:00,6575.25,stop,-58.5,0.0,-58.5,58.5,-1.0
1,1,2018-02-14 15:14:00+00:00,2018-02-14 15:15:00+00:00,6584.5,6542.25,6669.0,2018-02-14 19:03:00+00:00,6669.0,objetivo,169.0,0.0,169.0,84.5,2.0
-1,1,2018-02-15 15:14:00+00:00,2018-02-15 15:15:00+00:00,6733.5,6754.0,6692.5,2018-02-15 15:58:00+00:00,6692.5,objetivo,82.0,0.0,82.0,41.0,2.0
1,1,2018-02-15 16:29:00+00:00,2018-02-15 16:30:00+00:00,6734.75,6708.25,6787.75,2018-02-15 19:34:00+00:00,6787.75,objetivo,106.0,0.0,106.0,53.0,2.0
1,1,2018-02-16 15:29:00+00:00,2018-02-16 15:30:00+00:00,6822.75,6799.25,6869.75,2018-02-16 18:18:00+00:00,6799.25,stop,-47.0,0.0,-47.0,47.0,-1.0
1,1,2018-02-19 14:59:00+00:00,2018-02-19 15:00:00+00:00,6791.25,6783.5,6806.75,2018-02-19 15:04:00+00:00,6783.5,stop,-15.5,0.0,-15.5,15.5,-1.0
-1,1,2018-02-19 15:14:00+00:00,2018-02-19 15:15:00+00:00,6774.25,6792.5,6737.75,2018-02-19 17:59:00+00:00,6779.75,fin_de_datos,-11.0,0.0,-11.0,36.5,-0.3013698630136986
-1,1,2018-02-20 19:59:00+00:00,2018-02-20 20:00:00+00:00,6790.25,6824.75,6721.25,2018-02-20 20:55:00+00:00,6791.5,tiempo,-2.5,0.0,-2.5,69.0,-0.036231884057971016
1,1,2018-02-21 14:59:00+00:00,2018-02-21 15:00:00+00:00,6823.0,6812.5,6844.0,2018-02-21 15:45:00+00:00,6844.0,objetivo,42.0,0.0,42.0,21.0,2.0
-1,1,2018-02-21 17:29:00+00:00,2018-02-21 17:30:00+00:00,6833.25,6843.25,6813.25,2018-02-21 18:02:00+00:00,6843.25,stop,-20.0,0.0,-20.0,20.0,-1.0
-1,1,2018-02-22 14:59:00+00:00,2018-02-22 15:00:00+00:00,6793.0,6813.0,6753.0,2018-02-22 15:26:00+00:00,6813.0,stop,-40.0,0.0,-40.0,40.0,-1.0
1,1,2018-02-22 15:29:00+00:00,2018-02-22 15:30:00+00:00,6814.0,6792.0,6858.0,2018-02-22 17:49:00+00:00,6792.0,stop,-44.0,0.0,-44.0,44.0,-1.0
-1,1,2018-02-23 14:59:00+00:00,2018-02-23 15:00:00+00:00,6813.75,6820.0,6801.25,2018-02-23 15:04:00+00:00,6820.0,stop,-12.5,0.0,-12.5,12.5,-1.0
1,1,2018-02-23 15:44:00+00:00,2018-02-23 15:45:00+00:00,6816.0,6791.25,6865.5,2018-02-23 19:45:00+00:00,6865.5,objetivo,99.0,0.0,99.0,49.5,2.0
-1,1,2018-02-26 15:14:00+00:00,2018-02-26 15:15:00+00:00,6953.75,6966.5,6928.25,2018-02-26 17:12:00+00:00,6966.5,stop,-25.5,0.0,-25.5,25.5,-1.0
-1,1,2018-02-27 14:59:00+00:00,2018-02-27 15:00:00+00:00,6971.5,6995.5,6923.5,2018-02-27 15:10:00+00:00,6995.5,stop,-48.0,0.0,-48.0,48.0,-1.0
1,1,2018-02-27 15:14:00+00:00,2018-02-27 15:15:00+00:00,7001.25,6969.75,7064.25,2018-02-27 15:50:00+00:00,6969.75,stop,-63.0,0.0,-63.0,63.0,-1.0
1,1,2018-02-28 14:59:00+00:00,2018-02-28 15:00:00+00:00,6958.0,6926.5,7021.0,2018-02-28 15:55:00+00:00,6926.5,stop,-63.0,0.0,-63.0,63.0,-1.0
1,1,2018-02-28 17:59:00+00:00,2018-02-28 18:00:00+00:00,6941.25,6925.5,6972.75,2018-02-28 19:51:00+00:00,6925.5,stop,-31.5,0.0,-31.5,31.5,-1.0
-1,1,2018-02-28 19:59:00+00:00,2018-02-28 20:00:00+00:00,6922.0,6939.5,6887.0,2018-02-28 20:45:00+00:00,6887.0,objetivo,70.0,0.0,70.0,35.0,2.0
1,1,2018-03-01 15:29:00+00:00,2018-03-01 15:30:00+00:00,6866.0,6825.0,6948.0,2018-03-01 17:20:00+00:00,6825.0,stop,-82.0,0.0,-82.0,82.0,-1.0
1,1,2018-03-02 14:59:00+00:00,2018-03-02 15:00:00+00:00,6685.5,6646.0,6764.5,2018-03-02 17:01:00+00:00,6764.5,objetivo,158.0,0.0,158.0,79.0,2.0
1,1,2018-03-05 15:29:00+00:00,2018-03-05 15:30:00+00:00,6778.75,6753.25,6829.75,2018-03-05 16:07:00+00:00,6829.75,objetivo,102.0,0.0,102.0,51.0,2.0
1,1,2018-03-06 14:59:00+00:00,2018-03-06 15:00:00+00:00,6929.0,6898.0,6991.0,2018-03-06 15:57:00+00:00,6898.0,stop,-62.0,0.0,-62.0,62.0,-1.0
-1,1,2018-03-06 15:59:00+00:00,2018-03-06 16:00:00+00:00,6892.5,6933.25,6811.0,2018-03-06 20:55:00+00:00,6908.75,tiempo,-32.5,0.0,-32.5,81.5,-0.3987730061349693
-1,1,2018-03-07 14:59:00+00:00,2018-03-07 15:00:00+00:00,6876.5,6895.75,6838.0,2018-03-07 15:21:00+00:00,6895.75,stop,-38.5,0.0,-38.5,38.5,-1.0
1,1,2018-03-07 15:29:00+00:00,2018-03-07 15:30:00+00:00,6897.25,6870.75,6950.25,2018-03-07 16:59:00+00:00,6870.75,stop,-53.0,0.0,-53.0,53.0,-1.0
-1,1,2018-03-07 16:59:00+00:00,2018-03-07 17:00:00+00:00,6869.0,6898.75,6809.5,2018-03-07 18:30:00+00:00,6898.75,stop,-59.5,0.0,-59.5,59.5,-1.0
1,1,2018-03-08 15:14:00+00:00,2018-03-08 15:15:00+00:00,6959.5,6943.75,6991.0,2018-03-08 15:37:00+00:00,6943.75,stop,-31.5,0.0,-31.5,31.5,-1.0
1,1,2018-03-08 16:14:00+00:00,2018-03-08 16:15:00+00:00,6967.75,6946.25,7010.75,2018-03-08 17:11:00+00:00,6946.25,stop,-43.0,0.0,-43.0,43.0,-1.0
-1,1,2018-03-08 17:14:00+00:00,2018-03-08 17:15:00+00:00,6945.25,6966.5,6902.75,2018-03-08 20:00:00+00:00,6966.5,stop,-42.5,0.0,-42.5,42.5,-1.0
1,1,2018-03-09 14:59:00+00:00,2018-03-09 15:00:00+00:00,7022.75,7008.75,7050.75,2018-03-09 15:38:00+00:00,7050.75,objetivo,56.0,0.0,56.0,28.0,2.0
-1,1,2018-03-13 13:59:00+00:00,2018-03-13 14:00:00+00:00,7198.0,7214.5,7165.0,2018-03-13 14:52:00+00:00,7165.0,objetivo,66.0,0.0,66.0,33.0,2.0
1,1,2018-03-14 14:44:00+00:00,2018-03-14 14:45:00+00:00,7092.0,7077.25,7121.5,2018-03-14 15:05:00+00:00,7077.25,stop,-29.5,0.0,-29.5,29.5,-1.0
-1,1,2018-03-14 15:14:00+00:00,2018-03-14 15:15:00+00:00,7073.0,7097.0,7025.0,2018-03-14 17:49:00+00:00,7097.0,stop,-48.0,0.0,-48.0,48.0,-1.0
-1,1,2018-03-14 18:44:00+00:00,2018-03-14 18:45:00+00:00,7055.75,7095.75,6975.75,2018-03-14 19:55:00+00:00,7067.0,tiempo,-22.5,0.0,-22.5,80.0,-0.28125
1,1,2018-03-15 13:59:00+00:00,2018-03-15 14:00:00+00:00,7055.75,7038.5,7090.25,2018-03-15 15:02:00+00:00,7090.25,objetivo,69.0,0.0,69.0,34.5,2.0
-1,1,2018-03-15 17:29:00+00:00,2018-03-15 17:30:00+00:00,7064.25,7072.5,7047.75,2018-03-15 17:53:00+00:00,7047.75,objetivo,33.0,0.0,33.0,16.5,2.0
-1,1,2018-03-16 14:14:00+00:00,2018-03-16 14:15:00+00:00,7073.75,7083.25,7054.75,2018-03-16 14:21:00+00:00,7083.25,stop,-19.0,0.0,-19.0,19.0,-1.0
1,1,2018-03-16 14:29:00+00:00,2018-03-16 14:30:00+00:00,7078.75,7072.75,7090.75,2018-03-16 14:40:00+00:00,7072.75,stop,-12.0,0.0,-12.0,12.0,-1.0
-1,1,2018-03-16 14:44:00+00:00,2018-03-16 14:45:00+00:00,7068.5,7083.5,7038.5,2018-03-16 15:58:00+00:00,7038.5,objetivo,60.0,0.0,60.0,30.0,2.0
1,1,2018-03-19 13:59:00+00:00,2018-03-19 14:00:00+00:00,6957.5,6946.0,6980.5,2018-03-19 14:08:00+00:00,6946.0,stop,-23.0,0.0,-23.0,23.0,-1.0
-1,1,2018-03-19 14:14:00+00:00,2018-03-19 14:15:00+00:00,6941.0,6961.75,6899.5,2018-03-19 15:04:00+00:00,6899.5,objetivo,83.0,0.0,83.0,41.5,2.0
-1,1,2018-03-20 13:59:00+00:00,2018-03-20 14:00:00+00:00,6896.75,6918.5,6853.25,2018-03-20 19:05:00+00:00,6918.5,stop,-43.5,0.0,-43.5,43.5,-1.0
-1,1,2018-03-21 14:59:00+00:00,2018-03-21 15:00:00+00:00,6897.0,6909.25,6872.5,2018-03-21 15:24:00+00:00,6909.25,stop,-24.5,0.0,-24.5,24.5,-1.0
-1,1,2018-03-21 18:29:00+00:00,2018-03-21 18:30:00+00:00,6908.0,6951.0,6822.0,2018-03-21 19:55:00+00:00,6876.25,tiempo,63.5,0.0,63.5,86.0,0.7383720930232558
-1,1,2018-03-22 14:44:00+00:00,2018-03-22 14:45:00+00:00,6780.0,6800.0,6740.0,2018-03-22 15:27:00+00:00,6740.0,objetivo,80.0,0.0,80.0,40.0,2.0
1,1,2018-03-22 16:29:00+00:00,2018-03-22 16:30:00+00:00,6773.0,6724.0,6871.0,2018-03-22 19:39:00+00:00,6724.0,stop,-98.0,0.0,-98.0,98.0,-1.0
1,1,2018-03-23 14:29:00+00:00,2018-03-23 14:30:00+00:00,6683.75,6661.5,6728.25,2018-03-23 15:39:00+00:00,6661.5,stop,-44.5,0.0,-44.5,44.5,-1.0
1,1,2018-03-23 17:59:00+00:00,2018-03-23 18:00:00+00:00,6687.75,6652.5,6758.25,2018-03-23 18:13:00+00:00,6652.5,stop,-70.5,0.0,-70.5,70.5,-1.0
-1,1,2018-03-23 18:14:00+00:00,2018-03-23 18:15:00+00:00,6650.5,6697.0,6557.5,2018-03-23 19:31:00+00:00,6557.5,objetivo,186.0,0.0,186.0,93.0,2.0
1,1,2018-03-26 16:14:00+00:00,2018-03-26 16:15:00+00:00,6632.5,6598.25,6701.0,2018-03-26 18:21:00+00:00,6701.0,objetivo,137.0,0.0,137.0,68.5,2.0
1,1,2018-03-27 13:59:00+00:00,2018-03-27 14:00:00+00:00,6801.5,6774.5,6855.5,2018-03-27 14:12:00+00:00,6774.5,stop,-54.0,0.0,-54.0,54.0,-1.0
-1,1,2018-03-27 14:14:00+00:00,2018-03-27 14:15:00+00:00,6771.75,6812.25,6690.75,2018-03-27 17:52:00+00:00,6690.75,objetivo,162.0,0.0,162.0,81.0,2.0
1,1,2018-03-28 13:59:00+00:00,2018-03-28 14:00:00+00:00,6526.0,6453.0,6672.0,2018-03-28 14:43:00+00:00,6453.0,stop,-146.0,0.0,-146.0,146.0,-1.0
1,1,2018-03-28 15:44:00+00:00,2018-03-28 15:45:00+00:00,6507.0,6432.0,6657.0,2018-03-28 19:55:00+00:00,6488.25,tiempo,-37.5,0.0,-37.5,150.0,-0.25
1,1,2018-03-29 14:14:00+00:00,2018-03-29 14:15:00+00:00,6486.5,6450.5,6558.5,2018-03-29 14:58:00+00:00,6558.5,objetivo,144.0,0.0,144.0,72.0,2.0
1,1,2018-04-03 14:59:00+00:00,2018-04-03 15:00:00+00:00,6438.25,6390.0,6534.75,2018-04-03 16:21:00+00:00,6390.0,stop,-96.5,0.0,-96.5,96.5,-1.0
1,1,2018-04-03 17:29:00+00:00,2018-04-03 17:30:00+00:00,6425.75,6395.25,6486.75,2018-04-03 18:17:00+00:00,6395.25,stop,-61.0,0.0,-61.0,61.0,-1.0
1,1,2018-04-03 18:59:00+00:00,2018-04-03 19:00:00+00:00,6447.25,6371.0,6599.75,2018-04-03 19:55:00+00:00,6461.25,tiempo,28.0,0.0,28.0,152.5,0.18360655737704917
-1,1,2018-04-04 14:44:00+00:00,2018-04-04 14:45:00+00:00,6378.25,6395.25,6344.25,2018-04-04 14:46:00+00:00,6395.25,stop,-34.0,0.0,-34.0,34.0,-1.0
1,1,2018-04-04 14:59:00+00:00,2018-04-04 15:00:00+00:00,6426.0,6375.5,6527.0,2018-04-04 18:32:00+00:00,6527.0,objetivo,202.0,0.0,202.0,101.0,2.0
1,1,2018-04-05 13:59:00+00:00,2018-04-05 14:00:00+00:00,6621.0,6592.0,6679.0,2018-04-05 14:26:00+00:00,6592.0,stop,-58.0,0.0,-58.0,58.0,-1.0
-1,1,2018-04-05 14:29:00+00:00,2018-04-05 14:30:00+00:00,6597.5,6619.25,6554.0,2018-04-05 15:04:00+00:00,6619.25,stop,-43.5,0.0,-43.5,43.5,-1.0
1,1,2018-04-05 15:14:00+00:00,2018-04-05 15:15:00+00:00,6627.75,6605.5,6672.25,2018-04-05 16:22:00+00:00,6605.5,stop,-44.5,0.0,-44.5,44.5,-1.0
-1,1,2018-04-05 16:29:00+00:00,2018-04-05 16:30:00+00:00,6610.25,6623.5,6583.75,2018-04-05 17:00:00+00:00,6623.5,stop,-26.5,0.0,-26.5,26.5,-1.0
-1,1,2018-04-05 17:14:00+00:00,2018-04-05 17:15:00+00:00,6613.5,6629.75,6581.0,2018-04-05 17:23:00+00:00,6581.0,objetivo,65.0,0.0,65.0,32.5,2.0
1,1,2018-04-05 18:59:00+00:00,2018-04-05 19:00:00+00:00,6617.25,6608.25,6635.25,2018-04-05 19:33:00+00:00,6608.25,stop,-18.0,0.0,-18.0,18.0,-1.0
-1,1,2018-04-06 14:29:00+00:00,2018-04-06 14:30:00+00:00,6567.5,6587.25,6528.0,2018-04-06 14:45:00+00:00,6528.0,objetivo,79.0,0.0,79.0,39.5,2.0
1,1,2018-04-06 15:59:00+00:00,2018-04-06 16:00:00+00:00,6556.25,6532.25,6604.25,2018-04-06 16:14:00+00:00,6532.25,stop,-48.0,0.0,-48.0,48.0,-1.0
-1,1,2018-04-06 16:14:00+00:00,2018-04-06 16:15:00+00:00,6533.5,6559.25,6482.0,2018-04-06 17:51:00+00:00,6482.0,objetivo,103.0,0.0,103.0,51.5,2.0
1,1,2018-04-09 13:59:00+00:00,2018-04-09 14:00:00+00:00,6537.5,6496.25,6620.0,2018-04-09 19:50:00+00:00,6496.25,stop,-82.5,0.0,-82.5,82.5,-1.0
1,1,2018-04-10 14:14:00+00:00,2018-04-10 14:15:00+00:00,6577.75,6555.0,6623.25,2018-04-10 16:26:00+00:00,6555.0,stop,-45.5,0.0,-45.5,45.5,-1.0
-1,1,2018-04-10 16:29:00+00:00,2018-04-10 16:30:00+00:00,6560.0,6587.25,6505.5,2018-04-10 16:49:00+00:00,6587.25,stop,-54.5,0.0,-54.5,54.5,-1.0
1,1,2018-04-10 17:14:00+00:00,2018-04-10 17:15:00+00:00,6591.25,6569.25,6635.25,2018-04-10 19:09:00+00:00,6635.25,objetivo,88.0,0.0,88.0,44.0,2.0
1,1,2018-04-11 13:59:00+00:00,2018-04-11 14:00:00+00:00,6616.75,6591.0,6668.25,2018-04-11 19:16:00+00:00,6591.0,stop,-51.5,0.0,-51.5,51.5,-1.0
-1,1,2018-04-12 16:14:00+00:00,2018-04-12 16:15:00+00:00,6666.5,6671.5,6656.5,2018-04-12 16:19:00+00:00,6671.5,stop,-10.0,0.0,-10.0,10.0,-1.0
1,1,2018-04-12 16:29:00+00:00,2018-04-12 16:30:00+00:00,6674.0,6659.25,6703.5,2018-04-12 17:16:00+00:00,6659.25,stop,-29.5,0.0,-29.5,29.5,-1.0
-1,1,2018-04-12 17:29:00+00:00,2018-04-12 17:30:00+00:00,6643.75,6676.0,6579.25,2018-04-12 18:21:00+00:00,6676.0,stop,-64.5,0.0,-64.5,64.5,-1.0
1,1,2018-04-12 18:29:00+00:00,2018-04-12 18:30:00+00:00,6672.5,6665.0,6687.5,2018-04-12 18:47:00+00:00,6665.0,stop,-15.0,0.0,-15.0,15.0,-1.0
1,1,2018-04-13 17:29:00+00:00,2018-04-13 17:30:00+00:00,6671.5,6659.0,6696.5,2018-04-13 18:16:00+00:00,6659.0,stop,-25.0,0.0,-25.0,25.0,-1.0
-1,1,2018-04-13 18:29:00+00:00,2018-04-13 18:30:00+00:00,6659.25,6669.25,6639.25,2018-04-13 18:33:00+00:00,6669.25,stop,-20.0,0.0,-20.0,20.0,-1.0
1,1,2018-04-16 14:29:00+00:00,2018-04-16 14:30:00+00:00,6680.25,6655.25,6730.25,2018-04-16 14:52:00+00:00,6655.25,stop,-50.0,0.0,-50.0,50.0,-1.0
-1,1,2018-04-16 14:59:00+00:00,2018-04-16 15:00:00+00:00,6663.5,6676.75,6637.0,2018-04-16 16:00:00+00:00,6676.75,stop,-26.5,0.0,-26.5,26.5,-1.0
1,1,2018-04-18 14:29:00+00:00,2018-04-18 14:30:00+00:00,6820.25,6797.5,6865.75,2018-04-18 18:51:00+00:00,6865.75,objetivo,91.0,0.0,91.0,45.5,2.0
1,1,2018-04-19 13:59:00+00:00,2018-04-19 14:00:00+00:00,6811.0,6787.5,6858.0,2018-04-19 14:55:00+00:00,6787.5,stop,-47.0,0.0,-47.0,47.0,-1.0
1,1,2018-04-20 14:29:00+00:00,2018-04-20 14:30:00+00:00,6736.5,6720.25,6769.0,2018-04-20 14:49:00+00:00,6720.25,stop,-32.5,0.0,-32.5,32.5,-1.0
1,1,2018-04-23 14:29:00+00:00,2018-04-23 14:30:00+00:00,6690.25,6673.75,6723.25,2018-04-23 15:12:00+00:00,6723.25,objetivo,66.0,0.0,66.0,33.0,2.0
-1,1,2018-04-23 16:29:00+00:00,2018-04-23 16:30:00+00:00,6691.0,6704.0,6665.0,2018-04-23 17:44:00+00:00,6665.0,objetivo,52.0,0.0,52.0,26.0,2.0
-1,1,2018-04-24 13:59:00+00:00,2018-04-24 14:00:00+00:00,6666.75,6695.75,6608.75,2018-04-24 14:32:00+00:00,6608.75,objetivo,116.0,0.0,116.0,58.0,2.0
1,1,2018-04-25 14:29:00+00:00,2018-04-25 14:30:00+00:00,6476.0,6435.75,6556.5,2018-04-25 19:55:00+00:00,6509.0,tiempo,66.0,0.0,66.0,80.5,0.8198757763975155
-1,1,2018-04-30 14:44:00+00:00,2018-04-30 14:45:00+00:00,6696.25,6708.25,6672.25,2018-04-30 15:33:00+00:00,6672.25,objetivo,48.0,0.0,48.0,24.0,2.0
1,1,2018-05-01 13:59:00+00:00,2018-05-01 14:00:00+00:00,6615.0,6579.5,6686.0,2018-05-01 19:54:00+00:00,6686.0,objetivo,142.0,0.0,142.0,71.0,2.0
-1,1,2018-05-02 14:44:00+00:00,2018-05-02 14:45:00+00:00,6679.25,6698.75,6640.25,2018-05-02 18:03:00+00:00,6698.75,stop,-39.0,0.0,-39.0,39.0,-1.0
-1,1,2018-05-02 18:59:00+00:00,2018-05-02 19:00:00+00:00,6682.0,6701.0,6644.0,2018-05-02 19:49:00+00:00,6644.0,objetivo,76.0,0.0,76.0,38.0,2.0
1,1,2018-05-03 13:59:00+00:00,2018-05-03 14:00:00+00:00,6632.0,6594.0,6708.0,2018-05-03 14:21:00+00:00,6594.0,stop,-76.0,0.0,-76.0,76.0,-1.0
1,1,2018-05-03 16:44:00+00:00,2018-05-03 16:45:00+00:00,6617.5,6563.0,6726.5,2018-05-03 19:55:00+00:00,6642.5,tiempo,50.0,0.0,50.0,109.0,0.45871559633027525
-1,1,2018-05-07 14:14:00+00:00,2018-05-07 14:15:00+00:00,6826.0,6836.75,6804.5,2018-05-07 14:29:00+00:00,6836.75,stop,-21.5,0.0,-21.5,21.5,-1.0
1,1,2018-05-07 14:29:00+00:00,2018-05-07 14:30:00+00:00,6837.5,6820.0,6872.5,2018-05-07 14:41:00+00:00,6820.0,stop,-35.0,0.0,-35.0,35.0,-1.0
-1,1,2018-05-07 16:59:00+00:00,2018-05-07 17:00:00+00:00,6830.25,6838.0,6814.75,2018-05-07 17:44:00+00:00,6838.0,stop,-15.5,0.0,-15.5,15.5,-1.0
1,1,2018-05-07 17:44:00+00:00,2018-05-07 17:45:00+00:00,6835.75,6826.75,6853.75,2018-05-07 18:52:00+00:00,6826.75,stop,-18.0,0.0,-18.0,18.0,-1.0
-1,1,2018-05-07 18:59:00+00:00,2018-05-07 19:00:00+00:00,6828.75,6839.5,6807.25,2018-05-07 19:21:00+00:00,6807.25,objetivo,43.0,0.0,43.0,21.5,2.0
1,1,2018-05-08 14:44:00+00:00,2018-05-08 14:45:00+00:00,6812.5,6796.25,6845.0,2018-05-08 15:06:00+00:00,6796.25,stop,-32.5,0.0,-32.5,32.5,-1.0
1,1,2018-05-08 15:14:00+00:00,2018-05-08 15:15:00+00:00,6818.25,6793.75,6867.25,2018-05-08 16:53:00+00:00,6793.75,stop,-49.0,0.0,-49.0,49.0,-1.0
-1,1,2018-05-08 16:59:00+00:00,2018-05-08 17:00:00+00:00,6789.25,6807.0,6753.75,2018-05-08 17:28:00+00:00,6807.0,stop,-35.5,0.0,-35.5,35.5,-1.0
1,1,2018-05-08 17:29:00+00:00,2018-05-08 17:30:00+00:00,6805.75,6793.0,6831.25,2018-05-08 18:13:00+00:00,6793.0,stop,-25.5,0.0,-25.5,25.5,-1.0
1,1,2018-05-08 18:29:00+00:00,2018-05-08 18:30:00+00:00,6805.25,6793.25,6829.25,2018-05-08 18:39:00+00:00,6793.25,stop,-24.0,0.0,-24.0,24.0,-1.0
-1,1,2018-05-08 18:44:00+00:00,2018-05-08 18:45:00+00:00,6781.5,6808.0,6728.5,2018-05-08 19:12:00+00:00,6808.0,stop,-53.0,0.0,-53.0,53.0,-1.0
-1,1,2018-05-09 13:59:00+00:00,2018-05-09 14:00:00+00:00,6823.5,6845.5,6779.5,2018-05-09 16:21:00+00:00,6845.5,stop,-44.0,0.0,-44.0,44.0,-1.0
1,1,2018-05-11 13:59:00+00:00,2018-05-11 14:00:00+00:00,6959.5,6937.5,7003.5,2018-05-11 16:25:00+00:00,6937.5,stop,-44.0,0.0,-44.0,44.0,-1.0
-1,1,2018-05-14 15:29:00+00:00,2018-05-14 15:30:00+00:00,6995.0,7010.5,6964.0,2018-05-14 18:08:00+00:00,6964.0,objetivo,62.0,0.0,62.0,31.0,2.0
1,1,2018-05-15 14:14:00+00:00,2018-05-15 14:15:00+00:00,6884.75,6860.0,6934.25,2018-05-15 17:58:00+00:00,6860.0,stop,-49.5,0.0,-49.5,49.5,-1.0
1,1,2018-05-15 18:44:00+00:00,2018-05-15 18:45:00+00:00,6882.25,6870.75,6905.25,2018-05-15 18:49:00+00:00,6870.75,stop,-23.0,0.0,-23.0,23.0,-1.0
-1,1,2018-05-15 18:59:00+00:00,2018-05-15 19:00:00+00:00,6874.5,6883.5,6856.5,2018-05-15 19:50:00+00:00,6883.5,stop,-18.0,0.0,-18.0,18.0,-1.0
1,1,2018-05-16 13:59:00+00:00,2018-05-16 14:00:00+00:00,6921.25,6898.0,6967.75,2018-05-16 19:55:00+00:00,6929.75,tiempo,17.0,0.0,17.0,46.5,0.3655913978494624
1,1,2018-05-17 14:14:00+00:00,2018-05-17 14:15:00+00:00,6926.5,6914.5,6950.5,2018-05-17 14:37:00+00:00,6950.5,objetivo,48.0,0.0,48.0,24.0,2.0
-1,1,2018-05-17 16:44:00+00:00,2018-05-17 16:45:00+00:00,6924.0,6945.0,6882.0,2018-05-17 18:02:00+00:00,6882.0,objetivo,84.0,0.0,84.0,42.0,2.0
-1,1,2018-05-18 13:59:00+00:00,2018-05-18 14:00:00+00:00,6879.25,6895.25,6847.25,2018-05-18 15:19:00+00:00,6895.25,stop,-32.0,0.0,-32.0,32.0,-1.0
-1,1,2018-05-18 17:44:00+00:00,2018-05-18 17:45:00+00:00,6878.25,6889.75,6855.25,2018-05-18 19:55:00+00:00,6877.5,tiempo,1.5,0.0,1.5,23.0,0.06521739130434782
-1,1,2018-05-21 13:59:00+00:00,2018-05-21 14:00:00+00:00,6946.0,6956.75,6924.5,2018-05-21 15:14:00+00:00,6924.5,objetivo,43.0,0.0,43.0,21.5,2.0
1,1,2018-05-22 18:29:00+00:00,2018-05-22 18:30:00+00:00,6925.75,6921.25,6934.75,2018-05-22 18:55:00+00:00,6921.25,stop,-9.0,0.0,-9.0,9.0,-1.0
-1,1,2018-05-23 14:59:00+00:00,2018-05-23 15:00:00+00:00,6868.5,6877.0,6851.5,2018-05-23 15:03:00+00:00,6877.0,stop,-17.0,0.0,-17.0,17.0,-1.0
1,1,2018-05-23 15:14:00+00:00,2018-05-23 15:15:00+00:00,6878.25,6866.5,6901.75,2018-05-23 15:48:00+00:00,6901.75,objetivo,47.0,0.0,47.0,23.5,2.0
1,1,2018-05-24 15:44:00+00:00,2018-05-24 15:45:00+00:00,6925.25,6913.0,6949.75,2018-05-24 16:26:00+00:00,6949.75,objetivo,49.0,0.0,49.0,24.5,2.0
1,1,2018-05-25 13:59:00+00:00,2018-05-25 14:00:00+00:00,6970.75,6946.75,7018.75,2018-05-25 19:55:00+00:00,6965.5,tiempo,-10.5,0.0,-10.5,48.0,-0.21875
-1,1,2018-05-28 15:59:00+00:00,2018-05-28 16:00:00+00:00,6985.5,6988.25,6980.0,2018-05-28 16:06:00+00:00,6988.25,stop,-5.5,0.0,-5.5,5.5,-1.0
1,1,2018-05-28 16:14:00+00:00,2018-05-28 16:15:00+00:00,6994.25,6985.0,7012.75,2018-05-28 16:59:00+00:00,6992.5,fin_de_datos,-3.5,0.0,-3.5,18.5,-0.1891891891891892
-1,1,2018-05-29 15:29:00+00:00,2018-05-29 15:30:00+00:00,6947.25,6956.75,6928.25,2018-05-29 15:41:00+00:00,6928.25,objetivo,38.0,0.0,38.0,19.0,2.0
-1,1,2018-05-30 13:59:00+00:00,2018-05-30 14:00:00+00:00,6950.75,6972.0,6908.25,2018-05-30 14:43:00+00:00,6972.0,stop,-42.5,0.0,-42.5,42.5,-1.0
1,1,2018-05-30 14:44:00+00:00,2018-05-30 14:45:00+00:00,6977.0,6955.75,7019.5,2018-05-30 19:55:00+00:00,6984.75,tiempo,15.5,0.0,15.5,42.5,0.36470588235294116
1,1,2018-05-31 13:59:00+00:00,2018-05-31 14:00:00+00:00,6993.0,6982.25,7014.5,2018-05-31 14:44:00+00:00,6982.25,stop,-21.5,0.0,-21.5,21.5,-1.0
-1,1,2018-05-31 14:44:00+00:00,2018-05-31 14:45:00+00:00,6983.5,6996.75,6957.0,2018-05-31 15:38:00+00:00,6996.75,stop,-26.5,0.0,-26.5,26.5,-1.0
-1,1,2018-05-31 17:59:00+00:00,2018-05-31 18:00:00+00:00,6972.75,6996.25,6925.75,2018-05-31 19:55:00+00:00,6971.5,tiempo,2.5,0.0,2.5,47.0,0.05319148936170213
-1,1,2018-06-04 14:14:00+00:00,2018-06-04 14:15:00+00:00,7106.75,7126.75,7066.75,2018-06-04 15:00:00+00:00,7126.75,stop,-40.0,0.0,-40.0,40.0,-1.0
-1,1,2018-06-04 15:14:00+00:00,2018-06-04 15:15:00+00:00,7117.0,7131.75,7087.5,2018-06-04 16:07:00+00:00,7131.75,stop,-29.5,0.0,-29.5,29.5,-1.0
-1,1,2018-06-05 14:44:00+00:00,2018-06-05 14:45:00+00:00,7170.0,7184.5,7141.0,2018-06-05 15:44:00+00:00,7141.0,objetivo,58.0,0.0,58.0,29.0,2.0
1,1,2018-06-05 17:44:00+00:00,2018-06-05 17:45:00+00:00,7163.25,7157.75,7174.25,2018-06-05 18:03:00+00:00,7157.75,stop,-11.0,0.0,-11.0,11.0,-1.0
1,1,2018-06-06 15:14:00+00:00,2018-06-06 15:15:00+00:00,7173.25,7161.75,7196.25,2018-06-06 18:38:00+00:00,7196.25,objetivo,46.0,0.0,46.0,23.0,2.0
-1,1,2018-06-07 13:59:00+00:00,2018-06-07 14:00:00+00:00,7200.25,7210.5,7179.75,2018-06-07 14:10:00+00:00,7179.75,objetivo,41.0,0.0,41.0,20.5,2.0
-1,1,2018-06-08 14:29:00+00:00,2018-06-08 14:30:00+00:00,7118.5,7137.75,7080.0,2018-06-08 15:10:00+00:00,7137.75,stop,-38.5,0.0,-38.5,38.5,-1.0
-1,1,2018-06-11 14:29:00+00:00,2018-06-11 14:30:00+00:00,7175.25,7187.5,7150.75,2018-06-11 15:00:00+00:00,7187.5,stop,-24.5,0.0,-24.5,24.5,-1.0
-1,1,2018-06-12 13:59:00+00:00,2018-06-12 14:00:00+00:00,7201.25,7217.25,7169.25,2018-06-12 14:45:00+00:00,7217.25,stop,-32.0,0.0,-32.0,32.0,-1.0
-1,1,2018-06-12 18:29:00+00:00,2018-06-12 18:30:00+00:00,7213.5,7231.75,7177.0,2018-06-12 19:50:00+00:00,7231.75,stop,-36.5,0.0,-36.5,36.5,-1.0
-1,1,2018-06-13 18:14:00+00:00,2018-06-13 18:15:00+00:00,7256.5,7275.75,7218.0,2018-06-13 19:55:00+00:00,7238.25,tiempo,36.5,0.0,36.5,38.5,0.948051948051948
-1,1,2018-06-14 13:59:00+00:00,2018-06-14 14:00:00+00:00,7274.75,7288.0,7248.25,2018-06-14 14:01:00+00:00,7288.0,stop,-26.5,0.0,-26.5,26.5,-1.0
1,1,2018-06-14 14:14:00+00:00,2018-06-14 14:15:00+00:00,7295.5,7274.5,7337.5,2018-06-14 15:01:00+00:00,7274.5,stop,-42.0,0.0,-42.0,42.0,-1.0
1,1,2018-06-14 15:14:00+00:00,2018-06-14 15:15:00+00:00,7291.5,7271.75,7331.0,2018-06-14 19:55:00+00:00,7302.75,tiempo,22.5,0.0,22.5,39.5,0.569620253164557
1,1,2018-06-15 13:59:00+00:00,2018-06-15 14:00:00+00:00,7269.5,7245.0,7318.5,2018-06-15 19:55:00+00:00,7277.0,tiempo,15.0,0.0,15.0,49.0,0.30612244897959184
-1,1,2018-06-19 13:59:00+00:00,2018-06-19 14:00:00+00:00,7192.75,7222.75,7132.75,2018-06-19 15:55:00+00:00,7222.75,stop,-60.0,0.0,-60.0,60.0,-1.0
-1,1,2018-06-20 14:14:00+00:00,2018-06-20 14:15:00+00:00,7293.25,7308.75,7262.25,2018-06-20 15:23:00+00:00,7308.75,stop,-31.0,0.0,-31.0,31.0,-1.0
1,1,2018-06-21 15:44:00+00:00,2018-06-21 15:45:00+00:00,7287.0,7268.75,7323.5,2018-06-21 16:04:00+00:00,7268.75,stop,-36.5,0.0,-36.5,36.5,-1.0
-1,1,2018-06-21 16:14:00+00:00,2018-06-21 16:15:00+00:00,7267.25,7283.75,7234.25,2018-06-21 19:21:00+00:00,7234.25,objetivo,66.0,0.0,66.0,33.0,2.0
1,1,2018-06-22 15:29:00+00:00,2018-06-22 15:30:00+00:00,7227.25,7213.5,7254.75,2018-06-22 19:55:00+00:00,7231.25,tiempo,8.0,0.0,8.0,27.5,0.2909090909090909
-1,1,2018-06-26 14:29:00+00:00,2018-06-26 14:30:00+00:00,7083.5,7112.5,7025.5,2018-06-26 16:59:00+00:00,7112.5,stop,-58.0,0.0,-58.0,58.0,-1.0
1,1,2018-06-27 13:59:00+00:00,2018-06-27 14:00:00+00:00,7139.25,7116.5,7184.75,2018-06-27 15:05:00+00:00,7116.5,stop,-45.5,0.0,-45.5,45.5,-1.0
-1,1,2018-06-28 14:29:00+00:00,2018-06-28 14:30:00+00:00,6991.0,7007.75,6957.5,2018-06-28 14:44:00+00:00,7007.75,stop,-33.5,0.0,-33.5,33.5,-1.0
1,1,2018-06-28 14:44:00+00:00,2018-06-28 14:45:00+00:00,7008.25,6968.5,7087.75,2018-06-28 19:55:00+00:00,7051.5,tiempo,86.5,0.0,86.5,79.5,1.0880503144654088
-1,1,2018-06-29 14:14:00+00:00,2018-06-29 14:15:00+00:00,7096.0,7116.75,7054.5,2018-06-29 14:55:00+00:00,7116.75,stop,-41.5,0.0,-41.5,41.5,-1.0
-1,1,2018-06-29 15:29:00+00:00,2018-06-29 15:30:00+00:00,7104.5,7113.5,7086.5,2018-06-29 15:56:00+00:00,7086.5,objetivo,36.0,0.0,36.0,18.0,2.0
1,1,2018-06-29 17:44:00+00:00,2018-06-29 17:45:00+00:00,7102.25,7090.25,7126.25,2018-06-29 18:41:00+00:00,7090.25,stop,-24.0,0.0,-24.0,24.0,-1.0
1,1,2018-06-29 18:59:00+00:00,2018-06-29 19:00:00+00:00,7102.75,7093.5,7121.25,2018-06-29 19:17:00+00:00,7093.5,stop,-18.5,0.0,-18.5,18.5,-1.0
-1,1,2018-07-02 17:14:00+00:00,2018-07-02 17:15:00+00:00,7033.5,7048.5,7003.5,2018-07-02 17:43:00+00:00,7048.5,stop,-30.0,0.0,-30.0,30.0,-1.0
1,1,2018-07-02 17:44:00+00:00,2018-07-02 17:45:00+00:00,7053.25,7032.5,7094.75,2018-07-02 18:29:00+00:00,7094.75,objetivo,83.0,0.0,83.0,41.5,2.0
1,1,2018-07-03 14:44:00+00:00,2018-07-03 14:45:00+00:00,7118.25,7108.5,7137.75,2018-07-03 14:46:00+00:00,7108.5,stop,-19.5,0.0,-19.5,19.5,-1.0
-1,1,2018-07-03 14:59:00+00:00,2018-07-03 15:00:00+00:00,7101.5,7119.0,7066.5,2018-07-03 16:13:00+00:00,7066.5,objetivo,70.0,0.0,70.0,35.0,2.0
1,1,2018-07-04 16:29:00+00:00,2018-07-04 16:30:00+00:00,7040.25,7031.25,7058.25,2018-07-04 17:00:00+00:00,7042.5,fin_de_datos,4.5,0.0,4.5,18.0,0.25
-1,1,2018-07-05 13:59:00+00:00,2018-07-05 14:00:00+00:00,7077.5,7099.25,7034.0,2018-07-05 16:03:00+00:00,7099.25,stop,-43.5,0.0,-43.5,43.5,-1.0
-1,1,2018-07-09 13:59:00+00:00,2018-07-09 14:00:00+00:00,7263.75,7282.0,7227.25,2018-07-09 18:59:00+00:00,7282.0,stop,-36.5,0.0,-36.5,36.5,-1.0
-1,1,2018-07-10 13:59:00+00:00,2018-07-10 14:00:00+00:00,7294.0,7305.5,7271.0,2018-07-10 14:32:00+00:00,7305.5,stop,-23.0,0.0,-23.0,23.0,-1.0
-1,1,2018-07-10 15:29:00+00:00,2018-07-10 15:30:00+00:00,7301.0,7309.0,7285.0,2018-07-10 15:47:00+00:00,7309.0,stop,-16.0,0.0,-16.0,16.0,-1.0
-1,1,2018-07-10 17:29:00+00:00,2018-07-10 17:30:00+00:00,7296.5,7304.25,7281.0,2018-07-10 17:46:00+00:00,7281.0,objetivo,31.0,0.0,31.0,15.5,2.0
1,1,2018-07-10 18:59:00+00:00,2018-07-10 19:00:00+00:00,7303.75,7290.5,7330.25,2018-07-10 19:55:00+00:00,7302.25,tiempo,-3.0,0.0,-3.0,26.5,-0.11320754716981132
1,1,2018-07-11 13:59:00+00:00,2018-07-11 14:00:00+00:00,7263.5,7253.0,7284.5,2018-07-11 14:18:00+00:00,7284.5,objetivo,42.0,0.0,42.0,21.0,2.0
-1,1,2018-07-11 15:14:00+00:00,2018-07-11 15:15:00+00:00,7265.75,7286.25,7224.75,2018-07-11 19:55:00+00:00,7265.25,tiempo,1.0,0.0,1.0,41.0,0.024390243902439025
1,1,2018-07-13 14:14:00+00:00,2018-07-13 14:15:00+00:00,7391.5,7370.0,7434.5,2018-07-13 19:55:00+00:00,7395.75,tiempo,8.5,0.0,8.5,43.0,0.19767441860465115
-1,1,2018-07-16 14:14:00+00:00,2018-07-16 14:15:00+00:00,7391.25,7405.5,7362.75,2018-07-16 19:55:00+00:00,7369.0,tiempo,44.5,0.0,44.5,28.5,1.5614035087719298
1,1,2018-07-18 15:14:00+00:00,2018-07-18 15:15:00+00:00,7404.25,7391.25,7430.25,2018-07-18 19:55:00+00:00,7410.0,tiempo,11.5,0.0,11.5,26.0,0.4423076923076923
1,1,2018-07-19 14:59:00+00:00,2018-07-19 15:00:00+00:00,7378.0,7364.5,7405.0,2018-07-19 16:45:00+00:00,7364.5,stop,-27.0,0.0,-27.0,27.0,-1.0
1,1,2018-07-19 17:29:00+00:00,2018-07-19 17:30:00+00:00,7381.75,7368.25,7408.75,2018-07-19 18:51:00+00:00,7368.25,stop,-27.0,0.0,-27.0,27.0,-1.0
-1,1,2018-07-20 14:14:00+00:00,2018-07-20 14:15:00+00:00,7385.25,7397.0,7361.75,2018-07-20 14:30:00+00:00,7397.0,stop,-23.5,0.0,-23.5,23.5,-1.0
-1,1,2018-07-20 15:59:00+00:00,2018-07-20 16:00:00+00:00,7392.5,7402.25,7373.0,2018-07-20 16:30:00+00:00,7373.0,objetivo,39.0,0.0,39.0,19.5,2.0
1,1,2018-07-23 13:59:00+00:00,2018-07-23 14:00:00+00:00,7333.25,7311.5,7376.75,2018-07-23 16:21:00+00:00,7376.75,objetivo,87.0,0.0,87.0,43.5,2.0
-1,1,2018-07-24 13:59:00+00:00,2018-07-24 14:00:00+00:00,7468.5,7479.5,7446.5,2018-07-24 14:15:00+00:00,7479.5,stop,-22.0,0.0,-22.0,22.0,-1.0
-1,1,2018-07-24 14:44:00+00:00,2018-07-24 14:45:00+00:00,7473.25,7484.75,7450.25,2018-07-24 15:03:00+00:00,7450.25,objetivo,46.0,0.0,46.0,23.0,2.0
-1,1,2018-07-25 14:14:00+00:00,2018-07-25 14:15:00+00:00,7423.75,7437.5,7396.25,2018-07-25 14:33:00+00:00,7437.5,stop,-27.5,0.0,-27.5,27.5,-1.0
1,1,2018-07-25 15:14:00+00:00,2018-07-25 15:15:00+00:00,7434.5,7423.0,7457.5,2018-07-25 16:07:00+00:00,7457.5,objetivo,46.0,0.0,46.0,23.0,2.0
1,1,2018-07-26 14:14:00+00:00,2018-07-26 14:15:00+00:00,7429.0,7408.5,7470.0,2018-07-26 16:51:00+00:00,7408.5,stop,-41.0,0.0,-41.0,41.0,-1.0
1,1,2018-07-31 15:14:00+00:00,2018-07-31 15:15:00+00:00,7239.75,7218.5,7282.25,2018-07-31 16:23:00+00:00,7282.25,objetivo,85.0,0.0,85.0,42.5,2.0
-1,1,2018-08-01 15:14:00+00:00,2018-08-01 15:15:00+00:00,7282.75,7292.5,7263.25,2018-08-01 15:38:00+00:00,7263.25,objetivo,39.0,0.0,39.0,19.5,2.0
1,1,2018-08-01 18:29:00+00:00,2018-08-01 18:30:00+00:00,7278.5,7256.25,7323.0,2018-08-01 19:55:00+00:00,7283.5,tiempo,10.0,0.0,10.0,44.5,0.2247191011235955
1,1,2018-08-03 14:14:00+00:00,2018-08-03 14:15:00+00:00,7388.0,7373.0,7418.0,2018-08-03 15:03:00+00:00,7373.0,stop,-30.0,0.0,-30.0,30.0,-1.0
1,1,2018-08-03 15:14:00+00:00,2018-08-03 15:15:00+00:00,7388.75,7372.25,7421.75,2018-08-03 15:57:00+00:00,7372.25,stop,-33.0,0.0,-33.0,33.0,-1.0
1,1,2018-08-03 16:29:00+00:00,2018-08-03 16:30:00+00:00,7385.25,7379.25,7397.25,2018-08-03 16:52:00+00:00,7379.25,stop,-12.0,0.0,-12.0,12.0,-1.0
1,1,2018-08-06 13:59:00+00:00,2018-08-06 14:00:00+00:00,7412.5,7389.5,7458.5,2018-08-06 19:55:00+00:00,7443.25,tiempo,61.5,0.0,61.5,46.0,1.3369565217391304
1,1,2018-08-07 13:59:00+00:00,2018-08-07 14:00:00+00:00,7471.75,7453.25,7508.75,2018-08-07 15:00:00+00:00,7453.25,stop,-37.0,0.0,-37.0,37.0,-1.0
1,1,2018-08-07 16:14:00+00:00,2018-08-07 16:15:00+00:00,7471.0,7463.0,7487.0,2018-08-07 19:55:00+00:00,7467.25,tiempo,-7.5,0.0,-7.5,16.0,-0.46875
1,1,2018-08-08 13:59:00+00:00,2018-08-08 14:00:00+00:00,7462.0,7453.75,7478.5,2018-08-08 14:49:00+00:00,7478.5,objetivo,33.0,0.0,33.0,16.5,2.0
-1,1,2018-08-09 13:59:00+00:00,2018-08-09 14:00:00+00:00,7477.5,7485.5,7461.5,2018-08-09 14:05:00+00:00,7485.5,stop,-16.0,0.0,-16.0,16.0,-1.0
1,1,2018-08-09 14:14:00+00:00,2018-08-09 14:15:00+00:00,7488.75,7476.0,7514.25,2018-08-09 19:49:00+00:00,7476.0,stop,-25.5,0.0,-25.5,25.5,-1.0
-1,1,2018-08-10 13:59:00+00:00,2018-08-10 14:00:00+00:00,7420.25,7446.75,7367.25,2018-08-10 19:55:00+00:00,7418.0,tiempo,4.5,0.0,4.5,53.0,0.08490566037735849
-1,1,2018-08-13 15:14:00+00:00,2018-08-13 15:15:00+00:00,7454.75,7469.5,7425.25,2018-08-13 15:37:00+00:00,7425.25,objetivo,59.0,0.0,59.0,29.5,2.0
1,1,2018-08-13 18:29:00+00:00,2018-08-13 18:30:00+00:00,7443.25,7436.0,7457.75,2018-08-13 18:36:00+00:00,7436.0,stop,-14.5,0.0,-14.5,14.5,-1.0
-1,1,2018-08-13 18:44:00+00:00,2018-08-13 18:45:00+00:00,7435.75,7445.25,7416.75,2018-08-13 19:01:00+00:00,7416.75,objetivo,38.0,0.0,38.0,19.0,2.0
1,1,2018-08-14 14:29:00+00:00,2018-08-14 14:30:00+00:00,7424.75,7414.25,7445.75,2018-08-14 14:50:00+00:00,7445.75,objetivo,42.0,0.0,42.0,21.0,2.0
-1,1,2018-08-15 13:59:00+00:00,2018-08-15 14:00:00+00:00,7374.5,7408.0,7307.5,2018-08-15 19:55:00+00:00,7364.5,tiempo,20.0,0.0,20.0,67.0,0.29850746268656714
1,1,2018-08-16 14:14:00+00:00,2018-08-16 14:15:00+00:00,7413.5,7399.5,7441.5,2018-08-16 18:29:00+00:00,7399.5,stop,-28.0,0.0,-28.0,28.0,-1.0
-1,1,2018-08-17 13:59:00+00:00,2018-08-17 14:00:00+00:00,7357.0,7375.25,7320.5,2018-08-17 15:58:00+00:00,7375.25,stop,-36.5,0.0,-36.5,36.5,-1.0
-1,1,2018-08-17 17:29:00+00:00,2018-08-17 17:30:00+00:00,7350.0,7358.75,7332.5,2018-08-17 17:35:00+00:00,7358.75,stop,-17.5,0.0,-17.5,17.5,-1.0
1,1,2018-08-17 17:44:00+00:00,2018-08-17 17:45:00+00:00,7358.75,7349.5,7377.25,2018-08-17 18:04:00+00:00,7377.25,objetivo,37.0,0.0,37.0,18.5,2.0
1,1,2018-08-20 16:14:00+00:00,2018-08-20 16:15:00+00:00,7372.75,7361.0,7396.25,2018-08-20 18:02:00+00:00,7396.25,objetivo,47.0,0.0,47.0,23.5,2.0
-1,1,2018-08-21 15:14:00+00:00,2018-08-21 15:15:00+00:00,7416.0,7427.5,7393.0,2018-08-21 15:34:00+00:00,7427.5,stop,-23.0,0.0,-23.0,23.0,-1.0
1,1,2018-08-21 15:44:00+00:00,2018-08-21 15:45:00+00:00,7432.25,7416.0,7464.75,2018-08-21 18:49:00+00:00,7416.0,stop,-32.5,0.0,-32.5,32.5,-1.0
1,1,2018-08-22 14:14:00+00:00,2018-08-22 14:15:00+00:00,7406.75,7381.25,7457.75,2018-08-22 19:55:00+00:00,7437.0,tiempo,60.5,0.0,60.5,51.0,1.1862745098039216
-1,1,2018-08-23 14:59:00+00:00,2018-08-23 15:00:00+00:00,7455.0,7471.25,7422.5,2018-08-23 15:19:00+00:00,7422.5,objetivo,65.0,0.0,65.0,32.5,2.0
1,1,2018-08-23 18:14:00+00:00,2018-08-23 18:15:00+00:00,7447.25,7438.25,7465.25,2018-08-23 18:50:00+00:00,7438.25,stop,-18.0,0.0,-18.0,18.0,-1.0
-1,1,2018-08-23 18:59:00+00:00,2018-08-23 19:00:00+00:00,7443.75,7449.5,7432.25,2018-08-23 19:37:00+00:00,7432.25,objetivo,23.0,0.0,23.0,11.5,2.0
-1,1,2018-08-24 13:59:00+00:00,2018-08-24 14:00:00+00:00,7454.0,7461.0,7440.0,2018-08-24 14:01:00+00:00,7461.0,stop,-14.0,0.0,-14.0,14.0,-1.0
1,1,2018-08-24 14:14:00+00:00,2018-08-24 14:15:00+00:00,7459.75,7454.0,7471.25,2018-08-24 14:28:00+00:00,7471.25,objetivo,23.0,0.0,23.0,11.5,2.0
1,1,2018-08-27 13:59:00+00:00,2018-08-27 14:00:00+00:00,7541.5,7524.25,7576.0,2018-08-27 19:55:00+00:00,7562.5,tiempo,42.0,0.0,42.0,34.5,1.2173913043478262
1,1,2018-08-28 13:59:00+00:00,2018-08-28 14:00:00+00:00,7587.25,7575.0,7611.75,2018-08-28 14:32:00+00:00,7575.0,stop,-24.5,0.0,-24.5,24.5,-1.0
1,1,2018-08-28 15:29:00+00:00,2018-08-28 15:30:00+00:00,7583.0,7576.5,7596.0,2018-08-28 15:31:00+00:00,7576.5,stop,-13.0,0.0,-13.0,13.0,-1.0
-1,1,2018-08-28 15:44:00+00:00,2018-08-28 15:45:00+00:00,7570.5,7583.5,7544.5,2018-08-28 16:48:00+00:00,7583.5,stop,-26.0,0.0,-26.0,26.0,-1.0
1,1,2018-08-28 16:59:00+00:00,2018-08-28 17:00:00+00:00,7581.75,7578.75,7587.75,2018-08-28 17:02:00+00:00,7578.75,stop,-6.0,0.0,-6.0,6.0,-1.0
-1,1,2018-08-28 17:29:00+00:00,2018-08-28 17:30:00+00:00,7577.5,7585.5,7561.5,2018-08-28 17:39:00+00:00,7585.5,stop,-16.0,0.0,-16.0,16.0,-1.0
1,1,2018-08-28 17:44:00+00:00,2018-08-28 17:45:00+00:00,7584.25,7575.5,7601.75,2018-08-28 19:41:00+00:00,7575.5,stop,-17.5,0.0,-17.5,17.5,-1.0
1,1,2018-08-30 14:14:00+00:00,2018-08-30 14:15:00+00:00,7659.75,7648.0,7683.25,2018-08-30 16:34:00+00:00,7683.25,objetivo,47.0,0.0,47.0,23.5,2.0
-1,1,2018-08-30 18:29:00+00:00,2018-08-30 18:30:00+00:00,7652.5,7688.0,7581.5,2018-08-30 19:55:00+00:00,7647.0,tiempo,11.0,0.0,11.0,71.0,0.15492957746478872
-1,1,2018-08-31 15:14:00+00:00,2018-08-31 15:15:00+00:00,7667.0,7680.5,7640.0,2018-08-31 18:11:00+00:00,7640.0,objetivo,54.0,0.0,54.0,27.0,2.0
1,1,2018-09-04 14:14:00+00:00,2018-09-04 14:15:00+00:00,7627.25,7605.0,7671.75,2018-09-04 16:07:00+00:00,7605.0,stop,-44.5,0.0,-44.5,44.5,-1.0
1,1,2018-09-04 17:59:00+00:00,2018-09-04 18:00:00+00:00,7620.5,7606.25,7649.0,2018-09-04 19:55:00+00:00,7620.5,tiempo,0.0,0.0,0.0,28.5,0.0
1,1,2018-09-05 16:29:00+00:00,2018-09-05 16:30:00+00:00,7547.75,7539.0,7565.25,2018-09-05 16:57:00+00:00,7539.0,stop,-17.5,0.0,-17.5,17.5,-1.0
-1,1,2018-09-05 16:59:00+00:00,2018-09-05 17:00:00+00:00,7539.25,7557.5,7502.75,2018-09-05 17:20:00+00:00,7557.5,stop,-36.5,0.0,-36.5,36.5,-1.0
-1,1,2018-09-05 18:14:00+00:00,2018-09-05 18:15:00+00:00,7538.0,7550.75,7512.5,2018-09-05 19:50:00+00:00,7512.5,objetivo,51.0,0.0,51.0,25.5,2.0
1,1,2018-09-06 13:59:00+00:00,2018-09-06 14:00:00+00:00,7522.25,7500.5,7565.75,2018-09-06 14:06:00+00:00,7500.5,stop,-43.5,0.0,-43.5,43.5,-1.0
-1,1,2018-09-06 14:14:00+00:00,2018-09-06 14:15:00+00:00,7472.0,7525.0,7366.0,2018-09-06 19:55:00+00:00,7461.25,tiempo,21.5,0.0,21.5,106.0,0.2028301886792453
-1,1,2018-09-07 16:14:00+00:00,2018-09-07 16:15:00+00:00,7452.0,7472.75,7410.5,2018-09-07 19:55:00+00:00,7430.0,tiempo,44.0,0.0,44.0,41.5,1.0602409638554218
1,1,2018-09-10 15:14:00+00:00,2018-09-10 15:15:00+00:00,7447.25,7422.0,7497.75,2018-09-10 19:55:00+00:00,7447.75,tiempo,1.0,0.0,1.0,50.5,0.019801980198019802
-1,1,2018-09-12 13:59:00+00:00,2018-09-12 14:00:00+00:00,7466.0,7501.0,7396.0,2018-09-12 19:55:00+00:00,7493.25,tiempo,-54.5,0.0,-54.5,70.0,-0.7785714285714286
-1,1,2018-09-13 13:59:00+00:00,2018-09-13 14:00:00+00:00,7556.75,7579.75,7510.75,2018-09-13 16:02:00+00:00,7579.75,stop,-46.0,0.0,-46.0,46.0,-1.0
-1,1,2018-09-13 17:44:00+00:00,2018-09-13 17:45:00+00:00,7557.25,7566.5,7538.75,2018-09-13 18:01:00+00:00,7566.5,stop,-18.5,0.0,-18.5,18.5,-1.0
-1,1,2018-09-13 18:29:00+00:00,2018-09-13 18:30:00+00:00,7556.75,7564.5,7541.25,2018-09-13 18:41:00+00:00,7564.5,stop,-15.5,0.0,-15.5,15.5,-1.0
1,1,2018-09-13 18:44:00+00:00,2018-09-13 18:45:00+00:00,7564.75,7555.25,7583.75,2018-09-13 19:07:00+00:00,7555.25,stop,-19.0,0.0,-19.0,19.0,-1.0
-1,1,2018-09-14 14:14:00+00:00,2018-09-14 14:15:00+00:00,7557.0,7578.0,7515.0,2018-09-14 14:30:00+00:00,7578.0,stop,-42.0,0.0,-42.0,42.0,-1.0
-1,1,2018-09-14 15:14:00+00:00,2018-09-14 15:15:00+00:00,7563.5,7577.25,7536.0,2018-09-14 16:06:00+00:00,7536.0,objetivo,55.0,0.0,55.0,27.5,2.0
1,1,2018-09-17 16:29:00+00:00,2018-09-17 16:30:00+00:00,7517.5,7511.0,7530.5,2018-09-17 16:35:00+00:00,7511.0,stop,-13.0,0.0,-13.0,13.0,-1.0
-1,1,2018-09-17 16:44:00+00:00,2018-09-17 16:45:00+00:00,7513.0,7519.0,7501.0,2018-09-17 16:49:00+00:00,7519.0,stop,-12.0,0.0,-12.0,12.0,-1.0
1,1,2018-09-17 16:59:00+00:00,2018-09-17 17:00:00+00:00,7514.75,7505.0,7534.25,2018-09-17 17:20:00+00:00,7505.0,stop,-19.5,0.0,-19.5,19.5,-1.0
1,1,2018-09-19 15:14:00+00:00,2018-09-19 15:15:00+00:00,7508.75,7475.25,7575.75,2018-09-19 19:55:00+00:00,7525.0,tiempo,32.5,0.0,32.5,67.0,0.48507462686567165
-1,1,2018-09-21 13:59:00+00:00,2018-09-21 14:00:00+00:00,7611.75,7631.5,7572.25,2018-09-21 18:15:00+00:00,7572.25,objetivo,79.0,0.0,79.0,39.5,2.0
1,1,2018-09-25 13:59:00+00:00,2018-09-25 14:00:00+00:00,7576.25,7559.75,7609.25,2018-09-25 14:25:00+00:00,7559.75,stop,-33.0,0.0,-33.0,33.0,-1.0
1,1,2018-09-25 14:44:00+00:00,2018-09-25 14:45:00+00:00,7577.0,7563.75,7603.5,2018-09-25 14:57:00+00:00,7563.75,stop,-26.5,0.0,-26.5,26.5,-1.0
-1,1,2018-09-25 14:59:00+00:00,2018-09-25 15:00:00+00:00,7553.0,7579.5,7500.0,2018-09-25 15:26:00+00:00,7579.5,stop,-53.0,0.0,-53.0,53.0,-1.0
-1,1,2018-09-26 14:14:00+00:00,2018-09-26 14:15:00+00:00,7603.75,7621.0,7569.25,2018-09-26 14:39:00+00:00,7621.0,stop,-34.5,0.0,-34.5,34.5,-1.0
1,1,2018-09-28 14:29:00+00:00,2018-09-28 14:30:00+00:00,7641.25,7625.5,7672.75,2018-09-28 15:14:00+00:00,7672.75,objetivo,63.0,0.0,63.0,31.5,2.0
-1,1,2018-09-28 17:14:00+00:00,2018-09-28 17:15:00+00:00,7646.5,7651.0,7637.5,2018-09-28 17:22:00+00:00,7651.0,stop,-9.0,0.0,-9.0,9.0,-1.0
1,1,2018-09-28 17:29:00+00:00,2018-09-28 17:30:00+00:00,7653.25,7645.25,7669.25,2018-09-28 18:02:00+00:00,7645.25,stop,-16.0,0.0,-16.0,16.0,-1.0
-1,1,2018-09-28 18:14:00+00:00,2018-09-28 18:15:00+00:00,7642.25,7651.75,7623.25,2018-09-28 18:40:00+00:00,7651.75,stop,-19.0,0.0,-19.0,19.0,-1.0
-1,1,2018-09-28 18:59:00+00:00,2018-09-28 19:00:00+00:00,7646.25,7650.25,7638.25,2018-09-28 19:02:00+00:00,7650.25,stop,-8.0,0.0,-8.0,8.0,-1.0
-1,1,2018-10-01 14:44:00+00:00,2018-10-01 14:45:00+00:00,7715.0,7727.5,7690.0,2018-10-01 16:42:00+00:00,7690.0,objetivo,50.0,0.0,50.0,25.0,2.0
1,1,2018-10-02 13:59:00+00:00,2018-10-02 14:00:00+00:00,7679.25,7654.0,7729.75,2018-10-02 19:06:00+00:00,7654.0,stop,-50.5,0.0,-50.5,50.5,-1.0
1,1,2018-10-03 14:14:00+00:00,2018-10-03 14:15:00+00:00,7702.25,7683.0,7740.75,2018-10-03 14:50:00+00:00,7683.0,stop,-38.5,0.0,-38.5,38.5,-1.0
1,1,2018-10-03 15:59:00+00:00,2018-10-03 16:00:00+00:00,7691.5,7669.0,7736.5,2018-10-03 18:36:00+00:00,7669.0,stop,-45.0,0.0,-45.0,45.0,-1.0
-1,1,2018-10-05 13:59:00+00:00,2018-10-05 14:00:00+00:00,7478.75,7534.75,7366.75,2018-10-05 16:41:00+00:00,7366.75,objetivo,224.0,0.0,224.0,112.0,2.0
1,1,2018-10-05 18:44:00+00:00,2018-10-05 18:45:00+00:00,7435.75,7416.5,7474.25,2018-10-05 19:33:00+00:00,7416.5,stop,-38.5,0.0,-38.5,38.5,-1.0
-1,1,2018-10-08 14:44:00+00:00,2018-10-08 14:45:00+00:00,7402.25,7430.0,7346.75,2018-10-08 15:33:00+00:00,7346.75,objetivo,111.0,0.0,111.0,55.5,2.0
1,1,2018-10-08 18:44:00+00:00,2018-10-08 18:45:00+00:00,7374.5,7350.25,7423.0,2018-10-08 19:55:00+00:00,7383.0,tiempo,17.0,0.0,17.0,48.5,0.35051546391752575
-1,1,2018-10-09 14:14:00+00:00,2018-10-09 14:15:00+00:00,7393.0,7417.75,7343.5,2018-10-09 14:20:00+00:00,7417.75,stop,-49.5,0.0,-49.5,49.5,-1.0
1,1,2018-10-09 14:29:00+00:00,2018-10-09 14:30:00+00:00,7435.25,7392.75,7520.25,2018-10-09 16:44:00+00:00,7392.75,stop,-85.0,0.0,-85.0,85.0,-1.0
1,1,2018-10-09 18:59:00+00:00,2018-10-09 19:00:00+00:00,7410.25,7385.0,7460.75,2018-10-09 19:55:00+00:00,7403.25,tiempo,-14.0,0.0,-14.0,50.5,-0.27722772277227725
1,1,2018-10-11 13:59:00+00:00,2018-10-11 14:00:00+00:00,7135.0,7005.5,7394.0,2018-10-11 15:04:00+00:00,7005.5,stop,-259.0,0.0,-259.0,259.0,-1.0
1,1,2018-10-11 15:59:00+00:00,2018-10-11 16:00:00+00:00,7057.0,7038.5,7094.0,2018-10-11 16:19:00+00:00,7094.0,objetivo,74.0,0.0,74.0,37.0,2.0
-1,1,2018-10-11 18:14:00+00:00,2018-10-11 18:15:00+00:00,7028.75,7072.75,6940.75,2018-10-11 18:45:00+00:00,6940.75,objetivo,176.0,0.0,176.0,88.0,2.0
1,1,2018-10-12 13:59:00+00:00,2018-10-12 14:00:00+00:00,7148.75,7119.0,7208.25,2018-10-12 14:30:00+00:00,7119.0,stop,-59.5,0.0,-59.5,59.5,-1.0
1,1,2018-10-12 14:44:00+00:00,2018-10-12 14:45:00+00:00,7156.25,7119.0,7230.75,2018-10-12 15:41:00+00:00,7119.0,stop,-74.5,0.0,-74.5,74.5,-1.0
1,1,2018-10-12 18:59:00+00:00,2018-10-12 19:00:00+00:00,7121.25,7080.5,7202.75,2018-10-12 19:55:00+00:00,7183.0,tiempo,123.5,0.0,123.5,81.5,1.5153374233128833
1,1,2018-10-15 14:59:00+00:00,2018-10-15 15:00:00+00:00,7111.25,7087.25,7159.25,2018-10-15 16:13:00+00:00,7087.25,stop,-48.0,0.0,-48.0,48.0,-1.0
1,1,2018-10-15 16:29:00+00:00,2018-10-15 16:30:00+00:00,7119.0,7089.25,7178.5,2018-10-15 19:55:00+00:00,7101.25,tiempo,-35.5,0.0,-35.5,59.5,-0.5966386554621849
-1,1,2018-10-16 14:14:00+00:00,2018-10-16 14:15:00+00:00,7167.5,7198.25,7106.0,2018-10-16 14:55:00+00:00,7198.25,stop,-61.5,0.0,-61.5,61.5,-1.0
1,1,2018-10-17 15:29:00+00:00,2018-10-17 15:30:00+00:00,7271.0,7254.5,7304.0,2018-10-17 15:34:00+00:00,7254.5,stop,-33.0,0.0,-33.0,33.0,-1.0
-1,1,2018-10-17 18:29:00+00:00,2018-10-17 18:30:00+00:00,7260.25,7280.25,7220.25,2018-10-17 18:40:00+00:00,7280.25,stop,-40.0,0.0,-40.0,40.0,-1.0
1,1,2018-10-17 18:44:00+00:00,2018-10-17 18:45:00+00:00,7285.5,7252.25,7352.0,2018-10-17 19:55:00+00:00,7290.75,tiempo,10.5,0.0,10.5,66.5,0.15789473684210525
1,1,2018-10-18 14:44:00+00:00,2018-10-18 14:45:00+00:00,7239.25,7222.25,7273.25,2018-10-18 15:06:00+00:00,7222.25,stop,-34.0,0.0,-34.0,34.0,-1.0
-1,1,2018-10-18 15:14:00+00:00,2018-10-18 15:15:00+00:00,7213.75,7251.5,7138.25,2018-10-18 15:46:00+00:00,7138.25,objetivo,151.0,0.0,151.0,75.5,2.0
-1,1,2018-10-19 14:59:00+00:00,2018-10-19 15:00:00+00:00,7215.75,7223.75,7199.75,2018-10-19 15:00:00+00:00,7223.75,stop,-16.0,0.0,-16.0,16.0,-1.0
1,1,2018-10-22 14:44:00+00:00,2018-10-22 14:45:00+00:00,7168.5,7104.25,7297.0,2018-10-22 19:55:00+00:00,7167.75,tiempo,-1.5,0.0,-1.5,128.5,-0.011673151750972763
1,1,2018-10-23 15:14:00+00:00,2018-10-23 15:15:00+00:00,7003.0,6971.75,7065.5,2018-10-23 16:34:00+00:00,7065.5,objetivo,125.0,0.0,125.0,62.5,2.0
-1,1,2018-10-26 14:14:00+00:00,2018-10-26 14:15:00+00:00,6807.75,6864.75,6693.75,2018-10-26 15:30:00+00:00,6864.75,stop,-114.0,0.0,-114.0,114.0,-1.0
-1,1,2018-10-26 18:59:00+00:00,2018-10-26 19:00:00+00:00,6830.25,6882.75,6725.25,2018-10-26 19:50:00+00:00,6882.75,stop,-105.0,0.0,-105.0,105.0,-1.0
1,1,2018-10-29 13:59:00+00:00,2018-10-29 14:00:00+00:00,6944.25,6921.0,6990.75,2018-10-29 14:48:00+00:00,6921.0,stop,-46.5,0.0,-46.5,46.5,-1.0
-1,1,2018-10-30 14:44:00+00:00,2018-10-30 14:45:00+00:00,6697.75,6785.75,6521.75,2018-10-30 15:32:00+00:00,6785.75,stop,-176.0,0.0,-176.0,176.0,-1.0
-1,1,2018-10-30 16:59:00+00:00,2018-10-30 17:00:00+00:00,6735.75,6787.0,6633.25,2018-10-30 19:10:00+00:00,6787.0,stop,-102.5,0.0,-102.5,102.5,-1.0
-1,1,2018-10-31 15:14:00+00:00,2018-10-31 15:15:00+00:00,6960.25,6992.0,6896.75,2018-10-31 15:24:00+00:00,6992.0,stop,-63.5,0.0,-63.5,63.5,-1.0
1,1,2018-10-31 15:29:00+00:00,2018-10-31 15:30:00+00:00,6993.25,6957.0,7065.75,2018-10-31 15:42:00+00:00,6957.0,stop,-72.5,0.0,-72.5,72.5,-1.0
-1,1,2018-10-31 15:44:00+00:00,2018-10-31 15:45:00+00:00,6942.75,6996.75,6834.75,2018-10-31 16:55:00+00:00,6996.75,stop,-108.0,0.0,-108.0,108.0,-1.0
1,1,2018-11-01 14:29:00+00:00,2018-11-01 14:30:00+00:00,6985.5,6960.75,7035.0,2018-11-01 15:23:00+00:00,7035.0,objetivo,99.0,0.0,99.0,49.5,2.0
-1,1,2018-11-02 13:59:00+00:00,2018-11-02 14:00:00+00:00,7041.75,7090.25,6944.75,2018-11-02 16:37:00+00:00,6944.75,objetivo,194.0,0.0,194.0,97.0,2.0
1,1,2018-11-05 15:59:00+00:00,2018-11-05 16:00:00+00:00,6912.75,6874.5,6989.25,2018-11-05 20:55:00+00:00,6945.5,tiempo,65.5,0.0,65.5,76.5,0.8562091503267973
-1,1,2018-11-06 15:44:00+00:00,2018-11-06 15:45:00+00:00,6996.75,7015.75,6958.75,2018-11-06 19:20:00+00:00,6958.75,objetivo,76.0,0.0,76.0,38.0,2.0
1,1,2018-11-08 14:59:00+00:00,2018-11-08 15:00:00+00:00,7194.25,7161.25,7260.25,2018-11-08 18:21:00+00:00,7161.25,stop,-66.0,0.0,-66.0,66.0,-1.0
1,1,2018-11-08 19:14:00+00:00,2018-11-08 19:15:00+00:00,7181.25,7144.75,7254.25,2018-11-08 19:41:00+00:00,7144.75,stop,-73.0,0.0,-73.0,73.0,-1.0
1,1,2018-11-13 15:44:00+00:00,2018-11-13 15:45:00+00:00,6878.25,6836.5,6961.75,2018-11-13 16:19:00+00:00,6961.75,objetivo,167.0,0.0,167.0,83.5,2.0
-1,1,2018-11-13 17:44:00+00:00,2018-11-13 17:45:00+00:00,6871.75,6906.5,6802.25,2018-11-13 20:55:00+00:00,6855.5,tiempo,32.5,0.0,32.5,69.5,0.4676258992805755
-1,1,2018-11-14 14:59:00+00:00,2018-11-14 15:00:00+00:00,6890.75,6929.5,6813.25,2018-11-14 16:04:00+00:00,6813.25,objetivo,155.0,0.0,155.0,77.5,2.0
1,1,2018-11-14 19:59:00+00:00,2018-11-14 20:00:00+00:00,6830.0,6780.5,6929.0,2018-11-14 20:54:00+00:00,6780.5,stop,-99.0,0.0,-99.0,99.0,-1.0
-1,1,2018-11-15 14:59:00+00:00,2018-11-15 15:00:00+00:00,6760.75,6809.75,6662.75,2018-11-15 16:24:00+00:00,6809.75,stop,-98.0,0.0,-98.0,98.0,-1.0
1,1,2018-11-16 14:59:00+00:00,2018-11-16 15:00:00+00:00,6867.75,6823.0,6957.25,2018-11-16 17:03:00+00:00,6823.0,stop,-89.5,0.0,-89.5,89.5,-1.0
1,1,2018-11-16 17:44:00+00:00,2018-11-16 17:45:00+00:00,6878.75,6822.75,6990.75,2018-11-16 20:55:00+00:00,6890.0,tiempo,22.5,0.0,22.5,112.0,0.20089285714285715
-1,1,2018-11-20 14:59:00+00:00,2018-11-20 15:00:00+00:00,6504.75,6558.0,6398.25,2018-11-20 15:38:00+00:00,6558.0,stop,-106.5,0.0,-106.5,106.5,-1.0
-1,1,2018-11-20 18:29:00+00:00,2018-11-20 18:30:00+00:00,6543.0,6572.75,6483.5,2018-11-20 20:55:00+00:00,6526.75,tiempo,32.5,0.0,32.5,59.5,0.5462184873949579
1,1,2018-11-21 14:59:00+00:00,2018-11-21 15:00:00+00:00,6615.25,6571.0,6703.75,2018-11-21 20:55:00+00:00,6591.75,tiempo,-47.0,0.0,-47.0,88.5,-0.5310734463276836
-1,1,2018-11-22 14:59:00+00:00,2018-11-22 15:00:00+00:00,6549.75,6552.75,6543.75,2018-11-22 15:19:00+00:00,6543.75,objetivo,12.0,0.0,12.0,6.0,2.0
1,1,2018-11-22 16:59:00+00:00,2018-11-22 17:00:00+00:00,6529.0,6522.0,6543.0,2018-11-22 17:31:00+00:00,6522.0,stop,-14.0,0.0,-14.0,14.0,-1.0
-1,1,2018-11-22 17:44:00+00:00,2018-11-22 17:45:00+00:00,6521.0,6530.75,6501.5,2018-11-22 17:59:00+00:00,6521.0,fin_de_datos,-0.0,0.0,-0.0,19.5,-0.0
-1,1,2018-11-23 15:29:00+00:00,2018-11-23 15:30:00+00:00,6562.25,6577.25,6532.25,2018-11-23 15:34:00+00:00,6577.25,stop,-30.0,0.0,-30.0,30.0,-1.0
-1,1,2018-11-26 16:44:00+00:00,2018-11-26 16:45:00+00:00,6625.5,6646.25,6584.0,2018-11-26 17:08:00+00:00,6646.25,stop,-41.5,0.0,-41.5,41.5,-1.0
1,1,2018-11-26 18:44:00+00:00,2018-11-26 18:45:00+00:00,6633.5,6623.0,6654.5,2018-11-26 19:14:00+00:00,6654.5,objetivo,42.0,0.0,42.0,21.0,2.0
1,1,2018-11-27 14:59:00+00:00,2018-11-27 15:00:00+00:00,6666.5,6628.5,6742.5,2018-11-27 20:55:00+00:00,6699.25,tiempo,65.5,0.0,65.5,76.0,0.8618421052631579
1,1,2018-11-28 16:44:00+00:00,2018-11-28 16:45:00+00:00,6740.5,6723.0,6775.5,2018-11-28 17:02:00+00:00,6775.5,objetivo,70.0,0.0,70.0,35.0,2.0
-1,1,2018-11-29 15:29:00+00:00,2018-11-29 15:30:00+00:00,6865.0,6892.75,6809.5,2018-11-29 15:30:00+00:00,6892.75,stop,-55.5,0.0,-55.5,55.5,-1.0
1,1,2018-11-29 16:29:00+00:00,2018-11-29 16:30:00+00:00,6876.5,6852.5,6924.5,2018-11-29 19:18:00+00:00,6924.5,objetivo,96.0,0.0,96.0,48.0,2.0
1,1,2018-11-30 14:59:00+00:00,2018-11-30 15:00:00+00:00,6895.75,6884.25,6918.75,2018-11-30 15:02:00+00:00,6884.25,stop,-23.0,0.0,-23.0,23.0,-1.0
-1,1,2018-11-30 16:14:00+00:00,2018-11-30 16:15:00+00:00,6902.75,6915.5,6877.25,2018-11-30 16:42:00+00:00,6915.5,stop,-25.5,0.0,-25.5,25.5,-1.0
1,1,2018-11-30 16:44:00+00:00,2018-11-30 16:45:00+00:00,6915.25,6893.0,6959.75,2018-11-30 17:43:00+00:00,6893.0,stop,-44.5,0.0,-44.5,44.5,-1.0
1,1,2018-11-30 18:44:00+00:00,2018-11-30 18:45:00+00:00,6912.75,6893.75,6950.75,2018-11-30 20:55:00+00:00,6931.0,tiempo,36.5,0.0,36.5,38.0,0.9605263157894737
1,1,2018-12-03 15:29:00+00:00,2018-12-03 15:30:00+00:00,7087.5,7060.0,7142.5,2018-12-03 15:47:00+00:00,7060.0,stop,-55.0,0.0,-55.0,55.0,-1.0
1,1,2018-12-04 15:14:00+00:00,2018-12-04 15:15:00+00:00,7033.0,7021.75,7055.5,2018-12-04 15:28:00+00:00,7021.75,stop,-22.5,0.0,-22.5,22.5,-1.0
-1,1,2018-12-04 15:59:00+00:00,2018-12-04 16:00:00+00:00,7026.0,7040.75,6996.5,2018-12-04 16:48:00+00:00,6996.5,objetivo,59.0,0.0,59.0,29.5,2.0
-1,1,2018-12-06 14:59:00+00:00,2018-12-06 15:00:00+00:00,6671.25,6731.25,6551.25,2018-12-06 17:15:00+00:00,6731.25,stop,-120.0,0.0,-120.0,120.0,-1.0
-1,1,2018-12-07 14:59:00+00:00,2018-12-07 15:00:00+00:00,6823.75,6842.25,6786.75,2018-12-07 15:13:00+00:00,6786.75,objetivo,74.0,0.0,74.0,37.0,2.0
-1,1,2018-12-10 14:59:00+00:00,2018-12-10 15:00:00+00:00,6599.0,6670.25,6456.5,2018-12-10 18:52:00+00:00,6670.25,stop,-142.5,0.0,-142.5,142.5,-1.0
-1,1,2018-12-11 14:59:00+00:00,2018-12-11 15:00:00+00:00,6771.75,6789.75,6735.75,2018-12-11 15:25:00+00:00,6789.75,stop,-36.0,0.0,-36.0,36.0,-1.0
1,1,2018-12-11 15:29:00+00:00,2018-12-11 15:30:00+00:00,6786.5,6745.75,6868.0,2018-12-11 15:49:00+00:00,6745.75,stop,-81.5,0.0,-81.5,81.5,-1.0
-1,1,2018-12-11 15:59:00+00:00,2018-12-11 16:00:00+00:00,6747.25,6779.5,6682.75,2018-12-11 18:41:00+00:00,6682.75,objetivo,129.0,0.0,129.0,64.5,2.0
-1,1,2018-12-12 19:14:00+00:00,2018-12-12 19:15:00+00:00,6819.25,6850.75,6756.25,2018-12-12 20:55:00+00:00,6791.25,tiempo,56.0,0.0,56.0,63.0,0.8888888888888888
1,1,2018-12-13 15:14:00+00:00,2018-12-13 15:15:00+00:00,6830.0,6786.0,6918.0,2018-12-13 15:39:00+00:00,6786.0,stop,-88.0,0.0,-88.0,88.0,-1.0
1,1,2018-12-13 16:44:00+00:00,2018-12-13 16:45:00+00:00,6792.75,6761.75,6854.75,2018-12-13 16:54:00+00:00,6761.75,stop,-62.0,0.0,-62.0,62.0,-1.0
-1,1,2018-12-13 16:59:00+00:00,2018-12-13 17:00:00+00:00,6753.25,6793.5,6672.75,2018-12-13 20:55:00+00:00,6765.75,tiempo,-25.0,0.0,-25.0,80.5,-0.3105590062111801
-1,1,2018-12-14 15:29:00+00:00,2018-12-14 15:30:00+00:00,6682.5,6712.0,6623.5,2018-12-14 15:52:00+00:00,6712.0,stop,-59.0,0.0,-59.0,59.0,-1.0
-1,1,2018-12-14 16:29:00+00:00,2018-12-14 16:30:00+00:00,6682.0,6700.25,6645.5,2018-12-14 16:58:00+00:00,6645.5,objetivo,73.0,0.0,73.0,36.5,2.0
-1,1,2018-12-18 15:44:00+00:00,2018-12-18 15:45:00+00:00,6517.25,6550.25,6451.25,2018-12-18 17:05:00+00:00,6550.25,stop,-66.0,0.0,-66.0,66.0,-1.0
1,1,2018-12-18 17:14:00+00:00,2018-12-18 17:15:00+00:00,6563.25,6520.75,6648.25,2018-12-18 19:35:00+00:00,6520.75,stop,-85.0,0.0,-85.0,85.0,-1.0
-1,1,2018-12-18 19:44:00+00:00,2018-12-18 19:45:00+00:00,6497.75,6545.75,6401.75,2018-12-18 20:49:00+00:00,6545.75,stop,-96.0,0.0,-96.0,96.0,-1.0
-1,1,2018-12-19 16:14:00+00:00,2018-12-19 16:15:00+00:00,6554.0,6584.25,6493.5,2018-12-19 17:02:00+00:00,6584.25,stop,-60.5,0.0,-60.5,60.5,-1.0
-1,1,2018-12-19 17:59:00+00:00,2018-12-19 18:00:00+00:00,6561.0,6585.0,6513.0,2018-12-19 18:59:00+00:00,6585.0,stop,-48.0,0.0,-48.0,48.0,-1.0
-1,1,2018-12-19 19:14:00+00:00,2018-12-19 19:15:00+00:00,6460.25,6610.0,6160.75,2018-12-19 20:55:00+00:00,6375.25,tiempo,170.0,0.0,170.0,299.5,0.5676126878130217
1,1,2018-12-20 14:59:00+00:00,2018-12-20 15:00:00+00:00,6374.0,6319.0,6484.0,2018-12-20 16:09:00+00:00,6319.0,stop,-110.0,0.0,-110.0,110.0,-1.0
1,1,2018-12-21 15:14:00+00:00,2018-12-21 15:15:00+00:00,6295.75,6225.0,6437.25,2018-12-21 16:06:00+00:00,6225.0,stop,-141.5,0.0,-141.5,141.5,-1.0
1,1,2018-12-24 15:14:00+00:00,2018-12-24 15:15:00+00:00,6003.0,5943.75,6121.5,2018-12-24 17:55:00+00:00,5943.75,stop,-118.5,0.0,-118.5,118.5,-1.0
1,1,2018-12-26 16:29:00+00:00,2018-12-26 16:30:00+00:00,6012.5,5972.5,6092.5,2018-12-26 17:10:00+00:00,6092.5,objetivo,160.0,0.0,160.0,80.0,2.0
1,1,2018-12-27 16:29:00+00:00,2018-12-27 16:30:00+00:00,6167.5,6135.25,6232.0,2018-12-27 16:44:00+00:00,6135.25,stop,-64.5,0.0,-64.5,64.5,-1.0
-1,1,2018-12-27 16:44:00+00:00,2018-12-27 16:45:00+00:00,6137.25,6184.0,6043.75,2018-12-27 20:20:00+00:00,6184.0,stop,-93.5,0.0,-93.5,93.5,-1.0
-1,1,2018-12-28 15:14:00+00:00,2018-12-28 15:15:00+00:00,6299.0,6335.5,6226.0,2018-12-28 17:04:00+00:00,6335.5,stop,-73.0,0.0,-73.0,73.0,-1.0
-1,1,2018-12-28 18:29:00+00:00,2018-12-28 18:30:00+00:00,6303.0,6332.5,6244.0,2018-12-28 19:00:00+00:00,6332.5,stop,-59.0,0.0,-59.0,59.0,-1.0
1,1,2018-12-31 17:29:00+00:00,2018-12-31 17:30:00+00:00,6330.0,6318.0,6354.0,2018-12-31 18:17:00+00:00,6354.0,objetivo,48.0,0.0,48.0,24.0,2.0
-1,1,2018-12-31 18:59:00+00:00,2018-12-31 19:00:00+00:00,6325.75,6339.75,6297.75,2018-12-31 19:37:00+00:00,6297.75,objetivo,56.0,0.0,56.0,28.0,2.0
1,1,2019-01-03 16:14:00+00:00,2019-01-03 16:15:00+00:00,6231.0,6206.75,6279.5,2019-01-03 16:43:00+00:00,6279.5,objetivo,97.0,0.0,97.0,48.5,2.0
1,1,2019-01-03 16:44:00+00:00,2019-01-03 16:45:00+00:00,6270.75,6215.5,6381.25,2019-01-03 18:10:00+00:00,6215.5,stop,-110.5,0.0,-110.5,110.5,-1.0
-1,1,2019-01-03 18:14:00+00:00,2019-01-03 18:15:00+00:00,6226.0,6247.0,6184.0,2019-01-03 18:56:00+00:00,6184.0,objetivo,84.0,0.0,84.0,42.0,2.0
-1,1,2019-01-07 15:14:00+00:00,2019-01-07 15:15:00+00:00,6433.0,6458.5,6382.0,2019-01-07 15:30:00+00:00,6458.5,stop,-51.0,0.0,-51.0,51.0,-1.0
-1,1,2019-01-08 14:59:00+00:00,2019-01-08 15:00:00+00:00,6542.0,6580.0,6466.0,2019-01-08 20:55:00+00:00,6563.0,tiempo,-42.0,0.0,-42.0,76.0,-0.5526315789473685
-1,1,2019-01-09 15:14:00+00:00,2019-01-09 15:15:00+00:00,6588.75,6614.75,6536.75,2019-01-09 16:52:00+00:00,6614.75,stop,-52.0,0.0,-52.0,52.0,-1.0
1,1,2019-01-10 15:14:00+00:00,2019-01-10 15:15:00+00:00,6551.5,6536.5,6581.5,2019-01-10 15:29:00+00:00,6581.5,objetivo,60.0,0.0,60.0,30.0,2.0
-1,1,2019-01-10 18:44:00+00:00,2019-01-10 18:45:00+00:00,6571.75,6595.25,6524.75,2019-01-10 19:00:00+00:00,6595.25,stop,-47.0,0.0,-47.0,47.0,-1.0
1,1,2019-01-11 14:59:00+00:00,2019-01-11 15:00:00+00:00,6587.75,6572.0,6619.25,2019-01-11 20:55:00+00:00,6611.5,tiempo,47.5,0.0,47.5,31.5,1.507936507936508
-1,1,2019-01-14 14:59:00+00:00,2019-01-14 15:00:00+00:00,6533.0,6547.75,6503.5,2019-01-14 15:12:00+00:00,6547.75,stop,-29.5,0.0,-29.5,29.5,-1.0
1,1,2019-01-14 15:14:00+00:00,2019-01-14 15:15:00+00:00,6545.75,6527.5,6582.25,2019-01-14 20:55:00+00:00,6546.0,tiempo,0.5,0.0,0.5,36.5,0.0136986301369863
-1,1,2019-01-15 19:29:00+00:00,2019-01-15 19:30:00+00:00,6643.25,6673.75,6582.25,2019-01-15 20:09:00+00:00,6673.75,stop,-61.0,0.0,-61.0,61.0,-1.0
-1,1,2019-01-16 15:29:00+00:00,2019-01-16 15:30:00+00:00,6709.5,6727.0,6674.5,2019-01-16 20:55:00+00:00,6685.0,tiempo,49.0,0.0,49.0,35.0,1.4
1,1,2019-01-18 15:29:00+00:00,2019-01-18 15:30:00+00:00,6763.25,6751.5,6786.75,2019-01-18 15:43:00+00:00,6786.75,objetivo,47.0,0.0,47.0,23.5,2.0
-1,1,2019-01-18 19:29:00+00:00,2019-01-18 19:30:00+00:00,6784.25,6802.5,6747.75,2019-01-18 20:55:00+00:00,6777.25,tiempo,14.0,0.0,14.0,36.5,0.3835616438356164
1,1,2019-01-21 15:14:00+00:00,2019-01-21 15:15:00+00:00,6754.5,6747.25,6769.0,2019-01-21 17:59:00+00:00,6761.5,fin_de_datos,14.0,0.0,14.0,14.5,0.9655172413793104
1,1,2019-01-23 14:59:00+00:00,2019-01-23 15:00:00+00:00,6712.5,6700.0,6737.5,2019-01-23 15:18:00+00:00,6700.0,stop,-25.0,0.0,-25.0,25.0,-1.0
-1,1,2019-01-24 14:59:00+00:00,2019-01-24 15:00:00+00:00,6687.25,6710.25,6641.25,2019-01-24 15:15:00+00:00,6710.25,stop,-46.0,0.0,-46.0,46.0,-1.0
-1,1,2019-01-24 15:44:00+00:00,2019-01-24 15:45:00+00:00,6694.0,6717.0,6648.0,2019-01-24 20:55:00+00:00,6707.0,tiempo,-26.0,0.0,-26.0,46.0,-0.5652173913043478
1,1,2019-01-25 14:59:00+00:00,2019-01-25 15:00:00+00:00,6768.0,6744.0,6816.0,2019-01-25 20:55:00+00:00,6783.75,tiempo,31.5,0.0,31.5,48.0,0.65625
1,1,2019-01-28 15:29:00+00:00,2019-01-28 15:30:00+00:00,6690.75,6666.0,6740.25,2019-01-28 16:04:00+00:00,6666.0,stop,-49.5,0.0,-49.5,49.5,-1.0
1,1,2019-01-28 16:14:00+00:00,2019-01-28 16:15:00+00:00,6688.75,6664.0,6738.25,2019-01-28 16:45:00+00:00,6664.0,stop,-49.5,0.0,-49.5,49.5,-1.0
1,1,2019-01-28 18:29:00+00:00,2019-01-28 18:30:00+00:00,6677.75,6671.0,6691.25,2019-01-28 18:49:00+00:00,6691.25,objetivo,27.0,0.0,27.0,13.5,2.0
1,1,2019-01-30 15:44:00+00:00,2019-01-30 15:45:00+00:00,6719.75,6708.25,6742.75,2019-01-30 15:53:00+00:00,6708.25,stop,-23.0,0.0,-23.0,23.0,-1.0
-1,1,2019-01-30 15:59:00+00:00,2019-01-30 16:00:00+00:00,6710.25,6721.25,6688.25,2019-01-30 16:01:00+00:00,6721.25,stop,-22.0,0.0,-22.0,22.0,-1.0
1,1,2019-01-30 16:14:00+00:00,2019-01-30 16:15:00+00:00,6721.5,6709.25,6746.0,2019-01-30 17:17:00+00:00,6746.0,objetivo,49.0,0.0,49.0,24.5,2.0
-1,1,2019-02-01 14:59:00+00:00,2019-02-01 15:00:00+00:00,6877.5,6913.5,6805.5,2019-02-01 15:05:00+00:00,6913.5,stop,-72.0,0.0,-72.0,72.0,-1.0
1,1,2019-02-01 15:14:00+00:00,2019-02-01 15:15:00+00:00,6915.75,6877.5,6992.25,2019-02-01 18:23:00+00:00,6877.5,stop,-76.5,0.0,-76.5,76.5,-1.0
1,1,2019-02-04 14:59:00+00:00,2019-02-04 15:00:00+00:00,6905.5,6878.0,6960.5,2019-02-04 20:55:00+00:00,6949.75,tiempo,88.5,0.0,88.5,55.0,1.6090909090909091
-1,1,2019-02-05 16:29:00+00:00,2019-02-05 16:30:00+00:00,7006.75,7014.75,6990.75,2019-02-05 16:40:00+00:00,7014.75,stop,-16.0,0.0,-16.0,16.0,-1.0
1,1,2019-02-05 16:44:00+00:00,2019-02-05 16:45:00+00:00,7017.0,7002.0,7047.0,2019-02-05 17:22:00+00:00,7002.0,stop,-30.0,0.0,-30.0,30.0,-1.0
-1,1,2019-02-05 17:29:00+00:00,2019-02-05 17:30:00+00:00,7004.0,7017.5,6977.0,2019-02-05 19:05:00+00:00,7017.5,stop,-27.0,0.0,-27.0,27.0,-1.0
1,1,2019-02-05 19:14:00+00:00,2019-02-05 19:15:00+00:00,7020.0,7004.0,7052.0,2019-02-05 20:55:00+00:00,7021.25,tiempo,2.5,0.0,2.5,32.0,0.078125
1,1,2019-02-06 15:44:00+00:00,2019-02-06 15:45:00+00:00,7010.0,6987.0,7056.0,2019-02-06 19:38:00+00:00,6987.0,stop,-46.0,0.0,-46.0,46.0,-1.0
1,1,2019-02-07 14:59:00+00:00,2019-02-07 15:00:00+00:00,6933.0,6912.5,6974.0,2019-02-07 15:54:00+00:00,6912.5,stop,-41.0,0.0,-41.0,41.0,-1.0
-1,1,2019-02-07 15:59:00+00:00,2019-02-07 16:00:00+00:00,6911.5,6946.0,6842.5,2019-02-07 20:55:00+00:00,6902.25,tiempo,18.5,0.0,18.5,69.0,0.26811594202898553
1,1,2019-02-08 15:44:00+00:00,2019-02-08 15:45:00+00:00,6873.75,6852.25,6916.75,2019-02-08 16:36:00+00:00,6852.25,stop,-43.0,0.0,-43.0,43.0,-1.0
-1,1,2019-02-08 16:44:00+00:00,2019-02-08 16:45:00+00:00,6858.0,6867.25,6839.5,2019-02-08 16:56:00+00:00,6867.25,stop,-18.5,0.0,-18.5,18.5,-1.0
1,1,2019-02-08 16:59:00+00:00,2019-02-08 17:00:00+00:00,6870.75,6843.0,6926.25,2019-02-08 20:55:00+00:00,6900.5,tiempo,59.5,0.0,59.5,55.5,1.072072072072072
1,1,2019-02-11 17:29:00+00:00,2019-02-11 17:30:00+00:00,6932.75,6921.5,6955.25,2019-02-11 18:11:00+00:00,6921.5,stop,-22.5,0.0,-22.5,22.5,-1.0
-1,1,2019-02-13 14:59:00+00:00,2019-02-13 15:00:00+00:00,7053.25,7063.75,7032.25,2019-02-13 15:15:00+00:00,7032.25,objetivo,42.0,0.0,42.0,21.0,2.0
1,1,2019-02-13 15:44:00+00:00,2019-02-13 15:45:00+00:00,7054.25,7040.5,7081.75,2019-02-13 16:12:00+00:00,7040.5,stop,-27.5,0.0,-27.5,27.5,-1.0
1,1,2019-02-13 19:44:00+00:00,2019-02-13 19:45:00+00:00,7047.5,7040.5,7061.5,2019-02-13 20:41:00+00:00,7040.5,stop,-14.0,0.0,-14.0,14.0,-1.0
1,1,2019-02-14 14:59:00+00:00,2019-02-14 15:00:00+00:00,7008.75,6977.0,7072.25,2019-02-14 20:55:00+00:00,7037.5,tiempo,57.5,0.0,57.5,63.5,0.905511811023622
1,1,2019-02-15 15:29:00+00:00,2019-02-15 15:30:00+00:00,7058.5,7042.5,7090.5,2019-02-15 16:11:00+00:00,7042.5,stop,-32.0,0.0,-32.0,32.0,-1.0
1,1,2019-02-15 19:44:00+00:00,2019-02-15 19:45:00+00:00,7049.75,7040.25,7068.75,2019-02-15 20:16:00+00:00,7040.25,stop,-19.0,0.0,-19.0,19.0,-1.0
-1,1,2019-02-18 17:44:00+00:00,2019-02-18 17:45:00+00:00,7071.25,7076.0,7061.75,2019-02-18 17:54:00+00:00,7076.0,stop,-9.5,0.0,-9.5,9.5,-1.0
-1,1,2019-02-19 16:29:00+00:00,2019-02-19 16:30:00+00:00,7065.0,7074.75,7045.5,2019-02-19 16:37:00+00:00,7074.75,stop,-19.5,0.0,-19.5,19.5,-1.0
1,1,2019-02-19 16:44:00+00:00,2019-02-19 16:45:00+00:00,7073.75,7064.5,7092.25,2019-02-19 19:44:00+00:00,7092.25,objetivo,37.0,0.0,37.0,18.5,2.0
-1,1,2019-02-20 15:14:00+00:00,2019-02-20 15:15:00+00:00,7084.25,7095.5,7061.75,2019-02-20 15:17:00+00:00,7095.5,stop,-22.5,0.0,-22.5,22.5,-1.0
1,1,2019-02-20 15:29:00+00:00,2019-02-20 15:30:00+00:00,7097.25,7082.75,7126.25,2019-02-20 17:05:00+00:00,7082.75,stop,-29.0,0.0,-29.0,29.0,-1.0
1,1,2019-02-21 16:14:00+00:00,2019-02-21 16:15:00+00:00,7040.25,7017.75,7085.25,2019-02-21 19:51:00+00:00,7017.75,stop,-45.0,0.0,-45.0,45.0,-1.0
1,1,2019-02-22 14:59:00+00:00,2019-02-22 15:00:00+00:00,7076.75,7059.5,7111.25,2019-02-22 19:41:00+00:00,7059.5,stop,-34.5,0.0,-34.5,34.5,-1.0
-1,1,2019-02-22 19:44:00+00:00,2019-02-22 19:45:00+00:00,7063.25,7085.0,7019.75,2019-02-22 20:29:00+00:00,7085.0,stop,-43.5,0.0,-43.5,43.5,-1.0
-1,1,2019-02-25 14:59:00+00:00,2019-02-25 15:00:00+00:00,7148.25,7167.75,7109.25,2019-02-25 16:07:00+00:00,7167.75,stop,-39.0,0.0,-39.0,39.0,-1.0
-1,1,2019-02-25 16:29:00+00:00,2019-02-25 16:30:00+00:00,7156.75,7165.25,7139.75,2019-02-25 17:22:00+00:00,7139.75,objetivo,34.0,0.0,34.0,17.0,2.0
-1,1,2019-02-26 15:59:00+00:00,2019-02-26 16:00:00+00:00,7106.0,7127.75,7062.5,2019-02-26 16:14:00+00:00,7127.75,stop,-43.5,0.0,-43.5,43.5,-1.0
1,1,2019-02-26 16:14:00+00:00,2019-02-26 16:15:00+00:00,7130.75,7102.5,7187.25,2019-02-26 20:55:00+00:00,7131.0,tiempo,0.5,0.0,0.5,56.5,0.008849557522123894
-1,1,2019-02-27 14:59:00+00:00,2019-02-27 15:00:00+00:00,7090.5,7116.0,7039.5,2019-02-27 18:23:00+00:00,7116.0,stop,-51.0,0.0,-51.0,51.0,-1.0
-1,1,2019-02-28 15:14:00+00:00,2019-02-28 15:15:00+00:00,7097.0,7111.25,7068.5,2019-02-28 16:20:00+00:00,7111.25,stop,-28.5,0.0,-28.5,28.5,-1.0
1,1,2019-02-28 16:29:00+00:00,2019-02-28 16:30:00+00:00,7109.75,7096.5,7136.25,2019-02-28 20:55:00+00:00,7103.5,tiempo,-12.5,0.0,-12.5,26.5,-0.4716981132075472
-1,1,2019-03-01 15:14:00+00:00,2019-03-01 15:15:00+00:00,7140.25,7152.25,7116.25,2019-03-01 16:27:00+00:00,7116.25,objetivo,48.0,0.0,48.0,24.0,2.0
1,1,2019-03-01 17:59:00+00:00,2019-03-01 18:00:00+00:00,7134.5,7131.25,7141.0,2019-03-01 18:33:00+00:00,7141.0,objetivo,13.0,0.0,13.0,6.5,2.0
-1,1,2019-03-04 15:14:00+00:00,2019-03-04 15:15:00+00:00,7191.25,7210.0,7153.75,2019-03-04 16:09:00+00:00,7153.75,objetivo,75.0,0.0,75.0,37.5,2.0
1,1,2019-03-05 15:14:00+00:00,2019-03-05 15:15:00+00:00,7147.75,7137.5,7168.25,2019-03-05 15:17:00+00:00,7137.5,stop,-20.5,0.0,-20.5,20.5,-1.0
-1,1,2019-03-05 15:29:00+00:00,2019-03-05 15:30:00+00:00,7143.25,7151.75,7126.25,2019-03-05 15:30:00+00:00,7151.75,stop,-17.0,0.0,-17.0,17.0,-1.0
1,1,2019-03-05 15:44:00+00:00,2019-03-05 15:45:00+00:00,7157.25,7142.75,7186.25,2019-03-05 20:55:00+00:00,7176.0,tiempo,37.5,0.0,37.5,29.0,1.293103448275862
-1,1,2019-03-06 14:59:00+00:00,2019-03-06 15:00:00+00:00,7155.25,7165.5,7134.75,2019-03-06 15:22:00+00:00,7134.75,objetivo,41.0,0.0,41.0,20.5,2.0
-1,1,2019-03-06 15:29:00+00:00,2019-03-06 15:30:00+00:00,7134.75,7160.25,7083.75,2019-03-06 20:55:00+00:00,7119.75,tiempo,30.0,0.0,30.0,51.0,0.5882352941176471
1,1,2019-03-07 16:14:00+00:00,2019-03-07 16:15:00+00:00,7054.5,7039.0,7085.5,2019-03-07 19:12:00+00:00,7039.0,stop,-31.0,0.0,-31.0,31.0,-1.0
1,1,2019-03-08 14:59:00+00:00,2019-03-08 15:00:00+00:00,6963.25,6952.25,6985.25,2019-03-08 15:01:00+00:00,6952.25,stop,-22.0,0.0,-22.0,22.0,-1.0
-1,1,2019-03-08 17:44:00+00:00,2019-03-08 17:45:00+00:00,6970.5,6975.5,6960.5,2019-03-08 17:53:00+00:00,6960.5,objetivo,20.0,0.0,20.0,10.0,2.0
1,1,2019-03-08 18:44:00+00:00,2019-03-08 18:45:00+00:00,6975.25,6962.75,7000.25,2019-03-08 19:47:00+00:00,7000.25,objetivo,50.0,0.0,50.0,25.0,2.0
1,1,2019-03-12 13:59:00+00:00,2019-03-12 14:00:00+00:00,7212.5,7192.0,7253.5,2019-03-12 19:55:00+00:00,7230.5,tiempo,36.0,0.0,36.0,41.0,0.8780487804878049
-1,1,2019-03-13 14:14:00+00:00,2019-03-13 14:15:00+00:00,7269.75,7278.75,7251.75,2019-03-13 14:20:00+00:00,7278.75,stop,-18.0,0.0,-18.0,18.0,-1.0
1,1,2019-03-13 14:59:00+00:00,2019-03-13 15:00:00+00:00,7289.5,7270.5,7327.5,2019-03-13 19:55:00+00:00,7289.75,tiempo,0.5,0.0,0.5,38.0,0.013157894736842105
1,1,2019-03-14 13:59:00+00:00,2019-03-14 14:00:00+00:00,7289.5,7271.75,7325.0,2019-03-14 14:06:00+00:00,7271.75,stop,-35.5,0.0,-35.5,35.5,-1.0
-1,1,2019-03-14 14:14:00+00:00,2019-03-14 14:15:00+00:00,7270.5,7290.5,7230.5,2019-03-14 14:32:00+00:00,7290.5,stop,-40.0,0.0,-40.0,40.0,-1.0
-1,1,2019-03-14 14:44:00+00:00,2019-03-14 14:45:00+00:00,7275.5,7290.75,7245.0,2019-03-14 15:52:00+00:00,7290.75,stop,-30.5,0.0,-30.5,30.5,-1.0
-1,1,2019-03-14 17:44:00+00:00,2019-03-14 17:45:00+00:00,7282.5,7288.5,7270.5,2019-03-14 19:55:00+00:00,7278.25,tiempo,8.5,0.0,8.5,12.0,0.7083333333333334
-1,1,2019-03-18 15:29:00+00:00,2019-03-18 15:30:00+00:00,7341.5,7365.0,7294.5,2019-03-18 19:55:00+00:00,7354.0,tiempo,-25.0,0.0,-25.0,47.0,-0.5319148936170213
1,1,2019-03-19 14:14:00+00:00,2019-03-19 14:15:00+00:00,7390.75,7382.25,7407.75,2019-03-19 14:27:00+00:00,7382.25,stop,-17.0,0.0,-17.0,17.0,-1.0
-1,1,2019-03-19 14:29:00+00:00,2019-03-19 14:30:00+00:00,7380.0,7399.0,7342.0,2019-03-19 15:46:00+00:00,7399.0,stop,-38.0,0.0,-38.0,38.0,-1.0
-1,1,2019-03-19 18:59:00+00:00,2019-03-19 19:00:00+00:00,7394.0,7405.5,7371.0,2019-03-19 19:25:00+00:00,7371.0,objetivo,46.0,0.0,46.0,23.0,2.0
-1,1,2019-03-20 13:59:00+00:00,2019-03-20 14:00:00+00:00,7366.25,7380.25,7338.25,2019-03-20 14:07:00+00:00,7380.25,stop,-28.0,0.0,-28.0,28.0,-1.0
1,1,2019-03-20 14:14:00+00:00,2019-03-20 14:15:00+00:00,7375.0,7365.0,7395.0,2019-03-20 15:53:00+00:00,7365.0,stop,-20.0,0.0,-20.0,20.0,-1.0
1,1,2019-03-20 16:29:00+00:00,2019-03-20 16:30:00+00:00,7375.25,7368.25,7389.25,2019-03-20 16:32:00+00:00,7368.25,stop,-14.0,0.0,-14.0,14.0,-1.0
-1,1,2019-03-20 16:44:00+00:00,2019-03-20 16:45:00+00:00,7361.75,7376.75,7331.75,2019-03-20 17:59:00+00:00,7376.75,stop,-30.0,0.0,-30.0,30.0,-1.0
1,1,2019-03-20 17:59:00+00:00,2019-03-20 18:00:00+00:00,7377.25,7369.25,7393.25,2019-03-20 18:00:00+00:00,7393.25,objetivo,32.0,0.0,32.0,16.0,2.0
1,1,2019-03-25 14:59:00+00:00,2019-03-25 15:00:00+00:00,7343.0,7312.75,7403.5,2019-03-25 17:48:00+00:00,7312.75,stop,-60.5,0.0,-60.5,60.5,-1.0
1,1,2019-03-25 18:59:00+00:00,2019-03-25 19:00:00+00:00,7331.5,7321.75,7351.0,2019-03-25 19:26:00+00:00,7351.0,objetivo,39.0,0.0,39.0,19.5,2.0
-1,1,2019-03-26 14:29:00+00:00,2019-03-26 14:30:00+00:00,7419.25,7428.5,7400.75,2019-03-26 14:51:00+00:00,7428.5,stop,-18.5,0.0,-18.5,18.5,-1.0
1,1,2019-03-26 14:59:00+00:00,2019-03-26 15:00:00+00:00,7428.75,7407.0,7472.25,2019-03-26 15:19:00+00:00,7407.0,stop,-43.5,0.0,-43.5,43.5,-1.0
1,1,2019-03-27 14:29:00+00:00,2019-03-27 14:30:00+00:00,7388.75,7375.75,7414.75,2019-03-27 14:37:00+00:00,7375.75,stop,-26.0,0.0,-26.0,26.0,-1.0
-1,1,2019-03-27 14:44:00+00:00,2019-03-27 14:45:00+00:00,7359.0,7394.75,7287.5,2019-03-27 15:42:00+00:00,7287.5,objetivo,143.0,0.0,143.0,71.5,2.0
1,1,2019-03-27 17:44:00+00:00,2019-03-27 17:45:00+00:00,7341.75,7325.0,7375.25,2019-03-27 18:38:00+00:00,7325.0,stop,-33.5,0.0,-33.5,33.5,-1.0
-1,1,2019-03-28 14:59:00+00:00,2019-03-28 15:00:00+00:00,7341.25,7365.0,7293.75,2019-03-28 19:55:00+00:00,7348.25,tiempo,-14.0,0.0,-14.0,47.5,-0.29473684210526313
1,1,2019-03-29 14:14:00+00:00,2019-03-29 14:15:00+00:00,7393.25,7378.5,7422.75,2019-03-29 14:44:00+00:00,7378.5,stop,-29.5,0.0,-29.5,29.5,-1.0
-1,1,2019-03-29 14:44:00+00:00,2019-03-29 14:45:00+00:00,7373.75,7393.5,7334.25,2019-03-29 15:31:00+00:00,7393.5,stop,-39.5,0.0,-39.5,39.5,-1.0
-1,1,2019-03-29 15:59:00+00:00,2019-03-29 16:00:00+00:00,7384.25,7396.0,7360.75,2019-03-29 18:32:00+00:00,7396.0,stop,-23.5,0.0,-23.5,23.5,-1.0
1,1,2019-04-01 14:59:00+00:00,2019-04-01 15:00:00+00:00,7465.0,7451.75,7491.5,2019-04-01 16:59:00+00:00,7491.5,objetivo,53.0,0.0,53.0,26.5,2.0
-1,1,2019-04-02 13:59:00+00:00,2019-04-02 14:00:00+00:00,7494.0,7506.5,7469.0,2019-04-02 14:17:00+00:00,7506.5,stop,-25.0,0.0,-25.0,25.0,-1.0
-1,1,2019-04-02 15:14:00+00:00,2019-04-02 15:15:00+00:00,7494.5,7515.5,7452.5,2019-04-02 16:04:00+00:00,7515.5,stop,-42.0,0.0,-42.0,42.0,-1.0
-1,1,2019-04-03 17:44:00+00:00,2019-04-03 17:45:00+00:00,7585.0,7596.0,7563.0,2019-04-03 17:59:00+00:00,7563.0,objetivo,44.0,0.0,44.0,22.0,2.0
-1,1,2019-04-04 14:14:00+00:00,2019-04-04 14:15:00+00:00,7581.5,7594.5,7555.5,2019-04-04 14:29:00+00:00,7555.5,objetivo,52.0,0.0,52.0,26.0,2.0
1,1,2019-04-04 18:29:00+00:00,2019-04-04 18:30:00+00:00,7560.5,7555.0,7571.5,2019-04-04 18:56:00+00:00,7571.5,objetivo,22.0,0.0,22.0,11.0,2.0
-1,1,2019-04-05 14:44:00+00:00,2019-04-05 14:45:00+00:00,7591.5,7602.75,7569.0,2019-04-05 14:54:00+00:00,7602.75,stop,-22.5,0.0,-22.5,22.5,-1.0
1,1,2019-04-05 14:59:00+00:00,2019-04-05 15:00:00+00:00,7598.0,7590.25,7613.5,2019-04-05 19:55:00+00:00,7598.0,tiempo,0.0,0.0,0.0,15.5,0.0
1,1,2019-04-08 13:59:00+00:00,2019-04-08 14:00:00+00:00,7576.0,7562.5,7603.0,2019-04-08 15:30:00+00:00,7603.0,objetivo,54.0,0.0,54.0,27.0,2.0
-1,1,2019-04-09 14:44:00+00:00,2019-04-09 14:45:00+00:00,7602.5,7620.5,7566.5,2019-04-09 16:13:00+00:00,7620.5,stop,-36.0,0.0,-36.0,36.0,-1.0
-1,1,2019-04-09 17:14:00+00:00,2019-04-09 17:15:00+00:00,7602.25,7610.5,7585.75,2019-04-09 19:55:00+00:00,7591.25,tiempo,22.0,0.0,22.0,16.5,1.3333333333333333
-1,1,2019-04-10 14:14:00+00:00,2019-04-10 14:15:00+00:00,7604.75,7614.25,7585.75,2019-04-10 14:41:00+00:00,7614.25,stop,-19.0,0.0,-19.0,19.0,-1.0
1,1,2019-04-10 14:44:00+00:00,2019-04-10 14:45:00+00:00,7615.5,7601.5,7643.5,2019-04-10 19:55:00+00:00,7630.0,tiempo,29.0,0.0,29.0,28.0,1.0357142857142858
1,1,2019-04-11 14:44:00+00:00,2019-04-11 14:45:00+00:00,7631.25,7620.0,7653.75,2019-04-11 15:40:00+00:00,7620.0,stop,-22.5,0.0,-22.5,22.5,-1.0
-1,1,2019-04-11 15:44:00+00:00,2019-04-11 15:45:00+00:00,7616.5,7632.5,7584.5,2019-04-11 19:55:00+00:00,7613.5,tiempo,6.0,0.0,6.0,32.0,0.1875
1,1,2019-04-12 13:59:00+00:00,2019-04-12 14:00:00+00:00,7646.75,7636.0,7668.25,2019-04-12 14:43:00+00:00,7636.0,stop,-21.5,0.0,-21.5,21.5,-1.0
-1,1,2019-04-12 14:44:00+00:00,2019-04-12 14:45:00+00:00,7633.75,7652.25,7596.75,2019-04-12 19:55:00+00:00,7643.0,tiempo,-18.5,0.0,-18.5,37.0,-0.5
-1,1,2019-04-15 13:59:00+00:00,2019-04-15 14:00:00+00:00,7643.75,7655.75,7619.75,2019-04-15 14:28:00+00:00,7619.75,objetivo,48.0,0.0,48.0,24.0,2.0
1,1,2019-04-15 17:14:00+00:00,2019-04-15 17:15:00+00:00,7632.0,7623.0,7650.0,2019-04-15 18:54:00+00:00,7650.0,objetivo,36.0,0.0,36.0,18.0,2.0
-1,1,2019-04-16 14:44:00+00:00,2019-04-16 14:45:00+00:00,7675.75,7689.0,7649.25,2019-04-16 15:14:00+00:00,7689.0,stop,-26.5,0.0,-26.5,26.5,-1.0
1,1,2019-04-16 15:14:00+00:00,2019-04-16 15:15:00+00:00,7688.25,7674.25,7716.25,2019-04-16 15:31:00+00:00,7674.25,stop,-28.0,0.0,-28.0,28.0,-1.0
1,1,2019-04-16 16:59:00+00:00,2019-04-16 17:00:00+00:00,7683.75,7674.5,7702.25,2019-04-16 19:31:00+00:00,7674.5,stop,-18.5,0.0,-18.5,18.5,-1.0
1,1,2019-04-17 14:29:00+00:00,2019-04-17 14:30:00+00:00,7710.25,7688.0,7754.75,2019-04-17 15:31:00+00:00,7688.0,stop,-44.5,0.0,-44.5,44.5,-1.0
1,1,2019-04-17 17:14:00+00:00,2019-04-17 17:15:00+00:00,7705.25,7700.25,7715.25,2019-04-17 17:27:00+00:00,7700.25,stop,-10.0,0.0,-10.0,10.0,-1.0
-1,1,2019-04-17 17:29:00+00:00,2019-04-17 17:30:00+00:00,7697.75,7710.75,7671.75,2019-04-17 19:55:00+00:00,7701.75,tiempo,-8.0,0.0,-8.0,26.0,-0.3076923076923077
1,1,2019-04-18 14:59:00+00:00,2019-04-18 15:00:00+00:00,7690.0,7672.5,7725.0,2019-04-18 19:55:00+00:00,7705.25,tiempo,30.5,0.0,30.5,35.0,0.8714285714285714
1,1,2019-04-24 14:14:00+00:00,2019-04-24 14:15:00+00:00,7831.75,7817.25,7860.75,2019-04-24 16:45:00+00:00,7817.25,stop,-29.0,0.0,-29.0,29.0,-1.0
1,1,2019-04-25 13:59:00+00:00,2019-04-25 14:00:00+00:00,7852.5,7839.0,7879.5,2019-04-25 14:08:00+00:00,7839.0,stop,-27.0,0.0,-27.0,27.0,-1.0
-1,1,2019-04-25 14:14:00+00:00,2019-04-25 14:15:00+00:00,7809.0,7860.75,7705.5,2019-04-25 19:55:00+00:00,7841.25,tiempo,-64.5,0.0,-64.5,103.5,-0.6231884057971014
1,1,2019-04-26 14:29:00+00:00,2019-04-26 14:30:00+00:00,7794.25,7781.5,7819.75,2019-04-26 18:22:00+00:00,7819.75,objetivo,51.0,0.0,51.0,25.5,2.0
1,1,2019-04-29 14:14:00+00:00,2019-04-29 14:15:00+00:00,7843.0,7827.25,7874.5,2019-04-29 19:55:00+00:00,7849.0,tiempo,12.0,0.0,12.0,31.5,0.38095238095238093
-1,1,2019-04-30 13:59:00+00:00,2019-04-30 14:00:00+00:00,7794.0,7802.25,7777.5,2019-04-30 14:05:00+00:00,7802.25,stop,-16.5,0.0,-16.5,16.5,-1.0
1,1,2019-04-30 14:14:00+00:00,2019-04-30 14:15:00+00:00,7797.25,7786.0,7819.75,2019-04-30 14:24:00+00:00,7786.0,stop,-22.5,0.0,-22.5,22.5,-1.0
-1,1,2019-04-30 14:29:00+00:00,2019-04-30 14:30:00+00:00,7779.25,7799.5,7738.75,2019-04-30 17:49:00+00:00,7799.5,stop,-40.5,0.0,-40.5,40.5,-1.0
1,1,2019-05-01 14:14:00+00:00,2019-05-01 14:15:00+00:00,7852.5,7824.75,7908.0,2019-05-01 18:40:00+00:00,7824.75,stop,-55.5,0.0,-55.5,55.5,-1.0
-1,1,2019-05-01 18:44:00+00:00,2019-05-01 18:45:00+00:00,7832.0,7865.0,7766.0,2019-05-01 19:55:00+00:00,7769.0,tiempo,126.0,0.0,126.0,66.0,1.9090909090909092
-1,1,2019-05-02 14:59:00+00:00,2019-05-02 15:00:00+00:00,7766.75,7787.0,7726.25,2019-05-02 15:40:00+00:00,7726.25,objetivo,81.0,0.0,81.0,40.5,2.0
1,1,2019-05-03 13:59:00+00:00,2019-05-03 14:00:00+00:00,7806.5,7782.5,7854.5,2019-05-03 17:28:00+00:00,7854.5,objetivo,96.0,0.0,96.0,48.0,2.0
-1,1,2019-05-06 16:29:00+00:00,2019-05-06 16:30:00+00:00,7751.5,7762.25,7730.0,2019-05-06 16:39:00+00:00,7762.25,stop,-21.5,0.0,-21.5,21.5,-1.0
1,1,2019-05-06 16:44:00+00:00,2019-05-06 16:45:00+00:00,7759.0,7751.25,7774.5,2019-05-06 16:54:00+00:00,7751.25,stop,-15.5,0.0,-15.5,15.5,-1.0
-1,1,2019-05-06 16:59:00+00:00,2019-05-06 17:00:00+00:00,7747.75,7760.25,7722.75,2019-05-06 17:14:00+00:00,7760.25,stop,-25.0,0.0,-25.0,25.0,-1.0
1,1,2019-05-06 17:14:00+00:00,2019-05-06 17:15:00+00:00,7760.0,7741.5,7797.0,2019-05-06 18:43:00+00:00,7797.0,objetivo,74.0,0.0,74.0,37.0,2.0
-1,1,2019-05-08 14:29:00+00:00,2019-05-08 14:30:00+00:00,7635.0,7656.5,7592.0,2019-05-08 14:59:00+00:00,7656.5,stop,-43.0,0.0,-43.0,43.0,-1.0
-1,1,2019-05-08 15:44:00+00:00,2019-05-08 15:45:00+00:00,7646.0,7675.75,7586.5,2019-05-08 16:46:00+00:00,7675.75,stop,-59.5,0.0,-59.5,59.5,-1.0
1,1,2019-05-09 15:14:00+00:00,2019-05-09 15:15:00+00:00,7514.0,7487.25,7567.5,2019-05-09 16:31:00+00:00,7567.5,objetivo,107.0,0.0,107.0,53.5,2.0
-1,1,2019-05-10 13:59:00+00:00,2019-05-10 14:00:00+00:00,7550.25,7588.25,7474.25,2019-05-10 14:38:00+00:00,7474.25,objetivo,152.0,0.0,152.0,76.0,2.0
1,1,2019-05-10 16:29:00+00:00,2019-05-10 16:30:00+00:00,7509.5,7484.0,7560.5,2019-05-10 17:22:00+00:00,7560.5,objetivo,102.0,0.0,102.0,51.0,2.0
-1,1,2019-05-13 13:59:00+00:00,2019-05-13 14:00:00+00:00,7391.5,7438.25,7298.0,2019-05-13 19:55:00+00:00,7337.5,tiempo,108.0,0.0,108.0,93.5,1.1550802139037433
-1,1,2019-05-14 13:59:00+00:00,2019-05-14 14:00:00+00:00,7362.25,7395.0,7296.75,2019-05-14 14:17:00+00:00,7395.0,stop,-65.5,0.0,-65.5,65.5,-1.0
-1,1,2019-05-17 14:14:00+00:00,2019-05-17 14:15:00+00:00,7530.5,7561.75,7468.0,2019-05-17 14:23:00+00:00,7561.75,stop,-62.5,0.0,-62.5,62.5,-1.0
1,1,2019-05-17 14:29:00+00:00,2019-05-17 14:30:00+00:00,7571.5,7525.25,7664.0,2019-05-17 19:10:00+00:00,7525.25,stop,-92.5,0.0,-92.5,92.5,-1.0
1,1,2019-05-20 13:59:00+00:00,2019-05-20 14:00:00+00:00,7400.5,7372.25,7457.0,2019-05-20 19:09:00+00:00,7372.25,stop,-56.5,0.0,-56.5,56.5,-1.0
1,1,2019-05-21 14:44:00+00:00,2019-05-21 14:45:00+00:00,7464.75,7437.0,7520.25,2019-05-21 19:55:00+00:00,7460.25,tiempo,-9.0,0.0,-9.0,55.5,-0.16216216216216217
-1,1,2019-05-22 14:44:00+00:00,2019-05-22 14:45:00+00:00,7438.75,7455.75,7404.75,2019-05-22 15:30:00+00:00,7455.75,stop,-34.0,0.0,-34.0,34.0,-1.0
-1,1,2019-05-22 15:44:00+00:00,2019-05-22 15:45:00+00:00,7437.25,7458.75,7394.25,2019-05-22 18:35:00+00:00,7458.75,stop,-43.0,0.0,-43.0,43.0,-1.0
1,1,2019-05-23 14:29:00+00:00,2019-05-23 14:30:00+00:00,7324.5,7301.25,7371.0,2019-05-23 15:56:00+00:00,7301.25,stop,-46.5,0.0,-46.5,46.5,-1.0
-1,1,2019-05-24 13:59:00+00:00,2019-05-24 14:00:00+00:00,7364.0,7379.25,7333.5,2019-05-24 14:46:00+00:00,7333.5,objetivo,61.0,0.0,61.0,30.5,2.0
1,1,2019-05-27 16:29:00+00:00,2019-05-27 16:30:00+00:00,7315.25,7312.5,7320.75,2019-05-27 16:59:00+00:00,7318.25,fin_de_datos,6.0,0.0,6.0,5.5,1.0909090909090908
-1,1,2019-05-28 14:14:00+00:00,2019-05-28 14:15:00+00:00,7341.0,7363.25,7296.5,2019-05-28 19:29:00+00:00,7296.5,objetivo,89.0,0.0,89.0,44.5,2.0
-1,1,2019-05-29 13:59:00+00:00,2019-05-29 14:00:00+00:00,7228.75,7242.75,7200.75,2019-05-29 14:14:00+00:00,7242.75,stop,-28.0,0.0,-28.0,28.0,-1.0
1,1,2019-05-29 14:14:00+00:00,2019-05-29 14:15:00+00:00,7244.0,7218.5,7295.0,2019-05-29 15:14:00+00:00,7218.5,stop,-51.0,0.0,-51.0,51.0,-1.0
1,1,2019-05-29 17:14:00+00:00,2019-05-29 17:15:00+00:00,7230.75,7199.5,7293.25,2019-05-29 18:41:00+00:00,7199.5,stop,-62.5,0.0,-62.5,62.5,-1.0
-1,1,2019-05-29 18:44:00+00:00,2019-05-29 18:45:00+00:00,7198.75,7229.5,7137.25,2019-05-29 19:35:00+00:00,7229.5,stop,-61.5,0.0,-61.5,61.5,-1.0
-1,1,2019-05-30 14:14:00+00:00,2019-05-30 14:15:00+00:00,7257.0,7267.75,7235.5,2019-05-30 14:34:00+00:00,7267.75,stop,-21.5,0.0,-21.5,21.5,-1.0
-1,1,2019-05-30 14:59:00+00:00,2019-05-30 15:00:00+00:00,7245.75,7263.75,7209.75,2019-05-30 18:39:00+00:00,7209.75,objetivo,72.0,0.0,72.0,36.0,2.0
1,1,2019-05-31 14:29:00+00:00,2019-05-31 14:30:00+00:00,7163.75,7146.75,7197.75,2019-05-31 18:32:00+00:00,7146.75,stop,-34.0,0.0,-34.0,34.0,-1.0
1,1,2019-06-03 14:29:00+00:00,2019-06-03 14:30:00+00:00,7080.75,7048.0,7146.25,2019-06-03 16:04:00+00:00,7048.0,stop,-65.5,0.0,-65.5,65.5,-1.0
1,1,2019-06-04 14:14:00+00:00,2019-06-04 14:15:00+00:00,7056.0,7029.75,7108.5,2019-06-04 15:07:00+00:00,7108.5,objetivo,105.0,0.0,105.0,52.5,2.0
1,1,2019-06-05 15:29:00+00:00,2019-06-05 15:30:00+00:00,7205.75,7180.25,7256.75,2019-06-05 19:55:00+00:00,7226.0,tiempo,40.5,0.0,40.5,51.0,0.7941176470588235
1,1,2019-06-06 14:44:00+00:00,2019-06-06 14:45:00+00:00,7232.5,7204.0,7289.5,2019-06-06 19:33:00+00:00,7289.5,objetivo,114.0,0.0,114.0,57.0,2.0
-1,1,2019-06-10 17:44:00+00:00,2019-06-10 17:45:00+00:00,7530.25,7543.0,7504.75,2019-06-10 18:16:00+00:00,7504.75,objetivo,51.0,0.0,51.0,25.5,2.0
1,1,2019-06-11 14:29:00+00:00,2019-06-11 14:30:00+00:00,7578.0,7557.25,7619.5,2019-06-11 14:43:00+00:00,7557.25,stop,-41.5,0.0,-41.5,41.5,-1.0
-1,1,2019-06-11 14:44:00+00:00,2019-06-11 14:45:00+00:00,7550.5,7579.25,7493.0,2019-06-11 17:00:00+00:00,7493.0,objetivo,115.0,0.0,115.0,57.5,2.0
-1,1,2019-06-12 14:14:00+00:00,2019-06-12 14:15:00+00:00,7485.25,7506.25,7443.25,2019-06-12 19:55:00+00:00,7476.5,tiempo,17.5,0.0,17.5,42.0,0.4166666666666667
-1,1,2019-06-13 14:14:00+00:00,2019-06-13 14:15:00+00:00,7517.0,7536.0,7479.0,2019-06-13 19:55:00+00:00,7500.0,tiempo,34.0,0.0,34.0,38.0,0.8947368421052632
1,1,2019-06-14 14:14:00+00:00,2019-06-14 14:15:00+00:00,7473.75,7459.5,7502.25,2019-06-14 15:14:00+00:00,7459.5,stop,-28.5,0.0,-28.5,28.5,-1.0
-1,1,2019-06-14 15:14:00+00:00,2019-06-14 15:15:00+00:00,7460.5,7485.75,7410.0,2019-06-14 15:31:00+00:00,7485.75,stop,-50.5,0.0,-50.5,50.5,-1.0
1,1,2019-06-20 13:59:00+00:00,2019-06-20 14:00:00+00:00,7790.25,7777.0,7816.75,2019-06-20 14:17:00+00:00,7777.0,stop,-26.5,0.0,-26.5,26.5,-1.0
1,1,2019-06-21 13:59:00+00:00,2019-06-21 14:00:00+00:00,7754.25,7738.25,7786.25,2019-06-21 14:48:00+00:00,7786.25,objetivo,64.0,0.0,64.0,32.0,2.0
-1,1,2019-06-21 15:59:00+00:00,2019-06-21 16:00:00+00:00,7763.75,7773.75,7743.75,2019-06-21 19:08:00+00:00,7773.75,stop,-20.0,0.0,-20.0,20.0,-1.0
1,1,2019-06-24 14:14:00+00:00,2019-06-24 14:15:00+00:00,7771.75,7750.25,7814.75,2019-06-24 19:55:00+00:00,7753.25,tiempo,-37.0,0.0,-37.0,43.0,-0.8604651162790697
-1,1,2019-06-26 14:14:00+00:00,2019-06-26 14:15:00+00:00,7684.75,7708.0,7638.25,2019-06-26 19:55:00+00:00,7658.0,tiempo,53.5,0.0,53.5,46.5,1.1505376344086022
-1,1,2019-06-27 14:44:00+00:00,2019-06-27 14:45:00+00:00,7686.0,7696.0,7666.0,2019-06-27 15:25:00+00:00,7666.0,objetivo,40.0,0.0,40.0,20.0,2.0
1,1,2019-06-27 16:14:00+00:00,2019-06-27 16:15:00+00:00,7687.25,7671.0,7719.75,2019-06-27 19:55:00+00:00,7684.75,tiempo,-5.0,0.0,-5.0,32.5,-0.15384615384615385
1,1,2019-06-28 14:59:00+00:00,2019-06-28 15:00:00+00:00,7681.25,7676.5,7690.75,2019-06-28 15:02:00+00:00,7676.5,stop,-9.5,0.0,-9.5,9.5,-1.0
-1,1,2019-06-28 15:14:00+00:00,2019-06-28 15:15:00+00:00,7678.5,7681.5,7672.5,2019-06-28 15:16:00+00:00,7681.5,stop,-6.0,0.0,-6.0,6.0,-1.0
1,1,2019-06-28 15:29:00+00:00,2019-06-28 15:30:00+00:00,7684.0,7677.75,7696.5,2019-06-28 16:01:00+00:00,7696.5,objetivo,25.0,0.0,25.0,12.5,2.0
-1,1,2019-06-28 17:44:00+00:00,2019-06-28 17:45:00+00:00,7683.5,7689.5,7671.5,2019-06-28 18:52:00+00:00,7671.5,objetivo,24.0,0.0,24.0,12.0,2.0
-1,1,2019-07-02 13:59:00+00:00,2019-07-02 14:00:00+00:00,7786.25,7795.0,7768.75,2019-07-02 14:03:00+00:00,7795.0,stop,-17.5,0.0,-17.5,17.5,-1.0
1,1,2019-07-02 14:29:00+00:00,2019-07-02 14:30:00+00:00,7798.25,7781.5,7831.75,2019-07-02 15:39:00+00:00,7781.5,stop,-33.5,0.0,-33.5,33.5,-1.0
-1,1,2019-07-02 15:44:00+00:00,2019-07-02 15:45:00+00:00,7784.75,7797.5,7759.25,2019-07-02 18:14:00+00:00,7797.5,stop,-25.5,0.0,-25.5,25.5,-1.0
-1,1,2019-07-04 13:59:00+00:00,2019-07-04 14:00:00+00:00,7898.5,7900.5,7894.5,2019-07-04 14:07:00+00:00,7894.5,objetivo,8.0,0.0,8.0,4.0,2.0
1,1,2019-07-04 14:44:00+00:00,2019-07-04 14:45:00+00:00,7898.25,7894.25,7906.25,2019-07-04 15:19:00+00:00,7906.25,objetivo,16.0,0.0,16.0,8.0,2.0
1,1,2019-07-05 15:14:00+00:00,2019-07-05 15:15:00+00:00,7817.75,7803.25,7846.75,2019-07-05 16:39:00+00:00,7846.75,objetivo,58.0,0.0,58.0,29.0,2.0
1,1,2019-07-08 14:14:00+00:00,2019-07-08 14:15:00+00:00,7797.0,7778.25,7834.5,2019-07-08 19:55:00+00:00,7809.25,tiempo,24.5,0.0,24.5,37.5,0.6533333333333333
-1,1,2019-07-10 14:29:00+00:00,2019-07-10 14:30:00+00:00,7911.25,7935.0,7863.75,2019-07-10 17:45:00+00:00,7935.0,stop,-47.5,0.0,-47.5,47.5,-1.0
-1,1,2019-07-10 18:14:00+00:00,2019-07-10 18:15:00+00:00,7916.5,7937.5,7874.5,2019-07-10 19:55:00+00:00,7927.75,tiempo,-22.5,0.0,-22.5,42.0,-0.5357142857142857
-1,1,2019-07-11 14:14:00+00:00,2019-07-11 14:15:00+00:00,7937.25,7954.0,7903.75,2019-07-11 15:35:00+00:00,7954.0,stop,-33.5,0.0,-33.5,33.5,-1.0
-1,1,2019-07-11 17:29:00+00:00,2019-07-11 17:30:00+00:00,7924.75,7944.0,7886.25,2019-07-11 19:55:00+00:00,7919.0,tiempo,11.5,0.0,11.5,38.5,0.2987012987012987
-1,1,2019-07-12 14:14:00+00:00,2019-07-12 14:15:00+00:00,7937.25,7950.0,7911.75,2019-07-12 16:01:00+00:00,7950.0,stop,-25.5,0.0,-25.5,25.5,-1.0
1,1,2019-07-15 14:29:00+00:00,2019-07-15 14:30:00+00:00,7973.25,7962.25,7995.25,2019-07-15 16:46:00+00:00,7962.25,stop,-22.0,0.0,-22.0,22.0,-1.0
1,1,2019-07-15 17:44:00+00:00,2019-07-15 17:45:00+00:00,7974.25,7969.0,7984.75,2019-07-15 18:21:00+00:00,7984.75,objetivo,21.0,0.0,21.0,10.5,2.0
-1,1,2019-07-16 14:14:00+00:00,2019-07-16 14:15:00+00:00,7974.75,7985.5,7953.25,2019-07-16 16:06:00+00:00,7953.25,objetivo,43.0,0.0,43.0,21.5,2.0
1,1,2019-07-16 17:14:00+00:00,2019-07-16 17:15:00+00:00,7964.25,7951.0,7990.75,2019-07-16 17:43:00+00:00,7951.0,stop,-26.5,0.0,-26.5,26.5,-1.0
-1,1,2019-07-17 14:14:00+00:00,2019-07-17 14:15:00+00:00,7943.0,7960.75,7907.5,2019-07-17 19:55:00+00:00,7924.5,tiempo,37.0,0.0,37.0,35.5,1.0422535211267605
-1,1,2019-07-18 14:44:00+00:00,2019-07-18 14:45:00+00:00,7888.5,7900.0,7865.5,2019-07-18 15:14:00+00:00,7865.5,objetivo,46.0,0.0,46.0,23.0,2.0
1,1,2019-07-18 18:14:00+00:00,2019-07-18 18:15:00+00:00,7888.0,7873.25,7917.5,2019-07-18 18:42:00+00:00,7917.5,objetivo,59.0,0.0,59.0,29.5,2.0
-1,1,2019-07-22 14:44:00+00:00,2019-07-22 14:45:00+00:00,7896.25,7911.75,7865.25,2019-07-22 16:38:00+00:00,7911.75,stop,-31.0,0.0,-31.0,31.0,-1.0
1,1,2019-07-23 14:59:00+00:00,2019-07-23 15:00:00+00:00,7938.5,7932.5,7950.5,2019-07-23 15:01:00+00:00,7932.5,stop,-12.0,0.0,-12.0,12.0,-1.0
-1,1,2019-07-23 15:14:00+00:00,2019-07-23 15:15:00+00:00,7932.5,7938.75,7920.0,2019-07-23 15:22:00+00:00,7938.75,stop,-12.5,0.0,-12.5,12.5,-1.0
1,1,2019-07-23 15:29:00+00:00,2019-07-23 15:30:00+00:00,7936.5,7932.25,7945.0,2019-07-23 15:32:00+00:00,7932.25,stop,-8.5,0.0,-8.5,8.5,-1.0
-1,1,2019-07-23 15:44:00+00:00,2019-07-23 15:45:00+00:00,7926.0,7938.0,7902.0,2019-07-23 17:40:00+00:00,7938.0,stop,-24.0,0.0,-24.0,24.0,-1.0
1,1,2019-07-25 14:44:00+00:00,2019-07-25 14:45:00+00:00,7980.5,7956.5,8028.5,2019-07-25 15:50:00+00:00,7956.5,stop,-48.0,0.0,-48.0,48.0,-1.0
-1,1,2019-07-26 14:14:00+00:00,2019-07-26 14:15:00+00:00,8017.0,8030.5,7990.0,2019-07-26 15:55:00+00:00,8030.5,stop,-27.0,0.0,-27.0,27.0,-1.0
1,1,2019-07-29 15:29:00+00:00,2019-07-29 15:30:00+00:00,7983.75,7970.0,8011.25,2019-07-29 19:55:00+00:00,8005.75,tiempo,44.0,0.0,44.0,27.5,1.6
-1,1,2019-07-30 14:44:00+00:00,2019-07-30 14:45:00+00:00,7959.5,7973.0,7932.5,2019-07-30 15:08:00+00:00,7973.0,stop,-27.0,0.0,-27.0,27.0,-1.0
-1,1,2019-07-30 15:59:00+00:00,2019-07-30 16:00:00+00:00,7958.25,7973.75,7927.25,2019-07-30 17:48:00+00:00,7973.75,stop,-31.0,0.0,-31.0,31.0,-1.0
-1,1,2019-07-31 14:29:00+00:00,2019-07-31 14:30:00+00:00,7977.5,7991.5,7949.5,2019-07-31 18:01:00+00:00,7949.5,objetivo,56.0,0.0,56.0,28.0,2.0
-1,1,2019-08-01 17:29:00+00:00,2019-08-01 17:30:00+00:00,7933.0,7999.5,7800.0,2019-08-01 18:23:00+00:00,7800.0,objetivo,266.0,0.0,266.0,133.0,2.0
1,1,2019-08-02 16:29:00+00:00,2019-08-02 16:30:00+00:00,7706.5,7687.0,7745.5,2019-08-02 16:36:00+00:00,7687.0,stop,-39.0,0.0,-39.0,39.0,-1.0
-1,1,2019-08-02 16:44:00+00:00,2019-08-02 16:45:00+00:00,7691.75,7709.0,7657.25,2019-08-02 17:35:00+00:00,7657.25,objetivo,69.0,0.0,69.0,34.5,2.0
1,1,2019-08-05 13:59:00+00:00,2019-08-05 14:00:00+00:00,7514.0,7481.5,7579.0,2019-08-05 14:35:00+00:00,7481.5,stop,-65.0,0.0,-65.0,65.0,-1.0
1,1,2019-08-05 15:14:00+00:00,2019-08-05 15:15:00+00:00,7506.0,7477.25,7563.5,2019-08-05 15:27:00+00:00,7477.25,stop,-57.5,0.0,-57.5,57.5,-1.0
-1,1,2019-08-05 15:29:00+00:00,2019-08-05 15:30:00+00:00,7481.5,7506.0,7432.5,2019-08-05 16:55:00+00:00,7432.5,objetivo,98.0,0.0,98.0,49.0,2.0
-1,1,2019-08-06 14:14:00+00:00,2019-08-06 14:15:00+00:00,7486.25,7534.5,7389.75,2019-08-06 18:20:00+00:00,7534.5,stop,-96.5,0.0,-96.5,96.5,-1.0
1,1,2019-08-07 13:59:00+00:00,2019-08-07 14:00:00+00:00,7433.75,7387.5,7526.25,2019-08-07 14:51:00+00:00,7526.25,objetivo,185.0,0.0,185.0,92.5,2.0
-1,1,2019-08-07 16:14:00+00:00,2019-08-07 16:15:00+00:00,7469.0,7481.75,7443.5,2019-08-07 16:41:00+00:00,7481.75,stop,-25.5,0.0,-25.5,25.5,-1.0
1,1,2019-08-07 16:44:00+00:00,2019-08-07 16:45:00+00:00,7490.25,7456.25,7558.25,2019-08-07 18:45:00+00:00,7558.25,objetivo,136.0,0.0,136.0,68.0,2.0
1,1,2019-08-08 13:59:00+00:00,2019-08-08 14:00:00+00:00,7619.75,7578.0,7703.25,2019-08-08 17:02:00+00:00,7703.25,objetivo,167.0,0.0,167.0,83.5,2.0
1,1,2019-08-09 17:14:00+00:00,2019-08-09 17:15:00+00:00,7654.5,7643.0,7677.5,2019-08-09 17:30:00+00:00,7677.5,objetivo,46.0,0.0,46.0,23.0,2.0
1,1,2019-08-12 14:29:00+00:00,2019-08-12 14:30:00+00:00,7619.25,7591.0,7675.75,2019-08-12 15:10:00+00:00,7591.0,stop,-56.5,0.0,-56.5,56.5,-1.0
-1,1,2019-08-12 15:14:00+00:00,2019-08-12 15:15:00+00:00,7580.75,7615.5,7511.25,2019-08-12 15:45:00+00:00,7615.5,stop,-69.5,0.0,-69.5,69.5,-1.0
-1,1,2019-08-12 17:44:00+00:00,2019-08-12 17:45:00+00:00,7591.0,7608.25,7556.5,2019-08-12 18:40:00+00:00,7556.5,objetivo,69.0,0.0,69.0,34.5,2.0
1,1,2019-08-14 13:59:00+00:00,2019-08-14 14:00:00+00:00,7620.0,7586.0,7688.0,2019-08-14 14:04:00+00:00,7586.0,stop,-68.0,0.0,-68.0,68.0,-1.0
-1,1,2019-08-14 14:14:00+00:00,2019-08-14 14:15:00+00:00,7583.5,7621.5,7507.5,2019-08-14 16:03:00+00:00,7507.5,objetivo,152.0,0.0,152.0,76.0,2.0
1,1,2019-08-15 13:59:00+00:00,2019-08-15 14:00:00+00:00,7516.5,7485.5,7578.5,2019-08-15 14:30:00+00:00,7485.5,stop,-62.0,0.0,-62.0,62.0,-1.0
1,1,2019-08-15 14:44:00+00:00,2019-08-15 14:45:00+00:00,7507.0,7485.25,7550.5,2019-08-15 15:04:00+00:00,7485.25,stop,-43.5,0.0,-43.5,43.5,-1.0
1,1,2019-08-15 15:59:00+00:00,2019-08-15 16:00:00+00:00,7507.5,7481.75,7559.0,2019-08-15 17:36:00+00:00,7481.75,stop,-51.5,0.0,-51.5,51.5,-1.0
1,1,2019-08-16 14:14:00+00:00,2019-08-16 14:15:00+00:00,7573.0,7562.75,7593.5,2019-08-16 14:21:00+00:00,7593.5,objetivo,41.0,0.0,41.0,20.5,2.0
-1,1,2019-08-19 13:59:00+00:00,2019-08-19 14:00:00+00:00,7720.5,7739.25,7683.0,2019-08-19 15:37:00+00:00,7739.25,stop,-37.5,0.0,-37.5,37.5,-1.0
1,1,2019-08-20 14:14:00+00:00,2019-08-20 14:15:00+00:00,7708.25,7687.25,7750.25,2019-08-20 18:14:00+00:00,7687.25,stop,-42.0,0.0,-42.0,42.0,-1.0
-1,1,2019-08-21 14:14:00+00:00,2019-08-21 14:15:00+00:00,7746.25,7762.0,7714.75,2019-08-21 18:00:00+00:00,7714.75,objetivo,63.0,0.0,63.0,31.5,2.0
-1,1,2019-08-22 14:14:00+00:00,2019-08-22 14:15:00+00:00,7734.5,7764.5,7674.5,2019-08-22 14:33:00+00:00,7674.5,objetivo,120.0,0.0,120.0,60.0,2.0
1,1,2019-08-22 16:44:00+00:00,2019-08-22 16:45:00+00:00,7706.0,7693.25,7731.5,2019-08-22 18:45:00+00:00,7731.5,objetivo,51.0,0.0,51.0,25.5,2.0
-1,1,2019-08-23 13:59:00+00:00,2019-08-23 14:00:00+00:00,7654.75,7669.75,7624.75,2019-08-23 14:02:00+00:00,7669.75,stop,-30.0,0.0,-30.0,30.0,-1.0
1,1,2019-08-23 14:14:00+00:00,2019-08-23 14:15:00+00:00,7679.25,7640.0,7757.75,2019-08-23 15:02:00+00:00,7640.0,stop,-78.5,0.0,-78.5,78.5,-1.0
-1,1,2019-08-23 15:14:00+00:00,2019-08-23 15:15:00+00:00,7577.25,7707.25,7317.25,2019-08-23 19:55:00+00:00,7455.5,tiempo,243.5,0.0,243.5,260.0,0.9365384615384615
1,1,2019-08-26 13:59:00+00:00,2019-08-26 14:00:00+00:00,7547.25,7525.25,7591.25,2019-08-26 14:09:00+00:00,7525.25,stop,-44.0,0.0,-44.0,44.0,-1.0
-1,1,2019-08-26 14:14:00+00:00,2019-08-26 14:15:00+00:00,7524.25,7557.75,7457.25,2019-08-26 15:12:00+00:00,7557.75,stop,-67.0,0.0,-67.0,67.0,-1.0
-1,1,2019-08-26 18:14:00+00:00,2019-08-26 18:15:00+00:00,7543.0,7560.25,7508.5,2019-08-26 19:00:00+00:00,7560.25,stop,-34.5,0.0,-34.5,34.5,-1.0
-1,1,2019-08-29 14:14:00+00:00,2019-08-29 14:15:00+00:00,7700.0,7717.5,7665.0,2019-08-29 14:37:00+00:00,7665.0,objetivo,70.0,0.0,70.0,35.0,2.0
1,1,2019-08-29 15:14:00+00:00,2019-08-29 15:15:00+00:00,7704.75,7690.0,7734.25,2019-08-29 19:55:00+00:00,7706.0,tiempo,2.5,0.0,2.5,29.5,0.0847457627118644
1,1,2019-09-02 14:14:00+00:00,2019-09-02 14:15:00+00:00,7658.0,7646.5,7681.0,2019-09-02 15:49:00+00:00,7646.5,stop,-23.0,0.0,-23.0,23.0,-1.0
-1,1,2019-09-02 15:59:00+00:00,2019-09-02 16:00:00+00:00,7627.5,7665.0,7552.5,2019-09-02 16:59:00+00:00,7612.25,fin_de_datos,30.5,0.0,30.5,75.0,0.4066666666666667
-1,1,2019-09-03 14:14:00+00:00,2019-09-03 14:15:00+00:00,7603.25,7667.75,7474.25,2019-09-03 19:55:00+00:00,7624.0,tiempo,-41.5,0.0,-41.5,129.0,-0.32170542635658916
-1,1,2019-09-04 13:59:00+00:00,2019-09-04 14:00:00+00:00,7687.0,7705.5,7650.0,2019-09-04 16:47:00+00:00,7705.5,stop,-37.0,0.0,-37.0,37.0,-1.0
-1,1,2019-09-05 15:59:00+00:00,2019-09-05 16:00:00+00:00,7853.25,7863.75,7832.25,2019-09-05 16:15:00+00:00,7863.75,stop,-21.0,0.0,-21.0,21.0,-1.0
-1,1,2019-09-05 16:29:00+00:00,2019-09-05 16:30:00+00:00,7850.75,7863.75,7824.75,2019-09-05 18:53:00+00:00,7863.75,stop,-26.0,0.0,-26.0,26.0,-1.0
1,1,2019-09-06 14:29:00+00:00,2019-09-06 14:30:00+00:00,7863.0,7848.0,7893.0,2019-09-06 16:46:00+00:00,7848.0,stop,-30.0,0.0,-30.0,30.0,-1.0
1,1,2019-09-06 17:14:00+00:00,2019-09-06 17:15:00+00:00,7863.25,7856.0,7877.75,2019-09-06 19:30:00+00:00,7877.75,objetivo,29.0,0.0,29.0,14.5,2.0
-1,1,2019-09-09 13:59:00+00:00,2019-09-09 14:00:00+00:00,7852.0,7874.0,7808.0,2019-09-09 14:58:00+00:00,7874.0,stop,-44.0,0.0,-44.0,44.0,-1.0
-1,1,2019-09-09 15:44:00+00:00,2019-09-09 15:45:00+00:00,7864.25,7873.5,7845.75,2019-09-09 16:12:00+00:00,7845.75,objetivo,37.0,0.0,37.0,18.5,2.0
1,1,2019-09-10 14:29:00+00:00,2019-09-10 14:30:00+00:00,7782.0,7757.25,7831.5,2019-09-10 15:24:00+00:00,7757.25,stop,-49.5,0.0,-49.5,49.5,-1.0
-1,1,2019-09-10 15:29:00+00:00,2019-09-10 15:30:00+00:00,7757.75,7772.0,7729.25,2019-09-10 15:47:00+00:00,7772.0,stop,-28.5,0.0,-28.5,28.5,-1.0
1,1,2019-09-10 15:59:00+00:00,2019-09-10 16:00:00+00:00,7782.0,7753.75,7838.5,2019-09-10 19:55:00+00:00,7786.25,tiempo,8.5,0.0,8.5,56.5,0.1504424778761062
1,1,2019-09-12 14:14:00+00:00,2019-09-12 14:15:00+00:00,7953.75,7926.5,8008.25,2019-09-12 14:51:00+00:00,7926.5,stop,-54.5,0.0,-54.5,54.5,-1.0
-1,1,2019-09-12 14:59:00+00:00,2019-09-12 15:00:00+00:00,7934.75,7966.75,7870.75,2019-09-12 19:55:00+00:00,7934.0,tiempo,1.5,0.0,1.5,64.0,0.0234375
-1,1,2019-09-13 14:14:00+00:00,2019-09-13 14:15:00+00:00,7892.25,7908.5,7859.75,2019-09-13 14:22:00+00:00,7908.5,stop,-32.5,0.0,-32.5,32.5,-1.0
1,1,2019-09-13 14:29:00+00:00,2019-09-13 14:30:00+00:00,7910.5,7891.25,7949.0,2019-09-13 16:42:00+00:00,7891.25,stop,-38.5,0.0,-38.5,38.5,-1.0
-1,1,2019-09-17 13:59:00+00:00,2019-09-17 14:00:00+00:00,7879.25,7891.75,7854.25,2019-09-17 15:24:00+00:00,7891.75,stop,-25.0,0.0,-25.0,25.0,-1.0
-1,1,2019-09-17 16:44:00+00:00,2019-09-17 16:45:00+00:00,7880.0,7882.0,7876.0,2019-09-17 16:49:00+00:00,7882.0,stop,-4.0,0.0,-4.0,4.0,-1.0
1,1,2019-09-17 17:14:00+00:00,2019-09-17 17:15:00+00:00,7881.75,7877.25,7890.75,2019-09-17 17:59:00+00:00,7890.75,objetivo,18.0,0.0,18.0,9.0,2.0
1,1,2019-09-18 14:29:00+00:00,2019-09-18 14:30:00+00:00,7895.5,7889.25,7908.0,2019-09-18 14:50:00+00:00,7889.25,stop,-12.5,0.0,-12.5,12.5,-1.0
-1,1,2019-09-18 15:14:00+00:00,2019-09-18 15:15:00+00:00,7892.5,7896.75,7884.0,2019-09-18 16:53:00+00:00,7884.0,objetivo,17.0,0.0,17.0,8.5,2.0
-1,1,2019-09-19 15:44:00+00:00,2019-09-19 15:45:00+00:00,7953.5,7968.75,7923.0,2019-09-19 16:29:00+00:00,7923.0,objetivo,61.0,0.0,61.0,30.5,2.0
-1,1,2019-09-20 13:59:00+00:00,2019-09-20 14:00:00+00:00,7926.75,7941.5,7897.25,2019-09-20 15:36:00+00:00,7897.25,objetivo,59.0,0.0,59.0,29.5,2.0
-1,1,2019-09-23 14:14:00+00:00,2019-09-23 14:15:00+00:00,7814.0,7838.0,7766.0,2019-09-23 14:30:00+00:00,7838.0,stop,-48.0,0.0,-48.0,48.0,-1.0
-1,1,2019-09-23 14:44:00+00:00,2019-09-23 14:45:00+00:00,7827.75,7842.75,7797.75,2019-09-23 15:29:00+00:00,7842.75,stop,-30.0,0.0,-30.0,30.0,-1.0
1,1,2019-09-23 15:29:00+00:00,2019-09-23 15:30:00+00:00,7841.5,7824.25,7876.0,2019-09-23 19:55:00+00:00,7847.25,tiempo,11.5,0.0,11.5,34.5,0.3333333333333333
-1,1,2019-09-24 14:14:00+00:00,2019-09-24 14:15:00+00:00,7870.0,7886.75,7836.5,2019-09-24 14:46:00+00:00,7836.5,objetivo,67.0,0.0,67.0,33.5,2.0
1,1,2019-09-25 14:29:00+00:00,2019-09-25 14:30:00+00:00,7713.5,7686.75,7767.0,2019-09-25 16:09:00+00:00,7767.0,objetivo,107.0,0.0,107.0,53.5,2.0
1,1,2019-09-26 14:44:00+00:00,2019-09-26 14:45:00+00:00,7783.25,7774.25,7801.25,2019-09-26 14:56:00+00:00,7774.25,stop,-18.0,0.0,-18.0,18.0,-1.0
-1,1,2019-09-26 14:59:00+00:00,2019-09-26 15:00:00+00:00,7771.75,7797.0,7721.25,2019-09-26 18:09:00+00:00,7797.0,stop,-50.5,0.0,-50.5,50.5,-1.0
1,1,2019-09-27 14:44:00+00:00,2019-09-27 14:45:00+00:00,7776.75,7754.25,7821.75,2019-09-27 15:37:00+00:00,7754.25,stop,-45.0,0.0,-45.0,45.0,-1.0
-1,1,2019-09-27 15:44:00+00:00,2019-09-27 15:45:00+00:00,7731.25,7790.75,7612.25,2019-09-27 19:55:00+00:00,7694.0,tiempo,74.5,0.0,74.5,119.0,0.6260504201680672
-1,1,2019-09-30 14:44:00+00:00,2019-09-30 14:45:00+00:00,7728.5,7742.5,7700.5,2019-09-30 14:56:00+00:00,7742.5,stop,-28.0,0.0,-28.0,28.0,-1.0
1,1,2019-09-30 14:59:00+00:00,2019-09-30 15:00:00+00:00,7740.25,7725.0,7770.75,2019-09-30 16:26:00+00:00,7770.75,objetivo,61.0,0.0,61.0,30.5,2.0
-1,1,2019-10-01 14:14:00+00:00,2019-10-01 14:15:00+00:00,7767.5,7834.5,7633.5,2019-10-01 19:55:00+00:00,7707.75,tiempo,119.5,0.0,119.5,134.0,0.8917910447761194
1,1,2019-10-03 13:59:00+00:00,2019-10-03 14:00:00+00:00,7572.0,7563.0,7590.0,2019-10-03 14:00:00+00:00,7563.0,stop,-18.0,0.0,-18.0,18.0,-1.0
-1,1,2019-10-03 14:14:00+00:00,2019-10-03 14:15:00+00:00,7496.75,7572.0,7346.25,2019-10-03 15:02:00+00:00,7572.0,stop,-150.5,0.0,-150.5,150.5,-1.0
1,1,2019-10-04 13:59:00+00:00,2019-10-04 14:00:00+00:00,7717.5,7686.5,7779.5,2019-10-04 19:55:00+00:00,7766.5,tiempo,98.0,0.0,98.0,62.0,1.5806451612903225
1,1,2019-10-07 13:59:00+00:00,2019-10-07 14:00:00+00:00,7739.5,7724.25,7770.0,2019-10-07 14:55:00+00:00,7770.0,objetivo,61.0,0.0,61.0,30.5,2.0
-1,1,2019-10-07 17:14:00+00:00,2019-10-07 17:15:00+00:00,7755.75,7776.5,7714.25,2019-10-07 17:32:00+00:00,7776.5,stop,-41.5,0.0,-41.5,41.5,-1.0
-1,1,2019-10-07 18:44:00+00:00,2019-10-07 18:45:00+00:00,7756.5,7769.0,7731.5,2019-10-07 19:55:00+00:00,7737.25,tiempo,38.5,0.0,38.5,25.0,1.54
1,1,2019-10-08 14:59:00+00:00,2019-10-08 15:00:00+00:00,7664.5,7639.0,7715.5,2019-10-08 15:33:00+00:00,7639.0,stop,-51.0,0.0,-51.0,51.0,-1.0
1,1,2019-10-08 16:14:00+00:00,2019-10-08 16:15:00+00:00,7655.25,7644.5,7676.75,2019-10-08 16:45:00+00:00,7676.75,objetivo,43.0,0.0,43.0,21.5,2.0
-1,1,2019-10-09 13:59:00+00:00,2019-10-09 14:00:00+00:00,7672.75,7696.75,7624.75,2019-10-09 15:00:00+00:00,7696.75,stop,-48.0,0.0,-48.0,48.0,-1.0
-1,1,2019-10-09 15:14:00+00:00,2019-10-09 15:15:00+00:00,7673.25,7697.25,7625.25,2019-10-09 15:45:00+00:00,7697.25,stop,-48.0,0.0,-48.0,48.0,-1.0
-1,1,2019-10-10 16:29:00+00:00,2019-10-10 16:30:00+00:00,7747.75,7767.5,7708.25,2019-10-10 18:08:00+00:00,7708.25,objetivo,79.0,0.0,79.0,39.5,2.0
-1,1,2019-10-10 18:14:00+00:00,2019-10-10 18:15:00+00:00,7736.0,7754.25,7699.5,2019-10-10 19:25:00+00:00,7754.25,stop,-36.5,0.0,-36.5,36.5,-1.0
-1,1,2019-10-11 16:14:00+00:00,2019-10-11 16:15:00+00:00,7881.25,7888.75,7866.25,2019-10-11 16:32:00+00:00,7866.25,objetivo,30.0,0.0,30.0,15.0,2.0
-1,1,2019-10-11 16:44:00+00:00,2019-10-11 16:45:00+00:00,7875.5,7885.0,7856.5,2019-10-11 16:53:00+00:00,7885.0,stop,-19.0,0.0,-19.0,19.0,-1.0
1,1,2019-10-11 16:59:00+00:00,2019-10-11 17:00:00+00:00,7889.0,7874.75,7917.5,2019-10-11 19:39:00+00:00,7917.5,objetivo,57.0,0.0,57.0,28.5,2.0
1,1,2019-10-14 13:59:00+00:00,2019-10-14 14:00:00+00:00,7856.5,7838.5,7892.5,2019-10-14 19:55:00+00:00,7863.75,tiempo,14.5,0.0,14.5,36.0,0.4027777777777778
-1,1,2019-10-16 13:59:00+00:00,2019-10-16 14:00:00+00:00,7920.5,7932.0,7897.5,2019-10-16 14:26:00+00:00,7932.0,stop,-23.0,0.0,-23.0,23.0,-1.0
1,1,2019-10-16 14:29:00+00:00,2019-10-16 14:30:00+00:00,7936.0,7919.0,7970.0,2019-10-16 16:50:00+00:00,7919.0,stop,-34.0,0.0,-34.0,34.0,-1.0
1,1,2019-10-16 18:44:00+00:00,2019-10-16 18:45:00+00:00,7931.75,7923.75,7947.75,2019-10-16 19:13:00+00:00,7923.75,stop,-16.0,0.0,-16.0,16.0,-1.0
-1,1,2019-10-17 14:14:00+00:00,2019-10-17 14:15:00+00:00,7977.75,7985.75,7961.75,2019-10-17 14:28:00+00:00,7961.75,objetivo,32.0,0.0,32.0,16.0,2.0
1,1,2019-10-17 18:59:00+00:00,2019-10-17 19:00:00+00:00,7957.75,7952.5,7968.25,2019-10-17 19:07:00+00:00,7952.5,stop,-10.5,0.0,-10.5,10.5,-1.0
1,1,2019-10-18 13:59:00+00:00,2019-10-18 14:00:00+00:00,7950.0,7943.0,7964.0,2019-10-18 14:03:00+00:00,7943.0,stop,-14.0,0.0,-14.0,14.0,-1.0
-1,1,2019-10-18 14:14:00+00:00,2019-10-18 14:15:00+00:00,7933.25,7951.0,7897.75,2019-10-18 14:43:00+00:00,7897.75,objetivo,71.0,0.0,71.0,35.5,2.0
1,1,2019-10-21 14:29:00+00:00,2019-10-21 14:30:00+00:00,7922.25,7905.5,7955.75,2019-10-21 19:55:00+00:00,7945.75,tiempo,47.0,0.0,47.0,33.5,1.4029850746268657
-1,1,2019-10-22 13:59:00+00:00,2019-10-22 14:00:00+00:00,7970.25,7988.75,7933.25,2019-10-22 15:29:00+00:00,7933.25,objetivo,74.0,0.0,74.0,37.0,2.0
-1,1,2019-10-23 14:14:00+00:00,2019-10-23 14:15:00+00:00,7868.5,7883.0,7839.5,2019-10-23 14:52:00+00:00,7883.0,stop,-29.0,0.0,-29.0,29.0,-1.0
1,1,2019-10-23 14:59:00+00:00,2019-10-23 15:00:00+00:00,7885.0,7865.5,7924.0,2019-10-23 18:27:00+00:00,7865.5,stop,-39.0,0.0,-39.0,39.0,-1.0
-1,1,2019-10-24 13:59:00+00:00,2019-10-24 14:00:00+00:00,7931.5,7956.5,7881.5,2019-10-24 15:22:00+00:00,7956.5,stop,-50.0,0.0,-50.0,50.0,-1.0
1,1,2019-10-28 13:59:00+00:00,2019-10-28 14:00:00+00:00,8092.25,8081.25,8114.25,2019-10-28 15:44:00+00:00,8114.25,objetivo,44.0,0.0,44.0,22.0,2.0
1,1,2019-10-29 14:44:00+00:00,2019-10-29 14:45:00+00:00,8094.75,8072.75,8138.75,2019-10-29 15:19:00+00:00,8072.75,stop,-44.0,0.0,-44.0,44.0,-1.0
1,1,2019-10-29 16:29:00+00:00,2019-10-29 16:30:00+00:00,8085.0,8070.0,8115.0,2019-10-29 18:01:00+00:00,8070.0,stop,-30.0,0.0,-30.0,30.0,-1.0
1,1,2019-10-30 14:14:00+00:00,2019-10-30 14:15:00+00:00,8050.5,8020.5,8110.5,2019-10-30 19:55:00+00:00,8094.5,tiempo,88.0,0.0,88.0,60.0,1.4666666666666666
1,1,2019-10-31 14:59:00+00:00,2019-10-31 15:00:00+00:00,8082.75,8061.0,8126.25,2019-10-31 16:41:00+00:00,8061.0,stop,-43.5,0.0,-43.5,43.5,-1.0
-1,1,2019-11-01 15:29:00+00:00,2019-11-01 15:30:00+00:00,8139.25,8149.0,8119.75,2019-11-01 16:11:00+00:00,8119.75,objetivo,39.0,0.0,39.0,19.5,2.0
1,1,2019-11-01 17:29:00+00:00,2019-11-01 17:30:00+00:00,8137.75,8133.75,8145.75,2019-11-01 17:46:00+00:00,8145.75,objetivo,16.0,0.0,16.0,8.0,2.0
1,1,2019-11-04 15:29:00+00:00,2019-11-04 15:30:00+00:00,8222.25,8206.25,8254.25,2019-11-04 15:54:00+00:00,8206.25,stop,-32.0,0.0,-32.0,32.0,-1.0
1,1,2019-11-04 17:59:00+00:00,2019-11-04 18:00:00+00:00,8215.75,8209.25,8228.75,2019-11-04 20:15:00+00:00,8209.25,stop,-13.0,0.0,-13.0,13.0,-1.0
1,1,2019-11-05 14:59:00+00:00,2019-11-05 15:00:00+00:00,8218.5,8209.0,8237.5,2019-11-05 15:09:00+00:00,8209.0,stop,-19.0,0.0,-19.0,19.0,-1.0
-1,1,2019-11-05 15:14:00+00:00,2019-11-05 15:15:00+00:00,8203.25,8234.75,8140.25,2019-11-05 20:55:00+00:00,8221.0,tiempo,-35.5,0.0,-35.5,63.0,-0.5634920634920635
1,1,2019-11-06 14:59:00+00:00,2019-11-06 15:00:00+00:00,8199.5,8189.25,8220.0,2019-11-06 15:15:00+00:00,8189.25,stop,-20.5,0.0,-20.5,20.5,-1.0
1,1,2019-11-06 18:29:00+00:00,2019-11-06 18:30:00+00:00,8191.0,8183.5,8206.0,2019-11-06 20:55:00+00:00,8197.5,tiempo,13.0,0.0,13.0,15.0,0.8666666666666667
-1,1,2019-11-07 18:44:00+00:00,2019-11-07 18:45:00+00:00,8258.75,8263.0,8250.25,2019-11-07 19:43:00+00:00,8250.25,objetivo,17.0,0.0,17.0,8.5,2.0
-1,1,2019-11-08 14:59:00+00:00,2019-11-08 15:00:00+00:00,8206.5,8233.75,8152.0,2019-11-08 15:44:00+00:00,8233.75,stop,-54.5,0.0,-54.5,54.5,-1.0
1,1,2019-11-11 14:59:00+00:00,2019-11-11 15:00:00+00:00,8228.5,8207.75,8270.0,2019-11-11 20:55:00+00:00,8243.0,tiempo,29.0,0.0,29.0,41.5,0.6987951807228916
-1,1,2019-11-12 19:14:00+00:00,2019-11-12 19:15:00+00:00,8263.5,8288.0,8214.5,2019-11-12 20:55:00+00:00,8267.0,tiempo,-7.0,0.0,-7.0,49.0,-0.14285714285714285
-1,1,2019-11-13 18:59:00+00:00,2019-11-13 19:00:00+00:00,8258.0,8279.75,8214.5,2019-11-13 20:55:00+00:00,8262.5,tiempo,-9.0,0.0,-9.0,43.5,-0.20689655172413793
1,1,2019-11-14 14:59:00+00:00,2019-11-14 15:00:00+00:00,8252.25,8241.5,8273.75,2019-11-14 15:50:00+00:00,8241.5,stop,-21.5,0.0,-21.5,21.5,-1.0
1,1,2019-11-14 17:44:00+00:00,2019-11-14 17:45:00+00:00,8248.25,8237.5,8269.75,2019-11-14 18:57:00+00:00,8237.5,stop,-21.5,0.0,-21.5,21.5,-1.0
1,1,2019-11-15 15:14:00+00:00,2019-11-15 15:15:00+00:00,8301.5,8289.0,8326.5,2019-11-15 20:55:00+00:00,8314.75,tiempo,26.5,0.0,26.5,25.0,1.06
1,1,2019-11-18 14:59:00+00:00,2019-11-18 15:00:00+00:00,8296.0,8280.75,8326.5,2019-11-18 18:27:00+00:00,8326.5,objetivo,61.0,0.0,61.0,30.5,2.0
1,1,2019-11-19 16:44:00+00:00,2019-11-19 16:45:00+00:00,8348.5,8336.75,8372.0,2019-11-19 20:55:00+00:00,8346.0,tiempo,-5.0,0.0,-5.0,23.5,-0.2127659574468085
1,1,2019-11-20 14:59:00+00:00,2019-11-20 15:00:00+00:00,8332.25,8320.25,8356.25,2019-11-20 16:58:00+00:00,8320.25,stop,-24.0,0.0,-24.0,24.0,-1.0
1,1,2019-11-21 15:14:00+00:00,2019-11-21 15:15:00+00:00,8283.25,8265.5,8318.75,2019-11-21 15:16:00+00:00,8265.5,stop,-35.5,0.0,-35.5,35.5,-1.0
-1,1,2019-11-21 15:29:00+00:00,2019-11-21 15:30:00+00:00,8259.0,8283.25,8210.5,2019-11-21 19:23:00+00:00,8283.25,stop,-48.5,0.0,-48.5,48.5,-1.0
1,1,2019-11-22 17:29:00+00:00,2019-11-22 17:30:00+00:00,8269.0,8259.75,8287.5,2019-11-22 19:13:00+00:00,8259.75,stop,-18.5,0.0,-18.5,18.5,-1.0
-1,1,2019-11-22 19:14:00+00:00,2019-11-22 19:15:00+00:00,8261.25,8268.5,8246.75,2019-11-22 19:42:00+00:00,8268.5,stop,-14.5,0.0,-14.5,14.5,-1.0
1,1,2019-11-22 19:44:00+00:00,2019-11-22 19:45:00+00:00,8269.75,8262.75,8283.75,2019-11-22 20:50:00+00:00,8262.75,stop,-14.0,0.0,-14.0,14.0,-1.0
1,1,2019-11-26 14:59:00+00:00,2019-11-26 15:00:00+00:00,8387.25,8368.75,8424.25,2019-11-26 20:55:00+00:00,8395.75,tiempo,17.0,0.0,17.0,37.0,0.4594594594594595
-1,1,2019-11-28 14:59:00+00:00,2019-11-28 15:00:00+00:00,8439.5,8441.0,8436.5,2019-11-28 15:02:00+00:00,8441.0,stop,-3.0,0.0,-3.0,3.0,-1.0
1,1,2019-11-28 15:14:00+00:00,2019-11-28 15:15:00+00:00,8440.25,8437.75,8445.25,2019-11-28 15:37:00+00:00,8437.75,stop,-5.0,0.0,-5.0,5.0,-1.0
-1,1,2019-11-28 15:44:00+00:00,2019-11-28 15:45:00+00:00,8438.0,8440.75,8432.5,2019-11-28 16:22:00+00:00,8440.75,stop,-5.5,0.0,-5.5,5.5,-1.0
1,1,2019-11-28 16:29:00+00:00,2019-11-28 16:30:00+00:00,8440.0,8437.25,8445.5,2019-11-28 17:09:00+00:00,8445.5,objetivo,11.0,0.0,11.0,5.5,2.0
-1,1,2019-11-29 15:59:00+00:00,2019-11-29 16:00:00+00:00,8430.75,8436.75,8418.75,2019-11-29 16:51:00+00:00,8418.75,objetivo,24.0,0.0,24.0,12.0,2.0
1,1,2019-12-02 18:29:00+00:00,2019-12-02 18:30:00+00:00,8319.0,8313.75,8329.5,2019-12-02 18:34:00+00:00,8313.75,stop,-10.5,0.0,-10.5,10.5,-1.0
-1,1,2019-12-02 18:44:00+00:00,2019-12-02 18:45:00+00:00,8317.25,8319.25,8313.25,2019-12-02 18:46:00+00:00,8319.25,stop,-4.0,0.0,-4.0,4.0,-1.0
1,1,2019-12-02 18:59:00+00:00,2019-12-02 19:00:00+00:00,8320.5,8315.5,8330.5,2019-12-02 19:22:00+00:00,8330.5,objetivo,20.0,0.0,20.0,10.0,2.0
1,1,2019-12-03 14:59:00+00:00,2019-12-03 15:00:00+00:00,8202.25,8168.25,8270.25,2019-12-03 20:55:00+00:00,8257.25,tiempo,110.0,0.0,110.0,68.0,1.6176470588235294
1,1,2019-12-04 14:59:00+00:00,2019-12-04 15:00:00+00:00,8312.0,8299.0,8338.0,2019-12-04 15:30:00+00:00,8299.0,stop,-26.0,0.0,-26.0,26.0,-1.0
1,1,2019-12-04 15:59:00+00:00,2019-12-04 16:00:00+00:00,8312.75,8301.5,8335.25,2019-12-04 16:59:00+00:00,8301.5,stop,-22.5,0.0,-22.5,22.5,-1.0
-1,1,2019-12-04 16:59:00+00:00,2019-12-04 17:00:00+00:00,8303.75,8315.75,8279.75,2019-12-04 19:54:00+00:00,8315.75,stop,-24.0,0.0,-24.0,24.0,-1.0
-1,1,2019-12-05 14:59:00+00:00,2019-12-05 15:00:00+00:00,8306.5,8321.25,8277.0,2019-12-05 15:13:00+00:00,8277.0,objetivo,59.0,0.0,59.0,29.5,2.0
1,1,2019-12-05 18:44:00+00:00,2019-12-05 18:45:00+00:00,8302.0,8289.25,8327.5,2019-12-05 19:57:00+00:00,8289.25,stop,-25.5,0.0,-25.5,25.5,-1.0
-1,1,2019-12-06 15:29:00+00:00,2019-12-06 15:30:00+00:00,8380.5,8388.5,8364.5,2019-12-06 15:40:00+00:00,8388.5,stop,-16.0,0.0,-16.0,16.0,-1.0
1,1,2019-12-06 15:44:00+00:00,2019-12-06 15:45:00+00:00,8387.25,8379.25,8403.25,2019-12-06 18:11:00+00:00,8403.25,objetivo,32.0,0.0,32.0,16.0,2.0
-1,1,2019-12-09 15:44:00+00:00,2019-12-09 15:45:00+00:00,8409.5,8419.25,8390.0,2019-12-09 17:23:00+00:00,8390.0,objetivo,39.0,0.0,39.0,19.5,2.0
-1,1,2019-12-10 17:29:00+00:00,2019-12-10 17:30:00+00:00,8368.0,8378.5,8347.0,2019-12-10 18:00:00+00:00,8378.5,stop,-21.0,0.0,-21.0,21.0,-1.0
-1,1,2019-12-10 18:59:00+00:00,2019-12-10 19:00:00+00:00,8371.25,8377.75,8358.25,2019-12-10 19:12:00+00:00,8377.75,stop,-13.0,0.0,-13.0,13.0,-1.0
1,1,2019-12-10 19:14:00+00:00,2019-12-10 19:15:00+00:00,8378.0,8369.75,8394.5,2019-12-10 19:35:00+00:00,8369.75,stop,-16.5,0.0,-16.5,16.5,-1.0
-1,1,2019-12-11 15:59:00+00:00,2019-12-11 16:00:00+00:00,8378.75,8388.5,8359.25,2019-12-11 19:03:00+00:00,8388.5,stop,-19.5,0.0,-19.5,19.5,-1.0
-1,1,2019-12-12 16:29:00+00:00,2019-12-12 16:30:00+00:00,8437.25,8464.0,8383.75,2019-12-12 19:31:00+00:00,8464.0,stop,-53.5,0.0,-53.5,53.5,-1.0
1,1,2019-12-12 19:44:00+00:00,2019-12-12 19:45:00+00:00,8447.75,8422.25,8498.75,2019-12-12 20:55:00+00:00,8478.25,tiempo,61.0,0.0,61.0,51.0,1.196078431372549
-1,1,2019-12-13 15:44:00+00:00,2019-12-13 15:45:00+00:00,8485.75,8500.75,8455.75,2019-12-13 15:46:00+00:00,8500.75,stop,-30.0,0.0,-30.0,30.0,-1.0
1,1,2019-12-13 16:59:00+00:00,2019-12-13 17:00:00+00:00,8487.25,8477.25,8507.25,2019-12-13 20:55:00+00:00,8489.75,tiempo,5.0,0.0,5.0,20.0,0.25
1,1,2019-12-17 15:14:00+00:00,2019-12-17 15:15:00+00:00,8608.25,8596.25,8632.25,2019-12-17 20:55:00+00:00,8606.0,tiempo,-4.5,0.0,-4.5,24.0,-0.1875
-1,1,2019-12-18 14:59:00+00:00,2019-12-18 15:00:00+00:00,8613.25,8628.0,8583.75,2019-12-18 16:16:00+00:00,8628.0,stop,-29.5,0.0,-29.5,29.5,-1.0
-1,1,2019-12-19 15:14:00+00:00,2019-12-19 15:15:00+00:00,8628.5,8633.75,8618.0,2019-12-19 15:25:00+00:00,8633.75,stop,-10.5,0.0,-10.5,10.5,-1.0
1,1,2019-12-19 15:29:00+00:00,2019-12-19 15:30:00+00:00,8638.5,8624.5,8666.5,2019-12-19 20:54:00+00:00,8666.5,objetivo,56.0,0.0,56.0,28.0,2.0
1,1,2019-12-20 15:29:00+00:00,2019-12-20 15:30:00+00:00,8701.0,8691.75,8719.5,2019-12-20 20:55:00+00:00,8709.0,tiempo,16.0,0.0,16.0,18.5,0.8648648648648649
1,1,2019-12-23 15:59:00+00:00,2019-12-23 16:00:00+00:00,8731.75,8724.75,8745.75,2019-12-23 20:21:00+00:00,8724.75,stop,-14.0,0.0,-14.0,14.0,-1.0
1,1,2019-12-24 15:14:00+00:00,2019-12-24 15:15:00+00:00,8720.25,8716.0,8728.75,2019-12-24 18:00:00+00:00,8728.75,objetivo,17.0,0.0,17.0,8.5,2.0
1,1,2019-12-27 15:59:00+00:00,2019-12-27 16:00:00+00:00,8809.5,8804.5,8819.5,2019-12-27 16:43:00+00:00,8819.5,objetivo,20.0,0.0,20.0,10.0,2.0
-1,1,2019-12-27 17:14:00+00:00,2019-12-27 17:15:00+00:00,8807.75,8813.75,8795.75,2019-12-27 17:41:00+00:00,8795.75,objetivo,24.0,0.0,24.0,12.0,2.0
1,1,2019-12-27 19:44:00+00:00,2019-12-27 19:45:00+00:00,8806.25,8801.0,8816.75,2019-12-27 20:07:00+00:00,8801.0,stop,-10.5,0.0,-10.5,10.5,-1.0
1,1,2019-12-30 16:29:00+00:00,2019-12-30 16:30:00+00:00,8733.25,8720.5,8758.75,2019-12-30 20:55:00+00:00,8727.25,tiempo,-12.0,0.0,-12.0,25.5,-0.47058823529411764
-1,1,2019-12-31 15:14:00+00:00,2019-12-31 15:15:00+00:00,8725.5,8740.5,8695.5,2019-12-31 20:18:00+00:00,8740.5,stop,-30.0,0.0,-30.0,30.0,-1.0
-1,1,2020-01-02 15:14:00+00:00,2020-01-02 15:15:00+00:00,8823.5,8849.75,8771.0,2020-01-02 19:15:00+00:00,8849.75,stop,-52.5,0.0,-52.5,52.5,-1.0
-1,1,2020-01-03 15:59:00+00:00,2020-01-03 16:00:00+00:00,8819.5,8837.5,8783.5,2020-01-03 16:55:00+00:00,8837.5,stop,-36.0,0.0,-36.0,36.0,-1.0
-1,1,2020-01-03 19:14:00+00:00,2020-01-03 19:15:00+00:00,8824.25,8839.75,8793.25,2020-01-03 19:54:00+00:00,8839.75,stop,-31.0,0.0,-31.0,31.0,-1.0
1,1,2020-01-07 14:59:00+00:00,2020-01-07 15:00:00+00:00,8857.0,8834.5,8902.0,2020-01-07 20:55:00+00:00,8862.75,tiempo,11.5,0.0,11.5,45.0,0.25555555555555554
-1,1,2020-01-08 15:44:00+00:00,2020-01-08 15:45:00+00:00,8874.0,8889.0,8844.0,2020-01-08 16:29:00+00:00,8889.0,stop,-30.0,0.0,-30.0,30.0,-1.0
1,1,2020-01-09 15:44:00+00:00,2020-01-09 15:45:00+00:00,9012.0,9002.75,9030.5,2020-01-09 16:09:00+00:00,9002.75,stop,-18.5,0.0,-18.5,18.5,-1.0
-1,1,2020-01-09 16:14:00+00:00,2020-01-09 16:15:00+00:00,9006.5,9013.75,8992.0,2020-01-09 16:50:00+00:00,9013.75,stop,-14.5,0.0,-14.5,14.5,-1.0
1,1,2020-01-09 16:59:00+00:00,2020-01-09 17:00:00+00:00,9006.75,9001.0,9018.25,2020-01-09 17:11:00+00:00,9001.0,stop,-11.5,0.0,-11.5,11.5,-1.0
-1,1,2020-01-09 17:14:00+00:00,2020-01-09 17:15:00+00:00,8999.75,9009.5,8980.25,2020-01-09 17:23:00+00:00,8980.25,objetivo,39.0,0.0,39.0,19.5,2.0
1,1,2020-01-09 19:44:00+00:00,2020-01-09 19:45:00+00:00,9001.0,8992.75,9017.5,2020-01-09 19:48:00+00:00,8992.75,stop,-16.5,0.0,-16.5,16.5,-1.0
1,1,2020-01-10 14:59:00+00:00,2020-01-10 15:00:00+00:00,9030.0,9010.25,9069.5,2020-01-10 16:50:00+00:00,9010.25,stop,-39.5,0.0,-39.5,39.5,-1.0
-1,1,2020-01-13 15:44:00+00:00,2020-01-13 15:45:00+00:00,9024.25,9034.25,9004.25,2020-01-13 15:53:00+00:00,9034.25,stop,-20.0,0.0,-20.0,20.0,-1.0
1,1,2020-01-13 15:59:00+00:00,2020-01-13 16:00:00+00:00,9035.5,9022.0,9062.5,2020-01-13 17:02:00+00:00,9062.5,objetivo,54.0,0.0,54.0,27.0,2.0
1,1,2020-01-14 15:14:00+00:00,2020-01-14 15:15:00+00:00,9068.75,9035.25,9135.75,2020-01-14 19:13:00+00:00,9035.25,stop,-67.0,0.0,-67.0,67.0,-1.0
1,1,2020-01-14 19:29:00+00:00,2020-01-14 19:30:00+00:00,9066.0,9042.25,9113.5,2020-01-14 20:30:00+00:00,9042.25,stop,-47.5,0.0,-47.5,47.5,-1.0
1,1,2020-01-15 14:59:00+00:00,2020-01-15 15:00:00+00:00,9084.0,9062.0,9128.0,2020-01-15 18:00:00+00:00,9062.0,stop,-44.0,0.0,-44.0,44.0,-1.0
-1,1,2020-01-16 15:29:00+00:00,2020-01-16 15:30:00+00:00,9106.5,9118.0,9083.5,2020-01-16 16:14:00+00:00,9083.5,objetivo,46.0,0.0,46.0,23.0,2.0
1,1,2020-01-16 18:44:00+00:00,2020-01-16 18:45:00+00:00,9103.0,9091.75,9125.5,2020-01-16 20:46:00+00:00,9125.5,objetivo,45.0,0.0,45.0,22.5,2.0
1,1,2020-01-17 14:59:00+00:00,2020-01-17 15:00:00+00:00,9158.0,9142.5,9189.0,2020-01-17 16:07:00+00:00,9142.5,stop,-31.0,0.0,-31.0,31.0,-1.0
1,1,2020-01-17 17:14:00+00:00,2020-01-17 17:15:00+00:00,9152.0,9142.5,9171.0,2020-01-17 20:48:00+00:00,9171.0,objetivo,38.0,0.0,38.0,19.0,2.0
-1,1,2020-01-20 15:44:00+00:00,2020-01-20 15:45:00+00:00,9166.5,9170.5,9158.5,2020-01-20 16:25:00+00:00,9170.5,stop,-8.0,0.0,-8.0,8.0,-1.0
1,1,2020-01-20 16:29:00+00:00,2020-01-20 16:30:00+00:00,9172.0,9165.0,9186.0,2020-01-20 17:59:00+00:00,9175.75,fin_de_datos,7.5,0.0,7.5,14.0,0.5357142857142857
-1,1,2020-01-21 15:59:00+00:00,2020-01-21 16:00:00+00:00,9168.25,9177.5,9149.75,2020-01-21 16:06:00+00:00,9177.5,stop,-18.5,0.0,-18.5,18.5,-1.0
1,1,2020-01-21 16:14:00+00:00,2020-01-21 16:15:00+00:00,9185.25,9166.25,9223.25,2020-01-21 18:32:00+00:00,9166.25,stop,-38.0,0.0,-38.0,38.0,-1.0
-1,1,2020-01-22 16:14:00+00:00,2020-01-22 16:15:00+00:00,9219.5,9239.25,9180.0,2020-01-22 16:34:00+00:00,9239.25,stop,-39.5,0.0,-39.5,39.5,-1.0
1,1,2020-01-22 16:44:00+00:00,2020-01-22 16:45:00+00:00,9235.25,9228.25,9249.25,2020-01-22 16:50:00+00:00,9228.25,stop,-14.0,0.0,-14.0,14.0,-1.0
-1,1,2020-01-22 16:59:00+00:00,2020-01-22 17:00:00+00:00,9230.75,9237.0,9218.25,2020-01-22 17:41:00+00:00,9237.0,stop,-12.5,0.0,-12.5,12.5,-1.0
1,1,2020-01-22 17:44:00+00:00,2020-01-22 17:45:00+00:00,9234.0,9223.5,9255.0,2020-01-22 19:42:00+00:00,9223.5,stop,-21.0,0.0,-21.0,21.0,-1.0
1,1,2020-01-23 14:59:00+00:00,2020-01-23 15:00:00+00:00,9189.25,9158.25,9251.25,2020-01-23 20:55:00+00:00,9226.25,tiempo,74.0,0.0,74.0,62.0,1.1935483870967742
-1,1,2020-01-24 15:14:00+00:00,2020-01-24 15:15:00+00:00,9262.75,9269.75,9248.75,2020-01-24 15:18:00+00:00,9248.75,objetivo,28.0,0.0,28.0,14.0,2.0
-1,1,2020-01-27 15:44:00+00:00,2020-01-27 15:45:00+00:00,8967.5,8992.25,8918.0,2020-01-27 17:12:00+00:00,8992.25,stop,-49.5,0.0,-49.5,49.5,-1.0
-1,1,2020-01-27 19:59:00+00:00,2020-01-27 20:00:00+00:00,8977.5,8994.5,8943.5,2020-01-27 20:55:00+00:00,8960.75,tiempo,33.5,0.0,33.5,34.0,0.9852941176470589
1,1,2020-01-28 14:59:00+00:00,2020-01-28 15:00:00+00:00,9018.25,9001.5,9051.75,2020-01-28 15:25:00+00:00,9051.75,objetivo,67.0,0.0,67.0,33.5,2.0
1,1,2020-01-29 15:59:00+00:00,2020-01-29 16:00:00+00:00,9114.25,9107.0,9128.75,2020-01-29 16:59:00+00:00,9128.75,objetivo,29.0,0.0,29.0,14.5,2.0
-1,1,2020-01-30 14:59:00+00:00,2020-01-30 15:00:00+00:00,9084.75,9114.25,9025.75,2020-01-30 15:55:00+00:00,9025.75,objetivo,118.0,0.0,118.0,59.0,2.0
1,1,2020-01-30 16:44:00+00:00,2020-01-30 16:45:00+00:00,9075.0,9061.5,9102.0,2020-01-30 17:28:00+00:00,9061.5,stop,-27.0,0.0,-27.0,27.0,-1.0
1,1,2020-01-30 19:14:00+00:00,2020-01-30 19:15:00+00:00,9078.25,9053.5,9127.75,2020-01-30 20:41:00+00:00,9127.75,objetivo,99.0,0.0,99.0,49.5,2.0
-1,1,2020-02-03 16:44:00+00:00,2020-02-03 16:45:00+00:00,9113.5,9135.0,9070.5,2020-02-03 17:21:00+00:00,9135.0,stop,-43.0,0.0,-43.0,43.0,-1.0
-1,1,2020-02-03 18:14:00+00:00,2020-02-03 18:15:00+00:00,9116.25,9144.75,9059.25,2020-02-03 20:30:00+00:00,9144.75,stop,-57.0,0.0,-57.0,57.0,-1.0
-1,1,2020-02-04 15:14:00+00:00,2020-02-04 15:15:00+00:00,9255.5,9278.75,9209.0,2020-02-04 15:29:00+00:00,9278.75,stop,-46.5,0.0,-46.5,46.5,-1.0
1,1,2020-02-04 15:29:00+00:00,2020-02-04 15:30:00+00:00,9280.0,9252.25,9335.5,2020-02-04 18:53:00+00:00,9335.5,objetivo,111.0,0.0,111.0,55.5,2.0
1,1,2020-02-05 19:44:00+00:00,2020-02-05 19:45:00+00:00,9367.75,9354.0,9395.25,2020-02-05 20:01:00+00:00,9395.25,objetivo,55.0,0.0,55.0,27.5,2.0
1,1,2020-02-06 14:59:00+00:00,2020-02-06 15:00:00+00:00,9414.0,9367.75,9506.5,2020-02-06 20:55:00+00:00,9449.5,tiempo,71.0,0.0,71.0,92.5,0.7675675675675676
1,1,2020-02-07 15:14:00+00:00,2020-02-07 15:15:00+00:00,9409.0,9388.0,9451.0,2020-02-07 16:28:00+00:00,9451.0,objetivo,84.0,0.0,84.0,42.0,2.0
-1,1,2020-02-07 18:59:00+00:00,2020-02-07 19:00:00+00:00,9414.5,9433.5,9376.5,2020-02-07 20:55:00+00:00,9403.75,tiempo,21.5,0.0,21.5,38.0,0.5657894736842105
-1,1,2020-02-11 14:59:00+00:00,2020-02-11 15:00:00+00:00,9557.25,9572.75,9526.25,2020-02-11 15:01:00+00:00,9572.75,stop,-31.0,0.0,-31.0,31.0,-1.0
1,1,2020-02-11 15:14:00+00:00,2020-02-11 15:15:00+00:00,9588.0,9557.0,9650.0,2020-02-11 16:39:00+00:00,9557.0,stop,-62.0,0.0,-62.0,62.0,-1.0
-1,1,2020-02-11 16:44:00+00:00,2020-02-11 16:45:00+00:00,9571.5,9595.75,9523.0,2020-02-11 20:04:00+00:00,9523.0,objetivo,97.0,0.0,97.0,48.5,2.0
1,1,2020-02-12 16:14:00+00:00,2020-02-12 16:15:00+00:00,9594.5,9572.25,9639.0,2020-02-12 20:55:00+00:00,9623.0,tiempo,57.0,0.0,57.0,44.5,1.2808988764044944
-1,1,2020-02-13 14:59:00+00:00,2020-02-13 15:00:00+00:00,9571.0,9592.75,9527.5,2020-02-13 15:35:00+00:00,9592.75,stop,-43.5,0.0,-43.5,43.5,-1.0
1,1,2020-02-14 15:29:00+00:00,2020-02-14 15:30:00+00:00,9619.5,9596.5,9665.5,2020-02-14 17:56:00+00:00,9596.5,stop,-46.0,0.0,-46.0,46.0,-1.0
1,1,2020-02-14 19:44:00+00:00,2020-02-14 19:45:00+00:00,9616.5,9605.25,9639.0,2020-02-14 20:12:00+00:00,9605.25,stop,-22.5,0.0,-22.5,22.5,-1.0
-1,1,2020-02-17 15:14:00+00:00,2020-02-17 15:15:00+00:00,9659.75,9663.0,9653.25,2020-02-17 15:25:00+00:00,9663.0,stop,-6.5,0.0,-6.5,6.5,-1.0
1,1,2020-02-17 15:29:00+00:00,2020-02-17 15:30:00+00:00,9661.75,9659.75,9665.75,2020-02-17 15:32:00+00:00,9659.75,stop,-4.0,0.0,-4.0,4.0,-1.0
-1,1,2020-02-17 17:29:00+00:00,2020-02-17 17:30:00+00:00,9662.25,9665.0,9656.75,2020-02-17 17:30:00+00:00,9665.0,stop,-5.5,0.0,-5.5,5.5,-1.0
1,1,2020-02-17 17:44:00+00:00,2020-02-17 17:45:00+00:00,9666.75,9662.0,9676.25,2020-02-17 17:59:00+00:00,9666.5,fin_de_datos,-0.5,0.0,-0.5,9.5,-0.05263157894736842
-1,1,2020-02-18 15:29:00+00:00,2020-02-18 15:30:00+00:00,9596.5,9626.75,9536.0,2020-02-18 15:57:00+00:00,9626.75,stop,-60.5,0.0,-60.5,60.5,-1.0
-1,1,2020-02-18 16:14:00+00:00,2020-02-18 16:15:00+00:00,9606.75,9623.0,9574.25,2020-02-18 18:08:00+00:00,9623.0,stop,-32.5,0.0,-32.5,32.5,-1.0
1,1,2020-02-20 14:59:00+00:00,2020-02-20 15:00:00+00:00,9714.25,9692.5,9757.75,2020-02-20 16:01:00+00:00,9692.5,stop,-43.5,0.0,-43.5,43.5,-1.0
1,1,2020-02-20 19:44:00+00:00,2020-02-20 19:45:00+00:00,9629.0,9612.0,9663.0,2020-02-20 20:09:00+00:00,9612.0,stop,-34.0,0.0,-34.0,34.0,-1.0
1,1,2020-02-21 16:29:00+00:00,2020-02-21 16:30:00+00:00,9519.25,9494.0,9569.75,2020-02-21 17:33:00+00:00,9494.0,stop,-50.5,0.0,-50.5,50.5,-1.0
-1,1,2020-02-24 15:29:00+00:00,2020-02-24 15:30:00+00:00,9143.25,9202.0,9025.75,2020-02-24 20:55:00+00:00,9099.75,tiempo,87.0,0.0,87.0,117.5,0.7404255319148936
-1,1,2020-02-26 14:59:00+00:00,2020-02-26 15:00:00+00:00,8955.0,9003.0,8859.0,2020-02-26 15:27:00+00:00,9003.0,stop,-96.0,0.0,-96.0,96.0,-1.0
-1,1,2020-02-26 16:59:00+00:00,2020-02-26 17:00:00+00:00,8959.75,8996.75,8885.75,2020-02-26 17:08:00+00:00,8885.75,objetivo,148.0,0.0,148.0,74.0,2.0
1,1,2020-02-27 14:59:00+00:00,2020-02-27 15:00:00+00:00,8670.25,8605.75,8799.25,2020-02-27 15:23:00+00:00,8605.75,stop,-129.0,0.0,-129.0,129.0,-1.0
1,1,2020-02-27 15:59:00+00:00,2020-02-27 16:00:00+00:00,8667.0,8564.0,8873.0,2020-02-27 20:03:00+00:00,8564.0,stop,-206.0,0.0,-206.0,206.0,-1.0
1,1,2020-02-28 15:59:00+00:00,2020-02-28 16:00:00+00:00,8288.5,8192.75,8480.0,2020-02-28 16:43:00+00:00,8480.0,objetivo,383.0,0.0,383.0,191.5,2.0
-1,1,2020-02-28 18:44:00+00:00,2020-02-28 18:45:00+00:00,8258.0,8354.0,8066.0,2020-02-28 19:30:00+00:00,8354.0,stop,-192.0,0.0,-192.0,192.0,-1.0
1,1,2020-02-28 19:44:00+00:00,2020-02-28 19:45:00+00:00,8394.75,8277.25,8629.75,2020-02-28 20:05:00+00:00,8277.25,stop,-235.0,0.0,-235.0,235.0,-1.0
1,1,2020-03-02 15:44:00+00:00,2020-03-02 15:45:00+00:00,8539.25,8447.75,8722.25,2020-03-02 16:55:00+00:00,8722.25,objetivo,366.0,0.0,366.0,183.0,2.0
-1,1,2020-03-02 19:44:00+00:00,2020-03-02 19:45:00+00:00,8594.0,8664.25,8453.5,2020-03-02 20:06:00+00:00,8664.25,stop,-140.5,0.0,-140.5,140.5,-1.0
1,1,2020-03-03 15:14:00+00:00,2020-03-03 15:15:00+00:00,8865.25,8775.5,9044.75,2020-03-03 16:20:00+00:00,8775.5,stop,-179.5,0.0,-179.5,179.5,-1.0
1,1,2020-03-04 15:14:00+00:00,2020-03-04 15:15:00+00:00,8747.75,8680.0,8883.25,2020-03-04 20:29:00+00:00,8883.25,objetivo,271.0,0.0,271.0,135.5,2.0
-1,1,2020-03-05 14:59:00+00:00,2020-03-05 15:00:00+00:00,8737.5,8780.75,8651.0,2020-03-05 15:18:00+00:00,8780.75,stop,-86.5,0.0,-86.5,86.5,-1.0
-1,1,2020-03-05 17:14:00+00:00,2020-03-05 17:15:00+00:00,8760.5,8799.5,8682.5,2020-03-05 17:44:00+00:00,8682.5,objetivo,156.0,0.0,156.0,78.0,2.0
-1,1,2020-03-06 16:14:00+00:00,2020-03-06 16:15:00+00:00,8454.75,8518.0,8328.25,2020-03-06 19:52:00+00:00,8328.25,objetivo,253.0,0.0,253.0,126.5,2.0
1,1,2020-03-09 13:59:00+00:00,2020-03-09 14:00:00+00:00,8070.75,7820.0,8572.25,2020-03-09 19:55:00+00:00,8042.5,tiempo,-56.5,0.0,-56.5,501.5,-0.11266201395812563
1,1,2020-03-10 13:59:00+00:00,2020-03-10 14:00:00+00:00,8187.75,8135.0,8293.25,2020-03-10 14:46:00+00:00,8135.0,stop,-105.5,0.0,-105.5,105.5,-1.0
1,1,2020-03-10 16:14:00+00:00,2020-03-10 16:15:00+00:00,8117.25,8002.75,8346.25,2020-03-10 19:55:00+00:00,8337.0,tiempo,439.5,0.0,439.5,229.0,1.9192139737991267
1,1,2020-03-11 13:59:00+00:00,2020-03-11 14:00:00+00:00,8179.0,8133.75,8269.5,2020-03-11 14:29:00+00:00,8133.75,stop,-90.5,0.0,-90.5,90.5,-1.0
-1,1,2020-03-11 14:29:00+00:00,2020-03-11 14:30:00+00:00,8134.5,8200.75,8002.0,2020-03-11 18:08:00+00:00,8002.0,objetivo,265.0,0.0,265.0,132.5,2.0
1,1,2020-03-12 13:59:00+00:00,2020-03-12 14:00:00+00:00,7564.0,7327.25,8037.5,2020-03-12 16:11:00+00:00,7327.25,stop,-473.5,0.0,-473.5,473.5,-1.0
1,1,2020-03-12 16:59:00+00:00,2020-03-12 17:00:00+00:00,7592.0,7365.75,8044.5,2020-03-12 19:06:00+00:00,7365.75,stop,-452.5,0.0,-452.5,452.5,-1.0
1,1,2020-03-13 14:29:00+00:00,2020-03-13 14:30:00+00:00,7588.0,7512.0,7740.0,2020-03-13 14:43:00+00:00,7512.0,stop,-152.0,0.0,-152.0,152.0,-1.0
-1,1,2020-03-13 14:44:00+00:00,2020-03-13 14:45:00+00:00,7520.5,7601.75,7358.0,2020-03-13 15:33:00+00:00,7358.0,objetivo,325.0,0.0,325.0,162.5,2.0
1,1,2020-03-13 16:44:00+00:00,2020-03-13 16:45:00+00:00,7516.25,7381.0,7786.75,2020-03-13 19:54:00+00:00,7786.75,objetivo,541.0,0.0,541.0,270.5,2.0
1,1,2020-03-16 13:59:00+00:00,2020-03-16 14:00:00+00:00,7242.5,7023.0,7681.5,2020-03-16 19:55:00+00:00,7123.0,tiempo,-239.0,0.0,-239.0,439.0,-0.5444191343963554
1,1,2020-03-17 14:29:00+00:00,2020-03-17 14:30:00+00:00,7150.5,7033.25,7385.0,2020-03-17 15:15:00+00:00,7385.0,objetivo,469.0,0.0,469.0,234.5,2.0
-1,1,2020-03-17 17:14:00+00:00,2020-03-17 17:15:00+00:00,7259.0,7392.0,6993.0,2020-03-17 17:47:00+00:00,7392.0,stop,-266.0,0.0,-266.0,266.0,-1.0
-1,1,2020-03-18 14:59:00+00:00,2020-03-18 15:00:00+00:00,7176.75,7284.5,6961.25,2020-03-18 17:16:00+00:00,6961.25,objetivo,431.0,0.0,431.0,215.5,2.0
1,1,2020-03-19 13:59:00+00:00,2020-03-19 14:00:00+00:00,7225.75,7029.5,7618.25,2020-03-19 19:55:00+00:00,7313.25,tiempo,175.0,0.0,175.0,392.5,0.445859872611465
1,1,2020-03-20 14:29:00+00:00,2020-03-20 14:30:00+00:00,7412.0,7362.5,7511.0,2020-03-20 15:20:00+00:00,7362.5,stop,-99.0,0.0,-99.0,99.0,-1.0
-1,1,2020-03-20 15:29:00+00:00,2020-03-20 15:30:00+00:00,7338.5,7423.0,7169.5,2020-03-20 16:22:00+00:00,7169.5,objetivo,338.0,0.0,338.0,169.0,2.0
1,1,2020-03-23 13:59:00+00:00,2020-03-23 14:00:00+00:00,7029.25,6863.75,7360.25,2020-03-23 15:21:00+00:00,6863.75,stop,-331.0,0.0,-331.0,331.0,-1.0
1,1,2020-03-23 16:44:00+00:00,2020-03-23 16:45:00+00:00,7019.5,6875.75,7307.0,2020-03-23 19:24:00+00:00,6875.75,stop,-287.5,0.0,-287.5,287.5,-1.0
1,1,2020-03-24 14:14:00+00:00,2020-03-24 14:15:00+00:00,7402.75,7313.75,7580.75,2020-03-24 18:07:00+00:00,7313.75,stop,-178.0,0.0,-178.0,178.0,-1.0
1,1,2020-03-24 18:44:00+00:00,2020-03-24 18:45:00+00:00,7414.25,7349.75,7543.25,2020-03-24 19:55:00+00:00,7521.75,tiempo,215.0,0.0,215.0,129.0,1.6666666666666667
-1,1,2020-03-25 13:59:00+00:00,2020-03-25 14:00:00+00:00,7472.25,7612.25,7192.25,2020-03-25 16:38:00+00:00,7612.25,stop,-280.0,0.0,-280.0,280.0,-1.0
1,1,2020-03-27 13:59:00+00:00,2020-03-27 14:00:00+00:00,7633.0,7578.0,7743.0,2020-03-27 19:03:00+00:00,7743.0,objetivo,220.0,0.0,220.0,110.0,2.0
1,1,2020-03-30 13:59:00+00:00,2020-03-30 14:00:00+00:00,7688.25,7638.5,7787.75,2020-03-30 14:41:00+00:00,7787.75,objetivo,199.0,0.0,199.0,99.5,2.0
-1,1,2020-03-31 13:59:00+00:00,2020-03-31 14:00:00+00:00,7822.5,7851.75,7764.0,2020-03-31 14:03:00+00:00,7851.75,stop,-58.5,0.0,-58.5,58.5,-1.0
1,1,2020-03-31 14:14:00+00:00,2020-03-31 14:15:00+00:00,7937.75,7819.0,8175.25,2020-03-31 16:39:00+00:00,7819.0,stop,-237.5,0.0,-237.5,237.5,-1.0
1,1,2020-04-01 14:14:00+00:00,2020-04-01 14:15:00+00:00,7620.25,7564.25,7732.25,2020-04-01 16:12:00+00:00,7564.25,stop,-112.0,0.0,-112.0,112.0,-1.0
1,1,2020-04-02 13:59:00+00:00,2020-04-02 14:00:00+00:00,7469.75,7408.75,7591.75,2020-04-02 14:35:00+00:00,7591.75,objetivo,244.0,0.0,244.0,122.0,2.0
-1,1,2020-04-02 17:29:00+00:00,2020-04-02 17:30:00+00:00,7505.5,7553.75,7409.0,2020-04-02 19:00:00+00:00,7553.75,stop,-96.5,0.0,-96.5,96.5,-1.0
-1,1,2020-04-03 13:59:00+00:00,2020-04-03 14:00:00+00:00,7621.5,7650.5,7563.5,2020-04-03 14:22:00+00:00,7563.5,objetivo,116.0,0.0,116.0,58.0,2.0
1,1,2020-04-07 13:59:00+00:00,2020-04-07 14:00:00+00:00,8261.25,8230.75,8322.25,2020-04-07 14:03:00+00:00,8230.75,stop,-61.0,0.0,-61.0,61.0,-1.0
-1,1,2020-04-07 14:14:00+00:00,2020-04-07 14:15:00+00:00,8152.75,8268.25,7921.75,2020-04-07 19:55:00+00:00,8070.75,tiempo,164.0,0.0,164.0,231.0,0.70995670995671
1,1,2020-04-08 14:29:00+00:00,2020-04-08 14:30:00+00:00,8100.75,8064.5,8173.25,2020-04-08 15:30:00+00:00,8173.25,objetivo,145.0,0.0,145.0,72.5,2.0
-1,1,2020-04-08 17:59:00+00:00,2020-04-08 18:00:00+00:00,8125.0,8154.25,8066.5,2020-04-08 18:09:00+00:00,8154.25,stop,-58.5,0.0,-58.5,58.5,-1.0
1,1,2020-04-08 18:14:00+00:00,2020-04-08 18:15:00+00:00,8156.25,8121.5,8225.75,2020-04-08 19:09:00+00:00,8225.75,objetivo,139.0,0.0,139.0,69.5,2.0
-1,1,2020-04-09 14:14:00+00:00,2020-04-09 14:15:00+00:00,8218.5,8310.0,8035.5,2020-04-09 19:55:00+00:00,8212.0,tiempo,13.0,0.0,13.0,183.0,0.07103825136612021
1,1,2020-04-13 14:14:00+00:00,2020-04-13 14:15:00+00:00,8214.25,8163.25,8316.25,2020-04-13 14:25:00+00:00,8163.25,stop,-102.0,0.0,-102.0,102.0,-1.0
-1,1,2020-04-13 14:29:00+00:00,2020-04-13 14:30:00+00:00,8179.75,8214.25,8110.75,2020-04-13 15:47:00+00:00,8214.25,stop,-69.0,0.0,-69.0,69.0,-1.0
-1,1,2020-04-13 17:14:00+00:00,2020-04-13 17:15:00+00:00,8195.0,8214.25,8156.5,2020-04-13 17:33:00+00:00,8214.25,stop,-38.5,0.0,-38.5,38.5,-1.0
-1,1,2020-04-14 15:14:00+00:00,2020-04-14 15:15:00+00:00,8558.0,8599.25,8475.5,2020-04-14 16:00:00+00:00,8599.25,stop,-82.5,0.0,-82.5,82.5,-1.0
1,1,2020-04-15 14:14:00+00:00,2020-04-15 14:15:00+00:00,8530.0,8500.5,8589.0,2020-04-15 17:18:00+00:00,8589.0,objetivo,118.0,0.0,118.0,59.0,2.0
1,1,2020-04-16 14:29:00+00:00,2020-04-16 14:30:00+00:00,8664.0,8604.0,8784.0,2020-04-16 16:00:00+00:00,8784.0,objetivo,240.0,0.0,240.0,120.0,2.0
-1,1,2020-04-16 16:29:00+00:00,2020-04-16 16:30:00+00:00,8672.75,8717.5,8583.25,2020-04-16 18:37:00+00:00,8717.5,stop,-89.5,0.0,-89.5,89.5,-1.0
1,1,2020-04-17 13:59:00+00:00,2020-04-17 14:00:00+00:00,8823.0,8794.0,8881.0,2020-04-17 14:15:00+00:00,8794.0,stop,-58.0,0.0,-58.0,58.0,-1.0
1,1,2020-04-20 14:14:00+00:00,2020-04-20 14:15:00+00:00,8771.0,8731.5,8850.0,2020-04-20 18:59:00+00:00,8731.5,stop,-79.0,0.0,-79.0,79.0,-1.0
1,1,2020-04-21 13:59:00+00:00,2020-04-21 14:00:00+00:00,8583.75,8530.25,8690.75,2020-04-21 14:17:00+00:00,8530.25,stop,-107.0,0.0,-107.0,107.0,-1.0
1,1,2020-04-21 17:44:00+00:00,2020-04-21 17:45:00+00:00,8474.0,8437.5,8547.0,2020-04-21 18:00:00+00:00,8437.5,stop,-73.0,0.0,-73.0,73.0,-1.0
1,1,2020-04-21 18:14:00+00:00,2020-04-21 18:15:00+00:00,8490.25,8436.0,8598.75,2020-04-21 18:43:00+00:00,8436.0,stop,-108.5,0.0,-108.5,108.5,-1.0
-1,1,2020-04-21 18:44:00+00:00,2020-04-21 18:45:00+00:00,8439.0,8500.5,8316.0,2020-04-21 19:55:00+00:00,8380.75,tiempo,116.5,0.0,116.5,123.0,0.9471544715447154
1,1,2020-04-22 13:59:00+00:00,2020-04-22 14:00:00+00:00,8574.25,8533.75,8655.25,2020-04-22 18:21:00+00:00,8655.25,objetivo,162.0,0.0,162.0,81.0,2.0
-1,1,2020-04-23 15:44:00+00:00,2020-04-23 15:45:00+00:00,8733.75,8768.0,8665.25,2020-04-23 16:45:00+00:00,8665.25,objetivo,137.0,0.0,137.0,68.5,2.0
1,1,2020-04-23 17:14:00+00:00,2020-04-23 17:15:00+00:00,8730.5,8698.25,8795.0,2020-04-23 17:20:00+00:00,8698.25,stop,-64.5,0.0,-64.5,64.5,-1.0
-1,1,2020-04-23 17:29:00+00:00,2020-04-23 17:30:00+00:00,8667.0,8731.5,8538.0,2020-04-23 19:55:00+00:00,8638.25,tiempo,57.5,0.0,57.5,129.0,0.44573643410852715
1,1,2020-04-24 14:14:00+00:00,2020-04-24 14:15:00+00:00,8627.0,8588.0,8705.0,2020-04-24 17:53:00+00:00,8705.0,objetivo,156.0,0.0,156.0,78.0,2.0
1,1,2020-04-27 13:59:00+00:00,2020-04-27 14:00:00+00:00,8865.25,8828.75,8938.25,2020-04-27 14:35:00+00:00,8828.75,stop,-73.0,0.0,-73.0,73.0,-1.0
1,1,2020-04-27 15:29:00+00:00,2020-04-27 15:30:00+00:00,8858.0,8833.75,8906.5,2020-04-27 16:01:00+00:00,8833.75,stop,-48.5,0.0,-48.5,48.5,-1.0
1,1,2020-04-30 13:59:00+00:00,2020-04-30 14:00:00+00:00,8996.75,8955.75,9078.75,2020-04-30 14:44:00+00:00,8955.75,stop,-82.0,0.0,-82.0,82.0,-1.0
-1,1,2020-04-30 14:44:00+00:00,2020-04-30 14:45:00+00:00,8949.5,9009.0,8830.5,2020-04-30 19:55:00+00:00,8979.75,tiempo,-60.5,0.0,-60.5,119.0,-0.5084033613445378
1,1,2020-05-01 13:59:00+00:00,2020-05-01 14:00:00+00:00,8828.75,8800.5,8885.25,2020-05-01 15:17:00+00:00,8800.5,stop,-56.5,0.0,-56.5,56.5,-1.0
-1,1,2020-05-04 16:59:00+00:00,2020-05-04 17:00:00+00:00,8724.0,8736.0,8700.0,2020-05-04 17:17:00+00:00,8700.0,objetivo,48.0,0.0,48.0,24.0,2.0
1,1,2020-05-04 17:59:00+00:00,2020-05-04 18:00:00+00:00,8745.75,8726.0,8785.25,2020-05-04 19:10:00+00:00,8785.25,objetivo,79.0,0.0,79.0,39.5,2.0
-1,1,2020-05-06 13:59:00+00:00,2020-05-06 14:00:00+00:00,8987.25,9026.75,8908.25,2020-05-06 14:45:00+00:00,9026.75,stop,-79.0,0.0,-79.0,79.0,-1.0
-1,1,2020-05-07 13:59:00+00:00,2020-05-07 14:00:00+00:00,9084.0,9093.75,9064.5,2020-05-07 14:06:00+00:00,9064.5,objetivo,39.0,0.0,39.0,19.5,2.0
1,1,2020-05-07 15:14:00+00:00,2020-05-07 15:15:00+00:00,9072.0,9046.5,9123.0,2020-05-07 17:13:00+00:00,9123.0,objetivo,102.0,0.0,102.0,51.0,2.0
-1,1,2020-05-08 17:44:00+00:00,2020-05-08 17:45:00+00:00,9172.0,9191.5,9133.0,2020-05-08 19:01:00+00:00,9191.5,stop,-39.0,0.0,-39.0,39.0,-1.0
1,1,2020-05-12 14:29:00+00:00,2020-05-12 14:30:00+00:00,9282.5,9272.5,9302.5,2020-05-12 14:35:00+00:00,9302.5,objetivo,40.0,0.0,40.0,20.0,2.0
-1,1,2020-05-12 17:14:00+00:00,2020-05-12 17:15:00+00:00,9293.0,9329.0,9221.0,2020-05-12 19:21:00+00:00,9221.0,objetivo,144.0,0.0,144.0,72.0,2.0
1,1,2020-05-13 13:59:00+00:00,2020-05-13 14:00:00+00:00,9113.0,9063.0,9213.0,2020-05-13 15:25:00+00:00,9063.0,stop,-100.0,0.0,-100.0,100.0,-1.0
-1,1,2020-05-13 15:29:00+00:00,2020-05-13 15:30:00+00:00,9081.75,9143.5,8958.25,2020-05-13 16:04:00+00:00,8958.25,objetivo,247.0,0.0,247.0,123.5,2.0
1,1,2020-05-14 14:59:00+00:00,2020-05-14 15:00:00+00:00,8903.25,8876.5,8956.75,2020-05-14 15:13:00+00:00,8956.75,objetivo,107.0,0.0,107.0,53.5,2.0
-1,1,2020-05-14 15:59:00+00:00,2020-05-14 16:00:00+00:00,8903.0,8938.5,8832.0,2020-05-14 16:21:00+00:00,8938.5,stop,-71.0,0.0,-71.0,71.0,-1.0
1,1,2020-05-14 16:29:00+00:00,2020-05-14 16:30:00+00:00,8931.5,8900.5,8993.5,2020-05-14 17:26:00+00:00,8993.5,objetivo,124.0,0.0,124.0,62.0,2.0
-1,1,2020-05-15 14:59:00+00:00,2020-05-15 15:00:00+00:00,8973.75,9018.75,8883.75,2020-05-15 16:06:00+00:00,9018.75,stop,-90.0,0.0,-90.0,90.0,-1.0
1,1,2020-05-15 16:14:00+00:00,2020-05-15 16:15:00+00:00,9024.25,8988.5,9095.75,2020-05-15 17:12:00+00:00,9095.75,objetivo,143.0,0.0,143.0,71.5,2.0
-1,1,2020-05-18 13:59:00+00:00,2020-05-18 14:00:00+00:00,9261.0,9297.0,9189.0,2020-05-18 14:25:00+00:00,9297.0,stop,-72.0,0.0,-72.0,72.0,-1.0
1,1,2020-05-18 14:29:00+00:00,2020-05-18 14:30:00+00:00,9289.0,9263.25,9340.5,2020-05-18 15:20:00+00:00,9340.5,objetivo,103.0,0.0,103.0,51.5,2.0
-1,1,2020-05-19 18:59:00+00:00,2020-05-19 19:00:00+00:00,9352.25,9416.5,9223.75,2020-05-19 19:55:00+00:00,9306.25,tiempo,92.0,0.0,92.0,128.5,0.7159533073929961
-1,1,2020-05-20 16:44:00+00:00,2020-05-20 16:45:00+00:00,9441.5,9471.5,9381.5,2020-05-20 18:52:00+00:00,9471.5,stop,-60.0,0.0,-60.0,60.0,-1.0
-1,1,2020-05-21 13:59:00+00:00,2020-05-21 14:00:00+00:00,9475.25,9509.0,9407.75,2020-05-21 14:35:00+00:00,9407.75,objetivo,135.0,0.0,135.0,67.5,2.0
1,1,2020-05-21 16:14:00+00:00,2020-05-21 16:15:00+00:00,9432.5,9397.0,9503.5,2020-05-21 16:39:00+00:00,9397.0,stop,-71.0,0.0,-71.0,71.0,-1.0
1,1,2020-05-22 13:59:00+00:00,2020-05-22 14:00:00+00:00,9394.0,9331.25,9519.5,2020-05-22 19:55:00+00:00,9400.25,tiempo,12.5,0.0,12.5,125.5,0.099601593625498
1,1,2020-05-25 13:59:00+00:00,2020-05-25 14:00:00+00:00,9523.5,9515.75,9539.0,2020-05-25 16:59:00+00:00,9530.5,fin_de_datos,14.0,0.0,14.0,15.5,0.9032258064516129
-1,1,2020-05-26 13:59:00+00:00,2020-05-26 14:00:00+00:00,9497.25,9546.75,9398.25,2020-05-26 19:34:00+00:00,9398.25,objetivo,198.0,0.0,198.0,99.0,2.0
1,1,2020-05-27 15:59:00+00:00,2020-05-27 16:00:00+00:00,9273.75,9229.25,9362.75,2020-05-27 18:01:00+00:00,9362.75,objetivo,178.0,0.0,178.0,89.0,2.0
-1,1,2020-05-29 14:14:00+00:00,2020-05-29 14:15:00+00:00,9401.25,9465.25,9273.25,2020-05-29 18:06:00+00:00,9465.25,stop,-128.0,0.0,-128.0,128.0,-1.0
-1,1,2020-06-01 15:29:00+00:00,2020-06-01 15:30:00+00:00,9548.5,9561.0,9523.5,2020-06-01 15:34:00+00:00,9561.0,stop,-25.0,0.0,-25.0,25.0,-1.0
1,1,2020-06-01 15:44:00+00:00,2020-06-01 15:45:00+00:00,9562.5,9547.0,9593.5,2020-06-01 16:50:00+00:00,9593.5,objetivo,62.0,0.0,62.0,31.0,2.0
-1,1,2020-06-02 14:44:00+00:00,2020-06-02 14:45:00+00:00,9565.0,9609.75,9475.5,2020-06-02 17:53:00+00:00,9609.75,stop,-89.5,0.0,-89.5,89.5,-1.0
-1,1,2020-06-03 14:14:00+00:00,2020-06-03 14:15:00+00:00,9671.25,9703.75,9606.25,2020-06-03 18:52:00+00:00,9703.75,stop,-65.0,0.0,-65.0,65.0,-1.0
-1,1,2020-06-04 14:59:00+00:00,2020-06-04 15:00:00+00:00,9709.25,9720.25,9687.25,2020-06-04 15:09:00+00:00,9687.25,objetivo,44.0,0.0,44.0,22.0,2.0
1,1,2020-06-08 14:44:00+00:00,2020-06-08 14:45:00+00:00,9794.75,9774.75,9834.75,2020-06-08 17:34:00+00:00,9834.75,objetivo,80.0,0.0,80.0,40.0,2.0
-1,1,2020-06-09 14:14:00+00:00,2020-06-09 14:15:00+00:00,9877.5,9902.25,9828.0,2020-06-09 14:19:00+00:00,9902.25,stop,-49.5,0.0,-49.5,49.5,-1.0
1,1,2020-06-09 14:29:00+00:00,2020-06-09 14:30:00+00:00,9902.75,9875.5,9957.25,2020-06-09 14:54:00+00:00,9957.25,objetivo,109.0,0.0,109.0,54.5,2.0
-1,1,2020-06-10 14:29:00+00:00,2020-06-10 14:30:00+00:00,10036.0,10068.75,9970.5,2020-06-10 15:26:00+00:00,10068.75,stop,-65.5,0.0,-65.5,65.5,-1.0
-1,1,2020-06-10 16:14:00+00:00,2020-06-10 16:15:00+00:00,10049.0,10060.75,10025.5,2020-06-10 16:18:00+00:00,10060.75,stop,-23.5,0.0,-23.5,23.5,-1.0
1,1,2020-06-10 16:29:00+00:00,2020-06-10 16:30:00+00:00,10070.0,10047.25,10115.5,2020-06-10 18:00:00+00:00,10047.25,stop,-45.5,0.0,-45.5,45.5,-1.0
1,1,2020-06-11 13:59:00+00:00,2020-06-11 14:00:00+00:00,9934.75,9889.0,10026.25,2020-06-11 14:59:00+00:00,9889.0,stop,-91.5,0.0,-91.5,91.5,-1.0
-1,1,2020-06-11 14:59:00+00:00,2020-06-11 15:00:00+00:00,9895.0,9956.0,9773.0,2020-06-11 16:26:00+00:00,9773.0,objetivo,244.0,0.0,244.0,122.0,2.0
-1,1,2020-06-12 13:59:00+00:00,2020-06-12 14:00:00+00:00,9811.5,9849.25,9736.0,2020-06-12 14:38:00+00:00,9736.0,objetivo,151.0,0.0,151.0,75.5,2.0
1,1,2020-06-15 13:59:00+00:00,2020-06-15 14:00:00+00:00,9596.5,9514.0,9761.5,2020-06-15 18:03:00+00:00,9761.5,objetivo,330.0,0.0,330.0,165.0,2.0
-1,1,2020-06-16 14:44:00+00:00,2020-06-16 14:45:00+00:00,9943.25,10009.75,9810.25,2020-06-16 15:00:00+00:00,9810.25,objetivo,266.0,0.0,266.0,133.0,2.0
1,1,2020-06-16 15:44:00+00:00,2020-06-16 15:45:00+00:00,9936.75,9907.5,9995.25,2020-06-16 16:02:00+00:00,9907.5,stop,-58.5,0.0,-58.5,58.5,-1.0
-1,1,2020-06-16 16:14:00+00:00,2020-06-16 16:15:00+00:00,9919.5,9947.75,9863.0,2020-06-16 16:31:00+00:00,9947.75,stop,-56.5,0.0,-56.5,56.5,-1.0
1,1,2020-06-16 16:44:00+00:00,2020-06-16 16:45:00+00:00,9973.75,9931.5,10058.25,2020-06-16 17:55:00+00:00,9931.5,stop,-84.5,0.0,-84.5,84.5,-1.0
-1,1,2020-06-18 13:59:00+00:00,2020-06-18 14:00:00+00:00,9964.25,9988.0,9916.75,2020-06-18 14:07:00+00:00,9988.0,stop,-47.5,0.0,-47.5,47.5,-1.0
1,1,2020-06-18 14:14:00+00:00,2020-06-18 14:15:00+00:00,9977.25,9958.25,10015.25,2020-06-18 14:21:00+00:00,9958.25,stop,-38.0,0.0,-38.0,38.0,-1.0
-1,1,2020-06-18 14:29:00+00:00,2020-06-18 14:30:00+00:00,9954.25,9981.5,9899.75,2020-06-18 14:35:00+00:00,9981.5,stop,-54.5,0.0,-54.5,54.5,-1.0
1,1,2020-06-18 14:44:00+00:00,2020-06-18 14:45:00+00:00,9968.0,9924.25,10055.5,2020-06-18 19:55:00+00:00,9996.0,tiempo,56.0,0.0,56.0,87.5,0.64
-1,1,2020-06-19 13:59:00+00:00,2020-06-19 14:00:00+00:00,10087.25,10109.25,10043.25,2020-06-19 16:00:00+00:00,10043.25,objetivo,88.0,0.0,88.0,44.0,2.0
1,1,2020-06-22 13:59:00+00:00,2020-06-22 14:00:00+00:00,10021.25,9982.75,10098.25,2020-06-22 16:46:00+00:00,10098.25,objetivo,154.0,0.0,154.0,77.0,2.0
-1,1,2020-06-24 13:59:00+00:00,2020-06-24 14:00:00+00:00,10096.25,10205.0,9878.75,2020-06-24 19:55:00+00:00,9982.0,tiempo,228.5,0.0,228.5,217.5,1.0505747126436782
1,1,2020-06-25 13:59:00+00:00,2020-06-25 14:00:00+00:00,9946.25,9885.5,10067.75,2020-06-25 19:27:00+00:00,10067.75,objetivo,243.0,0.0,243.0,121.5,2.0
1,1,2020-06-26 15:44:00+00:00,2020-06-26 15:45:00+00:00,9948.75,9908.25,10029.75,2020-06-26 16:17:00+00:00,9908.25,stop,-81.0,0.0,-81.0,81.0,-1.0
1,1,2020-06-29 13:59:00+00:00,2020-06-29 14:00:00+00:00,9792.0,9728.75,9918.5,2020-06-29 16:03:00+00:00,9918.5,objetivo,253.0,0.0,253.0,126.5,2.0
-1,1,2020-07-01 13:59:00+00:00,2020-07-01 14:00:00+00:00,10149.75,10172.25,10104.75,2020-07-01 14:02:00+00:00,10172.25,stop,-45.0,0.0,-45.0,45.0,-1.0
1,1,2020-07-01 14:14:00+00:00,2020-07-01 14:15:00+00:00,10181.0,10141.5,10260.0,2020-07-01 16:33:00+00:00,10260.0,objetivo,158.0,0.0,158.0,79.0,2.0
-1,1,2020-07-02 14:14:00+00:00,2020-07-02 14:15:00+00:00,10395.25,10422.25,10341.25,2020-07-02 15:03:00+00:00,10341.25,objetivo,108.0,0.0,108.0,54.0,2.0
1,1,2020-07-02 15:59:00+00:00,2020-07-02 16:00:00+00:00,10382.5,10373.75,10400.0,2020-07-02 16:00:00+00:00,10373.75,stop,-17.5,0.0,-17.5,17.5,-1.0
-1,1,2020-07-02 16:14:00+00:00,2020-07-02 16:15:00+00:00,10379.75,10386.0,10367.25,2020-07-02 16:19:00+00:00,10386.0,stop,-12.5,0.0,-12.5,12.5,-1.0
1,1,2020-07-02 16:29:00+00:00,2020-07-02 16:30:00+00:00,10389.25,10369.25,10429.25,2020-07-02 19:40:00+00:00,10369.25,stop,-40.0,0.0,-40.0,40.0,-1.0
1,1,2020-07-03 13:59:00+00:00,2020-07-03 14:00:00+00:00,10353.25,10348.0,10363.75,2020-07-03 14:22:00+00:00,10348.0,stop,-10.5,0.0,-10.5,10.5,-1.0
1,1,2020-07-03 15:29:00+00:00,2020-07-03 15:30:00+00:00,10337.25,10331.25,10349.25,2020-07-03 15:56:00+00:00,10331.25,stop,-12.0,0.0,-12.0,12.0,-1.0
-1,1,2020-07-03 15:59:00+00:00,2020-07-03 16:00:00+00:00,10332.25,10340.0,10316.75,2020-07-03 16:21:00+00:00,10340.0,stop,-15.5,0.0,-15.5,15.5,-1.0
1,1,2020-07-03 16:29:00+00:00,2020-07-03 16:30:00+00:00,10343.75,10333.0,10365.25,2020-07-03 16:56:00+00:00,10333.0,stop,-21.5,0.0,-21.5,21.5,-1.0
-1,1,2020-07-06 18:14:00+00:00,2020-07-06 18:15:00+00:00,10529.0,10565.75,10455.5,2020-07-06 19:22:00+00:00,10565.75,stop,-73.5,0.0,-73.5,73.5,-1.0
-1,1,2020-07-07 16:14:00+00:00,2020-07-07 16:15:00+00:00,10625.75,10665.5,10546.25,2020-07-07 19:15:00+00:00,10546.25,objetivo,159.0,0.0,159.0,79.5,2.0
-1,1,2020-07-08 14:29:00+00:00,2020-07-08 14:30:00+00:00,10603.0,10634.75,10539.5,2020-07-08 15:20:00+00:00,10539.5,objetivo,127.0,0.0,127.0,63.5,2.0
1,1,2020-07-08 16:29:00+00:00,2020-07-08 16:30:00+00:00,10602.0,10585.5,10635.0,2020-07-08 16:44:00+00:00,10585.5,stop,-33.0,0.0,-33.0,33.0,-1.0
-1,1,2020-07-08 16:44:00+00:00,2020-07-08 16:45:00+00:00,10591.0,10613.5,10546.0,2020-07-08 16:56:00+00:00,10613.5,stop,-45.0,0.0,-45.0,45.0,-1.0
1,1,2020-07-08 16:59:00+00:00,2020-07-08 17:00:00+00:00,10626.0,10590.75,10696.5,2020-07-08 17:26:00+00:00,10590.75,stop,-70.5,0.0,-70.5,70.5,-1.0
-1,1,2020-07-08 17:29:00+00:00,2020-07-08 17:30:00+00:00,10595.5,10623.5,10539.5,2020-07-08 19:10:00+00:00,10623.5,stop,-56.0,0.0,-56.0,56.0,-1.0
1,1,2020-07-09 13:59:00+00:00,2020-07-09 14:00:00+00:00,10731.25,10689.75,10814.25,2020-07-09 14:17:00+00:00,10689.75,stop,-83.0,0.0,-83.0,83.0,-1.0
-1,1,2020-07-09 14:29:00+00:00,2020-07-09 14:30:00+00:00,10712.25,10723.75,10689.25,2020-07-09 14:32:00+00:00,10723.75,stop,-23.0,0.0,-23.0,23.0,-1.0
1,1,2020-07-09 16:29:00+00:00,2020-07-09 16:30:00+00:00,10655.75,10647.75,10671.75,2020-07-09 16:45:00+00:00,10671.75,objetivo,32.0,0.0,32.0,16.0,2.0
1,1,2020-07-10 14:14:00+00:00,2020-07-10 14:15:00+00:00,10698.25,10625.5,10843.75,2020-07-10 19:55:00+00:00,10819.0,tiempo,241.5,0.0,241.5,145.5,1.6597938144329898
-1,1,2020-07-13 13:59:00+00:00,2020-07-13 14:00:00+00:00,10965.0,10996.25,10902.5,2020-07-13 14:28:00+00:00,10996.25,stop,-62.5,0.0,-62.5,62.5,-1.0
-1,1,2020-07-13 16:59:00+00:00,2020-07-13 17:00:00+00:00,10966.25,11016.75,10865.25,2020-07-13 18:09:00+00:00,10865.25,objetivo,202.0,0.0,202.0,101.0,2.0
-1,1,2020-07-14 13:59:00+00:00,2020-07-14 14:00:00+00:00,10473.0,10611.25,10196.5,2020-07-14 17:54:00+00:00,10611.25,stop,-276.5,0.0,-276.5,276.5,-1.0
-1,1,2020-07-15 13:59:00+00:00,2020-07-15 14:00:00+00:00,10707.5,10766.0,10590.5,2020-07-15 15:48:00+00:00,10590.5,objetivo,234.0,0.0,234.0,117.0,2.0
1,1,2020-07-15 18:14:00+00:00,2020-07-15 18:15:00+00:00,10698.5,10631.0,10833.5,2020-07-15 19:11:00+00:00,10631.0,stop,-135.0,0.0,-135.0,135.0,-1.0
-1,1,2020-07-16 13:59:00+00:00,2020-07-16 14:00:00+00:00,10555.25,10594.0,10477.75,2020-07-16 15:09:00+00:00,10477.75,objetivo,155.0,0.0,155.0,77.5,2.0
1,1,2020-07-16 15:59:00+00:00,2020-07-16 16:00:00+00:00,10542.25,10501.5,10623.75,2020-07-16 18:23:00+00:00,10623.75,objetivo,163.0,0.0,163.0,81.5,2.0
1,1,2020-07-17 14:59:00+00:00,2020-07-17 15:00:00+00:00,10593.0,10552.75,10673.5,2020-07-17 19:55:00+00:00,10622.75,tiempo,59.5,0.0,59.5,80.5,0.7391304347826086
1,1,2020-07-20 13:59:00+00:00,2020-07-20 14:00:00+00:00,10682.5,10618.75,10810.0,2020-07-20 15:45:00+00:00,10810.0,objetivo,255.0,0.0,255.0,127.5,2.0
1,1,2020-07-21 18:14:00+00:00,2020-07-21 18:15:00+00:00,10926.0,10896.5,10985.0,2020-07-21 18:40:00+00:00,10896.5,stop,-59.0,0.0,-59.0,59.0,-1.0
-1,1,2020-07-21 18:44:00+00:00,2020-07-21 18:45:00+00:00,10891.0,10921.0,10831.0,2020-07-21 19:12:00+00:00,10831.0,objetivo,120.0,0.0,120.0,60.0,2.0
1,1,2020-07-22 13:59:00+00:00,2020-07-22 14:00:00+00:00,10876.5,10837.75,10954.0,2020-07-22 14:30:00+00:00,10837.75,stop,-77.5,0.0,-77.5,77.5,-1.0
1,1,2020-07-22 15:44:00+00:00,2020-07-22 15:45:00+00:00,10838.25,10814.0,10886.75,2020-07-22 16:04:00+00:00,10814.0,stop,-48.5,0.0,-48.5,48.5,-1.0
1,1,2020-07-22 16:14:00+00:00,2020-07-22 16:15:00+00:00,10852.0,10813.75,10928.5,2020-07-22 17:31:00+00:00,10813.75,stop,-76.5,0.0,-76.5,76.5,-1.0
-1,1,2020-07-23 14:14:00+00:00,2020-07-23 14:15:00+00:00,10789.5,10855.5,10657.5,2020-07-23 16:54:00+00:00,10657.5,objetivo,264.0,0.0,264.0,132.0,2.0
1,1,2020-07-24 13:59:00+00:00,2020-07-24 14:00:00+00:00,10382.0,10321.75,10502.5,2020-07-24 14:59:00+00:00,10502.5,objetivo,241.0,0.0,241.0,120.5,2.0
-1,1,2020-07-24 16:59:00+00:00,2020-07-24 17:00:00+00:00,10430.5,10446.25,10399.0,2020-07-24 17:02:00+00:00,10446.25,stop,-31.5,0.0,-31.5,31.5,-1.0
1,1,2020-07-24 17:29:00+00:00,2020-07-24 17:30:00+00:00,10432.75,10381.25,10535.75,2020-07-24 19:55:00+00:00,10465.75,tiempo,66.0,0.0,66.0,103.0,0.6407766990291263
-1,1,2020-07-27 14:14:00+00:00,2020-07-27 14:15:00+00:00,10591.75,10635.75,10503.75,2020-07-27 18:06:00+00:00,10635.75,stop,-88.0,0.0,-88.0,88.0,-1.0
-1,1,2020-07-28 13:59:00+00:00,2020-07-28 14:00:00+00:00,10587.75,10628.75,10505.75,2020-07-28 14:56:00+00:00,10628.75,stop,-82.0,0.0,-82.0,82.0,-1.0
-1,1,2020-07-28 18:29:00+00:00,2020-07-28 18:30:00+00:00,10611.5,10633.5,10567.5,2020-07-28 19:13:00+00:00,10567.5,objetivo,88.0,0.0,88.0,44.0,2.0
1,1,2020-07-29 13:59:00+00:00,2020-07-29 14:00:00+00:00,10599.75,10571.0,10657.25,2020-07-29 18:31:00+00:00,10657.25,objetivo,115.0,0.0,115.0,57.5,2.0
1,1,2020-07-30 14:44:00+00:00,2020-07-30 14:45:00+00:00,10574.0,10550.75,10620.5,2020-07-30 14:52:00+00:00,10550.75,stop,-46.5,0.0,-46.5,46.5,-1.0
1,1,2020-07-31 13:59:00+00:00,2020-07-31 14:00:00+00:00,10824.75,10792.25,10889.75,2020-07-31 14:02:00+00:00,10792.25,stop,-65.0,0.0,-65.0,65.0,-1.0
-1,1,2020-07-31 14:14:00+00:00,2020-07-31 14:15:00+00:00,10758.0,10827.0,10620.0,2020-07-31 15:18:00+00:00,10827.0,stop,-138.0,0.0,-138.0,138.0,-1.0
-1,1,2020-07-31 15:59:00+00:00,2020-07-31 16:00:00+00:00,10786.5,10826.25,10707.0,2020-07-31 16:38:00+00:00,10707.0,objetivo,159.0,0.0,159.0,79.5,2.0
1,1,2020-07-31 18:44:00+00:00,2020-07-31 18:45:00+00:00,10774.5,10741.25,10841.0,2020-07-31 19:15:00+00:00,10841.0,objetivo,133.0,0.0,133.0,66.5,2.0
-1,1,2020-08-03 14:29:00+00:00,2020-08-03 14:30:00+00:00,11023.75,11040.0,10991.25,2020-08-03 14:52:00+00:00,10991.25,objetivo,65.0,0.0,65.0,32.5,2.0
1,1,2020-08-03 15:14:00+00:00,2020-08-03 15:15:00+00:00,11036.25,11003.0,11102.75,2020-08-03 19:55:00+00:00,11055.0,tiempo,37.5,0.0,37.5,66.5,0.5639097744360902
-1,1,2020-08-04 14:59:00+00:00,2020-08-04 15:00:00+00:00,11050.25,11071.25,11008.25,2020-08-04 16:13:00+00:00,11008.25,objetivo,84.0,0.0,84.0,42.0,2.0
1,1,2020-08-04 17:14:00+00:00,2020-08-04 17:15:00+00:00,11045.25,11013.0,11109.75,2020-08-04 18:30:00+00:00,11013.0,stop,-64.5,0.0,-64.5,64.5,-1.0
1,1,2020-08-05 13:59:00+00:00,2020-08-05 14:00:00+00:00,11109.25,11065.75,11196.25,2020-08-05 19:55:00+00:00,11101.5,tiempo,-15.5,0.0,-15.5,87.0,-0.1781609195402299
1,1,2020-08-06 13:59:00+00:00,2020-08-06 14:00:00+00:00,11117.75,11073.0,11207.25,2020-08-06 18:01:00+00:00,11207.25,objetivo,179.0,0.0,179.0,89.5,2.0
1,1,2020-08-07 13:59:00+00:00,2020-08-07 14:00:00+00:00,11247.75,11220.75,11301.75,2020-08-07 14:05:00+00:00,11220.75,stop,-54.0,0.0,-54.0,54.0,-1.0
-1,1,2020-08-07 14:29:00+00:00,2020-08-07 14:30:00+00:00,11228.0,11237.75,11208.5,2020-08-07 14:31:00+00:00,11237.75,stop,-19.5,0.0,-19.5,19.5,-1.0
1,1,2020-08-07 14:44:00+00:00,2020-08-07 14:45:00+00:00,11231.75,11226.5,11242.25,2020-08-07 14:48:00+00:00,11242.25,objetivo,21.0,0.0,21.0,10.5,2.0
-1,1,2020-08-07 15:29:00+00:00,2020-08-07 15:30:00+00:00,11204.5,11240.25,11133.0,2020-08-07 17:00:00+00:00,11133.0,objetivo,143.0,0.0,143.0,71.5,2.0
-1,1,2020-08-10 13:59:00+00:00,2020-08-10 14:00:00+00:00,11081.25,11146.0,10951.75,2020-08-10 14:58:00+00:00,10951.75,objetivo,259.0,0.0,259.0,129.5,2.0
1,1,2020-08-10 16:44:00+00:00,2020-08-10 16:45:00+00:00,11063.0,11007.25,11174.5,2020-08-10 19:55:00+00:00,11070.5,tiempo,15.0,0.0,15.0,111.5,0.13452914798206278
-1,1,2020-08-11 14:14:00+00:00,2020-08-11 14:15:00+00:00,10966.0,11013.75,10870.5,2020-08-11 14:38:00+00:00,11013.75,stop,-95.5,0.0,-95.5,95.5,-1.0
-1,1,2020-08-11 18:14:00+00:00,2020-08-11 18:15:00+00:00,11003.75,11052.0,10907.25,2020-08-11 19:19:00+00:00,10907.25,objetivo,193.0,0.0,193.0,96.5,2.0
1,1,2020-08-12 13:59:00+00:00,2020-08-12 14:00:00+00:00,11061.5,10987.0,11210.5,2020-08-12 19:55:00+00:00,11142.5,tiempo,162.0,0.0,162.0,149.0,1.087248322147651
-1,1,2020-08-13 14:14:00+00:00,2020-08-13 14:15:00+00:00,11197.75,11216.0,11161.25,2020-08-13 14:24:00+00:00,11216.0,stop,-36.5,0.0,-36.5,36.5,-1.0
1,1,2020-08-13 14:29:00+00:00,2020-08-13 14:30:00+00:00,11225.75,11177.0,11323.25,2020-08-13 18:11:00+00:00,11177.0,stop,-97.5,0.0,-97.5,97.5,-1.0
-1,1,2020-08-14 13:59:00+00:00,2020-08-14 14:00:00+00:00,11173.0,11196.75,11125.5,2020-08-14 14:17:00+00:00,11125.5,objetivo,95.0,0.0,95.0,47.5,2.0
1,1,2020-08-14 15:29:00+00:00,2020-08-14 15:30:00+00:00,11149.25,11123.0,11201.75,2020-08-14 15:54:00+00:00,11123.0,stop,-52.5,0.0,-52.5,52.5,-1.0
1,1,2020-08-14 16:29:00+00:00,2020-08-14 16:30:00+00:00,11151.25,11135.75,11182.25,2020-08-14 18:26:00+00:00,11135.75,stop,-31.0,0.0,-31.0,31.0,-1.0
-1,1,2020-08-14 18:29:00+00:00,2020-08-14 18:30:00+00:00,11147.0,11157.25,11126.5,2020-08-14 18:33:00+00:00,11157.25,stop,-20.5,0.0,-20.5,20.5,-1.0
-1,1,2020-08-17 15:44:00+00:00,2020-08-17 15:45:00+00:00,11241.0,11265.0,11193.0,2020-08-17 16:46:00+00:00,11265.0,stop,-48.0,0.0,-48.0,48.0,-1.0
-1,1,2020-08-18 13:59:00+00:00,2020-08-18 14:00:00+00:00,11341.75,11375.5,11274.25,2020-08-18 14:30:00+00:00,11274.25,objetivo,135.0,0.0,135.0,67.5,2.0
1,1,2020-08-18 14:59:00+00:00,2020-08-18 15:00:00+00:00,11340.5,11311.5,11398.5,2020-08-18 18:52:00+00:00,11398.5,objetivo,116.0,0.0,116.0,58.0,2.0
1,1,2020-08-19 14:14:00+00:00,2020-08-19 14:15:00+00:00,11380.25,11346.0,11448.75,2020-08-19 18:20:00+00:00,11346.0,stop,-68.5,0.0,-68.5,68.5,-1.0
-1,1,2020-08-21 14:14:00+00:00,2020-08-21 14:15:00+00:00,11476.0,11500.75,11426.5,2020-08-21 14:24:00+00:00,11500.75,stop,-49.5,0.0,-49.5,49.5,-1.0
1,1,2020-08-21 14:29:00+00:00,2020-08-21 14:30:00+00:00,11523.75,11476.0,11619.25,2020-08-21 19:55:00+00:00,11552.75,tiempo,58.0,0.0,58.0,95.5,0.6073298429319371
-1,1,2020-08-24 13:59:00+00:00,2020-08-24 14:00:00+00:00,11656.0,11718.25,11531.5,2020-08-24 14:58:00+00:00,11531.5,objetivo,249.0,0.0,249.0,124.5,2.0
1,1,2020-08-24 16:14:00+00:00,2020-08-24 16:15:00+00:00,11628.5,11612.0,11661.5,2020-08-24 16:27:00+00:00,11612.0,stop,-33.0,0.0,-33.0,33.0,-1.0
-1,1,2020-08-24 16:29:00+00:00,2020-08-24 16:30:00+00:00,11612.75,11641.25,11555.75,2020-08-24 19:06:00+00:00,11555.75,objetivo,114.0,0.0,114.0,57.0,2.0
-1,1,2020-08-26 14:14:00+00:00,2020-08-26 14:15:00+00:00,11773.75,11795.75,11729.75,2020-08-26 14:24:00+00:00,11795.75,stop,-44.0,0.0,-44.0,44.0,-1.0
1,1,2020-08-26 14:29:00+00:00,2020-08-26 14:30:00+00:00,11805.75,11773.25,11870.75,2020-08-26 15:35:00+00:00,11870.75,objetivo,130.0,0.0,130.0,65.0,2.0
-1,1,2020-08-27 14:14:00+00:00,2020-08-27 14:15:00+00:00,11933.0,11982.75,11833.5,2020-08-27 14:29:00+00:00,11982.75,stop,-99.5,0.0,-99.5,99.5,-1.0
1,1,2020-08-27 14:29:00+00:00,2020-08-27 14:30:00+00:00,11996.5,11925.5,12138.5,2020-08-27 16:37:00+00:00,11925.5,stop,-142.0,0.0,-142.0,142.0,-1.0
1,1,2020-08-27 18:14:00+00:00,2020-08-27 18:15:00+00:00,11959.25,11935.75,12006.25,2020-08-27 19:50:00+00:00,11935.75,stop,-47.0,0.0,-47.0,47.0,-1.0
-1,1,2020-08-28 14:14:00+00:00,2020-08-28 14:15:00+00:00,11981.25,12018.25,11907.25,2020-08-28 19:55:00+00:00,11985.5,tiempo,-8.5,0.0,-8.5,74.0,-0.11486486486486487
-1,1,2020-09-02 13:59:00+00:00,2020-09-02 14:00:00+00:00,12251.5,12404.75,11945.0,2020-09-02 19:11:00+00:00,12404.75,stop,-306.5,0.0,-306.5,306.5,-1.0
1,1,2020-09-04 15:59:00+00:00,2020-09-04 16:00:00+00:00,11490.25,11342.0,11786.75,2020-09-04 19:55:00+00:00,11650.0,tiempo,319.5,0.0,319.5,296.5,1.0775716694772344
-1,1,2020-09-07 13:59:00+00:00,2020-09-07 14:00:00+00:00,11460.75,11498.5,11385.25,2020-09-07 14:35:00+00:00,11498.5,stop,-75.5,0.0,-75.5,75.5,-1.0
1,1,2020-09-08 13:59:00+00:00,2020-09-08 14:00:00+00:00,11293.25,11136.75,11606.25,2020-09-08 18:42:00+00:00,11136.75,stop,-313.0,0.0,-313.0,313.0,-1.0
1,1,2020-09-09 13:59:00+00:00,2020-09-09 14:00:00+00:00,11259.75,11188.25,11402.75,2020-09-09 15:03:00+00:00,11402.75,objetivo,286.0,0.0,286.0,143.0,2.0
1,1,2020-09-10 14:14:00+00:00,2020-09-10 14:15:00+00:00,11545.25,11501.5,11632.75,2020-09-10 14:44:00+00:00,11501.5,stop,-87.5,0.0,-87.5,87.5,-1.0
1,1,2020-09-10 15:44:00+00:00,2020-09-10 15:45:00+00:00,11487.25,11441.0,11579.75,2020-09-10 15:55:00+00:00,11441.0,stop,-92.5,0.0,-92.5,92.5,-1.0
-1,1,2020-09-10 15:59:00+00:00,2020-09-10 16:00:00+00:00,11434.5,11494.0,11315.5,2020-09-10 17:58:00+00:00,11315.5,objetivo,238.0,0.0,238.0,119.0,2.0
1,1,2020-09-11 14:29:00+00:00,2020-09-11 14:30:00+00:00,11200.25,11116.0,11368.75,2020-09-11 15:59:00+00:00,11116.0,stop,-168.5,0.0,-168.5,168.5,-1.0
-1,1,2020-09-14 16:29:00+00:00,2020-09-14 16:30:00+00:00,11297.75,11330.0,11233.25,2020-09-14 17:16:00+00:00,11233.25,objetivo,129.0,0.0,129.0,64.5,2.0
1,1,2020-09-17 13:59:00+00:00,2020-09-17 14:00:00+00:00,11063.25,10989.75,11210.25,2020-09-17 16:08:00+00:00,10989.75,stop,-147.0,0.0,-147.0,147.0,-1.0
1,1,2020-09-17 18:14:00+00:00,2020-09-17 18:15:00+00:00,11040.75,11002.75,11116.75,2020-09-17 18:28:00+00:00,11002.75,stop,-76.0,0.0,-76.0,76.0,-1.0
-1,1,2020-09-17 18:29:00+00:00,2020-09-17 18:30:00+00:00,10975.75,11045.0,10837.25,2020-09-17 19:40:00+00:00,11045.0,stop,-138.5,0.0,-138.5,138.5,-1.0
1,1,2020-09-18 14:14:00+00:00,2020-09-18 14:15:00+00:00,11084.5,11055.75,11142.0,2020-09-18 14:22:00+00:00,11055.75,stop,-57.5,0.0,-57.5,57.5,-1.0
-1,1,2020-09-18 14:29:00+00:00,2020-09-18 14:30:00+00:00,11046.25,11105.75,10927.25,2020-09-18 15:02:00+00:00,10927.25,objetivo,238.0,0.0,238.0,119.0,2.0
-1,1,2020-09-21 14:14:00+00:00,2020-09-21 14:15:00+00:00,10773.75,10822.0,10677.25,2020-09-21 14:32:00+00:00,10677.25,objetivo,193.0,0.0,193.0,96.5,2.0
1,1,2020-09-21 15:59:00+00:00,2020-09-21 16:00:00+00:00,10801.75,10739.0,10927.25,2020-09-21 19:50:00+00:00,10927.25,objetivo,251.0,0.0,251.0,125.5,2.0
1,1,2020-09-22 13:59:00+00:00,2020-09-22 14:00:00+00:00,11006.0,10950.5,11117.0,2020-09-22 14:59:00+00:00,10950.5,stop,-111.0,0.0,-111.0,111.0,-1.0
1,1,2020-09-22 15:44:00+00:00,2020-09-22 15:45:00+00:00,11002.5,10958.0,11091.5,2020-09-22 17:49:00+00:00,11091.5,objetivo,178.0,0.0,178.0,89.0,2.0
-1,1,2020-09-23 13:59:00+00:00,2020-09-23 14:00:00+00:00,11081.5,11142.25,10960.0,2020-09-23 17:53:00+00:00,10960.0,objetivo,243.0,0.0,243.0,121.5,2.0
-1,1,2020-09-24 14:44:00+00:00,2020-09-24 14:45:00+00:00,10799.5,10847.25,10704.0,2020-09-24 14:46:00+00:00,10847.25,stop,-95.5,0.0,-95.5,95.5,-1.0
1,1,2020-09-24 14:59:00+00:00,2020-09-24 15:00:00+00:00,10891.5,10797.0,11080.5,2020-09-24 19:55:00+00:00,10892.5,tiempo,2.0,0.0,2.0,189.0,0.010582010582010581
1,1,2020-09-25 13:59:00+00:00,2020-09-25 14:00:00+00:00,10903.75,10830.5,11050.25,2020-09-25 17:43:00+00:00,11050.25,objetivo,293.0,0.0,293.0,146.5,2.0
1,1,2020-09-28 14:14:00+00:00,2020-09-28 14:15:00+00:00,11286.5,11242.5,11374.5,2020-09-28 14:51:00+00:00,11242.5,stop,-88.0,0.0,-88.0,88.0,-1.0
1,1,2020-09-28 15:14:00+00:00,2020-09-28 15:15:00+00:00,11291.75,11237.25,11400.75,2020-09-28 16:16:00+00:00,11237.25,stop,-109.0,0.0,-109.0,109.0,-1.0
1,1,2020-09-28 16:59:00+00:00,2020-09-28 17:00:00+00:00,11286.0,11265.25,11327.5,2020-09-28 17:11:00+00:00,11265.25,stop,-41.5,0.0,-41.5,41.5,-1.0
1,1,2020-09-29 14:14:00+00:00,2020-09-29 14:15:00+00:00,11368.25,11330.75,11443.25,2020-09-29 14:34:00+00:00,11330.75,stop,-75.0,0.0,-75.0,75.0,-1.0
1,1,2020-09-29 15:29:00+00:00,2020-09-29 15:30:00+00:00,11347.75,11326.5,11390.25,2020-09-29 15:43:00+00:00,11326.5,stop,-42.5,0.0,-42.5,42.5,-1.0
-1,1,2020-09-29 15:44:00+00:00,2020-09-29 15:45:00+00:00,11329.0,11363.75,11259.5,2020-09-29 18:45:00+00:00,11363.75,stop,-69.5,0.0,-69.5,69.5,-1.0
1,1,2020-09-30 13:59:00+00:00,2020-09-30 14:00:00+00:00,11417.75,11328.75,11595.75,2020-09-30 19:55:00+00:00,11430.5,tiempo,25.5,0.0,25.5,178.0,0.14325842696629212
1,1,2020-10-01 15:29:00+00:00,2020-10-01 15:30:00+00:00,11536.5,11492.5,11624.5,2020-10-01 19:55:00+00:00,11568.0,tiempo,63.0,0.0,63.0,88.0,0.7159090909090909
-1,1,2020-10-02 14:44:00+00:00,2020-10-02 14:45:00+00:00,11394.0,11465.25,11251.5,2020-10-02 16:01:00+00:00,11251.5,objetivo,285.0,0.0,285.0,142.5,2.0
-1,1,2020-10-05 18:29:00+00:00,2020-10-05 18:30:00+00:00,11397.75,11413.25,11366.75,2020-10-05 18:33:00+00:00,11413.25,stop,-31.0,0.0,-31.0,31.0,-1.0
1,1,2020-10-05 18:44:00+00:00,2020-10-05 18:45:00+00:00,11425.5,11397.75,11481.0,2020-10-05 19:12:00+00:00,11481.0,objetivo,111.0,0.0,111.0,55.5,2.0
1,1,2020-10-06 14:14:00+00:00,2020-10-06 14:15:00+00:00,11490.5,11444.75,11582.0,2020-10-06 14:43:00+00:00,11444.75,stop,-91.5,0.0,-91.5,91.5,-1.0
-1,1,2020-10-06 14:44:00+00:00,2020-10-06 14:45:00+00:00,11447.25,11497.75,11346.25,2020-10-06 18:42:00+00:00,11497.75,stop,-101.0,0.0,-101.0,101.0,-1.0
-1,1,2020-10-06 18:59:00+00:00,2020-10-06 19:00:00+00:00,11343.5,11524.5,10981.5,2020-10-06 19:55:00+00:00,11273.75,tiempo,139.5,0.0,139.5,362.0,0.38535911602209943
-1,1,2020-10-07 13:59:00+00:00,2020-10-07 14:00:00+00:00,11410.5,11437.75,11356.0,2020-10-07 15:31:00+00:00,11437.75,stop,-54.5,0.0,-54.5,54.5,-1.0
1,1,2020-10-08 15:14:00+00:00,2020-10-08 15:15:00+00:00,11549.5,11506.25,11636.0,2020-10-08 15:33:00+00:00,11506.25,stop,-86.5,0.0,-86.5,86.5,-1.0
1,1,2020-10-08 15:44:00+00:00,2020-10-08 15:45:00+00:00,11532.75,11496.0,11606.25,2020-10-08 19:55:00+00:00,11532.0,tiempo,-1.5,0.0,-1.5,73.5,-0.02040816326530612
1,1,2020-10-12 14:14:00+00:00,2020-10-12 14:15:00+00:00,11903.0,11867.75,11973.5,2020-10-12 15:01:00+00:00,11973.5,objetivo,141.0,0.0,141.0,70.5,2.0
1,1,2020-10-13 13:59:00+00:00,2020-10-13 14:00:00+00:00,12093.0,12032.0,12215.0,2020-10-13 17:57:00+00:00,12032.0,stop,-122.0,0.0,-122.0,122.0,-1.0
-1,1,2020-10-14 14:14:00+00:00,2020-10-14 14:15:00+00:00,12097.75,12138.75,12015.75,2020-10-14 15:47:00+00:00,12015.75,objetivo,164.0,0.0,164.0,82.0,2.0
-1,1,2020-10-15 14:14:00+00:00,2020-10-15 14:15:00+00:00,11807.5,11873.25,11676.0,2020-10-15 19:11:00+00:00,11873.25,stop,-131.5,0.0,-131.5,131.5,-1.0
-1,1,2020-10-16 14:59:00+00:00,2020-10-16 15:00:00+00:00,11968.5,11999.0,11907.5,2020-10-16 15:18:00+00:00,11907.5,objetivo,122.0,0.0,122.0,61.0,2.0
1,1,2020-10-16 18:44:00+00:00,2020-10-16 18:45:00+00:00,11942.0,11931.5,11963.0,2020-10-16 19:04:00+00:00,11931.5,stop,-21.0,0.0,-21.0,21.0,-1.0
-1,1,2020-10-19 13:59:00+00:00,2020-10-19 14:00:00+00:00,11874.0,11950.5,11721.0,2020-10-19 17:48:00+00:00,11721.0,objetivo,306.0,0.0,306.0,153.0,2.0
-1,1,2020-10-20 14:29:00+00:00,2020-10-20 14:30:00+00:00,11680.5,11735.75,11570.0,2020-10-20 16:35:00+00:00,11735.75,stop,-110.5,0.0,-110.5,110.5,-1.0
-1,1,2020-10-21 14:44:00+00:00,2020-10-21 14:45:00+00:00,11734.75,11752.5,11699.25,2020-10-21 14:59:00+00:00,11699.25,objetivo,71.0,0.0,71.0,35.5,2.0
1,1,2020-10-21 18:14:00+00:00,2020-10-21 18:15:00+00:00,11700.0,11674.25,11751.5,2020-10-21 19:00:00+00:00,11751.5,objetivo,103.0,0.0,103.0,51.5,2.0
-1,1,2020-10-22 13:59:00+00:00,2020-10-22 14:00:00+00:00,11675.0,11706.5,11612.0,2020-10-22 14:21:00+00:00,11612.0,objetivo,126.0,0.0,126.0,63.0,2.0
1,1,2020-10-22 16:59:00+00:00,2020-10-22 17:00:00+00:00,11604.75,11560.5,11693.25,2020-10-22 19:55:00+00:00,11654.5,tiempo,99.5,0.0,99.5,88.5,1.1242937853107344
1,1,2020-10-23 15:14:00+00:00,2020-10-23 15:15:00+00:00,11631.75,11592.0,11711.25,2020-10-23 15:22:00+00:00,11592.0,stop,-79.5,0.0,-79.5,79.5,-1.0
-1,1,2020-10-23 15:29:00+00:00,2020-10-23 15:30:00+00:00,11594.25,11634.75,11513.25,2020-10-23 18:04:00+00:00,11634.75,stop,-81.0,0.0,-81.0,81.0,-1.0
-1,1,2020-10-26 14:29:00+00:00,2020-10-26 14:30:00+00:00,11622.5,11684.75,11498.0,2020-10-26 15:03:00+00:00,11498.0,objetivo,249.0,0.0,249.0,124.5,2.0
-1,1,2020-10-27 14:14:00+00:00,2020-10-27 14:15:00+00:00,11532.75,11559.75,11478.75,2020-10-27 14:48:00+00:00,11559.75,stop,-54.0,0.0,-54.0,54.0,-1.0
1,1,2020-10-29 13:59:00+00:00,2020-10-29 14:00:00+00:00,11261.25,11175.0,11433.75,2020-10-29 18:24:00+00:00,11433.75,objetivo,345.0,0.0,345.0,172.5,2.0
1,1,2020-10-30 16:29:00+00:00,2020-10-30 16:30:00+00:00,11090.75,11052.0,11168.25,2020-10-30 16:36:00+00:00,11052.0,stop,-77.5,0.0,-77.5,77.5,-1.0
-1,1,2020-10-30 16:44:00+00:00,2020-10-30 16:45:00+00:00,11037.25,11091.25,10929.25,2020-10-30 19:55:00+00:00,10978.25,tiempo,118.0,0.0,118.0,108.0,1.0925925925925926
-1,1,2020-11-02 15:44:00+00:00,2020-11-02 15:45:00+00:00,11110.75,11170.0,10992.25,2020-11-02 18:11:00+00:00,10992.25,objetivo,237.0,0.0,237.0,118.5,2.0
-1,1,2020-11-03 18:59:00+00:00,2020-11-03 19:00:00+00:00,11224.75,11289.0,11096.25,2020-11-03 20:27:00+00:00,11289.0,stop,-128.5,0.0,-128.5,128.5,-1.0
1,1,2020-11-04 14:59:00+00:00,2020-11-04 15:00:00+00:00,11644.0,11565.75,11800.5,2020-11-04 16:55:00+00:00,11800.5,objetivo,313.0,0.0,313.0,156.5,2.0
-1,1,2020-11-05 15:29:00+00:00,2020-11-05 15:30:00+00:00,12021.0,12099.0,11865.0,2020-11-05 19:42:00+00:00,12099.0,stop,-156.0,0.0,-156.0,156.0,-1.0
1,1,2020-11-06 15:14:00+00:00,2020-11-06 15:15:00+00:00,11960.5,11888.0,12105.5,2020-11-06 20:46:00+00:00,12105.5,objetivo,290.0,0.0,290.0,145.0,2.0
1,1,2020-11-09 15:14:00+00:00,2020-11-09 15:15:00+00:00,12206.25,12108.75,12401.25,2020-11-09 15:51:00+00:00,12108.75,stop,-195.0,0.0,-195.0,195.0,-1.0
-1,1,2020-11-09 15:59:00+00:00,2020-11-09 16:00:00+00:00,12160.75,12184.75,12112.75,2020-11-09 16:04:00+00:00,12112.75,objetivo,96.0,0.0,96.0,48.0,2.0
1,1,2020-11-09 16:29:00+00:00,2020-11-09 16:30:00+00:00,12185.25,12104.0,12347.75,2020-11-09 17:02:00+00:00,12104.0,stop,-162.5,0.0,-162.5,162.5,-1.0
1,1,2020-11-10 16:29:00+00:00,2020-11-10 16:30:00+00:00,11655.0,11563.25,11838.5,2020-11-10 20:55:00+00:00,11602.25,tiempo,-105.5,0.0,-105.5,183.5,-0.5749318801089919
-1,1,2020-11-11 15:44:00+00:00,2020-11-11 15:45:00+00:00,11791.75,11843.0,11689.25,2020-11-11 16:46:00+00:00,11843.0,stop,-102.5,0.0,-102.5,102.5,-1.0
-1,1,2020-11-12 15:29:00+00:00,2020-11-12 15:30:00+00:00,11927.0,11963.5,11854.0,2020-11-12 15:41:00+00:00,11963.5,stop,-73.0,0.0,-73.0,73.0,-1.0
1,1,2020-11-12 15:44:00+00:00,2020-11-12 15:45:00+00:00,11963.5,11923.0,12044.5,2020-11-12 16:11:00+00:00,11923.0,stop,-81.0,0.0,-81.0,81.0,-1.0
-1,1,2020-11-13 14:59:00+00:00,2020-11-13 15:00:00+00:00,11882.0,11919.5,11807.0,2020-11-13 15:57:00+00:00,11807.0,objetivo,150.0,0.0,150.0,75.0,2.0
1,1,2020-11-13 16:59:00+00:00,2020-11-13 17:00:00+00:00,11874.5,11854.25,11915.0,2020-11-13 19:11:00+00:00,11854.25,stop,-40.5,0.0,-40.5,40.5,-1.0
1,1,2020-11-13 19:29:00+00:00,2020-11-13 19:30:00+00:00,11883.0,11847.25,11954.5,2020-11-13 20:55:00+00:00,11927.5,tiempo,89.0,0.0,89.0,71.5,1.2447552447552448
-1,1,2020-11-16 17:29:00+00:00,2020-11-16 17:30:00+00:00,11975.0,11986.5,11952.0,2020-11-16 17:56:00+00:00,11952.0,objetivo,46.0,0.0,46.0,23.0,2.0
-1,1,2020-11-16 17:59:00+00:00,2020-11-16 18:00:00+00:00,11964.25,11983.5,11925.75,2020-11-16 19:24:00+00:00,11983.5,stop,-38.5,0.0,-38.5,38.5,-1.0
-1,1,2020-11-16 19:59:00+00:00,2020-11-16 20:00:00+00:00,11960.5,11981.5,11918.5,2020-11-16 20:20:00+00:00,11981.5,stop,-42.0,0.0,-42.0,42.0,-1.0
1,1,2020-11-17 15:14:00+00:00,2020-11-17 15:15:00+00:00,12000.25,11963.0,12074.75,2020-11-17 20:23:00+00:00,11963.0,stop,-74.5,0.0,-74.5,74.5,-1.0
-1,1,2020-11-18 14:59:00+00:00,2020-11-18 15:00:00+00:00,11928.0,11982.5,11819.0,2020-11-18 16:14:00+00:00,11982.5,stop,-109.0,0.0,-109.0,109.0,-1.0
-1,1,2020-11-18 18:59:00+00:00,2020-11-18 19:00:00+00:00,11963.5,11984.75,11921.0,2020-11-18 19:51:00+00:00,11984.75,stop,-42.5,0.0,-42.5,42.5,-1.0
-1,1,2020-11-20 14:59:00+00:00,2020-11-20 15:00:00+00:00,11965.0,11983.0,11929.0,2020-11-20 15:22:00+00:00,11983.0,stop,-36.0,0.0,-36.0,36.0,-1.0
-1,1,2020-11-20 16:59:00+00:00,2020-11-20 17:00:00+00:00,11975.75,11991.0,11945.25,2020-11-20 17:25:00+00:00,11991.0,stop,-30.5,0.0,-30.5,30.5,-1.0
-1,1,2020-11-20 19:14:00+00:00,2020-11-20 19:15:00+00:00,11979.5,11990.25,11958.0,2020-11-20 19:23:00+00:00,11990.25,stop,-21.5,0.0,-21.5,21.5,-1.0
1,1,2020-11-20 19:29:00+00:00,2020-11-20 19:30:00+00:00,11990.25,11975.5,12019.75,2020-11-20 19:41:00+00:00,11975.5,stop,-29.5,0.0,-29.5,29.5,-1.0
-1,1,2020-11-20 19:44:00+00:00,2020-11-20 19:45:00+00:00,11981.0,11997.75,11947.5,2020-11-20 20:15:00+00:00,11947.5,objetivo,67.0,0.0,67.0,33.5,2.0
-1,1,2020-11-23 14:59:00+00:00,2020-11-23 15:00:00+00:00,11973.0,12001.75,11915.5,2020-11-23 15:10:00+00:00,11915.5,objetivo,115.0,0.0,115.0,57.5,2.0
1,1,2020-11-23 18:14:00+00:00,2020-11-23 18:15:00+00:00,11904.25,11890.0,11932.75,2020-11-23 18:42:00+00:00,11890.0,stop,-28.5,0.0,-28.5,28.5,-1.0
-1,1,2020-11-23 18:44:00+00:00,2020-11-23 18:45:00+00:00,11889.25,11906.0,11855.75,2020-11-23 18:49:00+00:00,11906.0,stop,-33.5,0.0,-33.5,33.5,-1.0
1,1,2020-11-23 19:59:00+00:00,2020-11-23 20:00:00+00:00,11918.0,11881.5,11991.0,2020-11-23 20:55:00+00:00,11895.0,tiempo,-46.0,0.0,-46.0,73.0,-0.6301369863013698
1,1,2020-11-24 14:59:00+00:00,2020-11-24 15:00:00+00:00,11922.5,11872.75,12022.0,2020-11-24 16:19:00+00:00,12022.0,objetivo,199.0,0.0,199.0,99.5,2.0
-1,1,2020-11-25 14:59:00+00:00,2020-11-25 15:00:00+00:00,12125.0,12145.25,12084.5,2020-11-25 15:05:00+00:00,12084.5,objetivo,81.0,0.0,81.0,40.5,2.0
1,1,2020-11-25 15:59:00+00:00,2020-11-25 16:00:00+00:00,12115.0,12099.25,12146.5,2020-11-25 16:41:00+00:00,12099.25,stop,-31.5,0.0,-31.5,31.5,-1.0
1,1,2020-11-25 17:29:00+00:00,2020-11-25 17:30:00+00:00,12116.5,12106.25,12137.0,2020-11-25 17:54:00+00:00,12137.0,objetivo,41.0,0.0,41.0,20.5,2.0
1,1,2020-11-26 16:29:00+00:00,2020-11-26 16:30:00+00:00,12196.75,12191.0,12208.25,2020-11-26 16:45:00+00:00,12191.0,stop,-11.5,0.0,-11.5,11.5,-1.0
-1,1,2020-11-27 16:59:00+00:00,2020-11-27 17:00:00+00:00,12252.75,12273.5,12211.25,2020-11-27 18:14:00+00:00,12273.5,stop,-41.5,0.0,-41.5,41.5,-1.0
1,1,2020-11-30 17:14:00+00:00,2020-11-30 17:15:00+00:00,12202.0,12179.0,12248.0,2020-11-30 18:50:00+00:00,12248.0,objetivo,92.0,0.0,92.0,46.0,2.0
-1,1,2020-12-01 15:44:00+00:00,2020-12-01 15:45:00+00:00,12379.5,12407.75,12323.0,2020-12-01 16:04:00+00:00,12407.75,stop,-56.5,0.0,-56.5,56.5,-1.0
1,1,2020-12-02 14:59:00+00:00,2020-12-02 15:00:00+00:00,12375.25,12312.5,12500.75,2020-12-02 20:55:00+00:00,12446.75,tiempo,143.0,0.0,143.0,125.5,1.1394422310756973
1,1,2020-12-03 14:59:00+00:00,2020-12-03 15:00:00+00:00,12495.0,12475.0,12535.0,2020-12-03 15:23:00+00:00,12535.0,objetivo,80.0,0.0,80.0,40.0,2.0
-1,1,2020-12-03 15:44:00+00:00,2020-12-03 15:45:00+00:00,12498.75,12530.5,12435.25,2020-12-03 20:55:00+00:00,12451.5,tiempo,94.5,0.0,94.5,63.5,1.4881889763779528
-1,1,2020-12-04 15:29:00+00:00,2020-12-04 15:30:00+00:00,12476.0,12509.0,12410.0,2020-12-04 15:42:00+00:00,12509.0,stop,-66.0,0.0,-66.0,66.0,-1.0
1,1,2020-12-04 15:44:00+00:00,2020-12-04 15:45:00+00:00,12511.5,12476.0,12582.5,2020-12-04 20:55:00+00:00,12517.75,tiempo,12.5,0.0,12.5,71.0,0.176056338028169
-1,1,2020-12-07 17:14:00+00:00,2020-12-07 17:15:00+00:00,12580.25,12592.5,12555.75,2020-12-07 18:15:00+00:00,12555.75,objetivo,49.0,0.0,49.0,24.5,2.0
1,1,2020-12-07 19:44:00+00:00,2020-12-07 19:45:00+00:00,12586.0,12573.25,12611.5,2020-12-07 20:06:00+00:00,12573.25,stop,-25.5,0.0,-25.5,25.5,-1.0
1,1,2020-12-08 15:14:00+00:00,2020-12-08 15:15:00+00:00,12560.0,12538.0,12604.0,2020-12-08 15:16:00+00:00,12538.0,stop,-44.0,0.0,-44.0,44.0,-1.0
-1,1,2020-12-08 15:29:00+00:00,2020-12-08 15:30:00+00:00,12520.0,12561.0,12438.0,2020-12-08 15:59:00+00:00,12561.0,stop,-82.0,0.0,-82.0,82.0,-1.0
1,1,2020-12-08 15:59:00+00:00,2020-12-08 16:00:00+00:00,12558.0,12541.75,12590.5,2020-12-08 17:00:00+00:00,12590.5,objetivo,65.0,0.0,65.0,32.5,2.0
-1,1,2020-12-09 15:14:00+00:00,2020-12-09 15:15:00+00:00,12578.5,12637.25,12461.0,2020-12-09 17:48:00+00:00,12461.0,objetivo,235.0,0.0,235.0,117.5,2.0
-1,1,2020-12-10 17:59:00+00:00,2020-12-10 18:00:00+00:00,12362.5,12396.75,12294.0,2020-12-10 18:09:00+00:00,12396.75,stop,-68.5,0.0,-68.5,68.5,-1.0
1,1,2020-12-10 18:14:00+00:00,2020-12-10 18:15:00+00:00,12402.25,12358.25,12490.25,2020-12-10 19:59:00+00:00,12358.25,stop,-88.0,0.0,-88.0,88.0,-1.0
-1,1,2020-12-10 19:59:00+00:00,2020-12-10 20:00:00+00:00,12362.75,12393.5,12301.25,2020-12-10 20:15:00+00:00,12393.5,stop,-61.5,0.0,-61.5,61.5,-1.0
1,1,2020-12-11 14:59:00+00:00,2020-12-11 15:00:00+00:00,12316.5,12274.75,12400.0,2020-12-11 16:37:00+00:00,12274.75,stop,-83.5,0.0,-83.5,83.5,-1.0
1,1,2020-12-11 18:44:00+00:00,2020-12-11 18:45:00+00:00,12317.5,12290.75,12371.0,2020-12-11 20:16:00+00:00,12371.0,objetivo,107.0,0.0,107.0,53.5,2.0
-1,1,2020-12-14 15:59:00+00:00,2020-12-14 16:00:00+00:00,12501.0,12533.25,12436.5,2020-12-14 16:16:00+00:00,12533.25,stop,-64.5,0.0,-64.5,64.5,-1.0
-1,1,2020-12-14 17:44:00+00:00,2020-12-14 17:45:00+00:00,12507.0,12518.25,12484.5,2020-12-14 17:58:00+00:00,12484.5,objetivo,45.0,0.0,45.0,22.5,2.0
1,1,2020-12-14 18:59:00+00:00,2020-12-14 19:00:00+00:00,12512.25,12486.0,12564.75,2020-12-14 19:34:00+00:00,12486.0,stop,-52.5,0.0,-52.5,52.5,-1.0
-1,1,2020-12-14 19:44:00+00:00,2020-12-14 19:45:00+00:00,12494.0,12515.5,12451.0,2020-12-14 19:57:00+00:00,12515.5,stop,-43.0,0.0,-43.0,43.0,-1.0
1,1,2020-12-14 19:59:00+00:00,2020-12-14 20:00:00+00:00,12512.5,12490.0,12557.5,2020-12-14 20:33:00+00:00,12490.0,stop,-45.0,0.0,-45.0,45.0,-1.0
1,1,2020-12-15 14:59:00+00:00,2020-12-15 15:00:00+00:00,12559.25,12541.25,12595.25,2020-12-15 15:10:00+00:00,12541.25,stop,-36.0,0.0,-36.0,36.0,-1.0
-1,1,2020-12-15 15:14:00+00:00,2020-12-15 15:15:00+00:00,12548.5,12570.5,12504.5,2020-12-15 16:03:00+00:00,12504.5,objetivo,88.0,0.0,88.0,44.0,2.0
1,1,2020-12-15 17:59:00+00:00,2020-12-15 18:00:00+00:00,12530.0,12519.75,12550.5,2020-12-15 18:38:00+00:00,12550.5,objetivo,41.0,0.0,41.0,20.5,2.0
1,1,2020-12-17 15:29:00+00:00,2020-12-17 15:30:00+00:00,12737.5,12707.25,12798.0,2020-12-17 15:58:00+00:00,12707.25,stop,-60.5,0.0,-60.5,60.5,-1.0
1,1,2020-12-17 17:59:00+00:00,2020-12-17 18:00:00+00:00,12726.75,12723.0,12734.25,2020-12-17 18:07:00+00:00,12734.25,objetivo,15.0,0.0,15.0,7.5,2.0
-1,1,2020-12-17 18:29:00+00:00,2020-12-17 18:30:00+00:00,12722.0,12729.5,12707.0,2020-12-17 18:48:00+00:00,12729.5,stop,-15.0,0.0,-15.0,15.0,-1.0
1,1,2020-12-17 18:59:00+00:00,2020-12-17 19:00:00+00:00,12733.5,12722.25,12756.0,2020-12-17 19:37:00+00:00,12722.25,stop,-22.5,0.0,-22.5,22.5,-1.0
-1,1,2020-12-17 19:44:00+00:00,2020-12-17 19:45:00+00:00,12723.25,12733.5,12702.75,2020-12-17 19:49:00+00:00,12733.5,stop,-20.5,0.0,-20.5,20.5,-1.0
1,1,2020-12-17 19:59:00+00:00,2020-12-17 20:00:00+00:00,12729.75,12722.25,12744.75,2020-12-17 20:01:00+00:00,12722.25,stop,-15.0,0.0,-15.0,15.0,-1.0
1,1,2020-12-18 17:44:00+00:00,2020-12-18 17:45:00+00:00,12720.0,12707.0,12746.0,2020-12-18 17:57:00+00:00,12707.0,stop,-26.0,0.0,-26.0,26.0,-1.0
-1,1,2020-12-18 17:59:00+00:00,2020-12-18 18:00:00+00:00,12711.0,12720.75,12691.5,2020-12-18 18:22:00+00:00,12691.5,objetivo,39.0,0.0,39.0,19.5,2.0
-1,1,2020-12-18 18:29:00+00:00,2020-12-18 18:30:00+00:00,12700.75,12718.0,12666.25,2020-12-18 19:16:00+00:00,12666.25,objetivo,69.0,0.0,69.0,34.5,2.0
1,1,2020-12-21 16:29:00+00:00,2020-12-21 16:30:00+00:00,12544.5,12507.0,12619.5,2020-12-21 17:26:00+00:00,12619.5,objetivo,150.0,0.0,150.0,75.0,2.0
-1,1,2020-12-22 15:14:00+00:00,2020-12-22 15:15:00+00:00,12694.75,12750.0,12584.25,2020-12-22 20:55:00+00:00,12699.25,tiempo,-9.0,0.0,-9.0,110.5,-0.08144796380090498
1,1,2020-12-23 14:59:00+00:00,2020-12-23 15:00:00+00:00,12689.5,12649.25,12770.0,2020-12-23 20:55:00+00:00,12670.5,tiempo,-38.0,0.0,-38.0,80.5,-0.4720496894409938
-1,1,2020-12-24 15:14:00+00:00,2020-12-24 15:15:00+00:00,12699.75,12713.5,12672.25,2020-12-24 15:20:00+00:00,12713.5,stop,-27.5,0.0,-27.5,27.5,-1.0
1,1,2020-12-24 15:29:00+00:00,2020-12-24 15:30:00+00:00,12710.75,12696.0,12740.25,2020-12-24 15:56:00+00:00,12696.0,stop,-29.5,0.0,-29.5,29.5,-1.0
-1,1,2020-12-24 15:59:00+00:00,2020-12-24 16:00:00+00:00,12680.0,12717.0,12606.0,2020-12-24 18:14:00+00:00,12703.0,fin_de_datos,-46.0,0.0,-46.0,74.0,-0.6216216216216216
1,1,2020-12-28 15:44:00+00:00,2020-12-28 15:45:00+00:00,12794.0,12767.5,12847.0,2020-12-28 19:19:00+00:00,12847.0,objetivo,106.0,0.0,106.0,53.0,2.0
-1,1,2020-12-29 14:59:00+00:00,2020-12-29 15:00:00+00:00,12859.75,12916.0,12747.25,2020-12-29 20:55:00+00:00,12832.75,tiempo,54.0,0.0,54.0,112.5,0.48
1,1,2020-12-30 16:44:00+00:00,2020-12-30 16:45:00+00:00,12860.25,12852.5,12875.75,2020-12-30 16:48:00+00:00,12852.5,stop,-15.5,0.0,-15.5,15.5,-1.0
-1,1,2020-12-30 17:44:00+00:00,2020-12-30 17:45:00+00:00,12852.5,12866.25,12825.0,2020-12-30 18:22:00+00:00,12866.25,stop,-27.5,0.0,-27.5,27.5,-1.0
1,1,2020-12-30 18:29:00+00:00,2020-12-30 18:30:00+00:00,12861.5,12856.0,12872.5,2020-12-30 18:51:00+00:00,12872.5,objetivo,22.0,0.0,22.0,11.0,2.0
-1,1,2020-12-30 19:14:00+00:00,2020-12-30 19:15:00+00:00,12849.75,12869.5,12810.25,2020-12-30 20:55:00+00:00,12842.75,tiempo,14.0,0.0,14.0,39.5,0.35443037974683544
-1,1,2020-12-31 14:59:00+00:00,2020-12-31 15:00:00+00:00,12834.25,12849.0,12804.75,2020-12-31 15:03:00+00:00,12849.0,stop,-29.5,0.0,-29.5,29.5,-1.0
1,1,2020-12-31 15:29:00+00:00,2020-12-31 15:30:00+00:00,12846.75,12839.0,12862.25,2020-12-31 15:32:00+00:00,12839.0,stop,-15.5,0.0,-15.5,15.5,-1.0
-1,1,2020-12-31 16:14:00+00:00,2020-12-31 16:15:00+00:00,12838.25,12852.75,12809.25,2020-12-31 16:56:00+00:00,12809.25,objetivo,58.0,0.0,58.0,29.0,2.0
1,1,2020-12-31 19:44:00+00:00,2020-12-31 19:45:00+00:00,12844.5,12829.25,12875.0,2020-12-31 20:53:00+00:00,12875.0,objetivo,61.0,0.0,61.0,30.5,2.0
-1,1,2021-01-05 15:44:00+00:00,2021-01-05 15:45:00+00:00,12721.25,12748.0,12667.75,2021-01-05 15:53:00+00:00,12748.0,stop,-53.5,0.0,-53.5,53.5,-1.0
1,1,2021-01-05 16:29:00+00:00,2021-01-05 16:30:00+00:00,12731.25,12688.0,12817.75,2021-01-05 20:55:00+00:00,12796.75,tiempo,131.0,0.0,131.0,86.5,1.5144508670520231
-1,1,2021-01-06 19:29:00+00:00,2021-01-06 19:30:00+00:00,12687.5,12771.75,12519.0,2021-01-06 20:55:00+00:00,12622.25,tiempo,130.5,0.0,130.5,168.5,0.7744807121661721
-1,1,2021-01-08 14:59:00+00:00,2021-01-08 15:00:00+00:00,13018.75,13044.75,12966.75,2021-01-08 15:02:00+00:00,13044.75,stop,-52.0,0.0,-52.0,52.0,-1.0
1,1,2021-01-08 15:14:00+00:00,2021-01-08 15:15:00+00:00,13034.5,13018.75,13066.0,2021-01-08 15:22:00+00:00,13018.75,stop,-31.5,0.0,-31.5,31.5,-1.0
-1,1,2021-01-08 15:29:00+00:00,2021-01-08 15:30:00+00:00,12959.0,13053.5,12770.0,2021-01-08 16:06:00+00:00,13053.5,stop,-189.0,0.0,-189.0,189.0,-1.0
-1,1,2021-01-08 18:29:00+00:00,2021-01-08 18:30:00+00:00,12991.75,13035.0,12905.25,2021-01-08 19:50:00+00:00,13035.0,stop,-86.5,0.0,-86.5,86.5,-1.0
1,1,2021-01-08 19:59:00+00:00,2021-01-08 20:00:00+00:00,13042.75,12998.75,13130.75,2021-01-08 20:55:00+00:00,13096.0,tiempo,106.5,0.0,106.5,88.0,1.2102272727272727
1,1,2021-01-11 14:59:00+00:00,2021-01-11 15:00:00+00:00,12959.5,12895.0,13088.5,2021-01-11 20:21:00+00:00,12895.0,stop,-129.0,0.0,-129.0,129.0,-1.0
1,1,2021-01-12 16:14:00+00:00,2021-01-12 16:15:00+00:00,12917.25,12873.5,13004.75,2021-01-12 16:47:00+00:00,12873.5,stop,-87.5,0.0,-87.5,87.5,-1.0
1,1,2021-01-12 18:29:00+00:00,2021-01-12 18:30:00+00:00,12875.0,12841.25,12942.5,2021-01-12 20:55:00+00:00,12891.25,tiempo,32.5,0.0,32.5,67.5,0.48148148148148145
1,1,2021-01-13 14:59:00+00:00,2021-01-13 15:00:00+00:00,12913.5,12868.0,13004.5,2021-01-13 20:55:00+00:00,12971.25,tiempo,115.5,0.0,115.5,91.0,1.2692307692307692
1,1,2021-01-14 14:59:00+00:00,2021-01-14 15:00:00+00:00,12993.25,12968.75,13042.25,2021-01-14 16:57:00+00:00,12968.75,stop,-49.0,0.0,-49.0,49.0,-1.0
1,1,2021-01-15 16:29:00+00:00,2021-01-15 16:30:00+00:00,12853.25,12782.5,12994.75,2021-01-15 20:55:00+00:00,12801.0,tiempo,-104.5,0.0,-104.5,141.5,-0.7385159010600707
1,1,2021-01-18 14:59:00+00:00,2021-01-18 15:00:00+00:00,12810.75,12792.75,12846.75,2021-01-18 17:59:00+00:00,12814.0,fin_de_datos,6.5,0.0,6.5,36.0,0.18055555555555555
1,1,2021-01-19 15:14:00+00:00,2021-01-19 15:15:00+00:00,12910.25,12857.75,13015.25,2021-01-19 16:15:00+00:00,12857.75,stop,-105.0,0.0,-105.0,105.0,-1.0
1,1,2021-01-19 16:59:00+00:00,2021-01-19 17:00:00+00:00,12900.0,12883.5,12933.0,2021-01-19 17:36:00+00:00,12933.0,objetivo,66.0,0.0,66.0,33.0,2.0
1,1,2021-01-21 14:59:00+00:00,2021-01-21 15:00:00+00:00,13317.0,13292.5,13366.0,2021-01-21 15:12:00+00:00,13366.0,objetivo,98.0,0.0,98.0,49.0,2.0
-1,1,2021-01-21 17:14:00+00:00,2021-01-21 17:15:00+00:00,13335.75,13371.5,13264.25,2021-01-21 18:10:00+00:00,13371.5,stop,-71.5,0.0,-71.5,71.5,-1.0
-1,1,2021-01-22 15:29:00+00:00,2021-01-22 15:30:00+00:00,13348.5,13382.0,13281.5,2021-01-22 19:55:00+00:00,13382.0,stop,-67.0,0.0,-67.0,67.0,-1.0
-1,1,2021-01-25 15:14:00+00:00,2021-01-25 15:15:00+00:00,13520.5,13550.75,13460.0,2021-01-25 15:49:00+00:00,13460.0,objetivo,121.0,0.0,121.0,60.5,2.0
1,1,2021-01-25 17:59:00+00:00,2021-01-25 18:00:00+00:00,13418.75,13373.0,13510.25,2021-01-25 20:55:00+00:00,13463.75,tiempo,90.0,0.0,90.0,91.5,0.9836065573770492
1,1,2021-01-26 14:59:00+00:00,2021-01-26 15:00:00+00:00,13478.0,13426.75,13580.5,2021-01-26 20:55:00+00:00,13473.5,tiempo,-9.0,0.0,-9.0,102.5,-0.08780487804878048
1,1,2021-01-27 14:59:00+00:00,2021-01-27 15:00:00+00:00,13281.0,13171.25,13500.5,2021-01-27 19:33:00+00:00,13171.25,stop,-219.5,0.0,-219.5,219.5,-1.0
1,1,2021-01-29 14:59:00+00:00,2021-01-29 15:00:00+00:00,13084.0,13009.0,13234.0,2021-01-29 16:15:00+00:00,13009.0,stop,-150.0,0.0,-150.0,150.0,-1.0
1,1,2021-02-01 15:14:00+00:00,2021-02-01 15:15:00+00:00,13042.5,12987.25,13153.0,2021-02-01 16:28:00+00:00,13153.0,objetivo,221.0,0.0,221.0,110.5,2.0
-1,1,2021-02-02 14:59:00+00:00,2021-02-02 15:00:00+00:00,13381.5,13423.25,13298.0,2021-02-02 15:18:00+00:00,13423.25,stop,-83.5,0.0,-83.5,83.5,-1.0
-1,1,2021-02-02 15:29:00+00:00,2021-02-02 15:30:00+00:00,13383.75,13437.5,13276.25,2021-02-02 16:44:00+00:00,13437.5,stop,-107.5,0.0,-107.5,107.5,-1.0
1,1,2021-02-03 14:59:00+00:00,2021-02-03 15:00:00+00:00,13527.25,13471.75,13638.25,2021-02-03 15:10:00+00:00,13471.75,stop,-111.0,0.0,-111.0,111.0,-1.0
-1,1,2021-02-03 15:14:00+00:00,2021-02-03 15:15:00+00:00,13459.25,13533.5,13310.75,2021-02-03 20:55:00+00:00,13408.75,tiempo,101.0,0.0,101.0,148.5,0.6801346801346801
1,1,2021-02-04 15:14:00+00:00,2021-02-04 15:15:00+00:00,13435.25,13391.75,13522.25,2021-02-04 20:43:00+00:00,13522.25,objetivo,174.0,0.0,174.0,87.0,2.0
-1,1,2021-02-05 14:59:00+00:00,2021-02-05 15:00:00+00:00,13539.0,13580.25,13456.5,2021-02-05 17:03:00+00:00,13580.25,stop,-82.5,0.0,-82.5,82.5,-1.0
-1,1,2021-02-08 15:29:00+00:00,2021-02-08 15:30:00+00:00,13647.25,13674.5,13592.75,2021-02-08 15:47:00+00:00,13674.5,stop,-54.5,0.0,-54.5,54.5,-1.0
-1,1,2021-02-08 16:14:00+00:00,2021-02-08 16:15:00+00:00,13649.0,13676.75,13593.5,2021-02-08 20:55:00+00:00,13670.0,tiempo,-42.0,0.0,-42.0,55.5,-0.7567567567567568
-1,1,2021-02-09 16:14:00+00:00,2021-02-09 16:15:00+00:00,13686.75,13710.5,13639.25,2021-02-09 20:43:00+00:00,13710.5,stop,-47.5,0.0,-47.5,47.5,-1.0
1,1,2021-02-10 14:59:00+00:00,2021-02-10 15:00:00+00:00,13735.5,13718.75,13769.0,2021-02-10 15:12:00+00:00,13718.75,stop,-33.5,0.0,-33.5,33.5,-1.0
-1,1,2021-02-10 15:14:00+00:00,2021-02-10 15:15:00+00:00,13703.0,13753.25,13602.5,2021-02-10 15:22:00+00:00,13602.5,objetivo,201.0,0.0,201.0,100.5,2.0
1,1,2021-02-10 18:29:00+00:00,2021-02-10 18:30:00+00:00,13637.75,13621.25,13670.75,2021-02-10 18:48:00+00:00,13621.25,stop,-33.0,0.0,-33.0,33.0,-1.0
1,1,2021-02-10 19:29:00+00:00,2021-02-10 19:30:00+00:00,13668.75,13620.5,13765.25,2021-02-10 20:44:00+00:00,13620.5,stop,-96.5,0.0,-96.5,96.5,-1.0
1,1,2021-02-11 15:44:00+00:00,2021-02-11 15:45:00+00:00,13724.0,13682.75,13806.5,2021-02-11 17:19:00+00:00,13682.75,stop,-82.5,0.0,-82.5,82.5,-1.0
-1,1,2021-02-11 17:29:00+00:00,2021-02-11 17:30:00+00:00,13649.0,13724.0,13499.0,2021-02-11 20:55:00+00:00,13717.5,tiempo,-137.0,0.0,-137.0,150.0,-0.9133333333333333
-1,1,2021-02-15 15:29:00+00:00,2021-02-15 15:30:00+00:00,13855.25,13857.0,13851.75,2021-02-15 15:30:00+00:00,13857.0,stop,-3.5,0.0,-3.5,3.5,-1.0
1,1,2021-02-15 15:44:00+00:00,2021-02-15 15:45:00+00:00,13860.25,13855.25,13870.25,2021-02-15 16:34:00+00:00,13855.25,stop,-10.0,0.0,-10.0,10.0,-1.0
-1,1,2021-02-16 15:14:00+00:00,2021-02-16 15:15:00+00:00,13826.0,13863.25,13751.5,2021-02-16 15:29:00+00:00,13863.25,stop,-74.5,0.0,-74.5,74.5,-1.0
1,1,2021-02-16 15:29:00+00:00,2021-02-16 15:30:00+00:00,13863.75,13821.0,13949.25,2021-02-16 15:54:00+00:00,13821.0,stop,-85.5,0.0,-85.5,85.5,-1.0
-1,1,2021-02-16 15:59:00+00:00,2021-02-16 16:00:00+00:00,13833.25,13871.5,13756.75,2021-02-16 16:50:00+00:00,13756.75,objetivo,153.0,0.0,153.0,76.5,2.0
-1,1,2021-02-17 15:14:00+00:00,2021-02-17 15:15:00+00:00,13626.0,13688.0,13502.0,2021-02-17 19:09:00+00:00,13688.0,stop,-124.0,0.0,-124.0,124.0,-1.0
-1,1,2021-02-18 15:14:00+00:00,2021-02-18 15:15:00+00:00,13520.5,13570.0,13421.5,2021-02-18 16:16:00+00:00,13570.0,stop,-99.0,0.0,-99.0,99.0,-1.0
-1,1,2021-02-18 17:14:00+00:00,2021-02-18 17:15:00+00:00,13519.5,13533.5,13491.5,2021-02-18 17:18:00+00:00,13533.5,stop,-28.0,0.0,-28.0,28.0,-1.0
1,1,2021-02-18 17:29:00+00:00,2021-02-18 17:30:00+00:00,13561.75,13512.75,13659.75,2021-02-18 20:08:00+00:00,13659.75,objetivo,196.0,0.0,196.0,98.0,2.0
1,1,2021-02-19 14:59:00+00:00,2021-02-19 15:00:00+00:00,13672.0,13641.0,13734.0,2021-02-19 15:11:00+00:00,13641.0,stop,-62.0,0.0,-62.0,62.0,-1.0
-1,1,2021-02-19 15:14:00+00:00,2021-02-19 15:15:00+00:00,13646.5,13677.25,13585.0,2021-02-19 15:42:00+00:00,13677.25,stop,-61.5,0.0,-61.5,61.5,-1.0
1,1,2021-02-19 15:44:00+00:00,2021-02-19 15:45:00+00:00,13666.25,13641.0,13716.75,2021-02-19 17:18:00+00:00,13641.0,stop,-50.5,0.0,-50.5,50.5,-1.0
-1,1,2021-02-22 15:29:00+00:00,2021-02-22 15:30:00+00:00,13359.0,13421.5,13234.0,2021-02-22 20:36:00+00:00,13234.0,objetivo,250.0,0.0,250.0,125.0,2.0
1,1,2021-02-23 14:59:00+00:00,2021-02-23 15:00:00+00:00,12885.0,12757.25,13140.5,2021-02-23 20:06:00+00:00,13140.5,objetivo,511.0,0.0,511.0,255.5,2.0
1,1,2021-02-24 15:29:00+00:00,2021-02-24 15:30:00+00:00,13080.5,12981.25,13279.0,2021-02-24 20:34:00+00:00,13279.0,objetivo,397.0,0.0,397.0,198.5,2.0
-1,1,2021-02-26 14:59:00+00:00,2021-02-26 15:00:00+00:00,12877.25,13004.75,12622.25,2021-02-26 16:34:00+00:00,13004.75,stop,-255.0,0.0,-255.0,255.0,-1.0
1,1,2021-03-02 17:44:00+00:00,2021-03-02 17:45:00+00:00,13188.0,13153.0,13258.0,2021-03-02 19:12:00+00:00,13153.0,stop,-70.0,0.0,-70.0,70.0,-1.0
-1,1,2021-03-02 19:14:00+00:00,2021-03-02 19:15:00+00:00,13151.0,13206.25,13040.5,2021-03-02 20:55:00+00:00,13072.25,tiempo,157.5,0.0,157.5,110.5,1.4253393665158371
1,1,2021-03-03 16:14:00+00:00,2021-03-03 16:15:00+00:00,12923.75,12904.75,12961.75,2021-03-03 16:15:00+00:00,12904.75,stop,-38.0,0.0,-38.0,38.0,-1.0
-1,1,2021-03-03 16:59:00+00:00,2021-03-03 17:00:00+00:00,12893.0,12942.0,12795.0,2021-03-03 18:44:00+00:00,12795.0,objetivo,196.0,0.0,196.0,98.0,2.0
1,1,2021-03-04 15:44:00+00:00,2021-03-04 15:45:00+00:00,12709.75,12584.25,12960.75,2021-03-04 17:26:00+00:00,12584.25,stop,-251.0,0.0,-251.0,251.0,-1.0
-1,1,2021-03-04 17:29:00+00:00,2021-03-04 17:30:00+00:00,12605.75,12750.75,12315.75,2021-03-04 18:59:00+00:00,12315.75,objetivo,580.0,0.0,580.0,290.0,2.0
1,1,2021-03-05 17:29:00+00:00,2021-03-05 17:30:00+00:00,12451.5,12329.25,12696.0,2021-03-05 20:39:00+00:00,12696.0,objetivo,489.0,0.0,489.0,244.5,2.0
-1,1,2021-03-08 14:59:00+00:00,2021-03-08 15:00:00+00:00,12578.5,12698.75,12338.0,2021-03-08 15:30:00+00:00,12698.75,stop,-240.5,0.0,-240.5,240.5,-1.0
-1,1,2021-03-08 16:14:00+00:00,2021-03-08 16:15:00+00:00,12598.0,12674.0,12446.0,2021-03-08 18:53:00+00:00,12446.0,objetivo,304.0,0.0,304.0,152.0,2.0
1,1,2021-03-09 14:59:00+00:00,2021-03-09 15:00:00+00:00,12704.75,12602.25,12909.75,2021-03-09 20:55:00+00:00,12830.5,tiempo,251.5,0.0,251.5,205.0,1.226829268292683
1,1,2021-03-11 14:59:00+00:00,2021-03-11 15:00:00+00:00,12965.25,12933.75,13028.25,2021-03-11 15:18:00+00:00,12933.75,stop,-63.0,0.0,-63.0,63.0,-1.0
1,1,2021-03-11 15:44:00+00:00,2021-03-11 15:45:00+00:00,12998.5,12952.25,13091.0,2021-03-11 17:10:00+00:00,13091.0,objetivo,185.0,0.0,185.0,92.5,2.0
-1,1,2021-03-12 15:29:00+00:00,2021-03-12 15:30:00+00:00,12804.0,12871.5,12669.0,2021-03-12 16:52:00+00:00,12871.5,stop,-135.0,0.0,-135.0,135.0,-1.0
-1,1,2021-03-15 14:29:00+00:00,2021-03-15 14:30:00+00:00,12934.5,12987.0,12829.5,2021-03-15 15:12:00+00:00,12987.0,stop,-105.0,0.0,-105.0,105.0,-1.0
-1,1,2021-03-15 15:29:00+00:00,2021-03-15 15:30:00+00:00,12914.75,12979.25,12785.75,2021-03-15 17:45:00+00:00,12979.25,stop,-129.0,0.0,-129.0,129.0,-1.0
1,1,2021-03-18 13:59:00+00:00,2021-03-18 14:00:00+00:00,12995.0,12933.25,13118.5,2021-03-18 14:09:00+00:00,12933.25,stop,-123.5,0.0,-123.5,123.5,-1.0
-1,1,2021-03-18 14:14:00+00:00,2021-03-18 14:15:00+00:00,12938.75,12995.5,12825.25,2021-03-18 16:09:00+00:00,12995.5,stop,-113.5,0.0,-113.5,113.5,-1.0
1,1,2021-03-18 16:14:00+00:00,2021-03-18 16:15:00+00:00,13007.0,12942.5,13136.0,2021-03-18 16:46:00+00:00,12942.5,stop,-129.0,0.0,-129.0,129.0,-1.0
1,1,2021-03-18 17:29:00+00:00,2021-03-18 17:30:00+00:00,12962.25,12918.5,13049.75,2021-03-18 18:15:00+00:00,12918.5,stop,-87.5,0.0,-87.5,87.5,-1.0
1,1,2021-03-19 14:29:00+00:00,2021-03-19 14:30:00+00:00,12773.0,12715.5,12888.0,2021-03-19 17:49:00+00:00,12888.0,objetivo,230.0,0.0,230.0,115.0,2.0
1,1,2021-03-22 13:59:00+00:00,2021-03-22 14:00:00+00:00,13008.25,12955.25,13114.25,2021-03-22 16:11:00+00:00,13114.25,objetivo,212.0,0.0,212.0,106.0,2.0
1,1,2021-03-23 14:14:00+00:00,2021-03-23 14:15:00+00:00,13122.5,13065.0,13237.5,2021-03-23 14:34:00+00:00,13065.0,stop,-115.0,0.0,-115.0,115.0,-1.0
-1,1,2021-03-23 14:44:00+00:00,2021-03-23 14:45:00+00:00,13069.25,13110.75,12986.25,2021-03-23 14:56:00+00:00,13110.75,stop,-83.0,0.0,-83.0,83.0,-1.0
1,1,2021-03-23 14:59:00+00:00,2021-03-23 15:00:00+00:00,13124.25,13065.75,13241.25,2021-03-23 18:06:00+00:00,13065.75,stop,-117.0,0.0,-117.0,117.0,-1.0
1,1,2021-03-23 18:29:00+00:00,2021-03-23 18:30:00+00:00,13111.75,13078.0,13179.25,2021-03-23 18:50:00+00:00,13078.0,stop,-67.5,0.0,-67.5,67.5,-1.0
1,1,2021-03-24 14:59:00+00:00,2021-03-24 15:00:00+00:00,13003.0,12953.75,13101.5,2021-03-24 15:56:00+00:00,12953.75,stop,-98.5,0.0,-98.5,98.5,-1.0
-1,1,2021-03-24 15:59:00+00:00,2021-03-24 16:00:00+00:00,12963.75,13006.75,12877.75,2021-03-24 17:15:00+00:00,12877.75,objetivo,172.0,0.0,172.0,86.0,2.0
-1,1,2021-03-25 14:29:00+00:00,2021-03-25 14:30:00+00:00,12743.25,12817.75,12594.25,2021-03-25 19:50:00+00:00,12817.75,stop,-149.0,0.0,-149.0,149.0,-1.0
-1,1,2021-03-26 15:14:00+00:00,2021-03-26 15:15:00+00:00,12790.75,12829.75,12712.75,2021-03-26 15:45:00+00:00,12829.75,stop,-78.0,0.0,-78.0,78.0,-1.0
-1,1,2021-03-26 17:44:00+00:00,2021-03-26 17:45:00+00:00,12815.5,12867.75,12711.0,2021-03-26 18:48:00+00:00,12711.0,objetivo,209.0,0.0,209.0,104.5,2.0
1,1,2021-03-29 14:44:00+00:00,2021-03-29 14:45:00+00:00,12894.75,12828.0,13028.25,2021-03-29 19:55:00+00:00,12939.0,tiempo,88.5,0.0,88.5,133.5,0.6629213483146067
1,1,2021-03-30 14:14:00+00:00,2021-03-30 14:15:00+00:00,12840.25,12811.0,12898.75,2021-03-30 14:18:00+00:00,12811.0,stop,-58.5,0.0,-58.5,58.5,-1.0
-1,1,2021-03-30 14:29:00+00:00,2021-03-30 14:30:00+00:00,12823.0,12842.75,12783.5,2021-03-30 14:42:00+00:00,12842.75,stop,-39.5,0.0,-39.5,39.5,-1.0
1,1,2021-03-30 14:44:00+00:00,2021-03-30 14:45:00+00:00,12869.5,12812.75,12983.0,2021-03-30 19:55:00+00:00,12856.75,tiempo,-25.5,0.0,-25.5,113.5,-0.22466960352422907
-1,1,2021-04-01 15:14:00+00:00,2021-04-01 15:15:00+00:00,13284.25,13314.25,13224.25,2021-04-01 19:54:00+00:00,13314.25,stop,-60.0,0.0,-60.0,60.0,-1.0
-1,1,2021-04-06 17:14:00+00:00,2021-04-06 17:15:00+00:00,13587.75,13618.5,13526.25,2021-04-06 19:55:00+00:00,13550.5,tiempo,74.5,0.0,74.5,61.5,1.2113821138211383
-1,1,2021-04-07 15:44:00+00:00,2021-04-07 15:45:00+00:00,13575.75,13597.75,13531.75,2021-04-07 15:58:00+00:00,13597.75,stop,-44.0,0.0,-44.0,44.0,-1.0
1,1,2021-04-07 15:59:00+00:00,2021-04-07 16:00:00+00:00,13598.75,13570.75,13654.75,2021-04-07 16:16:00+00:00,13570.75,stop,-56.0,0.0,-56.0,56.0,-1.0
-1,1,2021-04-07 16:29:00+00:00,2021-04-07 16:30:00+00:00,13567.0,13597.0,13507.0,2021-04-07 17:53:00+00:00,13597.0,stop,-60.0,0.0,-60.0,60.0,-1.0
1,1,2021-04-08 13:59:00+00:00,2021-04-08 14:00:00+00:00,13749.75,13704.25,13840.75,2021-04-08 14:12:00+00:00,13704.25,stop,-91.0,0.0,-91.0,91.0,-1.0
-1,1,2021-04-08 14:14:00+00:00,2021-04-08 14:15:00+00:00,13703.25,13755.0,13599.75,2021-04-08 19:55:00+00:00,13740.75,tiempo,-75.0,0.0,-75.0,103.5,-0.7246376811594203
-1,1,2021-04-09 14:59:00+00:00,2021-04-09 15:00:00+00:00,13710.25,13729.75,13671.25,2021-04-09 15:14:00+00:00,13729.75,stop,-39.0,0.0,-39.0,39.0,-1.0
1,1,2021-04-09 15:14:00+00:00,2021-04-09 15:15:00+00:00,13728.25,13694.75,13795.25,2021-04-09 19:29:00+00:00,13795.25,objetivo,134.0,0.0,134.0,67.0,2.0
1,1,2021-04-12 14:14:00+00:00,2021-04-12 14:15:00+00:00,13784.5,13766.75,13820.0,2021-04-12 14:32:00+00:00,13766.75,stop,-35.5,0.0,-35.5,35.5,-1.0
1,1,2021-04-12 15:14:00+00:00,2021-04-12 15:15:00+00:00,13782.75,13772.25,13803.75,2021-04-12 15:15:00+00:00,13772.25,stop,-21.0,0.0,-21.0,21.0,-1.0
-1,1,2021-04-12 15:44:00+00:00,2021-04-12 15:45:00+00:00,13775.0,13787.75,13749.5,2021-04-12 16:04:00+00:00,13787.75,stop,-25.5,0.0,-25.5,25.5,-1.0
-1,1,2021-04-12 17:59:00+00:00,2021-04-12 18:00:00+00:00,13783.0,13801.5,13746.0,2021-04-12 18:07:00+00:00,13801.5,stop,-37.0,0.0,-37.0,37.0,-1.0
1,1,2021-04-12 18:14:00+00:00,2021-04-12 18:15:00+00:00,13806.0,13779.5,13859.0,2021-04-12 18:52:00+00:00,13779.5,stop,-53.0,0.0,-53.0,53.0,-1.0
-1,1,2021-04-12 18:59:00+00:00,2021-04-12 19:00:00+00:00,13783.25,13792.25,13765.25,2021-04-12 19:21:00+00:00,13792.25,stop,-18.0,0.0,-18.0,18.0,-1.0
-1,1,2021-04-13 14:59:00+00:00,2021-04-13 15:00:00+00:00,13919.0,13936.0,13885.0,2021-04-13 15:37:00+00:00,13885.0,objetivo,68.0,0.0,68.0,34.0,2.0
1,1,2021-04-13 16:44:00+00:00,2021-04-13 16:45:00+00:00,13917.75,13910.5,13932.25,2021-04-13 16:55:00+00:00,13910.5,stop,-14.5,0.0,-14.5,14.5,-1.0
-1,1,2021-04-13 16:59:00+00:00,2021-04-13 17:00:00+00:00,13904.0,13922.75,13866.5,2021-04-13 17:02:00+00:00,13922.75,stop,-37.5,0.0,-37.5,37.5,-1.0
1,1,2021-04-13 17:14:00+00:00,2021-04-13 17:15:00+00:00,13926.25,13903.0,13972.75,2021-04-13 19:00:00+00:00,13972.75,objetivo,93.0,0.0,93.0,46.5,2.0
-1,1,2021-04-14 14:14:00+00:00,2021-04-14 14:15:00+00:00,13953.75,13975.0,13911.25,2021-04-14 15:02:00+00:00,13911.25,objetivo,85.0,0.0,85.0,42.5,2.0
-1,1,2021-04-15 13:59:00+00:00,2021-04-15 14:00:00+00:00,13955.75,13976.75,13913.75,2021-04-15 14:15:00+00:00,13976.75,stop,-42.0,0.0,-42.0,42.0,-1.0
-1,1,2021-04-15 15:29:00+00:00,2021-04-15 15:30:00+00:00,13970.75,13998.25,13915.75,2021-04-15 16:37:00+00:00,13998.25,stop,-55.0,0.0,-55.0,55.0,-1.0
1,1,2021-04-16 14:14:00+00:00,2021-04-16 14:15:00+00:00,14012.25,13956.5,14123.75,2021-04-16 19:55:00+00:00,14032.25,tiempo,40.0,0.0,40.0,111.5,0.35874439461883406
-1,1,2021-04-19 14:14:00+00:00,2021-04-19 14:15:00+00:00,13908.5,14007.5,13710.5,2021-04-19 19:55:00+00:00,13871.0,tiempo,75.0,0.0,75.0,198.0,0.3787878787878788
-1,1,2021-04-20 14:14:00+00:00,2021-04-20 14:15:00+00:00,13871.0,13914.5,13784.0,2021-04-20 15:16:00+00:00,13784.0,objetivo,174.0,0.0,174.0,87.0,2.0
1,1,2021-04-21 13:59:00+00:00,2021-04-21 14:00:00+00:00,13802.0,13722.25,13961.5,2021-04-21 19:55:00+00:00,13921.25,tiempo,238.5,0.0,238.5,159.5,1.4952978056426331
1,1,2021-04-22 14:14:00+00:00,2021-04-22 14:15:00+00:00,13886.75,13857.0,13946.25,2021-04-22 17:10:00+00:00,13857.0,stop,-59.5,0.0,-59.5,59.5,-1.0
-1,1,2021-04-22 17:14:00+00:00,2021-04-22 17:15:00+00:00,13855.25,13941.75,13682.25,2021-04-22 19:55:00+00:00,13743.0,tiempo,224.5,0.0,224.5,173.0,1.2976878612716762
1,1,2021-04-23 13:59:00+00:00,2021-04-23 14:00:00+00:00,13828.5,13785.75,13914.0,2021-04-23 15:25:00+00:00,13914.0,objetivo,171.0,0.0,171.0,85.5,2.0
1,1,2021-04-27 15:59:00+00:00,2021-04-27 16:00:00+00:00,13964.25,13949.5,13993.75,2021-04-27 18:00:00+00:00,13949.5,stop,-29.5,0.0,-29.5,29.5,-1.0
1,1,2021-04-27 18:29:00+00:00,2021-04-27 18:30:00+00:00,13965.25,13945.5,14004.75,2021-04-27 19:55:00+00:00,13964.25,tiempo,-2.0,0.0,-2.0,39.5,-0.05063291139240506
-1,1,2021-04-28 14:44:00+00:00,2021-04-28 14:45:00+00:00,13923.5,13950.0,13870.5,2021-04-28 18:37:00+00:00,13950.0,stop,-53.0,0.0,-53.0,53.0,-1.0
1,1,2021-04-28 18:44:00+00:00,2021-04-28 18:45:00+00:00,13972.25,13895.25,14126.25,2021-04-28 19:54:00+00:00,13895.25,stop,-154.0,0.0,-154.0,154.0,-1.0
1,1,2021-04-29 18:14:00+00:00,2021-04-29 18:15:00+00:00,13938.25,13914.25,13986.25,2021-04-29 19:55:00+00:00,13952.5,tiempo,28.5,0.0,28.5,48.0,0.59375
-1,1,2021-04-30 14:59:00+00:00,2021-04-30 15:00:00+00:00,13899.0,13935.5,13826.0,2021-04-30 17:58:00+00:00,13826.0,objetivo,146.0,0.0,146.0,73.0,2.0
1,1,2021-05-03 14:14:00+00:00,2021-05-03 14:15:00+00:00,13929.5,13858.5,14071.5,2021-05-03 14:52:00+00:00,13858.5,stop,-142.0,0.0,-142.0,142.0,-1.0
-1,1,2021-05-05 13:59:00+00:00,2021-05-05 14:00:00+00:00,13596.5,13662.25,13465.0,2021-05-05 19:25:00+00:00,13465.0,objetivo,263.0,0.0,263.0,131.5,2.0
-1,1,2021-05-06 13:59:00+00:00,2021-05-06 14:00:00+00:00,13427.5,13505.75,13271.0,2021-05-06 15:33:00+00:00,13505.75,stop,-156.5,0.0,-156.5,156.5,-1.0
-1,1,2021-05-06 18:29:00+00:00,2021-05-06 18:30:00+00:00,13476.0,13523.75,13380.5,2021-05-06 19:13:00+00:00,13523.75,stop,-95.5,0.0,-95.5,95.5,-1.0
-1,1,2021-05-07 16:29:00+00:00,2021-05-07 16:30:00+00:00,13743.75,13771.75,13687.75,2021-05-07 17:29:00+00:00,13687.75,objetivo,112.0,0.0,112.0,56.0,2.0
1,1,2021-05-10 16:14:00+00:00,2021-05-10 16:15:00+00:00,13533.5,13510.5,13579.5,2021-05-10 16:32:00+00:00,13510.5,stop,-46.0,0.0,-46.0,46.0,-1.0
-1,1,2021-05-11 14:29:00+00:00,2021-05-11 14:30:00+00:00,13168.5,13260.5,12984.5,2021-05-11 15:18:00+00:00,13260.5,stop,-184.0,0.0,-184.0,184.0,-1.0
-1,1,2021-05-12 13:59:00+00:00,2021-05-12 14:00:00+00:00,13157.5,13231.5,13009.5,2021-05-12 15:59:00+00:00,13009.5,objetivo,296.0,0.0,296.0,148.0,2.0
1,1,2021-05-13 13:59:00+00:00,2021-05-13 14:00:00+00:00,13158.75,13086.75,13302.75,2021-05-13 15:43:00+00:00,13086.75,stop,-144.0,0.0,-144.0,144.0,-1.0
1,1,2021-05-13 18:29:00+00:00,2021-05-13 18:30:00+00:00,13123.25,13101.0,13167.75,2021-05-13 19:44:00+00:00,13167.75,objetivo,89.0,0.0,89.0,44.5,2.0
1,1,2021-05-14 13:59:00+00:00,2021-05-14 14:00:00+00:00,13267.25,13210.5,13380.75,2021-05-14 18:14:00+00:00,13380.75,objetivo,227.0,0.0,227.0,113.5,2.0
-1,1,2021-05-17 13:59:00+00:00,2021-05-17 14:00:00+00:00,13285.0,13343.0,13169.0,2021-05-17 19:55:00+00:00,13289.0,tiempo,-8.0,0.0,-8.0,116.0,-0.06896551724137931
1,1,2021-05-18 14:14:00+00:00,2021-05-18 14:15:00+00:00,13348.0,13310.5,13423.0,2021-05-18 18:23:00+00:00,13310.5,stop,-75.0,0.0,-75.0,75.0,-1.0
1,1,2021-05-21 13:59:00+00:00,2021-05-21 14:00:00+00:00,13543.0,13484.5,13660.0,2021-05-21 14:18:00+00:00,13484.5,stop,-117.0,0.0,-117.0,117.0,-1.0
1,1,2021-05-25 14:59:00+00:00,2021-05-25 15:00:00+00:00,13680.0,13662.75,13714.5,2021-05-25 15:03:00+00:00,13662.75,stop,-34.5,0.0,-34.5,34.5,-1.0
-1,1,2021-05-25 15:14:00+00:00,2021-05-25 15:15:00+00:00,13663.75,13683.75,13623.75,2021-05-25 15:31:00+00:00,13623.75,objetivo,80.0,0.0,80.0,40.0,2.0
1,1,2021-05-26 14:29:00+00:00,2021-05-26 14:30:00+00:00,13696.75,13657.25,13775.75,2021-05-26 19:55:00+00:00,13685.75,tiempo,-22.0,0.0,-22.0,79.0,-0.27848101265822783
1,1,2021-05-27 14:14:00+00:00,2021-05-27 14:15:00+00:00,13680.25,13646.25,13748.25,2021-05-27 19:55:00+00:00,13665.75,tiempo,-29.0,0.0,-29.0,68.0,-0.4264705882352941
-1,1,2021-05-28 14:29:00+00:00,2021-05-28 14:30:00+00:00,13697.75,13728.25,13636.75,2021-05-28 14:41:00+00:00,13728.25,stop,-61.0,0.0,-61.0,61.0,-1.0
1,1,2021-05-28 14:44:00+00:00,2021-05-28 14:45:00+00:00,13724.5,13697.25,13779.0,2021-05-28 19:54:00+00:00,13697.25,stop,-54.5,0.0,-54.5,54.5,-1.0
1,1,2021-05-31 13:59:00+00:00,2021-05-31 14:00:00+00:00,13672.75,13666.5,13685.25,2021-05-31 14:22:00+00:00,13666.5,stop,-12.5,0.0,-12.5,12.5,-1.0
1,1,2021-05-31 15:59:00+00:00,2021-05-31 16:00:00+00:00,13670.75,13666.5,13679.25,2021-05-31 16:26:00+00:00,13666.5,stop,-8.5,0.0,-8.5,8.5,-1.0
-1,1,2021-05-31 16:29:00+00:00,2021-05-31 16:30:00+00:00,13658.25,13674.0,13626.75,2021-05-31 16:59:00+00:00,13654.75,fin_de_datos,7.0,0.0,7.0,31.5,0.2222222222222222
-1,1,2021-06-01 13:59:00+00:00,2021-06-01 14:00:00+00:00,13722.5,13761.5,13644.5,2021-06-01 14:15:00+00:00,13644.5,objetivo,156.0,0.0,156.0,78.0,2.0
1,1,2021-06-01 18:44:00+00:00,2021-06-01 18:45:00+00:00,13685.5,13664.5,13727.5,2021-06-01 19:32:00+00:00,13664.5,stop,-42.0,0.0,-42.0,42.0,-1.0
-1,1,2021-06-02 13:59:00+00:00,2021-06-02 14:00:00+00:00,13679.0,13708.5,13620.0,2021-06-02 14:40:00+00:00,13708.5,stop,-59.0,0.0,-59.0,59.0,-1.0
-1,1,2021-06-02 16:29:00+00:00,2021-06-02 16:30:00+00:00,13663.75,13695.5,13600.25,2021-06-02 19:55:00+00:00,13661.5,tiempo,4.5,0.0,4.5,63.5,0.07086614173228346
1,1,2021-06-03 14:14:00+00:00,2021-06-03 14:15:00+00:00,13544.5,13489.0,13655.5,2021-06-03 14:40:00+00:00,13489.0,stop,-111.0,0.0,-111.0,111.0,-1.0
1,1,2021-06-03 14:59:00+00:00,2021-06-03 15:00:00+00:00,13578.75,13481.5,13773.25,2021-06-03 19:55:00+00:00,13525.25,tiempo,-107.0,0.0,-107.0,194.5,-0.5501285347043702
1,1,2021-06-07 13:59:00+00:00,2021-06-07 14:00:00+00:00,13754.75,13726.25,13811.75,2021-06-07 14:12:00+00:00,13726.25,stop,-57.0,0.0,-57.0,57.0,-1.0
-1,1,2021-06-07 14:14:00+00:00,2021-06-07 14:15:00+00:00,13732.75,13757.25,13683.75,2021-06-07 16:10:00+00:00,13757.25,stop,-49.0,0.0,-49.0,49.0,-1.0
-1,1,2021-06-07 17:59:00+00:00,2021-06-07 18:00:00+00:00,13739.0,13748.25,13720.5,2021-06-07 18:05:00+00:00,13748.25,stop,-18.5,0.0,-18.5,18.5,-1.0
1,1,2021-06-07 18:14:00+00:00,2021-06-07 18:15:00+00:00,13756.25,13737.75,13793.25,2021-06-07 19:13:00+00:00,13793.25,objetivo,74.0,0.0,74.0,37.0,2.0
-1,1,2021-06-08 13:59:00+00:00,2021-06-08 14:00:00+00:00,13839.5,13916.25,13686.0,2021-06-08 19:55:00+00:00,13813.25,tiempo,52.5,0.0,52.5,153.5,0.34201954397394135
-1,1,2021-06-09 13:59:00+00:00,2021-06-09 14:00:00+00:00,13872.5,13904.25,13809.0,2021-06-09 19:50:00+00:00,13809.0,objetivo,127.0,0.0,127.0,63.5,2.0
-1,1,2021-06-10 14:44:00+00:00,2021-06-10 14:45:00+00:00,13901.5,13945.5,13813.5,2021-06-10 17:01:00+00:00,13945.5,stop,-88.0,0.0,-88.0,88.0,-1.0
-1,1,2021-06-11 14:44:00+00:00,2021-06-11 14:45:00+00:00,13952.25,13982.25,13892.25,2021-06-11 18:39:00+00:00,13982.25,stop,-60.0,0.0,-60.0,60.0,-1.0
-1,1,2021-06-17 16:29:00+00:00,2021-06-17 16:30:00+00:00,14074.75,14139.25,13945.75,2021-06-17 17:07:00+00:00,14139.25,stop,-129.0,0.0,-129.0,129.0,-1.0
-1,1,2021-06-18 14:59:00+00:00,2021-06-18 15:00:00+00:00,14076.0,14114.75,13998.5,2021-06-18 19:55:00+00:00,14077.75,tiempo,-3.5,0.0,-3.5,77.5,-0.04516129032258064
1,1,2021-06-22 13:59:00+00:00,2021-06-22 14:00:00+00:00,14143.0,14114.75,14199.5,2021-06-22 15:21:00+00:00,14199.5,objetivo,113.0,0.0,113.0,56.5,2.0
-1,1,2021-06-23 14:44:00+00:00,2021-06-23 14:45:00+00:00,14282.5,14300.75,14246.0,2021-06-23 16:38:00+00:00,14246.0,objetivo,73.0,0.0,73.0,36.5,2.0
1,1,2021-06-23 17:29:00+00:00,2021-06-23 17:30:00+00:00,14281.75,14270.75,14303.75,2021-06-23 17:48:00+00:00,14270.75,stop,-22.0,0.0,-22.0,22.0,-1.0
1,1,2021-06-23 17:59:00+00:00,2021-06-23 18:00:00+00:00,14281.25,14270.25,14303.25,2021-06-23 18:15:00+00:00,14270.25,stop,-22.0,0.0,-22.0,22.0,-1.0
1,1,2021-06-23 18:44:00+00:00,2021-06-23 18:45:00+00:00,14281.0,14264.5,14314.0,2021-06-23 19:48:00+00:00,14264.5,stop,-33.0,0.0,-33.0,33.0,-1.0
-1,1,2021-06-24 16:59:00+00:00,2021-06-24 17:00:00+00:00,14369.75,14400.75,14307.75,2021-06-24 19:55:00+00:00,14357.0,tiempo,25.5,0.0,25.5,62.0,0.4112903225806452
-1,1,2021-06-25 13:59:00+00:00,2021-06-25 14:00:00+00:00,14341.25,14388.0,14247.75,2021-06-25 19:55:00+00:00,14325.5,tiempo,31.5,0.0,31.5,93.5,0.33689839572192515
-1,1,2021-06-28 17:29:00+00:00,2021-06-28 17:30:00+00:00,14460.0,14471.75,14436.5,2021-06-28 17:46:00+00:00,14471.75,stop,-23.5,0.0,-23.5,23.5,-1.0
-1,1,2021-06-29 14:14:00+00:00,2021-06-29 14:15:00+00:00,14492.75,14520.0,14438.25,2021-06-29 14:46:00+00:00,14520.0,stop,-54.5,0.0,-54.5,54.5,-1.0
-1,1,2021-06-29 15:14:00+00:00,2021-06-29 15:15:00+00:00,14502.0,14518.25,14469.5,2021-06-29 15:44:00+00:00,14518.25,stop,-32.5,0.0,-32.5,32.5,-1.0
-1,1,2021-06-30 13:59:00+00:00,2021-06-30 14:00:00+00:00,14535.25,14572.5,14460.75,2021-06-30 15:00:00+00:00,14572.5,stop,-74.5,0.0,-74.5,74.5,-1.0
-1,1,2021-06-30 15:29:00+00:00,2021-06-30 15:30:00+00:00,14549.25,14560.0,14527.75,2021-06-30 16:19:00+00:00,14560.0,stop,-21.5,0.0,-21.5,21.5,-1.0
-1,1,2021-06-30 16:29:00+00:00,2021-06-30 16:30:00+00:00,14527.25,14560.0,14461.75,2021-06-30 19:34:00+00:00,14560.0,stop,-65.5,0.0,-65.5,65.5,-1.0
-1,1,2021-07-01 13:59:00+00:00,2021-07-01 14:00:00+00:00,14542.5,14570.0,14487.5,2021-07-01 15:12:00+00:00,14487.5,objetivo,110.0,0.0,110.0,55.0,2.0
1,1,2021-07-01 17:44:00+00:00,2021-07-01 17:45:00+00:00,14528.0,14500.75,14582.5,2021-07-01 19:55:00+00:00,14538.5,tiempo,21.0,0.0,21.0,54.5,0.3853211009174312
-1,1,2021-07-02 14:29:00+00:00,2021-07-02 14:30:00+00:00,14647.5,14658.75,14625.0,2021-07-02 15:44:00+00:00,14658.75,stop,-22.5,0.0,-22.5,22.5,-1.0
1,1,2021-07-02 15:44:00+00:00,2021-07-02 15:45:00+00:00,14659.75,14634.0,14711.25,2021-07-02 19:37:00+00:00,14711.25,objetivo,103.0,0.0,103.0,51.5,2.0
1,1,2021-07-05 14:14:00+00:00,2021-07-05 14:15:00+00:00,14700.0,14693.0,14714.0,2021-07-05 15:42:00+00:00,14693.0,stop,-14.0,0.0,-14.0,14.0,-1.0
1,1,2021-07-06 14:14:00+00:00,2021-07-06 14:15:00+00:00,14786.0,14752.25,14853.5,2021-07-06 14:32:00+00:00,14752.25,stop,-67.5,0.0,-67.5,67.5,-1.0
-1,1,2021-07-06 14:44:00+00:00,2021-07-06 14:45:00+00:00,14746.0,14771.75,14694.5,2021-07-06 16:07:00+00:00,14694.5,objetivo,103.0,0.0,103.0,51.5,2.0
1,1,2021-07-06 17:44:00+00:00,2021-07-06 17:45:00+00:00,14734.5,14711.75,14780.0,2021-07-06 19:30:00+00:00,14780.0,objetivo,91.0,0.0,91.0,45.5,2.0
-1,1,2021-07-07 13:59:00+00:00,2021-07-07 14:00:00+00:00,14836.0,14853.0,14802.0,2021-07-07 14:04:00+00:00,14802.0,objetivo,68.0,0.0,68.0,34.0,2.0
1,1,2021-07-07 14:14:00+00:00,2021-07-07 14:15:00+00:00,14834.25,14793.0,14916.75,2021-07-07 14:29:00+00:00,14793.0,stop,-82.5,0.0,-82.5,82.5,-1.0
-1,1,2021-07-07 14:29:00+00:00,2021-07-07 14:30:00+00:00,14790.0,14846.25,14677.5,2021-07-07 19:55:00+00:00,14806.0,tiempo,-32.0,0.0,-32.0,112.5,-0.28444444444444444
1,1,2021-07-08 13:59:00+00:00,2021-07-08 14:00:00+00:00,14637.75,14540.5,14832.25,2021-07-08 19:55:00+00:00,14688.5,tiempo,101.5,0.0,101.5,194.5,0.5218508997429306
1,1,2021-07-12 14:44:00+00:00,2021-07-12 14:45:00+00:00,14840.5,14817.25,14887.0,2021-07-12 19:55:00+00:00,14866.5,tiempo,52.0,0.0,52.0,46.5,1.118279569892473
-1,1,2021-07-13 17:29:00+00:00,2021-07-13 17:30:00+00:00,14905.75,14947.75,14821.75,2021-07-13 19:55:00+00:00,14865.0,tiempo,81.5,0.0,81.5,84.0,0.9702380952380952
1,1,2021-07-14 14:14:00+00:00,2021-07-14 14:15:00+00:00,14984.0,14943.5,15065.0,2021-07-14 14:36:00+00:00,14943.5,stop,-81.0,0.0,-81.0,81.0,-1.0
1,1,2021-07-14 14:44:00+00:00,2021-07-14 14:45:00+00:00,14967.5,14937.25,15028.0,2021-07-14 15:27:00+00:00,14937.25,stop,-60.5,0.0,-60.5,60.5,-1.0
1,1,2021-07-15 13:59:00+00:00,2021-07-15 14:00:00+00:00,14892.5,14807.25,15063.0,2021-07-15 14:28:00+00:00,14807.25,stop,-170.5,0.0,-170.5,170.5,-1.0
-1,1,2021-07-15 14:29:00+00:00,2021-07-15 14:30:00+00:00,14804.75,14882.75,14648.75,2021-07-15 19:55:00+00:00,14780.75,tiempo,48.0,0.0,48.0,156.0,0.3076923076923077
1,1,2021-07-16 17:14:00+00:00,2021-07-16 17:15:00+00:00,14775.75,14755.0,14817.25,2021-07-16 17:30:00+00:00,14755.0,stop,-41.5,0.0,-41.5,41.5,-1.0
-1,1,2021-07-19 13:59:00+00:00,2021-07-19 14:00:00+00:00,14483.5,14573.5,14303.5,2021-07-19 15:33:00+00:00,14573.5,stop,-180.0,0.0,-180.0,180.0,-1.0
-1,1,2021-07-19 16:29:00+00:00,2021-07-19 16:30:00+00:00,14511.75,14536.75,14461.75,2021-07-19 16:43:00+00:00,14461.75,objetivo,100.0,0.0,100.0,50.0,2.0
1,1,2021-07-19 18:29:00+00:00,2021-07-19 18:30:00+00:00,14514.5,14490.5,14562.5,2021-07-19 18:33:00+00:00,14490.5,stop,-48.0,0.0,-48.0,48.0,-1.0
-1,1,2021-07-19 18:44:00+00:00,2021-07-19 18:45:00+00:00,14471.25,14518.25,14377.25,2021-07-19 19:54:00+00:00,14518.25,stop,-94.0,0.0,-94.0,94.0,-1.0
1,1,2021-07-20 13:59:00+00:00,2021-07-20 14:00:00+00:00,14585.75,14532.0,14693.25,2021-07-20 15:42:00+00:00,14693.25,objetivo,215.0,0.0,215.0,107.5,2.0
-1,1,2021-07-21 16:59:00+00:00,2021-07-21 17:00:00+00:00,14744.25,14766.0,14700.75,2021-07-21 17:21:00+00:00,14766.0,stop,-43.5,0.0,-43.5,43.5,-1.0
-1,1,2021-07-22 16:14:00+00:00,2021-07-22 16:15:00+00:00,14867.75,14909.5,14784.25,2021-07-22 17:31:00+00:00,14909.5,stop,-83.5,0.0,-83.5,83.5,-1.0
1,1,2021-07-23 13:59:00+00:00,2021-07-23 14:00:00+00:00,14976.5,14948.0,15033.5,2021-07-23 15:17:00+00:00,15033.5,objetivo,114.0,0.0,114.0,57.0,2.0
-1,1,2021-07-26 16:44:00+00:00,2021-07-26 16:45:00+00:00,15089.25,15109.75,15048.25,2021-07-26 17:14:00+00:00,15109.75,stop,-41.0,0.0,-41.0,41.0,-1.0
1,1,2021-07-27 18:59:00+00:00,2021-07-27 19:00:00+00:00,14919.75,14882.75,14993.75,2021-07-27 19:55:00+00:00,14920.5,tiempo,1.5,0.0,1.5,74.0,0.02027027027027027
1,1,2021-07-28 13:59:00+00:00,2021-07-28 14:00:00+00:00,14978.5,14904.25,15127.0,2021-07-28 19:55:00+00:00,15017.25,tiempo,77.5,0.0,77.5,148.5,0.5218855218855218
-1,1,2021-07-29 14:14:00+00:00,2021-07-29 14:15:00+00:00,15027.25,15064.0,14953.75,2021-07-29 14:29:00+00:00,15064.0,stop,-73.5,0.0,-73.5,73.5,-1.0
1,1,2021-07-29 14:29:00+00:00,2021-07-29 14:30:00+00:00,15064.5,15024.75,15144.0,2021-07-29 19:55:00+00:00,15039.0,tiempo,-51.0,0.0,-51.0,79.5,-0.6415094339622641
-1,1,2021-07-30 14:59:00+00:00,2021-07-30 15:00:00+00:00,14931.0,14957.0,14879.0,2021-07-30 16:18:00+00:00,14957.0,stop,-52.0,0.0,-52.0,52.0,-1.0
-1,1,2021-07-30 18:44:00+00:00,2021-07-30 18:45:00+00:00,14937.0,14949.0,14913.0,2021-07-30 18:50:00+00:00,14949.0,stop,-24.0,0.0,-24.0,24.0,-1.0
1,1,2021-07-30 18:59:00+00:00,2021-07-30 19:00:00+00:00,14954.25,14937.0,14988.75,2021-07-30 19:55:00+00:00,14942.5,tiempo,-23.5,0.0,-23.5,34.5,-0.6811594202898551
1,1,2021-08-02 14:14:00+00:00,2021-08-02 14:15:00+00:00,14998.75,14942.75,15110.75,2021-08-02 19:40:00+00:00,14942.75,stop,-112.0,0.0,-112.0,112.0,-1.0
-1,1,2021-08-03 13:59:00+00:00,2021-08-03 14:00:00+00:00,14904.75,15008.75,14696.75,2021-08-03 15:57:00+00:00,15008.75,stop,-208.0,0.0,-208.0,208.0,-1.0
-1,1,2021-08-04 14:14:00+00:00,2021-08-04 14:15:00+00:00,15029.75,15063.0,14963.25,2021-08-04 16:12:00+00:00,15063.0,stop,-66.5,0.0,-66.5,66.5,-1.0
1,1,2021-08-06 15:59:00+00:00,2021-08-06 16:00:00+00:00,15103.25,15071.25,15167.25,2021-08-06 19:55:00+00:00,15089.75,tiempo,-27.0,0.0,-27.0,64.0,-0.421875
1,1,2021-08-09 13:59:00+00:00,2021-08-09 14:00:00+00:00,15109.5,15087.25,15154.0,2021-08-09 14:05:00+00:00,15087.25,stop,-44.5,0.0,-44.5,44.5,-1.0
-1,1,2021-08-09 14:59:00+00:00,2021-08-09 15:00:00+00:00,15107.75,15122.0,15079.25,2021-08-09 15:03:00+00:00,15122.0,stop,-28.5,0.0,-28.5,28.5,-1.0
1,1,2021-08-09 15:29:00+00:00,2021-08-09 15:30:00+00:00,15113.75,15089.75,15161.75,2021-08-09 19:55:00+00:00,15119.25,tiempo,11.0,0.0,11.0,48.0,0.22916666666666666
-1,1,2021-08-10 14:14:00+00:00,2021-08-10 14:15:00+00:00,15126.5,15157.25,15065.0,2021-08-10 14:32:00+00:00,15065.0,objetivo,123.0,0.0,123.0,61.5,2.0
1,1,2021-08-12 13:59:00+00:00,2021-08-12 14:00:00+00:00,14975.0,14946.5,15032.0,2021-08-12 14:03:00+00:00,14946.5,stop,-57.0,0.0,-57.0,57.0,-1.0
1,1,2021-08-13 13:59:00+00:00,2021-08-13 14:00:00+00:00,15099.5,15074.5,15149.5,2021-08-13 19:55:00+00:00,15116.5,tiempo,34.0,0.0,34.0,50.0,0.68
1,1,2021-08-16 15:44:00+00:00,2021-08-16 15:45:00+00:00,14998.25,14953.5,15087.75,2021-08-16 18:09:00+00:00,15087.75,objetivo,179.0,0.0,179.0,89.5,2.0
-1,1,2021-08-17 13:59:00+00:00,2021-08-17 14:00:00+00:00,14976.5,15042.25,14845.0,2021-08-17 14:43:00+00:00,15042.25,stop,-131.5,0.0,-131.5,131.5,-1.0
-1,1,2021-08-17 15:29:00+00:00,2021-08-17 15:30:00+00:00,14982.75,15019.0,14910.25,2021-08-17 16:47:00+00:00,14910.25,objetivo,145.0,0.0,145.0,72.5,2.0
1,1,2021-08-17 18:59:00+00:00,2021-08-17 19:00:00+00:00,14978.75,14947.25,15041.75,2021-08-17 19:55:00+00:00,14979.5,tiempo,1.5,0.0,1.5,63.0,0.023809523809523808
1,1,2021-08-18 13:59:00+00:00,2021-08-18 14:00:00+00:00,15023.5,14988.0,15094.5,2021-08-18 14:43:00+00:00,14988.0,stop,-71.0,0.0,-71.0,71.0,-1.0
-1,1,2021-08-18 14:44:00+00:00,2021-08-18 14:45:00+00:00,14993.5,15027.25,14926.0,2021-08-18 18:04:00+00:00,15027.25,stop,-67.5,0.0,-67.5,67.5,-1.0
1,1,2021-08-18 18:29:00+00:00,2021-08-18 18:30:00+00:00,14993.75,14925.0,15131.25,2021-08-18 19:32:00+00:00,14925.0,stop,-137.5,0.0,-137.5,137.5,-1.0
1,1,2021-08-19 14:14:00+00:00,2021-08-19 14:15:00+00:00,14853.5,14800.75,14959.0,2021-08-19 15:45:00+00:00,14959.0,objetivo,211.0,0.0,211.0,105.5,2.0
-1,1,2021-08-19 18:29:00+00:00,2021-08-19 18:30:00+00:00,14879.25,14927.5,14782.75,2021-08-19 18:55:00+00:00,14927.5,stop,-96.5,0.0,-96.5,96.5,-1.0
-1,1,2021-08-20 15:44:00+00:00,2021-08-20 15:45:00+00:00,15031.25,15069.0,14955.75,2021-08-20 16:47:00+00:00,15069.0,stop,-75.5,0.0,-75.5,75.5,-1.0
-1,1,2021-08-24 13:59:00+00:00,2021-08-24 14:00:00+00:00,15332.5,15350.25,15297.0,2021-08-24 14:03:00+00:00,15350.25,stop,-35.5,0.0,-35.5,35.5,-1.0
1,1,2021-08-24 14:14:00+00:00,2021-08-24 14:15:00+00:00,15353.0,15323.0,15413.0,2021-08-24 19:55:00+00:00,15348.5,tiempo,-9.0,0.0,-9.0,60.0,-0.15
-1,1,2021-08-25 13:59:00+00:00,2021-08-25 14:00:00+00:00,15377.25,15390.0,15351.75,2021-08-25 14:32:00+00:00,15351.75,objetivo,51.0,0.0,51.0,25.5,2.0
1,1,2021-08-25 16:59:00+00:00,2021-08-25 17:00:00+00:00,15369.5,15354.75,15399.0,2021-08-25 17:08:00+00:00,15354.75,stop,-29.5,0.0,-29.5,29.5,-1.0
-1,1,2021-08-25 17:14:00+00:00,2021-08-25 17:15:00+00:00,15353.25,15370.25,15319.25,2021-08-25 19:32:00+00:00,15370.25,stop,-34.0,0.0,-34.0,34.0,-1.0
-1,1,2021-08-26 13:59:00+00:00,2021-08-26 14:00:00+00:00,15334.75,15362.25,15279.75,2021-08-26 14:06:00+00:00,15362.25,stop,-55.0,0.0,-55.0,55.0,-1.0
1,1,2021-08-26 15:29:00+00:00,2021-08-26 15:30:00+00:00,15318.25,15306.0,15342.75,2021-08-26 15:32:00+00:00,15306.0,stop,-24.5,0.0,-24.5,24.5,-1.0
-1,1,2021-08-26 15:44:00+00:00,2021-08-26 15:45:00+00:00,15301.75,15325.25,15254.75,2021-08-26 16:00:00+00:00,15325.25,stop,-47.0,0.0,-47.0,47.0,-1.0
-1,1,2021-08-26 17:29:00+00:00,2021-08-26 17:30:00+00:00,15317.25,15337.0,15277.75,2021-08-26 19:03:00+00:00,15277.75,objetivo,79.0,0.0,79.0,39.5,2.0
1,1,2021-08-27 14:14:00+00:00,2021-08-27 14:15:00+00:00,15395.5,15280.0,15626.5,2021-08-27 19:55:00+00:00,15430.0,tiempo,69.0,0.0,69.0,231.0,0.2987012987012987
1,1,2021-08-31 14:29:00+00:00,2021-08-31 14:30:00+00:00,15549.5,15524.75,15599.0,2021-08-31 18:59:00+00:00,15599.0,objetivo,99.0,0.0,99.0,49.5,2.0
-1,1,2021-09-01 18:29:00+00:00,2021-09-01 18:30:00+00:00,15664.25,15678.0,15636.75,2021-09-01 18:35:00+00:00,15636.75,objetivo,55.0,0.0,55.0,27.5,2.0
1,1,2021-09-02 15:29:00+00:00,2021-09-02 15:30:00+00:00,15651.75,15639.0,15677.25,2021-09-02 15:46:00+00:00,15639.0,stop,-25.5,0.0,-25.5,25.5,-1.0
-1,1,2021-09-06 15:44:00+00:00,2021-09-06 15:45:00+00:00,15700.0,15702.25,15695.5,2021-09-06 16:29:00+00:00,15695.5,objetivo,9.0,0.0,9.0,4.5,2.0
-1,1,2021-09-07 14:14:00+00:00,2021-09-07 14:15:00+00:00,15622.0,15645.0,15576.0,2021-09-07 14:32:00+00:00,15645.0,stop,-46.0,0.0,-46.0,46.0,-1.0
1,1,2021-09-07 14:44:00+00:00,2021-09-07 14:45:00+00:00,15663.75,15629.5,15732.25,2021-09-07 19:55:00+00:00,15679.0,tiempo,30.5,0.0,30.5,68.5,0.44525547445255476
1,1,2021-09-08 13:59:00+00:00,2021-09-08 14:00:00+00:00,15635.0,15612.0,15681.0,2021-09-08 14:32:00+00:00,15612.0,stop,-46.0,0.0,-46.0,46.0,-1.0
1,1,2021-09-08 16:29:00+00:00,2021-09-08 16:30:00+00:00,15599.75,15575.75,15647.75,2021-09-08 17:00:00+00:00,15575.75,stop,-48.0,0.0,-48.0,48.0,-1.0
1,1,2021-09-08 17:29:00+00:00,2021-09-08 17:30:00+00:00,15601.25,15579.75,15644.25,2021-09-08 19:55:00+00:00,15613.0,tiempo,23.5,0.0,23.5,43.0,0.5465116279069767
-1,1,2021-09-09 14:44:00+00:00,2021-09-09 14:45:00+00:00,15650.25,15665.75,15619.25,2021-09-09 15:26:00+00:00,15619.25,objetivo,62.0,0.0,62.0,31.0,2.0
1,1,2021-09-10 13:59:00+00:00,2021-09-10 14:00:00+00:00,15655.75,15641.5,15684.25,2021-09-10 14:02:00+00:00,15641.5,stop,-28.5,0.0,-28.5,28.5,-1.0
-1,1,2021-09-10 14:14:00+00:00,2021-09-10 14:15:00+00:00,15621.5,15657.0,15550.5,2021-09-10 15:29:00+00:00,15550.5,objetivo,142.0,0.0,142.0,71.0,2.0
1,1,2021-09-10 17:14:00+00:00,2021-09-10 17:15:00+00:00,15604.75,15582.75,15648.75,2021-09-10 17:30:00+00:00,15582.75,stop,-44.0,0.0,-44.0,44.0,-1.0
1,1,2021-09-13 16:59:00+00:00,2021-09-13 17:00:00+00:00,15442.5,15408.25,15511.0,2021-09-13 17:28:00+00:00,15408.25,stop,-68.5,0.0,-68.5,68.5,-1.0
-1,1,2021-09-13 17:29:00+00:00,2021-09-13 17:30:00+00:00,15405.75,15435.5,15346.25,2021-09-13 19:55:00+00:00,15425.25,tiempo,-39.0,0.0,-39.0,59.5,-0.6554621848739496
1,1,2021-09-14 15:29:00+00:00,2021-09-14 15:30:00+00:00,15451.0,15431.5,15490.0,2021-09-14 16:01:00+00:00,15490.0,objetivo,78.0,0.0,78.0,39.0,2.0
-1,1,2021-09-14 16:44:00+00:00,2021-09-14 16:45:00+00:00,15429.75,15462.25,15364.75,2021-09-14 18:35:00+00:00,15364.75,objetivo,130.0,0.0,130.0,65.0,2.0
1,1,2021-09-16 15:59:00+00:00,2021-09-16 16:00:00+00:00,15404.5,15380.5,15452.5,2021-09-16 17:53:00+00:00,15452.5,objetivo,96.0,0.0,96.0,48.0,2.0
-1,1,2021-09-20 14:14:00+00:00,2021-09-20 14:15:00+00:00,15061.5,15111.25,14962.0,2021-09-20 15:55:00+00:00,14962.0,objetivo,199.0,0.0,199.0,99.5,2.0
-1,1,2021-09-21 13:59:00+00:00,2021-09-21 14:00:00+00:00,15067.5,15131.75,14939.0,2021-09-21 19:55:00+00:00,15040.0,tiempo,55.0,0.0,55.0,128.5,0.4280155642023346
1,1,2021-09-22 13:59:00+00:00,2021-09-22 14:00:00+00:00,15076.75,15018.0,15194.25,2021-09-22 15:50:00+00:00,15194.25,objetivo,235.0,0.0,235.0,117.5,2.0
-1,1,2021-09-22 18:59:00+00:00,2021-09-22 19:00:00+00:00,15123.5,15157.0,15056.5,2021-09-22 19:10:00+00:00,15157.0,stop,-67.0,0.0,-67.0,67.0,-1.0
-1,1,2021-09-23 15:44:00+00:00,2021-09-23 15:45:00+00:00,15279.5,15304.75,15229.0,2021-09-23 15:55:00+00:00,15304.75,stop,-50.5,0.0,-50.5,50.5,-1.0
1,1,2021-09-23 15:59:00+00:00,2021-09-23 16:00:00+00:00,15314.0,15276.25,15389.5,2021-09-23 19:55:00+00:00,15315.0,tiempo,2.0,0.0,2.0,75.5,0.026490066225165563
-1,1,2021-09-24 14:14:00+00:00,2021-09-24 14:15:00+00:00,15218.75,15262.75,15130.75,2021-09-24 16:13:00+00:00,15262.75,stop,-88.0,0.0,-88.0,88.0,-1.0
1,1,2021-09-27 14:14:00+00:00,2021-09-27 14:15:00+00:00,15143.25,15100.75,15228.25,2021-09-27 19:14:00+00:00,15228.25,objetivo,170.0,0.0,170.0,85.0,2.0
1,1,2021-09-28 18:59:00+00:00,2021-09-28 19:00:00+00:00,14845.0,14830.0,14875.0,2021-09-28 19:02:00+00:00,14830.0,stop,-30.0,0.0,-30.0,30.0,-1.0
1,1,2021-09-29 13:59:00+00:00,2021-09-29 14:00:00+00:00,14883.0,14790.5,15068.0,2021-09-29 15:35:00+00:00,14790.5,stop,-185.0,0.0,-185.0,185.0,-1.0
1,1,2021-09-29 18:14:00+00:00,2021-09-29 18:15:00+00:00,14842.5,14758.0,15011.5,2021-09-29 19:50:00+00:00,14758.0,stop,-169.0,0.0,-169.0,169.0,-1.0
1,1,2021-09-30 15:29:00+00:00,2021-09-30 15:30:00+00:00,14830.5,14803.0,14885.5,2021-09-30 15:34:00+00:00,14803.0,stop,-55.0,0.0,-55.0,55.0,-1.0
-1,1,2021-09-30 15:44:00+00:00,2021-09-30 15:45:00+00:00,14754.75,14832.25,14599.75,2021-09-30 19:55:00+00:00,14707.25,tiempo,95.0,0.0,95.0,155.0,0.6129032258064516
1,1,2021-10-01 14:59:00+00:00,2021-10-01 15:00:00+00:00,14620.75,14542.0,14778.25,2021-10-01 18:53:00+00:00,14778.25,objetivo,315.0,0.0,315.0,157.5,2.0
-1,1,2021-10-06 13:59:00+00:00,2021-10-06 14:00:00+00:00,14538.5,14634.0,14347.5,2021-10-06 14:22:00+00:00,14634.0,stop,-191.0,0.0,-191.0,191.0,-1.0
-1,1,2021-10-06 16:29:00+00:00,2021-10-06 16:30:00+00:00,14594.0,14627.75,14526.5,2021-10-06 17:22:00+00:00,14627.75,stop,-67.5,0.0,-67.5,67.5,-1.0
-1,1,2021-10-07 18:14:00+00:00,2021-10-07 18:15:00+00:00,14950.25,14967.5,14915.75,2021-10-07 18:54:00+00:00,14915.75,objetivo,69.0,0.0,69.0,34.5,2.0
1,1,2021-10-08 14:29:00+00:00,2021-10-08 14:30:00+00:00,14892.0,14876.75,14922.5,2021-10-08 14:34:00+00:00,14876.75,stop,-30.5,0.0,-30.5,30.5,-1.0
-1,1,2021-10-08 14:44:00+00:00,2021-10-08 14:45:00+00:00,14826.75,14902.75,14674.75,2021-10-08 19:55:00+00:00,14807.75,tiempo,38.0,0.0,38.0,152.0,0.25
-1,1,2021-10-11 16:14:00+00:00,2021-10-11 16:15:00+00:00,14821.25,14865.5,14732.75,2021-10-11 19:50:00+00:00,14732.75,objetivo,177.0,0.0,177.0,88.5,2.0
1,1,2021-10-12 15:59:00+00:00,2021-10-12 16:00:00+00:00,14704.5,14653.75,14806.0,2021-10-12 16:55:00+00:00,14653.75,stop,-101.5,0.0,-101.5,101.5,-1.0
1,1,2021-10-12 18:14:00+00:00,2021-10-12 18:15:00+00:00,14693.25,14651.5,14776.75,2021-10-12 19:03:00+00:00,14651.5,stop,-83.5,0.0,-83.5,83.5,-1.0
-1,1,2021-10-13 13:59:00+00:00,2021-10-13 14:00:00+00:00,14715.5,14762.25,14622.0,2021-10-13 17:31:00+00:00,14762.25,stop,-93.5,0.0,-93.5,93.5,-1.0
1,1,2021-10-15 13:59:00+00:00,2021-10-15 14:00:00+00:00,15078.0,15055.0,15124.0,2021-10-15 14:03:00+00:00,15055.0,stop,-46.0,0.0,-46.0,46.0,-1.0
-1,1,2021-10-15 14:14:00+00:00,2021-10-15 14:15:00+00:00,15065.0,15086.25,15022.5,2021-10-15 14:45:00+00:00,15086.25,stop,-42.5,0.0,-42.5,42.5,-1.0
-1,1,2021-10-15 15:44:00+00:00,2021-10-15 15:45:00+00:00,15073.25,15111.5,14996.75,2021-10-15 18:09:00+00:00,15111.5,stop,-76.5,0.0,-76.5,76.5,-1.0
1,1,2021-10-19 14:14:00+00:00,2021-10-19 14:15:00+00:00,15352.5,15311.5,15434.5,2021-10-19 19:55:00+00:00,15388.25,tiempo,71.5,0.0,71.5,82.0,0.8719512195121951
-1,1,2021-10-20 13:59:00+00:00,2021-10-20 14:00:00+00:00,15406.0,15439.0,15340.0,2021-10-20 14:30:00+00:00,15439.0,stop,-66.0,0.0,-66.0,66.0,-1.0
-1,1,2021-10-20 14:59:00+00:00,2021-10-20 15:00:00+00:00,15403.75,15431.75,15347.75,2021-10-20 17:16:00+00:00,15347.75,objetivo,112.0,0.0,112.0,56.0,2.0
-1,1,2021-10-22 13:59:00+00:00,2021-10-22 14:00:00+00:00,15424.5,15449.0,15375.5,2021-10-22 14:28:00+00:00,15449.0,stop,-49.0,0.0,-49.0,49.0,-1.0
1,1,2021-10-22 14:29:00+00:00,2021-10-22 14:30:00+00:00,15462.75,15415.25,15557.75,2021-10-22 14:42:00+00:00,15415.25,stop,-95.0,0.0,-95.0,95.0,-1.0
-1,1,2021-10-22 14:44:00+00:00,2021-10-22 14:45:00+00:00,15415.75,15463.5,15320.25,2021-10-22 15:25:00+00:00,15320.25,objetivo,191.0,0.0,191.0,95.5,2.0
1,1,2021-10-25 13:59:00+00:00,2021-10-25 14:00:00+00:00,15390.75,15344.25,15483.75,2021-10-25 16:37:00+00:00,15483.75,objetivo,186.0,0.0,186.0,93.0,2.0
-1,1,2021-10-26 15:14:00+00:00,2021-10-26 15:15:00+00:00,15649.25,15678.25,15591.25,2021-10-26 15:56:00+00:00,15591.25,objetivo,116.0,0.0,116.0,58.0,2.0
-1,1,2021-10-27 14:14:00+00:00,2021-10-27 14:15:00+00:00,15573.5,15648.0,15424.5,2021-10-27 14:54:00+00:00,15648.0,stop,-149.0,0.0,-149.0,149.0,-1.0
-1,1,2021-10-28 13:59:00+00:00,2021-10-28 14:00:00+00:00,15664.5,15693.0,15607.5,2021-10-28 14:08:00+00:00,15693.0,stop,-57.0,0.0,-57.0,57.0,-1.0
1,1,2021-10-28 14:14:00+00:00,2021-10-28 14:15:00+00:00,15671.75,15655.25,15704.75,2021-10-28 14:26:00+00:00,15704.75,objetivo,66.0,0.0,66.0,33.0,2.0
1,1,2021-11-01 14:29:00+00:00,2021-11-01 14:30:00+00:00,15820.25,15794.0,15872.75,2021-11-01 14:42:00+00:00,15794.0,stop,-52.5,0.0,-52.5,52.5,-1.0
-1,1,2021-11-01 14:44:00+00:00,2021-11-01 14:45:00+00:00,15798.5,15825.0,15745.5,2021-11-01 14:51:00+00:00,15825.0,stop,-53.0,0.0,-53.0,53.0,-1.0
1,1,2021-11-01 15:14:00+00:00,2021-11-01 15:15:00+00:00,15824.25,15805.75,15861.25,2021-11-01 15:58:00+00:00,15861.25,objetivo,74.0,0.0,74.0,37.0,2.0
-1,1,2021-11-01 17:44:00+00:00,2021-11-01 17:45:00+00:00,15813.75,15841.75,15757.75,2021-11-01 19:23:00+00:00,15841.75,stop,-56.0,0.0,-56.0,56.0,-1.0
-1,1,2021-11-02 14:14:00+00:00,2021-11-02 14:15:00+00:00,15905.75,15961.5,15794.25,2021-11-02 14:54:00+00:00,15961.5,stop,-111.5,0.0,-111.5,111.5,-1.0
-1,1,2021-11-02 16:14:00+00:00,2021-11-02 16:15:00+00:00,15930.25,15941.25,15908.25,2021-11-02 16:24:00+00:00,15941.25,stop,-22.0,0.0,-22.0,22.0,-1.0
1,1,2021-11-02 16:29:00+00:00,2021-11-02 16:30:00+00:00,15939.5,15921.0,15976.5,2021-11-02 18:06:00+00:00,15921.0,stop,-37.0,0.0,-37.0,37.0,-1.0
-1,1,2021-11-02 18:14:00+00:00,2021-11-02 18:15:00+00:00,15918.5,15940.25,15875.0,2021-11-02 18:50:00+00:00,15940.25,stop,-43.5,0.0,-43.5,43.5,-1.0
1,1,2021-11-02 18:59:00+00:00,2021-11-02 19:00:00+00:00,15949.5,15923.5,16001.5,2021-11-02 19:55:00+00:00,15955.5,tiempo,12.0,0.0,12.0,52.0,0.23076923076923078
-1,1,2021-11-03 14:14:00+00:00,2021-11-03 14:15:00+00:00,15957.25,15975.5,15920.75,2021-11-03 14:24:00+00:00,15975.5,stop,-36.5,0.0,-36.5,36.5,-1.0
1,1,2021-11-03 15:44:00+00:00,2021-11-03 15:45:00+00:00,15966.5,15941.75,16016.0,2021-11-03 18:01:00+00:00,16016.0,objetivo,99.0,0.0,99.0,49.5,2.0
-1,1,2021-11-04 15:29:00+00:00,2021-11-04 15:30:00+00:00,16249.5,16303.25,16142.0,2021-11-04 16:00:00+00:00,16303.25,stop,-107.5,0.0,-107.5,107.5,-1.0
-1,1,2021-11-05 15:29:00+00:00,2021-11-05 15:30:00+00:00,16409.75,16435.75,16357.75,2021-11-05 15:39:00+00:00,16435.75,stop,-52.0,0.0,-52.0,52.0,-1.0
1,1,2021-11-05 15:44:00+00:00,2021-11-05 15:45:00+00:00,16432.5,16408.25,16481.0,2021-11-05 16:37:00+00:00,16408.25,stop,-48.5,0.0,-48.5,48.5,-1.0
1,1,2021-11-08 16:29:00+00:00,2021-11-08 16:30:00+00:00,16360.75,16316.0,16450.25,2021-11-08 17:06:00+00:00,16316.0,stop,-89.5,0.0,-89.5,89.5,-1.0
1,1,2021-11-08 17:59:00+00:00,2021-11-08 18:00:00+00:00,16344.25,16327.0,16378.75,2021-11-08 19:17:00+00:00,16378.75,objetivo,69.0,0.0,69.0,34.5,2.0
-1,1,2021-11-08 19:29:00+00:00,2021-11-08 19:30:00+00:00,16341.5,16383.5,16257.5,2021-11-08 20:55:00+00:00,16335.5,tiempo,12.0,0.0,12.0,84.0,0.14285714285714285
1,1,2021-11-09 15:44:00+00:00,2021-11-09 15:45:00+00:00,16283.0,16238.75,16371.5,2021-11-09 16:12:00+00:00,16238.75,stop,-88.5,0.0,-88.5,88.5,-1.0
1,1,2021-11-09 16:44:00+00:00,2021-11-09 16:45:00+00:00,16275.25,16227.75,16370.25,2021-11-09 17:00:00+00:00,16227.75,stop,-95.0,0.0,-95.0,95.0,-1.0
-1,1,2021-11-10 16:29:00+00:00,2021-11-10 16:30:00+00:00,16148.75,16187.75,16070.75,2021-11-10 18:05:00+00:00,16070.75,objetivo,156.0,0.0,156.0,78.0,2.0
1,1,2021-11-11 14:59:00+00:00,2021-11-11 15:00:00+00:00,16095.0,16058.5,16168.0,2021-11-11 15:03:00+00:00,16058.5,stop,-73.0,0.0,-73.0,73.0,-1.0
-1,1,2021-11-11 15:14:00+00:00,2021-11-11 15:15:00+00:00,16072.75,16099.75,16018.75,2021-11-11 20:10:00+00:00,16018.75,objetivo,108.0,0.0,108.0,54.0,2.0
1,1,2021-11-12 15:14:00+00:00,2021-11-12 15:15:00+00:00,16046.5,16020.0,16099.5,2021-11-12 15:59:00+00:00,16099.5,objetivo,106.0,0.0,106.0,53.0,2.0
1,1,2021-11-15 14:59:00+00:00,2021-11-15 15:00:00+00:00,16229.25,16188.25,16311.25,2021-11-15 15:10:00+00:00,16188.25,stop,-82.0,0.0,-82.0,82.0,-1.0
-1,1,2021-11-15 15:14:00+00:00,2021-11-15 15:15:00+00:00,16181.5,16231.0,16082.5,2021-11-15 17:22:00+00:00,16082.5,objetivo,198.0,0.0,198.0,99.0,2.0
1,1,2021-11-15 19:59:00+00:00,2021-11-15 20:00:00+00:00,16175.0,16159.25,16206.5,2021-11-15 20:50:00+00:00,16159.25,stop,-31.5,0.0,-31.5,31.5,-1.0
-1,1,2021-11-16 15:29:00+00:00,2021-11-16 15:30:00+00:00,16198.25,16260.0,16074.75,2021-11-16 16:10:00+00:00,16260.0,stop,-123.5,0.0,-123.5,123.5,-1.0
-1,1,2021-11-17 14:59:00+00:00,2021-11-17 15:00:00+00:00,16284.5,16321.75,16210.0,2021-11-17 15:11:00+00:00,16321.75,stop,-74.5,0.0,-74.5,74.5,-1.0
1,1,2021-11-17 15:14:00+00:00,2021-11-17 15:15:00+00:00,16320.5,16282.75,16396.0,2021-11-17 17:00:00+00:00,16396.0,objetivo,151.0,0.0,151.0,75.5,2.0
-1,1,2021-11-17 17:29:00+00:00,2021-11-17 17:30:00+00:00,16310.0,16360.0,16210.0,2021-11-17 20:55:00+00:00,16313.5,tiempo,-7.0,0.0,-7.0,100.0,-0.07
-1,1,2021-11-18 15:14:00+00:00,2021-11-18 15:15:00+00:00,16336.5,16419.0,16171.5,2021-11-18 16:34:00+00:00,16419.0,stop,-165.0,0.0,-165.0,165.0,-1.0
-1,1,2021-11-19 15:29:00+00:00,2021-11-19 15:30:00+00:00,16548.25,16599.5,16445.75,2021-11-19 16:17:00+00:00,16599.5,stop,-102.5,0.0,-102.5,102.5,-1.0
-1,1,2021-11-19 18:29:00+00:00,2021-11-19 18:30:00+00:00,16560.25,16605.0,16470.75,2021-11-19 20:55:00+00:00,16569.25,tiempo,-18.0,0.0,-18.0,89.5,-0.2011173184357542
-1,1,2021-11-22 15:59:00+00:00,2021-11-22 16:00:00+00:00,16698.75,16744.5,16607.25,2021-11-22 16:28:00+00:00,16607.25,objetivo,183.0,0.0,183.0,91.5,2.0
-1,1,2021-11-23 15:14:00+00:00,2021-11-23 15:15:00+00:00,16285.5,16405.25,16046.0,2021-11-23 20:55:00+00:00,16299.75,tiempo,-28.5,0.0,-28.5,239.5,-0.11899791231732777
1,1,2021-11-24 14:59:00+00:00,2021-11-24 15:00:00+00:00,16181.5,16102.0,16340.5,2021-11-24 20:09:00+00:00,16340.5,objetivo,318.0,0.0,318.0,159.0,2.0
-1,1,2021-11-25 15:59:00+00:00,2021-11-25 16:00:00+00:00,16398.75,16413.5,16369.25,2021-11-25 17:01:00+00:00,16413.5,stop,-29.5,0.0,-29.5,29.5,-1.0
-1,1,2021-11-29 15:29:00+00:00,2021-11-29 15:30:00+00:00,16262.75,16311.0,16166.25,2021-11-29 16:26:00+00:00,16311.0,stop,-96.5,0.0,-96.5,96.5,-1.0
-1,1,2021-11-30 15:44:00+00:00,2021-11-30 15:45:00+00:00,16349.25,16437.0,16173.75,2021-11-30 15:55:00+00:00,16173.75,objetivo,351.0,0.0,351.0,175.5,2.0
1,1,2021-12-01 14:59:00+00:00,2021-12-01 15:00:00+00:00,16329.0,16287.0,16413.0,2021-12-01 15:40:00+00:00,16287.0,stop,-84.0,0.0,-84.0,84.0,-1.0
1,1,2021-12-01 15:44:00+00:00,2021-12-01 15:45:00+00:00,16325.0,16275.75,16423.5,2021-12-01 16:19:00+00:00,16423.5,objetivo,197.0,0.0,197.0,98.5,2.0
-1,1,2021-12-01 16:59:00+00:00,2021-12-01 17:00:00+00:00,16337.5,16409.5,16193.5,2021-12-01 18:13:00+00:00,16193.5,objetivo,288.0,0.0,288.0,144.0,2.0
-1,1,2021-12-02 15:14:00+00:00,2021-12-02 15:15:00+00:00,15904.75,16027.0,15660.25,2021-12-02 17:21:00+00:00,16027.0,stop,-244.5,0.0,-244.5,244.5,-1.0
-1,1,2021-12-06 16:14:00+00:00,2021-12-06 16:15:00+00:00,15668.5,15741.0,15523.5,2021-12-06 16:34:00+00:00,15741.0,stop,-145.0,0.0,-145.0,145.0,-1.0
-1,1,2021-12-08 14:59:00+00:00,2021-12-08 15:00:00+00:00,16283.5,16356.75,16137.0,2021-12-08 18:41:00+00:00,16356.75,stop,-146.5,0.0,-146.5,146.5,-1.0
-1,1,2021-12-09 14:59:00+00:00,2021-12-09 15:00:00+00:00,16347.25,16414.25,16213.25,2021-12-09 18:49:00+00:00,16213.25,objetivo,268.0,0.0,268.0,134.0,2.0
1,1,2021-12-10 15:14:00+00:00,2021-12-10 15:15:00+00:00,16261.0,16210.25,16362.5,2021-12-10 15:35:00+00:00,16210.25,stop,-101.5,0.0,-101.5,101.5,-1.0
-1,1,2021-12-10 15:44:00+00:00,2021-12-10 15:45:00+00:00,16217.25,16298.75,16054.25,2021-12-10 20:46:00+00:00,16298.75,stop,-163.0,0.0,-163.0,163.0,-1.0
-1,1,2021-12-13 14:59:00+00:00,2021-12-13 15:00:00+00:00,16275.0,16326.75,16171.5,2021-12-13 16:18:00+00:00,16171.5,objetivo,207.0,0.0,207.0,103.5,2.0
-1,1,2021-12-14 14:59:00+00:00,2021-12-14 15:00:00+00:00,15926.75,15998.75,15782.75,2021-12-14 16:03:00+00:00,15782.75,objetivo,288.0,0.0,288.0,144.0,2.0
1,1,2021-12-14 19:44:00+00:00,2021-12-14 19:45:00+00:00,15856.25,15822.5,15923.75,2021-12-14 20:26:00+00:00,15923.75,objetivo,135.0,0.0,135.0,67.5,2.0
1,1,2021-12-15 15:44:00+00:00,2021-12-15 15:45:00+00:00,15886.75,15844.5,15971.25,2021-12-15 15:56:00+00:00,15844.5,stop,-84.5,0.0,-84.5,84.5,-1.0
-1,1,2021-12-15 15:59:00+00:00,2021-12-15 16:00:00+00:00,15847.75,15896.5,15750.25,2021-12-15 17:16:00+00:00,15750.25,objetivo,195.0,0.0,195.0,97.5,2.0
1,1,2021-12-15 18:59:00+00:00,2021-12-15 19:00:00+00:00,15844.0,15794.25,15943.5,2021-12-15 19:00:00+00:00,15794.25,stop,-99.5,0.0,-99.5,99.5,-1.0
1,1,2021-12-17 14:59:00+00:00,2021-12-17 15:00:00+00:00,15782.25,15658.25,16030.25,2021-12-17 15:17:00+00:00,15658.25,stop,-248.0,0.0,-248.0,248.0,-1.0
1,1,2021-12-17 15:29:00+00:00,2021-12-17 15:30:00+00:00,15736.25,15651.75,15905.25,2021-12-17 15:52:00+00:00,15905.25,objetivo,338.0,0.0,338.0,169.0,2.0
-1,1,2021-12-20 15:14:00+00:00,2021-12-20 15:15:00+00:00,15580.25,15643.75,15453.25,2021-12-20 20:21:00+00:00,15643.75,stop,-127.0,0.0,-127.0,127.0,-1.0
1,1,2021-12-21 16:14:00+00:00,2021-12-21 16:15:00+00:00,15740.0,15658.75,15902.5,2021-12-21 18:35:00+00:00,15902.5,objetivo,325.0,0.0,325.0,162.5,2.0
-1,1,2021-12-22 15:14:00+00:00,2021-12-22 15:15:00+00:00,15983.25,16026.75,15896.25,2021-12-22 15:20:00+00:00,16026.75,stop,-87.0,0.0,-87.0,87.0,-1.0
1,1,2021-12-22 15:29:00+00:00,2021-12-22 15:30:00+00:00,16003.0,15972.0,16065.0,2021-12-22 15:38:00+00:00,16065.0,objetivo,124.0,0.0,124.0,62.0,2.0
-1,1,2021-12-22 19:29:00+00:00,2021-12-22 19:30:00+00:00,16047.25,16078.25,15985.25,2021-12-22 19:32:00+00:00,16078.25,stop,-62.0,0.0,-62.0,62.0,-1.0
1,1,2021-12-22 19:44:00+00:00,2021-12-22 19:45:00+00:00,16091.25,16046.75,16180.25,2021-12-22 20:55:00+00:00,16152.25,tiempo,122.0,0.0,122.0,89.0,1.3707865168539326
1,1,2021-12-23 14:59:00+00:00,2021-12-23 15:00:00+00:00,16235.0,16186.5,16332.0,2021-12-23 18:28:00+00:00,16332.0,objetivo,194.0,0.0,194.0,97.0,2.0
-1,1,2021-12-28 15:14:00+00:00,2021-12-28 15:15:00+00:00,16513.25,16586.0,16367.75,2021-12-28 20:55:00+00:00,16485.0,tiempo,56.5,0.0,56.5,145.5,0.38831615120274915
1,1,2021-12-29 18:59:00+00:00,2021-12-29 19:00:00+00:00,16464.25,16442.0,16508.75,2021-12-29 20:33:00+00:00,16508.75,objetivo,89.0,0.0,89.0,44.5,2.0
1,1,2021-12-30 14:59:00+00:00,2021-12-30 15:00:00+00:00,16500.0,16456.75,16586.5,2021-12-30 20:45:00+00:00,16456.75,stop,-86.5,0.0,-86.5,86.5,-1.0
-1,1,2022-01-03 14:59:00+00:00,2022-01-03 15:00:00+00:00,16317.0,16453.25,16044.5,2022-01-03 18:42:00+00:00,16453.25,stop,-272.5,0.0,-272.5,272.5,-1.0
-1,1,2022-01-04 14:59:00+00:00,2022-01-04 15:00:00+00:00,16460.75,16503.0,16376.25,2022-01-04 15:16:00+00:00,16376.25,objetivo,169.0,0.0,169.0,84.5,2.0
-1,1,2022-01-05 15:44:00+00:00,2022-01-05 15:45:00+00:00,16143.5,16198.0,16034.5,2022-01-05 18:09:00+00:00,16034.5,objetivo,218.0,0.0,218.0,109.0,2.0
-1,1,2022-01-06 14:59:00+00:00,2022-01-06 15:00:00+00:00,15718.5,15843.25,15469.0,2022-01-06 15:49:00+00:00,15843.25,stop,-249.5,0.0,-249.5,249.5,-1.0
-1,1,2022-01-06 18:29:00+00:00,2022-01-06 18:30:00+00:00,15775.5,15833.0,15660.5,2022-01-06 19:10:00+00:00,15833.0,stop,-115.0,0.0,-115.0,115.0,-1.0
-1,1,2022-01-07 15:14:00+00:00,2022-01-07 15:15:00+00:00,15715.25,15798.0,15549.75,2022-01-07 15:49:00+00:00,15549.75,objetivo,331.0,0.0,331.0,165.5,2.0
1,1,2022-01-10 16:14:00+00:00,2022-01-10 16:15:00+00:00,15259.5,15177.25,15424.0,2022-01-10 18:52:00+00:00,15424.0,objetivo,329.0,0.0,329.0,164.5,2.0
1,1,2022-01-11 14:59:00+00:00,2022-01-11 15:00:00+00:00,15549.25,15489.25,15669.25,2022-01-11 16:12:00+00:00,15669.25,objetivo,240.0,0.0,240.0,120.0,2.0
1,1,2022-01-12 14:59:00+00:00,2022-01-12 15:00:00+00:00,15967.0,15884.5,16132.0,2022-01-12 15:39:00+00:00,15884.5,stop,-165.0,0.0,-165.0,165.0,-1.0
-1,1,2022-01-12 15:44:00+00:00,2022-01-12 15:45:00+00:00,15886.25,15980.0,15698.75,2022-01-12 20:55:00+00:00,15899.5,tiempo,-26.5,0.0,-26.5,187.5,-0.14133333333333334
-1,1,2022-01-13 14:59:00+00:00,2022-01-13 15:00:00+00:00,15937.75,15971.5,15870.25,2022-01-13 15:12:00+00:00,15870.25,objetivo,135.0,0.0,135.0,67.5,2.0
-1,1,2022-01-14 15:29:00+00:00,2022-01-14 15:30:00+00:00,15514.5,15600.5,15342.5,2022-01-14 20:39:00+00:00,15600.5,stop,-172.0,0.0,-172.0,172.0,-1.0
1,1,2022-01-17 15:14:00+00:00,2022-01-17 15:15:00+00:00,15591.25,15557.0,15659.75,2022-01-17 17:29:00+00:00,15557.0,stop,-68.5,0.0,-68.5,68.5,-1.0
-1,1,2022-01-18 15:59:00+00:00,2022-01-18 16:00:00+00:00,15316.25,15387.0,15174.75,2022-01-18 20:54:00+00:00,15174.75,objetivo,283.0,0.0,283.0,141.5,2.0
-1,1,2022-01-19 15:29:00+00:00,2022-01-19 15:30:00+00:00,15282.25,15361.5,15123.75,2022-01-19 16:21:00+00:00,15123.75,objetivo,317.0,0.0,317.0,158.5,2.0
1,1,2022-01-19 17:14:00+00:00,2022-01-19 17:15:00+00:00,15274.0,15193.0,15436.0,2022-01-19 19:06:00+00:00,15193.0,stop,-162.0,0.0,-162.0,162.0,-1.0
-1,1,2022-01-20 16:44:00+00:00,2022-01-20 16:45:00+00:00,15243.0,15312.25,15104.5,2022-01-20 19:37:00+00:00,15104.5,objetivo,277.0,0.0,277.0,138.5,2.0
1,1,2022-01-21 15:44:00+00:00,2022-01-21 15:45:00+00:00,14720.75,14614.0,14934.25,2022-01-21 17:49:00+00:00,14614.0,stop,-213.5,0.0,-213.5,213.5,-1.0
1,1,2022-01-24 15:44:00+00:00,2022-01-24 15:45:00+00:00,14140.75,14069.75,14282.75,2022-01-24 15:47:00+00:00,14069.75,stop,-142.0,0.0,-142.0,142.0,-1.0
-1,1,2022-01-24 15:59:00+00:00,2022-01-24 16:00:00+00:00,14089.0,14146.0,13975.0,2022-01-24 16:37:00+00:00,13975.0,objetivo,228.0,0.0,228.0,114.0,2.0
1,1,2022-01-24 18:14:00+00:00,2022-01-24 18:15:00+00:00,14054.0,13899.25,14363.5,2022-01-24 20:33:00+00:00,14363.5,objetivo,619.0,0.0,619.0,309.5,2.0
1,1,2022-01-25 15:29:00+00:00,2022-01-25 15:30:00+00:00,14209.0,14070.0,14487.0,2022-01-25 16:15:00+00:00,14070.0,stop,-278.0,0.0,-278.0,278.0,-1.0
1,1,2022-01-25 18:29:00+00:00,2022-01-25 18:30:00+00:00,14171.5,14089.0,14336.5,2022-01-25 19:42:00+00:00,14336.5,objetivo,330.0,0.0,330.0,165.0,2.0
1,1,2022-01-26 14:59:00+00:00,2022-01-26 15:00:00+00:00,14455.0,14369.0,14627.0,2022-01-26 15:28:00+00:00,14369.0,stop,-172.0,0.0,-172.0,172.0,-1.0
-1,1,2022-01-26 15:29:00+00:00,2022-01-26 15:30:00+00:00,14383.75,14453.75,14243.75,2022-01-26 16:23:00+00:00,14453.75,stop,-140.0,0.0,-140.0,140.0,-1.0
-1,1,2022-01-26 19:14:00+00:00,2022-01-26 19:15:00+00:00,14422.5,14639.75,13988.0,2022-01-26 20:24:00+00:00,13988.0,objetivo,869.0,0.0,869.0,434.5,2.0
-1,1,2022-01-27 15:29:00+00:00,2022-01-27 15:30:00+00:00,14251.0,14407.0,13939.0,2022-01-27 20:55:00+00:00,14013.75,tiempo,474.5,0.0,474.5,312.0,1.5208333333333333
1,1,2022-01-28 15:14:00+00:00,2022-01-28 15:15:00+00:00,13941.5,13860.25,14104.0,2022-01-28 15:54:00+00:00,14104.0,objetivo,325.0,0.0,325.0,162.5,2.0
-1,1,2022-01-28 19:29:00+00:00,2022-01-28 19:30:00+00:00,14092.75,14133.75,14010.75,2022-01-28 19:40:00+00:00,14133.75,stop,-82.0,0.0,-82.0,82.0,-1.0
1,1,2022-01-28 19:44:00+00:00,2022-01-28 19:45:00+00:00,14155.0,14058.75,14347.5,2022-01-28 20:49:00+00:00,14347.5,objetivo,385.0,0.0,385.0,192.5,2.0
1,1,2022-02-01 15:59:00+00:00,2022-02-01 16:00:00+00:00,14858.0,14757.5,15059.0,2022-02-01 20:55:00+00:00,15002.25,tiempo,288.5,0.0,288.5,201.0,1.435323383084577
1,1,2022-02-02 17:14:00+00:00,2022-02-02 17:15:00+00:00,15064.75,14995.75,15202.75,2022-02-02 20:55:00+00:00,15123.0,tiempo,116.5,0.0,116.5,138.0,0.8442028985507246
-1,1,2022-02-03 14:59:00+00:00,2022-02-03 15:00:00+00:00,14711.25,14756.75,14620.25,2022-02-03 15:06:00+00:00,14756.75,stop,-91.0,0.0,-91.0,91.0,-1.0
1,1,2022-02-03 15:14:00+00:00,2022-02-03 15:15:00+00:00,14763.0,14681.0,14927.0,2022-02-03 16:59:00+00:00,14681.0,stop,-164.0,0.0,-164.0,164.0,-1.0
-1,1,2022-02-04 15:44:00+00:00,2022-02-04 15:45:00+00:00,14530.0,14599.25,14391.5,2022-02-04 16:45:00+00:00,14599.25,stop,-138.5,0.0,-138.5,138.5,-1.0
-1,1,2022-02-07 15:14:00+00:00,2022-02-07 15:15:00+00:00,14710.5,14790.0,14551.5,2022-02-07 20:52:00+00:00,14551.5,objetivo,318.0,0.0,318.0,159.0,2.0
-1,1,2022-02-08 14:59:00+00:00,2022-02-08 15:00:00+00:00,14521.5,14581.25,14402.0,2022-02-08 15:46:00+00:00,14581.25,stop,-119.5,0.0,-119.5,119.5,-1.0
1,1,2022-02-09 15:29:00+00:00,2022-02-09 15:30:00+00:00,14901.25,14853.25,14997.25,2022-02-09 19:02:00+00:00,14997.25,objetivo,192.0,0.0,192.0,96.0,2.0
-1,1,2022-02-10 16:14:00+00:00,2022-02-10 16:15:00+00:00,14904.5,14950.75,14812.0,2022-02-10 16:56:00+00:00,14950.75,stop,-92.5,0.0,-92.5,92.5,-1.0
-1,1,2022-02-10 17:59:00+00:00,2022-02-10 18:00:00+00:00,14871.75,14964.75,14685.75,2022-02-10 20:32:00+00:00,14685.75,objetivo,372.0,0.0,372.0,186.0,2.0
-1,1,2022-02-14 18:44:00+00:00,2022-02-14 18:45:00+00:00,14279.5,14302.5,14233.5,2022-02-14 18:50:00+00:00,14233.5,objetivo,92.0,0.0,92.0,46.0,2.0
-1,1,2022-02-15 15:14:00+00:00,2022-02-15 15:15:00+00:00,14478.25,14520.25,14394.25,2022-02-15 15:41:00+00:00,14520.25,stop,-84.0,0.0,-84.0,84.0,-1.0
-1,1,2022-02-15 17:29:00+00:00,2022-02-15 17:30:00+00:00,14478.25,14522.0,14390.75,2022-02-15 18:21:00+00:00,14522.0,stop,-87.5,0.0,-87.5,87.5,-1.0
1,1,2022-02-15 18:29:00+00:00,2022-02-15 18:30:00+00:00,14533.75,14482.5,14636.25,2022-02-15 20:55:00+00:00,14594.25,tiempo,121.0,0.0,121.0,102.5,1.1804878048780487
1,1,2022-02-16 15:44:00+00:00,2022-02-16 15:45:00+00:00,14454.25,14415.25,14532.25,2022-02-16 17:31:00+00:00,14415.25,stop,-78.0,0.0,-78.0,78.0,-1.0
1,1,2022-02-16 19:14:00+00:00,2022-02-16 19:15:00+00:00,14464.25,14392.0,14608.75,2022-02-16 20:03:00+00:00,14608.75,objetivo,289.0,0.0,289.0,144.5,2.0
-1,1,2022-02-17 14:59:00+00:00,2022-02-17 15:00:00+00:00,14402.75,14481.0,14246.25,2022-02-17 19:45:00+00:00,14246.25,objetivo,313.0,0.0,313.0,156.5,2.0
1,1,2022-02-18 14:59:00+00:00,2022-02-18 15:00:00+00:00,14183.75,14092.75,14365.75,2022-02-18 15:22:00+00:00,14092.75,stop,-182.0,0.0,-182.0,182.0,-1.0
1,1,2022-02-18 19:29:00+00:00,2022-02-18 19:30:00+00:00,14083.25,13983.5,14282.75,2022-02-18 20:31:00+00:00,13983.5,stop,-199.5,0.0,-199.5,199.5,-1.0
1,1,2022-02-21 15:14:00+00:00,2022-02-21 15:15:00+00:00,13853.5,13813.0,13934.5,2022-02-21 15:48:00+00:00,13813.0,stop,-81.0,0.0,-81.0,81.0,-1.0
-1,1,2022-02-21 15:59:00+00:00,2022-02-21 16:00:00+00:00,13820.25,13856.75,13747.25,2022-02-21 17:56:00+00:00,13747.25,objetivo,146.0,0.0,146.0,73.0,2.0
-1,1,2022-02-22 15:59:00+00:00,2022-02-22 16:00:00+00:00,13943.75,14016.25,13798.75,2022-02-22 18:16:00+00:00,13798.75,objetivo,290.0,0.0,290.0,145.0,2.0
1,1,2022-02-22 19:59:00+00:00,2022-02-22 20:00:00+00:00,13926.5,13769.75,14240.0,2022-02-22 20:55:00+00:00,13832.0,tiempo,-189.0,0.0,-189.0,313.5,-0.6028708133971292
1,1,2022-02-23 17:29:00+00:00,2022-02-23 17:30:00+00:00,13853.5,13804.5,13951.5,2022-02-23 17:38:00+00:00,13804.5,stop,-98.0,0.0,-98.0,98.0,-1.0
-1,1,2022-02-23 17:44:00+00:00,2022-02-23 17:45:00+00:00,13814.0,13860.25,13721.5,2022-02-23 18:11:00+00:00,13721.5,objetivo,185.0,0.0,185.0,92.5,2.0
1,1,2022-02-25 15:29:00+00:00,2022-02-25 15:30:00+00:00,13990.75,13868.25,14235.75,2022-02-25 20:55:00+00:00,14171.25,tiempo,361.0,0.0,361.0,245.0,1.473469387755102
1,1,2022-02-28 14:59:00+00:00,2022-02-28 15:00:00+00:00,14144.25,14038.75,14355.25,2022-02-28 15:14:00+00:00,14038.75,stop,-211.0,0.0,-211.0,211.0,-1.0
-1,1,2022-02-28 15:14:00+00:00,2022-02-28 15:15:00+00:00,14048.75,14157.25,13831.75,2022-02-28 15:38:00+00:00,14157.25,stop,-217.0,0.0,-217.0,217.0,-1.0
-1,1,2022-02-28 17:29:00+00:00,2022-02-28 17:30:00+00:00,14149.5,14173.75,14101.0,2022-02-28 17:40:00+00:00,14101.0,objetivo,97.0,0.0,97.0,48.5,2.0
1,1,2022-02-28 18:14:00+00:00,2022-02-28 18:15:00+00:00,14161.75,14102.75,14279.75,2022-02-28 18:18:00+00:00,14102.75,stop,-118.0,0.0,-118.0,118.0,-1.0
-1,1,2022-02-28 18:29:00+00:00,2022-02-28 18:30:00+00:00,14119.0,14166.25,14024.5,2022-02-28 18:51:00+00:00,14166.25,stop,-94.5,0.0,-94.5,94.5,-1.0
1,1,2022-03-01 15:29:00+00:00,2022-03-01 15:30:00+00:00,14242.75,14174.0,14380.25,2022-03-01 15:43:00+00:00,14174.0,stop,-137.5,0.0,-137.5,137.5,-1.0
-1,1,2022-03-01 15:44:00+00:00,2022-03-01 15:45:00+00:00,14156.5,14270.75,13928.0,2022-03-01 20:46:00+00:00,13928.0,objetivo,457.0,0.0,457.0,228.5,2.0
-1,1,2022-03-02 15:14:00+00:00,2022-03-02 15:15:00+00:00,13971.0,14104.75,13703.5,2022-03-02 15:29:00+00:00,14104.75,stop,-267.5,0.0,-267.5,267.5,-1.0
1,1,2022-03-02 15:29:00+00:00,2022-03-02 15:30:00+00:00,14088.25,13951.0,14362.75,2022-03-02 20:55:00+00:00,14273.25,tiempo,370.0,0.0,370.0,274.5,1.3479052823315119
1,1,2022-03-03 18:29:00+00:00,2022-03-03 18:30:00+00:00,14177.5,14158.75,14215.0,2022-03-03 18:30:00+00:00,14158.75,stop,-37.5,0.0,-37.5,37.5,-1.0
-1,1,2022-03-03 18:44:00+00:00,2022-03-03 18:45:00+00:00,14123.5,14178.75,14013.0,2022-03-03 20:04:00+00:00,14013.0,objetivo,221.0,0.0,221.0,110.5,2.0
1,1,2022-03-04 14:59:00+00:00,2022-03-04 15:00:00+00:00,13922.75,13834.0,14100.25,2022-03-04 15:11:00+00:00,13834.0,stop,-177.5,0.0,-177.5,177.5,-1.0
-1,1,2022-03-04 15:14:00+00:00,2022-03-04 15:15:00+00:00,13818.5,13951.0,13553.5,2022-03-04 20:55:00+00:00,13827.75,tiempo,-18.5,0.0,-18.5,265.0,-0.06981132075471698
-1,1,2022-03-08 14:59:00+00:00,2022-03-08 15:00:00+00:00,13252.75,13374.0,13010.25,2022-03-08 17:10:00+00:00,13374.0,stop,-242.5,0.0,-242.5,242.5,-1.0
1,1,2022-03-08 17:14:00+00:00,2022-03-08 17:15:00+00:00,13458.0,13213.0,13948.0,2022-03-08 20:55:00+00:00,13305.25,tiempo,-305.5,0.0,-305.5,490.0,-0.6234693877551021
1,1,2022-03-09 14:59:00+00:00,2022-03-09 15:00:00+00:00,13568.5,13496.0,13713.5,2022-03-09 17:35:00+00:00,13713.5,objetivo,290.0,0.0,290.0,145.0,2.0
-1,1,2022-03-10 15:29:00+00:00,2022-03-10 15:30:00+00:00,13517.5,13611.75,13329.0,2022-03-10 19:05:00+00:00,13611.75,stop,-188.5,0.0,-188.5,188.5,-1.0
-1,1,2022-03-14 13:59:00+00:00,2022-03-14 14:00:00+00:00,13274.75,13340.75,13142.75,2022-03-14 14:08:00+00:00,13340.75,stop,-132.0,0.0,-132.0,132.0,-1.0
1,1,2022-03-14 14:14:00+00:00,2022-03-14 14:15:00+00:00,13373.5,13236.0,13648.5,2022-03-14 15:36:00+00:00,13236.0,stop,-275.0,0.0,-275.0,275.0,-1.0
-1,1,2022-03-17 14:44:00+00:00,2022-03-17 14:45:00+00:00,13905.5,13955.75,13805.0,2022-03-17 16:21:00+00:00,13955.75,stop,-100.5,0.0,-100.5,100.5,-1.0
-1,1,2022-03-21 13:59:00+00:00,2022-03-21 14:00:00+00:00,14303.0,14447.0,14015.0,2022-03-21 15:58:00+00:00,14447.0,stop,-288.0,0.0,-288.0,288.0,-1.0
-1,1,2022-03-21 16:44:00+00:00,2022-03-21 16:45:00+00:00,14335.75,14408.5,14190.25,2022-03-21 17:19:00+00:00,14190.25,objetivo,291.0,0.0,291.0,145.5,2.0
1,1,2022-03-21 18:29:00+00:00,2022-03-21 18:30:00+00:00,14324.75,14238.5,14497.25,2022-03-21 19:55:00+00:00,14340.0,tiempo,30.5,0.0,30.5,172.5,0.17681159420289855
-1,1,2022-03-23 13:59:00+00:00,2022-03-23 14:00:00+00:00,14492.25,14523.5,14429.75,2022-03-23 14:07:00+00:00,14523.5,stop,-62.5,0.0,-62.5,62.5,-1.0
1,1,2022-03-23 14:14:00+00:00,2022-03-23 14:15:00+00:00,14563.5,14462.75,14765.0,2022-03-23 19:51:00+00:00,14462.75,stop,-201.5,0.0,-201.5,201.5,-1.0
-1,1,2022-03-24 13:59:00+00:00,2022-03-24 14:00:00+00:00,14481.0,14548.0,14347.0,2022-03-24 14:05:00+00:00,14548.0,stop,-134.0,0.0,-134.0,134.0,-1.0
1,1,2022-03-24 14:14:00+00:00,2022-03-24 14:15:00+00:00,14513.5,14480.75,14579.0,2022-03-24 14:17:00+00:00,14480.75,stop,-65.5,0.0,-65.5,65.5,-1.0
-1,1,2022-03-24 14:29:00+00:00,2022-03-24 14:30:00+00:00,14453.0,14516.5,14326.0,2022-03-24 14:35:00+00:00,14516.5,stop,-127.0,0.0,-127.0,127.0,-1.0
1,1,2022-03-24 14:44:00+00:00,2022-03-24 14:45:00+00:00,14519.0,14433.5,14690.0,2022-03-24 19:09:00+00:00,14690.0,objetivo,342.0,0.0,342.0,171.0,2.0
1,1,2022-03-25 14:29:00+00:00,2022-03-25 14:30:00+00:00,14744.25,14695.25,14842.25,2022-03-25 15:08:00+00:00,14695.25,stop,-98.0,0.0,-98.0,98.0,-1.0
1,1,2022-03-25 17:59:00+00:00,2022-03-25 18:00:00+00:00,14716.25,14662.0,14824.75,2022-03-25 19:22:00+00:00,14662.0,stop,-108.5,0.0,-108.5,108.5,-1.0
-1,1,2022-03-28 14:14:00+00:00,2022-03-28 14:15:00+00:00,14838.25,14890.75,14733.25,2022-03-28 15:49:00+00:00,14733.25,objetivo,210.0,0.0,210.0,105.0,2.0
1,1,2022-03-28 17:29:00+00:00,2022-03-28 17:30:00+00:00,14838.25,14795.5,14923.75,2022-03-28 18:58:00+00:00,14923.75,objetivo,171.0,0.0,171.0,85.5,2.0
1,1,2022-03-29 14:59:00+00:00,2022-03-29 15:00:00+00:00,15128.75,15077.0,15232.25,2022-03-29 19:04:00+00:00,15232.25,objetivo,207.0,0.0,207.0,103.5,2.0
-1,1,2022-03-30 14:59:00+00:00,2022-03-30 15:00:00+00:00,15157.5,15219.75,15033.0,2022-03-30 19:20:00+00:00,15033.0,objetivo,249.0,0.0,249.0,124.5,2.0
1,1,2022-03-31 13:59:00+00:00,2022-03-31 14:00:00+00:00,15026.25,14980.25,15118.25,2022-03-31 14:00:00+00:00,14980.25,stop,-92.0,0.0,-92.0,92.0,-1.0
-1,1,2022-03-31 16:14:00+00:00,2022-03-31 16:15:00+00:00,15003.5,15053.5,14903.5,2022-03-31 19:01:00+00:00,15053.5,stop,-100.0,0.0,-100.0,100.0,-1.0
1,1,2022-04-01 14:14:00+00:00,2022-04-01 14:15:00+00:00,14875.0,14806.5,15012.0,2022-04-01 15:35:00+00:00,14806.5,stop,-137.0,0.0,-137.0,137.0,-1.0
1,1,2022-04-01 18:44:00+00:00,2022-04-01 18:45:00+00:00,14842.5,14821.5,14884.5,2022-04-01 18:50:00+00:00,14821.5,stop,-42.0,0.0,-42.0,42.0,-1.0
-1,1,2022-04-01 18:59:00+00:00,2022-04-01 19:00:00+00:00,14814.0,14856.5,14729.0,2022-04-01 19:55:00+00:00,14844.5,tiempo,-61.0,0.0,-61.0,85.0,-0.7176470588235294
1,1,2022-04-06 17:44:00+00:00,2022-04-06 17:45:00+00:00,14539.0,14475.75,14665.5,2022-04-06 18:09:00+00:00,14475.75,stop,-126.5,0.0,-126.5,126.5,-1.0
-1,1,2022-04-06 18:14:00+00:00,2022-04-06 18:15:00+00:00,14443.0,14634.25,14060.5,2022-04-06 19:02:00+00:00,14634.25,stop,-382.5,0.0,-382.5,382.5,-1.0
1,1,2022-04-07 13:59:00+00:00,2022-04-07 14:00:00+00:00,14559.5,14462.0,14754.5,2022-04-07 14:40:00+00:00,14462.0,stop,-195.0,0.0,-195.0,195.0,-1.0
1,1,2022-04-07 17:59:00+00:00,2022-04-07 18:00:00+00:00,14497.75,14423.75,14645.75,2022-04-07 19:55:00+00:00,14560.5,tiempo,125.5,0.0,125.5,148.0,0.847972972972973
1,1,2022-04-08 14:29:00+00:00,2022-04-08 14:30:00+00:00,14406.5,14332.5,14554.5,2022-04-08 19:50:00+00:00,14332.5,stop,-148.0,0.0,-148.0,148.0,-1.0
-1,1,2022-04-11 13:59:00+00:00,2022-04-11 14:00:00+00:00,14138.25,14197.0,14020.75,2022-04-11 19:33:00+00:00,14020.75,objetivo,235.0,0.0,235.0,117.5,2.0
-1,1,2022-04-12 14:29:00+00:00,2022-04-12 14:30:00+00:00,14189.5,14255.75,14057.0,2022-04-12 17:41:00+00:00,14057.0,objetivo,265.0,0.0,265.0,132.5,2.0
-1,1,2022-04-18 13:59:00+00:00,2022-04-18 14:00:00+00:00,13866.5,13903.75,13792.0,2022-04-18 14:01:00+00:00,13903.75,stop,-74.5,0.0,-74.5,74.5,-1.0
1,1,2022-04-18 14:14:00+00:00,2022-04-18 14:15:00+00:00,13945.25,13835.25,14165.25,2022-04-18 16:10:00+00:00,13835.25,stop,-220.0,0.0,-220.0,220.0,-1.0
1,1,2022-04-18 17:44:00+00:00,2022-04-18 17:45:00+00:00,13946.25,13853.75,14131.25,2022-04-18 19:36:00+00:00,13853.75,stop,-185.0,0.0,-185.0,185.0,-1.0
1,1,2022-04-20 14:59:00+00:00,2022-04-20 15:00:00+00:00,14127.0,14104.25,14172.5,2022-04-20 15:00:00+00:00,14104.25,stop,-45.5,0.0,-45.5,45.5,-1.0
-1,1,2022-04-20 15:14:00+00:00,2022-04-20 15:15:00+00:00,14062.75,14130.75,13926.75,2022-04-20 19:55:00+00:00,14005.75,tiempo,114.0,0.0,114.0,136.0,0.8382352941176471
-1,1,2022-04-21 13:59:00+00:00,2022-04-21 14:00:00+00:00,14205.25,14281.5,14052.75,2022-04-21 15:32:00+00:00,14052.75,objetivo,305.0,0.0,305.0,152.5,2.0
1,1,2022-04-25 14:14:00+00:00,2022-04-25 14:15:00+00:00,13302.0,13245.25,13415.5,2022-04-25 14:30:00+00:00,13415.5,objetivo,227.0,0.0,227.0,113.5,2.0
-1,1,2022-04-25 14:59:00+00:00,2022-04-25 15:00:00+00:00,13328.5,13428.0,13129.5,2022-04-25 18:21:00+00:00,13428.0,stop,-199.0,0.0,-199.0,199.0,-1.0
1,1,2022-04-26 16:59:00+00:00,2022-04-26 17:00:00+00:00,13218.0,13157.0,13340.0,2022-04-26 17:02:00+00:00,13157.0,stop,-122.0,0.0,-122.0,122.0,-1.0
-1,1,2022-04-26 17:14:00+00:00,2022-04-26 17:15:00+00:00,13126.5,13219.5,12940.5,2022-04-26 19:55:00+00:00,13033.75,tiempo,185.5,0.0,185.5,186.0,0.9973118279569892
-1,1,2022-04-27 14:14:00+00:00,2022-04-27 14:15:00+00:00,13005.75,13223.0,12571.25,2022-04-27 16:43:00+00:00,13223.0,stop,-434.5,0.0,-434.5,434.5,-1.0
-1,1,2022-04-27 18:59:00+00:00,2022-04-27 19:00:00+00:00,13048.75,13164.0,12818.25,2022-04-27 19:55:00+00:00,13007.25,tiempo,83.0,0.0,83.0,230.5,0.3600867678958785
1,1,2022-04-28 15:14:00+00:00,2022-04-28 15:15:00+00:00,13191.5,13090.5,13393.5,2022-04-28 17:10:00+00:00,13393.5,objetivo,404.0,0.0,404.0,202.0,2.0
1,1,2022-04-29 13:59:00+00:00,2022-04-29 14:00:00+00:00,13422.75,13258.75,13750.75,2022-04-29 14:19:00+00:00,13258.75,stop,-328.0,0.0,-328.0,328.0,-1.0
-1,1,2022-04-29 14:29:00+00:00,2022-04-29 14:30:00+00:00,13230.75,13384.25,12923.75,2022-04-29 19:45:00+00:00,12923.75,objetivo,614.0,0.0,614.0,307.0,2.0
-1,1,2022-05-02 14:14:00+00:00,2022-05-02 14:15:00+00:00,12821.0,12948.5,12566.0,2022-05-02 14:26:00+00:00,12948.5,stop,-255.0,0.0,-255.0,255.0,-1.0
1,1,2022-05-02 14:29:00+00:00,2022-05-02 14:30:00+00:00,12983.0,12809.25,13330.5,2022-05-02 16:58:00+00:00,12809.25,stop,-347.5,0.0,-347.5,347.5,-1.0
1,1,2022-05-03 13:59:00+00:00,2022-05-03 14:00:00+00:00,13112.0,12968.5,13399.0,2022-05-03 19:55:00+00:00,13083.5,tiempo,-57.0,0.0,-57.0,287.0,-0.1986062717770035
1,1,2022-05-04 16:29:00+00:00,2022-05-04 16:30:00+00:00,13058.0,12954.0,13266.0,2022-05-04 18:34:00+00:00,12954.0,stop,-208.0,0.0,-208.0,208.0,-1.0
1,1,2022-05-06 14:14:00+00:00,2022-05-06 14:15:00+00:00,12672.75,12542.5,12933.25,2022-05-06 19:55:00+00:00,12695.0,tiempo,44.5,0.0,44.5,260.5,0.1708253358925144
-1,1,2022-05-09 13:59:00+00:00,2022-05-09 14:00:00+00:00,12451.75,12513.5,12328.25,2022-05-09 14:32:00+00:00,12328.25,objetivo,247.0,0.0,247.0,123.5,2.0
1,1,2022-05-09 16:14:00+00:00,2022-05-09 16:15:00+00:00,12391.75,12272.0,12631.25,2022-05-09 17:11:00+00:00,12272.0,stop,-239.5,0.0,-239.5,239.5,-1.0
1,1,2022-05-10 13:59:00+00:00,2022-05-10 14:00:00+00:00,12463.75,12336.25,12718.75,2022-05-10 14:41:00+00:00,12336.25,stop,-255.0,0.0,-255.0,255.0,-1.0
1,1,2022-05-10 17:29:00+00:00,2022-05-10 17:30:00+00:00,12346.0,12243.25,12551.5,2022-05-10 19:55:00+00:00,12359.75,tiempo,27.5,0.0,27.5,205.5,0.13381995133819952
-1,1,2022-05-11 14:59:00+00:00,2022-05-11 15:00:00+00:00,12306.75,12414.25,12091.75,2022-05-11 17:05:00+00:00,12091.75,objetivo,430.0,0.0,430.0,215.0,2.0
-1,1,2022-05-12 13:59:00+00:00,2022-05-12 14:00:00+00:00,11795.25,11907.75,11570.25,2022-05-12 14:09:00+00:00,11907.75,stop,-225.0,0.0,-225.0,225.0,-1.0
1,1,2022-05-12 14:14:00+00:00,2022-05-12 14:15:00+00:00,11933.0,11742.75,12313.5,2022-05-12 17:48:00+00:00,11742.75,stop,-380.5,0.0,-380.5,380.5,-1.0
-1,1,2022-05-13 18:14:00+00:00,2022-05-13 18:15:00+00:00,12241.0,12305.5,12112.0,2022-05-13 18:31:00+00:00,12305.5,stop,-129.0,0.0,-129.0,129.0,-1.0
1,1,2022-05-13 18:59:00+00:00,2022-05-13 19:00:00+00:00,12349.5,12266.0,12516.5,2022-05-13 19:55:00+00:00,12360.25,tiempo,21.5,0.0,21.5,167.0,0.12874251497005987
1,1,2022-05-16 14:14:00+00:00,2022-05-16 14:15:00+00:00,12300.75,12203.5,12495.25,2022-05-16 15:00:00+00:00,12203.5,stop,-194.5,0.0,-194.5,194.5,-1.0
1,1,2022-05-16 15:44:00+00:00,2022-05-16 15:45:00+00:00,12283.5,12197.75,12455.0,2022-05-16 19:55:00+00:00,12245.25,tiempo,-76.5,0.0,-76.5,171.5,-0.446064139941691
-1,1,2022-05-17 13:59:00+00:00,2022-05-17 14:00:00+00:00,12444.75,12528.75,12276.75,2022-05-17 18:08:00+00:00,12528.75,stop,-168.0,0.0,-168.0,168.0,-1.0
-1,1,2022-05-17 18:14:00+00:00,2022-05-17 18:15:00+00:00,12446.25,12535.5,12267.75,2022-05-17 18:49:00+00:00,12535.5,stop,-178.5,0.0,-178.5,178.5,-1.0
1,1,2022-05-18 14:14:00+00:00,2022-05-18 14:15:00+00:00,12347.25,12294.0,12453.75,2022-05-18 14:30:00+00:00,12294.0,stop,-106.5,0.0,-106.5,106.5,-1.0
1,1,2022-05-19 13:59:00+00:00,2022-05-19 14:00:00+00:00,11893.0,11795.25,12088.5,2022-05-19 19:55:00+00:00,11878.5,tiempo,-29.0,0.0,-29.0,195.5,-0.1483375959079284
-1,1,2022-05-20 13:59:00+00:00,2022-05-20 14:00:00+00:00,11995.75,12045.75,11895.75,2022-05-20 14:09:00+00:00,11895.75,objetivo,200.0,0.0,200.0,100.0,2.0
-1,1,2022-05-23 13:59:00+00:00,2022-05-23 14:00:00+00:00,11853.25,11977.5,11604.75,2022-05-23 15:32:00+00:00,11977.5,stop,-248.5,0.0,-248.5,248.5,-1.0
1,1,2022-05-24 15:59:00+00:00,2022-05-24 16:00:00+00:00,11706.75,11664.75,11790.75,2022-05-24 16:15:00+00:00,11790.75,objetivo,168.0,0.0,168.0,84.0,2.0
-1,1,2022-05-24 16:44:00+00:00,2022-05-24 16:45:00+00:00,11672.5,11741.75,11534.0,2022-05-24 17:41:00+00:00,11741.75,stop,-138.5,0.0,-138.5,138.5,-1.0
1,1,2022-05-24 17:44:00+00:00,2022-05-24 17:45:00+00:00,11735.5,11651.0,11904.5,2022-05-24 18:55:00+00:00,11651.0,stop,-169.0,0.0,-169.0,169.0,-1.0
-1,1,2022-05-24 18:59:00+00:00,2022-05-24 19:00:00+00:00,11679.0,11706.0,11625.0,2022-05-24 19:03:00+00:00,11706.0,stop,-54.0,0.0,-54.0,54.0,-1.0
-1,1,2022-05-25 16:29:00+00:00,2022-05-25 16:30:00+00:00,11811.5,11865.0,11704.5,2022-05-25 17:37:00+00:00,11865.0,stop,-107.0,0.0,-107.0,107.0,-1.0
1,1,2022-05-25 17:44:00+00:00,2022-05-25 17:45:00+00:00,11857.0,11822.5,11926.0,2022-05-25 18:02:00+00:00,11926.0,objetivo,138.0,0.0,138.0,69.0,2.0
1,1,2022-05-27 13:59:00+00:00,2022-05-27 14:00:00+00:00,12519.5,12449.0,12660.5,2022-05-27 19:55:00+00:00,12649.25,tiempo,259.5,0.0,259.5,141.0,1.8404255319148937
1,1,2022-05-30 13:59:00+00:00,2022-05-30 14:00:00+00:00,12772.5,12756.0,12805.5,2022-05-30 14:11:00+00:00,12756.0,stop,-33.0,0.0,-33.0,33.0,-1.0
-1,1,2022-05-30 14:14:00+00:00,2022-05-30 14:15:00+00:00,12750.75,12776.25,12699.75,2022-05-30 14:47:00+00:00,12776.25,stop,-51.0,0.0,-51.0,51.0,-1.0
1,1,2022-05-31 14:29:00+00:00,2022-05-31 14:30:00+00:00,12567.0,12522.0,12657.0,2022-05-31 15:48:00+00:00,12657.0,objetivo,180.0,0.0,180.0,90.0,2.0
-1,1,2022-05-31 18:59:00+00:00,2022-05-31 19:00:00+00:00,12632.0,12681.0,12534.0,2022-05-31 19:15:00+00:00,12681.0,stop,-98.0,0.0,-98.0,98.0,-1.0
-1,1,2022-06-01 14:14:00+00:00,2022-06-01 14:15:00+00:00,12691.0,12819.75,12433.5,2022-06-01 19:55:00+00:00,12575.5,tiempo,231.0,0.0,231.0,257.5,0.8970873786407767
-1,1,2022-06-02 14:29:00+00:00,2022-06-02 14:30:00+00:00,12526.25,12623.0,12332.75,2022-06-02 15:01:00+00:00,12623.0,stop,-193.5,0.0,-193.5,193.5,-1.0
1,1,2022-06-03 13:59:00+00:00,2022-06-03 14:00:00+00:00,12692.25,12609.25,12858.25,2022-06-03 14:36:00+00:00,12609.25,stop,-166.0,0.0,-166.0,166.0,-1.0
1,1,2022-06-06 13:59:00+00:00,2022-06-06 14:00:00+00:00,12749.75,12673.5,12902.25,2022-06-06 15:16:00+00:00,12673.5,stop,-152.5,0.0,-152.5,152.5,-1.0
-1,1,2022-06-08 14:14:00+00:00,2022-06-08 14:15:00+00:00,12700.0,12774.0,12552.0,2022-06-08 15:18:00+00:00,12774.0,stop,-148.0,0.0,-148.0,148.0,-1.0
-1,1,2022-06-08 15:59:00+00:00,2022-06-08 16:00:00+00:00,12726.0,12752.0,12674.0,2022-06-08 16:27:00+00:00,12674.0,objetivo,104.0,0.0,104.0,52.0,2.0
-1,1,2022-06-08 16:29:00+00:00,2022-06-08 16:30:00+00:00,12689.5,12732.25,12604.0,2022-06-08 17:31:00+00:00,12604.0,objetivo,171.0,0.0,171.0,85.5,2.0
1,1,2022-06-09 13:59:00+00:00,2022-06-09 14:00:00+00:00,12639.5,12518.75,12881.0,2022-06-09 17:36:00+00:00,12518.75,stop,-241.5,0.0,-241.5,241.5,-1.0
-1,1,2022-06-10 13:59:00+00:00,2022-06-10 14:00:00+00:00,11958.75,12064.0,11748.25,2022-06-10 19:55:00+00:00,11867.25,tiempo,183.0,0.0,183.0,210.5,0.8693586698337292
-1,1,2022-06-13 13:59:00+00:00,2022-06-13 14:00:00+00:00,11484.25,11556.0,11340.75,2022-06-13 15:01:00+00:00,11340.75,objetivo,287.0,0.0,287.0,143.5,2.0
1,1,2022-06-13 16:29:00+00:00,2022-06-13 16:30:00+00:00,11441.5,11411.0,11502.5,2022-06-13 16:37:00+00:00,11502.5,objetivo,122.0,0.0,122.0,61.0,2.0
-1,1,2022-06-13 16:59:00+00:00,2022-06-13 17:00:00+00:00,11418.0,11483.75,11286.5,2022-06-13 19:30:00+00:00,11286.5,objetivo,263.0,0.0,263.0,131.5,2.0
1,1,2022-06-14 13:59:00+00:00,2022-06-14 14:00:00+00:00,11376.0,11263.75,11600.5,2022-06-14 14:20:00+00:00,11263.75,stop,-224.5,0.0,-224.5,224.5,-1.0
1,1,2022-06-14 15:44:00+00:00,2022-06-14 15:45:00+00:00,11337.5,11277.5,11457.5,2022-06-14 16:38:00+00:00,11277.5,stop,-120.0,0.0,-120.0,120.0,-1.0
1,1,2022-06-14 16:59:00+00:00,2022-06-14 17:00:00+00:00,11327.25,11292.5,11396.75,2022-06-14 17:17:00+00:00,11396.75,objetivo,139.0,0.0,139.0,69.5,2.0
-1,1,2022-06-14 17:44:00+00:00,2022-06-14 17:45:00+00:00,11307.75,11374.5,11174.25,2022-06-14 19:55:00+00:00,11316.75,tiempo,-18.0,0.0,-18.0,133.5,-0.1348314606741573
-1,1,2022-06-17 14:14:00+00:00,2022-06-17 14:15:00+00:00,11275.0,11320.25,11184.5,2022-06-17 14:22:00+00:00,11184.5,objetivo,181.0,0.0,181.0,90.5,2.0
1,1,2022-06-17 15:14:00+00:00,2022-06-17 15:15:00+00:00,11233.0,11138.25,11422.5,2022-06-17 19:55:00+00:00,11315.5,tiempo,165.0,0.0,165.0,189.5,0.8707124010554089
1,1,2022-06-20 13:59:00+00:00,2022-06-20 14:00:00+00:00,11363.5,11333.0,11424.5,2022-06-20 16:06:00+00:00,11424.5,objetivo,122.0,0.0,122.0,61.0,2.0
-1,1,2022-06-21 15:59:00+00:00,2022-06-21 16:00:00+00:00,11606.75,11638.75,11542.75,2022-06-21 17:13:00+00:00,11638.75,stop,-64.0,0.0,-64.0,64.0,-1.0
-1,1,2022-06-21 17:29:00+00:00,2022-06-21 17:30:00+00:00,11614.25,11640.5,11561.75,2022-06-21 19:55:00+00:00,11599.0,tiempo,30.5,0.0,30.5,52.5,0.580952380952381
-1,1,2022-06-22 15:59:00+00:00,2022-06-22 16:00:00+00:00,11587.5,11644.5,11473.5,2022-06-22 16:36:00+00:00,11644.5,stop,-114.0,0.0,-114.0,114.0,-1.0
1,1,2022-06-22 16:44:00+00:00,2022-06-22 16:45:00+00:00,11639.25,11609.0,11699.75,2022-06-22 18:08:00+00:00,11699.75,objetivo,121.0,0.0,121.0,60.5,2.0
1,1,2022-06-23 13:59:00+00:00,2022-06-23 14:00:00+00:00,11645.75,11543.0,11851.25,2022-06-23 19:55:00+00:00,11729.0,tiempo,166.5,0.0,166.5,205.5,0.8102189781021898
1,1,2022-06-27 14:44:00+00:00,2022-06-27 14:45:00+00:00,12093.0,12032.75,12213.5,2022-06-27 17:45:00+00:00,12032.75,stop,-120.5,0.0,-120.5,120.5,-1.0
-1,1,2022-06-28 13:59:00+00:00,2022-06-28 14:00:00+00:00,12102.75,12159.75,11988.75,2022-06-28 14:31:00+00:00,11988.75,objetivo,228.0,0.0,228.0,114.0,2.0
1,1,2022-06-29 13:59:00+00:00,2022-06-29 14:00:00+00:00,11688.75,11564.5,11937.25,2022-06-29 19:55:00+00:00,11674.0,tiempo,-29.5,0.0,-29.5,248.5,-0.11871227364185111
1,1,2022-06-30 14:59:00+00:00,2022-06-30 15:00:00+00:00,11487.75,11409.0,11645.25,2022-06-30 16:25:00+00:00,11645.25,objetivo,315.0,0.0,315.0,157.5,2.0
1,1,2022-07-01 13:59:00+00:00,2022-07-01 14:00:00+00:00,11561.25,11469.75,11744.25,2022-07-01 14:17:00+00:00,11469.75,stop,-183.0,0.0,-183.0,183.0,-1.0
1,1,2022-07-01 15:14:00+00:00,2022-07-01 15:15:00+00:00,11494.75,11426.0,11632.25,2022-07-01 19:55:00+00:00,11600.25,tiempo,211.0,0.0,211.0,137.5,1.5345454545454544
1,1,2022-07-04 15:14:00+00:00,2022-07-04 15:15:00+00:00,11562.5,11544.5,11598.5,2022-07-04 16:59:00+00:00,11554.0,fin_de_datos,-17.0,0.0,-17.0,36.0,-0.4722222222222222
1,1,2022-07-05 13:59:00+00:00,2022-07-05 14:00:00+00:00,11448.25,11400.25,11544.25,2022-07-05 14:36:00+00:00,11544.25,objetivo,192.0,0.0,192.0,96.0,2.0
-1,1,2022-07-06 14:14:00+00:00,2022-07-06 14:15:00+00:00,11795.0,11876.25,11632.5,2022-07-06 18:05:00+00:00,11876.25,stop,-162.5,0.0,-162.5,162.5,-1.0
-1,1,2022-07-08 13:59:00+00:00,2022-07-08 14:00:00+00:00,12006.25,12075.5,11867.75,2022-07-08 14:24:00+00:00,12075.5,stop,-138.5,0.0,-138.5,138.5,-1.0
-1,1,2022-07-08 16:29:00+00:00,2022-07-08 16:30:00+00:00,12088.0,12153.5,11957.0,2022-07-08 18:20:00+00:00,12153.5,stop,-131.0,0.0,-131.0,131.0,-1.0
1,1,2022-07-11 14:44:00+00:00,2022-07-11 14:45:00+00:00,11952.0,11907.0,12042.0,2022-07-11 15:00:00+00:00,11907.0,stop,-90.0,0.0,-90.0,90.0,-1.0
1,1,2022-07-11 15:14:00+00:00,2022-07-11 15:15:00+00:00,11946.0,11900.25,12037.5,2022-07-11 15:52:00+00:00,11900.25,stop,-91.5,0.0,-91.5,91.5,-1.0
1,1,2022-07-11 16:14:00+00:00,2022-07-11 16:15:00+00:00,11929.0,11901.25,11984.5,2022-07-11 17:31:00+00:00,11984.5,objetivo,111.0,0.0,111.0,55.5,2.0
-1,1,2022-07-11 18:59:00+00:00,2022-07-11 19:00:00+00:00,11905.75,11952.25,11812.75,2022-07-11 19:55:00+00:00,11867.0,tiempo,77.5,0.0,77.5,93.0,0.8333333333333334
1,1,2022-07-12 15:14:00+00:00,2022-07-12 15:15:00+00:00,11909.5,11853.0,12022.5,2022-07-12 18:34:00+00:00,11853.0,stop,-113.0,0.0,-113.0,113.0,-1.0
1,1,2022-07-14 14:59:00+00:00,2022-07-14 15:00:00+00:00,11583.25,11546.5,11656.75,2022-07-14 15:22:00+00:00,11656.75,objetivo,147.0,0.0,147.0,73.5,2.0
1,1,2022-07-15 14:14:00+00:00,2022-07-15 14:15:00+00:00,11932.0,11901.5,11993.0,2022-07-15 14:21:00+00:00,11901.5,stop,-61.0,0.0,-61.0,61.0,-1.0
-1,1,2022-07-15 14:44:00+00:00,2022-07-15 14:45:00+00:00,11930.25,11974.0,11842.75,2022-07-15 15:09:00+00:00,11974.0,stop,-87.5,0.0,-87.5,87.5,-1.0
-1,1,2022-07-15 16:14:00+00:00,2022-07-15 16:15:00+00:00,11938.75,11968.25,11879.75,2022-07-15 17:26:00+00:00,11968.25,stop,-59.0,0.0,-59.0,59.0,-1.0
-1,1,2022-07-18 14:14:00+00:00,2022-07-18 14:15:00+00:00,12124.5,12183.5,12006.5,2022-07-18 16:06:00+00:00,12183.5,stop,-118.0,0.0,-118.0,118.0,-1.0
-1,1,2022-07-18 17:14:00+00:00,2022-07-18 17:15:00+00:00,12140.0,12149.5,12121.0,2022-07-18 17:18:00+00:00,12121.0,objetivo,38.0,0.0,38.0,19.0,2.0
1,1,2022-07-19 13:59:00+00:00,2022-07-19 14:00:00+00:00,12066.75,11993.0,12214.25,2022-07-19 17:33:00+00:00,12214.25,objetivo,295.0,0.0,295.0,147.5,2.0
-1,1,2022-07-20 13:59:00+00:00,2022-07-20 14:00:00+00:00,12285.75,12351.75,12153.75,2022-07-20 14:23:00+00:00,12351.75,stop,-132.0,0.0,-132.0,132.0,-1.0
-1,1,2022-07-20 17:14:00+00:00,2022-07-20 17:15:00+00:00,12372.0,12465.25,12185.5,2022-07-20 19:02:00+00:00,12465.25,stop,-186.5,0.0,-186.5,186.5,-1.0
1,1,2022-07-21 13:59:00+00:00,2022-07-21 14:00:00+00:00,12497.5,12432.75,12627.0,2022-07-21 14:13:00+00:00,12432.75,stop,-129.5,0.0,-129.5,129.5,-1.0
-1,1,2022-07-21 14:14:00+00:00,2022-07-21 14:15:00+00:00,12418.25,12541.25,12172.25,2022-07-21 15:37:00+00:00,12541.25,stop,-246.0,0.0,-246.0,246.0,-1.0
-1,1,2022-07-22 13:59:00+00:00,2022-07-22 14:00:00+00:00,12579.75,12698.5,12342.25,2022-07-22 19:55:00+00:00,12401.25,tiempo,357.0,0.0,357.0,237.5,1.503157894736842
-1,1,2022-07-25 13:59:00+00:00,2022-07-25 14:00:00+00:00,12387.75,12424.0,12315.25,2022-07-25 14:25:00+00:00,12315.25,objetivo,145.0,0.0,145.0,72.5,2.0
1,1,2022-07-25 15:44:00+00:00,2022-07-25 15:45:00+00:00,12368.25,12355.25,12394.25,2022-07-25 15:51:00+00:00,12355.25,stop,-26.0,0.0,-26.0,26.0,-1.0
-1,1,2022-07-25 16:14:00+00:00,2022-07-25 16:15:00+00:00,12344.0,12384.5,12263.0,2022-07-25 16:41:00+00:00,12384.5,stop,-81.0,0.0,-81.0,81.0,-1.0
1,1,2022-07-25 16:44:00+00:00,2022-07-25 16:45:00+00:00,12384.75,12353.75,12446.75,2022-07-25 17:36:00+00:00,12353.75,stop,-62.0,0.0,-62.0,62.0,-1.0
1,1,2022-07-28 14:59:00+00:00,2022-07-28 15:00:00+00:00,12576.25,12491.25,12746.25,2022-07-28 19:03:00+00:00,12746.25,objetivo,340.0,0.0,340.0,170.0,2.0
-1,1,2022-07-29 15:14:00+00:00,2022-07-29 15:15:00+00:00,12848.0,12869.25,12805.5,2022-07-29 15:26:00+00:00,12805.5,objetivo,85.0,0.0,85.0,42.5,2.0
1,1,2022-07-29 15:59:00+00:00,2022-07-29 16:00:00+00:00,12860.0,12839.0,12902.0,2022-07-29 16:09:00+00:00,12839.0,stop,-42.0,0.0,-42.0,42.0,-1.0
-1,1,2022-07-29 16:14:00+00:00,2022-07-29 16:15:00+00:00,12846.25,12875.0,12788.75,2022-07-29 16:45:00+00:00,12875.0,stop,-57.5,0.0,-57.5,57.5,-1.0
-1,1,2022-08-01 16:59:00+00:00,2022-08-01 17:00:00+00:00,13010.75,13037.75,12956.75,2022-08-01 17:19:00+00:00,12956.75,objetivo,108.0,0.0,108.0,54.0,2.0
-1,1,2022-08-02 14:14:00+00:00,2022-08-02 14:15:00+00:00,12876.0,12915.0,12798.0,2022-08-02 14:30:00+00:00,12915.0,stop,-78.0,0.0,-78.0,78.0,-1.0
-1,1,2022-08-02 17:44:00+00:00,2022-08-02 17:45:00+00:00,12929.75,12989.75,12809.75,2022-08-02 18:32:00+00:00,12989.75,stop,-120.0,0.0,-120.0,120.0,-1.0
-1,1,2022-08-04 14:14:00+00:00,2022-08-04 14:15:00+00:00,13279.25,13333.5,13170.75,2022-08-04 19:13:00+00:00,13333.5,stop,-108.5,0.0,-108.5,108.5,-1.0
-1,1,2022-08-05 15:14:00+00:00,2022-08-05 15:15:00+00:00,13161.25,13229.5,13024.75,2022-08-05 17:11:00+00:00,13229.5,stop,-136.5,0.0,-136.5,136.5,-1.0
-1,1,2022-08-05 18:14:00+00:00,2022-08-05 18:15:00+00:00,13177.25,13197.0,13137.75,2022-08-05 18:21:00+00:00,13197.0,stop,-39.5,0.0,-39.5,39.5,-1.0
-1,1,2022-08-08 14:59:00+00:00,2022-08-08 15:00:00+00:00,13326.75,13382.5,13215.25,2022-08-08 15:43:00+00:00,13215.25,objetivo,223.0,0.0,223.0,111.5,2.0
-1,1,2022-08-09 13:59:00+00:00,2022-08-09 14:00:00+00:00,13002.0,13092.5,12821.0,2022-08-09 19:55:00+00:00,13033.75,tiempo,-63.5,0.0,-63.5,181.0,-0.35082872928176795
-1,1,2022-08-10 14:14:00+00:00,2022-08-10 14:15:00+00:00,13283.75,13334.75,13181.75,2022-08-10 14:51:00+00:00,13334.75,stop,-102.0,0.0,-102.0,102.0,-1.0
1,1,2022-08-11 13:59:00+00:00,2022-08-11 14:00:00+00:00,13494.0,13466.0,13550.0,2022-08-11 14:11:00+00:00,13550.0,objetivo,112.0,0.0,112.0,56.0,2.0
-1,1,2022-08-11 14:44:00+00:00,2022-08-11 14:45:00+00:00,13500.75,13548.75,13404.75,2022-08-11 15:11:00+00:00,13404.75,objetivo,192.0,0.0,192.0,96.0,2.0
-1,1,2022-08-12 14:44:00+00:00,2022-08-12 14:45:00+00:00,13405.5,13446.0,13324.5,2022-08-12 15:02:00+00:00,13446.0,stop,-81.0,0.0,-81.0,81.0,-1.0
1,1,2022-08-15 13:59:00+00:00,2022-08-15 14:00:00+00:00,13617.75,13551.25,13750.75,2022-08-15 14:20:00+00:00,13551.25,stop,-133.0,0.0,-133.0,133.0,-1.0
1,1,2022-08-15 15:29:00+00:00,2022-08-15 15:30:00+00:00,13591.75,13548.75,13677.75,2022-08-15 17:07:00+00:00,13677.75,objetivo,172.0,0.0,172.0,86.0,2.0
1,1,2022-08-16 15:14:00+00:00,2022-08-16 15:15:00+00:00,13598.75,13552.25,13691.75,2022-08-16 17:36:00+00:00,13691.75,objetivo,186.0,0.0,186.0,93.0,2.0
-1,1,2022-08-16 18:44:00+00:00,2022-08-16 18:45:00+00:00,13619.5,13711.5,13435.5,2022-08-16 19:55:00+00:00,13661.0,tiempo,-83.0,0.0,-83.0,184.0,-0.45108695652173914
1,1,2022-08-17 13:59:00+00:00,2022-08-17 14:00:00+00:00,13534.25,13488.25,13626.25,2022-08-17 14:12:00+00:00,13488.25,stop,-92.0,0.0,-92.0,92.0,-1.0
-1,1,2022-08-17 14:14:00+00:00,2022-08-17 14:15:00+00:00,13483.0,13558.5,13332.0,2022-08-17 18:03:00+00:00,13558.5,stop,-151.0,0.0,-151.0,151.0,-1.0
-1,1,2022-08-18 13:59:00+00:00,2022-08-18 14:00:00+00:00,13453.0,13502.25,13354.5,2022-08-18 14:40:00+00:00,13502.25,stop,-98.5,0.0,-98.5,98.5,-1.0
-1,1,2022-08-18 16:44:00+00:00,2022-08-18 16:45:00+00:00,13486.25,13522.5,13413.75,2022-08-18 17:07:00+00:00,13522.5,stop,-72.5,0.0,-72.5,72.5,-1.0
-1,1,2022-08-22 13:59:00+00:00,2022-08-22 14:00:00+00:00,13028.0,13067.75,12948.5,2022-08-22 15:12:00+00:00,12948.5,objetivo,159.0,0.0,159.0,79.5,2.0
1,1,2022-08-23 13:59:00+00:00,2022-08-23 14:00:00+00:00,12947.75,12867.5,13108.25,2022-08-23 19:55:00+00:00,12899.5,tiempo,-96.5,0.0,-96.5,160.5,-0.6012461059190031
-1,1,2022-08-24 17:29:00+00:00,2022-08-24 17:30:00+00:00,12913.25,12952.5,12834.75,2022-08-24 18:10:00+00:00,12952.5,stop,-78.5,0.0,-78.5,78.5,-1.0
-1,1,2022-08-24 18:44:00+00:00,2022-08-24 18:45:00+00:00,12927.5,12944.25,12894.0,2022-08-24 18:59:00+00:00,12944.25,stop,-33.5,0.0,-33.5,33.5,-1.0
1,1,2022-08-24 18:59:00+00:00,2022-08-24 19:00:00+00:00,12939.75,12914.25,12990.75,2022-08-24 19:55:00+00:00,12947.75,tiempo,16.0,0.0,16.0,51.0,0.3137254901960784
1,1,2022-08-25 13:59:00+00:00,2022-08-25 14:00:00+00:00,13044.0,12962.0,13208.0,2022-08-25 19:55:00+00:00,13141.25,tiempo,194.5,0.0,194.5,164.0,1.1859756097560976
1,1,2022-08-26 13:59:00+00:00,2022-08-26 14:00:00+00:00,13136.5,13084.75,13240.0,2022-08-26 14:01:00+00:00,13084.75,stop,-103.5,0.0,-103.5,103.5,-1.0
-1,1,2022-08-26 14:29:00+00:00,2022-08-26 14:30:00+00:00,12987.25,13148.5,12664.75,2022-08-26 19:36:00+00:00,12664.75,objetivo,645.0,0.0,645.0,322.5,2.0
-1,1,2022-08-29 13:59:00+00:00,2022-08-29 14:00:00+00:00,12534.0,12595.5,12411.0,2022-08-29 14:16:00+00:00,12595.5,stop,-123.0,0.0,-123.0,123.0,-1.0
1,1,2022-08-29 14:29:00+00:00,2022-08-29 14:30:00+00:00,12564.5,12543.5,12606.5,2022-08-29 14:33:00+00:00,12543.5,stop,-42.0,0.0,-42.0,42.0,-1.0
-1,1,2022-08-29 14:44:00+00:00,2022-08-29 14:45:00+00:00,12513.0,12584.5,12370.0,2022-08-29 16:52:00+00:00,12584.5,stop,-143.0,0.0,-143.0,143.0,-1.0
-1,1,2022-08-31 13:59:00+00:00,2022-08-31 14:00:00+00:00,12456.25,12513.0,12342.75,2022-08-31 15:01:00+00:00,12342.75,objetivo,227.0,0.0,227.0,113.5,2.0
-1,1,2022-09-01 14:14:00+00:00,2022-09-01 14:15:00+00:00,12115.25,12203.0,11939.75,2022-09-01 18:34:00+00:00,12203.0,stop,-175.5,0.0,-175.5,175.5,-1.0
1,1,2022-09-02 14:14:00+00:00,2022-09-02 14:15:00+00:00,12362.75,12272.5,12543.25,2022-09-02 16:36:00+00:00,12272.5,stop,-180.5,0.0,-180.5,180.5,-1.0
-1,1,2022-09-05 15:29:00+00:00,2022-09-05 15:30:00+00:00,12131.75,12149.75,12095.75,2022-09-05 16:03:00+00:00,12149.75,stop,-36.0,0.0,-36.0,36.0,-1.0
-1,1,2022-09-05 16:44:00+00:00,2022-09-05 16:45:00+00:00,12139.25,12166.5,12084.75,2022-09-05 16:59:00+00:00,12136.0,fin_de_datos,6.5,0.0,6.5,54.5,0.11926605504587157
1,1,2022-09-06 14:44:00+00:00,2022-09-06 14:45:00+00:00,12050.75,11968.5,12215.25,2022-09-06 17:51:00+00:00,11968.5,stop,-164.5,0.0,-164.5,164.5,-1.0
1,1,2022-09-06 18:14:00+00:00,2022-09-06 18:15:00+00:00,12050.75,12002.0,12148.25,2022-09-06 18:54:00+00:00,12002.0,stop,-97.5,0.0,-97.5,97.5,-1.0
-1,1,2022-09-07 13:59:00+00:00,2022-09-07 14:00:00+00:00,12079.0,12128.25,11980.5,2022-09-07 15:11:00+00:00,12128.25,stop,-98.5,0.0,-98.5,98.5,-1.0
1,1,2022-09-07 15:14:00+00:00,2022-09-07 15:15:00+00:00,12140.5,12059.5,12302.5,2022-09-07 19:27:00+00:00,12302.5,objetivo,324.0,0.0,324.0,162.0,2.0
-1,1,2022-09-08 16:14:00+00:00,2022-09-08 16:15:00+00:00,12174.5,12324.25,11875.0,2022-09-08 19:55:00+00:00,12302.5,tiempo,-256.0,0.0,-256.0,299.5,-0.8547579298831386
1,1,2022-09-09 13:59:00+00:00,2022-09-09 14:00:00+00:00,12503.0,12428.25,12652.5,2022-09-09 19:55:00+00:00,12603.5,tiempo,201.0,0.0,201.0,149.5,1.3444816053511706
-1,1,2022-09-12 14:59:00+00:00,2022-09-12 15:00:00+00:00,12703.5,12734.75,12641.0,2022-09-12 15:30:00+00:00,12734.75,stop,-62.5,0.0,-62.5,62.5,-1.0
-1,1,2022-09-12 15:59:00+00:00,2022-09-12 16:00:00+00:00,12662.5,12721.5,12544.5,2022-09-12 17:08:00+00:00,12721.5,stop,-118.0,0.0,-118.0,118.0,-1.0
-1,1,2022-09-12 18:29:00+00:00,2022-09-12 18:30:00+00:00,12692.5,12737.75,12602.0,2022-09-12 19:55:00+00:00,12724.0,tiempo,-63.0,0.0,-63.0,90.5,-0.6961325966850829
-1,1,2022-09-14 14:29:00+00:00,2022-09-14 14:30:00+00:00,12105.5,12202.25,11912.0,2022-09-14 14:43:00+00:00,12202.25,stop,-193.5,0.0,-193.5,193.5,-1.0
1,1,2022-09-14 14:44:00+00:00,2022-09-14 14:45:00+00:00,12198.0,12093.5,12407.0,2022-09-14 19:33:00+00:00,12093.5,stop,-209.0,0.0,-209.0,209.0,-1.0
-1,1,2022-09-15 14:29:00+00:00,2022-09-15 14:30:00+00:00,12111.5,12227.25,11880.0,2022-09-15 19:55:00+00:00,12000.0,tiempo,223.0,0.0,223.0,231.5,0.9632829373650108
1,1,2022-09-16 14:14:00+00:00,2022-09-16 14:15:00+00:00,11868.25,11788.0,12028.75,2022-09-16 16:27:00+00:00,11788.0,stop,-160.5,0.0,-160.5,160.5,-1.0
1,1,2022-09-16 16:59:00+00:00,2022-09-16 17:00:00+00:00,11842.0,11815.0,11896.0,2022-09-16 17:06:00+00:00,11815.0,stop,-54.0,0.0,-54.0,54.0,-1.0
-1,1,2022-09-16 17:14:00+00:00,2022-09-16 17:15:00+00:00,11808.5,11852.25,11721.0,2022-09-16 18:26:00+00:00,11852.25,stop,-87.5,0.0,-87.5,87.5,-1.0
1,1,2022-09-16 18:29:00+00:00,2022-09-16 18:30:00+00:00,11870.5,11812.25,11987.0,2022-09-16 19:55:00+00:00,11922.5,tiempo,104.0,0.0,104.0,116.5,0.8927038626609443
-1,1,2022-09-19 15:29:00+00:00,2022-09-19 15:30:00+00:00,11903.5,11978.5,11753.5,2022-09-19 19:03:00+00:00,11978.5,stop,-150.0,0.0,-150.0,150.0,-1.0
1,1,2022-09-20 13:59:00+00:00,2022-09-20 14:00:00+00:00,11921.0,11894.0,11975.0,2022-09-20 14:37:00+00:00,11894.0,stop,-54.0,0.0,-54.0,54.0,-1.0
-1,1,2022-09-20 16:44:00+00:00,2022-09-20 16:45:00+00:00,11943.25,11965.25,11899.25,2022-09-20 17:21:00+00:00,11899.25,objetivo,88.0,0.0,88.0,44.0,2.0
1,1,2022-09-21 13:59:00+00:00,2022-09-21 14:00:00+00:00,11970.25,11940.5,12029.75,2022-09-21 15:03:00+00:00,11940.5,stop,-59.5,0.0,-59.5,59.5,-1.0
1,1,2022-09-21 15:14:00+00:00,2022-09-21 15:15:00+00:00,11966.0,11938.75,12020.5,2022-09-21 17:57:00+00:00,12020.5,objetivo,109.0,0.0,109.0,54.5,2.0
-1,1,2022-09-21 18:14:00+00:00,2022-09-21 18:15:00+00:00,11798.0,12044.25,11305.5,2022-09-21 18:43:00+00:00,12044.25,stop,-492.5,0.0,-492.5,492.5,-1.0
1,1,2022-09-21 18:44:00+00:00,2022-09-21 18:45:00+00:00,12079.5,11811.5,12615.5,2022-09-21 19:31:00+00:00,11811.5,stop,-536.0,0.0,-536.0,536.0,-1.0
1,1,2022-09-22 14:14:00+00:00,2022-09-22 14:15:00+00:00,11636.75,11566.25,11777.75,2022-09-22 14:50:00+00:00,11566.25,stop,-141.0,0.0,-141.0,141.0,-1.0
1,1,2022-09-22 17:59:00+00:00,2022-09-22 18:00:00+00:00,11590.75,11557.25,11657.75,2022-09-22 18:11:00+00:00,11557.25,stop,-67.0,0.0,-67.0,67.0,-1.0
-1,1,2022-09-22 18:14:00+00:00,2022-09-22 18:15:00+00:00,11549.0,11600.0,11447.0,2022-09-22 19:01:00+00:00,11600.0,stop,-102.0,0.0,-102.0,102.0,-1.0
1,1,2022-09-23 14:29:00+00:00,2022-09-23 14:30:00+00:00,11406.0,11355.25,11507.5,2022-09-23 15:45:00+00:00,11355.25,stop,-101.5,0.0,-101.5,101.5,-1.0
-1,1,2022-09-26 14:59:00+00:00,2022-09-26 15:00:00+00:00,11458.75,11493.0,11390.25,2022-09-26 15:23:00+00:00,11390.25,objetivo,137.0,0.0,137.0,68.5,2.0
-1,1,2022-09-27 13:59:00+00:00,2022-09-27 14:00:00+00:00,11490.25,11547.25,11376.25,2022-09-27 15:29:00+00:00,11376.25,objetivo,228.0,0.0,228.0,114.0,2.0
-1,1,2022-09-28 13:59:00+00:00,2022-09-28 14:00:00+00:00,11312.0,11352.75,11230.5,2022-09-28 14:00:00+00:00,11352.75,stop,-81.5,0.0,-81.5,81.5,-1.0
1,1,2022-09-28 14:29:00+00:00,2022-09-28 14:30:00+00:00,11407.0,11285.75,11649.5,2022-09-28 19:55:00+00:00,11592.75,tiempo,371.5,0.0,371.5,242.5,1.531958762886598
1,1,2022-09-29 15:59:00+00:00,2022-09-29 16:00:00+00:00,11256.5,11232.0,11305.5,2022-09-29 16:11:00+00:00,11232.0,stop,-49.0,0.0,-49.0,49.0,-1.0
-1,1,2022-09-29 16:14:00+00:00,2022-09-29 16:15:00+00:00,11230.0,11271.0,11148.0,2022-09-29 17:50:00+00:00,11148.0,objetivo,164.0,0.0,164.0,82.0,2.0
-1,1,2022-09-30 15:59:00+00:00,2022-09-30 16:00:00+00:00,11246.25,11274.25,11190.25,2022-09-30 17:35:00+00:00,11190.25,objetivo,112.0,0.0,112.0,56.0,2.0
-1,1,2022-10-03 13:59:00+00:00,2022-10-03 14:00:00+00:00,11090.5,11131.75,11008.0,2022-10-03 14:00:00+00:00,11131.75,stop,-82.5,0.0,-82.5,82.5,-1.0
1,1,2022-10-03 14:14:00+00:00,2022-10-03 14:15:00+00:00,11147.0,11090.0,11261.0,2022-10-03 17:31:00+00:00,11261.0,objetivo,228.0,0.0,228.0,114.0,2.0
-1,1,2022-10-04 16:59:00+00:00,2022-10-04 17:00:00+00:00,11601.0,11628.5,11546.0,2022-10-04 17:15:00+00:00,11546.0,objetivo,110.0,0.0,110.0,55.0,2.0
1,1,2022-10-04 18:59:00+00:00,2022-10-04 19:00:00+00:00,11636.5,11606.5,11696.5,2022-10-04 19:08:00+00:00,11606.5,stop,-60.0,0.0,-60.0,60.0,-1.0
1,1,2022-10-05 15:44:00+00:00,2022-10-05 15:45:00+00:00,11443.25,11416.0,11497.75,2022-10-05 16:08:00+00:00,11497.75,objetivo,109.0,0.0,109.0,54.5,2.0
-1,1,2022-10-06 13:59:00+00:00,2022-10-06 14:00:00+00:00,11638.0,11711.75,11490.5,2022-10-06 19:55:00+00:00,11555.0,tiempo,166.0,0.0,166.0,147.5,1.1254237288135593
1,1,2022-10-10 14:29:00+00:00,2022-10-10 14:30:00+00:00,11040.75,10988.25,11145.75,2022-10-10 14:37:00+00:00,10988.25,stop,-105.0,0.0,-105.0,105.0,-1.0
-1,1,2022-10-10 14:44:00+00:00,2022-10-10 14:45:00+00:00,10962.5,11054.5,10778.5,2022-10-10 17:52:00+00:00,11054.5,stop,-184.0,0.0,-184.0,184.0,-1.0
1,1,2022-10-10 17:59:00+00:00,2022-10-10 18:00:00+00:00,11035.5,10953.25,11200.0,2022-10-10 19:55:00+00:00,11020.5,tiempo,-30.0,0.0,-30.0,164.5,-0.182370820668693
1,1,2022-10-11 14:44:00+00:00,2022-10-11 14:45:00+00:00,10879.25,10808.75,11020.25,2022-10-11 16:44:00+00:00,11020.25,objetivo,282.0,0.0,282.0,141.0,2.0
-1,1,2022-10-11 18:59:00+00:00,2022-10-11 19:00:00+00:00,10819.0,10926.25,10604.5,2022-10-11 19:55:00+00:00,10837.25,tiempo,-36.5,0.0,-36.5,214.5,-0.17016317016317017
-1,1,2022-10-12 14:14:00+00:00,2022-10-12 14:15:00+00:00,10839.0,10908.25,10700.5,2022-10-12 15:42:00+00:00,10908.25,stop,-138.5,0.0,-138.5,138.5,-1.0
-1,1,2022-10-12 16:29:00+00:00,2022-10-12 16:30:00+00:00,10862.25,10892.0,10802.75,2022-10-12 17:00:00+00:00,10892.0,stop,-59.5,0.0,-59.5,59.5,-1.0
-1,1,2022-10-12 17:44:00+00:00,2022-10-12 17:45:00+00:00,10850.5,10876.25,10799.0,2022-10-12 18:00:00+00:00,10876.25,stop,-51.5,0.0,-51.5,51.5,-1.0
1,1,2022-10-12 18:14:00+00:00,2022-10-12 18:15:00+00:00,10903.25,10830.25,11049.25,2022-10-12 19:55:00+00:00,10860.0,tiempo,-86.5,0.0,-86.5,146.0,-0.5924657534246576
-1,1,2022-10-17 14:59:00+00:00,2022-10-17 15:00:00+00:00,11047.0,11105.0,10931.0,2022-10-17 15:40:00+00:00,11105.0,stop,-116.0,0.0,-116.0,116.0,-1.0
1,1,2022-10-18 17:59:00+00:00,2022-10-18 18:00:00+00:00,11242.0,11209.5,11307.0,2022-10-18 18:36:00+00:00,11209.5,stop,-65.0,0.0,-65.0,65.0,-1.0
1,1,2022-10-19 14:14:00+00:00,2022-10-19 14:15:00+00:00,11207.5,11120.75,11381.0,2022-10-19 16:45:00+00:00,11120.75,stop,-173.5,0.0,-173.5,173.5,-1.0
-1,1,2022-10-20 16:14:00+00:00,2022-10-20 16:15:00+00:00,11216.5,11275.25,11099.0,2022-10-20 17:48:00+00:00,11099.0,objetivo,235.0,0.0,235.0,117.5,2.0
-1,1,2022-10-21 14:29:00+00:00,2022-10-21 14:30:00+00:00,11109.5,11203.5,10921.5,2022-10-21 15:57:00+00:00,11203.5,stop,-188.0,0.0,-188.0,188.0,-1.0
1,1,2022-10-24 13:59:00+00:00,2022-10-24 14:00:00+00:00,11362.0,11333.0,11420.0,2022-10-24 14:00:00+00:00,11333.0,stop,-58.0,0.0,-58.0,58.0,-1.0
-1,1,2022-10-24 14:14:00+00:00,2022-10-24 14:15:00+00:00,11277.0,11364.0,11103.0,2022-10-24 15:01:00+00:00,11364.0,stop,-174.0,0.0,-174.0,174.0,-1.0
-1,1,2022-10-25 17:14:00+00:00,2022-10-25 17:15:00+00:00,11631.5,11670.0,11554.5,2022-10-25 18:07:00+00:00,11670.0,stop,-77.0,0.0,-77.0,77.0,-1.0
1,1,2022-10-26 14:14:00+00:00,2022-10-26 14:15:00+00:00,11547.75,11483.0,11677.25,2022-10-26 15:12:00+00:00,11677.25,objetivo,259.0,0.0,259.0,129.5,2.0
-1,1,2022-10-26 16:59:00+00:00,2022-10-26 17:00:00+00:00,11556.25,11625.5,11417.75,2022-10-26 19:55:00+00:00,11470.0,tiempo,172.5,0.0,172.5,138.5,1.2454873646209386
1,1,2022-10-27 14:14:00+00:00,2022-10-27 14:15:00+00:00,11402.25,11275.5,11655.75,2022-10-27 16:22:00+00:00,11275.5,stop,-253.5,0.0,-253.5,253.5,-1.0
-1,1,2022-10-28 14:14:00+00:00,2022-10-28 14:15:00+00:00,11298.5,11359.0,11177.5,2022-10-28 14:25:00+00:00,11359.0,stop,-121.0,0.0,-121.0,121.0,-1.0
1,1,2022-10-28 14:29:00+00:00,2022-10-28 14:30:00+00:00,11380.75,11291.0,11560.25,2022-10-28 18:34:00+00:00,11560.25,objetivo,359.0,0.0,359.0,179.5,2.0
1,1,2022-10-31 15:14:00+00:00,2022-10-31 15:15:00+00:00,11437.75,11406.5,11500.25,2022-10-31 16:16:00+00:00,11500.25,objetivo,125.0,0.0,125.0,62.5,2.0
-1,1,2022-10-31 16:44:00+00:00,2022-10-31 16:45:00+00:00,11438.75,11476.0,11364.25,2022-10-31 17:17:00+00:00,11476.0,stop,-74.5,0.0,-74.5,74.5,-1.0
-1,1,2022-11-02 13:59:00+00:00,2022-11-02 14:00:00+00:00,11280.5,11322.5,11196.5,2022-11-02 16:36:00+00:00,11196.5,objetivo,168.0,0.0,168.0,84.0,2.0
1,1,2022-11-02 18:14:00+00:00,2022-11-02 18:15:00+00:00,11382.5,11195.5,11756.5,2022-11-02 18:51:00+00:00,11195.5,stop,-374.0,0.0,-374.0,374.0,-1.0
-1,1,2022-11-02 18:59:00+00:00,2022-11-02 19:00:00+00:00,11160.25,11355.25,10770.25,2022-11-02 19:55:00+00:00,10964.5,tiempo,391.5,0.0,391.5,390.0,1.0038461538461538
1,1,2022-11-03 14:14:00+00:00,2022-11-03 14:15:00+00:00,10802.0,10708.0,10990.0,2022-11-03 19:55:00+00:00,10741.75,tiempo,-120.5,0.0,-120.5,188.0,-0.6409574468085106
1,1,2022-11-04 13:59:00+00:00,2022-11-04 14:00:00+00:00,10844.25,10724.5,11083.75,2022-11-04 15:51:00+00:00,10724.5,stop,-239.5,0.0,-239.5,239.5,-1.0
1,1,2022-11-04 18:59:00+00:00,2022-11-04 19:00:00+00:00,10808.0,10770.5,10883.0,2022-11-04 19:46:00+00:00,10883.0,objetivo,150.0,0.0,150.0,75.0,2.0
1,1,2022-11-07 15:14:00+00:00,2022-11-07 15:15:00+00:00,10923.5,10878.0,11014.5,2022-11-07 15:26:00+00:00,10878.0,stop,-91.0,0.0,-91.0,91.0,-1.0
-1,1,2022-11-07 15:29:00+00:00,2022-11-07 15:30:00+00:00,10893.75,10962.25,10756.75,2022-11-07 19:12:00+00:00,10962.25,stop,-137.0,0.0,-137.0,137.0,-1.0
1,1,2022-11-08 14:59:00+00:00,2022-11-08 15:00:00+00:00,11059.25,11006.75,11164.25,2022-11-08 16:18:00+00:00,11164.25,objetivo,210.0,0.0,210.0,105.0,2.0
-1,1,2022-11-08 18:29:00+00:00,2022-11-08 18:30:00+00:00,11101.5,11213.5,10877.5,2022-11-08 20:55:00+00:00,11109.25,tiempo,-15.5,0.0,-15.5,224.0,-0.06919642857142858
-1,1,2022-11-09 14:59:00+00:00,2022-11-09 15:00:00+00:00,10977.0,11040.0,10851.0,2022-11-09 15:16:00+00:00,11040.0,stop,-126.0,0.0,-126.0,126.0,-1.0
-1,1,2022-11-09 15:29:00+00:00,2022-11-09 15:30:00+00:00,10993.0,11049.0,10881.0,2022-11-09 18:32:00+00:00,10881.0,objetivo,224.0,0.0,224.0,112.0,2.0
1,1,2022-11-10 14:59:00+00:00,2022-11-10 15:00:00+00:00,11451.0,11310.25,11732.5,2022-11-10 20:55:00+00:00,11631.0,tiempo,360.0,0.0,360.0,281.5,1.2788632326820604
-1,1,2022-11-11 16:29:00+00:00,2022-11-11 16:30:00+00:00,11656.75,11724.75,11520.75,2022-11-11 17:10:00+00:00,11724.75,stop,-136.0,0.0,-136.0,136.0,-1.0
1,1,2022-11-14 14:59:00+00:00,2022-11-14 15:00:00+00:00,11745.5,11702.0,11832.5,2022-11-14 17:03:00+00:00,11832.5,objetivo,174.0,0.0,174.0,87.0,2.0
1,1,2022-11-15 14:59:00+00:00,2022-11-15 15:00:00+00:00,12031.0,11963.0,12167.0,2022-11-15 15:50:00+00:00,11963.0,stop,-136.0,0.0,-136.0,136.0,-1.0
1,1,2022-11-15 16:44:00+00:00,2022-11-15 16:45:00+00:00,12019.5,11981.75,12095.0,2022-11-15 17:42:00+00:00,11981.75,stop,-75.5,0.0,-75.5,75.5,-1.0
1,1,2022-11-16 17:29:00+00:00,2022-11-16 17:30:00+00:00,11772.0,11745.75,11824.5,2022-11-16 17:45:00+00:00,11824.5,objetivo,105.0,0.0,105.0,52.5,2.0
-1,1,2022-11-16 18:44:00+00:00,2022-11-16 18:45:00+00:00,11769.5,11804.0,11700.5,2022-11-16 20:55:00+00:00,11767.5,tiempo,4.0,0.0,4.0,69.0,0.057971014492753624
-1,1,2022-11-17 14:59:00+00:00,2022-11-17 15:00:00+00:00,11588.5,11635.25,11495.0,2022-11-17 15:16:00+00:00,11635.25,stop,-93.5,0.0,-93.5,93.5,-1.0
-1,1,2022-11-17 15:59:00+00:00,2022-11-17 16:00:00+00:00,11606.0,11647.5,11523.0,2022-11-17 16:33:00+00:00,11647.5,stop,-83.0,0.0,-83.0,83.0,-1.0
1,1,2022-11-21 18:44:00+00:00,2022-11-21 18:45:00+00:00,11627.25,11598.5,11684.75,2022-11-21 19:11:00+00:00,11598.5,stop,-57.5,0.0,-57.5,57.5,-1.0
1,1,2022-11-22 15:14:00+00:00,2022-11-22 15:15:00+00:00,11613.0,11540.0,11759.0,2022-11-22 20:55:00+00:00,11744.25,tiempo,262.5,0.0,262.5,146.0,1.797945205479452
-1,1,2022-11-23 16:59:00+00:00,2022-11-23 17:00:00+00:00,11785.5,11860.25,11636.0,2022-11-23 19:02:00+00:00,11860.25,stop,-149.5,0.0,-149.5,149.5,-1.0
1,1,2022-11-23 19:14:00+00:00,2022-11-23 19:15:00+00:00,11853.75,11781.25,11998.75,2022-11-23 20:55:00+00:00,11851.0,tiempo,-5.5,0.0,-5.5,145.0,-0.03793103448275862
1,1,2022-11-25 14:59:00+00:00,2022-11-25 15:00:00+00:00,11803.25,11775.25,11859.25,2022-11-25 16:33:00+00:00,11775.25,stop,-56.0,0.0,-56.0,56.0,-1.0
1,1,2022-11-25 17:29:00+00:00,2022-11-25 17:30:00+00:00,11802.5,11784.5,11838.5,2022-11-25 17:55:00+00:00,11784.5,stop,-36.0,0.0,-36.0,36.0,-1.0
-1,1,2022-11-28 15:14:00+00:00,2022-11-28 15:15:00+00:00,11752.0,11769.0,11718.0,2022-11-28 15:21:00+00:00,11718.0,objetivo,68.0,0.0,68.0,34.0,2.0
1,1,2022-11-29 15:29:00+00:00,2022-11-29 15:30:00+00:00,11625.75,11567.0,11743.25,2022-11-29 16:03:00+00:00,11567.0,stop,-117.5,0.0,-117.5,117.5,-1.0
-1,1,2022-11-30 15:44:00+00:00,2022-11-30 15:45:00+00:00,11545.75,11561.25,11514.75,2022-11-30 16:04:00+00:00,11514.75,objetivo,62.0,0.0,62.0,31.0,2.0
1,1,2022-11-30 16:14:00+00:00,2022-11-30 16:15:00+00:00,11547.25,11508.25,11625.25,2022-11-30 17:20:00+00:00,11508.25,stop,-78.0,0.0,-78.0,78.0,-1.0
1,1,2022-11-30 18:14:00+00:00,2022-11-30 18:15:00+00:00,11562.75,11528.5,11631.25,2022-11-30 18:30:00+00:00,11631.25,objetivo,137.0,0.0,137.0,68.5,2.0
-1,1,2022-12-01 15:14:00+00:00,2022-12-01 15:15:00+00:00,12004.25,12145.0,11722.75,2022-12-01 20:55:00+00:00,12073.75,tiempo,-139.0,0.0,-139.0,281.5,-0.4937833037300178
1,1,2022-12-02 15:14:00+00:00,2022-12-02 15:15:00+00:00,11942.75,11851.5,12125.25,2022-12-02 20:55:00+00:00,11992.0,tiempo,98.5,0.0,98.5,182.5,0.5397260273972603
-1,1,2022-12-05 14:59:00+00:00,2022-12-05 15:00:00+00:00,11932.0,11971.5,11853.0,2022-12-05 16:35:00+00:00,11853.0,objetivo,158.0,0.0,158.0,79.0,2.0
1,1,2022-12-07 15:14:00+00:00,2022-12-07 15:15:00+00:00,11512.25,11440.5,11655.75,2022-12-07 20:55:00+00:00,11511.5,tiempo,-1.5,0.0,-1.5,143.5,-0.010452961672473868
1,1,2022-12-08 14:59:00+00:00,2022-12-08 15:00:00+00:00,11600.75,11477.25,11847.75,2022-12-08 20:55:00+00:00,11637.25,tiempo,73.0,0.0,73.0,247.0,0.29554655870445345
-1,1,2022-12-09 18:14:00+00:00,2022-12-09 18:15:00+00:00,11647.0,11684.25,11572.5,2022-12-09 20:51:00+00:00,11572.5,objetivo,149.0,0.0,149.0,74.5,2.0
1,1,2022-12-12 14:59:00+00:00,2022-12-12 15:00:00+00:00,11595.5,11553.25,11680.0,2022-12-12 15:33:00+00:00,11553.25,stop,-84.5,0.0,-84.5,84.5,-1.0
1,1,2022-12-12 16:14:00+00:00,2022-12-12 16:15:00+00:00,11590.75,11555.5,11661.25,2022-12-12 20:08:00+00:00,11661.25,objetivo,141.0,0.0,141.0,70.5,2.0
-1,1,2022-12-14 17:29:00+00:00,2022-12-14 17:30:00+00:00,12004.0,12024.75,11962.5,2022-12-14 18:31:00+00:00,12024.75,stop,-41.5,0.0,-41.5,41.5,-1.0
-1,1,2022-12-14 19:14:00+00:00,2022-12-14 19:15:00+00:00,11898.75,12056.0,11584.25,2022-12-14 20:55:00+00:00,11893.0,tiempo,11.5,0.0,11.5,314.5,0.03656597774244833
-1,1,2022-12-16 15:14:00+00:00,2022-12-16 15:15:00+00:00,11372.0,11455.5,11205.0,2022-12-16 20:55:00+00:00,11354.75,tiempo,34.5,0.0,34.5,167.0,0.20658682634730538
1,1,2022-12-19 15:29:00+00:00,2022-12-19 15:30:00+00:00,11301.25,11252.0,11399.75,2022-12-19 15:50:00+00:00,11252.0,stop,-98.5,0.0,-98.5,98.5,-1.0
1,1,2022-12-20 14:59:00+00:00,2022-12-20 15:00:00+00:00,11168.5,11066.75,11372.0,2022-12-20 20:55:00+00:00,11189.5,tiempo,42.0,0.0,42.0,203.5,0.20638820638820637
-1,1,2022-12-21 14:59:00+00:00,2022-12-21 15:00:00+00:00,11226.75,11273.75,11132.75,2022-12-21 15:08:00+00:00,11273.75,stop,-94.0,0.0,-94.0,94.0,-1.0
1,1,2022-12-21 15:14:00+00:00,2022-12-21 15:15:00+00:00,11287.25,11219.25,11423.25,2022-12-21 20:55:00+00:00,11330.5,tiempo,86.5,0.0,86.5,136.0,0.6360294117647058
1,1,2022-12-23 15:14:00+00:00,2022-12-23 15:15:00+00:00,10971.25,10916.25,11081.25,2022-12-23 15:38:00+00:00,11081.25,objetivo,220.0,0.0,220.0,110.0,2.0
1,1,2022-12-27 15:29:00+00:00,2022-12-27 15:30:00+00:00,10986.5,10924.0,11111.5,2022-12-27 18:52:00+00:00,10924.0,stop,-125.0,0.0,-125.0,125.0,-1.0
-1,1,2022-12-28 15:14:00+00:00,2022-12-28 15:15:00+00:00,10945.5,10984.0,10868.5,2022-12-28 15:51:00+00:00,10868.5,objetivo,154.0,0.0,154.0,77.0,2.0
-1,1,2022-12-30 15:14:00+00:00,2022-12-30 15:15:00+00:00,10902.25,10923.5,10859.75,2022-12-30 15:18:00+00:00,10923.5,stop,-42.5,0.0,-42.5,42.5,-1.0
1,1,2022-12-30 15:29:00+00:00,2022-12-30 15:30:00+00:00,10925.25,10895.75,10984.25,2022-12-30 18:22:00+00:00,10895.75,stop,-59.0,0.0,-59.0,59.0,-1.0
-1,1,2022-12-30 18:29:00+00:00,2022-12-30 18:30:00+00:00,10901.25,10937.0,10829.75,2022-12-30 20:09:00+00:00,10937.0,stop,-71.5,0.0,-71.5,71.5,-1.0
-1,1,2023-01-03 14:59:00+00:00,2023-01-03 15:00:00+00:00,10994.25,11146.75,10689.25,2023-01-03 20:55:00+00:00,10953.0,tiempo,82.5,0.0,82.5,305.0,0.27049180327868855
1,1,2023-01-04 15:59:00+00:00,2023-01-04 16:00:00+00:00,10965.25,10939.0,11017.75,2023-01-04 16:31:00+00:00,11017.75,objetivo,105.0,0.0,105.0,52.5,2.0
-1,1,2023-01-04 19:14:00+00:00,2023-01-04 19:15:00+00:00,10983.5,11064.0,10822.5,2023-01-04 20:55:00+00:00,10955.25,tiempo,56.5,0.0,56.5,161.0,0.35093167701863354
1,1,2023-01-05 14:59:00+00:00,2023-01-05 15:00:00+00:00,10868.5,10814.75,10976.0,2023-01-05 20:50:00+00:00,10814.75,stop,-107.5,0.0,-107.5,107.5,-1.0
1,1,2023-01-06 15:14:00+00:00,2023-01-06 15:15:00+00:00,10891.75,10815.0,11045.25,2023-01-06 18:27:00+00:00,11045.25,objetivo,307.0,0.0,307.0,153.5,2.0
-1,1,2023-01-09 18:44:00+00:00,2023-01-09 18:45:00+00:00,11289.0,11360.25,11146.5,2023-01-09 20:55:00+00:00,11185.25,tiempo,207.5,0.0,207.5,142.5,1.456140350877193
1,1,2023-01-10 14:59:00+00:00,2023-01-10 15:00:00+00:00,11211.0,11142.0,11349.0,2023-01-10 15:44:00+00:00,11142.0,stop,-138.0,0.0,-138.0,138.0,-1.0
1,1,2023-01-10 15:59:00+00:00,2023-01-10 16:00:00+00:00,11208.25,11120.75,11383.25,2023-01-10 20:55:00+00:00,11258.0,tiempo,99.5,0.0,99.5,175.0,0.5685714285714286
-1,1,2023-01-11 15:59:00+00:00,2023-01-11 16:00:00+00:00,11321.75,11358.5,11248.25,2023-01-11 16:14:00+00:00,11358.5,stop,-73.5,0.0,-73.5,73.5,-1.0
1,1,2023-01-11 16:14:00+00:00,2023-01-11 16:15:00+00:00,11359.0,11318.25,11440.5,2023-01-11 18:14:00+00:00,11440.5,objetivo,163.0,0.0,163.0,81.5,2.0
1,1,2023-01-12 15:14:00+00:00,2023-01-12 15:15:00+00:00,11479.25,11355.0,11727.75,2023-01-12 20:55:00+00:00,11515.25,tiempo,72.0,0.0,72.0,248.5,0.289738430583501
1,1,2023-01-13 14:59:00+00:00,2023-01-13 15:00:00+00:00,11457.5,11408.75,11555.0,2023-01-13 18:40:00+00:00,11555.0,objetivo,195.0,0.0,195.0,97.5,2.0
1,1,2023-01-16 15:44:00+00:00,2023-01-16 15:45:00+00:00,11599.0,11587.25,11622.5,2023-01-16 16:19:00+00:00,11587.25,stop,-23.5,0.0,-23.5,23.5,-1.0
1,1,2023-01-17 14:59:00+00:00,2023-01-17 15:00:00+00:00,11614.25,11579.0,11684.75,2023-01-17 15:13:00+00:00,11684.75,objetivo,141.0,0.0,141.0,70.5,2.0
-1,1,2023-01-17 15:44:00+00:00,2023-01-17 15:45:00+00:00,11604.5,11663.5,11486.5,2023-01-17 20:55:00+00:00,11613.0,tiempo,-17.0,0.0,-17.0,118.0,-0.1440677966101695
1,1,2023-01-18 14:59:00+00:00,2023-01-18 15:00:00+00:00,11719.5,11673.25,11812.0,2023-01-18 15:37:00+00:00,11673.25,stop,-92.5,0.0,-92.5,92.5,-1.0
-1,1,2023-01-18 15:44:00+00:00,2023-01-18 15:45:00+00:00,11626.5,11719.0,11441.5,2023-01-18 20:55:00+00:00,11489.75,tiempo,273.5,0.0,273.5,185.0,1.4783783783783784
1,1,2023-01-19 18:14:00+00:00,2023-01-19 18:15:00+00:00,11370.75,11353.0,11406.25,2023-01-19 18:15:00+00:00,11353.0,stop,-35.5,0.0,-35.5,35.5,-1.0
-1,1,2023-01-19 18:29:00+00:00,2023-01-19 18:30:00+00:00,11369.0,11393.0,11321.0,2023-01-19 18:36:00+00:00,11393.0,stop,-48.0,0.0,-48.0,48.0,-1.0
1,1,2023-01-19 18:44:00+00:00,2023-01-19 18:45:00+00:00,11402.5,11368.5,11470.5,2023-01-19 20:55:00+00:00,11375.5,tiempo,-54.0,0.0,-54.0,68.0,-0.7941176470588235
-1,1,2023-01-24 14:59:00+00:00,2023-01-24 15:00:00+00:00,11884.0,11951.5,11749.0,2023-01-24 20:55:00+00:00,11900.25,tiempo,-32.5,0.0,-32.5,135.0,-0.24074074074074073
1,1,2023-01-25 15:59:00+00:00,2023-01-25 16:00:00+00:00,11667.0,11621.25,11758.5,2023-01-25 16:51:00+00:00,11758.5,objetivo,183.0,0.0,183.0,91.5,2.0
1,1,2023-01-26 15:29:00+00:00,2023-01-26 15:30:00+00:00,12022.0,11990.75,12084.5,2023-01-26 15:38:00+00:00,11990.75,stop,-62.5,0.0,-62.5,62.5,-1.0
-1,1,2023-01-26 15:44:00+00:00,2023-01-26 15:45:00+00:00,11977.75,12036.75,11859.75,2023-01-26 18:45:00+00:00,12036.75,stop,-118.0,0.0,-118.0,118.0,-1.0
-1,1,2023-01-27 15:59:00+00:00,2023-01-27 16:00:00+00:00,12115.75,12163.25,12020.75,2023-01-27 16:23:00+00:00,12163.25,stop,-95.0,0.0,-95.0,95.0,-1.0
1,1,2023-01-27 16:29:00+00:00,2023-01-27 16:30:00+00:00,12158.25,12117.75,12239.25,2023-01-27 17:40:00+00:00,12239.25,objetivo,162.0,0.0,162.0,81.0,2.0
-1,1,2023-01-30 15:29:00+00:00,2023-01-30 15:30:00+00:00,12053.25,12112.0,11935.75,2023-01-30 20:55:00+00:00,11979.75,tiempo,147.0,0.0,147.0,117.5,1.251063829787234
1,1,2023-01-31 15:14:00+00:00,2023-01-31 15:15:00+00:00,12031.5,11977.0,12140.5,2023-01-31 20:55:00+00:00,12135.0,tiempo,207.0,0.0,207.0,109.0,1.8990825688073394
1,1,2023-02-01 14:59:00+00:00,2023-02-01 15:00:00+00:00,12149.75,12110.25,12228.75,2023-02-01 15:03:00+00:00,12110.25,stop,-79.0,0.0,-79.0,79.0,-1.0
-1,1,2023-02-01 15:44:00+00:00,2023-02-01 15:45:00+00:00,12122.0,12155.0,12056.0,2023-02-01 18:59:00+00:00,12155.0,stop,-66.0,0.0,-66.0,66.0,-1.0
-1,1,2023-02-02 14:59:00+00:00,2023-02-02 15:00:00+00:00,12672.25,12748.25,12520.25,2023-02-02 15:30:00+00:00,12748.25,stop,-152.0,0.0,-152.0,152.0,-1.0
-1,1,2023-02-02 19:44:00+00:00,2023-02-02 19:45:00+00:00,12770.5,12825.75,12660.0,2023-02-02 20:55:00+00:00,12815.75,tiempo,-90.5,0.0,-90.5,110.5,-0.8190045248868778
-1,1,2023-02-03 17:59:00+00:00,2023-02-03 18:00:00+00:00,12728.25,12833.0,12518.75,2023-02-03 20:55:00+00:00,12639.75,tiempo,177.0,0.0,177.0,209.5,0.8448687350835322
1,1,2023-02-06 14:59:00+00:00,2023-02-06 15:00:00+00:00,12550.5,12513.0,12625.5,2023-02-06 15:19:00+00:00,12513.0,stop,-75.0,0.0,-75.0,75.0,-1.0
-1,1,2023-02-06 15:29:00+00:00,2023-02-06 15:30:00+00:00,12483.0,12553.25,12342.5,2023-02-06 15:51:00+00:00,12553.25,stop,-140.5,0.0,-140.5,140.5,-1.0
1,1,2023-02-06 15:59:00+00:00,2023-02-06 16:00:00+00:00,12557.5,12489.25,12694.0,2023-02-06 20:16:00+00:00,12489.25,stop,-136.5,0.0,-136.5,136.5,-1.0
-1,1,2023-02-07 14:59:00+00:00,2023-02-07 15:00:00+00:00,12497.5,12554.25,12384.0,2023-02-07 16:08:00+00:00,12554.25,stop,-113.5,0.0,-113.5,113.5,-1.0
-1,1,2023-02-07 18:29:00+00:00,2023-02-07 18:30:00+00:00,12548.0,12661.5,12321.0,2023-02-07 19:32:00+00:00,12661.5,stop,-227.0,0.0,-227.0,227.0,-1.0
-1,1,2023-02-08 14:59:00+00:00,2023-02-08 15:00:00+00:00,12698.75,12748.0,12600.25,2023-02-08 15:52:00+00:00,12600.25,objetivo,197.0,0.0,197.0,98.5,2.0
1,1,2023-02-09 15:14:00+00:00,2023-02-09 15:15:00+00:00,12684.75,12647.25,12759.75,2023-02-09 15:25:00+00:00,12647.25,stop,-75.0,0.0,-75.0,75.0,-1.0
-1,1,2023-02-09 15:29:00+00:00,2023-02-09 15:30:00+00:00,12620.0,12707.75,12444.5,2023-02-09 20:01:00+00:00,12444.5,objetivo,351.0,0.0,351.0,175.5,2.0
1,1,2023-02-10 15:14:00+00:00,2023-02-10 15:15:00+00:00,12386.25,12284.5,12589.75,2023-02-10 16:58:00+00:00,12284.5,stop,-203.5,0.0,-203.5,203.5,-1.0
1,1,2023-02-10 18:29:00+00:00,2023-02-10 18:30:00+00:00,12342.0,12320.75,12384.5,2023-02-10 18:42:00+00:00,12320.75,stop,-42.5,0.0,-42.5,42.5,-1.0
-1,1,2023-02-10 18:44:00+00:00,2023-02-10 18:45:00+00:00,12316.5,12346.75,12256.0,2023-02-10 20:48:00+00:00,12346.75,stop,-60.5,0.0,-60.5,60.5,-1.0
-1,1,2023-02-14 15:44:00+00:00,2023-02-14 15:45:00+00:00,12485.0,12607.75,12239.5,2023-02-14 18:17:00+00:00,12607.75,stop,-245.5,0.0,-245.5,245.5,-1.0
-1,1,2023-02-15 14:59:00+00:00,2023-02-15 15:00:00+00:00,12563.75,12631.5,12428.25,2023-02-15 16:29:00+00:00,12631.5,stop,-135.5,0.0,-135.5,135.5,-1.0
1,1,2023-02-17 15:14:00+00:00,2023-02-17 15:15:00+00:00,12352.5,12324.25,12409.0,2023-02-17 15:48:00+00:00,12324.25,stop,-56.5,0.0,-56.5,56.5,-1.0
1,1,2023-02-17 19:29:00+00:00,2023-02-17 19:30:00+00:00,12343.5,12304.75,12421.0,2023-02-17 20:55:00+00:00,12381.75,tiempo,76.5,0.0,76.5,77.5,0.9870967741935484
-1,1,2023-02-20 14:59:00+00:00,2023-02-20 15:00:00+00:00,12386.75,12392.5,12375.25,2023-02-20 15:11:00+00:00,12375.25,objetivo,23.0,0.0,23.0,11.5,2.0
-1,1,2023-02-21 14:59:00+00:00,2023-02-21 15:00:00+00:00,12228.25,12290.0,12104.75,2023-02-21 20:20:00+00:00,12104.75,objetivo,247.0,0.0,247.0,123.5,2.0
-1,1,2023-02-22 14:59:00+00:00,2023-02-22 15:00:00+00:00,12122.5,12174.5,12018.5,2023-02-22 19:06:00+00:00,12174.5,stop,-104.0,0.0,-104.0,104.0,-1.0
-1,1,2023-02-22 19:44:00+00:00,2023-02-22 19:45:00+00:00,12094.25,12118.5,12045.75,2023-02-22 19:49:00+00:00,12118.5,stop,-48.5,0.0,-48.5,48.5,-1.0
1,1,2023-02-23 14:59:00+00:00,2023-02-23 15:00:00+00:00,12232.25,12209.25,12278.25,2023-02-23 15:04:00+00:00,12209.25,stop,-46.0,0.0,-46.0,46.0,-1.0
-1,1,2023-02-23 15:14:00+00:00,2023-02-23 15:15:00+00:00,12188.0,12247.25,12069.5,2023-02-23 16:40:00+00:00,12069.5,objetivo,237.0,0.0,237.0,118.5,2.0
1,1,2023-02-23 19:14:00+00:00,2023-02-23 19:15:00+00:00,12149.5,12104.5,12239.5,2023-02-23 20:28:00+00:00,12239.5,objetivo,180.0,0.0,180.0,90.0,2.0
1,1,2023-02-24 16:29:00+00:00,2023-02-24 16:30:00+00:00,11973.75,11944.5,12032.25,2023-02-24 17:47:00+00:00,11944.5,stop,-58.5,0.0,-58.5,58.5,-1.0
1,1,2023-02-24 19:29:00+00:00,2023-02-24 19:30:00+00:00,11970.0,11957.25,11995.5,2023-02-24 19:30:00+00:00,11957.25,stop,-25.5,0.0,-25.5,25.5,-1.0
-1,1,2023-02-24 19:44:00+00:00,2023-02-24 19:45:00+00:00,11952.75,11973.5,11911.25,2023-02-24 19:47:00+00:00,11973.5,stop,-41.5,0.0,-41.5,41.5,-1.0
1,1,2023-02-24 19:59:00+00:00,2023-02-24 20:00:00+00:00,12006.0,11949.0,12120.0,2023-02-24 20:50:00+00:00,11949.0,stop,-114.0,0.0,-114.0,114.0,-1.0
1,1,2023-02-27 14:59:00+00:00,2023-02-27 15:00:00+00:00,12147.25,12106.25,12229.25,2023-02-27 15:37:00+00:00,12106.25,stop,-82.0,0.0,-82.0,82.0,-1.0
-1,1,2023-02-27 15:44:00+00:00,2023-02-27 15:45:00+00:00,12104.25,12158.0,11996.75,2023-02-27 20:55:00+00:00,12077.75,tiempo,53.0,0.0,53.0,107.5,0.4930232558139535
-1,1,2023-02-28 15:29:00+00:00,2023-02-28 15:30:00+00:00,12070.5,12099.75,12012.0,2023-02-28 16:05:00+00:00,12099.75,stop,-58.5,0.0,-58.5,58.5,-1.0
1,1,2023-02-28 16:14:00+00:00,2023-02-28 16:15:00+00:00,12099.5,12075.0,12148.5,2023-02-28 16:45:00+00:00,12075.0,stop,-49.0,0.0,-49.0,49.0,-1.0
1,1,2023-02-28 16:59:00+00:00,2023-02-28 17:00:00+00:00,12087.75,12068.0,12127.25,2023-02-28 17:21:00+00:00,12127.25,objetivo,79.0,0.0,79.0,39.5,2.0
1,1,2023-03-01 14:59:00+00:00,2023-03-01 15:00:00+00:00,12052.0,12027.5,12101.0,2023-03-01 15:00:00+00:00,12027.5,stop,-49.0,0.0,-49.0,49.0,-1.0
-1,1,2023-03-01 15:14:00+00:00,2023-03-01 15:15:00+00:00,11965.5,12069.75,11757.0,2023-03-01 20:55:00+00:00,11960.0,tiempo,11.0,0.0,11.0,208.5,0.05275779376498801
-1,1,2023-03-02 16:29:00+00:00,2023-03-02 16:30:00+00:00,11893.0,11928.25,11822.5,2023-03-02 17:31:00+00:00,11928.25,stop,-70.5,0.0,-70.5,70.5,-1.0
-1,1,2023-03-06 17:44:00+00:00,2023-03-06 17:45:00+00:00,12416.25,12447.5,12353.75,2023-03-06 19:21:00+00:00,12353.75,objetivo,125.0,0.0,125.0,62.5,2.0
-1,1,2023-03-07 14:59:00+00:00,2023-03-07 15:00:00+00:00,12333.5,12362.75,12275.0,2023-03-07 15:01:00+00:00,12275.0,objetivo,117.0,0.0,117.0,58.5,2.0
1,1,2023-03-07 17:29:00+00:00,2023-03-07 17:30:00+00:00,12279.75,12226.0,12387.25,2023-03-07 18:12:00+00:00,12226.0,stop,-107.5,0.0,-107.5,107.5,-1.0
1,1,2023-03-08 15:14:00+00:00,2023-03-08 15:15:00+00:00,12169.25,12108.25,12291.25,2023-03-08 20:55:00+00:00,12224.5,tiempo,110.5,0.0,110.5,122.0,0.9057377049180327
-1,1,2023-03-09 15:59:00+00:00,2023-03-09 16:00:00+00:00,12301.5,12347.0,12210.5,2023-03-09 18:11:00+00:00,12210.5,objetivo,182.0,0.0,182.0,91.0,2.0
1,1,2023-03-10 15:14:00+00:00,2023-03-10 15:15:00+00:00,11959.75,11905.5,12068.25,2023-03-10 15:23:00+00:00,11905.5,stop,-108.5,0.0,-108.5,108.5,-1.0
-1,1,2023-03-10 15:29:00+00:00,2023-03-10 15:30:00+00:00,11922.75,11968.25,11831.75,2023-03-10 15:36:00+00:00,11968.25,stop,-91.0,0.0,-91.0,91.0,-1.0
1,1,2023-03-10 15:59:00+00:00,2023-03-10 16:00:00+00:00,12013.5,11910.0,12220.5,2023-03-10 17:55:00+00:00,11910.0,stop,-207.0,0.0,-207.0,207.0,-1.0
1,1,2023-03-13 13:59:00+00:00,2023-03-13 14:00:00+00:00,11889.0,11715.5,12236.0,2023-03-13 19:55:00+00:00,11949.5,tiempo,121.0,0.0,121.0,347.0,0.34870317002881845
-1,1,2023-03-14 17:14:00+00:00,2023-03-14 17:15:00+00:00,12145.0,12196.25,12042.5,2023-03-14 19:17:00+00:00,12042.5,objetivo,205.0,0.0,205.0,102.5,2.0
-1,1,2023-03-17 14:29:00+00:00,2023-03-17 14:30:00+00:00,12687.75,12769.25,12524.75,2023-03-17 19:55:00+00:00,12649.5,tiempo,76.5,0.0,76.5,163.0,0.46932515337423314
1,1,2023-03-20 14:29:00+00:00,2023-03-20 14:30:00+00:00,12606.5,12554.75,12710.0,2023-03-20 19:55:00+00:00,12690.5,tiempo,168.0,0.0,168.0,103.5,1.6231884057971016
1,1,2023-03-21 13:59:00+00:00,2023-03-21 14:00:00+00:00,12815.0,12763.5,12918.0,2023-03-21 14:16:00+00:00,12763.5,stop,-103.0,0.0,-103.0,103.0,-1.0
1,1,2023-03-21 16:59:00+00:00,2023-03-21 17:00:00+00:00,12779.75,12756.25,12826.75,2023-03-21 18:46:00+00:00,12826.75,objetivo,94.0,0.0,94.0,47.0,2.0
