direccion,contratos,t_senal,t_entrada,entrada,stop,objetivo,t_salida,salida,motivo,bruto,comision,neto,riesgo_usd,r
-1,1,2015-01-02 15:09:00+00:00,2015-01-02 15:10:00+00:00,4248.0,4272.75,4198.5,2015-01-02 20:55:00+00:00,4229.5,tiempo,37.0,2.0,35.0,49.5,0.7070707070707071
-1,1,2015-01-05 15:34:00+00:00,2015-01-05 15:35:00+00:00,4178.0,4207.25,4119.5,2015-01-05 20:55:00+00:00,4163.5,tiempo,29.0,2.0,27.0,58.5,0.46153846153846156
-1,1,2015-01-06 15:04:00+00:00,2015-01-06 15:05:00+00:00,4148.0,4170.75,4102.5,2015-01-06 17:06:00+00:00,4102.5,objetivo,91.0,2.0,89.0,45.5,1.956043956043956
1,1,2015-01-07 15:04:00+00:00,2015-01-07 15:05:00+00:00,4150.25,4117.5,4215.75,2015-01-07 20:55:00+00:00,4149.75,tiempo,-1.0,2.0,-3.0,65.5,-0.04580152671755725
1,1,2015-01-08 15:09:00+00:00,2015-01-08 15:10:00+00:00,4213.5,4184.5,4271.5,2015-01-08 20:55:00+00:00,4234.75,tiempo,42.5,2.0,40.5,58.0,0.6982758620689655
-1,1,2015-01-09 15:29:00+00:00,2015-01-09 15:30:00+00:00,4214.25,4248.5,4145.75,2015-01-09 20:55:00+00:00,4210.75,tiempo,7.0,2.0,5.0,68.5,0.072992700729927
-1,1,2015-01-12 15:14:00+00:00,2015-01-12 15:15:00+00:00,4159.25,4218.5,4040.75,2015-01-12 20:55:00+00:00,4168.5,tiempo,-18.5,2.0,-20.5,118.5,-0.1729957805907173
1,1,2015-01-13 15:54:00+00:00,2015-01-13 15:55:00+00:00,4245.0,4202.0,4331.0,2015-01-13 18:21:00+00:00,4201.75,stop,-86.5,2.0,-88.5,86.0,-1.0290697674418605
1,1,2015-01-14 15:09:00+00:00,2015-01-14 15:10:00+00:00,4154.25,4112.75,4237.25,2015-01-14 18:31:00+00:00,4112.5,stop,-83.5,2.0,-85.5,83.0,-1.0301204819277108
-1,1,2015-01-15 17:39:00+00:00,2015-01-15 17:40:00+00:00,4097.75,4163.0,3967.25,2015-01-15 20:55:00+00:00,4084.25,tiempo,27.0,2.0,25.0,130.5,0.19157088122605365
-1,1,2015-01-16 15:14:00+00:00,2015-01-16 15:15:00+00:00,4072.25,4105.25,4006.25,2015-01-16 15:56:00+00:00,4105.5,stop,-66.5,2.0,-68.5,66.0,-1.0378787878787878
-1,1,2015-01-19 15:54:00+00:00,2015-01-19 15:55:00+00:00,4139.0,4148.5,4120.0,2015-01-19 17:59:00+00:00,4127.5,fin_de_datos,23.0,2.0,21.0,19.0,1.105263157894737
-1,1,2015-01-20 16:44:00+00:00,2015-01-20 16:45:00+00:00,4118.25,4165.5,4023.75,2015-01-20 19:42:00+00:00,4165.75,stop,-95.0,2.0,-97.0,94.5,-1.0264550264550265
1,1,2015-01-21 15:49:00+00:00,2015-01-21 15:50:00+00:00,4191.25,4137.0,4299.75,2015-01-21 20:55:00+00:00,4185.0,tiempo,-12.5,2.0,-14.5,108.5,-0.1336405529953917
1,1,2015-01-22 15:54:00+00:00,2015-01-22 15:55:00+00:00,4219.5,4164.5,4329.5,2015-01-22 20:55:00+00:00,4260.75,tiempo,82.5,2.0,80.5,110.0,0.7318181818181818
1,1,2015-01-23 16:29:00+00:00,2015-01-23 16:30:00+00:00,4274.5,4250.25,4323.0,2015-01-23 20:55:00+00:00,4267.75,tiempo,-13.5,2.0,-15.5,48.5,-0.31958762886597936
1,1,2015-01-26 18:49:00+00:00,2015-01-26 18:50:00+00:00,4275.5,4246.0,4334.5,2015-01-26 20:55:00+00:00,4268.25,tiempo,-14.5,2.0,-16.5,59.0,-0.2796610169491525
-1,1,2015-01-27 15:24:00+00:00,2015-01-27 15:25:00+00:00,4169.0,4202.0,4103.0,2015-01-27 19:27:00+00:00,4202.25,stop,-66.5,2.0,-68.5,66.0,-1.0378787878787878
-1,1,2015-01-28 15:34:00+00:00,2015-01-28 15:35:00+00:00,4196.0,4229.0,4130.0,2015-01-28 20:55:00+00:00,4140.5,tiempo,111.0,2.0,109.0,66.0,1.6515151515151516
1,1,2015-01-29 18:39:00+00:00,2015-01-29 18:40:00+00:00,4139.75,4095.75,4227.75,2015-01-29 20:55:00+00:00,4173.0,tiempo,66.5,2.0,64.5,88.0,0.7329545454545454
-1,1,2015-01-30 15:24:00+00:00,2015-01-30 15:25:00+00:00,4166.0,4203.25,4091.5,2015-01-30 20:55:00+00:00,4143.25,tiempo,45.5,2.0,43.5,74.5,0.5838926174496645
-1,1,2015-02-02 15:04:00+00:00,2015-02-02 15:05:00+00:00,4097.5,4158.25,3976.0,2015-02-02 16:34:00+00:00,4158.5,stop,-122.0,2.0,-124.0,121.5,-1.0205761316872428
-1,1,2015-02-03 15:39:00+00:00,2015-02-03 15:40:00+00:00,4188.5,4212.0,4141.5,2015-02-03 20:24:00+00:00,4212.25,stop,-47.5,2.0,-49.5,47.0,-1.053191489361702
1,1,2015-02-04 16:04:00+00:00,2015-02-04 16:05:00+00:00,4211.25,4196.75,4240.25,2015-02-04 20:29:00+00:00,4240.25,objetivo,58.0,2.0,56.0,29.0,1.9310344827586208
1,1,2015-02-05 15:39:00+00:00,2015-02-05 15:40:00+00:00,4241.25,4213.75,4296.25,2015-02-05 20:55:00+00:00,4253.0,tiempo,23.5,2.0,21.5,55.0,0.39090909090909093
1,1,2015-02-06 15:44:00+00:00,2015-02-06 15:45:00+00:00,4266.0,4237.75,4322.5,2015-02-06 18:25:00+00:00,4237.5,stop,-57.0,2.0,-59.0,56.5,-1.0442477876106195
-1,1,2015-02-09 15:59:00+00:00,2015-02-09 16:00:00+00:00,4203.75,4225.75,4159.75,2015-02-09 17:29:00+00:00,4226.0,stop,-44.5,2.0,-46.5,44.0,-1.0568181818181819
1,1,2015-02-10 16:29:00+00:00,2015-02-10 16:30:00+00:00,4249.0,4229.5,4288.0,2015-02-10 20:55:00+00:00,4280.0,tiempo,62.0,2.0,60.0,39.0,1.5384615384615385
1,1,2015-02-11 15:44:00+00:00,2015-02-11 15:45:00+00:00,4297.0,4278.75,4333.5,2015-02-11 18:11:00+00:00,4278.5,stop,-37.0,2.0,-39.0,36.5,-1.0684931506849316
1,1,2015-02-12 17:09:00+00:00,2015-02-12 17:10:00+00:00,4330.25,4315.0,4360.75,2015-02-12 20:55:00+00:00,4342.25,tiempo,24.0,2.0,22.0,30.5,0.7213114754098361
-1,1,2015-02-13 15:09:00+00:00,2015-02-13 15:10:00+00:00,4349.75,4364.0,4321.25,2015-02-13 16:48:00+00:00,4364.25,stop,-29.0,2.0,-31.0,28.5,-1.087719298245614
1,1,2015-02-17 15:44:00+00:00,2015-02-17 15:45:00+00:00,4384.5,4370.25,4413.0,2015-02-17 20:55:00+00:00,4378.5,tiempo,-12.0,2.0,-14.0,28.5,-0.49122807017543857
-1,1,2015-02-18 15:24:00+00:00,2015-02-18 15:25:00+00:00,4375.0,4386.0,4353.0,2015-02-18 15:51:00+00:00,4386.25,stop,-22.5,2.0,-24.5,22.0,-1.1136363636363635
1,1,2015-02-19 15:09:00+00:00,2015-02-19 15:10:00+00:00,4403.0,4387.25,4434.5,2015-02-19 20:55:00+00:00,4408.75,tiempo,11.5,2.0,9.5,31.5,0.30158730158730157
1,1,2015-02-20 15:39:00+00:00,2015-02-20 15:40:00+00:00,4417.0,4396.0,4459.0,2015-02-20 20:55:00+00:00,4438.25,tiempo,42.5,2.0,40.5,42.0,0.9642857142857143
-1,1,2015-02-23 15:19:00+00:00,2015-02-23 15:20:00+00:00,4432.0,4443.75,4408.5,2015-02-23 17:07:00+00:00,4444.0,stop,-24.0,2.0,-26.0,23.5,-1.1063829787234043
1,1,2015-02-24 15:29:00+00:00,2015-02-24 15:30:00+00:00,4443.5,4431.5,4467.5,2015-02-24 20:55:00+00:00,4448.75,tiempo,10.5,2.0,8.5,24.0,0.3541666666666667
1,1,2015-02-25 15:04:00+00:00,2015-02-25 15:05:00+00:00,4446.25,4438.0,4462.75,2015-02-25 19:41:00+00:00,4437.75,stop,-17.0,2.0,-19.0,16.5,-1.1515151515151516
1,1,2015-02-26 15:44:00+00:00,2015-02-26 15:45:00+00:00,4450.5,4431.0,4489.5,2015-02-26 20:55:00+00:00,4463.25,tiempo,25.5,2.0,23.5,39.0,0.6025641025641025
-1,1,2015-02-27 19:14:00+00:00,2015-02-27 19:15:00+00:00,4445.25,4462.75,4410.25,2015-02-27 20:55:00+00:00,4437.75,tiempo,15.0,2.0,13.0,35.0,0.37142857142857144
1,1,2015-03-02 15:14:00+00:00,2015-03-02 15:15:00+00:00,4472.5,4449.75,4518.0,2015-03-02 20:55:00+00:00,4481.75,tiempo,18.5,2.0,16.5,45.5,0.3626373626373626
-1,1,2015-03-03 15:54:00+00:00,2015-03-03 15:55:00+00:00,4452.25,4472.5,4411.75,2015-03-03 20:55:00+00:00,4458.75,tiempo,-13.0,2.0,-15.0,40.5,-0.37037037037037035
1,1,2015-03-04 16:19:00+00:00,2015-03-04 16:20:00+00:00,4449.25,4421.5,4504.75,2015-03-04 20:55:00+00:00,4444.25,tiempo,-10.0,2.0,-12.0,55.5,-0.21621621621621623
1,1,2015-03-05 15:09:00+00:00,2015-03-05 15:10:00+00:00,4461.5,4449.0,4486.5,2015-03-05 16:08:00+00:00,4448.75,stop,-25.5,2.0,-27.5,25.0,-1.1
1,1,2015-03-06 15:29:00+00:00,2015-03-06 15:30:00+00:00,4451.25,4434.0,4485.75,2015-03-06 16:06:00+00:00,4433.75,stop,-35.0,2.0,-37.0,34.5,-1.0724637681159421
1,1,2015-03-09 17:34:00+00:00,2015-03-09 17:35:00+00:00,4414.75,4391.75,4460.75,2015-03-09 19:55:00+00:00,4417.25,tiempo,5.0,2.0,3.0,46.0,0.06521739130434782
-1,1,2015-03-10 14:14:00+00:00,2015-03-10 14:15:00+00:00,4358.0,4383.25,4307.5,2015-03-10 19:55:00+00:00,4335.5,tiempo,45.0,2.0,43.0,50.5,0.8514851485148515
1,1,2015-03-11 14:09:00+00:00,2015-03-11 14:10:00+00:00,4341.0,4323.25,4376.5,2015-03-11 14:34:00+00:00,4323.0,stop,-36.0,2.0,-38.0,35.5,-1.0704225352112675
1,1,2015-03-12 15:19:00+00:00,2015-03-12 15:20:00+00:00,4331.5,4300.25,4394.0,2015-03-12 19:55:00+00:00,4337.25,tiempo,11.5,2.0,9.5,62.5,0.152
-1,1,2015-03-13 14:29:00+00:00,2015-03-13 14:30:00+00:00,4318.75,4347.5,4261.25,2015-03-13 19:55:00+00:00,4319.0,tiempo,-0.5,2.0,-2.5,57.5,-0.043478260869565216
1,1,2015-03-16 14:09:00+00:00,2015-03-16 14:10:00+00:00,4345.0,4319.25,4396.5,2015-03-16 19:55:00+00:00,4360.75,tiempo,31.5,2.0,29.5,51.5,0.5728155339805825
-1,1,2015-03-17 15:19:00+00:00,2015-03-17 15:20:00+00:00,4343.0,4361.0,4307.0,2015-03-17 16:42:00+00:00,4361.25,stop,-36.5,2.0,-38.5,36.0,-1.0694444444444444
1,1,2015-03-18 14:59:00+00:00,2015-03-18 15:00:00+00:00,4361.5,4347.0,4390.5,2015-03-18 17:05:00+00:00,4346.75,stop,-29.5,2.0,-31.5,29.0,-1.0862068965517242
1,1,2015-03-19 14:19:00+00:00,2015-03-19 14:20:00+00:00,4430.25,4413.0,4464.75,2015-03-19 17:00:00+00:00,4412.75,stop,-35.0,2.0,-37.0,34.5,-1.0724637681159421
1,1,2015-03-20 15:24:00+00:00,2015-03-20 15:25:00+00:00,4461.0,4448.25,4486.5,2015-03-20 19:55:00+00:00,4455.25,tiempo,-11.5,2.0,-13.5,25.5,-0.5294117647058824
1,1,2015-03-23 14:14:00+00:00,2015-03-23 14:15:00+00:00,4455.0,4440.5,4484.0,2015-03-23 19:55:00+00:00,4443.75,tiempo,-22.5,2.0,-24.5,29.0,-0.8448275862068966
1,1,2015-03-24 14:04:00+00:00,2015-03-24 14:05:00+00:00,4449.5,4432.0,4484.5,2015-03-24 18:18:00+00:00,4431.75,stop,-35.5,2.0,-37.5,35.0,-1.0714285714285714
-1,1,2015-03-25 15:19:00+00:00,2015-03-25 15:20:00+00:00,4396.0,4436.0,4316.0,2015-03-25 19:55:00+00:00,4322.0,tiempo,148.0,2.0,146.0,80.0,1.825
1,1,2015-03-26 15:54:00+00:00,2015-03-26 15:55:00+00:00,4313.5,4272.0,4396.5,2015-03-26 19:55:00+00:00,4308.5,tiempo,-10.0,2.0,-12.0,83.0,-0.14457831325301204
1,1,2015-03-27 14:04:00+00:00,2015-03-27 14:05:00+00:00,4326.75,4305.0,4370.25,2015-03-27 14:12:00+00:00,4304.75,stop,-44.0,2.0,-46.0,43.5,-1.0574712643678161
1,1,2015-03-30 19:49:00+00:00,2015-03-30 19:50:00+00:00,4376.5,4349.5,4430.5,2015-03-30 19:55:00+00:00,4374.25,tiempo,-4.5,2.0,-6.5,54.0,-0.12037037037037036
1,1,2015-03-31 15:14:00+00:00,2015-03-31 15:15:00+00:00,4370.0,4344.75,4420.5,2015-03-31 19:14:00+00:00,4344.5,stop,-51.0,2.0,-53.0,50.5,-1.0495049504950495
1,1,2015-04-06 14:24:00+00:00,2015-04-06 14:25:00+00:00,4327.25,4275.25,4431.25,2015-04-06 19:55:00+00:00,4345.75,tiempo,37.0,2.0,35.0,104.0,0.33653846153846156
1,1,2015-04-07 14:29:00+00:00,2015-04-07 14:30:00+00:00,4365.75,4339.5,4418.25,2015-04-07 19:41:00+00:00,4339.25,stop,-53.0,2.0,-55.0,52.5,-1.0476190476190477
1,1,2015-04-08 18:19:00+00:00,2015-04-08 18:20:00+00:00,4370.75,4336.25,4439.75,2015-04-08 19:55:00+00:00,4363.5,tiempo,-14.5,2.0,-16.5,69.0,-0.2391304347826087
-1,1,2015-04-09 14:49:00+00:00,2015-04-09 14:50:00+00:00,4364.0,4390.0,4312.0,2015-04-09 19:12:00+00:00,4390.25,stop,-52.5,2.0,-54.5,52.0,-1.0480769230769231
1,1,2015-04-10 14:09:00+00:00,2015-04-10 14:10:00+00:00,4401.75,4385.75,4433.75,2015-04-10 19:55:00+00:00,4412.5,tiempo,21.5,2.0,19.5,32.0,0.609375
1,1,2015-04-13 14:24:00+00:00,2015-04-13 14:25:00+00:00,4440.0,4417.5,4485.0,2015-04-13 17:11:00+00:00,4417.25,stop,-45.5,2.0,-47.5,45.0,-1.0555555555555556
-1,1,2015-04-14 14:04:00+00:00,2015-04-14 14:05:00+00:00,4373.25,4413.0,4293.75,2015-04-14 19:55:00+00:00,4388.0,tiempo,-29.5,2.0,-31.5,79.5,-0.39622641509433965
-1,1,2015-04-15 15:39:00+00:00,2015-04-15 15:40:00+00:00,4397.75,4412.5,4368.25,2015-04-15 17:15:00+00:00,4412.75,stop,-30.0,2.0,-32.0,29.5,-1.0847457627118644
-1,1,2015-04-16 14:34:00+00:00,2015-04-16 14:35:00+00:00,4402.25,4419.0,4368.75,2015-04-16 17:49:00+00:00,4419.25,stop,-34.0,2.0,-36.0,33.5,-1.0746268656716418
-1,1,2015-04-17 14:04:00+00:00,2015-04-17 14:05:00+00:00,4350.0,4382.75,4284.5,2015-04-17 19:55:00+00:00,4343.0,tiempo,14.0,2.0,12.0,65.5,0.183206106870229
1,1,2015-04-20 14:34:00+00:00,2015-04-20 14:35:00+00:00,4391.75,4363.0,4449.25,2015-04-20 19:55:00+00:00,4410.75,tiempo,38.0,2.0,36.0,57.5,0.6260869565217392
-1,1,2015-04-22 14:04:00+00:00,2015-04-22 14:05:00+00:00,4415.5,4443.0,4360.5,2015-04-22 17:42:00+00:00,4443.25,stop,-55.5,2.0,-57.5,55.0,-1.0454545454545454
1,1,2015-04-23 14:04:00+00:00,2015-04-23 14:05:00+00:00,4457.25,4436.25,4499.25,2015-04-23 19:55:00+00:00,4471.5,tiempo,28.5,2.0,26.5,42.0,0.6309523809523809
1,1,2015-04-24 15:14:00+00:00,2015-04-24 15:15:00+00:00,4525.0,4511.0,4553.0,2015-04-24 19:55:00+00:00,4529.0,tiempo,8.0,2.0,6.0,28.0,0.21428571428571427
-1,1,2015-04-27 15:54:00+00:00,2015-04-27 15:55:00+00:00,4537.0,4554.5,4502.0,2015-04-27 19:55:00+00:00,4513.0,tiempo,48.0,2.0,46.0,35.0,1.3142857142857143
-1,1,2015-04-28 14:04:00+00:00,2015-04-28 14:05:00+00:00,4488.0,4525.25,4413.5,2015-04-28 16:09:00+00:00,4525.5,stop,-75.0,2.0,-77.0,74.5,-1.0335570469798658
-1,1,2015-04-29 14:24:00+00:00,2015-04-29 14:25:00+00:00,4483.0,4511.0,4427.0,2015-04-29 19:55:00+00:00,4479.25,tiempo,7.5,2.0,5.5,56.0,0.09821428571428571
-1,1,2015-04-30 14:04:00+00:00,2015-04-30 14:05:00+00:00,4442.75,4474.5,4379.25,2015-04-30 19:55:00+00:00,4401.25,tiempo,83.0,2.0,81.0,63.5,1.2755905511811023
1,1,2015-05-01 14:19:00+00:00,2015-05-01 14:20:00+00:00,4448.0,4426.0,4492.0,2015-05-01 19:55:00+00:00,4468.5,tiempo,41.0,2.0,39.0,44.0,0.8863636363636364
-1,1,2015-05-04 17:09:00+00:00,2015-05-04 17:10:00+00:00,4474.25,4503.5,4415.75,2015-05-04 19:55:00+00:00,4475.75,tiempo,-3.0,2.0,-5.0,58.5,-0.08547008547008547
-1,1,2015-05-05 14:04:00+00:00,2015-05-05 14:05:00+00:00,4431.25,4466.0,4361.75,2015-05-05 19:55:00+00:00,4404.0,tiempo,54.5,2.0,52.5,69.5,0.7553956834532374
-1,1,2015-05-06 14:09:00+00:00,2015-05-06 14:10:00+00:00,4363.75,4422.5,4246.25,2015-05-06 19:55:00+00:00,4364.0,tiempo,-0.5,2.0,-2.5,117.5,-0.02127659574468085
1,1,2015-05-07 15:29:00+00:00,2015-05-07 15:30:00+00:00,4398.75,4366.75,4462.75,2015-05-07 19:55:00+00:00,4398.5,tiempo,-0.5,2.0,-2.5,64.0,-0.0390625
1,1,2015-05-08 15:19:00+00:00,2015-05-08 15:20:00+00:00,4458.75,4436.75,4502.75,2015-05-08 19:55:00+00:00,4457.0,tiempo,-3.5,2.0,-5.5,44.0,-0.125
-1,1,2015-05-11 14:34:00+00:00,2015-05-11 14:35:00+00:00,4443.25,4464.5,4400.75,2015-05-11 19:55:00+00:00,4438.0,tiempo,10.5,2.0,8.5,42.5,0.2
1,1,2015-05-12 14:44:00+00:00,2015-05-12 14:45:00+00:00,4409.5,4374.5,4479.5,2015-05-12 19:55:00+00:00,4423.0,tiempo,27.0,2.0,25.0,70.0,0.35714285714285715
-1,1,2015-05-13 15:04:00+00:00,2015-05-13 15:05:00+00:00,4425.75,4457.75,4361.75,2015-05-13 19:55:00+00:00,4423.0,tiempo,5.5,2.0,3.5,64.0,0.0546875
1,1,2015-05-14 14:14:00+00:00,2015-05-14 14:15:00+00:00,4466.5,4444.0,4511.5,2015-05-14 19:55:00+00:00,4489.75,tiempo,46.5,2.0,44.5,45.0,0.9888888888888889
-1,1,2015-05-15 14:04:00+00:00,2015-05-15 14:05:00+00:00,4481.0,4506.75,4429.5,2015-05-15 19:55:00+00:00,4488.5,tiempo,-15.0,2.0,-17.0,51.5,-0.3300970873786408
1,1,2015-05-18 15:14:00+00:00,2015-05-18 15:15:00+00:00,4496.5,4478.25,4533.0,2015-05-18 19:55:00+00:00,4511.5,tiempo,30.0,2.0,28.0,36.5,0.7671232876712328
-1,1,2015-05-19 14:54:00+00:00,2015-05-19 14:55:00+00:00,4507.5,4520.5,4481.5,2015-05-19 19:55:00+00:00,4500.75,tiempo,13.5,2.0,11.5,26.0,0.4423076923076923
1,1,2015-05-20 18:14:00+00:00,2015-05-20 18:15:00+00:00,4511.5,4482.25,4570.0,2015-05-20 19:55:00+00:00,4506.5,tiempo,-10.0,2.0,-12.0,58.5,-0.20512820512820512
1,1,2015-05-21 14:04:00+00:00,2015-05-21 14:05:00+00:00,4509.5,4492.0,4544.5,2015-05-21 19:55:00+00:00,4530.0,tiempo,41.0,2.0,39.0,35.0,1.1142857142857143
1,1,2015-05-22 14:14:00+00:00,2015-05-22 14:15:00+00:00,4538.5,4522.0,4571.5,2015-05-22 19:55:00+00:00,4528.5,tiempo,-20.0,2.0,-22.0,33.0,-0.6666666666666666
1,1,2015-05-25 14:04:00+00:00,2015-05-25 14:05:00+00:00,4529.25,4522.25,4543.25,2015-05-25 16:59:00+00:00,4525.75,fin_de_datos,-7.0,2.0,-9.0,14.0,-0.6428571428571429
-1,1,2015-05-26 14:04:00+00:00,2015-05-26 14:05:00+00:00,4485.5,4521.75,4413.0,2015-05-26 19:55:00+00:00,4473.5,tiempo,24.0,2.0,22.0,72.5,0.30344827586206896
1,1,2015-05-27 14:54:00+00:00,2015-05-27 14:55:00+00:00,4515.75,4477.0,4593.25,2015-05-27 19:55:00+00:00,4547.0,tiempo,62.5,2.0,60.5,77.5,0.7806451612903226
-1,1,2015-05-29 14:09:00+00:00,2015-05-29 14:10:00+00:00,4524.0,4539.0,4494.0,2015-05-29 19:55:00+00:00,4511.75,tiempo,24.5,2.0,22.5,30.0,0.75
-1,1,2015-06-01 14:14:00+00:00,2015-06-01 14:15:00+00:00,4491.75,4536.0,4403.25,2015-06-01 19:55:00+00:00,4519.75,tiempo,-56.0,2.0,-58.0,88.5,-0.655367231638418
1,1,2015-06-02 14:39:00+00:00,2015-06-02 14:40:00+00:00,4512.5,4483.75,4570.0,2015-06-02 19:55:00+00:00,4510.25,tiempo,-4.5,2.0,-6.5,57.5,-0.11304347826086956
1,1,2015-06-03 14:14:00+00:00,2015-06-03 14:15:00+00:00,4536.75,4513.75,4582.75,2015-06-03 16:26:00+00:00,4513.5,stop,-46.5,2.0,-48.5,46.0,-1.0543478260869565
1,1,2015-06-04 14:04:00+00:00,2015-06-04 14:05:00+00:00,4522.75,4493.25,4581.75,2015-06-04 17:01:00+00:00,4493.0,stop,-59.5,2.0,-61.5,59.0,-1.0423728813559323
1,1,2015-06-05 14:39:00+00:00,2015-06-05 14:40:00+00:00,4490.75,4449.25,4573.75,2015-06-05 19:55:00+00:00,4477.5,tiempo,-26.5,2.0,-28.5,83.0,-0.3433734939759036
-1,1,2015-06-08 14:54:00+00:00,2015-06-08 14:55:00+00:00,4454.25,4478.5,4405.75,2015-06-08 19:55:00+00:00,4433.75,tiempo,41.0,2.0,39.0,48.5,0.8041237113402062
-1,1,2015-06-09 14:04:00+00:00,2015-06-09 14:05:00+00:00,4399.5,4428.5,4341.5,2015-06-09 16:57:00+00:00,4428.75,stop,-58.5,2.0,-60.5,58.0,-1.043103448275862
1,1,2015-06-10 14:09:00+00:00,2015-06-10 14:10:00+00:00,4460.25,4433.5,4513.75,2015-06-10 19:55:00+00:00,4489.0,tiempo,57.5,2.0,55.5,53.5,1.0373831775700935
-1,1,2015-06-11 14:39:00+00:00,2015-06-11 14:40:00+00:00,4490.5,4512.0,4447.5,2015-06-11 19:55:00+00:00,4486.75,tiempo,7.5,2.0,5.5,43.0,0.12790697674418605
-1,1,2015-06-12 14:34:00+00:00,2015-06-12 14:35:00+00:00,4457.5,4475.75,4421.0,2015-06-12 19:55:00+00:00,4455.75,tiempo,3.5,2.0,1.5,36.5,0.0410958904109589
1,1,2015-06-15 15:14:00+00:00,2015-06-15 15:15:00+00:00,4418.25,4386.5,4481.75,2015-06-15 19:55:00+00:00,4426.5,tiempo,16.5,2.0,14.5,63.5,0.2283464566929134
1,1,2015-06-16 16:34:00+00:00,2015-06-16 16:35:00+00:00,4440.75,4416.75,4488.75,2015-06-16 19:55:00+00:00,4446.5,tiempo,11.5,2.0,9.5,48.0,0.19791666666666666
-1,1,2015-06-17 15:29:00+00:00,2015-06-17 15:30:00+00:00,4449.0,4465.5,4416.0,2015-06-17 18:40:00+00:00,4465.75,stop,-33.5,2.0,-35.5,33.0,-1.0757575757575757
1,1,2015-06-18 14:09:00+00:00,2015-06-18 14:10:00+00:00,4512.75,4475.0,4588.25,2015-06-18 19:55:00+00:00,4523.5,tiempo,21.5,2.0,19.5,75.5,0.2582781456953642
-1,1,2015-06-19 14:39:00+00:00,2015-06-19 14:40:00+00:00,4511.5,4533.5,4467.5,2015-06-19 19:55:00+00:00,4512.5,tiempo,-2.0,2.0,-4.0,44.0,-0.09090909090909091
1,1,2015-06-22 15:09:00+00:00,2015-06-22 15:10:00+00:00,4547.25,4531.75,4578.25,2015-06-22 16:27:00+00:00,4531.5,stop,-31.5,2.0,-33.5,31.0,-1.0806451612903225
-1,1,2015-06-23 14:19:00+00:00,2015-06-23 14:20:00+00:00,4528.75,4545.75,4494.75,2015-06-23 19:55:00+00:00,4543.25,tiempo,-29.0,2.0,-31.0,34.0,-0.9117647058823529
1,1,2015-06-24 14:04:00+00:00,2015-06-24 14:05:00+00:00,4543.25,4530.0,4569.75,2015-06-24 16:10:00+00:00,4529.75,stop,-27.0,2.0,-29.0,26.5,-1.0943396226415094
-1,1,2015-06-25 18:04:00+00:00,2015-06-25 18:05:00+00:00,4515.75,4536.75,4473.75,2015-06-25 19:55:00+00:00,4509.5,tiempo,12.5,2.0,10.5,42.0,0.25
-1,1,2015-06-26 14:59:00+00:00,2015-06-26 15:00:00+00:00,4485.75,4512.25,4432.75,2015-06-26 19:55:00+00:00,4477.75,tiempo,16.0,2.0,14.0,53.0,0.2641509433962264
-1,1,2015-06-29 15:14:00+00:00,2015-06-29 15:15:00+00:00,4417.75,4451.5,4350.25,2015-06-29 19:55:00+00:00,4374.75,tiempo,86.0,2.0,84.0,67.5,1.2444444444444445
-1,1,2015-06-30 14:44:00+00:00,2015-06-30 14:45:00+00:00,4384.75,4403.75,4346.75,2015-06-30 17:53:00+00:00,4404.0,stop,-38.5,2.0,-40.5,38.0,-1.0657894736842106
-1,1,2015-07-01 14:49:00+00:00,2015-07-01 14:50:00+00:00,4417.0,4436.75,4377.5,2015-07-01 19:55:00+00:00,4419.25,tiempo,-4.5,2.0,-6.5,39.5,-0.16455696202531644
-1,1,2015-07-02 14:09:00+00:00,2015-07-02 14:10:00+00:00,4420.0,4437.25,4385.5,2015-07-02 19:55:00+00:00,4426.5,tiempo,-13.0,2.0,-15.0,34.5,-0.43478260869565216
-1,1,2015-07-03 14:14:00+00:00,2015-07-03 14:15:00+00:00,4414.0,4425.5,4391.0,2015-07-03 16:59:00+00:00,4418.0,fin_de_datos,-8.0,2.0,-10.0,23.0,-0.43478260869565216
1,1,2015-07-06 14:14:00+00:00,2015-07-06 14:15:00+00:00,4415.75,4384.75,4477.75,2015-07-06 19:55:00+00:00,4409.25,tiempo,-13.0,2.0,-15.0,62.0,-0.24193548387096775
-1,1,2015-07-07 14:04:00+00:00,2015-07-07 14:05:00+00:00,4381.25,4418.25,4307.25,2015-07-07 18:58:00+00:00,4418.5,stop,-74.5,2.0,-76.5,74.0,-1.0337837837837838
-1,1,2015-07-08 14:04:00+00:00,2015-07-08 14:05:00+00:00,4359.0,4396.25,4284.5,2015-07-08 19:55:00+00:00,4350.0,tiempo,18.0,2.0,16.0,74.5,0.21476510067114093
-1,1,2015-07-09 14:24:00+00:00,2015-07-09 14:25:00+00:00,4385.5,4407.25,4342.0,2015-07-09 19:55:00+00:00,4351.25,tiempo,68.5,2.0,66.5,43.5,1.528735632183908
-1,1,2015-07-10 14:44:00+00:00,2015-07-10 14:45:00+00:00,4388.0,4402.5,4359.0,2015-07-10 15:01:00+00:00,4402.75,stop,-29.5,2.0,-31.5,29.0,-1.0862068965517242
1,1,2015-07-13 14:19:00+00:00,2015-07-13 14:20:00+00:00,4475.5,4448.25,4530.0,2015-07-13 19:55:00+00:00,4488.5,tiempo,26.0,2.0,24.0,54.5,0.44036697247706424
1,1,2015-07-14 14:04:00+00:00,2015-07-14 14:05:00+00:00,4505.0,4491.0,4533.0,2015-07-14 19:55:00+00:00,4518.0,tiempo,26.0,2.0,24.0,28.0,0.8571428571428571
1,1,2015-07-15 14:09:00+00:00,2015-07-15 14:10:00+00:00,4537.0,4519.5,4572.0,2015-07-15 18:36:00+00:00,4519.25,stop,-35.5,2.0,-37.5,35.0,-1.0714285714285714
1,1,2015-07-16 15:04:00+00:00,2015-07-16 15:05:00+00:00,4567.75,4551.0,4601.25,2015-07-16 19:55:00+00:00,4583.5,tiempo,31.5,2.0,29.5,33.5,0.8805970149253731
1,1,2015-07-17 14:04:00+00:00,2015-07-17 14:05:00+00:00,4629.0,4615.5,4656.0,2015-07-17 19:55:00+00:00,4651.25,tiempo,44.5,2.0,42.5,27.0,1.5740740740740742
1,1,2015-07-20 14:59:00+00:00,2015-07-20 15:00:00+00:00,4666.0,4650.25,4697.5,2015-07-20 19:55:00+00:00,4667.25,tiempo,2.5,2.0,0.5,31.5,0.015873015873015872
-1,1,2015-07-21 14:44:00+00:00,2015-07-21 14:45:00+00:00,4659.5,4676.25,4626.0,2015-07-21 19:55:00+00:00,4670.75,tiempo,-22.5,2.0,-24.5,33.5,-0.7313432835820896
1,1,2015-07-23 14:24:00+00:00,2015-07-23 14:25:00+00:00,4626.75,4609.75,4660.75,2015-07-23 15:57:00+00:00,4609.5,stop,-34.5,2.0,-36.5,34.0,-1.0735294117647058
-1,1,2015-07-24 14:19:00+00:00,2015-07-24 14:20:00+00:00,4598.25,4623.75,4547.25,2015-07-24 18:52:00+00:00,4547.25,objetivo,102.0,2.0,100.0,51.0,1.9607843137254901
1,1,2015-07-27 14:34:00+00:00,2015-07-27 14:35:00+00:00,4537.5,4507.25,4598.0,2015-07-27 17:36:00+00:00,4507.0,stop,-61.0,2.0,-63.0,60.5,-1.0413223140495869
-1,1,2015-07-28 14:29:00+00:00,2015-07-28 14:30:00+00:00,4499.75,4534.0,4431.25,2015-07-28 16:08:00+00:00,4534.25,stop,-69.0,2.0,-71.0,68.5,-1.0364963503649636
-1,1,2015-07-29 14:04:00+00:00,2015-07-29 14:05:00+00:00,4547.0,4568.5,4504.0,2015-07-29 18:01:00+00:00,4568.75,stop,-43.5,2.0,-45.5,43.0,-1.058139534883721
1,1,2015-07-30 15:34:00+00:00,2015-07-30 15:35:00+00:00,4568.0,4534.25,4635.5,2015-07-30 19:55:00+00:00,4594.25,tiempo,52.5,2.0,50.5,67.5,0.7481481481481481
-1,1,2015-07-31 18:24:00+00:00,2015-07-31 18:25:00+00:00,4581.25,4608.25,4527.25,2015-07-31 19:55:00+00:00,4581.75,tiempo,-1.0,2.0,-3.0,54.0,-0.05555555555555555
-1,1,2015-08-03 14:24:00+00:00,2015-08-03 14:25:00+00:00,4577.25,4599.25,4533.25,2015-08-03 19:55:00+00:00,4564.5,tiempo,25.5,2.0,23.5,44.0,0.5340909090909091
-1,1,2015-08-04 14:59:00+00:00,2015-08-04 15:00:00+00:00,4546.25,4574.5,4489.75,2015-08-04 17:32:00+00:00,4574.75,stop,-57.0,2.0,-59.0,56.5,-1.0442477876106195
1,1,2015-08-05 14:29:00+00:00,2015-08-05 14:30:00+00:00,4619.0,4583.0,4691.0,2015-08-05 19:55:00+00:00,4596.5,tiempo,-45.0,2.0,-47.0,72.0,-0.6527777777777778
-1,1,2015-08-06 14:19:00+00:00,2015-08-06 14:20:00+00:00,4564.0,4608.0,4476.0,2015-08-06 19:55:00+00:00,4527.5,tiempo,73.0,2.0,71.0,88.0,0.8068181818181818
-1,1,2015-08-07 15:14:00+00:00,2015-08-07 15:15:00+00:00,4495.25,4528.75,4428.25,2015-08-07 19:55:00+00:00,4513.5,tiempo,-36.5,2.0,-38.5,67.0,-0.5746268656716418
1,1,2015-08-10 18:19:00+00:00,2015-08-10 18:20:00+00:00,4578.75,4546.0,4644.25,2015-08-10 19:55:00+00:00,4565.5,tiempo,-26.5,2.0,-28.5,65.5,-0.4351145038167939
-1,1,2015-08-11 15:04:00+00:00,2015-08-11 15:05:00+00:00,4529.0,4563.25,4460.5,2015-08-11 19:55:00+00:00,4513.5,tiempo,31.0,2.0,29.0,68.5,0.4233576642335766
-1,1,2015-08-12 14:14:00+00:00,2015-08-12 14:15:00+00:00,4447.75,4480.5,4382.25,2015-08-12 16:45:00+00:00,4480.75,stop,-66.0,2.0,-68.0,65.5,-1.0381679389312977
1,1,2015-08-13 16:29:00+00:00,2015-08-13 16:30:00+00:00,4547.25,4512.75,4616.25,2015-08-13 19:55:00+00:00,4521.25,tiempo,-52.0,2.0,-54.0,69.0,-0.782608695652174
1,1,2015-08-14 19:04:00+00:00,2015-08-14 19:05:00+00:00,4527.25,4502.0,4577.75,2015-08-14 19:55:00+00:00,4527.75,tiempo,1.0,2.0,-1.0,50.5,-0.019801980198019802
1,1,2015-08-17 14:09:00+00:00,2015-08-17 14:10:00+00:00,4517.25,4503.25,4545.25,2015-08-17 15:02:00+00:00,4545.25,objetivo,56.0,2.0,54.0,28.0,1.9285714285714286
1,1,2015-08-18 14:19:00+00:00,2015-08-18 14:20:00+00:00,4558.25,4542.5,4589.75,2015-08-18 17:00:00+00:00,4542.25,stop,-32.0,2.0,-34.0,31.5,-1.0793650793650793
-1,1,2015-08-19 15:19:00+00:00,2015-08-19 15:20:00+00:00,4498.25,4526.75,4441.25,2015-08-19 18:05:00+00:00,4527.0,stop,-57.5,2.0,-59.5,57.0,-1.043859649122807
-1,1,2015-08-20 14:04:00+00:00,2015-08-20 14:05:00+00:00,4449.25,4482.25,4383.25,2015-08-20 19:55:00+00:00,4391.0,tiempo,116.5,2.0,114.5,66.0,1.7348484848484849
1,1,2015-08-21 14:04:00+00:00,2015-08-21 14:05:00+00:00,4356.0,4302.25,4463.5,2015-08-21 14:39:00+00:00,4302.0,stop,-108.0,2.0,-110.0,107.5,-1.0232558139534884
1,1,2015-08-24 14:04:00+00:00,2015-08-24 14:05:00+00:00,4052.0,3908.25,4339.5,2015-08-24 19:55:00+00:00,4089.5,tiempo,75.0,2.0,73.0,287.5,0.2539130434782609
1,1,2015-08-25 15:14:00+00:00,2015-08-25 15:15:00+00:00,4192.75,4134.5,4309.25,2015-08-25 17:27:00+00:00,4134.25,stop,-117.0,2.0,-119.0,116.5,-1.0214592274678111
-1,1,2015-08-26 14:19:00+00:00,2015-08-26 14:20:00+00:00,4080.75,4149.75,3942.75,2015-08-26 18:45:00+00:00,4150.0,stop,-138.5,2.0,-140.5,138.0,-1.0181159420289856
1,1,2015-08-27 14:59:00+00:00,2015-08-27 15:00:00+00:00,4300.0,4264.5,4371.0,2015-08-27 18:50:00+00:00,4264.25,stop,-71.5,2.0,-73.5,71.0,-1.0352112676056338
1,1,2015-08-28 15:19:00+00:00,2015-08-28 15:20:00+00:00,4326.0,4297.75,4382.5,2015-08-28 15:57:00+00:00,4297.5,stop,-57.0,2.0,-59.0,56.5,-1.0442477876106195
-1,1,2015-08-31 14:04:00+00:00,2015-08-31 14:05:00+00:00,4274.75,4315.75,4192.75,2015-08-31 15:41:00+00:00,4316.0,stop,-82.5,2.0,-84.5,82.0,-1.0304878048780488
-1,1,2015-09-01 18:19:00+00:00,2015-09-01 18:20:00+00:00,4152.25,4223.0,4010.75,2015-09-01 19:55:00+00:00,4141.5,tiempo,21.5,2.0,19.5,141.5,0.13780918727915195
-1,1,2015-09-02 14:19:00+00:00,2015-09-02 14:20:00+00:00,4179.5,4211.25,4116.0,2015-09-02 17:14:00+00:00,4211.5,stop,-64.0,2.0,-66.0,63.5,-1.0393700787401574
1,1,2015-09-03 14:54:00+00:00,2015-09-03 14:55:00+00:00,4287.75,4257.25,4348.75,2015-09-03 16:40:00+00:00,4257.0,stop,-61.5,2.0,-63.5,61.0,-1.040983606557377
1,1,2015-09-04 14:34:00+00:00,2015-09-04 14:35:00+00:00,4204.0,4171.25,4269.5,2015-09-04 16:45:00+00:00,4171.0,stop,-66.0,2.0,-68.0,65.5,-1.0381679389312977
-1,1,2015-09-07 14:14:00+00:00,2015-09-07 14:15:00+00:00,4211.0,4216.75,4199.5,2015-09-07 15:14:00+00:00,4217.0,stop,-12.0,2.0,-14.0,11.5,-1.2173913043478262
-1,1,2015-09-08 14:44:00+00:00,2015-09-08 14:45:00+00:00,4254.0,4291.5,4179.0,2015-09-08 19:32:00+00:00,4291.75,stop,-75.5,2.0,-77.5,75.0,-1.0333333333333334
-1,1,2015-09-09 14:04:00+00:00,2015-09-09 14:05:00+00:00,4326.0,4352.25,4273.5,2015-09-09 18:43:00+00:00,4273.5,objetivo,105.0,2.0,103.0,52.5,1.9619047619047618
1,1,2015-09-10 14:34:00+00:00,2015-09-10 14:35:00+00:00,4278.25,4241.75,4351.25,2015-09-10 19:55:00+00:00,4291.75,tiempo,27.0,2.0,25.0,73.0,0.3424657534246575
-1,1,2015-09-11 14:04:00+00:00,2015-09-11 14:05:00+00:00,4269.75,4289.0,4231.25,2015-09-11 15:51:00+00:00,4289.25,stop,-39.0,2.0,-41.0,38.5,-1.0649350649350648
1,1,2015-09-16 15:24:00+00:00,2015-09-16 15:25:00+00:00,4360.5,4335.75,4410.0,2015-09-16 19:55:00+00:00,4375.5,tiempo,30.0,2.0,28.0,49.5,0.5656565656565656
1,1,2015-09-17 14:19:00+00:00,2015-09-17 14:20:00+00:00,4377.5,4364.25,4404.0,2015-09-17 18:00:00+00:00,4404.0,objetivo,53.0,2.0,51.0,26.5,1.9245283018867925
1,1,2015-09-18 14:09:00+00:00,2015-09-18 14:10:00+00:00,4342.25,4305.25,4416.25,2015-09-18 19:45:00+00:00,4305.0,stop,-74.5,2.0,-76.5,74.0,-1.0337837837837838
1,1,2015-09-21 14:24:00+00:00,2015-09-21 14:25:00+00:00,4348.25,4326.75,4391.25,2015-09-21 16:01:00+00:00,4326.5,stop,-43.5,2.0,-45.5,43.0,-1.058139534883721
-1,1,2015-09-22 14:24:00+00:00,2015-09-22 14:25:00+00:00,4250.0,4273.5,4203.0,2015-09-22 19:55:00+00:00,4259.25,tiempo,-18.5,2.0,-20.5,47.0,-0.43617021276595747
1,1,2015-09-23 14:34:00+00:00,2015-09-23 14:35:00+00:00,4274.0,4247.5,4327.0,2015-09-23 15:54:00+00:00,4247.25,stop,-53.5,2.0,-55.5,53.0,-1.0471698113207548
-1,1,2015-09-24 14:29:00+00:00,2015-09-24 14:30:00+00:00,4199.75,4233.75,4131.75,2015-09-24 18:26:00+00:00,4234.0,stop,-68.5,2.0,-70.5,68.0,-1.036764705882353
-1,1,2015-09-25 14:19:00+00:00,2015-09-25 14:20:00+00:00,4274.0,4298.5,4225.0,2015-09-25 18:41:00+00:00,4225.0,objetivo,98.0,2.0,96.0,49.0,1.9591836734693877
-1,1,2015-09-28 14:09:00+00:00,2015-09-28 14:10:00+00:00,4146.5,4197.0,4045.5,2015-09-28 19:55:00+00:00,4103.25,tiempo,86.5,2.0,84.5,101.0,0.8366336633663366
1,1,2015-09-29 14:14:00+00:00,2015-09-29 14:15:00+00:00,4125.75,4072.75,4231.75,2015-09-29 18:52:00+00:00,4072.5,stop,-106.5,2.0,-108.5,106.0,-1.0235849056603774
1,1,2015-09-30 14:24:00+00:00,2015-09-30 14:25:00+00:00,4158.75,4124.25,4227.75,2015-09-30 16:13:00+00:00,4124.0,stop,-69.5,2.0,-71.5,69.0,-1.036231884057971
-1,1,2015-10-01 16:04:00+00:00,2015-10-01 16:05:00+00:00,4125.75,4177.25,4022.75,2015-10-01 19:53:00+00:00,4177.5,stop,-103.5,2.0,-105.5,103.0,-1.0242718446601942
1,1,2015-10-02 14:39:00+00:00,2015-10-02 14:40:00+00:00,4144.5,4111.5,4210.5,2015-10-02 17:03:00+00:00,4210.5,objetivo,132.0,2.0,130.0,66.0,1.9696969696969697
1,1,2015-10-05 14:14:00+00:00,2015-10-05 14:15:00+00:00,4296.5,4279.0,4331.5,2015-10-05 19:55:00+00:00,4321.0,tiempo,49.0,2.0,47.0,35.0,1.3428571428571427
-1,1,2015-10-06 14:19:00+00:00,2015-10-06 14:20:00+00:00,4297.0,4322.0,4247.0,2015-10-06 19:55:00+00:00,4299.5,tiempo,-5.0,2.0,-7.0,50.0,-0.14
-1,1,2015-10-07 14:44:00+00:00,2015-10-07 14:45:00+00:00,4302.75,4332.0,4244.25,2015-10-07 19:55:00+00:00,4315.75,tiempo,-26.0,2.0,-28.0,58.5,-0.47863247863247865
-1,1,2015-10-08 14:19:00+00:00,2015-10-08 14:20:00+00:00,4289.5,4309.75,4249.0,2015-10-08 18:31:00+00:00,4310.0,stop,-41.0,2.0,-43.0,40.5,-1.0617283950617284
1,1,2015-10-09 14:39:00+00:00,2015-10-09 14:40:00+00:00,4362.25,4331.25,4424.25,2015-10-09 19:55:00+00:00,4358.0,tiempo,-8.5,2.0,-10.5,62.0,-0.1693548387096774
-1,1,2015-10-12 14:24:00+00:00,2015-10-12 14:25:00+00:00,4354.5,4374.75,4314.0,2015-10-12 15:43:00+00:00,4375.0,stop,-41.0,2.0,-43.0,40.5,-1.0617283950617284
-1,1,2015-10-14 14:19:00+00:00,2015-10-14 14:20:00+00:00,4334.0,4365.0,4272.0,2015-10-14 16:55:00+00:00,4365.25,stop,-62.5,2.0,-64.5,62.0,-1.0403225806451613
1,1,2015-10-15 14:49:00+00:00,2015-10-15 14:50:00+00:00,4376.75,4348.25,4433.75,2015-10-15 15:56:00+00:00,4348.0,stop,-57.5,2.0,-59.5,57.0,-1.043859649122807
1,1,2015-10-16 15:09:00+00:00,2015-10-16 15:10:00+00:00,4420.5,4404.75,4452.0,2015-10-16 16:42:00+00:00,4404.5,stop,-32.0,2.0,-34.0,31.5,-1.0793650793650793
1,1,2015-10-19 14:04:00+00:00,2015-10-19 14:05:00+00:00,4436.0,4411.0,4486.0,2015-10-19 19:55:00+00:00,4446.0,tiempo,20.0,2.0,18.0,50.0,0.36
1,1,2015-10-20 14:09:00+00:00,2015-10-20 14:10:00+00:00,4450.0,4433.0,4484.0,2015-10-20 15:08:00+00:00,4432.75,stop,-34.5,2.0,-36.5,34.0,-1.0735294117647058
-1,1,2015-10-21 14:04:00+00:00,2015-10-21 14:05:00+00:00,4434.75,4456.25,4391.75,2015-10-21 19:55:00+00:00,4403.5,tiempo,62.5,2.0,60.5,43.0,1.4069767441860466
1,1,2015-10-22 14:19:00+00:00,2015-10-22 14:20:00+00:00,4466.5,4429.25,4541.0,2015-10-22 19:55:00+00:00,4485.5,tiempo,38.0,2.0,36.0,74.5,0.48322147651006714
1,1,2015-10-23 17:49:00+00:00,2015-10-23 17:50:00+00:00,4624.25,4590.5,4691.75,2015-10-23 19:55:00+00:00,4619.25,tiempo,-10.0,2.0,-12.0,67.5,-0.17777777777777778
-1,1,2015-10-26 14:14:00+00:00,2015-10-26 14:15:00+00:00,4598.25,4615.75,4563.25,2015-10-26 14:40:00+00:00,4616.0,stop,-35.5,2.0,-37.5,35.0,-1.0714285714285714
1,1,2015-10-27 15:04:00+00:00,2015-10-27 15:05:00+00:00,4635.75,4607.75,4691.75,2015-10-27 19:55:00+00:00,4627.25,tiempo,-17.0,2.0,-19.0,56.0,-0.3392857142857143
-1,1,2015-10-28 14:19:00+00:00,2015-10-28 14:20:00+00:00,4616.75,4641.75,4566.75,2015-10-28 15:11:00+00:00,4642.0,stop,-50.5,2.0,-52.5,50.0,-1.05
1,1,2015-10-29 15:34:00+00:00,2015-10-29 15:35:00+00:00,4660.25,4644.75,4691.25,2015-10-29 19:55:00+00:00,4663.25,tiempo,6.0,2.0,4.0,31.0,0.12903225806451613
-1,1,2015-10-30 15:04:00+00:00,2015-10-30 15:05:00+00:00,4658.75,4672.5,4631.25,2015-10-30 19:55:00+00:00,4653.0,tiempo,11.5,2.0,9.5,27.5,0.34545454545454546
1,1,2015-11-02 15:04:00+00:00,2015-11-02 15:05:00+00:00,4663.5,4644.25,4702.0,2015-11-02 20:55:00+00:00,4691.5,tiempo,56.0,2.0,54.0,38.5,1.4025974025974026
1,1,2015-11-03 15:19:00+00:00,2015-11-03 15:20:00+00:00,4693.0,4677.5,4724.0,2015-11-03 19:12:00+00:00,4724.0,objetivo,62.0,2.0,60.0,31.0,1.935483870967742
-1,1,2015-11-04 15:14:00+00:00,2015-11-04 15:15:00+00:00,4705.5,4729.5,4657.5,2015-11-04 20:55:00+00:00,4703.0,tiempo,5.0,2.0,3.0,48.0,0.0625
-1,1,2015-11-05 15:14:00+00:00,2015-11-05 15:15:00+00:00,4700.0,4724.25,4651.5,2015-11-05 20:55:00+00:00,4701.75,tiempo,-3.5,2.0,-5.5,48.5,-0.1134020618556701
-1,1,2015-11-06 15:04:00+00:00,2015-11-06 15:05:00+00:00,4670.25,4704.25,4602.25,2015-11-06 15:42:00+00:00,4704.5,stop,-68.5,2.0,-70.5,68.0,-1.036764705882353
-1,1,2015-11-09 15:04:00+00:00,2015-11-09 15:05:00+00:00,4671.5,4689.5,4635.5,2015-11-09 16:15:00+00:00,4635.5,objetivo,72.0,2.0,70.0,36.0,1.9444444444444444
1,1,2015-11-10 19:44:00+00:00,2015-11-10 19:45:00+00:00,4638.0,4614.5,4685.0,2015-11-10 20:55:00+00:00,4630.25,tiempo,-15.5,2.0,-17.5,47.0,-0.3723404255319149
-1,1,2015-11-11 15:04:00+00:00,2015-11-11 15:05:00+00:00,4633.25,4652.5,4594.75,2015-11-11 16:53:00+00:00,4652.75,stop,-39.0,2.0,-41.0,38.5,-1.0649350649350648
1,1,2015-11-12 15:14:00+00:00,2015-11-12 15:15:00+00:00,4624.5,4604.25,4665.0,2015-11-12 19:51:00+00:00,4604.0,stop,-41.0,2.0,-43.0,40.5,-1.0617283950617284
-1,1,2015-11-13 15:09:00+00:00,2015-11-13 15:10:00+00:00,4545.25,4574.75,4486.25,2015-11-13 20:55:00+00:00,4504.0,tiempo,82.5,2.0,80.5,59.0,1.3644067796610169
1,1,2015-11-16 18:04:00+00:00,2015-11-16 18:05:00+00:00,4522.0,4483.5,4599.0,2015-11-16 20:55:00+00:00,4557.0,tiempo,70.0,2.0,68.0,77.0,0.8831168831168831
1,1,2015-11-17 15:29:00+00:00,2015-11-17 15:30:00+00:00,4572.5,4558.25,4601.0,2015-11-17 19:44:00+00:00,4558.0,stop,-29.0,2.0,-31.0,28.5,-1.087719298245614
1,1,2015-11-18 15:09:00+00:00,2015-11-18 15:10:00+00:00,4601.0,4578.75,4645.5,2015-11-18 20:36:00+00:00,4645.5,objetivo,89.0,2.0,87.0,44.5,1.9550561797752808
1,1,2015-11-19 15:09:00+00:00,2015-11-19 15:10:00+00:00,4665.75,4646.75,4703.75,2015-11-19 20:55:00+00:00,4659.0,tiempo,-13.5,2.0,-15.5,38.0,-0.40789473684210525
1,1,2015-11-20 15:14:00+00:00,2015-11-20 15:15:00+00:00,4690.0,4673.5,4723.0,2015-11-20 20:07:00+00:00,4673.25,stop,-33.5,2.0,-35.5,33.0,-1.0757575757575757
1,1,2015-11-23 15:14:00+00:00,2015-11-23 15:15:00+00:00,4699.5,4682.25,4734.0,2015-11-23 18:55:00+00:00,4682.0,stop,-35.0,2.0,-37.0,34.5,-1.0724637681159421
-1,1,2015-11-24 15:29:00+00:00,2015-11-24 15:30:00+00:00,4637.5,4659.25,4594.0,2015-11-24 16:53:00+00:00,4659.5,stop,-44.0,2.0,-46.0,43.5,-1.0574712643678161
1,1,2015-11-25 15:19:00+00:00,2015-11-25 15:20:00+00:00,4680.25,4664.0,4712.75,2015-11-25 20:55:00+00:00,4671.75,tiempo,-17.0,2.0,-19.0,32.5,-0.5846153846153846
1,1,2015-11-26 16:34:00+00:00,2015-11-26 16:35:00+00:00,4699.5,4692.75,4713.0,2015-11-26 17:52:00+00:00,4692.5,stop,-14.0,2.0,-16.0,13.5,-1.1851851851851851
-1,1,2015-11-27 15:04:00+00:00,2015-11-27 15:05:00+00:00,4668.75,4685.5,4635.25,2015-11-27 16:20:00+00:00,4685.75,stop,-34.0,2.0,-36.0,33.5,-1.0746268656716418
-1,1,2015-11-30 15:14:00+00:00,2015-11-30 15:15:00+00:00,4674.75,4694.75,4634.75,2015-11-30 20:55:00+00:00,4669.0,tiempo,11.5,2.0,9.5,40.0,0.2375
1,1,2015-12-01 20:44:00+00:00,2015-12-01 20:45:00+00:00,4710.75,4681.5,4769.25,2015-12-01 20:55:00+00:00,4713.0,tiempo,4.5,2.0,2.5,58.5,0.042735042735042736
1,1,2015-12-02 15:39:00+00:00,2015-12-02 15:40:00+00:00,4737.75,4716.25,4780.75,2015-12-02 18:54:00+00:00,4716.0,stop,-43.5,2.0,-45.5,43.0,-1.058139534883721
-1,1,2015-12-03 15:04:00+00:00,2015-12-03 15:05:00+00:00,4672.75,4706.75,4604.75,2015-12-03 18:58:00+00:00,4604.75,objetivo,136.0,2.0,134.0,68.0,1.9705882352941178
1,1,2015-12-04 15:39:00+00:00,2015-12-04 15:40:00+00:00,4671.0,4610.0,4793.0,2015-12-04 20:55:00+00:00,4713.25,tiempo,84.5,2.0,82.5,122.0,0.6762295081967213
-1,1,2015-12-07 15:09:00+00:00,2015-12-07 15:10:00+00:00,4693.75,4721.0,4639.25,2015-12-07 20:55:00+00:00,4697.5,tiempo,-7.5,2.0,-9.5,54.5,-0.1743119266055046
1,1,2015-12-08 15:39:00+00:00,2015-12-08 15:40:00+00:00,4668.5,4641.5,4722.5,2015-12-08 20:55:00+00:00,4702.75,tiempo,68.5,2.0,66.5,54.0,1.2314814814814814
1,1,2015-12-09 15:14:00+00:00,2015-12-09 15:15:00+00:00,4687.75,4660.5,4742.25,2015-12-09 16:39:00+00:00,4660.25,stop,-55.0,2.0,-57.0,54.5,-1.0458715596330275
1,1,2015-12-10 15:39:00+00:00,2015-12-10 15:40:00+00:00,4648.25,4619.25,4706.25,2015-12-10 20:55:00+00:00,4637.0,tiempo,-22.5,2.0,-24.5,58.0,-0.4224137931034483
-1,1,2015-12-11 16:04:00+00:00,2015-12-11 16:05:00+00:00,4568.75,4601.25,4503.75,2015-12-11 20:55:00+00:00,4537.0,tiempo,63.5,2.0,61.5,65.0,0.9461538461538461
-1,1,2015-12-14 15:14:00+00:00,2015-12-14 15:15:00+00:00,4516.5,4546.0,4457.5,2015-12-14 15:16:00+00:00,4546.25,stop,-59.5,2.0,-61.5,59.0,-1.0423728813559323
1,1,2015-12-15 17:39:00+00:00,2015-12-15 17:40:00+00:00,4631.5,4594.75,4705.0,2015-12-15 20:30:00+00:00,4594.5,stop,-74.0,2.0,-76.0,73.5,-1.034013605442177
-1,1,2015-12-16 15:09:00+00:00,2015-12-16 15:10:00+00:00,4607.25,4634.5,4552.75,2015-12-16 19:53:00+00:00,4634.75,stop,-55.0,2.0,-57.0,54.5,-1.0458715596330275
-1,1,2015-12-17 15:19:00+00:00,2015-12-17 15:20:00+00:00,4647.75,4682.0,4579.25,2015-12-17 20:55:00+00:00,4606.75,tiempo,82.0,2.0,80.0,68.5,1.167883211678832
-1,1,2015-12-18 15:09:00+00:00,2015-12-18 15:10:00+00:00,4554.25,4586.75,4489.25,2015-12-18 20:55:00+00:00,4517.0,tiempo,74.5,2.0,72.5,65.0,1.1153846153846154
-1,1,2015-12-21 16:14:00+00:00,2015-12-21 16:15:00+00:00,4529.5,4552.0,4484.5,2015-12-21 20:55:00+00:00,4546.75,tiempo,-34.5,2.0,-36.5,45.0,-0.8111111111111111
1,1,2015-12-22 19:24:00+00:00,2015-12-22 19:25:00+00:00,4578.5,4553.5,4628.5,2015-12-22 20:55:00+00:00,4580.5,tiempo,4.0,2.0,2.0,50.0,0.04
1,1,2015-12-23 15:04:00+00:00,2015-12-23 15:05:00+00:00,4614.25,4600.25,4642.25,2015-12-23 15:31:00+00:00,4600.0,stop,-28.5,2.0,-30.5,28.0,-1.0892857142857142
1,1,2015-12-24 16:54:00+00:00,2015-12-24 16:55:00+00:00,4628.5,4615.75,4654.0,2015-12-24 17:57:00+00:00,4615.5,stop,-26.0,2.0,-28.0,25.5,-1.0980392156862746
-1,1,2015-12-28 15:04:00+00:00,2015-12-28 15:05:00+00:00,4590.5,4607.5,4556.5,2015-12-28 18:31:00+00:00,4607.75,stop,-34.5,2.0,-36.5,34.0,-1.0735294117647058
-1,1,2015-12-30 15:24:00+00:00,2015-12-30 15:25:00+00:00,4661.5,4685.5,4613.5,2015-12-30 20:55:00+00:00,4649.5,tiempo,24.0,2.0,22.0,48.0,0.4583333333333333
-1,1,2016-01-04 15:04:00+00:00,2016-01-04 15:05:00+00:00,4451.25,4486.25,4381.25,2016-01-04 20:55:00+00:00,4479.25,tiempo,-56.0,2.0,-58.0,70.0,-0.8285714285714286
-1,1,2016-01-05 15:04:00+00:00,2016-01-05 15:05:00+00:00,4480.75,4514.25,4413.75,2016-01-05 20:55:00+00:00,4479.75,tiempo,2.0,2.0,0.0,67.0,0.0
1,1,2016-01-06 15:19:00+00:00,2016-01-06 15:20:00+00:00,4436.0,4400.75,4506.5,2016-01-06 20:55:00+00:00,4428.25,tiempo,-15.5,2.0,-17.5,70.5,-0.24822695035460993
1,1,2016-01-07 15:34:00+00:00,2016-01-07 15:35:00+00:00,4380.25,4331.25,4478.25,2016-01-07 18:12:00+00:00,4331.0,stop,-98.5,2.0,-100.5,98.0,-1.0255102040816326
-1,1,2016-01-08 15:39:00+00:00,2016-01-08 15:40:00+00:00,4320.5,4354.5,4252.5,2016-01-08 20:55:00+00:00,4260.75,tiempo,119.5,2.0,117.5,68.0,1.7279411764705883
-1,1,2016-01-11 15:54:00+00:00,2016-01-11 15:55:00+00:00,4253.5,4304.5,4151.5,2016-01-11 20:55:00+00:00,4286.25,tiempo,-65.5,2.0,-67.5,102.0,-0.6617647058823529
-1,1,2016-01-12 15:49:00+00:00,2016-01-12 15:50:00+00:00,4306.0,4345.75,4226.5,2016-01-12 20:55:00+00:00,4330.5,tiempo,-49.0,2.0,-51.0,79.5,-0.6415094339622641
-1,1,2016-01-13 15:14:00+00:00,2016-01-13 15:15:00+00:00,4315.25,4352.0,4241.75,2016-01-13 18:40:00+00:00,4241.75,objetivo,147.0,2.0,145.0,73.5,1.9727891156462585
1,1,2016-01-14 15:29:00+00:00,2016-01-14 15:30:00+00:00,4203.5,4130.75,4349.0,2016-01-14 20:55:00+00:00,4264.5,tiempo,122.0,2.0,120.0,145.5,0.8247422680412371
-1,1,2016-01-15 17:19:00+00:00,2016-01-15 17:20:00+00:00,4100.0,4175.75,3948.5,2016-01-15 20:55:00+00:00,4134.0,tiempo,-68.0,2.0,-70.0,151.5,-0.46204620462046203
-1,1,2016-01-19 16:14:00+00:00,2016-01-19 16:15:00+00:00,4151.75,4193.25,4068.75,2016-01-19 20:55:00+00:00,4152.0,tiempo,-0.5,2.0,-2.5,83.0,-0.030120481927710843
-1,1,2016-01-20 15:04:00+00:00,2016-01-20 15:05:00+00:00,4036.75,4090.75,3928.75,2016-01-20 18:51:00+00:00,4091.0,stop,-108.5,2.0,-110.5,108.0,-1.0231481481481481
1,1,2016-01-21 15:14:00+00:00,2016-01-21 15:15:00+00:00,4153.5,4088.25,4284.0,2016-01-21 20:55:00+00:00,4148.25,tiempo,-10.5,2.0,-12.5,130.5,-0.09578544061302682
1,1,2016-01-22 15:04:00+00:00,2016-01-22 15:05:00+00:00,4230.25,4200.25,4290.25,2016-01-22 20:55:00+00:00,4250.0,tiempo,39.5,2.0,37.5,60.0,0.625
1,1,2016-01-25 15:04:00+00:00,2016-01-25 15:05:00+00:00,4249.75,4228.75,4291.75,2016-01-25 16:11:00+00:00,4228.5,stop,-42.5,2.0,-44.5,42.0,-1.0595238095238095
1,1,2016-01-26 15:39:00+00:00,2016-01-26 15:40:00+00:00,4214.5,4168.25,4307.0,2016-01-26 20:55:00+00:00,4219.0,tiempo,9.0,2.0,7.0,92.5,0.07567567567567568
-1,1,2016-01-27 15:04:00+00:00,2016-01-27 15:05:00+00:00,4173.75,4210.75,4099.75,2016-01-27 17:06:00+00:00,4211.0,stop,-74.5,2.0,-76.5,74.0,-1.0337837837837838
-1,1,2016-01-28 15:04:00+00:00,2016-01-28 15:05:00+00:00,4154.0,4190.0,4082.0,2016-01-28 20:55:00+00:00,4175.5,tiempo,-43.0,2.0,-45.0,72.0,-0.625
1,1,2016-01-29 15:19:00+00:00,2016-01-29 15:20:00+00:00,4223.25,4175.5,4318.75,2016-01-29 20:55:00+00:00,4265.25,tiempo,84.0,2.0,82.0,95.5,0.8586387434554974
-1,1,2016-02-01 15:04:00+00:00,2016-02-01 15:05:00+00:00,4231.25,4257.25,4179.25,2016-02-01 15:43:00+00:00,4257.5,stop,-52.5,2.0,-54.5,52.0,-1.0480769230769231
-1,1,2016-02-02 17:04:00+00:00,2016-02-02 17:05:00+00:00,4216.75,4259.0,4132.25,2016-02-02 20:55:00+00:00,4188.0,tiempo,57.5,2.0,55.5,84.5,0.6568047337278107
-1,1,2016-02-03 15:04:00+00:00,2016-02-03 15:05:00+00:00,4149.0,4211.0,4025.0,2016-02-03 20:55:00+00:00,4168.25,tiempo,-38.5,2.0,-40.5,124.0,-0.32661290322580644
1,1,2016-02-04 15:14:00+00:00,2016-02-04 15:15:00+00:00,4164.0,4113.5,4265.0,2016-02-04 20:55:00+00:00,4162.75,tiempo,-2.5,2.0,-4.5,101.0,-0.04455445544554455
-1,1,2016-02-05 15:19:00+00:00,2016-02-05 15:20:00+00:00,4096.25,4150.25,3988.25,2016-02-05 20:55:00+00:00,4003.75,tiempo,185.0,2.0,183.0,108.0,1.6944444444444444
-1,1,2016-02-08 15:29:00+00:00,2016-02-08 15:30:00+00:00,3916.75,3953.5,3843.25,2016-02-08 20:44:00+00:00,3953.75,stop,-74.0,2.0,-76.0,73.5,-1.034013605442177
1,1,2016-02-09 15:04:00+00:00,2016-02-09 15:05:00+00:00,3987.0,3897.5,4166.0,2016-02-09 20:55:00+00:00,3946.0,tiempo,-82.0,2.0,-84.0,179.0,-0.4692737430167598
1,1,2016-02-10 15:19:00+00:00,2016-02-10 15:20:00+00:00,4021.5,3972.25,4120.0,2016-02-10 20:29:00+00:00,3972.0,stop,-99.0,2.0,-101.0,98.5,-1.0253807106598984
-1,1,2016-02-11 16:34:00+00:00,2016-02-11 16:35:00+00:00,3897.25,3956.25,3779.25,2016-02-11 19:51:00+00:00,3956.5,stop,-118.5,2.0,-120.5,118.0,-1.021186440677966
1,1,2016-02-12 16:29:00+00:00,2016-02-12 16:30:00+00:00,4009.75,3962.75,4103.75,2016-02-12 20:55:00+00:00,4012.0,tiempo,4.5,2.0,2.5,94.0,0.026595744680851064
1,1,2016-02-15 15:04:00+00:00,2016-02-15 15:05:00+00:00,4079.5,4066.5,4105.5,2016-02-15 17:59:00+00:00,4076.0,fin_de_datos,-7.0,2.0,-9.0,26.0,-0.34615384615384615
-1,1,2016-02-16 15:04:00+00:00,2016-02-16 15:05:00+00:00,4066.5,4093.0,4013.5,2016-02-16 18:05:00+00:00,4093.25,stop,-53.5,2.0,-55.5,53.0,-1.0471698113207548
1,1,2016-02-17 15:09:00+00:00,2016-02-17 15:10:00+00:00,4148.0,4123.0,4198.0,2016-02-17 18:22:00+00:00,4198.0,objetivo,100.0,2.0,98.0,50.0,1.96
-1,1,2016-02-18 15:09:00+00:00,2016-02-18 15:10:00+00:00,4178.5,4211.75,4112.0,2016-02-18 20:55:00+00:00,4148.5,tiempo,60.0,2.0,58.0,66.5,0.8721804511278195
1,1,2016-02-19 15:19:00+00:00,2016-02-19 15:20:00+00:00,4158.5,4120.25,4235.0,2016-02-19 20:55:00+00:00,4163.5,tiempo,10.0,2.0,8.0,76.5,0.10457516339869281
1,1,2016-02-22 15:04:00+00:00,2016-02-22 15:05:00+00:00,4226.0,4196.75,4284.5,2016-02-22 20:55:00+00:00,4224.5,tiempo,-3.0,2.0,-5.0,58.5,-0.08547008547008547
-1,1,2016-02-23 15:09:00+00:00,2016-02-23 15:10:00+00:00,4192.5,4216.5,4144.5,2016-02-23 20:55:00+00:00,4163.5,tiempo,58.0,2.0,56.0,48.0,1.1666666666666667
1,1,2016-02-24 16:44:00+00:00,2016-02-24 16:45:00+00:00,4124.25,4089.25,4194.25,2016-02-24 20:16:00+00:00,4194.25,objetivo,140.0,2.0,138.0,70.0,1.9714285714285715
-1,1,2016-02-25 15:09:00+00:00,2016-02-25 15:10:00+00:00,4174.75,4215.75,4092.75,2016-02-25 18:41:00+00:00,4216.0,stop,-82.5,2.0,-84.5,82.0,-1.0304878048780488
-1,1,2016-02-26 15:04:00+00:00,2016-02-26 15:05:00+00:00,4253.0,4273.75,4211.5,2016-02-26 20:55:00+00:00,4238.5,tiempo,29.0,2.0,27.0,41.5,0.6506024096385542
1,1,2016-02-29 16:19:00+00:00,2016-02-29 16:20:00+00:00,4250.25,4224.75,4301.25,2016-02-29 19:21:00+00:00,4224.5,stop,-51.5,2.0,-53.5,51.0,-1.0490196078431373
1,1,2016-03-01 15:04:00+00:00,2016-03-01 15:05:00+00:00,4250.25,4224.0,4302.75,2016-03-01 17:03:00+00:00,4302.75,objetivo,105.0,2.0,103.0,52.5,1.9619047619047618
-1,1,2016-03-02 16:54:00+00:00,2016-03-02 16:55:00+00:00,4309.0,4332.75,4261.5,2016-03-02 20:55:00+00:00,4327.75,tiempo,-37.5,2.0,-39.5,47.5,-0.8315789473684211
-1,1,2016-03-03 15:14:00+00:00,2016-03-03 15:15:00+00:00,4305.0,4330.5,4254.0,2016-03-03 20:55:00+00:00,4323.75,tiempo,-37.5,2.0,-39.5,51.0,-0.7745098039215687
1,1,2016-03-04 16:14:00+00:00,2016-03-04 16:15:00+00:00,4336.75,4298.0,4414.25,2016-03-04 20:55:00+00:00,4327.0,tiempo,-19.5,2.0,-21.5,77.5,-0.27741935483870966
-1,1,2016-03-07 15:29:00+00:00,2016-03-07 15:30:00+00:00,4288.75,4311.75,4242.75,2016-03-07 16:23:00+00:00,4312.0,stop,-46.5,2.0,-48.5,46.0,-1.0543478260869565
1,1,2016-03-08 16:59:00+00:00,2016-03-08 17:00:00+00:00,4295.25,4258.75,4368.25,2016-03-08 20:55:00+00:00,4263.75,tiempo,-63.0,2.0,-65.0,73.0,-0.8904109589041096
1,1,2016-03-09 15:39:00+00:00,2016-03-09 15:40:00+00:00,4288.75,4256.75,4352.75,2016-03-09 20:55:00+00:00,4287.75,tiempo,-2.0,2.0,-4.0,64.0,-0.0625
-1,1,2016-03-10 15:34:00+00:00,2016-03-10 15:35:00+00:00,4297.5,4333.0,4226.5,2016-03-10 20:55:00+00:00,4284.5,tiempo,26.0,2.0,24.0,71.0,0.3380281690140845
-1,1,2016-03-11 15:09:00+00:00,2016-03-11 15:10:00+00:00,4320.25,4340.0,4280.75,2016-03-11 15:34:00+00:00,4340.25,stop,-40.0,2.0,-42.0,39.5,-1.0632911392405062
-1,1,2016-03-15 14:04:00+00:00,2016-03-15 14:05:00+00:00,4331.25,4349.75,4294.25,2016-03-15 14:30:00+00:00,4350.0,stop,-37.5,2.0,-39.5,37.0,-1.0675675675675675
1,1,2016-03-16 14:09:00+00:00,2016-03-16 14:10:00+00:00,4366.75,4346.75,4406.75,2016-03-16 19:39:00+00:00,4406.75,objetivo,80.0,2.0,78.0,40.0,1.95
-1,1,2016-03-17 14:14:00+00:00,2016-03-17 14:15:00+00:00,4372.0,4394.5,4327.0,2016-03-17 16:27:00+00:00,4394.75,stop,-45.5,2.0,-47.5,45.0,-1.0555555555555556
1,1,2016-03-18 15:19:00+00:00,2016-03-18 15:20:00+00:00,4409.25,4375.75,4476.25,2016-03-18 19:55:00+00:00,4399.75,tiempo,-19.0,2.0,-21.0,67.0,-0.31343283582089554
1,1,2016-03-21 17:29:00+00:00,2016-03-21 17:30:00+00:00,4416.25,4391.0,4466.75,2016-03-21 19:55:00+00:00,4413.0,tiempo,-6.5,2.0,-8.5,50.5,-0.16831683168316833
1,1,2016-03-22 14:29:00+00:00,2016-03-22 14:30:00+00:00,4418.0,4391.0,4472.0,2016-03-22 19:55:00+00:00,4425.25,tiempo,14.5,2.0,12.5,54.0,0.23148148148148148
-1,1,2016-03-23 14:59:00+00:00,2016-03-23 15:00:00+00:00,4405.5,4425.0,4366.5,2016-03-23 19:55:00+00:00,4392.5,tiempo,26.0,2.0,24.0,39.0,0.6153846153846154
1,1,2016-03-24 14:39:00+00:00,2016-03-24 14:40:00+00:00,4385.25,4365.25,4425.25,2016-03-24 19:55:00+00:00,4394.25,tiempo,18.0,2.0,16.0,40.0,0.4
1,1,2016-03-29 14:04:00+00:00,2016-03-29 14:05:00+00:00,4387.75,4374.0,4415.25,2016-03-29 16:20:00+00:00,4415.25,objetivo,55.0,2.0,53.0,27.5,1.9272727272727272
-1,1,2016-03-30 15:34:00+00:00,2016-03-30 15:35:00+00:00,4478.75,4509.5,4417.25,2016-03-30 19:55:00+00:00,4485.0,tiempo,-12.5,2.0,-14.5,61.5,-0.23577235772357724
1,1,2016-03-31 14:14:00+00:00,2016-03-31 14:15:00+00:00,4487.75,4473.5,4516.25,2016-03-31 18:08:00+00:00,4473.25,stop,-29.0,2.0,-31.0,28.5,-1.087719298245614
1,1,2016-04-01 14:04:00+00:00,2016-04-01 14:05:00+00:00,4466.25,4441.5,4515.75,2016-04-01 18:45:00+00:00,4515.75,objetivo,99.0,2.0,97.0,49.5,1.9595959595959596
1,1,2016-04-04 14:09:00+00:00,2016-04-04 14:10:00+00:00,4524.75,4509.0,4556.25,2016-04-04 14:45:00+00:00,4508.75,stop,-32.0,2.0,-34.0,31.5,-1.0793650793650793
1,1,2016-04-05 14:09:00+00:00,2016-04-05 14:10:00+00:00,4483.25,4457.75,4534.25,2016-04-05 16:21:00+00:00,4457.5,stop,-51.5,2.0,-53.5,51.0,-1.0490196078431373
1,1,2016-04-06 14:04:00+00:00,2016-04-06 14:05:00+00:00,4485.5,4467.25,4522.0,2016-04-06 19:04:00+00:00,4522.0,objetivo,73.0,2.0,71.0,36.5,1.9452054794520548
-1,1,2016-04-07 14:14:00+00:00,2016-04-07 14:15:00+00:00,4498.25,4517.5,4459.75,2016-04-07 18:09:00+00:00,4459.75,objetivo,77.0,2.0,75.0,38.5,1.948051948051948
1,1,2016-04-08 14:04:00+00:00,2016-04-08 14:05:00+00:00,4505.0,4484.75,4545.5,2016-04-08 14:59:00+00:00,4484.5,stop,-41.0,2.0,-43.0,40.5,-1.0617283950617284
1,1,2016-04-11 14:09:00+00:00,2016-04-11 14:10:00+00:00,4507.0,4480.0,4561.0,2016-04-11 15:33:00+00:00,4479.75,stop,-54.5,2.0,-56.5,54.0,-1.0462962962962963
-1,1,2016-04-12 14:09:00+00:00,2016-04-12 14:10:00+00:00,4438.25,4460.0,4394.75,2016-04-12 14:52:00+00:00,4460.25,stop,-44.0,2.0,-46.0,43.5,-1.0574712643678161
1,1,2016-04-13 14:19:00+00:00,2016-04-13 14:20:00+00:00,4544.5,4517.5,4598.5,2016-04-13 19:55:00+00:00,4542.75,tiempo,-3.5,2.0,-5.5,54.0,-0.10185185185185185
1,1,2016-04-14 14:54:00+00:00,2016-04-14 14:55:00+00:00,4550.75,4534.5,4583.25,2016-04-14 19:55:00+00:00,4547.0,tiempo,-7.5,2.0,-9.5,32.5,-0.2923076923076923
1,1,2016-04-15 14:49:00+00:00,2016-04-15 14:50:00+00:00,4548.75,4533.25,4579.75,2016-04-15 17:10:00+00:00,4533.0,stop,-31.5,2.0,-33.5,31.0,-1.0806451612903225
1,1,2016-04-18 14:04:00+00:00,2016-04-18 14:05:00+00:00,4544.75,4519.25,4595.75,2016-04-18 19:55:00+00:00,4559.0,tiempo,28.5,2.0,26.5,51.0,0.5196078431372549
-1,1,2016-04-19 15:54:00+00:00,2016-04-19 15:55:00+00:00,4524.5,4568.75,4436.0,2016-04-19 19:55:00+00:00,4529.75,tiempo,-10.5,2.0,-12.5,88.5,-0.14124293785310735
1,1,2016-04-20 15:19:00+00:00,2016-04-20 15:20:00+00:00,4547.5,4515.5,4611.5,2016-04-20 19:55:00+00:00,4533.5,tiempo,-28.0,2.0,-30.0,64.0,-0.46875
1,1,2016-04-21 14:39:00+00:00,2016-04-21 14:40:00+00:00,4541.75,4514.25,4596.75,2016-04-21 19:55:00+00:00,4532.75,tiempo,-18.0,2.0,-20.0,55.0,-0.36363636363636365
-1,1,2016-04-22 14:14:00+00:00,2016-04-22 14:15:00+00:00,4469.25,4497.0,4413.75,2016-04-22 19:55:00+00:00,4467.0,tiempo,4.5,2.0,2.5,55.5,0.04504504504504504
-1,1,2016-04-25 14:19:00+00:00,2016-04-25 14:20:00+00:00,4449.0,4467.25,4412.5,2016-04-25 19:55:00+00:00,4459.5,tiempo,-21.0,2.0,-23.0,36.5,-0.6301369863013698
-1,1,2016-04-26 14:24:00+00:00,2016-04-26 14:25:00+00:00,4464.0,4484.25,4423.5,2016-04-26 19:55:00+00:00,4442.5,tiempo,43.0,2.0,41.0,40.5,1.0123456790123457
-1,1,2016-04-27 14:14:00+00:00,2016-04-27 14:15:00+00:00,4386.5,4418.5,4322.5,2016-04-27 19:45:00+00:00,4418.75,stop,-64.5,2.0,-66.5,64.0,-1.0390625
1,1,2016-04-28 14:04:00+00:00,2016-04-28 14:05:00+00:00,4429.0,4408.0,4471.0,2016-04-28 17:11:00+00:00,4407.75,stop,-42.5,2.0,-44.5,42.0,-1.0595238095238095
-1,1,2016-04-29 14:54:00+00:00,2016-04-29 14:55:00+00:00,4320.0,4363.75,4232.5,2016-04-29 19:55:00+00:00,4334.0,tiempo,-28.0,2.0,-30.0,87.5,-0.34285714285714286
1,1,2016-05-02 14:19:00+00:00,2016-05-02 14:20:00+00:00,4345.5,4326.5,4383.5,2016-05-02 19:55:00+00:00,4373.75,tiempo,56.5,2.0,54.5,38.0,1.4342105263157894
-1,1,2016-05-03 14:14:00+00:00,2016-05-03 14:15:00+00:00,4322.25,4351.5,4263.75,2016-05-03 17:22:00+00:00,4351.75,stop,-59.0,2.0,-61.0,58.5,-1.0427350427350428
1,1,2016-05-04 14:14:00+00:00,2016-05-04 14:15:00+00:00,4316.25,4300.0,4348.75,2016-05-04 15:28:00+00:00,4299.75,stop,-33.0,2.0,-35.0,32.5,-1.0769230769230769
1,1,2016-05-05 14:14:00+00:00,2016-05-05 14:15:00+00:00,4324.5,4302.25,4369.0,2016-05-05 14:29:00+00:00,4302.0,stop,-45.0,2.0,-47.0,44.5,-1.0561797752808988
-1,1,2016-05-06 14:49:00+00:00,2016-05-06 14:50:00+00:00,4276.75,4310.75,4208.75,2016-05-06 17:59:00+00:00,4311.0,stop,-68.5,2.0,-70.5,68.0,-1.036764705882353
1,1,2016-05-09 14:09:00+00:00,2016-05-09 14:10:00+00:00,4350.0,4322.75,4404.5,2016-05-09 19:55:00+00:00,4334.0,tiempo,-32.0,2.0,-34.0,54.5,-0.6238532110091743
1,1,2016-05-10 14:34:00+00:00,2016-05-10 14:35:00+00:00,4366.5,4343.5,4412.5,2016-05-10 19:55:00+00:00,4396.25,tiempo,59.5,2.0,57.5,46.0,1.25
1,1,2016-05-11 14:14:00+00:00,2016-05-11 14:15:00+00:00,4393.75,4381.5,4418.25,2016-05-11 15:01:00+00:00,4381.25,stop,-25.0,2.0,-27.0,24.5,-1.1020408163265305
-1,1,2016-05-12 14:19:00+00:00,2016-05-12 14:20:00+00:00,4342.0,4372.0,4282.0,2016-05-12 19:55:00+00:00,4337.0,tiempo,10.0,2.0,8.0,60.0,0.13333333333333333
1,1,2016-05-13 15:29:00+00:00,2016-05-13 15:30:00+00:00,4357.75,4333.0,4407.25,2016-05-13 17:29:00+00:00,4332.75,stop,-50.0,2.0,-52.0,49.5,-1.0505050505050506
1,1,2016-05-16 14:39:00+00:00,2016-05-16 14:40:00+00:00,4345.25,4323.5,4388.75,2016-05-16 18:31:00+00:00,4388.75,objetivo,87.0,2.0,85.0,43.5,1.9540229885057472
-1,1,2016-05-17 14:09:00+00:00,2016-05-17 14:10:00+00:00,4356.5,4384.75,4300.0,2016-05-17 19:55:00+00:00,4321.5,tiempo,70.0,2.0,68.0,56.5,1.2035398230088497
1,1,2016-05-18 14:14:00+00:00,2016-05-18 14:15:00+00:00,4340.5,4312.25,4397.0,2016-05-18 18:27:00+00:00,4312.0,stop,-57.0,2.0,-59.0,56.5,-1.0442477876106195
-1,1,2016-05-19 14:09:00+00:00,2016-05-19 14:10:00+00:00,4294.5,4329.5,4224.5,2016-05-19 19:55:00+00:00,4319.0,tiempo,-49.0,2.0,-51.0,70.0,-0.7285714285714285
1,1,2016-05-20 14:04:00+00:00,2016-05-20 14:05:00+00:00,4361.75,4328.5,4428.25,2016-05-20 19:55:00+00:00,4360.0,tiempo,-3.5,2.0,-5.5,66.5,-0.08270676691729323
-1,1,2016-05-23 19:14:00+00:00,2016-05-23 19:15:00+00:00,4359.75,4380.0,4319.25,2016-05-23 19:55:00+00:00,4353.25,tiempo,13.0,2.0,11.0,40.5,0.2716049382716049
1,1,2016-05-24 14:04:00+00:00,2016-05-24 14:05:00+00:00,4408.75,4377.75,4470.75,2016-05-24 19:55:00+00:00,4445.25,tiempo,73.0,2.0,71.0,62.0,1.1451612903225807
1,1,2016-05-25 14:14:00+00:00,2016-05-25 14:15:00+00:00,4474.25,4452.25,4518.25,2016-05-25 19:55:00+00:00,4475.0,tiempo,1.5,2.0,-0.5,44.0,-0.011363636363636364
1,1,2016-05-26 18:04:00+00:00,2016-05-26 18:05:00+00:00,4486.75,4470.0,4520.25,2016-05-26 19:55:00+00:00,4486.25,tiempo,-1.0,2.0,-3.0,33.5,-0.08955223880597014
1,1,2016-05-27 14:04:00+00:00,2016-05-27 14:05:00+00:00,4504.25,4490.5,4531.75,2016-05-27 19:55:00+00:00,4510.75,tiempo,13.0,2.0,11.0,27.5,0.4
1,1,2016-05-30 15:19:00+00:00,2016-05-30 15:20:00+00:00,4521.5,4515.25,4534.0,2016-05-30 16:59:00+00:00,4521.75,fin_de_datos,0.5,2.0,-1.5,12.5,-0.12
1,1,2016-05-31 14:09:00+00:00,2016-05-31 14:10:00+00:00,4525.25,4513.75,4548.25,2016-05-31 14:41:00+00:00,4513.5,stop,-23.5,2.0,-25.5,23.0,-1.108695652173913
1,1,2016-06-01 14:04:00+00:00,2016-06-01 14:05:00+00:00,4513.75,4503.5,4534.25,2016-06-01 19:55:00+00:00,4517.25,tiempo,7.0,2.0,5.0,20.5,0.24390243902439024
1,1,2016-06-02 15:09:00+00:00,2016-06-02 15:10:00+00:00,4515.75,4486.25,4574.75,2016-06-02 19:55:00+00:00,4527.25,tiempo,23.0,2.0,21.0,59.0,0.3559322033898305
-1,1,2016-06-03 14:04:00+00:00,2016-06-03 14:05:00+00:00,4492.25,4523.5,4429.75,2016-06-03 19:55:00+00:00,4513.25,tiempo,-42.0,2.0,-44.0,62.5,-0.704
1,1,2016-06-06 15:09:00+00:00,2016-06-06 15:10:00+00:00,4529.75,4511.0,4567.25,2016-06-06 16:52:00+00:00,4510.75,stop,-38.0,2.0,-40.0,37.5,-1.0666666666666667
-1,1,2016-06-07 14:54:00+00:00,2016-06-07 14:55:00+00:00,4519.75,4532.0,4495.25,2016-06-07 17:05:00+00:00,4532.25,stop,-25.0,2.0,-27.0,24.5,-1.1020408163265305
-1,1,2016-06-08 14:09:00+00:00,2016-06-08 14:10:00+00:00,4517.0,4530.25,4490.5,2016-06-08 19:55:00+00:00,4519.5,tiempo,-5.0,2.0,-7.0,26.5,-0.2641509433962264
-1,1,2016-06-09 16:14:00+00:00,2016-06-09 16:15:00+00:00,4496.75,4518.5,4453.25,2016-06-09 18:46:00+00:00,4518.75,stop,-44.0,2.0,-46.0,43.5,-1.0574712643678161
1,1,2016-06-10 14:34:00+00:00,2016-06-10 14:35:00+00:00,4479.75,4464.5,4510.25,2016-06-10 16:33:00+00:00,4464.25,stop,-31.0,2.0,-33.0,30.5,-1.0819672131147542
1,1,2016-06-13 14:34:00+00:00,2016-06-13 14:35:00+00:00,4451.5,4427.0,4500.5,2016-06-13 15:51:00+00:00,4426.75,stop,-49.5,2.0,-51.5,49.0,-1.0510204081632653
-1,1,2016-06-14 14:49:00+00:00,2016-06-14 14:50:00+00:00,4401.25,4431.5,4340.75,2016-06-14 19:55:00+00:00,4415.25,tiempo,-28.0,2.0,-30.0,60.5,-0.49586776859504134
-1,1,2016-06-15 14:24:00+00:00,2016-06-15 14:25:00+00:00,4418.25,4430.75,4393.25,2016-06-15 18:00:00+00:00,4431.0,stop,-25.5,2.0,-27.5,25.0,-1.1
-1,1,2016-06-16 14:04:00+00:00,2016-06-16 14:05:00+00:00,4363.0,4385.0,4319.0,2016-06-16 16:25:00+00:00,4385.25,stop,-44.5,2.0,-46.5,44.0,-1.0568181818181819
-1,1,2016-06-17 14:24:00+00:00,2016-06-17 14:25:00+00:00,4373.75,4408.5,4304.25,2016-06-17 19:55:00+00:00,4364.5,tiempo,18.5,2.0,16.5,69.5,0.23741007194244604
1,1,2016-06-20 14:04:00+00:00,2016-06-20 14:05:00+00:00,4432.75,4414.5,4469.25,2016-06-20 18:26:00+00:00,4414.25,stop,-37.0,2.0,-39.0,36.5,-1.0684931506849316
-1,1,2016-06-21 14:59:00+00:00,2016-06-21 15:00:00+00:00,4394.5,4411.25,4361.0,2016-06-21 18:37:00+00:00,4411.5,stop,-34.0,2.0,-36.0,33.5,-1.0746268656716418
1,1,2016-06-22 14:34:00+00:00,2016-06-22 14:35:00+00:00,4416.25,4400.75,4447.25,2016-06-22 17:07:00+00:00,4400.5,stop,-31.5,2.0,-33.5,31.0,-1.0806451612903225
1,1,2016-06-23 14:54:00+00:00,2016-06-23 14:55:00+00:00,4434.75,4410.75,4482.75,2016-06-23 19:55:00+00:00,4456.5,tiempo,43.5,2.0,41.5,48.0,0.8645833333333334
1,1,2016-06-24 14:04:00+00:00,2016-06-24 14:05:00+00:00,4357.0,4281.75,4507.5,2016-06-24 18:30:00+00:00,4281.5,stop,-151.0,2.0,-153.0,150.5,-1.0166112956810631
-1,1,2016-06-27 14:09:00+00:00,2016-06-27 14:10:00+00:00,4206.5,4243.75,4132.0,2016-06-27 19:55:00+00:00,4192.5,tiempo,28.0,2.0,26.0,74.5,0.348993288590604
1,1,2016-06-28 18:54:00+00:00,2016-06-28 18:55:00+00:00,4269.75,4231.25,4346.75,2016-06-28 19:55:00+00:00,4278.25,tiempo,17.0,2.0,15.0,77.0,0.19480519480519481
1,1,2016-06-29 14:19:00+00:00,2016-06-29 14:20:00+00:00,4334.0,4311.0,4380.0,2016-06-29 19:55:00+00:00,4352.75,tiempo,37.5,2.0,35.5,46.0,0.7717391304347826
1,1,2016-06-30 14:59:00+00:00,2016-06-30 15:00:00+00:00,4373.75,4351.25,4418.75,2016-06-30 19:55:00+00:00,4402.0,tiempo,56.5,2.0,54.5,45.0,1.211111111111111
1,1,2016-07-01 14:04:00+00:00,2016-07-01 14:05:00+00:00,4435.5,4403.5,4499.5,2016-07-01 19:55:00+00:00,4431.75,tiempo,-7.5,2.0,-9.5,64.0,-0.1484375
1,1,2016-07-04 14:34:00+00:00,2016-07-04 14:35:00+00:00,4439.0,4434.0,4449.0,2016-07-04 15:25:00+00:00,4433.75,stop,-10.5,2.0,-12.5,10.0,-1.25
-1,1,2016-07-05 17:19:00+00:00,2016-07-05 17:20:00+00:00,4388.25,4412.5,4339.75,2016-07-05 19:55:00+00:00,4403.5,tiempo,-30.5,2.0,-32.5,48.5,-0.6701030927835051
1,1,2016-07-06 14:04:00+00:00,2016-07-06 14:05:00+00:00,4400.25,4367.0,4466.75,2016-07-06 19:55:00+00:00,4435.5,tiempo,70.5,2.0,68.5,66.5,1.0300751879699248
-1,1,2016-07-07 15:04:00+00:00,2016-07-07 15:05:00+00:00,4440.5,4461.25,4399.0,2016-07-07 19:55:00+00:00,4451.25,tiempo,-21.5,2.0,-23.5,41.5,-0.5662650602409639
1,1,2016-07-08 14:09:00+00:00,2016-07-08 14:10:00+00:00,4497.5,4467.25,4558.0,2016-07-08 19:55:00+00:00,4520.0,tiempo,45.0,2.0,43.0,60.5,0.7107438016528925
1,1,2016-07-11 15:14:00+00:00,2016-07-11 15:15:00+00:00,4556.0,4535.25,4597.5,2016-07-11 19:55:00+00:00,4551.5,tiempo,-9.0,2.0,-11.0,41.5,-0.26506024096385544
-1,1,2016-07-12 14:09:00+00:00,2016-07-12 14:10:00+00:00,4569.25,4582.0,4543.75,2016-07-12 19:55:00+00:00,4570.5,tiempo,-2.5,2.0,-4.5,25.5,-0.17647058823529413
1,1,2016-07-13 14:44:00+00:00,2016-07-13 14:45:00+00:00,4582.75,4566.5,4615.25,2016-07-13 15:30:00+00:00,4566.25,stop,-33.0,2.0,-35.0,32.5,-1.0769230769230769
1,1,2016-07-14 14:09:00+00:00,2016-07-14 14:10:00+00:00,4592.0,4579.0,4618.0,2016-07-14 17:17:00+00:00,4578.75,stop,-26.5,2.0,-28.5,26.0,-1.0961538461538463
-1,1,2016-07-15 14:14:00+00:00,2016-07-15 14:15:00+00:00,4588.25,4603.5,4557.75,2016-07-15 19:55:00+00:00,4581.25,tiempo,14.0,2.0,12.0,30.5,0.39344262295081966
1,1,2016-07-18 14:04:00+00:00,2016-07-18 14:05:00+00:00,4599.5,4584.5,4629.5,2016-07-18 19:55:00+00:00,4614.75,tiempo,30.5,2.0,28.5,30.0,0.95
1,1,2016-07-20 14:04:00+00:00,2016-07-20 14:05:00+00:00,4632.0,4615.5,4665.0,2016-07-20 19:55:00+00:00,4654.75,tiempo,45.5,2.0,43.5,33.0,1.3181818181818181
-1,1,2016-07-21 15:39:00+00:00,2016-07-21 15:40:00+00:00,4647.25,4662.25,4617.25,2016-07-21 19:55:00+00:00,4637.25,tiempo,20.0,2.0,18.0,30.0,0.6
1,1,2016-07-22 14:09:00+00:00,2016-07-22 14:10:00+00:00,4645.75,4628.5,4680.25,2016-07-22 19:55:00+00:00,4656.25,tiempo,21.0,2.0,19.0,34.5,0.5507246376811594
-1,1,2016-07-25 14:14:00+00:00,2016-07-25 14:15:00+00:00,4648.5,4660.5,4624.5,2016-07-25 19:55:00+00:00,4655.75,tiempo,-14.5,2.0,-16.5,24.0,-0.6875
1,1,2016-07-26 14:04:00+00:00,2016-07-26 14:05:00+00:00,4680.0,4657.5,4725.0,2016-07-26 14:54:00+00:00,4657.25,stop,-45.5,2.0,-47.5,45.0,-1.0555555555555556
-1,1,2016-07-27 14:44:00+00:00,2016-07-27 14:45:00+00:00,4689.75,4705.25,4658.75,2016-07-27 19:05:00+00:00,4705.5,stop,-31.5,2.0,-33.5,31.0,-1.0806451612903225
1,1,2016-07-28 19:24:00+00:00,2016-07-28 19:25:00+00:00,4712.75,4689.5,4759.25,2016-07-28 19:55:00+00:00,4716.25,tiempo,7.0,2.0,5.0,46.5,0.10752688172043011
-1,1,2016-07-29 14:04:00+00:00,2016-07-29 14:05:00+00:00,4710.0,4731.25,4667.5,2016-07-29 15:09:00+00:00,4731.5,stop,-43.0,2.0,-45.0,42.5,-1.0588235294117647
1,1,2016-08-01 14:09:00+00:00,2016-08-01 14:10:00+00:00,4739.0,4721.0,4775.0,2016-08-01 19:55:00+00:00,4746.25,tiempo,14.5,2.0,12.5,36.0,0.3472222222222222
-1,1,2016-08-02 14:09:00+00:00,2016-08-02 14:10:00+00:00,4724.25,4746.0,4680.75,2016-08-02 19:55:00+00:00,4714.75,tiempo,19.0,2.0,17.0,43.5,0.39080459770114945
1,1,2016-08-03 14:14:00+00:00,2016-08-03 14:15:00+00:00,4722.75,4706.0,4756.25,2016-08-03 19:55:00+00:00,4725.25,tiempo,5.0,2.0,3.0,33.5,0.08955223880597014
-1,1,2016-08-04 14:09:00+00:00,2016-08-04 14:10:00+00:00,4715.75,4738.25,4670.75,2016-08-04 14:50:00+00:00,4738.5,stop,-45.5,2.0,-47.5,45.0,-1.0555555555555556
1,1,2016-08-05 14:04:00+00:00,2016-08-05 14:05:00+00:00,4791.25,4759.75,4854.25,2016-08-05 19:55:00+00:00,4786.5,tiempo,-9.5,2.0,-11.5,63.0,-0.18253968253968253
-1,1,2016-08-08 14:04:00+00:00,2016-08-08 14:05:00+00:00,4777.5,4790.5,4751.5,2016-08-08 19:55:00+00:00,4779.5,tiempo,-4.0,2.0,-6.0,26.0,-0.23076923076923078
1,1,2016-08-09 14:19:00+00:00,2016-08-09 14:20:00+00:00,4800.75,4782.0,4838.25,2016-08-09 19:55:00+00:00,4792.5,tiempo,-16.5,2.0,-18.5,37.5,-0.49333333333333335
-1,1,2016-08-10 15:14:00+00:00,2016-08-10 15:15:00+00:00,4780.5,4796.5,4748.5,2016-08-10 19:55:00+00:00,4778.25,tiempo,4.5,2.0,2.5,32.0,0.078125
-1,1,2016-08-11 14:09:00+00:00,2016-08-11 14:10:00+00:00,4790.75,4811.0,4750.25,2016-08-11 19:55:00+00:00,4804.25,tiempo,-27.0,2.0,-29.0,40.5,-0.7160493827160493
1,1,2016-08-12 15:04:00+00:00,2016-08-12 15:05:00+00:00,4799.5,4787.0,4824.5,2016-08-12 19:55:00+00:00,4801.5,tiempo,4.0,2.0,2.0,25.0,0.08
1,1,2016-08-15 14:24:00+00:00,2016-08-15 14:25:00+00:00,4827.0,4807.75,4865.5,2016-08-15 19:55:00+00:00,4824.0,tiempo,-6.0,2.0,-8.0,38.5,-0.2077922077922078
-1,1,2016-08-17 14:04:00+00:00,2016-08-17 14:05:00+00:00,4781.5,4801.25,4742.0,2016-08-17 17:40:00+00:00,4801.5,stop,-40.0,2.0,-42.0,39.5,-1.0632911392405062
1,1,2016-08-18 14:19:00+00:00,2016-08-18 14:20:00+00:00,4811.0,4795.5,4842.0,2016-08-18 16:35:00+00:00,4795.25,stop,-31.5,2.0,-33.5,31.0,-1.0806451612903225
1,1,2016-08-19 14:24:00+00:00,2016-08-19 14:25:00+00:00,4803.0,4785.0,4839.0,2016-08-19 19:55:00+00:00,4805.75,tiempo,5.5,2.0,3.5,36.0,0.09722222222222222
1,1,2016-08-22 14:19:00+00:00,2016-08-22 14:20:00+00:00,4812.5,4789.5,4858.5,2016-08-22 19:55:00+00:00,4807.0,tiempo,-11.0,2.0,-13.0,46.0,-0.2826086956521739
-1,1,2016-08-23 15:09:00+00:00,2016-08-23 15:10:00+00:00,4823.75,4836.75,4797.75,2016-08-23 19:55:00+00:00,4818.75,tiempo,10.0,2.0,8.0,26.0,0.3076923076923077
-1,1,2016-08-24 14:24:00+00:00,2016-08-24 14:25:00+00:00,4811.0,4821.25,4790.5,2016-08-24 18:24:00+00:00,4790.5,objetivo,41.0,2.0,39.0,20.5,1.9024390243902438
1,1,2016-08-25 14:24:00+00:00,2016-08-25 14:25:00+00:00,4784.75,4768.25,4817.75,2016-08-25 19:55:00+00:00,4776.25,tiempo,-17.0,2.0,-19.0,33.0,-0.5757575757575758
1,1,2016-08-26 14:19:00+00:00,2016-08-26 14:20:00+00:00,4811.5,4780.0,4874.5,2016-08-26 15:52:00+00:00,4779.75,stop,-63.5,2.0,-65.5,63.0,-1.0396825396825398
1,1,2016-08-29 15:49:00+00:00,2016-08-29 15:50:00+00:00,4802.0,4786.25,4833.5,2016-08-29 19:55:00+00:00,4793.25,tiempo,-17.5,2.0,-19.5,31.5,-0.6190476190476191
-1,1,2016-08-30 14:14:00+00:00,2016-08-30 14:15:00+00:00,4779.75,4798.5,4742.25,2016-08-30 19:55:00+00:00,4774.25,tiempo,11.0,2.0,9.0,37.5,0.24
-1,1,2016-08-31 16:04:00+00:00,2016-08-31 16:05:00+00:00,4760.0,4776.0,4728.0,2016-08-31 19:41:00+00:00,4776.25,stop,-32.5,2.0,-34.5,32.0,-1.078125
-1,1,2016-09-01 14:24:00+00:00,2016-09-01 14:25:00+00:00,4769.0,4786.75,4733.5,2016-09-01 17:20:00+00:00,4787.0,stop,-36.0,2.0,-38.0,35.5,-1.0704225352112675
1,1,2016-09-02 14:04:00+00:00,2016-09-02 14:05:00+00:00,4816.0,4799.25,4849.5,2016-09-02 15:25:00+00:00,4799.0,stop,-34.0,2.0,-36.0,33.5,-1.0746268656716418
-1,1,2016-09-05 14:04:00+00:00,2016-09-05 14:05:00+00:00,4784.5,4793.25,4767.0,2016-09-05 16:59:00+00:00,4792.75,fin_de_datos,-16.5,2.0,-18.5,17.5,-1.0571428571428572
1,1,2016-09-06 14:04:00+00:00,2016-09-06 14:05:00+00:00,4818.25,4799.0,4856.75,2016-09-06 14:20:00+00:00,4798.75,stop,-39.0,2.0,-41.0,38.5,-1.0649350649350648
1,1,2016-09-07 14:29:00+00:00,2016-09-07 14:30:00+00:00,4839.0,4828.25,4860.5,2016-09-07 14:47:00+00:00,4828.0,stop,-22.0,2.0,-24.0,21.5,-1.1162790697674418
-1,1,2016-09-08 17:29:00+00:00,2016-09-08 17:30:00+00:00,4797.5,4818.0,4756.5,2016-09-08 19:55:00+00:00,4801.75,tiempo,-8.5,2.0,-10.5,41.0,-0.25609756097560976
-1,1,2016-09-09 14:39:00+00:00,2016-09-09 14:40:00+00:00,4754.0,4772.5,4717.0,2016-09-09 17:09:00+00:00,4717.0,objetivo,74.0,2.0,72.0,37.0,1.945945945945946
1,1,2016-09-12 14:04:00+00:00,2016-09-12 14:05:00+00:00,4700.5,4651.0,4799.5,2016-09-12 19:55:00+00:00,4757.25,tiempo,113.5,2.0,111.5,99.0,1.1262626262626263
-1,1,2016-09-13 14:04:00+00:00,2016-09-13 14:05:00+00:00,4723.75,4752.25,4666.75,2016-09-13 19:55:00+00:00,4729.5,tiempo,-11.5,2.0,-13.5,57.0,-0.23684210526315788
1,1,2016-09-14 14:09:00+00:00,2016-09-14 14:10:00+00:00,4747.5,4722.5,4797.5,2016-09-14 19:55:00+00:00,4742.25,tiempo,-10.5,2.0,-12.5,50.0,-0.25
1,1,2016-09-15 14:09:00+00:00,2016-09-15 14:10:00+00:00,4764.25,4741.25,4810.25,2016-09-15 17:43:00+00:00,4810.25,objetivo,92.0,2.0,90.0,46.0,1.9565217391304348
-1,1,2016-09-16 14:04:00+00:00,2016-09-16 14:05:00+00:00,4795.0,4817.5,4750.0,2016-09-16 19:47:00+00:00,4817.75,stop,-45.5,2.0,-47.5,45.0,-1.0555555555555556
-1,1,2016-09-19 14:39:00+00:00,2016-09-19 14:40:00+00:00,4820.75,4838.75,4784.75,2016-09-19 17:35:00+00:00,4784.75,objetivo,72.0,2.0,70.0,36.0,1.9444444444444444
-1,1,2016-09-20 14:34:00+00:00,2016-09-20 14:35:00+00:00,4801.0,4819.25,4764.5,2016-09-20 19:55:00+00:00,4807.25,tiempo,-12.5,2.0,-14.5,36.5,-0.3972602739726027
1,1,2016-09-21 14:04:00+00:00,2016-09-21 14:05:00+00:00,4825.75,4815.75,4845.75,2016-09-21 15:08:00+00:00,4815.5,stop,-20.5,2.0,-22.5,20.0,-1.125
1,1,2016-09-22 14:29:00+00:00,2016-09-22 14:30:00+00:00,4882.25,4871.0,4904.75,2016-09-22 19:55:00+00:00,4889.5,tiempo,14.5,2.0,12.5,22.5,0.5555555555555556
-1,1,2016-09-23 14:09:00+00:00,2016-09-23 14:10:00+00:00,4868.25,4881.25,4842.25,2016-09-23 19:55:00+00:00,4861.25,tiempo,14.0,2.0,12.0,26.0,0.46153846153846156
1,1,2016-09-26 14:14:00+00:00,2016-09-26 14:15:00+00:00,4829.5,4811.75,4865.0,2016-09-26 15:33:00+00:00,4811.5,stop,-36.0,2.0,-38.0,35.5,-1.0704225352112675
1,1,2016-09-27 14:04:00+00:00,2016-09-27 14:05:00+00:00,4848.0,4807.0,4930.0,2016-09-27 19:55:00+00:00,4861.5,tiempo,27.0,2.0,25.0,82.0,0.3048780487804878
-1,1,2016-09-28 14:14:00+00:00,2016-09-28 14:15:00+00:00,4859.5,4868.75,4841.0,2016-09-28 18:26:00+00:00,4869.0,stop,-19.0,2.0,-21.0,18.5,-1.135135135135135
-1,1,2016-09-29 14:09:00+00:00,2016-09-29 14:10:00+00:00,4849.0,4867.0,4813.0,2016-09-29 17:03:00+00:00,4813.0,objetivo,72.0,2.0,70.0,36.0,1.9444444444444444
-1,1,2016-09-30 14:24:00+00:00,2016-09-30 14:25:00+00:00,4844.0,4858.5,4815.0,2016-09-30 14:45:00+00:00,4858.75,stop,-29.5,2.0,-31.5,29.0,-1.0862068965517242
1,1,2016-10-03 14:49:00+00:00,2016-10-03 14:50:00+00:00,4865.75,4848.0,4901.25,2016-10-03 15:50:00+00:00,4847.75,stop,-36.0,2.0,-38.0,35.5,-1.0704225352112675
-1,1,2016-10-04 14:14:00+00:00,2016-10-04 14:15:00+00:00,4867.5,4888.0,4826.5,2016-10-04 19:55:00+00:00,4856.75,tiempo,21.5,2.0,19.5,41.0,0.47560975609756095
1,1,2016-10-05 14:09:00+00:00,2016-10-05 14:10:00+00:00,4881.25,4867.0,4909.75,2016-10-05 19:55:00+00:00,4872.0,tiempo,-18.5,2.0,-20.5,28.5,-0.7192982456140351
-1,1,2016-10-06 15:09:00+00:00,2016-10-06 15:10:00+00:00,4848.0,4870.75,4802.5,2016-10-06 15:48:00+00:00,4871.0,stop,-46.0,2.0,-48.0,45.5,-1.054945054945055
-1,1,2016-10-07 15:39:00+00:00,2016-10-07 15:40:00+00:00,4849.25,4881.0,4785.75,2016-10-07 19:55:00+00:00,4863.0,tiempo,-27.5,2.0,-29.5,63.5,-0.4645669291338583
1,1,2016-10-10 14:44:00+00:00,2016-10-10 14:45:00+00:00,4899.0,4882.5,4932.0,2016-10-10 19:55:00+00:00,4890.25,tiempo,-17.5,2.0,-19.5,33.0,-0.5909090909090909
-1,1,2016-10-11 14:14:00+00:00,2016-10-11 14:15:00+00:00,4853.0,4887.5,4784.0,2016-10-11 19:55:00+00:00,4818.75,tiempo,68.5,2.0,66.5,69.0,0.9637681159420289
1,1,2016-10-12 17:29:00+00:00,2016-10-12 17:30:00+00:00,4823.5,4800.25,4870.0,2016-10-12 19:55:00+00:00,4817.0,tiempo,-13.0,2.0,-15.0,46.5,-0.3225806451612903
1,1,2016-10-13 16:39:00+00:00,2016-10-13 16:40:00+00:00,4793.0,4755.75,4867.5,2016-10-13 19:55:00+00:00,4794.0,tiempo,2.0,2.0,0.0,74.5,0.0
-1,1,2016-10-14 15:29:00+00:00,2016-10-14 15:30:00+00:00,4818.25,4841.0,4772.75,2016-10-14 19:55:00+00:00,4807.0,tiempo,22.5,2.0,20.5,45.5,0.45054945054945056
1,1,2016-10-17 14:29:00+00:00,2016-10-17 14:30:00+00:00,4808.25,4784.25,4856.25,2016-10-17 19:55:00+00:00,4791.0,tiempo,-34.5,2.0,-36.5,48.0,-0.7604166666666666
-1,1,2016-10-18 14:24:00+00:00,2016-10-18 14:25:00+00:00,4832.5,4850.5,4796.5,2016-10-18 15:54:00+00:00,4850.75,stop,-36.5,2.0,-38.5,36.0,-1.0694444444444444
1,1,2016-10-19 14:29:00+00:00,2016-10-19 14:30:00+00:00,4836.25,4824.25,4860.25,2016-10-19 19:55:00+00:00,4832.0,tiempo,-8.5,2.0,-10.5,24.0,-0.4375
1,1,2016-10-20 14:04:00+00:00,2016-10-20 14:05:00+00:00,4834.75,4807.25,4889.75,2016-10-20 14:35:00+00:00,4807.0,stop,-55.5,2.0,-57.5,55.0,-1.0454545454545454
1,1,2016-10-21 15:09:00+00:00,2016-10-21 15:10:00+00:00,4837.75,4814.75,4883.75,2016-10-21 19:55:00+00:00,4846.5,tiempo,17.5,2.0,15.5,46.0,0.33695652173913043
1,1,2016-10-24 14:19:00+00:00,2016-10-24 14:20:00+00:00,4891.75,4875.75,4923.75,2016-10-24 19:55:00+00:00,4902.25,tiempo,21.0,2.0,19.0,32.0,0.59375
-1,1,2016-10-25 14:44:00+00:00,2016-10-25 14:45:00+00:00,4894.0,4906.5,4869.0,2016-10-25 19:55:00+00:00,4883.75,tiempo,20.5,2.0,18.5,25.0,0.74
1,1,2016-10-26 14:39:00+00:00,2016-10-26 14:40:00+00:00,4863.5,4841.5,4907.5,2016-10-26 18:05:00+00:00,4841.25,stop,-44.5,2.0,-46.5,44.0,-1.0568181818181819
-1,1,2016-10-27 14:04:00+00:00,2016-10-27 14:05:00+00:00,4863.75,4879.75,4831.75,2016-10-27 19:14:00+00:00,4831.75,objetivo,64.0,2.0,62.0,32.0,1.9375
1,1,2016-10-28 14:34:00+00:00,2016-10-28 14:35:00+00:00,4837.75,4799.5,4914.25,2016-10-28 17:36:00+00:00,4799.25,stop,-77.0,2.0,-79.0,76.5,-1.0326797385620916
-1,1,2016-10-31 14:34:00+00:00,2016-10-31 14:35:00+00:00,4803.0,4819.25,4770.5,2016-10-31 19:55:00+00:00,4799.0,tiempo,8.0,2.0,6.0,32.5,0.18461538461538463
-1,1,2016-11-01 14:14:00+00:00,2016-11-01 14:15:00+00:00,4784.75,4806.25,4741.75,2016-11-01 17:42:00+00:00,4741.75,objetivo,86.0,2.0,84.0,43.0,1.9534883720930232
-1,1,2016-11-02 14:34:00+00:00,2016-11-02 14:35:00+00:00,4748.5,4766.0,4713.5,2016-11-02 18:08:00+00:00,4713.5,objetivo,70.0,2.0,68.0,35.0,1.9428571428571428
-1,1,2016-11-03 14:19:00+00:00,2016-11-03 14:20:00+00:00,4708.25,4729.5,4665.75,2016-11-03 19:55:00+00:00,4674.25,tiempo,68.0,2.0,66.0,42.5,1.5529411764705883
1,1,2016-11-04 14:39:00+00:00,2016-11-04 14:40:00+00:00,4687.0,4651.25,4758.5,2016-11-04 19:55:00+00:00,4659.25,tiempo,-55.5,2.0,-57.5,71.5,-0.8041958041958042
1,1,2016-11-07 15:09:00+00:00,2016-11-07 15:10:00+00:00,4741.25,4726.25,4771.25,2016-11-07 16:45:00+00:00,4771.25,objetivo,60.0,2.0,58.0,30.0,1.9333333333333333
1,1,2016-11-08 15:49:00+00:00,2016-11-08 15:50:00+00:00,4768.25,4752.75,4799.25,2016-11-08 16:59:00+00:00,4799.25,objetivo,62.0,2.0,60.0,31.0,1.935483870967742
1,1,2016-11-09 16:34:00+00:00,2016-11-09 16:35:00+00:00,4815.5,4738.0,4970.5,2016-11-09 20:55:00+00:00,4818.5,tiempo,6.0,2.0,4.0,155.0,0.025806451612903226
-1,1,2016-11-10 15:04:00+00:00,2016-11-10 15:05:00+00:00,4806.75,4851.5,4717.25,2016-11-10 15:36:00+00:00,4717.25,objetivo,179.0,2.0,177.0,89.5,1.9776536312849162
1,1,2016-11-11 15:09:00+00:00,2016-11-11 15:10:00+00:00,4739.75,4706.0,4807.25,2016-11-11 20:55:00+00:00,4749.25,tiempo,19.0,2.0,17.0,67.5,0.2518518518518518
-1,1,2016-11-14 15:04:00+00:00,2016-11-14 15:05:00+00:00,4700.25,4750.75,4599.25,2016-11-14 20:55:00+00:00,4697.5,tiempo,5.5,2.0,3.5,101.0,0.034653465346534656
1,1,2016-11-15 15:04:00+00:00,2016-11-15 15:05:00+00:00,4761.5,4726.0,4832.5,2016-11-15 20:55:00+00:00,4768.0,tiempo,13.0,2.0,11.0,71.0,0.15492957746478872
1,1,2016-11-16 15:24:00+00:00,2016-11-16 15:25:00+00:00,4780.5,4740.75,4860.0,2016-11-16 20:55:00+00:00,4788.75,tiempo,16.5,2.0,14.5,79.5,0.18238993710691823
1,1,2016-11-17 15:49:00+00:00,2016-11-17 15:50:00+00:00,4800.75,4778.0,4846.25,2016-11-17 20:55:00+00:00,4823.75,tiempo,46.0,2.0,44.0,45.5,0.967032967032967
-1,1,2016-11-18 15:19:00+00:00,2016-11-18 15:20:00+00:00,4816.25,4840.5,4767.75,2016-11-18 20:55:00+00:00,4809.5,tiempo,13.5,2.0,11.5,48.5,0.23711340206185566
1,1,2016-11-21 16:59:00+00:00,2016-11-21 17:00:00+00:00,4853.0,4817.25,4924.5,2016-11-21 20:55:00+00:00,4859.75,tiempo,13.5,2.0,11.5,71.5,0.16083916083916083
-1,1,2016-11-22 15:49:00+00:00,2016-11-22 15:50:00+00:00,4867.0,4884.75,4831.5,2016-11-22 20:55:00+00:00,4877.5,tiempo,-21.0,2.0,-23.0,35.5,-0.647887323943662
-1,1,2016-11-23 16:24:00+00:00,2016-11-23 16:25:00+00:00,4834.75,4862.0,4780.25,2016-11-23 20:55:00+00:00,4850.75,tiempo,-32.0,2.0,-34.0,54.5,-0.6238532110091743
1,1,2016-11-24 15:04:00+00:00,2016-11-24 15:05:00+00:00,4852.0,4849.0,4858.0,2016-11-24 16:15:00+00:00,4858.0,objetivo,12.0,2.0,10.0,6.0,1.6666666666666667
1,1,2016-11-25 16:29:00+00:00,2016-11-25 16:30:00+00:00,4865.75,4852.0,4893.25,2016-11-25 18:14:00+00:00,4869.75,fin_de_datos,8.0,2.0,6.0,27.5,0.21818181818181817
1,1,2016-11-28 15:29:00+00:00,2016-11-28 15:30:00+00:00,4872.25,4851.75,4913.25,2016-11-28 20:55:00+00:00,4856.75,tiempo,-31.0,2.0,-33.0,41.0,-0.8048780487804879
1,1,2016-11-29 15:24:00+00:00,2016-11-29 15:25:00+00:00,4868.25,4847.5,4909.75,2016-11-29 20:55:00+00:00,4873.0,tiempo,9.5,2.0,7.5,41.5,0.18072289156626506
-1,1,2016-11-30 15:04:00+00:00,2016-11-30 15:05:00+00:00,4860.0,4881.5,4817.0,2016-11-30 19:15:00+00:00,4817.0,objetivo,86.0,2.0,84.0,43.0,1.9534883720930232
-1,1,2016-12-01 15:24:00+00:00,2016-12-01 15:25:00+00:00,4771.75,4814.5,4686.25,2016-12-01 20:55:00+00:00,4731.5,tiempo,80.5,2.0,78.5,85.5,0.9181286549707602
-1,1,2016-12-02 15:14:00+00:00,2016-12-02 15:15:00+00:00,4722.0,4759.0,4648.0,2016-12-02 20:55:00+00:00,4737.5,tiempo,-31.0,2.0,-33.0,74.0,-0.44594594594594594
1,1,2016-12-05 15:04:00+00:00,2016-12-05 15:05:00+00:00,4783.25,4741.75,4866.25,2016-12-05 20:55:00+00:00,4777.75,tiempo,-11.0,2.0,-13.0,83.0,-0.1566265060240964
1,1,2016-12-06 15:04:00+00:00,2016-12-06 15:05:00+00:00,4793.25,4768.25,4843.25,2016-12-06 16:47:00+00:00,4768.0,stop,-50.5,2.0,-52.5,50.0,-1.05
1,1,2016-12-07 15:24:00+00:00,2016-12-07 15:25:00+00:00,4785.75,4763.5,4830.25,2016-12-07 19:16:00+00:00,4830.25,objetivo,89.0,2.0,87.0,44.5,1.9550561797752808
1,1,2016-12-08 16:09:00+00:00,2016-12-08 16:10:00+00:00,4865.75,4840.75,4915.75,2016-12-08 20:55:00+00:00,4857.75,tiempo,-16.0,2.0,-18.0,50.0,-0.36
1,1,2016-12-09 15:39:00+00:00,2016-12-09 15:40:00+00:00,4896.0,4875.25,4937.5,2016-12-09 20:55:00+00:00,4892.0,tiempo,-8.0,2.0,-10.0,41.5,-0.24096385542168675
-1,1,2016-12-14 16:09:00+00:00,2016-12-14 16:10:00+00:00,4938.25,4950.75,4913.25,2016-12-14 18:37:00+00:00,4951.0,stop,-25.5,2.0,-27.5,25.0,-1.1
1,1,2016-12-15 16:04:00+00:00,2016-12-15 16:05:00+00:00,4948.5,4923.75,4998.0,2016-12-15 18:55:00+00:00,4923.5,stop,-50.0,2.0,-52.0,49.5,-1.0505050505050506
-1,1,2016-12-16 15:34:00+00:00,2016-12-16 15:35:00+00:00,4928.25,4951.75,4881.25,2016-12-16 20:55:00+00:00,4916.25,tiempo,24.0,2.0,22.0,47.0,0.46808510638297873
1,1,2016-12-19 15:39:00+00:00,2016-12-19 15:40:00+00:00,4947.25,4912.5,5016.75,2016-12-19 20:55:00+00:00,4932.75,tiempo,-29.0,2.0,-31.0,69.5,-0.4460431654676259
-1,1,2016-12-20 19:34:00+00:00,2016-12-20 19:35:00+00:00,4946.5,4963.25,4913.0,2016-12-20 20:55:00+00:00,4952.25,tiempo,-11.5,2.0,-13.5,33.5,-0.40298507462686567
-1,1,2016-12-21 15:49:00+00:00,2016-12-21 15:50:00+00:00,4945.5,4959.75,4917.0,2016-12-21 20:55:00+00:00,4952.0,tiempo,-13.0,2.0,-15.0,28.5,-0.5263157894736842
-1,1,2016-12-22 16:44:00+00:00,2016-12-22 16:45:00+00:00,4925.75,4952.5,4872.25,2016-12-22 20:55:00+00:00,4931.0,tiempo,-10.5,2.0,-12.5,53.5,-0.2336448598130841
-1,1,2016-12-23 15:54:00+00:00,2016-12-23 15:55:00+00:00,4927.75,4940.75,4901.75,2016-12-23 20:55:00+00:00,4939.25,tiempo,-23.0,2.0,-25.0,26.0,-0.9615384615384616
-1,1,2016-12-28 15:09:00+00:00,2016-12-28 15:10:00+00:00,4944.5,4979.0,4875.5,2016-12-28 20:55:00+00:00,4925.5,tiempo,38.0,2.0,36.0,69.0,0.5217391304347826
-1,1,2016-12-29 15:49:00+00:00,2016-12-29 15:50:00+00:00,4914.0,4933.5,4875.0,2016-12-29 20:55:00+00:00,4916.0,tiempo,-4.0,2.0,-6.0,39.0,-0.15384615384615385
-1,1,2016-12-30 15:19:00+00:00,2016-12-30 15:20:00+00:00,4879.0,4926.5,4784.0,2016-12-30 20:55:00+00:00,4853.0,tiempo,52.0,2.0,50.0,95.0,0.5263157894736842
1,1,2017-01-03 15:09:00+00:00,2017-01-03 15:10:00+00:00,4924.75,4885.75,5002.75,2017-01-03 16:41:00+00:00,4885.5,stop,-78.5,2.0,-80.5,78.0,-1.0320512820512822
1,1,2017-01-04 17:04:00+00:00,2017-01-04 17:05:00+00:00,4935.0,4912.0,4981.0,2017-01-04 20:55:00+00:00,4934.0,tiempo,-2.0,2.0,-4.0,46.0,-0.08695652173913043
1,1,2017-01-05 20:14:00+00:00,2017-01-05 20:15:00+00:00,4958.75,4929.5,5017.25,2017-01-05 20:55:00+00:00,4961.25,tiempo,5.0,2.0,3.0,58.5,0.05128205128205128
1,1,2017-01-06 15:04:00+00:00,2017-01-06 15:05:00+00:00,4980.0,4952.5,5035.0,2017-01-06 20:55:00+00:00,5008.25,tiempo,56.5,2.0,54.5,55.0,0.990909090909091
1,1,2017-01-09 16:19:00+00:00,2017-01-09 16:20:00+00:00,5021.25,5004.75,5054.25,2017-01-09 20:55:00+00:00,5023.5,tiempo,4.5,2.0,2.5,33.0,0.07575757575757576
1,1,2017-01-10 16:04:00+00:00,2017-01-10 16:05:00+00:00,5035.25,5011.0,5083.75,2017-01-10 20:55:00+00:00,5032.75,tiempo,-5.0,2.0,-7.0,48.5,-0.14432989690721648
1,1,2017-01-11 15:34:00+00:00,2017-01-11 15:35:00+00:00,5040.0,5028.0,5064.0,2017-01-11 16:24:00+00:00,5027.75,stop,-24.5,2.0,-26.5,24.0,-1.1041666666666667
-1,1,2017-01-12 15:09:00+00:00,2017-01-12 15:10:00+00:00,5001.25,5029.25,4945.25,2017-01-12 18:46:00+00:00,5029.5,stop,-56.5,2.0,-58.5,56.0,-1.0446428571428572
1,1,2017-01-13 16:29:00+00:00,2017-01-13 16:30:00+00:00,5060.0,5040.0,5100.0,2017-01-13 20:55:00+00:00,5054.0,tiempo,-12.0,2.0,-14.0,40.0,-0.35
1,1,2017-01-17 15:34:00+00:00,2017-01-17 15:35:00+00:00,5044.5,5025.0,5083.5,2017-01-17 20:55:00+00:00,5038.25,tiempo,-12.5,2.0,-14.5,39.0,-0.3717948717948718
1,1,2017-01-18 15:04:00+00:00,2017-01-18 15:05:00+00:00,5053.75,5037.25,5086.75,2017-01-18 16:58:00+00:00,5037.0,stop,-33.5,2.0,-35.5,33.0,-1.0757575757575757
-1,1,2017-01-19 15:34:00+00:00,2017-01-19 15:35:00+00:00,5052.5,5074.75,5008.0,2017-01-19 20:55:00+00:00,5049.75,tiempo,5.5,2.0,3.5,44.5,0.07865168539325842
-1,1,2017-01-20 15:29:00+00:00,2017-01-20 15:30:00+00:00,5064.0,5083.0,5026.0,2017-01-20 20:55:00+00:00,5055.0,tiempo,18.0,2.0,16.0,38.0,0.42105263157894735
-1,1,2017-01-23 15:19:00+00:00,2017-01-23 15:20:00+00:00,5047.5,5069.75,5003.0,2017-01-23 20:55:00+00:00,5062.25,tiempo,-29.5,2.0,-31.5,44.5,-0.7078651685393258
-1,1,2017-01-24 15:04:00+00:00,2017-01-24 15:05:00+00:00,5064.75,5079.25,5035.75,2017-01-24 18:06:00+00:00,5079.5,stop,-29.5,2.0,-31.5,29.0,-1.0862068965517242
1,1,2017-01-25 15:09:00+00:00,2017-01-25 15:10:00+00:00,5133.5,5123.5,5153.5,2017-01-25 20:55:00+00:00,5146.75,tiempo,26.5,2.0,24.5,20.0,1.225
-1,1,2017-01-26 15:29:00+00:00,2017-01-26 15:30:00+00:00,5147.75,5163.25,5116.75,2017-01-26 20:55:00+00:00,5154.5,tiempo,-13.5,2.0,-15.5,31.0,-0.5
-1,1,2017-01-27 15:09:00+00:00,2017-01-27 15:10:00+00:00,5147.25,5167.5,5106.75,2017-01-27 20:55:00+00:00,5160.75,tiempo,-27.0,2.0,-29.0,40.5,-0.7160493827160493
-1,1,2017-01-30 15:14:00+00:00,2017-01-30 15:15:00+00:00,5098.5,5145.75,5004.0,2017-01-30 20:55:00+00:00,5125.75,tiempo,-54.5,2.0,-56.5,94.5,-0.5978835978835979
-1,1,2017-01-31 15:04:00+00:00,2017-01-31 15:05:00+00:00,5090.75,5112.5,5047.25,2017-01-31 20:45:00+00:00,5112.75,stop,-44.0,2.0,-46.0,43.5,-1.0574712643678161
-1,1,2017-02-01 15:04:00+00:00,2017-02-01 15:05:00+00:00,5143.75,5158.25,5114.75,2017-02-01 20:55:00+00:00,5147.5,tiempo,-7.5,2.0,-9.5,29.0,-0.3275862068965517
1,1,2017-02-02 15:59:00+00:00,2017-02-02 16:00:00+00:00,5155.25,5123.5,5218.75,2017-02-02 20:55:00+00:00,5141.75,tiempo,-27.0,2.0,-29.0,63.5,-0.4566929133858268
1,1,2017-02-03 15:29:00+00:00,2017-02-03 15:30:00+00:00,5156.5,5145.0,5179.5,2017-02-03 16:37:00+00:00,5144.75,stop,-23.5,2.0,-25.5,23.0,-1.108695652173913
1,1,2017-02-06 15:24:00+00:00,2017-02-06 15:25:00+00:00,5153.75,5142.75,5175.75,2017-02-06 20:55:00+00:00,5160.25,tiempo,13.0,2.0,11.0,22.0,0.5
1,1,2017-02-07 15:09:00+00:00,2017-02-07 15:10:00+00:00,5183.25,5168.0,5213.75,2017-02-07 20:55:00+00:00,5176.25,tiempo,-14.0,2.0,-16.0,30.5,-0.5245901639344263
1,1,2017-02-08 15:14:00+00:00,2017-02-08 15:15:00+00:00,5182.0,5163.5,5219.0,2017-02-08 20:55:00+00:00,5194.75,tiempo,25.5,2.0,23.5,37.0,0.6351351351351351
1,1,2017-02-09 15:24:00+00:00,2017-02-09 15:25:00+00:00,5203.5,5191.75,5227.0,2017-02-09 20:55:00+00:00,5213.0,tiempo,19.0,2.0,17.0,23.5,0.723404255319149
-1,1,2017-02-10 15:09:00+00:00,2017-02-10 15:10:00+00:00,5210.75,5221.5,5189.25,2017-02-10 15:32:00+00:00,5221.75,stop,-22.0,2.0,-24.0,21.5,-1.1162790697674418
1,1,2017-02-13 15:04:00+00:00,2017-02-13 15:05:00+00:00,5247.75,5238.75,5265.75,2017-02-13 20:55:00+00:00,5254.25,tiempo,13.0,2.0,11.0,18.0,0.6111111111111112
-1,1,2017-02-14 15:04:00+00:00,2017-02-14 15:05:00+00:00,5246.75,5256.75,5226.75,2017-02-14 16:56:00+00:00,5257.0,stop,-20.5,2.0,-22.5,20.0,-1.125
1,1,2017-02-15 15:34:00+00:00,2017-02-15 15:35:00+00:00,5278.5,5266.25,5303.0,2017-02-15 20:14:00+00:00,5303.0,objetivo,49.0,2.0,47.0,24.5,1.9183673469387754
-1,1,2017-02-16 15:54:00+00:00,2017-02-16 15:55:00+00:00,5290.75,5317.0,5238.25,2017-02-16 20:55:00+00:00,5300.5,tiempo,-19.5,2.0,-21.5,52.5,-0.4095238095238095
1,1,2017-02-17 15:04:00+00:00,2017-02-17 15:05:00+00:00,5306.75,5293.5,5333.25,2017-02-17 20:55:00+00:00,5319.75,tiempo,26.0,2.0,24.0,26.5,0.9056603773584906
1,1,2017-02-20 15:59:00+00:00,2017-02-20 16:00:00+00:00,5335.5,5327.25,5352.0,2017-02-20 17:59:00+00:00,5340.25,fin_de_datos,9.5,2.0,7.5,16.5,0.45454545454545453
1,1,2017-02-21 15:09:00+00:00,2017-02-21 15:10:00+00:00,5347.5,5331.75,5379.0,2017-02-21 20:55:00+00:00,5352.0,tiempo,9.0,2.0,7.0,31.5,0.2222222222222222
1,1,2017-02-22 15:39:00+00:00,2017-02-22 15:40:00+00:00,5351.25,5336.25,5381.25,2017-02-22 20:55:00+00:00,5353.5,tiempo,4.5,2.0,2.5,30.0,0.08333333333333333
-1,1,2017-02-23 15:14:00+00:00,2017-02-23 15:15:00+00:00,5334.0,5359.5,5283.0,2017-02-23 20:55:00+00:00,5329.75,tiempo,8.5,2.0,6.5,51.0,0.12745098039215685
1,1,2017-02-24 16:04:00+00:00,2017-02-24 16:05:00+00:00,5323.25,5306.25,5357.25,2017-02-24 20:55:00+00:00,5340.25,tiempo,34.0,2.0,32.0,34.0,0.9411764705882353
1,1,2017-02-27 15:39:00+00:00,2017-02-27 15:40:00+00:00,5336.5,5323.25,5363.0,2017-02-27 20:55:00+00:00,5344.75,tiempo,16.5,2.0,14.5,26.5,0.5471698113207547
-1,1,2017-02-28 15:44:00+00:00,2017-02-28 15:45:00+00:00,5336.5,5350.0,5309.5,2017-02-28 20:55:00+00:00,5331.75,tiempo,9.5,2.0,7.5,27.0,0.2777777777777778
1,1,2017-03-01 15:04:00+00:00,2017-03-01 15:05:00+00:00,5372.75,5355.0,5408.25,2017-03-01 20:55:00+00:00,5394.5,tiempo,43.5,2.0,41.5,35.5,1.1690140845070423
-1,1,2017-03-02 15:14:00+00:00,2017-03-02 15:15:00+00:00,5377.5,5389.75,5353.0,2017-03-02 20:55:00+00:00,5364.75,tiempo,25.5,2.0,23.5,24.5,0.9591836734693877
-1,1,2017-03-03 15:24:00+00:00,2017-03-03 15:25:00+00:00,5349.5,5364.5,5319.5,2017-03-03 17:32:00+00:00,5364.75,stop,-30.5,2.0,-32.5,30.0,-1.0833333333333333
-1,1,2017-03-06 15:24:00+00:00,2017-03-06 15:25:00+00:00,5340.75,5359.25,5303.75,2017-03-06 18:13:00+00:00,5359.5,stop,-37.5,2.0,-39.5,37.0,-1.0675675675675675
1,1,2017-03-07 15:19:00+00:00,2017-03-07 15:20:00+00:00,5359.0,5344.0,5389.0,2017-03-07 20:41:00+00:00,5343.75,stop,-30.5,2.0,-32.5,30.0,-1.0833333333333333
1,1,2017-03-08 15:04:00+00:00,2017-03-08 15:05:00+00:00,5369.75,5348.0,5413.25,2017-03-08 20:55:00+00:00,5357.25,tiempo,-25.0,2.0,-27.0,43.5,-0.6206896551724138
1,1,2017-03-09 15:04:00+00:00,2017-03-09 15:05:00+00:00,5369.0,5347.25,5412.5,2017-03-09 19:04:00+00:00,5347.0,stop,-44.0,2.0,-46.0,43.5,-1.0574712643678161
-1,1,2017-03-10 17:39:00+00:00,2017-03-10 17:40:00+00:00,5374.5,5394.5,5334.5,2017-03-10 20:55:00+00:00,5385.75,tiempo,-22.5,2.0,-24.5,40.0,-0.6125
-1,1,2017-03-14 14:19:00+00:00,2017-03-14 14:20:00+00:00,5369.25,5388.5,5330.75,2017-03-14 19:55:00+00:00,5386.75,tiempo,-35.0,2.0,-37.0,38.5,-0.961038961038961
-1,1,2017-03-15 14:04:00+00:00,2017-03-15 14:05:00+00:00,5383.25,5397.75,5354.25,2017-03-15 16:37:00+00:00,5398.0,stop,-29.5,2.0,-31.5,29.0,-1.0862068965517242
-1,1,2017-03-16 14:14:00+00:00,2017-03-16 14:15:00+00:00,5416.25,5428.75,5391.25,2017-03-16 19:55:00+00:00,5413.0,tiempo,6.5,2.0,4.5,25.0,0.18
-1,1,2017-03-17 15:04:00+00:00,2017-03-17 15:05:00+00:00,5410.0,5421.0,5388.0,2017-03-17 17:17:00+00:00,5421.25,stop,-22.5,2.0,-24.5,22.0,-1.1136363636363635
1,1,2017-03-20 14:04:00+00:00,2017-03-20 14:05:00+00:00,5416.75,5405.25,5439.75,2017-03-20 17:43:00+00:00,5405.0,stop,-23.5,2.0,-25.5,23.0,-1.108695652173913
-1,1,2017-03-21 14:04:00+00:00,2017-03-21 14:05:00+00:00,5426.75,5441.0,5398.25,2017-03-21 14:53:00+00:00,5398.25,objetivo,57.0,2.0,55.0,28.5,1.9298245614035088
1,1,2017-03-22 14:59:00+00:00,2017-03-22 15:00:00+00:00,5354.5,5334.25,5395.0,2017-03-22 19:55:00+00:00,5370.25,tiempo,31.5,2.0,29.5,40.5,0.7283950617283951
-1,1,2017-03-23 14:19:00+00:00,2017-03-23 14:20:00+00:00,5351.0,5368.75,5315.5,2017-03-23 14:43:00+00:00,5369.0,stop,-36.0,2.0,-38.0,35.5,-1.0704225352112675
1,1,2017-03-24 15:59:00+00:00,2017-03-24 16:00:00+00:00,5393.5,5373.0,5434.5,2017-03-24 17:57:00+00:00,5372.75,stop,-41.5,2.0,-43.5,41.0,-1.0609756097560976
1,1,2017-03-27 14:09:00+00:00,2017-03-27 14:10:00+00:00,5340.75,5317.25,5387.75,2017-03-27 19:55:00+00:00,5379.5,tiempo,77.5,2.0,75.5,47.0,1.6063829787234043
1,1,2017-03-28 15:09:00+00:00,2017-03-28 15:10:00+00:00,5387.0,5363.5,5434.0,2017-03-28 19:55:00+00:00,5412.0,tiempo,50.0,2.0,48.0,47.0,1.0212765957446808
1,1,2017-03-29 14:14:00+00:00,2017-03-29 14:15:00+00:00,5422.0,5406.5,5453.0,2017-03-29 19:55:00+00:00,5431.25,tiempo,18.5,2.0,16.5,31.0,0.532258064516129
1,1,2017-03-30 14:04:00+00:00,2017-03-30 14:05:00+00:00,5444.75,5426.5,5481.25,2017-03-30 19:55:00+00:00,5439.5,tiempo,-10.5,2.0,-12.5,36.5,-0.3424657534246575
1,1,2017-03-31 14:04:00+00:00,2017-03-31 14:05:00+00:00,5441.0,5427.25,5468.5,2017-03-31 19:55:00+00:00,5443.5,tiempo,5.0,2.0,3.0,27.5,0.10909090909090909
-1,1,2017-04-03 14:44:00+00:00,2017-04-03 14:45:00+00:00,5438.0,5455.0,5404.0,2017-04-03 16:03:00+00:00,5404.0,objetivo,68.0,2.0,66.0,34.0,1.9411764705882353
1,1,2017-04-04 18:19:00+00:00,2017-04-04 18:20:00+00:00,5437.0,5416.75,5477.5,2017-04-04 19:55:00+00:00,5440.0,tiempo,6.0,2.0,4.0,40.5,0.09876543209876543
1,1,2017-04-05 14:29:00+00:00,2017-04-05 14:30:00+00:00,5465.25,5444.25,5507.25,2017-04-05 19:15:00+00:00,5444.0,stop,-42.5,2.0,-44.5,42.0,-1.0595238095238095
1,1,2017-04-06 15:24:00+00:00,2017-04-06 15:25:00+00:00,5434.75,5410.25,5483.75,2017-04-06 18:57:00+00:00,5410.0,stop,-49.5,2.0,-51.5,49.0,-1.0510204081632653
1,1,2017-04-07 18:04:00+00:00,2017-04-07 18:05:00+00:00,5432.5,5401.25,5495.0,2017-04-07 19:55:00+00:00,5421.5,tiempo,-22.0,2.0,-24.0,62.5,-0.384
1,1,2017-04-10 14:34:00+00:00,2017-04-10 14:35:00+00:00,5442.0,5422.75,5480.5,2017-04-10 15:33:00+00:00,5422.5,stop,-39.0,2.0,-41.0,38.5,-1.0649350649350648
-1,1,2017-04-11 14:24:00+00:00,2017-04-11 14:25:00+00:00,5378.5,5424.5,5286.5,2017-04-11 19:55:00+00:00,5390.75,tiempo,-24.5,2.0,-26.5,92.0,-0.28804347826086957
-1,1,2017-04-12 14:44:00+00:00,2017-04-12 14:45:00+00:00,5385.5,5400.75,5355.0,2017-04-12 19:55:00+00:00,5376.25,tiempo,18.5,2.0,16.5,30.5,0.5409836065573771
1,1,2017-04-13 14:04:00+00:00,2017-04-13 14:05:00+00:00,5394.25,5365.25,5452.25,2017-04-13 17:47:00+00:00,5365.0,stop,-58.5,2.0,-60.5,58.0,-1.043103448275862
1,1,2017-04-17 14:09:00+00:00,2017-04-17 14:10:00+00:00,5381.75,5367.0,5411.25,2017-04-17 19:55:00+00:00,5397.75,tiempo,32.0,2.0,30.0,29.5,1.0169491525423728
1,1,2017-04-19 15:24:00+00:00,2017-04-19 15:25:00+00:00,5430.25,5412.0,5466.75,2017-04-19 17:07:00+00:00,5411.75,stop,-37.0,2.0,-39.0,36.5,-1.0684931506849316
1,1,2017-04-20 15:49:00+00:00,2017-04-20 15:50:00+00:00,5433.5,5411.0,5478.5,2017-04-20 19:55:00+00:00,5450.25,tiempo,33.5,2.0,31.5,45.0,0.7
-1,1,2017-04-21 17:14:00+00:00,2017-04-21 17:15:00+00:00,5431.0,5447.75,5397.5,2017-04-21 19:55:00+00:00,5441.25,tiempo,-20.5,2.0,-22.5,33.5,-0.6716417910447762
1,1,2017-04-24 14:19:00+00:00,2017-04-24 14:20:00+00:00,5506.25,5492.25,5534.25,2017-04-24 19:55:00+00:00,5505.75,tiempo,-1.0,2.0,-3.0,28.0,-0.10714285714285714
1,1,2017-04-25 14:09:00+00:00,2017-04-25 14:10:00+00:00,5536.0,5520.75,5566.5,2017-04-25 19:55:00+00:00,5547.75,tiempo,23.5,2.0,21.5,30.5,0.7049180327868853
-1,1,2017-04-26 14:34:00+00:00,2017-04-26 14:35:00+00:00,5543.5,5562.5,5505.5,2017-04-26 19:55:00+00:00,5536.5,tiempo,14.0,2.0,12.0,38.0,0.3157894736842105
1,1,2017-04-27 14:04:00+00:00,2017-04-27 14:05:00+00:00,5560.0,5548.0,5584.0,2017-04-27 19:55:00+00:00,5567.0,tiempo,14.0,2.0,12.0,24.0,0.5
-1,1,2017-04-28 14:09:00+00:00,2017-04-28 14:10:00+00:00,5576.0,5595.5,5537.0,2017-04-28 19:55:00+00:00,5581.75,tiempo,-11.5,2.0,-13.5,39.0,-0.34615384615384615
1,1,2017-05-01 14:34:00+00:00,2017-05-01 14:35:00+00:00,5610.75,5596.5,5639.25,2017-05-01 19:55:00+00:00,5630.75,tiempo,40.0,2.0,38.0,28.5,1.3333333333333333
1,1,2017-05-02 16:09:00+00:00,2017-05-02 16:10:00+00:00,5639.0,5624.5,5668.0,2017-05-02 19:55:00+00:00,5637.5,tiempo,-3.0,2.0,-5.0,29.0,-0.1724137931034483
-1,1,2017-05-03 14:09:00+00:00,2017-05-03 14:10:00+00:00,5611.5,5629.0,5576.5,2017-05-03 19:55:00+00:00,5627.0,tiempo,-31.0,2.0,-33.0,35.0,-0.9428571428571428
1,1,2017-05-04 15:39:00+00:00,2017-05-04 15:40:00+00:00,5628.75,5603.75,5678.75,2017-05-04 19:55:00+00:00,5624.25,tiempo,-9.0,2.0,-11.0,50.0,-0.22
-1,1,2017-05-05 14:14:00+00:00,2017-05-05 14:15:00+00:00,5623.25,5639.5,5590.75,2017-05-05 19:50:00+00:00,5639.75,stop,-33.0,2.0,-35.0,32.5,-1.0769230769230769
-1,1,2017-05-08 15:24:00+00:00,2017-05-08 15:25:00+00:00,5635.75,5652.0,5603.25,2017-05-08 16:44:00+00:00,5652.25,stop,-33.0,2.0,-35.0,32.5,-1.0769230769230769
1,1,2017-05-09 14:04:00+00:00,2017-05-09 14:05:00+00:00,5683.25,5658.75,5732.25,2017-05-09 19:55:00+00:00,5671.5,tiempo,-23.5,2.0,-25.5,49.0,-0.5204081632653061
-1,1,2017-05-10 14:29:00+00:00,2017-05-10 14:30:00+00:00,5660.0,5679.25,5621.5,2017-05-10 19:09:00+00:00,5679.5,stop,-39.0,2.0,-41.0,38.5,-1.0649350649350648
-1,1,2017-05-11 14:24:00+00:00,2017-05-11 14:25:00+00:00,5640.5,5668.25,5585.0,2017-05-11 17:58:00+00:00,5668.5,stop,-56.0,2.0,-58.0,55.5,-1.045045045045045
-1,1,2017-05-12 14:54:00+00:00,2017-05-12 14:55:00+00:00,5671.25,5682.75,5648.25,2017-05-12 15:31:00+00:00,5683.0,stop,-23.5,2.0,-25.5,23.0,-1.108695652173913
1,1,2017-05-15 14:44:00+00:00,2017-05-15 14:45:00+00:00,5702.25,5682.5,5741.75,2017-05-15 19:55:00+00:00,5702.75,tiempo,1.0,2.0,-1.0,39.5,-0.02531645569620253
-1,1,2017-05-16 14:29:00+00:00,2017-05-16 14:30:00+00:00,5703.5,5718.75,5673.0,2017-05-16 15:53:00+00:00,5719.0,stop,-31.0,2.0,-33.0,30.5,-1.0819672131147542
-1,1,2017-05-17 14:04:00+00:00,2017-05-17 14:05:00+00:00,5658.5,5692.5,5590.5,2017-05-17 19:48:00+00:00,5590.5,objetivo,136.0,2.0,134.0,68.0,1.9705882352941178
1,1,2017-05-18 14:04:00+00:00,2017-05-18 14:05:00+00:00,5621.25,5572.5,5718.75,2017-05-18 19:55:00+00:00,5636.25,tiempo,30.0,2.0,28.0,97.5,0.28717948717948716
1,1,2017-05-19 14:59:00+00:00,2017-05-19 15:00:00+00:00,5668.5,5646.0,5713.5,2017-05-19 19:55:00+00:00,5653.75,tiempo,-29.5,2.0,-31.5,45.0,-0.7
1,1,2017-05-22 14:04:00+00:00,2017-05-22 14:05:00+00:00,5686.0,5663.25,5731.5,2017-05-22 19:55:00+00:00,5702.75,tiempo,33.5,2.0,31.5,45.5,0.6923076923076923
-1,1,2017-05-23 16:54:00+00:00,2017-05-23 16:55:00+00:00,5693.5,5717.5,5645.5,2017-05-23 19:55:00+00:00,5703.25,tiempo,-19.5,2.0,-21.5,48.0,-0.4479166666666667
-1,1,2017-05-24 14:04:00+00:00,2017-05-24 14:05:00+00:00,5708.5,5724.0,5677.5,2017-05-24 18:13:00+00:00,5724.25,stop,-31.5,2.0,-33.5,31.0,-1.0806451612903225
1,1,2017-05-25 14:09:00+00:00,2017-05-25 14:10:00+00:00,5756.5,5741.0,5787.5,2017-05-25 16:54:00+00:00,5787.5,objetivo,62.0,2.0,60.0,31.0,1.935483870967742
1,1,2017-05-26 14:04:00+00:00,2017-05-26 14:05:00+00:00,5790.0,5773.75,5822.5,2017-05-26 19:55:00+00:00,5789.25,tiempo,-1.5,2.0,-3.5,32.5,-0.1076923076923077
-1,1,2017-05-29 14:09:00+00:00,2017-05-29 14:10:00+00:00,5797.75,5801.5,5790.25,2017-05-29 16:59:00+00:00,5796.25,fin_de_datos,3.0,2.0,1.0,7.5,0.13333333333333333
-1,1,2017-05-31 14:04:00+00:00,2017-05-31 14:05:00+00:00,5770.75,5815.75,5680.75,2017-05-31 19:55:00+00:00,5788.5,tiempo,-35.5,2.0,-37.5,90.0,-0.4166666666666667
-1,1,2017-06-01 14:09:00+00:00,2017-06-01 14:10:00+00:00,5788.25,5813.0,5738.75,2017-06-01 19:50:00+00:00,5813.25,stop,-50.0,2.0,-52.0,49.5,-1.0505050505050506
1,1,2017-06-02 14:14:00+00:00,2017-06-02 14:15:00+00:00,5847.25,5826.25,5889.25,2017-06-02 19:55:00+00:00,5880.25,tiempo,66.0,2.0,64.0,42.0,1.5238095238095237
1,1,2017-06-05 14:44:00+00:00,2017-06-05 14:45:00+00:00,5891.0,5872.75,5927.5,2017-06-05 19:55:00+00:00,5881.75,tiempo,-18.5,2.0,-20.5,36.5,-0.5616438356164384
1,1,2017-06-06 14:19:00+00:00,2017-06-06 14:20:00+00:00,5888.75,5870.5,5925.25,2017-06-06 19:23:00+00:00,5870.25,stop,-37.0,2.0,-39.0,36.5,-1.0684931506849316
-1,1,2017-06-07 14:44:00+00:00,2017-06-07 14:45:00+00:00,5864.5,5882.5,5828.5,2017-06-07 19:44:00+00:00,5882.75,stop,-36.5,2.0,-38.5,36.0,-1.0694444444444444
-1,1,2017-06-08 14:29:00+00:00,2017-06-08 14:30:00+00:00,5859.25,5895.25,5787.25,2017-06-08 19:55:00+00:00,5887.5,tiempo,-56.5,2.0,-58.5,72.0,-0.8125
1,1,2017-06-09 14:14:00+00:00,2017-06-09 14:15:00+00:00,5896.0,5878.5,5931.0,2017-06-09 15:20:00+00:00,5878.25,stop,-35.5,2.0,-37.5,35.0,-1.0714285714285714
1,1,2017-06-12 15:14:00+00:00,2017-06-12 15:15:00+00:00,5713.0,5643.25,5852.5,2017-06-12 19:55:00+00:00,5709.75,tiempo,-6.5,2.0,-8.5,139.5,-0.06093189964157706
-1,1,2017-06-13 14:24:00+00:00,2017-06-13 14:25:00+00:00,5741.25,5768.0,5687.75,2017-06-13 19:37:00+00:00,5768.25,stop,-54.0,2.0,-56.0,53.5,-1.0467289719626167
-1,1,2017-06-14 18:19:00+00:00,2017-06-14 18:20:00+00:00,5756.5,5783.25,5703.0,2017-06-14 19:10:00+00:00,5703.0,objetivo,107.0,2.0,105.0,53.5,1.9626168224299065
-1,1,2017-06-15 14:24:00+00:00,2017-06-15 14:25:00+00:00,5642.25,5684.5,5557.75,2017-06-15 15:20:00+00:00,5684.75,stop,-85.0,2.0,-87.0,84.5,-1.029585798816568
-1,1,2017-06-16 14:19:00+00:00,2017-06-16 14:20:00+00:00,5677.5,5707.5,5617.5,2017-06-16 19:55:00+00:00,5686.5,tiempo,-18.0,2.0,-20.0,60.0,-0.3333333333333333
1,1,2017-06-19 14:04:00+00:00,2017-06-19 14:05:00+00:00,5764.75,5728.0,5838.25,2017-06-19 19:55:00+00:00,5780.5,tiempo,31.5,2.0,29.5,73.5,0.4013605442176871
1,1,2017-06-20 14:49:00+00:00,2017-06-20 14:50:00+00:00,5776.5,5757.5,5814.5,2017-06-20 15:26:00+00:00,5757.25,stop,-38.5,2.0,-40.5,38.0,-1.0657894736842106
1,1,2017-06-21 14:09:00+00:00,2017-06-21 14:10:00+00:00,5756.25,5740.0,5788.75,2017-06-21 19:54:00+00:00,5788.75,objetivo,65.0,2.0,63.0,32.5,1.9384615384615385
1,1,2017-06-22 16:49:00+00:00,2017-06-22 16:50:00+00:00,5799.0,5774.0,5849.0,2017-06-22 19:55:00+00:00,5786.5,tiempo,-25.0,2.0,-27.0,50.0,-0.54
1,1,2017-06-23 14:34:00+00:00,2017-06-23 14:35:00+00:00,5789.75,5763.0,5843.25,2017-06-23 19:55:00+00:00,5806.25,tiempo,33.0,2.0,31.0,53.5,0.5794392523364486
-1,1,2017-06-26 14:04:00+00:00,2017-06-26 14:05:00+00:00,5833.0,5852.0,5795.0,2017-06-26 14:50:00+00:00,5795.0,objetivo,76.0,2.0,74.0,38.0,1.9473684210526316
1,1,2017-06-27 14:44:00+00:00,2017-06-27 14:45:00+00:00,5761.0,5734.75,5813.5,2017-06-27 16:35:00+00:00,5734.5,stop,-53.0,2.0,-55.0,52.5,-1.0476190476190477
1,1,2017-06-28 14:34:00+00:00,2017-06-28 14:35:00+00:00,5705.75,5662.5,5792.25,2017-06-28 19:55:00+00:00,5761.5,tiempo,111.5,2.0,109.5,86.5,1.2658959537572254
-1,1,2017-06-29 14:14:00+00:00,2017-06-29 14:15:00+00:00,5678.5,5733.0,5569.5,2017-06-29 19:55:00+00:00,5661.25,tiempo,34.5,2.0,32.5,109.0,0.2981651376146789
-1,1,2017-06-30 14:04:00+00:00,2017-06-30 14:05:00+00:00,5654.75,5686.5,5591.25,2017-06-30 19:55:00+00:00,5664.75,tiempo,-20.0,2.0,-22.0,63.5,-0.3464566929133858
-1,1,2017-07-03 14:04:00+00:00,2017-07-03 14:05:00+00:00,5662.25,5690.75,5605.25,2017-07-03 16:16:00+00:00,5605.25,objetivo,114.0,2.0,112.0,57.0,1.9649122807017543
-1,1,2017-07-04 14:24:00+00:00,2017-07-04 14:25:00+00:00,5604.25,5614.0,5584.75,2017-07-04 15:19:00+00:00,5584.75,objetivo,39.0,2.0,37.0,19.5,1.8974358974358974
-1,1,2017-07-05 14:04:00+00:00,2017-07-05 14:05:00+00:00,5599.25,5632.0,5533.75,2017-07-05 14:45:00+00:00,5632.25,stop,-66.0,2.0,-68.0,65.5,-1.0381679389312977
-1,1,2017-07-06 14:09:00+00:00,2017-07-06 14:10:00+00:00,5586.25,5620.25,5518.25,2017-07-06 15:35:00+00:00,5620.5,stop,-68.5,2.0,-70.5,68.0,-1.036764705882353
1,1,2017-07-07 15:29:00+00:00,2017-07-07 15:30:00+00:00,5652.25,5618.25,5720.25,2017-07-07 19:55:00+00:00,5662.5,tiempo,20.5,2.0,18.5,68.0,0.27205882352941174
1,1,2017-07-10 14:54:00+00:00,2017-07-10 14:55:00+00:00,5681.75,5650.0,5745.25,2017-07-10 19:55:00+00:00,5700.75,tiempo,38.0,2.0,36.0,63.5,0.5669291338582677
1,1,2017-07-11 14:09:00+00:00,2017-07-11 14:10:00+00:00,5705.0,5681.0,5753.0,2017-07-11 15:24:00+00:00,5680.75,stop,-48.5,2.0,-50.5,48.0,-1.0520833333333333
1,1,2017-07-12 16:04:00+00:00,2017-07-12 16:05:00+00:00,5770.5,5751.0,5809.5,2017-07-12 19:55:00+00:00,5783.0,tiempo,25.0,2.0,23.0,39.0,0.5897435897435898
-1,1,2017-07-14 14:09:00+00:00,2017-07-14 14:10:00+00:00,5806.25,5824.0,5770.75,2017-07-14 16:37:00+00:00,5824.25,stop,-36.0,2.0,-38.0,35.5,-1.0704225352112675
1,1,2017-07-17 14:04:00+00:00,2017-07-17 14:05:00+00:00,5859.75,5840.25,5898.75,2017-07-17 15:08:00+00:00,5840.0,stop,-39.5,2.0,-41.5,39.0,-1.064102564102564
1,1,2017-07-18 14:14:00+00:00,2017-07-18 14:15:00+00:00,5846.75,5820.25,5899.75,2017-07-18 19:55:00+00:00,5879.25,tiempo,65.0,2.0,63.0,53.0,1.1886792452830188
1,1,2017-07-19 15:49:00+00:00,2017-07-19 15:50:00+00:00,5914.5,5896.25,5951.0,2017-07-19 19:55:00+00:00,5914.25,tiempo,-0.5,2.0,-2.5,36.5,-0.0684931506849315
-1,1,2017-07-20 14:14:00+00:00,2017-07-20 14:15:00+00:00,5916.0,5935.5,5877.0,2017-07-20 19:55:00+00:00,5923.75,tiempo,-15.5,2.0,-17.5,39.0,-0.44871794871794873
1,1,2017-07-21 14:14:00+00:00,2017-07-21 14:15:00+00:00,5913.25,5890.5,5958.75,2017-07-21 19:55:00+00:00,5918.75,tiempo,11.0,2.0,9.0,45.5,0.1978021978021978
-1,1,2017-07-24 15:24:00+00:00,2017-07-24 15:25:00+00:00,5914.75,5926.5,5891.25,2017-07-24 16:07:00+00:00,5926.75,stop,-24.0,2.0,-26.0,23.5,-1.1063829787234043
1,1,2017-07-25 14:19:00+00:00,2017-07-25 14:20:00+00:00,5935.25,5915.75,5974.25,2017-07-25 19:55:00+00:00,5929.5,tiempo,-11.5,2.0,-13.5,39.0,-0.34615384615384615
1,1,2017-07-26 14:09:00+00:00,2017-07-26 14:10:00+00:00,5953.5,5941.75,5977.0,2017-07-26 14:54:00+00:00,5941.5,stop,-24.0,2.0,-26.0,23.5,-1.1063829787234043
1,1,2017-07-27 15:34:00+00:00,2017-07-27 15:35:00+00:00,5994.75,5973.0,6038.25,2017-07-27 16:30:00+00:00,5972.75,stop,-44.0,2.0,-46.0,43.5,-1.0574712643678161
1,1,2017-07-28 16:04:00+00:00,2017-07-28 16:05:00+00:00,5906.5,5868.25,5983.0,2017-07-28 19:55:00+00:00,5911.75,tiempo,10.5,2.0,8.5,76.5,0.1111111111111111
-1,1,2017-07-31 14:04:00+00:00,2017-07-31 14:05:00+00:00,5892.75,5932.25,5813.75,2017-07-31 19:55:00+00:00,5880.75,tiempo,24.0,2.0,22.0,79.0,0.27848101265822783
-1,1,2017-08-01 14:24:00+00:00,2017-08-01 14:25:00+00:00,5880.5,5905.5,5830.5,2017-08-01 19:55:00+00:00,5889.75,tiempo,-18.5,2.0,-20.5,50.0,-0.41
-1,1,2017-08-02 14:19:00+00:00,2017-08-02 14:20:00+00:00,5897.25,5935.5,5820.75,2017-08-02 19:55:00+00:00,5914.0,tiempo,-33.5,2.0,-35.5,76.5,-0.46405228758169936
-1,1,2017-08-03 14:09:00+00:00,2017-08-03 14:10:00+00:00,5886.75,5920.0,5820.25,2017-08-03 19:55:00+00:00,5890.25,tiempo,-7.0,2.0,-9.0,66.5,-0.13533834586466165
-1,1,2017-08-04 14:04:00+00:00,2017-08-04 14:05:00+00:00,5882.0,5912.0,5822.0,2017-08-04 19:55:00+00:00,5895.25,tiempo,-26.5,2.0,-28.5,60.0,-0.475
1,1,2017-08-07 14:09:00+00:00,2017-08-07 14:10:00+00:00,5915.5,5900.5,5945.5,2017-08-07 19:55:00+00:00,5933.5,tiempo,36.0,2.0,34.0,30.0,1.1333333333333333
1,1,2017-08-08 14:09:00+00:00,2017-08-08 14:10:00+00:00,5927.5,5912.0,5958.5,2017-08-08 15:50:00+00:00,5958.5,objetivo,62.0,2.0,60.0,31.0,1.935483870967742
1,1,2017-08-09 14:34:00+00:00,2017-08-09 14:35:00+00:00,5898.75,5861.75,5972.75,2017-08-09 19:55:00+00:00,5915.25,tiempo,33.0,2.0,31.0,74.0,0.4189189189189189
-1,1,2017-08-10 14:04:00+00:00,2017-08-10 14:05:00+00:00,5844.75,5886.25,5761.75,2017-08-10 19:55:00+00:00,5794.5,tiempo,100.5,2.0,98.5,83.0,1.1867469879518073
1,1,2017-08-11 14:09:00+00:00,2017-08-11 14:10:00+00:00,5824.75,5783.5,5907.25,2017-08-11 19:55:00+00:00,5834.5,tiempo,19.5,2.0,17.5,82.5,0.21212121212121213
1,1,2017-08-14 14:04:00+00:00,2017-08-14 14:05:00+00:00,5897.75,5877.75,5937.75,2017-08-14 19:55:00+00:00,5912.75,tiempo,30.0,2.0,28.0,40.0,0.7
1,1,2017-08-16 14:49:00+00:00,2017-08-16 14:50:00+00:00,5931.5,5907.5,5979.5,2017-08-16 18:22:00+00:00,5907.25,stop,-48.5,2.0,-50.5,48.0,-1.0520833333333333
-1,1,2017-08-17 14:04:00+00:00,2017-08-17 14:05:00+00:00,5883.25,5907.5,5834.75,2017-08-17 16:56:00+00:00,5834.75,objetivo,97.0,2.0,95.0,48.5,1.958762886597938
1,1,2017-08-18 15:29:00+00:00,2017-08-18 15:30:00+00:00,5818.5,5772.5,5910.5,2017-08-18 19:55:00+00:00,5801.25,tiempo,-34.5,2.0,-36.5,92.0,-0.3967391304347826
-1,1,2017-08-21 14:04:00+00:00,2017-08-21 14:05:00+00:00,5776.0,5807.5,5713.0,2017-08-21 19:55:00+00:00,5791.75,tiempo,-31.5,2.0,-33.5,63.0,-0.5317460317460317
1,1,2017-08-22 14:19:00+00:00,2017-08-22 14:20:00+00:00,5850.0,5816.75,5916.5,2017-08-22 19:55:00+00:00,5880.0,tiempo,60.0,2.0,58.0,66.5,0.8721804511278195
1,1,2017-08-23 15:49:00+00:00,2017-08-23 15:50:00+00:00,5863.25,5841.5,5906.75,2017-08-23 19:55:00+00:00,5859.0,tiempo,-8.5,2.0,-10.5,43.5,-0.2413793103448276
-1,1,2017-08-24 14:09:00+00:00,2017-08-24 14:10:00+00:00,5832.0,5874.25,5747.5,2017-08-24 19:55:00+00:00,5838.0,tiempo,-12.0,2.0,-14.0,84.5,-0.16568047337278108
-1,1,2017-08-25 14:49:00+00:00,2017-08-25 14:50:00+00:00,5840.75,5867.75,5786.75,2017-08-25 19:55:00+00:00,5829.5,tiempo,22.5,2.0,20.5,54.0,0.37962962962962965
1,1,2017-08-28 14:44:00+00:00,2017-08-28 14:45:00+00:00,5845.25,5825.5,5884.75,2017-08-28 19:55:00+00:00,5836.0,tiempo,-18.5,2.0,-20.5,39.5,-0.5189873417721519
1,1,2017-08-29 14:04:00+00:00,2017-08-29 14:05:00+00:00,5825.25,5786.25,5903.25,2017-08-29 19:55:00+00:00,5866.75,tiempo,83.0,2.0,81.0,78.0,1.0384615384615385
1,1,2017-08-30 14:19:00+00:00,2017-08-30 14:20:00+00:00,5896.75,5865.5,5959.25,2017-08-30 19:55:00+00:00,5934.0,tiempo,74.5,2.0,72.5,62.5,1.16
1,1,2017-08-31 14:04:00+00:00,2017-08-31 14:05:00+00:00,5970.5,5946.75,6018.0,2017-08-31 19:55:00+00:00,5990.5,tiempo,40.0,2.0,38.0,47.5,0.8
-1,1,2017-09-01 14:04:00+00:00,2017-09-01 14:05:00+00:00,5976.5,6013.5,5902.5,2017-09-01 19:55:00+00:00,5994.0,tiempo,-35.0,2.0,-37.0,74.0,-0.5
1,1,2017-09-04 14:14:00+00:00,2017-09-04 14:15:00+00:00,5970.75,5963.75,5984.75,2017-09-04 16:59:00+00:00,5979.0,fin_de_datos,16.5,2.0,14.5,14.0,1.0357142857142858
-1,1,2017-09-05 15:19:00+00:00,2017-09-05 15:20:00+00:00,5947.0,5981.75,5877.5,2017-09-05 19:55:00+00:00,5935.0,tiempo,24.0,2.0,22.0,69.5,0.31654676258992803
-1,1,2017-09-06 14:19:00+00:00,2017-09-06 14:20:00+00:00,5928.25,5961.5,5861.75,2017-09-06 19:21:00+00:00,5961.75,stop,-67.0,2.0,-69.0,66.5,-1.037593984962406
-1,1,2017-09-07 14:04:00+00:00,2017-09-07 14:05:00+00:00,5945.25,5965.5,5904.75,2017-09-07 14:35:00+00:00,5965.75,stop,-41.0,2.0,-43.0,40.5,-1.0617283950617284
-1,1,2017-09-08 14:14:00+00:00,2017-09-08 14:15:00+00:00,5938.75,5961.5,5893.25,2017-09-08 19:55:00+00:00,5913.25,tiempo,51.0,2.0,49.0,45.5,1.0769230769230769
-1,1,2017-09-12 14:04:00+00:00,2017-09-12 14:05:00+00:00,5985.25,6012.25,5931.25,2017-09-12 19:55:00+00:00,5998.5,tiempo,-26.5,2.0,-28.5,54.0,-0.5277777777777778
1,1,2017-09-13 14:14:00+00:00,2017-09-13 14:15:00+00:00,6003.25,5983.5,6042.75,2017-09-13 19:55:00+00:00,6010.5,tiempo,14.5,2.0,12.5,39.5,0.31645569620253167
1,1,2017-09-14 14:39:00+00:00,2017-09-14 14:40:00+00:00,5990.75,5970.25,6031.75,2017-09-14 19:46:00+00:00,5970.0,stop,-41.5,2.0,-43.5,41.0,-1.0609756097560976
1,1,2017-09-15 14:04:00+00:00,2017-09-15 14:05:00+00:00,5978.0,5961.25,6011.5,2017-09-15 14:54:00+00:00,6011.5,objetivo,67.0,2.0,65.0,33.5,1.9402985074626866
-1,1,2017-09-18 18:19:00+00:00,2017-09-18 18:20:00+00:00,5985.25,6018.25,5919.25,2017-09-18 19:55:00+00:00,5989.75,tiempo,-9.0,2.0,-11.0,66.0,-0.16666666666666666
1,1,2017-09-19 16:04:00+00:00,2017-09-19 16:05:00+00:00,6001.75,5975.0,6055.25,2017-09-19 19:55:00+00:00,5995.0,tiempo,-13.5,2.0,-15.5,53.5,-0.2897196261682243
-1,1,2017-09-20 14:24:00+00:00,2017-09-20 14:25:00+00:00,5984.75,6000.5,5953.25,2017-09-20 18:02:00+00:00,5953.25,objetivo,63.0,2.0,61.0,31.5,1.9365079365079365
-1,1,2017-09-21 14:24:00+00:00,2017-09-21 14:25:00+00:00,5921.0,5973.5,5816.0,2017-09-21 19:55:00+00:00,5942.5,tiempo,-43.0,2.0,-45.0,105.0,-0.42857142857142855
-1,1,2017-09-25 14:34:00+00:00,2017-09-25 14:35:00+00:00,5883.0,5911.5,5826.0,2017-09-25 19:55:00+00:00,5866.5,tiempo,33.0,2.0,31.0,57.0,0.543859649122807
-1,1,2017-09-26 14:34:00+00:00,2017-09-26 14:35:00+00:00,5892.0,5912.5,5851.0,2017-09-26 19:55:00+00:00,5887.25,tiempo,9.5,2.0,7.5,41.0,0.18292682926829268
-1,1,2017-09-27 14:14:00+00:00,2017-09-27 14:15:00+00:00,5915.0,5936.75,5871.5,2017-09-27 18:04:00+00:00,5937.0,stop,-44.0,2.0,-46.0,43.5,-1.0574712643678161
1,1,2017-09-28 14:29:00+00:00,2017-09-28 14:30:00+00:00,5936.75,5911.25,5987.75,2017-09-28 19:55:00+00:00,5933.5,tiempo,-6.5,2.0,-8.5,51.0,-0.16666666666666666
1,1,2017-09-29 14:39:00+00:00,2017-09-29 14:40:00+00:00,5959.75,5936.25,6006.75,2017-09-29 19:55:00+00:00,5983.0,tiempo,46.5,2.0,44.5,47.0,0.9468085106382979
1,1,2017-10-02 14:24:00+00:00,2017-10-02 14:25:00+00:00,6008.25,5989.0,6046.75,2017-10-02 15:35:00+00:00,5988.75,stop,-39.0,2.0,-41.0,38.5,-1.0649350649350648
-1,1,2017-10-03 14:14:00+00:00,2017-10-03 14:15:00+00:00,5983.0,6004.75,5939.5,2017-10-03 19:55:00+00:00,5995.75,tiempo,-25.5,2.0,-27.5,43.5,-0.632183908045977
1,1,2017-10-04 15:29:00+00:00,2017-10-04 15:30:00+00:00,6003.25,5979.5,6050.75,2017-10-04 19:55:00+00:00,5999.75,tiempo,-7.0,2.0,-9.0,47.5,-0.18947368421052632
-1,1,2017-10-05 15:09:00+00:00,2017-10-05 15:10:00+00:00,6018.75,6040.5,5975.25,2017-10-05 16:15:00+00:00,6040.75,stop,-44.0,2.0,-46.0,43.5,-1.0574712643678161
1,1,2017-10-06 14:04:00+00:00,2017-10-06 14:05:00+00:00,6060.25,6040.5,6099.75,2017-10-06 19:55:00+00:00,6066.5,tiempo,12.5,2.0,10.5,39.5,0.26582278481012656
1,1,2017-10-09 14:09:00+00:00,2017-10-09 14:10:00+00:00,6081.5,6068.5,6107.5,2017-10-09 14:48:00+00:00,6068.25,stop,-26.5,2.0,-28.5,26.0,-1.0961538461538463
-1,1,2017-10-10 14:04:00+00:00,2017-10-10 14:05:00+00:00,6069.5,6088.5,6031.5,2017-10-10 19:55:00+00:00,6062.0,tiempo,15.0,2.0,13.0,38.0,0.34210526315789475
1,1,2017-10-11 14:09:00+00:00,2017-10-11 14:10:00+00:00,6070.5,6056.0,6099.5,2017-10-11 19:55:00+00:00,6082.5,tiempo,24.0,2.0,22.0,29.0,0.7586206896551724
1,1,2017-10-12 14:19:00+00:00,2017-10-12 14:20:00+00:00,6084.25,6068.25,6116.25,2017-10-12 19:51:00+00:00,6068.0,stop,-32.5,2.0,-34.5,32.0,-1.078125
1,1,2017-10-13 14:24:00+00:00,2017-10-13 14:25:00+00:00,6099.25,6090.0,6117.75,2017-10-13 19:55:00+00:00,6095.0,tiempo,-8.5,2.0,-10.5,18.5,-0.5675675675675675
-1,1,2017-10-16 14:19:00+00:00,2017-10-16 14:20:00+00:00,6106.5,6118.25,6083.0,2017-10-16 19:55:00+00:00,6114.75,tiempo,-16.5,2.0,-18.5,23.5,-0.7872340425531915
-1,1,2017-10-17 14:29:00+00:00,2017-10-17 14:30:00+00:00,6106.25,6116.25,6086.25,2017-10-17 15:03:00+00:00,6116.5,stop,-20.5,2.0,-22.5,20.0,-1.125
-1,1,2017-10-18 14:09:00+00:00,2017-10-18 14:10:00+00:00,6111.75,6131.0,6073.25,2017-10-18 19:55:00+00:00,6113.75,tiempo,-4.0,2.0,-6.0,38.5,-0.15584415584415584
1,1,2017-10-20 14:09:00+00:00,2017-10-20 14:10:00+00:00,6122.0,6111.5,6143.0,2017-10-20 14:37:00+00:00,6111.25,stop,-21.5,2.0,-23.5,21.0,-1.119047619047619
-1,1,2017-10-23 14:09:00+00:00,2017-10-23 14:10:00+00:00,6097.25,6122.25,6047.25,2017-10-23 19:55:00+00:00,6065.25,tiempo,64.0,2.0,62.0,50.0,1.24
1,1,2017-10-24 15:04:00+00:00,2017-10-24 15:05:00+00:00,6086.0,6057.0,6144.0,2017-10-24 19:55:00+00:00,6078.5,tiempo,-15.0,2.0,-17.0,58.0,-0.29310344827586204
-1,1,2017-10-25 14:44:00+00:00,2017-10-25 14:45:00+00:00,6061.75,6087.5,6010.25,2017-10-25 19:55:00+00:00,6052.75,tiempo,18.0,2.0,16.0,51.5,0.3106796116504854
-1,1,2017-10-26 14:09:00+00:00,2017-10-26 14:10:00+00:00,6039.25,6063.0,5991.75,2017-10-26 14:45:00+00:00,6063.25,stop,-48.0,2.0,-50.0,47.5,-1.0526315789473684
1,1,2017-10-27 14:04:00+00:00,2017-10-27 14:05:00+00:00,6163.5,6128.0,6234.5,2017-10-27 19:55:00+00:00,6217.25,tiempo,107.5,2.0,105.5,71.0,1.4859154929577465
1,1,2017-10-30 14:14:00+00:00,2017-10-30 14:15:00+00:00,6239.5,6206.0,6306.5,2017-10-30 16:18:00+00:00,6205.75,stop,-67.5,2.0,-69.5,67.0,-1.037313432835821
1,1,2017-10-31 15:59:00+00:00,2017-10-31 16:00:00+00:00,6249.75,6228.5,6292.25,2017-10-31 19:55:00+00:00,6244.0,tiempo,-11.5,2.0,-13.5,42.5,-0.3176470588235294
-1,1,2017-11-01 14:14:00+00:00,2017-11-01 14:15:00+00:00,6257.5,6277.25,6218.0,2017-11-01 19:55:00+00:00,6247.25,tiempo,20.5,2.0,18.5,39.5,0.46835443037974683
-1,1,2017-11-02 14:04:00+00:00,2017-11-02 14:05:00+00:00,6223.25,6242.5,6184.75,2017-11-02 19:55:00+00:00,6237.5,tiempo,-28.5,2.0,-30.5,38.5,-0.7922077922077922
1,1,2017-11-03 15:59:00+00:00,2017-11-03 16:00:00+00:00,6266.5,6238.25,6323.0,2017-11-03 19:55:00+00:00,6290.75,tiempo,48.5,2.0,46.5,56.5,0.8230088495575221
1,1,2017-11-06 15:24:00+00:00,2017-11-06 15:25:00+00:00,6312.25,6287.0,6362.75,2017-11-06 20:55:00+00:00,6315.25,tiempo,6.0,2.0,4.0,50.5,0.07920792079207921
-1,1,2017-11-07 15:34:00+00:00,2017-11-07 15:35:00+00:00,6304.5,6326.75,6260.0,2017-11-07 20:55:00+00:00,6316.0,tiempo,-23.0,2.0,-25.0,44.5,-0.5617977528089888
1,1,2017-11-08 15:54:00+00:00,2017-11-08 15:55:00+00:00,6323.25,6307.75,6354.25,2017-11-08 20:55:00+00:00,6340.5,tiempo,34.5,2.0,32.5,31.0,1.0483870967741935
1,1,2017-11-09 15:09:00+00:00,2017-11-09 15:10:00+00:00,6303.25,6272.25,6365.25,2017-11-09 16:53:00+00:00,6272.0,stop,-62.5,2.0,-64.5,62.0,-1.0403225806451613
-1,1,2017-11-10 15:34:00+00:00,2017-11-10 15:35:00+00:00,6287.0,6306.5,6248.0,2017-11-10 17:10:00+00:00,6306.75,stop,-39.5,2.0,-41.5,39.0,-1.064102564102564
1,1,2017-11-13 15:09:00+00:00,2017-11-13 15:10:00+00:00,6309.0,6285.0,6357.0,2017-11-13 20:55:00+00:00,6313.5,tiempo,9.0,2.0,7.0,48.0,0.14583333333333334
-1,1,2017-11-14 15:04:00+00:00,2017-11-14 15:05:00+00:00,6263.75,6297.75,6195.75,2017-11-14 15:46:00+00:00,6298.0,stop,-68.5,2.0,-70.5,68.0,-1.036764705882353
1,1,2017-11-15 15:39:00+00:00,2017-11-15 15:40:00+00:00,6270.5,6230.75,6350.0,2017-11-15 20:55:00+00:00,6253.25,tiempo,-34.5,2.0,-36.5,79.5,-0.4591194968553459
1,1,2017-11-16 15:04:00+00:00,2017-11-16 15:05:00+00:00,6315.0,6295.0,6355.0,2017-11-16 19:00:00+00:00,6355.0,objetivo,80.0,2.0,78.0,40.0,1.95
-1,1,2017-11-17 15:34:00+00:00,2017-11-17 15:35:00+00:00,6332.25,6349.25,6298.25,2017-11-17 20:55:00+00:00,6321.0,tiempo,22.5,2.0,20.5,34.0,0.6029411764705882
-1,1,2017-11-20 15:29:00+00:00,2017-11-20 15:30:00+00:00,6315.5,6329.25,6288.0,2017-11-20 20:55:00+00:00,6312.0,tiempo,7.0,2.0,5.0,27.5,0.18181818181818182
1,1,2017-11-21 15:14:00+00:00,2017-11-21 15:15:00+00:00,6377.25,6340.5,6450.75,2017-11-21 20:55:00+00:00,6377.5,tiempo,0.5,2.0,-1.5,73.5,-0.02040816326530612
1,1,2017-11-22 19:44:00+00:00,2017-11-22 19:45:00+00:00,6393.25,6375.25,6429.25,2017-11-22 20:55:00+00:00,6391.75,tiempo,-3.0,2.0,-5.0,36.0,-0.1388888888888889
-1,1,2017-11-23 15:04:00+00:00,2017-11-23 15:05:00+00:00,6386.25,6391.0,6376.75,2017-11-23 17:59:00+00:00,6385.5,fin_de_datos,1.5,2.0,-0.5,9.5,-0.05263157894736842
1,1,2017-11-24 15:34:00+00:00,2017-11-24 15:35:00+00:00,6403.0,6392.5,6424.0,2017-11-24 18:14:00+00:00,6414.25,fin_de_datos,22.5,2.0,20.5,21.0,0.9761904761904762
1,1,2017-11-27 15:19:00+00:00,2017-11-27 15:20:00+00:00,6424.0,6403.75,6464.5,2017-11-27 16:20:00+00:00,6403.5,stop,-41.0,2.0,-43.0,40.5,-1.0617283950617284
1,1,2017-11-28 17:29:00+00:00,2017-11-28 17:30:00+00:00,6425.0,6410.25,6454.5,2017-11-28 18:53:00+00:00,6410.0,stop,-30.0,2.0,-32.0,29.5,-1.0847457627118644
-1,1,2017-11-29 15:04:00+00:00,2017-11-29 15:05:00+00:00,6373.75,6418.75,6283.75,2017-11-29 17:05:00+00:00,6283.75,objetivo,180.0,2.0,178.0,90.0,1.9777777777777779
1,1,2017-11-30 15:34:00+00:00,2017-11-30 15:35:00+00:00,6355.25,6324.25,6417.25,2017-11-30 20:55:00+00:00,6371.75,tiempo,33.0,2.0,31.0,62.0,0.5
1,1,2017-12-01 15:19:00+00:00,2017-12-01 15:20:00+00:00,6365.0,6324.0,6447.0,2017-12-01 16:13:00+00:00,6323.75,stop,-82.5,2.0,-84.5,82.0,-1.0304878048780488
-1,1,2017-12-04 15:04:00+00:00,2017-12-04 15:05:00+00:00,6337.25,6385.0,6241.75,2017-12-04 20:55:00+00:00,6266.5,tiempo,141.5,2.0,139.5,95.5,1.4607329842931938
1,1,2017-12-05 15:49:00+00:00,2017-12-05 15:50:00+00:00,6318.25,6238.75,6477.25,2017-12-05 20:55:00+00:00,6267.0,tiempo,-102.5,2.0,-104.5,159.0,-0.6572327044025157
1,1,2017-12-06 15:09:00+00:00,2017-12-06 15:10:00+00:00,6287.0,6237.75,6385.5,2017-12-06 20:55:00+00:00,6293.75,tiempo,13.5,2.0,11.5,98.5,0.116751269035533
1,1,2017-12-07 15:34:00+00:00,2017-12-07 15:35:00+00:00,6323.5,6288.75,6393.0,2017-12-07 20:55:00+00:00,6318.75,tiempo,-9.5,2.0,-11.5,69.5,-0.16546762589928057
-1,1,2017-12-08 16:29:00+00:00,2017-12-08 16:30:00+00:00,6353.0,6379.0,6301.0,2017-12-08 20:55:00+00:00,6343.0,tiempo,20.0,2.0,18.0,52.0,0.34615384615384615
1,1,2017-12-12 16:04:00+00:00,2017-12-12 16:05:00+00:00,6412.0,6390.0,6456.0,2017-12-12 20:55:00+00:00,6401.5,tiempo,-21.0,2.0,-23.0,44.0,-0.5227272727272727
-1,1,2017-12-13 15:09:00+00:00,2017-12-13 15:10:00+00:00,6422.0,6437.75,6390.5,2017-12-13 20:55:00+00:00,6415.75,tiempo,12.5,2.0,10.5,31.5,0.3333333333333333
1,1,2017-12-14 15:24:00+00:00,2017-12-14 15:25:00+00:00,6435.75,6418.75,6469.75,2017-12-14 18:14:00+00:00,6418.5,stop,-34.5,2.0,-36.5,34.0,-1.0735294117647058
1,1,2017-12-15 15:19:00+00:00,2017-12-15 15:20:00+00:00,6442.25,6423.5,6479.75,2017-12-15 18:54:00+00:00,6479.75,objetivo,75.0,2.0,73.0,37.5,1.9466666666666668
1,1,2017-12-18 15:09:00+00:00,2017-12-18 15:10:00+00:00,6532.0,6513.0,6570.0,2017-12-18 20:55:00+00:00,6532.25,tiempo,0.5,2.0,-1.5,38.0,-0.039473684210526314
-1,1,2017-12-19 15:24:00+00:00,2017-12-19 15:25:00+00:00,6501.25,6531.5,6440.75,2017-12-19 20:55:00+00:00,6499.5,tiempo,3.5,2.0,1.5,60.5,0.024793388429752067
-1,1,2017-12-20 15:44:00+00:00,2017-12-20 15:45:00+00:00,6465.5,6521.75,6353.0,2017-12-20 20:55:00+00:00,6491.25,tiempo,-51.5,2.0,-53.5,112.5,-0.47555555555555556
1,1,2017-12-21 16:34:00+00:00,2017-12-21 16:35:00+00:00,6510.0,6482.0,6566.0,2017-12-21 20:55:00+00:00,6489.0,tiempo,-42.0,2.0,-44.0,56.0,-0.7857142857142857
1,1,2017-12-22 19:24:00+00:00,2017-12-22 19:25:00+00:00,6488.75,6467.5,6531.25,2017-12-22 20:55:00+00:00,6486.25,tiempo,-5.0,2.0,-7.0,42.5,-0.16470588235294117
1,1,2017-12-26 17:44:00+00:00,2017-12-26 17:45:00+00:00,6463.75,6432.25,6526.75,2017-12-26 20:55:00+00:00,6456.0,tiempo,-15.5,2.0,-17.5,63.0,-0.2777777777777778
-1,1,2017-12-28 15:04:00+00:00,2017-12-28 15:05:00+00:00,6452.5,6467.5,6422.5,2017-12-28 20:55:00+00:00,6450.75,tiempo,3.5,2.0,1.5,30.0,0.05
1,1,2018-01-02 15:09:00+00:00,2018-01-02 15:10:00+00:00,6483.25,6426.25,6597.25,2018-01-02 20:55:00+00:00,6520.0,tiempo,73.5,2.0,71.5,114.0,0.6271929824561403
1,1,2018-01-03 15:04:00+00:00,2018-01-03 15:05:00+00:00,6567.25,6526.0,6649.75,2018-01-03 20:55:00+00:00,6588.0,tiempo,41.5,2.0,39.5,82.5,0.47878787878787876
1,1,2018-01-05 15:19:00+00:00,2018-01-05 15:20:00+00:00,6632.25,6614.25,6668.25,2018-01-05 20:55:00+00:00,6663.0,tiempo,61.5,2.0,59.5,36.0,1.6527777777777777
1,1,2018-01-08 15:29:00+00:00,2018-01-08 15:30:00+00:00,6679.5,6658.75,6721.0,2018-01-08 20:55:00+00:00,6685.75,tiempo,12.5,2.0,10.5,41.5,0.25301204819277107
1,1,2018-01-09 18:24:00+00:00,2018-01-09 18:25:00+00:00,6705.5,6667.25,6782.0,2018-01-09 20:55:00+00:00,6688.25,tiempo,-34.5,2.0,-36.5,76.5,-0.477124183006536
1,1,2018-01-10 18:54:00+00:00,2018-01-10 18:55:00+00:00,6672.5,6633.5,6750.5,2018-01-10 20:55:00+00:00,6672.0,tiempo,-1.0,2.0,-3.0,78.0,-0.038461538461538464
1,1,2018-01-11 15:04:00+00:00,2018-01-11 15:05:00+00:00,6691.5,6676.75,6721.0,2018-01-11 15:34:00+00:00,6676.5,stop,-30.0,2.0,-32.0,29.5,-1.0847457627118644
1,1,2018-01-12 15:04:00+00:00,2018-01-12 15:05:00+00:00,6729.25,6703.25,6781.25,2018-01-12 20:55:00+00:00,6770.25,tiempo,82.0,2.0,80.0,52.0,1.5384615384615385
1,1,2018-01-15 15:14:00+00:00,2018-01-15 15:15:00+00:00,6782.75,6775.25,6797.75,2018-01-15 17:14:00+00:00,6775.0,stop,-15.5,2.0,-17.5,15.0,-1.1666666666666667
-1,1,2018-01-16 16:09:00+00:00,2018-01-16 16:10:00+00:00,6801.25,6845.75,6712.25,2018-01-16 20:55:00+00:00,6750.75,tiempo,101.0,2.0,99.0,89.0,1.1123595505617978
1,1,2018-01-17 16:14:00+00:00,2018-01-17 16:15:00+00:00,6787.5,6751.5,6859.5,2018-01-17 20:55:00+00:00,6820.75,tiempo,66.5,2.0,64.5,72.0,0.8958333333333334
-1,1,2018-01-18 15:04:00+00:00,2018-01-18 15:05:00+00:00,6803.75,6826.5,6758.25,2018-01-18 16:19:00+00:00,6826.75,stop,-46.0,2.0,-48.0,45.5,-1.054945054945055
-1,1,2018-01-19 15:04:00+00:00,2018-01-19 15:05:00+00:00,6821.25,6857.0,6749.75,2018-01-19 20:55:00+00:00,6842.75,tiempo,-43.0,2.0,-45.0,71.5,-0.6293706293706294
1,1,2018-01-22 15:09:00+00:00,2018-01-22 15:10:00+00:00,6864.25,6834.25,6924.25,2018-01-22 20:55:00+00:00,6910.5,tiempo,92.5,2.0,90.5,60.0,1.5083333333333333
1,1,2018-01-23 15:19:00+00:00,2018-01-23 15:20:00+00:00,6964.5,6935.75,7022.0,2018-01-23 20:55:00+00:00,6973.75,tiempo,18.5,2.0,16.5,57.5,0.28695652173913044
1,1,2018-01-24 15:14:00+00:00,2018-01-24 15:15:00+00:00,6998.5,6965.5,7064.5,2018-01-24 16:13:00+00:00,6965.25,stop,-66.5,2.0,-68.5,66.0,-1.0378787878787878
-1,1,2018-01-25 19:59:00+00:00,2018-01-25 20:00:00+00:00,6915.5,6977.75,6791.0,2018-01-25 20:55:00+00:00,6920.5,tiempo,-10.0,2.0,-12.0,124.5,-0.0963855421686747
1,1,2018-01-26 15:09:00+00:00,2018-01-26 15:10:00+00:00,6970.25,6949.25,7012.25,2018-01-26 20:14:00+00:00,7012.25,objetivo,84.0,2.0,82.0,42.0,1.9523809523809523
-1,1,2018-01-29 15:44:00+00:00,2018-01-29 15:45:00+00:00,6986.0,7021.25,6915.5,2018-01-29 18:06:00+00:00,7021.5,stop,-71.0,2.0,-73.0,70.5,-1.0354609929078014
1,1,2018-01-30 15:59:00+00:00,2018-01-30 16:00:00+00:00,6954.5,6913.0,7037.5,2018-01-30 20:55:00+00:00,6946.5,tiempo,-16.0,2.0,-18.0,83.0,-0.21686746987951808
-1,1,2018-01-31 15:04:00+00:00,2018-01-31 15:05:00+00:00,6970.75,6991.0,6930.25,2018-01-31 20:03:00+00:00,6930.25,objetivo,81.0,2.0,79.0,40.5,1.9506172839506173
1,1,2018-02-01 15:04:00+00:00,2018-02-01 15:05:00+00:00,6957.0,6911.0,7049.0,2018-02-01 20:30:00+00:00,6910.75,stop,-92.5,2.0,-94.5,92.0,-1.0271739130434783
-1,1,2018-02-02 15:04:00+00:00,2018-02-02 15:05:00+00:00,6817.0,6895.75,6659.5,2018-02-02 20:55:00+00:00,6772.25,tiempo,89.5,2.0,87.5,157.5,0.5555555555555556
1,1,2018-02-05 15:04:00+00:00,2018-02-05 15:05:00+00:00,6751.5,6682.5,6889.5,2018-02-05 19:24:00+00:00,6682.25,stop,-138.5,2.0,-140.5,138.0,-1.0181159420289856
1,1,2018-02-06 19:59:00+00:00,2018-02-06 20:00:00+00:00,6603.5,6373.75,7063.0,2018-02-06 20:55:00+00:00,6647.0,tiempo,87.0,2.0,85.0,459.5,0.18498367791077258
1,1,2018-02-07 15:09:00+00:00,2018-02-07 15:10:00+00:00,6682.0,6623.5,6799.0,2018-02-07 18:03:00+00:00,6623.25,stop,-117.5,2.0,-119.5,117.0,-1.0213675213675213
-1,1,2018-02-08 15:34:00+00:00,2018-02-08 15:35:00+00:00,6543.25,6604.25,6421.25,2018-02-08 17:48:00+00:00,6421.25,objetivo,244.0,2.0,242.0,122.0,1.9836065573770492
-1,1,2018-02-09 15:44:00+00:00,2018-02-09 15:45:00+00:00,6330.75,6424.0,6144.25,2018-02-09 20:46:00+00:00,6424.25,stop,-187.0,2.0,-189.0,186.5,-1.0134048257372654
-1,1,2018-02-12 15:19:00+00:00,2018-02-12 15:20:00+00:00,6450.75,6516.75,6318.75,2018-02-12 16:56:00+00:00,6517.0,stop,-132.5,2.0,-134.5,132.0,-1.018939393939394
1,1,2018-02-13 15:14:00+00:00,2018-02-13 15:15:00+00:00,6516.5,6476.0,6597.5,2018-02-13 20:55:00+00:00,6558.75,tiempo,84.5,2.0,82.5,81.0,1.0185185185185186
1,1,2018-02-14 15:09:00+00:00,2018-02-14 15:10:00+00:00,6583.75,6516.25,6718.75,2018-02-14 20:55:00+00:00,6683.25,tiempo,199.0,2.0,197.0,135.0,1.4592592592592593
-1,1,2018-02-15 15:44:00+00:00,2018-02-15 15:45:00+00:00,6700.0,6754.5,6591.0,2018-02-15 17:39:00+00:00,6754.75,stop,-109.5,2.0,-111.5,109.0,-1.0229357798165137
1,1,2018-02-16 15:49:00+00:00,2018-02-16 15:50:00+00:00,6828.5,6782.75,6920.0,2018-02-16 18:30:00+00:00,6782.5,stop,-92.0,2.0,-94.0,91.5,-1.0273224043715847
-1,1,2018-02-19 15:09:00+00:00,2018-02-19 15:10:00+00:00,6778.75,6807.25,6721.75,2018-02-19 17:59:00+00:00,6780.0,fin_de_datos,-2.5,2.0,-4.5,57.0,-0.07894736842105263
1,1,2018-02-20 15:14:00+00:00,2018-02-20 15:15:00+00:00,6801.0,6745.0,6913.0,2018-02-20 20:55:00+00:00,6791.25,tiempo,-19.5,2.0,-21.5,112.0,-0.19196428571428573
1,1,2018-02-21 15:19:00+00:00,2018-02-21 15:20:00+00:00,6836.25,6806.25,6896.25,2018-02-21 20:10:00+00:00,6806.0,stop,-60.5,2.0,-62.5,60.0,-1.0416666666666667
1,1,2018-02-22 15:39:00+00:00,2018-02-22 15:40:00+00:00,6822.25,6782.0,6902.75,2018-02-22 17:50:00+00:00,6781.75,stop,-81.0,2.0,-83.0,80.5,-1.031055900621118
-1,1,2018-02-23 15:19:00+00:00,2018-02-23 15:20:00+00:00,6798.75,6825.75,6744.75,2018-02-23 16:02:00+00:00,6826.0,stop,-54.5,2.0,-56.5,54.0,-1.0462962962962963
1,1,2018-02-26 17:29:00+00:00,2018-02-26 17:30:00+00:00,6966.0,6929.5,7039.0,2018-02-26 20:55:00+00:00,6978.0,tiempo,24.0,2.0,22.0,73.0,0.3013698630136986
1,1,2018-02-27 15:14:00+00:00,2018-02-27 15:15:00+00:00,7001.5,6967.0,7070.5,2018-02-27 15:52:00+00:00,6966.75,stop,-69.5,2.0,-71.5,69.0,-1.036231884057971
1,1,2018-02-28 15:19:00+00:00,2018-02-28 15:20:00+00:00,6962.0,6926.5,7033.0,2018-02-28 15:55:00+00:00,6926.25,stop,-71.5,2.0,-73.5,71.0,-1.0352112676056338
-1,1,2018-03-01 18:04:00+00:00,2018-03-01 18:05:00+00:00,6772.75,6889.25,6539.75,2018-03-01 20:55:00+00:00,6764.75,tiempo,16.0,2.0,14.0,233.0,0.060085836909871244
1,1,2018-03-02 15:34:00+00:00,2018-03-02 15:35:00+00:00,6705.5,6646.0,6824.5,2018-03-02 20:55:00+00:00,6814.25,tiempo,217.5,2.0,215.5,119.0,1.8109243697478992
-1,1,2018-03-05 15:14:00+00:00,2018-03-05 15:15:00+00:00,6757.0,6801.75,6667.5,2018-03-05 15:43:00+00:00,6802.0,stop,-90.0,2.0,-92.0,89.5,-1.0279329608938548
1,1,2018-03-06 15:29:00+00:00,2018-03-06 15:30:00+00:00,6934.25,6898.0,7006.75,2018-03-06 15:57:00+00:00,6897.75,stop,-73.0,2.0,-75.0,72.5,-1.0344827586206897
1,1,2018-03-07 15:34:00+00:00,2018-03-07 15:35:00+00:00,6904.75,6856.25,7001.75,2018-03-07 17:04:00+00:00,6856.0,stop,-97.5,2.0,-99.5,97.0,-1.0257731958762886
-1,1,2018-03-08 15:04:00+00:00,2018-03-08 15:05:00+00:00,6947.75,6971.0,6901.25,2018-03-08 16:17:00+00:00,6971.25,stop,-47.0,2.0,-49.0,46.5,-1.053763440860215
1,1,2018-03-09 15:09:00+00:00,2018-03-09 15:10:00+00:00,7031.25,7008.25,7077.25,2018-03-09 17:37:00+00:00,7077.25,objetivo,92.0,2.0,90.0,46.0,1.9565217391304348
-1,1,2018-03-13 14:34:00+00:00,2018-03-13 14:35:00+00:00,7178.75,7214.5,7107.25,2018-03-13 16:03:00+00:00,7107.25,objetivo,143.0,2.0,141.0,71.5,1.972027972027972
-1,1,2018-03-14 14:19:00+00:00,2018-03-14 14:20:00+00:00,7072.5,7111.75,6994.0,2018-03-14 19:55:00+00:00,7067.25,tiempo,10.5,2.0,8.5,78.5,0.10828025477707007
1,1,2018-03-15 14:59:00+00:00,2018-03-15 15:00:00+00:00,7079.25,7038.5,7160.75,2018-03-15 17:57:00+00:00,7038.25,stop,-82.0,2.0,-84.0,81.5,-1.030674846625767
-1,1,2018-03-16 15:14:00+00:00,2018-03-16 15:15:00+00:00,7063.0,7084.5,7020.0,2018-03-16 19:55:00+00:00,7054.0,tiempo,18.0,2.0,16.0,43.0,0.37209302325581395
-1,1,2018-03-19 14:14:00+00:00,2018-03-19 14:15:00+00:00,6940.75,6973.5,6875.25,2018-03-19 15:40:00+00:00,6875.25,objetivo,131.0,2.0,129.0,65.5,1.9694656488549618
-1,1,2018-03-20 15:49:00+00:00,2018-03-20 15:50:00+00:00,6872.25,6918.5,6779.75,2018-03-20 19:05:00+00:00,6918.75,stop,-93.0,2.0,-95.0,92.5,-1.027027027027027
1,1,2018-03-21 14:04:00+00:00,2018-03-21 14:05:00+00:00,6907.5,6878.25,6966.0,2018-03-21 18:41:00+00:00,6878.0,stop,-59.0,2.0,-61.0,58.5,-1.0427350427350428
1,1,2018-03-22 14:14:00+00:00,2018-03-22 14:15:00+00:00,6820.0,6766.0,6928.0,2018-03-22 14:47:00+00:00,6765.75,stop,-108.5,2.0,-110.5,108.0,-1.0231481481481481
-1,1,2018-03-23 15:44:00+00:00,2018-03-23 15:45:00+00:00,6647.25,6721.25,6499.25,2018-03-23 19:55:00+00:00,6523.75,tiempo,247.0,2.0,245.0,148.0,1.6554054054054055
-1,1,2018-03-26 14:14:00+00:00,2018-03-26 14:15:00+00:00,6649.5,6680.0,6588.5,2018-03-26 15:08:00+00:00,6588.5,objetivo,122.0,2.0,120.0,61.0,1.9672131147540983
-1,1,2018-03-27 14:14:00+00:00,2018-03-27 14:15:00+00:00,6771.5,6819.75,6675.0,2018-03-27 18:03:00+00:00,6675.0,objetivo,193.0,2.0,191.0,96.5,1.9792746113989637
1,1,2018-03-28 14:04:00+00:00,2018-03-28 14:05:00+00:00,6551.5,6444.25,6766.0,2018-03-28 14:46:00+00:00,6444.0,stop,-215.0,2.0,-217.0,214.5,-1.0116550116550116
1,1,2018-03-29 14:49:00+00:00,2018-03-29 14:50:00+00:00,6530.25,6443.75,6703.25,2018-03-29 19:55:00+00:00,6599.75,tiempo,139.0,2.0,137.0,173.0,0.791907514450867
-1,1,2018-04-02 14:04:00+00:00,2018-04-02 14:05:00+00:00,6494.5,6570.25,6343.0,2018-04-02 18:00:00+00:00,6343.0,objetivo,303.0,2.0,301.0,151.5,1.9867986798679869
-1,1,2018-04-03 14:09:00+00:00,2018-04-03 14:10:00+00:00,6385.75,6467.25,6222.75,2018-04-03 15:07:00+00:00,6467.5,stop,-163.5,2.0,-165.5,163.0,-1.0153374233128833
1,1,2018-04-04 14:14:00+00:00,2018-04-04 14:15:00+00:00,6399.75,6337.25,6524.75,2018-04-04 18:32:00+00:00,6524.75,objetivo,250.0,2.0,248.0,125.0,1.984
-1,1,2018-04-05 17:24:00+00:00,2018-04-05 17:25:00+00:00,6582.5,6645.75,6456.0,2018-04-05 19:55:00+00:00,6621.5,tiempo,-78.0,2.0,-80.0,126.5,-0.6324110671936759
-1,1,2018-04-06 15:04:00+00:00,2018-04-06 15:05:00+00:00,6520.75,6599.25,6363.75,2018-04-06 19:55:00+00:00,6459.75,tiempo,122.0,2.0,120.0,157.0,0.7643312101910829
1,1,2018-04-09 14:29:00+00:00,2018-04-09 14:30:00+00:00,6551.0,6482.5,6688.0,2018-04-09 19:55:00+00:00,6501.25,tiempo,-99.5,2.0,-101.5,137.0,-0.7408759124087592
1,1,2018-04-10 14:44:00+00:00,2018-04-10 14:45:00+00:00,6604.75,6543.5,6727.25,2018-04-10 16:27:00+00:00,6543.25,stop,-123.0,2.0,-125.0,122.5,-1.0204081632653061
1,1,2018-04-11 14:24:00+00:00,2018-04-11 14:25:00+00:00,6623.25,6586.5,6696.75,2018-04-11 19:23:00+00:00,6586.25,stop,-74.0,2.0,-76.0,73.5,-1.034013605442177
1,1,2018-04-12 14:09:00+00:00,2018-04-12 14:10:00+00:00,6675.25,6627.25,6771.25,2018-04-12 19:55:00+00:00,6670.0,tiempo,-10.5,2.0,-12.5,96.0,-0.13020833333333334
-1,1,2018-04-13 14:04:00+00:00,2018-04-13 14:05:00+00:00,6669.75,6713.0,6583.25,2018-04-13 19:55:00+00:00,6642.5,tiempo,54.5,2.0,52.5,86.5,0.6069364161849711
1,1,2018-04-16 16:49:00+00:00,2018-04-16 16:50:00+00:00,6690.5,6644.75,6782.0,2018-04-16 19:55:00+00:00,6693.0,tiempo,5.0,2.0,3.0,91.5,0.03278688524590164
1,1,2018-04-17 14:04:00+00:00,2018-04-17 14:05:00+00:00,6771.75,6740.0,6835.25,2018-04-17 18:50:00+00:00,6835.25,objetivo,127.0,2.0,125.0,63.5,1.968503937007874
-1,1,2018-04-18 14:09:00+00:00,2018-04-18 14:10:00+00:00,6813.0,6841.75,6755.5,2018-04-18 15:01:00+00:00,6842.0,stop,-58.0,2.0,-60.0,57.5,-1.0434782608695652
1,1,2018-04-19 14:14:00+00:00,2018-04-19 14:15:00+00:00,6815.25,6787.5,6870.75,2018-04-19 14:55:00+00:00,6787.25,stop,-56.0,2.0,-58.0,55.5,-1.045045045045045
-1,1,2018-04-20 14:04:00+00:00,2018-04-20 14:05:00+00:00,6717.0,6766.5,6618.0,2018-04-20 19:55:00+00:00,6668.75,tiempo,96.5,2.0,94.5,99.0,0.9545454545454546
1,1,2018-04-23 14:54:00+00:00,2018-04-23 14:55:00+00:00,6707.5,6658.75,6805.0,2018-04-23 18:04:00+00:00,6658.5,stop,-98.0,2.0,-100.0,97.5,-1.0256410256410255
-1,1,2018-04-24 14:19:00+00:00,2018-04-24 14:20:00+00:00,6629.5,6695.75,6497.0,2018-04-24 17:59:00+00:00,6497.0,objetivo,265.0,2.0,263.0,132.5,1.9849056603773585
1,1,2018-04-25 15:04:00+00:00,2018-04-25 15:05:00+00:00,6532.25,6442.0,6712.75,2018-04-25 19:55:00+00:00,6508.75,tiempo,-47.0,2.0,-49.0,180.5,-0.27146814404432135
1,1,2018-04-26 14:09:00+00:00,2018-04-26 14:10:00+00:00,6632.5,6581.75,6734.0,2018-04-26 19:55:00+00:00,6654.75,tiempo,44.5,2.0,42.5,101.5,0.4187192118226601
-1,1,2018-04-27 14:29:00+00:00,2018-04-27 14:30:00+00:00,6659.5,6756.5,6465.5,2018-04-27 19:55:00+00:00,6666.0,tiempo,-13.0,2.0,-15.0,194.0,-0.07731958762886598
1,1,2018-04-30 14:04:00+00:00,2018-04-30 14:05:00+00:00,6714.5,6671.75,6800.0,2018-04-30 15:33:00+00:00,6671.5,stop,-86.0,2.0,-88.0,85.5,-1.0292397660818713
1,1,2018-05-01 14:14:00+00:00,2018-05-01 14:15:00+00:00,6621.0,6578.75,6705.5,2018-05-01 19:55:00+00:00,6686.0,tiempo,130.0,2.0,128.0,84.5,1.514792899408284
1,1,2018-05-02 14:14:00+00:00,2018-05-02 14:15:00+00:00,6704.25,6665.25,6782.25,2018-05-02 15:44:00+00:00,6665.0,stop,-78.5,2.0,-80.5,78.0,-1.0320512820512822
-1,1,2018-05-03 14:24:00+00:00,2018-05-03 14:25:00+00:00,6586.0,6638.5,6481.0,2018-05-03 16:53:00+00:00,6638.75,stop,-105.5,2.0,-107.5,105.0,-1.0238095238095237
1,1,2018-05-04 14:09:00+00:00,2018-05-04 14:10:00+00:00,6679.0,6610.5,6816.0,2018-05-04 19:55:00+00:00,6764.25,tiempo,170.5,2.0,168.5,137.0,1.22992700729927
1,1,2018-05-07 15:24:00+00:00,2018-05-07 15:25:00+00:00,6847.25,6797.5,6946.75,2018-05-07 19:55:00+00:00,6821.5,tiempo,-51.5,2.0,-53.5,99.5,-0.5376884422110553
-1,1,2018-05-08 18:44:00+00:00,2018-05-08 18:45:00+00:00,6781.25,6823.0,6697.75,2018-05-08 19:55:00+00:00,6811.0,tiempo,-59.5,2.0,-61.5,83.5,-0.7365269461077845
-1,1,2018-05-09 14:54:00+00:00,2018-05-09 14:55:00+00:00,6815.5,6845.5,6755.5,2018-05-09 16:21:00+00:00,6845.75,stop,-60.5,2.0,-62.5,60.0,-1.0416666666666667
1,1,2018-05-10 14:29:00+00:00,2018-05-10 14:30:00+00:00,6934.0,6911.5,6979.0,2018-05-10 19:55:00+00:00,6960.0,tiempo,52.0,2.0,50.0,45.0,1.1111111111111112
1,1,2018-05-11 14:14:00+00:00,2018-05-11 14:15:00+00:00,6964.5,6937.5,7018.5,2018-05-11 16:25:00+00:00,6937.25,stop,-54.5,2.0,-56.5,54.0,-1.0462962962962963
1,1,2018-05-14 14:19:00+00:00,2018-05-14 14:20:00+00:00,7000.5,6973.75,7054.0,2018-05-14 17:04:00+00:00,6973.5,stop,-54.0,2.0,-56.0,53.5,-1.0467289719626167
-1,1,2018-05-15 17:59:00+00:00,2018-05-15 18:00:00+00:00,6857.5,6917.25,6738.0,2018-05-15 19:55:00+00:00,6885.75,tiempo,-56.5,2.0,-58.5,119.5,-0.4895397489539749
1,1,2018-05-16 14:34:00+00:00,2018-05-16 14:35:00+00:00,6925.25,6896.5,6982.75,2018-05-16 19:55:00+00:00,6929.5,tiempo,8.5,2.0,6.5,57.5,0.11304347826086956
1,1,2018-05-17 14:04:00+00:00,2018-05-17 14:05:00+00:00,6927.5,6906.25,6970.0,2018-05-17 17:43:00+00:00,6906.0,stop,-43.0,2.0,-45.0,42.5,-1.0588235294117647
-1,1,2018-05-18 14:34:00+00:00,2018-05-18 14:35:00+00:00,6872.0,6895.25,6825.5,2018-05-18 15:19:00+00:00,6895.5,stop,-47.0,2.0,-49.0,46.5,-1.053763440860215
-1,1,2018-05-21 15:14:00+00:00,2018-05-21 15:15:00+00:00,6922.0,6957.0,6852.0,2018-05-21 19:55:00+00:00,6912.0,tiempo,20.0,2.0,18.0,70.0,0.2571428571428571
-1,1,2018-05-22 14:14:00+00:00,2018-05-22 14:15:00+00:00,6918.25,6954.75,6845.25,2018-05-22 19:55:00+00:00,6896.5,tiempo,43.5,2.0,41.5,73.0,0.5684931506849316
1,1,2018-05-23 14:09:00+00:00,2018-05-23 14:10:00+00:00,6888.0,6847.25,6969.5,2018-05-23 19:55:00+00:00,6953.75,tiempo,131.5,2.0,129.5,81.5,1.5889570552147239
-1,1,2018-05-24 14:34:00+00:00,2018-05-24 14:35:00+00:00,6906.75,6968.5,6783.25,2018-05-24 19:32:00+00:00,6968.75,stop,-124.0,2.0,-126.0,123.5,-1.0202429149797572
1,1,2018-05-25 14:14:00+00:00,2018-05-25 14:15:00+00:00,6975.5,6942.5,7041.5,2018-05-25 19:55:00+00:00,6965.25,tiempo,-20.5,2.0,-22.5,66.0,-0.3409090909090909
1,1,2018-05-28 14:24:00+00:00,2018-05-28 14:25:00+00:00,6986.75,6971.25,7017.75,2018-05-28 16:59:00+00:00,6992.25,fin_de_datos,11.0,2.0,9.0,31.0,0.2903225806451613
1,1,2018-05-29 14:09:00+00:00,2018-05-29 14:10:00+00:00,6967.75,6915.5,7072.25,2018-05-29 15:45:00+00:00,6915.25,stop,-105.0,2.0,-107.0,104.5,-1.0239234449760766
1,1,2018-05-30 14:44:00+00:00,2018-05-30 14:45:00+00:00,6977.25,6947.0,7037.75,2018-05-30 19:55:00+00:00,6984.5,tiempo,14.5,2.0,12.5,60.5,0.2066115702479339
-1,1,2018-05-31 14:49:00+00:00,2018-05-31 14:50:00+00:00,6963.5,6999.75,6891.0,2018-05-31 15:38:00+00:00,7000.0,stop,-73.0,2.0,-75.0,72.5,-1.0344827586206897
1,1,2018-06-01 14:24:00+00:00,2018-06-01 14:25:00+00:00,7055.5,7009.25,7148.0,2018-06-01 19:55:00+00:00,7082.75,tiempo,54.5,2.0,52.5,92.5,0.5675675675675675
1,1,2018-06-04 15:59:00+00:00,2018-06-04 16:00:00+00:00,7128.75,7100.0,7186.25,2018-06-04 19:55:00+00:00,7147.75,tiempo,38.0,2.0,36.0,57.5,0.6260869565217392
1,1,2018-06-05 14:04:00+00:00,2018-06-05 14:05:00+00:00,7181.5,7155.5,7233.5,2018-06-05 15:09:00+00:00,7155.25,stop,-52.5,2.0,-54.5,52.0,-1.0480769230769231
-1,1,2018-06-06 14:04:00+00:00,2018-06-06 14:05:00+00:00,7152.5,7187.25,7083.0,2018-06-06 15:35:00+00:00,7187.5,stop,-70.0,2.0,-72.0,69.5,-1.0359712230215827
-1,1,2018-06-07 14:09:00+00:00,2018-06-07 14:10:00+00:00,7182.75,7215.5,7117.25,2018-06-07 17:41:00+00:00,7117.25,objetivo,131.0,2.0,129.0,65.5,1.9694656488549618
-1,1,2018-06-08 14:39:00+00:00,2018-06-08 14:40:00+00:00,7107.5,7134.5,7053.5,2018-06-08 15:07:00+00:00,7134.75,stop,-54.5,2.0,-56.5,54.0,-1.0462962962962963
1,1,2018-06-11 15:44:00+00:00,2018-06-11 15:45:00+00:00,7201.25,7170.0,7263.75,2018-06-11 19:55:00+00:00,7197.75,tiempo,-7.0,2.0,-9.0,62.5,-0.144
1,1,2018-06-12 15:39:00+00:00,2018-06-12 15:40:00+00:00,7221.75,7198.75,7267.75,2018-06-12 19:55:00+00:00,7232.75,tiempo,22.0,2.0,20.0,46.0,0.43478260869565216
1,1,2018-06-13 14:04:00+00:00,2018-06-13 14:05:00+00:00,7256.75,7241.0,7288.25,2018-06-13 15:37:00+00:00,7288.25,objetivo,63.0,2.0,61.0,31.5,1.9365079365079365
1,1,2018-06-14 14:04:00+00:00,2018-06-14 14:05:00+00:00,7291.0,7261.25,7350.5,2018-06-14 19:55:00+00:00,7302.5,tiempo,23.0,2.0,21.0,59.5,0.35294117647058826
1,1,2018-06-15 16:59:00+00:00,2018-06-15 17:00:00+00:00,7284.75,7245.0,7364.25,2018-06-15 19:55:00+00:00,7276.75,tiempo,-16.0,2.0,-18.0,79.5,-0.22641509433962265
1,1,2018-06-18 14:24:00+00:00,2018-06-18 14:25:00+00:00,7246.75,7208.75,7322.75,2018-06-18 19:55:00+00:00,7276.0,tiempo,58.5,2.0,56.5,76.0,0.743421052631579
-1,1,2018-06-19 14:09:00+00:00,2018-06-19 14:10:00+00:00,7176.75,7222.75,7084.75,2018-06-19 15:55:00+00:00,7223.0,stop,-92.5,2.0,-94.5,92.0,-1.0271739130434783
1,1,2018-06-20 15:24:00+00:00,2018-06-20 15:25:00+00:00,7308.75,7283.25,7359.75,2018-06-20 19:55:00+00:00,7306.0,tiempo,-5.5,2.0,-7.5,51.0,-0.14705882352941177
-1,1,2018-06-21 14:04:00+00:00,2018-06-21 14:05:00+00:00,7296.25,7329.75,7229.25,2018-06-21 19:23:00+00:00,7229.25,objetivo,134.0,2.0,132.0,67.0,1.9701492537313432
-1,1,2018-06-22 14:29:00+00:00,2018-06-22 14:30:00+00:00,7205.75,7268.25,7080.75,2018-06-22 19:55:00+00:00,7231.5,tiempo,-51.5,2.0,-53.5,125.0,-0.428
-1,1,2018-06-25 14:09:00+00:00,2018-06-25 14:10:00+00:00,7104.75,7169.5,6975.25,2018-06-25 19:55:00+00:00,7065.75,tiempo,78.0,2.0,76.0,129.5,0.5868725868725869
1,1,2018-06-26 16:59:00+00:00,2018-06-26 17:00:00+00:00,7110.5,7061.25,7209.0,2018-06-26 19:55:00+00:00,7088.0,tiempo,-45.0,2.0,-47.0,98.5,-0.47715736040609136
1,1,2018-06-27 14:39:00+00:00,2018-06-27 14:40:00+00:00,7147.5,7106.25,7230.0,2018-06-27 15:06:00+00:00,7106.0,stop,-83.0,2.0,-85.0,82.5,-1.0303030303030303
1,1,2018-06-28 15:29:00+00:00,2018-06-28 15:30:00+00:00,7030.5,6972.0,7147.5,2018-06-28 19:55:00+00:00,7051.25,tiempo,41.5,2.0,39.5,117.0,0.33760683760683763
1,1,2018-06-29 14:54:00+00:00,2018-06-29 14:55:00+00:00,7114.75,7083.5,7177.25,2018-06-29 16:55:00+00:00,7083.25,stop,-63.0,2.0,-65.0,62.5,-1.04
1,1,2018-07-02 14:04:00+00:00,2018-07-02 14:05:00+00:00,7043.5,6987.5,7155.5,2018-07-02 19:55:00+00:00,7108.5,tiempo,130.0,2.0,128.0,112.0,1.1428571428571428
-1,1,2018-07-03 15:54:00+00:00,2018-07-03 15:55:00+00:00,7084.75,7143.75,6966.75,2018-07-03 17:14:00+00:00,7023.25,fin_de_datos,123.0,2.0,121.0,118.0,1.0254237288135593
-1,1,2018-07-04 14:39:00+00:00,2018-07-04 14:40:00+00:00,7025.75,7047.25,6982.75,2018-07-04 17:00:00+00:00,7042.75,fin_de_datos,-34.0,2.0,-36.0,43.0,-0.8372093023255814
-1,1,2018-07-05 14:04:00+00:00,2018-07-05 14:05:00+00:00,7073.0,7099.75,7019.5,2018-07-05 16:03:00+00:00,7100.0,stop,-54.0,2.0,-56.0,53.5,-1.0467289719626167
1,1,2018-07-06 14:04:00+00:00,2018-07-06 14:05:00+00:00,7163.5,7123.5,7243.5,2018-07-06 19:55:00+00:00,7223.5,tiempo,120.0,2.0,118.0,80.0,1.475
-1,1,2018-07-09 14:14:00+00:00,2018-07-09 14:15:00+00:00,7243.75,7282.0,7167.25,2018-07-09 18:59:00+00:00,7282.25,stop,-77.0,2.0,-79.0,76.5,-1.0326797385620916
1,1,2018-07-10 14:39:00+00:00,2018-07-10 14:40:00+00:00,7310.75,7288.25,7355.75,2018-07-10 17:35:00+00:00,7288.0,stop,-45.5,2.0,-47.5,45.0,-1.0555555555555556
1,1,2018-07-11 14:04:00+00:00,2018-07-11 14:05:00+00:00,7279.0,7237.75,7361.5,2018-07-11 19:55:00+00:00,7265.0,tiempo,-28.0,2.0,-30.0,82.5,-0.36363636363636365
1,1,2018-07-12 14:04:00+00:00,2018-07-12 14:05:00+00:00,7325.0,7288.25,7398.5,2018-07-12 19:55:00+00:00,7378.25,tiempo,106.5,2.0,104.5,73.5,1.4217687074829932
1,1,2018-07-13 14:29:00+00:00,2018-07-13 14:30:00+00:00,7396.75,7367.0,7456.25,2018-07-13 19:55:00+00:00,7395.5,tiempo,-2.5,2.0,-4.5,59.5,-0.07563025210084033
-1,1,2018-07-16 14:59:00+00:00,2018-07-16 15:00:00+00:00,7376.0,7407.25,7313.5,2018-07-16 19:55:00+00:00,7369.25,tiempo,13.5,2.0,11.5,62.5,0.184
1,1,2018-07-17 14:04:00+00:00,2018-07-17 14:05:00+00:00,7341.75,7295.5,7434.25,2018-07-17 19:42:00+00:00,7434.25,objetivo,185.0,2.0,183.0,92.5,1.9783783783783784
-1,1,2018-07-18 14:19:00+00:00,2018-07-18 14:20:00+00:00,7387.75,7426.75,7309.75,2018-07-18 19:55:00+00:00,7410.25,tiempo,-45.0,2.0,-47.0,78.0,-0.6025641025641025
1,1,2018-07-20 14:29:00+00:00,2018-07-20 14:30:00+00:00,7396.0,7377.75,7432.5,2018-07-20 16:12:00+00:00,7377.5,stop,-37.0,2.0,-39.0,36.5,-1.0684931506849316
1,1,2018-07-23 14:44:00+00:00,2018-07-23 14:45:00+00:00,7356.25,7311.5,7445.75,2018-07-23 19:55:00+00:00,7383.0,tiempo,53.5,2.0,51.5,89.5,0.5754189944134078
-1,1,2018-07-24 15:04:00+00:00,2018-07-24 15:05:00+00:00,7449.5,7487.25,7374.0,2018-07-24 19:55:00+00:00,7417.25,tiempo,64.5,2.0,62.5,75.5,0.8278145695364238
1,1,2018-07-25 15:39:00+00:00,2018-07-25 15:40:00+00:00,7447.75,7416.25,7510.75,2018-07-25 19:49:00+00:00,7510.75,objetivo,126.0,2.0,124.0,63.0,1.9682539682539681
-1,1,2018-07-27 14:14:00+00:00,2018-07-27 14:15:00+00:00,7391.75,7457.0,7261.25,2018-07-27 19:55:00+00:00,7305.75,tiempo,172.0,2.0,170.0,130.5,1.3026819923371646
-1,1,2018-07-30 15:14:00+00:00,2018-07-30 15:15:00+00:00,7210.25,7308.75,7013.25,2018-07-30 19:55:00+00:00,7201.25,tiempo,18.0,2.0,16.0,197.0,0.08121827411167512
-1,1,2018-07-31 14:19:00+00:00,2018-07-31 14:20:00+00:00,7203.5,7270.75,7069.0,2018-07-31 16:00:00+00:00,7271.0,stop,-135.0,2.0,-137.0,134.5,-1.0185873605947955
1,1,2018-08-01 14:14:00+00:00,2018-08-01 14:15:00+00:00,7291.0,7253.0,7367.0,2018-08-01 16:25:00+00:00,7252.75,stop,-76.5,2.0,-78.5,76.0,-1.0328947368421053
1,1,2018-08-02 14:04:00+00:00,2018-08-02 14:05:00+00:00,7272.0,7224.75,7366.5,2018-08-02 17:12:00+00:00,7366.5,objetivo,189.0,2.0,187.0,94.5,1.9788359788359788
1,1,2018-08-03 14:29:00+00:00,2018-08-03 14:30:00+00:00,7400.25,7362.25,7476.25,2018-08-03 19:55:00+00:00,7398.5,tiempo,-3.5,2.0,-5.5,76.0,-0.07236842105263158
1,1,2018-08-06 14:14:00+00:00,2018-08-06 14:15:00+00:00,7418.0,7387.5,7479.0,2018-08-06 19:55:00+00:00,7443.0,tiempo,50.0,2.0,48.0,61.0,0.7868852459016393
-1,1,2018-08-07 15:34:00+00:00,2018-08-07 15:35:00+00:00,7452.25,7486.75,7383.25,2018-08-07 19:55:00+00:00,7467.5,tiempo,-30.5,2.0,-32.5,69.0,-0.47101449275362317
1,1,2018-08-08 14:14:00+00:00,2018-08-08 14:15:00+00:00,7471.75,7442.5,7530.25,2018-08-08 19:55:00+00:00,7485.25,tiempo,27.0,2.0,25.0,58.5,0.42735042735042733
1,1,2018-08-09 14:09:00+00:00,2018-08-09 14:10:00+00:00,7490.0,7464.75,7540.5,2018-08-09 19:55:00+00:00,7473.0,tiempo,-34.0,2.0,-36.0,50.5,-0.7128712871287128
-1,1,2018-08-10 14:04:00+00:00,2018-08-10 14:05:00+00:00,7416.75,7446.75,7356.75,2018-08-10 19:55:00+00:00,7418.25,tiempo,-3.0,2.0,-5.0,60.0,-0.08333333333333333
1,1,2018-08-13 14:09:00+00:00,2018-08-13 14:10:00+00:00,7462.25,7427.25,7532.25,2018-08-13 15:32:00+00:00,7427.0,stop,-70.5,2.0,-72.5,70.0,-1.0357142857142858
-1,1,2018-08-14 14:04:00+00:00,2018-08-14 14:05:00+00:00,7401.0,7445.0,7313.0,2018-08-14 14:50:00+00:00,7445.25,stop,-88.5,2.0,-90.5,88.0,-1.0284090909090908
-1,1,2018-08-15 14:04:00+00:00,2018-08-15 14:05:00+00:00,7351.5,7418.25,7218.0,2018-08-15 19:55:00+00:00,7364.75,tiempo,-26.5,2.0,-28.5,133.5,-0.21348314606741572
1,1,2018-08-16 15:19:00+00:00,2018-08-16 15:20:00+00:00,7425.5,7396.75,7483.0,2018-08-16 18:29:00+00:00,7396.5,stop,-58.0,2.0,-60.0,57.5,-1.0434782608695652
-1,1,2018-08-17 14:09:00+00:00,2018-08-17 14:10:00+00:00,7342.75,7382.25,7263.75,2018-08-17 18:05:00+00:00,7382.5,stop,-79.5,2.0,-81.5,79.0,-1.0316455696202531
-1,1,2018-08-20 14:14:00+00:00,2018-08-20 14:15:00+00:00,7357.0,7407.25,7256.5,2018-08-20 19:55:00+00:00,7383.25,tiempo,-52.5,2.0,-54.5,100.5,-0.5422885572139303
1,1,2018-08-21 15:39:00+00:00,2018-08-21 15:40:00+00:00,7432.25,7398.25,7500.25,2018-08-21 19:55:00+00:00,7406.75,tiempo,-51.0,2.0,-53.0,68.0,-0.7794117647058824
1,1,2018-08-22 14:49:00+00:00,2018-08-22 14:50:00+00:00,7427.25,7388.5,7504.75,2018-08-22 19:55:00+00:00,7436.75,tiempo,19.0,2.0,17.0,77.5,0.21935483870967742
1,1,2018-08-23 14:24:00+00:00,2018-08-23 14:25:00+00:00,7470.25,7422.25,7566.25,2018-08-23 15:19:00+00:00,7422.0,stop,-96.5,2.0,-98.5,96.0,-1.0260416666666667
1,1,2018-08-24 14:04:00+00:00,2018-08-24 14:05:00+00:00,7469.25,7446.0,7515.75,2018-08-24 19:55:00+00:00,7495.75,tiempo,53.0,2.0,51.0,46.5,1.096774193548387
1,1,2018-08-27 14:04:00+00:00,2018-08-27 14:05:00+00:00,7545.25,7517.75,7600.25,2018-08-27 19:55:00+00:00,7562.25,tiempo,34.0,2.0,32.0,55.0,0.5818181818181818
-1,1,2018-08-28 14:49:00+00:00,2018-08-28 14:50:00+00:00,7570.0,7597.25,7515.5,2018-08-28 19:55:00+00:00,7572.75,tiempo,-5.5,2.0,-7.5,54.5,-0.13761467889908258
1,1,2018-08-29 14:14:00+00:00,2018-08-29 14:15:00+00:00,7615.0,7589.25,7666.5,2018-08-29 19:13:00+00:00,7666.5,objetivo,103.0,2.0,101.0,51.5,1.9611650485436893
1,1,2018-08-30 14:19:00+00:00,2018-08-30 14:20:00+00:00,7666.5,7642.5,7714.5,2018-08-30 19:00:00+00:00,7642.25,stop,-48.5,2.0,-50.5,48.0,-1.0520833333333333
1,1,2018-08-31 14:14:00+00:00,2018-08-31 14:15:00+00:00,7680.75,7640.75,7760.75,2018-08-31 18:10:00+00:00,7640.5,stop,-80.5,2.0,-82.5,80.0,-1.03125
1,1,2018-09-03 14:39:00+00:00,2018-09-03 14:40:00+00:00,7677.0,7668.5,7694.0,2018-09-03 16:59:00+00:00,7681.0,fin_de_datos,8.0,2.0,6.0,17.0,0.35294117647058826
-1,1,2018-09-05 14:04:00+00:00,2018-09-05 14:05:00+00:00,7553.0,7616.0,7427.0,2018-09-05 19:55:00+00:00,7519.25,tiempo,67.5,2.0,65.5,126.0,0.5198412698412699
-1,1,2018-09-06 14:14:00+00:00,2018-09-06 14:15:00+00:00,7471.75,7539.0,7337.25,2018-09-06 19:55:00+00:00,7461.5,tiempo,20.5,2.0,18.5,134.5,0.137546468401487
1,1,2018-09-07 14:49:00+00:00,2018-09-07 14:50:00+00:00,7484.5,7402.0,7649.5,2018-09-07 19:55:00+00:00,7429.75,tiempo,-109.5,2.0,-111.5,165.0,-0.6757575757575758
-1,1,2018-09-10 14:09:00+00:00,2018-09-10 14:10:00+00:00,7428.75,7476.75,7332.75,2018-09-10 19:55:00+00:00,7448.0,tiempo,-38.5,2.0,-40.5,96.0,-0.421875
1,1,2018-09-11 14:09:00+00:00,2018-09-11 14:10:00+00:00,7475.5,7404.5,7617.5,2018-09-11 19:55:00+00:00,7510.0,tiempo,69.0,2.0,67.0,142.0,0.47183098591549294
-1,1,2018-09-12 14:09:00+00:00,2018-09-12 14:10:00+00:00,7461.0,7506.25,7370.5,2018-09-12 19:55:00+00:00,7493.5,tiempo,-65.0,2.0,-67.0,90.5,-0.7403314917127072
-1,1,2018-09-14 16:04:00+00:00,2018-09-14 16:05:00+00:00,7542.75,7584.25,7459.75,2018-09-14 19:55:00+00:00,7552.75,tiempo,-20.0,2.0,-22.0,83.0,-0.26506024096385544
-1,1,2018-09-17 14:04:00+00:00,2018-09-17 14:05:00+00:00,7515.75,7566.5,7414.25,2018-09-17 19:55:00+00:00,7460.75,tiempo,110.0,2.0,108.0,101.5,1.064039408866995
1,1,2018-09-18 14:14:00+00:00,2018-09-18 14:15:00+00:00,7537.0,7467.25,7676.5,2018-09-18 19:55:00+00:00,7526.0,tiempo,-22.0,2.0,-24.0,139.5,-0.17204301075268819
-1,1,2018-09-19 14:14:00+00:00,2018-09-19 14:15:00+00:00,7480.5,7546.0,7349.5,2018-09-19 19:55:00+00:00,7525.25,tiempo,-89.5,2.0,-91.5,131.0,-0.6984732824427481
1,1,2018-09-20 14:04:00+00:00,2018-09-20 14:05:00+00:00,7598.25,7552.75,7689.25,2018-09-20 19:55:00+00:00,7603.5,tiempo,10.5,2.0,8.5,91.0,0.09340659340659341
-1,1,2018-09-21 14:24:00+00:00,2018-09-21 14:25:00+00:00,7595.5,7634.5,7517.5,2018-09-21 19:55:00+00:00,7564.75,tiempo,61.5,2.0,59.5,78.0,0.7628205128205128
1,1,2018-09-24 14:14:00+00:00,2018-09-24 14:15:00+00:00,7539.25,7473.75,7670.25,2018-09-24 19:55:00+00:00,7577.0,tiempo,75.5,2.0,73.5,131.0,0.5610687022900763
-1,1,2018-09-25 14:59:00+00:00,2018-09-25 15:00:00+00:00,7552.75,7584.5,7489.25,2018-09-25 15:26:00+00:00,7584.75,stop,-64.0,2.0,-66.0,63.5,-1.0393700787401574
1,1,2018-09-26 14:04:00+00:00,2018-09-26 14:05:00+00:00,7619.5,7592.75,7673.0,2018-09-26 19:48:00+00:00,7592.5,stop,-54.0,2.0,-56.0,53.5,-1.0467289719626167
1,1,2018-09-27 14:04:00+00:00,2018-09-27 14:05:00+00:00,7668.75,7621.5,7763.25,2018-09-27 19:55:00+00:00,7661.75,tiempo,-14.0,2.0,-16.0,94.5,-0.1693121693121693
1,1,2018-09-28 14:54:00+00:00,2018-09-28 14:55:00+00:00,7660.5,7623.25,7735.0,2018-09-28 19:55:00+00:00,7648.0,tiempo,-25.0,2.0,-27.0,74.5,-0.3624161073825503
-1,1,2018-10-01 16:44:00+00:00,2018-10-01 16:45:00+00:00,7688.25,7725.5,7613.75,2018-10-01 19:55:00+00:00,7672.0,tiempo,32.5,2.0,30.5,74.5,0.40939597315436244
1,1,2018-10-02 14:49:00+00:00,2018-10-02 14:50:00+00:00,7687.25,7635.25,7791.25,2018-10-02 19:55:00+00:00,7658.0,tiempo,-58.5,2.0,-60.5,104.0,-0.5817307692307693
1,1,2018-10-03 14:14:00+00:00,2018-10-03 14:15:00+00:00,7702.5,7676.25,7755.0,2018-10-03 14:55:00+00:00,7676.0,stop,-53.0,2.0,-55.0,52.5,-1.0476190476190477
-1,1,2018-10-04 14:14:00+00:00,2018-10-04 14:15:00+00:00,7572.25,7632.75,7451.25,2018-10-04 19:55:00+00:00,7519.0,tiempo,106.5,2.0,104.5,121.0,0.8636363636363636
-1,1,2018-10-05 14:04:00+00:00,2018-10-05 14:05:00+00:00,7469.75,7534.75,7339.75,2018-10-05 19:55:00+00:00,7436.25,tiempo,67.0,2.0,65.0,130.0,0.5
1,1,2018-10-08 14:14:00+00:00,2018-10-08 14:15:00+00:00,7432.75,7359.25,7579.75,2018-10-08 15:31:00+00:00,7359.0,stop,-147.5,2.0,-149.5,147.0,-1.0170068027210883
1,1,2018-10-09 14:24:00+00:00,2018-10-09 14:25:00+00:00,7425.0,7361.75,7551.5,2018-10-09 19:55:00+00:00,7403.0,tiempo,-44.0,2.0,-46.0,126.5,-0.36363636363636365
-1,1,2018-10-10 14:04:00+00:00,2018-10-10 14:05:00+00:00,7243.0,7356.25,7016.5,2018-10-10 19:55:00+00:00,7091.75,tiempo,302.5,2.0,300.5,226.5,1.3267108167770418
-1,1,2018-10-11 15:04:00+00:00,2018-10-11 15:05:00+00:00,6987.25,7138.0,6685.75,2018-10-11 19:55:00+00:00,7001.25,tiempo,-28.0,2.0,-30.0,301.5,-0.09950248756218906
-1,1,2018-10-12 15:44:00+00:00,2018-10-12 15:45:00+00:00,7103.0,7173.25,6962.5,2018-10-12 19:45:00+00:00,7173.5,stop,-141.0,2.0,-143.0,140.5,-1.0177935943060499
-1,1,2018-10-15 14:04:00+00:00,2018-10-15 14:05:00+00:00,7083.0,7161.0,6927.0,2018-10-15 17:49:00+00:00,7161.25,stop,-156.5,2.0,-158.5,156.0,-1.016025641025641
1,1,2018-10-16 14:04:00+00:00,2018-10-16 14:05:00+00:00,7191.5,7151.75,7271.0,2018-10-16 14:33:00+00:00,7151.5,stop,-80.0,2.0,-82.0,79.5,-1.0314465408805031
-1,1,2018-10-17 14:04:00+00:00,2018-10-17 14:05:00+00:00,7257.25,7335.0,7101.75,2018-10-17 19:55:00+00:00,7291.0,tiempo,-67.5,2.0,-69.5,155.5,-0.44694533762057875
-1,1,2018-10-18 14:09:00+00:00,2018-10-18 14:10:00+00:00,7216.5,7270.5,7108.5,2018-10-18 17:23:00+00:00,7108.5,objetivo,216.0,2.0,214.0,108.0,1.9814814814814814
1,1,2018-10-19 14:04:00+00:00,2018-10-19 14:05:00+00:00,7237.75,7171.25,7370.75,2018-10-19 15:36:00+00:00,7171.0,stop,-133.5,2.0,-135.5,133.0,-1.018796992481203
1,1,2018-10-22 14:49:00+00:00,2018-10-22 14:50:00+00:00,7196.0,7101.25,7385.5,2018-10-22 19:55:00+00:00,7167.5,tiempo,-57.0,2.0,-59.0,189.5,-0.3113456464379947
-1,1,2018-10-23 14:04:00+00:00,2018-10-23 14:05:00+00:00,6969.75,7049.25,6810.75,2018-10-23 16:26:00+00:00,7049.5,stop,-159.5,2.0,-161.5,159.0,-1.0157232704402517
-1,1,2018-10-24 14:04:00+00:00,2018-10-24 14:05:00+00:00,7071.5,7131.0,6952.5,2018-10-24 17:57:00+00:00,6952.5,objetivo,238.0,2.0,236.0,119.0,1.9831932773109244
1,1,2018-10-25 14:04:00+00:00,2018-10-25 14:05:00+00:00,6991.75,6872.75,7229.75,2018-10-25 19:55:00+00:00,7037.0,tiempo,90.5,2.0,88.5,238.0,0.37184873949579833
-1,1,2018-10-26 14:39:00+00:00,2018-10-26 14:40:00+00:00,6787.75,6895.25,6572.75,2018-10-26 16:05:00+00:00,6895.5,stop,-215.5,2.0,-217.5,215.0,-1.0116279069767442
1,1,2018-10-29 14:04:00+00:00,2018-10-29 14:05:00+00:00,6977.5,6921.0,7090.5,2018-10-29 14:48:00+00:00,6920.75,stop,-113.5,2.0,-115.5,113.0,-1.0221238938053097
1,1,2018-10-30 15:49:00+00:00,2018-10-30 15:50:00+00:00,6806.25,6661.0,7096.75,2018-10-30 19:55:00+00:00,6818.75,tiempo,25.0,2.0,23.0,290.5,0.07917383820998279
1,1,2018-10-31 14:04:00+00:00,2018-10-31 14:05:00+00:00,6989.5,6927.25,7114.0,2018-10-31 19:55:00+00:00,6986.25,tiempo,-6.5,2.0,-8.5,124.5,-0.06827309236947791
1,1,2018-11-01 15:14:00+00:00,2018-11-01 15:15:00+00:00,7020.5,6944.25,7173.0,2018-11-01 19:55:00+00:00,7070.75,tiempo,100.5,2.0,98.5,152.5,0.6459016393442623
-1,1,2018-11-02 14:04:00+00:00,2018-11-02 14:05:00+00:00,7017.25,7092.5,6866.75,2018-11-02 19:55:00+00:00,6963.75,tiempo,107.0,2.0,105.0,150.5,0.6976744186046512
-1,1,2018-11-05 15:04:00+00:00,2018-11-05 15:05:00+00:00,6893.5,6971.25,6738.0,2018-11-05 20:55:00+00:00,6945.75,tiempo,-104.5,2.0,-106.5,155.5,-0.684887459807074
-1,1,2018-11-06 19:29:00+00:00,2018-11-06 19:30:00+00:00,6938.75,7034.75,6746.75,2018-11-06 20:55:00+00:00,6988.25,tiempo,-99.0,2.0,-101.0,192.0,-0.5260416666666666
1,1,2018-11-07 15:14:00+00:00,2018-11-07 15:15:00+00:00,7116.25,7061.75,7225.25,2018-11-07 20:55:00+00:00,7198.5,tiempo,164.5,2.0,162.5,109.0,1.4908256880733946
1,1,2018-11-08 15:04:00+00:00,2018-11-08 15:05:00+00:00,7199.5,7153.5,7291.5,2018-11-08 18:28:00+00:00,7153.25,stop,-92.5,2.0,-94.5,92.0,-1.0271739130434783
-1,1,2018-11-09 15:09:00+00:00,2018-11-09 15:10:00+00:00,7063.75,7116.25,6958.75,2018-11-09 20:55:00+00:00,7057.75,tiempo,12.0,2.0,10.0,105.0,0.09523809523809523
-1,1,2018-11-12 15:04:00+00:00,2018-11-12 15:05:00+00:00,6912.5,7009.0,6719.5,2018-11-12 20:55:00+00:00,6830.5,tiempo,164.0,2.0,162.0,193.0,0.8393782383419689
-1,1,2018-11-13 15:04:00+00:00,2018-11-13 15:05:00+00:00,6848.0,6920.5,6703.0,2018-11-13 16:02:00+00:00,6920.75,stop,-145.5,2.0,-147.5,145.0,-1.0172413793103448
-1,1,2018-11-14 15:09:00+00:00,2018-11-14 15:10:00+00:00,6869.0,6929.5,6748.0,2018-11-14 19:05:00+00:00,6748.0,objetivo,242.0,2.0,240.0,121.0,1.9834710743801653
-1,1,2018-11-15 15:34:00+00:00,2018-11-15 15:35:00+00:00,6721.5,6811.25,6542.0,2018-11-15 16:24:00+00:00,6811.5,stop,-180.0,2.0,-182.0,179.5,-1.0139275766016713
1,1,2018-11-16 15:34:00+00:00,2018-11-16 15:35:00+00:00,6890.75,6807.5,7057.25,2018-11-16 20:55:00+00:00,6889.75,tiempo,-2.0,2.0,-4.0,166.5,-0.024024024024024024
-1,1,2018-11-19 15:04:00+00:00,2018-11-19 15:05:00+00:00,6776.75,6852.5,6625.25,2018-11-19 20:55:00+00:00,6640.5,tiempo,272.5,2.0,270.5,151.5,1.7854785478547854
-1,1,2018-11-20 15:14:00+00:00,2018-11-20 15:15:00+00:00,6453.0,6558.0,6243.0,2018-11-20 15:38:00+00:00,6558.25,stop,-210.5,2.0,-212.5,210.0,-1.0119047619047619
-1,1,2018-11-22 15:09:00+00:00,2018-11-22 15:10:00+00:00,6544.75,6554.75,6524.75,2018-11-22 15:27:00+00:00,6524.75,objetivo,40.0,2.0,38.0,20.0,1.9
-1,1,2018-11-23 18:04:00+00:00,2018-11-23 18:05:00+00:00,6527.5,6601.5,6379.5,2018-11-23 18:14:00+00:00,6530.75,fin_de_datos,-6.5,2.0,-8.5,148.0,-0.057432432432432436
1,1,2018-11-26 19:34:00+00:00,2018-11-26 19:35:00+00:00,6670.5,6598.75,6814.0,2018-11-26 20:55:00+00:00,6681.0,tiempo,21.0,2.0,19.0,143.5,0.13240418118466898
1,1,2018-11-27 15:09:00+00:00,2018-11-27 15:10:00+00:00,6679.25,6613.25,6811.25,2018-11-27 20:55:00+00:00,6699.0,tiempo,39.5,2.0,37.5,132.0,0.2840909090909091
-1,1,2018-11-28 15:34:00+00:00,2018-11-28 15:35:00+00:00,6731.25,6765.0,6663.75,2018-11-28 17:00:00+00:00,6765.25,stop,-68.0,2.0,-70.0,67.5,-1.037037037037037
-1,1,2018-11-29 15:19:00+00:00,2018-11-29 15:20:00+00:00,6871.5,6911.25,6792.0,2018-11-29 18:49:00+00:00,6911.5,stop,-80.0,2.0,-82.0,79.5,-1.0314465408805031
1,1,2018-11-30 15:34:00+00:00,2018-11-30 15:35:00+00:00,6923.75,6872.5,7026.25,2018-11-30 20:55:00+00:00,6930.75,tiempo,14.0,2.0,12.0,102.5,0.11707317073170732
-1,1,2018-12-03 16:59:00+00:00,2018-12-03 17:00:00+00:00,7030.0,7107.75,6874.5,2018-12-03 20:55:00+00:00,7049.0,tiempo,-38.0,2.0,-40.0,155.5,-0.2572347266881029
-1,1,2018-12-04 16:29:00+00:00,2018-12-04 16:30:00+00:00,7008.75,7046.75,6932.75,2018-12-04 17:15:00+00:00,6932.75,objetivo,152.0,2.0,150.0,76.0,1.9736842105263157
-1,1,2018-12-06 16:29:00+00:00,2018-12-06 16:30:00+00:00,6643.0,6731.25,6466.5,2018-12-06 17:15:00+00:00,6731.5,stop,-177.0,2.0,-179.0,176.5,-1.0141643059490084
-1,1,2018-12-07 15:14:00+00:00,2018-12-07 15:15:00+00:00,6783.0,6852.0,6645.0,2018-12-07 19:00:00+00:00,6645.0,objetivo,276.0,2.0,274.0,138.0,1.9855072463768115
-1,1,2018-12-10 15:54:00+00:00,2018-12-10 15:55:00+00:00,6575.0,6672.5,6380.0,2018-12-10 18:53:00+00:00,6672.75,stop,-195.5,2.0,-197.5,195.0,-1.0128205128205128
-1,1,2018-12-11 15:14:00+00:00,2018-12-11 15:15:00+00:00,6753.0,6796.0,6667.0,2018-12-11 18:49:00+00:00,6667.0,objetivo,172.0,2.0,170.0,86.0,1.9767441860465116
1,1,2018-12-12 15:04:00+00:00,2018-12-12 15:05:00+00:00,6817.0,6779.0,6893.0,2018-12-12 19:50:00+00:00,6778.75,stop,-76.5,2.0,-78.5,76.0,-1.0328947368421053
-1,1,2018-12-13 15:49:00+00:00,2018-12-13 15:50:00+00:00,6771.75,6832.75,6649.75,2018-12-13 20:55:00+00:00,6766.0,tiempo,11.5,2.0,9.5,122.0,0.0778688524590164
1,1,2018-12-14 15:04:00+00:00,2018-12-14 15:05:00+00:00,6704.0,6654.75,6802.5,2018-12-14 16:52:00+00:00,6654.5,stop,-99.0,2.0,-101.0,98.5,-1.0253807106598984
1,1,2018-12-18 17:09:00+00:00,2018-12-18 17:10:00+00:00,6552.25,6507.75,6641.25,2018-12-18 19:43:00+00:00,6507.5,stop,-89.5,2.0,-91.5,89.0,-1.0280898876404494
1,1,2018-12-19 17:09:00+00:00,2018-12-19 17:10:00+00:00,6588.0,6493.0,6778.0,2018-12-19 19:04:00+00:00,6492.75,stop,-190.5,2.0,-192.5,190.0,-1.013157894736842
1,1,2018-12-20 15:09:00+00:00,2018-12-20 15:10:00+00:00,6395.0,6319.0,6547.0,2018-12-20 16:09:00+00:00,6318.75,stop,-152.5,2.0,-154.5,152.0,-1.0164473684210527
-1,1,2018-12-21 15:04:00+00:00,2018-12-21 15:05:00+00:00,6241.5,6312.5,6099.5,2018-12-21 15:16:00+00:00,6312.75,stop,-142.5,2.0,-144.5,142.0,-1.017605633802817
1,1,2018-12-24 15:44:00+00:00,2018-12-24 15:45:00+00:00,6080.5,5941.25,6359.0,2018-12-24 17:56:00+00:00,5941.0,stop,-279.0,2.0,-281.0,278.5,-1.0089766606822261
-1,1,2018-12-26 15:14:00+00:00,2018-12-26 15:15:00+00:00,5961.25,6051.75,5780.25,2018-12-26 16:57:00+00:00,6052.0,stop,-181.5,2.0,-183.5,181.0,-1.0138121546961325
-1,1,2018-12-27 15:19:00+00:00,2018-12-27 15:20:00+00:00,6123.0,6228.25,5912.5,2018-12-27 20:29:00+00:00,6228.5,stop,-211.0,2.0,-213.0,210.5,-1.01187648456057
-1,1,2018-12-28 15:24:00+00:00,2018-12-28 15:25:00+00:00,6282.25,6348.75,6149.25,2018-12-28 19:06:00+00:00,6349.0,stop,-133.5,2.0,-135.5,133.0,-1.018796992481203
-1,1,2018-12-31 15:14:00+00:00,2018-12-31 15:15:00+00:00,6326.75,6376.75,6226.75,2018-12-31 20:55:00+00:00,6303.75,tiempo,46.0,2.0,44.0,100.0,0.44
1,1,2019-01-02 15:09:00+00:00,2019-01-02 15:10:00+00:00,6296.5,6205.5,6478.5,2019-01-02 20:55:00+00:00,6357.5,tiempo,122.0,2.0,120.0,182.0,0.6593406593406593
-1,1,2019-01-03 15:04:00+00:00,2019-01-03 15:05:00+00:00,6228.75,6304.25,6077.75,2019-01-03 20:55:00+00:00,6167.75,tiempo,122.0,2.0,120.0,151.0,0.7947019867549668
1,1,2019-01-04 15:04:00+00:00,2019-01-04 15:05:00+00:00,6314.0,6241.5,6459.0,2019-01-04 18:32:00+00:00,6459.0,objetivo,290.0,2.0,288.0,145.0,1.986206896551724
1,1,2019-01-07 15:34:00+00:00,2019-01-07 15:35:00+00:00,6476.5,6422.25,6585.0,2019-01-07 20:55:00+00:00,6506.0,tiempo,59.0,2.0,57.0,108.5,0.5253456221198156
-1,1,2019-01-08 15:14:00+00:00,2019-01-08 15:15:00+00:00,6528.0,6586.25,6411.5,2019-01-08 20:55:00+00:00,6563.25,tiempo,-70.5,2.0,-72.5,116.5,-0.6223175965665236
1,1,2019-01-09 16:54:00+00:00,2019-01-09 16:55:00+00:00,6624.5,6569.0,6735.5,2019-01-09 20:55:00+00:00,6600.0,tiempo,-49.0,2.0,-51.0,111.0,-0.4594594594594595
1,1,2019-01-10 15:24:00+00:00,2019-01-10 15:25:00+00:00,6575.0,6527.5,6670.0,2019-01-10 20:55:00+00:00,6636.5,tiempo,123.0,2.0,121.0,95.0,1.2736842105263158
1,1,2019-01-11 15:09:00+00:00,2019-01-11 15:10:00+00:00,6604.25,6572.0,6668.75,2019-01-11 20:55:00+00:00,6611.25,tiempo,14.0,2.0,12.0,64.5,0.18604651162790697
1,1,2019-01-14 15:19:00+00:00,2019-01-14 15:20:00+00:00,6557.0,6521.5,6628.0,2019-01-14 20:55:00+00:00,6545.75,tiempo,-22.5,2.0,-24.5,71.0,-0.34507042253521125
1,1,2019-01-15 15:04:00+00:00,2019-01-15 15:05:00+00:00,6666.5,6576.0,6847.5,2019-01-15 20:55:00+00:00,6675.25,tiempo,17.5,2.0,15.5,181.0,0.0856353591160221
-1,1,2019-01-16 15:44:00+00:00,2019-01-16 15:45:00+00:00,6685.25,6737.25,6581.25,2019-01-16 20:55:00+00:00,6685.25,tiempo,-0.0,2.0,-2.0,104.0,-0.019230769230769232
1,1,2019-01-17 16:34:00+00:00,2019-01-17 16:35:00+00:00,6696.5,6644.25,6801.0,2019-01-17 20:55:00+00:00,6718.5,tiempo,44.0,2.0,42.0,104.5,0.4019138755980861
1,1,2019-01-18 15:49:00+00:00,2019-01-18 15:50:00+00:00,6789.0,6739.5,6888.0,2019-01-18 20:55:00+00:00,6777.0,tiempo,-24.0,2.0,-26.0,99.0,-0.26262626262626265
-1,1,2019-01-22 15:14:00+00:00,2019-01-22 15:15:00+00:00,6711.75,6748.75,6637.75,2019-01-22 19:38:00+00:00,6637.75,objetivo,148.0,2.0,146.0,74.0,1.972972972972973
-1,1,2019-01-23 15:29:00+00:00,2019-01-23 15:30:00+00:00,6684.75,6723.0,6608.25,2019-01-23 16:55:00+00:00,6608.25,objetivo,153.0,2.0,151.0,76.5,1.973856209150327
1,1,2019-01-24 15:19:00+00:00,2019-01-24 15:20:00+00:00,6711.25,6672.75,6788.25,2019-01-24 16:12:00+00:00,6672.5,stop,-77.5,2.0,-79.5,77.0,-1.0324675324675325
1,1,2019-01-25 15:04:00+00:00,2019-01-25 15:05:00+00:00,6775.0,6739.0,6847.0,2019-01-25 20:55:00+00:00,6783.5,tiempo,17.0,2.0,15.0,72.0,0.20833333333333334
-1,1,2019-01-29 15:14:00+00:00,2019-01-29 15:15:00+00:00,6674.0,6709.75,6602.5,2019-01-29 20:55:00+00:00,6634.25,tiempo,79.5,2.0,77.5,71.5,1.083916083916084
-1,1,2019-01-30 15:04:00+00:00,2019-01-30 15:05:00+00:00,6698.0,6736.75,6620.5,2019-01-30 17:09:00+00:00,6737.0,stop,-78.0,2.0,-80.0,77.5,-1.032258064516129
1,1,2019-01-31 15:04:00+00:00,2019-01-31 15:05:00+00:00,6884.5,6840.25,6973.0,2019-01-31 20:55:00+00:00,6910.75,tiempo,52.5,2.0,50.5,88.5,0.5706214689265536
1,1,2019-02-01 15:14:00+00:00,2019-02-01 15:15:00+00:00,6916.0,6871.25,7005.5,2019-02-01 18:46:00+00:00,6871.0,stop,-90.0,2.0,-92.0,89.5,-1.0279329608938548
1,1,2019-02-04 15:14:00+00:00,2019-02-04 15:15:00+00:00,6919.75,6873.5,7012.25,2019-02-04 20:55:00+00:00,6949.5,tiempo,59.5,2.0,57.5,92.5,0.6216216216216216
1,1,2019-02-05 15:34:00+00:00,2019-02-05 15:35:00+00:00,7019.0,6969.5,7118.0,2019-02-05 20:55:00+00:00,7021.0,tiempo,4.0,2.0,2.0,99.0,0.020202020202020204
-1,1,2019-02-06 15:04:00+00:00,2019-02-06 15:05:00+00:00,7005.75,7038.75,6939.75,2019-02-06 20:55:00+00:00,7007.5,tiempo,-3.5,2.0,-5.5,66.0,-0.08333333333333333
1,1,2019-02-07 15:24:00+00:00,2019-02-07 15:25:00+00:00,6946.25,6912.5,7013.75,2019-02-07 15:54:00+00:00,6912.25,stop,-68.0,2.0,-70.0,67.5,-1.037037037037037
-1,1,2019-02-08 15:19:00+00:00,2019-02-08 15:20:00+00:00,6845.0,6877.0,6781.0,2019-02-08 15:39:00+00:00,6877.25,stop,-64.5,2.0,-66.5,64.0,-1.0390625
-1,1,2019-02-11 16:09:00+00:00,2019-02-11 16:10:00+00:00,6911.25,6964.5,6804.75,2019-02-11 20:55:00+00:00,6921.5,tiempo,-20.5,2.0,-22.5,106.5,-0.2112676056338028
1,1,2019-02-12 15:04:00+00:00,2019-02-12 15:05:00+00:00,6991.0,6954.0,7065.0,2019-02-12 20:55:00+00:00,7018.75,tiempo,55.5,2.0,53.5,74.0,0.722972972972973
-1,1,2019-02-13 15:14:00+00:00,2019-02-13 15:15:00+00:00,7036.5,7069.75,6970.0,2019-02-13 20:55:00+00:00,7018.5,tiempo,36.0,2.0,34.0,66.5,0.5112781954887218
1,1,2019-02-14 15:04:00+00:00,2019-02-14 15:05:00+00:00,7013.5,6972.0,7096.5,2019-02-14 20:55:00+00:00,7037.25,tiempo,47.5,2.0,45.5,83.0,0.5481927710843374
-1,1,2019-02-15 16:19:00+00:00,2019-02-15 16:20:00+00:00,7031.0,7084.25,6924.5,2019-02-15 20:55:00+00:00,7050.0,tiempo,-38.0,2.0,-40.0,106.5,-0.3755868544600939
1,1,2019-02-18 15:19:00+00:00,2019-02-18 15:20:00+00:00,7073.25,7063.75,7092.25,2019-02-18 17:59:00+00:00,7080.5,fin_de_datos,14.5,2.0,12.5,19.0,0.6578947368421053
1,1,2019-02-19 15:14:00+00:00,2019-02-19 15:15:00+00:00,7075.25,7035.75,7154.25,2019-02-19 20:55:00+00:00,7075.75,tiempo,1.0,2.0,-1.0,79.0,-0.012658227848101266
1,1,2019-02-20 15:29:00+00:00,2019-02-20 15:30:00+00:00,7097.5,7075.0,7142.5,2019-02-20 17:06:00+00:00,7074.75,stop,-45.5,2.0,-47.5,45.0,-1.0555555555555556
-1,1,2019-02-21 15:14:00+00:00,2019-02-21 15:15:00+00:00,7010.5,7066.25,6899.0,2019-02-21 17:33:00+00:00,7066.5,stop,-112.0,2.0,-114.0,111.5,-1.0224215246636772
1,1,2019-02-22 15:49:00+00:00,2019-02-22 15:50:00+00:00,7081.5,7054.25,7136.0,2019-02-22 20:55:00+00:00,7082.5,tiempo,2.0,2.0,0.0,54.5,0.0
-1,1,2019-02-25 17:24:00+00:00,2019-02-25 17:25:00+00:00,7133.75,7167.75,7065.75,2019-02-25 20:55:00+00:00,7126.75,tiempo,14.0,2.0,12.0,68.0,0.17647058823529413
1,1,2019-02-26 15:04:00+00:00,2019-02-26 15:05:00+00:00,7131.5,7091.0,7212.5,2019-02-26 20:55:00+00:00,7130.75,tiempo,-1.5,2.0,-3.5,81.0,-0.043209876543209874
-1,1,2019-02-27 15:04:00+00:00,2019-02-27 15:05:00+00:00,7080.75,7119.0,7004.25,2019-02-27 18:23:00+00:00,7119.25,stop,-77.0,2.0,-79.0,76.5,-1.0326797385620916
-1,1,2019-02-28 15:09:00+00:00,2019-02-28 15:10:00+00:00,7087.5,7122.0,7018.5,2019-02-28 16:52:00+00:00,7122.25,stop,-69.5,2.0,-71.5,69.0,-1.036231884057971
-1,1,2019-03-01 15:14:00+00:00,2019-03-01 15:15:00+00:00,7140.0,7162.0,7096.0,2019-03-01 19:29:00+00:00,7162.25,stop,-44.5,2.0,-46.5,44.0,-1.0568181818181819
-1,1,2019-03-04 15:14:00+00:00,2019-03-04 15:15:00+00:00,7191.0,7211.5,7150.0,2019-03-04 16:16:00+00:00,7150.0,objetivo,82.0,2.0,80.0,41.0,1.951219512195122
1,1,2019-03-05 16:09:00+00:00,2019-03-05 16:10:00+00:00,7164.0,7124.25,7243.5,2019-03-05 20:55:00+00:00,7175.75,tiempo,23.5,2.0,21.5,79.5,0.27044025157232704
-1,1,2019-03-06 15:24:00+00:00,2019-03-06 15:25:00+00:00,7134.5,7168.0,7067.5,2019-03-06 20:55:00+00:00,7120.0,tiempo,29.0,2.0,27.0,67.0,0.40298507462686567
-1,1,2019-03-07 15:19:00+00:00,2019-03-07 15:20:00+00:00,7029.5,7101.75,6885.0,2019-03-07 20:55:00+00:00,7015.75,tiempo,27.5,2.0,25.5,144.5,0.17647058823529413
1,1,2019-03-08 15:44:00+00:00,2019-03-08 15:45:00+00:00,6988.5,6943.75,7078.0,2019-03-08 20:55:00+00:00,7012.5,tiempo,48.0,2.0,46.0,89.5,0.5139664804469274
1,1,2019-03-11 14:04:00+00:00,2019-03-11 14:05:00+00:00,7130.0,7072.5,7245.0,2019-03-11 19:55:00+00:00,7188.75,tiempo,117.5,2.0,115.5,115.0,1.0043478260869565
1,1,2019-03-12 14:34:00+00:00,2019-03-12 14:35:00+00:00,7228.25,7192.0,7300.75,2019-03-12 19:55:00+00:00,7230.25,tiempo,4.0,2.0,2.0,72.5,0.027586206896551724
1,1,2019-03-13 14:54:00+00:00,2019-03-13 14:55:00+00:00,7289.25,7258.0,7351.75,2019-03-13 19:55:00+00:00,7289.5,tiempo,0.5,2.0,-1.5,62.5,-0.024
-1,1,2019-03-14 14:14:00+00:00,2019-03-14 14:15:00+00:00,7270.25,7294.5,7221.75,2019-03-14 16:03:00+00:00,7294.75,stop,-49.0,2.0,-51.0,48.5,-1.0515463917525774
1,1,2019-03-15 15:19:00+00:00,2019-03-15 15:20:00+00:00,7337.5,7294.0,7424.5,2019-03-15 19:55:00+00:00,7326.0,tiempo,-23.0,2.0,-25.0,87.0,-0.28735632183908044
1,1,2019-03-18 14:04:00+00:00,2019-03-18 14:05:00+00:00,7370.0,7335.25,7439.5,2019-03-18 15:27:00+00:00,7335.0,stop,-70.0,2.0,-72.0,69.5,-1.0359712230215827
-1,1,2019-03-19 14:59:00+00:00,2019-03-19 15:00:00+00:00,7375.0,7399.0,7327.0,2019-03-19 15:46:00+00:00,7399.25,stop,-48.5,2.0,-50.5,48.0,-1.0520833333333333
1,1,2019-03-20 14:49:00+00:00,2019-03-20 14:50:00+00:00,7388.25,7359.25,7446.25,2019-03-20 15:57:00+00:00,7359.0,stop,-58.5,2.0,-60.5,58.0,-1.043103448275862
1,1,2019-03-21 14:29:00+00:00,2019-03-21 14:30:00+00:00,7453.75,7387.0,7587.25,2019-03-21 19:55:00+00:00,7524.75,tiempo,142.0,2.0,140.0,133.5,1.048689138576779
-1,1,2019-03-22 15:04:00+00:00,2019-03-22 15:05:00+00:00,7437.5,7513.25,7286.0,2019-03-22 19:55:00+00:00,7369.5,tiempo,136.0,2.0,134.0,151.5,0.8844884488448845
-1,1,2019-03-25 14:14:00+00:00,2019-03-25 14:15:00+00:00,7296.5,7371.5,7146.5,2019-03-25 19:55:00+00:00,7344.0,tiempo,-95.0,2.0,-97.0,150.0,-0.6466666666666666
-1,1,2019-03-26 15:54:00+00:00,2019-03-26 15:55:00+00:00,7391.0,7441.75,7289.5,2019-03-26 19:55:00+00:00,7362.5,tiempo,57.0,2.0,55.0,101.5,0.541871921182266
-1,1,2019-03-27 14:44:00+00:00,2019-03-27 14:45:00+00:00,7358.75,7404.75,7266.75,2019-03-27 19:55:00+00:00,7331.5,tiempo,54.5,2.0,52.5,92.0,0.5706521739130435
1,1,2019-03-28 14:04:00+00:00,2019-03-28 14:05:00+00:00,7370.0,7322.5,7465.0,2019-03-28 15:06:00+00:00,7322.25,stop,-95.5,2.0,-97.5,95.0,-1.0263157894736843
-1,1,2019-03-29 14:54:00+00:00,2019-03-29 14:55:00+00:00,7357.25,7404.0,7263.75,2019-03-29 19:01:00+00:00,7404.25,stop,-94.0,2.0,-96.0,93.5,-1.0267379679144386
-1,1,2019-04-01 14:09:00+00:00,2019-04-01 14:10:00+00:00,7454.0,7483.0,7396.0,2019-04-01 15:08:00+00:00,7483.25,stop,-58.5,2.0,-60.5,58.0,-1.043103448275862
1,1,2019-04-02 14:29:00+00:00,2019-04-02 14:30:00+00:00,7515.0,7488.5,7568.0,2019-04-02 19:55:00+00:00,7529.75,tiempo,29.5,2.0,27.5,53.0,0.5188679245283019
1,1,2019-04-03 14:19:00+00:00,2019-04-03 14:20:00+00:00,7574.25,7554.25,7614.25,2019-04-03 15:52:00+00:00,7614.25,objetivo,80.0,2.0,78.0,40.0,1.95
-1,1,2019-04-04 14:24:00+00:00,2019-04-04 14:25:00+00:00,7557.25,7598.0,7475.75,2019-04-04 19:55:00+00:00,7565.5,tiempo,-16.5,2.0,-18.5,81.5,-0.22699386503067484
1,1,2019-04-05 14:04:00+00:00,2019-04-05 14:05:00+00:00,7601.75,7577.25,7650.75,2019-04-05 19:55:00+00:00,7597.75,tiempo,-8.0,2.0,-10.0,49.0,-0.20408163265306123
1,1,2019-04-08 15:04:00+00:00,2019-04-08 15:05:00+00:00,7594.75,7561.25,7661.75,2019-04-08 19:55:00+00:00,7626.0,tiempo,62.5,2.0,60.5,67.0,0.9029850746268657
1,1,2019-04-09 14:09:00+00:00,2019-04-09 14:10:00+00:00,7612.0,7584.5,7667.0,2019-04-09 19:55:00+00:00,7591.0,tiempo,-42.0,2.0,-44.0,55.0,-0.8
1,1,2019-04-10 14:49:00+00:00,2019-04-10 14:50:00+00:00,7626.0,7596.0,7686.0,2019-04-10 19:55:00+00:00,7629.75,tiempo,7.5,2.0,5.5,60.0,0.09166666666666666
-1,1,2019-04-11 17:39:00+00:00,2019-04-11 17:40:00+00:00,7613.75,7648.5,7544.25,2019-04-11 19:55:00+00:00,7613.75,tiempo,-0.0,2.0,-2.0,69.5,-0.02877697841726619
-1,1,2019-04-12 14:44:00+00:00,2019-04-12 14:45:00+00:00,7633.5,7653.25,7594.0,2019-04-12 19:55:00+00:00,7643.25,tiempo,-19.5,2.0,-21.5,39.5,-0.5443037974683544
-1,1,2019-04-15 14:09:00+00:00,2019-04-15 14:10:00+00:00,7638.75,7659.0,7598.25,2019-04-15 19:55:00+00:00,7649.5,tiempo,-21.5,2.0,-23.5,40.5,-0.5802469135802469
1,1,2019-04-16 14:04:00+00:00,2019-04-16 14:05:00+00:00,7686.5,7668.25,7723.0,2019-04-16 19:32:00+00:00,7668.0,stop,-37.0,2.0,-39.0,36.5,-1.0684931506849316
-1,1,2019-04-17 14:04:00+00:00,2019-04-17 14:05:00+00:00,7686.5,7733.5,7592.5,2019-04-17 19:55:00+00:00,7702.0,tiempo,-31.0,2.0,-33.0,94.0,-0.35106382978723405
-1,1,2019-04-18 14:04:00+00:00,2019-04-18 14:05:00+00:00,7679.75,7717.0,7605.25,2019-04-18 19:55:00+00:00,7705.5,tiempo,-51.5,2.0,-53.5,74.5,-0.7181208053691275
1,1,2019-04-22 14:04:00+00:00,2019-04-22 14:05:00+00:00,7706.5,7671.0,7777.5,2019-04-22 19:55:00+00:00,7732.0,tiempo,51.0,2.0,49.0,71.0,0.6901408450704225
1,1,2019-04-23 14:04:00+00:00,2019-04-23 14:05:00+00:00,7792.0,7739.5,7897.0,2019-04-23 19:55:00+00:00,7825.75,tiempo,67.5,2.0,65.5,105.0,0.6238095238095238
-1,1,2019-04-24 16:59:00+00:00,2019-04-24 17:00:00+00:00,7810.0,7843.5,7743.0,2019-04-24 19:55:00+00:00,7814.25,tiempo,-8.5,2.0,-10.5,67.0,-0.15671641791044777
-1,1,2019-04-25 14:14:00+00:00,2019-04-25 14:15:00+00:00,7808.75,7864.75,7696.75,2019-04-25 19:55:00+00:00,7841.5,tiempo,-65.5,2.0,-67.5,112.0,-0.6026785714285714
1,1,2019-04-26 19:04:00+00:00,2019-04-26 19:05:00+00:00,7829.5,7762.0,7964.5,2019-04-26 19:55:00+00:00,7828.5,tiempo,-2.0,2.0,-4.0,135.0,-0.02962962962962963
1,1,2019-04-29 14:39:00+00:00,2019-04-29 14:40:00+00:00,7852.75,7830.5,7897.25,2019-04-29 19:55:00+00:00,7848.75,tiempo,-8.0,2.0,-10.0,44.5,-0.2247191011235955
-1,1,2019-04-30 14:39:00+00:00,2019-04-30 14:40:00+00:00,7773.75,7806.75,7707.75,2019-04-30 19:55:00+00:00,7792.25,tiempo,-37.0,2.0,-39.0,66.0,-0.5909090909090909
1,1,2019-05-01 14:14:00+00:00,2019-05-01 14:15:00+00:00,7852.75,7831.25,7895.75,2019-05-01 16:41:00+00:00,7831.0,stop,-43.5,2.0,-45.5,43.0,-1.058139534883721
1,1,2019-05-02 14:04:00+00:00,2019-05-02 14:05:00+00:00,7790.25,7753.75,7863.25,2019-05-02 15:20:00+00:00,7753.5,stop,-73.5,2.0,-75.5,73.0,-1.0342465753424657
1,1,2019-05-03 14:04:00+00:00,2019-05-03 14:05:00+00:00,7813.5,7782.5,7875.5,2019-05-03 19:55:00+00:00,7858.0,tiempo,89.0,2.0,87.0,62.0,1.403225806451613
1,1,2019-05-06 14:19:00+00:00,2019-05-06 14:20:00+00:00,7759.75,7676.0,7927.25,2019-05-06 19:55:00+00:00,7808.0,tiempo,96.5,2.0,94.5,167.5,0.564179104477612
-1,1,2019-05-07 14:04:00+00:00,2019-05-07 14:05:00+00:00,7688.75,7752.5,7561.25,2019-05-07 19:55:00+00:00,7634.75,tiempo,108.0,2.0,106.0,127.5,0.8313725490196079
1,1,2019-05-08 14:59:00+00:00,2019-05-08 15:00:00+00:00,7673.25,7600.0,7819.75,2019-05-08 19:55:00+00:00,7641.0,tiempo,-64.5,2.0,-66.5,146.5,-0.4539249146757679
-1,1,2019-05-09 14:04:00+00:00,2019-05-09 14:05:00+00:00,7501.25,7565.5,7372.75,2019-05-09 16:30:00+00:00,7565.75,stop,-129.0,2.0,-131.0,128.5,-1.0194552529182879
-1,1,2019-05-10 14:04:00+00:00,2019-05-10 14:05:00+00:00,7533.5,7588.25,7424.0,2019-05-10 19:02:00+00:00,7588.5,stop,-110.0,2.0,-112.0,109.5,-1.0228310502283104
-1,1,2019-05-13 14:04:00+00:00,2019-05-13 14:05:00+00:00,7367.0,7445.0,7211.0,2019-05-13 19:55:00+00:00,7337.75,tiempo,58.5,2.0,56.5,156.0,0.36217948717948717
1,1,2019-05-14 14:19:00+00:00,2019-05-14 14:20:00+00:00,7399.5,7345.75,7507.0,2019-05-14 19:55:00+00:00,7424.5,tiempo,50.0,2.0,48.0,107.5,0.44651162790697674
1,1,2019-05-15 14:04:00+00:00,2019-05-15 14:05:00+00:00,7415.75,7363.0,7521.25,2019-05-15 17:35:00+00:00,7521.25,objetivo,211.0,2.0,209.0,105.5,1.981042654028436
1,1,2019-05-16 14:19:00+00:00,2019-05-16 14:20:00+00:00,7596.5,7511.75,7766.0,2019-05-16 19:55:00+00:00,7582.75,tiempo,-27.5,2.0,-29.5,169.5,-0.17404129793510326
1,1,2019-05-17 14:29:00+00:00,2019-05-17 14:30:00+00:00,7571.75,7516.0,7683.25,2019-05-17 19:16:00+00:00,7515.75,stop,-112.0,2.0,-114.0,111.5,-1.0224215246636772
1,1,2019-05-20 14:29:00+00:00,2019-05-20 14:30:00+00:00,7418.25,7361.5,7531.75,2019-05-20 19:55:00+00:00,7396.0,tiempo,-44.5,2.0,-46.5,113.5,-0.40969162995594716
-1,1,2019-05-21 14:09:00+00:00,2019-05-21 14:10:00+00:00,7436.25,7464.75,7379.25,2019-05-21 14:44:00+00:00,7465.0,stop,-57.5,2.0,-59.5,57.0,-1.043859649122807
1,1,2019-05-22 14:24:00+00:00,2019-05-22 14:25:00+00:00,7457.75,7420.0,7533.25,2019-05-22 17:10:00+00:00,7419.75,stop,-76.0,2.0,-78.0,75.5,-1.033112582781457
-1,1,2019-05-23 15:54:00+00:00,2019-05-23 15:55:00+00:00,7303.0,7346.0,7217.0,2019-05-23 19:55:00+00:00,7314.75,tiempo,-23.5,2.0,-25.5,86.0,-0.29651162790697677
-1,1,2019-05-24 14:29:00+00:00,2019-05-24 14:30:00+00:00,7341.25,7379.75,7264.25,2019-05-24 19:55:00+00:00,7310.25,tiempo,62.0,2.0,60.0,77.0,0.7792207792207793
-1,1,2019-05-27 14:09:00+00:00,2019-05-27 14:10:00+00:00,7310.75,7318.75,7294.75,2019-05-27 16:59:00+00:00,7318.5,fin_de_datos,-15.5,2.0,-17.5,16.0,-1.09375
-1,1,2019-05-28 14:39:00+00:00,2019-05-28 14:40:00+00:00,7322.25,7371.75,7223.25,2019-05-28 19:55:00+00:00,7297.5,tiempo,49.5,2.0,47.5,99.0,0.4797979797979798
1,1,2019-05-29 14:19:00+00:00,2019-05-29 14:20:00+00:00,7255.25,7212.5,7340.75,2019-05-29 15:23:00+00:00,7212.25,stop,-86.0,2.0,-88.0,85.5,-1.0292397660818713
-1,1,2019-05-30 15:54:00+00:00,2019-05-30 15:55:00+00:00,7235.75,7269.25,7168.75,2019-05-30 19:55:00+00:00,7247.5,tiempo,-23.5,2.0,-25.5,67.0,-0.3805970149253731
1,1,2019-05-31 14:49:00+00:00,2019-05-31 14:50:00+00:00,7176.0,7133.5,7261.0,2019-05-31 19:38:00+00:00,7133.25,stop,-85.5,2.0,-87.5,85.0,-1.0294117647058822
-1,1,2019-06-03 14:04:00+00:00,2019-06-03 14:05:00+00:00,7045.5,7132.5,6871.5,2019-06-03 19:55:00+00:00,6968.25,tiempo,154.5,2.0,152.5,174.0,0.8764367816091954
1,1,2019-06-04 14:24:00+00:00,2019-06-04 14:25:00+00:00,7076.75,7027.25,7175.75,2019-06-04 19:55:00+00:00,7162.5,tiempo,171.5,2.0,169.5,99.0,1.7121212121212122
-1,1,2019-06-05 14:24:00+00:00,2019-06-05 14:25:00+00:00,7184.0,7242.0,7068.0,2019-06-05 19:55:00+00:00,7226.25,tiempo,-84.5,2.0,-86.5,116.0,-0.7456896551724138
-1,1,2019-06-06 14:29:00+00:00,2019-06-06 14:30:00+00:00,7209.75,7247.5,7134.25,2019-06-06 15:28:00+00:00,7247.75,stop,-76.0,2.0,-78.0,75.5,-1.033112582781457
1,1,2019-06-07 14:04:00+00:00,2019-06-07 14:05:00+00:00,7380.0,7311.0,7518.0,2019-06-07 19:55:00+00:00,7418.0,tiempo,76.0,2.0,74.0,138.0,0.5362318840579711
1,1,2019-06-10 14:09:00+00:00,2019-06-10 14:10:00+00:00,7527.5,7469.0,7644.5,2019-06-10 19:55:00+00:00,7514.5,tiempo,-26.0,2.0,-28.0,117.0,-0.23931623931623933
-1,1,2019-06-11 14:44:00+00:00,2019-06-11 14:45:00+00:00,7550.25,7600.75,7449.25,2019-06-11 19:55:00+00:00,7518.75,tiempo,63.0,2.0,61.0,101.0,0.6039603960396039
-1,1,2019-06-12 14:24:00+00:00,2019-06-12 14:25:00+00:00,7477.25,7512.5,7406.75,2019-06-12 19:55:00+00:00,7476.75,tiempo,1.0,2.0,-1.0,70.5,-0.014184397163120567
-1,1,2019-06-13 19:09:00+00:00,2019-06-13 19:10:00+00:00,7495.75,7534.75,7417.75,2019-06-13 19:55:00+00:00,7500.25,tiempo,-9.0,2.0,-11.0,78.0,-0.14102564102564102
1,1,2019-06-14 14:49:00+00:00,2019-06-14 14:50:00+00:00,7486.5,7456.25,7547.0,2019-06-14 19:55:00+00:00,7492.25,tiempo,11.5,2.0,9.5,60.5,0.15702479338842976
-1,1,2019-06-20 14:19:00+00:00,2019-06-20 14:20:00+00:00,7772.0,7802.5,7711.0,2019-06-20 16:19:00+00:00,7711.0,objetivo,122.0,2.0,120.0,61.0,1.9672131147540983
1,1,2019-06-21 14:34:00+00:00,2019-06-21 14:35:00+00:00,7768.25,7737.0,7830.75,2019-06-21 19:55:00+00:00,7760.75,tiempo,-15.0,2.0,-17.0,62.5,-0.272
-1,1,2019-06-25 14:19:00+00:00,2019-06-25 14:20:00+00:00,7710.25,7752.75,7625.25,2019-06-25 18:35:00+00:00,7625.25,objetivo,170.0,2.0,168.0,85.0,1.9764705882352942
-1,1,2019-06-26 17:29:00+00:00,2019-06-26 17:30:00+00:00,7663.25,7719.0,7551.75,2019-06-26 19:55:00+00:00,7658.25,tiempo,10.0,2.0,8.0,111.5,0.07174887892376682
-1,1,2019-06-27 15:24:00+00:00,2019-06-27 15:25:00+00:00,7667.75,7701.75,7599.75,2019-06-27 19:55:00+00:00,7685.0,tiempo,-34.5,2.0,-36.5,68.0,-0.5367647058823529
-1,1,2019-07-01 14:24:00+00:00,2019-07-01 14:25:00+00:00,7808.5,7849.75,7726.0,2019-07-01 19:55:00+00:00,7793.25,tiempo,30.5,2.0,28.5,82.5,0.34545454545454546
1,1,2019-07-02 14:29:00+00:00,2019-07-02 14:30:00+00:00,7798.5,7777.0,7841.5,2019-07-02 15:40:00+00:00,7776.75,stop,-43.5,2.0,-45.5,43.0,-1.058139534883721
1,1,2019-07-03 14:19:00+00:00,2019-07-03 14:20:00+00:00,7855.5,7835.0,7896.5,2019-07-03 17:14:00+00:00,7888.0,fin_de_datos,65.0,2.0,63.0,41.0,1.5365853658536586
-1,1,2019-07-04 14:09:00+00:00,2019-07-04 14:10:00+00:00,7895.0,7900.5,7884.0,2019-07-04 14:53:00+00:00,7900.75,stop,-11.5,2.0,-13.5,11.0,-1.2272727272727273
-1,1,2019-07-05 14:34:00+00:00,2019-07-05 14:35:00+00:00,7801.5,7841.25,7722.0,2019-07-05 16:25:00+00:00,7841.5,stop,-80.0,2.0,-82.0,79.5,-1.0314465408805031
1,1,2019-07-09 14:04:00+00:00,2019-07-09 14:05:00+00:00,7806.5,7765.75,7888.0,2019-07-09 19:55:00+00:00,7855.75,tiempo,98.5,2.0,96.5,81.5,1.1840490797546013
-1,1,2019-07-10 15:19:00+00:00,2019-07-10 15:20:00+00:00,7884.25,7949.5,7753.75,2019-07-10 19:55:00+00:00,7928.0,tiempo,-87.5,2.0,-89.5,130.5,-0.685823754789272
-1,1,2019-07-11 14:34:00+00:00,2019-07-11 14:35:00+00:00,7922.75,7949.25,7869.75,2019-07-11 15:21:00+00:00,7949.5,stop,-53.5,2.0,-55.5,53.0,-1.0471698113207548
-1,1,2019-07-12 14:44:00+00:00,2019-07-12 14:45:00+00:00,7921.75,7947.5,7870.25,2019-07-12 15:35:00+00:00,7947.75,stop,-52.0,2.0,-54.0,51.5,-1.0485436893203883
1,1,2019-07-15 19:04:00+00:00,2019-07-15 19:05:00+00:00,7987.75,7962.25,8038.75,2019-07-15 19:55:00+00:00,7988.25,tiempo,1.0,2.0,-1.0,51.0,-0.0196078431372549
-1,1,2019-07-16 14:19:00+00:00,2019-07-16 14:20:00+00:00,7971.0,7987.25,7938.5,2019-07-16 16:10:00+00:00,7938.5,objetivo,65.0,2.0,63.0,32.5,1.9384615384615385
-1,1,2019-07-17 14:14:00+00:00,2019-07-17 14:15:00+00:00,7942.75,7962.5,7903.25,2019-07-17 19:55:00+00:00,7924.75,tiempo,36.0,2.0,34.0,39.5,0.8607594936708861
-1,1,2019-07-18 15:24:00+00:00,2019-07-18 15:25:00+00:00,7856.5,7901.75,7766.0,2019-07-18 18:20:00+00:00,7902.0,stop,-91.0,2.0,-93.0,90.5,-1.0276243093922652
-1,1,2019-07-19 14:09:00+00:00,2019-07-19 14:10:00+00:00,7933.25,7974.25,7851.25,2019-07-19 19:55:00+00:00,7864.0,tiempo,138.5,2.0,136.5,82.0,1.6646341463414633
1,1,2019-07-22 17:59:00+00:00,2019-07-22 18:00:00+00:00,7917.5,7875.25,8002.0,2019-07-22 19:55:00+00:00,7917.5,tiempo,0.0,2.0,-2.0,84.5,-0.023668639053254437
-1,1,2019-07-23 14:09:00+00:00,2019-07-23 14:10:00+00:00,7925.5,7962.75,7851.0,2019-07-23 19:30:00+00:00,7963.0,stop,-75.0,2.0,-77.0,74.5,-1.0335570469798658
1,1,2019-07-24 14:34:00+00:00,2019-07-24 14:35:00+00:00,7985.75,7938.75,8079.75,2019-07-24 19:55:00+00:00,8020.25,tiempo,69.0,2.0,67.0,94.0,0.7127659574468085
-1,1,2019-07-25 16:44:00+00:00,2019-07-25 16:45:00+00:00,7937.75,7999.0,7815.25,2019-07-25 19:55:00+00:00,7957.0,tiempo,-38.5,2.0,-40.5,122.5,-0.3306122448979592
1,1,2019-07-26 17:24:00+00:00,2019-07-26 17:25:00+00:00,8034.25,7994.25,8114.25,2019-07-26 19:55:00+00:00,8034.75,tiempo,1.0,2.0,-1.0,80.0,-0.0125
-1,1,2019-07-29 14:09:00+00:00,2019-07-29 14:10:00+00:00,7961.0,8024.75,7833.5,2019-07-29 19:55:00+00:00,8006.0,tiempo,-90.0,2.0,-92.0,127.5,-0.7215686274509804
1,1,2019-07-30 14:04:00+00:00,2019-07-30 14:05:00+00:00,7973.25,7933.5,8052.75,2019-07-30 19:55:00+00:00,7965.0,tiempo,-16.5,2.0,-18.5,79.5,-0.23270440251572327
1,1,2019-07-31 14:14:00+00:00,2019-07-31 14:15:00+00:00,7990.5,7967.75,8036.0,2019-07-31 14:31:00+00:00,7967.5,stop,-46.0,2.0,-48.0,45.5,-1.054945054945055
1,1,2019-08-01 14:09:00+00:00,2019-08-01 14:10:00+00:00,7946.5,7867.5,8104.5,2019-08-01 17:40:00+00:00,7867.25,stop,-158.5,2.0,-160.5,158.0,-1.0158227848101267
-1,1,2019-08-02 14:04:00+00:00,2019-08-02 14:05:00+00:00,7716.75,7765.75,7618.75,2019-08-02 19:55:00+00:00,7687.25,tiempo,59.0,2.0,57.0,98.0,0.5816326530612245
-1,1,2019-08-05 14:39:00+00:00,2019-08-05 14:40:00+00:00,7472.0,7540.75,7334.5,2019-08-05 19:55:00+00:00,7431.25,tiempo,81.5,2.0,79.5,137.5,0.5781818181818181
-1,1,2019-08-06 14:19:00+00:00,2019-08-06 14:20:00+00:00,7468.0,7528.5,7347.0,2019-08-06 18:17:00+00:00,7528.75,stop,-121.5,2.0,-123.5,121.0,-1.0206611570247934
1,1,2019-08-07 14:14:00+00:00,2019-08-07 14:15:00+00:00,7468.5,7387.5,7630.5,2019-08-07 19:55:00+00:00,7546.75,tiempo,156.5,2.0,154.5,162.0,0.9537037037037037
1,1,2019-08-08 14:09:00+00:00,2019-08-08 14:10:00+00:00,7628.0,7578.0,7728.0,2019-08-08 19:45:00+00:00,7728.0,objetivo,200.0,2.0,198.0,100.0,1.98
-1,1,2019-08-09 14:09:00+00:00,2019-08-09 14:10:00+00:00,7652.0,7720.0,7516.0,2019-08-09 19:55:00+00:00,7668.0,tiempo,-32.0,2.0,-34.0,136.0,-0.25
-1,1,2019-08-12 18:19:00+00:00,2019-08-12 18:20:00+00:00,7577.25,7628.75,7474.25,2019-08-12 19:55:00+00:00,7574.25,tiempo,6.0,2.0,4.0,103.0,0.038834951456310676
1,1,2019-08-13 14:29:00+00:00,2019-08-13 14:30:00+00:00,7777.5,7555.25,8222.0,2019-08-13 19:55:00+00:00,7742.5,tiempo,-70.0,2.0,-72.0,444.5,-0.16197975253093364
-1,1,2019-08-14 14:14:00+00:00,2019-08-14 14:15:00+00:00,7583.25,7634.5,7480.75,2019-08-14 19:55:00+00:00,7524.5,tiempo,117.5,2.0,115.5,102.5,1.1268292682926828
-1,1,2019-08-15 17:54:00+00:00,2019-08-15 17:55:00+00:00,7444.0,7535.25,7261.5,2019-08-15 19:55:00+00:00,7512.25,tiempo,-136.5,2.0,-138.5,182.5,-0.7589041095890411
1,1,2019-08-16 14:24:00+00:00,2019-08-16 14:25:00+00:00,7595.5,7555.25,7676.0,2019-08-16 19:55:00+00:00,7617.25,tiempo,43.5,2.0,41.5,80.5,0.515527950310559
-1,1,2019-08-19 14:09:00+00:00,2019-08-19 14:10:00+00:00,7708.5,7744.75,7636.0,2019-08-19 15:42:00+00:00,7745.0,stop,-73.0,2.0,-75.0,72.5,-1.0344827586206897
1,1,2019-08-20 14:59:00+00:00,2019-08-20 15:00:00+00:00,7726.75,7680.5,7819.25,2019-08-20 18:21:00+00:00,7680.25,stop,-93.0,2.0,-95.0,92.5,-1.027027027027027
-1,1,2019-08-21 18:49:00+00:00,2019-08-21 18:50:00+00:00,7725.25,7765.75,7644.25,2019-08-21 19:55:00+00:00,7737.5,tiempo,-24.5,2.0,-26.5,81.0,-0.3271604938271605
-1,1,2019-08-22 14:09:00+00:00,2019-08-22 14:10:00+00:00,7743.25,7773.5,7682.75,2019-08-22 14:33:00+00:00,7682.75,objetivo,121.0,2.0,119.0,60.5,1.9669421487603307
1,1,2019-08-23 14:04:00+00:00,2019-08-23 14:05:00+00:00,7675.25,7628.0,7769.75,2019-08-23 15:02:00+00:00,7627.75,stop,-95.0,2.0,-97.0,94.5,-1.0264550264550265
-1,1,2019-08-26 14:14:00+00:00,2019-08-26 14:15:00+00:00,7524.0,7565.25,7441.5,2019-08-26 15:13:00+00:00,7565.5,stop,-83.0,2.0,-85.0,82.5,-1.0303030303030303
-1,1,2019-08-27 14:24:00+00:00,2019-08-27 14:25:00+00:00,7616.0,7648.5,7551.0,2019-08-27 16:39:00+00:00,7551.0,objetivo,130.0,2.0,128.0,65.0,1.9692307692307693
1,1,2019-08-28 14:09:00+00:00,2019-08-28 14:10:00+00:00,7568.25,7504.25,7696.25,2019-08-28 19:55:00+00:00,7592.0,tiempo,47.5,2.0,45.5,128.0,0.35546875
-1,1,2019-08-29 14:39:00+00:00,2019-08-29 14:40:00+00:00,7674.75,7726.0,7572.25,2019-08-29 17:55:00+00:00,7726.25,stop,-103.0,2.0,-105.0,102.5,-1.024390243902439
-1,1,2019-08-30 14:14:00+00:00,2019-08-30 14:15:00+00:00,7712.5,7750.75,7636.0,2019-08-30 19:55:00+00:00,7679.25,tiempo,66.5,2.0,64.5,76.5,0.8431372549019608
1,1,2019-09-02 14:24:00+00:00,2019-09-02 14:25:00+00:00,7667.0,7641.0,7719.0,2019-09-02 15:49:00+00:00,7640.75,stop,-52.5,2.0,-54.5,52.0,-1.0480769230769231
-1,1,2019-09-03 14:04:00+00:00,2019-09-03 14:05:00+00:00,7612.0,7676.75,7482.5,2019-09-03 19:55:00+00:00,7624.25,tiempo,-24.5,2.0,-26.5,129.5,-0.20463320463320464
-1,1,2019-09-04 14:09:00+00:00,2019-09-04 14:10:00+00:00,7676.0,7705.5,7617.0,2019-09-04 16:47:00+00:00,7705.75,stop,-59.5,2.0,-61.5,59.0,-1.0423728813559323
1,1,2019-09-05 14:04:00+00:00,2019-09-05 14:05:00+00:00,7854.5,7804.25,7955.0,2019-09-05 19:55:00+00:00,7864.25,tiempo,19.5,2.0,17.5,100.5,0.17412935323383086
-1,1,2019-09-09 16:14:00+00:00,2019-09-09 16:15:00+00:00,7840.75,7884.0,7754.25,2019-09-09 19:55:00+00:00,7838.25,tiempo,5.0,2.0,3.0,86.5,0.03468208092485549
1,1,2019-09-10 16:24:00+00:00,2019-09-10 16:25:00+00:00,7803.75,7744.25,7922.75,2019-09-10 19:55:00+00:00,7786.0,tiempo,-35.5,2.0,-37.5,119.0,-0.31512605042016806
1,1,2019-09-11 14:14:00+00:00,2019-09-11 14:15:00+00:00,7865.5,7811.5,7973.5,2019-09-11 19:55:00+00:00,7883.5,tiempo,36.0,2.0,34.0,108.0,0.3148148148148148
1,1,2019-09-12 14:19:00+00:00,2019-09-12 14:20:00+00:00,7966.75,7909.5,8081.25,2019-09-12 19:55:00+00:00,7933.75,tiempo,-66.0,2.0,-68.0,114.5,-0.5938864628820961
1,1,2019-09-13 15:09:00+00:00,2019-09-13 15:10:00+00:00,7923.75,7887.5,7996.25,2019-09-13 17:43:00+00:00,7887.25,stop,-73.0,2.0,-75.0,72.5,-1.0344827586206897
1,1,2019-09-17 19:29:00+00:00,2019-09-17 19:30:00+00:00,7895.75,7862.5,7962.25,2019-09-17 19:55:00+00:00,7912.0,tiempo,32.5,2.0,30.5,66.5,0.45864661654135336
-1,1,2019-09-18 16:59:00+00:00,2019-09-18 17:00:00+00:00,7879.0,7903.0,7831.0,2019-09-18 18:15:00+00:00,7831.0,objetivo,96.0,2.0,94.0,48.0,1.9583333333333333
1,1,2019-09-19 14:34:00+00:00,2019-09-19 14:35:00+00:00,7970.25,7924.25,8062.25,2019-09-19 16:29:00+00:00,7924.0,stop,-92.5,2.0,-94.5,92.0,-1.0271739130434783
-1,1,2019-09-20 14:39:00+00:00,2019-09-20 14:40:00+00:00,7918.5,7942.25,7871.0,2019-09-20 17:13:00+00:00,7871.0,objetivo,95.0,2.0,93.0,47.5,1.9578947368421054
-1,1,2019-09-23 14:09:00+00:00,2019-09-23 14:10:00+00:00,7816.75,7848.0,7754.25,2019-09-23 15:37:00+00:00,7848.25,stop,-63.0,2.0,-65.0,62.5,-1.04
-1,1,2019-09-24 14:24:00+00:00,2019-09-24 14:25:00+00:00,7850.25,7894.0,7762.75,2019-09-24 16:23:00+00:00,7762.75,objetivo,175.0,2.0,173.0,87.5,1.977142857142857
1,1,2019-09-25 14:54:00+00:00,2019-09-25 14:55:00+00:00,7741.5,7690.0,7844.5,2019-09-25 19:55:00+00:00,7832.25,tiempo,181.5,2.0,179.5,103.0,1.7427184466019416
-1,1,2019-09-26 14:19:00+00:00,2019-09-26 14:20:00+00:00,7763.0,7814.0,7661.0,2019-09-26 19:32:00+00:00,7814.25,stop,-102.5,2.0,-104.5,102.0,-1.0245098039215685
-1,1,2019-09-27 14:04:00+00:00,2019-09-27 14:05:00+00:00,7748.0,7811.0,7622.0,2019-09-27 19:55:00+00:00,7694.25,tiempo,107.5,2.0,105.5,126.0,0.8373015873015873
1,1,2019-09-30 15:29:00+00:00,2019-09-30 15:30:00+00:00,7755.25,7710.5,7844.75,2019-09-30 19:55:00+00:00,7759.25,tiempo,8.0,2.0,6.0,89.5,0.0670391061452514
-1,1,2019-10-01 14:09:00+00:00,2019-10-01 14:10:00+00:00,7779.0,7841.5,7654.0,2019-10-01 19:55:00+00:00,7708.0,tiempo,142.0,2.0,140.0,125.0,1.12
-1,1,2019-10-02 14:34:00+00:00,2019-10-02 14:35:00+00:00,7579.25,7652.5,7432.75,2019-10-02 19:55:00+00:00,7571.5,tiempo,15.5,2.0,13.5,146.5,0.09215017064846416
-1,1,2019-10-03 14:04:00+00:00,2019-10-03 14:05:00+00:00,7499.5,7585.0,7328.5,2019-10-03 15:03:00+00:00,7585.25,stop,-171.5,2.0,-173.5,171.0,-1.0146198830409356
1,1,2019-10-04 14:04:00+00:00,2019-10-04 14:05:00+00:00,7722.25,7682.0,7802.75,2019-10-04 19:55:00+00:00,7766.25,tiempo,88.0,2.0,86.0,80.5,1.0683229813664596
1,1,2019-10-07 14:29:00+00:00,2019-10-07 14:30:00+00:00,7761.0,7724.25,7834.5,2019-10-07 19:55:00+00:00,7737.0,tiempo,-48.0,2.0,-50.0,73.5,-0.6802721088435374
-1,1,2019-10-08 14:04:00+00:00,2019-10-08 14:05:00+00:00,7637.75,7693.75,7525.75,2019-10-08 16:45:00+00:00,7694.0,stop,-112.5,2.0,-114.5,112.0,-1.0223214285714286
1,1,2019-10-09 15:49:00+00:00,2019-10-09 15:50:00+00:00,7702.0,7661.75,7782.5,2019-10-09 19:55:00+00:00,7712.75,tiempo,21.5,2.0,19.5,80.5,0.2422360248447205
1,1,2019-10-10 14:54:00+00:00,2019-10-10 14:55:00+00:00,7764.75,7691.0,7912.25,2019-10-10 19:55:00+00:00,7755.25,tiempo,-19.0,2.0,-21.0,147.5,-0.1423728813559322
1,1,2019-10-11 14:29:00+00:00,2019-10-11 14:30:00+00:00,7892.5,7842.75,7992.0,2019-10-11 16:32:00+00:00,7842.5,stop,-100.0,2.0,-102.0,99.5,-1.0251256281407035
1,1,2019-10-14 14:09:00+00:00,2019-10-14 14:10:00+00:00,7872.5,7836.0,7945.5,2019-10-14 19:55:00+00:00,7863.5,tiempo,-18.0,2.0,-20.0,73.0,-0.273972602739726
1,1,2019-10-15 14:09:00+00:00,2019-10-15 14:10:00+00:00,7904.5,7871.75,7970.0,2019-10-15 18:18:00+00:00,7970.0,objetivo,131.0,2.0,129.0,65.5,1.9694656488549618
-1,1,2019-10-16 14:04:00+00:00,2019-10-16 14:05:00+00:00,7910.75,7935.25,7861.75,2019-10-16 14:26:00+00:00,7935.5,stop,-49.5,2.0,-51.5,49.0,-1.0510204081632653
-1,1,2019-10-17 14:29:00+00:00,2019-10-17 14:30:00+00:00,7966.0,7992.25,7913.5,2019-10-17 19:55:00+00:00,7957.25,tiempo,17.5,2.0,15.5,52.5,0.29523809523809524
-1,1,2019-10-18 14:04:00+00:00,2019-10-18 14:05:00+00:00,7938.0,7958.5,7897.0,2019-10-18 15:43:00+00:00,7897.0,objetivo,82.0,2.0,80.0,41.0,1.951219512195122
-1,1,2019-10-21 14:04:00+00:00,2019-10-21 14:05:00+00:00,7902.25,7936.25,7834.25,2019-10-21 15:13:00+00:00,7936.5,stop,-68.5,2.0,-70.5,68.0,-1.036764705882353
-1,1,2019-10-22 14:59:00+00:00,2019-10-22 15:00:00+00:00,7957.25,7988.75,7894.25,2019-10-22 19:03:00+00:00,7894.25,objetivo,126.0,2.0,124.0,63.0,1.9682539682539681
1,1,2019-10-23 14:54:00+00:00,2019-10-23 14:55:00+00:00,7888.5,7853.0,7959.5,2019-10-23 19:55:00+00:00,7888.25,tiempo,-0.5,2.0,-2.5,71.0,-0.035211267605633804
-1,1,2019-10-24 14:04:00+00:00,2019-10-24 14:05:00+00:00,7921.25,7961.25,7841.25,2019-10-24 15:29:00+00:00,7961.5,stop,-80.5,2.0,-82.5,80.0,-1.03125
1,1,2019-10-25 14:09:00+00:00,2019-10-25 14:10:00+00:00,7972.25,7929.25,8058.25,2019-10-25 19:55:00+00:00,8030.25,tiempo,116.0,2.0,114.0,86.0,1.3255813953488371
1,1,2019-10-28 14:19:00+00:00,2019-10-28 14:20:00+00:00,8103.0,8074.0,8161.0,2019-10-28 19:55:00+00:00,8115.5,tiempo,25.0,2.0,23.0,58.0,0.39655172413793105
-1,1,2019-10-29 14:04:00+00:00,2019-10-29 14:05:00+00:00,8082.0,8114.0,8018.0,2019-10-29 19:55:00+00:00,8054.0,tiempo,56.0,2.0,54.0,64.0,0.84375
1,1,2019-10-30 18:54:00+00:00,2019-10-30 18:55:00+00:00,8075.25,8039.5,8146.75,2019-10-30 19:55:00+00:00,8094.25,tiempo,38.0,2.0,36.0,71.5,0.5034965034965035
-1,1,2019-10-31 14:04:00+00:00,2019-10-31 14:05:00+00:00,8082.25,8117.5,8011.75,2019-10-31 19:55:00+00:00,8074.0,tiempo,16.5,2.0,14.5,70.5,0.20567375886524822
1,1,2019-11-01 14:04:00+00:00,2019-11-01 14:05:00+00:00,8153.5,8117.5,8225.5,2019-11-01 16:11:00+00:00,8117.25,stop,-72.5,2.0,-74.5,72.0,-1.0347222222222223
-1,1,2019-11-04 15:04:00+00:00,2019-11-04 15:05:00+00:00,8210.0,8233.75,8162.5,2019-11-04 20:55:00+00:00,8215.5,tiempo,-11.0,2.0,-13.0,47.5,-0.2736842105263158
-1,1,2019-11-05 15:14:00+00:00,2019-11-05 15:15:00+00:00,8203.0,8230.75,8147.5,2019-11-05 17:05:00+00:00,8231.0,stop,-56.0,2.0,-58.0,55.5,-1.045045045045045
-1,1,2019-11-06 15:29:00+00:00,2019-11-06 15:30:00+00:00,8186.25,8211.25,8136.25,2019-11-06 20:55:00+00:00,8197.75,tiempo,-23.0,2.0,-25.0,50.0,-0.5
1,1,2019-11-07 15:19:00+00:00,2019-11-07 15:20:00+00:00,8264.5,8234.0,8325.5,2019-11-07 19:44:00+00:00,8233.75,stop,-61.5,2.0,-63.5,61.0,-1.040983606557377
1,1,2019-11-08 15:44:00+00:00,2019-11-08 15:45:00+00:00,8236.0,8204.25,8299.5,2019-11-08 20:55:00+00:00,8254.75,tiempo,37.5,2.0,35.5,63.5,0.5590551181102362
1,1,2019-11-11 15:14:00+00:00,2019-11-11 15:15:00+00:00,8230.0,8206.5,8277.0,2019-11-11 20:55:00+00:00,8242.75,tiempo,25.5,2.0,23.5,47.0,0.5
1,1,2019-11-12 15:09:00+00:00,2019-11-12 15:10:00+00:00,8277.25,8252.0,8327.75,2019-11-12 19:50:00+00:00,8251.75,stop,-51.0,2.0,-53.0,50.5,-1.0495049504950495
1,1,2019-11-13 15:29:00+00:00,2019-11-13 15:30:00+00:00,8264.25,8236.75,8319.25,2019-11-13 20:55:00+00:00,8262.25,tiempo,-4.0,2.0,-6.0,55.0,-0.10909090909090909
1,1,2019-11-14 15:04:00+00:00,2019-11-14 15:05:00+00:00,8263.75,8237.75,8315.75,2019-11-14 15:56:00+00:00,8237.5,stop,-52.5,2.0,-54.5,52.0,-1.0480769230769231
1,1,2019-11-15 16:04:00+00:00,2019-11-15 16:05:00+00:00,8317.75,8289.0,8375.25,2019-11-15 20:55:00+00:00,8314.5,tiempo,-6.5,2.0,-8.5,57.5,-0.14782608695652175
1,1,2019-11-18 16:34:00+00:00,2019-11-18 16:35:00+00:00,8319.5,8279.25,8400.0,2019-11-18 20:55:00+00:00,8329.75,tiempo,20.5,2.0,18.5,80.5,0.22981366459627328
-1,1,2019-11-19 15:04:00+00:00,2019-11-19 15:05:00+00:00,8335.0,8364.5,8276.0,2019-11-19 20:55:00+00:00,8346.25,tiempo,-22.5,2.0,-24.5,59.0,-0.4152542372881356
1,1,2019-11-20 15:09:00+00:00,2019-11-20 15:10:00+00:00,8334.75,8316.75,8370.75,2019-11-20 17:52:00+00:00,8316.5,stop,-36.5,2.0,-38.5,36.0,-1.0694444444444444
-1,1,2019-11-21 15:19:00+00:00,2019-11-21 15:20:00+00:00,8257.25,8286.0,8199.75,2019-11-21 19:34:00+00:00,8286.25,stop,-58.0,2.0,-60.0,57.5,-1.0434782608695652
-1,1,2019-11-22 15:09:00+00:00,2019-11-22 15:10:00+00:00,8276.0,8298.75,8230.5,2019-11-22 20:55:00+00:00,8271.0,tiempo,10.0,2.0,8.0,45.5,0.17582417582417584
1,1,2019-11-25 15:09:00+00:00,2019-11-25 15:10:00+00:00,8359.0,8311.75,8453.5,2019-11-25 20:55:00+00:00,8373.75,tiempo,29.5,2.0,27.5,94.5,0.291005291005291
1,1,2019-11-26 16:09:00+00:00,2019-11-26 16:10:00+00:00,8391.0,8368.75,8435.5,2019-11-26 20:55:00+00:00,8395.5,tiempo,9.0,2.0,7.0,44.5,0.15730337078651685
1,1,2019-11-27 15:14:00+00:00,2019-11-27 15:15:00+00:00,8419.5,8402.5,8453.5,2019-11-27 20:55:00+00:00,8446.75,tiempo,54.5,2.0,52.5,34.0,1.5441176470588236
-1,1,2019-11-28 15:59:00+00:00,2019-11-28 16:00:00+00:00,8436.5,8442.5,8424.5,2019-11-28 16:34:00+00:00,8442.75,stop,-12.5,2.0,-14.5,12.0,-1.2083333333333333
-1,1,2019-11-29 17:19:00+00:00,2019-11-29 17:20:00+00:00,8416.5,8439.0,8371.5,2019-11-29 18:14:00+00:00,8422.75,fin_de_datos,-12.5,2.0,-14.5,45.0,-0.32222222222222224
-1,1,2019-12-02 15:04:00+00:00,2019-12-02 15:05:00+00:00,8312.0,8413.5,8109.0,2019-12-02 20:55:00+00:00,8317.25,tiempo,-10.5,2.0,-12.5,203.0,-0.06157635467980296
1,1,2019-12-03 18:29:00+00:00,2019-12-03 18:30:00+00:00,8230.5,8168.25,8355.0,2019-12-03 20:55:00+00:00,8257.0,tiempo,53.0,2.0,51.0,124.5,0.40963855421686746
-1,1,2019-12-05 15:09:00+00:00,2019-12-05 15:10:00+00:00,8280.25,8327.25,8186.25,2019-12-05 20:55:00+00:00,8308.75,tiempo,-57.0,2.0,-59.0,94.0,-0.6276595744680851
1,1,2019-12-06 16:29:00+00:00,2019-12-06 16:30:00+00:00,8394.5,8368.0,8447.5,2019-12-06 20:55:00+00:00,8399.25,tiempo,9.5,2.0,7.5,53.0,0.14150943396226415
-1,1,2019-12-09 17:49:00+00:00,2019-12-09 17:50:00+00:00,8386.25,8427.25,8304.25,2019-12-09 20:55:00+00:00,8372.75,tiempo,27.0,2.0,25.0,82.0,0.3048780487804878
1,1,2019-12-10 15:09:00+00:00,2019-12-10 15:10:00+00:00,8372.5,8338.5,8440.5,2019-12-10 20:55:00+00:00,8347.75,tiempo,-49.5,2.0,-51.5,68.0,-0.7573529411764706
1,1,2019-12-11 15:04:00+00:00,2019-12-11 15:05:00+00:00,8393.5,8363.5,8453.5,2019-12-11 20:55:00+00:00,8407.5,tiempo,28.0,2.0,26.0,60.0,0.43333333333333335
1,1,2019-12-12 15:04:00+00:00,2019-12-12 15:05:00+00:00,8482.25,8381.0,8684.75,2019-12-12 20:55:00+00:00,8478.0,tiempo,-8.5,2.0,-10.5,202.5,-0.05185185185185185
1,1,2019-12-13 15:04:00+00:00,2019-12-13 15:05:00+00:00,8516.25,8440.25,8668.25,2019-12-13 20:55:00+00:00,8489.5,tiempo,-53.5,2.0,-55.5,152.0,-0.3651315789473684
1,1,2019-12-16 15:19:00+00:00,2019-12-16 15:20:00+00:00,8606.0,8571.5,8675.0,2019-12-16 20:55:00+00:00,8603.5,tiempo,-5.0,2.0,-7.0,69.0,-0.10144927536231885
1,1,2019-12-18 16:19:00+00:00,2019-12-18 16:20:00+00:00,8635.0,8612.0,8681.0,2019-12-18 20:55:00+00:00,8617.5,tiempo,-35.0,2.0,-37.0,46.0,-0.8043478260869565
1,1,2019-12-19 15:29:00+00:00,2019-12-19 15:30:00+00:00,8638.75,8618.25,8679.75,2019-12-19 20:55:00+00:00,8665.75,tiempo,54.0,2.0,52.0,41.0,1.2682926829268293
1,1,2019-12-20 18:09:00+00:00,2019-12-20 18:10:00+00:00,8715.0,8686.25,8772.5,2019-12-20 20:55:00+00:00,8708.75,tiempo,-12.5,2.0,-14.5,57.5,-0.25217391304347825
-1,1,2019-12-23 15:09:00+00:00,2019-12-23 15:10:00+00:00,8721.75,8735.25,8694.75,2019-12-23 16:31:00+00:00,8735.5,stop,-27.5,2.0,-29.5,27.0,-1.0925925925925926
1,1,2019-12-26 15:09:00+00:00,2019-12-26 15:10:00+00:00,8762.5,8739.0,8809.5,2019-12-26 20:55:00+00:00,8791.75,tiempo,58.5,2.0,56.5,47.0,1.202127659574468
-1,1,2019-12-27 20:49:00+00:00,2019-12-27 20:50:00+00:00,8775.0,8832.75,8659.5,2019-12-27 20:55:00+00:00,8786.0,tiempo,-22.0,2.0,-24.0,115.5,-0.2077922077922078
-1,1,2019-12-30 15:14:00+00:00,2019-12-30 15:15:00+00:00,8700.25,8793.0,8514.75,2019-12-30 20:55:00+00:00,8727.5,tiempo,-54.5,2.0,-56.5,185.5,-0.3045822102425876
-1,1,2020-01-02 15:24:00+00:00,2020-01-02 15:25:00+00:00,8809.25,8852.5,8722.75,2020-01-02 19:19:00+00:00,8852.75,stop,-87.0,2.0,-89.0,86.5,-1.0289017341040463
1,1,2020-01-03 17:04:00+00:00,2020-01-03 17:05:00+00:00,8847.25,8770.5,9000.75,2020-01-03 20:55:00+00:00,8819.5,tiempo,-55.5,2.0,-57.5,153.5,-0.3745928338762215
1,1,2020-01-06 15:14:00+00:00,2020-01-06 15:15:00+00:00,8806.25,8729.0,8960.75,2020-01-06 20:55:00+00:00,8862.5,tiempo,112.5,2.0,110.5,154.5,0.7152103559870551
1,1,2020-01-07 16:04:00+00:00,2020-01-07 16:05:00+00:00,8882.5,8834.5,8978.5,2020-01-07 20:55:00+00:00,8862.5,tiempo,-40.0,2.0,-42.0,96.0,-0.4375
1,1,2020-01-08 16:29:00+00:00,2020-01-08 16:30:00+00:00,8897.75,8848.0,8997.25,2020-01-08 20:55:00+00:00,8930.75,tiempo,66.0,2.0,64.0,99.5,0.6432160804020101
-1,1,2020-01-09 17:24:00+00:00,2020-01-09 17:25:00+00:00,8983.5,9022.25,8906.0,2020-01-09 20:55:00+00:00,9002.25,tiempo,-37.5,2.0,-39.5,77.5,-0.5096774193548387
-1,1,2020-01-10 17:09:00+00:00,2020-01-10 17:10:00+00:00,8994.25,9041.75,8899.25,2020-01-10 20:55:00+00:00,8983.25,tiempo,22.0,2.0,20.0,95.0,0.21052631578947367
1,1,2020-01-13 16:19:00+00:00,2020-01-13 16:20:00+00:00,9041.25,9003.75,9116.25,2020-01-13 20:55:00+00:00,9083.75,tiempo,85.0,2.0,83.0,75.0,1.1066666666666667
1,1,2020-01-14 17:39:00+00:00,2020-01-14 17:40:00+00:00,9088.25,9036.25,9192.25,2020-01-14 19:13:00+00:00,9036.0,stop,-104.5,2.0,-106.5,104.0,-1.0240384615384615
1,1,2020-01-15 15:09:00+00:00,2020-01-15 15:10:00+00:00,9088.5,9051.25,9163.0,2020-01-15 18:33:00+00:00,9051.0,stop,-75.0,2.0,-77.0,74.5,-1.0335570469798658
-1,1,2020-01-16 16:14:00+00:00,2020-01-16 16:15:00+00:00,9085.5,9118.0,9020.5,2020-01-16 20:35:00+00:00,9118.25,stop,-65.5,2.0,-67.5,65.0,-1.0384615384615385
-1,1,2020-01-17 16:14:00+00:00,2020-01-17 16:15:00+00:00,9130.75,9180.0,9032.25,2020-01-17 20:54:00+00:00,9180.25,stop,-99.0,2.0,-101.0,98.5,-1.0253807106598984
1,1,2020-01-20 16:34:00+00:00,2020-01-20 16:35:00+00:00,9173.75,9163.25,9194.75,2020-01-20 17:59:00+00:00,9175.5,fin_de_datos,3.5,2.0,1.5,21.0,0.07142857142857142
1,1,2020-01-21 15:04:00+00:00,2020-01-21 15:05:00+00:00,9180.0,9151.75,9236.5,2020-01-21 20:55:00+00:00,9171.5,tiempo,-17.0,2.0,-19.0,56.5,-0.336283185840708
1,1,2020-01-22 15:39:00+00:00,2020-01-22 15:40:00+00:00,9248.5,9211.75,9322.0,2020-01-22 20:06:00+00:00,9211.5,stop,-74.0,2.0,-76.0,73.5,-1.034013605442177
1,1,2020-01-23 15:14:00+00:00,2020-01-23 15:15:00+00:00,9202.75,9151.75,9304.75,2020-01-23 20:55:00+00:00,9226.0,tiempo,46.5,2.0,44.5,102.0,0.4362745098039216
-1,1,2020-01-24 15:19:00+00:00,2020-01-24 15:20:00+00:00,9246.5,9283.25,9173.0,2020-01-24 17:18:00+00:00,9173.0,objetivo,147.0,2.0,145.0,73.5,1.9727891156462585
1,1,2020-01-27 17:19:00+00:00,2020-01-27 17:20:00+00:00,8994.5,8925.5,9132.5,2020-01-27 20:55:00+00:00,8960.5,tiempo,-68.0,2.0,-70.0,138.0,-0.5072463768115942
1,1,2020-01-28 15:24:00+00:00,2020-01-28 15:25:00+00:00,9049.75,9001.0,9147.25,2020-01-28 20:55:00+00:00,9100.5,tiempo,101.5,2.0,99.5,97.5,1.0205128205128204
-1,1,2020-01-29 15:04:00+00:00,2020-01-29 15:05:00+00:00,9079.0,9158.75,8919.5,2020-01-29 20:55:00+00:00,9117.0,tiempo,-76.0,2.0,-78.0,159.5,-0.4890282131661442
-1,1,2020-01-30 15:54:00+00:00,2020-01-30 15:55:00+00:00,9033.5,9114.75,8871.0,2020-01-30 19:42:00+00:00,9115.0,stop,-163.0,2.0,-165.0,162.5,-1.0153846153846153
-1,1,2020-01-31 15:04:00+00:00,2020-01-31 15:05:00+00:00,9102.5,9184.0,8939.5,2020-01-31 20:55:00+00:00,9005.0,tiempo,195.0,2.0,193.0,163.0,1.1840490797546013
1,1,2020-02-03 15:04:00+00:00,2020-02-03 15:05:00+00:00,9144.25,9035.75,9361.25,2020-02-03 20:55:00+00:00,9129.0,tiempo,-30.5,2.0,-32.5,217.0,-0.1497695852534562
1,1,2020-02-04 15:29:00+00:00,2020-02-04 15:30:00+00:00,9280.25,9227.0,9386.75,2020-02-04 20:55:00+00:00,9338.0,tiempo,115.5,2.0,113.5,106.5,1.0657276995305165
-1,1,2020-02-05 15:14:00+00:00,2020-02-05 15:15:00+00:00,9370.25,9457.75,9195.25,2020-02-05 20:55:00+00:00,9368.5,tiempo,3.5,2.0,1.5,175.0,0.008571428571428572
1,1,2020-02-06 15:39:00+00:00,2020-02-06 15:40:00+00:00,9416.75,9362.5,9525.25,2020-02-06 20:55:00+00:00,9449.25,tiempo,65.0,2.0,63.0,108.5,0.5806451612903226
1,1,2020-02-07 15:39:00+00:00,2020-02-07 15:40:00+00:00,9427.25,9385.0,9511.75,2020-02-07 20:55:00+00:00,9403.5,tiempo,-47.5,2.0,-49.5,84.5,-0.5857988165680473
1,1,2020-02-10 15:09:00+00:00,2020-02-10 15:10:00+00:00,9454.25,9378.75,9605.25,2020-02-10 20:55:00+00:00,9517.25,tiempo,126.0,2.0,124.0,151.0,0.8211920529801324
1,1,2020-02-11 15:14:00+00:00,2020-02-11 15:15:00+00:00,9588.25,9538.75,9687.25,2020-02-11 19:03:00+00:00,9538.5,stop,-99.5,2.0,-101.5,99.0,-1.0252525252525253
1,1,2020-02-12 16:29:00+00:00,2020-02-12 16:30:00+00:00,9605.25,9561.0,9693.75,2020-02-12 20:55:00+00:00,9622.75,tiempo,35.0,2.0,33.0,88.5,0.3728813559322034
1,1,2020-02-13 15:44:00+00:00,2020-02-13 15:45:00+00:00,9595.0,9539.25,9706.5,2020-02-13 20:55:00+00:00,9605.0,tiempo,20.0,2.0,18.0,111.5,0.16143497757847533
-1,1,2020-02-14 15:14:00+00:00,2020-02-14 15:15:00+00:00,9600.0,9640.0,9520.0,2020-02-14 16:18:00+00:00,9640.25,stop,-80.5,2.0,-82.5,80.0,-1.03125
1,1,2020-02-17 16:04:00+00:00,2020-02-17 16:05:00+00:00,9664.75,9655.75,9682.75,2020-02-17 17:59:00+00:00,9666.25,fin_de_datos,3.0,2.0,1.0,18.0,0.05555555555555555
1,1,2020-02-18 15:09:00+00:00,2020-02-18 15:10:00+00:00,9624.75,9574.5,9725.25,2020-02-18 20:55:00+00:00,9637.25,tiempo,25.0,2.0,23.0,100.5,0.22885572139303484
1,1,2020-02-19 15:24:00+00:00,2020-02-19 15:25:00+00:00,9722.25,9681.5,9803.75,2020-02-19 20:55:00+00:00,9730.5,tiempo,16.5,2.0,14.5,81.5,0.17791411042944785
1,1,2020-02-20 15:14:00+00:00,2020-02-20 15:15:00+00:00,9719.75,9686.0,9787.25,2020-02-20 16:07:00+00:00,9685.75,stop,-68.0,2.0,-70.0,67.5,-1.037037037037037
-1,1,2020-02-21 17:54:00+00:00,2020-02-21 17:55:00+00:00,9477.5,9604.75,9223.0,2020-02-21 20:55:00+00:00,9459.75,tiempo,35.5,2.0,33.5,254.5,0.13163064833005894
1,1,2020-02-24 15:14:00+00:00,2020-02-24 15:15:00+00:00,9200.5,9041.25,9519.0,2020-02-24 20:55:00+00:00,9099.5,tiempo,-202.0,2.0,-204.0,318.5,-0.640502354788069
-1,1,2020-02-25 15:24:00+00:00,2020-02-25 15:25:00+00:00,9068.25,9191.0,8822.75,2020-02-25 19:31:00+00:00,8822.75,objetivo,491.0,2.0,489.0,245.5,1.9918533604887985
1,1,2020-02-26 15:44:00+00:00,2020-02-26 15:45:00+00:00,9029.5,8880.0,9328.5,2020-02-26 17:16:00+00:00,8879.75,stop,-299.5,2.0,-301.5,299.0,-1.008361204013378
-1,1,2020-02-27 15:29:00+00:00,2020-02-27 15:30:00+00:00,8583.75,8722.5,8306.25,2020-02-27 16:18:00+00:00,8722.75,stop,-278.0,2.0,-280.0,277.5,-1.009009009009009
1,1,2020-02-28 16:29:00+00:00,2020-02-28 16:30:00+00:00,8340.5,8126.25,8769.0,2020-02-28 20:55:00+00:00,8371.75,tiempo,62.5,2.0,60.5,428.5,0.1411901983663944
-1,1,2020-03-02 15:09:00+00:00,2020-03-02 15:10:00+00:00,8464.25,8596.0,8200.75,2020-03-02 15:53:00+00:00,8596.25,stop,-264.0,2.0,-266.0,263.5,-1.0094876660341556
1,1,2020-03-03 15:04:00+00:00,2020-03-03 15:05:00+00:00,8977.25,8744.75,9442.25,2020-03-03 16:24:00+00:00,8744.5,stop,-465.5,2.0,-467.5,465.0,-1.0053763440860215
1,1,2020-03-04 15:24:00+00:00,2020-03-04 15:25:00+00:00,8788.75,8665.25,9035.75,2020-03-04 20:55:00+00:00,8935.25,tiempo,293.0,2.0,291.0,247.0,1.1781376518218623
1,1,2020-03-05 15:19:00+00:00,2020-03-05 15:20:00+00:00,8792.75,8701.5,8975.25,2020-03-05 17:42:00+00:00,8701.25,stop,-183.0,2.0,-185.0,182.5,-1.0136986301369864
1,1,2020-03-06 15:24:00+00:00,2020-03-06 15:25:00+00:00,8464.5,8363.5,8666.5,2020-03-06 19:34:00+00:00,8363.25,stop,-202.5,2.0,-204.5,202.0,-1.0123762376237624
-1,1,2020-03-10 14:49:00+00:00,2020-03-10 14:50:00+00:00,8111.5,8244.5,7845.5,2020-03-10 19:11:00+00:00,8244.75,stop,-266.5,2.0,-268.5,266.0,-1.0093984962406015
-1,1,2020-03-11 14:39:00+00:00,2020-03-11 14:40:00+00:00,8125.5,8216.75,7943.0,2020-03-11 19:05:00+00:00,7943.0,objetivo,365.0,2.0,363.0,182.5,1.989041095890411
-1,1,2020-03-13 14:59:00+00:00,2020-03-13 15:00:00+00:00,7445.75,7736.0,6865.25,2020-03-13 19:50:00+00:00,7736.25,stop,-581.0,2.0,-583.0,580.5,-1.004306632213609
1,1,2020-03-17 15:09:00+00:00,2020-03-17 15:10:00+00:00,7322.5,6966.0,8035.5,2020-03-17 19:55:00+00:00,7447.25,tiempo,249.5,2.0,247.5,713.0,0.34712482468443195
1,1,2020-03-18 14:04:00+00:00,2020-03-18 14:05:00+00:00,7292.75,6961.5,7955.25,2020-03-18 17:16:00+00:00,6961.25,stop,-663.0,2.0,-665.0,662.5,-1.0037735849056604
1,1,2020-03-19 14:09:00+00:00,2020-03-19 14:10:00+00:00,7286.75,7010.0,7840.25,2020-03-19 19:55:00+00:00,7313.0,tiempo,52.5,2.0,50.5,553.5,0.09123757904245709
-1,1,2020-03-20 16:04:00+00:00,2020-03-20 16:05:00+00:00,7277.0,7469.75,6891.5,2020-03-20 19:55:00+00:00,7014.25,tiempo,525.5,2.0,523.5,385.5,1.3579766536964981
1,1,2020-03-23 14:14:00+00:00,2020-03-23 14:15:00+00:00,7064.75,6834.5,7525.25,2020-03-23 15:26:00+00:00,6834.25,stop,-461.0,2.0,-463.0,460.5,-1.00542888165038
1,1,2020-03-24 15:39:00+00:00,2020-03-24 15:40:00+00:00,7446.0,7325.0,7688.0,2020-03-24 18:04:00+00:00,7324.75,stop,-242.5,2.0,-244.5,242.0,-1.0103305785123966
-1,1,2020-03-25 14:04:00+00:00,2020-03-25 14:05:00+00:00,7432.0,7664.25,6967.5,2020-03-25 17:09:00+00:00,7664.5,stop,-465.0,2.0,-467.0,464.5,-1.0053821313240043
1,1,2020-03-26 14:09:00+00:00,2020-03-26 14:10:00+00:00,7665.75,7514.75,7967.75,2020-03-26 19:55:00+00:00,7884.0,tiempo,436.5,2.0,434.5,302.0,1.4387417218543046
1,1,2020-03-27 17:39:00+00:00,2020-03-27 17:40:00+00:00,7703.5,7578.0,7954.5,2020-03-27 19:51:00+00:00,7577.75,stop,-251.5,2.0,-253.5,251.0,-1.0099601593625498
1,1,2020-03-30 14:04:00+00:00,2020-03-30 14:05:00+00:00,7724.75,7630.0,7914.25,2020-03-30 19:55:00+00:00,7872.25,tiempo,295.0,2.0,293.0,189.5,1.5461741424802111
1,1,2020-03-31 14:09:00+00:00,2020-03-31 14:10:00+00:00,7880.0,7797.0,8046.0,2020-03-31 19:14:00+00:00,7796.75,stop,-166.5,2.0,-168.5,166.0,-1.0150602409638554
1,1,2020-04-01 14:34:00+00:00,2020-04-01 14:35:00+00:00,7638.25,7561.0,7792.75,2020-04-01 16:27:00+00:00,7560.75,stop,-155.0,2.0,-157.0,154.5,-1.0161812297734627
1,1,2020-04-02 14:29:00+00:00,2020-04-02 14:30:00+00:00,7522.25,7408.75,7749.25,2020-04-02 19:55:00+00:00,7610.5,tiempo,176.5,2.0,174.5,227.0,0.7687224669603524
-1,1,2020-04-03 14:29:00+00:00,2020-04-03 14:30:00+00:00,7567.75,7660.25,7382.75,2020-04-03 19:55:00+00:00,7520.75,tiempo,94.0,2.0,92.0,185.0,0.4972972972972973
1,1,2020-04-06 14:19:00+00:00,2020-04-06 14:20:00+00:00,7857.75,7750.0,8073.25,2020-04-06 19:54:00+00:00,8073.25,objetivo,431.0,2.0,429.0,215.5,1.9907192575406032
-1,1,2020-04-07 14:09:00+00:00,2020-04-07 14:10:00+00:00,8174.25,8298.5,7925.75,2020-04-07 19:55:00+00:00,8071.0,tiempo,206.5,2.0,204.5,248.5,0.8229376257545271
-1,1,2020-04-08 14:09:00+00:00,2020-04-08 14:10:00+00:00,8052.25,8154.25,7848.25,2020-04-08 15:20:00+00:00,8154.5,stop,-204.5,2.0,-206.5,204.0,-1.0122549019607843
-1,1,2020-04-09 14:09:00+00:00,2020-04-09 14:10:00+00:00,8220.75,8326.25,8009.75,2020-04-09 19:55:00+00:00,8212.25,tiempo,17.0,2.0,15.0,211.0,0.07109004739336493
-1,1,2020-04-13 15:09:00+00:00,2020-04-13 15:10:00+00:00,8147.5,8243.5,7955.5,2020-04-13 17:52:00+00:00,8243.75,stop,-192.5,2.0,-194.5,192.0,-1.0130208333333333
1,1,2020-04-14 14:19:00+00:00,2020-04-14 14:20:00+00:00,8607.5,8457.0,8908.5,2020-04-14 19:55:00+00:00,8676.5,tiempo,138.0,2.0,136.0,301.0,0.45182724252491696
1,1,2020-04-15 14:54:00+00:00,2020-04-15 14:55:00+00:00,8570.25,8486.5,8737.75,2020-04-15 19:55:00+00:00,8567.0,tiempo,-6.5,2.0,-8.5,167.5,-0.050746268656716415
-1,1,2020-04-16 14:04:00+00:00,2020-04-16 14:05:00+00:00,8605.75,8698.0,8421.25,2020-04-16 14:49:00+00:00,8698.25,stop,-185.0,2.0,-187.0,184.5,-1.013550135501355
-1,1,2020-04-17 14:49:00+00:00,2020-04-17 14:50:00+00:00,8742.75,8871.5,8485.25,2020-04-17 19:55:00+00:00,8820.5,tiempo,-155.5,2.0,-157.5,257.5,-0.6116504854368932
1,1,2020-04-20 14:29:00+00:00,2020-04-20 14:30:00+00:00,8788.25,8729.75,8905.25,2020-04-20 19:05:00+00:00,8729.5,stop,-117.5,2.0,-119.5,117.0,-1.0213675213675213
-1,1,2020-04-21 14:19:00+00:00,2020-04-21 14:20:00+00:00,8522.0,8652.0,8262.0,2020-04-21 19:55:00+00:00,8381.0,tiempo,282.0,2.0,280.0,260.0,1.0769230769230769
1,1,2020-04-22 15:44:00+00:00,2020-04-22 15:45:00+00:00,8601.75,8533.75,8737.75,2020-04-22 19:55:00+00:00,8678.75,tiempo,154.0,2.0,152.0,136.0,1.1176470588235294
1,1,2020-04-23 14:19:00+00:00,2020-04-23 14:20:00+00:00,8747.0,8662.0,8917.0,2020-04-23 16:45:00+00:00,8661.75,stop,-170.5,2.0,-172.5,170.0,-1.0147058823529411
1,1,2020-04-24 16:29:00+00:00,2020-04-24 16:30:00+00:00,8678.25,8583.0,8868.75,2020-04-24 19:55:00+00:00,8772.5,tiempo,188.5,2.0,186.5,190.5,0.979002624671916
1,1,2020-04-27 14:19:00+00:00,2020-04-27 14:20:00+00:00,8870.0,8819.25,8971.5,2020-04-27 14:59:00+00:00,8819.0,stop,-102.0,2.0,-104.0,101.5,-1.0246305418719213
-1,1,2020-04-28 14:04:00+00:00,2020-04-28 14:05:00+00:00,8823.75,8905.25,8660.75,2020-04-28 19:54:00+00:00,8660.75,objetivo,326.0,2.0,324.0,163.0,1.9877300613496933
1,1,2020-04-29 14:19:00+00:00,2020-04-29 14:20:00+00:00,8908.0,8816.0,9092.0,2020-04-29 19:55:00+00:00,8972.0,tiempo,128.0,2.0,126.0,184.0,0.6847826086956522
-1,1,2020-04-30 16:04:00+00:00,2020-04-30 16:05:00+00:00,8927.5,9017.5,8747.5,2020-04-30 19:55:00+00:00,8980.0,tiempo,-105.0,2.0,-107.0,180.0,-0.5944444444444444
1,1,2020-05-01 14:04:00+00:00,2020-05-01 14:05:00+00:00,8855.75,8780.0,9007.25,2020-05-01 15:30:00+00:00,8779.75,stop,-152.0,2.0,-154.0,151.5,-1.0165016501650166
1,1,2020-05-04 14:04:00+00:00,2020-05-04 14:05:00+00:00,8746.25,8650.5,8937.75,2020-05-04 19:55:00+00:00,8802.5,tiempo,112.5,2.0,110.5,191.5,0.577023498694517
1,1,2020-05-05 14:04:00+00:00,2020-05-05 14:05:00+00:00,8963.75,8895.25,9100.75,2020-05-05 19:37:00+00:00,8895.0,stop,-137.5,2.0,-139.5,137.0,-1.0182481751824817
-1,1,2020-05-06 14:04:00+00:00,2020-05-06 14:05:00+00:00,8965.0,9029.0,8837.0,2020-05-06 14:45:00+00:00,9029.25,stop,-128.5,2.0,-130.5,128.0,-1.01953125
-1,1,2020-05-07 14:14:00+00:00,2020-05-07 14:15:00+00:00,9051.25,9109.0,8935.75,2020-05-07 15:46:00+00:00,9109.25,stop,-116.0,2.0,-118.0,115.5,-1.0216450216450217
1,1,2020-05-08 14:19:00+00:00,2020-05-08 14:20:00+00:00,9177.5,9116.0,9300.5,2020-05-08 19:55:00+00:00,9213.5,tiempo,72.0,2.0,70.0,123.0,0.5691056910569106
1,1,2020-05-11 14:04:00+00:00,2020-05-11 14:05:00+00:00,9236.0,9147.5,9413.0,2020-05-11 19:55:00+00:00,9305.5,tiempo,139.0,2.0,137.0,177.0,0.7740112994350282
-1,1,2020-05-12 19:19:00+00:00,2020-05-12 19:20:00+00:00,9228.25,9345.5,8993.75,2020-05-12 19:55:00+00:00,9119.75,tiempo,217.0,2.0,215.0,234.5,0.9168443496801706
1,1,2020-05-13 14:04:00+00:00,2020-05-13 14:05:00+00:00,9152.0,9042.75,9370.5,2020-05-13 15:38:00+00:00,9042.5,stop,-219.0,2.0,-221.0,218.5,-1.011441647597254
-1,1,2020-05-14 14:29:00+00:00,2020-05-14 14:30:00+00:00,8852.0,8975.75,8604.5,2020-05-14 16:55:00+00:00,8976.0,stop,-248.0,2.0,-250.0,247.5,-1.0101010101010102
1,1,2020-05-15 14:09:00+00:00,2020-05-15 14:10:00+00:00,9024.75,8943.5,9187.25,2020-05-15 19:55:00+00:00,9126.5,tiempo,203.5,2.0,201.5,162.5,1.24
1,1,2020-05-18 14:34:00+00:00,2020-05-18 14:35:00+00:00,9304.0,9236.5,9439.0,2020-05-18 19:55:00+00:00,9353.0,tiempo,98.0,2.0,96.0,135.0,0.7111111111111111
1,1,2020-05-19 14:09:00+00:00,2020-05-19 14:10:00+00:00,9383.75,9314.0,9523.25,2020-05-19 19:51:00+00:00,9313.75,stop,-140.0,2.0,-142.0,139.5,-1.017921146953405
1,1,2020-05-20 14:09:00+00:00,2020-05-20 14:10:00+00:00,9468.0,9402.0,9600.0,2020-05-20 19:55:00+00:00,9473.75,tiempo,11.5,2.0,9.5,132.0,0.07196969696969698
-1,1,2020-05-21 14:04:00+00:00,2020-05-21 14:05:00+00:00,9439.5,9510.75,9297.0,2020-05-21 19:55:00+00:00,9374.0,tiempo,131.0,2.0,129.0,142.5,0.9052631578947369
1,1,2020-05-22 17:24:00+00:00,2020-05-22 17:25:00+00:00,9404.0,9319.75,9572.5,2020-05-22 19:55:00+00:00,9400.0,tiempo,-8.0,2.0,-10.0,168.5,-0.05934718100890208
1,1,2020-05-25 15:14:00+00:00,2020-05-25 15:15:00+00:00,9528.25,9513.75,9557.25,2020-05-25 16:59:00+00:00,9530.25,fin_de_datos,4.0,2.0,2.0,29.0,0.06896551724137931
-1,1,2020-05-26 15:24:00+00:00,2020-05-26 15:25:00+00:00,9480.0,9569.75,9300.5,2020-05-26 19:55:00+00:00,9379.0,tiempo,202.0,2.0,200.0,179.5,1.1142061281337048
-1,1,2020-05-27 14:39:00+00:00,2020-05-27 14:40:00+00:00,9241.0,9385.25,8952.5,2020-05-27 18:52:00+00:00,9385.5,stop,-289.0,2.0,-291.0,288.5,-1.0086655112651646
1,1,2020-05-28 14:14:00+00:00,2020-05-28 14:15:00+00:00,9468.25,9382.25,9640.25,2020-05-28 19:55:00+00:00,9401.5,tiempo,-133.5,2.0,-135.5,172.0,-0.7877906976744186
-1,1,2020-05-29 14:09:00+00:00,2020-05-29 14:10:00+00:00,9414.5,9483.0,9277.5,2020-05-29 18:10:00+00:00,9483.25,stop,-137.5,2.0,-139.5,137.0,-1.0182481751824817
1,1,2020-06-01 14:09:00+00:00,2020-06-01 14:10:00+00:00,9573.5,9505.75,9709.0,2020-06-01 19:55:00+00:00,9594.75,tiempo,42.5,2.0,40.5,135.5,0.2988929889298893
1,1,2020-06-02 14:24:00+00:00,2020-06-02 14:25:00+00:00,9610.25,9558.25,9714.25,2020-06-02 14:46:00+00:00,9558.0,stop,-104.5,2.0,-106.5,104.0,-1.0240384615384615
-1,1,2020-06-03 16:14:00+00:00,2020-06-03 16:15:00+00:00,9650.0,9699.5,9551.0,2020-06-03 18:47:00+00:00,9699.75,stop,-99.5,2.0,-101.5,99.0,-1.0252525252525253
-1,1,2020-06-04 15:14:00+00:00,2020-06-04 15:15:00+00:00,9665.0,9742.5,9510.0,2020-06-04 19:55:00+00:00,9608.75,tiempo,112.5,2.0,110.5,155.0,0.7129032258064516
1,1,2020-06-05 15:04:00+00:00,2020-06-05 15:05:00+00:00,9792.25,9653.25,10070.25,2020-06-05 19:55:00+00:00,9809.25,tiempo,34.0,2.0,32.0,278.0,0.11510791366906475
-1,1,2020-06-08 14:04:00+00:00,2020-06-08 14:05:00+00:00,9765.5,9829.5,9637.5,2020-06-08 17:21:00+00:00,9829.75,stop,-128.5,2.0,-130.5,128.0,-1.01953125
1,1,2020-06-09 14:24:00+00:00,2020-06-09 14:25:00+00:00,9912.75,9852.0,10034.25,2020-06-09 19:55:00+00:00,9963.0,tiempo,100.5,2.0,98.5,121.5,0.8106995884773662
1,1,2020-06-10 14:04:00+00:00,2020-06-10 14:05:00+00:00,10068.75,10023.5,10159.25,2020-06-10 14:56:00+00:00,10023.25,stop,-91.0,2.0,-93.0,90.5,-1.0276243093922652
1,1,2020-06-11 14:14:00+00:00,2020-06-11 14:15:00+00:00,9964.0,9876.0,10140.0,2020-06-11 15:01:00+00:00,9875.75,stop,-176.5,2.0,-178.5,176.0,-1.0142045454545454
-1,1,2020-06-12 14:14:00+00:00,2020-06-12 14:15:00+00:00,9773.75,9849.25,9622.75,2020-06-12 15:03:00+00:00,9622.75,objetivo,302.0,2.0,300.0,151.0,1.9867549668874172
1,1,2020-06-15 14:04:00+00:00,2020-06-15 14:05:00+00:00,9603.0,9483.5,9842.0,2020-06-15 19:55:00+00:00,9758.0,tiempo,310.0,2.0,308.0,239.0,1.288702928870293
-1,1,2020-06-16 14:44:00+00:00,2020-06-16 14:45:00+00:00,9943.0,10008.5,9812.0,2020-06-16 15:00:00+00:00,9812.0,objetivo,262.0,2.0,260.0,131.0,1.984732824427481
1,1,2020-06-18 14:09:00+00:00,2020-06-18 14:10:00+00:00,9989.25,9941.75,10084.25,2020-06-18 14:33:00+00:00,9941.5,stop,-95.5,2.0,-97.5,95.0,-1.0263157894736843
-1,1,2020-06-19 15:19:00+00:00,2020-06-19 15:20:00+00:00,10071.25,10109.25,9995.25,2020-06-19 16:14:00+00:00,9995.25,objetivo,152.0,2.0,150.0,76.0,1.9736842105263157
1,1,2020-06-22 14:04:00+00:00,2020-06-22 14:05:00+00:00,10038.25,9975.75,10163.25,2020-06-22 19:55:00+00:00,10109.0,tiempo,141.5,2.0,139.5,125.0,1.116
1,1,2020-06-23 14:19:00+00:00,2020-06-23 14:20:00+00:00,10207.75,10158.75,10305.75,2020-06-23 19:55:00+00:00,10214.0,tiempo,12.5,2.0,10.5,98.0,0.10714285714285714
-1,1,2020-06-24 14:04:00+00:00,2020-06-24 14:05:00+00:00,10075.5,10221.5,9783.5,2020-06-24 19:55:00+00:00,9982.25,tiempo,186.5,2.0,184.5,292.0,0.6318493150684932
1,1,2020-06-25 16:19:00+00:00,2020-06-25 16:20:00+00:00,10033.25,9885.5,10328.75,2020-06-25 19:55:00+00:00,10091.25,tiempo,116.0,2.0,114.0,295.5,0.38578680203045684
-1,1,2020-06-26 14:04:00+00:00,2020-06-26 14:05:00+00:00,9985.0,10082.25,9790.5,2020-06-26 19:55:00+00:00,9828.0,tiempo,314.0,2.0,312.0,194.5,1.6041131105398458
1,1,2020-06-29 14:39:00+00:00,2020-06-29 14:40:00+00:00,9868.25,9728.75,10147.25,2020-06-29 19:55:00+00:00,9920.75,tiempo,105.0,2.0,103.0,279.0,0.36917562724014336
1,1,2020-06-30 14:09:00+00:00,2020-06-30 14:10:00+00:00,10040.25,9943.25,10234.25,2020-06-30 19:55:00+00:00,10166.0,tiempo,251.5,2.0,249.5,194.0,1.2860824742268042
1,1,2020-07-01 14:19:00+00:00,2020-07-01 14:20:00+00:00,10194.0,10125.5,10331.0,2020-07-01 19:55:00+00:00,10278.25,tiempo,168.5,2.0,166.5,137.0,1.2153284671532847
-1,1,2020-07-02 14:29:00+00:00,2020-07-02 14:30:00+00:00,10364.25,10419.5,10253.75,2020-07-02 19:55:00+00:00,10324.5,tiempo,79.5,2.0,77.5,110.5,0.7013574660633484
-1,1,2020-07-03 14:29:00+00:00,2020-07-03 14:30:00+00:00,10340.75,10357.75,10306.75,2020-07-03 16:59:00+00:00,10326.25,fin_de_datos,29.0,2.0,27.0,34.0,0.7941176470588235
1,1,2020-07-06 14:04:00+00:00,2020-07-06 14:05:00+00:00,10540.25,10470.0,10680.75,2020-07-06 19:55:00+00:00,10592.5,tiempo,104.5,2.0,102.5,140.5,0.7295373665480427
1,1,2020-07-07 14:14:00+00:00,2020-07-07 14:15:00+00:00,10648.0,10557.25,10829.5,2020-07-07 19:08:00+00:00,10557.0,stop,-182.0,2.0,-184.0,181.5,-1.0137741046831956
1,1,2020-07-08 14:19:00+00:00,2020-07-08 14:20:00+00:00,10633.75,10566.5,10768.25,2020-07-08 15:18:00+00:00,10566.25,stop,-135.0,2.0,-137.0,134.5,-1.0185873605947955
-1,1,2020-07-09 14:19:00+00:00,2020-07-09 14:20:00+00:00,10687.75,10748.0,10567.25,2020-07-09 15:05:00+00:00,10567.25,objetivo,241.0,2.0,239.0,120.5,1.983402489626556
-1,1,2020-07-10 14:04:00+00:00,2020-07-10 14:05:00+00:00,10637.25,10749.5,10412.75,2020-07-10 17:07:00+00:00,10749.75,stop,-225.0,2.0,-227.0,224.5,-1.0111358574610245
1,1,2020-07-13 14:29:00+00:00,2020-07-13 14:30:00+00:00,10999.25,10929.5,11138.75,2020-07-13 18:03:00+00:00,10929.25,stop,-140.0,2.0,-142.0,139.5,-1.017921146953405
-1,1,2020-07-14 14:14:00+00:00,2020-07-14 14:15:00+00:00,10368.5,10629.25,9847.0,2020-07-14 18:20:00+00:00,10629.5,stop,-522.0,2.0,-524.0,521.5,-1.0047938638542666
-1,1,2020-07-15 15:04:00+00:00,2020-07-15 15:05:00+00:00,10652.0,10766.5,10423.0,2020-07-15 19:55:00+00:00,10670.25,tiempo,-36.5,2.0,-38.5,229.0,-0.16812227074235808
-1,1,2020-07-16 14:04:00+00:00,2020-07-16 14:05:00+00:00,10519.75,10599.75,10359.75,2020-07-16 17:14:00+00:00,10600.0,stop,-160.5,2.0,-162.5,160.0,-1.015625
-1,1,2020-07-17 14:24:00+00:00,2020-07-17 14:25:00+00:00,10557.75,10650.0,10373.25,2020-07-17 18:52:00+00:00,10650.25,stop,-185.0,2.0,-187.0,184.5,-1.013550135501355
1,1,2020-07-20 14:04:00+00:00,2020-07-20 14:05:00+00:00,10697.25,10605.75,10880.25,2020-07-20 18:33:00+00:00,10880.25,objetivo,366.0,2.0,364.0,183.0,1.989071038251366
-1,1,2020-07-21 14:29:00+00:00,2020-07-21 14:30:00+00:00,10900.75,11002.75,10696.75,2020-07-21 19:55:00+00:00,10804.75,tiempo,192.0,2.0,190.0,204.0,0.9313725490196079
-1,1,2020-07-22 14:49:00+00:00,2020-07-22 14:50:00+00:00,10806.75,10895.75,10628.75,2020-07-22 19:55:00+00:00,10861.75,tiempo,-110.0,2.0,-112.0,178.0,-0.6292134831460674
-1,1,2020-07-23 14:14:00+00:00,2020-07-23 14:15:00+00:00,10789.25,10871.75,10624.25,2020-07-23 17:37:00+00:00,10624.25,objetivo,330.0,2.0,328.0,165.0,1.9878787878787878
1,1,2020-07-24 14:24:00+00:00,2020-07-24 14:25:00+00:00,10452.0,10301.0,10754.0,2020-07-24 19:55:00+00:00,10465.5,tiempo,27.0,2.0,25.0,302.0,0.08278145695364239
1,1,2020-07-27 18:09:00+00:00,2020-07-27 18:10:00+00:00,10630.5,10513.75,10864.0,2020-07-27 19:55:00+00:00,10661.0,tiempo,61.0,2.0,59.0,233.5,0.25267665952890794
-1,1,2020-07-28 19:34:00+00:00,2020-07-28 19:35:00+00:00,10544.0,10646.75,10338.5,2020-07-28 19:55:00+00:00,10523.75,tiempo,40.5,2.0,38.5,205.5,0.1873479318734793
1,1,2020-07-29 14:04:00+00:00,2020-07-29 14:05:00+00:00,10625.75,10571.0,10735.25,2020-07-29 19:55:00+00:00,10639.25,tiempo,27.0,2.0,25.0,109.5,0.228310502283105
1,1,2020-07-30 15:34:00+00:00,2020-07-30 15:35:00+00:00,10638.5,10531.75,10852.0,2020-07-30 19:55:00+00:00,10702.5,tiempo,128.0,2.0,126.0,213.5,0.5901639344262295
-1,1,2020-07-31 14:09:00+00:00,2020-07-31 14:10:00+00:00,10773.75,10901.75,10517.75,2020-07-31 19:55:00+00:00,10866.0,tiempo,-184.5,2.0,-186.5,256.0,-0.728515625
1,1,2020-08-03 15:59:00+00:00,2020-08-03 16:00:00+00:00,11053.0,10980.5,11198.0,2020-08-03 19:55:00+00:00,11054.75,tiempo,3.5,2.0,1.5,145.0,0.010344827586206896
1,1,2020-08-04 14:09:00+00:00,2020-08-04 14:10:00+00:00,11080.75,11006.25,11229.75,2020-08-04 18:31:00+00:00,11006.0,stop,-149.5,2.0,-151.5,149.0,-1.016778523489933
1,1,2020-08-05 14:14:00+00:00,2020-08-05 14:15:00+00:00,11118.25,11064.5,11225.75,2020-08-05 19:55:00+00:00,11101.25,tiempo,-34.0,2.0,-36.0,107.5,-0.33488372093023255
1,1,2020-08-06 14:14:00+00:00,2020-08-06 14:15:00+00:00,11131.0,11073.0,11247.0,2020-08-06 18:42:00+00:00,11247.0,objetivo,232.0,2.0,230.0,116.0,1.9827586206896552
1,1,2020-08-07 14:54:00+00:00,2020-08-07 14:55:00+00:00,11265.25,11207.75,11380.25,2020-08-07 15:28:00+00:00,11207.5,stop,-115.5,2.0,-117.5,115.0,-1.0217391304347827
-1,1,2020-08-10 14:24:00+00:00,2020-08-10 14:25:00+00:00,11051.25,11146.75,10860.25,2020-08-10 19:55:00+00:00,11070.75,tiempo,-39.0,2.0,-41.0,191.0,-0.21465968586387435
1,1,2020-08-11 15:09:00+00:00,2020-08-11 15:10:00+00:00,11048.25,10956.0,11232.75,2020-08-11 19:16:00+00:00,10955.75,stop,-185.0,2.0,-187.0,184.5,-1.013550135501355
1,1,2020-08-12 14:19:00+00:00,2020-08-12 14:20:00+00:00,11068.0,10957.5,11289.0,2020-08-12 19:55:00+00:00,11142.25,tiempo,148.5,2.0,146.5,221.0,0.6628959276018099
1,1,2020-08-13 14:34:00+00:00,2020-08-13 14:35:00+00:00,11238.5,11164.5,11386.5,2020-08-13 18:16:00+00:00,11164.25,stop,-148.5,2.0,-150.5,148.0,-1.0168918918918919
-1,1,2020-08-14 14:19:00+00:00,2020-08-14 14:20:00+00:00,11120.0,11206.75,10946.5,2020-08-14 19:55:00+00:00,11160.5,tiempo,-81.0,2.0,-83.0,173.5,-0.4783861671469741
1,1,2020-08-17 14:04:00+00:00,2020-08-17 14:05:00+00:00,11271.5,11221.5,11371.5,2020-08-17 19:55:00+00:00,11285.75,tiempo,28.5,2.0,26.5,100.0,0.265
-1,1,2020-08-18 14:09:00+00:00,2020-08-18 14:10:00+00:00,11298.75,11382.0,11132.25,2020-08-18 16:32:00+00:00,11382.25,stop,-167.0,2.0,-169.0,166.5,-1.015015015015015
1,1,2020-08-19 15:34:00+00:00,2020-08-19 15:35:00+00:00,11417.75,11332.5,11588.25,2020-08-19 18:20:00+00:00,11332.25,stop,-171.0,2.0,-173.0,170.5,-1.0146627565982405
1,1,2020-08-20 14:49:00+00:00,2020-08-20 14:50:00+00:00,11378.75,11267.0,11602.25,2020-08-20 19:55:00+00:00,11476.25,tiempo,195.0,2.0,193.0,223.5,0.8635346756152126
1,1,2020-08-21 14:29:00+00:00,2020-08-21 14:30:00+00:00,11524.0,11455.5,11661.0,2020-08-21 19:55:00+00:00,11552.5,tiempo,57.0,2.0,55.0,137.0,0.40145985401459855
-1,1,2020-08-24 14:09:00+00:00,2020-08-24 14:10:00+00:00,11605.5,11722.5,11371.5,2020-08-24 19:55:00+00:00,11606.5,tiempo,-2.0,2.0,-4.0,234.0,-0.017094017094017096
1,1,2020-08-25 14:19:00+00:00,2020-08-25 14:20:00+00:00,11638.75,11574.75,11766.75,2020-08-25 19:55:00+00:00,11714.75,tiempo,152.0,2.0,150.0,128.0,1.171875
1,1,2020-08-26 14:24:00+00:00,2020-08-26 14:25:00+00:00,11801.0,11762.75,11877.5,2020-08-26 15:40:00+00:00,11877.5,objetivo,153.0,2.0,151.0,76.5,1.973856209150327
1,1,2020-08-27 15:04:00+00:00,2020-08-27 15:05:00+00:00,12026.75,11912.0,12256.25,2020-08-27 16:39:00+00:00,11911.75,stop,-230.0,2.0,-232.0,229.5,-1.0108932461873639
-1,1,2020-08-28 17:14:00+00:00,2020-08-28 17:15:00+00:00,11937.0,12005.75,11799.5,2020-08-28 19:40:00+00:00,12006.0,stop,-138.0,2.0,-140.0,137.5,-1.018181818181818
1,1,2020-08-31 14:19:00+00:00,2020-08-31 14:20:00+00:00,12056.0,11993.75,12180.5,2020-08-31 19:55:00+00:00,12130.75,tiempo,149.5,2.0,147.5,124.5,1.1847389558232932
1,1,2020-09-01 14:04:00+00:00,2020-09-01 14:05:00+00:00,12229.75,12125.0,12439.25,2020-09-01 19:55:00+00:00,12269.0,tiempo,78.5,2.0,76.5,209.5,0.36515513126491644
-1,1,2020-09-02 15:39:00+00:00,2020-09-02 15:40:00+00:00,12173.75,12434.75,11651.75,2020-09-02 19:49:00+00:00,12435.0,stop,-522.5,2.0,-524.5,522.0,-1.0047892720306513
-1,1,2020-09-03 14:19:00+00:00,2020-09-03 14:20:00+00:00,12091.0,12242.5,11788.0,2020-09-03 15:19:00+00:00,11788.0,objetivo,606.0,2.0,604.0,303.0,1.9933993399339933
-1,1,2020-09-04 14:14:00+00:00,2020-09-04 14:15:00+00:00,11471.0,11843.0,10727.0,2020-09-04 19:55:00+00:00,11650.25,tiempo,-358.5,2.0,-360.5,744.0,-0.4845430107526882
1,1,2020-09-07 14:54:00+00:00,2020-09-07 14:55:00+00:00,11504.5,11446.75,11620.0,2020-09-07 16:59:00+00:00,11501.0,fin_de_datos,-7.0,2.0,-9.0,115.5,-0.07792207792207792
1,1,2020-09-08 14:09:00+00:00,2020-09-08 14:10:00+00:00,11320.75,11117.0,11728.25,2020-09-08 18:44:00+00:00,11116.75,stop,-408.0,2.0,-410.0,407.5,-1.0061349693251533
1,1,2020-09-09 14:29:00+00:00,2020-09-09 14:30:00+00:00,11347.0,11188.25,11664.5,2020-09-09 19:55:00+00:00,11453.0,tiempo,212.0,2.0,210.0,317.5,0.6614173228346457
1,1,2020-09-10 14:04:00+00:00,2020-09-10 14:05:00+00:00,11557.0,11456.5,11758.0,2020-09-10 14:46:00+00:00,11456.25,stop,-201.5,2.0,-203.5,201.0,-1.0124378109452736
-1,1,2020-09-11 15:59:00+00:00,2020-09-11 16:00:00+00:00,11116.5,11280.0,10789.5,2020-09-11 19:55:00+00:00,11070.5,tiempo,92.0,2.0,90.0,327.0,0.27522935779816515
1,1,2020-09-14 14:04:00+00:00,2020-09-14 14:05:00+00:00,11319.25,11207.5,11542.75,2020-09-14 17:32:00+00:00,11207.25,stop,-224.0,2.0,-226.0,223.5,-1.0111856823266219
1,1,2020-09-17 14:09:00+00:00,2020-09-17 14:10:00+00:00,11084.25,10945.0,11362.75,2020-09-17 16:17:00+00:00,10944.75,stop,-279.0,2.0,-281.0,278.5,-1.0089766606822261
-1,1,2020-09-18 14:34:00+00:00,2020-09-18 14:35:00+00:00,11012.25,11135.0,10766.75,2020-09-18 17:30:00+00:00,10766.75,objetivo,491.0,2.0,489.0,245.5,1.9918533604887985
-1,1,2020-09-21 14:29:00+00:00,2020-09-21 14:30:00+00:00,10702.5,10840.5,10426.5,2020-09-21 16:07:00+00:00,10840.75,stop,-276.5,2.0,-278.5,276.0,-1.0090579710144927
-1,1,2020-09-22 14:59:00+00:00,2020-09-22 15:00:00+00:00,10945.75,11074.75,10687.75,2020-09-22 17:42:00+00:00,11075.0,stop,-258.5,2.0,-260.5,258.0,-1.0096899224806202
-1,1,2020-09-23 14:09:00+00:00,2020-09-23 14:10:00+00:00,11055.0,11161.0,10843.0,2020-09-23 18:56:00+00:00,10843.0,objetivo,424.0,2.0,422.0,212.0,1.990566037735849
1,1,2020-09-24 14:04:00+00:00,2020-09-24 14:05:00+00:00,10899.25,10704.0,11289.75,2020-09-24 19:55:00+00:00,10892.25,tiempo,-14.0,2.0,-16.0,390.5,-0.040973111395646605
1,1,2020-09-25 14:24:00+00:00,2020-09-25 14:25:00+00:00,10929.5,10830.5,11127.5,2020-09-25 19:03:00+00:00,11127.5,objetivo,396.0,2.0,394.0,198.0,1.9898989898989898
-1,1,2020-09-28 14:09:00+00:00,2020-09-28 14:10:00+00:00,11250.25,11343.0,11064.75,2020-09-28 19:17:00+00:00,11343.25,stop,-186.0,2.0,-188.0,185.5,-1.013477088948787
-1,1,2020-09-29 14:34:00+00:00,2020-09-29 14:35:00+00:00,11323.0,11380.0,11209.0,2020-09-29 19:55:00+00:00,11327.75,tiempo,-9.5,2.0,-11.5,114.0,-0.10087719298245613
1,1,2020-09-30 14:04:00+00:00,2020-09-30 14:05:00+00:00,11425.25,11310.25,11655.25,2020-09-30 19:55:00+00:00,11430.25,tiempo,10.0,2.0,8.0,230.0,0.034782608695652174
-1,1,2020-10-01 14:09:00+00:00,2020-10-01 14:10:00+00:00,11508.75,11568.5,11389.25,2020-10-01 17:54:00+00:00,11568.75,stop,-120.0,2.0,-122.0,119.5,-1.0209205020920502
1,1,2020-10-02 14:09:00+00:00,2020-10-02 14:10:00+00:00,11446.0,11301.25,11735.5,2020-10-02 15:53:00+00:00,11301.0,stop,-290.0,2.0,-292.0,289.5,-1.008635578583765
1,1,2020-10-05 14:04:00+00:00,2020-10-05 14:05:00+00:00,11386.75,11321.5,11517.25,2020-10-05 19:55:00+00:00,11492.25,tiempo,211.0,2.0,209.0,130.5,1.6015325670498084
1,1,2020-10-06 14:09:00+00:00,2020-10-06 14:10:00+00:00,11484.25,11418.0,11616.75,2020-10-06 15:11:00+00:00,11417.75,stop,-133.0,2.0,-135.0,132.5,-1.0188679245283019
-1,1,2020-10-07 14:14:00+00:00,2020-10-07 14:15:00+00:00,11378.25,11437.75,11259.25,2020-10-07 15:31:00+00:00,11438.0,stop,-119.5,2.0,-121.5,119.0,-1.0210084033613445
-1,1,2020-10-08 14:24:00+00:00,2020-10-08 14:25:00+00:00,11510.5,11576.75,11378.0,2020-10-08 19:55:00+00:00,11532.25,tiempo,-43.5,2.0,-45.5,132.5,-0.3433962264150943
1,1,2020-10-09 14:04:00+00:00,2020-10-09 14:05:00+00:00,11643.0,11588.25,11752.5,2020-10-09 19:55:00+00:00,11701.0,tiempo,116.0,2.0,114.0,109.5,1.0410958904109588
1,1,2020-10-12 14:54:00+00:00,2020-10-12 14:55:00+00:00,11954.0,11867.25,12127.5,2020-10-12 16:49:00+00:00,12127.5,objetivo,347.0,2.0,345.0,173.5,1.9884726224783862
1,1,2020-10-13 15:24:00+00:00,2020-10-13 15:25:00+00:00,12166.75,12032.0,12436.25,2020-10-13 17:57:00+00:00,12031.75,stop,-270.0,2.0,-272.0,269.5,-1.0092764378478665
-1,1,2020-10-14 14:29:00+00:00,2020-10-14 14:30:00+00:00,12053.25,12153.0,11853.75,2020-10-14 19:55:00+00:00,11997.0,tiempo,112.5,2.0,110.5,199.5,0.5538847117794486
1,1,2020-10-15 19:19:00+00:00,2020-10-15 19:20:00+00:00,11898.25,11753.5,12187.75,2020-10-15 19:55:00+00:00,11884.75,tiempo,-27.0,2.0,-29.0,289.5,-0.1001727115716753
1,1,2020-10-16 14:04:00+00:00,2020-10-16 14:05:00+00:00,11988.75,11926.75,12112.75,2020-10-16 15:10:00+00:00,11926.5,stop,-124.5,2.0,-126.5,124.0,-1.0201612903225807
-1,1,2020-10-19 14:04:00+00:00,2020-10-19 14:05:00+00:00,11868.75,11950.5,11705.25,2020-10-19 18:34:00+00:00,11705.25,objetivo,327.0,2.0,325.0,163.5,1.9877675840978593
1,1,2020-10-20 14:09:00+00:00,2020-10-20 14:10:00+00:00,11720.0,11631.75,11896.5,2020-10-20 15:00:00+00:00,11631.5,stop,-177.0,2.0,-179.0,176.5,-1.0141643059490084
-1,1,2020-10-21 15:19:00+00:00,2020-10-21 15:20:00+00:00,11646.0,11779.25,11379.5,2020-10-21 19:55:00+00:00,11672.5,tiempo,-53.0,2.0,-55.0,266.5,-0.20637898686679174
-1,1,2020-10-22 14:04:00+00:00,2020-10-22 14:05:00+00:00,11650.0,11724.0,11502.0,2020-10-22 19:55:00+00:00,11654.75,tiempo,-9.5,2.0,-11.5,148.0,-0.0777027027027027
-1,1,2020-10-23 14:04:00+00:00,2020-10-23 14:05:00+00:00,11578.0,11679.0,11376.0,2020-10-23 19:55:00+00:00,11670.0,tiempo,-184.0,2.0,-186.0,202.0,-0.9207920792079208
1,1,2020-10-26 14:04:00+00:00,2020-10-26 14:05:00+00:00,11688.25,11566.5,11931.75,2020-10-26 14:49:00+00:00,11566.25,stop,-244.0,2.0,-246.0,243.5,-1.0102669404517455
-1,1,2020-10-27 14:24:00+00:00,2020-10-27 14:25:00+00:00,11495.25,11578.0,11329.75,2020-10-27 15:12:00+00:00,11578.25,stop,-166.0,2.0,-168.0,165.5,-1.0151057401812689
-1,1,2020-10-28 14:19:00+00:00,2020-10-28 14:20:00+00:00,11232.5,11423.0,10851.5,2020-10-28 19:55:00+00:00,11156.25,tiempo,152.5,2.0,150.5,381.0,0.39501312335958005
1,1,2020-10-29 14:04:00+00:00,2020-10-29 14:05:00+00:00,11284.75,11170.5,11513.25,2020-10-29 19:55:00+00:00,11407.25,tiempo,245.0,2.0,243.0,228.5,1.0634573304157549
-1,1,2020-10-30 14:14:00+00:00,2020-10-30 14:15:00+00:00,11115.25,11281.25,10783.25,2020-10-30 19:55:00+00:00,10978.5,tiempo,273.5,2.0,271.5,332.0,0.8177710843373494
-1,1,2020-11-02 16:14:00+00:00,2020-11-02 16:15:00+00:00,11107.25,11212.0,10897.75,2020-11-02 20:55:00+00:00,11046.25,tiempo,122.0,2.0,120.0,209.5,0.5727923627684964
1,1,2020-11-03 15:04:00+00:00,2020-11-03 15:05:00+00:00,11233.0,11101.25,11496.5,2020-11-03 20:55:00+00:00,11321.25,tiempo,176.5,2.0,174.5,263.5,0.6622390891840607
1,1,2020-11-04 15:04:00+00:00,2020-11-04 15:05:00+00:00,11689.75,11557.0,11955.25,2020-11-04 20:55:00+00:00,11796.0,tiempo,212.5,2.0,210.5,265.5,0.7928436911487758
1,1,2020-11-05 15:04:00+00:00,2020-11-05 15:05:00+00:00,12093.25,11972.75,12334.25,2020-11-05 20:55:00+00:00,12066.75,tiempo,-53.0,2.0,-55.0,241.0,-0.22821576763485477
1,1,2020-11-06 16:39:00+00:00,2020-11-06 16:40:00+00:00,12049.75,11883.25,12382.75,2020-11-06 20:55:00+00:00,12098.75,tiempo,98.0,2.0,96.0,333.0,0.2882882882882883
1,1,2020-11-09 15:04:00+00:00,2020-11-09 15:05:00+00:00,12214.75,12042.0,12560.25,2020-11-09 19:14:00+00:00,12041.75,stop,-346.0,2.0,-348.0,345.5,-1.0072358900144718
-1,1,2020-11-10 15:24:00+00:00,2020-11-10 15:25:00+00:00,11583.75,11749.5,11252.25,2020-11-10 20:55:00+00:00,11602.5,tiempo,-37.5,2.0,-39.5,331.5,-0.1191553544494721
1,1,2020-11-11 15:34:00+00:00,2020-11-11 15:35:00+00:00,11831.5,11703.0,12088.5,2020-11-11 20:55:00+00:00,11885.25,tiempo,107.5,2.0,105.5,257.0,0.41050583657587547
-1,1,2020-11-12 16:44:00+00:00,2020-11-12 16:45:00+00:00,11860.5,11964.25,11653.0,2020-11-12 20:55:00+00:00,11812.0,tiempo,97.0,2.0,95.0,207.5,0.4578313253012048
-1,1,2020-11-13 15:04:00+00:00,2020-11-13 15:05:00+00:00,11863.25,11923.75,11742.25,2020-11-13 20:31:00+00:00,11924.0,stop,-121.5,2.0,-123.5,121.0,-1.0206611570247934
1,1,2020-11-16 15:24:00+00:00,2020-11-16 15:25:00+00:00,11992.75,11887.75,12202.75,2020-11-16 20:55:00+00:00,11984.0,tiempo,-17.5,2.0,-19.5,210.0,-0.09285714285714286
1,1,2020-11-18 16:59:00+00:00,2020-11-18 17:00:00+00:00,11998.0,11913.5,12167.0,2020-11-18 20:51:00+00:00,11913.25,stop,-169.5,2.0,-171.5,169.0,-1.014792899408284
1,1,2020-11-19 15:39:00+00:00,2020-11-19 15:40:00+00:00,11937.5,11841.75,12129.0,2020-11-19 20:55:00+00:00,11984.0,tiempo,93.0,2.0,91.0,191.5,0.4751958224543081
1,1,2020-11-20 15:24:00+00:00,2020-11-20 15:25:00+00:00,11984.75,11946.0,12062.25,2020-11-20 20:18:00+00:00,11945.75,stop,-78.0,2.0,-80.0,77.5,-1.032258064516129
-1,1,2020-11-23 15:09:00+00:00,2020-11-23 15:10:00+00:00,11927.5,12001.75,11779.0,2020-11-23 20:55:00+00:00,11895.25,tiempo,64.5,2.0,62.5,148.5,0.4208754208754209
1,1,2020-11-24 15:44:00+00:00,2020-11-24 15:45:00+00:00,11970.5,11872.75,12166.0,2020-11-24 20:55:00+00:00,12079.5,tiempo,218.0,2.0,216.0,195.5,1.104859335038363
-1,1,2020-11-25 15:04:00+00:00,2020-11-25 15:05:00+00:00,12092.25,12145.25,11986.25,2020-11-25 18:02:00+00:00,12145.5,stop,-106.5,2.0,-108.5,106.0,-1.0235849056603774
-1,1,2020-11-26 15:19:00+00:00,2020-11-26 15:20:00+00:00,12186.75,12214.5,12131.25,2020-11-26 17:48:00+00:00,12131.25,objetivo,111.0,2.0,109.0,55.5,1.9639639639639639
1,1,2020-11-27 15:14:00+00:00,2020-11-27 15:15:00+00:00,12262.75,12214.5,12359.25,2020-11-27 18:14:00+00:00,12273.0,fin_de_datos,20.5,2.0,18.5,96.5,0.19170984455958548
-1,1,2020-11-30 15:29:00+00:00,2020-11-30 15:30:00+00:00,12207.5,12300.0,12022.5,2020-11-30 20:55:00+00:00,12264.0,tiempo,-113.0,2.0,-115.0,185.0,-0.6216216216216216
1,1,2020-12-01 15:04:00+00:00,2020-12-01 15:05:00+00:00,12413.25,12334.25,12571.25,2020-12-01 20:55:00+00:00,12461.75,tiempo,97.0,2.0,95.0,158.0,0.6012658227848101
1,1,2020-12-02 15:19:00+00:00,2020-12-02 15:20:00+00:00,12414.0,12312.5,12617.0,2020-12-02 20:55:00+00:00,12446.5,tiempo,65.0,2.0,63.0,203.0,0.3103448275862069
1,1,2020-12-03 15:04:00+00:00,2020-12-03 15:05:00+00:00,12508.75,12463.5,12599.25,2020-12-03 16:09:00+00:00,12463.25,stop,-91.0,2.0,-93.0,90.5,-1.0276243093922652
1,1,2020-12-04 15:09:00+00:00,2020-12-04 15:10:00+00:00,12512.0,12448.5,12639.0,2020-12-04 20:55:00+00:00,12517.5,tiempo,11.0,2.0,9.0,127.0,0.07086614173228346
1,1,2020-12-07 15:04:00+00:00,2020-12-07 15:05:00+00:00,12591.25,12525.75,12722.25,2020-12-07 20:55:00+00:00,12579.5,tiempo,-23.5,2.0,-25.5,131.0,-0.1946564885496183
-1,1,2020-12-08 15:24:00+00:00,2020-12-08 15:25:00+00:00,12505.5,12587.25,12342.0,2020-12-08 17:00:00+00:00,12587.5,stop,-164.0,2.0,-166.0,163.5,-1.0152905198776758
-1,1,2020-12-09 15:14:00+00:00,2020-12-09 15:15:00+00:00,12578.25,12641.5,12451.75,2020-12-09 18:25:00+00:00,12451.75,objetivo,253.0,2.0,251.0,126.5,1.9841897233201582
1,1,2020-12-10 15:09:00+00:00,2020-12-10 15:10:00+00:00,12390.0,12218.25,12733.5,2020-12-10 20:55:00+00:00,12420.75,tiempo,61.5,2.0,59.5,343.5,0.17321688500727803
-1,1,2020-12-11 16:39:00+00:00,2020-12-11 16:40:00+00:00,12269.75,12355.5,12098.25,2020-12-11 19:40:00+00:00,12355.75,stop,-172.0,2.0,-174.0,171.5,-1.0145772594752187
1,1,2020-12-14 15:14:00+00:00,2020-12-14 15:15:00+00:00,12526.0,12419.25,12739.5,2020-12-14 20:55:00+00:00,12484.0,tiempo,-84.0,2.0,-86.0,213.5,-0.4028103044496487
-1,1,2020-12-15 15:39:00+00:00,2020-12-15 15:40:00+00:00,12527.75,12576.75,12429.75,2020-12-15 20:00:00+00:00,12577.0,stop,-98.5,2.0,-100.5,98.0,-1.0255102040816326
-1,1,2020-12-17 15:04:00+00:00,2020-12-17 15:05:00+00:00,12725.75,12762.5,12652.25,2020-12-17 20:55:00+00:00,12754.0,tiempo,-56.5,2.0,-58.5,73.5,-0.7959183673469388
-1,1,2020-12-18 15:04:00+00:00,2020-12-18 15:05:00+00:00,12690.5,12787.75,12496.0,2020-12-18 20:55:00+00:00,12690.5,tiempo,-0.0,2.0,-2.0,194.5,-0.010282776349614395
-1,1,2020-12-21 15:04:00+00:00,2020-12-21 15:05:00+00:00,12533.25,12648.75,12302.25,2020-12-21 17:51:00+00:00,12649.0,stop,-231.5,2.0,-233.5,231.0,-1.0108225108225108
-1,1,2020-12-22 16:34:00+00:00,2020-12-22 16:35:00+00:00,12639.5,12754.25,12410.0,2020-12-22 20:55:00+00:00,12699.5,tiempo,-120.0,2.0,-122.0,229.5,-0.5315904139433552
1,1,2020-12-23 18:09:00+00:00,2020-12-23 18:10:00+00:00,12726.25,12649.25,12880.25,2020-12-23 20:55:00+00:00,12670.25,tiempo,-112.0,2.0,-114.0,154.0,-0.7402597402597403
1,1,2020-12-24 15:34:00+00:00,2020-12-24 15:35:00+00:00,12720.25,12656.0,12848.75,2020-12-24 18:14:00+00:00,12702.75,fin_de_datos,-35.0,2.0,-37.0,128.5,-0.28793774319066145
-1,1,2020-12-28 15:09:00+00:00,2020-12-28 15:10:00+00:00,12764.0,12820.0,12652.0,2020-12-28 16:02:00+00:00,12820.25,stop,-112.5,2.0,-114.5,112.0,-1.0223214285714286
-1,1,2020-12-29 15:14:00+00:00,2020-12-29 15:15:00+00:00,12814.75,12918.25,12607.75,2020-12-29 20:55:00+00:00,12833.0,tiempo,-36.5,2.0,-38.5,207.0,-0.1859903381642512
-1,1,2020-12-30 15:14:00+00:00,2020-12-30 15:15:00+00:00,12842.5,12909.75,12708.0,2020-12-30 20:55:00+00:00,12843.0,tiempo,-1.0,2.0,-3.0,134.5,-0.022304832713754646
-1,1,2020-12-31 16:54:00+00:00,2020-12-31 16:55:00+00:00,12816.0,12857.5,12733.0,2020-12-31 20:11:00+00:00,12857.75,stop,-83.5,2.0,-85.5,83.0,-1.0301204819277108
-1,1,2021-01-04 15:14:00+00:00,2021-01-04 15:15:00+00:00,12857.0,12941.25,12688.5,2021-01-04 16:07:00+00:00,12688.5,objetivo,337.0,2.0,335.0,168.5,1.9881305637982196
1,1,2021-01-05 15:04:00+00:00,2021-01-05 15:05:00+00:00,12773.0,12650.25,13018.5,2021-01-05 20:55:00+00:00,12796.5,tiempo,47.0,2.0,45.0,245.5,0.18329938900203666
1,1,2021-01-06 15:14:00+00:00,2021-01-06 15:15:00+00:00,12677.25,12551.25,12929.25,2021-01-06 20:55:00+00:00,12622.0,tiempo,-110.5,2.0,-112.5,252.0,-0.44642857142857145
1,1,2021-01-07 15:04:00+00:00,2021-01-07 15:05:00+00:00,12871.5,12726.0,13162.5,2021-01-07 20:55:00+00:00,12955.0,tiempo,167.0,2.0,165.0,291.0,0.5670103092783505
-1,1,2021-01-08 15:29:00+00:00,2021-01-08 15:30:00+00:00,12958.75,13052.0,12772.25,2021-01-08 16:06:00+00:00,13052.25,stop,-187.0,2.0,-189.0,186.5,-1.0134048257372654
1,1,2021-01-11 15:09:00+00:00,2021-01-11 15:10:00+00:00,12980.5,12892.25,13157.0,2021-01-11 20:21:00+00:00,12892.0,stop,-177.0,2.0,-179.0,176.5,-1.0141643059490084
-1,1,2021-01-12 17:04:00+00:00,2021-01-12 17:05:00+00:00,12838.75,12948.0,12620.25,2021-01-12 20:55:00+00:00,12891.5,tiempo,-105.5,2.0,-107.5,218.5,-0.4919908466819222
1,1,2021-01-13 15:39:00+00:00,2021-01-13 15:40:00+00:00,12958.75,12864.5,13147.25,2021-01-13 20:55:00+00:00,12971.0,tiempo,24.5,2.0,22.5,188.5,0.11936339522546419
1,1,2021-01-14 15:49:00+00:00,2021-01-14 15:50:00+00:00,13021.25,12968.75,13126.25,2021-01-14 16:57:00+00:00,12968.5,stop,-105.5,2.0,-107.5,105.0,-1.0238095238095237
-1,1,2021-01-15 15:04:00+00:00,2021-01-15 15:05:00+00:00,12857.75,12931.25,12710.75,2021-01-15 20:55:00+00:00,12801.25,tiempo,113.0,2.0,111.0,147.0,0.7551020408163265
-1,1,2021-01-19 16:19:00+00:00,2021-01-19 16:20:00+00:00,12859.5,12930.25,12718.0,2021-01-19 17:36:00+00:00,12930.5,stop,-142.0,2.0,-144.0,141.5,-1.017667844522968
1,1,2021-01-20 15:09:00+00:00,2021-01-20 15:10:00+00:00,13206.75,13121.0,13378.25,2021-01-20 20:55:00+00:00,13307.25,tiempo,201.0,2.0,199.0,171.5,1.1603498542274053
1,1,2021-01-21 15:14:00+00:00,2021-01-21 15:15:00+00:00,13364.75,13283.25,13527.75,2021-01-21 20:55:00+00:00,13400.5,tiempo,71.5,2.0,69.5,163.0,0.4263803680981595
1,1,2021-01-22 20:44:00+00:00,2021-01-22 20:45:00+00:00,13395.25,13327.75,13530.25,2021-01-22 20:55:00+00:00,13378.5,tiempo,-33.5,2.0,-35.5,135.0,-0.26296296296296295
-1,1,2021-01-25 15:44:00+00:00,2021-01-25 15:45:00+00:00,13495.5,13554.5,13377.5,2021-01-25 15:58:00+00:00,13377.5,objetivo,236.0,2.0,234.0,118.0,1.9830508474576272
1,1,2021-01-26 15:49:00+00:00,2021-01-26 15:50:00+00:00,13514.25,13426.75,13689.25,2021-01-26 20:55:00+00:00,13473.25,tiempo,-82.0,2.0,-84.0,175.0,-0.48
-1,1,2021-01-27 19:49:00+00:00,2021-01-27 19:50:00+00:00,13149.0,13389.5,12668.0,2021-01-27 20:55:00+00:00,13107.0,tiempo,84.0,2.0,82.0,481.0,0.1704781704781705
1,1,2021-01-28 15:19:00+00:00,2021-01-28 15:20:00+00:00,13267.0,13128.25,13544.5,2021-01-28 20:55:00+00:00,13227.0,tiempo,-80.0,2.0,-82.0,277.5,-0.2954954954954955
1,1,2021-01-29 15:24:00+00:00,2021-01-29 15:25:00+00:00,13147.25,12998.0,13445.75,2021-01-29 16:22:00+00:00,12997.75,stop,-299.0,2.0,-301.0,298.5,-1.0083752093802345
1,1,2021-02-01 15:44:00+00:00,2021-02-01 15:45:00+00:00,13116.5,12970.25,13409.0,2021-02-01 20:55:00+00:00,13267.0,tiempo,301.0,2.0,299.0,292.5,1.0222222222222221
1,1,2021-02-02 15:19:00+00:00,2021-02-02 15:20:00+00:00,13434.5,13345.0,13613.5,2021-02-02 20:55:00+00:00,13463.25,tiempo,57.5,2.0,55.5,179.0,0.3100558659217877
-1,1,2021-02-03 15:14:00+00:00,2021-02-03 15:15:00+00:00,13459.0,13547.75,13281.5,2021-02-03 20:55:00+00:00,13409.0,tiempo,100.0,2.0,98.0,177.5,0.5521126760563381
-1,1,2021-02-04 15:04:00+00:00,2021-02-04 15:05:00+00:00,13393.0,13480.25,13218.5,2021-02-04 17:37:00+00:00,13480.5,stop,-175.0,2.0,-177.0,174.5,-1.0143266475644699
-1,1,2021-02-05 15:19:00+00:00,2021-02-05 15:20:00+00:00,13528.0,13593.25,13397.5,2021-02-05 17:18:00+00:00,13593.5,stop,-131.0,2.0,-133.0,130.5,-1.0191570881226053
1,1,2021-02-08 15:04:00+00:00,2021-02-08 15:05:00+00:00,13674.75,13632.75,13758.75,2021-02-08 16:29:00+00:00,13632.5,stop,-84.5,2.0,-86.5,84.0,-1.0297619047619047
1,1,2021-02-09 15:09:00+00:00,2021-02-09 15:10:00+00:00,13713.75,13645.25,13850.75,2021-02-09 20:55:00+00:00,13671.5,tiempo,-84.5,2.0,-86.5,137.0,-0.6313868613138686
-1,1,2021-02-10 15:14:00+00:00,2021-02-10 15:15:00+00:00,13702.75,13762.0,13584.25,2021-02-10 15:24:00+00:00,13584.25,objetivo,237.0,2.0,235.0,118.5,1.9831223628691983
-1,1,2021-02-11 17:19:00+00:00,2021-02-11 17:20:00+00:00,13677.75,13738.75,13555.75,2021-02-11 20:55:00+00:00,13717.75,tiempo,-80.0,2.0,-82.0,122.0,-0.6721311475409836
1,1,2021-02-12 15:14:00+00:00,2021-02-12 15:15:00+00:00,13707.5,13646.0,13830.5,2021-02-12 20:55:00+00:00,13798.25,tiempo,181.5,2.0,179.5,123.0,1.4593495934959348
1,1,2021-02-15 17:29:00+00:00,2021-02-15 17:30:00+00:00,13863.5,13848.25,13894.0,2021-02-15 17:59:00+00:00,13871.75,fin_de_datos,16.5,2.0,14.5,30.5,0.47540983606557374
1,1,2021-02-16 15:39:00+00:00,2021-02-16 15:40:00+00:00,13871.5,13811.5,13991.5,2021-02-16 16:08:00+00:00,13811.25,stop,-120.5,2.0,-122.5,120.0,-1.0208333333333333
-1,1,2021-02-17 15:24:00+00:00,2021-02-17 15:25:00+00:00,13601.5,13692.5,13419.5,2021-02-17 20:34:00+00:00,13692.75,stop,-182.5,2.0,-184.5,182.0,-1.0137362637362637
-1,1,2021-02-18 15:09:00+00:00,2021-02-18 15:10:00+00:00,13510.5,13583.5,13364.5,2021-02-18 18:18:00+00:00,13583.75,stop,-146.5,2.0,-148.5,146.0,-1.0171232876712328
-1,1,2021-02-19 15:19:00+00:00,2021-02-19 15:20:00+00:00,13640.25,13700.5,13519.75,2021-02-19 20:55:00+00:00,13575.25,tiempo,130.0,2.0,128.0,120.5,1.062240663900415
-1,1,2021-02-22 15:24:00+00:00,2021-02-22 15:25:00+00:00,13346.75,13439.0,13162.25,2021-02-22 20:55:00+00:00,13223.5,tiempo,246.5,2.0,244.5,184.5,1.3252032520325203
1,1,2021-02-23 15:29:00+00:00,2021-02-23 15:30:00+00:00,13025.25,12757.25,13561.25,2021-02-23 20:55:00+00:00,13200.75,tiempo,351.0,2.0,349.0,536.0,0.6511194029850746
-1,1,2021-02-24 15:04:00+00:00,2021-02-24 15:05:00+00:00,12976.25,13121.25,12686.25,2021-02-24 16:05:00+00:00,13121.5,stop,-290.5,2.0,-292.5,290.0,-1.0086206896551724
-1,1,2021-02-25 15:04:00+00:00,2021-02-25 15:05:00+00:00,13171.0,13290.0,12933.0,2021-02-25 17:30:00+00:00,12933.0,objetivo,476.0,2.0,474.0,238.0,1.9915966386554622
-1,1,2021-02-26 15:09:00+00:00,2021-02-26 15:10:00+00:00,12814.5,13032.0,12379.5,2021-02-26 17:08:00+00:00,13032.25,stop,-435.5,2.0,-437.5,435.0,-1.0057471264367817
1,1,2021-03-01 15:19:00+00:00,2021-03-01 15:20:00+00:00,13131.75,13040.5,13314.25,2021-03-01 20:55:00+00:00,13278.75,tiempo,294.0,2.0,292.0,182.5,1.6
-1,1,2021-03-02 15:29:00+00:00,2021-03-02 15:30:00+00:00,13156.75,13303.0,12864.25,2021-03-02 20:55:00+00:00,13072.5,tiempo,168.5,2.0,166.5,292.5,0.5692307692307692
-1,1,2021-03-03 15:14:00+00:00,2021-03-03 15:15:00+00:00,12842.0,13052.0,12422.0,2021-03-03 20:55:00+00:00,12688.75,tiempo,306.5,2.0,304.5,420.0,0.725
-1,1,2021-03-04 15:04:00+00:00,2021-03-04 15:05:00+00:00,12543.75,12765.0,12101.25,2021-03-04 16:02:00+00:00,12765.25,stop,-443.0,2.0,-445.0,442.5,-1.0056497175141244
-1,1,2021-03-05 15:24:00+00:00,2021-03-05 15:25:00+00:00,12355.5,12606.0,11854.5,2021-03-05 18:27:00+00:00,12606.25,stop,-501.5,2.0,-503.5,501.0,-1.0049900199600799
1,1,2021-03-08 15:34:00+00:00,2021-03-08 15:35:00+00:00,12708.75,12526.75,13072.75,2021-03-08 16:50:00+00:00,12526.5,stop,-364.5,2.0,-366.5,364.0,-1.0068681318681318
1,1,2021-03-09 15:04:00+00:00,2021-03-09 15:05:00+00:00,12725.25,12587.0,13001.75,2021-03-09 20:55:00+00:00,12830.25,tiempo,210.0,2.0,208.0,276.5,0.7522603978300181
-1,1,2021-03-10 15:24:00+00:00,2021-03-10 15:25:00+00:00,12847.0,12979.5,12582.0,2021-03-10 20:55:00+00:00,12761.0,tiempo,172.0,2.0,170.0,265.0,0.6415094339622641
-1,1,2021-03-11 15:19:00+00:00,2021-03-11 15:20:00+00:00,12923.0,13007.0,12755.0,2021-03-11 15:49:00+00:00,13007.25,stop,-168.5,2.0,-170.5,168.0,-1.0148809523809523
-1,1,2021-03-12 15:54:00+00:00,2021-03-12 15:55:00+00:00,12786.5,12894.75,12570.0,2021-03-12 17:15:00+00:00,12895.0,stop,-217.0,2.0,-219.0,216.5,-1.0115473441108545
1,1,2021-03-15 14:14:00+00:00,2021-03-15 14:15:00+00:00,12987.25,12897.0,13167.75,2021-03-15 15:34:00+00:00,12896.75,stop,-181.0,2.0,-183.0,180.5,-1.0138504155124655
-1,1,2021-03-18 16:54:00+00:00,2021-03-18 16:55:00+00:00,12932.25,13022.25,12752.25,2021-03-18 19:55:00+00:00,12772.5,tiempo,319.5,2.0,317.5,180.0,1.7638888888888888
-1,1,2021-03-19 14:04:00+00:00,2021-03-19 14:05:00+00:00,12709.75,12837.5,12454.25,2021-03-19 14:52:00+00:00,12837.75,stop,-256.0,2.0,-258.0,255.5,-1.009784735812133
1,1,2021-03-22 14:34:00+00:00,2021-03-22 14:35:00+00:00,13026.0,12927.75,13222.5,2021-03-22 19:55:00+00:00,13081.0,tiempo,110.0,2.0,108.0,196.5,0.549618320610687
1,1,2021-03-23 14:14:00+00:00,2021-03-23 14:15:00+00:00,13122.75,13050.5,13267.25,2021-03-23 18:59:00+00:00,13050.25,stop,-145.0,2.0,-147.0,144.5,-1.0173010380622838
-1,1,2021-03-24 14:19:00+00:00,2021-03-24 14:20:00+00:00,12916.5,13072.25,12605.0,2021-03-24 19:55:00+00:00,12806.5,tiempo,220.0,2.0,218.0,311.5,0.6998394863563403
1,1,2021-03-25 14:04:00+00:00,2021-03-25 14:05:00+00:00,12823.0,12688.75,13091.5,2021-03-25 14:49:00+00:00,12688.5,stop,-269.0,2.0,-271.0,268.5,-1.0093109869646182
1,1,2021-03-26 14:04:00+00:00,2021-03-26 14:05:00+00:00,12851.0,12753.75,13045.5,2021-03-26 18:09:00+00:00,12753.5,stop,-195.0,2.0,-197.0,194.5,-1.012853470437018
-1,1,2021-03-29 14:09:00+00:00,2021-03-29 14:10:00+00:00,12830.5,12978.0,12535.5,2021-03-29 17:02:00+00:00,12978.25,stop,-295.5,2.0,-297.5,295.0,-1.0084745762711864
-1,1,2021-03-30 14:19:00+00:00,2021-03-30 14:20:00+00:00,12794.75,12888.25,12607.75,2021-03-30 15:32:00+00:00,12888.5,stop,-187.5,2.0,-189.5,187.0,-1.0133689839572193
1,1,2021-03-31 14:04:00+00:00,2021-03-31 14:05:00+00:00,13067.5,12953.0,13296.5,2021-03-31 19:55:00+00:00,13092.75,tiempo,50.5,2.0,48.5,229.0,0.21179039301310043
1,1,2021-04-01 14:09:00+00:00,2021-04-01 14:10:00+00:00,13306.5,13241.75,13436.0,2021-04-01 19:55:00+00:00,13314.0,tiempo,15.0,2.0,13.0,129.5,0.10038610038610038
1,1,2021-04-05 14:09:00+00:00,2021-04-05 14:10:00+00:00,13490.25,13409.25,13652.25,2021-04-05 19:55:00+00:00,13600.25,tiempo,220.0,2.0,218.0,162.0,1.345679012345679
1,1,2021-04-06 14:04:00+00:00,2021-04-06 14:05:00+00:00,13605.0,13538.75,13737.5,2021-04-06 19:55:00+00:00,13550.25,tiempo,-109.5,2.0,-111.5,132.5,-0.8415094339622642
1,1,2021-04-07 14:04:00+00:00,2021-04-07 14:05:00+00:00,13593.0,13512.5,13754.0,2021-04-07 19:55:00+00:00,13596.75,tiempo,7.5,2.0,5.5,161.0,0.034161490683229816
-1,1,2021-04-08 14:14:00+00:00,2021-04-08 14:15:00+00:00,13703.0,13753.75,13601.5,2021-04-08 19:55:00+00:00,13741.0,tiempo,-76.0,2.0,-78.0,101.5,-0.7684729064039408
1,1,2021-04-09 14:04:00+00:00,2021-04-09 14:05:00+00:00,13732.5,13658.25,13881.0,2021-04-09 19:55:00+00:00,13832.25,tiempo,199.5,2.0,197.5,148.5,1.32996632996633
1,1,2021-04-12 16:34:00+00:00,2021-04-12 16:35:00+00:00,13814.0,13742.5,13957.0,2021-04-12 19:55:00+00:00,13809.0,tiempo,-10.0,2.0,-12.0,143.0,-0.08391608391608392
1,1,2021-04-13 18:34:00+00:00,2021-04-13 18:35:00+00:00,13953.75,13866.75,14127.75,2021-04-13 19:55:00+00:00,13976.5,tiempo,45.5,2.0,43.5,174.0,0.25
-1,1,2021-04-14 14:24:00+00:00,2021-04-14 14:25:00+00:00,13940.5,13988.5,13844.5,2021-04-14 17:58:00+00:00,13844.5,objetivo,192.0,2.0,190.0,96.0,1.9791666666666667
1,1,2021-04-15 14:29:00+00:00,2021-04-15 14:30:00+00:00,13989.25,13923.0,14121.75,2021-04-15 19:55:00+00:00,14021.0,tiempo,63.5,2.0,61.5,132.5,0.4641509433962264
-1,1,2021-04-19 14:09:00+00:00,2021-04-19 14:10:00+00:00,13924.0,14013.25,13745.5,2021-04-19 19:55:00+00:00,13871.25,tiempo,105.5,2.0,103.5,178.5,0.5798319327731093
-1,1,2021-04-20 14:44:00+00:00,2021-04-20 14:45:00+00:00,13824.5,13929.75,13614.0,2021-04-20 19:55:00+00:00,13803.5,tiempo,42.0,2.0,40.0,210.5,0.19002375296912113
1,1,2021-04-21 14:29:00+00:00,2021-04-21 14:30:00+00:00,13816.0,13700.5,14047.0,2021-04-21 19:55:00+00:00,13921.0,tiempo,210.0,2.0,208.0,231.0,0.9004329004329005
1,1,2021-04-22 14:34:00+00:00,2021-04-22 14:35:00+00:00,13931.25,13855.5,14082.75,2021-04-22 17:10:00+00:00,13855.25,stop,-152.0,2.0,-154.0,151.5,-1.0165016501650166
1,1,2021-04-23 14:04:00+00:00,2021-04-23 14:05:00+00:00,13837.75,13776.0,13961.25,2021-04-23 17:37:00+00:00,13961.25,objetivo,247.0,2.0,245.0,123.5,1.9838056680161944
1,1,2021-04-26 14:09:00+00:00,2021-04-26 14:10:00+00:00,13952.25,13902.25,14052.25,2021-04-26 19:55:00+00:00,14008.0,tiempo,111.5,2.0,109.5,100.0,1.095
-1,1,2021-04-27 14:19:00+00:00,2021-04-27 14:20:00+00:00,13937.75,14034.75,13743.75,2021-04-27 19:55:00+00:00,13964.5,tiempo,-53.5,2.0,-55.5,194.0,-0.2860824742268041
-1,1,2021-04-29 14:14:00+00:00,2021-04-29 14:15:00+00:00,13946.0,14060.75,13716.5,2021-04-29 19:55:00+00:00,13952.75,tiempo,-13.5,2.0,-15.5,229.5,-0.06753812636165578
1,1,2021-04-30 14:24:00+00:00,2021-04-30 14:25:00+00:00,13923.25,13840.5,14088.75,2021-04-30 17:53:00+00:00,13840.25,stop,-166.0,2.0,-168.0,165.5,-1.0151057401812689
1,1,2021-05-03 14:14:00+00:00,2021-05-03 14:15:00+00:00,13929.75,13851.0,14087.25,2021-05-03 14:53:00+00:00,13850.75,stop,-158.0,2.0,-160.0,157.5,-1.0158730158730158
-1,1,2021-05-04 14:04:00+00:00,2021-05-04 14:05:00+00:00,13527.0,13696.5,13188.0,2021-05-04 19:55:00+00:00,13493.75,tiempo,66.5,2.0,64.5,339.0,0.1902654867256637
-1,1,2021-05-05 14:04:00+00:00,2021-05-05 14:05:00+00:00,13547.5,13665.5,13311.5,2021-05-05 19:55:00+00:00,13496.25,tiempo,102.5,2.0,100.5,236.0,0.4258474576271186
-1,1,2021-05-06 14:09:00+00:00,2021-05-06 14:10:00+00:00,13414.5,13509.0,13225.5,2021-05-06 15:34:00+00:00,13509.25,stop,-189.5,2.0,-191.5,189.0,-1.0132275132275133
1,1,2021-05-07 14:09:00+00:00,2021-05-07 14:10:00+00:00,13764.5,13661.5,13970.5,2021-05-07 19:55:00+00:00,13726.0,tiempo,-77.0,2.0,-79.0,206.0,-0.38349514563106796
-1,1,2021-05-10 14:34:00+00:00,2021-05-10 14:35:00+00:00,13497.5,13657.75,13177.0,2021-05-10 19:55:00+00:00,13361.5,tiempo,272.0,2.0,270.0,320.5,0.8424336973478939
1,1,2021-05-11 15:19:00+00:00,2021-05-11 15:20:00+00:00,13272.25,13084.75,13647.25,2021-05-11 19:55:00+00:00,13345.75,tiempo,147.0,2.0,145.0,375.0,0.38666666666666666
-1,1,2021-05-12 14:29:00+00:00,2021-05-12 14:30:00+00:00,13105.5,13231.5,12853.5,2021-05-12 19:55:00+00:00,12964.75,tiempo,281.5,2.0,279.5,252.0,1.1091269841269842
1,1,2021-05-13 14:04:00+00:00,2021-05-13 14:05:00+00:00,13189.25,13086.75,13394.25,2021-05-13 15:43:00+00:00,13086.5,stop,-205.5,2.0,-207.5,205.0,-1.0121951219512195
1,1,2021-05-14 14:14:00+00:00,2021-05-14 14:15:00+00:00,13287.25,13208.75,13444.25,2021-05-14 19:55:00+00:00,13419.5,tiempo,264.5,2.0,262.5,157.0,1.6719745222929936
-1,1,2021-05-17 14:04:00+00:00,2021-05-17 14:05:00+00:00,13254.25,13343.0,13076.75,2021-05-17 19:55:00+00:00,13289.25,tiempo,-70.0,2.0,-72.0,177.5,-0.4056338028169014
1,1,2021-05-18 14:29:00+00:00,2021-05-18 14:30:00+00:00,13382.75,13300.0,13548.25,2021-05-18 18:33:00+00:00,13299.75,stop,-166.0,2.0,-168.0,165.5,-1.0151057401812689
1,1,2021-05-19 14:29:00+00:00,2021-05-19 14:30:00+00:00,13092.25,12969.5,13337.75,2021-05-19 19:55:00+00:00,13205.25,tiempo,226.0,2.0,224.0,245.5,0.9124236252545825
1,1,2021-05-20 14:04:00+00:00,2021-05-20 14:05:00+00:00,13406.0,13281.25,13655.5,2021-05-20 19:55:00+00:00,13508.5,tiempo,205.0,2.0,203.0,249.5,0.8136272545090181
-1,1,2021-05-21 14:19:00+00:00,2021-05-21 14:20:00+00:00,13482.0,13570.0,13306.0,2021-05-21 19:55:00+00:00,13406.0,tiempo,152.0,2.0,150.0,176.0,0.8522727272727273
1,1,2021-05-24 14:04:00+00:00,2021-05-24 14:05:00+00:00,13589.5,13493.5,13781.5,2021-05-24 19:55:00+00:00,13657.25,tiempo,135.5,2.0,133.5,192.0,0.6953125
-1,1,2021-05-25 14:34:00+00:00,2021-05-25 14:35:00+00:00,13639.0,13732.5,13452.0,2021-05-25 19:55:00+00:00,13639.25,tiempo,-0.5,2.0,-2.5,187.0,-0.013368983957219251
-1,1,2021-05-26 14:04:00+00:00,2021-05-26 14:05:00+00:00,13661.25,13708.75,13566.25,2021-05-26 14:53:00+00:00,13709.0,stop,-95.5,2.0,-97.5,95.0,-1.0263157894736843
1,1,2021-05-27 14:19:00+00:00,2021-05-27 14:20:00+00:00,13699.25,13644.0,13809.75,2021-05-27 19:55:00+00:00,13665.5,tiempo,-67.5,2.0,-69.5,110.5,-0.6289592760180995
1,1,2021-05-28 15:44:00+00:00,2021-05-28 15:45:00+00:00,13745.5,13695.75,13845.0,2021-05-28 19:54:00+00:00,13695.5,stop,-100.0,2.0,-102.0,99.5,-1.0251256281407035
-1,1,2021-05-31 14:24:00+00:00,2021-05-31 14:25:00+00:00,13666.0,13680.0,13638.0,2021-05-31 16:59:00+00:00,13655.0,fin_de_datos,22.0,2.0,20.0,28.0,0.7142857142857143
-1,1,2021-06-01 14:04:00+00:00,2021-06-01 14:05:00+00:00,13700.25,13773.0,13554.75,2021-06-01 19:55:00+00:00,13662.5,tiempo,75.5,2.0,73.5,145.5,0.5051546391752577
-1,1,2021-06-02 17:24:00+00:00,2021-06-02 17:25:00+00:00,13627.5,13708.5,13465.5,2021-06-02 19:55:00+00:00,13661.75,tiempo,-68.5,2.0,-70.5,162.0,-0.4351851851851852
1,1,2021-06-03 14:59:00+00:00,2021-06-03 15:00:00+00:00,13579.0,13462.25,13812.5,2021-06-03 19:55:00+00:00,13525.0,tiempo,-108.0,2.0,-110.0,233.5,-0.47109207708779444
1,1,2021-06-04 14:04:00+00:00,2021-06-04 14:05:00+00:00,13733.25,13605.5,13988.75,2021-06-04 19:55:00+00:00,13775.75,tiempo,85.0,2.0,83.0,255.5,0.324853228962818
-1,1,2021-06-07 14:19:00+00:00,2021-06-07 14:20:00+00:00,13715.0,13764.5,13616.0,2021-06-07 17:01:00+00:00,13764.75,stop,-99.5,2.0,-101.5,99.0,-1.0252525252525253
-1,1,2021-06-08 14:29:00+00:00,2021-06-08 14:30:00+00:00,13827.25,13917.25,13647.25,2021-06-08 19:55:00+00:00,13813.5,tiempo,27.5,2.0,25.5,180.0,0.14166666666666666
-1,1,2021-06-09 14:14:00+00:00,2021-06-09 14:15:00+00:00,13838.75,13904.25,13707.75,2021-06-09 19:55:00+00:00,13819.75,tiempo,38.0,2.0,36.0,131.0,0.2748091603053435
-1,1,2021-06-11 15:04:00+00:00,2021-06-11 15:05:00+00:00,13937.0,13985.5,13840.0,2021-06-11 19:54:00+00:00,13985.75,stop,-97.5,2.0,-99.5,97.0,-1.0257731958762886
1,1,2021-06-17 14:04:00+00:00,2021-06-17 14:05:00+00:00,14041.0,13932.0,14259.0,2021-06-17 19:55:00+00:00,14173.25,tiempo,264.5,2.0,262.5,218.0,1.2041284403669725
-1,1,2021-06-18 15:14:00+00:00,2021-06-18 15:15:00+00:00,14029.25,14131.5,13824.75,2021-06-18 19:55:00+00:00,14078.0,tiempo,-97.5,2.0,-99.5,204.5,-0.48655256723716384
1,1,2021-06-21 14:39:00+00:00,2021-06-21 14:40:00+00:00,14082.0,13958.5,14329.0,2021-06-21 19:55:00+00:00,14131.75,tiempo,99.5,2.0,97.5,247.0,0.39473684210526316
1,1,2021-06-22 15:09:00+00:00,2021-06-22 15:10:00+00:00,14187.5,14107.5,14347.5,2021-06-22 19:55:00+00:00,14264.0,tiempo,153.0,2.0,151.0,160.0,0.94375
-1,1,2021-06-23 15:04:00+00:00,2021-06-23 15:05:00+00:00,14252.5,14311.75,14134.0,2021-06-23 19:55:00+00:00,14259.25,tiempo,-13.5,2.0,-15.5,118.5,-0.1308016877637131
1,1,2021-06-24 14:09:00+00:00,2021-06-24 14:10:00+00:00,14387.25,14344.0,14473.75,2021-06-24 17:20:00+00:00,14343.75,stop,-87.0,2.0,-89.0,86.5,-1.0289017341040463
-1,1,2021-06-25 16:29:00+00:00,2021-06-25 16:30:00+00:00,14325.25,14390.5,14194.75,2021-06-25 19:55:00+00:00,14325.75,tiempo,-1.0,2.0,-3.0,130.5,-0.022988505747126436
1,1,2021-06-28 14:09:00+00:00,2021-06-28 14:10:00+00:00,14467.25,14390.75,14620.25,2021-06-28 19:55:00+00:00,14516.75,tiempo,99.0,2.0,97.0,153.0,0.6339869281045751
1,1,2021-06-29 16:19:00+00:00,2021-06-29 16:20:00+00:00,14534.0,14470.5,14661.0,2021-06-29 19:55:00+00:00,14558.5,tiempo,49.0,2.0,47.0,127.0,0.3700787401574803
-1,1,2021-07-01 15:09:00+00:00,2021-07-01 15:10:00+00:00,14510.0,14570.0,14390.0,2021-07-01 19:55:00+00:00,14538.75,tiempo,-57.5,2.0,-59.5,120.0,-0.49583333333333335
1,1,2021-07-02 15:54:00+00:00,2021-07-02 15:55:00+00:00,14670.25,14619.25,14772.25,2021-07-02 19:55:00+00:00,14725.0,tiempo,109.5,2.0,107.5,102.0,1.053921568627451
-1,1,2021-07-05 16:54:00+00:00,2021-07-05 16:55:00+00:00,14690.5,14704.5,14662.5,2021-07-05 16:59:00+00:00,14693.5,fin_de_datos,-6.0,2.0,-8.0,28.0,-0.2857142857142857
1,1,2021-07-06 14:09:00+00:00,2021-07-06 14:10:00+00:00,14786.25,14738.0,14882.75,2021-07-06 14:33:00+00:00,14737.75,stop,-97.0,2.0,-99.0,96.5,-1.0259067357512954
-1,1,2021-07-07 14:04:00+00:00,2021-07-07 14:05:00+00:00,14802.25,14883.75,14639.25,2021-07-07 19:55:00+00:00,14806.25,tiempo,-8.0,2.0,-10.0,163.0,-0.06134969325153374
1,1,2021-07-08 14:29:00+00:00,2021-07-08 14:30:00+00:00,14644.25,14540.5,14851.75,2021-07-08 19:55:00+00:00,14688.25,tiempo,88.0,2.0,86.0,207.5,0.41445783132530123
1,1,2021-07-09 14:24:00+00:00,2021-07-09 14:25:00+00:00,14728.25,14668.0,14848.75,2021-07-09 19:55:00+00:00,14823.0,tiempo,189.5,2.0,187.5,120.5,1.5560165975103735
1,1,2021-07-13 14:04:00+00:00,2021-07-13 14:05:00+00:00,14927.5,14842.25,15098.0,2021-07-13 18:03:00+00:00,14842.0,stop,-171.0,2.0,-173.0,170.5,-1.0146627565982405
1,1,2021-07-14 14:04:00+00:00,2021-07-14 14:05:00+00:00,14992.25,14935.0,15106.75,2021-07-14 15:28:00+00:00,14934.75,stop,-115.0,2.0,-117.0,114.5,-1.0218340611353711
-1,1,2021-07-15 14:44:00+00:00,2021-07-15 14:45:00+00:00,14786.0,14902.25,14553.5,2021-07-15 19:55:00+00:00,14781.0,tiempo,10.0,2.0,8.0,232.5,0.034408602150537634
-1,1,2021-07-16 14:09:00+00:00,2021-07-16 14:10:00+00:00,14790.5,14869.5,14632.5,2021-07-16 19:55:00+00:00,14671.0,tiempo,239.0,2.0,237.0,158.0,1.5
-1,1,2021-07-19 16:44:00+00:00,2021-07-19 16:45:00+00:00,14464.5,14573.5,14246.5,2021-07-19 19:55:00+00:00,14511.0,tiempo,-93.0,2.0,-95.0,218.0,-0.43577981651376146
1,1,2021-07-20 14:24:00+00:00,2021-07-20 14:25:00+00:00,14608.75,14516.75,14792.75,2021-07-20 19:55:00+00:00,14759.25,tiempo,301.0,2.0,299.0,184.0,1.625
1,1,2021-07-21 14:24:00+00:00,2021-07-21 14:25:00+00:00,14761.25,14692.25,14899.25,2021-07-21 19:55:00+00:00,14819.5,tiempo,116.5,2.0,114.5,138.0,0.8297101449275363
1,1,2021-07-22 14:29:00+00:00,2021-07-22 14:30:00+00:00,14905.0,14839.5,15036.0,2021-07-22 19:55:00+00:00,14921.75,tiempo,33.5,2.0,31.5,131.0,0.24045801526717558
1,1,2021-07-23 14:19:00+00:00,2021-07-23 14:20:00+00:00,14997.75,14934.25,15124.75,2021-07-23 19:55:00+00:00,15104.0,tiempo,212.5,2.0,210.5,127.0,1.6574803149606299
1,1,2021-07-26 14:04:00+00:00,2021-07-26 14:05:00+00:00,15112.75,15040.25,15257.75,2021-07-26 19:55:00+00:00,15108.25,tiempo,-9.0,2.0,-11.0,145.0,-0.07586206896551724
-1,1,2021-07-27 14:09:00+00:00,2021-07-27 14:10:00+00:00,15012.5,15107.0,14823.5,2021-07-27 15:40:00+00:00,14823.5,objetivo,378.0,2.0,376.0,189.0,1.9894179894179893
1,1,2021-07-28 14:19:00+00:00,2021-07-28 14:20:00+00:00,15054.5,14901.5,15360.5,2021-07-28 19:55:00+00:00,15017.0,tiempo,-75.0,2.0,-77.0,306.0,-0.25163398692810457
1,1,2021-07-30 14:04:00+00:00,2021-07-30 14:05:00+00:00,14977.0,14866.0,15199.0,2021-07-30 19:55:00+00:00,14942.25,tiempo,-69.5,2.0,-71.5,222.0,-0.32207207207207206
1,1,2021-08-02 15:24:00+00:00,2021-08-02 15:25:00+00:00,15045.75,14935.75,15265.75,2021-08-02 19:49:00+00:00,14935.5,stop,-220.5,2.0,-222.5,220.0,-1.0113636363636365
-1,1,2021-08-03 14:09:00+00:00,2021-08-03 14:10:00+00:00,14867.0,15008.75,14583.5,2021-08-03 15:57:00+00:00,15009.0,stop,-284.0,2.0,-286.0,283.5,-1.0088183421516754
1,1,2021-08-04 17:04:00+00:00,2021-08-04 17:05:00+00:00,15075.25,15018.5,15188.75,2021-08-04 19:55:00+00:00,15090.0,tiempo,29.5,2.0,27.5,113.5,0.2422907488986784
1,1,2021-08-05 14:09:00+00:00,2021-08-05 14:10:00+00:00,15129.0,15073.0,15241.0,2021-08-05 19:55:00+00:00,15158.5,tiempo,59.0,2.0,57.0,112.0,0.5089285714285714
-1,1,2021-08-06 14:49:00+00:00,2021-08-06 14:50:00+00:00,15088.25,15150.0,14964.75,2021-08-06 19:55:00+00:00,15090.0,tiempo,-3.5,2.0,-5.5,123.5,-0.044534412955465584
1,1,2021-08-09 18:34:00+00:00,2021-08-09 18:35:00+00:00,15144.25,15069.0,15294.75,2021-08-09 19:55:00+00:00,15119.0,tiempo,-50.5,2.0,-52.5,150.5,-0.3488372093023256
-1,1,2021-08-10 14:29:00+00:00,2021-08-10 14:30:00+00:00,15096.25,15153.75,14981.25,2021-08-10 19:55:00+00:00,15028.0,tiempo,136.5,2.0,134.5,115.0,1.1695652173913043
-1,1,2021-08-11 14:14:00+00:00,2021-08-11 14:15:00+00:00,15040.75,15119.0,14884.25,2021-08-11 19:55:00+00:00,15021.25,tiempo,39.0,2.0,37.0,156.5,0.2364217252396166
1,1,2021-08-12 14:19:00+00:00,2021-08-12 14:20:00+00:00,15008.5,14946.5,15132.5,2021-08-12 19:55:00+00:00,15088.0,tiempo,159.0,2.0,157.0,124.0,1.2661290322580645
1,1,2021-08-13 14:19:00+00:00,2021-08-13 14:20:00+00:00,15133.75,15068.25,15264.75,2021-08-13 19:55:00+00:00,15116.25,tiempo,-35.0,2.0,-37.0,131.0,-0.2824427480916031
-1,1,2021-08-16 14:09:00+00:00,2021-08-16 14:10:00+00:00,15006.0,15112.25,14793.5,2021-08-16 19:23:00+00:00,15112.5,stop,-213.0,2.0,-215.0,212.5,-1.011764705882353
1,1,2021-08-17 14:44:00+00:00,2021-08-17 14:45:00+00:00,15050.0,14955.0,15240.0,2021-08-17 15:55:00+00:00,14954.75,stop,-190.5,2.0,-192.5,190.0,-1.013157894736842
-1,1,2021-08-18 18:14:00+00:00,2021-08-18 18:15:00+00:00,14952.0,15036.0,14784.0,2021-08-18 19:55:00+00:00,14873.0,tiempo,158.0,2.0,156.0,168.0,0.9285714285714286
1,1,2021-08-19 14:09:00+00:00,2021-08-19 14:10:00+00:00,14847.0,14763.75,15013.5,2021-08-19 19:55:00+00:00,14923.5,tiempo,153.0,2.0,151.0,166.5,0.9069069069069069
1,1,2021-08-20 14:04:00+00:00,2021-08-20 14:05:00+00:00,15059.75,14959.0,15261.25,2021-08-20 19:55:00+00:00,15090.75,tiempo,62.0,2.0,60.0,201.5,0.2977667493796526
1,1,2021-08-23 14:04:00+00:00,2021-08-23 14:05:00+00:00,15230.25,15124.75,15441.25,2021-08-23 19:55:00+00:00,15317.75,tiempo,175.0,2.0,173.0,211.0,0.8199052132701422
1,1,2021-08-24 14:09:00+00:00,2021-08-24 14:10:00+00:00,15361.25,15313.0,15457.75,2021-08-24 19:55:00+00:00,15348.25,tiempo,-26.0,2.0,-28.0,96.5,-0.29015544041450775
-1,1,2021-08-25 14:09:00+00:00,2021-08-25 14:10:00+00:00,15357.0,15397.0,15277.0,2021-08-25 19:55:00+00:00,15373.5,tiempo,-33.0,2.0,-35.0,80.0,-0.4375
-1,1,2021-08-26 14:24:00+00:00,2021-08-26 14:25:00+00:00,15321.75,15362.25,15240.75,2021-08-26 19:55:00+00:00,15279.5,tiempo,84.5,2.0,82.5,81.0,1.0185185185185186
1,1,2021-08-27 14:04:00+00:00,2021-08-27 14:05:00+00:00,15361.25,15284.25,15515.25,2021-08-27 19:55:00+00:00,15429.75,tiempo,137.0,2.0,135.0,154.0,0.8766233766233766
1,1,2021-08-30 14:04:00+00:00,2021-08-30 14:05:00+00:00,15545.75,15455.25,15726.75,2021-08-30 19:55:00+00:00,15611.5,tiempo,131.5,2.0,129.5,181.0,0.7154696132596685
-1,1,2021-09-01 19:44:00+00:00,2021-09-01 19:45:00+00:00,15620.75,15699.0,15464.25,2021-09-01 19:55:00+00:00,15612.0,tiempo,17.5,2.0,15.5,156.5,0.09904153354632587
-1,1,2021-09-02 14:04:00+00:00,2021-09-02 14:05:00+00:00,15633.25,15682.0,15535.75,2021-09-02 19:55:00+00:00,15597.25,tiempo,72.0,2.0,70.0,97.5,0.717948717948718
1,1,2021-09-03 14:04:00+00:00,2021-09-03 14:05:00+00:00,15661.5,15554.25,15876.0,2021-09-03 19:55:00+00:00,15643.75,tiempo,-35.5,2.0,-37.5,214.5,-0.17482517482517482
1,1,2021-09-06 14:04:00+00:00,2021-09-06 14:05:00+00:00,15706.25,15686.75,15745.25,2021-09-06 16:59:00+00:00,15701.0,fin_de_datos,-10.5,2.0,-12.5,39.0,-0.32051282051282054
1,1,2021-09-07 14:54:00+00:00,2021-09-07 14:55:00+00:00,15673.5,15613.5,15793.5,2021-09-07 19:55:00+00:00,15678.75,tiempo,10.5,2.0,8.5,120.0,0.07083333333333333
-1,1,2021-09-08 14:34:00+00:00,2021-09-08 14:35:00+00:00,15592.75,15667.25,15443.75,2021-09-08 19:55:00+00:00,15613.25,tiempo,-41.0,2.0,-43.0,149.0,-0.28859060402684567
-1,1,2021-09-09 15:29:00+00:00,2021-09-09 15:30:00+00:00,15614.25,15675.75,15491.25,2021-09-09 19:55:00+00:00,15562.0,tiempo,104.5,2.0,102.5,123.0,0.8333333333333334
-1,1,2021-09-10 14:04:00+00:00,2021-09-10 14:05:00+00:00,15622.0,15668.0,15530.0,2021-09-10 15:55:00+00:00,15530.0,objetivo,184.0,2.0,182.0,92.0,1.9782608695652173
-1,1,2021-09-13 14:04:00+00:00,2021-09-13 14:05:00+00:00,15415.0,15565.0,15115.0,2021-09-13 19:55:00+00:00,15425.5,tiempo,-21.0,2.0,-23.0,300.0,-0.07666666666666666
-1,1,2021-09-14 14:04:00+00:00,2021-09-14 14:05:00+00:00,15432.5,15530.75,15236.0,2021-09-14 19:55:00+00:00,15376.75,tiempo,111.5,2.0,109.5,196.5,0.5572519083969466
-1,1,2021-09-16 14:04:00+00:00,2021-09-16 14:05:00+00:00,15384.0,15472.75,15206.5,2021-09-16 17:57:00+00:00,15473.0,stop,-178.0,2.0,-180.0,177.5,-1.0140845070422535
-1,1,2021-09-17 14:14:00+00:00,2021-09-17 14:15:00+00:00,15373.5,15485.0,15150.5,2021-09-17 19:55:00+00:00,15321.75,tiempo,103.5,2.0,101.5,223.0,0.4551569506726457
-1,1,2021-09-20 14:24:00+00:00,2021-09-20 14:25:00+00:00,15021.25,15151.25,14761.25,2021-09-20 19:55:00+00:00,14965.25,tiempo,112.0,2.0,110.0,260.0,0.4230769230769231
-1,1,2021-09-21 14:09:00+00:00,2021-09-21 14:10:00+00:00,15015.0,15131.75,14781.5,2021-09-21 19:55:00+00:00,15040.25,tiempo,-50.5,2.0,-52.5,233.5,-0.22483940042826553
1,1,2021-09-22 14:04:00+00:00,2021-09-22 14:05:00+00:00,15094.0,15014.75,15252.5,2021-09-22 19:55:00+00:00,15177.75,tiempo,167.5,2.0,165.5,158.5,1.0441640378548895
1,1,2021-09-23 14:04:00+00:00,2021-09-23 14:05:00+00:00,15319.0,15182.0,15593.0,2021-09-23 19:55:00+00:00,15314.75,tiempo,-8.5,2.0,-10.5,274.0,-0.03832116788321168
1,1,2021-09-24 14:04:00+00:00,2021-09-24 14:05:00+00:00,15257.5,15189.75,15393.0,2021-09-24 19:55:00+00:00,15323.25,tiempo,131.5,2.0,129.5,135.5,0.955719557195572
1,1,2021-09-27 15:04:00+00:00,2021-09-27 15:05:00+00:00,15221.75,15084.0,15497.25,2021-09-27 19:55:00+00:00,15180.75,tiempo,-82.0,2.0,-84.0,275.5,-0.30490018148820325
-1,1,2021-09-28 14:09:00+00:00,2021-09-28 14:10:00+00:00,14881.0,15029.0,14585.0,2021-09-28 19:55:00+00:00,14764.5,tiempo,233.0,2.0,231.0,296.0,0.7804054054054054
-1,1,2021-09-29 15:39:00+00:00,2021-09-29 15:40:00+00:00,14762.25,14903.25,14480.25,2021-09-29 19:55:00+00:00,14740.0,tiempo,44.5,2.0,42.5,282.0,0.15070921985815602
-1,1,2021-09-30 14:54:00+00:00,2021-09-30 14:55:00+00:00,14800.5,14878.75,14644.0,2021-09-30 19:55:00+00:00,14707.5,tiempo,186.0,2.0,184.0,156.5,1.1757188498402555
-1,1,2021-10-01 14:19:00+00:00,2021-10-01 14:20:00+00:00,14565.75,14735.5,14226.25,2021-10-01 17:48:00+00:00,14735.75,stop,-340.0,2.0,-342.0,339.5,-1.0073637702503682
-1,1,2021-10-04 14:04:00+00:00,2021-10-04 14:05:00+00:00,14555.0,14720.0,14225.0,2021-10-04 19:55:00+00:00,14412.5,tiempo,285.0,2.0,283.0,330.0,0.8575757575757575
1,1,2021-10-05 14:04:00+00:00,2021-10-05 14:05:00+00:00,14606.5,14497.5,14824.5,2021-10-05 19:55:00+00:00,14673.25,tiempo,133.5,2.0,131.5,218.0,0.6032110091743119
-1,1,2021-10-06 14:04:00+00:00,2021-10-06 14:05:00+00:00,14495.5,14638.5,14209.5,2021-10-06 14:22:00+00:00,14638.75,stop,-286.5,2.0,-288.5,286.0,-1.0087412587412588
1,1,2021-10-07 14:04:00+00:00,2021-10-07 14:05:00+00:00,14971.0,14859.25,15194.5,2021-10-07 19:55:00+00:00,14896.25,tiempo,-149.5,2.0,-151.5,223.5,-0.6778523489932886
-1,1,2021-10-08 14:44:00+00:00,2021-10-08 14:45:00+00:00,14826.5,14943.0,14593.5,2021-10-08 19:55:00+00:00,14808.0,tiempo,37.0,2.0,35.0,233.0,0.15021459227467812
1,1,2021-10-11 14:04:00+00:00,2021-10-11 14:05:00+00:00,14868.25,14722.0,15160.75,2021-10-11 19:51:00+00:00,14721.75,stop,-293.0,2.0,-295.0,292.5,-1.0085470085470085
-1,1,2021-10-12 14:54:00+00:00,2021-10-12 14:55:00+00:00,14646.5,14779.0,14381.5,2021-10-12 19:55:00+00:00,14635.0,tiempo,23.0,2.0,21.0,265.0,0.07924528301886792
-1,1,2021-10-13 14:14:00+00:00,2021-10-13 14:15:00+00:00,14677.75,14778.75,14475.75,2021-10-13 18:01:00+00:00,14779.0,stop,-202.5,2.0,-204.5,202.0,-1.0123762376237624
1,1,2021-10-14 14:04:00+00:00,2021-10-14 14:05:00+00:00,14973.5,14890.5,15139.5,2021-10-14 19:55:00+00:00,15039.25,tiempo,131.5,2.0,129.5,166.0,0.7801204819277109
1,1,2021-10-15 14:59:00+00:00,2021-10-15 15:00:00+00:00,15110.5,15049.25,15233.0,2021-10-15 19:55:00+00:00,15121.75,tiempo,22.5,2.0,20.5,122.5,0.1673469387755102
1,1,2021-10-18 14:09:00+00:00,2021-10-18 14:10:00+00:00,15153.75,15052.0,15357.25,2021-10-18 19:55:00+00:00,15288.0,tiempo,268.5,2.0,266.5,203.5,1.3095823095823096
1,1,2021-10-19 14:29:00+00:00,2021-10-19 14:30:00+00:00,15359.5,15302.0,15474.5,2021-10-19 19:55:00+00:00,15388.0,tiempo,57.0,2.0,55.0,115.0,0.4782608695652174
-1,1,2021-10-20 14:04:00+00:00,2021-10-20 14:05:00+00:00,15390.75,15439.0,15294.25,2021-10-20 14:30:00+00:00,15439.25,stop,-97.0,2.0,-99.0,96.5,-1.0259067357512954
1,1,2021-10-21 14:09:00+00:00,2021-10-21 14:10:00+00:00,15399.75,15334.0,15531.25,2021-10-21 19:55:00+00:00,15468.0,tiempo,136.5,2.0,134.5,131.5,1.0228136882129277
1,1,2021-10-22 14:29:00+00:00,2021-10-22 14:30:00+00:00,15463.0,15385.5,15618.0,2021-10-22 15:15:00+00:00,15385.25,stop,-155.5,2.0,-157.5,155.0,-1.0161290322580645
1,1,2021-10-25 15:59:00+00:00,2021-10-25 16:00:00+00:00,15437.0,15322.25,15666.5,2021-10-25 19:55:00+00:00,15495.5,tiempo,117.0,2.0,115.0,229.5,0.5010893246187363
1,1,2021-10-26 14:14:00+00:00,2021-10-26 14:15:00+00:00,15675.0,15580.0,15865.0,2021-10-26 16:00:00+00:00,15579.75,stop,-190.5,2.0,-192.5,190.0,-1.013157894736842
1,1,2021-10-27 14:54:00+00:00,2021-10-27 14:55:00+00:00,15649.0,15558.75,15829.5,2021-10-27 19:55:00+00:00,15601.0,tiempo,-96.0,2.0,-98.0,180.5,-0.5429362880886427
1,1,2021-10-28 14:29:00+00:00,2021-10-28 14:30:00+00:00,15699.5,15635.5,15827.5,2021-10-28 19:55:00+00:00,15754.0,tiempo,109.0,2.0,107.0,128.0,0.8359375
1,1,2021-10-29 15:09:00+00:00,2021-10-29 15:10:00+00:00,15708.25,15615.75,15893.25,2021-10-29 19:55:00+00:00,15835.0,tiempo,253.5,2.0,251.5,185.0,1.3594594594594596
-1,1,2021-11-01 14:04:00+00:00,2021-11-01 14:05:00+00:00,15778.0,15868.5,15597.0,2021-11-01 17:03:00+00:00,15868.75,stop,-181.5,2.0,-183.5,181.0,-1.0138121546961325
1,1,2021-11-02 15:44:00+00:00,2021-11-02 15:45:00+00:00,15972.25,15864.0,16188.75,2021-11-02 19:55:00+00:00,15955.25,tiempo,-34.0,2.0,-36.0,216.5,-0.16628175519630484
-1,1,2021-11-03 14:04:00+00:00,2021-11-03 14:05:00+00:00,15938.75,15997.25,15821.75,2021-11-03 18:00:00+00:00,15997.5,stop,-117.5,2.0,-119.5,117.0,-1.0213675213675213
1,1,2021-11-04 14:04:00+00:00,2021-11-04 14:05:00+00:00,16253.75,16157.0,16447.25,2021-11-04 19:55:00+00:00,16337.25,tiempo,167.0,2.0,165.0,193.5,0.8527131782945736
-1,1,2021-11-05 17:09:00+00:00,2021-11-05 17:10:00+00:00,16358.5,16448.5,16178.5,2021-11-05 19:55:00+00:00,16338.75,tiempo,39.5,2.0,37.5,180.0,0.20833333333333334
-1,1,2021-11-08 15:44:00+00:00,2021-11-08 15:45:00+00:00,16315.5,16394.0,16158.5,2021-11-08 20:55:00+00:00,16335.75,tiempo,-40.5,2.0,-42.5,157.0,-0.27070063694267515
-1,1,2021-11-09 18:29:00+00:00,2021-11-09 18:30:00+00:00,16193.0,16391.75,15795.5,2021-11-09 20:55:00+00:00,16204.75,tiempo,-23.5,2.0,-25.5,397.5,-0.06415094339622641
1,1,2021-11-10 15:04:00+00:00,2021-11-10 15:05:00+00:00,16182.75,16041.75,16464.75,2021-11-10 18:15:00+00:00,16041.5,stop,-282.5,2.0,-284.5,282.0,-1.0088652482269505
-1,1,2021-11-11 15:29:00+00:00,2021-11-11 15:30:00+00:00,16048.75,16110.5,15925.25,2021-11-11 20:55:00+00:00,16022.75,tiempo,52.0,2.0,50.0,123.5,0.4048582995951417
1,1,2021-11-12 15:49:00+00:00,2021-11-12 15:50:00+00:00,16087.25,16001.75,16258.25,2021-11-12 20:55:00+00:00,16187.25,tiempo,200.0,2.0,198.0,171.0,1.1578947368421053
-1,1,2021-11-15 15:14:00+00:00,2021-11-15 15:15:00+00:00,16181.25,16254.25,16035.25,2021-11-15 20:55:00+00:00,16166.5,tiempo,29.5,2.0,27.5,146.0,0.18835616438356165
1,1,2021-11-16 16:04:00+00:00,2021-11-16 16:05:00+00:00,16255.75,16149.25,16468.75,2021-11-16 20:55:00+00:00,16311.25,tiempo,111.0,2.0,109.0,213.0,0.5117370892018779
1,1,2021-11-17 15:39:00+00:00,2021-11-17 15:40:00+00:00,16345.0,16270.0,16495.0,2021-11-17 20:55:00+00:00,16313.25,tiempo,-63.5,2.0,-65.5,150.0,-0.43666666666666665
-1,1,2021-11-18 15:14:00+00:00,2021-11-18 15:15:00+00:00,16336.25,16421.0,16166.75,2021-11-18 16:34:00+00:00,16421.25,stop,-170.0,2.0,-172.0,169.5,-1.0147492625368733
1,1,2021-11-19 16:39:00+00:00,2021-11-19 16:40:00+00:00,16618.5,16516.25,16823.0,2021-11-19 20:55:00+00:00,16569.0,tiempo,-99.0,2.0,-101.0,204.5,-0.4938875305623472
1,1,2021-11-22 15:04:00+00:00,2021-11-22 15:05:00+00:00,16744.75,16638.25,16957.75,2021-11-22 16:12:00+00:00,16638.0,stop,-213.5,2.0,-215.5,213.0,-1.011737089201878
-1,1,2021-11-23 15:29:00+00:00,2021-11-23 15:30:00+00:00,16242.0,16418.75,15888.5,2021-11-23 20:55:00+00:00,16300.0,tiempo,-116.0,2.0,-118.0,353.5,-0.3338048090523338
1,1,2021-11-24 15:04:00+00:00,2021-11-24 15:05:00+00:00,16225.75,16102.0,16473.25,2021-11-24 20:55:00+00:00,16362.0,tiempo,272.5,2.0,270.5,247.5,1.0929292929292929
-1,1,2021-11-26 15:04:00+00:00,2021-11-26 15:05:00+00:00,16167.25,16307.5,15886.75,2021-11-26 18:14:00+00:00,16043.75,fin_de_datos,247.0,2.0,245.0,280.5,0.8734402852049911
1,1,2021-11-29 16:34:00+00:00,2021-11-29 16:35:00+00:00,16317.5,16208.5,16535.5,2021-11-29 20:55:00+00:00,16408.5,tiempo,182.0,2.0,180.0,218.0,0.8256880733944955
1,1,2021-11-30 15:04:00+00:00,2021-11-30 15:05:00+00:00,16422.25,16319.0,16628.75,2021-11-30 15:46:00+00:00,16318.75,stop,-207.0,2.0,-209.0,206.5,-1.0121065375302662
1,1,2021-12-01 15:09:00+00:00,2021-12-01 15:10:00+00:00,16371.75,16270.5,16574.25,2021-12-01 17:55:00+00:00,16270.25,stop,-203.0,2.0,-205.0,202.5,-1.0123456790123457
1,1,2021-12-02 15:04:00+00:00,2021-12-02 15:05:00+00:00,16018.25,15788.5,16477.75,2021-12-02 15:43:00+00:00,15788.25,stop,-460.0,2.0,-462.0,459.5,-1.0054406964091405
-1,1,2021-12-03 15:04:00+00:00,2021-12-03 15:05:00+00:00,15791.75,16090.5,15194.25,2021-12-03 20:55:00+00:00,15646.0,tiempo,291.5,2.0,289.5,597.5,0.4845188284518828
1,1,2021-12-06 15:19:00+00:00,2021-12-06 15:20:00+00:00,15764.0,15559.25,16173.5,2021-12-06 20:55:00+00:00,15867.0,tiempo,206.0,2.0,204.0,409.5,0.4981684981684982
1,1,2021-12-07 15:09:00+00:00,2021-12-07 15:10:00+00:00,16245.5,16119.0,16498.5,2021-12-07 20:55:00+00:00,16284.0,tiempo,77.0,2.0,75.0,253.0,0.2964426877470356
1,1,2021-12-08 18:44:00+00:00,2021-12-08 18:45:00+00:00,16369.0,16251.5,16604.0,2021-12-08 20:55:00+00:00,16392.25,tiempo,46.5,2.0,44.5,235.0,0.18936170212765957
-1,1,2021-12-09 15:24:00+00:00,2021-12-09 15:25:00+00:00,16304.25,16414.25,16084.25,2021-12-09 20:55:00+00:00,16171.25,tiempo,266.0,2.0,264.0,220.0,1.2
-1,1,2021-12-10 15:49:00+00:00,2021-12-10 15:50:00+00:00,16166.25,16326.0,15846.75,2021-12-10 20:55:00+00:00,16309.75,tiempo,-287.0,2.0,-289.0,319.5,-0.9045383411580594
-1,1,2021-12-13 15:24:00+00:00,2021-12-13 15:25:00+00:00,16223.0,16339.5,15990.0,2021-12-13 20:55:00+00:00,16090.5,tiempo,265.0,2.0,263.0,233.0,1.128755364806867
-1,1,2021-12-14 15:49:00+00:00,2021-12-14 15:50:00+00:00,15840.25,15998.75,15523.25,2021-12-14 20:55:00+00:00,15884.0,tiempo,-87.5,2.0,-89.5,317.0,-0.2823343848580442
-1,1,2021-12-15 16:19:00+00:00,2021-12-15 16:20:00+00:00,15809.0,15927.75,15571.5,2021-12-15 19:05:00+00:00,15928.0,stop,-238.0,2.0,-240.0,237.5,-1.0105263157894737
-1,1,2021-12-16 15:04:00+00:00,2021-12-16 15:05:00+00:00,16126.75,16342.0,15696.25,2021-12-16 20:55:00+00:00,15851.0,tiempo,551.5,2.0,549.5,430.5,1.2764227642276422
1,1,2021-12-17 15:49:00+00:00,2021-12-17 15:50:00+00:00,15881.75,15657.0,16331.25,2021-12-17 20:55:00+00:00,15794.0,tiempo,-175.5,2.0,-177.5,449.5,-0.39488320355951056
-1,1,2021-12-20 16:04:00+00:00,2021-12-20 16:05:00+00:00,15517.5,15658.75,15235.0,2021-12-20 20:55:00+00:00,15603.75,tiempo,-172.5,2.0,-174.5,282.5,-0.6176991150442478
-1,1,2021-12-21 15:09:00+00:00,2021-12-21 15:10:00+00:00,15659.5,15798.25,15382.0,2021-12-21 16:55:00+00:00,15798.5,stop,-278.0,2.0,-280.0,277.5,-1.009009009009009
1,1,2021-12-22 15:39:00+00:00,2021-12-22 15:40:00+00:00,16066.0,15933.25,16331.5,2021-12-22 20:55:00+00:00,16152.0,tiempo,172.0,2.0,170.0,265.5,0.64030131826742
1,1,2021-12-23 15:14:00+00:00,2021-12-23 15:15:00+00:00,16258.75,16176.5,16423.25,2021-12-23 20:55:00+00:00,16338.5,tiempo,159.5,2.0,157.5,164.5,0.9574468085106383
1,1,2021-12-27 15:04:00+00:00,2021-12-27 15:05:00+00:00,16457.5,16344.5,16683.5,2021-12-27 20:55:00+00:00,16555.0,tiempo,195.0,2.0,193.0,226.0,0.8539823008849557
-1,1,2021-12-28 15:09:00+00:00,2021-12-28 15:10:00+00:00,16519.75,16608.5,16342.25,2021-12-28 20:55:00+00:00,16485.25,tiempo,69.0,2.0,67.0,177.5,0.37746478873239436
-1,1,2021-12-29 15:14:00+00:00,2021-12-29 15:15:00+00:00,16422.5,16549.5,16168.5,2021-12-29 20:55:00+00:00,16511.25,tiempo,-177.5,2.0,-179.5,254.0,-0.7066929133858267
1,1,2021-12-30 15:09:00+00:00,2021-12-30 15:10:00+00:00,16538.25,16449.25,16716.25,2021-12-30 20:45:00+00:00,16449.0,stop,-178.5,2.0,-180.5,178.0,-1.0140449438202248
-1,1,2021-12-31 15:04:00+00:00,2021-12-31 15:05:00+00:00,16363.75,16464.0,16163.25,2021-12-31 20:55:00+00:00,16320.25,tiempo,87.0,2.0,85.0,200.5,0.4239401496259352
1,1,2022-01-03 19:44:00+00:00,2022-01-03 19:45:00+00:00,16490.25,16292.0,16886.75,2022-01-03 20:55:00+00:00,16483.5,tiempo,-13.5,2.0,-15.5,396.5,-0.03909205548549811
-1,1,2022-01-04 15:04:00+00:00,2022-01-04 15:05:00+00:00,16413.75,16512.0,16217.25,2022-01-04 16:00:00+00:00,16217.25,objetivo,393.0,2.0,391.0,196.5,1.9898218829516539
-1,1,2022-01-05 17:39:00+00:00,2022-01-05 17:40:00+00:00,16069.25,16225.0,15757.75,2022-01-05 20:55:00+00:00,15813.5,tiempo,511.5,2.0,509.5,311.5,1.6356340288924558
-1,1,2022-01-06 15:04:00+00:00,2022-01-06 15:05:00+00:00,15640.75,15850.5,15221.25,2022-01-06 15:57:00+00:00,15850.75,stop,-420.0,2.0,-422.0,419.5,-1.0059594755661503
-1,1,2022-01-07 15:24:00+00:00,2022-01-07 15:25:00+00:00,15657.25,15827.75,15316.25,2022-01-07 20:55:00+00:00,15597.5,tiempo,119.5,2.0,117.5,341.0,0.34457478005865105
-1,1,2022-01-10 15:04:00+00:00,2022-01-10 15:05:00+00:00,15226.0,15415.0,14848.0,2022-01-10 18:51:00+00:00,15415.25,stop,-378.5,2.0,-380.5,378.0,-1.0066137566137565
1,1,2022-01-11 15:04:00+00:00,2022-01-11 15:05:00+00:00,15620.75,15475.0,15912.25,2022-01-11 20:55:00+00:00,15800.5,tiempo,359.5,2.0,357.5,291.5,1.2264150943396226
1,1,2022-01-12 15:14:00+00:00,2022-01-12 15:15:00+00:00,16003.5,15884.5,16241.5,2022-01-12 15:39:00+00:00,15884.25,stop,-238.5,2.0,-240.5,238.0,-1.0105042016806722
-1,1,2022-01-13 15:04:00+00:00,2022-01-13 15:05:00+00:00,15906.0,15979.75,15758.5,2022-01-13 15:50:00+00:00,15758.5,objetivo,295.0,2.0,293.0,147.5,1.9864406779661017
1,1,2022-01-14 20:44:00+00:00,2022-01-14 20:45:00+00:00,15596.25,15379.75,16029.25,2022-01-14 20:55:00+00:00,15594.5,tiempo,-3.5,2.0,-5.5,433.0,-0.012702078521939953
1,1,2022-01-18 15:09:00+00:00,2022-01-18 15:10:00+00:00,15408.25,15271.75,15681.25,2022-01-18 16:31:00+00:00,15271.5,stop,-273.5,2.0,-275.5,273.0,-1.0091575091575091
-1,1,2022-01-19 15:39:00+00:00,2022-01-19 15:40:00+00:00,15213.0,15368.0,14903.0,2022-01-19 20:55:00+00:00,15063.75,tiempo,298.5,2.0,296.5,310.0,0.9564516129032258
1,1,2022-01-20 15:34:00+00:00,2022-01-20 15:35:00+00:00,15302.5,15160.25,15587.0,2022-01-20 19:12:00+00:00,15160.0,stop,-285.0,2.0,-287.0,284.5,-1.0087873462214412
-1,1,2022-01-21 15:04:00+00:00,2022-01-21 15:05:00+00:00,14624.5,14818.5,14236.5,2022-01-21 15:56:00+00:00,14818.75,stop,-388.5,2.0,-390.5,388.0,-1.0064432989690721
-1,1,2022-01-24 15:09:00+00:00,2022-01-24 15:10:00+00:00,14037.75,14263.5,13586.25,2022-01-24 20:15:00+00:00,14263.75,stop,-452.0,2.0,-454.0,451.5,-1.0055370985603544
-1,1,2022-01-25 15:04:00+00:00,2022-01-25 15:05:00+00:00,14055.75,14304.75,13557.75,2022-01-25 19:18:00+00:00,14305.0,stop,-498.5,2.0,-500.5,498.0,-1.0050200803212852
1,1,2022-01-26 15:04:00+00:00,2022-01-26 15:05:00+00:00,14505.25,14350.25,14815.25,2022-01-26 15:44:00+00:00,14350.0,stop,-310.5,2.0,-312.5,310.0,-1.0080645161290323
1,1,2022-01-27 15:14:00+00:00,2022-01-27 15:15:00+00:00,14401.75,14232.0,14741.25,2022-01-27 15:31:00+00:00,14231.75,stop,-340.0,2.0,-342.0,339.5,-1.0073637702503682
1,1,2022-01-28 15:54:00+00:00,2022-01-28 15:55:00+00:00,14110.25,13867.0,14596.75,2022-01-28 20:55:00+00:00,14394.5,tiempo,568.5,2.0,566.5,486.5,1.1644398766700925
1,1,2022-01-31 15:04:00+00:00,2022-01-31 15:05:00+00:00,14650.0,14416.25,15117.5,2022-01-31 20:55:00+00:00,14900.0,tiempo,500.0,2.0,498.0,467.5,1.06524064171123
-1,1,2022-02-01 15:04:00+00:00,2022-02-01 15:05:00+00:00,14758.0,14952.0,14370.0,2022-02-01 20:30:00+00:00,14952.25,stop,-388.5,2.0,-390.5,388.0,-1.0064432989690721
-1,1,2022-02-02 16:04:00+00:00,2022-02-02 16:05:00+00:00,15022.0,15178.0,14710.0,2022-02-02 20:55:00+00:00,15123.25,tiempo,-202.5,2.0,-204.5,312.0,-0.655448717948718
1,1,2022-02-03 15:29:00+00:00,2022-02-03 15:30:00+00:00,14823.25,14677.5,15114.75,2022-02-03 16:59:00+00:00,14677.25,stop,-292.0,2.0,-294.0,291.5,-1.0085763293310464
1,1,2022-02-04 15:04:00+00:00,2022-02-04 15:05:00+00:00,14610.25,14432.75,14965.25,2022-02-04 20:55:00+00:00,14718.5,tiempo,216.5,2.0,214.5,355.0,0.604225352112676
-1,1,2022-02-07 16:24:00+00:00,2022-02-07 16:25:00+00:00,14659.25,14806.25,14365.25,2022-02-07 20:55:00+00:00,14522.25,tiempo,274.0,2.0,272.0,294.0,0.9251700680272109
-1,1,2022-02-08 15:04:00+00:00,2022-02-08 15:05:00+00:00,14479.0,14588.0,14261.0,2022-02-08 15:46:00+00:00,14588.25,stop,-218.5,2.0,-220.5,218.0,-1.011467889908257
-1,1,2022-02-09 15:19:00+00:00,2022-02-09 15:20:00+00:00,14859.0,14951.25,14674.5,2022-02-09 16:00:00+00:00,14951.5,stop,-185.0,2.0,-187.0,184.5,-1.013550135501355
1,1,2022-02-10 15:04:00+00:00,2022-02-10 15:05:00+00:00,14959.0,14735.0,15407.0,2022-02-10 18:38:00+00:00,14734.75,stop,-448.5,2.0,-450.5,448.0,-1.0055803571428572
-1,1,2022-02-11 15:19:00+00:00,2022-02-11 15:20:00+00:00,14620.5,14766.75,14328.0,2022-02-11 18:46:00+00:00,14328.0,objetivo,585.0,2.0,583.0,292.5,1.9931623931623932
1,1,2022-02-14 16:19:00+00:00,2022-02-14 16:20:00+00:00,14338.0,14182.0,14650.0,2022-02-14 18:53:00+00:00,14181.75,stop,-312.5,2.0,-314.5,312.0,-1.0080128205128205
1,1,2022-02-15 15:44:00+00:00,2022-02-15 15:45:00+00:00,14540.25,14445.0,14730.75,2022-02-15 17:47:00+00:00,14444.75,stop,-191.0,2.0,-193.0,190.5,-1.0131233595800524
1,1,2022-02-16 19:24:00+00:00,2022-02-16 19:25:00+00:00,14556.25,14381.0,14906.75,2022-02-16 20:55:00+00:00,14601.75,tiempo,91.0,2.0,89.0,350.5,0.25392296718972895
-1,1,2022-02-17 15:19:00+00:00,2022-02-17 15:20:00+00:00,14369.5,14495.0,14118.5,2022-02-17 20:55:00+00:00,14161.25,tiempo,416.5,2.0,414.5,251.0,1.651394422310757
-1,1,2022-02-18 15:34:00+00:00,2022-02-18 15:35:00+00:00,14065.5,14220.75,13755.0,2022-02-18 20:55:00+00:00,13999.75,tiempo,131.5,2.0,129.5,310.5,0.4170692431561997
-1,1,2022-02-21 16:19:00+00:00,2022-02-21 16:20:00+00:00,13798.0,13883.75,13626.5,2022-02-21 17:59:00+00:00,13735.75,fin_de_datos,124.5,2.0,122.5,171.5,0.7142857142857143
1,1,2022-02-22 15:29:00+00:00,2022-02-22 15:30:00+00:00,14105.25,13862.0,14591.75,2022-02-22 16:53:00+00:00,13861.75,stop,-487.0,2.0,-489.0,486.5,-1.0051387461459405
-1,1,2022-02-23 15:04:00+00:00,2022-02-23 15:05:00+00:00,13878.25,14031.0,13572.75,2022-02-23 19:43:00+00:00,13572.75,objetivo,611.0,2.0,609.0,305.5,1.9934533551554827
1,1,2022-02-24 15:14:00+00:00,2022-02-24 15:15:00+00:00,13377.75,13058.0,14017.25,2022-02-24 20:55:00+00:00,13970.75,tiempo,1186.0,2.0,1184.0,639.5,1.851446442533229
-1,1,2022-02-25 15:04:00+00:00,2022-02-25 15:05:00+00:00,13847.5,14013.5,13515.5,2022-02-25 15:31:00+00:00,14013.75,stop,-332.5,2.0,-334.5,332.0,-1.0075301204819278
1,1,2022-02-28 15:39:00+00:00,2022-02-28 15:40:00+00:00,14181.0,14027.25,14488.5,2022-02-28 19:08:00+00:00,14027.0,stop,-308.0,2.0,-310.0,307.5,-1.008130081300813
-1,1,2022-03-01 15:59:00+00:00,2022-03-01 16:00:00+00:00,14151.5,14253.25,13948.0,2022-03-01 20:44:00+00:00,13948.0,objetivo,407.0,2.0,405.0,203.5,1.99017199017199
-1,1,2022-03-02 15:09:00+00:00,2022-03-02 15:10:00+00:00,13989.75,14129.75,13709.75,2022-03-02 16:04:00+00:00,14130.0,stop,-280.5,2.0,-282.5,280.0,-1.0089285714285714
-1,1,2022-03-03 15:09:00+00:00,2022-03-03 15:10:00+00:00,14229.75,14355.5,13978.25,2022-03-03 20:44:00+00:00,13978.25,objetivo,503.0,2.0,501.0,251.5,1.9920477137176937
-1,1,2022-03-04 15:14:00+00:00,2022-03-04 15:15:00+00:00,13818.25,13995.5,13463.75,2022-03-04 20:55:00+00:00,13828.0,tiempo,-19.5,2.0,-21.5,354.5,-0.06064880112834979
-1,1,2022-03-07 15:14:00+00:00,2022-03-07 15:15:00+00:00,13617.5,13879.75,13093.0,2022-03-07 20:55:00+00:00,13330.5,tiempo,574.0,2.0,572.0,524.5,1.0905624404194472
-1,1,2022-03-08 15:04:00+00:00,2022-03-08 15:05:00+00:00,13183.0,13374.0,12801.0,2022-03-08 17:10:00+00:00,13374.25,stop,-382.5,2.0,-384.5,382.0,-1.006544502617801
1,1,2022-03-09 15:24:00+00:00,2022-03-09 15:25:00+00:00,13641.0,13496.0,13931.0,2022-03-09 20:55:00+00:00,13728.0,tiempo,174.0,2.0,172.0,290.0,0.593103448275862
1,1,2022-03-10 15:19:00+00:00,2022-03-10 15:20:00+00:00,13605.75,13486.25,13844.75,2022-03-10 15:33:00+00:00,13486.0,stop,-239.5,2.0,-241.5,239.0,-1.0104602510460252
-1,1,2022-03-11 15:04:00+00:00,2022-03-11 15:05:00+00:00,13540.0,13723.5,13173.0,2022-03-11 20:55:00+00:00,13310.25,tiempo,459.5,2.0,457.5,367.0,1.2465940054495912
1,1,2022-03-14 14:14:00+00:00,2022-03-14 14:15:00+00:00,13373.75,13205.0,13711.25,2022-03-14 15:43:00+00:00,13204.75,stop,-338.0,2.0,-340.0,337.5,-1.0074074074074073
1,1,2022-03-17 14:04:00+00:00,2022-03-17 14:05:00+00:00,13992.25,13819.0,14338.75,2022-03-17 19:55:00+00:00,14087.0,tiempo,189.5,2.0,187.5,346.5,0.5411255411255411
1,1,2022-03-18 14:04:00+00:00,2022-03-18 14:05:00+00:00,14179.75,13995.0,14549.25,2022-03-18 19:55:00+00:00,14403.5,tiempo,447.5,2.0,445.5,369.5,1.205683355886333
-1,1,2022-03-21 14:04:00+00:00,2022-03-21 14:05:00+00:00,14283.25,14466.75,13916.25,2022-03-21 19:55:00+00:00,14340.25,tiempo,-114.0,2.0,-116.0,367.0,-0.31607629427792916
1,1,2022-03-22 14:04:00+00:00,2022-03-22 14:05:00+00:00,14531.25,14374.0,14845.75,2022-03-22 19:55:00+00:00,14641.5,tiempo,220.5,2.0,218.5,314.5,0.6947535771065183
1,1,2022-03-23 14:14:00+00:00,2022-03-23 14:15:00+00:00,14563.75,14460.75,14769.75,2022-03-23 19:51:00+00:00,14460.5,stop,-206.5,2.0,-208.5,206.0,-1.0121359223300972
-1,1,2022-03-24 14:19:00+00:00,2022-03-24 14:20:00+00:00,14458.25,14551.0,14272.75,2022-03-24 15:01:00+00:00,14551.25,stop,-186.0,2.0,-188.0,185.5,-1.013477088948787
1,1,2022-03-25 14:44:00+00:00,2022-03-25 14:45:00+00:00,14792.5,14708.25,14961.0,2022-03-25 15:01:00+00:00,14708.0,stop,-169.0,2.0,-171.0,168.5,-1.0148367952522255
-1,1,2022-03-28 15:49:00+00:00,2022-03-28 15:50:00+00:00,14729.5,14912.25,14364.0,2022-03-28 18:55:00+00:00,14912.5,stop,-366.0,2.0,-368.0,365.5,-1.0068399452804377
-1,1,2022-03-29 14:09:00+00:00,2022-03-29 14:10:00+00:00,15094.0,15219.5,14843.0,2022-03-29 18:48:00+00:00,15219.75,stop,-251.5,2.0,-253.5,251.0,-1.0099601593625498
1,1,2022-03-30 14:14:00+00:00,2022-03-30 14:15:00+00:00,15219.5,15141.25,15376.0,2022-03-30 15:04:00+00:00,15141.0,stop,-157.0,2.0,-159.0,156.5,-1.0159744408945688
-1,1,2022-03-31 14:04:00+00:00,2022-03-31 14:05:00+00:00,14980.25,15090.0,14760.75,2022-03-31 14:57:00+00:00,15090.25,stop,-220.0,2.0,-222.0,219.5,-1.0113895216400912
-1,1,2022-04-01 15:39:00+00:00,2022-04-01 15:40:00+00:00,14788.0,14932.0,14500.0,2022-04-01 19:55:00+00:00,14844.75,tiempo,-113.5,2.0,-115.5,288.0,-0.4010416666666667
1,1,2022-04-04 14:39:00+00:00,2022-04-04 14:40:00+00:00,15062.5,14883.5,15420.5,2022-04-04 19:55:00+00:00,15153.25,tiempo,181.5,2.0,179.5,358.0,0.5013966480446927
-1,1,2022-04-05 14:09:00+00:00,2022-04-05 14:10:00+00:00,14969.25,15136.25,14635.25,2022-04-05 19:55:00+00:00,14826.75,tiempo,285.0,2.0,283.0,334.0,0.8473053892215568
-1,1,2022-04-06 14:04:00+00:00,2022-04-06 14:05:00+00:00,14467.75,14643.5,14116.25,2022-04-06 19:02:00+00:00,14643.75,stop,-352.0,2.0,-354.0,351.5,-1.0071123755334281
-1,1,2022-04-07 14:44:00+00:00,2022-04-07 14:45:00+00:00,14449.5,14578.0,14192.5,2022-04-07 18:59:00+00:00,14578.25,stop,-257.5,2.0,-259.5,257.0,-1.009727626459144
1,1,2022-04-08 16:24:00+00:00,2022-04-08 16:25:00+00:00,14483.75,14312.5,14826.25,2022-04-08 19:55:00+00:00,14322.0,tiempo,-323.5,2.0,-325.5,342.5,-0.9503649635036496
-1,1,2022-04-11 14:29:00+00:00,2022-04-11 14:30:00+00:00,14079.5,14197.0,13844.5,2022-04-11 19:55:00+00:00,13988.5,tiempo,182.0,2.0,180.0,235.0,0.7659574468085106
-1,1,2022-04-12 14:49:00+00:00,2022-04-12 14:50:00+00:00,14107.25,14263.0,13795.75,2022-04-12 19:55:00+00:00,13961.0,tiempo,292.5,2.0,290.5,311.5,0.9325842696629213
1,1,2022-04-13 14:19:00+00:00,2022-04-13 14:20:00+00:00,14082.0,13921.0,14404.0,2022-04-13 19:55:00+00:00,14227.0,tiempo,290.0,2.0,288.0,322.0,0.8944099378881988
-1,1,2022-04-14 14:09:00+00:00,2022-04-14 14:10:00+00:00,14046.25,14246.75,13645.25,2022-04-14 19:55:00+00:00,13904.5,tiempo,283.5,2.0,281.5,401.0,0.7019950124688279
1,1,2022-04-18 14:14:00+00:00,2022-04-18 14:15:00+00:00,13945.5,13827.0,14182.5,2022-04-18 16:11:00+00:00,13826.75,stop,-237.5,2.0,-239.5,237.0,-1.010548523206751
1,1,2022-04-19 14:04:00+00:00,2022-04-19 14:05:00+00:00,14023.0,13833.5,14402.0,2022-04-19 19:55:00+00:00,14207.75,tiempo,369.5,2.0,367.5,379.0,0.9696569920844327
-1,1,2022-04-20 14:09:00+00:00,2022-04-20 14:10:00+00:00,14062.25,14270.0,13646.75,2022-04-20 19:55:00+00:00,14006.0,tiempo,112.5,2.0,110.5,415.5,0.26594464500601683
-1,1,2022-04-21 14:14:00+00:00,2022-04-21 14:15:00+00:00,14147.5,14283.0,13876.5,2022-04-21 17:17:00+00:00,13876.5,objetivo,542.0,2.0,540.0,271.0,1.992619926199262
-1,1,2022-04-22 14:24:00+00:00,2022-04-22 14:25:00+00:00,13606.25,13777.75,13263.25,2022-04-22 19:55:00+00:00,13371.25,tiempo,470.0,2.0,468.0,343.0,1.3644314868804666
1,1,2022-04-25 14:29:00+00:00,2022-04-25 14:30:00+00:00,13392.75,13236.0,13706.25,2022-04-25 19:55:00+00:00,13528.75,tiempo,272.0,2.0,270.0,313.5,0.861244019138756
-1,1,2022-04-26 14:04:00+00:00,2022-04-26 14:05:00+00:00,13219.5,13450.75,12757.0,2022-04-26 19:55:00+00:00,13034.0,tiempo,371.0,2.0,369.0,462.5,0.7978378378378378
-1,1,2022-04-27 14:14:00+00:00,2022-04-27 14:15:00+00:00,13005.5,13255.25,12506.0,2022-04-27 19:55:00+00:00,13007.5,tiempo,-4.0,2.0,-6.0,499.5,-0.012012012012012012
-1,1,2022-04-28 14:04:00+00:00,2022-04-28 14:05:00+00:00,13089.5,13280.75,12707.0,2022-04-28 16:35:00+00:00,13281.0,stop,-383.0,2.0,-385.0,382.5,-1.0065359477124183
-1,1,2022-04-29 14:39:00+00:00,2022-04-29 14:40:00+00:00,13221.0,13433.0,12797.0,2022-04-29 19:55:00+00:00,12853.0,tiempo,736.0,2.0,734.0,424.0,1.7311320754716981
1,1,2022-05-02 14:29:00+00:00,2022-05-02 14:30:00+00:00,12983.25,12742.75,13464.25,2022-05-02 17:49:00+00:00,12742.5,stop,-481.5,2.0,-483.5,481.0,-1.0051975051975053
1,1,2022-05-03 14:04:00+00:00,2022-05-03 14:05:00+00:00,13140.0,12968.5,13483.0,2022-05-03 19:55:00+00:00,13083.25,tiempo,-113.5,2.0,-115.5,343.0,-0.336734693877551
-1,1,2022-05-04 14:04:00+00:00,2022-05-04 14:05:00+00:00,12998.25,13114.25,12766.25,2022-05-04 17:01:00+00:00,13114.5,stop,-232.5,2.0,-234.5,232.0,-1.0107758620689655
-1,1,2022-05-05 14:04:00+00:00,2022-05-05 14:05:00+00:00,13102.0,13346.25,12613.5,2022-05-05 19:55:00+00:00,12798.0,tiempo,608.0,2.0,606.0,488.5,1.240532241555783
1,1,2022-05-06 14:49:00+00:00,2022-05-06 14:50:00+00:00,12807.5,12519.0,13384.5,2022-05-06 19:55:00+00:00,12694.75,tiempo,-225.5,2.0,-227.5,577.0,-0.39428076256499134
-1,1,2022-05-09 14:09:00+00:00,2022-05-09 14:10:00+00:00,12372.25,12555.75,12005.25,2022-05-09 19:55:00+00:00,12159.0,tiempo,426.5,2.0,424.5,367.0,1.1566757493188011
-1,1,2022-05-10 14:49:00+00:00,2022-05-10 14:50:00+00:00,12285.5,12547.0,11762.5,2022-05-10 19:55:00+00:00,12360.0,tiempo,-149.0,2.0,-151.0,523.0,-0.2887189292543021
-1,1,2022-05-11 16:59:00+00:00,2022-05-11 17:00:00+00:00,12135.75,12478.5,11450.25,2022-05-11 19:55:00+00:00,11963.0,tiempo,345.5,2.0,343.5,685.5,0.5010940919037199
1,1,2022-05-12 14:09:00+00:00,2022-05-12 14:10:00+00:00,11910.25,11693.25,12344.25,2022-05-12 18:43:00+00:00,11693.0,stop,-434.5,2.0,-436.5,434.0,-1.0057603686635945
1,1,2022-05-13 14:04:00+00:00,2022-05-13 14:05:00+00:00,12288.5,12064.75,12736.0,2022-05-13 19:55:00+00:00,12360.0,tiempo,143.0,2.0,141.0,447.5,0.31508379888268156
1,1,2022-05-16 14:29:00+00:00,2022-05-16 14:30:00+00:00,12366.5,12217.0,12665.5,2022-05-16 14:57:00+00:00,12216.75,stop,-299.5,2.0,-301.5,299.0,-1.008361204013378
-1,1,2022-05-17 14:09:00+00:00,2022-05-17 14:10:00+00:00,12431.0,12535.75,12221.5,2022-05-17 18:49:00+00:00,12536.0,stop,-210.0,2.0,-212.0,209.5,-1.0119331742243436
-1,1,2022-05-18 14:34:00+00:00,2022-05-18 14:35:00+00:00,12286.25,12399.75,12059.25,2022-05-18 16:23:00+00:00,12059.25,objetivo,454.0,2.0,452.0,227.0,1.9911894273127753
1,1,2022-05-19 15:24:00+00:00,2022-05-19 15:25:00+00:00,11979.25,11795.25,12347.25,2022-05-19 19:55:00+00:00,11878.25,tiempo,-202.0,2.0,-204.0,368.0,-0.5543478260869565
-1,1,2022-05-20 14:09:00+00:00,2022-05-20 14:10:00+00:00,11905.5,12053.0,11610.5,2022-05-20 16:35:00+00:00,11610.5,objetivo,590.0,2.0,588.0,295.0,1.993220338983051
-1,1,2022-05-23 14:04:00+00:00,2022-05-23 14:05:00+00:00,11805.0,11977.5,11460.0,2022-05-23 15:32:00+00:00,11977.75,stop,-345.5,2.0,-347.5,345.0,-1.0072463768115942
-1,1,2022-05-24 14:04:00+00:00,2022-05-24 14:05:00+00:00,11646.75,11847.5,11245.25,2022-05-24 19:55:00+00:00,11752.0,tiempo,-210.5,2.0,-212.5,401.5,-0.5292652552926526
1,1,2022-05-25 14:29:00+00:00,2022-05-25 14:30:00+00:00,11890.25,11708.0,12254.75,2022-05-25 19:55:00+00:00,11928.5,tiempo,76.5,2.0,74.5,364.5,0.20438957475994513
1,1,2022-05-26 14:14:00+00:00,2022-05-26 14:15:00+00:00,12162.0,11899.0,12688.0,2022-05-26 19:55:00+00:00,12290.25,tiempo,256.5,2.0,254.5,526.0,0.4838403041825095
1,1,2022-05-27 14:04:00+00:00,2022-05-27 14:05:00+00:00,12533.25,12402.0,12795.75,2022-05-27 19:55:00+00:00,12649.0,tiempo,231.5,2.0,229.5,262.5,0.8742857142857143
1,1,2022-05-30 14:49:00+00:00,2022-05-30 14:50:00+00:00,12792.25,12746.0,12884.75,2022-05-30 16:59:00+00:00,12809.75,fin_de_datos,35.0,2.0,33.0,92.5,0.3567567567567568
-1,1,2022-05-31 14:04:00+00:00,2022-05-31 14:05:00+00:00,12508.5,12688.0,12149.5,2022-05-31 15:51:00+00:00,12688.25,stop,-359.5,2.0,-361.5,359.0,-1.0069637883008355
-1,1,2022-06-01 14:09:00+00:00,2022-06-01 14:10:00+00:00,12709.75,12823.5,12482.25,2022-06-01 16:03:00+00:00,12482.25,objetivo,455.0,2.0,453.0,227.5,1.9912087912087912
1,1,2022-06-02 14:14:00+00:00,2022-06-02 14:15:00+00:00,12618.0,12442.5,12969.0,2022-06-02 19:55:00+00:00,12882.75,tiempo,529.5,2.0,527.5,351.0,1.502849002849003
-1,1,2022-06-03 14:39:00+00:00,2022-06-03 14:40:00+00:00,12580.0,12717.0,12306.0,2022-06-03 19:55:00+00:00,12559.75,tiempo,40.5,2.0,38.5,274.0,0.14051094890510948
1,1,2022-06-06 14:04:00+00:00,2022-06-06 14:05:00+00:00,12788.75,12673.5,13019.25,2022-06-06 15:16:00+00:00,12673.25,stop,-231.0,2.0,-233.0,230.5,-1.0108459869848156
1,1,2022-06-07 14:29:00+00:00,2022-06-07 14:30:00+00:00,12591.5,12412.5,12949.5,2022-06-07 19:55:00+00:00,12733.75,tiempo,284.5,2.0,282.5,358.0,0.7891061452513967
-1,1,2022-06-08 16:39:00+00:00,2022-06-08 16:40:00+00:00,12626.5,12783.0,12313.5,2022-06-08 19:55:00+00:00,12609.0,tiempo,35.0,2.0,33.0,313.0,0.10543130990415335
1,1,2022-06-09 14:39:00+00:00,2022-06-09 14:40:00+00:00,12659.75,12506.0,12967.25,2022-06-09 17:44:00+00:00,12505.75,stop,-308.0,2.0,-310.0,307.5,-1.008130081300813
-1,1,2022-06-10 14:04:00+00:00,2022-06-10 14:05:00+00:00,11902.75,12090.0,11528.25,2022-06-10 19:55:00+00:00,11867.5,tiempo,70.5,2.0,68.5,374.5,0.1829105473965287
-1,1,2022-06-13 14:14:00+00:00,2022-06-13 14:15:00+00:00,11441.25,11575.25,11173.25,2022-06-13 19:55:00+00:00,11295.75,tiempo,291.0,2.0,289.0,268.0,1.078358208955224
-1,1,2022-06-14 14:44:00+00:00,2022-06-14 14:45:00+00:00,11262.75,11412.5,10963.25,2022-06-14 17:22:00+00:00,11412.75,stop,-300.0,2.0,-302.0,299.5,-1.008347245409015
-1,1,2022-06-16 14:04:00+00:00,2022-06-16 14:05:00+00:00,11234.0,11349.75,11002.5,2022-06-16 19:55:00+00:00,11126.5,tiempo,215.0,2.0,213.0,231.5,0.9200863930885529
-1,1,2022-06-17 14:34:00+00:00,2022-06-17 14:35:00+00:00,11154.25,11348.5,10765.75,2022-06-17 17:08:00+00:00,11348.75,stop,-389.0,2.0,-391.0,388.5,-1.0064350064350065
1,1,2022-06-20 14:19:00+00:00,2022-06-20 14:20:00+00:00,11378.0,11333.0,11468.0,2022-06-20 16:59:00+00:00,11420.5,fin_de_datos,85.0,2.0,83.0,90.0,0.9222222222222223
1,1,2022-06-21 14:04:00+00:00,2022-06-21 14:05:00+00:00,11646.75,11475.75,11988.75,2022-06-21 19:55:00+00:00,11598.75,tiempo,-96.0,2.0,-98.0,342.0,-0.28654970760233917
1,1,2022-06-22 14:14:00+00:00,2022-06-22 14:15:00+00:00,11629.75,11446.75,11995.75,2022-06-22 19:55:00+00:00,11594.0,tiempo,-71.5,2.0,-73.5,366.0,-0.20081967213114754
1,1,2022-06-23 14:44:00+00:00,2022-06-23 14:45:00+00:00,11702.25,11543.0,12020.75,2022-06-23 19:55:00+00:00,11728.75,tiempo,53.0,2.0,51.0,318.5,0.16012558869701726
1,1,2022-06-24 14:04:00+00:00,2022-06-24 14:05:00+00:00,12036.25,11838.75,12431.25,2022-06-24 19:55:00+00:00,12114.25,tiempo,156.0,2.0,154.0,395.0,0.389873417721519
-1,1,2022-06-27 19:04:00+00:00,2022-06-27 19:05:00+00:00,12019.0,12212.0,11633.0,2022-06-27 19:55:00+00:00,12010.5,tiempo,17.0,2.0,15.0,386.0,0.038860103626943004
-1,1,2022-06-28 14:09:00+00:00,2022-06-28 14:10:00+00:00,12034.5,12174.25,11755.0,2022-06-28 17:09:00+00:00,11755.0,objetivo,559.0,2.0,557.0,279.5,1.9928443649373881
1,1,2022-06-29 14:04:00+00:00,2022-06-29 14:05:00+00:00,11731.75,11564.5,12066.25,2022-06-29 19:55:00+00:00,11673.75,tiempo,-116.0,2.0,-118.0,334.5,-0.35276532137518685
-1,1,2022-06-30 14:04:00+00:00,2022-06-30 14:05:00+00:00,11360.25,11588.0,10904.75,2022-06-30 15:26:00+00:00,11588.25,stop,-456.0,2.0,-458.0,455.5,-1.0054884742041712
-1,1,2022-07-01 14:39:00+00:00,2022-07-01 14:40:00+00:00,11414.25,11599.5,11043.75,2022-07-01 19:32:00+00:00,11599.75,stop,-371.0,2.0,-373.0,370.5,-1.0067476383265856
-1,1,2022-07-04 14:09:00+00:00,2022-07-04 14:10:00+00:00,11540.0,11570.75,11478.5,2022-07-04 16:29:00+00:00,11571.0,stop,-62.0,2.0,-64.0,61.5,-1.0406504065040652
1,1,2022-07-05 14:14:00+00:00,2022-07-05 14:15:00+00:00,11507.5,11389.25,11744.0,2022-07-05 18:34:00+00:00,11744.0,objetivo,473.0,2.0,471.0,236.5,1.9915433403805496
1,1,2022-07-06 18:34:00+00:00,2022-07-06 18:35:00+00:00,11899.75,11754.0,12191.25,2022-07-06 19:55:00+00:00,11855.25,tiempo,-89.0,2.0,-91.0,291.5,-0.31217838765008576
1,1,2022-07-07 14:54:00+00:00,2022-07-07 14:55:00+00:00,12064.5,11918.25,12357.0,2022-07-07 19:55:00+00:00,12138.0,tiempo,147.0,2.0,145.0,292.5,0.49572649572649574
1,1,2022-07-08 14:29:00+00:00,2022-07-08 14:30:00+00:00,12117.75,11978.25,12396.75,2022-07-08 19:55:00+00:00,12163.75,tiempo,92.0,2.0,90.0,279.0,0.3225806451612903
-1,1,2022-07-12 14:04:00+00:00,2022-07-12 14:05:00+00:00,11821.5,12025.5,11413.5,2022-07-12 19:55:00+00:00,11783.5,tiempo,76.0,2.0,74.0,408.0,0.18137254901960784
1,1,2022-07-13 14:34:00+00:00,2022-07-13 14:35:00+00:00,11710.0,11522.5,12085.0,2022-07-13 19:55:00+00:00,11780.5,tiempo,141.0,2.0,139.0,375.0,0.37066666666666664
-1,1,2022-07-14 14:04:00+00:00,2022-07-14 14:05:00+00:00,11525.25,11684.5,11206.75,2022-07-14 15:41:00+00:00,11684.75,stop,-319.0,2.0,-321.0,318.5,-1.0078492935635792
1,1,2022-07-15 15:14:00+00:00,2022-07-15 15:15:00+00:00,11986.75,11853.5,12253.25,2022-07-15 19:55:00+00:00,11983.5,tiempo,-6.5,2.0,-8.5,266.5,-0.03189493433395872
-1,1,2022-07-18 17:34:00+00:00,2022-07-18 17:35:00+00:00,12072.5,12186.5,11844.5,2022-07-18 19:55:00+00:00,11906.0,tiempo,333.0,2.0,331.0,228.0,1.4517543859649122
1,1,2022-07-19 14:29:00+00:00,2022-07-19 14:30:00+00:00,12085.75,11993.0,12271.25,2022-07-19 18:06:00+00:00,12271.25,objetivo,371.0,2.0,369.0,185.5,1.9892183288409704
1,1,2022-07-20 14:24:00+00:00,2022-07-20 14:25:00+00:00,12358.5,12257.5,12560.5,2022-07-20 19:55:00+00:00,12464.25,tiempo,211.5,2.0,209.5,202.0,1.0371287128712872
-1,1,2022-07-21 14:29:00+00:00,2022-07-21 14:30:00+00:00,12396.5,12517.5,12154.5,2022-07-21 15:32:00+00:00,12517.75,stop,-242.5,2.0,-244.5,242.0,-1.0103305785123966
-1,1,2022-07-22 14:09:00+00:00,2022-07-22 14:10:00+00:00,12557.25,12698.5,12274.75,2022-07-22 19:55:00+00:00,12401.5,tiempo,311.5,2.0,309.5,282.5,1.095575221238938
-1,1,2022-07-25 14:14:00+00:00,2022-07-25 14:15:00+00:00,12352.5,12444.0,12169.5,2022-07-25 19:55:00+00:00,12335.75,tiempo,33.5,2.0,31.5,183.0,0.1721311475409836
-1,1,2022-07-26 14:24:00+00:00,2022-07-26 14:25:00+00:00,12188.0,12291.25,11981.5,2022-07-26 19:55:00+00:00,12124.0,tiempo,128.0,2.0,126.0,206.5,0.6101694915254238
1,1,2022-07-27 14:14:00+00:00,2022-07-27 14:15:00+00:00,12416.25,12276.5,12695.75,2022-07-27 19:55:00+00:00,12641.5,tiempo,450.5,2.0,448.5,279.5,1.6046511627906976
1,1,2022-07-28 15:29:00+00:00,2022-07-28 15:30:00+00:00,12665.75,12453.75,13089.75,2022-07-28 19:55:00+00:00,12727.0,tiempo,122.5,2.0,120.5,424.0,0.2841981132075472
1,1,2022-07-29 14:04:00+00:00,2022-07-29 14:05:00+00:00,12895.75,12744.25,13198.75,2022-07-29 19:55:00+00:00,12978.75,tiempo,166.0,2.0,164.0,303.0,0.5412541254125413
1,1,2022-08-01 14:09:00+00:00,2022-08-01 14:10:00+00:00,13043.25,12851.75,13426.25,2022-08-01 19:55:00+00:00,12950.25,tiempo,-186.0,2.0,-188.0,383.0,-0.4908616187989556
-1,1,2022-08-02 14:09:00+00:00,2022-08-02 14:10:00+00:00,12850.75,12956.75,12638.75,2022-08-02 14:50:00+00:00,12957.0,stop,-212.5,2.0,-214.5,212.0,-1.0117924528301887
1,1,2022-08-03 14:04:00+00:00,2022-08-03 14:05:00+00:00,13146.25,12989.5,13459.75,2022-08-03 19:55:00+00:00,13294.75,tiempo,297.0,2.0,295.0,313.5,0.9409888357256778
-1,1,2022-08-04 14:29:00+00:00,2022-08-04 14:30:00+00:00,13240.75,13339.0,13044.25,2022-08-04 19:13:00+00:00,13339.25,stop,-197.0,2.0,-199.0,196.5,-1.0127226463104326
1,1,2022-08-05 14:04:00+00:00,2022-08-05 14:05:00+00:00,13228.5,13114.5,13456.5,2022-08-05 15:26:00+00:00,13114.25,stop,-228.5,2.0,-230.5,228.0,-1.0109649122807018
-1,1,2022-08-08 15:44:00+00:00,2022-08-08 15:45:00+00:00,13206.5,13412.5,12794.5,2022-08-08 19:55:00+00:00,13181.75,tiempo,49.5,2.0,47.5,412.0,0.11529126213592233
-1,1,2022-08-09 14:09:00+00:00,2022-08-09 14:10:00+00:00,12976.75,13112.25,12705.75,2022-08-09 19:55:00+00:00,13034.0,tiempo,-114.5,2.0,-116.5,271.0,-0.42988929889298894
-1,1,2022-08-10 14:19:00+00:00,2022-08-10 14:20:00+00:00,13257.75,13355.0,13063.25,2022-08-10 15:01:00+00:00,13355.25,stop,-195.0,2.0,-197.0,194.5,-1.012853470437018
1,1,2022-08-11 14:04:00+00:00,2022-08-11 14:05:00+00:00,13527.25,13455.5,13670.75,2022-08-11 15:05:00+00:00,13455.25,stop,-144.0,2.0,-146.0,143.5,-1.0174216027874565
1,1,2022-08-12 14:19:00+00:00,2022-08-12 14:20:00+00:00,13458.75,13359.25,13657.75,2022-08-12 19:55:00+00:00,13564.5,tiempo,211.5,2.0,209.5,199.0,1.0527638190954773
1,1,2022-08-15 15:44:00+00:00,2022-08-15 15:45:00+00:00,13636.75,13534.25,13841.75,2022-08-15 19:55:00+00:00,13679.5,tiempo,85.5,2.0,83.5,205.0,0.4073170731707317
-1,1,2022-08-16 14:29:00+00:00,2022-08-16 14:30:00+00:00,13565.0,13659.25,13376.5,2022-08-16 15:47:00+00:00,13659.5,stop,-189.0,2.0,-191.0,188.5,-1.013262599469496
-1,1,2022-08-17 14:14:00+00:00,2022-08-17 14:15:00+00:00,13482.75,13565.75,13316.75,2022-08-17 18:09:00+00:00,13566.0,stop,-166.5,2.0,-168.5,166.0,-1.0150602409638554
1,1,2022-08-18 14:44:00+00:00,2022-08-18 14:45:00+00:00,13507.25,13435.0,13651.75,2022-08-18 19:55:00+00:00,13519.5,tiempo,24.5,2.0,22.5,144.5,0.15570934256055363
-1,1,2022-08-19 14:09:00+00:00,2022-08-19 14:10:00+00:00,13292.25,13425.25,13026.25,2022-08-19 19:55:00+00:00,13267.0,tiempo,50.5,2.0,48.5,266.0,0.18233082706766918
-1,1,2022-08-22 14:14:00+00:00,2022-08-22 14:15:00+00:00,12998.0,13092.25,12809.5,2022-08-22 19:55:00+00:00,12901.5,tiempo,193.0,2.0,191.0,188.5,1.013262599469496
1,1,2022-08-23 14:09:00+00:00,2022-08-23 14:10:00+00:00,12994.5,12866.0,13251.5,2022-08-23 19:55:00+00:00,12899.25,tiempo,-190.5,2.0,-192.5,257.0,-0.7490272373540856
1,1,2022-08-24 14:19:00+00:00,2022-08-24 14:20:00+00:00,12941.25,12851.5,13120.75,2022-08-24 19:55:00+00:00,12947.5,tiempo,12.5,2.0,10.5,179.5,0.0584958217270195
1,1,2022-08-25 14:04:00+00:00,2022-08-25 14:05:00+00:00,13055.25,12962.0,13241.75,2022-08-25 19:55:00+00:00,13141.0,tiempo,171.5,2.0,169.5,186.5,0.9088471849865952
-1,1,2022-08-26 14:04:00+00:00,2022-08-26 14:05:00+00:00,13004.75,13161.0,12692.25,2022-08-26 14:09:00+00:00,13161.25,stop,-313.0,2.0,-315.0,312.5,-1.008
-1,1,2022-08-29 14:54:00+00:00,2022-08-29 14:55:00+00:00,12471.25,12605.5,12202.75,2022-08-29 17:46:00+00:00,12605.75,stop,-269.0,2.0,-271.0,268.5,-1.0093109869646182
-1,1,2022-08-30 14:09:00+00:00,2022-08-30 14:10:00+00:00,12426.5,12587.25,12105.0,2022-08-30 19:55:00+00:00,12323.5,tiempo,206.0,2.0,204.0,321.5,0.6345256609642301
-1,1,2022-08-31 14:29:00+00:00,2022-08-31 14:30:00+00:00,12384.5,12513.0,12127.5,2022-08-31 19:55:00+00:00,12323.75,tiempo,121.5,2.0,119.5,257.0,0.4649805447470817
-1,1,2022-09-01 14:04:00+00:00,2022-09-01 14:05:00+00:00,12132.5,12224.0,11949.5,2022-09-01 19:07:00+00:00,12224.25,stop,-183.5,2.0,-185.5,183.0,-1.0136612021857923
-1,1,2022-09-02 14:04:00+00:00,2022-09-02 14:05:00+00:00,12283.75,12415.0,12021.25,2022-09-02 14:30:00+00:00,12415.25,stop,-263.0,2.0,-265.0,262.5,-1.0095238095238095
1,1,2022-09-05 14:34:00+00:00,2022-09-05 14:35:00+00:00,12154.75,12104.25,12255.75,2022-09-05 16:59:00+00:00,12135.75,fin_de_datos,-38.0,2.0,-40.0,101.0,-0.39603960396039606
-1,1,2022-09-06 14:04:00+00:00,2022-09-06 14:05:00+00:00,11973.0,12169.0,11581.0,2022-09-06 19:55:00+00:00,12012.0,tiempo,-78.0,2.0,-80.0,392.0,-0.20408163265306123
1,1,2022-09-07 15:14:00+00:00,2022-09-07 15:15:00+00:00,12140.75,12036.0,12350.25,2022-09-07 19:55:00+00:00,12282.75,tiempo,284.0,2.0,282.0,209.5,1.3460620525059666
1,1,2022-09-08 14:34:00+00:00,2022-09-08 14:35:00+00:00,12275.0,12115.75,12593.5,2022-09-08 19:55:00+00:00,12302.25,tiempo,54.5,2.0,52.5,318.5,0.16483516483516483
1,1,2022-09-09 14:04:00+00:00,2022-09-09 14:05:00+00:00,12524.5,12415.5,12742.5,2022-09-09 19:55:00+00:00,12603.25,tiempo,157.5,2.0,155.5,218.0,0.713302752293578
1,1,2022-09-12 14:09:00+00:00,2022-09-12 14:10:00+00:00,12743.25,12641.5,12946.75,2022-09-12 16:10:00+00:00,12641.25,stop,-204.0,2.0,-206.0,203.5,-1.0122850122850122
-1,1,2022-09-13 14:04:00+00:00,2022-09-13 14:05:00+00:00,12282.25,12427.0,11992.75,2022-09-13 19:55:00+00:00,12042.25,tiempo,480.0,2.0,478.0,289.5,1.6511226252158895
1,1,2022-09-14 14:54:00+00:00,2022-09-14 14:55:00+00:00,12224.25,12098.75,12475.25,2022-09-14 19:17:00+00:00,12098.5,stop,-251.5,2.0,-253.5,251.0,-1.0099601593625498
-1,1,2022-09-15 14:34:00+00:00,2022-09-15 14:35:00+00:00,12105.25,12220.0,11875.75,2022-09-15 19:55:00+00:00,12000.25,tiempo,210.0,2.0,208.0,229.5,0.906318082788671
1,1,2022-09-16 14:34:00+00:00,2022-09-16 14:35:00+00:00,11898.75,11782.0,12132.25,2022-09-16 16:27:00+00:00,11781.75,stop,-234.0,2.0,-236.0,233.5,-1.0107066381156318
1,1,2022-09-19 14:39:00+00:00,2022-09-19 14:40:00+00:00,11946.25,11815.75,12207.25,2022-09-19 19:55:00+00:00,12019.75,tiempo,147.0,2.0,145.0,261.0,0.5555555555555556
1,1,2022-09-20 14:54:00+00:00,2022-09-20 14:55:00+00:00,11953.5,11887.0,12086.5,2022-09-20 17:29:00+00:00,11886.75,stop,-133.5,2.0,-135.5,133.0,-1.018796992481203
1,1,2022-09-21 16:34:00+00:00,2022-09-21 16:35:00+00:00,12004.75,11938.0,12138.25,2022-09-21 18:00:00+00:00,11937.75,stop,-134.0,2.0,-136.0,133.5,-1.0187265917602997
-1,1,2022-09-22 14:54:00+00:00,2022-09-22 14:55:00+00:00,11555.5,11682.25,11302.0,2022-09-22 19:47:00+00:00,11682.5,stop,-254.0,2.0,-256.0,253.5,-1.009861932938856
-1,1,2022-09-23 16:09:00+00:00,2022-09-23 16:10:00+00:00,11334.75,11471.0,11062.25,2022-09-23 19:55:00+00:00,11363.75,tiempo,-58.0,2.0,-60.0,272.5,-0.22018348623853212
1,1,2022-09-26 14:19:00+00:00,2022-09-26 14:20:00+00:00,11527.0,11342.5,11896.0,2022-09-26 16:25:00+00:00,11342.25,stop,-369.5,2.0,-371.5,369.0,-1.0067750677506775
-1,1,2022-09-27 14:04:00+00:00,2022-09-27 14:05:00+00:00,11433.75,11568.25,11164.75,2022-09-27 19:55:00+00:00,11345.5,tiempo,176.5,2.0,174.5,269.0,0.6486988847583643
1,1,2022-09-28 14:24:00+00:00,2022-09-28 14:25:00+00:00,11371.75,11266.0,11583.25,2022-09-28 19:31:00+00:00,11583.25,objetivo,423.0,2.0,421.0,211.5,1.9905437352245863
-1,1,2022-09-29 14:04:00+00:00,2022-09-29 14:05:00+00:00,11210.25,11402.25,10826.25,2022-09-29 19:55:00+00:00,11220.75,tiempo,-21.0,2.0,-23.0,384.0,-0.059895833333333336
1,1,2022-09-30 14:34:00+00:00,2022-09-30 14:35:00+00:00,11299.25,11143.0,11611.75,2022-09-30 18:43:00+00:00,11142.75,stop,-313.0,2.0,-315.0,312.5,-1.008
1,1,2022-10-03 14:04:00+00:00,2022-10-03 14:05:00+00:00,11157.75,11039.75,11393.75,2022-10-03 19:55:00+00:00,11303.0,tiempo,290.5,2.0,288.5,236.0,1.222457627118644
1,1,2022-10-04 14:04:00+00:00,2022-10-04 14:05:00+00:00,11649.75,11514.25,11920.75,2022-10-04 19:55:00+00:00,11633.5,tiempo,-32.5,2.0,-34.5,271.0,-0.12730627306273062
-1,1,2022-10-05 14:04:00+00:00,2022-10-05 14:05:00+00:00,11433.0,11539.0,11221.0,2022-10-05 16:47:00+00:00,11539.25,stop,-212.5,2.0,-214.5,212.0,-1.0117924528301887
-1,1,2022-10-06 14:04:00+00:00,2022-10-06 14:05:00+00:00,11580.5,11721.5,11298.5,2022-10-06 19:55:00+00:00,11555.25,tiempo,50.5,2.0,48.5,282.0,0.17198581560283688
-1,1,2022-10-07 14:04:00+00:00,2022-10-07 14:05:00+00:00,11212.5,11350.0,10937.5,2022-10-07 19:55:00+00:00,11087.5,tiempo,250.0,2.0,248.0,275.0,0.9018181818181819
-1,1,2022-10-10 14:04:00+00:00,2022-10-10 14:05:00+00:00,11000.75,11126.0,10750.25,2022-10-10 19:55:00+00:00,11020.75,tiempo,-40.0,2.0,-42.0,250.5,-0.16766467065868262
-1,1,2022-10-11 14:04:00+00:00,2022-10-11 14:05:00+00:00,10805.25,10944.75,10526.25,2022-10-11 15:36:00+00:00,10945.0,stop,-279.5,2.0,-281.5,279.0,-1.0089605734767024
1,1,2022-10-13 14:04:00+00:00,2022-10-13 14:05:00+00:00,10638.5,10484.75,10946.0,2022-10-13 15:20:00+00:00,10946.0,objetivo,615.0,2.0,613.0,307.5,1.9934959349593495
-1,1,2022-10-14 14:04:00+00:00,2022-10-14 14:05:00+00:00,10993.75,11207.5,10566.25,2022-10-14 19:55:00+00:00,10768.25,tiempo,451.0,2.0,449.0,427.5,1.0502923976608187
1,1,2022-10-17 14:14:00+00:00,2022-10-17 14:15:00+00:00,11127.5,10999.0,11384.5,2022-10-17 19:55:00+00:00,11123.75,tiempo,-7.5,2.0,-9.5,257.0,-0.03696498054474708
-1,1,2022-10-18 14:24:00+00:00,2022-10-18 14:25:00+00:00,11289.25,11431.75,11004.25,2022-10-18 19:55:00+00:00,11181.75,tiempo,215.0,2.0,213.0,285.0,0.7473684210526316
1,1,2022-10-19 14:19:00+00:00,2022-10-19 14:20:00+00:00,11224.0,11110.0,11452.0,2022-10-19 16:46:00+00:00,11109.75,stop,-228.5,2.0,-230.5,228.0,-1.0109649122807018
1,1,2022-10-20 14:04:00+00:00,2022-10-20 14:05:00+00:00,11245.75,11091.0,11555.25,2022-10-20 17:49:00+00:00,11090.75,stop,-310.0,2.0,-312.0,309.5,-1.0080775444264944
1,1,2022-10-21 14:04:00+00:00,2022-10-21 14:05:00+00:00,11165.0,10995.25,11504.5,2022-10-21 19:55:00+00:00,11360.0,tiempo,390.0,2.0,388.0,339.5,1.1428571428571428
-1,1,2022-10-24 14:04:00+00:00,2022-10-24 14:05:00+00:00,11273.5,11426.0,10968.5,2022-10-24 16:01:00+00:00,11426.25,stop,-305.5,2.0,-307.5,305.0,-1.0081967213114753
1,1,2022-10-25 15:09:00+00:00,2022-10-25 15:10:00+00:00,11671.0,11515.0,11983.0,2022-10-25 19:55:00+00:00,11697.0,tiempo,52.0,2.0,50.0,312.0,0.16025641025641027
1,1,2022-10-26 14:09:00+00:00,2022-10-26 14:10:00+00:00,11531.0,11433.0,11727.0,2022-10-26 19:55:00+00:00,11469.75,tiempo,-122.5,2.0,-124.5,196.0,-0.6352040816326531
-1,1,2022-10-27 16:29:00+00:00,2022-10-27 16:30:00+00:00,11249.25,11464.0,10819.75,2022-10-27 19:55:00+00:00,11230.75,tiempo,37.0,2.0,35.0,429.5,0.08149010477299184
1,1,2022-10-28 14:29:00+00:00,2022-10-28 14:30:00+00:00,11381.0,11206.25,11730.5,2022-10-28 19:55:00+00:00,11595.0,tiempo,428.0,2.0,426.0,349.5,1.2188841201716738
-1,1,2022-10-31 14:09:00+00:00,2022-10-31 14:10:00+00:00,11412.75,11522.5,11193.25,2022-10-31 19:55:00+00:00,11439.75,tiempo,-54.0,2.0,-56.0,219.5,-0.255125284738041
-1,1,2022-11-01 14:04:00+00:00,2022-11-01 14:05:00+00:00,11443.5,11619.0,11092.5,2022-11-01 19:55:00+00:00,11343.25,tiempo,200.5,2.0,198.5,351.0,0.5655270655270656
-1,1,2022-11-02 14:14:00+00:00,2022-11-02 14:15:00+00:00,11266.25,11341.0,11116.75,2022-11-02 18:00:00+00:00,11341.25,stop,-150.0,2.0,-152.0,149.5,-1.0167224080267558
1,1,2022-11-03 14:49:00+00:00,2022-11-03 14:50:00+00:00,10873.5,10723.0,11174.5,2022-11-03 19:55:00+00:00,10741.5,tiempo,-264.0,2.0,-266.0,301.0,-0.8837209302325582
-1,1,2022-11-04 15:54:00+00:00,2022-11-04 15:55:00+00:00,10721.25,10963.75,10236.25,2022-11-04 19:55:00+00:00,10859.75,tiempo,-277.0,2.0,-279.0,485.0,-0.5752577319587628
1,1,2022-11-07 19:19:00+00:00,2022-11-07 19:20:00+00:00,10992.25,10847.25,11282.25,2022-11-07 20:55:00+00:00,11012.75,tiempo,41.0,2.0,39.0,290.0,0.13448275862068965
1,1,2022-11-08 15:19:00+00:00,2022-11-08 15:20:00+00:00,11088.0,11006.75,11250.5,2022-11-08 19:21:00+00:00,11006.5,stop,-163.0,2.0,-165.0,162.5,-1.0153846153846153
-1,1,2022-11-09 15:54:00+00:00,2022-11-09 15:55:00+00:00,10954.5,11040.0,10783.5,2022-11-09 20:55:00+00:00,10837.5,tiempo,234.0,2.0,232.0,171.0,1.3567251461988303
1,1,2022-11-10 16:14:00+00:00,2022-11-10 16:15:00+00:00,11455.25,11269.25,11827.25,2022-11-10 20:55:00+00:00,11630.75,tiempo,351.0,2.0,349.0,372.0,0.9381720430107527
1,1,2022-11-11 15:14:00+00:00,2022-11-11 15:15:00+00:00,11712.0,11569.25,11997.5,2022-11-11 20:55:00+00:00,11862.0,tiempo,300.0,2.0,298.0,285.5,1.043782837127846
1,1,2022-11-14 15:09:00+00:00,2022-11-14 15:10:00+00:00,11789.5,11702.0,11964.5,2022-11-14 20:55:00+00:00,11756.5,tiempo,-66.0,2.0,-68.0,175.0,-0.38857142857142857
-1,1,2022-11-15 18:19:00+00:00,2022-11-15 18:20:00+00:00,11920.75,12063.5,11635.25,2022-11-15 20:55:00+00:00,11885.0,tiempo,71.5,2.0,69.5,285.5,0.2434325744308231
-1,1,2022-11-16 15:19:00+00:00,2022-11-16 15:20:00+00:00,11732.0,11836.25,11523.5,2022-11-16 20:55:00+00:00,11767.75,tiempo,-71.5,2.0,-73.5,208.5,-0.35251798561151076
1,1,2022-11-17 15:19:00+00:00,2022-11-17 15:20:00+00:00,11659.75,11543.75,11891.75,2022-11-17 20:55:00+00:00,11682.0,tiempo,44.5,2.0,42.5,232.0,0.18318965517241378
-1,1,2022-11-18 15:04:00+00:00,2022-11-18 15:05:00+00:00,11700.0,11842.5,11415.0,2022-11-18 20:55:00+00:00,11686.5,tiempo,27.0,2.0,25.0,285.0,0.08771929824561403
-1,1,2022-11-21 15:14:00+00:00,2022-11-21 15:15:00+00:00,11620.0,11699.75,11460.5,2022-11-21 20:55:00+00:00,11600.0,tiempo,40.0,2.0,38.0,159.5,0.23824451410658307
1,1,2022-11-22 15:49:00+00:00,2022-11-22 15:50:00+00:00,11642.25,11527.25,11872.25,2022-11-22 20:55:00+00:00,11744.0,tiempo,203.5,2.0,201.5,230.0,0.8760869565217392
1,1,2022-11-23 15:14:00+00:00,2022-11-23 15:15:00+00:00,11855.0,11745.25,12074.5,2022-11-23 17:57:00+00:00,11745.0,stop,-220.0,2.0,-222.0,219.5,-1.0113895216400912
1,1,2022-11-24 15:59:00+00:00,2022-11-24 16:00:00+00:00,11920.0,11898.75,11962.5,2022-11-24 17:59:00+00:00,11910.5,fin_de_datos,-19.0,2.0,-21.0,42.5,-0.49411764705882355
1,1,2022-11-25 15:19:00+00:00,2022-11-25 15:20:00+00:00,11816.0,11766.25,11915.5,2022-11-25 18:14:00+00:00,11786.5,fin_de_datos,-59.0,2.0,-61.0,99.5,-0.6130653266331658
-1,1,2022-11-28 15:54:00+00:00,2022-11-28 15:55:00+00:00,11689.75,11788.5,11492.25,2022-11-28 20:55:00+00:00,11611.0,tiempo,157.5,2.0,155.5,197.5,0.7873417721518987
-1,1,2022-11-29 16:04:00+00:00,2022-11-29 16:05:00+00:00,11544.0,11628.0,11376.0,2022-11-29 20:55:00+00:00,11512.25,tiempo,63.5,2.0,61.5,168.0,0.36607142857142855
-1,1,2022-11-30 16:04:00+00:00,2022-11-30 16:05:00+00:00,11514.5,11581.5,11380.5,2022-11-30 18:30:00+00:00,11581.75,stop,-134.5,2.0,-136.5,134.0,-1.0186567164179106
-1,1,2022-12-01 15:14:00+00:00,2022-12-01 15:15:00+00:00,12004.0,12136.0,11740.0,2022-12-01 20:55:00+00:00,12074.0,tiempo,-140.0,2.0,-142.0,264.0,-0.5378787878787878
1,1,2022-12-02 15:14:00+00:00,2022-12-02 15:15:00+00:00,11943.0,11837.25,12154.5,2022-12-02 20:55:00+00:00,11991.75,tiempo,97.5,2.0,95.5,211.5,0.4515366430260047
-1,1,2022-12-05 15:04:00+00:00,2022-12-05 15:05:00+00:00,11908.0,11972.25,11779.5,2022-12-05 19:01:00+00:00,11779.5,objetivo,257.0,2.0,255.0,128.5,1.9844357976653697
-1,1,2022-12-06 15:04:00+00:00,2022-12-06 15:05:00+00:00,11648.75,11805.75,11334.75,2022-12-06 20:55:00+00:00,11565.25,tiempo,167.0,2.0,165.0,314.0,0.5254777070063694
1,1,2022-12-08 15:04:00+00:00,2022-12-08 15:05:00+00:00,11611.0,11477.25,11878.5,2022-12-08 20:55:00+00:00,11637.0,tiempo,52.0,2.0,50.0,267.5,0.18691588785046728
1,1,2022-12-09 15:39:00+00:00,2022-12-09 15:40:00+00:00,11669.25,11550.0,11907.75,2022-12-09 20:55:00+00:00,11583.75,tiempo,-171.0,2.0,-173.0,238.5,-0.7253668763102725
-1,1,2022-12-12 15:49:00+00:00,2022-12-12 15:50:00+00:00,11540.0,11608.75,11402.5,2022-12-12 18:00:00+00:00,11609.0,stop,-138.0,2.0,-140.0,137.5,-1.018181818181818
1,1,2022-12-14 15:04:00+00:00,2022-12-14 15:05:00+00:00,12016.75,11930.0,12190.25,2022-12-14 19:00:00+00:00,11929.75,stop,-174.0,2.0,-176.0,173.5,-1.0144092219020173
-1,1,2022-12-15 15:04:00+00:00,2022-12-15 15:05:00+00:00,11529.5,11715.5,11157.5,2022-12-15 20:55:00+00:00,11452.5,tiempo,154.0,2.0,152.0,372.0,0.40860215053763443
-1,1,2022-12-16 15:09:00+00:00,2022-12-16 15:10:00+00:00,11383.75,11491.5,11168.25,2022-12-16 20:55:00+00:00,11355.0,tiempo,57.5,2.0,55.5,215.5,0.25754060324825984
-1,1,2022-12-19 15:04:00+00:00,2022-12-19 15:05:00+00:00,11249.75,11359.0,11031.25,2022-12-19 20:55:00+00:00,11181.5,tiempo,136.5,2.0,134.5,218.5,0.6155606407322655
1,1,2022-12-20 15:04:00+00:00,2022-12-20 15:05:00+00:00,11178.75,11066.75,11402.75,2022-12-20 20:55:00+00:00,11189.25,tiempo,21.0,2.0,19.0,224.0,0.08482142857142858
1,1,2022-12-21 15:09:00+00:00,2022-12-21 15:10:00+00:00,11289.5,11181.0,11506.5,2022-12-21 20:55:00+00:00,11330.25,tiempo,81.5,2.0,79.5,217.0,0.3663594470046083
-1,1,2022-12-22 15:04:00+00:00,2022-12-22 15:05:00+00:00,11068.25,11208.25,10788.25,2022-12-22 20:55:00+00:00,11054.25,tiempo,28.0,2.0,26.0,280.0,0.09285714285714286
1,1,2022-12-23 15:34:00+00:00,2022-12-23 15:35:00+00:00,11071.0,10922.25,11368.5,2022-12-23 20:55:00+00:00,11074.0,tiempo,6.0,2.0,4.0,297.5,0.013445378151260505
-1,1,2022-12-28 15:59:00+00:00,2022-12-28 16:00:00+00:00,10828.0,10996.5,10491.0,2022-12-28 20:55:00+00:00,10767.75,tiempo,120.5,2.0,118.5,337.0,0.3516320474777448
1,1,2022-12-29 15:14:00+00:00,2022-12-29 15:15:00+00:00,10988.0,10856.5,11251.0,2022-12-29 20:55:00+00:00,11054.0,tiempo,132.0,2.0,130.0,263.0,0.49429657794676807
1,1,2022-12-30 15:49:00+00:00,2022-12-30 15:50:00+00:00,10965.75,10855.5,11186.25,2022-12-30 20:55:00+00:00,11004.5,tiempo,77.5,2.0,75.5,220.5,0.3424036281179138
-1,1,2023-01-03 15:04:00+00:00,2023-01-03 15:05:00+00:00,10985.75,11182.0,10593.25,2023-01-03 20:55:00+00:00,10953.25,tiempo,65.0,2.0,63.0,392.5,0.16050955414012738
-1,1,2023-01-04 15:04:00+00:00,2023-01-04 15:05:00+00:00,10915.25,11046.5,10652.75,2023-01-04 16:35:00+00:00,11046.75,stop,-263.0,2.0,-265.0,262.5,-1.0095238095238095
1,1,2023-01-06 15:39:00+00:00,2023-01-06 15:40:00+00:00,10955.0,10766.25,11332.5,2023-01-06 20:55:00+00:00,11114.5,tiempo,319.0,2.0,317.0,377.5,0.8397350993377484
1,1,2023-01-09 15:04:00+00:00,2023-01-09 15:05:00+00:00,11323.5,11194.75,11581.0,2023-01-09 20:32:00+00:00,11194.5,stop,-258.0,2.0,-260.0,257.5,-1.0097087378640777
1,1,2023-01-10 15:14:00+00:00,2023-01-10 15:15:00+00:00,11256.5,11138.0,11493.5,2023-01-10 15:44:00+00:00,11137.75,stop,-237.5,2.0,-239.5,237.0,-1.010548523206751
1,1,2023-01-11 15:24:00+00:00,2023-01-11 15:25:00+00:00,11372.0,11291.0,11534.0,2023-01-11 20:55:00+00:00,11459.25,tiempo,174.5,2.0,172.5,162.0,1.0648148148148149
1,1,2023-01-12 17:19:00+00:00,2023-01-12 17:20:00+00:00,11522.5,11311.25,11945.0,2023-01-12 20:55:00+00:00,11515.0,tiempo,-15.0,2.0,-17.0,422.5,-0.040236686390532544
1,1,2023-01-13 15:09:00+00:00,2023-01-13 15:10:00+00:00,11483.25,11408.75,11632.25,2023-01-13 20:55:00+00:00,11602.0,tiempo,237.5,2.0,235.5,149.0,1.580536912751678
-1,1,2023-01-16 15:14:00+00:00,2023-01-16 15:15:00+00:00,11584.25,11611.25,11530.25,2023-01-16 17:59:00+00:00,11564.25,fin_de_datos,40.0,2.0,38.0,54.0,0.7037037037037037
1,1,2023-01-17 15:04:00+00:00,2023-01-17 15:05:00+00:00,11663.5,11549.5,11891.5,2023-01-17 20:55:00+00:00,11612.75,tiempo,-101.5,2.0,-103.5,228.0,-0.45394736842105265
1,1,2023-01-18 15:04:00+00:00,2023-01-18 15:05:00+00:00,11739.25,11672.25,11873.25,2023-01-18 15:37:00+00:00,11672.0,stop,-134.5,2.0,-136.5,134.0,-1.0186567164179106
-1,1,2023-01-19 15:54:00+00:00,2023-01-19 15:55:00+00:00,11342.0,11446.5,11133.0,2023-01-19 19:36:00+00:00,11446.75,stop,-209.5,2.0,-211.5,209.0,-1.0119617224880382
1,1,2023-01-20 15:09:00+00:00,2023-01-20 15:10:00+00:00,11475.0,11383.5,11658.0,2023-01-20 20:11:00+00:00,11658.0,objetivo,366.0,2.0,364.0,183.0,1.989071038251366
1,1,2023-01-23 15:19:00+00:00,2023-01-23 15:20:00+00:00,11827.25,11671.75,12138.25,2023-01-23 20:55:00+00:00,11933.0,tiempo,211.5,2.0,209.5,311.0,0.6736334405144695
-1,1,2023-01-25 15:14:00+00:00,2023-01-25 15:15:00+00:00,11621.5,11724.0,11416.5,2023-01-25 16:19:00+00:00,11724.25,stop,-205.5,2.0,-207.5,205.0,-1.0121951219512195
-1,1,2023-01-26 15:54:00+00:00,2023-01-26 15:55:00+00:00,11935.75,12075.0,11657.25,2023-01-26 20:24:00+00:00,12075.25,stop,-279.0,2.0,-281.0,278.5,-1.0089766606822261
1,1,2023-01-27 15:04:00+00:00,2023-01-27 15:05:00+00:00,12156.25,12041.75,12385.25,2023-01-27 20:55:00+00:00,12238.5,tiempo,164.5,2.0,162.5,229.0,0.7096069868995634
1,1,2023-01-30 15:04:00+00:00,2023-01-30 15:05:00+00:00,12135.75,12059.5,12288.25,2023-01-30 15:23:00+00:00,12059.25,stop,-153.0,2.0,-155.0,152.5,-1.0163934426229508
1,1,2023-01-31 15:29:00+00:00,2023-01-31 15:30:00+00:00,12059.25,11969.0,12239.75,2023-01-31 20:55:00+00:00,12134.75,tiempo,151.0,2.0,149.0,180.5,0.8254847645429363
-1,1,2023-02-01 15:54:00+00:00,2023-02-01 15:55:00+00:00,12099.75,12158.0,11983.25,2023-02-01 18:59:00+00:00,12158.25,stop,-117.0,2.0,-119.0,116.5,-1.0214592274678111
1,1,2023-02-02 15:34:00+00:00,2023-02-02 15:35:00+00:00,12790.75,12668.75,13034.75,2023-02-02 20:55:00+00:00,12815.5,tiempo,49.5,2.0,47.5,244.0,0.19467213114754098
1,1,2023-02-03 15:14:00+00:00,2023-02-03 15:15:00+00:00,12756.0,12558.5,13151.0,2023-02-03 20:55:00+00:00,12639.5,tiempo,-233.0,2.0,-235.0,395.0,-0.5949367088607594
1,1,2023-02-06 15:04:00+00:00,2023-02-06 15:05:00+00:00,12571.75,12502.5,12710.25,2023-02-06 15:20:00+00:00,12502.25,stop,-139.0,2.0,-141.0,138.5,-1.0180505415162455
-1,1,2023-02-07 15:09:00+00:00,2023-02-07 15:10:00+00:00,12484.5,12554.25,12345.0,2023-02-07 16:08:00+00:00,12554.5,stop,-140.0,2.0,-142.0,139.5,-1.017921146953405
-1,1,2023-02-08 15:34:00+00:00,2023-02-08 15:35:00+00:00,12611.75,12752.0,12331.25,2023-02-08 20:55:00+00:00,12546.0,tiempo,131.5,2.0,129.5,280.5,0.46167557932263814
-1,1,2023-02-09 15:29:00+00:00,2023-02-09 15:30:00+00:00,12619.75,12728.5,12402.25,2023-02-09 20:27:00+00:00,12402.25,objetivo,435.0,2.0,433.0,217.5,1.9908045977011495
-1,1,2023-02-10 15:04:00+00:00,2023-02-10 15:05:00+00:00,12305.5,12394.0,12128.5,2023-02-10 15:11:00+00:00,12394.25,stop,-177.5,2.0,-179.5,177.0,-1.0141242937853108
1,1,2023-02-13 15:49:00+00:00,2023-02-13 15:50:00+00:00,12486.0,12352.0,12754.0,2023-02-13 20:55:00+00:00,12521.75,tiempo,71.5,2.0,69.5,268.0,0.2593283582089552
1,1,2023-02-14 15:04:00+00:00,2023-02-14 15:05:00+00:00,12631.25,12390.5,13112.75,2023-02-14 20:55:00+00:00,12653.75,tiempo,45.0,2.0,43.0,481.5,0.0893042575285566
1,1,2023-02-15 16:29:00+00:00,2023-02-15 16:30:00+00:00,12632.75,12543.5,12811.25,2023-02-15 20:55:00+00:00,12696.25,tiempo,127.0,2.0,125.0,178.5,0.7002801120448179
1,1,2023-02-16 15:24:00+00:00,2023-02-16 15:25:00+00:00,12605.0,12496.5,12822.0,2023-02-16 20:31:00+00:00,12496.25,stop,-217.5,2.0,-219.5,217.0,-1.0115207373271888
-1,1,2023-02-17 16:24:00+00:00,2023-02-17 16:25:00+00:00,12294.5,12423.75,12036.0,2023-02-17 20:55:00+00:00,12382.0,tiempo,-175.0,2.0,-177.0,258.5,-0.6847195357833655
-1,1,2023-02-20 15:09:00+00:00,2023-02-20 15:10:00+00:00,12378.5,12395.75,12344.0,2023-02-20 17:59:00+00:00,12367.0,fin_de_datos,23.0,2.0,21.0,34.5,0.6086956521739131
-1,1,2023-02-21 15:14:00+00:00,2023-02-21 15:15:00+00:00,12191.25,12290.0,11993.75,2023-02-21 20:55:00+00:00,12103.25,tiempo,176.0,2.0,174.0,197.5,0.8810126582278481
-1,1,2023-02-22 15:04:00+00:00,2023-02-22 15:05:00+00:00,12093.75,12174.5,11932.25,2023-02-22 19:06:00+00:00,12174.75,stop,-162.0,2.0,-164.0,161.5,-1.0154798761609907
-1,1,2023-02-23 15:09:00+00:00,2023-02-23 15:10:00+00:00,12188.0,12259.75,12044.5,2023-02-23 16:43:00+00:00,12044.5,objetivo,287.0,2.0,285.0,143.5,1.9860627177700347
-1,1,2023-02-24 15:14:00+00:00,2023-02-24 15:15:00+00:00,11944.5,12043.0,11747.5,2023-02-24 20:55:00+00:00,11976.5,tiempo,-64.0,2.0,-66.0,197.0,-0.3350253807106599
1,1,2023-02-27 15:04:00+00:00,2023-02-27 15:05:00+00:00,12156.0,12106.25,12255.5,2023-02-27 15:37:00+00:00,12106.0,stop,-100.0,2.0,-102.0,99.5,-1.0251256281407035
1,1,2023-02-28 15:04:00+00:00,2023-02-28 15:05:00+00:00,12113.75,12041.5,12258.25,2023-02-28 20:55:00+00:00,12089.75,tiempo,-48.0,2.0,-50.0,144.5,-0.3460207612456747
-1,1,2023-03-01 15:09:00+00:00,2023-03-01 15:10:00+00:00,11981.0,12079.5,11784.0,2023-03-01 20:55:00+00:00,11960.25,tiempo,41.5,2.0,39.5,197.0,0.20050761421319796
1,1,2023-03-02 15:04:00+00:00,2023-03-02 15:05:00+00:00,11923.25,11846.25,12077.25,2023-03-02 20:37:00+00:00,12077.25,objetivo,308.0,2.0,306.0,154.0,1.9870129870129871
1,1,2023-03-03 15:24:00+00:00,2023-03-03 15:25:00+00:00,12207.5,12111.5,12399.5,2023-03-03 20:55:00+00:00,12302.75,tiempo,190.5,2.0,188.5,192.0,0.9817708333333334
1,1,2023-03-06 15:14:00+00:00,2023-03-06 15:15:00+00:00,12408.75,12347.25,12531.75,2023-03-06 19:48:00+00:00,12347.0,stop,-123.5,2.0,-125.5,123.0,-1.0203252032520325
-1,1,2023-03-07 15:04:00+00:00,2023-03-07 15:05:00+00:00,12229.5,12362.75,11963.0,2023-03-07 20:55:00+00:00,12165.0,tiempo,129.0,2.0,127.0,266.5,0.47654784240150094
-1,1,2023-03-08 15:04:00+00:00,2023-03-08 15:05:00+00:00,12150.0,12216.0,12018.0,2023-03-08 15:33:00+00:00,12216.25,stop,-132.5,2.0,-134.5,132.0,-1.018939393939394
1,1,2023-03-09 15:04:00+00:00,2023-03-09 15:05:00+00:00,12342.25,12230.0,12566.75,2023-03-09 17:48:00+00:00,12229.75,stop,-225.0,2.0,-227.0,224.5,-1.0111358574610245
1,1,2023-03-10 16:29:00+00:00,2023-03-10 16:30:00+00:00,12045.0,11865.0,12405.0,2023-03-10 18:25:00+00:00,11864.75,stop,-360.5,2.0,-362.5,360.0,-1.0069444444444444
1,1,2023-03-13 14:34:00+00:00,2023-03-13 14:35:00+00:00,11930.5,11705.0,12381.5,2023-03-13 19:55:00+00:00,11949.25,tiempo,37.5,2.0,35.5,451.0,0.0787139689578714
1,1,2023-03-14 14:24:00+00:00,2023-03-14 14:25:00+00:00,12163.0,12070.5,12348.0,2023-03-14 18:08:00+00:00,12070.25,stop,-185.5,2.0,-187.5,185.0,-1.0135135135135136
1,1,2023-03-16 14:44:00+00:00,2023-03-16 14:45:00+00:00,12444.25,12314.0,12704.75,2023-03-16 19:06:00+00:00,12704.75,objetivo,521.0,2.0,519.0,260.5,1.9923224568138196
1,1,2023-03-17 14:04:00+00:00,2023-03-17 14:05:00+00:00,12793.25,12691.75,12996.25,2023-03-17 14:24:00+00:00,12691.5,stop,-203.5,2.0,-205.5,203.0,-1.0123152709359606
1,1,2023-03-20 14:49:00+00:00,2023-03-20 14:50:00+00:00,12635.0,12529.5,12846.0,2023-03-20 19:55:00+00:00,12690.25,tiempo,110.5,2.0,108.5,211.0,0.514218009478673
-1,1,2023-03-21 14:24:00+00:00,2023-03-21 14:25:00+00:00,12750.5,12818.0,12615.5,2023-03-21 17:36:00+00:00,12818.25,stop,-135.5,2.0,-137.5,135.0,-1.0185185185185186
