direccion,contratos,t_senal,t_entrada,entrada,stop,objetivo,t_salida,salida,motivo,bruto,comision,neto,riesgo_usd,r
-1,1,2015-01-02 15:24:00+00:00,2015-01-02 15:25:00+00:00,4244.5,4272.75,4188.0,2015-01-02 20:55:00+00:00,4229.25,tiempo,30.5,0.0,30.5,56.5,0.5398230088495575
-1,1,2015-01-05 15:34:00+00:00,2015-01-05 15:35:00+00:00,4178.25,4207.25,4120.25,2015-01-05 20:55:00+00:00,4163.25,tiempo,30.0,0.0,30.0,58.0,0.5172413793103449
-1,1,2015-01-06 15:04:00+00:00,2015-01-06 15:05:00+00:00,4148.25,4170.75,4103.25,2015-01-06 17:06:00+00:00,4103.25,objetivo,90.0,0.0,90.0,45.0,2.0
1,1,2015-01-07 15:04:00+00:00,2015-01-07 15:05:00+00:00,4150.0,4117.5,4215.0,2015-01-07 20:55:00+00:00,4150.0,tiempo,0.0,0.0,0.0,65.0,0.0
1,1,2015-01-08 15:09:00+00:00,2015-01-08 15:10:00+00:00,4213.25,4184.5,4270.75,2015-01-08 20:55:00+00:00,4235.0,tiempo,43.5,0.0,43.5,57.5,0.7565217391304347
-1,1,2015-01-09 15:29:00+00:00,2015-01-09 15:30:00+00:00,4214.5,4248.5,4146.5,2015-01-09 20:55:00+00:00,4210.5,tiempo,8.0,0.0,8.0,68.0,0.11764705882352941
-1,1,2015-01-12 15:14:00+00:00,2015-01-12 15:15:00+00:00,4159.5,4218.5,4041.5,2015-01-12 20:55:00+00:00,4168.25,tiempo,-17.5,0.0,-17.5,118.0,-0.1483050847457627
1,1,2015-01-13 15:54:00+00:00,2015-01-13 15:55:00+00:00,4244.75,4202.0,4330.25,2015-01-13 18:21:00+00:00,4202.0,stop,-85.5,0.0,-85.5,85.5,-1.0
-1,1,2015-01-14 18:44:00+00:00,2015-01-14 18:45:00+00:00,4102.75,4142.0,4024.25,2015-01-14 19:33:00+00:00,4142.0,stop,-78.5,0.0,-78.5,78.5,-1.0
-1,1,2015-01-15 17:44:00+00:00,2015-01-15 17:45:00+00:00,4088.75,4163.0,3940.25,2015-01-15 20:55:00+00:00,4084.0,tiempo,9.5,0.0,9.5,148.5,0.06397306397306397
1,1,2015-01-16 16:19:00+00:00,2015-01-16 16:20:00+00:00,4105.75,4074.0,4169.25,2015-01-16 20:55:00+00:00,4135.25,tiempo,59.0,0.0,59.0,63.5,0.9291338582677166
-1,1,2015-01-20 16:44:00+00:00,2015-01-20 16:45:00+00:00,4118.5,4165.5,4024.5,2015-01-20 19:42:00+00:00,4165.5,stop,-94.0,0.0,-94.0,94.0,-1.0
1,1,2015-01-21 15:49:00+00:00,2015-01-21 15:50:00+00:00,4191.0,4137.0,4299.0,2015-01-21 20:55:00+00:00,4185.25,tiempo,-11.5,0.0,-11.5,108.0,-0.10648148148148148
1,1,2015-01-22 15:59:00+00:00,2015-01-22 16:00:00+00:00,4228.0,4164.5,4355.0,2015-01-22 20:55:00+00:00,4261.0,tiempo,66.0,0.0,66.0,127.0,0.5196850393700787
1,1,2015-01-23 17:14:00+00:00,2015-01-23 17:15:00+00:00,4276.75,4250.25,4329.75,2015-01-23 20:55:00+00:00,4268.0,tiempo,-17.5,0.0,-17.5,53.0,-0.330188679245283
-1,1,2015-01-27 15:24:00+00:00,2015-01-27 15:25:00+00:00,4169.25,4202.0,4103.75,2015-01-27 19:27:00+00:00,4202.0,stop,-65.5,0.0,-65.5,65.5,-1.0
-1,1,2015-01-28 15:34:00+00:00,2015-01-28 15:35:00+00:00,4196.25,4229.0,4130.75,2015-01-28 20:55:00+00:00,4140.25,tiempo,112.0,0.0,112.0,65.5,1.7099236641221374
1,1,2015-01-29 18:49:00+00:00,2015-01-29 18:50:00+00:00,4146.0,4095.75,4246.5,2015-01-29 20:55:00+00:00,4173.25,tiempo,54.5,0.0,54.5,100.5,0.5422885572139303
-1,1,2015-01-30 20:19:00+00:00,2015-01-30 20:20:00+00:00,4154.5,4203.25,4057.0,2015-01-30 20:55:00+00:00,4143.0,tiempo,23.0,0.0,23.0,97.5,0.2358974358974359
-1,1,2015-02-02 15:04:00+00:00,2015-02-02 15:05:00+00:00,4097.75,4158.25,3976.75,2015-02-02 16:34:00+00:00,4158.25,stop,-121.0,0.0,-121.0,121.0,-1.0
-1,1,2015-02-03 15:59:00+00:00,2015-02-03 16:00:00+00:00,4174.5,4212.0,4099.5,2015-02-03 20:24:00+00:00,4212.0,stop,-75.0,0.0,-75.0,75.0,-1.0
1,1,2015-02-04 16:14:00+00:00,2015-02-04 16:15:00+00:00,4223.0,4196.75,4275.5,2015-02-04 20:55:00+00:00,4209.5,tiempo,-27.0,0.0,-27.0,52.5,-0.5142857142857142
1,1,2015-02-05 15:39:00+00:00,2015-02-05 15:40:00+00:00,4241.0,4213.75,4295.5,2015-02-05 20:55:00+00:00,4253.25,tiempo,24.5,0.0,24.5,54.5,0.44954128440366975
1,1,2015-02-06 15:44:00+00:00,2015-02-06 15:45:00+00:00,4265.75,4237.75,4321.75,2015-02-06 18:25:00+00:00,4237.75,stop,-56.0,0.0,-56.0,56.0,-1.0
1,1,2015-02-09 17:29:00+00:00,2015-02-09 17:30:00+00:00,4228.5,4206.5,4272.5,2015-02-09 20:04:00+00:00,4206.5,stop,-44.0,0.0,-44.0,44.0,-1.0
1,1,2015-02-10 16:39:00+00:00,2015-02-10 16:40:00+00:00,4250.0,4229.5,4291.0,2015-02-10 20:55:00+00:00,4280.25,tiempo,60.5,0.0,60.5,41.0,1.475609756097561
1,1,2015-02-11 15:44:00+00:00,2015-02-11 15:45:00+00:00,4296.75,4278.75,4332.75,2015-02-11 18:11:00+00:00,4278.75,stop,-36.0,0.0,-36.0,36.0,-1.0
1,1,2015-02-12 17:09:00+00:00,2015-02-12 17:10:00+00:00,4330.0,4315.0,4360.0,2015-02-12 20:55:00+00:00,4342.5,tiempo,25.0,0.0,25.0,30.0,0.8333333333333334
1,1,2015-02-13 16:49:00+00:00,2015-02-13 16:50:00+00:00,4365.0,4353.75,4387.5,2015-02-13 18:36:00+00:00,4353.75,stop,-22.5,0.0,-22.5,22.5,-1.0
1,1,2015-02-17 18:24:00+00:00,2015-02-17 18:25:00+00:00,4386.25,4370.25,4418.25,2015-02-17 20:55:00+00:00,4378.75,tiempo,-15.0,0.0,-15.0,32.0,-0.46875
-1,1,2015-02-18 15:24:00+00:00,2015-02-18 15:25:00+00:00,4375.25,4386.0,4353.75,2015-02-18 15:51:00+00:00,4386.0,stop,-21.5,0.0,-21.5,21.5,-1.0
1,1,2015-02-19 15:09:00+00:00,2015-02-19 15:10:00+00:00,4402.75,4387.25,4433.75,2015-02-19 20:55:00+00:00,4409.0,tiempo,12.5,0.0,12.5,31.0,0.4032258064516129
1,1,2015-02-20 18:24:00+00:00,2015-02-20 18:25:00+00:00,4425.75,4396.0,4485.25,2015-02-20 20:55:00+00:00,4438.5,tiempo,25.5,0.0,25.5,59.5,0.42857142857142855
-1,1,2015-02-23 15:19:00+00:00,2015-02-23 15:20:00+00:00,4432.25,4443.75,4409.25,2015-02-23 17:07:00+00:00,4443.75,stop,-23.0,0.0,-23.0,23.0,-1.0
1,1,2015-02-24 16:14:00+00:00,2015-02-24 16:15:00+00:00,4451.5,4431.5,4491.5,2015-02-24 20:55:00+00:00,4449.0,tiempo,-5.0,0.0,-5.0,40.0,-0.125
1,1,2015-02-25 15:44:00+00:00,2015-02-25 15:45:00+00:00,4451.25,4438.0,4477.75,2015-02-25 19:41:00+00:00,4438.0,stop,-26.5,0.0,-26.5,26.5,-1.0
1,1,2015-02-26 15:44:00+00:00,2015-02-26 15:45:00+00:00,4450.25,4431.0,4488.75,2015-02-26 20:55:00+00:00,4463.5,tiempo,26.5,0.0,26.5,38.5,0.6883116883116883
-1,1,2015-02-27 19:14:00+00:00,2015-02-27 19:15:00+00:00,4445.5,4462.75,4411.0,2015-02-27 20:55:00+00:00,4437.5,tiempo,16.0,0.0,16.0,34.5,0.463768115942029
1,1,2015-03-02 15:14:00+00:00,2015-03-02 15:15:00+00:00,4472.25,4449.75,4517.25,2015-03-02 20:55:00+00:00,4482.0,tiempo,19.5,0.0,19.5,45.0,0.43333333333333335
-1,1,2015-03-03 15:54:00+00:00,2015-03-03 15:55:00+00:00,4452.5,4472.5,4412.5,2015-03-03 20:55:00+00:00,4458.5,tiempo,-12.0,0.0,-12.0,40.0,-0.3
1,1,2015-03-05 15:09:00+00:00,2015-03-05 15:10:00+00:00,4461.25,4449.0,4485.75,2015-03-05 16:08:00+00:00,4449.0,stop,-24.5,0.0,-24.5,24.5,-1.0
-1,1,2015-03-06 16:09:00+00:00,2015-03-06 16:10:00+00:00,4431.0,4450.0,4393.0,2015-03-06 20:33:00+00:00,4393.0,objetivo,76.0,0.0,76.0,38.0,2.0
1,1,2015-03-09 17:34:00+00:00,2015-03-09 17:35:00+00:00,4414.5,4391.75,4460.0,2015-03-09 19:55:00+00:00,4417.5,tiempo,6.0,0.0,6.0,45.5,0.13186813186813187
-1,1,2015-03-10 14:14:00+00:00,2015-03-10 14:15:00+00:00,4358.25,4383.25,4308.25,2015-03-10 19:55:00+00:00,4335.25,tiempo,46.0,0.0,46.0,50.0,0.92
-1,1,2015-03-11 14:34:00+00:00,2015-03-11 14:35:00+00:00,4322.5,4339.0,4289.5,2015-03-11 19:55:00+00:00,4307.0,tiempo,31.0,0.0,31.0,33.0,0.9393939393939394
1,1,2015-03-12 15:19:00+00:00,2015-03-12 15:20:00+00:00,4331.25,4300.25,4393.25,2015-03-12 19:55:00+00:00,4337.5,tiempo,12.5,0.0,12.5,62.0,0.20161290322580644
-1,1,2015-03-13 14:29:00+00:00,2015-03-13 14:30:00+00:00,4319.0,4347.5,4262.0,2015-03-13 19:55:00+00:00,4318.75,tiempo,0.5,0.0,0.5,57.0,0.008771929824561403
1,1,2015-03-16 14:09:00+00:00,2015-03-16 14:10:00+00:00,4344.75,4319.25,4395.75,2015-03-16 19:55:00+00:00,4361.0,tiempo,32.5,0.0,32.5,51.0,0.6372549019607843
1,1,2015-03-17 16:44:00+00:00,2015-03-17 16:45:00+00:00,4361.75,4346.25,4392.75,2015-03-17 19:55:00+00:00,4373.25,tiempo,23.0,0.0,23.0,31.0,0.7419354838709677
-1,1,2015-03-18 17:09:00+00:00,2015-03-18 17:10:00+00:00,4346.25,4360.75,4317.25,2015-03-18 18:00:00+00:00,4360.75,stop,-29.0,0.0,-29.0,29.0,-1.0
1,1,2015-03-20 15:29:00+00:00,2015-03-20 15:30:00+00:00,4464.0,4448.25,4495.5,2015-03-20 19:55:00+00:00,4455.5,tiempo,-17.0,0.0,-17.0,31.5,-0.5396825396825397
1,1,2015-03-23 14:14:00+00:00,2015-03-23 14:15:00+00:00,4454.75,4440.5,4483.25,2015-03-23 19:55:00+00:00,4444.0,tiempo,-21.5,0.0,-21.5,28.5,-0.7543859649122807
1,1,2015-03-24 14:19:00+00:00,2015-03-24 14:20:00+00:00,4451.0,4432.0,4489.0,2015-03-24 18:18:00+00:00,4432.0,stop,-38.0,0.0,-38.0,38.0,-1.0
-1,1,2015-03-25 15:19:00+00:00,2015-03-25 15:20:00+00:00,4396.25,4436.0,4316.75,2015-03-25 19:55:00+00:00,4321.75,tiempo,149.0,0.0,149.0,79.5,1.8742138364779874
1,1,2015-03-26 15:54:00+00:00,2015-03-26 15:55:00+00:00,4313.25,4272.0,4395.75,2015-03-26 19:55:00+00:00,4308.75,tiempo,-9.0,0.0,-9.0,82.5,-0.10909090909090909
1,1,2015-03-27 14:04:00+00:00,2015-03-27 14:05:00+00:00,4326.5,4305.0,4369.5,2015-03-27 14:12:00+00:00,4305.0,stop,-43.0,0.0,-43.0,43.0,-1.0
1,1,2015-03-30 19:49:00+00:00,2015-03-30 19:50:00+00:00,4376.25,4349.5,4429.75,2015-03-30 19:55:00+00:00,4374.5,tiempo,-3.5,0.0,-3.5,53.5,-0.06542056074766354
-1,1,2015-03-31 19:14:00+00:00,2015-03-31 19:15:00+00:00,4343.0,4364.5,4300.0,2015-03-31 19:55:00+00:00,4327.75,tiempo,30.5,0.0,30.5,43.0,0.7093023255813954
1,1,2015-04-06 14:24:00+00:00,2015-04-06 14:25:00+00:00,4327.0,4275.25,4430.5,2015-04-06 19:55:00+00:00,4346.0,tiempo,38.0,0.0,38.0,103.5,0.3671497584541063
1,1,2015-04-07 14:29:00+00:00,2015-04-07 14:30:00+00:00,4365.5,4339.5,4417.5,2015-04-07 19:41:00+00:00,4339.5,stop,-52.0,0.0,-52.0,52.0,-1.0
1,1,2015-04-08 18:19:00+00:00,2015-04-08 18:20:00+00:00,4370.5,4336.25,4439.0,2015-04-08 19:55:00+00:00,4363.75,tiempo,-13.5,0.0,-13.5,68.5,-0.19708029197080293
1,1,2015-04-09 19:14:00+00:00,2015-04-09 19:15:00+00:00,4396.75,4367.25,4455.75,2015-04-09 19:55:00+00:00,4396.25,tiempo,-1.0,0.0,-1.0,59.0,-0.01694915254237288
1,1,2015-04-10 14:39:00+00:00,2015-04-10 14:40:00+00:00,4404.5,4385.75,4442.0,2015-04-10 19:55:00+00:00,4412.75,tiempo,16.5,0.0,16.5,37.5,0.44
1,1,2015-04-13 14:24:00+00:00,2015-04-13 14:25:00+00:00,4439.75,4417.5,4484.25,2015-04-13 17:11:00+00:00,4417.5,stop,-44.5,0.0,-44.5,44.5,-1.0
-1,1,2015-04-14 14:04:00+00:00,2015-04-14 14:05:00+00:00,4373.5,4413.0,4294.5,2015-04-14 19:55:00+00:00,4387.75,tiempo,-28.5,0.0,-28.5,79.0,-0.36075949367088606
1,1,2015-04-15 17:24:00+00:00,2015-04-15 17:25:00+00:00,4414.25,4398.5,4445.75,2015-04-15 19:55:00+00:00,4418.0,tiempo,7.5,0.0,7.5,31.5,0.23809523809523808
-1,1,2015-04-17 14:04:00+00:00,2015-04-17 14:05:00+00:00,4350.25,4382.75,4285.25,2015-04-17 19:55:00+00:00,4342.75,tiempo,15.0,0.0,15.0,65.0,0.23076923076923078
1,1,2015-04-20 14:34:00+00:00,2015-04-20 14:35:00+00:00,4391.5,4363.0,4448.5,2015-04-20 19:55:00+00:00,4411.0,tiempo,39.0,0.0,39.0,57.0,0.6842105263157895
1,1,2015-04-22 17:49:00+00:00,2015-04-22 17:50:00+00:00,4447.0,4420.5,4500.0,2015-04-22 19:55:00+00:00,4451.75,tiempo,9.5,0.0,9.5,53.0,0.1792452830188679
1,1,2015-04-23 14:04:00+00:00,2015-04-23 14:05:00+00:00,4457.0,4436.25,4498.5,2015-04-23 19:55:00+00:00,4471.75,tiempo,29.5,0.0,29.5,41.5,0.7108433734939759
1,1,2015-04-24 15:14:00+00:00,2015-04-24 15:15:00+00:00,4524.75,4511.0,4552.25,2015-04-24 19:55:00+00:00,4529.25,tiempo,9.0,0.0,9.0,27.5,0.32727272727272727
-1,1,2015-04-27 16:19:00+00:00,2015-04-27 16:20:00+00:00,4523.5,4554.5,4461.5,2015-04-27 19:55:00+00:00,4512.75,tiempo,21.5,0.0,21.5,62.0,0.3467741935483871
-1,1,2015-04-28 14:04:00+00:00,2015-04-28 14:05:00+00:00,4488.25,4525.25,4414.25,2015-04-28 16:09:00+00:00,4525.25,stop,-74.0,0.0,-74.0,74.0,-1.0
-1,1,2015-04-29 16:09:00+00:00,2015-04-29 16:10:00+00:00,4475.5,4511.0,4404.5,2015-04-29 19:55:00+00:00,4479.0,tiempo,-7.0,0.0,-7.0,71.0,-0.09859154929577464
-1,1,2015-04-30 14:04:00+00:00,2015-04-30 14:05:00+00:00,4443.0,4474.5,4380.0,2015-04-30 19:55:00+00:00,4401.0,tiempo,84.0,0.0,84.0,63.0,1.3333333333333333
1,1,2015-05-01 14:19:00+00:00,2015-05-01 14:20:00+00:00,4447.75,4426.0,4491.25,2015-05-01 19:55:00+00:00,4468.75,tiempo,42.0,0.0,42.0,43.5,0.9655172413793104
-1,1,2015-05-05 14:04:00+00:00,2015-05-05 14:05:00+00:00,4431.5,4466.0,4362.5,2015-05-05 19:55:00+00:00,4403.75,tiempo,55.5,0.0,55.5,69.0,0.8043478260869565
-1,1,2015-05-06 14:09:00+00:00,2015-05-06 14:10:00+00:00,4364.0,4422.5,4247.0,2015-05-06 19:55:00+00:00,4363.75,tiempo,0.5,0.0,0.5,117.0,0.004273504273504274
1,1,2015-05-07 15:29:00+00:00,2015-05-07 15:30:00+00:00,4398.5,4366.75,4462.0,2015-05-07 19:55:00+00:00,4398.75,tiempo,0.5,0.0,0.5,63.5,0.007874015748031496
1,1,2015-05-08 15:19:00+00:00,2015-05-08 15:20:00+00:00,4458.5,4436.75,4502.0,2015-05-08 19:55:00+00:00,4457.25,tiempo,-2.5,0.0,-2.5,43.5,-0.05747126436781609
-1,1,2015-05-11 14:39:00+00:00,2015-05-11 14:40:00+00:00,4441.75,4464.5,4396.25,2015-05-11 19:55:00+00:00,4437.75,tiempo,8.0,0.0,8.0,45.5,0.17582417582417584
1,1,2015-05-12 17:09:00+00:00,2015-05-12 17:10:00+00:00,4429.0,4374.5,4538.0,2015-05-12 19:55:00+00:00,4423.25,tiempo,-11.5,0.0,-11.5,109.0,-0.10550458715596331
-1,1,2015-05-13 15:04:00+00:00,2015-05-13 15:05:00+00:00,4426.0,4457.75,4362.5,2015-05-13 19:55:00+00:00,4422.75,tiempo,6.5,0.0,6.5,63.5,0.10236220472440945
1,1,2015-05-14 14:14:00+00:00,2015-05-14 14:15:00+00:00,4466.25,4444.0,4510.75,2015-05-14 19:55:00+00:00,4490.0,tiempo,47.5,0.0,47.5,44.5,1.0674157303370786
-1,1,2015-05-15 14:04:00+00:00,2015-05-15 14:05:00+00:00,4481.25,4506.75,4430.25,2015-05-15 19:55:00+00:00,4488.25,tiempo,-14.0,0.0,-14.0,51.0,-0.27450980392156865
1,1,2015-05-18 15:14:00+00:00,2015-05-18 15:15:00+00:00,4496.25,4478.25,4532.25,2015-05-18 19:55:00+00:00,4511.75,tiempo,31.0,0.0,31.0,36.0,0.8611111111111112
-1,1,2015-05-19 14:54:00+00:00,2015-05-19 14:55:00+00:00,4507.75,4520.5,4482.25,2015-05-19 19:55:00+00:00,4500.5,tiempo,14.5,0.0,14.5,25.5,0.5686274509803921
1,1,2015-05-20 18:14:00+00:00,2015-05-20 18:15:00+00:00,4511.25,4482.25,4569.25,2015-05-20 19:55:00+00:00,4506.75,tiempo,-9.0,0.0,-9.0,58.0,-0.15517241379310345
1,1,2015-05-21 14:04:00+00:00,2015-05-21 14:05:00+00:00,4509.25,4492.0,4543.75,2015-05-21 19:55:00+00:00,4530.25,tiempo,42.0,0.0,42.0,34.5,1.2173913043478262
1,1,2015-05-22 14:14:00+00:00,2015-05-22 14:15:00+00:00,4538.25,4522.0,4570.75,2015-05-22 19:55:00+00:00,4528.75,tiempo,-19.0,0.0,-19.0,32.5,-0.5846153846153846
1,1,2015-05-25 14:04:00+00:00,2015-05-25 14:05:00+00:00,4529.0,4522.25,4542.5,2015-05-25 16:59:00+00:00,4526.0,fin_de_datos,-6.0,0.0,-6.0,13.5,-0.4444444444444444
-1,1,2015-05-26 14:04:00+00:00,2015-05-26 14:05:00+00:00,4485.75,4521.75,4413.75,2015-05-26 19:55:00+00:00,4473.25,tiempo,25.0,0.0,25.0,72.0,0.3472222222222222
1,1,2015-05-27 14:54:00+00:00,2015-05-27 14:55:00+00:00,4515.5,4477.0,4592.5,2015-05-27 19:55:00+00:00,4547.25,tiempo,63.5,0.0,63.5,77.0,0.8246753246753247
-1,1,2015-05-29 14:44:00+00:00,2015-05-29 14:45:00+00:00,4507.0,4539.0,4443.0,2015-05-29 19:55:00+00:00,4511.5,tiempo,-9.0,0.0,-9.0,64.0,-0.140625
-1,1,2015-06-01 14:14:00+00:00,2015-06-01 14:15:00+00:00,4492.0,4536.0,4404.0,2015-06-01 19:55:00+00:00,4519.5,tiempo,-55.0,0.0,-55.0,88.0,-0.625
1,1,2015-06-02 17:54:00+00:00,2015-06-02 17:55:00+00:00,4528.75,4483.75,4618.75,2015-06-02 19:55:00+00:00,4510.5,tiempo,-36.5,0.0,-36.5,90.0,-0.40555555555555556
1,1,2015-06-04 14:04:00+00:00,2015-06-04 14:05:00+00:00,4522.5,4493.25,4581.0,2015-06-04 17:01:00+00:00,4493.25,stop,-58.5,0.0,-58.5,58.5,-1.0
-1,1,2015-06-08 14:54:00+00:00,2015-06-08 14:55:00+00:00,4454.5,4478.5,4406.5,2015-06-08 19:55:00+00:00,4433.5,tiempo,42.0,0.0,42.0,48.0,0.875
-1,1,2015-06-09 14:04:00+00:00,2015-06-09 14:05:00+00:00,4399.75,4428.5,4342.25,2015-06-09 16:57:00+00:00,4428.5,stop,-57.5,0.0,-57.5,57.5,-1.0
1,1,2015-06-10 14:09:00+00:00,2015-06-10 14:10:00+00:00,4460.0,4433.5,4513.0,2015-06-10 19:55:00+00:00,4489.25,tiempo,58.5,0.0,58.5,53.0,1.1037735849056605
-1,1,2015-06-12 14:34:00+00:00,2015-06-12 14:35:00+00:00,4457.75,4475.75,4421.75,2015-06-12 19:55:00+00:00,4455.5,tiempo,4.5,0.0,4.5,36.0,0.125
1,1,2015-06-16 16:34:00+00:00,2015-06-16 16:35:00+00:00,4440.5,4416.75,4488.0,2015-06-16 19:55:00+00:00,4446.75,tiempo,12.5,0.0,12.5,47.5,0.2631578947368421
-1,1,2015-06-17 15:29:00+00:00,2015-06-17 15:30:00+00:00,4449.25,4465.5,4416.75,2015-06-17 18:40:00+00:00,4465.5,stop,-32.5,0.0,-32.5,32.5,-1.0
1,1,2015-06-18 14:09:00+00:00,2015-06-18 14:10:00+00:00,4512.5,4475.0,4587.5,2015-06-18 19:55:00+00:00,4523.75,tiempo,22.5,0.0,22.5,75.0,0.3
-1,1,2015-06-19 14:39:00+00:00,2015-06-19 14:40:00+00:00,4511.75,4533.5,4468.25,2015-06-19 19:55:00+00:00,4512.25,tiempo,-1.0,0.0,-1.0,43.5,-0.022988505747126436
1,1,2015-06-22 15:14:00+00:00,2015-06-22 15:15:00+00:00,4547.5,4531.75,4579.0,2015-06-22 16:27:00+00:00,4531.75,stop,-31.5,0.0,-31.5,31.5,-1.0
-1,1,2015-06-23 14:19:00+00:00,2015-06-23 14:20:00+00:00,4529.0,4545.75,4495.5,2015-06-23 19:55:00+00:00,4543.0,tiempo,-28.0,0.0,-28.0,33.5,-0.835820895522388
1,1,2015-06-24 14:29:00+00:00,2015-06-24 14:30:00+00:00,4550.25,4530.0,4590.75,2015-06-24 16:10:00+00:00,4530.0,stop,-40.5,0.0,-40.5,40.5,-1.0
-1,1,2015-06-25 18:04:00+00:00,2015-06-25 18:05:00+00:00,4516.0,4536.75,4474.5,2015-06-25 19:55:00+00:00,4509.25,tiempo,13.5,0.0,13.5,41.5,0.3253012048192771
-1,1,2015-06-26 14:59:00+00:00,2015-06-26 15:00:00+00:00,4486.0,4512.25,4433.5,2015-06-26 19:55:00+00:00,4477.5,tiempo,17.0,0.0,17.0,52.5,0.3238095238095238
-1,1,2015-06-29 15:34:00+00:00,2015-06-29 15:35:00+00:00,4416.0,4451.5,4345.0,2015-06-29 19:55:00+00:00,4374.5,tiempo,83.0,0.0,83.0,71.0,1.1690140845070423
-1,1,2015-06-30 16:29:00+00:00,2015-06-30 16:30:00+00:00,4376.0,4403.75,4320.5,2015-06-30 17:53:00+00:00,4403.75,stop,-55.5,0.0,-55.5,55.5,-1.0
-1,1,2015-07-01 17:09:00+00:00,2015-07-01 17:10:00+00:00,4403.0,4436.75,4335.5,2015-07-01 19:55:00+00:00,4419.0,tiempo,-32.0,0.0,-32.0,67.5,-0.4740740740740741
-1,1,2015-07-02 14:09:00+00:00,2015-07-02 14:10:00+00:00,4420.25,4437.25,4386.25,2015-07-02 19:55:00+00:00,4426.25,tiempo,-12.0,0.0,-12.0,34.0,-0.35294117647058826
-1,1,2015-07-03 14:14:00+00:00,2015-07-03 14:15:00+00:00,4414.25,4425.5,4391.75,2015-07-03 16:59:00+00:00,4417.75,fin_de_datos,-7.0,0.0,-7.0,22.5,-0.3111111111111111
1,1,2015-07-06 14:14:00+00:00,2015-07-06 14:15:00+00:00,4415.5,4384.75,4477.0,2015-07-06 19:55:00+00:00,4409.5,tiempo,-12.0,0.0,-12.0,61.5,-0.1951219512195122
-1,1,2015-07-07 14:04:00+00:00,2015-07-07 14:05:00+00:00,4381.5,4418.25,4308.0,2015-07-07 18:58:00+00:00,4418.25,stop,-73.5,0.0,-73.5,73.5,-1.0
-1,1,2015-07-08 18:44:00+00:00,2015-07-08 18:45:00+00:00,4347.5,4396.25,4250.0,2015-07-08 19:55:00+00:00,4349.75,tiempo,-4.5,0.0,-4.5,97.5,-0.046153846153846156
-1,1,2015-07-09 17:14:00+00:00,2015-07-09 17:15:00+00:00,4372.25,4407.25,4302.25,2015-07-09 19:55:00+00:00,4351.0,tiempo,42.5,0.0,42.5,70.0,0.6071428571428571
1,1,2015-07-10 15:04:00+00:00,2015-07-10 15:05:00+00:00,4403.25,4391.25,4427.25,2015-07-10 19:55:00+00:00,4418.75,tiempo,31.0,0.0,31.0,24.0,1.2916666666666667
1,1,2015-07-13 14:19:00+00:00,2015-07-13 14:20:00+00:00,4475.25,4448.25,4529.25,2015-07-13 19:55:00+00:00,4488.75,tiempo,27.0,0.0,27.0,54.0,0.5
1,1,2015-07-14 14:04:00+00:00,2015-07-14 14:05:00+00:00,4504.75,4491.0,4532.25,2015-07-14 19:55:00+00:00,4518.25,tiempo,27.0,0.0,27.0,27.5,0.9818181818181818
1,1,2015-07-15 14:09:00+00:00,2015-07-15 14:10:00+00:00,4536.75,4519.5,4571.25,2015-07-15 18:36:00+00:00,4519.5,stop,-34.5,0.0,-34.5,34.5,-1.0
1,1,2015-07-16 15:04:00+00:00,2015-07-16 15:05:00+00:00,4567.5,4551.0,4600.5,2015-07-16 19:55:00+00:00,4583.75,tiempo,32.5,0.0,32.5,33.0,0.9848484848484849
1,1,2015-07-17 14:04:00+00:00,2015-07-17 14:05:00+00:00,4628.75,4615.5,4655.25,2015-07-17 19:55:00+00:00,4651.5,tiempo,45.5,0.0,45.5,26.5,1.7169811320754718
1,1,2015-07-20 15:04:00+00:00,2015-07-20 15:05:00+00:00,4669.25,4650.25,4707.25,2015-07-20 19:55:00+00:00,4667.5,tiempo,-3.5,0.0,-3.5,38.0,-0.09210526315789473
-1,1,2015-07-21 14:44:00+00:00,2015-07-21 14:45:00+00:00,4659.75,4676.25,4626.75,2015-07-21 19:55:00+00:00,4670.5,tiempo,-21.5,0.0,-21.5,33.0,-0.6515151515151515
-1,1,2015-07-23 15:59:00+00:00,2015-07-23 16:00:00+00:00,4609.5,4626.0,4576.5,2015-07-23 19:55:00+00:00,4593.0,tiempo,33.0,0.0,33.0,33.0,1.0
-1,1,2015-07-24 14:19:00+00:00,2015-07-24 14:20:00+00:00,4598.5,4623.75,4548.0,2015-07-24 18:52:00+00:00,4548.0,objetivo,101.0,0.0,101.0,50.5,2.0
-1,1,2015-07-27 19:44:00+00:00,2015-07-27 19:45:00+00:00,4504.5,4533.75,4446.0,2015-07-27 19:55:00+00:00,4506.0,tiempo,-3.0,0.0,-3.0,58.5,-0.05128205128205128
-1,1,2015-07-28 14:29:00+00:00,2015-07-28 14:30:00+00:00,4500.0,4534.0,4432.0,2015-07-28 16:08:00+00:00,4534.0,stop,-68.0,0.0,-68.0,68.0,-1.0
-1,1,2015-07-29 14:04:00+00:00,2015-07-29 14:05:00+00:00,4547.25,4568.5,4504.75,2015-07-29 18:01:00+00:00,4568.5,stop,-42.5,0.0,-42.5,42.5,-1.0
1,1,2015-07-30 16:04:00+00:00,2015-07-30 16:05:00+00:00,4579.25,4534.25,4669.25,2015-07-30 19:55:00+00:00,4594.5,tiempo,30.5,0.0,30.5,90.0,0.3388888888888889
-1,1,2015-07-31 18:24:00+00:00,2015-07-31 18:25:00+00:00,4581.5,4608.25,4528.0,2015-07-31 19:55:00+00:00,4581.5,tiempo,-0.0,0.0,-0.0,53.5,-0.0
-1,1,2015-08-03 16:49:00+00:00,2015-08-03 16:50:00+00:00,4559.0,4599.25,4478.5,2015-08-03 19:55:00+00:00,4564.25,tiempo,-10.5,0.0,-10.5,80.5,-0.13043478260869565
-1,1,2015-08-04 14:59:00+00:00,2015-08-04 15:00:00+00:00,4546.5,4574.5,4490.5,2015-08-04 17:32:00+00:00,4574.5,stop,-56.0,0.0,-56.0,56.0,-1.0
1,1,2015-08-05 14:29:00+00:00,2015-08-05 14:30:00+00:00,4618.75,4583.0,4690.25,2015-08-05 19:55:00+00:00,4596.75,tiempo,-44.0,0.0,-44.0,71.5,-0.6153846153846154
-1,1,2015-08-06 14:19:00+00:00,2015-08-06 14:20:00+00:00,4564.25,4608.0,4476.75,2015-08-06 19:55:00+00:00,4527.25,tiempo,74.0,0.0,74.0,87.5,0.8457142857142858
-1,1,2015-08-07 15:14:00+00:00,2015-08-07 15:15:00+00:00,4495.5,4528.75,4429.0,2015-08-07 19:55:00+00:00,4513.25,tiempo,-35.5,0.0,-35.5,66.5,-0.5338345864661654
1,1,2015-08-10 18:19:00+00:00,2015-08-10 18:20:00+00:00,4578.5,4546.0,4643.5,2015-08-10 19:55:00+00:00,4565.75,tiempo,-25.5,0.0,-25.5,65.0,-0.3923076923076923
-1,1,2015-08-11 15:04:00+00:00,2015-08-11 15:05:00+00:00,4529.25,4563.25,4461.25,2015-08-11 19:55:00+00:00,4513.25,tiempo,32.0,0.0,32.0,68.0,0.47058823529411764
-1,1,2015-08-12 14:14:00+00:00,2015-08-12 14:15:00+00:00,4448.0,4480.5,4383.0,2015-08-12 16:45:00+00:00,4480.5,stop,-65.0,0.0,-65.0,65.0,-1.0
1,1,2015-08-14 19:14:00+00:00,2015-08-14 19:15:00+00:00,4530.0,4502.0,4586.0,2015-08-14 19:55:00+00:00,4528.0,tiempo,-4.0,0.0,-4.0,56.0,-0.07142857142857142
1,1,2015-08-17 15:09:00+00:00,2015-08-17 15:10:00+00:00,4547.0,4503.25,4634.5,2015-08-17 19:55:00+00:00,4563.0,tiempo,32.0,0.0,32.0,87.5,0.3657142857142857
-1,1,2015-08-18 17:49:00+00:00,2015-08-18 17:50:00+00:00,4537.5,4557.75,4497.0,2015-08-18 19:55:00+00:00,4540.5,tiempo,-6.0,0.0,-6.0,40.5,-0.14814814814814814
-1,1,2015-08-19 15:19:00+00:00,2015-08-19 15:20:00+00:00,4498.5,4526.75,4442.0,2015-08-19 18:05:00+00:00,4526.75,stop,-56.5,0.0,-56.5,56.5,-1.0
-1,1,2015-08-20 14:04:00+00:00,2015-08-20 14:05:00+00:00,4449.5,4482.25,4384.0,2015-08-20 19:55:00+00:00,4390.75,tiempo,117.5,0.0,117.5,65.5,1.7938931297709924
-1,1,2015-08-21 14:39:00+00:00,2015-08-21 14:40:00+00:00,4299.75,4344.75,4209.75,2015-08-21 19:15:00+00:00,4209.75,objetivo,180.0,0.0,180.0,90.0,2.0
1,1,2015-08-24 14:24:00+00:00,2015-08-24 14:25:00+00:00,4106.5,3908.25,4503.0,2015-08-24 19:55:00+00:00,4089.75,tiempo,-33.5,0.0,-33.5,396.5,-0.08448928121059268
-1,1,2015-08-25 19:49:00+00:00,2015-08-25 19:50:00+00:00,4041.25,4183.75,3756.25,2015-08-25 19:55:00+00:00,4058.5,tiempo,-34.5,0.0,-34.5,285.0,-0.12105263157894737
1,1,2015-08-26 18:59:00+00:00,2015-08-26 19:00:00+00:00,4150.25,4100.5,4249.75,2015-08-26 19:55:00+00:00,4224.75,tiempo,149.0,0.0,149.0,99.5,1.4974874371859297
1,1,2015-08-27 14:59:00+00:00,2015-08-27 15:00:00+00:00,4299.75,4264.5,4370.25,2015-08-27 18:50:00+00:00,4264.5,stop,-70.5,0.0,-70.5,70.5,-1.0
1,1,2015-08-28 15:24:00+00:00,2015-08-28 15:25:00+00:00,4328.0,4297.75,4388.5,2015-08-28 15:57:00+00:00,4297.75,stop,-60.5,0.0,-60.5,60.5,-1.0
-1,1,2015-08-31 14:04:00+00:00,2015-08-31 14:05:00+00:00,4275.0,4315.75,4193.5,2015-08-31 15:41:00+00:00,4315.75,stop,-81.5,0.0,-81.5,81.5,-1.0
-1,1,2015-09-01 19:29:00+00:00,2015-09-01 19:30:00+00:00,4144.25,4223.0,3986.75,2015-09-01 19:55:00+00:00,4141.25,tiempo,6.0,0.0,6.0,157.5,0.0380952380952381
-1,1,2015-09-02 14:49:00+00:00,2015-09-02 14:50:00+00:00,4165.75,4211.25,4074.75,2015-09-02 17:14:00+00:00,4211.25,stop,-91.0,0.0,-91.0,91.0,-1.0
-1,1,2015-09-03 17:04:00+00:00,2015-09-03 17:05:00+00:00,4255.0,4287.0,4191.0,2015-09-03 19:55:00+00:00,4240.25,tiempo,29.5,0.0,29.5,64.0,0.4609375
-1,1,2015-09-07 14:34:00+00:00,2015-09-07 14:35:00+00:00,4207.75,4216.75,4189.75,2015-09-07 15:14:00+00:00,4216.75,stop,-18.0,0.0,-18.0,18.0,-1.0
1,1,2015-09-08 19:39:00+00:00,2015-09-08 19:40:00+00:00,4299.0,4260.75,4375.5,2015-09-08 19:55:00+00:00,4301.25,tiempo,4.5,0.0,4.5,76.5,0.058823529411764705
-1,1,2015-09-09 14:04:00+00:00,2015-09-09 14:05:00+00:00,4326.25,4352.25,4274.25,2015-09-09 18:43:00+00:00,4274.25,objetivo,104.0,0.0,104.0,52.0,2.0
1,1,2015-09-10 17:29:00+00:00,2015-09-10 17:30:00+00:00,4313.0,4241.75,4455.5,2015-09-10 19:55:00+00:00,4292.0,tiempo,-42.0,0.0,-42.0,142.5,-0.29473684210526313
1,1,2015-09-11 16:14:00+00:00,2015-09-11 16:15:00+00:00,4303.0,4270.25,4368.5,2015-09-11 19:55:00+00:00,4314.0,tiempo,22.0,0.0,22.0,65.5,0.33587786259541985
1,1,2015-09-16 15:24:00+00:00,2015-09-16 15:25:00+00:00,4360.25,4335.75,4409.25,2015-09-16 19:55:00+00:00,4375.75,tiempo,31.0,0.0,31.0,49.0,0.6326530612244898
1,1,2015-09-17 16:19:00+00:00,2015-09-17 16:20:00+00:00,4381.25,4364.25,4415.25,2015-09-17 18:04:00+00:00,4364.25,stop,-34.0,0.0,-34.0,34.0,-1.0
1,1,2015-09-21 14:39:00+00:00,2015-09-21 14:40:00+00:00,4358.0,4326.75,4420.5,2015-09-21 16:01:00+00:00,4326.75,stop,-62.5,0.0,-62.5,62.5,-1.0
-1,1,2015-09-22 14:34:00+00:00,2015-09-22 14:35:00+00:00,4245.0,4273.5,4188.0,2015-09-22 19:55:00+00:00,4259.0,tiempo,-28.0,0.0,-28.0,57.0,-0.49122807017543857
-1,1,2015-09-24 14:29:00+00:00,2015-09-24 14:30:00+00:00,4200.0,4233.75,4132.5,2015-09-24 18:26:00+00:00,4233.75,stop,-67.5,0.0,-67.5,67.5,-1.0
-1,1,2015-09-25 16:19:00+00:00,2015-09-25 16:20:00+00:00,4260.5,4298.5,4184.5,2015-09-25 19:55:00+00:00,4214.0,tiempo,93.0,0.0,93.0,76.0,1.2236842105263157
-1,1,2015-09-28 14:09:00+00:00,2015-09-28 14:10:00+00:00,4146.75,4197.0,4046.25,2015-09-28 19:55:00+00:00,4103.0,tiempo,87.5,0.0,87.5,100.5,0.8706467661691543
1,1,2015-09-29 14:29:00+00:00,2015-09-29 14:30:00+00:00,4140.25,4072.75,4275.25,2015-09-29 18:52:00+00:00,4072.75,stop,-135.0,0.0,-135.0,135.0,-1.0
1,1,2015-09-30 14:24:00+00:00,2015-09-30 14:25:00+00:00,4158.5,4124.25,4227.0,2015-09-30 16:13:00+00:00,4124.25,stop,-68.5,0.0,-68.5,68.5,-1.0
-1,1,2015-10-01 16:04:00+00:00,2015-10-01 16:05:00+00:00,4126.0,4177.25,4023.5,2015-10-01 19:53:00+00:00,4177.25,stop,-102.5,0.0,-102.5,102.5,-1.0
1,1,2015-10-02 17:14:00+00:00,2015-10-02 17:15:00+00:00,4218.25,4111.5,4431.75,2015-10-02 19:55:00+00:00,4252.5,tiempo,68.5,0.0,68.5,213.5,0.32084309133489464
1,1,2015-10-05 14:24:00+00:00,2015-10-05 14:25:00+00:00,4304.0,4279.0,4354.0,2015-10-05 19:55:00+00:00,4321.25,tiempo,34.5,0.0,34.5,50.0,0.69
-1,1,2015-10-06 15:39:00+00:00,2015-10-06 15:40:00+00:00,4278.75,4322.0,4192.25,2015-10-06 19:55:00+00:00,4299.25,tiempo,-41.0,0.0,-41.0,86.5,-0.47398843930635837
-1,1,2015-10-07 14:44:00+00:00,2015-10-07 14:45:00+00:00,4303.0,4332.0,4245.0,2015-10-07 19:55:00+00:00,4315.5,tiempo,-25.0,0.0,-25.0,58.0,-0.43103448275862066
-1,1,2015-10-08 14:29:00+00:00,2015-10-08 14:30:00+00:00,4287.5,4309.75,4243.0,2015-10-08 18:31:00+00:00,4309.75,stop,-44.5,0.0,-44.5,44.5,-1.0
1,1,2015-10-09 14:39:00+00:00,2015-10-09 14:40:00+00:00,4362.0,4331.25,4423.5,2015-10-09 19:55:00+00:00,4358.25,tiempo,-7.5,0.0,-7.5,61.5,-0.12195121951219512
1,1,2015-10-12 15:44:00+00:00,2015-10-12 15:45:00+00:00,4377.0,4355.25,4420.5,2015-10-12 19:55:00+00:00,4369.5,tiempo,-15.0,0.0,-15.0,43.5,-0.3448275862068966
1,1,2015-10-15 14:49:00+00:00,2015-10-15 14:50:00+00:00,4376.5,4348.25,4433.0,2015-10-15 15:56:00+00:00,4348.25,stop,-56.5,0.0,-56.5,56.5,-1.0
-1,1,2015-10-16 16:44:00+00:00,2015-10-16 16:45:00+00:00,4403.75,4419.5,4372.25,2015-10-16 19:30:00+00:00,4419.5,stop,-31.5,0.0,-31.5,31.5,-1.0
1,1,2015-10-19 15:24:00+00:00,2015-10-19 15:25:00+00:00,4445.5,4411.0,4514.5,2015-10-19 19:55:00+00:00,4446.25,tiempo,1.5,0.0,1.5,69.0,0.021739130434782608
-1,1,2015-10-20 16:04:00+00:00,2015-10-20 16:05:00+00:00,4432.75,4448.5,4401.25,2015-10-20 19:55:00+00:00,4427.5,tiempo,10.5,0.0,10.5,31.5,0.3333333333333333
-1,1,2015-10-21 14:24:00+00:00,2015-10-21 14:25:00+00:00,4421.75,4456.25,4352.75,2015-10-21 19:55:00+00:00,4403.25,tiempo,37.0,0.0,37.0,69.0,0.5362318840579711
1,1,2015-10-22 14:19:00+00:00,2015-10-22 14:20:00+00:00,4466.25,4429.25,4540.25,2015-10-22 19:55:00+00:00,4485.75,tiempo,39.0,0.0,39.0,74.0,0.527027027027027
1,1,2015-10-23 18:24:00+00:00,2015-10-23 18:25:00+00:00,4630.25,4590.5,4709.75,2015-10-23 19:55:00+00:00,4619.5,tiempo,-21.5,0.0,-21.5,79.5,-0.27044025157232704
1,1,2015-10-26 14:44:00+00:00,2015-10-26 14:45:00+00:00,4618.0,4598.75,4656.5,2015-10-26 19:55:00+00:00,4621.0,tiempo,6.0,0.0,6.0,38.5,0.15584415584415584
1,1,2015-10-27 15:04:00+00:00,2015-10-27 15:05:00+00:00,4635.5,4607.75,4691.0,2015-10-27 19:55:00+00:00,4627.5,tiempo,-16.0,0.0,-16.0,55.5,-0.2882882882882883
-1,1,2015-10-28 14:19:00+00:00,2015-10-28 14:20:00+00:00,4617.0,4641.75,4567.5,2015-10-28 15:11:00+00:00,4641.75,stop,-49.5,0.0,-49.5,49.5,-1.0
1,1,2015-10-29 16:29:00+00:00,2015-10-29 16:30:00+00:00,4662.0,4644.75,4696.5,2015-10-29 19:55:00+00:00,4663.5,tiempo,3.0,0.0,3.0,34.5,0.08695652173913043
-1,1,2015-10-30 15:04:00+00:00,2015-10-30 15:05:00+00:00,4659.0,4672.5,4632.0,2015-10-30 19:55:00+00:00,4652.75,tiempo,12.5,0.0,12.5,27.0,0.46296296296296297
1,1,2015-11-02 15:04:00+00:00,2015-11-02 15:05:00+00:00,4663.25,4644.25,4701.25,2015-11-02 20:55:00+00:00,4691.75,tiempo,57.0,0.0,57.0,38.0,1.5
1,1,2015-11-03 15:19:00+00:00,2015-11-03 15:20:00+00:00,4692.75,4677.5,4723.25,2015-11-03 19:09:00+00:00,4723.25,objetivo,61.0,0.0,61.0,30.5,2.0
-1,1,2015-11-04 15:14:00+00:00,2015-11-04 15:15:00+00:00,4705.75,4729.5,4658.25,2015-11-04 20:55:00+00:00,4702.75,tiempo,6.0,0.0,6.0,47.5,0.12631578947368421
-1,1,2015-11-05 15:14:00+00:00,2015-11-05 15:15:00+00:00,4700.25,4724.25,4652.25,2015-11-05 20:55:00+00:00,4701.5,tiempo,-2.5,0.0,-2.5,48.0,-0.052083333333333336
-1,1,2015-11-06 15:04:00+00:00,2015-11-06 15:05:00+00:00,4670.5,4704.25,4603.0,2015-11-06 15:42:00+00:00,4704.25,stop,-67.5,0.0,-67.5,67.5,-1.0
-1,1,2015-11-09 15:04:00+00:00,2015-11-09 15:05:00+00:00,4671.75,4689.5,4636.25,2015-11-09 16:15:00+00:00,4636.25,objetivo,71.0,0.0,71.0,35.5,2.0
-1,1,2015-11-11 15:04:00+00:00,2015-11-11 15:05:00+00:00,4633.5,4652.5,4595.5,2015-11-11 16:53:00+00:00,4652.5,stop,-38.0,0.0,-38.0,38.0,-1.0
-1,1,2015-11-12 19:54:00+00:00,2015-11-12 19:55:00+00:00,4599.75,4622.5,4554.25,2015-11-12 20:55:00+00:00,4589.25,tiempo,21.0,0.0,21.0,45.5,0.46153846153846156
-1,1,2015-11-13 15:09:00+00:00,2015-11-13 15:10:00+00:00,4545.5,4574.75,4487.0,2015-11-13 20:55:00+00:00,4503.75,tiempo,83.5,0.0,83.5,58.5,1.4273504273504274
1,1,2015-11-16 18:04:00+00:00,2015-11-16 18:05:00+00:00,4521.75,4483.5,4598.25,2015-11-16 20:55:00+00:00,4557.25,tiempo,71.0,0.0,71.0,76.5,0.9281045751633987
1,1,2015-11-17 15:49:00+00:00,2015-11-17 15:50:00+00:00,4586.5,4558.25,4643.0,2015-11-17 19:44:00+00:00,4558.25,stop,-56.5,0.0,-56.5,56.5,-1.0
1,1,2015-11-18 15:09:00+00:00,2015-11-18 15:10:00+00:00,4600.75,4578.75,4644.75,2015-11-18 20:35:00+00:00,4644.75,objetivo,88.0,0.0,88.0,44.0,2.0
1,1,2015-11-19 18:09:00+00:00,2015-11-19 18:10:00+00:00,4675.75,4646.75,4733.75,2015-11-19 20:55:00+00:00,4659.25,tiempo,-33.0,0.0,-33.0,58.0,-0.5689655172413793
1,1,2015-11-20 15:14:00+00:00,2015-11-20 15:15:00+00:00,4689.75,4673.5,4722.25,2015-11-20 20:07:00+00:00,4673.5,stop,-32.5,0.0,-32.5,32.5,-1.0
1,1,2015-11-23 15:14:00+00:00,2015-11-23 15:15:00+00:00,4699.25,4682.25,4733.25,2015-11-23 18:55:00+00:00,4682.25,stop,-34.0,0.0,-34.0,34.0,-1.0
-1,1,2015-11-24 15:34:00+00:00,2015-11-24 15:35:00+00:00,4622.5,4659.25,4549.0,2015-11-24 16:53:00+00:00,4659.25,stop,-73.5,0.0,-73.5,73.5,-1.0
-1,1,2015-11-27 15:04:00+00:00,2015-11-27 15:05:00+00:00,4669.0,4685.5,4636.0,2015-11-27 16:20:00+00:00,4685.5,stop,-33.0,0.0,-33.0,33.0,-1.0
-1,1,2015-11-30 16:34:00+00:00,2015-11-30 16:35:00+00:00,4666.0,4694.75,4608.5,2015-11-30 20:55:00+00:00,4668.75,tiempo,-5.5,0.0,-5.5,57.5,-0.09565217391304348
1,1,2015-12-01 20:44:00+00:00,2015-12-01 20:45:00+00:00,4710.5,4681.5,4768.5,2015-12-01 20:55:00+00:00,4713.25,tiempo,5.5,0.0,5.5,58.0,0.09482758620689655
1,1,2015-12-02 15:39:00+00:00,2015-12-02 15:40:00+00:00,4737.5,4716.25,4780.0,2015-12-02 18:54:00+00:00,4716.25,stop,-42.5,0.0,-42.5,42.5,-1.0
-1,1,2015-12-03 15:04:00+00:00,2015-12-03 15:05:00+00:00,4673.0,4706.75,4605.5,2015-12-03 18:58:00+00:00,4605.5,objetivo,135.0,0.0,135.0,67.5,2.0
1,1,2015-12-04 15:39:00+00:00,2015-12-04 15:40:00+00:00,4670.75,4610.0,4792.25,2015-12-04 20:55:00+00:00,4713.5,tiempo,85.5,0.0,85.5,121.5,0.7037037037037037
-1,1,2015-12-07 15:09:00+00:00,2015-12-07 15:10:00+00:00,4694.0,4721.0,4640.0,2015-12-07 20:55:00+00:00,4697.25,tiempo,-6.5,0.0,-6.5,54.0,-0.12037037037037036
1,1,2015-12-08 16:04:00+00:00,2015-12-08 16:05:00+00:00,4700.75,4641.5,4819.25,2015-12-08 20:55:00+00:00,4703.0,tiempo,4.5,0.0,4.5,118.5,0.0379746835443038
-1,1,2015-12-09 16:44:00+00:00,2015-12-09 16:45:00+00:00,4652.75,4686.5,4585.25,2015-12-09 20:55:00+00:00,4616.25,tiempo,73.0,0.0,73.0,67.5,1.0814814814814815
1,1,2015-12-10 15:39:00+00:00,2015-12-10 15:40:00+00:00,4648.0,4619.25,4705.5,2015-12-10 20:55:00+00:00,4637.25,tiempo,-21.5,0.0,-21.5,57.5,-0.3739130434782609
-1,1,2015-12-11 16:04:00+00:00,2015-12-11 16:05:00+00:00,4569.0,4601.25,4504.5,2015-12-11 20:55:00+00:00,4536.75,tiempo,64.5,0.0,64.5,64.5,1.0
-1,1,2015-12-14 15:29:00+00:00,2015-12-14 15:30:00+00:00,4503.75,4546.0,4419.25,2015-12-14 19:54:00+00:00,4546.0,stop,-84.5,0.0,-84.5,84.5,-1.0
1,1,2015-12-15 17:39:00+00:00,2015-12-15 17:40:00+00:00,4631.25,4594.75,4704.25,2015-12-15 20:30:00+00:00,4594.75,stop,-73.0,0.0,-73.0,73.0,-1.0
-1,1,2015-12-16 15:19:00+00:00,2015-12-16 15:20:00+00:00,4603.75,4634.5,4542.25,2015-12-16 19:53:00+00:00,4634.5,stop,-61.5,0.0,-61.5,61.5,-1.0
-1,1,2015-12-17 15:19:00+00:00,2015-12-17 15:20:00+00:00,4648.0,4682.0,4580.0,2015-12-17 20:55:00+00:00,4606.5,tiempo,83.0,0.0,83.0,68.0,1.2205882352941178
-1,1,2015-12-18 15:39:00+00:00,2015-12-18 15:40:00+00:00,4544.75,4586.75,4460.75,2015-12-18 20:55:00+00:00,4516.75,tiempo,56.0,0.0,56.0,84.0,0.6666666666666666
-1,1,2015-12-21 16:34:00+00:00,2015-12-21 16:35:00+00:00,4517.0,4552.0,4447.0,2015-12-21 20:55:00+00:00,4546.5,tiempo,-59.0,0.0,-59.0,70.0,-0.8428571428571429
1,1,2015-12-22 19:24:00+00:00,2015-12-22 19:25:00+00:00,4578.25,4553.5,4627.75,2015-12-22 20:55:00+00:00,4580.75,tiempo,5.0,0.0,5.0,49.5,0.10101010101010101
1,1,2015-12-23 15:04:00+00:00,2015-12-23 15:05:00+00:00,4614.0,4600.25,4641.5,2015-12-23 15:31:00+00:00,4600.25,stop,-27.5,0.0,-27.5,27.5,-1.0
1,1,2015-12-24 16:54:00+00:00,2015-12-24 16:55:00+00:00,4628.25,4615.75,4653.25,2015-12-24 17:57:00+00:00,4615.75,stop,-25.0,0.0,-25.0,25.0,-1.0
-1,1,2015-12-28 15:04:00+00:00,2015-12-28 15:05:00+00:00,4590.75,4607.5,4557.25,2015-12-28 18:31:00+00:00,4607.5,stop,-33.5,0.0,-33.5,33.5,-1.0
-1,1,2015-12-30 15:24:00+00:00,2015-12-30 15:25:00+00:00,4661.75,4685.5,4614.25,2015-12-30 20:55:00+00:00,4649.25,tiempo,25.0,0.0,25.0,47.5,0.5263157894736842
-1,1,2016-01-04 15:04:00+00:00,2016-01-04 15:05:00+00:00,4451.5,4486.25,4382.0,2016-01-04 20:55:00+00:00,4479.0,tiempo,-55.0,0.0,-55.0,69.5,-0.7913669064748201
-1,1,2016-01-05 17:09:00+00:00,2016-01-05 17:10:00+00:00,4464.5,4514.25,4365.0,2016-01-05 20:55:00+00:00,4479.5,tiempo,-30.0,0.0,-30.0,99.5,-0.3015075376884422
1,1,2016-01-06 15:29:00+00:00,2016-01-06 15:30:00+00:00,4450.0,4400.75,4548.5,2016-01-06 20:55:00+00:00,4428.5,tiempo,-43.0,0.0,-43.0,98.5,-0.4365482233502538
1,1,2016-01-07 15:34:00+00:00,2016-01-07 15:35:00+00:00,4380.0,4331.25,4477.5,2016-01-07 18:12:00+00:00,4331.25,stop,-97.5,0.0,-97.5,97.5,-1.0
-1,1,2016-01-08 16:19:00+00:00,2016-01-08 16:20:00+00:00,4304.25,4354.5,4203.75,2016-01-08 20:55:00+00:00,4260.5,tiempo,87.5,0.0,87.5,100.5,0.8706467661691543
-1,1,2016-01-11 15:54:00+00:00,2016-01-11 15:55:00+00:00,4253.75,4304.5,4152.25,2016-01-11 20:55:00+00:00,4286.0,tiempo,-64.5,0.0,-64.5,101.5,-0.6354679802955665
-1,1,2016-01-13 15:14:00+00:00,2016-01-13 15:15:00+00:00,4315.5,4352.0,4242.5,2016-01-13 18:40:00+00:00,4242.5,objetivo,146.0,0.0,146.0,73.0,2.0
1,1,2016-01-14 15:34:00+00:00,2016-01-14 15:35:00+00:00,4217.0,4130.75,4389.5,2016-01-14 20:55:00+00:00,4264.75,tiempo,95.5,0.0,95.5,172.5,0.553623188405797
-1,1,2016-01-15 17:19:00+00:00,2016-01-15 17:20:00+00:00,4100.25,4175.75,3949.25,2016-01-15 20:55:00+00:00,4133.75,tiempo,-67.0,0.0,-67.0,151.0,-0.44370860927152317
-1,1,2016-01-19 16:14:00+00:00,2016-01-19 16:15:00+00:00,4152.0,4193.25,4069.5,2016-01-19 20:55:00+00:00,4151.75,tiempo,0.5,0.0,0.5,82.5,0.006060606060606061
-1,1,2016-01-20 15:34:00+00:00,2016-01-20 15:35:00+00:00,4028.75,4090.75,3904.75,2016-01-20 18:51:00+00:00,4090.75,stop,-124.0,0.0,-124.0,124.0,-1.0
1,1,2016-01-21 17:04:00+00:00,2016-01-21 17:05:00+00:00,4184.75,4088.25,4377.75,2016-01-21 20:55:00+00:00,4148.5,tiempo,-72.5,0.0,-72.5,193.0,-0.3756476683937824
1,1,2016-01-22 15:04:00+00:00,2016-01-22 15:05:00+00:00,4230.0,4200.25,4289.5,2016-01-22 20:55:00+00:00,4250.25,tiempo,40.5,0.0,40.5,59.5,0.680672268907563
1,1,2016-01-25 15:04:00+00:00,2016-01-25 15:05:00+00:00,4249.5,4228.75,4291.0,2016-01-25 16:11:00+00:00,4228.75,stop,-41.5,0.0,-41.5,41.5,-1.0
1,1,2016-01-26 15:39:00+00:00,2016-01-26 15:40:00+00:00,4214.25,4168.25,4306.25,2016-01-26 20:55:00+00:00,4219.25,tiempo,10.0,0.0,10.0,92.0,0.10869565217391304
-1,1,2016-01-27 15:04:00+00:00,2016-01-27 15:05:00+00:00,4174.0,4210.75,4100.5,2016-01-27 17:06:00+00:00,4210.75,stop,-73.5,0.0,-73.5,73.5,-1.0
-1,1,2016-01-28 15:19:00+00:00,2016-01-28 15:20:00+00:00,4128.25,4190.0,4004.75,2016-01-28 20:55:00+00:00,4175.25,tiempo,-94.0,0.0,-94.0,123.5,-0.7611336032388664
1,1,2016-01-29 15:19:00+00:00,2016-01-29 15:20:00+00:00,4223.0,4175.5,4318.0,2016-01-29 20:55:00+00:00,4265.5,tiempo,85.0,0.0,85.0,95.0,0.8947368421052632
1,1,2016-02-01 15:59:00+00:00,2016-02-01 16:00:00+00:00,4264.25,4234.0,4324.75,2016-02-01 20:55:00+00:00,4279.0,tiempo,29.5,0.0,29.5,60.5,0.48760330578512395
-1,1,2016-02-02 17:04:00+00:00,2016-02-02 17:05:00+00:00,4217.0,4259.0,4133.0,2016-02-02 20:55:00+00:00,4187.75,tiempo,58.5,0.0,58.5,84.0,0.6964285714285714
-1,1,2016-02-03 15:04:00+00:00,2016-02-03 15:05:00+00:00,4149.25,4211.0,4025.75,2016-02-03 20:55:00+00:00,4168.0,tiempo,-37.5,0.0,-37.5,123.5,-0.30364372469635625
-1,1,2016-02-05 15:19:00+00:00,2016-02-05 15:20:00+00:00,4096.5,4150.25,3989.0,2016-02-05 20:55:00+00:00,4003.5,tiempo,186.0,0.0,186.0,107.5,1.7302325581395348
-1,1,2016-02-08 15:29:00+00:00,2016-02-08 15:30:00+00:00,3917.0,3953.5,3844.0,2016-02-08 20:44:00+00:00,3953.5,stop,-73.0,0.0,-73.0,73.0,-1.0
1,1,2016-02-09 15:04:00+00:00,2016-02-09 15:05:00+00:00,3986.75,3897.5,4165.25,2016-02-09 20:55:00+00:00,3946.25,tiempo,-81.0,0.0,-81.0,178.5,-0.453781512605042
1,1,2016-02-10 15:19:00+00:00,2016-02-10 15:20:00+00:00,4021.25,3972.25,4119.25,2016-02-10 20:29:00+00:00,3972.25,stop,-98.0,0.0,-98.0,98.0,-1.0
1,1,2016-02-11 19:54:00+00:00,2016-02-11 19:55:00+00:00,3962.0,3904.5,4077.0,2016-02-11 20:55:00+00:00,3967.0,tiempo,10.0,0.0,10.0,115.0,0.08695652173913043
1,1,2016-02-12 20:14:00+00:00,2016-02-12 20:15:00+00:00,4013.0,3962.75,4113.5,2016-02-12 20:55:00+00:00,4012.25,tiempo,-1.5,0.0,-1.5,100.5,-0.014925373134328358
-1,1,2016-02-16 16:09:00+00:00,2016-02-16 16:10:00+00:00,4053.0,4093.0,3973.0,2016-02-16 18:05:00+00:00,4093.0,stop,-80.0,0.0,-80.0,80.0,-1.0
1,1,2016-02-17 15:09:00+00:00,2016-02-17 15:10:00+00:00,4147.75,4123.0,4197.25,2016-02-17 18:22:00+00:00,4197.25,objetivo,99.0,0.0,99.0,49.5,2.0
-1,1,2016-02-18 15:09:00+00:00,2016-02-18 15:10:00+00:00,4178.75,4211.75,4112.75,2016-02-18 20:55:00+00:00,4148.25,tiempo,61.0,0.0,61.0,66.0,0.9242424242424242
1,1,2016-02-22 15:04:00+00:00,2016-02-22 15:05:00+00:00,4225.75,4196.75,4283.75,2016-02-22 20:55:00+00:00,4224.75,tiempo,-2.0,0.0,-2.0,58.0,-0.034482758620689655
-1,1,2016-02-23 15:49:00+00:00,2016-02-23 15:50:00+00:00,4180.25,4216.5,4107.75,2016-02-23 20:55:00+00:00,4163.25,tiempo,34.0,0.0,34.0,72.5,0.4689655172413793
1,1,2016-02-24 19:09:00+00:00,2016-02-24 19:10:00+00:00,4166.0,4089.25,4319.5,2016-02-24 20:55:00+00:00,4197.25,tiempo,62.5,0.0,62.5,153.5,0.40716612377850164
-1,1,2016-02-25 15:09:00+00:00,2016-02-25 15:10:00+00:00,4175.0,4215.75,4093.5,2016-02-25 18:41:00+00:00,4215.75,stop,-81.5,0.0,-81.5,81.5,-1.0
-1,1,2016-02-26 15:04:00+00:00,2016-02-26 15:05:00+00:00,4253.25,4273.75,4212.25,2016-02-26 20:55:00+00:00,4238.25,tiempo,30.0,0.0,30.0,41.0,0.7317073170731707
1,1,2016-02-29 16:19:00+00:00,2016-02-29 16:20:00+00:00,4250.0,4224.75,4300.5,2016-02-29 19:21:00+00:00,4224.75,stop,-50.5,0.0,-50.5,50.5,-1.0
1,1,2016-03-01 15:04:00+00:00,2016-03-01 15:05:00+00:00,4250.0,4224.0,4302.0,2016-03-01 17:03:00+00:00,4302.0,objetivo,104.0,0.0,104.0,52.0,2.0
-1,1,2016-03-02 16:54:00+00:00,2016-03-02 16:55:00+00:00,4309.25,4332.75,4262.25,2016-03-02 20:55:00+00:00,4327.5,tiempo,-36.5,0.0,-36.5,47.0,-0.776595744680851
-1,1,2016-03-03 15:14:00+00:00,2016-03-03 15:15:00+00:00,4305.25,4330.5,4254.75,2016-03-03 20:55:00+00:00,4323.5,tiempo,-36.5,0.0,-36.5,50.5,-0.7227722772277227
-1,1,2016-03-07 15:29:00+00:00,2016-03-07 15:30:00+00:00,4289.0,4311.75,4243.5,2016-03-07 16:23:00+00:00,4311.75,stop,-45.5,0.0,-45.5,45.5,-1.0
1,1,2016-03-08 16:59:00+00:00,2016-03-08 17:00:00+00:00,4295.0,4258.75,4367.5,2016-03-08 20:55:00+00:00,4264.0,tiempo,-62.0,0.0,-62.0,72.5,-0.8551724137931035
-1,1,2016-03-10 15:59:00+00:00,2016-03-10 16:00:00+00:00,4282.25,4333.0,4180.75,2016-03-10 20:55:00+00:00,4284.25,tiempo,-4.0,0.0,-4.0,101.5,-0.03940886699507389
-1,1,2016-03-11 15:09:00+00:00,2016-03-11 15:10:00+00:00,4320.5,4340.0,4281.5,2016-03-11 15:34:00+00:00,4340.0,stop,-39.0,0.0,-39.0,39.0,-1.0
1,1,2016-03-15 14:39:00+00:00,2016-03-15 14:40:00+00:00,4350.75,4332.5,4387.25,2016-03-15 19:55:00+00:00,4355.75,tiempo,10.0,0.0,10.0,36.5,0.273972602739726
1,1,2016-03-16 14:44:00+00:00,2016-03-16 14:45:00+00:00,4368.25,4346.75,4411.25,2016-03-16 19:55:00+00:00,4393.25,tiempo,50.0,0.0,50.0,43.0,1.1627906976744187
1,1,2016-03-18 15:19:00+00:00,2016-03-18 15:20:00+00:00,4409.0,4375.75,4475.5,2016-03-18 19:55:00+00:00,4400.0,tiempo,-18.0,0.0,-18.0,66.5,-0.2706766917293233
1,1,2016-03-21 17:29:00+00:00,2016-03-21 17:30:00+00:00,4416.0,4391.0,4466.0,2016-03-21 19:55:00+00:00,4413.25,tiempo,-5.5,0.0,-5.5,50.0,-0.11
1,1,2016-03-22 14:29:00+00:00,2016-03-22 14:30:00+00:00,4417.75,4391.0,4471.25,2016-03-22 19:55:00+00:00,4425.5,tiempo,15.5,0.0,15.5,53.5,0.2897196261682243
-1,1,2016-03-23 14:59:00+00:00,2016-03-23 15:00:00+00:00,4405.75,4425.0,4367.25,2016-03-23 19:55:00+00:00,4392.25,tiempo,27.0,0.0,27.0,38.5,0.7012987012987013
1,1,2016-03-24 14:49:00+00:00,2016-03-24 14:50:00+00:00,4388.5,4365.25,4435.0,2016-03-24 19:55:00+00:00,4394.5,tiempo,12.0,0.0,12.0,46.5,0.25806451612903225
1,1,2016-03-29 15:14:00+00:00,2016-03-29 15:15:00+00:00,4405.0,4374.0,4467.0,2016-03-29 19:55:00+00:00,4459.0,tiempo,108.0,0.0,108.0,62.0,1.7419354838709677
1,1,2016-03-31 14:14:00+00:00,2016-03-31 14:15:00+00:00,4487.5,4473.5,4515.5,2016-03-31 18:08:00+00:00,4473.5,stop,-28.0,0.0,-28.0,28.0,-1.0
1,1,2016-04-01 14:09:00+00:00,2016-04-01 14:10:00+00:00,4477.0,4441.5,4548.0,2016-04-01 19:55:00+00:00,4518.75,tiempo,83.5,0.0,83.5,71.0,1.176056338028169
-1,1,2016-04-04 14:49:00+00:00,2016-04-04 14:50:00+00:00,4506.0,4522.25,4473.5,2016-04-04 16:52:00+00:00,4522.25,stop,-32.5,0.0,-32.5,32.5,-1.0
1,1,2016-04-06 14:59:00+00:00,2016-04-06 15:00:00+00:00,4494.5,4467.25,4549.0,2016-04-06 19:55:00+00:00,4534.75,tiempo,80.5,0.0,80.5,54.5,1.4770642201834863
-1,1,2016-04-07 14:14:00+00:00,2016-04-07 14:15:00+00:00,4498.5,4517.5,4460.5,2016-04-07 18:09:00+00:00,4460.5,objetivo,76.0,0.0,76.0,38.0,2.0
-1,1,2016-04-08 15:14:00+00:00,2016-04-08 15:15:00+00:00,4483.25,4503.25,4443.25,2016-04-08 19:55:00+00:00,4462.5,tiempo,41.5,0.0,41.5,40.0,1.0375
1,1,2016-04-11 14:09:00+00:00,2016-04-11 14:10:00+00:00,4506.75,4480.0,4560.25,2016-04-11 15:33:00+00:00,4480.0,stop,-53.5,0.0,-53.5,53.5,-1.0
-1,1,2016-04-12 14:09:00+00:00,2016-04-12 14:10:00+00:00,4438.5,4460.0,4395.5,2016-04-12 14:52:00+00:00,4460.0,stop,-43.0,0.0,-43.0,43.0,-1.0
1,1,2016-04-13 14:19:00+00:00,2016-04-13 14:20:00+00:00,4544.25,4517.5,4597.75,2016-04-13 19:55:00+00:00,4543.0,tiempo,-2.5,0.0,-2.5,53.5,-0.04672897196261682
1,1,2016-04-14 15:49:00+00:00,2016-04-14 15:50:00+00:00,4555.25,4534.5,4596.75,2016-04-14 19:55:00+00:00,4547.25,tiempo,-16.0,0.0,-16.0,41.5,-0.3855421686746988
1,1,2016-04-15 14:49:00+00:00,2016-04-15 14:50:00+00:00,4548.5,4533.25,4579.0,2016-04-15 17:10:00+00:00,4533.25,stop,-30.5,0.0,-30.5,30.5,-1.0
1,1,2016-04-18 14:04:00+00:00,2016-04-18 14:05:00+00:00,4544.5,4519.25,4595.0,2016-04-18 19:55:00+00:00,4559.25,tiempo,29.5,0.0,29.5,50.5,0.5841584158415841
-1,1,2016-04-19 15:54:00+00:00,2016-04-19 15:55:00+00:00,4524.75,4568.75,4436.75,2016-04-19 19:55:00+00:00,4529.5,tiempo,-9.5,0.0,-9.5,88.0,-0.10795454545454546
1,1,2016-04-20 15:19:00+00:00,2016-04-20 15:20:00+00:00,4547.25,4515.5,4610.75,2016-04-20 19:55:00+00:00,4533.75,tiempo,-27.0,0.0,-27.0,63.5,-0.4251968503937008
1,1,2016-04-21 14:59:00+00:00,2016-04-21 15:00:00+00:00,4546.75,4514.25,4611.75,2016-04-21 19:55:00+00:00,4533.0,tiempo,-27.5,0.0,-27.5,65.0,-0.4230769230769231
-1,1,2016-04-22 14:14:00+00:00,2016-04-22 14:15:00+00:00,4469.5,4497.0,4414.5,2016-04-22 19:55:00+00:00,4466.75,tiempo,5.5,0.0,5.5,55.0,0.1
-1,1,2016-04-26 14:24:00+00:00,2016-04-26 14:25:00+00:00,4464.25,4484.25,4424.25,2016-04-26 19:55:00+00:00,4442.25,tiempo,44.0,0.0,44.0,40.0,1.1
-1,1,2016-04-27 14:14:00+00:00,2016-04-27 14:15:00+00:00,4386.75,4418.5,4323.25,2016-04-27 19:45:00+00:00,4418.5,stop,-63.5,0.0,-63.5,63.5,-1.0
1,1,2016-04-28 14:04:00+00:00,2016-04-28 14:05:00+00:00,4428.75,4408.0,4470.25,2016-04-28 17:11:00+00:00,4408.0,stop,-41.5,0.0,-41.5,41.5,-1.0
-1,1,2016-04-29 14:54:00+00:00,2016-04-29 14:55:00+00:00,4320.25,4363.75,4233.25,2016-04-29 19:55:00+00:00,4333.75,tiempo,-27.0,0.0,-27.0,87.0,-0.3103448275862069
1,1,2016-05-02 14:19:00+00:00,2016-05-02 14:20:00+00:00,4345.25,4326.5,4382.75,2016-05-02 19:55:00+00:00,4374.0,tiempo,57.5,0.0,57.5,37.5,1.5333333333333334
-1,1,2016-05-03 14:14:00+00:00,2016-05-03 14:15:00+00:00,4322.5,4351.5,4264.5,2016-05-03 17:22:00+00:00,4351.5,stop,-58.0,0.0,-58.0,58.0,-1.0
-1,1,2016-05-04 16:59:00+00:00,2016-05-04 17:00:00+00:00,4298.5,4315.0,4265.5,2016-05-04 19:55:00+00:00,4307.0,tiempo,-17.0,0.0,-17.0,33.0,-0.5151515151515151
-1,1,2016-05-05 17:24:00+00:00,2016-05-05 17:25:00+00:00,4294.75,4321.25,4241.75,2016-05-05 19:55:00+00:00,4299.5,tiempo,-9.5,0.0,-9.5,53.0,-0.1792452830188679
1,1,2016-05-06 17:59:00+00:00,2016-05-06 18:00:00+00:00,4312.0,4278.75,4378.5,2016-05-06 19:55:00+00:00,4320.25,tiempo,16.5,0.0,16.5,66.5,0.24812030075187969
1,1,2016-05-09 14:09:00+00:00,2016-05-09 14:10:00+00:00,4349.75,4322.75,4403.75,2016-05-09 19:55:00+00:00,4334.25,tiempo,-31.0,0.0,-31.0,54.0,-0.5740740740740741
1,1,2016-05-10 14:34:00+00:00,2016-05-10 14:35:00+00:00,4366.25,4343.5,4411.75,2016-05-10 19:55:00+00:00,4396.5,tiempo,60.5,0.0,60.5,45.5,1.3296703296703296
1,1,2016-05-11 14:14:00+00:00,2016-05-11 14:15:00+00:00,4393.5,4381.5,4417.5,2016-05-11 15:01:00+00:00,4381.5,stop,-24.0,0.0,-24.0,24.0,-1.0
-1,1,2016-05-12 14:19:00+00:00,2016-05-12 14:20:00+00:00,4342.25,4372.0,4282.75,2016-05-12 19:55:00+00:00,4336.75,tiempo,11.0,0.0,11.0,59.5,0.18487394957983194
1,1,2016-05-13 15:29:00+00:00,2016-05-13 15:30:00+00:00,4357.5,4333.0,4406.5,2016-05-13 17:29:00+00:00,4333.0,stop,-49.0,0.0,-49.0,49.0,-1.0
1,1,2016-05-16 14:39:00+00:00,2016-05-16 14:40:00+00:00,4345.0,4323.5,4388.0,2016-05-16 18:29:00+00:00,4388.0,objetivo,86.0,0.0,86.0,43.0,2.0
-1,1,2016-05-17 14:09:00+00:00,2016-05-17 14:10:00+00:00,4356.75,4384.75,4300.75,2016-05-17 19:55:00+00:00,4321.25,tiempo,71.0,0.0,71.0,56.0,1.2678571428571428
1,1,2016-05-18 14:14:00+00:00,2016-05-18 14:15:00+00:00,4340.25,4312.25,4396.25,2016-05-18 18:27:00+00:00,4312.25,stop,-56.0,0.0,-56.0,56.0,-1.0
-1,1,2016-05-19 14:09:00+00:00,2016-05-19 14:10:00+00:00,4294.75,4329.5,4225.25,2016-05-19 19:55:00+00:00,4318.75,tiempo,-48.0,0.0,-48.0,69.5,-0.6906474820143885
1,1,2016-05-20 14:04:00+00:00,2016-05-20 14:05:00+00:00,4361.5,4328.5,4427.5,2016-05-20 19:55:00+00:00,4360.25,tiempo,-2.5,0.0,-2.5,66.0,-0.03787878787878788
1,1,2016-05-24 14:04:00+00:00,2016-05-24 14:05:00+00:00,4408.5,4377.75,4470.0,2016-05-24 19:55:00+00:00,4445.5,tiempo,74.0,0.0,74.0,61.5,1.2032520325203253
1,1,2016-05-25 14:14:00+00:00,2016-05-25 14:15:00+00:00,4474.0,4452.25,4517.5,2016-05-25 19:55:00+00:00,4475.25,tiempo,2.5,0.0,2.5,43.5,0.05747126436781609
1,1,2016-05-26 18:24:00+00:00,2016-05-26 18:25:00+00:00,4490.25,4470.0,4530.75,2016-05-26 19:55:00+00:00,4486.5,tiempo,-7.5,0.0,-7.5,40.5,-0.18518518518518517
1,1,2016-05-27 14:04:00+00:00,2016-05-27 14:05:00+00:00,4504.0,4490.5,4531.0,2016-05-27 19:55:00+00:00,4511.0,tiempo,14.0,0.0,14.0,27.0,0.5185185185185185
1,1,2016-05-30 15:29:00+00:00,2016-05-30 15:30:00+00:00,4523.0,4515.25,4538.5,2016-05-30 16:59:00+00:00,4522.0,fin_de_datos,-2.0,0.0,-2.0,15.5,-0.12903225806451613
-1,1,2016-05-31 16:04:00+00:00,2016-05-31 16:05:00+00:00,4512.0,4524.0,4488.0,2016-05-31 19:55:00+00:00,4523.75,tiempo,-23.5,0.0,-23.5,24.0,-0.9791666666666666
1,1,2016-06-02 18:04:00+00:00,2016-06-02 18:05:00+00:00,4521.75,4486.25,4592.75,2016-06-02 19:55:00+00:00,4527.5,tiempo,11.5,0.0,11.5,71.0,0.1619718309859155
-1,1,2016-06-03 14:04:00+00:00,2016-06-03 14:05:00+00:00,4492.5,4523.5,4430.5,2016-06-03 19:55:00+00:00,4513.0,tiempo,-41.0,0.0,-41.0,62.0,-0.6612903225806451
1,1,2016-06-06 15:09:00+00:00,2016-06-06 15:10:00+00:00,4529.5,4511.0,4566.5,2016-06-06 16:52:00+00:00,4511.0,stop,-37.0,0.0,-37.0,37.0,-1.0
-1,1,2016-06-07 14:54:00+00:00,2016-06-07 14:55:00+00:00,4520.0,4532.0,4496.0,2016-06-07 17:05:00+00:00,4532.0,stop,-24.0,0.0,-24.0,24.0,-1.0
-1,1,2016-06-08 14:19:00+00:00,2016-06-08 14:20:00+00:00,4506.5,4530.25,4459.0,2016-06-08 19:55:00+00:00,4519.25,tiempo,-25.5,0.0,-25.5,47.5,-0.5368421052631579
-1,1,2016-06-09 16:14:00+00:00,2016-06-09 16:15:00+00:00,4497.0,4518.5,4454.0,2016-06-09 18:46:00+00:00,4518.5,stop,-43.0,0.0,-43.0,43.0,-1.0
-1,1,2016-06-10 17:49:00+00:00,2016-06-10 17:50:00+00:00,4460.5,4477.25,4427.0,2016-06-10 19:55:00+00:00,4459.0,tiempo,3.0,0.0,3.0,33.5,0.08955223880597014
-1,1,2016-06-13 15:54:00+00:00,2016-06-13 15:55:00+00:00,4422.0,4450.0,4366.0,2016-06-13 19:55:00+00:00,4414.5,tiempo,15.0,0.0,15.0,56.0,0.26785714285714285
-1,1,2016-06-14 14:54:00+00:00,2016-06-14 14:55:00+00:00,4394.75,4431.5,4321.25,2016-06-14 19:55:00+00:00,4415.0,tiempo,-40.5,0.0,-40.5,73.5,-0.5510204081632653
-1,1,2016-06-15 14:24:00+00:00,2016-06-15 14:25:00+00:00,4418.5,4430.75,4394.0,2016-06-15 18:00:00+00:00,4430.75,stop,-24.5,0.0,-24.5,24.5,-1.0
-1,1,2016-06-16 14:04:00+00:00,2016-06-16 14:05:00+00:00,4363.25,4385.0,4319.75,2016-06-16 16:25:00+00:00,4385.0,stop,-43.5,0.0,-43.5,43.5,-1.0
-1,1,2016-06-17 14:24:00+00:00,2016-06-17 14:25:00+00:00,4374.0,4408.5,4305.0,2016-06-17 19:55:00+00:00,4364.25,tiempo,19.5,0.0,19.5,69.0,0.2826086956521739
1,1,2016-06-20 14:04:00+00:00,2016-06-20 14:05:00+00:00,4432.5,4414.5,4468.5,2016-06-20 18:26:00+00:00,4414.5,stop,-36.0,0.0,-36.0,36.0,-1.0
-1,1,2016-06-21 14:59:00+00:00,2016-06-21 15:00:00+00:00,4394.75,4411.25,4361.75,2016-06-21 18:37:00+00:00,4411.25,stop,-33.0,0.0,-33.0,33.0,-1.0
1,1,2016-06-22 14:34:00+00:00,2016-06-22 14:35:00+00:00,4416.0,4400.75,4446.5,2016-06-22 17:07:00+00:00,4400.75,stop,-30.5,0.0,-30.5,30.5,-1.0
1,1,2016-06-24 14:04:00+00:00,2016-06-24 14:05:00+00:00,4356.75,4281.75,4506.75,2016-06-24 18:30:00+00:00,4281.75,stop,-150.0,0.0,-150.0,150.0,-1.0
-1,1,2016-06-27 14:09:00+00:00,2016-06-27 14:10:00+00:00,4206.75,4243.75,4132.75,2016-06-27 19:55:00+00:00,4192.25,tiempo,29.0,0.0,29.0,74.0,0.3918918918918919
1,1,2016-06-28 18:54:00+00:00,2016-06-28 18:55:00+00:00,4269.5,4231.25,4346.0,2016-06-28 19:55:00+00:00,4278.5,tiempo,18.0,0.0,18.0,76.5,0.23529411764705882
1,1,2016-06-29 14:19:00+00:00,2016-06-29 14:20:00+00:00,4333.75,4311.0,4379.25,2016-06-29 19:55:00+00:00,4353.0,tiempo,38.5,0.0,38.5,45.5,0.8461538461538461
1,1,2016-06-30 15:09:00+00:00,2016-06-30 15:10:00+00:00,4382.25,4351.25,4444.25,2016-06-30 19:55:00+00:00,4402.25,tiempo,40.0,0.0,40.0,62.0,0.6451612903225806
1,1,2016-07-01 14:04:00+00:00,2016-07-01 14:05:00+00:00,4435.25,4403.5,4498.75,2016-07-01 19:55:00+00:00,4432.0,tiempo,-6.5,0.0,-6.5,63.5,-0.10236220472440945
-1,1,2016-07-04 15:34:00+00:00,2016-07-04 15:35:00+00:00,4432.25,4438.5,4419.75,2016-07-04 16:45:00+00:00,4438.5,stop,-12.5,0.0,-12.5,12.5,-1.0
-1,1,2016-07-05 17:19:00+00:00,2016-07-05 17:20:00+00:00,4388.5,4412.5,4340.5,2016-07-05 19:55:00+00:00,4403.25,tiempo,-29.5,0.0,-29.5,48.0,-0.6145833333333334
1,1,2016-07-06 15:09:00+00:00,2016-07-06 15:10:00+00:00,4413.25,4367.0,4505.75,2016-07-06 19:55:00+00:00,4435.75,tiempo,45.0,0.0,45.0,92.5,0.4864864864864865
1,1,2016-07-08 14:09:00+00:00,2016-07-08 14:10:00+00:00,4497.25,4467.25,4557.25,2016-07-08 19:55:00+00:00,4520.25,tiempo,46.0,0.0,46.0,60.0,0.7666666666666667
1,1,2016-07-11 15:14:00+00:00,2016-07-11 15:15:00+00:00,4555.75,4535.25,4596.75,2016-07-11 19:55:00+00:00,4551.75,tiempo,-8.0,0.0,-8.0,41.0,-0.1951219512195122
-1,1,2016-07-13 15:39:00+00:00,2016-07-13 15:40:00+00:00,4561.75,4582.5,4520.25,2016-07-13 19:55:00+00:00,4561.5,tiempo,0.5,0.0,0.5,41.5,0.012048192771084338
-1,1,2016-07-15 15:49:00+00:00,2016-07-15 15:50:00+00:00,4579.0,4603.5,4530.0,2016-07-15 19:55:00+00:00,4581.0,tiempo,-4.0,0.0,-4.0,49.0,-0.08163265306122448
1,1,2016-07-18 14:04:00+00:00,2016-07-18 14:05:00+00:00,4599.25,4584.5,4628.75,2016-07-18 19:55:00+00:00,4615.0,tiempo,31.5,0.0,31.5,29.5,1.0677966101694916
1,1,2016-07-20 14:04:00+00:00,2016-07-20 14:05:00+00:00,4631.75,4615.5,4664.25,2016-07-20 19:55:00+00:00,4655.0,tiempo,46.5,0.0,46.5,32.5,1.4307692307692308
-1,1,2016-07-21 15:49:00+00:00,2016-07-21 15:50:00+00:00,4642.5,4662.25,4603.0,2016-07-21 19:55:00+00:00,4637.0,tiempo,11.0,0.0,11.0,39.5,0.27848101265822783
1,1,2016-07-22 14:49:00+00:00,2016-07-22 14:50:00+00:00,4654.0,4628.5,4705.0,2016-07-22 19:55:00+00:00,4656.5,tiempo,5.0,0.0,5.0,51.0,0.09803921568627451
-1,1,2016-07-25 16:24:00+00:00,2016-07-25 16:25:00+00:00,4644.75,4660.5,4613.25,2016-07-25 19:55:00+00:00,4655.5,tiempo,-21.5,0.0,-21.5,31.5,-0.6825396825396826
1,1,2016-07-26 14:04:00+00:00,2016-07-26 14:05:00+00:00,4679.75,4657.5,4724.25,2016-07-26 14:54:00+00:00,4657.5,stop,-44.5,0.0,-44.5,44.5,-1.0
-1,1,2016-07-27 14:44:00+00:00,2016-07-27 14:45:00+00:00,4690.0,4705.25,4659.5,2016-07-27 19:05:00+00:00,4705.25,stop,-30.5,0.0,-30.5,30.5,-1.0
-1,1,2016-07-29 14:04:00+00:00,2016-07-29 14:05:00+00:00,4710.25,4731.25,4668.25,2016-07-29 15:09:00+00:00,4731.25,stop,-42.0,0.0,-42.0,42.0,-1.0
1,1,2016-08-01 14:19:00+00:00,2016-08-01 14:20:00+00:00,4745.0,4721.0,4793.0,2016-08-01 19:55:00+00:00,4746.5,tiempo,3.0,0.0,3.0,48.0,0.0625
-1,1,2016-08-02 14:09:00+00:00,2016-08-02 14:10:00+00:00,4724.5,4746.0,4681.5,2016-08-02 19:55:00+00:00,4714.5,tiempo,20.0,0.0,20.0,43.0,0.46511627906976744
1,1,2016-08-03 14:14:00+00:00,2016-08-03 14:15:00+00:00,4722.5,4706.0,4755.5,2016-08-03 19:55:00+00:00,4725.5,tiempo,6.0,0.0,6.0,33.0,0.18181818181818182
-1,1,2016-08-04 14:09:00+00:00,2016-08-04 14:10:00+00:00,4716.0,4738.25,4671.5,2016-08-04 14:50:00+00:00,4738.25,stop,-44.5,0.0,-44.5,44.5,-1.0
1,1,2016-08-05 14:04:00+00:00,2016-08-05 14:05:00+00:00,4791.0,4759.75,4853.5,2016-08-05 19:55:00+00:00,4786.75,tiempo,-8.5,0.0,-8.5,62.5,-0.136
-1,1,2016-08-08 14:04:00+00:00,2016-08-08 14:05:00+00:00,4777.75,4790.5,4752.25,2016-08-08 19:55:00+00:00,4779.25,tiempo,-3.0,0.0,-3.0,25.5,-0.11764705882352941
1,1,2016-08-09 14:19:00+00:00,2016-08-09 14:20:00+00:00,4800.5,4782.0,4837.5,2016-08-09 19:55:00+00:00,4792.75,tiempo,-15.5,0.0,-15.5,37.0,-0.4189189189189189
-1,1,2016-08-10 15:14:00+00:00,2016-08-10 15:15:00+00:00,4780.75,4796.5,4749.25,2016-08-10 19:55:00+00:00,4778.0,tiempo,5.5,0.0,5.5,31.5,0.1746031746031746
1,1,2016-08-15 14:24:00+00:00,2016-08-15 14:25:00+00:00,4826.75,4807.75,4864.75,2016-08-15 19:55:00+00:00,4824.25,tiempo,-5.0,0.0,-5.0,38.0,-0.13157894736842105
-1,1,2016-08-17 14:04:00+00:00,2016-08-17 14:05:00+00:00,4781.75,4801.25,4742.75,2016-08-17 17:40:00+00:00,4801.25,stop,-39.0,0.0,-39.0,39.0,-1.0
1,1,2016-08-18 14:34:00+00:00,2016-08-18 14:35:00+00:00,4812.75,4795.5,4847.25,2016-08-18 16:35:00+00:00,4795.5,stop,-34.5,0.0,-34.5,34.5,-1.0
1,1,2016-08-19 14:29:00+00:00,2016-08-19 14:30:00+00:00,4811.0,4785.0,4863.0,2016-08-19 19:55:00+00:00,4806.0,tiempo,-10.0,0.0,-10.0,52.0,-0.19230769230769232
-1,1,2016-08-24 18:04:00+00:00,2016-08-24 18:05:00+00:00,4797.75,4821.25,4750.75,2016-08-24 19:55:00+00:00,4777.5,tiempo,40.5,0.0,40.5,47.0,0.8617021276595744
1,1,2016-08-25 15:04:00+00:00,2016-08-25 15:05:00+00:00,4790.5,4768.25,4835.0,2016-08-25 19:55:00+00:00,4776.5,tiempo,-28.0,0.0,-28.0,44.5,-0.6292134831460674
1,1,2016-08-26 14:19:00+00:00,2016-08-26 14:20:00+00:00,4811.25,4780.0,4873.75,2016-08-26 15:52:00+00:00,4780.0,stop,-62.5,0.0,-62.5,62.5,-1.0
1,1,2016-08-29 15:49:00+00:00,2016-08-29 15:50:00+00:00,4801.75,4786.25,4832.75,2016-08-29 19:55:00+00:00,4793.5,tiempo,-16.5,0.0,-16.5,31.0,-0.532258064516129
-1,1,2016-08-30 14:14:00+00:00,2016-08-30 14:15:00+00:00,4780.0,4798.5,4743.0,2016-08-30 19:55:00+00:00,4774.0,tiempo,12.0,0.0,12.0,37.0,0.32432432432432434
-1,1,2016-08-31 16:04:00+00:00,2016-08-31 16:05:00+00:00,4760.25,4776.0,4728.75,2016-08-31 19:41:00+00:00,4776.0,stop,-31.5,0.0,-31.5,31.5,-1.0
-1,1,2016-09-01 14:24:00+00:00,2016-09-01 14:25:00+00:00,4769.25,4786.75,4734.25,2016-09-01 17:20:00+00:00,4786.75,stop,-35.0,0.0,-35.0,35.0,-1.0
1,1,2016-09-02 14:04:00+00:00,2016-09-02 14:05:00+00:00,4815.75,4799.25,4848.75,2016-09-02 15:25:00+00:00,4799.25,stop,-33.0,0.0,-33.0,33.0,-1.0
-1,1,2016-09-05 14:04:00+00:00,2016-09-05 14:05:00+00:00,4784.75,4793.25,4767.75,2016-09-05 16:59:00+00:00,4792.5,fin_de_datos,-15.5,0.0,-15.5,17.0,-0.9117647058823529
1,1,2016-09-06 14:04:00+00:00,2016-09-06 14:05:00+00:00,4818.0,4799.0,4856.0,2016-09-06 14:20:00+00:00,4799.0,stop,-38.0,0.0,-38.0,38.0,-1.0
1,1,2016-09-07 14:29:00+00:00,2016-09-07 14:30:00+00:00,4838.75,4828.25,4859.75,2016-09-07 14:47:00+00:00,4828.25,stop,-21.0,0.0,-21.0,21.0,-1.0
-1,1,2016-09-08 17:29:00+00:00,2016-09-08 17:30:00+00:00,4797.75,4818.0,4757.25,2016-09-08 19:55:00+00:00,4801.5,tiempo,-7.5,0.0,-7.5,40.5,-0.18518518518518517
-1,1,2016-09-09 14:39:00+00:00,2016-09-09 14:40:00+00:00,4754.25,4772.5,4717.75,2016-09-09 17:09:00+00:00,4717.75,objetivo,73.0,0.0,73.0,36.5,2.0
1,1,2016-09-12 14:04:00+00:00,2016-09-12 14:05:00+00:00,4700.25,4651.0,4798.75,2016-09-12 19:55:00+00:00,4757.5,tiempo,114.5,0.0,114.5,98.5,1.1624365482233503
-1,1,2016-09-13 14:04:00+00:00,2016-09-13 14:05:00+00:00,4724.0,4752.25,4667.5,2016-09-13 19:55:00+00:00,4729.25,tiempo,-10.5,0.0,-10.5,56.5,-0.18584070796460178
1,1,2016-09-14 14:09:00+00:00,2016-09-14 14:10:00+00:00,4747.25,4722.5,4796.75,2016-09-14 19:55:00+00:00,4742.5,tiempo,-9.5,0.0,-9.5,49.5,-0.1919191919191919
1,1,2016-09-15 14:09:00+00:00,2016-09-15 14:10:00+00:00,4764.0,4741.25,4809.5,2016-09-15 17:43:00+00:00,4809.5,objetivo,91.0,0.0,91.0,45.5,2.0
-1,1,2016-09-19 14:39:00+00:00,2016-09-19 14:40:00+00:00,4821.0,4838.75,4785.5,2016-09-19 17:35:00+00:00,4785.5,objetivo,71.0,0.0,71.0,35.5,2.0
-1,1,2016-09-20 14:39:00+00:00,2016-09-20 14:40:00+00:00,4798.25,4819.25,4756.25,2016-09-20 19:55:00+00:00,4807.0,tiempo,-17.5,0.0,-17.5,42.0,-0.4166666666666667
-1,1,2016-09-21 15:09:00+00:00,2016-09-21 15:10:00+00:00,4813.0,4825.75,4787.5,2016-09-21 18:06:00+00:00,4825.75,stop,-25.5,0.0,-25.5,25.5,-1.0
1,1,2016-09-22 14:29:00+00:00,2016-09-22 14:30:00+00:00,4882.0,4871.0,4904.0,2016-09-22 19:55:00+00:00,4889.75,tiempo,15.5,0.0,15.5,22.0,0.7045454545454546
-1,1,2016-09-23 14:09:00+00:00,2016-09-23 14:10:00+00:00,4868.5,4881.25,4843.0,2016-09-23 19:55:00+00:00,4861.0,tiempo,15.0,0.0,15.0,25.5,0.5882352941176471
-1,1,2016-09-26 17:39:00+00:00,2016-09-26 17:40:00+00:00,4810.0,4829.0,4772.0,2016-09-26 19:55:00+00:00,4815.5,tiempo,-11.0,0.0,-11.0,38.0,-0.2894736842105263
1,1,2016-09-27 14:04:00+00:00,2016-09-27 14:05:00+00:00,4847.75,4807.0,4929.25,2016-09-27 19:55:00+00:00,4861.75,tiempo,28.0,0.0,28.0,81.5,0.34355828220858897
-1,1,2016-09-28 15:04:00+00:00,2016-09-28 15:05:00+00:00,4846.25,4868.75,4801.25,2016-09-28 18:26:00+00:00,4868.75,stop,-45.0,0.0,-45.0,45.0,-1.0
-1,1,2016-09-29 14:09:00+00:00,2016-09-29 14:10:00+00:00,4849.25,4867.0,4813.75,2016-09-29 17:01:00+00:00,4813.75,objetivo,71.0,0.0,71.0,35.5,2.0
1,1,2016-09-30 14:59:00+00:00,2016-09-30 15:00:00+00:00,4862.0,4846.25,4893.5,2016-09-30 19:55:00+00:00,4880.75,tiempo,37.5,0.0,37.5,31.5,1.1904761904761905
-1,1,2016-10-03 15:54:00+00:00,2016-10-03 15:55:00+00:00,4845.0,4864.25,4806.5,2016-10-03 19:41:00+00:00,4864.25,stop,-38.5,0.0,-38.5,38.5,-1.0
-1,1,2016-10-04 15:04:00+00:00,2016-10-04 15:05:00+00:00,4863.75,4888.0,4815.25,2016-10-04 19:55:00+00:00,4856.5,tiempo,14.5,0.0,14.5,48.5,0.29896907216494845
1,1,2016-10-05 14:09:00+00:00,2016-10-05 14:10:00+00:00,4881.0,4867.0,4909.0,2016-10-05 19:55:00+00:00,4872.25,tiempo,-17.5,0.0,-17.5,28.0,-0.625
-1,1,2016-10-06 15:09:00+00:00,2016-10-06 15:10:00+00:00,4848.25,4870.75,4803.25,2016-10-06 15:48:00+00:00,4870.75,stop,-45.0,0.0,-45.0,45.0,-1.0
-1,1,2016-10-07 15:39:00+00:00,2016-10-07 15:40:00+00:00,4849.5,4881.0,4786.5,2016-10-07 19:55:00+00:00,4862.75,tiempo,-26.5,0.0,-26.5,63.0,-0.42063492063492064
1,1,2016-10-10 14:44:00+00:00,2016-10-10 14:45:00+00:00,4898.75,4882.5,4931.25,2016-10-10 19:55:00+00:00,4890.5,tiempo,-16.5,0.0,-16.5,32.5,-0.5076923076923077
-1,1,2016-10-11 14:14:00+00:00,2016-10-11 14:15:00+00:00,4853.25,4887.5,4784.75,2016-10-11 19:55:00+00:00,4818.5,tiempo,69.5,0.0,69.5,68.5,1.0145985401459854
1,1,2016-10-12 18:14:00+00:00,2016-10-12 18:15:00+00:00,4829.25,4800.25,4887.25,2016-10-12 19:55:00+00:00,4817.25,tiempo,-24.0,0.0,-24.0,58.0,-0.41379310344827586
1,1,2016-10-13 16:39:00+00:00,2016-10-13 16:40:00+00:00,4792.75,4755.75,4866.75,2016-10-13 19:55:00+00:00,4794.25,tiempo,3.0,0.0,3.0,74.0,0.04054054054054054
1,1,2016-10-17 14:29:00+00:00,2016-10-17 14:30:00+00:00,4808.0,4784.25,4855.5,2016-10-17 19:55:00+00:00,4791.25,tiempo,-33.5,0.0,-33.5,47.5,-0.7052631578947368
1,1,2016-10-18 15:54:00+00:00,2016-10-18 15:55:00+00:00,4852.25,4837.0,4882.75,2016-10-18 19:43:00+00:00,4837.0,stop,-30.5,0.0,-30.5,30.5,-1.0
1,1,2016-10-19 14:29:00+00:00,2016-10-19 14:30:00+00:00,4836.0,4824.25,4859.5,2016-10-19 19:55:00+00:00,4832.25,tiempo,-7.5,0.0,-7.5,23.5,-0.3191489361702128
-1,1,2016-10-20 14:39:00+00:00,2016-10-20 14:40:00+00:00,4801.5,4828.5,4747.5,2016-10-20 16:02:00+00:00,4828.5,stop,-54.0,0.0,-54.0,54.0,-1.0
1,1,2016-10-21 18:39:00+00:00,2016-10-21 18:40:00+00:00,4845.5,4814.75,4907.0,2016-10-21 19:55:00+00:00,4846.75,tiempo,2.5,0.0,2.5,61.5,0.04065040650406504
1,1,2016-10-24 14:19:00+00:00,2016-10-24 14:20:00+00:00,4891.5,4875.75,4923.0,2016-10-24 19:55:00+00:00,4902.5,tiempo,22.0,0.0,22.0,31.5,0.6984126984126984
-1,1,2016-10-25 14:44:00+00:00,2016-10-25 14:45:00+00:00,4894.25,4906.5,4869.75,2016-10-25 19:55:00+00:00,4883.5,tiempo,21.5,0.0,21.5,24.5,0.8775510204081632
1,1,2016-10-26 15:04:00+00:00,2016-10-26 15:05:00+00:00,4875.5,4841.5,4943.5,2016-10-26 18:05:00+00:00,4841.5,stop,-68.0,0.0,-68.0,68.0,-1.0
-1,1,2016-10-27 14:39:00+00:00,2016-10-27 14:40:00+00:00,4844.25,4879.75,4773.25,2016-10-27 19:55:00+00:00,4828.75,tiempo,31.0,0.0,31.0,71.0,0.43661971830985913
1,1,2016-10-28 14:34:00+00:00,2016-10-28 14:35:00+00:00,4837.5,4799.5,4913.5,2016-10-28 17:36:00+00:00,4799.5,stop,-76.0,0.0,-76.0,76.0,-1.0
-1,1,2016-10-31 14:34:00+00:00,2016-10-31 14:35:00+00:00,4803.25,4819.25,4771.25,2016-10-31 19:55:00+00:00,4798.75,tiempo,9.0,0.0,9.0,32.0,0.28125
-1,1,2016-11-01 14:14:00+00:00,2016-11-01 14:15:00+00:00,4785.0,4806.25,4742.5,2016-11-01 17:42:00+00:00,4742.5,objetivo,85.0,0.0,85.0,42.5,2.0
-1,1,2016-11-02 17:04:00+00:00,2016-11-02 17:05:00+00:00,4734.0,4766.0,4670.0,2016-11-02 19:55:00+00:00,4722.25,tiempo,23.5,0.0,23.5,64.0,0.3671875
-1,1,2016-11-03 16:39:00+00:00,2016-11-03 16:40:00+00:00,4692.25,4729.5,4617.75,2016-11-03 19:55:00+00:00,4674.0,tiempo,36.5,0.0,36.5,74.5,0.4899328859060403
1,1,2016-11-04 14:39:00+00:00,2016-11-04 14:40:00+00:00,4686.75,4651.25,4757.75,2016-11-04 19:55:00+00:00,4659.5,tiempo,-54.5,0.0,-54.5,71.0,-0.7676056338028169
1,1,2016-11-07 15:09:00+00:00,2016-11-07 15:10:00+00:00,4741.0,4726.25,4770.5,2016-11-07 16:41:00+00:00,4770.5,objetivo,59.0,0.0,59.0,29.5,2.0
1,1,2016-11-08 16:14:00+00:00,2016-11-08 16:15:00+00:00,4781.5,4752.75,4839.0,2016-11-08 20:55:00+00:00,4802.5,tiempo,42.0,0.0,42.0,57.5,0.7304347826086957
1,1,2016-11-09 16:34:00+00:00,2016-11-09 16:35:00+00:00,4815.25,4738.0,4969.75,2016-11-09 20:55:00+00:00,4818.75,tiempo,7.0,0.0,7.0,154.5,0.045307443365695796
-1,1,2016-11-10 15:04:00+00:00,2016-11-10 15:05:00+00:00,4807.0,4851.5,4718.0,2016-11-10 15:36:00+00:00,4718.0,objetivo,178.0,0.0,178.0,89.0,2.0
1,1,2016-11-11 15:09:00+00:00,2016-11-11 15:10:00+00:00,4739.5,4706.0,4806.5,2016-11-11 20:55:00+00:00,4749.5,tiempo,20.0,0.0,20.0,67.0,0.29850746268656714
-1,1,2016-11-14 15:04:00+00:00,2016-11-14 15:05:00+00:00,4700.5,4750.75,4600.0,2016-11-14 20:55:00+00:00,4697.25,tiempo,6.5,0.0,6.5,100.5,0.06467661691542288
1,1,2016-11-15 15:04:00+00:00,2016-11-15 15:05:00+00:00,4761.25,4726.0,4831.75,2016-11-15 20:55:00+00:00,4768.25,tiempo,14.0,0.0,14.0,70.5,0.19858156028368795
1,1,2016-11-16 15:24:00+00:00,2016-11-16 15:25:00+00:00,4780.25,4740.75,4859.25,2016-11-16 20:55:00+00:00,4789.0,tiempo,17.5,0.0,17.5,79.0,0.22151898734177214
1,1,2016-11-17 16:14:00+00:00,2016-11-17 16:15:00+00:00,4804.5,4778.0,4857.5,2016-11-17 20:55:00+00:00,4824.0,tiempo,39.0,0.0,39.0,53.0,0.7358490566037735
-1,1,2016-11-18 15:34:00+00:00,2016-11-18 15:35:00+00:00,4808.75,4840.5,4745.25,2016-11-18 20:55:00+00:00,4809.25,tiempo,-1.0,0.0,-1.0,63.5,-0.015748031496062992
1,1,2016-11-21 16:59:00+00:00,2016-11-21 17:00:00+00:00,4852.75,4817.25,4923.75,2016-11-21 20:55:00+00:00,4860.0,tiempo,14.5,0.0,14.5,71.0,0.20422535211267606
-1,1,2016-11-22 15:49:00+00:00,2016-11-22 15:50:00+00:00,4867.25,4884.75,4832.25,2016-11-22 20:55:00+00:00,4877.25,tiempo,-20.0,0.0,-20.0,35.0,-0.5714285714285714
-1,1,2016-11-23 16:24:00+00:00,2016-11-23 16:25:00+00:00,4835.0,4862.0,4781.0,2016-11-23 20:55:00+00:00,4850.5,tiempo,-31.0,0.0,-31.0,54.0,-0.5740740740740741
1,1,2016-11-24 15:59:00+00:00,2016-11-24 16:00:00+00:00,4855.0,4849.0,4867.0,2016-11-24 17:59:00+00:00,4863.0,fin_de_datos,16.0,0.0,16.0,12.0,1.3333333333333333
1,1,2016-11-25 16:29:00+00:00,2016-11-25 16:30:00+00:00,4865.5,4852.0,4892.5,2016-11-25 18:14:00+00:00,4870.0,fin_de_datos,9.0,0.0,9.0,27.0,0.3333333333333333
1,1,2016-11-28 15:29:00+00:00,2016-11-28 15:30:00+00:00,4872.0,4851.75,4912.5,2016-11-28 20:55:00+00:00,4857.0,tiempo,-30.0,0.0,-30.0,40.5,-0.7407407407407407
1,1,2016-11-29 15:44:00+00:00,2016-11-29 15:45:00+00:00,4875.5,4847.5,4931.5,2016-11-29 20:55:00+00:00,4873.25,tiempo,-4.5,0.0,-4.5,56.0,-0.08035714285714286
-1,1,2016-11-30 15:04:00+00:00,2016-11-30 15:05:00+00:00,4860.25,4881.5,4817.75,2016-11-30 19:15:00+00:00,4817.75,objetivo,85.0,0.0,85.0,42.5,2.0
-1,1,2016-12-01 15:24:00+00:00,2016-12-01 15:25:00+00:00,4772.0,4814.5,4687.0,2016-12-01 20:55:00+00:00,4731.25,tiempo,81.5,0.0,81.5,85.0,0.9588235294117647
1,1,2016-12-05 15:04:00+00:00,2016-12-05 15:05:00+00:00,4783.0,4741.75,4865.5,2016-12-05 20:55:00+00:00,4778.0,tiempo,-10.0,0.0,-10.0,82.5,-0.12121212121212122
1,1,2016-12-07 17:44:00+00:00,2016-12-07 17:45:00+00:00,4796.0,4763.5,4861.0,2016-12-07 20:55:00+00:00,4844.75,tiempo,97.5,0.0,97.5,65.0,1.5
1,1,2016-12-08 16:09:00+00:00,2016-12-08 16:10:00+00:00,4865.5,4840.75,4915.0,2016-12-08 20:55:00+00:00,4858.0,tiempo,-15.0,0.0,-15.0,49.5,-0.30303030303030304
1,1,2016-12-09 15:39:00+00:00,2016-12-09 15:40:00+00:00,4895.75,4875.25,4936.75,2016-12-09 20:55:00+00:00,4892.25,tiempo,-7.0,0.0,-7.0,41.0,-0.17073170731707318
1,1,2016-12-14 18:59:00+00:00,2016-12-14 19:00:00+00:00,4952.25,4938.75,4979.25,2016-12-14 19:01:00+00:00,4938.75,stop,-27.0,0.0,-27.0,27.0,-1.0
1,1,2016-12-15 16:04:00+00:00,2016-12-15 16:05:00+00:00,4948.25,4923.75,4997.25,2016-12-15 18:55:00+00:00,4923.75,stop,-49.0,0.0,-49.0,49.0,-1.0
-1,1,2016-12-16 15:34:00+00:00,2016-12-16 15:35:00+00:00,4928.5,4951.75,4882.0,2016-12-16 20:55:00+00:00,4916.0,tiempo,25.0,0.0,25.0,46.5,0.5376344086021505
1,1,2016-12-19 15:39:00+00:00,2016-12-19 15:40:00+00:00,4947.0,4912.5,5016.0,2016-12-19 20:55:00+00:00,4933.0,tiempo,-28.0,0.0,-28.0,69.0,-0.4057971014492754
-1,1,2016-12-21 15:49:00+00:00,2016-12-21 15:50:00+00:00,4945.75,4959.75,4917.75,2016-12-21 20:55:00+00:00,4951.75,tiempo,-12.0,0.0,-12.0,28.0,-0.42857142857142855
-1,1,2016-12-22 16:44:00+00:00,2016-12-22 16:45:00+00:00,4926.0,4952.5,4873.0,2016-12-22 20:55:00+00:00,4930.75,tiempo,-9.5,0.0,-9.5,53.0,-0.1792452830188679
-1,1,2016-12-23 16:19:00+00:00,2016-12-23 16:20:00+00:00,4924.0,4940.75,4890.5,2016-12-23 20:55:00+00:00,4939.0,tiempo,-30.0,0.0,-30.0,33.5,-0.8955223880597015
-1,1,2016-12-28 15:09:00+00:00,2016-12-28 15:10:00+00:00,4944.75,4979.0,4876.25,2016-12-28 20:55:00+00:00,4925.25,tiempo,39.0,0.0,39.0,68.5,0.5693430656934306
-1,1,2016-12-29 15:49:00+00:00,2016-12-29 15:50:00+00:00,4914.25,4933.5,4875.75,2016-12-29 20:55:00+00:00,4915.75,tiempo,-3.0,0.0,-3.0,38.5,-0.07792207792207792
-1,1,2016-12-30 15:19:00+00:00,2016-12-30 15:20:00+00:00,4879.25,4926.5,4784.75,2016-12-30 20:55:00+00:00,4852.75,tiempo,53.0,0.0,53.0,94.5,0.5608465608465608
1,1,2017-01-03 15:09:00+00:00,2017-01-03 15:10:00+00:00,4924.5,4885.75,5002.0,2017-01-03 16:41:00+00:00,4885.75,stop,-77.5,0.0,-77.5,77.5,-1.0
1,1,2017-01-04 17:04:00+00:00,2017-01-04 17:05:00+00:00,4934.75,4912.0,4980.25,2017-01-04 20:55:00+00:00,4934.25,tiempo,-1.0,0.0,-1.0,45.5,-0.02197802197802198
1,1,2017-01-05 20:14:00+00:00,2017-01-05 20:15:00+00:00,4958.5,4929.5,5016.5,2017-01-05 20:55:00+00:00,4961.5,tiempo,6.0,0.0,6.0,58.0,0.10344827586206896
1,1,2017-01-06 15:04:00+00:00,2017-01-06 15:05:00+00:00,4979.75,4952.5,5034.25,2017-01-06 20:55:00+00:00,5008.5,tiempo,57.5,0.0,57.5,54.5,1.055045871559633
1,1,2017-01-09 16:19:00+00:00,2017-01-09 16:20:00+00:00,5021.0,5004.75,5053.5,2017-01-09 20:55:00+00:00,5023.75,tiempo,5.5,0.0,5.5,32.5,0.16923076923076924
1,1,2017-01-10 16:04:00+00:00,2017-01-10 16:05:00+00:00,5035.0,5011.0,5083.0,2017-01-10 20:55:00+00:00,5033.0,tiempo,-4.0,0.0,-4.0,48.0,-0.08333333333333333
1,1,2017-01-11 15:34:00+00:00,2017-01-11 15:35:00+00:00,5039.75,5028.0,5063.25,2017-01-11 16:24:00+00:00,5028.0,stop,-23.5,0.0,-23.5,23.5,-1.0
-1,1,2017-01-12 15:09:00+00:00,2017-01-12 15:10:00+00:00,5001.5,5029.25,4946.0,2017-01-12 18:46:00+00:00,5029.25,stop,-55.5,0.0,-55.5,55.5,-1.0
1,1,2017-01-13 16:29:00+00:00,2017-01-13 16:30:00+00:00,5059.75,5040.0,5099.25,2017-01-13 20:55:00+00:00,5054.25,tiempo,-11.0,0.0,-11.0,39.5,-0.27848101265822783
-1,1,2017-01-18 16:59:00+00:00,2017-01-18 17:00:00+00:00,5035.5,5052.25,5002.0,2017-01-18 20:55:00+00:00,5050.25,tiempo,-29.5,0.0,-29.5,33.5,-0.8805970149253731
-1,1,2017-01-19 19:09:00+00:00,2017-01-19 19:10:00+00:00,5041.75,5074.75,4975.75,2017-01-19 20:55:00+00:00,5049.5,tiempo,-15.5,0.0,-15.5,66.0,-0.23484848484848486
-1,1,2017-01-20 17:09:00+00:00,2017-01-20 17:10:00+00:00,5057.5,5083.0,5006.5,2017-01-20 20:55:00+00:00,5054.75,tiempo,5.5,0.0,5.5,51.0,0.10784313725490197
-1,1,2017-01-23 16:49:00+00:00,2017-01-23 16:50:00+00:00,5033.25,5069.75,4960.25,2017-01-23 20:55:00+00:00,5062.0,tiempo,-57.5,0.0,-57.5,73.0,-0.7876712328767124
1,1,2017-01-24 18:09:00+00:00,2017-01-24 18:10:00+00:00,5082.75,5066.75,5114.75,2017-01-24 20:55:00+00:00,5098.25,tiempo,31.0,0.0,31.0,32.0,0.96875
1,1,2017-01-25 15:09:00+00:00,2017-01-25 15:10:00+00:00,5133.25,5123.5,5152.75,2017-01-25 20:55:00+00:00,5147.0,tiempo,27.5,0.0,27.5,19.5,1.4102564102564104
-1,1,2017-01-26 15:29:00+00:00,2017-01-26 15:30:00+00:00,5148.0,5163.25,5117.5,2017-01-26 20:55:00+00:00,5154.25,tiempo,-12.5,0.0,-12.5,30.5,-0.4098360655737705
-1,1,2017-01-30 15:14:00+00:00,2017-01-30 15:15:00+00:00,5098.75,5145.75,5004.75,2017-01-30 20:55:00+00:00,5125.5,tiempo,-53.5,0.0,-53.5,94.0,-0.5691489361702128
-1,1,2017-01-31 15:04:00+00:00,2017-01-31 15:05:00+00:00,5091.0,5112.5,5048.0,2017-01-31 20:45:00+00:00,5112.5,stop,-43.0,0.0,-43.0,43.0,-1.0
-1,1,2017-02-01 15:39:00+00:00,2017-02-01 15:40:00+00:00,5127.0,5158.25,5064.5,2017-02-01 20:55:00+00:00,5147.25,tiempo,-40.5,0.0,-40.5,62.5,-0.648
1,1,2017-02-02 15:59:00+00:00,2017-02-02 16:00:00+00:00,5155.0,5123.5,5218.0,2017-02-02 20:55:00+00:00,5142.0,tiempo,-26.0,0.0,-26.0,63.0,-0.4126984126984127
1,1,2017-02-03 15:29:00+00:00,2017-02-03 15:30:00+00:00,5156.25,5145.0,5178.75,2017-02-03 16:37:00+00:00,5145.0,stop,-22.5,0.0,-22.5,22.5,-1.0
1,1,2017-02-06 16:29:00+00:00,2017-02-06 16:30:00+00:00,5162.25,5142.75,5201.25,2017-02-06 20:55:00+00:00,5160.5,tiempo,-3.5,0.0,-3.5,39.0,-0.08974358974358974
1,1,2017-02-07 15:09:00+00:00,2017-02-07 15:10:00+00:00,5183.0,5168.0,5213.0,2017-02-07 20:55:00+00:00,5176.5,tiempo,-13.0,0.0,-13.0,30.0,-0.43333333333333335
1,1,2017-02-08 15:44:00+00:00,2017-02-08 15:45:00+00:00,5187.5,5163.5,5235.5,2017-02-08 20:55:00+00:00,5195.0,tiempo,15.0,0.0,15.0,48.0,0.3125
1,1,2017-02-09 15:24:00+00:00,2017-02-09 15:25:00+00:00,5203.25,5191.75,5226.25,2017-02-09 20:55:00+00:00,5213.25,tiempo,20.0,0.0,20.0,23.0,0.8695652173913043
-1,1,2017-02-10 15:09:00+00:00,2017-02-10 15:10:00+00:00,5211.0,5221.5,5190.0,2017-02-10 15:32:00+00:00,5221.5,stop,-21.0,0.0,-21.0,21.0,-1.0
1,1,2017-02-13 15:04:00+00:00,2017-02-13 15:05:00+00:00,5247.5,5238.75,5265.0,2017-02-13 20:55:00+00:00,5254.5,tiempo,14.0,0.0,14.0,17.5,0.8
-1,1,2017-02-14 15:04:00+00:00,2017-02-14 15:05:00+00:00,5247.0,5256.75,5227.5,2017-02-14 16:56:00+00:00,5256.75,stop,-19.5,0.0,-19.5,19.5,-1.0
1,1,2017-02-15 16:14:00+00:00,2017-02-15 16:15:00+00:00,5283.5,5266.25,5318.0,2017-02-15 20:55:00+00:00,5302.25,tiempo,37.5,0.0,37.5,34.5,1.0869565217391304
-1,1,2017-02-16 15:54:00+00:00,2017-02-16 15:55:00+00:00,5291.0,5317.0,5239.0,2017-02-16 20:55:00+00:00,5300.25,tiempo,-18.5,0.0,-18.5,52.0,-0.3557692307692308
1,1,2017-02-17 15:04:00+00:00,2017-02-17 15:05:00+00:00,5306.5,5293.5,5332.5,2017-02-17 20:55:00+00:00,5320.0,tiempo,27.0,0.0,27.0,26.0,1.0384615384615385
1,1,2017-02-20 17:19:00+00:00,2017-02-20 17:20:00+00:00,5342.5,5327.25,5373.0,2017-02-20 17:59:00+00:00,5340.5,fin_de_datos,-4.0,0.0,-4.0,30.5,-0.13114754098360656
1,1,2017-02-21 15:09:00+00:00,2017-02-21 15:10:00+00:00,5347.25,5331.75,5378.25,2017-02-21 20:55:00+00:00,5352.25,tiempo,10.0,0.0,10.0,31.0,0.3225806451612903
-1,1,2017-02-23 15:14:00+00:00,2017-02-23 15:15:00+00:00,5334.25,5359.5,5283.75,2017-02-23 20:55:00+00:00,5329.5,tiempo,9.5,0.0,9.5,50.5,0.18811881188118812
1,1,2017-02-24 19:19:00+00:00,2017-02-24 19:20:00+00:00,5326.25,5306.25,5366.25,2017-02-24 20:55:00+00:00,5340.5,tiempo,28.5,0.0,28.5,40.0,0.7125
-1,1,2017-02-28 15:44:00+00:00,2017-02-28 15:45:00+00:00,5336.75,5350.0,5310.25,2017-02-28 20:55:00+00:00,5331.5,tiempo,10.5,0.0,10.5,26.5,0.39622641509433965
1,1,2017-03-01 15:04:00+00:00,2017-03-01 15:05:00+00:00,5372.5,5355.0,5407.5,2017-03-01 20:55:00+00:00,5394.75,tiempo,44.5,0.0,44.5,35.0,1.2714285714285714
-1,1,2017-03-02 15:14:00+00:00,2017-03-02 15:15:00+00:00,5377.75,5389.75,5353.75,2017-03-02 20:55:00+00:00,5364.5,tiempo,26.5,0.0,26.5,24.0,1.1041666666666667
-1,1,2017-03-03 15:34:00+00:00,2017-03-03 15:35:00+00:00,5344.5,5364.5,5304.5,2017-03-03 17:32:00+00:00,5364.5,stop,-40.0,0.0,-40.0,40.0,-1.0
-1,1,2017-03-06 15:24:00+00:00,2017-03-06 15:25:00+00:00,5341.0,5359.25,5304.5,2017-03-06 18:13:00+00:00,5359.25,stop,-36.5,0.0,-36.5,36.5,-1.0
1,1,2017-03-07 15:24:00+00:00,2017-03-07 15:25:00+00:00,5366.5,5344.0,5411.5,2017-03-07 20:41:00+00:00,5344.0,stop,-45.0,0.0,-45.0,45.0,-1.0
1,1,2017-03-08 15:04:00+00:00,2017-03-08 15:05:00+00:00,5369.5,5348.0,5412.5,2017-03-08 20:55:00+00:00,5357.5,tiempo,-24.0,0.0,-24.0,43.0,-0.5581395348837209
1,1,2017-03-09 15:04:00+00:00,2017-03-09 15:05:00+00:00,5368.75,5347.25,5411.75,2017-03-09 19:04:00+00:00,5347.25,stop,-43.0,0.0,-43.0,43.0,-1.0
-1,1,2017-03-10 17:39:00+00:00,2017-03-10 17:40:00+00:00,5374.75,5394.5,5335.25,2017-03-10 20:55:00+00:00,5385.5,tiempo,-21.5,0.0,-21.5,39.5,-0.5443037974683544
-1,1,2017-03-14 14:19:00+00:00,2017-03-14 14:20:00+00:00,5369.5,5388.5,5331.5,2017-03-14 19:55:00+00:00,5386.5,tiempo,-34.0,0.0,-34.0,38.0,-0.8947368421052632
-1,1,2017-03-15 14:04:00+00:00,2017-03-15 14:05:00+00:00,5383.5,5397.75,5355.0,2017-03-15 16:37:00+00:00,5397.75,stop,-28.5,0.0,-28.5,28.5,-1.0
-1,1,2017-03-16 14:14:00+00:00,2017-03-16 14:15:00+00:00,5416.5,5428.75,5392.0,2017-03-16 19:55:00+00:00,5412.75,tiempo,7.5,0.0,7.5,24.5,0.30612244897959184
-1,1,2017-03-17 15:04:00+00:00,2017-03-17 15:05:00+00:00,5410.25,5421.0,5388.75,2017-03-17 17:17:00+00:00,5421.0,stop,-21.5,0.0,-21.5,21.5,-1.0
1,1,2017-03-20 14:04:00+00:00,2017-03-20 14:05:00+00:00,5416.5,5405.25,5439.0,2017-03-20 17:43:00+00:00,5405.25,stop,-22.5,0.0,-22.5,22.5,-1.0
-1,1,2017-03-21 14:04:00+00:00,2017-03-21 14:05:00+00:00,5427.0,5441.0,5399.0,2017-03-21 14:53:00+00:00,5399.0,objetivo,56.0,0.0,56.0,28.0,2.0
1,1,2017-03-22 14:59:00+00:00,2017-03-22 15:00:00+00:00,5354.25,5334.25,5394.25,2017-03-22 19:55:00+00:00,5370.5,tiempo,32.5,0.0,32.5,40.0,0.8125
-1,1,2017-03-23 14:19:00+00:00,2017-03-23 14:20:00+00:00,5351.25,5368.75,5316.25,2017-03-23 14:43:00+00:00,5368.75,stop,-35.0,0.0,-35.0,35.0,-1.0
1,1,2017-03-24 15:59:00+00:00,2017-03-24 16:00:00+00:00,5393.25,5373.0,5433.75,2017-03-24 17:57:00+00:00,5373.0,stop,-40.5,0.0,-40.5,40.5,-1.0
1,1,2017-03-27 14:14:00+00:00,2017-03-27 14:15:00+00:00,5345.25,5317.25,5401.25,2017-03-27 19:55:00+00:00,5379.75,tiempo,69.0,0.0,69.0,56.0,1.2321428571428572
1,1,2017-03-28 15:49:00+00:00,2017-03-28 15:50:00+00:00,5394.25,5363.5,5455.75,2017-03-28 19:55:00+00:00,5412.25,tiempo,36.0,0.0,36.0,61.5,0.5853658536585366
1,1,2017-03-29 14:14:00+00:00,2017-03-29 14:15:00+00:00,5421.75,5406.5,5452.25,2017-03-29 19:55:00+00:00,5431.5,tiempo,19.5,0.0,19.5,30.5,0.639344262295082
1,1,2017-03-30 14:04:00+00:00,2017-03-30 14:05:00+00:00,5444.5,5426.5,5480.5,2017-03-30 19:55:00+00:00,5439.75,tiempo,-9.5,0.0,-9.5,36.0,-0.2638888888888889
1,1,2017-03-31 14:04:00+00:00,2017-03-31 14:05:00+00:00,5440.75,5427.25,5467.75,2017-03-31 19:55:00+00:00,5443.75,tiempo,6.0,0.0,6.0,27.0,0.2222222222222222
-1,1,2017-04-03 14:44:00+00:00,2017-04-03 14:45:00+00:00,5438.25,5455.0,5404.75,2017-04-03 16:03:00+00:00,5404.75,objetivo,67.0,0.0,67.0,33.5,2.0
1,1,2017-04-04 18:19:00+00:00,2017-04-04 18:20:00+00:00,5436.75,5416.75,5476.75,2017-04-04 19:55:00+00:00,5440.25,tiempo,7.0,0.0,7.0,40.0,0.175
1,1,2017-04-05 14:29:00+00:00,2017-04-05 14:30:00+00:00,5465.0,5444.25,5506.5,2017-04-05 19:15:00+00:00,5444.25,stop,-41.5,0.0,-41.5,41.5,-1.0
1,1,2017-04-06 15:24:00+00:00,2017-04-06 15:25:00+00:00,5434.5,5410.25,5483.0,2017-04-06 18:57:00+00:00,5410.25,stop,-48.5,0.0,-48.5,48.5,-1.0
1,1,2017-04-07 18:04:00+00:00,2017-04-07 18:05:00+00:00,5432.25,5401.25,5494.25,2017-04-07 19:55:00+00:00,5421.75,tiempo,-21.0,0.0,-21.0,62.0,-0.3387096774193548
1,1,2017-04-10 14:34:00+00:00,2017-04-10 14:35:00+00:00,5441.75,5422.75,5479.75,2017-04-10 15:33:00+00:00,5422.75,stop,-38.0,0.0,-38.0,38.0,-1.0
-1,1,2017-04-11 14:24:00+00:00,2017-04-11 14:25:00+00:00,5378.75,5424.5,5287.25,2017-04-11 19:55:00+00:00,5390.5,tiempo,-23.5,0.0,-23.5,91.5,-0.2568306010928962
-1,1,2017-04-12 14:44:00+00:00,2017-04-12 14:45:00+00:00,5385.75,5400.75,5355.75,2017-04-12 19:55:00+00:00,5376.0,tiempo,19.5,0.0,19.5,30.0,0.65
1,1,2017-04-13 14:04:00+00:00,2017-04-13 14:05:00+00:00,5394.0,5365.25,5451.5,2017-04-13 17:47:00+00:00,5365.25,stop,-57.5,0.0,-57.5,57.5,-1.0
1,1,2017-04-17 14:09:00+00:00,2017-04-17 14:10:00+00:00,5381.5,5367.0,5410.5,2017-04-17 19:55:00+00:00,5398.0,tiempo,33.0,0.0,33.0,29.0,1.1379310344827587
1,1,2017-04-19 15:24:00+00:00,2017-04-19 15:25:00+00:00,5430.0,5412.0,5466.0,2017-04-19 17:07:00+00:00,5412.0,stop,-36.0,0.0,-36.0,36.0,-1.0
1,1,2017-04-20 15:49:00+00:00,2017-04-20 15:50:00+00:00,5433.25,5411.0,5477.75,2017-04-20 19:55:00+00:00,5450.5,tiempo,34.5,0.0,34.5,44.5,0.7752808988764045
-1,1,2017-04-21 17:14:00+00:00,2017-04-21 17:15:00+00:00,5431.25,5447.75,5398.25,2017-04-21 19:55:00+00:00,5441.0,tiempo,-19.5,0.0,-19.5,33.0,-0.5909090909090909
1,1,2017-04-24 18:59:00+00:00,2017-04-24 19:00:00+00:00,5507.0,5492.25,5536.5,2017-04-24 19:55:00+00:00,5506.0,tiempo,-2.0,0.0,-2.0,29.5,-0.06779661016949153
1,1,2017-04-25 14:09:00+00:00,2017-04-25 14:10:00+00:00,5535.75,5520.75,5565.75,2017-04-25 19:55:00+00:00,5548.0,tiempo,24.5,0.0,24.5,30.0,0.8166666666666667
-1,1,2017-04-26 14:34:00+00:00,2017-04-26 14:35:00+00:00,5543.75,5562.5,5506.25,2017-04-26 19:55:00+00:00,5536.25,tiempo,15.0,0.0,15.0,37.5,0.4
1,1,2017-04-27 14:04:00+00:00,2017-04-27 14:05:00+00:00,5559.75,5548.0,5583.25,2017-04-27 19:55:00+00:00,5567.25,tiempo,15.0,0.0,15.0,23.5,0.6382978723404256
-1,1,2017-04-28 14:09:00+00:00,2017-04-28 14:10:00+00:00,5576.25,5595.5,5537.75,2017-04-28 19:55:00+00:00,5581.5,tiempo,-10.5,0.0,-10.5,38.5,-0.2727272727272727
1,1,2017-05-01 14:34:00+00:00,2017-05-01 14:35:00+00:00,5610.5,5596.5,5638.5,2017-05-01 19:55:00+00:00,5631.0,tiempo,41.0,0.0,41.0,28.0,1.4642857142857142
1,1,2017-05-02 16:14:00+00:00,2017-05-02 16:15:00+00:00,5639.75,5624.5,5670.25,2017-05-02 19:55:00+00:00,5637.75,tiempo,-4.0,0.0,-4.0,30.5,-0.13114754098360656
-1,1,2017-05-03 14:09:00+00:00,2017-05-03 14:10:00+00:00,5611.75,5629.0,5577.25,2017-05-03 19:55:00+00:00,5626.75,tiempo,-30.0,0.0,-30.0,34.5,-0.8695652173913043
-1,1,2017-05-05 14:34:00+00:00,2017-05-05 14:35:00+00:00,5617.5,5639.5,5573.5,2017-05-05 19:50:00+00:00,5639.5,stop,-44.0,0.0,-44.0,44.0,-1.0
1,1,2017-05-08 17:59:00+00:00,2017-05-08 18:00:00+00:00,5652.0,5639.25,5677.5,2017-05-08 19:55:00+00:00,5652.5,tiempo,1.0,0.0,1.0,25.5,0.0392156862745098
1,1,2017-05-09 14:04:00+00:00,2017-05-09 14:05:00+00:00,5683.0,5658.75,5731.5,2017-05-09 19:55:00+00:00,5671.75,tiempo,-22.5,0.0,-22.5,48.5,-0.4639175257731959
-1,1,2017-05-10 14:29:00+00:00,2017-05-10 14:30:00+00:00,5660.25,5679.25,5622.25,2017-05-10 19:09:00+00:00,5679.25,stop,-38.0,0.0,-38.0,38.0,-1.0
-1,1,2017-05-11 14:24:00+00:00,2017-05-11 14:25:00+00:00,5640.75,5668.25,5585.75,2017-05-11 17:58:00+00:00,5668.25,stop,-55.0,0.0,-55.0,55.0,-1.0
1,1,2017-05-12 15:34:00+00:00,2017-05-12 15:35:00+00:00,5684.0,5672.25,5707.5,2017-05-12 19:55:00+00:00,5682.25,tiempo,-3.5,0.0,-3.5,23.5,-0.14893617021276595
1,1,2017-05-15 14:44:00+00:00,2017-05-15 14:45:00+00:00,5702.0,5682.5,5741.0,2017-05-15 19:55:00+00:00,5703.0,tiempo,2.0,0.0,2.0,39.0,0.05128205128205128
1,1,2017-05-16 15:54:00+00:00,2017-05-16 15:55:00+00:00,5719.75,5708.5,5742.25,2017-05-16 19:55:00+00:00,5725.0,tiempo,10.5,0.0,10.5,22.5,0.4666666666666667
-1,1,2017-05-17 14:04:00+00:00,2017-05-17 14:05:00+00:00,5658.75,5692.5,5591.25,2017-05-17 19:47:00+00:00,5591.25,objetivo,135.0,0.0,135.0,67.5,2.0
1,1,2017-05-18 14:04:00+00:00,2017-05-18 14:05:00+00:00,5621.0,5572.5,5718.0,2017-05-18 19:55:00+00:00,5636.5,tiempo,31.0,0.0,31.0,97.0,0.31958762886597936
1,1,2017-05-19 14:59:00+00:00,2017-05-19 15:00:00+00:00,5668.25,5646.0,5712.75,2017-05-19 19:55:00+00:00,5654.0,tiempo,-28.5,0.0,-28.5,44.5,-0.6404494382022472
1,1,2017-05-22 14:04:00+00:00,2017-05-22 14:05:00+00:00,5685.75,5663.25,5730.75,2017-05-22 19:55:00+00:00,5703.0,tiempo,34.5,0.0,34.5,45.0,0.7666666666666667
-1,1,2017-05-23 16:54:00+00:00,2017-05-23 16:55:00+00:00,5693.75,5717.5,5646.25,2017-05-23 19:55:00+00:00,5703.0,tiempo,-18.5,0.0,-18.5,47.5,-0.3894736842105263
1,1,2017-05-24 19:29:00+00:00,2017-05-24 19:30:00+00:00,5726.0,5710.25,5757.5,2017-05-24 19:55:00+00:00,5732.75,tiempo,13.5,0.0,13.5,31.5,0.42857142857142855
1,1,2017-05-25 14:14:00+00:00,2017-05-25 14:15:00+00:00,5764.75,5741.0,5812.25,2017-05-25 19:55:00+00:00,5782.75,tiempo,36.0,0.0,36.0,47.5,0.7578947368421053
-1,1,2017-05-29 14:59:00+00:00,2017-05-29 15:00:00+00:00,5794.75,5801.5,5781.25,2017-05-29 16:59:00+00:00,5796.0,fin_de_datos,-2.5,0.0,-2.5,13.5,-0.18518518518518517
-1,1,2017-05-31 14:04:00+00:00,2017-05-31 14:05:00+00:00,5771.0,5815.75,5681.5,2017-05-31 19:55:00+00:00,5788.25,tiempo,-34.5,0.0,-34.5,89.5,-0.3854748603351955
-1,1,2017-06-01 14:09:00+00:00,2017-06-01 14:10:00+00:00,5788.5,5813.0,5739.5,2017-06-01 19:50:00+00:00,5813.0,stop,-49.0,0.0,-49.0,49.0,-1.0
1,1,2017-06-02 14:14:00+00:00,2017-06-02 14:15:00+00:00,5847.0,5826.25,5888.5,2017-06-02 19:55:00+00:00,5880.5,tiempo,67.0,0.0,67.0,41.5,1.6144578313253013
1,1,2017-06-05 14:44:00+00:00,2017-06-05 14:45:00+00:00,5890.75,5872.75,5926.75,2017-06-05 19:55:00+00:00,5882.0,tiempo,-17.5,0.0,-17.5,36.0,-0.4861111111111111
1,1,2017-06-06 14:19:00+00:00,2017-06-06 14:20:00+00:00,5888.5,5870.5,5924.5,2017-06-06 19:23:00+00:00,5870.5,stop,-36.0,0.0,-36.0,36.0,-1.0
-1,1,2017-06-07 16:49:00+00:00,2017-06-07 16:50:00+00:00,5854.25,5882.5,5797.75,2017-06-07 19:44:00+00:00,5882.5,stop,-56.5,0.0,-56.5,56.5,-1.0
-1,1,2017-06-08 14:29:00+00:00,2017-06-08 14:30:00+00:00,5859.5,5895.25,5788.0,2017-06-08 19:55:00+00:00,5887.25,tiempo,-55.5,0.0,-55.5,71.5,-0.7762237762237763
1,1,2017-06-09 14:14:00+00:00,2017-06-09 14:15:00+00:00,5895.75,5878.5,5930.25,2017-06-09 15:20:00+00:00,5878.5,stop,-34.5,0.0,-34.5,34.5,-1.0
-1,1,2017-06-13 14:59:00+00:00,2017-06-13 15:00:00+00:00,5723.5,5768.0,5634.5,2017-06-13 19:37:00+00:00,5768.0,stop,-89.0,0.0,-89.0,89.0,-1.0
-1,1,2017-06-14 18:39:00+00:00,2017-06-14 18:40:00+00:00,5747.5,5783.25,5676.0,2017-06-14 19:55:00+00:00,5735.75,tiempo,23.5,0.0,23.5,71.5,0.32867132867132864
-1,1,2017-06-15 14:24:00+00:00,2017-06-15 14:25:00+00:00,5642.5,5684.5,5558.5,2017-06-15 15:20:00+00:00,5684.5,stop,-84.0,0.0,-84.0,84.0,-1.0
-1,1,2017-06-16 14:19:00+00:00,2017-06-16 14:20:00+00:00,5677.75,5707.5,5618.25,2017-06-16 19:55:00+00:00,5686.25,tiempo,-17.0,0.0,-17.0,59.5,-0.2857142857142857
1,1,2017-06-19 14:04:00+00:00,2017-06-19 14:05:00+00:00,5764.5,5728.0,5837.5,2017-06-19 19:55:00+00:00,5780.75,tiempo,32.5,0.0,32.5,73.0,0.4452054794520548
-1,1,2017-06-20 15:29:00+00:00,2017-06-20 15:30:00+00:00,5752.25,5774.25,5708.25,2017-06-20 19:55:00+00:00,5732.25,tiempo,40.0,0.0,40.0,44.0,0.9090909090909091
1,1,2017-06-21 14:09:00+00:00,2017-06-21 14:10:00+00:00,5756.0,5740.0,5788.0,2017-06-21 19:45:00+00:00,5788.0,objetivo,64.0,0.0,64.0,32.0,2.0
1,1,2017-06-23 16:19:00+00:00,2017-06-23 16:20:00+00:00,5801.0,5763.0,5877.0,2017-06-23 19:55:00+00:00,5806.5,tiempo,11.0,0.0,11.0,76.0,0.14473684210526316
-1,1,2017-06-26 14:19:00+00:00,2017-06-26 14:20:00+00:00,5819.25,5852.0,5753.75,2017-06-26 19:55:00+00:00,5784.25,tiempo,70.0,0.0,70.0,65.5,1.0687022900763359
-1,1,2017-06-27 16:39:00+00:00,2017-06-27 16:40:00+00:00,5732.0,5759.5,5677.0,2017-06-27 19:52:00+00:00,5677.0,objetivo,110.0,0.0,110.0,55.0,2.0
1,1,2017-06-28 14:34:00+00:00,2017-06-28 14:35:00+00:00,5705.5,5662.5,5791.5,2017-06-28 19:55:00+00:00,5761.75,tiempo,112.5,0.0,112.5,86.0,1.308139534883721
-1,1,2017-06-29 14:14:00+00:00,2017-06-29 14:15:00+00:00,5678.75,5733.0,5570.25,2017-06-29 19:55:00+00:00,5661.0,tiempo,35.5,0.0,35.5,108.5,0.3271889400921659
-1,1,2017-07-03 14:19:00+00:00,2017-07-03 14:20:00+00:00,5657.25,5690.75,5590.25,2017-07-03 17:00:00+00:00,5590.25,objetivo,134.0,0.0,134.0,67.0,2.0
-1,1,2017-07-04 15:49:00+00:00,2017-07-04 15:50:00+00:00,5569.75,5614.0,5481.25,2017-07-04 16:59:00+00:00,5580.75,fin_de_datos,-22.0,0.0,-22.0,88.5,-0.24858757062146894
1,1,2017-07-05 14:54:00+00:00,2017-07-05 14:55:00+00:00,5635.25,5604.25,5697.25,2017-07-05 19:55:00+00:00,5653.25,tiempo,36.0,0.0,36.0,62.0,0.5806451612903226
-1,1,2017-07-06 14:09:00+00:00,2017-07-06 14:10:00+00:00,5586.5,5620.25,5519.0,2017-07-06 15:35:00+00:00,5620.25,stop,-67.5,0.0,-67.5,67.5,-1.0
1,1,2017-07-07 15:29:00+00:00,2017-07-07 15:30:00+00:00,5652.0,5618.25,5719.5,2017-07-07 19:55:00+00:00,5662.75,tiempo,21.5,0.0,21.5,67.5,0.31851851851851853
1,1,2017-07-10 14:59:00+00:00,2017-07-10 15:00:00+00:00,5684.5,5650.0,5753.5,2017-07-10 19:55:00+00:00,5701.0,tiempo,33.0,0.0,33.0,69.0,0.4782608695652174
1,1,2017-07-11 14:09:00+00:00,2017-07-11 14:10:00+00:00,5704.75,5681.0,5752.25,2017-07-11 15:24:00+00:00,5681.0,stop,-47.5,0.0,-47.5,47.5,-1.0
1,1,2017-07-12 16:04:00+00:00,2017-07-12 16:05:00+00:00,5770.25,5751.0,5808.75,2017-07-12 19:55:00+00:00,5783.25,tiempo,26.0,0.0,26.0,38.5,0.6753246753246753
1,1,2017-07-14 17:49:00+00:00,2017-07-14 17:50:00+00:00,5833.75,5809.5,5882.25,2017-07-14 19:55:00+00:00,5841.25,tiempo,15.0,0.0,15.0,48.5,0.30927835051546393
1,1,2017-07-17 14:04:00+00:00,2017-07-17 14:05:00+00:00,5859.5,5840.25,5898.0,2017-07-17 15:08:00+00:00,5840.25,stop,-38.5,0.0,-38.5,38.5,-1.0
1,1,2017-07-18 15:34:00+00:00,2017-07-18 15:35:00+00:00,5863.0,5820.25,5948.5,2017-07-18 19:55:00+00:00,5879.5,tiempo,33.0,0.0,33.0,85.5,0.38596491228070173
1,1,2017-07-19 15:49:00+00:00,2017-07-19 15:50:00+00:00,5914.25,5896.25,5950.25,2017-07-19 19:55:00+00:00,5914.5,tiempo,0.5,0.0,0.5,36.0,0.013888888888888888
-1,1,2017-07-20 14:19:00+00:00,2017-07-20 14:20:00+00:00,5913.25,5935.5,5868.75,2017-07-20 19:55:00+00:00,5923.5,tiempo,-20.5,0.0,-20.5,44.5,-0.4606741573033708
1,1,2017-07-24 16:19:00+00:00,2017-07-24 16:20:00+00:00,5927.5,5915.5,5951.5,2017-07-24 19:48:00+00:00,5951.5,objetivo,48.0,0.0,48.0,24.0,2.0
1,1,2017-07-25 17:54:00+00:00,2017-07-25 17:55:00+00:00,5943.75,5915.75,5999.75,2017-07-25 19:55:00+00:00,5929.75,tiempo,-28.0,0.0,-28.0,56.0,-0.5
1,1,2017-07-26 14:09:00+00:00,2017-07-26 14:10:00+00:00,5953.25,5941.75,5976.25,2017-07-26 14:54:00+00:00,5941.75,stop,-23.0,0.0,-23.0,23.0,-1.0
1,1,2017-07-27 15:34:00+00:00,2017-07-27 15:35:00+00:00,5994.5,5973.0,6037.5,2017-07-27 16:30:00+00:00,5973.0,stop,-43.0,0.0,-43.0,43.0,-1.0
1,1,2017-07-28 16:04:00+00:00,2017-07-28 16:05:00+00:00,5906.25,5868.25,5982.25,2017-07-28 19:55:00+00:00,5912.0,tiempo,11.5,0.0,11.5,76.0,0.1513157894736842
-1,1,2017-07-31 14:04:00+00:00,2017-07-31 14:05:00+00:00,5893.0,5932.25,5814.5,2017-07-31 19:55:00+00:00,5880.5,tiempo,25.0,0.0,25.0,78.5,0.3184713375796178
-1,1,2017-08-01 14:24:00+00:00,2017-08-01 14:25:00+00:00,5880.75,5905.5,5831.25,2017-08-01 19:55:00+00:00,5889.5,tiempo,-17.5,0.0,-17.5,49.5,-0.35353535353535354
-1,1,2017-08-02 14:19:00+00:00,2017-08-02 14:20:00+00:00,5897.5,5935.5,5821.5,2017-08-02 19:55:00+00:00,5913.75,tiempo,-32.5,0.0,-32.5,76.0,-0.4276315789473684
-1,1,2017-08-03 14:09:00+00:00,2017-08-03 14:10:00+00:00,5887.0,5920.0,5821.0,2017-08-03 19:55:00+00:00,5890.0,tiempo,-6.0,0.0,-6.0,66.0,-0.09090909090909091
-1,1,2017-08-04 14:04:00+00:00,2017-08-04 14:05:00+00:00,5882.25,5912.0,5822.75,2017-08-04 19:55:00+00:00,5895.0,tiempo,-25.5,0.0,-25.5,59.5,-0.42857142857142855
1,1,2017-08-07 14:54:00+00:00,2017-08-07 14:55:00+00:00,5920.75,5900.5,5961.25,2017-08-07 19:55:00+00:00,5933.75,tiempo,26.0,0.0,26.0,40.5,0.6419753086419753
1,1,2017-08-08 14:54:00+00:00,2017-08-08 14:55:00+00:00,5938.5,5912.0,5991.5,2017-08-08 19:35:00+00:00,5912.0,stop,-53.0,0.0,-53.0,53.0,-1.0
1,1,2017-08-09 15:54:00+00:00,2017-08-09 15:55:00+00:00,5910.25,5861.75,6007.25,2017-08-09 19:55:00+00:00,5915.5,tiempo,10.5,0.0,10.5,97.0,0.10824742268041238
-1,1,2017-08-10 14:04:00+00:00,2017-08-10 14:05:00+00:00,5845.0,5886.25,5762.5,2017-08-10 19:55:00+00:00,5794.25,tiempo,101.5,0.0,101.5,82.5,1.2303030303030302
1,1,2017-08-11 14:09:00+00:00,2017-08-11 14:10:00+00:00,5824.5,5783.5,5906.5,2017-08-11 19:55:00+00:00,5834.75,tiempo,20.5,0.0,20.5,82.0,0.25
1,1,2017-08-14 14:04:00+00:00,2017-08-14 14:05:00+00:00,5897.5,5877.75,5937.0,2017-08-14 19:55:00+00:00,5913.0,tiempo,31.0,0.0,31.0,39.5,0.7848101265822784
1,1,2017-08-16 16:04:00+00:00,2017-08-16 16:05:00+00:00,5939.0,5907.5,6002.0,2017-08-16 18:22:00+00:00,5907.5,stop,-63.0,0.0,-63.0,63.0,-1.0
-1,1,2017-08-17 14:04:00+00:00,2017-08-17 14:05:00+00:00,5883.5,5907.5,5835.5,2017-08-17 16:55:00+00:00,5835.5,objetivo,96.0,0.0,96.0,48.0,2.0
1,1,2017-08-18 15:54:00+00:00,2017-08-18 15:55:00+00:00,5827.75,5772.5,5938.25,2017-08-18 19:55:00+00:00,5801.5,tiempo,-52.5,0.0,-52.5,110.5,-0.4751131221719457
-1,1,2017-08-21 14:04:00+00:00,2017-08-21 14:05:00+00:00,5776.25,5807.5,5713.75,2017-08-21 19:55:00+00:00,5791.5,tiempo,-30.5,0.0,-30.5,62.5,-0.488
1,1,2017-08-22 14:19:00+00:00,2017-08-22 14:20:00+00:00,5849.75,5816.75,5915.75,2017-08-22 19:55:00+00:00,5880.25,tiempo,61.0,0.0,61.0,66.0,0.9242424242424242
-1,1,2017-08-24 14:09:00+00:00,2017-08-24 14:10:00+00:00,5832.25,5874.25,5748.25,2017-08-24 19:55:00+00:00,5837.75,tiempo,-11.0,0.0,-11.0,84.0,-0.13095238095238096
-1,1,2017-08-25 15:04:00+00:00,2017-08-25 15:05:00+00:00,5827.5,5867.75,5747.0,2017-08-25 19:55:00+00:00,5829.25,tiempo,-3.5,0.0,-3.5,80.5,-0.043478260869565216
1,1,2017-08-28 14:44:00+00:00,2017-08-28 14:45:00+00:00,5845.0,5825.5,5884.0,2017-08-28 19:55:00+00:00,5836.25,tiempo,-17.5,0.0,-17.5,39.0,-0.44871794871794873
1,1,2017-08-29 14:04:00+00:00,2017-08-29 14:05:00+00:00,5825.0,5786.25,5902.5,2017-08-29 19:55:00+00:00,5867.0,tiempo,84.0,0.0,84.0,77.5,1.0838709677419356
1,1,2017-08-30 14:49:00+00:00,2017-08-30 14:50:00+00:00,5904.0,5865.5,5981.0,2017-08-30 19:55:00+00:00,5934.25,tiempo,60.5,0.0,60.5,77.0,0.7857142857142857
1,1,2017-08-31 14:04:00+00:00,2017-08-31 14:05:00+00:00,5970.25,5946.75,6017.25,2017-08-31 19:55:00+00:00,5990.75,tiempo,41.0,0.0,41.0,47.0,0.8723404255319149
-1,1,2017-09-01 14:04:00+00:00,2017-09-01 14:05:00+00:00,5976.75,6013.5,5903.25,2017-09-01 19:55:00+00:00,5993.75,tiempo,-34.0,0.0,-34.0,73.5,-0.46258503401360546
1,1,2017-09-04 14:34:00+00:00,2017-09-04 14:35:00+00:00,5976.0,5963.75,6000.5,2017-09-04 16:59:00+00:00,5979.25,fin_de_datos,6.5,0.0,6.5,24.5,0.2653061224489796
-1,1,2017-09-05 15:19:00+00:00,2017-09-05 15:20:00+00:00,5947.25,5981.75,5878.25,2017-09-05 19:55:00+00:00,5934.75,tiempo,25.0,0.0,25.0,69.0,0.36231884057971014
-1,1,2017-09-06 14:19:00+00:00,2017-09-06 14:20:00+00:00,5928.5,5961.5,5862.5,2017-09-06 19:21:00+00:00,5961.5,stop,-66.0,0.0,-66.0,66.0,-1.0
1,1,2017-09-07 14:44:00+00:00,2017-09-07 14:45:00+00:00,5968.25,5949.0,6006.75,2017-09-07 19:55:00+00:00,5965.75,tiempo,-5.0,0.0,-5.0,38.5,-0.12987012987012986
-1,1,2017-09-08 14:14:00+00:00,2017-09-08 14:15:00+00:00,5939.0,5961.5,5894.0,2017-09-08 19:55:00+00:00,5913.0,tiempo,52.0,0.0,52.0,45.0,1.1555555555555554
-1,1,2017-09-12 14:04:00+00:00,2017-09-12 14:05:00+00:00,5985.5,6012.25,5932.0,2017-09-12 19:55:00+00:00,5998.25,tiempo,-25.5,0.0,-25.5,53.5,-0.4766355140186916
1,1,2017-09-13 14:14:00+00:00,2017-09-13 14:15:00+00:00,6003.0,5983.5,6042.0,2017-09-13 19:55:00+00:00,6010.75,tiempo,15.5,0.0,15.5,39.0,0.3974358974358974
1,1,2017-09-15 14:04:00+00:00,2017-09-15 14:05:00+00:00,5977.75,5961.25,6010.75,2017-09-15 14:54:00+00:00,6010.75,objetivo,66.0,0.0,66.0,33.0,2.0
-1,1,2017-09-18 18:19:00+00:00,2017-09-18 18:20:00+00:00,5985.5,6018.25,5920.0,2017-09-18 19:55:00+00:00,5989.5,tiempo,-8.0,0.0,-8.0,65.5,-0.12213740458015267
1,1,2017-09-19 16:04:00+00:00,2017-09-19 16:05:00+00:00,6001.5,5975.0,6054.5,2017-09-19 19:55:00+00:00,5995.25,tiempo,-12.5,0.0,-12.5,53.0,-0.2358490566037736
-1,1,2017-09-20 14:24:00+00:00,2017-09-20 14:25:00+00:00,5985.0,6000.5,5954.0,2017-09-20 15:09:00+00:00,5954.0,objetivo,62.0,0.0,62.0,31.0,2.0
-1,1,2017-09-21 14:24:00+00:00,2017-09-21 14:25:00+00:00,5921.25,5973.5,5816.75,2017-09-21 19:55:00+00:00,5942.25,tiempo,-42.0,0.0,-42.0,104.5,-0.4019138755980861
-1,1,2017-09-25 14:34:00+00:00,2017-09-25 14:35:00+00:00,5883.25,5911.5,5826.75,2017-09-25 19:55:00+00:00,5866.25,tiempo,34.0,0.0,34.0,56.5,0.6017699115044248
1,1,2017-09-27 18:04:00+00:00,2017-09-27 18:05:00+00:00,5938.25,5917.0,5980.75,2017-09-27 19:55:00+00:00,5948.5,tiempo,20.5,0.0,20.5,42.5,0.4823529411764706
1,1,2017-09-29 14:39:00+00:00,2017-09-29 14:40:00+00:00,5959.5,5936.25,6006.0,2017-09-29 19:55:00+00:00,5983.25,tiempo,47.5,0.0,47.5,46.5,1.021505376344086
1,1,2017-10-02 14:24:00+00:00,2017-10-02 14:25:00+00:00,6008.0,5989.0,6046.0,2017-10-02 15:35:00+00:00,5989.0,stop,-38.0,0.0,-38.0,38.0,-1.0
1,1,2017-10-04 15:29:00+00:00,2017-10-04 15:30:00+00:00,6003.0,5979.5,6050.0,2017-10-04 19:55:00+00:00,6000.0,tiempo,-6.0,0.0,-6.0,47.0,-0.1276595744680851
1,1,2017-10-05 16:19:00+00:00,2017-10-05 16:20:00+00:00,6040.5,6019.25,6083.0,2017-10-05 19:55:00+00:00,6059.5,tiempo,38.0,0.0,38.0,42.5,0.8941176470588236
-1,1,2017-10-09 14:49:00+00:00,2017-10-09 14:50:00+00:00,6067.5,6079.5,6043.5,2017-10-09 19:55:00+00:00,6063.0,tiempo,9.0,0.0,9.0,24.0,0.375
-1,1,2017-10-10 14:14:00+00:00,2017-10-10 14:15:00+00:00,6065.75,6088.5,6020.25,2017-10-10 19:55:00+00:00,6061.75,tiempo,8.0,0.0,8.0,45.5,0.17582417582417584
1,1,2017-10-11 14:09:00+00:00,2017-10-11 14:10:00+00:00,6070.25,6056.0,6098.75,2017-10-11 19:55:00+00:00,6082.75,tiempo,25.0,0.0,25.0,28.5,0.8771929824561403
1,1,2017-10-12 14:24:00+00:00,2017-10-12 14:25:00+00:00,6085.0,6068.25,6118.5,2017-10-12 19:51:00+00:00,6068.25,stop,-33.5,0.0,-33.5,33.5,-1.0
1,1,2017-10-13 14:24:00+00:00,2017-10-13 14:25:00+00:00,6099.0,6090.0,6117.0,2017-10-13 19:55:00+00:00,6095.25,tiempo,-7.5,0.0,-7.5,18.0,-0.4166666666666667
-1,1,2017-10-16 16:19:00+00:00,2017-10-16 16:20:00+00:00,6101.25,6118.25,6067.25,2017-10-16 19:55:00+00:00,6114.5,tiempo,-26.5,0.0,-26.5,34.0,-0.7794117647058824
-1,1,2017-10-17 14:29:00+00:00,2017-10-17 14:30:00+00:00,6106.5,6116.25,6087.0,2017-10-17 15:03:00+00:00,6116.25,stop,-19.5,0.0,-19.5,19.5,-1.0
-1,1,2017-10-18 14:09:00+00:00,2017-10-18 14:10:00+00:00,6112.0,6131.0,6074.0,2017-10-18 19:55:00+00:00,6113.5,tiempo,-3.0,0.0,-3.0,38.0,-0.07894736842105263
-1,1,2017-10-23 14:09:00+00:00,2017-10-23 14:10:00+00:00,6097.5,6122.25,6048.0,2017-10-23 19:55:00+00:00,6065.0,tiempo,65.0,0.0,65.0,49.5,1.3131313131313131
1,1,2017-10-24 15:04:00+00:00,2017-10-24 15:05:00+00:00,6085.75,6057.0,6143.25,2017-10-24 19:55:00+00:00,6078.75,tiempo,-14.0,0.0,-14.0,57.5,-0.24347826086956523
-1,1,2017-10-25 14:44:00+00:00,2017-10-25 14:45:00+00:00,6062.0,6087.5,6011.0,2017-10-25 16:30:00+00:00,6011.0,objetivo,102.0,0.0,102.0,51.0,2.0
-1,1,2017-10-26 14:09:00+00:00,2017-10-26 14:10:00+00:00,6039.5,6063.0,5992.5,2017-10-26 14:45:00+00:00,6063.0,stop,-47.0,0.0,-47.0,47.0,-1.0
1,1,2017-10-27 14:04:00+00:00,2017-10-27 14:05:00+00:00,6163.25,6128.0,6233.75,2017-10-27 19:55:00+00:00,6217.5,tiempo,108.5,0.0,108.5,70.5,1.5390070921985815
1,1,2017-10-30 14:14:00+00:00,2017-10-30 14:15:00+00:00,6239.25,6206.0,6305.75,2017-10-30 16:18:00+00:00,6206.0,stop,-66.5,0.0,-66.5,66.5,-1.0
1,1,2017-10-31 18:04:00+00:00,2017-10-31 18:05:00+00:00,6252.75,6228.5,6301.25,2017-10-31 19:55:00+00:00,6244.25,tiempo,-17.0,0.0,-17.0,48.5,-0.35051546391752575
-1,1,2017-11-01 14:14:00+00:00,2017-11-01 14:15:00+00:00,6257.75,6277.25,6218.75,2017-11-01 19:55:00+00:00,6247.0,tiempo,21.5,0.0,21.5,39.0,0.5512820512820513
-1,1,2017-11-02 14:09:00+00:00,2017-11-02 14:10:00+00:00,6211.25,6242.5,6148.75,2017-11-02 19:55:00+00:00,6237.25,tiempo,-52.0,0.0,-52.0,62.5,-0.832
1,1,2017-11-03 17:09:00+00:00,2017-11-03 17:10:00+00:00,6277.25,6238.25,6355.25,2017-11-03 19:55:00+00:00,6291.0,tiempo,27.5,0.0,27.5,78.0,0.3525641025641026
1,1,2017-11-06 15:24:00+00:00,2017-11-06 15:25:00+00:00,6312.0,6287.0,6362.0,2017-11-06 20:55:00+00:00,6315.5,tiempo,7.0,0.0,7.0,50.0,0.14
-1,1,2017-11-07 15:34:00+00:00,2017-11-07 15:35:00+00:00,6304.75,6326.75,6260.75,2017-11-07 20:55:00+00:00,6315.75,tiempo,-22.0,0.0,-22.0,44.0,-0.5
1,1,2017-11-08 16:04:00+00:00,2017-11-08 16:05:00+00:00,6328.75,6307.75,6370.75,2017-11-08 20:55:00+00:00,6340.75,tiempo,24.0,0.0,24.0,42.0,0.5714285714285714
-1,1,2017-11-09 17:04:00+00:00,2017-11-09 17:05:00+00:00,6272.0,6301.5,6213.0,2017-11-09 20:23:00+00:00,6301.5,stop,-59.0,0.0,-59.0,59.0,-1.0
1,1,2017-11-13 19:39:00+00:00,2017-11-13 19:40:00+00:00,6319.75,6285.0,6389.25,2017-11-13 20:55:00+00:00,6313.75,tiempo,-12.0,0.0,-12.0,69.5,-0.17266187050359713
-1,1,2017-11-14 15:04:00+00:00,2017-11-14 15:05:00+00:00,6264.0,6297.75,6196.5,2017-11-14 15:46:00+00:00,6297.75,stop,-67.5,0.0,-67.5,67.5,-1.0
1,1,2017-11-15 16:24:00+00:00,2017-11-15 16:25:00+00:00,6281.0,6230.75,6381.5,2017-11-15 20:55:00+00:00,6253.5,tiempo,-55.0,0.0,-55.0,100.5,-0.5472636815920398
1,1,2017-11-16 15:04:00+00:00,2017-11-16 15:05:00+00:00,6314.75,6295.0,6354.25,2017-11-16 18:03:00+00:00,6354.25,objetivo,79.0,0.0,79.0,39.5,2.0
-1,1,2017-11-17 15:34:00+00:00,2017-11-17 15:35:00+00:00,6332.5,6349.25,6299.0,2017-11-17 20:55:00+00:00,6320.75,tiempo,23.5,0.0,23.5,33.5,0.7014925373134329
1,1,2017-11-21 15:14:00+00:00,2017-11-21 15:15:00+00:00,6377.0,6340.5,6450.0,2017-11-21 20:55:00+00:00,6377.75,tiempo,1.5,0.0,1.5,73.0,0.02054794520547945
1,1,2017-11-22 19:44:00+00:00,2017-11-22 19:45:00+00:00,6393.0,6375.25,6428.5,2017-11-22 20:55:00+00:00,6392.0,tiempo,-2.0,0.0,-2.0,35.5,-0.056338028169014086
1,1,2017-11-24 15:34:00+00:00,2017-11-24 15:35:00+00:00,6402.75,6392.5,6423.25,2017-11-24 18:14:00+00:00,6414.5,fin_de_datos,23.5,0.0,23.5,20.5,1.146341463414634
-1,1,2017-11-27 16:24:00+00:00,2017-11-27 16:25:00+00:00,6400.0,6419.75,6360.5,2017-11-27 20:55:00+00:00,6410.5,tiempo,-21.0,0.0,-21.0,39.5,-0.5316455696202531
1,1,2017-11-28 18:09:00+00:00,2017-11-28 18:10:00+00:00,6426.25,6410.25,6458.25,2017-11-28 18:53:00+00:00,6410.25,stop,-32.0,0.0,-32.0,32.0,-1.0
-1,1,2017-11-29 15:04:00+00:00,2017-11-29 15:05:00+00:00,6374.0,6418.75,6284.5,2017-11-29 17:04:00+00:00,6284.5,objetivo,179.0,0.0,179.0,89.5,2.0
1,1,2017-11-30 15:34:00+00:00,2017-11-30 15:35:00+00:00,6355.0,6324.25,6416.5,2017-11-30 20:55:00+00:00,6372.0,tiempo,34.0,0.0,34.0,61.5,0.5528455284552846
-1,1,2017-12-01 16:24:00+00:00,2017-12-01 16:25:00+00:00,6292.75,6355.75,6166.75,2017-12-01 20:55:00+00:00,6342.25,tiempo,-99.0,0.0,-99.0,126.0,-0.7857142857142857
-1,1,2017-12-04 15:04:00+00:00,2017-12-04 15:05:00+00:00,6337.5,6385.0,6242.5,2017-12-04 20:55:00+00:00,6266.25,tiempo,142.5,0.0,142.5,95.0,1.5
1,1,2017-12-05 15:49:00+00:00,2017-12-05 15:50:00+00:00,6318.0,6238.75,6476.5,2017-12-05 20:55:00+00:00,6267.25,tiempo,-101.5,0.0,-101.5,158.5,-0.6403785488958991
1,1,2017-12-06 15:09:00+00:00,2017-12-06 15:10:00+00:00,6286.75,6237.75,6384.75,2017-12-06 20:55:00+00:00,6294.0,tiempo,14.5,0.0,14.5,98.0,0.14795918367346939
1,1,2017-12-07 15:39:00+00:00,2017-12-07 15:40:00+00:00,6329.75,6288.75,6411.75,2017-12-07 20:55:00+00:00,6319.0,tiempo,-21.5,0.0,-21.5,82.0,-0.2621951219512195
-1,1,2017-12-08 16:34:00+00:00,2017-12-08 16:35:00+00:00,6344.0,6379.0,6274.0,2017-12-08 20:55:00+00:00,6342.75,tiempo,2.5,0.0,2.5,70.0,0.03571428571428571
1,1,2017-12-14 15:24:00+00:00,2017-12-14 15:25:00+00:00,6435.5,6418.75,6469.0,2017-12-14 18:14:00+00:00,6418.75,stop,-33.5,0.0,-33.5,33.5,-1.0
1,1,2017-12-15 15:19:00+00:00,2017-12-15 15:20:00+00:00,6442.0,6423.5,6479.0,2017-12-15 18:54:00+00:00,6479.0,objetivo,74.0,0.0,74.0,37.0,2.0
1,1,2017-12-18 17:49:00+00:00,2017-12-18 17:50:00+00:00,6541.0,6513.0,6597.0,2017-12-18 20:55:00+00:00,6532.5,tiempo,-17.0,0.0,-17.0,56.0,-0.30357142857142855
-1,1,2017-12-19 15:24:00+00:00,2017-12-19 15:25:00+00:00,6501.5,6531.5,6441.5,2017-12-19 20:55:00+00:00,6499.25,tiempo,4.5,0.0,4.5,60.0,0.075
-1,1,2017-12-20 15:44:00+00:00,2017-12-20 15:45:00+00:00,6465.75,6521.75,6353.75,2017-12-20 20:55:00+00:00,6491.0,tiempo,-50.5,0.0,-50.5,112.0,-0.45089285714285715
1,1,2017-12-21 16:34:00+00:00,2017-12-21 16:35:00+00:00,6509.75,6482.0,6565.25,2017-12-21 20:55:00+00:00,6489.25,tiempo,-41.0,0.0,-41.0,55.5,-0.7387387387387387
-1,1,2017-12-28 15:04:00+00:00,2017-12-28 15:05:00+00:00,6452.75,6467.5,6423.25,2017-12-28 20:55:00+00:00,6450.5,tiempo,4.5,0.0,4.5,29.5,0.15254237288135594
1,1,2018-01-02 15:09:00+00:00,2018-01-02 15:10:00+00:00,6483.0,6426.25,6596.5,2018-01-02 20:55:00+00:00,6520.25,tiempo,74.5,0.0,74.5,113.5,0.6563876651982379
1,1,2018-01-03 15:04:00+00:00,2018-01-03 15:05:00+00:00,6567.0,6526.0,6649.0,2018-01-03 20:55:00+00:00,6588.25,tiempo,42.5,0.0,42.5,82.0,0.5182926829268293
1,1,2018-01-05 15:59:00+00:00,2018-01-05 16:00:00+00:00,6642.75,6614.25,6699.75,2018-01-05 20:55:00+00:00,6663.25,tiempo,41.0,0.0,41.0,57.0,0.7192982456140351
1,1,2018-01-08 15:29:00+00:00,2018-01-08 15:30:00+00:00,6679.25,6658.75,6720.25,2018-01-08 20:55:00+00:00,6686.0,tiempo,13.5,0.0,13.5,41.0,0.32926829268292684
-1,1,2018-01-11 15:34:00+00:00,2018-01-11 15:35:00+00:00,6674.25,6689.75,6643.25,2018-01-11 16:02:00+00:00,6689.75,stop,-31.0,0.0,-31.0,31.0,-1.0
1,1,2018-01-12 15:39:00+00:00,2018-01-12 15:40:00+00:00,6747.0,6703.25,6834.5,2018-01-12 20:55:00+00:00,6770.5,tiempo,47.0,0.0,47.0,87.5,0.5371428571428571
-1,1,2018-01-16 16:59:00+00:00,2018-01-16 17:00:00+00:00,6789.5,6845.75,6677.0,2018-01-16 20:55:00+00:00,6750.5,tiempo,78.0,0.0,78.0,112.5,0.6933333333333334
1,1,2018-01-17 17:39:00+00:00,2018-01-17 17:40:00+00:00,6797.5,6751.5,6889.5,2018-01-17 20:55:00+00:00,6821.0,tiempo,47.0,0.0,47.0,92.0,0.5108695652173914
-1,1,2018-01-18 15:14:00+00:00,2018-01-18 15:15:00+00:00,6797.5,6826.5,6739.5,2018-01-18 16:19:00+00:00,6826.5,stop,-58.0,0.0,-58.0,58.0,-1.0
-1,1,2018-01-19 16:04:00+00:00,2018-01-19 16:05:00+00:00,6814.75,6857.0,6730.25,2018-01-19 20:55:00+00:00,6842.5,tiempo,-55.5,0.0,-55.5,84.5,-0.6568047337278107
1,1,2018-01-22 15:09:00+00:00,2018-01-22 15:10:00+00:00,6864.0,6834.25,6923.5,2018-01-22 20:55:00+00:00,6910.75,tiempo,93.5,0.0,93.5,59.5,1.5714285714285714
1,1,2018-01-23 15:19:00+00:00,2018-01-23 15:20:00+00:00,6964.25,6935.75,7021.25,2018-01-23 20:55:00+00:00,6974.0,tiempo,19.5,0.0,19.5,57.0,0.34210526315789475
1,1,2018-01-24 15:14:00+00:00,2018-01-24 15:15:00+00:00,6998.25,6965.5,7063.75,2018-01-24 16:13:00+00:00,6965.5,stop,-65.5,0.0,-65.5,65.5,-1.0
-1,1,2018-01-25 19:59:00+00:00,2018-01-25 20:00:00+00:00,6915.75,6977.75,6791.75,2018-01-25 20:55:00+00:00,6920.25,tiempo,-9.0,0.0,-9.0,124.0,-0.07258064516129033
1,1,2018-01-26 15:39:00+00:00,2018-01-26 15:40:00+00:00,6978.0,6949.25,7035.5,2018-01-26 20:55:00+00:00,7026.5,tiempo,97.0,0.0,97.0,57.5,1.6869565217391305
-1,1,2018-01-29 15:44:00+00:00,2018-01-29 15:45:00+00:00,6986.25,7021.25,6916.25,2018-01-29 18:06:00+00:00,7021.25,stop,-70.0,0.0,-70.0,70.0,-1.0
-1,1,2018-01-31 16:54:00+00:00,2018-01-31 16:55:00+00:00,6950.25,6991.0,6868.75,2018-01-31 20:55:00+00:00,6954.5,tiempo,-8.5,0.0,-8.5,81.5,-0.10429447852760736
-1,1,2018-02-01 20:39:00+00:00,2018-02-01 20:40:00+00:00,6893.75,6955.0,6771.25,2018-02-01 20:55:00+00:00,6911.5,tiempo,-35.5,0.0,-35.5,122.5,-0.2897959183673469
-1,1,2018-02-02 15:04:00+00:00,2018-02-02 15:05:00+00:00,6817.25,6895.75,6660.25,2018-02-02 20:55:00+00:00,6772.0,tiempo,90.5,0.0,90.5,157.0,0.5764331210191083
1,1,2018-02-05 15:09:00+00:00,2018-02-05 15:10:00+00:00,6765.5,6682.5,6931.5,2018-02-05 19:24:00+00:00,6682.5,stop,-166.0,0.0,-166.0,166.0,-1.0
1,1,2018-02-06 19:59:00+00:00,2018-02-06 20:00:00+00:00,6603.25,6373.75,7062.25,2018-02-06 20:55:00+00:00,6647.25,tiempo,88.0,0.0,88.0,459.0,0.19172113289760348
1,1,2018-02-07 15:09:00+00:00,2018-02-07 15:10:00+00:00,6681.75,6623.5,6798.25,2018-02-07 18:03:00+00:00,6623.5,stop,-116.5,0.0,-116.5,116.5,-1.0
-1,1,2018-02-08 15:44:00+00:00,2018-02-08 15:45:00+00:00,6532.75,6604.25,6389.75,2018-02-08 17:56:00+00:00,6389.75,objetivo,286.0,0.0,286.0,143.0,2.0
-1,1,2018-02-09 15:49:00+00:00,2018-02-09 15:50:00+00:00,6302.0,6424.0,6058.0,2018-02-09 20:46:00+00:00,6424.0,stop,-244.0,0.0,-244.0,244.0,-1.0
1,1,2018-02-12 16:59:00+00:00,2018-02-12 17:00:00+00:00,6526.5,6470.5,6638.5,2018-02-12 20:55:00+00:00,6532.75,tiempo,12.5,0.0,12.5,112.0,0.11160714285714286
1,1,2018-02-13 15:19:00+00:00,2018-02-13 15:20:00+00:00,6521.25,6476.0,6611.75,2018-02-13 20:55:00+00:00,6559.0,tiempo,75.5,0.0,75.5,90.5,0.8342541436464088
1,1,2018-02-14 15:24:00+00:00,2018-02-14 15:25:00+00:00,6604.75,6516.25,6781.75,2018-02-14 20:55:00+00:00,6683.5,tiempo,157.5,0.0,157.5,177.0,0.8898305084745762
-1,1,2018-02-15 15:44:00+00:00,2018-02-15 15:45:00+00:00,6700.25,6754.5,6591.75,2018-02-15 17:39:00+00:00,6754.5,stop,-108.5,0.0,-108.5,108.5,-1.0
-1,1,2018-02-16 19:19:00+00:00,2018-02-16 19:20:00+00:00,6777.0,6825.75,6679.5,2018-02-16 20:55:00+00:00,6791.5,tiempo,-29.0,0.0,-29.0,97.5,-0.29743589743589743
-1,1,2018-02-19 15:09:00+00:00,2018-02-19 15:10:00+00:00,6779.0,6807.25,6722.5,2018-02-19 17:59:00+00:00,6779.75,fin_de_datos,-1.5,0.0,-1.5,56.5,-0.02654867256637168
1,1,2018-02-20 15:14:00+00:00,2018-02-20 15:15:00+00:00,6800.75,6745.0,6912.25,2018-02-20 20:55:00+00:00,6791.5,tiempo,-18.5,0.0,-18.5,111.5,-0.16591928251121077
1,1,2018-02-21 15:19:00+00:00,2018-02-21 15:20:00+00:00,6836.0,6806.25,6895.5,2018-02-21 20:10:00+00:00,6806.25,stop,-59.5,0.0,-59.5,59.5,-1.0
1,1,2018-02-22 15:39:00+00:00,2018-02-22 15:40:00+00:00,6822.0,6782.0,6902.0,2018-02-22 17:50:00+00:00,6782.0,stop,-80.0,0.0,-80.0,80.0,-1.0
-1,1,2018-02-23 15:29:00+00:00,2018-02-23 15:30:00+00:00,6795.25,6825.75,6734.25,2018-02-23 16:02:00+00:00,6825.75,stop,-61.0,0.0,-61.0,61.0,-1.0
1,1,2018-02-26 17:29:00+00:00,2018-02-26 17:30:00+00:00,6965.75,6929.5,7038.25,2018-02-26 20:55:00+00:00,6978.25,tiempo,25.0,0.0,25.0,72.5,0.3448275862068966
1,1,2018-02-27 15:14:00+00:00,2018-02-27 15:15:00+00:00,7001.25,6967.0,7069.75,2018-02-27 15:52:00+00:00,6967.0,stop,-68.5,0.0,-68.5,68.5,-1.0
1,1,2018-02-28 15:19:00+00:00,2018-02-28 15:20:00+00:00,6961.75,6926.5,7032.25,2018-02-28 15:55:00+00:00,6926.5,stop,-70.5,0.0,-70.5,70.5,-1.0
-1,1,2018-03-01 18:04:00+00:00,2018-03-01 18:05:00+00:00,6773.0,6889.25,6540.5,2018-03-01 20:55:00+00:00,6764.5,tiempo,17.0,0.0,17.0,232.5,0.07311827956989247
1,1,2018-03-02 17:54:00+00:00,2018-03-02 17:55:00+00:00,6778.5,6646.0,7043.5,2018-03-02 20:55:00+00:00,6814.5,tiempo,72.0,0.0,72.0,265.0,0.27169811320754716
1,1,2018-03-05 16:24:00+00:00,2018-03-05 16:25:00+00:00,6843.75,6762.0,7007.25,2018-03-05 20:55:00+00:00,6887.5,tiempo,87.5,0.0,87.5,163.5,0.5351681957186545
1,1,2018-03-06 15:29:00+00:00,2018-03-06 15:30:00+00:00,6934.0,6898.0,7006.0,2018-03-06 15:57:00+00:00,6898.0,stop,-72.0,0.0,-72.0,72.0,-1.0
1,1,2018-03-07 15:34:00+00:00,2018-03-07 15:35:00+00:00,6904.5,6856.25,7001.0,2018-03-07 17:04:00+00:00,6856.25,stop,-96.5,0.0,-96.5,96.5,-1.0
-1,1,2018-03-08 18:44:00+00:00,2018-03-08 18:45:00+00:00,6933.75,6971.0,6859.25,2018-03-08 20:06:00+00:00,6971.0,stop,-74.5,0.0,-74.5,74.5,-1.0
1,1,2018-03-09 15:14:00+00:00,2018-03-09 15:15:00+00:00,7037.0,7008.25,7094.5,2018-03-09 20:38:00+00:00,7094.5,objetivo,115.0,0.0,115.0,57.5,2.0
-1,1,2018-03-13 14:59:00+00:00,2018-03-13 15:00:00+00:00,7160.25,7214.5,7051.75,2018-03-13 19:40:00+00:00,7051.75,objetivo,217.0,0.0,217.0,108.5,2.0
-1,1,2018-03-14 15:39:00+00:00,2018-03-14 15:40:00+00:00,7048.0,7111.75,6920.5,2018-03-14 19:55:00+00:00,7067.0,tiempo,-38.0,0.0,-38.0,127.5,-0.2980392156862745
1,1,2018-03-15 14:59:00+00:00,2018-03-15 15:00:00+00:00,7079.0,7038.5,7160.0,2018-03-15 17:57:00+00:00,7038.5,stop,-81.0,0.0,-81.0,81.0,-1.0
-1,1,2018-03-16 15:54:00+00:00,2018-03-16 15:55:00+00:00,7051.5,7084.5,6985.5,2018-03-16 19:55:00+00:00,7053.75,tiempo,-4.5,0.0,-4.5,66.0,-0.06818181818181818
-1,1,2018-03-19 14:44:00+00:00,2018-03-19 14:45:00+00:00,6924.5,6973.5,6826.5,2018-03-19 17:29:00+00:00,6826.5,objetivo,196.0,0.0,196.0,98.0,2.0
-1,1,2018-03-20 15:49:00+00:00,2018-03-20 15:50:00+00:00,6872.5,6918.5,6780.5,2018-03-20 19:05:00+00:00,6918.5,stop,-92.0,0.0,-92.0,92.0,-1.0
1,1,2018-03-21 15:54:00+00:00,2018-03-21 15:55:00+00:00,6923.75,6878.25,7014.75,2018-03-21 18:41:00+00:00,6878.25,stop,-91.0,0.0,-91.0,91.0,-1.0
-1,1,2018-03-22 14:59:00+00:00,2018-03-22 15:00:00+00:00,6758.0,6812.0,6650.0,2018-03-22 19:55:00+00:00,6706.75,tiempo,102.5,0.0,102.5,108.0,0.9490740740740741
-1,1,2018-03-23 18:59:00+00:00,2018-03-23 19:00:00+00:00,6587.25,6721.25,6319.25,2018-03-23 19:55:00+00:00,6523.5,tiempo,127.5,0.0,127.5,268.0,0.47574626865671643
-1,1,2018-03-26 14:44:00+00:00,2018-03-26 14:45:00+00:00,6622.0,6680.0,6506.0,2018-03-26 18:14:00+00:00,6680.0,stop,-116.0,0.0,-116.0,116.0,-1.0
-1,1,2018-03-27 14:14:00+00:00,2018-03-27 14:15:00+00:00,6771.75,6819.75,6675.75,2018-03-27 18:03:00+00:00,6675.75,objetivo,192.0,0.0,192.0,96.0,2.0
-1,1,2018-03-28 14:49:00+00:00,2018-03-28 14:50:00+00:00,6435.5,6541.0,6224.5,2018-03-28 16:13:00+00:00,6541.0,stop,-211.0,0.0,-211.0,211.0,-1.0
1,1,2018-03-29 14:54:00+00:00,2018-03-29 14:55:00+00:00,6549.25,6443.75,6760.25,2018-03-29 19:55:00+00:00,6600.0,tiempo,101.5,0.0,101.5,211.0,0.48104265402843605
-1,1,2018-04-02 14:04:00+00:00,2018-04-02 14:05:00+00:00,6494.75,6570.25,6343.75,2018-04-02 18:00:00+00:00,6343.75,objetivo,302.0,0.0,302.0,151.0,2.0
-1,1,2018-04-03 14:09:00+00:00,2018-04-03 14:10:00+00:00,6386.0,6467.25,6223.5,2018-04-03 15:07:00+00:00,6467.25,stop,-162.5,0.0,-162.5,162.5,-1.0
1,1,2018-04-04 15:19:00+00:00,2018-04-04 15:20:00+00:00,6435.0,6337.25,6630.5,2018-04-04 19:55:00+00:00,6587.25,tiempo,304.5,0.0,304.5,195.5,1.5575447570332481
-1,1,2018-04-05 17:24:00+00:00,2018-04-05 17:25:00+00:00,6582.75,6645.75,6456.75,2018-04-05 19:55:00+00:00,6621.25,tiempo,-77.0,0.0,-77.0,126.0,-0.6111111111111112
-1,1,2018-04-06 17:39:00+00:00,2018-04-06 17:40:00+00:00,6506.75,6599.25,6321.75,2018-04-06 19:55:00+00:00,6459.5,tiempo,94.5,0.0,94.5,185.0,0.5108108108108108
1,1,2018-04-09 14:29:00+00:00,2018-04-09 14:30:00+00:00,6550.75,6482.5,6687.25,2018-04-09 19:55:00+00:00,6501.5,tiempo,-98.5,0.0,-98.5,136.5,-0.7216117216117216
1,1,2018-04-10 18:59:00+00:00,2018-04-10 19:00:00+00:00,6624.5,6543.5,6786.5,2018-04-10 19:55:00+00:00,6629.0,tiempo,9.0,0.0,9.0,162.0,0.05555555555555555
1,1,2018-04-11 14:24:00+00:00,2018-04-11 14:25:00+00:00,6623.0,6586.5,6696.0,2018-04-11 19:23:00+00:00,6586.5,stop,-73.0,0.0,-73.0,73.0,-1.0
1,1,2018-04-12 14:09:00+00:00,2018-04-12 14:10:00+00:00,6675.0,6627.25,6770.5,2018-04-12 19:55:00+00:00,6670.25,tiempo,-9.5,0.0,-9.5,95.5,-0.09947643979057591
-1,1,2018-04-13 14:29:00+00:00,2018-04-13 14:30:00+00:00,6640.5,6713.0,6495.5,2018-04-13 19:55:00+00:00,6642.25,tiempo,-3.5,0.0,-3.5,145.0,-0.02413793103448276
1,1,2018-04-16 16:54:00+00:00,2018-04-16 16:55:00+00:00,6697.75,6644.75,6803.75,2018-04-16 19:55:00+00:00,6693.25,tiempo,-9.0,0.0,-9.0,106.0,-0.08490566037735849
1,1,2018-04-17 14:04:00+00:00,2018-04-17 14:05:00+00:00,6771.5,6740.0,6834.5,2018-04-17 18:49:00+00:00,6834.5,objetivo,126.0,0.0,126.0,63.0,2.0
-1,1,2018-04-18 14:09:00+00:00,2018-04-18 14:10:00+00:00,6813.25,6841.75,6756.25,2018-04-18 15:01:00+00:00,6841.75,stop,-57.0,0.0,-57.0,57.0,-1.0
-1,1,2018-04-19 15:04:00+00:00,2018-04-19 15:05:00+00:00,6782.5,6814.5,6718.5,2018-04-19 19:55:00+00:00,6783.5,tiempo,-2.0,0.0,-2.0,64.0,-0.03125
-1,1,2018-04-20 14:04:00+00:00,2018-04-20 14:05:00+00:00,6717.25,6766.5,6618.75,2018-04-20 19:55:00+00:00,6668.5,tiempo,97.5,0.0,97.5,98.5,0.9898477157360406
1,1,2018-04-23 14:54:00+00:00,2018-04-23 14:55:00+00:00,6707.25,6658.75,6804.25,2018-04-23 18:04:00+00:00,6658.75,stop,-97.0,0.0,-97.0,97.0,-1.0
-1,1,2018-04-24 14:19:00+00:00,2018-04-24 14:20:00+00:00,6629.75,6695.75,6497.75,2018-04-24 17:59:00+00:00,6497.75,objetivo,264.0,0.0,264.0,132.0,2.0
1,1,2018-04-25 15:04:00+00:00,2018-04-25 15:05:00+00:00,6532.0,6442.0,6712.0,2018-04-25 19:55:00+00:00,6509.0,tiempo,-46.0,0.0,-46.0,180.0,-0.25555555555555554
1,1,2018-04-26 14:09:00+00:00,2018-04-26 14:10:00+00:00,6632.25,6581.75,6733.25,2018-04-26 19:55:00+00:00,6655.0,tiempo,45.5,0.0,45.5,101.0,0.4504950495049505
-1,1,2018-04-27 14:29:00+00:00,2018-04-27 14:30:00+00:00,6659.75,6756.5,6466.25,2018-04-27 19:55:00+00:00,6665.75,tiempo,-12.0,0.0,-12.0,193.5,-0.06201550387596899
1,1,2018-04-30 14:04:00+00:00,2018-04-30 14:05:00+00:00,6714.25,6671.75,6799.25,2018-04-30 15:33:00+00:00,6671.75,stop,-85.0,0.0,-85.0,85.0,-1.0
1,1,2018-05-01 14:24:00+00:00,2018-05-01 14:25:00+00:00,6625.5,6578.75,6719.0,2018-05-01 19:55:00+00:00,6686.25,tiempo,121.5,0.0,121.5,93.5,1.2994652406417113
-1,1,2018-05-02 15:44:00+00:00,2018-05-02 15:45:00+00:00,6660.0,6702.25,6575.5,2018-05-02 18:03:00+00:00,6702.25,stop,-84.5,0.0,-84.5,84.5,-1.0
-1,1,2018-05-03 14:24:00+00:00,2018-05-03 14:25:00+00:00,6586.25,6638.5,6481.75,2018-05-03 16:53:00+00:00,6638.5,stop,-104.5,0.0,-104.5,104.5,-1.0
1,1,2018-05-04 14:09:00+00:00,2018-05-04 14:10:00+00:00,6678.75,6610.5,6815.25,2018-05-04 19:55:00+00:00,6764.5,tiempo,171.5,0.0,171.5,136.5,1.2564102564102564
1,1,2018-05-07 15:24:00+00:00,2018-05-07 15:25:00+00:00,6847.0,6797.5,6946.0,2018-05-07 19:55:00+00:00,6821.75,tiempo,-50.5,0.0,-50.5,99.0,-0.51010101010101
-1,1,2018-05-08 18:44:00+00:00,2018-05-08 18:45:00+00:00,6781.5,6823.0,6698.5,2018-05-08 19:55:00+00:00,6810.75,tiempo,-58.5,0.0,-58.5,83.0,-0.7048192771084337
-1,1,2018-05-09 14:54:00+00:00,2018-05-09 14:55:00+00:00,6815.75,6845.5,6756.25,2018-05-09 16:21:00+00:00,6845.5,stop,-59.5,0.0,-59.5,59.5,-1.0
1,1,2018-05-10 14:29:00+00:00,2018-05-10 14:30:00+00:00,6933.75,6911.5,6978.25,2018-05-10 19:55:00+00:00,6960.25,tiempo,53.0,0.0,53.0,44.5,1.1910112359550562
-1,1,2018-05-11 16:29:00+00:00,2018-05-11 16:30:00+00:00,6936.75,6962.5,6885.25,2018-05-11 19:55:00+00:00,6950.25,tiempo,-27.0,0.0,-27.0,51.5,-0.5242718446601942
1,1,2018-05-14 14:19:00+00:00,2018-05-14 14:20:00+00:00,7000.25,6973.75,7053.25,2018-05-14 17:04:00+00:00,6973.75,stop,-53.0,0.0,-53.0,53.0,-1.0
-1,1,2018-05-15 17:59:00+00:00,2018-05-15 18:00:00+00:00,6857.75,6917.25,6738.75,2018-05-15 19:55:00+00:00,6885.5,tiempo,-55.5,0.0,-55.5,119.0,-0.46638655462184875
1,1,2018-05-16 14:34:00+00:00,2018-05-16 14:35:00+00:00,6925.0,6896.5,6982.0,2018-05-16 19:55:00+00:00,6929.75,tiempo,9.5,0.0,9.5,57.0,0.16666666666666666
1,1,2018-05-17 14:04:00+00:00,2018-05-17 14:05:00+00:00,6927.25,6906.25,6969.25,2018-05-17 17:43:00+00:00,6906.25,stop,-42.0,0.0,-42.0,42.0,-1.0
-1,1,2018-05-21 15:29:00+00:00,2018-05-21 15:30:00+00:00,6896.25,6957.0,6774.75,2018-05-21 19:55:00+00:00,6911.75,tiempo,-31.0,0.0,-31.0,121.5,-0.2551440329218107
-1,1,2018-05-22 14:19:00+00:00,2018-05-22 14:20:00+00:00,6913.75,6954.75,6831.75,2018-05-22 19:55:00+00:00,6896.25,tiempo,35.0,0.0,35.0,82.0,0.4268292682926829
1,1,2018-05-23 14:09:00+00:00,2018-05-23 14:10:00+00:00,6887.75,6847.25,6968.75,2018-05-23 19:55:00+00:00,6954.0,tiempo,132.5,0.0,132.5,81.0,1.6358024691358024
-1,1,2018-05-24 14:34:00+00:00,2018-05-24 14:35:00+00:00,6907.0,6968.5,6784.0,2018-05-24 19:32:00+00:00,6968.5,stop,-123.0,0.0,-123.0,123.0,-1.0
1,1,2018-05-29 14:09:00+00:00,2018-05-29 14:10:00+00:00,6967.5,6915.5,7071.5,2018-05-29 15:45:00+00:00,6915.5,stop,-104.0,0.0,-104.0,104.0,-1.0
1,1,2018-05-30 15:14:00+00:00,2018-05-30 15:15:00+00:00,6978.0,6947.0,7040.0,2018-05-30 19:55:00+00:00,6984.75,tiempo,13.5,0.0,13.5,62.0,0.21774193548387097
-1,1,2018-05-31 14:49:00+00:00,2018-05-31 14:50:00+00:00,6963.75,6999.75,6891.75,2018-05-31 15:38:00+00:00,6999.75,stop,-72.0,0.0,-72.0,72.0,-1.0
1,1,2018-06-01 14:24:00+00:00,2018-06-01 14:25:00+00:00,7055.25,7009.25,7147.25,2018-06-01 19:55:00+00:00,7083.0,tiempo,55.5,0.0,55.5,92.0,0.6032608695652174
1,1,2018-06-04 15:59:00+00:00,2018-06-04 16:00:00+00:00,7128.5,7100.0,7185.5,2018-06-04 19:55:00+00:00,7148.0,tiempo,39.0,0.0,39.0,57.0,0.6842105263157895
1,1,2018-06-05 14:04:00+00:00,2018-06-05 14:05:00+00:00,7181.25,7155.5,7232.75,2018-06-05 15:09:00+00:00,7155.5,stop,-51.5,0.0,-51.5,51.5,-1.0
-1,1,2018-06-06 14:04:00+00:00,2018-06-06 14:05:00+00:00,7152.75,7187.25,7083.75,2018-06-06 15:35:00+00:00,7187.25,stop,-69.0,0.0,-69.0,69.0,-1.0
-1,1,2018-06-07 14:09:00+00:00,2018-06-07 14:10:00+00:00,7183.0,7215.5,7118.0,2018-06-07 17:41:00+00:00,7118.0,objetivo,130.0,0.0,130.0,65.0,2.0
1,1,2018-06-08 15:14:00+00:00,2018-06-08 15:15:00+00:00,7143.25,7111.0,7207.75,2018-06-08 19:55:00+00:00,7157.75,tiempo,29.0,0.0,29.0,64.5,0.4496124031007752
1,1,2018-06-11 15:44:00+00:00,2018-06-11 15:45:00+00:00,7201.0,7170.0,7263.0,2018-06-11 19:55:00+00:00,7198.0,tiempo,-6.0,0.0,-6.0,62.0,-0.0967741935483871
1,1,2018-06-12 15:39:00+00:00,2018-06-12 15:40:00+00:00,7221.5,7198.75,7267.0,2018-06-12 19:55:00+00:00,7233.0,tiempo,23.0,0.0,23.0,45.5,0.5054945054945055
1,1,2018-06-13 14:04:00+00:00,2018-06-13 14:05:00+00:00,7256.5,7241.0,7287.5,2018-06-13 15:36:00+00:00,7287.5,objetivo,62.0,0.0,62.0,31.0,2.0
1,1,2018-06-14 14:04:00+00:00,2018-06-14 14:05:00+00:00,7290.75,7261.25,7349.75,2018-06-14 19:55:00+00:00,7302.75,tiempo,24.0,0.0,24.0,59.0,0.4067796610169492
1,1,2018-06-18 14:39:00+00:00,2018-06-18 14:40:00+00:00,7254.75,7208.75,7346.75,2018-06-18 19:55:00+00:00,7276.25,tiempo,43.0,0.0,43.0,92.0,0.4673913043478261
1,1,2018-06-19 17:49:00+00:00,2018-06-19 17:50:00+00:00,7225.25,7178.0,7319.75,2018-06-19 19:55:00+00:00,7248.75,tiempo,47.0,0.0,47.0,94.5,0.4973544973544973
1,1,2018-06-20 15:24:00+00:00,2018-06-20 15:25:00+00:00,7308.5,7283.25,7359.0,2018-06-20 19:55:00+00:00,7306.25,tiempo,-4.5,0.0,-4.5,50.5,-0.0891089108910891
-1,1,2018-06-21 14:09:00+00:00,2018-06-21 14:10:00+00:00,7272.25,7329.75,7157.25,2018-06-21 19:55:00+00:00,7240.0,tiempo,64.5,0.0,64.5,115.0,0.5608695652173913
-1,1,2018-06-22 14:29:00+00:00,2018-06-22 14:30:00+00:00,7206.0,7268.25,7081.5,2018-06-22 19:55:00+00:00,7231.25,tiempo,-50.5,0.0,-50.5,124.5,-0.40562248995983935
-1,1,2018-06-25 14:09:00+00:00,2018-06-25 14:10:00+00:00,7105.0,7169.5,6976.0,2018-06-25 19:55:00+00:00,7065.5,tiempo,79.0,0.0,79.0,129.0,0.6124031007751938
1,1,2018-06-26 16:59:00+00:00,2018-06-26 17:00:00+00:00,7110.25,7061.25,7208.25,2018-06-26 19:55:00+00:00,7088.25,tiempo,-44.0,0.0,-44.0,98.0,-0.4489795918367347
1,1,2018-06-27 14:39:00+00:00,2018-06-27 14:40:00+00:00,7147.25,7106.25,7229.25,2018-06-27 15:06:00+00:00,7106.25,stop,-82.0,0.0,-82.0,82.0,-1.0
1,1,2018-06-28 18:24:00+00:00,2018-06-28 18:25:00+00:00,7044.75,6972.0,7190.25,2018-06-28 19:55:00+00:00,7051.5,tiempo,13.5,0.0,13.5,145.5,0.09278350515463918
1,1,2018-06-29 14:54:00+00:00,2018-06-29 14:55:00+00:00,7114.5,7083.5,7176.5,2018-06-29 16:55:00+00:00,7083.5,stop,-62.0,0.0,-62.0,62.0,-1.0
1,1,2018-07-02 14:04:00+00:00,2018-07-02 14:05:00+00:00,7043.25,6987.5,7154.75,2018-07-02 19:55:00+00:00,7108.75,tiempo,131.0,0.0,131.0,111.5,1.1748878923766817
-1,1,2018-07-03 15:54:00+00:00,2018-07-03 15:55:00+00:00,7085.0,7143.75,6967.5,2018-07-03 17:14:00+00:00,7023.0,fin_de_datos,124.0,0.0,124.0,117.5,1.0553191489361702
-1,1,2018-07-04 14:39:00+00:00,2018-07-04 14:40:00+00:00,7026.0,7047.25,6983.5,2018-07-04 17:00:00+00:00,7042.5,fin_de_datos,-33.0,0.0,-33.0,42.5,-0.7764705882352941
1,1,2018-07-05 16:09:00+00:00,2018-07-05 16:10:00+00:00,7101.5,7076.0,7152.5,2018-07-05 19:55:00+00:00,7122.5,tiempo,42.0,0.0,42.0,51.0,0.8235294117647058
1,1,2018-07-06 14:04:00+00:00,2018-07-06 14:05:00+00:00,7163.25,7123.5,7242.75,2018-07-06 19:55:00+00:00,7223.75,tiempo,121.0,0.0,121.0,79.5,1.5220125786163523
-1,1,2018-07-09 14:14:00+00:00,2018-07-09 14:15:00+00:00,7244.0,7282.0,7168.0,2018-07-09 18:59:00+00:00,7282.0,stop,-76.0,0.0,-76.0,76.0,-1.0
-1,1,2018-07-10 17:39:00+00:00,2018-07-10 17:40:00+00:00,7283.75,7309.0,7233.25,2018-07-10 19:55:00+00:00,7302.25,tiempo,-37.0,0.0,-37.0,50.5,-0.7326732673267327
1,1,2018-07-11 14:04:00+00:00,2018-07-11 14:05:00+00:00,7278.75,7237.75,7360.75,2018-07-11 19:55:00+00:00,7265.25,tiempo,-27.0,0.0,-27.0,82.0,-0.32926829268292684
1,1,2018-07-12 14:04:00+00:00,2018-07-12 14:05:00+00:00,7324.75,7288.25,7397.75,2018-07-12 19:55:00+00:00,7378.5,tiempo,107.5,0.0,107.5,73.0,1.4726027397260273
-1,1,2018-07-16 14:59:00+00:00,2018-07-16 15:00:00+00:00,7376.25,7407.25,7314.25,2018-07-16 19:55:00+00:00,7369.0,tiempo,14.5,0.0,14.5,62.0,0.23387096774193547
1,1,2018-07-17 14:04:00+00:00,2018-07-17 14:05:00+00:00,7341.5,7295.5,7433.5,2018-07-17 19:42:00+00:00,7433.5,objetivo,184.0,0.0,184.0,92.0,2.0
-1,1,2018-07-18 14:19:00+00:00,2018-07-18 14:20:00+00:00,7388.0,7426.75,7310.5,2018-07-18 19:55:00+00:00,7410.0,tiempo,-44.0,0.0,-44.0,77.5,-0.567741935483871
1,1,2018-07-20 14:39:00+00:00,2018-07-20 14:40:00+00:00,7400.75,7377.75,7446.75,2018-07-20 16:12:00+00:00,7377.75,stop,-46.0,0.0,-46.0,46.0,-1.0
1,1,2018-07-23 14:44:00+00:00,2018-07-23 14:45:00+00:00,7356.0,7311.5,7445.0,2018-07-23 19:55:00+00:00,7383.25,tiempo,54.5,0.0,54.5,89.0,0.6123595505617978
-1,1,2018-07-24 16:44:00+00:00,2018-07-24 16:45:00+00:00,7415.25,7487.25,7271.25,2018-07-24 19:55:00+00:00,7417.0,tiempo,-3.5,0.0,-3.5,144.0,-0.024305555555555556
1,1,2018-07-25 15:39:00+00:00,2018-07-25 15:40:00+00:00,7447.5,7416.25,7510.0,2018-07-25 19:49:00+00:00,7510.0,objetivo,125.0,0.0,125.0,62.5,2.0
-1,1,2018-07-27 14:14:00+00:00,2018-07-27 14:15:00+00:00,7392.0,7457.0,7262.0,2018-07-27 19:55:00+00:00,7305.5,tiempo,173.0,0.0,173.0,130.0,1.3307692307692307
-1,1,2018-07-30 15:14:00+00:00,2018-07-30 15:15:00+00:00,7210.5,7308.75,7014.0,2018-07-30 19:55:00+00:00,7201.0,tiempo,19.0,0.0,19.0,196.5,0.09669211195928754
1,1,2018-07-31 16:04:00+00:00,2018-07-31 16:05:00+00:00,7274.0,7219.25,7383.5,2018-07-31 19:55:00+00:00,7238.5,tiempo,-71.0,0.0,-71.0,109.5,-0.6484018264840182
1,1,2018-08-01 14:14:00+00:00,2018-08-01 14:15:00+00:00,7290.75,7253.0,7366.25,2018-08-01 16:25:00+00:00,7253.0,stop,-75.5,0.0,-75.5,75.5,-1.0
1,1,2018-08-02 14:04:00+00:00,2018-08-02 14:05:00+00:00,7271.75,7224.75,7365.75,2018-08-02 17:09:00+00:00,7365.75,objetivo,188.0,0.0,188.0,94.0,2.0
1,1,2018-08-06 15:39:00+00:00,2018-08-06 15:40:00+00:00,7419.75,7387.5,7484.25,2018-08-06 19:55:00+00:00,7443.25,tiempo,47.0,0.0,47.0,64.5,0.7286821705426356
-1,1,2018-08-07 15:34:00+00:00,2018-08-07 15:35:00+00:00,7452.5,7486.75,7384.0,2018-08-07 19:55:00+00:00,7467.25,tiempo,-29.5,0.0,-29.5,68.5,-0.4306569343065693
1,1,2018-08-08 14:54:00+00:00,2018-08-08 14:55:00+00:00,7486.75,7442.5,7575.25,2018-08-08 19:55:00+00:00,7485.5,tiempo,-2.5,0.0,-2.5,88.5,-0.02824858757062147
1,1,2018-08-09 14:09:00+00:00,2018-08-09 14:10:00+00:00,7489.75,7464.75,7539.75,2018-08-09 19:55:00+00:00,7473.25,tiempo,-33.0,0.0,-33.0,50.0,-0.66
-1,1,2018-08-10 14:04:00+00:00,2018-08-10 14:05:00+00:00,7417.0,7446.75,7357.5,2018-08-10 19:55:00+00:00,7418.0,tiempo,-2.0,0.0,-2.0,59.5,-0.03361344537815126
1,1,2018-08-13 14:09:00+00:00,2018-08-13 14:10:00+00:00,7462.0,7427.25,7531.5,2018-08-13 15:32:00+00:00,7427.25,stop,-69.5,0.0,-69.5,69.5,-1.0
-1,1,2018-08-14 14:04:00+00:00,2018-08-14 14:05:00+00:00,7401.25,7445.0,7313.75,2018-08-14 14:50:00+00:00,7445.0,stop,-87.5,0.0,-87.5,87.5,-1.0
-1,1,2018-08-15 14:04:00+00:00,2018-08-15 14:05:00+00:00,7351.75,7418.25,7218.75,2018-08-15 19:55:00+00:00,7364.5,tiempo,-25.5,0.0,-25.5,133.0,-0.19172932330827067
-1,1,2018-08-16 18:34:00+00:00,2018-08-16 18:35:00+00:00,7391.25,7421.75,7330.25,2018-08-16 19:55:00+00:00,7375.25,tiempo,32.0,0.0,32.0,61.0,0.5245901639344263
-1,1,2018-08-17 14:09:00+00:00,2018-08-17 14:10:00+00:00,7343.0,7382.25,7264.5,2018-08-17 18:05:00+00:00,7382.25,stop,-78.5,0.0,-78.5,78.5,-1.0
-1,1,2018-08-20 14:14:00+00:00,2018-08-20 14:15:00+00:00,7357.25,7407.25,7257.25,2018-08-20 19:55:00+00:00,7383.0,tiempo,-51.5,0.0,-51.5,100.0,-0.515
1,1,2018-08-21 15:39:00+00:00,2018-08-21 15:40:00+00:00,7432.0,7398.25,7499.5,2018-08-21 19:55:00+00:00,7407.0,tiempo,-50.0,0.0,-50.0,67.5,-0.7407407407407407
1,1,2018-08-22 14:49:00+00:00,2018-08-22 14:50:00+00:00,7427.0,7388.5,7504.0,2018-08-22 19:55:00+00:00,7437.0,tiempo,20.0,0.0,20.0,77.0,0.2597402597402597
1,1,2018-08-23 14:24:00+00:00,2018-08-23 14:25:00+00:00,7470.0,7422.25,7565.5,2018-08-23 15:19:00+00:00,7422.25,stop,-95.5,0.0,-95.5,95.5,-1.0
1,1,2018-08-24 14:04:00+00:00,2018-08-24 14:05:00+00:00,7469.0,7446.0,7515.0,2018-08-24 19:55:00+00:00,7496.0,tiempo,54.0,0.0,54.0,46.0,1.173913043478261
1,1,2018-08-27 14:04:00+00:00,2018-08-27 14:05:00+00:00,7545.0,7517.75,7599.5,2018-08-27 19:55:00+00:00,7562.5,tiempo,35.0,0.0,35.0,54.5,0.6422018348623854
-1,1,2018-08-28 14:49:00+00:00,2018-08-28 14:50:00+00:00,7570.25,7597.25,7516.25,2018-08-28 19:55:00+00:00,7572.5,tiempo,-4.5,0.0,-4.5,54.0,-0.08333333333333333
1,1,2018-08-29 14:14:00+00:00,2018-08-29 14:15:00+00:00,7614.75,7589.25,7665.75,2018-08-29 19:11:00+00:00,7665.75,objetivo,102.0,0.0,102.0,51.0,2.0
1,1,2018-08-30 14:19:00+00:00,2018-08-30 14:20:00+00:00,7666.25,7642.5,7713.75,2018-08-30 19:00:00+00:00,7642.5,stop,-47.5,0.0,-47.5,47.5,-1.0
1,1,2018-08-31 14:14:00+00:00,2018-08-31 14:15:00+00:00,7680.5,7640.75,7760.0,2018-08-31 18:10:00+00:00,7640.75,stop,-79.5,0.0,-79.5,79.5,-1.0
1,1,2018-09-03 15:34:00+00:00,2018-09-03 15:35:00+00:00,7683.0,7668.5,7712.0,2018-09-03 16:59:00+00:00,7681.25,fin_de_datos,-3.5,0.0,-3.5,29.0,-0.1206896551724138
-1,1,2018-09-05 14:04:00+00:00,2018-09-05 14:05:00+00:00,7553.25,7616.0,7427.75,2018-09-05 19:55:00+00:00,7519.0,tiempo,68.5,0.0,68.5,125.5,0.545816733067729
-1,1,2018-09-06 14:14:00+00:00,2018-09-06 14:15:00+00:00,7472.0,7539.0,7338.0,2018-09-06 19:55:00+00:00,7461.25,tiempo,21.5,0.0,21.5,134.0,0.16044776119402984
1,1,2018-09-07 14:49:00+00:00,2018-09-07 14:50:00+00:00,7484.25,7402.0,7648.75,2018-09-07 19:55:00+00:00,7430.0,tiempo,-108.5,0.0,-108.5,164.5,-0.6595744680851063
-1,1,2018-09-10 14:09:00+00:00,2018-09-10 14:10:00+00:00,7429.0,7476.75,7333.5,2018-09-10 19:55:00+00:00,7447.75,tiempo,-37.5,0.0,-37.5,95.5,-0.39267015706806285
1,1,2018-09-11 15:44:00+00:00,2018-09-11 15:45:00+00:00,7484.5,7404.5,7644.5,2018-09-11 19:55:00+00:00,7510.25,tiempo,51.5,0.0,51.5,160.0,0.321875
-1,1,2018-09-12 14:09:00+00:00,2018-09-12 14:10:00+00:00,7461.25,7506.25,7371.25,2018-09-12 19:55:00+00:00,7493.25,tiempo,-64.0,0.0,-64.0,90.0,-0.7111111111111111
-1,1,2018-09-14 16:04:00+00:00,2018-09-14 16:05:00+00:00,7543.0,7584.25,7460.5,2018-09-14 19:55:00+00:00,7552.5,tiempo,-19.0,0.0,-19.0,82.5,-0.23030303030303031
-1,1,2018-09-17 14:04:00+00:00,2018-09-17 14:05:00+00:00,7516.0,7566.5,7415.0,2018-09-17 19:55:00+00:00,7460.5,tiempo,111.0,0.0,111.0,101.0,1.099009900990099
1,1,2018-09-18 14:14:00+00:00,2018-09-18 14:15:00+00:00,7536.75,7467.25,7675.75,2018-09-18 19:55:00+00:00,7526.25,tiempo,-21.0,0.0,-21.0,139.0,-0.1510791366906475
-1,1,2018-09-19 14:14:00+00:00,2018-09-19 14:15:00+00:00,7480.75,7546.0,7350.25,2018-09-19 19:55:00+00:00,7525.0,tiempo,-88.5,0.0,-88.5,130.5,-0.6781609195402298
1,1,2018-09-20 14:04:00+00:00,2018-09-20 14:05:00+00:00,7598.0,7552.75,7688.5,2018-09-20 19:55:00+00:00,7603.75,tiempo,11.5,0.0,11.5,90.5,0.1270718232044199
-1,1,2018-09-21 14:24:00+00:00,2018-09-21 14:25:00+00:00,7595.75,7634.5,7518.25,2018-09-21 19:55:00+00:00,7564.5,tiempo,62.5,0.0,62.5,77.5,0.8064516129032258
1,1,2018-09-24 14:14:00+00:00,2018-09-24 14:15:00+00:00,7539.0,7473.75,7669.5,2018-09-24 19:55:00+00:00,7577.25,tiempo,76.5,0.0,76.5,130.5,0.5862068965517241
-1,1,2018-09-25 14:59:00+00:00,2018-09-25 15:00:00+00:00,7553.0,7584.5,7490.0,2018-09-25 15:26:00+00:00,7584.5,stop,-63.0,0.0,-63.0,63.0,-1.0
1,1,2018-09-26 15:04:00+00:00,2018-09-26 15:05:00+00:00,7628.75,7592.75,7700.75,2018-09-26 19:48:00+00:00,7592.75,stop,-72.0,0.0,-72.0,72.0,-1.0
1,1,2018-09-27 14:04:00+00:00,2018-09-27 14:05:00+00:00,7668.5,7621.5,7762.5,2018-09-27 19:55:00+00:00,7662.0,tiempo,-13.0,0.0,-13.0,94.0,-0.13829787234042554
1,1,2018-09-28 15:09:00+00:00,2018-09-28 15:10:00+00:00,7665.0,7623.25,7748.5,2018-09-28 19:55:00+00:00,7648.25,tiempo,-33.5,0.0,-33.5,83.5,-0.40119760479041916
-1,1,2018-10-01 16:44:00+00:00,2018-10-01 16:45:00+00:00,7688.5,7725.5,7614.5,2018-10-01 19:55:00+00:00,7671.75,tiempo,33.5,0.0,33.5,74.0,0.4527027027027027
1,1,2018-10-02 14:49:00+00:00,2018-10-02 14:50:00+00:00,7687.0,7635.25,7790.5,2018-10-02 19:55:00+00:00,7658.25,tiempo,-57.5,0.0,-57.5,103.5,-0.5555555555555556
1,1,2018-10-03 14:14:00+00:00,2018-10-03 14:15:00+00:00,7702.25,7676.25,7754.25,2018-10-03 14:55:00+00:00,7676.25,stop,-52.0,0.0,-52.0,52.0,-1.0
-1,1,2018-10-04 14:14:00+00:00,2018-10-04 14:15:00+00:00,7572.5,7632.75,7452.0,2018-10-04 19:55:00+00:00,7518.75,tiempo,107.5,0.0,107.5,120.5,0.8921161825726142
-1,1,2018-10-05 14:49:00+00:00,2018-10-05 14:50:00+00:00,7462.5,7534.75,7318.0,2018-10-05 19:55:00+00:00,7436.0,tiempo,53.0,0.0,53.0,144.5,0.36678200692041524
1,1,2018-10-08 14:14:00+00:00,2018-10-08 14:15:00+00:00,7432.5,7359.25,7579.0,2018-10-08 15:31:00+00:00,7359.25,stop,-146.5,0.0,-146.5,146.5,-1.0
1,1,2018-10-09 14:24:00+00:00,2018-10-09 14:25:00+00:00,7424.75,7361.75,7550.75,2018-10-09 19:55:00+00:00,7403.25,tiempo,-43.0,0.0,-43.0,126.0,-0.3412698412698413
-1,1,2018-10-10 14:04:00+00:00,2018-10-10 14:05:00+00:00,7243.25,7356.25,7017.25,2018-10-10 19:55:00+00:00,7091.5,tiempo,303.5,0.0,303.5,226.0,1.342920353982301
-1,1,2018-10-12 15:44:00+00:00,2018-10-12 15:45:00+00:00,7103.25,7173.25,6963.25,2018-10-12 19:45:00+00:00,7173.25,stop,-140.0,0.0,-140.0,140.0,-1.0
-1,1,2018-10-15 14:14:00+00:00,2018-10-15 14:15:00+00:00,7070.5,7161.0,6889.5,2018-10-15 17:49:00+00:00,7161.0,stop,-181.0,0.0,-181.0,181.0,-1.0
1,1,2018-10-16 14:04:00+00:00,2018-10-16 14:05:00+00:00,7191.25,7151.75,7270.25,2018-10-16 14:33:00+00:00,7151.75,stop,-79.0,0.0,-79.0,79.0,-1.0
-1,1,2018-10-17 14:04:00+00:00,2018-10-17 14:05:00+00:00,7257.5,7335.0,7102.5,2018-10-17 19:55:00+00:00,7290.75,tiempo,-66.5,0.0,-66.5,155.0,-0.4290322580645161
-1,1,2018-10-18 14:09:00+00:00,2018-10-18 14:10:00+00:00,7216.75,7270.5,7109.25,2018-10-18 17:23:00+00:00,7109.25,objetivo,215.0,0.0,215.0,107.5,2.0
1,1,2018-10-19 14:04:00+00:00,2018-10-19 14:05:00+00:00,7237.5,7171.25,7370.0,2018-10-19 15:36:00+00:00,7171.25,stop,-132.5,0.0,-132.5,132.5,-1.0
1,1,2018-10-22 14:49:00+00:00,2018-10-22 14:50:00+00:00,7195.75,7101.25,7384.75,2018-10-22 19:55:00+00:00,7167.75,tiempo,-56.0,0.0,-56.0,189.0,-0.2962962962962963
-1,1,2018-10-23 14:04:00+00:00,2018-10-23 14:05:00+00:00,6970.0,7049.25,6811.5,2018-10-23 16:26:00+00:00,7049.25,stop,-158.5,0.0,-158.5,158.5,-1.0
-1,1,2018-10-24 15:04:00+00:00,2018-10-24 15:05:00+00:00,7027.0,7131.0,6819.0,2018-10-24 19:55:00+00:00,6822.75,tiempo,408.5,0.0,408.5,208.0,1.9639423076923077
1,1,2018-10-25 14:04:00+00:00,2018-10-25 14:05:00+00:00,6991.5,6872.75,7229.0,2018-10-25 19:55:00+00:00,7037.25,tiempo,91.5,0.0,91.5,237.5,0.38526315789473686
1,1,2018-10-26 16:34:00+00:00,2018-10-26 16:35:00+00:00,6907.75,6790.0,7143.25,2018-10-26 19:55:00+00:00,6872.75,tiempo,-70.0,0.0,-70.0,235.5,-0.29723991507430997
-1,1,2018-10-29 15:19:00+00:00,2018-10-29 15:20:00+00:00,6878.25,6969.0,6696.75,2018-10-29 19:08:00+00:00,6696.75,objetivo,363.0,0.0,363.0,181.5,2.0
1,1,2018-10-30 15:49:00+00:00,2018-10-30 15:50:00+00:00,6806.0,6661.0,7096.0,2018-10-30 19:55:00+00:00,6819.0,tiempo,26.0,0.0,26.0,290.0,0.0896551724137931
1,1,2018-10-31 14:04:00+00:00,2018-10-31 14:05:00+00:00,6989.25,6927.25,7113.25,2018-10-31 19:55:00+00:00,6986.5,tiempo,-5.5,0.0,-5.5,124.0,-0.04435483870967742
1,1,2018-11-01 15:14:00+00:00,2018-11-01 15:15:00+00:00,7020.25,6944.25,7172.25,2018-11-01 19:55:00+00:00,7071.0,tiempo,101.5,0.0,101.5,152.0,0.6677631578947368
-1,1,2018-11-02 14:04:00+00:00,2018-11-02 14:05:00+00:00,7017.5,7092.5,6867.5,2018-11-02 19:55:00+00:00,6963.5,tiempo,108.0,0.0,108.0,150.0,0.72
-1,1,2018-11-05 15:04:00+00:00,2018-11-05 15:05:00+00:00,6893.75,6971.25,6738.75,2018-11-05 20:55:00+00:00,6945.5,tiempo,-103.5,0.0,-103.5,155.0,-0.667741935483871
1,1,2018-11-07 15:29:00+00:00,2018-11-07 15:30:00+00:00,7125.5,7061.75,7253.0,2018-11-07 20:55:00+00:00,7198.75,tiempo,146.5,0.0,146.5,127.5,1.1490196078431372
-1,1,2018-11-08 18:29:00+00:00,2018-11-08 18:30:00+00:00,7151.0,7198.0,7057.0,2018-11-08 20:55:00+00:00,7158.5,tiempo,-15.0,0.0,-15.0,94.0,-0.1595744680851064
-1,1,2018-11-09 15:09:00+00:00,2018-11-09 15:10:00+00:00,7064.0,7116.25,6959.5,2018-11-09 20:55:00+00:00,7057.5,tiempo,13.0,0.0,13.0,104.5,0.12440191387559808
-1,1,2018-11-12 15:04:00+00:00,2018-11-12 15:05:00+00:00,6912.75,7009.0,6720.25,2018-11-12 20:55:00+00:00,6830.25,tiempo,165.0,0.0,165.0,192.5,0.8571428571428571
-1,1,2018-11-13 15:04:00+00:00,2018-11-13 15:05:00+00:00,6848.25,6920.5,6703.75,2018-11-13 16:02:00+00:00,6920.5,stop,-144.5,0.0,-144.5,144.5,-1.0
-1,1,2018-11-14 18:44:00+00:00,2018-11-14 18:45:00+00:00,6765.0,6929.5,6436.0,2018-11-14 20:55:00+00:00,6782.0,tiempo,-34.0,0.0,-34.0,329.0,-0.1033434650455927
-1,1,2018-11-15 15:34:00+00:00,2018-11-15 15:35:00+00:00,6721.75,6811.25,6542.75,2018-11-15 16:24:00+00:00,6811.25,stop,-179.0,0.0,-179.0,179.0,-1.0
1,1,2018-11-16 15:34:00+00:00,2018-11-16 15:35:00+00:00,6890.5,6807.5,7056.5,2018-11-16 20:55:00+00:00,6890.0,tiempo,-1.0,0.0,-1.0,166.0,-0.006024096385542169
-1,1,2018-11-19 15:04:00+00:00,2018-11-19 15:05:00+00:00,6777.0,6852.5,6626.0,2018-11-19 20:55:00+00:00,6640.25,tiempo,273.5,0.0,273.5,151.0,1.8112582781456954
-1,1,2018-11-20 15:14:00+00:00,2018-11-20 15:15:00+00:00,6453.25,6558.0,6243.75,2018-11-20 15:38:00+00:00,6558.0,stop,-209.5,0.0,-209.5,209.5,-1.0
-1,1,2018-11-22 15:29:00+00:00,2018-11-22 15:30:00+00:00,6520.0,6554.75,6450.5,2018-11-22 17:59:00+00:00,6521.0,fin_de_datos,-2.0,0.0,-2.0,69.5,-0.02877697841726619
1,1,2018-11-26 19:34:00+00:00,2018-11-26 19:35:00+00:00,6670.25,6598.75,6813.25,2018-11-26 20:55:00+00:00,6681.25,tiempo,22.0,0.0,22.0,143.0,0.15384615384615385
1,1,2018-11-27 15:09:00+00:00,2018-11-27 15:10:00+00:00,6679.0,6613.25,6810.5,2018-11-27 20:55:00+00:00,6699.25,tiempo,40.5,0.0,40.5,131.5,0.30798479087452474
1,1,2018-11-28 17:04:00+00:00,2018-11-28 17:05:00+00:00,6796.25,6733.25,6922.25,2018-11-28 20:55:00+00:00,6914.5,tiempo,236.5,0.0,236.5,126.0,1.876984126984127
-1,1,2018-11-29 15:29:00+00:00,2018-11-29 15:30:00+00:00,6865.0,6911.25,6772.5,2018-11-29 18:49:00+00:00,6911.25,stop,-92.5,0.0,-92.5,92.5,-1.0
1,1,2018-11-30 15:34:00+00:00,2018-11-30 15:35:00+00:00,6923.5,6872.5,7025.5,2018-11-30 20:55:00+00:00,6931.0,tiempo,15.0,0.0,15.0,102.0,0.14705882352941177
-1,1,2018-12-03 16:59:00+00:00,2018-12-03 17:00:00+00:00,7030.25,7107.75,6875.25,2018-12-03 20:55:00+00:00,7048.75,tiempo,-37.0,0.0,-37.0,155.0,-0.23870967741935484
-1,1,2018-12-04 16:59:00+00:00,2018-12-04 17:00:00+00:00,6993.5,7046.75,6887.0,2018-12-04 17:30:00+00:00,6887.0,objetivo,213.0,0.0,213.0,106.5,2.0
1,1,2018-12-06 17:19:00+00:00,2018-12-06 17:20:00+00:00,6743.0,6643.75,6941.5,2018-12-06 20:55:00+00:00,6832.25,tiempo,178.5,0.0,178.5,198.5,0.8992443324937027
-1,1,2018-12-07 15:19:00+00:00,2018-12-07 15:20:00+00:00,6757.25,6852.0,6567.75,2018-12-07 20:55:00+00:00,6622.0,tiempo,270.5,0.0,270.5,189.5,1.4274406332453826
-1,1,2018-12-10 15:54:00+00:00,2018-12-10 15:55:00+00:00,6575.25,6672.5,6380.75,2018-12-10 18:53:00+00:00,6672.5,stop,-194.5,0.0,-194.5,194.5,-1.0
-1,1,2018-12-11 18:54:00+00:00,2018-12-11 18:55:00+00:00,6663.75,6796.0,6399.25,2018-12-11 20:55:00+00:00,6722.75,tiempo,-118.0,0.0,-118.0,264.5,-0.44612476370510395
1,1,2018-12-12 15:14:00+00:00,2018-12-12 15:15:00+00:00,6832.5,6779.0,6939.5,2018-12-12 19:50:00+00:00,6779.0,stop,-107.0,0.0,-107.0,107.0,-1.0
-1,1,2018-12-13 15:54:00+00:00,2018-12-13 15:55:00+00:00,6762.75,6832.75,6622.75,2018-12-13 20:55:00+00:00,6765.75,tiempo,-6.0,0.0,-6.0,140.0,-0.04285714285714286
1,1,2018-12-14 15:04:00+00:00,2018-12-14 15:05:00+00:00,6703.75,6654.75,6801.75,2018-12-14 16:52:00+00:00,6654.75,stop,-98.0,0.0,-98.0,98.0,-1.0
1,1,2018-12-18 17:09:00+00:00,2018-12-18 17:10:00+00:00,6552.0,6507.75,6640.5,2018-12-18 19:43:00+00:00,6507.75,stop,-88.5,0.0,-88.5,88.5,-1.0
1,1,2018-12-19 17:09:00+00:00,2018-12-19 17:10:00+00:00,6587.75,6493.0,6777.25,2018-12-19 19:04:00+00:00,6493.0,stop,-189.5,0.0,-189.5,189.5,-1.0
1,1,2018-12-20 15:09:00+00:00,2018-12-20 15:10:00+00:00,6394.75,6319.0,6546.25,2018-12-20 16:09:00+00:00,6319.0,stop,-151.5,0.0,-151.5,151.5,-1.0
-1,1,2018-12-21 15:04:00+00:00,2018-12-21 15:05:00+00:00,6241.75,6312.5,6100.25,2018-12-21 15:16:00+00:00,6312.5,stop,-141.5,0.0,-141.5,141.5,-1.0
-1,1,2018-12-24 17:59:00+00:00,2018-12-24 18:00:00+00:00,5912.0,6066.75,5602.5,2018-12-24 18:14:00+00:00,5894.0,fin_de_datos,36.0,0.0,36.0,309.5,0.11631663974151858
1,1,2018-12-26 16:59:00+00:00,2018-12-26 17:00:00+00:00,6068.25,5975.5,6253.75,2018-12-26 20:54:00+00:00,6253.75,objetivo,371.0,0.0,371.0,185.5,2.0
-1,1,2018-12-27 15:19:00+00:00,2018-12-27 15:20:00+00:00,6123.25,6228.25,5913.25,2018-12-27 20:29:00+00:00,6228.25,stop,-210.0,0.0,-210.0,210.0,-1.0
-1,1,2018-12-28 15:24:00+00:00,2018-12-28 15:25:00+00:00,6282.5,6348.75,6150.0,2018-12-28 19:06:00+00:00,6348.75,stop,-132.5,0.0,-132.5,132.5,-1.0
-1,1,2018-12-31 15:14:00+00:00,2018-12-31 15:15:00+00:00,6327.0,6376.75,6227.5,2018-12-31 20:55:00+00:00,6303.5,tiempo,47.0,0.0,47.0,99.5,0.4723618090452261
1,1,2019-01-02 15:09:00+00:00,2019-01-02 15:10:00+00:00,6296.25,6205.5,6477.75,2019-01-02 20:55:00+00:00,6357.75,tiempo,123.0,0.0,123.0,181.5,0.6776859504132231
-1,1,2019-01-03 15:39:00+00:00,2019-01-03 15:40:00+00:00,6182.75,6304.25,5939.75,2019-01-03 20:55:00+00:00,6167.5,tiempo,30.5,0.0,30.5,243.0,0.12551440329218108
1,1,2019-01-04 15:04:00+00:00,2019-01-04 15:05:00+00:00,6313.75,6241.5,6458.25,2019-01-04 18:31:00+00:00,6458.25,objetivo,289.0,0.0,289.0,144.5,2.0
1,1,2019-01-07 15:34:00+00:00,2019-01-07 15:35:00+00:00,6476.25,6422.25,6584.25,2019-01-07 20:55:00+00:00,6506.25,tiempo,60.0,0.0,60.0,108.0,0.5555555555555556
-1,1,2019-01-08 15:44:00+00:00,2019-01-08 15:45:00+00:00,6493.5,6586.25,6308.0,2019-01-08 20:55:00+00:00,6563.0,tiempo,-139.0,0.0,-139.0,185.5,-0.7493261455525606
1,1,2019-01-09 16:54:00+00:00,2019-01-09 16:55:00+00:00,6624.25,6569.0,6734.75,2019-01-09 20:55:00+00:00,6600.25,tiempo,-48.0,0.0,-48.0,110.5,-0.4343891402714932
1,1,2019-01-10 15:29:00+00:00,2019-01-10 15:30:00+00:00,6584.0,6527.5,6697.0,2019-01-10 20:55:00+00:00,6636.75,tiempo,105.5,0.0,105.5,113.0,0.9336283185840708
1,1,2019-01-14 15:34:00+00:00,2019-01-14 15:35:00+00:00,6562.0,6521.5,6643.0,2019-01-14 20:55:00+00:00,6546.0,tiempo,-32.0,0.0,-32.0,81.0,-0.3950617283950617
1,1,2019-01-15 15:04:00+00:00,2019-01-15 15:05:00+00:00,6666.25,6576.0,6846.75,2019-01-15 20:55:00+00:00,6675.5,tiempo,18.5,0.0,18.5,180.5,0.10249307479224377
1,1,2019-01-17 16:34:00+00:00,2019-01-17 16:35:00+00:00,6696.25,6644.25,6800.25,2019-01-17 20:55:00+00:00,6718.75,tiempo,45.0,0.0,45.0,104.0,0.4326923076923077
1,1,2019-01-18 15:49:00+00:00,2019-01-18 15:50:00+00:00,6788.75,6739.5,6887.25,2019-01-18 20:55:00+00:00,6777.25,tiempo,-23.0,0.0,-23.0,98.5,-0.233502538071066
-1,1,2019-01-22 15:14:00+00:00,2019-01-22 15:15:00+00:00,6712.0,6748.75,6638.5,2019-01-22 19:29:00+00:00,6638.5,objetivo,147.0,0.0,147.0,73.5,2.0
-1,1,2019-01-23 16:44:00+00:00,2019-01-23 16:45:00+00:00,6637.5,6723.0,6466.5,2019-01-23 20:55:00+00:00,6652.5,tiempo,-30.0,0.0,-30.0,171.0,-0.17543859649122806
1,1,2019-01-24 15:19:00+00:00,2019-01-24 15:20:00+00:00,6711.0,6672.75,6787.5,2019-01-24 16:12:00+00:00,6672.75,stop,-76.5,0.0,-76.5,76.5,-1.0
1,1,2019-01-25 15:04:00+00:00,2019-01-25 15:05:00+00:00,6774.75,6739.0,6846.25,2019-01-25 20:55:00+00:00,6783.75,tiempo,18.0,0.0,18.0,71.5,0.2517482517482518
-1,1,2019-01-29 15:44:00+00:00,2019-01-29 15:45:00+00:00,6664.75,6709.75,6574.75,2019-01-29 20:55:00+00:00,6634.0,tiempo,61.5,0.0,61.5,90.0,0.6833333333333333
1,1,2019-01-30 17:14:00+00:00,2019-01-30 17:15:00+00:00,6742.5,6706.75,6814.0,2019-01-30 19:46:00+00:00,6814.0,objetivo,143.0,0.0,143.0,71.5,2.0
1,1,2019-01-31 15:04:00+00:00,2019-01-31 15:05:00+00:00,6884.25,6840.25,6972.25,2019-01-31 20:55:00+00:00,6911.0,tiempo,53.5,0.0,53.5,88.0,0.6079545454545454
1,1,2019-02-01 15:14:00+00:00,2019-02-01 15:15:00+00:00,6915.75,6871.25,7004.75,2019-02-01 18:46:00+00:00,6871.25,stop,-89.0,0.0,-89.0,89.0,-1.0
1,1,2019-02-04 15:14:00+00:00,2019-02-04 15:15:00+00:00,6919.5,6873.5,7011.5,2019-02-04 20:55:00+00:00,6949.75,tiempo,60.5,0.0,60.5,92.0,0.657608695652174
1,1,2019-02-05 15:34:00+00:00,2019-02-05 15:35:00+00:00,7018.75,6969.5,7117.25,2019-02-05 20:55:00+00:00,7021.25,tiempo,5.0,0.0,5.0,98.5,0.050761421319796954
-1,1,2019-02-06 15:14:00+00:00,2019-02-06 15:15:00+00:00,6980.25,7038.75,6863.25,2019-02-06 20:55:00+00:00,7007.25,tiempo,-54.0,0.0,-54.0,117.0,-0.46153846153846156
-1,1,2019-02-07 15:59:00+00:00,2019-02-07 16:00:00+00:00,6911.5,6943.0,6848.5,2019-02-07 20:55:00+00:00,6902.25,tiempo,18.5,0.0,18.5,63.0,0.29365079365079366
1,1,2019-02-08 18:14:00+00:00,2019-02-08 18:15:00+00:00,6887.5,6846.25,6970.0,2019-02-08 20:55:00+00:00,6900.5,tiempo,26.0,0.0,26.0,82.5,0.3151515151515151
-1,1,2019-02-11 19:49:00+00:00,2019-02-11 19:50:00+00:00,6901.0,6964.5,6774.0,2019-02-11 20:55:00+00:00,6921.25,tiempo,-40.5,0.0,-40.5,127.0,-0.3188976377952756
1,1,2019-02-12 15:04:00+00:00,2019-02-12 15:05:00+00:00,6990.75,6954.0,7064.25,2019-02-12 20:55:00+00:00,7019.0,tiempo,56.5,0.0,56.5,73.5,0.7687074829931972
-1,1,2019-02-13 16:29:00+00:00,2019-02-13 16:30:00+00:00,7033.0,7069.75,6959.5,2019-02-13 20:55:00+00:00,7018.25,tiempo,29.5,0.0,29.5,73.5,0.4013605442176871
1,1,2019-02-18 15:19:00+00:00,2019-02-18 15:20:00+00:00,7073.0,7063.75,7091.5,2019-02-18 17:59:00+00:00,7080.75,fin_de_datos,15.5,0.0,15.5,18.5,0.8378378378378378
1,1,2019-02-19 16:49:00+00:00,2019-02-19 16:50:00+00:00,7085.5,7035.75,7185.0,2019-02-19 20:55:00+00:00,7076.0,tiempo,-19.0,0.0,-19.0,99.5,-0.19095477386934673
1,1,2019-02-20 15:29:00+00:00,2019-02-20 15:30:00+00:00,7097.25,7075.0,7141.75,2019-02-20 17:06:00+00:00,7075.0,stop,-44.5,0.0,-44.5,44.5,-1.0
-1,1,2019-02-21 15:14:00+00:00,2019-02-21 15:15:00+00:00,7010.75,7066.25,6899.75,2019-02-21 17:33:00+00:00,7066.25,stop,-111.0,0.0,-111.0,111.0,-1.0
1,1,2019-02-22 15:49:00+00:00,2019-02-22 15:50:00+00:00,7081.25,7054.25,7135.25,2019-02-22 20:55:00+00:00,7082.75,tiempo,3.0,0.0,3.0,54.0,0.05555555555555555
1,1,2019-02-26 15:04:00+00:00,2019-02-26 15:05:00+00:00,7131.25,7091.0,7211.75,2019-02-26 20:55:00+00:00,7131.0,tiempo,-0.5,0.0,-0.5,80.5,-0.006211180124223602
-1,1,2019-02-27 15:04:00+00:00,2019-02-27 15:05:00+00:00,7081.0,7119.0,7005.0,2019-02-27 18:23:00+00:00,7119.0,stop,-76.0,0.0,-76.0,76.0,-1.0
1,1,2019-02-28 17:19:00+00:00,2019-02-28 17:20:00+00:00,7124.25,7093.75,7185.25,2019-02-28 20:55:00+00:00,7103.5,tiempo,-41.5,0.0,-41.5,61.0,-0.680327868852459
-1,1,2019-03-01 15:19:00+00:00,2019-03-01 15:20:00+00:00,7136.25,7162.0,7084.75,2019-03-01 19:29:00+00:00,7162.0,stop,-51.5,0.0,-51.5,51.5,-1.0
-1,1,2019-03-04 15:59:00+00:00,2019-03-04 16:00:00+00:00,7174.0,7211.5,7099.0,2019-03-04 16:55:00+00:00,7099.0,objetivo,150.0,0.0,150.0,75.0,2.0
1,1,2019-03-05 16:39:00+00:00,2019-03-05 16:40:00+00:00,7175.5,7124.25,7278.0,2019-03-05 20:55:00+00:00,7176.0,tiempo,1.0,0.0,1.0,102.5,0.00975609756097561
-1,1,2019-03-06 15:24:00+00:00,2019-03-06 15:25:00+00:00,7134.75,7168.0,7068.25,2019-03-06 20:55:00+00:00,7119.75,tiempo,30.0,0.0,30.0,66.5,0.45112781954887216
-1,1,2019-03-07 15:19:00+00:00,2019-03-07 15:20:00+00:00,7029.75,7101.75,6885.75,2019-03-07 20:55:00+00:00,7015.5,tiempo,28.5,0.0,28.5,144.0,0.19791666666666666
1,1,2019-03-08 19:54:00+00:00,2019-03-08 19:55:00+00:00,7007.5,6943.75,7135.0,2019-03-08 20:55:00+00:00,7012.75,tiempo,10.5,0.0,10.5,127.5,0.08235294117647059
1,1,2019-03-11 14:04:00+00:00,2019-03-11 14:05:00+00:00,7129.75,7072.5,7244.25,2019-03-11 19:55:00+00:00,7189.0,tiempo,118.5,0.0,118.5,114.5,1.034934497816594
1,1,2019-03-12 14:34:00+00:00,2019-03-12 14:35:00+00:00,7228.0,7192.0,7300.0,2019-03-12 19:55:00+00:00,7230.5,tiempo,5.0,0.0,5.0,72.0,0.06944444444444445
1,1,2019-03-13 14:54:00+00:00,2019-03-13 14:55:00+00:00,7289.0,7258.0,7351.0,2019-03-13 19:55:00+00:00,7289.75,tiempo,1.5,0.0,1.5,62.0,0.024193548387096774
-1,1,2019-03-14 14:14:00+00:00,2019-03-14 14:15:00+00:00,7270.5,7294.5,7222.5,2019-03-14 16:03:00+00:00,7294.5,stop,-48.0,0.0,-48.0,48.0,-1.0
1,1,2019-03-15 15:19:00+00:00,2019-03-15 15:20:00+00:00,7337.25,7294.0,7423.75,2019-03-15 19:55:00+00:00,7326.25,tiempo,-22.0,0.0,-22.0,86.5,-0.2543352601156069
1,1,2019-03-18 14:04:00+00:00,2019-03-18 14:05:00+00:00,7369.75,7335.25,7438.75,2019-03-18 15:27:00+00:00,7335.25,stop,-69.0,0.0,-69.0,69.0,-1.0
1,1,2019-03-19 15:49:00+00:00,2019-03-19 15:50:00+00:00,7403.75,7375.5,7460.25,2019-03-19 16:49:00+00:00,7375.5,stop,-56.5,0.0,-56.5,56.5,-1.0
-1,1,2019-03-20 16:39:00+00:00,2019-03-20 16:40:00+00:00,7357.25,7384.5,7302.75,2019-03-20 18:00:00+00:00,7384.5,stop,-54.5,0.0,-54.5,54.5,-1.0
1,1,2019-03-21 14:29:00+00:00,2019-03-21 14:30:00+00:00,7453.5,7387.0,7586.5,2019-03-21 19:55:00+00:00,7525.0,tiempo,143.0,0.0,143.0,133.0,1.0751879699248121
-1,1,2019-03-22 15:04:00+00:00,2019-03-22 15:05:00+00:00,7437.75,7513.25,7286.75,2019-03-22 19:55:00+00:00,7369.25,tiempo,137.0,0.0,137.0,151.0,0.9072847682119205
-1,1,2019-03-26 18:29:00+00:00,2019-03-26 18:30:00+00:00,7351.75,7441.75,7171.75,2019-03-26 19:55:00+00:00,7362.25,tiempo,-21.0,0.0,-21.0,180.0,-0.11666666666666667
-1,1,2019-03-27 14:44:00+00:00,2019-03-27 14:45:00+00:00,7359.0,7404.75,7267.5,2019-03-27 19:55:00+00:00,7331.25,tiempo,55.5,0.0,55.5,91.5,0.6065573770491803
1,1,2019-03-28 14:04:00+00:00,2019-03-28 14:05:00+00:00,7369.75,7322.5,7464.25,2019-03-28 15:06:00+00:00,7322.5,stop,-94.5,0.0,-94.5,94.5,-1.0
-1,1,2019-04-01 14:09:00+00:00,2019-04-01 14:10:00+00:00,7454.25,7483.0,7396.75,2019-04-01 15:08:00+00:00,7483.0,stop,-57.5,0.0,-57.5,57.5,-1.0
1,1,2019-04-02 14:29:00+00:00,2019-04-02 14:30:00+00:00,7514.75,7488.5,7567.25,2019-04-02 19:55:00+00:00,7530.0,tiempo,30.5,0.0,30.5,52.5,0.580952380952381
1,1,2019-04-03 14:24:00+00:00,2019-04-03 14:25:00+00:00,7578.5,7554.25,7627.0,2019-04-03 19:11:00+00:00,7554.25,stop,-48.5,0.0,-48.5,48.5,-1.0
-1,1,2019-04-04 14:24:00+00:00,2019-04-04 14:25:00+00:00,7557.5,7598.0,7476.5,2019-04-04 19:55:00+00:00,7565.25,tiempo,-15.5,0.0,-15.5,81.0,-0.19135802469135801
1,1,2019-04-05 14:09:00+00:00,2019-04-05 14:10:00+00:00,7605.25,7577.25,7661.25,2019-04-05 19:55:00+00:00,7598.0,tiempo,-14.5,0.0,-14.5,56.0,-0.25892857142857145
1,1,2019-04-08 15:34:00+00:00,2019-04-08 15:35:00+00:00,7603.5,7561.25,7688.0,2019-04-08 19:55:00+00:00,7626.25,tiempo,45.5,0.0,45.5,84.5,0.5384615384615384
1,1,2019-04-10 14:49:00+00:00,2019-04-10 14:50:00+00:00,7625.75,7596.0,7685.25,2019-04-10 19:55:00+00:00,7630.0,tiempo,8.5,0.0,8.5,59.5,0.14285714285714285
-1,1,2019-04-11 17:39:00+00:00,2019-04-11 17:40:00+00:00,7614.0,7648.5,7545.0,2019-04-11 19:55:00+00:00,7613.5,tiempo,1.0,0.0,1.0,69.0,0.014492753623188406
-1,1,2019-04-15 14:14:00+00:00,2019-04-15 14:15:00+00:00,7633.75,7659.0,7583.25,2019-04-15 19:55:00+00:00,7649.25,tiempo,-31.0,0.0,-31.0,50.5,-0.6138613861386139
1,1,2019-04-16 14:14:00+00:00,2019-04-16 14:15:00+00:00,7691.5,7668.25,7738.0,2019-04-16 19:32:00+00:00,7668.25,stop,-46.5,0.0,-46.5,46.5,-1.0
-1,1,2019-04-17 14:04:00+00:00,2019-04-17 14:05:00+00:00,7686.75,7733.5,7593.25,2019-04-17 19:55:00+00:00,7701.75,tiempo,-30.0,0.0,-30.0,93.5,-0.32085561497326204
1,1,2019-04-22 14:04:00+00:00,2019-04-22 14:05:00+00:00,7706.25,7671.0,7776.75,2019-04-22 19:55:00+00:00,7732.25,tiempo,52.0,0.0,52.0,70.5,0.7375886524822695
1,1,2019-04-23 14:04:00+00:00,2019-04-23 14:05:00+00:00,7791.75,7739.5,7896.25,2019-04-23 19:55:00+00:00,7826.0,tiempo,68.5,0.0,68.5,104.5,0.6555023923444976
-1,1,2019-04-24 16:59:00+00:00,2019-04-24 17:00:00+00:00,7810.25,7843.5,7743.75,2019-04-24 19:55:00+00:00,7814.0,tiempo,-7.5,0.0,-7.5,66.5,-0.11278195488721804
-1,1,2019-04-25 14:14:00+00:00,2019-04-25 14:15:00+00:00,7809.0,7864.75,7697.5,2019-04-25 19:55:00+00:00,7841.25,tiempo,-64.5,0.0,-64.5,111.5,-0.57847533632287
1,1,2019-04-29 16:54:00+00:00,2019-04-29 16:55:00+00:00,7860.25,7830.5,7919.75,2019-04-29 19:55:00+00:00,7849.0,tiempo,-22.5,0.0,-22.5,59.5,-0.37815126050420167
-1,1,2019-04-30 14:39:00+00:00,2019-04-30 14:40:00+00:00,7774.0,7806.75,7708.5,2019-04-30 19:55:00+00:00,7792.0,tiempo,-36.0,0.0,-36.0,65.5,-0.549618320610687
1,1,2019-05-01 15:44:00+00:00,2019-05-01 15:45:00+00:00,7864.75,7831.25,7931.75,2019-05-01 16:41:00+00:00,7831.25,stop,-67.0,0.0,-67.0,67.0,-1.0
1,1,2019-05-02 14:04:00+00:00,2019-05-02 14:05:00+00:00,7790.0,7753.75,7862.5,2019-05-02 15:20:00+00:00,7753.75,stop,-72.5,0.0,-72.5,72.5,-1.0
1,1,2019-05-03 14:04:00+00:00,2019-05-03 14:05:00+00:00,7813.25,7782.5,7874.75,2019-05-03 19:55:00+00:00,7858.25,tiempo,90.0,0.0,90.0,61.5,1.4634146341463414
1,1,2019-05-06 14:19:00+00:00,2019-05-06 14:20:00+00:00,7759.5,7676.0,7926.5,2019-05-06 19:55:00+00:00,7808.25,tiempo,97.5,0.0,97.5,167.0,0.5838323353293413
-1,1,2019-05-07 14:04:00+00:00,2019-05-07 14:05:00+00:00,7689.0,7752.5,7562.0,2019-05-07 19:55:00+00:00,7634.5,tiempo,109.0,0.0,109.0,127.0,0.8582677165354331
-1,1,2019-05-09 14:04:00+00:00,2019-05-09 14:05:00+00:00,7501.5,7565.5,7373.5,2019-05-09 16:30:00+00:00,7565.5,stop,-128.0,0.0,-128.0,128.0,-1.0
-1,1,2019-05-10 14:14:00+00:00,2019-05-10 14:15:00+00:00,7521.0,7588.25,7386.5,2019-05-10 19:02:00+00:00,7588.25,stop,-134.5,0.0,-134.5,134.5,-1.0
-1,1,2019-05-13 14:04:00+00:00,2019-05-13 14:05:00+00:00,7367.25,7445.0,7211.75,2019-05-13 19:55:00+00:00,7337.5,tiempo,59.5,0.0,59.5,155.5,0.38263665594855306
1,1,2019-05-14 14:24:00+00:00,2019-05-14 14:25:00+00:00,7404.0,7345.75,7520.5,2019-05-14 19:55:00+00:00,7424.75,tiempo,41.5,0.0,41.5,116.5,0.3562231759656652
1,1,2019-05-15 14:29:00+00:00,2019-05-15 14:30:00+00:00,7470.5,7363.0,7685.5,2019-05-15 19:55:00+00:00,7524.5,tiempo,108.0,0.0,108.0,215.0,0.5023255813953489
1,1,2019-05-16 14:19:00+00:00,2019-05-16 14:20:00+00:00,7596.25,7511.75,7765.25,2019-05-16 19:55:00+00:00,7583.0,tiempo,-26.5,0.0,-26.5,169.0,-0.15680473372781065
1,1,2019-05-17 14:54:00+00:00,2019-05-17 14:55:00+00:00,7596.5,7516.0,7757.5,2019-05-17 19:16:00+00:00,7516.0,stop,-161.0,0.0,-161.0,161.0,-1.0
1,1,2019-05-21 14:54:00+00:00,2019-05-21 14:55:00+00:00,7474.75,7437.0,7550.25,2019-05-21 19:55:00+00:00,7460.25,tiempo,-29.0,0.0,-29.0,75.5,-0.3841059602649007
-1,1,2019-05-23 15:54:00+00:00,2019-05-23 15:55:00+00:00,7303.25,7346.0,7217.75,2019-05-23 19:55:00+00:00,7314.5,tiempo,-22.5,0.0,-22.5,85.5,-0.2631578947368421
-1,1,2019-05-24 14:49:00+00:00,2019-05-24 14:50:00+00:00,7324.5,7379.75,7214.0,2019-05-24 19:55:00+00:00,7310.0,tiempo,29.0,0.0,29.0,110.5,0.26244343891402716
-1,1,2019-05-28 19:44:00+00:00,2019-05-28 19:45:00+00:00,7285.25,7371.75,7112.25,2019-05-28 19:55:00+00:00,7297.25,tiempo,-24.0,0.0,-24.0,173.0,-0.13872832369942195
1,1,2019-05-29 14:19:00+00:00,2019-05-29 14:20:00+00:00,7255.0,7212.5,7340.0,2019-05-29 15:23:00+00:00,7212.5,stop,-85.0,0.0,-85.0,85.0,-1.0
-1,1,2019-05-30 18:24:00+00:00,2019-05-30 18:25:00+00:00,7224.0,7269.25,7133.5,2019-05-30 19:55:00+00:00,7247.25,tiempo,-46.5,0.0,-46.5,90.5,-0.5138121546961326
-1,1,2019-06-03 14:04:00+00:00,2019-06-03 14:05:00+00:00,7045.75,7132.5,6872.25,2019-06-03 19:55:00+00:00,6968.0,tiempo,155.5,0.0,155.5,173.5,0.8962536023054755
1,1,2019-06-04 14:24:00+00:00,2019-06-04 14:25:00+00:00,7076.5,7027.25,7175.0,2019-06-04 19:55:00+00:00,7162.75,tiempo,172.5,0.0,172.5,98.5,1.751269035532995
-1,1,2019-06-05 14:29:00+00:00,2019-06-05 14:30:00+00:00,7175.75,7242.0,7043.25,2019-06-05 19:55:00+00:00,7226.0,tiempo,-100.5,0.0,-100.5,132.5,-0.7584905660377359
-1,1,2019-06-06 14:29:00+00:00,2019-06-06 14:30:00+00:00,7210.0,7247.5,7135.0,2019-06-06 15:28:00+00:00,7247.5,stop,-75.0,0.0,-75.0,75.0,-1.0
1,1,2019-06-07 14:04:00+00:00,2019-06-07 14:05:00+00:00,7379.75,7311.0,7517.25,2019-06-07 19:55:00+00:00,7418.25,tiempo,77.0,0.0,77.0,137.5,0.56
1,1,2019-06-10 14:09:00+00:00,2019-06-10 14:10:00+00:00,7527.25,7469.0,7643.75,2019-06-10 19:55:00+00:00,7514.75,tiempo,-25.0,0.0,-25.0,116.5,-0.2145922746781116
-1,1,2019-06-11 15:34:00+00:00,2019-06-11 15:35:00+00:00,7526.0,7600.75,7376.5,2019-06-11 19:55:00+00:00,7518.5,tiempo,15.0,0.0,15.0,149.5,0.10033444816053512
-1,1,2019-06-12 14:34:00+00:00,2019-06-12 14:35:00+00:00,7467.75,7512.5,7378.25,2019-06-12 19:55:00+00:00,7476.5,tiempo,-17.5,0.0,-17.5,89.5,-0.19553072625698323
1,1,2019-06-14 19:14:00+00:00,2019-06-14 19:15:00+00:00,7497.0,7456.25,7578.5,2019-06-14 19:55:00+00:00,7492.5,tiempo,-9.0,0.0,-9.0,81.5,-0.11042944785276074
-1,1,2019-06-20 14:29:00+00:00,2019-06-20 14:30:00+00:00,7765.75,7802.5,7692.25,2019-06-20 19:55:00+00:00,7772.25,tiempo,-13.0,0.0,-13.0,73.5,-0.17687074829931973
1,1,2019-06-21 14:44:00+00:00,2019-06-21 14:45:00+00:00,7778.25,7737.0,7860.75,2019-06-21 19:55:00+00:00,7761.0,tiempo,-34.5,0.0,-34.5,82.5,-0.41818181818181815
-1,1,2019-06-25 14:19:00+00:00,2019-06-25 14:20:00+00:00,7710.5,7752.75,7626.0,2019-06-25 18:35:00+00:00,7626.0,objetivo,169.0,0.0,169.0,84.5,2.0
-1,1,2019-07-01 14:24:00+00:00,2019-07-01 14:25:00+00:00,7808.75,7849.75,7726.75,2019-07-01 19:55:00+00:00,7793.0,tiempo,31.5,0.0,31.5,82.0,0.38414634146341464
1,1,2019-07-02 14:29:00+00:00,2019-07-02 14:30:00+00:00,7798.25,7777.0,7840.75,2019-07-02 15:40:00+00:00,7777.0,stop,-42.5,0.0,-42.5,42.5,-1.0
1,1,2019-07-03 16:19:00+00:00,2019-07-03 16:20:00+00:00,7874.0,7835.0,7952.0,2019-07-03 17:14:00+00:00,7888.25,fin_de_datos,28.5,0.0,28.5,78.0,0.36538461538461536
1,1,2019-07-04 14:54:00+00:00,2019-07-04 14:55:00+00:00,7902.75,7895.75,7916.75,2019-07-04 16:59:00+00:00,7902.0,fin_de_datos,-1.5,0.0,-1.5,14.0,-0.10714285714285714
-1,1,2019-07-05 14:34:00+00:00,2019-07-05 14:35:00+00:00,7801.75,7841.25,7722.75,2019-07-05 16:25:00+00:00,7841.25,stop,-79.0,0.0,-79.0,79.0,-1.0
1,1,2019-07-09 14:04:00+00:00,2019-07-09 14:05:00+00:00,7806.25,7765.75,7887.25,2019-07-09 19:55:00+00:00,7856.0,tiempo,99.5,0.0,99.5,81.0,1.228395061728395
-1,1,2019-07-11 14:34:00+00:00,2019-07-11 14:35:00+00:00,7923.0,7949.25,7870.5,2019-07-11 15:21:00+00:00,7949.25,stop,-52.5,0.0,-52.5,52.5,-1.0
-1,1,2019-07-12 14:44:00+00:00,2019-07-12 14:45:00+00:00,7922.0,7947.5,7871.0,2019-07-12 15:35:00+00:00,7947.5,stop,-51.0,0.0,-51.0,51.0,-1.0
1,1,2019-07-15 19:04:00+00:00,2019-07-15 19:05:00+00:00,7987.5,7962.25,8038.0,2019-07-15 19:55:00+00:00,7988.5,tiempo,2.0,0.0,2.0,50.5,0.039603960396039604
-1,1,2019-07-16 14:19:00+00:00,2019-07-16 14:20:00+00:00,7971.25,7987.25,7939.25,2019-07-16 16:10:00+00:00,7939.25,objetivo,64.0,0.0,64.0,32.0,2.0
-1,1,2019-07-17 14:19:00+00:00,2019-07-17 14:20:00+00:00,7940.75,7962.5,7897.25,2019-07-17 19:55:00+00:00,7924.5,tiempo,32.5,0.0,32.5,43.5,0.7471264367816092
-1,1,2019-07-18 15:49:00+00:00,2019-07-18 15:50:00+00:00,7846.75,7901.75,7736.75,2019-07-18 18:20:00+00:00,7901.75,stop,-110.0,0.0,-110.0,110.0,-1.0
-1,1,2019-07-19 14:09:00+00:00,2019-07-19 14:10:00+00:00,7933.5,7974.25,7852.0,2019-07-19 19:55:00+00:00,7863.75,tiempo,139.5,0.0,139.5,81.5,1.7116564417177915
1,1,2019-07-22 17:59:00+00:00,2019-07-22 18:00:00+00:00,7917.25,7875.25,8001.25,2019-07-22 19:55:00+00:00,7917.75,tiempo,1.0,0.0,1.0,84.0,0.011904761904761904
-1,1,2019-07-23 14:09:00+00:00,2019-07-23 14:10:00+00:00,7925.75,7962.75,7851.75,2019-07-23 19:30:00+00:00,7962.75,stop,-74.0,0.0,-74.0,74.0,-1.0
1,1,2019-07-24 14:34:00+00:00,2019-07-24 14:35:00+00:00,7985.5,7938.75,8079.0,2019-07-24 19:55:00+00:00,8020.5,tiempo,70.0,0.0,70.0,93.5,0.7486631016042781
-1,1,2019-07-25 16:44:00+00:00,2019-07-25 16:45:00+00:00,7938.0,7999.0,7816.0,2019-07-25 19:55:00+00:00,7956.75,tiempo,-37.5,0.0,-37.5,122.0,-0.3073770491803279
1,1,2019-07-26 17:24:00+00:00,2019-07-26 17:25:00+00:00,8034.0,7994.25,8113.5,2019-07-26 19:55:00+00:00,8035.0,tiempo,2.0,0.0,2.0,79.5,0.025157232704402517
-1,1,2019-07-29 14:09:00+00:00,2019-07-29 14:10:00+00:00,7961.25,8024.75,7834.25,2019-07-29 19:55:00+00:00,8005.75,tiempo,-89.0,0.0,-89.0,127.0,-0.7007874015748031
-1,1,2019-07-31 17:54:00+00:00,2019-07-31 17:55:00+00:00,7966.25,7989.25,7920.25,2019-07-31 18:39:00+00:00,7920.25,objetivo,92.0,0.0,92.0,46.0,2.0
1,1,2019-08-01 14:09:00+00:00,2019-08-01 14:10:00+00:00,7946.25,7867.5,8103.75,2019-08-01 17:40:00+00:00,7867.5,stop,-157.5,0.0,-157.5,157.5,-1.0
-1,1,2019-08-02 14:04:00+00:00,2019-08-02 14:05:00+00:00,7717.0,7765.75,7619.5,2019-08-02 19:55:00+00:00,7687.0,tiempo,60.0,0.0,60.0,97.5,0.6153846153846154
-1,1,2019-08-05 14:39:00+00:00,2019-08-05 14:40:00+00:00,7472.25,7540.75,7335.25,2019-08-05 19:55:00+00:00,7431.0,tiempo,82.5,0.0,82.5,137.0,0.6021897810218978
1,1,2019-08-06 18:19:00+00:00,2019-08-06 18:20:00+00:00,7532.75,7485.5,7627.25,2019-08-06 19:55:00+00:00,7532.25,tiempo,-1.0,0.0,-1.0,94.5,-0.010582010582010581
1,1,2019-08-07 19:39:00+00:00,2019-08-07 19:40:00+00:00,7575.0,7387.5,7950.0,2019-08-07 19:55:00+00:00,7547.0,tiempo,-56.0,0.0,-56.0,375.0,-0.14933333333333335
1,1,2019-08-08 14:09:00+00:00,2019-08-08 14:10:00+00:00,7627.75,7578.0,7727.25,2019-08-08 19:45:00+00:00,7727.25,objetivo,199.0,0.0,199.0,99.5,2.0
-1,1,2019-08-09 14:09:00+00:00,2019-08-09 14:10:00+00:00,7652.25,7720.0,7516.75,2019-08-09 19:55:00+00:00,7667.75,tiempo,-31.0,0.0,-31.0,135.5,-0.22878228782287824
-1,1,2019-08-12 18:19:00+00:00,2019-08-12 18:20:00+00:00,7577.5,7628.75,7475.0,2019-08-12 19:55:00+00:00,7574.0,tiempo,7.0,0.0,7.0,102.5,0.06829268292682927
1,1,2019-08-13 14:29:00+00:00,2019-08-13 14:30:00+00:00,7777.25,7555.25,8221.25,2019-08-13 19:55:00+00:00,7742.75,tiempo,-69.0,0.0,-69.0,444.0,-0.1554054054054054
-1,1,2019-08-14 14:14:00+00:00,2019-08-14 14:15:00+00:00,7583.5,7634.5,7481.5,2019-08-14 19:55:00+00:00,7524.25,tiempo,118.5,0.0,118.5,102.0,1.161764705882353
1,1,2019-08-16 14:44:00+00:00,2019-08-16 14:45:00+00:00,7603.25,7555.25,7699.25,2019-08-16 19:55:00+00:00,7617.5,tiempo,28.5,0.0,28.5,96.0,0.296875
1,1,2019-08-19 17:19:00+00:00,2019-08-19 17:20:00+00:00,7746.75,7714.25,7811.75,2019-08-19 19:55:00+00:00,7736.75,tiempo,-20.0,0.0,-20.0,65.0,-0.3076923076923077
-1,1,2019-08-22 14:34:00+00:00,2019-08-22 14:35:00+00:00,7679.0,7773.5,7490.0,2019-08-22 19:55:00+00:00,7742.5,tiempo,-127.0,0.0,-127.0,189.0,-0.671957671957672
-1,1,2019-08-23 15:09:00+00:00,2019-08-23 15:10:00+00:00,7569.5,7674.25,7360.0,2019-08-23 19:55:00+00:00,7455.5,tiempo,228.0,0.0,228.0,209.5,1.0883054892601431
-1,1,2019-08-27 16:54:00+00:00,2019-08-27 16:55:00+00:00,7546.5,7648.5,7342.5,2019-08-27 19:55:00+00:00,7571.0,tiempo,-49.0,0.0,-49.0,204.0,-0.24019607843137256
1,1,2019-08-28 15:54:00+00:00,2019-08-28 15:55:00+00:00,7598.75,7504.25,7787.75,2019-08-28 19:55:00+00:00,7592.25,tiempo,-13.0,0.0,-13.0,189.0,-0.06878306878306878
1,1,2019-08-29 18:04:00+00:00,2019-08-29 18:05:00+00:00,7727.75,7683.5,7816.25,2019-08-29 19:55:00+00:00,7706.0,tiempo,-43.5,0.0,-43.5,88.5,-0.4915254237288136
-1,1,2019-08-30 15:04:00+00:00,2019-08-30 15:05:00+00:00,7678.5,7750.75,7534.0,2019-08-30 19:55:00+00:00,7679.0,tiempo,-1.0,0.0,-1.0,144.5,-0.006920415224913495
-1,1,2019-09-02 15:49:00+00:00,2019-09-02 15:50:00+00:00,7606.5,7663.75,7492.0,2019-09-02 16:59:00+00:00,7612.25,fin_de_datos,-11.5,0.0,-11.5,114.5,-0.10043668122270742
-1,1,2019-09-03 17:54:00+00:00,2019-09-03 17:55:00+00:00,7590.75,7676.75,7418.75,2019-09-03 19:55:00+00:00,7624.0,tiempo,-66.5,0.0,-66.5,172.0,-0.3866279069767442
-1,1,2019-09-04 14:09:00+00:00,2019-09-04 14:10:00+00:00,7676.25,7705.5,7617.75,2019-09-04 16:47:00+00:00,7705.5,stop,-58.5,0.0,-58.5,58.5,-1.0
1,1,2019-09-05 14:04:00+00:00,2019-09-05 14:05:00+00:00,7854.25,7804.25,7954.25,2019-09-05 19:55:00+00:00,7864.5,tiempo,20.5,0.0,20.5,100.0,0.205
-1,1,2019-09-09 16:14:00+00:00,2019-09-09 16:15:00+00:00,7841.0,7884.0,7755.0,2019-09-09 19:55:00+00:00,7838.0,tiempo,6.0,0.0,6.0,86.0,0.06976744186046512
1,1,2019-09-11 14:14:00+00:00,2019-09-11 14:15:00+00:00,7865.25,7811.5,7972.75,2019-09-11 19:55:00+00:00,7883.75,tiempo,37.0,0.0,37.0,107.5,0.34418604651162793
1,1,2019-09-12 14:19:00+00:00,2019-09-12 14:20:00+00:00,7966.5,7909.5,8080.5,2019-09-12 19:55:00+00:00,7934.0,tiempo,-65.0,0.0,-65.0,114.0,-0.5701754385964912
-1,1,2019-09-13 17:59:00+00:00,2019-09-13 18:00:00+00:00,7887.5,7920.75,7821.0,2019-09-13 19:55:00+00:00,7898.0,tiempo,-21.0,0.0,-21.0,66.5,-0.3157894736842105
1,1,2019-09-17 19:29:00+00:00,2019-09-17 19:30:00+00:00,7895.5,7862.5,7961.5,2019-09-17 19:55:00+00:00,7912.25,tiempo,33.5,0.0,33.5,66.0,0.5075757575757576
-1,1,2019-09-18 16:59:00+00:00,2019-09-18 17:00:00+00:00,7879.25,7903.0,7831.75,2019-09-18 18:15:00+00:00,7831.75,objetivo,95.0,0.0,95.0,47.5,2.0
1,1,2019-09-19 14:34:00+00:00,2019-09-19 14:35:00+00:00,7970.0,7924.25,8061.5,2019-09-19 16:29:00+00:00,7924.25,stop,-91.5,0.0,-91.5,91.5,-1.0
-1,1,2019-09-20 14:39:00+00:00,2019-09-20 14:40:00+00:00,7918.75,7942.25,7871.75,2019-09-20 17:13:00+00:00,7871.75,objetivo,94.0,0.0,94.0,47.0,2.0
-1,1,2019-09-24 14:24:00+00:00,2019-09-24 14:25:00+00:00,7850.5,7894.0,7763.5,2019-09-24 16:23:00+00:00,7763.5,objetivo,174.0,0.0,174.0,87.0,2.0
1,1,2019-09-25 15:04:00+00:00,2019-09-25 15:05:00+00:00,7749.75,7690.0,7869.25,2019-09-25 19:55:00+00:00,7832.5,tiempo,165.5,0.0,165.5,119.5,1.3849372384937237
-1,1,2019-09-26 14:19:00+00:00,2019-09-26 14:20:00+00:00,7763.25,7814.0,7661.75,2019-09-26 19:32:00+00:00,7814.0,stop,-101.5,0.0,-101.5,101.5,-1.0
-1,1,2019-09-27 14:04:00+00:00,2019-09-27 14:05:00+00:00,7748.25,7811.0,7622.75,2019-09-27 19:55:00+00:00,7694.0,tiempo,108.5,0.0,108.5,125.5,0.8645418326693227
1,1,2019-09-30 15:29:00+00:00,2019-09-30 15:30:00+00:00,7755.0,7710.5,7844.0,2019-09-30 19:55:00+00:00,7759.5,tiempo,9.0,0.0,9.0,89.0,0.10112359550561797
-1,1,2019-10-01 14:09:00+00:00,2019-10-01 14:10:00+00:00,7779.25,7841.5,7654.75,2019-10-01 19:55:00+00:00,7707.75,tiempo,143.0,0.0,143.0,124.5,1.1485943775100402
-1,1,2019-10-02 14:34:00+00:00,2019-10-02 14:35:00+00:00,7579.5,7652.5,7433.5,2019-10-02 19:55:00+00:00,7571.25,tiempo,16.5,0.0,16.5,146.0,0.11301369863013698
-1,1,2019-10-03 14:04:00+00:00,2019-10-03 14:05:00+00:00,7499.75,7585.0,7329.25,2019-10-03 15:03:00+00:00,7585.0,stop,-170.5,0.0,-170.5,170.5,-1.0
1,1,2019-10-04 14:04:00+00:00,2019-10-04 14:05:00+00:00,7722.0,7682.0,7802.0,2019-10-04 19:55:00+00:00,7766.5,tiempo,89.0,0.0,89.0,80.0,1.1125
1,1,2019-10-07 14:29:00+00:00,2019-10-07 14:30:00+00:00,7760.75,7724.25,7833.75,2019-10-07 19:55:00+00:00,7737.25,tiempo,-47.0,0.0,-47.0,73.0,-0.6438356164383562
-1,1,2019-10-08 14:04:00+00:00,2019-10-08 14:05:00+00:00,7638.0,7693.75,7526.5,2019-10-08 16:45:00+00:00,7693.75,stop,-111.5,0.0,-111.5,111.5,-1.0
1,1,2019-10-09 18:54:00+00:00,2019-10-09 18:55:00+00:00,7726.5,7661.75,7856.0,2019-10-09 19:55:00+00:00,7713.0,tiempo,-27.0,0.0,-27.0,129.5,-0.2084942084942085
1,1,2019-10-10 14:54:00+00:00,2019-10-10 14:55:00+00:00,7764.5,7691.0,7911.5,2019-10-10 19:55:00+00:00,7755.5,tiempo,-18.0,0.0,-18.0,147.0,-0.12244897959183673
1,1,2019-10-11 14:29:00+00:00,2019-10-11 14:30:00+00:00,7892.25,7842.75,7991.25,2019-10-11 16:32:00+00:00,7842.75,stop,-99.0,0.0,-99.0,99.0,-1.0
1,1,2019-10-14 14:09:00+00:00,2019-10-14 14:10:00+00:00,7872.25,7836.0,7944.75,2019-10-14 19:55:00+00:00,7863.75,tiempo,-17.0,0.0,-17.0,72.5,-0.23448275862068965
1,1,2019-10-15 14:14:00+00:00,2019-10-15 14:15:00+00:00,7914.0,7871.75,7998.5,2019-10-15 19:55:00+00:00,7951.5,tiempo,75.0,0.0,75.0,84.5,0.8875739644970414
-1,1,2019-10-16 14:04:00+00:00,2019-10-16 14:05:00+00:00,7911.0,7935.25,7862.5,2019-10-16 14:26:00+00:00,7935.25,stop,-48.5,0.0,-48.5,48.5,-1.0
-1,1,2019-10-17 15:54:00+00:00,2019-10-17 15:55:00+00:00,7933.25,7992.25,7815.25,2019-10-17 19:55:00+00:00,7957.0,tiempo,-47.5,0.0,-47.5,118.0,-0.4025423728813559
-1,1,2019-10-18 14:34:00+00:00,2019-10-18 14:35:00+00:00,7913.75,7958.5,7824.25,2019-10-18 19:55:00+00:00,7894.0,tiempo,39.5,0.0,39.5,89.5,0.441340782122905
1,1,2019-10-21 16:24:00+00:00,2019-10-21 16:25:00+00:00,7936.25,7903.25,8002.25,2019-10-21 19:55:00+00:00,7945.75,tiempo,19.0,0.0,19.0,66.0,0.2878787878787879
-1,1,2019-10-22 15:54:00+00:00,2019-10-22 15:55:00+00:00,7933.25,7988.75,7822.25,2019-10-22 19:55:00+00:00,7887.0,tiempo,92.5,0.0,92.5,111.0,0.8333333333333334
1,1,2019-10-23 14:54:00+00:00,2019-10-23 14:55:00+00:00,7888.25,7853.0,7958.75,2019-10-23 19:55:00+00:00,7888.5,tiempo,0.5,0.0,0.5,70.5,0.0070921985815602835
1,1,2019-10-24 15:29:00+00:00,2019-10-24 15:30:00+00:00,7963.0,7927.25,8034.5,2019-10-24 19:55:00+00:00,7970.25,tiempo,14.5,0.0,14.5,71.5,0.20279720279720279
1,1,2019-10-25 14:09:00+00:00,2019-10-25 14:10:00+00:00,7972.0,7929.25,8057.5,2019-10-25 19:55:00+00:00,8030.5,tiempo,117.0,0.0,117.0,85.5,1.368421052631579
1,1,2019-10-28 14:19:00+00:00,2019-10-28 14:20:00+00:00,8102.75,8074.0,8160.25,2019-10-28 19:55:00+00:00,8115.75,tiempo,26.0,0.0,26.0,57.5,0.45217391304347826
-1,1,2019-10-29 14:09:00+00:00,2019-10-29 14:10:00+00:00,8076.5,8114.0,8001.5,2019-10-29 19:55:00+00:00,8053.75,tiempo,45.5,0.0,45.5,75.0,0.6066666666666667
1,1,2019-10-30 18:59:00+00:00,2019-10-30 19:00:00+00:00,8078.75,8039.5,8157.25,2019-10-30 19:55:00+00:00,8094.5,tiempo,31.5,0.0,31.5,78.5,0.4012738853503185
-1,1,2019-10-31 14:14:00+00:00,2019-10-31 14:15:00+00:00,8067.5,8117.5,7967.5,2019-10-31 19:55:00+00:00,8073.75,tiempo,-12.5,0.0,-12.5,100.0,-0.125
1,1,2019-11-01 14:04:00+00:00,2019-11-01 14:05:00+00:00,8153.25,8117.5,8224.75,2019-11-01 16:11:00+00:00,8117.5,stop,-71.5,0.0,-71.5,71.5,-1.0
-1,1,2019-11-05 15:14:00+00:00,2019-11-05 15:15:00+00:00,8203.25,8230.75,8148.25,2019-11-05 17:05:00+00:00,8230.75,stop,-55.0,0.0,-55.0,55.0,-1.0
-1,1,2019-11-06 15:29:00+00:00,2019-11-06 15:30:00+00:00,8186.5,8211.25,8137.0,2019-11-06 20:55:00+00:00,8197.5,tiempo,-22.0,0.0,-22.0,49.5,-0.4444444444444444
1,1,2019-11-07 15:19:00+00:00,2019-11-07 15:20:00+00:00,8264.25,8234.0,8324.75,2019-11-07 19:44:00+00:00,8234.0,stop,-60.5,0.0,-60.5,60.5,-1.0
1,1,2019-11-08 16:04:00+00:00,2019-11-08 16:05:00+00:00,8241.75,8204.25,8316.75,2019-11-08 20:55:00+00:00,8255.0,tiempo,26.5,0.0,26.5,75.0,0.35333333333333333
1,1,2019-11-11 15:29:00+00:00,2019-11-11 15:30:00+00:00,8236.25,8206.5,8295.75,2019-11-11 20:55:00+00:00,8243.0,tiempo,13.5,0.0,13.5,59.5,0.226890756302521
1,1,2019-11-12 15:09:00+00:00,2019-11-12 15:10:00+00:00,8277.0,8252.0,8327.0,2019-11-12 19:50:00+00:00,8252.0,stop,-50.0,0.0,-50.0,50.0,-1.0
1,1,2019-11-13 15:29:00+00:00,2019-11-13 15:30:00+00:00,8264.0,8236.75,8318.5,2019-11-13 20:55:00+00:00,8262.5,tiempo,-3.0,0.0,-3.0,54.5,-0.05504587155963303
-1,1,2019-11-14 15:59:00+00:00,2019-11-14 16:00:00+00:00,8232.0,8258.0,8180.0,2019-11-14 19:16:00+00:00,8258.0,stop,-52.0,0.0,-52.0,52.0,-1.0
-1,1,2019-11-19 15:04:00+00:00,2019-11-19 15:05:00+00:00,8335.25,8364.5,8276.75,2019-11-19 20:55:00+00:00,8346.0,tiempo,-21.5,0.0,-21.5,58.5,-0.36752136752136755
1,1,2019-11-20 15:09:00+00:00,2019-11-20 15:10:00+00:00,8334.5,8316.75,8370.0,2019-11-20 17:52:00+00:00,8316.75,stop,-35.5,0.0,-35.5,35.5,-1.0
-1,1,2019-11-21 15:34:00+00:00,2019-11-21 15:35:00+00:00,8252.0,8286.0,8184.0,2019-11-21 19:34:00+00:00,8286.0,stop,-68.0,0.0,-68.0,68.0,-1.0
-1,1,2019-11-22 15:09:00+00:00,2019-11-22 15:10:00+00:00,8276.25,8298.75,8231.25,2019-11-22 20:55:00+00:00,8270.75,tiempo,11.0,0.0,11.0,45.0,0.24444444444444444
1,1,2019-11-25 15:09:00+00:00,2019-11-25 15:10:00+00:00,8358.75,8311.75,8452.75,2019-11-25 20:55:00+00:00,8374.0,tiempo,30.5,0.0,30.5,94.0,0.324468085106383
1,1,2019-11-26 16:09:00+00:00,2019-11-26 16:10:00+00:00,8390.75,8368.75,8434.75,2019-11-26 20:55:00+00:00,8395.75,tiempo,10.0,0.0,10.0,44.0,0.22727272727272727
1,1,2019-11-27 16:04:00+00:00,2019-11-27 16:05:00+00:00,8432.25,8402.5,8491.75,2019-11-27 20:55:00+00:00,8447.0,tiempo,29.5,0.0,29.5,59.5,0.4957983193277311
1,1,2019-11-28 17:09:00+00:00,2019-11-28 17:10:00+00:00,8446.25,8437.5,8463.75,2019-11-28 17:59:00+00:00,8444.5,fin_de_datos,-3.5,0.0,-3.5,17.5,-0.2
-1,1,2019-11-29 17:29:00+00:00,2019-11-29 17:30:00+00:00,8412.5,8439.0,8359.5,2019-11-29 18:14:00+00:00,8422.5,fin_de_datos,-20.0,0.0,-20.0,53.0,-0.37735849056603776
-1,1,2019-12-02 15:04:00+00:00,2019-12-02 15:05:00+00:00,8312.25,8413.5,8109.75,2019-12-02 20:55:00+00:00,8317.0,tiempo,-9.5,0.0,-9.5,202.5,-0.04691358024691358
-1,1,2019-12-05 15:09:00+00:00,2019-12-05 15:10:00+00:00,8280.5,8327.25,8187.0,2019-12-05 20:55:00+00:00,8308.5,tiempo,-56.0,0.0,-56.0,93.5,-0.5989304812834224
1,1,2019-12-06 16:29:00+00:00,2019-12-06 16:30:00+00:00,8394.25,8368.0,8446.75,2019-12-06 20:55:00+00:00,8399.5,tiempo,10.5,0.0,10.5,52.5,0.2
-1,1,2019-12-09 19:09:00+00:00,2019-12-09 19:10:00+00:00,8376.0,8427.25,8273.5,2019-12-09 20:55:00+00:00,8372.5,tiempo,7.0,0.0,7.0,102.5,0.06829268292682927
1,1,2019-12-10 15:24:00+00:00,2019-12-10 15:25:00+00:00,8388.0,8338.5,8487.0,2019-12-10 20:55:00+00:00,8348.0,tiempo,-80.0,0.0,-80.0,99.0,-0.8080808080808081
1,1,2019-12-11 19:19:00+00:00,2019-12-11 19:20:00+00:00,8396.25,8363.5,8461.75,2019-12-11 20:55:00+00:00,8407.75,tiempo,23.0,0.0,23.0,65.5,0.3511450381679389
1,1,2019-12-12 15:04:00+00:00,2019-12-12 15:05:00+00:00,8482.0,8381.0,8684.0,2019-12-12 20:55:00+00:00,8478.25,tiempo,-7.5,0.0,-7.5,202.0,-0.03712871287128713
1,1,2019-12-16 15:19:00+00:00,2019-12-16 15:20:00+00:00,8605.75,8571.5,8674.25,2019-12-16 20:55:00+00:00,8603.75,tiempo,-4.0,0.0,-4.0,68.5,-0.058394160583941604
1,1,2019-12-18 16:19:00+00:00,2019-12-18 16:20:00+00:00,8634.75,8612.0,8680.25,2019-12-18 20:55:00+00:00,8617.75,tiempo,-34.0,0.0,-34.0,45.5,-0.7472527472527473
1,1,2019-12-19 15:29:00+00:00,2019-12-19 15:30:00+00:00,8638.5,8618.25,8679.0,2019-12-19 20:55:00+00:00,8666.0,tiempo,55.0,0.0,55.0,40.5,1.3580246913580247
1,1,2019-12-26 15:09:00+00:00,2019-12-26 15:10:00+00:00,8762.25,8739.0,8808.75,2019-12-26 20:55:00+00:00,8792.0,tiempo,59.5,0.0,59.5,46.5,1.2795698924731183
-1,1,2019-12-27 20:49:00+00:00,2019-12-27 20:50:00+00:00,8775.25,8832.75,8660.25,2019-12-27 20:55:00+00:00,8785.75,tiempo,-21.0,0.0,-21.0,115.0,-0.1826086956521739
-1,1,2019-12-30 15:14:00+00:00,2019-12-30 15:15:00+00:00,8700.5,8793.0,8515.5,2019-12-30 20:55:00+00:00,8727.25,tiempo,-53.5,0.0,-53.5,185.0,-0.2891891891891892
1,1,2020-01-02 19:24:00+00:00,2020-01-02 19:25:00+00:00,8856.75,8815.5,8939.25,2020-01-02 20:55:00+00:00,8884.25,tiempo,55.0,0.0,55.0,82.5,0.6666666666666666
1,1,2020-01-03 17:04:00+00:00,2020-01-03 17:05:00+00:00,8847.0,8770.5,9000.0,2020-01-03 20:55:00+00:00,8819.75,tiempo,-54.5,0.0,-54.5,153.0,-0.3562091503267974
1,1,2020-01-06 15:14:00+00:00,2020-01-06 15:15:00+00:00,8806.0,8729.0,8960.0,2020-01-06 20:55:00+00:00,8862.75,tiempo,113.5,0.0,113.5,154.0,0.737012987012987
1,1,2020-01-08 16:29:00+00:00,2020-01-08 16:30:00+00:00,8897.5,8848.0,8996.5,2020-01-08 20:55:00+00:00,8931.0,tiempo,67.0,0.0,67.0,99.0,0.6767676767676768
-1,1,2020-01-09 17:34:00+00:00,2020-01-09 17:35:00+00:00,8964.0,9022.25,8847.5,2020-01-09 20:55:00+00:00,9002.0,tiempo,-76.0,0.0,-76.0,116.5,-0.6523605150214592
-1,1,2020-01-10 17:09:00+00:00,2020-01-10 17:10:00+00:00,8994.5,9041.75,8900.0,2020-01-10 20:55:00+00:00,8983.0,tiempo,23.0,0.0,23.0,94.5,0.24338624338624337
1,1,2020-01-13 16:19:00+00:00,2020-01-13 16:20:00+00:00,9041.0,9003.75,9115.5,2020-01-13 20:55:00+00:00,9084.0,tiempo,86.0,0.0,86.0,74.5,1.1543624161073827
1,1,2020-01-15 15:09:00+00:00,2020-01-15 15:10:00+00:00,9088.25,9051.25,9162.25,2020-01-15 18:33:00+00:00,9051.25,stop,-74.0,0.0,-74.0,74.0,-1.0
1,1,2020-01-16 20:44:00+00:00,2020-01-16 20:45:00+00:00,9123.0,9088.0,9193.0,2020-01-16 20:55:00+00:00,9134.5,tiempo,23.0,0.0,23.0,70.0,0.32857142857142857
-1,1,2020-01-17 16:14:00+00:00,2020-01-17 16:15:00+00:00,9131.0,9180.0,9033.0,2020-01-17 20:54:00+00:00,9180.0,stop,-98.0,0.0,-98.0,98.0,-1.0
1,1,2020-01-20 16:34:00+00:00,2020-01-20 16:35:00+00:00,9173.5,9163.25,9194.0,2020-01-20 17:59:00+00:00,9175.75,fin_de_datos,4.5,0.0,4.5,20.5,0.21951219512195122
1,1,2020-01-21 15:04:00+00:00,2020-01-21 15:05:00+00:00,9179.75,9151.75,9235.75,2020-01-21 20:55:00+00:00,9171.75,tiempo,-16.0,0.0,-16.0,56.0,-0.2857142857142857
1,1,2020-01-22 15:39:00+00:00,2020-01-22 15:40:00+00:00,9248.25,9211.75,9321.25,2020-01-22 20:06:00+00:00,9211.75,stop,-73.0,0.0,-73.0,73.0,-1.0
1,1,2020-01-23 18:59:00+00:00,2020-01-23 19:00:00+00:00,9212.25,9151.75,9333.25,2020-01-23 20:55:00+00:00,9226.25,tiempo,28.0,0.0,28.0,121.0,0.23140495867768596
-1,1,2020-01-24 15:19:00+00:00,2020-01-24 15:20:00+00:00,9246.75,9283.25,9173.75,2020-01-24 17:18:00+00:00,9173.75,objetivo,146.0,0.0,146.0,73.0,2.0
1,1,2020-01-28 15:24:00+00:00,2020-01-28 15:25:00+00:00,9049.5,9001.0,9146.5,2020-01-28 20:55:00+00:00,9100.75,tiempo,102.5,0.0,102.5,97.0,1.056701030927835
-1,1,2020-01-29 15:04:00+00:00,2020-01-29 15:05:00+00:00,9079.25,9158.75,8920.25,2020-01-29 20:55:00+00:00,9116.75,tiempo,-75.0,0.0,-75.0,159.0,-0.4716981132075472
1,1,2020-01-30 20:24:00+00:00,2020-01-30 20:25:00+00:00,9121.0,9044.5,9274.0,2020-01-30 20:55:00+00:00,9136.25,tiempo,30.5,0.0,30.5,153.0,0.19934640522875818
-1,1,2020-01-31 15:04:00+00:00,2020-01-31 15:05:00+00:00,9102.75,9184.0,8940.25,2020-01-31 20:55:00+00:00,9004.75,tiempo,196.0,0.0,196.0,162.5,1.2061538461538461
1,1,2020-02-03 15:04:00+00:00,2020-02-03 15:05:00+00:00,9144.0,9035.75,9360.5,2020-02-03 20:55:00+00:00,9129.25,tiempo,-29.5,0.0,-29.5,216.5,-0.13625866050808313
1,1,2020-02-04 15:29:00+00:00,2020-02-04 15:30:00+00:00,9280.0,9227.0,9386.0,2020-02-04 20:55:00+00:00,9338.25,tiempo,116.5,0.0,116.5,106.0,1.099056603773585
1,1,2020-02-07 16:34:00+00:00,2020-02-07 16:35:00+00:00,9456.5,9385.0,9599.5,2020-02-07 20:55:00+00:00,9403.75,tiempo,-105.5,0.0,-105.5,143.0,-0.7377622377622378
1,1,2020-02-10 15:09:00+00:00,2020-02-10 15:10:00+00:00,9454.0,9378.75,9604.5,2020-02-10 20:55:00+00:00,9517.5,tiempo,127.0,0.0,127.0,150.5,0.8438538205980066
1,1,2020-02-11 15:14:00+00:00,2020-02-11 15:15:00+00:00,9588.0,9538.75,9686.5,2020-02-11 19:03:00+00:00,9538.75,stop,-98.5,0.0,-98.5,98.5,-1.0
1,1,2020-02-12 16:29:00+00:00,2020-02-12 16:30:00+00:00,9605.0,9561.0,9693.0,2020-02-12 20:55:00+00:00,9623.0,tiempo,36.0,0.0,36.0,88.0,0.4090909090909091
1,1,2020-02-13 15:44:00+00:00,2020-02-13 15:45:00+00:00,9594.75,9539.25,9705.75,2020-02-13 20:55:00+00:00,9605.25,tiempo,21.0,0.0,21.0,111.0,0.1891891891891892
-1,1,2020-02-14 15:14:00+00:00,2020-02-14 15:15:00+00:00,9600.25,9640.0,9520.75,2020-02-14 16:18:00+00:00,9640.0,stop,-79.5,0.0,-79.5,79.5,-1.0
1,1,2020-02-18 15:09:00+00:00,2020-02-18 15:10:00+00:00,9624.5,9574.5,9724.5,2020-02-18 20:55:00+00:00,9637.5,tiempo,26.0,0.0,26.0,100.0,0.26
1,1,2020-02-19 15:24:00+00:00,2020-02-19 15:25:00+00:00,9722.0,9681.5,9803.0,2020-02-19 20:55:00+00:00,9730.75,tiempo,17.5,0.0,17.5,81.0,0.21604938271604937
-1,1,2020-02-20 16:14:00+00:00,2020-02-20 16:15:00+00:00,9661.75,9719.25,9546.75,2020-02-20 16:32:00+00:00,9546.75,objetivo,230.0,0.0,230.0,115.0,2.0
-1,1,2020-02-21 17:54:00+00:00,2020-02-21 17:55:00+00:00,9477.75,9604.75,9223.75,2020-02-21 20:55:00+00:00,9459.5,tiempo,36.5,0.0,36.5,254.0,0.1437007874015748
-1,1,2020-02-25 15:24:00+00:00,2020-02-25 15:25:00+00:00,9068.5,9191.0,8823.5,2020-02-25 19:30:00+00:00,8823.5,objetivo,490.0,0.0,490.0,245.0,2.0
1,1,2020-02-26 15:44:00+00:00,2020-02-26 15:45:00+00:00,9029.25,8880.0,9327.75,2020-02-26 17:16:00+00:00,8880.0,stop,-298.5,0.0,-298.5,298.5,-1.0
-1,1,2020-02-27 15:29:00+00:00,2020-02-27 15:30:00+00:00,8584.0,8722.5,8307.0,2020-02-27 16:18:00+00:00,8722.5,stop,-277.0,0.0,-277.0,277.0,-1.0
1,1,2020-02-28 16:39:00+00:00,2020-02-28 16:40:00+00:00,8406.75,8126.25,8967.75,2020-02-28 20:55:00+00:00,8372.0,tiempo,-69.5,0.0,-69.5,561.0,-0.12388591800356506
1,1,2020-03-02 16:39:00+00:00,2020-03-02 16:40:00+00:00,8685.0,8485.0,9085.0,2020-03-02 20:55:00+00:00,8852.0,tiempo,334.0,0.0,334.0,400.0,0.835
1,1,2020-03-03 15:04:00+00:00,2020-03-03 15:05:00+00:00,8977.0,8744.75,9441.5,2020-03-03 16:24:00+00:00,8744.75,stop,-464.5,0.0,-464.5,464.5,-1.0
1,1,2020-03-04 17:59:00+00:00,2020-03-04 18:00:00+00:00,8817.25,8665.25,9121.25,2020-03-04 20:55:00+00:00,8935.5,tiempo,236.5,0.0,236.5,304.0,0.7779605263157895
1,1,2020-03-05 16:14:00+00:00,2020-03-05 16:15:00+00:00,8848.5,8701.5,9142.5,2020-03-05 17:42:00+00:00,8701.5,stop,-294.0,0.0,-294.0,294.0,-1.0
-1,1,2020-03-10 14:49:00+00:00,2020-03-10 14:50:00+00:00,8111.75,8244.5,7846.25,2020-03-10 19:11:00+00:00,8244.5,stop,-265.5,0.0,-265.5,265.5,-1.0
-1,1,2020-03-11 15:24:00+00:00,2020-03-11 15:25:00+00:00,8066.25,8216.75,7765.25,2020-03-11 19:55:00+00:00,8004.75,tiempo,123.0,0.0,123.0,301.0,0.40863787375415284
-1,1,2020-03-13 15:44:00+00:00,2020-03-13 15:45:00+00:00,7326.75,7736.0,6508.25,2020-03-13 19:50:00+00:00,7736.0,stop,-818.5,0.0,-818.5,818.5,-1.0
1,1,2020-03-17 15:09:00+00:00,2020-03-17 15:10:00+00:00,7322.25,6966.0,8034.75,2020-03-17 19:55:00+00:00,7447.5,tiempo,250.5,0.0,250.5,712.5,0.35157894736842105
1,1,2020-03-18 14:04:00+00:00,2020-03-18 14:05:00+00:00,7292.5,6961.5,7954.5,2020-03-18 17:16:00+00:00,6961.5,stop,-662.0,0.0,-662.0,662.0,-1.0
1,1,2020-03-19 14:14:00+00:00,2020-03-19 14:15:00+00:00,7364.75,7010.0,8074.25,2020-03-19 19:55:00+00:00,7313.25,tiempo,-103.0,0.0,-103.0,709.5,-0.14517265680056377
-1,1,2020-03-20 16:04:00+00:00,2020-03-20 16:05:00+00:00,7277.25,7469.75,6892.25,2020-03-20 19:55:00+00:00,7014.0,tiempo,526.5,0.0,526.5,385.0,1.3675324675324676
1,1,2020-03-24 15:39:00+00:00,2020-03-24 15:40:00+00:00,7445.75,7325.0,7687.25,2020-03-24 18:04:00+00:00,7325.0,stop,-241.5,0.0,-241.5,241.5,-1.0
-1,1,2020-03-25 14:14:00+00:00,2020-03-25 14:15:00+00:00,7393.25,7664.25,6851.25,2020-03-25 17:09:00+00:00,7664.25,stop,-542.0,0.0,-542.0,542.0,-1.0
1,1,2020-03-26 14:09:00+00:00,2020-03-26 14:10:00+00:00,7665.5,7514.75,7967.0,2020-03-26 19:55:00+00:00,7884.25,tiempo,437.5,0.0,437.5,301.5,1.451077943615257
1,1,2020-03-27 19:24:00+00:00,2020-03-27 19:25:00+00:00,7773.5,7578.0,8164.5,2020-03-27 19:51:00+00:00,7578.0,stop,-391.0,0.0,-391.0,391.0,-1.0
1,1,2020-03-30 14:04:00+00:00,2020-03-30 14:05:00+00:00,7724.5,7630.0,7913.5,2020-03-30 19:55:00+00:00,7872.5,tiempo,296.0,0.0,296.0,189.0,1.566137566137566
1,1,2020-03-31 14:19:00+00:00,2020-03-31 14:20:00+00:00,7961.25,7797.0,8289.75,2020-03-31 19:14:00+00:00,7797.0,stop,-328.5,0.0,-328.5,328.5,-1.0
1,1,2020-04-01 14:34:00+00:00,2020-04-01 14:35:00+00:00,7638.0,7561.0,7792.0,2020-04-01 16:27:00+00:00,7561.0,stop,-154.0,0.0,-154.0,154.0,-1.0
1,1,2020-04-02 14:39:00+00:00,2020-04-02 14:40:00+00:00,7606.25,7408.75,8001.25,2020-04-02 19:55:00+00:00,7610.75,tiempo,9.0,0.0,9.0,395.0,0.02278481012658228
-1,1,2020-04-03 15:54:00+00:00,2020-04-03 15:55:00+00:00,7508.0,7660.25,7203.5,2020-04-03 19:55:00+00:00,7520.5,tiempo,-25.0,0.0,-25.0,304.5,-0.08210180623973727
1,1,2020-04-06 14:19:00+00:00,2020-04-06 14:20:00+00:00,7857.5,7750.0,8072.5,2020-04-06 19:54:00+00:00,8072.5,objetivo,430.0,0.0,430.0,215.0,2.0
-1,1,2020-04-07 14:49:00+00:00,2020-04-07 14:50:00+00:00,8084.5,8298.5,7656.5,2020-04-07 19:55:00+00:00,8070.75,tiempo,27.5,0.0,27.5,428.0,0.06425233644859812
1,1,2020-04-08 15:29:00+00:00,2020-04-08 15:30:00+00:00,8167.0,8064.25,8372.5,2020-04-08 19:55:00+00:00,8229.75,tiempo,125.5,0.0,125.5,205.5,0.610705596107056
1,1,2020-04-13 17:54:00+00:00,2020-04-13 17:55:00+00:00,8246.5,8161.75,8416.0,2020-04-13 19:55:00+00:00,8315.75,tiempo,138.5,0.0,138.5,169.5,0.8171091445427728
1,1,2020-04-14 14:19:00+00:00,2020-04-14 14:20:00+00:00,8607.25,8457.0,8907.75,2020-04-14 19:55:00+00:00,8676.75,tiempo,139.0,0.0,139.0,300.5,0.46256239600665555
-1,1,2020-04-16 14:04:00+00:00,2020-04-16 14:05:00+00:00,8606.0,8698.0,8422.0,2020-04-16 14:49:00+00:00,8698.0,stop,-184.0,0.0,-184.0,184.0,-1.0
-1,1,2020-04-17 14:49:00+00:00,2020-04-17 14:50:00+00:00,8743.0,8871.5,8486.0,2020-04-17 19:55:00+00:00,8820.25,tiempo,-154.5,0.0,-154.5,257.0,-0.6011673151750972
1,1,2020-04-20 14:34:00+00:00,2020-04-20 14:35:00+00:00,8798.25,8729.75,8935.25,2020-04-20 19:05:00+00:00,8729.75,stop,-137.0,0.0,-137.0,137.0,-1.0
-1,1,2020-04-21 14:19:00+00:00,2020-04-21 14:20:00+00:00,8522.25,8652.0,8262.75,2020-04-21 19:55:00+00:00,8380.75,tiempo,283.0,0.0,283.0,259.5,1.0905587668593448
1,1,2020-04-22 15:44:00+00:00,2020-04-22 15:45:00+00:00,8601.5,8533.75,8737.0,2020-04-22 19:55:00+00:00,8679.0,tiempo,155.0,0.0,155.0,135.5,1.1439114391143912
1,1,2020-04-23 14:19:00+00:00,2020-04-23 14:20:00+00:00,8746.75,8662.0,8916.25,2020-04-23 16:45:00+00:00,8662.0,stop,-169.5,0.0,-169.5,169.5,-1.0
1,1,2020-04-24 16:29:00+00:00,2020-04-24 16:30:00+00:00,8678.0,8583.0,8868.0,2020-04-24 19:55:00+00:00,8772.75,tiempo,189.5,0.0,189.5,190.0,0.9973684210526316
-1,1,2020-04-27 14:59:00+00:00,2020-04-27 15:00:00+00:00,8816.5,8867.5,8714.5,2020-04-27 19:55:00+00:00,8833.0,tiempo,-33.0,0.0,-33.0,102.0,-0.3235294117647059
-1,1,2020-04-28 14:19:00+00:00,2020-04-28 14:20:00+00:00,8788.75,8905.25,8555.75,2020-04-28 19:55:00+00:00,8660.25,tiempo,257.0,0.0,257.0,233.0,1.1030042918454936
1,1,2020-04-29 14:19:00+00:00,2020-04-29 14:20:00+00:00,8907.75,8816.0,9091.25,2020-04-29 19:55:00+00:00,8972.25,tiempo,129.0,0.0,129.0,183.5,0.7029972752043597
-1,1,2020-04-30 16:04:00+00:00,2020-04-30 16:05:00+00:00,8927.75,9017.5,8748.25,2020-04-30 19:55:00+00:00,8979.75,tiempo,-104.0,0.0,-104.0,179.5,-0.5793871866295265
1,1,2020-05-01 14:04:00+00:00,2020-05-01 14:05:00+00:00,8855.5,8780.0,9006.5,2020-05-01 15:30:00+00:00,8780.0,stop,-151.0,0.0,-151.0,151.0,-1.0
1,1,2020-05-04 14:04:00+00:00,2020-05-04 14:05:00+00:00,8746.0,8650.5,8937.0,2020-05-04 19:55:00+00:00,8802.75,tiempo,113.5,0.0,113.5,191.0,0.5942408376963351
1,1,2020-05-05 14:04:00+00:00,2020-05-05 14:05:00+00:00,8963.5,8895.25,9100.0,2020-05-05 19:37:00+00:00,8895.25,stop,-136.5,0.0,-136.5,136.5,-1.0
-1,1,2020-05-06 14:09:00+00:00,2020-05-06 14:10:00+00:00,8945.5,9029.0,8778.5,2020-05-06 14:45:00+00:00,9029.0,stop,-167.0,0.0,-167.0,167.0,-1.0
1,1,2020-05-07 16:29:00+00:00,2020-05-07 16:30:00+00:00,9109.75,9058.0,9213.25,2020-05-07 19:55:00+00:00,9084.5,tiempo,-50.5,0.0,-50.5,103.5,-0.48792270531400966
1,1,2020-05-11 16:24:00+00:00,2020-05-11 16:25:00+00:00,9272.5,9147.5,9522.5,2020-05-11 19:55:00+00:00,9305.75,tiempo,66.5,0.0,66.5,250.0,0.266
-1,1,2020-05-12 19:19:00+00:00,2020-05-12 19:20:00+00:00,9228.5,9345.5,8994.5,2020-05-12 19:55:00+00:00,9119.5,tiempo,218.0,0.0,218.0,234.0,0.9316239316239316
1,1,2020-05-13 14:29:00+00:00,2020-05-13 14:30:00+00:00,9179.0,9042.75,9451.5,2020-05-13 15:38:00+00:00,9042.75,stop,-272.5,0.0,-272.5,272.5,-1.0
-1,1,2020-05-14 14:29:00+00:00,2020-05-14 14:30:00+00:00,8852.25,8975.75,8605.25,2020-05-14 16:55:00+00:00,8975.75,stop,-247.0,0.0,-247.0,247.0,-1.0
1,1,2020-05-18 14:34:00+00:00,2020-05-18 14:35:00+00:00,9303.75,9236.5,9438.25,2020-05-18 19:55:00+00:00,9353.25,tiempo,99.0,0.0,99.0,134.5,0.7360594795539034
1,1,2020-05-19 17:39:00+00:00,2020-05-19 17:40:00+00:00,9407.0,9314.0,9593.0,2020-05-19 19:51:00+00:00,9314.0,stop,-186.0,0.0,-186.0,186.0,-1.0
1,1,2020-05-20 14:09:00+00:00,2020-05-20 14:10:00+00:00,9467.75,9402.0,9599.25,2020-05-20 19:55:00+00:00,9474.0,tiempo,12.5,0.0,12.5,131.5,0.09505703422053231
-1,1,2020-05-21 14:39:00+00:00,2020-05-21 14:40:00+00:00,9392.5,9510.75,9156.0,2020-05-21 19:55:00+00:00,9373.75,tiempo,37.5,0.0,37.5,236.5,0.15856236786469344
1,1,2020-05-22 17:24:00+00:00,2020-05-22 17:25:00+00:00,9403.75,9319.75,9571.75,2020-05-22 19:55:00+00:00,9400.25,tiempo,-7.0,0.0,-7.0,168.0,-0.041666666666666664
1,1,2020-05-25 15:14:00+00:00,2020-05-25 15:15:00+00:00,9528.0,9513.75,9556.5,2020-05-25 16:59:00+00:00,9530.5,fin_de_datos,5.0,0.0,5.0,28.5,0.17543859649122806
-1,1,2020-05-26 15:24:00+00:00,2020-05-26 15:25:00+00:00,9480.25,9569.75,9301.25,2020-05-26 19:55:00+00:00,9378.75,tiempo,203.0,0.0,203.0,179.0,1.1340782122905029
-1,1,2020-05-27 14:39:00+00:00,2020-05-27 14:40:00+00:00,9241.25,9385.25,8953.25,2020-05-27 18:52:00+00:00,9385.25,stop,-288.0,0.0,-288.0,288.0,-1.0
1,1,2020-05-28 14:14:00+00:00,2020-05-28 14:15:00+00:00,9468.0,9382.25,9639.5,2020-05-28 19:55:00+00:00,9401.75,tiempo,-132.5,0.0,-132.5,171.5,-0.7725947521865889
-1,1,2020-05-29 15:04:00+00:00,2020-05-29 15:05:00+00:00,9379.75,9483.0,9173.25,2020-05-29 18:10:00+00:00,9483.0,stop,-206.5,0.0,-206.5,206.5,-1.0
1,1,2020-06-01 16:49:00+00:00,2020-06-01 16:50:00+00:00,9590.25,9505.75,9759.25,2020-06-01 19:55:00+00:00,9595.0,tiempo,9.5,0.0,9.5,169.0,0.05621301775147929
-1,1,2020-06-02 14:49:00+00:00,2020-06-02 14:50:00+00:00,9542.25,9605.5,9415.75,2020-06-02 17:44:00+00:00,9605.5,stop,-126.5,0.0,-126.5,126.5,-1.0
1,1,2020-06-03 18:54:00+00:00,2020-06-03 18:55:00+00:00,9704.0,9650.75,9810.5,2020-06-03 19:55:00+00:00,9707.25,tiempo,6.5,0.0,6.5,106.5,0.06103286384976526
-1,1,2020-06-04 16:34:00+00:00,2020-06-04 16:35:00+00:00,9639.5,9742.5,9433.5,2020-06-04 19:55:00+00:00,9608.5,tiempo,62.0,0.0,62.0,206.0,0.30097087378640774
1,1,2020-06-05 15:04:00+00:00,2020-06-05 15:05:00+00:00,9792.0,9653.25,10069.5,2020-06-05 19:55:00+00:00,9809.5,tiempo,35.0,0.0,35.0,277.5,0.12612612612612611
-1,1,2020-06-08 14:04:00+00:00,2020-06-08 14:05:00+00:00,9765.75,9829.5,9638.25,2020-06-08 17:21:00+00:00,9829.5,stop,-127.5,0.0,-127.5,127.5,-1.0
1,1,2020-06-09 14:24:00+00:00,2020-06-09 14:25:00+00:00,9912.5,9852.0,10033.5,2020-06-09 19:55:00+00:00,9963.25,tiempo,101.5,0.0,101.5,121.0,0.8388429752066116
1,1,2020-06-10 14:04:00+00:00,2020-06-10 14:05:00+00:00,10068.5,10023.5,10158.5,2020-06-10 14:56:00+00:00,10023.5,stop,-90.0,0.0,-90.0,90.0,-1.0
-1,1,2020-06-11 15:49:00+00:00,2020-06-11 15:50:00+00:00,9856.0,9954.5,9659.0,2020-06-11 18:40:00+00:00,9659.0,objetivo,394.0,0.0,394.0,197.0,2.0
-1,1,2020-06-12 14:59:00+00:00,2020-06-12 15:00:00+00:00,9643.75,9849.25,9232.75,2020-06-12 19:55:00+00:00,9668.75,tiempo,-50.0,0.0,-50.0,411.0,-0.12165450121654502
1,1,2020-06-15 14:04:00+00:00,2020-06-15 14:05:00+00:00,9602.75,9483.5,9841.25,2020-06-15 19:55:00+00:00,9758.25,tiempo,311.0,0.0,311.0,238.5,1.3039832285115305
-1,1,2020-06-16 14:59:00+00:00,2020-06-16 15:00:00+00:00,9841.5,10008.5,9507.5,2020-06-16 19:55:00+00:00,9920.75,tiempo,-158.5,0.0,-158.5,334.0,-0.4745508982035928
-1,1,2020-06-19 16:04:00+00:00,2020-06-19 16:05:00+00:00,10040.0,10109.25,9901.5,2020-06-19 19:55:00+00:00,10006.0,tiempo,68.0,0.0,68.0,138.5,0.49097472924187724
1,1,2020-06-22 14:09:00+00:00,2020-06-22 14:10:00+00:00,10039.0,9975.75,10165.5,2020-06-22 19:55:00+00:00,10109.25,tiempo,140.5,0.0,140.5,126.5,1.1106719367588933
1,1,2020-06-23 14:19:00+00:00,2020-06-23 14:20:00+00:00,10207.5,10158.75,10305.0,2020-06-23 19:55:00+00:00,10214.25,tiempo,13.5,0.0,13.5,97.5,0.13846153846153847
-1,1,2020-06-24 14:04:00+00:00,2020-06-24 14:05:00+00:00,10075.75,10221.5,9784.25,2020-06-24 19:55:00+00:00,9982.0,tiempo,187.5,0.0,187.5,291.5,0.6432246998284734
1,1,2020-06-25 19:24:00+00:00,2020-06-25 19:25:00+00:00,10054.75,9885.5,10393.25,2020-06-25 19:55:00+00:00,10091.5,tiempo,73.5,0.0,73.5,338.5,0.2171344165435746
-1,1,2020-06-26 14:04:00+00:00,2020-06-26 14:05:00+00:00,9985.25,10082.25,9791.25,2020-06-26 19:55:00+00:00,9827.75,tiempo,315.0,0.0,315.0,194.0,1.6237113402061856
1,1,2020-06-29 15:29:00+00:00,2020-06-29 15:30:00+00:00,9889.75,9728.75,10211.75,2020-06-29 19:55:00+00:00,9921.0,tiempo,62.5,0.0,62.5,322.0,0.19409937888198758
1,1,2020-06-30 14:09:00+00:00,2020-06-30 14:10:00+00:00,10040.0,9943.25,10233.5,2020-06-30 19:55:00+00:00,10166.25,tiempo,252.5,0.0,252.5,193.5,1.3049095607235142
1,1,2020-07-01 14:19:00+00:00,2020-07-01 14:20:00+00:00,10193.75,10125.5,10330.25,2020-07-01 19:55:00+00:00,10278.5,tiempo,169.5,0.0,169.5,136.5,1.2417582417582418
-1,1,2020-07-03 14:29:00+00:00,2020-07-03 14:30:00+00:00,10341.0,10357.75,10307.5,2020-07-03 16:59:00+00:00,10326.0,fin_de_datos,30.0,0.0,30.0,33.5,0.8955223880597015
1,1,2020-07-06 14:04:00+00:00,2020-07-06 14:05:00+00:00,10540.0,10470.0,10680.0,2020-07-06 19:55:00+00:00,10592.75,tiempo,105.5,0.0,105.5,140.0,0.7535714285714286
1,1,2020-07-07 14:14:00+00:00,2020-07-07 14:15:00+00:00,10647.75,10557.25,10828.75,2020-07-07 19:08:00+00:00,10557.25,stop,-181.0,0.0,-181.0,181.0,-1.0
1,1,2020-07-08 14:19:00+00:00,2020-07-08 14:20:00+00:00,10633.5,10566.5,10767.5,2020-07-08 15:18:00+00:00,10566.5,stop,-134.0,0.0,-134.0,134.0,-1.0
-1,1,2020-07-09 14:44:00+00:00,2020-07-09 14:45:00+00:00,10648.75,10748.0,10450.25,2020-07-09 19:00:00+00:00,10748.0,stop,-198.5,0.0,-198.5,198.5,-1.0
-1,1,2020-07-10 14:04:00+00:00,2020-07-10 14:05:00+00:00,10637.5,10749.5,10413.5,2020-07-10 17:07:00+00:00,10749.5,stop,-224.0,0.0,-224.0,224.0,-1.0
1,1,2020-07-13 14:29:00+00:00,2020-07-13 14:30:00+00:00,10999.0,10929.5,11138.0,2020-07-13 18:03:00+00:00,10929.5,stop,-139.0,0.0,-139.0,139.0,-1.0
-1,1,2020-07-14 14:14:00+00:00,2020-07-14 14:15:00+00:00,10368.75,10629.25,9847.75,2020-07-14 18:20:00+00:00,10629.25,stop,-521.0,0.0,-521.0,521.0,-1.0
-1,1,2020-07-15 15:04:00+00:00,2020-07-15 15:05:00+00:00,10652.25,10766.5,10423.75,2020-07-15 19:55:00+00:00,10670.0,tiempo,-35.5,0.0,-35.5,228.5,-0.15536105032822758
1,1,2020-07-16 17:14:00+00:00,2020-07-16 17:15:00+00:00,10610.25,10537.5,10755.75,2020-07-16 19:55:00+00:00,10604.25,tiempo,-12.0,0.0,-12.0,145.5,-0.08247422680412371
-1,1,2020-07-17 14:24:00+00:00,2020-07-17 14:25:00+00:00,10558.0,10650.0,10374.0,2020-07-17 18:52:00+00:00,10650.0,stop,-184.0,0.0,-184.0,184.0,-1.0
1,1,2020-07-20 14:04:00+00:00,2020-07-20 14:05:00+00:00,10697.0,10605.75,10879.5,2020-07-20 18:33:00+00:00,10879.5,objetivo,365.0,0.0,365.0,182.5,2.0
-1,1,2020-07-21 14:29:00+00:00,2020-07-21 14:30:00+00:00,10901.0,11002.75,10697.5,2020-07-21 19:55:00+00:00,10804.5,tiempo,193.0,0.0,193.0,203.5,0.9484029484029484
-1,1,2020-07-22 15:14:00+00:00,2020-07-22 15:15:00+00:00,10765.5,10895.75,10505.0,2020-07-22 19:55:00+00:00,10861.5,tiempo,-192.0,0.0,-192.0,260.5,-0.7370441458733206
-1,1,2020-07-23 14:14:00+00:00,2020-07-23 14:15:00+00:00,10789.5,10871.75,10625.0,2020-07-23 17:37:00+00:00,10625.0,objetivo,329.0,0.0,329.0,164.5,2.0
1,1,2020-07-24 14:59:00+00:00,2020-07-24 15:00:00+00:00,10501.5,10301.0,10902.5,2020-07-24 19:55:00+00:00,10465.75,tiempo,-71.5,0.0,-71.5,401.0,-0.17830423940149626
1,1,2020-07-27 18:09:00+00:00,2020-07-27 18:10:00+00:00,10630.25,10513.75,10863.25,2020-07-27 19:55:00+00:00,10661.25,tiempo,62.0,0.0,62.0,233.0,0.26609442060085836
-1,1,2020-07-28 19:34:00+00:00,2020-07-28 19:35:00+00:00,10544.25,10646.75,10339.25,2020-07-28 19:55:00+00:00,10523.5,tiempo,41.5,0.0,41.5,205.0,0.20243902439024392
1,1,2020-07-29 14:04:00+00:00,2020-07-29 14:05:00+00:00,10625.5,10571.0,10734.5,2020-07-29 19:55:00+00:00,10639.5,tiempo,28.0,0.0,28.0,109.0,0.25688073394495414
1,1,2020-07-30 15:34:00+00:00,2020-07-30 15:35:00+00:00,10638.25,10531.75,10851.25,2020-07-30 19:55:00+00:00,10702.75,tiempo,129.0,0.0,129.0,213.0,0.6056338028169014
-1,1,2020-07-31 14:09:00+00:00,2020-07-31 14:10:00+00:00,10774.0,10901.75,10518.5,2020-07-31 19:55:00+00:00,10865.75,tiempo,-183.5,0.0,-183.5,255.5,-0.7181996086105675
1,1,2020-08-03 15:59:00+00:00,2020-08-03 16:00:00+00:00,11052.75,10980.5,11197.25,2020-08-03 19:55:00+00:00,11055.0,tiempo,4.5,0.0,4.5,144.5,0.031141868512110725
1,1,2020-08-06 14:14:00+00:00,2020-08-06 14:15:00+00:00,11130.75,11073.0,11246.25,2020-08-06 18:41:00+00:00,11246.25,objetivo,231.0,0.0,231.0,115.5,2.0
1,1,2020-08-07 14:54:00+00:00,2020-08-07 14:55:00+00:00,11265.0,11207.75,11379.5,2020-08-07 15:28:00+00:00,11207.75,stop,-114.5,0.0,-114.5,114.5,-1.0
-1,1,2020-08-10 14:24:00+00:00,2020-08-10 14:25:00+00:00,11051.5,11146.75,10861.0,2020-08-10 19:55:00+00:00,11070.5,tiempo,-38.0,0.0,-38.0,190.5,-0.1994750656167979
-1,1,2020-08-11 19:19:00+00:00,2020-08-11 19:20:00+00:00,10919.0,11042.25,10672.5,2020-08-11 19:55:00+00:00,10853.5,tiempo,131.0,0.0,131.0,246.5,0.5314401622718052
1,1,2020-08-12 14:19:00+00:00,2020-08-12 14:20:00+00:00,11067.75,10957.5,11288.25,2020-08-12 19:55:00+00:00,11142.5,tiempo,149.5,0.0,149.5,220.5,0.6780045351473923
1,1,2020-08-13 14:34:00+00:00,2020-08-13 14:35:00+00:00,11238.25,11164.5,11385.75,2020-08-13 18:16:00+00:00,11164.5,stop,-147.5,0.0,-147.5,147.5,-1.0
-1,1,2020-08-14 14:19:00+00:00,2020-08-14 14:20:00+00:00,11120.25,11206.75,10947.25,2020-08-14 19:55:00+00:00,11160.25,tiempo,-80.0,0.0,-80.0,173.0,-0.4624277456647399
1,1,2020-08-17 14:04:00+00:00,2020-08-17 14:05:00+00:00,11271.25,11221.5,11370.75,2020-08-17 19:55:00+00:00,11286.0,tiempo,29.5,0.0,29.5,99.5,0.2964824120603015
1,1,2020-08-18 17:39:00+00:00,2020-08-18 17:40:00+00:00,11384.25,11323.25,11506.25,2020-08-18 19:55:00+00:00,11391.0,tiempo,13.5,0.0,13.5,122.0,0.11065573770491803
1,1,2020-08-19 15:59:00+00:00,2020-08-19 16:00:00+00:00,11430.75,11332.5,11627.25,2020-08-19 18:20:00+00:00,11332.5,stop,-196.5,0.0,-196.5,196.5,-1.0
1,1,2020-08-20 14:49:00+00:00,2020-08-20 14:50:00+00:00,11378.5,11267.0,11601.5,2020-08-20 19:55:00+00:00,11476.5,tiempo,196.0,0.0,196.0,223.0,0.8789237668161435
1,1,2020-08-21 14:29:00+00:00,2020-08-21 14:30:00+00:00,11523.75,11455.5,11660.25,2020-08-21 19:55:00+00:00,11552.75,tiempo,58.0,0.0,58.0,136.5,0.4249084249084249
-1,1,2020-08-24 14:09:00+00:00,2020-08-24 14:10:00+00:00,11605.75,11722.5,11372.25,2020-08-24 19:55:00+00:00,11606.25,tiempo,-1.0,0.0,-1.0,233.5,-0.004282655246252677
1,1,2020-08-25 15:19:00+00:00,2020-08-25 15:20:00+00:00,11688.25,11574.75,11915.25,2020-08-25 19:55:00+00:00,11715.0,tiempo,53.5,0.0,53.5,227.0,0.2356828193832599
1,1,2020-08-26 14:24:00+00:00,2020-08-26 14:25:00+00:00,11800.75,11762.75,11876.75,2020-08-26 15:40:00+00:00,11876.75,objetivo,152.0,0.0,152.0,76.0,2.0
-1,1,2020-08-27 16:49:00+00:00,2020-08-27 16:50:00+00:00,11893.75,12015.75,11649.75,2020-08-27 19:55:00+00:00,11931.0,tiempo,-74.5,0.0,-74.5,244.0,-0.305327868852459
1,1,2020-08-28 19:44:00+00:00,2020-08-28 19:45:00+00:00,12006.25,11947.75,12123.25,2020-08-28 19:55:00+00:00,11985.5,tiempo,-41.5,0.0,-41.5,117.0,-0.3547008547008547
1,1,2020-08-31 14:49:00+00:00,2020-08-31 14:50:00+00:00,12077.0,11993.75,12243.5,2020-08-31 19:55:00+00:00,12131.0,tiempo,108.0,0.0,108.0,166.5,0.6486486486486487
1,1,2020-09-01 14:29:00+00:00,2020-09-01 14:30:00+00:00,12270.0,12125.0,12560.0,2020-09-01 19:55:00+00:00,12269.25,tiempo,-1.5,0.0,-1.5,290.0,-0.005172413793103448
-1,1,2020-09-02 15:39:00+00:00,2020-09-02 15:40:00+00:00,12174.0,12434.75,11652.5,2020-09-02 19:49:00+00:00,12434.75,stop,-521.5,0.0,-521.5,521.5,-1.0
-1,1,2020-09-03 14:19:00+00:00,2020-09-03 14:20:00+00:00,12091.25,12242.5,11788.75,2020-09-03 15:19:00+00:00,11788.75,objetivo,605.0,0.0,605.0,302.5,2.0
-1,1,2020-09-04 14:14:00+00:00,2020-09-04 14:15:00+00:00,11471.25,11843.0,10727.75,2020-09-04 19:55:00+00:00,11650.0,tiempo,-357.5,0.0,-357.5,743.5,-0.4808338937457969
1,1,2020-09-07 15:04:00+00:00,2020-09-07 15:05:00+00:00,11522.5,11446.75,11674.0,2020-09-07 16:59:00+00:00,11501.25,fin_de_datos,-42.5,0.0,-42.5,151.5,-0.28052805280528054
-1,1,2020-09-08 18:44:00+00:00,2020-09-08 18:45:00+00:00,11109.5,11300.0,10728.5,2020-09-08 19:55:00+00:00,11081.25,tiempo,56.5,0.0,56.5,381.0,0.14829396325459318
1,1,2020-09-09 14:29:00+00:00,2020-09-09 14:30:00+00:00,11346.75,11188.25,11663.75,2020-09-09 19:55:00+00:00,11453.25,tiempo,213.0,0.0,213.0,317.0,0.6719242902208202
1,1,2020-09-10 14:04:00+00:00,2020-09-10 14:05:00+00:00,11556.75,11456.5,11757.25,2020-09-10 14:46:00+00:00,11456.5,stop,-200.5,0.0,-200.5,200.5,-1.0
-1,1,2020-09-11 15:59:00+00:00,2020-09-11 16:00:00+00:00,11116.75,11280.0,10790.25,2020-09-11 19:55:00+00:00,11070.25,tiempo,93.0,0.0,93.0,326.5,0.28483920367534454
1,1,2020-09-14 14:04:00+00:00,2020-09-14 14:05:00+00:00,11319.0,11207.5,11542.0,2020-09-14 17:32:00+00:00,11207.5,stop,-223.0,0.0,-223.0,223.0,-1.0
-1,1,2020-09-18 14:34:00+00:00,2020-09-18 14:35:00+00:00,11012.5,11135.0,10767.5,2020-09-18 17:30:00+00:00,10767.5,objetivo,490.0,0.0,490.0,245.0,2.0
-1,1,2020-09-21 14:29:00+00:00,2020-09-21 14:30:00+00:00,10702.75,10840.5,10427.25,2020-09-21 16:07:00+00:00,10840.5,stop,-275.5,0.0,-275.5,275.5,-1.0
1,1,2020-09-22 17:49:00+00:00,2020-09-22 17:50:00+00:00,11091.0,10950.5,11372.0,2020-09-22 19:55:00+00:00,11180.0,tiempo,178.0,0.0,178.0,281.0,0.6334519572953736
-1,1,2020-09-23 14:09:00+00:00,2020-09-23 14:10:00+00:00,11055.25,11161.0,10843.75,2020-09-23 18:55:00+00:00,10843.75,objetivo,423.0,0.0,423.0,211.5,2.0
1,1,2020-09-24 14:04:00+00:00,2020-09-24 14:05:00+00:00,10899.0,10704.0,11289.0,2020-09-24 19:55:00+00:00,10892.5,tiempo,-13.0,0.0,-13.0,390.0,-0.03333333333333333
1,1,2020-09-25 14:29:00+00:00,2020-09-25 14:30:00+00:00,10937.25,10830.5,11150.75,2020-09-25 19:17:00+00:00,11150.75,objetivo,427.0,0.0,427.0,213.5,2.0
-1,1,2020-09-29 14:34:00+00:00,2020-09-29 14:35:00+00:00,11323.25,11380.0,11209.75,2020-09-29 19:55:00+00:00,11327.5,tiempo,-8.5,0.0,-8.5,113.5,-0.07488986784140969
1,1,2020-09-30 14:04:00+00:00,2020-09-30 14:05:00+00:00,11425.0,11310.25,11654.5,2020-09-30 19:55:00+00:00,11430.5,tiempo,11.0,0.0,11.0,229.5,0.04793028322440087
1,1,2020-10-02 14:14:00+00:00,2020-10-02 14:15:00+00:00,11460.25,11301.25,11778.25,2020-10-02 15:53:00+00:00,11301.25,stop,-318.0,0.0,-318.0,318.0,-1.0
1,1,2020-10-05 14:04:00+00:00,2020-10-05 14:05:00+00:00,11386.5,11321.5,11516.5,2020-10-05 19:55:00+00:00,11492.5,tiempo,212.0,0.0,212.0,130.0,1.6307692307692307
1,1,2020-10-06 14:14:00+00:00,2020-10-06 14:15:00+00:00,11490.5,11418.0,11635.5,2020-10-06 15:11:00+00:00,11418.0,stop,-145.0,0.0,-145.0,145.0,-1.0
1,1,2020-10-07 16:14:00+00:00,2020-10-07 16:15:00+00:00,11448.25,11384.75,11575.25,2020-10-07 19:55:00+00:00,11502.5,tiempo,108.5,0.0,108.5,127.0,0.8543307086614174
-1,1,2020-10-08 14:24:00+00:00,2020-10-08 14:25:00+00:00,11510.75,11576.75,11378.75,2020-10-08 19:55:00+00:00,11532.0,tiempo,-42.5,0.0,-42.5,132.0,-0.32196969696969696
1,1,2020-10-09 14:04:00+00:00,2020-10-09 14:05:00+00:00,11642.75,11588.25,11751.75,2020-10-09 19:55:00+00:00,11701.25,tiempo,117.0,0.0,117.0,109.0,1.073394495412844
1,1,2020-10-12 14:59:00+00:00,2020-10-12 15:00:00+00:00,11966.5,11867.25,12165.0,2020-10-12 18:09:00+00:00,12165.0,objetivo,397.0,0.0,397.0,198.5,2.0
-1,1,2020-10-14 14:29:00+00:00,2020-10-14 14:30:00+00:00,12053.5,12153.0,11854.5,2020-10-14 19:55:00+00:00,11996.75,tiempo,113.5,0.0,113.5,199.0,0.5703517587939698
1,1,2020-10-15 19:19:00+00:00,2020-10-15 19:20:00+00:00,11898.0,11753.5,12187.0,2020-10-15 19:55:00+00:00,11885.0,tiempo,-26.0,0.0,-26.0,289.0,-0.08996539792387544
1,1,2020-10-16 14:04:00+00:00,2020-10-16 14:05:00+00:00,11988.5,11926.75,12112.0,2020-10-16 15:10:00+00:00,11926.75,stop,-123.5,0.0,-123.5,123.5,-1.0
-1,1,2020-10-19 14:04:00+00:00,2020-10-19 14:05:00+00:00,11869.0,11950.5,11706.0,2020-10-19 18:34:00+00:00,11706.0,objetivo,326.0,0.0,326.0,163.0,2.0
-1,1,2020-10-20 15:04:00+00:00,2020-10-20 15:05:00+00:00,11613.0,11707.0,11425.0,2020-10-20 16:33:00+00:00,11707.0,stop,-188.0,0.0,-188.0,188.0,-1.0
-1,1,2020-10-22 14:24:00+00:00,2020-10-22 14:25:00+00:00,11591.25,11724.0,11325.75,2020-10-22 19:55:00+00:00,11654.5,tiempo,-126.5,0.0,-126.5,265.5,-0.4764595103578154
-1,1,2020-10-23 14:04:00+00:00,2020-10-23 14:05:00+00:00,11578.25,11679.0,11376.75,2020-10-23 19:55:00+00:00,11669.75,tiempo,-183.0,0.0,-183.0,201.5,-0.9081885856079405
1,1,2020-10-26 14:04:00+00:00,2020-10-26 14:05:00+00:00,11688.0,11566.5,11931.0,2020-10-26 14:49:00+00:00,11566.5,stop,-243.0,0.0,-243.0,243.0,-1.0
-1,1,2020-10-27 14:24:00+00:00,2020-10-27 14:25:00+00:00,11495.5,11578.0,11330.5,2020-10-27 15:12:00+00:00,11578.0,stop,-165.0,0.0,-165.0,165.0,-1.0
-1,1,2020-10-28 14:19:00+00:00,2020-10-28 14:20:00+00:00,11232.75,11423.0,10852.25,2020-10-28 19:55:00+00:00,11156.0,tiempo,153.5,0.0,153.5,380.5,0.40341655716162944
1,1,2020-10-29 14:24:00+00:00,2020-10-29 14:25:00+00:00,11291.25,11170.5,11532.75,2020-10-29 19:55:00+00:00,11407.5,tiempo,232.5,0.0,232.5,241.5,0.9627329192546584
-1,1,2020-10-30 14:34:00+00:00,2020-10-30 14:35:00+00:00,11052.5,11281.25,10595.0,2020-10-30 19:55:00+00:00,10978.25,tiempo,148.5,0.0,148.5,457.5,0.32459016393442625
-1,1,2020-11-02 16:39:00+00:00,2020-11-02 16:40:00+00:00,11062.25,11212.0,10762.75,2020-11-02 20:55:00+00:00,11046.0,tiempo,32.5,0.0,32.5,299.5,0.10851419031719532
1,1,2020-11-03 15:04:00+00:00,2020-11-03 15:05:00+00:00,11232.75,11101.25,11495.75,2020-11-03 20:55:00+00:00,11321.5,tiempo,177.5,0.0,177.5,263.0,0.6749049429657795
1,1,2020-11-04 15:19:00+00:00,2020-11-04 15:20:00+00:00,11752.0,11557.0,12142.0,2020-11-04 20:55:00+00:00,11796.25,tiempo,88.5,0.0,88.5,390.0,0.22692307692307692
1,1,2020-11-06 18:04:00+00:00,2020-11-06 18:05:00+00:00,12082.0,11883.25,12479.5,2020-11-06 20:55:00+00:00,12099.0,tiempo,34.0,0.0,34.0,397.5,0.08553459119496855
-1,1,2020-11-10 15:39:00+00:00,2020-11-10 15:40:00+00:00,11521.25,11749.5,11064.75,2020-11-10 20:55:00+00:00,11602.25,tiempo,-162.0,0.0,-162.0,456.5,-0.3548740416210296
1,1,2020-11-11 15:34:00+00:00,2020-11-11 15:35:00+00:00,11831.25,11703.0,12087.75,2020-11-11 20:55:00+00:00,11885.5,tiempo,108.5,0.0,108.5,256.5,0.42300194931773877
-1,1,2020-11-12 17:49:00+00:00,2020-11-12 17:50:00+00:00,11821.25,11964.25,11535.25,2020-11-12 20:55:00+00:00,11811.75,tiempo,19.0,0.0,19.0,286.0,0.06643356643356643
-1,1,2020-11-13 15:04:00+00:00,2020-11-13 15:05:00+00:00,11863.5,11923.75,11743.0,2020-11-13 20:31:00+00:00,11923.75,stop,-120.5,0.0,-120.5,120.5,-1.0
1,1,2020-11-16 16:09:00+00:00,2020-11-16 16:10:00+00:00,12021.5,11887.75,12289.0,2020-11-16 20:55:00+00:00,11984.25,tiempo,-74.5,0.0,-74.5,267.5,-0.27850467289719627
1,1,2020-11-18 17:39:00+00:00,2020-11-18 17:40:00+00:00,12026.25,11913.5,12251.75,2020-11-18 20:51:00+00:00,11913.5,stop,-225.5,0.0,-225.5,225.5,-1.0
1,1,2020-11-19 15:39:00+00:00,2020-11-19 15:40:00+00:00,11937.25,11841.75,12128.25,2020-11-19 20:55:00+00:00,11984.25,tiempo,94.0,0.0,94.0,191.0,0.49214659685863876
-1,1,2020-11-20 20:24:00+00:00,2020-11-20 20:25:00+00:00,11944.0,11984.25,11863.5,2020-11-20 20:55:00+00:00,11916.75,tiempo,54.5,0.0,54.5,80.5,0.6770186335403726
-1,1,2020-11-23 15:14:00+00:00,2020-11-23 15:15:00+00:00,11912.0,12001.75,11732.5,2020-11-23 20:55:00+00:00,11895.0,tiempo,34.0,0.0,34.0,179.5,0.1894150417827298
1,1,2020-11-24 15:59:00+00:00,2020-11-24 16:00:00+00:00,11986.5,11872.75,12214.0,2020-11-24 20:55:00+00:00,12079.75,tiempo,186.5,0.0,186.5,227.5,0.8197802197802198
1,1,2020-11-25 18:04:00+00:00,2020-11-25 18:05:00+00:00,12146.5,12099.25,12241.0,2020-11-25 20:55:00+00:00,12150.5,tiempo,8.0,0.0,8.0,94.5,0.08465608465608465
-1,1,2020-11-26 17:19:00+00:00,2020-11-26 17:20:00+00:00,12171.0,12214.5,12084.0,2020-11-26 17:59:00+00:00,12153.75,fin_de_datos,34.5,0.0,34.5,87.0,0.39655172413793105
1,1,2020-11-27 15:14:00+00:00,2020-11-27 15:15:00+00:00,12262.5,12214.5,12358.5,2020-11-27 18:14:00+00:00,12273.25,fin_de_datos,21.5,0.0,21.5,96.0,0.22395833333333334
-1,1,2020-11-30 15:29:00+00:00,2020-11-30 15:30:00+00:00,12207.75,12300.0,12023.25,2020-11-30 20:55:00+00:00,12263.75,tiempo,-112.0,0.0,-112.0,184.5,-0.6070460704607046
1,1,2020-12-01 15:04:00+00:00,2020-12-01 15:05:00+00:00,12413.0,12334.25,12570.5,2020-12-01 20:55:00+00:00,12462.0,tiempo,98.0,0.0,98.0,157.5,0.6222222222222222
1,1,2020-12-02 17:04:00+00:00,2020-12-02 17:05:00+00:00,12463.5,12312.5,12765.5,2020-12-02 20:55:00+00:00,12446.75,tiempo,-33.5,0.0,-33.5,302.0,-0.11092715231788079
1,1,2020-12-03 15:04:00+00:00,2020-12-03 15:05:00+00:00,12508.5,12463.5,12598.5,2020-12-03 16:09:00+00:00,12463.5,stop,-90.0,0.0,-90.0,90.0,-1.0
1,1,2020-12-04 16:39:00+00:00,2020-12-04 16:40:00+00:00,12524.75,12448.5,12677.25,2020-12-04 20:55:00+00:00,12517.75,tiempo,-14.0,0.0,-14.0,152.5,-0.09180327868852459
1,1,2020-12-07 15:04:00+00:00,2020-12-07 15:05:00+00:00,12591.0,12525.75,12721.5,2020-12-07 20:55:00+00:00,12579.75,tiempo,-22.5,0.0,-22.5,130.5,-0.1724137931034483
-1,1,2020-12-08 15:24:00+00:00,2020-12-08 15:25:00+00:00,12505.75,12587.25,12342.75,2020-12-08 17:00:00+00:00,12587.25,stop,-163.0,0.0,-163.0,163.0,-1.0
-1,1,2020-12-09 15:14:00+00:00,2020-12-09 15:15:00+00:00,12578.5,12641.5,12452.5,2020-12-09 18:25:00+00:00,12452.5,objetivo,252.0,0.0,252.0,126.0,2.0
1,1,2020-12-10 15:09:00+00:00,2020-12-10 15:10:00+00:00,12389.75,12218.25,12732.75,2020-12-10 20:55:00+00:00,12421.0,tiempo,62.5,0.0,62.5,343.0,0.18221574344023322
-1,1,2020-12-11 16:44:00+00:00,2020-12-11 16:45:00+00:00,12262.25,12355.5,12075.75,2020-12-11 19:40:00+00:00,12355.5,stop,-186.5,0.0,-186.5,186.5,-1.0
1,1,2020-12-14 15:14:00+00:00,2020-12-14 15:15:00+00:00,12525.75,12419.25,12738.75,2020-12-14 20:55:00+00:00,12484.25,tiempo,-83.0,0.0,-83.0,213.0,-0.38967136150234744
1,1,2020-12-15 20:24:00+00:00,2020-12-15 20:25:00+00:00,12590.25,12534.0,12702.75,2020-12-15 20:55:00+00:00,12591.75,tiempo,3.0,0.0,3.0,112.5,0.02666666666666667
-1,1,2020-12-17 15:14:00+00:00,2020-12-17 15:15:00+00:00,12715.25,12762.5,12620.75,2020-12-17 20:55:00+00:00,12753.75,tiempo,-77.0,0.0,-77.0,94.5,-0.8148148148148148
-1,1,2020-12-18 15:04:00+00:00,2020-12-18 15:05:00+00:00,12690.75,12787.75,12496.75,2020-12-18 20:55:00+00:00,12690.25,tiempo,1.0,0.0,1.0,194.0,0.005154639175257732
-1,1,2020-12-22 16:34:00+00:00,2020-12-22 16:35:00+00:00,12639.75,12754.25,12410.75,2020-12-22 20:55:00+00:00,12699.25,tiempo,-119.0,0.0,-119.0,229.0,-0.519650655021834
1,1,2020-12-24 15:34:00+00:00,2020-12-24 15:35:00+00:00,12720.0,12656.0,12848.0,2020-12-24 18:14:00+00:00,12703.0,fin_de_datos,-34.0,0.0,-34.0,128.0,-0.265625
-1,1,2020-12-28 15:09:00+00:00,2020-12-28 15:10:00+00:00,12764.25,12820.0,12652.75,2020-12-28 16:02:00+00:00,12820.0,stop,-111.5,0.0,-111.5,111.5,-1.0
-1,1,2020-12-29 15:14:00+00:00,2020-12-29 15:15:00+00:00,12815.0,12918.25,12608.5,2020-12-29 20:55:00+00:00,12832.75,tiempo,-35.5,0.0,-35.5,206.5,-0.17191283292978207
-1,1,2020-12-30 15:14:00+00:00,2020-12-30 15:15:00+00:00,12842.75,12909.75,12708.75,2020-12-30 20:55:00+00:00,12842.75,tiempo,-0.0,0.0,-0.0,134.0,-0.0
-1,1,2020-12-31 16:54:00+00:00,2020-12-31 16:55:00+00:00,12816.25,12857.5,12733.75,2020-12-31 20:11:00+00:00,12857.5,stop,-82.5,0.0,-82.5,82.5,-1.0
-1,1,2021-01-04 15:14:00+00:00,2021-01-04 15:15:00+00:00,12857.25,12941.25,12689.25,2021-01-04 16:07:00+00:00,12689.25,objetivo,336.0,0.0,336.0,168.0,2.0
1,1,2021-01-05 15:04:00+00:00,2021-01-05 15:05:00+00:00,12772.75,12650.25,13017.75,2021-01-05 20:55:00+00:00,12796.75,tiempo,48.0,0.0,48.0,245.0,0.19591836734693877
1,1,2021-01-06 15:14:00+00:00,2021-01-06 15:15:00+00:00,12677.0,12551.25,12928.5,2021-01-06 20:55:00+00:00,12622.25,tiempo,-109.5,0.0,-109.5,251.5,-0.43538767395626243
1,1,2021-01-07 15:04:00+00:00,2021-01-07 15:05:00+00:00,12871.25,12726.0,13161.75,2021-01-07 20:55:00+00:00,12955.25,tiempo,168.0,0.0,168.0,290.5,0.5783132530120482
1,1,2021-01-08 17:14:00+00:00,2021-01-08 17:15:00+00:00,13056.25,12985.75,13197.25,2021-01-08 18:22:00+00:00,12985.75,stop,-141.0,0.0,-141.0,141.0,-1.0
-1,1,2021-01-11 20:24:00+00:00,2021-01-11 20:25:00+00:00,12884.0,12974.75,12702.5,2021-01-11 20:55:00+00:00,12899.5,tiempo,-31.0,0.0,-31.0,181.5,-0.17079889807162535
-1,1,2021-01-12 17:04:00+00:00,2021-01-12 17:05:00+00:00,12839.0,12948.0,12621.0,2021-01-12 20:55:00+00:00,12891.25,tiempo,-104.5,0.0,-104.5,218.0,-0.4793577981651376
1,1,2021-01-13 15:39:00+00:00,2021-01-13 15:40:00+00:00,12958.5,12864.5,13146.5,2021-01-13 20:55:00+00:00,12971.25,tiempo,25.5,0.0,25.5,188.0,0.1356382978723404
1,1,2021-01-14 15:49:00+00:00,2021-01-14 15:50:00+00:00,13021.0,12968.75,13125.5,2021-01-14 16:57:00+00:00,12968.75,stop,-104.5,0.0,-104.5,104.5,-1.0
-1,1,2021-01-15 15:09:00+00:00,2021-01-15 15:10:00+00:00,12804.5,12931.25,12551.0,2021-01-15 20:55:00+00:00,12801.0,tiempo,7.0,0.0,7.0,253.5,0.027613412228796843
-1,1,2021-01-19 16:19:00+00:00,2021-01-19 16:20:00+00:00,12859.75,12930.25,12718.75,2021-01-19 17:36:00+00:00,12930.25,stop,-141.0,0.0,-141.0,141.0,-1.0
1,1,2021-01-20 15:09:00+00:00,2021-01-20 15:10:00+00:00,13206.5,13121.0,13377.5,2021-01-20 20:55:00+00:00,13307.5,tiempo,202.0,0.0,202.0,171.0,1.1812865497076024
1,1,2021-01-21 15:54:00+00:00,2021-01-21 15:55:00+00:00,13379.25,13283.25,13571.25,2021-01-21 20:55:00+00:00,13400.75,tiempo,43.0,0.0,43.0,192.0,0.22395833333333334
1,1,2021-01-22 20:44:00+00:00,2021-01-22 20:45:00+00:00,13395.0,13327.75,13529.5,2021-01-22 20:55:00+00:00,13378.75,tiempo,-32.5,0.0,-32.5,134.5,-0.241635687732342
-1,1,2021-01-25 15:49:00+00:00,2021-01-25 15:50:00+00:00,13461.0,13554.5,13274.0,2021-01-25 16:04:00+00:00,13274.0,objetivo,374.0,0.0,374.0,187.0,2.0
1,1,2021-01-26 15:49:00+00:00,2021-01-26 15:50:00+00:00,13514.0,13426.75,13688.5,2021-01-26 20:55:00+00:00,13473.5,tiempo,-81.0,0.0,-81.0,174.5,-0.46418338108882523
-1,1,2021-01-27 19:49:00+00:00,2021-01-27 19:50:00+00:00,13149.25,13389.5,12668.75,2021-01-27 20:55:00+00:00,13106.75,tiempo,85.0,0.0,85.0,480.5,0.1768990634755463
1,1,2021-01-28 15:19:00+00:00,2021-01-28 15:20:00+00:00,13266.75,13128.25,13543.75,2021-01-28 20:55:00+00:00,13227.25,tiempo,-79.0,0.0,-79.0,277.0,-0.2851985559566787
-1,1,2021-01-29 17:34:00+00:00,2021-01-29 17:35:00+00:00,12923.25,13135.25,12499.25,2021-01-29 20:55:00+00:00,12964.25,tiempo,-82.0,0.0,-82.0,424.0,-0.19339622641509435
1,1,2021-02-01 15:44:00+00:00,2021-02-01 15:45:00+00:00,13116.25,12970.25,13408.25,2021-02-01 20:55:00+00:00,13267.25,tiempo,302.0,0.0,302.0,292.0,1.0342465753424657
1,1,2021-02-02 15:19:00+00:00,2021-02-02 15:20:00+00:00,13434.25,13345.0,13612.75,2021-02-02 20:55:00+00:00,13463.5,tiempo,58.5,0.0,58.5,178.5,0.3277310924369748
-1,1,2021-02-03 15:14:00+00:00,2021-02-03 15:15:00+00:00,13459.25,13547.75,13282.25,2021-02-03 20:55:00+00:00,13408.75,tiempo,101.0,0.0,101.0,177.0,0.5706214689265536
-1,1,2021-02-04 15:04:00+00:00,2021-02-04 15:05:00+00:00,13393.25,13480.25,13219.25,2021-02-04 17:37:00+00:00,13480.25,stop,-174.0,0.0,-174.0,174.0,-1.0
-1,1,2021-02-05 15:19:00+00:00,2021-02-05 15:20:00+00:00,13528.25,13593.25,13398.25,2021-02-05 17:18:00+00:00,13593.25,stop,-130.0,0.0,-130.0,130.0,-1.0
1,1,2021-02-08 15:04:00+00:00,2021-02-08 15:05:00+00:00,13674.5,13632.75,13758.0,2021-02-08 16:29:00+00:00,13632.75,stop,-83.5,0.0,-83.5,83.5,-1.0
1,1,2021-02-09 15:09:00+00:00,2021-02-09 15:10:00+00:00,13713.5,13645.25,13850.0,2021-02-09 20:55:00+00:00,13671.75,tiempo,-83.5,0.0,-83.5,136.5,-0.6117216117216118
-1,1,2021-02-10 15:14:00+00:00,2021-02-10 15:15:00+00:00,13703.0,13762.0,13585.0,2021-02-10 15:24:00+00:00,13585.0,objetivo,236.0,0.0,236.0,118.0,2.0
-1,1,2021-02-11 17:29:00+00:00,2021-02-11 17:30:00+00:00,13649.0,13738.75,13469.5,2021-02-11 20:55:00+00:00,13717.5,tiempo,-137.0,0.0,-137.0,179.5,-0.7632311977715878
1,1,2021-02-12 15:49:00+00:00,2021-02-12 15:50:00+00:00,13727.5,13646.0,13890.5,2021-02-12 20:55:00+00:00,13798.5,tiempo,142.0,0.0,142.0,163.0,0.8711656441717791
1,1,2021-02-15 17:29:00+00:00,2021-02-15 17:30:00+00:00,13863.25,13848.25,13893.25,2021-02-15 17:59:00+00:00,13872.0,fin_de_datos,17.5,0.0,17.5,30.0,0.5833333333333334
-1,1,2021-02-16 16:09:00+00:00,2021-02-16 16:10:00+00:00,13803.0,13868.5,13672.0,2021-02-16 20:55:00+00:00,13771.0,tiempo,64.0,0.0,64.0,131.0,0.48854961832061067
-1,1,2021-02-17 15:24:00+00:00,2021-02-17 15:25:00+00:00,13601.75,13692.5,13420.25,2021-02-17 20:34:00+00:00,13692.5,stop,-181.5,0.0,-181.5,181.5,-1.0
-1,1,2021-02-18 15:09:00+00:00,2021-02-18 15:10:00+00:00,13510.75,13583.5,13365.25,2021-02-18 18:18:00+00:00,13583.5,stop,-145.5,0.0,-145.5,145.5,-1.0
-1,1,2021-02-19 17:24:00+00:00,2021-02-19 17:25:00+00:00,13612.5,13700.5,13436.5,2021-02-19 20:55:00+00:00,13575.0,tiempo,75.0,0.0,75.0,176.0,0.42613636363636365
-1,1,2021-02-22 15:24:00+00:00,2021-02-22 15:25:00+00:00,13347.0,13439.0,13163.0,2021-02-22 20:55:00+00:00,13223.25,tiempo,247.5,0.0,247.5,184.0,1.3451086956521738
-1,1,2021-02-24 15:04:00+00:00,2021-02-24 15:05:00+00:00,12976.5,13121.25,12687.0,2021-02-24 16:05:00+00:00,13121.25,stop,-289.5,0.0,-289.5,289.5,-1.0
-1,1,2021-02-25 15:14:00+00:00,2021-02-25 15:15:00+00:00,13139.0,13290.0,12837.0,2021-02-25 17:58:00+00:00,12837.0,objetivo,604.0,0.0,604.0,302.0,2.0
1,1,2021-02-26 17:09:00+00:00,2021-02-26 17:10:00+00:00,13052.5,12858.75,13440.0,2021-02-26 20:55:00+00:00,12955.5,tiempo,-194.0,0.0,-194.0,387.5,-0.5006451612903225
1,1,2021-03-01 15:19:00+00:00,2021-03-01 15:20:00+00:00,13131.5,13040.5,13313.5,2021-03-01 20:55:00+00:00,13279.0,tiempo,295.0,0.0,295.0,182.0,1.620879120879121
-1,1,2021-03-02 15:29:00+00:00,2021-03-02 15:30:00+00:00,13157.0,13303.0,12865.0,2021-03-02 20:55:00+00:00,13072.25,tiempo,169.5,0.0,169.5,292.0,0.5804794520547946
-1,1,2021-03-03 15:14:00+00:00,2021-03-03 15:15:00+00:00,12842.25,13052.0,12422.75,2021-03-03 20:55:00+00:00,12688.5,tiempo,307.5,0.0,307.5,419.5,0.733015494636472
-1,1,2021-03-04 15:04:00+00:00,2021-03-04 15:05:00+00:00,12544.0,12765.0,12102.0,2021-03-04 16:02:00+00:00,12765.0,stop,-442.0,0.0,-442.0,442.0,-1.0
-1,1,2021-03-05 15:34:00+00:00,2021-03-05 15:35:00+00:00,12339.5,12606.0,11806.5,2021-03-05 18:27:00+00:00,12606.0,stop,-533.0,0.0,-533.0,533.0,-1.0
1,1,2021-03-08 15:34:00+00:00,2021-03-08 15:35:00+00:00,12708.5,12526.75,13072.0,2021-03-08 16:50:00+00:00,12526.75,stop,-363.5,0.0,-363.5,363.5,-1.0
1,1,2021-03-09 15:04:00+00:00,2021-03-09 15:05:00+00:00,12725.0,12587.0,13001.0,2021-03-09 20:55:00+00:00,12830.5,tiempo,211.0,0.0,211.0,276.0,0.7644927536231884
1,1,2021-03-11 15:59:00+00:00,2021-03-11 16:00:00+00:00,13024.0,12931.25,13209.5,2021-03-11 20:55:00+00:00,13057.5,tiempo,67.0,0.0,67.0,185.5,0.3611859838274933
-1,1,2021-03-12 16:04:00+00:00,2021-03-12 16:05:00+00:00,12779.25,12894.75,12548.25,2021-03-12 17:15:00+00:00,12894.75,stop,-231.0,0.0,-231.0,231.0,-1.0
1,1,2021-03-15 18:19:00+00:00,2021-03-15 18:20:00+00:00,13003.75,12897.0,13217.25,2021-03-15 19:55:00+00:00,13060.0,tiempo,112.5,0.0,112.5,213.5,0.5269320843091335
-1,1,2021-03-18 16:54:00+00:00,2021-03-18 16:55:00+00:00,12932.5,13022.25,12753.0,2021-03-18 19:55:00+00:00,12772.25,tiempo,320.5,0.0,320.5,179.5,1.7855153203342617
-1,1,2021-03-19 14:04:00+00:00,2021-03-19 14:05:00+00:00,12710.0,12837.5,12455.0,2021-03-19 14:52:00+00:00,12837.5,stop,-255.0,0.0,-255.0,255.0,-1.0
1,1,2021-03-22 14:34:00+00:00,2021-03-22 14:35:00+00:00,13025.75,12927.75,13221.75,2021-03-22 19:55:00+00:00,13081.25,tiempo,111.0,0.0,111.0,196.0,0.5663265306122449
1,1,2021-03-23 14:14:00+00:00,2021-03-23 14:15:00+00:00,13122.5,13050.5,13266.5,2021-03-23 18:59:00+00:00,13050.5,stop,-144.0,0.0,-144.0,144.0,-1.0
-1,1,2021-03-24 14:19:00+00:00,2021-03-24 14:20:00+00:00,12916.75,13072.25,12605.75,2021-03-24 19:55:00+00:00,12806.25,tiempo,221.0,0.0,221.0,311.0,0.7106109324758842
-1,1,2021-03-25 14:49:00+00:00,2021-03-25 14:50:00+00:00,12675.5,12803.25,12420.0,2021-03-25 19:04:00+00:00,12803.25,stop,-255.5,0.0,-255.5,255.5,-1.0
1,1,2021-03-26 19:44:00+00:00,2021-03-26 19:45:00+00:00,12868.75,12753.75,13098.75,2021-03-26 19:55:00+00:00,12902.25,tiempo,67.0,0.0,67.0,230.0,0.29130434782608694
-1,1,2021-03-29 14:09:00+00:00,2021-03-29 14:10:00+00:00,12830.75,12978.0,12536.25,2021-03-29 17:02:00+00:00,12978.0,stop,-294.5,0.0,-294.5,294.5,-1.0
-1,1,2021-03-30 14:19:00+00:00,2021-03-30 14:20:00+00:00,12795.0,12888.25,12608.5,2021-03-30 15:32:00+00:00,12888.25,stop,-186.5,0.0,-186.5,186.5,-1.0
1,1,2021-03-31 14:04:00+00:00,2021-03-31 14:05:00+00:00,13067.25,12953.0,13295.75,2021-03-31 19:55:00+00:00,13093.0,tiempo,51.5,0.0,51.5,228.5,0.22538293216630198
1,1,2021-04-01 14:09:00+00:00,2021-04-01 14:10:00+00:00,13306.25,13241.75,13435.25,2021-04-01 19:55:00+00:00,13314.25,tiempo,16.0,0.0,16.0,129.0,0.12403100775193798
1,1,2021-04-05 14:09:00+00:00,2021-04-05 14:10:00+00:00,13490.0,13409.25,13651.5,2021-04-05 19:55:00+00:00,13600.5,tiempo,221.0,0.0,221.0,161.5,1.368421052631579
1,1,2021-04-06 14:54:00+00:00,2021-04-06 14:55:00+00:00,13611.0,13538.75,13755.5,2021-04-06 19:55:00+00:00,13550.5,tiempo,-121.0,0.0,-121.0,144.5,-0.8373702422145328
1,1,2021-04-07 14:19:00+00:00,2021-04-07 14:20:00+00:00,13610.75,13512.5,13807.25,2021-04-07 19:55:00+00:00,13597.0,tiempo,-27.5,0.0,-27.5,196.5,-0.13994910941475827
1,1,2021-04-09 15:54:00+00:00,2021-04-09 15:55:00+00:00,13764.5,13658.25,13977.0,2021-04-09 19:55:00+00:00,13832.5,tiempo,136.0,0.0,136.0,212.5,0.64
1,1,2021-04-13 18:34:00+00:00,2021-04-13 18:35:00+00:00,13953.5,13866.75,14127.0,2021-04-13 19:55:00+00:00,13976.75,tiempo,46.5,0.0,46.5,173.5,0.2680115273775216
-1,1,2021-04-14 14:24:00+00:00,2021-04-14 14:25:00+00:00,13940.75,13988.5,13845.25,2021-04-14 17:58:00+00:00,13845.25,objetivo,191.0,0.0,191.0,95.5,2.0
1,1,2021-04-15 14:29:00+00:00,2021-04-15 14:30:00+00:00,13989.0,13923.0,14121.0,2021-04-15 19:55:00+00:00,14021.25,tiempo,64.5,0.0,64.5,132.0,0.48863636363636365
-1,1,2021-04-19 14:09:00+00:00,2021-04-19 14:10:00+00:00,13924.25,14013.25,13746.25,2021-04-19 19:55:00+00:00,13871.0,tiempo,106.5,0.0,106.5,178.0,0.598314606741573
-1,1,2021-04-20 14:54:00+00:00,2021-04-20 14:55:00+00:00,13796.5,13929.75,13530.0,2021-04-20 19:55:00+00:00,13803.25,tiempo,-13.5,0.0,-13.5,266.5,-0.05065666041275797
1,1,2021-04-21 14:29:00+00:00,2021-04-21 14:30:00+00:00,13815.75,13700.5,14046.25,2021-04-21 19:55:00+00:00,13921.25,tiempo,211.0,0.0,211.0,230.5,0.9154013015184381
1,1,2021-04-22 16:59:00+00:00,2021-04-22 17:00:00+00:00,13938.0,13855.5,14103.0,2021-04-22 17:10:00+00:00,13855.5,stop,-165.0,0.0,-165.0,165.0,-1.0
1,1,2021-04-23 14:04:00+00:00,2021-04-23 14:05:00+00:00,13837.5,13776.0,13960.5,2021-04-23 17:37:00+00:00,13960.5,objetivo,246.0,0.0,246.0,123.0,2.0
1,1,2021-04-26 14:09:00+00:00,2021-04-26 14:10:00+00:00,13952.0,13902.25,14051.5,2021-04-26 19:55:00+00:00,14008.25,tiempo,112.5,0.0,112.5,99.5,1.1306532663316582
-1,1,2021-04-27 14:19:00+00:00,2021-04-27 14:20:00+00:00,13938.0,14034.75,13744.5,2021-04-27 19:55:00+00:00,13964.25,tiempo,-52.5,0.0,-52.5,193.5,-0.2713178294573643
-1,1,2021-04-29 14:14:00+00:00,2021-04-29 14:15:00+00:00,13946.25,14060.75,13717.25,2021-04-29 19:55:00+00:00,13952.5,tiempo,-12.5,0.0,-12.5,229.0,-0.05458515283842795
1,1,2021-04-30 14:29:00+00:00,2021-04-30 14:30:00+00:00,13945.5,13840.5,14155.5,2021-04-30 17:53:00+00:00,13840.5,stop,-210.0,0.0,-210.0,210.0,-1.0
1,1,2021-05-03 14:14:00+00:00,2021-05-03 14:15:00+00:00,13929.5,13851.0,14086.5,2021-05-03 14:53:00+00:00,13851.0,stop,-157.0,0.0,-157.0,157.0,-1.0
-1,1,2021-05-04 14:04:00+00:00,2021-05-04 14:05:00+00:00,13527.25,13696.5,13188.75,2021-05-04 19:55:00+00:00,13493.5,tiempo,67.5,0.0,67.5,338.5,0.19940915805022155
-1,1,2021-05-05 19:04:00+00:00,2021-05-05 19:05:00+00:00,13524.75,13665.5,13243.25,2021-05-05 19:55:00+00:00,13496.0,tiempo,57.5,0.0,57.5,281.5,0.20426287744227353
-1,1,2021-05-06 14:09:00+00:00,2021-05-06 14:10:00+00:00,13414.75,13509.0,13226.25,2021-05-06 15:34:00+00:00,13509.0,stop,-188.5,0.0,-188.5,188.5,-1.0
-1,1,2021-05-10 14:34:00+00:00,2021-05-10 14:35:00+00:00,13497.75,13657.75,13177.75,2021-05-10 19:55:00+00:00,13361.25,tiempo,273.0,0.0,273.0,320.0,0.853125
1,1,2021-05-11 15:19:00+00:00,2021-05-11 15:20:00+00:00,13272.0,13084.75,13646.5,2021-05-11 19:55:00+00:00,13346.0,tiempo,148.0,0.0,148.0,374.5,0.3951935914552737
-1,1,2021-05-12 14:34:00+00:00,2021-05-12 14:35:00+00:00,13088.5,13231.5,12802.5,2021-05-12 19:55:00+00:00,12964.5,tiempo,248.0,0.0,248.0,286.0,0.8671328671328671
1,1,2021-05-13 14:04:00+00:00,2021-05-13 14:05:00+00:00,13189.0,13086.75,13393.5,2021-05-13 15:43:00+00:00,13086.75,stop,-204.5,0.0,-204.5,204.5,-1.0
1,1,2021-05-14 14:14:00+00:00,2021-05-14 14:15:00+00:00,13287.0,13208.75,13443.5,2021-05-14 19:55:00+00:00,13419.75,tiempo,265.5,0.0,265.5,156.5,1.6964856230031948
-1,1,2021-05-17 14:04:00+00:00,2021-05-17 14:05:00+00:00,13254.5,13343.0,13077.5,2021-05-17 19:55:00+00:00,13289.0,tiempo,-69.0,0.0,-69.0,177.0,-0.3898305084745763
-1,1,2021-05-18 18:34:00+00:00,2021-05-18 18:35:00+00:00,13274.25,13362.0,13098.75,2021-05-18 19:55:00+00:00,13224.5,tiempo,99.5,0.0,99.5,175.5,0.5669515669515669
1,1,2021-05-19 16:14:00+00:00,2021-05-19 16:15:00+00:00,13148.0,12969.5,13505.0,2021-05-19 19:55:00+00:00,13205.5,tiempo,115.0,0.0,115.0,357.0,0.32212885154061627
1,1,2021-05-20 14:04:00+00:00,2021-05-20 14:05:00+00:00,13405.75,13281.25,13654.75,2021-05-20 19:55:00+00:00,13508.75,tiempo,206.0,0.0,206.0,249.0,0.8273092369477911
-1,1,2021-05-21 14:19:00+00:00,2021-05-21 14:20:00+00:00,13482.25,13570.0,13306.75,2021-05-21 19:55:00+00:00,13405.75,tiempo,153.0,0.0,153.0,175.5,0.8717948717948718
1,1,2021-05-24 14:04:00+00:00,2021-05-24 14:05:00+00:00,13589.25,13493.5,13780.75,2021-05-24 19:55:00+00:00,13657.5,tiempo,136.5,0.0,136.5,191.5,0.7127937336814621
-1,1,2021-05-25 14:34:00+00:00,2021-05-25 14:35:00+00:00,13639.25,13732.5,13452.75,2021-05-25 19:55:00+00:00,13639.0,tiempo,0.5,0.0,0.5,186.5,0.002680965147453083
-1,1,2021-05-26 14:04:00+00:00,2021-05-26 14:05:00+00:00,13661.5,13708.75,13567.0,2021-05-26 14:53:00+00:00,13708.75,stop,-94.5,0.0,-94.5,94.5,-1.0
1,1,2021-05-27 14:19:00+00:00,2021-05-27 14:20:00+00:00,13699.0,13644.0,13809.0,2021-05-27 19:55:00+00:00,13665.75,tiempo,-66.5,0.0,-66.5,110.0,-0.6045454545454545
1,1,2021-05-28 15:44:00+00:00,2021-05-28 15:45:00+00:00,13745.25,13695.75,13844.25,2021-05-28 19:54:00+00:00,13695.75,stop,-99.0,0.0,-99.0,99.0,-1.0
-1,1,2021-05-31 16:54:00+00:00,2021-05-31 16:55:00+00:00,13656.75,13680.0,13610.25,2021-05-31 16:59:00+00:00,13654.75,fin_de_datos,4.0,0.0,4.0,46.5,0.08602150537634409
-1,1,2021-06-01 14:14:00+00:00,2021-06-01 14:15:00+00:00,13657.75,13773.0,13427.25,2021-06-01 19:55:00+00:00,13662.25,tiempo,-9.0,0.0,-9.0,230.5,-0.039045553145336226
-1,1,2021-06-02 18:14:00+00:00,2021-06-02 18:15:00+00:00,13605.5,13708.5,13399.5,2021-06-02 19:55:00+00:00,13661.5,tiempo,-112.0,0.0,-112.0,206.0,-0.5436893203883495
1,1,2021-06-04 14:04:00+00:00,2021-06-04 14:05:00+00:00,13733.0,13605.5,13988.0,2021-06-04 19:55:00+00:00,13776.0,tiempo,86.0,0.0,86.0,255.0,0.33725490196078434
1,1,2021-06-07 18:59:00+00:00,2021-06-07 19:00:00+00:00,13778.25,13720.75,13893.25,2021-06-07 19:55:00+00:00,13799.5,tiempo,42.5,0.0,42.5,115.0,0.3695652173913043
-1,1,2021-06-08 15:19:00+00:00,2021-06-08 15:20:00+00:00,13771.25,13917.25,13479.25,2021-06-08 19:55:00+00:00,13813.25,tiempo,-84.0,0.0,-84.0,292.0,-0.2876712328767123
-1,1,2021-06-09 19:44:00+00:00,2021-06-09 19:45:00+00:00,13810.25,13904.25,13622.25,2021-06-09 19:55:00+00:00,13819.5,tiempo,-18.5,0.0,-18.5,188.0,-0.09840425531914894
-1,1,2021-06-11 15:04:00+00:00,2021-06-11 15:05:00+00:00,13937.25,13985.5,13840.75,2021-06-11 19:54:00+00:00,13985.5,stop,-96.5,0.0,-96.5,96.5,-1.0
1,1,2021-06-17 14:04:00+00:00,2021-06-17 14:05:00+00:00,14040.75,13932.0,14258.25,2021-06-17 19:55:00+00:00,14173.5,tiempo,265.5,0.0,265.5,217.5,1.2206896551724138
-1,1,2021-06-18 15:14:00+00:00,2021-06-18 15:15:00+00:00,14029.5,14131.5,13825.5,2021-06-18 19:55:00+00:00,14077.75,tiempo,-96.5,0.0,-96.5,204.0,-0.4730392156862745
1,1,2021-06-21 17:49:00+00:00,2021-06-21 17:50:00+00:00,14136.0,13958.5,14491.0,2021-06-21 19:55:00+00:00,14132.0,tiempo,-8.0,0.0,-8.0,355.0,-0.022535211267605635
1,1,2021-06-22 15:09:00+00:00,2021-06-22 15:10:00+00:00,14187.25,14107.5,14346.75,2021-06-22 19:55:00+00:00,14264.25,tiempo,154.0,0.0,154.0,159.5,0.9655172413793104
-1,1,2021-06-23 16:39:00+00:00,2021-06-23 16:40:00+00:00,14235.0,14311.75,14081.5,2021-06-23 19:55:00+00:00,14259.0,tiempo,-48.0,0.0,-48.0,153.5,-0.3127035830618892
1,1,2021-06-24 14:09:00+00:00,2021-06-24 14:10:00+00:00,14387.0,14344.0,14473.0,2021-06-24 17:20:00+00:00,14344.0,stop,-86.0,0.0,-86.0,86.0,-1.0
-1,1,2021-06-25 16:29:00+00:00,2021-06-25 16:30:00+00:00,14325.5,14390.5,14195.5,2021-06-25 19:55:00+00:00,14325.5,tiempo,-0.0,0.0,-0.0,130.0,-0.0
1,1,2021-06-28 14:09:00+00:00,2021-06-28 14:10:00+00:00,14467.0,14390.75,14619.5,2021-06-28 19:55:00+00:00,14517.0,tiempo,100.0,0.0,100.0,152.5,0.6557377049180327
1,1,2021-06-29 16:19:00+00:00,2021-06-29 16:20:00+00:00,14533.75,14470.5,14660.25,2021-06-29 19:55:00+00:00,14558.75,tiempo,50.0,0.0,50.0,126.5,0.3952569169960474
-1,1,2021-07-01 15:14:00+00:00,2021-07-01 15:15:00+00:00,14497.0,14570.0,14351.0,2021-07-01 19:55:00+00:00,14538.5,tiempo,-83.0,0.0,-83.0,146.0,-0.5684931506849316
1,1,2021-07-02 15:54:00+00:00,2021-07-02 15:55:00+00:00,14670.0,14619.25,14771.5,2021-07-02 19:55:00+00:00,14725.25,tiempo,110.5,0.0,110.5,101.5,1.0886699507389161
1,1,2021-07-06 14:09:00+00:00,2021-07-06 14:10:00+00:00,14786.0,14738.0,14882.0,2021-07-06 14:33:00+00:00,14738.0,stop,-96.0,0.0,-96.0,96.0,-1.0
-1,1,2021-07-07 14:39:00+00:00,2021-07-07 14:40:00+00:00,14768.75,14883.75,14538.75,2021-07-07 19:55:00+00:00,14806.0,tiempo,-74.5,0.0,-74.5,230.0,-0.3239130434782609
1,1,2021-07-09 14:54:00+00:00,2021-07-09 14:55:00+00:00,14769.25,14668.0,14971.75,2021-07-09 19:55:00+00:00,14823.25,tiempo,108.0,0.0,108.0,202.5,0.5333333333333333
1,1,2021-07-13 14:14:00+00:00,2021-07-13 14:15:00+00:00,14930.5,14842.25,15107.0,2021-07-13 18:03:00+00:00,14842.25,stop,-176.5,0.0,-176.5,176.5,-1.0
1,1,2021-07-14 14:04:00+00:00,2021-07-14 14:05:00+00:00,14992.0,14935.0,15106.0,2021-07-14 15:28:00+00:00,14935.0,stop,-114.0,0.0,-114.0,114.0,-1.0
-1,1,2021-07-15 14:44:00+00:00,2021-07-15 14:45:00+00:00,14786.25,14902.25,14554.25,2021-07-15 19:55:00+00:00,14780.75,tiempo,11.0,0.0,11.0,232.0,0.04741379310344827
-1,1,2021-07-16 14:24:00+00:00,2021-07-16 14:25:00+00:00,14751.75,14869.5,14516.25,2021-07-16 19:55:00+00:00,14670.75,tiempo,162.0,0.0,162.0,235.5,0.6878980891719745
-1,1,2021-07-19 16:44:00+00:00,2021-07-19 16:45:00+00:00,14464.75,14573.5,14247.25,2021-07-19 19:55:00+00:00,14510.75,tiempo,-92.0,0.0,-92.0,217.5,-0.42298850574712643
1,1,2021-07-20 14:49:00+00:00,2021-07-20 14:50:00+00:00,14644.25,14516.75,14899.25,2021-07-20 19:55:00+00:00,14759.5,tiempo,230.5,0.0,230.5,255.0,0.903921568627451
1,1,2021-07-21 15:04:00+00:00,2021-07-21 15:05:00+00:00,14776.0,14692.25,14943.5,2021-07-21 19:55:00+00:00,14819.75,tiempo,87.5,0.0,87.5,167.5,0.5223880597014925
1,1,2021-07-22 14:29:00+00:00,2021-07-22 14:30:00+00:00,14904.75,14839.5,15035.25,2021-07-22 19:55:00+00:00,14922.0,tiempo,34.5,0.0,34.5,130.5,0.26436781609195403
1,1,2021-07-23 14:54:00+00:00,2021-07-23 14:55:00+00:00,15018.75,14934.25,15187.75,2021-07-23 19:55:00+00:00,15104.25,tiempo,171.0,0.0,171.0,169.0,1.0118343195266273
1,1,2021-07-26 14:04:00+00:00,2021-07-26 14:05:00+00:00,15112.5,15040.25,15257.0,2021-07-26 19:55:00+00:00,15108.5,tiempo,-8.0,0.0,-8.0,144.5,-0.05536332179930796
-1,1,2021-07-27 14:09:00+00:00,2021-07-27 14:10:00+00:00,15012.75,15107.0,14824.25,2021-07-27 15:40:00+00:00,14824.25,objetivo,377.0,0.0,377.0,188.5,2.0
1,1,2021-07-28 14:19:00+00:00,2021-07-28 14:20:00+00:00,15054.25,14901.5,15359.75,2021-07-28 19:55:00+00:00,15017.25,tiempo,-74.0,0.0,-74.0,305.5,-0.24222585924713586
1,1,2021-07-30 14:04:00+00:00,2021-07-30 14:05:00+00:00,14976.75,14866.0,15198.25,2021-07-30 19:55:00+00:00,14942.5,tiempo,-68.5,0.0,-68.5,221.5,-0.309255079006772
-1,1,2021-08-03 14:09:00+00:00,2021-08-03 14:10:00+00:00,14867.25,15008.75,14584.25,2021-08-03 15:57:00+00:00,15008.75,stop,-283.0,0.0,-283.0,283.0,-1.0
1,1,2021-08-04 17:04:00+00:00,2021-08-04 17:05:00+00:00,15075.0,15018.5,15188.0,2021-08-04 19:55:00+00:00,15090.25,tiempo,30.5,0.0,30.5,113.0,0.26991150442477874
1,1,2021-08-05 14:09:00+00:00,2021-08-05 14:10:00+00:00,15128.75,15073.0,15240.25,2021-08-05 19:55:00+00:00,15158.75,tiempo,60.0,0.0,60.0,111.5,0.5381165919282511
-1,1,2021-08-06 14:59:00+00:00,2021-08-06 15:00:00+00:00,15077.25,15150.0,14931.75,2021-08-06 19:55:00+00:00,15089.75,tiempo,-25.0,0.0,-25.0,145.5,-0.1718213058419244
1,1,2021-08-09 18:34:00+00:00,2021-08-09 18:35:00+00:00,15144.0,15069.0,15294.0,2021-08-09 19:55:00+00:00,15119.25,tiempo,-49.5,0.0,-49.5,150.0,-0.33
-1,1,2021-08-10 14:29:00+00:00,2021-08-10 14:30:00+00:00,15096.5,15153.75,14982.0,2021-08-10 19:55:00+00:00,15027.75,tiempo,137.5,0.0,137.5,114.5,1.2008733624454149
-1,1,2021-08-11 15:19:00+00:00,2021-08-11 15:20:00+00:00,14970.25,15119.0,14672.75,2021-08-11 19:55:00+00:00,15021.0,tiempo,-101.5,0.0,-101.5,297.5,-0.3411764705882353
1,1,2021-08-12 14:49:00+00:00,2021-08-12 14:50:00+00:00,15035.5,14946.5,15213.5,2021-08-12 19:55:00+00:00,15088.25,tiempo,105.5,0.0,105.5,178.0,0.5926966292134831
1,1,2021-08-13 14:19:00+00:00,2021-08-13 14:20:00+00:00,15133.5,15068.25,15264.0,2021-08-13 19:55:00+00:00,15116.5,tiempo,-34.0,0.0,-34.0,130.5,-0.26053639846743293
-1,1,2021-08-16 14:09:00+00:00,2021-08-16 14:10:00+00:00,15006.25,15112.25,14794.25,2021-08-16 19:23:00+00:00,15112.25,stop,-212.0,0.0,-212.0,212.0,-1.0
-1,1,2021-08-17 15:59:00+00:00,2021-08-17 16:00:00+00:00,14939.75,15042.25,14734.75,2021-08-17 19:55:00+00:00,14979.5,tiempo,-79.5,0.0,-79.5,205.0,-0.3878048780487805
-1,1,2021-08-18 18:14:00+00:00,2021-08-18 18:15:00+00:00,14952.25,15036.0,14784.75,2021-08-18 19:55:00+00:00,14872.75,tiempo,159.0,0.0,159.0,167.5,0.9492537313432836
1,1,2021-08-19 14:09:00+00:00,2021-08-19 14:10:00+00:00,14846.75,14763.75,15012.75,2021-08-19 19:55:00+00:00,14923.75,tiempo,154.0,0.0,154.0,166.0,0.927710843373494
1,1,2021-08-20 14:04:00+00:00,2021-08-20 14:05:00+00:00,15059.5,14959.0,15260.5,2021-08-20 19:55:00+00:00,15091.0,tiempo,63.0,0.0,63.0,201.0,0.31343283582089554
1,1,2021-08-23 14:04:00+00:00,2021-08-23 14:05:00+00:00,15230.0,15124.75,15440.5,2021-08-23 19:55:00+00:00,15318.0,tiempo,176.0,0.0,176.0,210.5,0.836104513064133
-1,1,2021-08-26 14:29:00+00:00,2021-08-26 14:30:00+00:00,15295.25,15362.25,15161.25,2021-08-26 19:55:00+00:00,15279.25,tiempo,32.0,0.0,32.0,134.0,0.23880597014925373
1,1,2021-08-27 14:04:00+00:00,2021-08-27 14:05:00+00:00,15361.0,15284.25,15514.5,2021-08-27 19:55:00+00:00,15430.0,tiempo,138.0,0.0,138.0,153.5,0.8990228013029316
1,1,2021-08-30 14:04:00+00:00,2021-08-30 14:05:00+00:00,15545.5,15455.25,15726.0,2021-08-30 19:55:00+00:00,15611.75,tiempo,132.5,0.0,132.5,180.5,0.7340720221606648
-1,1,2021-09-02 16:19:00+00:00,2021-09-02 16:20:00+00:00,15609.25,15682.0,15463.75,2021-09-02 19:55:00+00:00,15597.0,tiempo,24.5,0.0,24.5,145.5,0.16838487972508592
1,1,2021-09-07 16:44:00+00:00,2021-09-07 16:45:00+00:00,15692.75,15613.5,15851.25,2021-09-07 19:55:00+00:00,15679.0,tiempo,-27.5,0.0,-27.5,158.5,-0.17350157728706625
-1,1,2021-09-08 14:34:00+00:00,2021-09-08 14:35:00+00:00,15593.0,15667.25,15444.5,2021-09-08 19:55:00+00:00,15613.0,tiempo,-40.0,0.0,-40.0,148.5,-0.26936026936026936
-1,1,2021-09-10 14:34:00+00:00,2021-09-10 14:35:00+00:00,15585.0,15668.0,15419.0,2021-09-10 19:55:00+00:00,15440.0,tiempo,290.0,0.0,290.0,166.0,1.7469879518072289
-1,1,2021-09-13 14:04:00+00:00,2021-09-13 14:05:00+00:00,15415.25,15565.0,15115.75,2021-09-13 19:55:00+00:00,15425.25,tiempo,-20.0,0.0,-20.0,299.5,-0.0667779632721202
-1,1,2021-09-14 18:19:00+00:00,2021-09-14 18:20:00+00:00,15390.0,15530.75,15108.5,2021-09-14 19:55:00+00:00,15376.5,tiempo,27.0,0.0,27.0,281.5,0.09591474245115453
-1,1,2021-09-16 14:04:00+00:00,2021-09-16 14:05:00+00:00,15384.25,15472.75,15207.25,2021-09-16 17:57:00+00:00,15472.75,stop,-177.0,0.0,-177.0,177.0,-1.0
-1,1,2021-09-17 14:14:00+00:00,2021-09-17 14:15:00+00:00,15373.75,15485.0,15151.25,2021-09-17 19:55:00+00:00,15321.5,tiempo,104.5,0.0,104.5,222.5,0.4696629213483146
-1,1,2021-09-20 14:24:00+00:00,2021-09-20 14:25:00+00:00,15021.5,15151.25,14762.0,2021-09-20 19:55:00+00:00,14965.0,tiempo,113.0,0.0,113.0,259.5,0.43545279383429675
-1,1,2021-09-21 14:09:00+00:00,2021-09-21 14:10:00+00:00,15015.25,15131.75,14782.25,2021-09-21 19:55:00+00:00,15040.0,tiempo,-49.5,0.0,-49.5,233.0,-0.21244635193133046
1,1,2021-09-22 14:09:00+00:00,2021-09-22 14:10:00+00:00,15109.25,15014.75,15298.25,2021-09-22 19:55:00+00:00,15178.0,tiempo,137.5,0.0,137.5,189.0,0.7275132275132276
1,1,2021-09-23 14:04:00+00:00,2021-09-23 14:05:00+00:00,15318.75,15182.0,15592.25,2021-09-23 19:55:00+00:00,15315.0,tiempo,-7.5,0.0,-7.5,273.5,-0.027422303473491772
1,1,2021-09-24 14:04:00+00:00,2021-09-24 14:05:00+00:00,15257.25,15189.75,15392.25,2021-09-24 19:55:00+00:00,15323.5,tiempo,132.5,0.0,132.5,135.0,0.9814814814814815
-1,1,2021-09-28 14:09:00+00:00,2021-09-28 14:10:00+00:00,14881.25,15029.0,14585.75,2021-09-28 19:55:00+00:00,14764.25,tiempo,234.0,0.0,234.0,295.5,0.7918781725888325
-1,1,2021-09-29 15:39:00+00:00,2021-09-29 15:40:00+00:00,14762.5,14903.25,14481.0,2021-09-29 19:55:00+00:00,14739.75,tiempo,45.5,0.0,45.5,281.5,0.16163410301953818
-1,1,2021-09-30 15:39:00+00:00,2021-09-30 15:40:00+00:00,14760.0,14878.75,14522.5,2021-09-30 19:55:00+00:00,14707.25,tiempo,105.5,0.0,105.5,237.5,0.4442105263157895
-1,1,2021-10-01 14:24:00+00:00,2021-10-01 14:25:00+00:00,14553.0,14735.5,14188.0,2021-10-01 17:48:00+00:00,14735.5,stop,-365.0,0.0,-365.0,365.0,-1.0
-1,1,2021-10-04 14:04:00+00:00,2021-10-04 14:05:00+00:00,14555.25,14720.0,14225.75,2021-10-04 19:55:00+00:00,14412.25,tiempo,286.0,0.0,286.0,329.5,0.8679817905918058
1,1,2021-10-05 14:04:00+00:00,2021-10-05 14:05:00+00:00,14606.25,14497.5,14823.75,2021-10-05 19:55:00+00:00,14673.5,tiempo,134.5,0.0,134.5,217.5,0.6183908045977011
1,1,2021-10-06 14:24:00+00:00,2021-10-06 14:25:00+00:00,14658.5,14511.5,14952.5,2021-10-06 19:55:00+00:00,14740.75,tiempo,164.5,0.0,164.5,294.0,0.5595238095238095
1,1,2021-10-07 14:04:00+00:00,2021-10-07 14:05:00+00:00,14970.75,14859.25,15193.75,2021-10-07 19:55:00+00:00,14896.5,tiempo,-148.5,0.0,-148.5,223.0,-0.6659192825112108
-1,1,2021-10-08 14:44:00+00:00,2021-10-08 14:45:00+00:00,14826.75,14943.0,14594.25,2021-10-08 19:55:00+00:00,14807.75,tiempo,38.0,0.0,38.0,232.5,0.16344086021505377
1,1,2021-10-11 14:04:00+00:00,2021-10-11 14:05:00+00:00,14868.0,14722.0,15160.0,2021-10-11 19:51:00+00:00,14722.0,stop,-292.0,0.0,-292.0,292.0,-1.0
1,1,2021-10-14 14:04:00+00:00,2021-10-14 14:05:00+00:00,14973.25,14890.5,15138.75,2021-10-14 19:55:00+00:00,15039.5,tiempo,132.5,0.0,132.5,165.5,0.8006042296072508
1,1,2021-10-15 14:59:00+00:00,2021-10-15 15:00:00+00:00,15110.25,15049.25,15232.25,2021-10-15 19:55:00+00:00,15122.0,tiempo,23.5,0.0,23.5,122.0,0.19262295081967212
1,1,2021-10-18 14:09:00+00:00,2021-10-18 14:10:00+00:00,15153.5,15052.0,15356.5,2021-10-18 19:55:00+00:00,15288.25,tiempo,269.5,0.0,269.5,203.0,1.3275862068965518
1,1,2021-10-19 14:59:00+00:00,2021-10-19 15:00:00+00:00,15375.75,15302.0,15523.25,2021-10-19 19:55:00+00:00,15388.25,tiempo,25.0,0.0,25.0,147.5,0.1694915254237288
1,1,2021-10-20 14:34:00+00:00,2021-10-20 14:35:00+00:00,15444.75,15397.25,15539.75,2021-10-20 15:02:00+00:00,15397.25,stop,-95.0,0.0,-95.0,95.0,-1.0
1,1,2021-10-21 14:09:00+00:00,2021-10-21 14:10:00+00:00,15399.5,15334.0,15530.5,2021-10-21 19:55:00+00:00,15468.25,tiempo,137.5,0.0,137.5,131.0,1.049618320610687
1,1,2021-10-22 14:29:00+00:00,2021-10-22 14:30:00+00:00,15462.75,15385.5,15617.25,2021-10-22 15:15:00+00:00,15385.5,stop,-154.5,0.0,-154.5,154.5,-1.0
1,1,2021-10-25 15:59:00+00:00,2021-10-25 16:00:00+00:00,15436.75,15322.25,15665.75,2021-10-25 19:55:00+00:00,15495.75,tiempo,118.0,0.0,118.0,229.0,0.5152838427947598
1,1,2021-10-26 14:14:00+00:00,2021-10-26 14:15:00+00:00,15674.75,15580.0,15864.25,2021-10-26 16:00:00+00:00,15580.0,stop,-189.5,0.0,-189.5,189.5,-1.0
1,1,2021-10-27 14:54:00+00:00,2021-10-27 14:55:00+00:00,15648.75,15558.75,15828.75,2021-10-27 19:55:00+00:00,15601.25,tiempo,-95.0,0.0,-95.0,180.0,-0.5277777777777778
1,1,2021-10-28 14:29:00+00:00,2021-10-28 14:30:00+00:00,15699.25,15635.5,15826.75,2021-10-28 19:55:00+00:00,15754.25,tiempo,110.0,0.0,110.0,127.5,0.8627450980392157
1,1,2021-10-29 15:09:00+00:00,2021-10-29 15:10:00+00:00,15708.0,15615.75,15892.5,2021-10-29 19:55:00+00:00,15835.25,tiempo,254.5,0.0,254.5,184.5,1.3794037940379404
-1,1,2021-11-01 14:04:00+00:00,2021-11-01 14:05:00+00:00,15778.25,15868.5,15597.75,2021-11-01 17:03:00+00:00,15868.5,stop,-180.5,0.0,-180.5,180.5,-1.0
1,1,2021-11-02 15:44:00+00:00,2021-11-02 15:45:00+00:00,15972.0,15864.0,16188.0,2021-11-02 19:55:00+00:00,15955.5,tiempo,-33.0,0.0,-33.0,216.0,-0.1527777777777778
-1,1,2021-11-03 14:04:00+00:00,2021-11-03 14:05:00+00:00,15939.0,15997.25,15822.5,2021-11-03 18:00:00+00:00,15997.25,stop,-116.5,0.0,-116.5,116.5,-1.0
1,1,2021-11-04 14:04:00+00:00,2021-11-04 14:05:00+00:00,16253.5,16157.0,16446.5,2021-11-04 19:55:00+00:00,16337.5,tiempo,168.0,0.0,168.0,193.0,0.8704663212435233
-1,1,2021-11-05 17:29:00+00:00,2021-11-05 17:30:00+00:00,16293.75,16448.5,15984.25,2021-11-05 19:55:00+00:00,16338.5,tiempo,-89.5,0.0,-89.5,309.5,-0.28917609046849757
-1,1,2021-11-09 18:29:00+00:00,2021-11-09 18:30:00+00:00,16193.25,16391.75,15796.25,2021-11-09 20:55:00+00:00,16204.5,tiempo,-22.5,0.0,-22.5,397.0,-0.05667506297229219
-1,1,2021-11-10 18:24:00+00:00,2021-11-10 18:25:00+00:00,16040.75,16179.25,15763.75,2021-11-10 20:55:00+00:00,15994.0,tiempo,93.5,0.0,93.5,277.0,0.33754512635379064
1,1,2021-11-12 15:54:00+00:00,2021-11-12 15:55:00+00:00,16093.25,16001.75,16276.25,2021-11-12 20:55:00+00:00,16187.5,tiempo,188.5,0.0,188.5,183.0,1.030054644808743
-1,1,2021-11-15 15:14:00+00:00,2021-11-15 15:15:00+00:00,16181.5,16254.25,16036.0,2021-11-15 20:55:00+00:00,16166.25,tiempo,30.5,0.0,30.5,145.5,0.20962199312714777
1,1,2021-11-16 16:04:00+00:00,2021-11-16 16:05:00+00:00,16255.5,16149.25,16468.0,2021-11-16 20:55:00+00:00,16311.5,tiempo,112.0,0.0,112.0,212.5,0.5270588235294118
1,1,2021-11-17 15:39:00+00:00,2021-11-17 15:40:00+00:00,16344.75,16270.0,16494.25,2021-11-17 20:55:00+00:00,16313.5,tiempo,-62.5,0.0,-62.5,149.5,-0.4180602006688963
-1,1,2021-11-18 15:14:00+00:00,2021-11-18 15:15:00+00:00,16336.5,16421.0,16167.5,2021-11-18 16:34:00+00:00,16421.0,stop,-169.0,0.0,-169.0,169.0,-1.0
1,1,2021-11-19 16:39:00+00:00,2021-11-19 16:40:00+00:00,16618.25,16516.25,16822.25,2021-11-19 20:55:00+00:00,16569.25,tiempo,-98.0,0.0,-98.0,204.0,-0.4803921568627451
1,1,2021-11-22 15:04:00+00:00,2021-11-22 15:05:00+00:00,16744.5,16638.25,16957.0,2021-11-22 16:12:00+00:00,16638.25,stop,-212.5,0.0,-212.5,212.5,-1.0
-1,1,2021-11-23 15:29:00+00:00,2021-11-23 15:30:00+00:00,16242.25,16418.75,15889.25,2021-11-23 20:55:00+00:00,16299.75,tiempo,-115.0,0.0,-115.0,353.0,-0.32577903682719545
1,1,2021-11-24 18:24:00+00:00,2021-11-24 18:25:00+00:00,16330.75,16102.0,16788.25,2021-11-24 20:55:00+00:00,16362.25,tiempo,63.0,0.0,63.0,457.5,0.1377049180327869
-1,1,2021-11-26 15:54:00+00:00,2021-11-26 15:55:00+00:00,16123.0,16307.5,15754.0,2021-11-26 18:14:00+00:00,16043.5,fin_de_datos,159.0,0.0,159.0,369.0,0.43089430894308944
1,1,2021-11-29 16:34:00+00:00,2021-11-29 16:35:00+00:00,16317.25,16208.5,16534.75,2021-11-29 20:55:00+00:00,16408.75,tiempo,183.0,0.0,183.0,217.5,0.8413793103448276
1,1,2021-11-30 15:04:00+00:00,2021-11-30 15:05:00+00:00,16422.0,16319.0,16628.0,2021-11-30 15:46:00+00:00,16319.0,stop,-206.0,0.0,-206.0,206.0,-1.0
1,1,2021-12-01 16:14:00+00:00,2021-12-01 16:15:00+00:00,16411.25,16270.5,16692.75,2021-12-01 17:55:00+00:00,16270.5,stop,-281.5,0.0,-281.5,281.5,-1.0
1,1,2021-12-02 15:04:00+00:00,2021-12-02 15:05:00+00:00,16018.0,15788.5,16477.0,2021-12-02 15:43:00+00:00,15788.5,stop,-459.0,0.0,-459.0,459.0,-1.0
-1,1,2021-12-03 15:04:00+00:00,2021-12-03 15:05:00+00:00,15792.0,16090.5,15195.0,2021-12-03 20:55:00+00:00,15645.75,tiempo,292.5,0.0,292.5,597.0,0.4899497487437186
1,1,2021-12-06 17:54:00+00:00,2021-12-06 17:55:00+00:00,15811.5,15559.25,16316.0,2021-12-06 20:55:00+00:00,15867.25,tiempo,111.5,0.0,111.5,504.5,0.22101090188305253
1,1,2021-12-07 15:09:00+00:00,2021-12-07 15:10:00+00:00,16245.25,16119.0,16497.75,2021-12-07 20:55:00+00:00,16284.25,tiempo,78.0,0.0,78.0,252.5,0.3089108910891089
-1,1,2021-12-09 15:29:00+00:00,2021-12-09 15:30:00+00:00,16271.75,16414.25,15986.75,2021-12-09 20:55:00+00:00,16171.0,tiempo,201.5,0.0,201.5,285.0,0.7070175438596491
-1,1,2021-12-10 16:09:00+00:00,2021-12-10 16:10:00+00:00,16147.25,16326.0,15789.75,2021-12-10 20:55:00+00:00,16309.5,tiempo,-324.5,0.0,-324.5,357.5,-0.9076923076923077
-1,1,2021-12-13 15:24:00+00:00,2021-12-13 15:25:00+00:00,16223.25,16339.5,15990.75,2021-12-13 20:55:00+00:00,16090.25,tiempo,266.0,0.0,266.0,232.5,1.1440860215053763
-1,1,2021-12-14 15:49:00+00:00,2021-12-14 15:50:00+00:00,15840.5,15998.75,15524.0,2021-12-14 20:55:00+00:00,15883.75,tiempo,-86.5,0.0,-86.5,316.5,-0.27330173775671407
-1,1,2021-12-15 16:19:00+00:00,2021-12-15 16:20:00+00:00,15809.25,15927.75,15572.25,2021-12-15 19:05:00+00:00,15927.75,stop,-237.0,0.0,-237.0,237.0,-1.0
-1,1,2021-12-16 15:04:00+00:00,2021-12-16 15:05:00+00:00,16127.0,16342.0,15697.0,2021-12-16 20:55:00+00:00,15850.75,tiempo,552.5,0.0,552.5,430.0,1.2848837209302326
1,1,2021-12-17 15:49:00+00:00,2021-12-17 15:50:00+00:00,15881.5,15657.0,16330.5,2021-12-17 20:55:00+00:00,15794.25,tiempo,-174.5,0.0,-174.5,449.0,-0.388641425389755
-1,1,2021-12-21 15:09:00+00:00,2021-12-21 15:10:00+00:00,15659.75,15798.25,15382.75,2021-12-21 16:55:00+00:00,15798.25,stop,-277.0,0.0,-277.0,277.0,-1.0
1,1,2021-12-22 15:39:00+00:00,2021-12-22 15:40:00+00:00,16065.75,15933.25,16330.75,2021-12-22 20:55:00+00:00,16152.25,tiempo,173.0,0.0,173.0,265.0,0.6528301886792452
1,1,2021-12-23 15:14:00+00:00,2021-12-23 15:15:00+00:00,16258.5,16176.5,16422.5,2021-12-23 20:55:00+00:00,16338.75,tiempo,160.5,0.0,160.5,164.0,0.9786585365853658
1,1,2021-12-27 15:04:00+00:00,2021-12-27 15:05:00+00:00,16457.25,16344.5,16682.75,2021-12-27 20:55:00+00:00,16555.25,tiempo,196.0,0.0,196.0,225.5,0.8691796008869179
-1,1,2021-12-28 15:09:00+00:00,2021-12-28 15:10:00+00:00,16520.0,16608.5,16343.0,2021-12-28 20:55:00+00:00,16485.0,tiempo,70.0,0.0,70.0,177.0,0.3954802259887006
-1,1,2021-12-29 15:14:00+00:00,2021-12-29 15:15:00+00:00,16422.75,16549.5,16169.25,2021-12-29 20:55:00+00:00,16511.0,tiempo,-176.5,0.0,-176.5,253.5,-0.6962524654832347
1,1,2021-12-30 15:14:00+00:00,2021-12-30 15:15:00+00:00,16551.5,16449.25,16756.0,2021-12-30 20:45:00+00:00,16449.25,stop,-204.5,0.0,-204.5,204.5,-1.0
-1,1,2021-12-31 15:04:00+00:00,2021-12-31 15:05:00+00:00,16364.0,16464.0,16164.0,2021-12-31 20:55:00+00:00,16320.0,tiempo,88.0,0.0,88.0,200.0,0.44
1,1,2022-01-03 19:44:00+00:00,2022-01-03 19:45:00+00:00,16490.0,16292.0,16886.0,2022-01-03 20:55:00+00:00,16483.75,tiempo,-12.5,0.0,-12.5,396.0,-0.03156565656565657
-1,1,2022-01-04 15:04:00+00:00,2022-01-04 15:05:00+00:00,16414.0,16512.0,16218.0,2022-01-04 16:00:00+00:00,16218.0,objetivo,392.0,0.0,392.0,196.0,2.0
-1,1,2022-01-05 17:39:00+00:00,2022-01-05 17:40:00+00:00,16069.5,16225.0,15758.5,2022-01-05 20:55:00+00:00,15813.25,tiempo,512.5,0.0,512.5,311.0,1.6479099678456592
-1,1,2022-01-06 15:04:00+00:00,2022-01-06 15:05:00+00:00,15641.0,15850.5,15222.0,2022-01-06 15:57:00+00:00,15850.5,stop,-419.0,0.0,-419.0,419.0,-1.0
-1,1,2022-01-07 15:39:00+00:00,2022-01-07 15:40:00+00:00,15612.75,15827.75,15182.75,2022-01-07 20:55:00+00:00,15597.25,tiempo,31.0,0.0,31.0,430.0,0.07209302325581396
-1,1,2022-01-10 15:04:00+00:00,2022-01-10 15:05:00+00:00,15226.25,15415.0,14848.75,2022-01-10 18:51:00+00:00,15415.0,stop,-377.5,0.0,-377.5,377.5,-1.0
1,1,2022-01-11 16:19:00+00:00,2022-01-11 16:20:00+00:00,15740.5,15475.0,16271.5,2022-01-11 20:55:00+00:00,15800.75,tiempo,120.5,0.0,120.5,531.0,0.22693032015065914
1,1,2022-01-12 15:14:00+00:00,2022-01-12 15:15:00+00:00,16003.25,15884.5,16240.75,2022-01-12 15:39:00+00:00,15884.5,stop,-237.5,0.0,-237.5,237.5,-1.0
-1,1,2022-01-13 15:19:00+00:00,2022-01-13 15:20:00+00:00,15848.5,15979.75,15586.0,2022-01-13 20:02:00+00:00,15586.0,objetivo,525.0,0.0,525.0,262.5,2.0
1,1,2022-01-14 20:44:00+00:00,2022-01-14 20:45:00+00:00,15596.0,15379.75,16028.5,2022-01-14 20:55:00+00:00,15594.75,tiempo,-2.5,0.0,-2.5,432.5,-0.005780346820809248
-1,1,2022-01-18 16:34:00+00:00,2022-01-18 16:35:00+00:00,15266.0,15375.0,15048.0,2022-01-18 20:55:00+00:00,15176.75,tiempo,178.5,0.0,178.5,218.0,0.8188073394495413
1,1,2022-01-20 15:34:00+00:00,2022-01-20 15:35:00+00:00,15302.25,15160.25,15586.25,2022-01-20 19:12:00+00:00,15160.25,stop,-284.0,0.0,-284.0,284.0,-1.0
-1,1,2022-01-21 15:04:00+00:00,2022-01-21 15:05:00+00:00,14624.75,14818.5,14237.25,2022-01-21 15:56:00+00:00,14818.5,stop,-387.5,0.0,-387.5,387.5,-1.0
-1,1,2022-01-24 15:09:00+00:00,2022-01-24 15:10:00+00:00,14038.0,14263.5,13587.0,2022-01-24 20:15:00+00:00,14263.5,stop,-451.0,0.0,-451.0,451.0,-1.0
-1,1,2022-01-25 15:04:00+00:00,2022-01-25 15:05:00+00:00,14056.0,14304.75,13558.5,2022-01-25 19:18:00+00:00,14304.75,stop,-497.5,0.0,-497.5,497.5,-1.0
1,1,2022-01-26 17:39:00+00:00,2022-01-26 17:40:00+00:00,14510.0,14350.25,14829.5,2022-01-26 19:44:00+00:00,14350.25,stop,-319.5,0.0,-319.5,319.5,-1.0
1,1,2022-01-27 15:14:00+00:00,2022-01-27 15:15:00+00:00,14401.5,14232.0,14740.5,2022-01-27 15:31:00+00:00,14232.0,stop,-339.0,0.0,-339.0,339.0,-1.0
1,1,2022-01-28 16:14:00+00:00,2022-01-28 16:15:00+00:00,14188.75,13867.0,14832.25,2022-01-28 20:55:00+00:00,14394.75,tiempo,412.0,0.0,412.0,643.5,0.6402486402486403
1,1,2022-01-31 15:04:00+00:00,2022-01-31 15:05:00+00:00,14649.75,14416.25,15116.75,2022-01-31 20:55:00+00:00,14900.25,tiempo,501.0,0.0,501.0,467.0,1.0728051391862956
-1,1,2022-02-01 15:04:00+00:00,2022-02-01 15:05:00+00:00,14758.25,14952.0,14370.75,2022-02-01 20:30:00+00:00,14952.0,stop,-387.5,0.0,-387.5,387.5,-1.0
-1,1,2022-02-02 16:04:00+00:00,2022-02-02 16:05:00+00:00,15022.25,15178.0,14710.75,2022-02-02 20:55:00+00:00,15123.0,tiempo,-201.5,0.0,-201.5,311.5,-0.6468699839486356
-1,1,2022-02-03 16:59:00+00:00,2022-02-03 17:00:00+00:00,14666.75,14799.0,14402.25,2022-02-03 20:55:00+00:00,14476.25,tiempo,381.0,0.0,381.0,264.5,1.440453686200378
1,1,2022-02-04 20:04:00+00:00,2022-02-04 20:05:00+00:00,14788.5,14432.75,15500.0,2022-02-04 20:55:00+00:00,14718.75,tiempo,-139.5,0.0,-139.5,711.5,-0.1960646521433591
-1,1,2022-02-07 16:39:00+00:00,2022-02-07 16:40:00+00:00,14606.0,14806.25,14205.5,2022-02-07 20:55:00+00:00,14522.0,tiempo,168.0,0.0,168.0,400.5,0.41947565543071164
-1,1,2022-02-08 15:04:00+00:00,2022-02-08 15:05:00+00:00,14479.25,14588.0,14261.75,2022-02-08 15:46:00+00:00,14588.0,stop,-217.5,0.0,-217.5,217.5,-1.0
1,1,2022-02-09 16:04:00+00:00,2022-02-09 16:05:00+00:00,14964.0,14863.75,15164.5,2022-02-09 20:55:00+00:00,15028.0,tiempo,128.0,0.0,128.0,200.5,0.6384039900249376
-1,1,2022-02-10 20:34:00+00:00,2022-02-10 20:35:00+00:00,14670.25,14934.0,14142.75,2022-02-10 20:55:00+00:00,14665.5,tiempo,9.5,0.0,9.5,527.5,0.01800947867298578
-1,1,2022-02-11 16:34:00+00:00,2022-02-11 16:35:00+00:00,14556.5,14766.75,14136.0,2022-02-11 20:55:00+00:00,14263.5,tiempo,586.0,0.0,586.0,420.5,1.393579072532699
1,1,2022-02-14 16:19:00+00:00,2022-02-14 16:20:00+00:00,14337.75,14182.0,14649.25,2022-02-14 18:53:00+00:00,14182.0,stop,-311.5,0.0,-311.5,311.5,-1.0
1,1,2022-02-15 20:04:00+00:00,2022-02-15 20:05:00+00:00,14582.25,14445.0,14856.75,2022-02-15 20:55:00+00:00,14594.25,tiempo,24.0,0.0,24.0,274.5,0.08743169398907104
-1,1,2022-02-17 15:19:00+00:00,2022-02-17 15:20:00+00:00,14369.75,14495.0,14119.25,2022-02-17 20:55:00+00:00,14161.0,tiempo,417.5,0.0,417.5,250.5,1.6666666666666667
-1,1,2022-02-18 15:34:00+00:00,2022-02-18 15:35:00+00:00,14065.75,14220.75,13755.75,2022-02-18 20:55:00+00:00,13999.5,tiempo,132.5,0.0,132.5,310.0,0.4274193548387097
-1,1,2022-02-21 16:59:00+00:00,2022-02-21 17:00:00+00:00,13769.0,13883.75,13539.5,2022-02-21 17:59:00+00:00,13735.5,fin_de_datos,67.0,0.0,67.0,229.5,0.29193899782135074
1,1,2022-02-22 15:29:00+00:00,2022-02-22 15:30:00+00:00,14105.0,13862.0,14591.0,2022-02-22 16:53:00+00:00,13862.0,stop,-486.0,0.0,-486.0,486.0,-1.0
-1,1,2022-02-23 15:04:00+00:00,2022-02-23 15:05:00+00:00,13878.5,14031.0,13573.5,2022-02-23 19:42:00+00:00,13573.5,objetivo,610.0,0.0,610.0,305.0,2.0
1,1,2022-02-24 15:14:00+00:00,2022-02-24 15:15:00+00:00,13377.5,13058.0,14016.5,2022-02-24 20:55:00+00:00,13971.0,tiempo,1187.0,0.0,1187.0,639.0,1.8575899843505477
1,1,2022-02-25 16:19:00+00:00,2022-02-25 16:20:00+00:00,14134.5,13860.0,14683.5,2022-02-25 20:55:00+00:00,14171.25,tiempo,73.5,0.0,73.5,549.0,0.13387978142076504
1,1,2022-02-28 15:39:00+00:00,2022-02-28 15:40:00+00:00,14180.75,14027.25,14487.75,2022-02-28 19:08:00+00:00,14027.25,stop,-307.0,0.0,-307.0,307.0,-1.0
-1,1,2022-03-01 16:49:00+00:00,2022-03-01 16:50:00+00:00,14061.0,14253.25,13676.5,2022-03-01 20:55:00+00:00,13975.5,tiempo,171.0,0.0,171.0,384.5,0.4447334200260078
1,1,2022-03-02 16:09:00+00:00,2022-03-02 16:10:00+00:00,14158.5,14011.0,14453.5,2022-03-02 20:55:00+00:00,14273.25,tiempo,229.5,0.0,229.5,295.0,0.7779661016949152
-1,1,2022-03-03 15:24:00+00:00,2022-03-03 15:25:00+00:00,14143.25,14355.5,13718.75,2022-03-03 20:55:00+00:00,14011.75,tiempo,263.0,0.0,263.0,424.5,0.6195524146054181
-1,1,2022-03-04 15:14:00+00:00,2022-03-04 15:15:00+00:00,13818.5,13995.5,13464.5,2022-03-04 20:55:00+00:00,13827.75,tiempo,-18.5,0.0,-18.5,354.0,-0.052259887005649715
-1,1,2022-03-07 17:04:00+00:00,2022-03-07 17:05:00+00:00,13532.75,13879.75,12838.75,2022-03-07 20:55:00+00:00,13330.25,tiempo,405.0,0.0,405.0,694.0,0.5835734870317003
-1,1,2022-03-08 15:09:00+00:00,2022-03-08 15:10:00+00:00,13155.0,13374.0,12717.0,2022-03-08 17:10:00+00:00,13374.0,stop,-438.0,0.0,-438.0,438.0,-1.0
1,1,2022-03-09 15:39:00+00:00,2022-03-09 15:40:00+00:00,13644.5,13496.0,13941.5,2022-03-09 20:55:00+00:00,13728.25,tiempo,167.5,0.0,167.5,297.0,0.563973063973064
-1,1,2022-03-10 15:34:00+00:00,2022-03-10 15:35:00+00:00,13474.0,13594.25,13233.5,2022-03-10 19:04:00+00:00,13594.25,stop,-240.5,0.0,-240.5,240.5,-1.0
-1,1,2022-03-11 15:04:00+00:00,2022-03-11 15:05:00+00:00,13540.25,13723.5,13173.75,2022-03-11 20:55:00+00:00,13310.0,tiempo,460.5,0.0,460.5,366.5,1.2564802182810368
-1,1,2022-03-14 15:44:00+00:00,2022-03-14 15:45:00+00:00,13200.75,13340.75,12920.75,2022-03-14 19:55:00+00:00,13037.5,tiempo,326.5,0.0,326.5,280.0,1.1660714285714286
1,1,2022-03-17 17:29:00+00:00,2022-03-17 17:30:00+00:00,14033.75,13819.0,14463.25,2022-03-17 19:55:00+00:00,14087.25,tiempo,107.0,0.0,107.0,429.5,0.24912689173457508
1,1,2022-03-18 14:04:00+00:00,2022-03-18 14:05:00+00:00,14179.5,13995.0,14548.5,2022-03-18 19:55:00+00:00,14403.75,tiempo,448.5,0.0,448.5,369.0,1.2154471544715446
-1,1,2022-03-21 14:04:00+00:00,2022-03-21 14:05:00+00:00,14283.5,14466.75,13917.0,2022-03-21 19:55:00+00:00,14340.0,tiempo,-113.0,0.0,-113.0,366.5,-0.3083219645293315
1,1,2022-03-22 14:04:00+00:00,2022-03-22 14:05:00+00:00,14531.0,14374.0,14845.0,2022-03-22 19:55:00+00:00,14641.75,tiempo,221.5,0.0,221.5,314.0,0.7054140127388535
-1,1,2022-03-24 14:19:00+00:00,2022-03-24 14:20:00+00:00,14458.5,14551.0,14273.5,2022-03-24 15:01:00+00:00,14551.0,stop,-185.0,0.0,-185.0,185.0,-1.0
-1,1,2022-03-25 15:09:00+00:00,2022-03-25 15:10:00+00:00,14658.25,14788.5,14397.75,2022-03-25 19:55:00+00:00,14731.75,tiempo,-147.0,0.0,-147.0,260.5,-0.564299424184261
1,1,2022-03-28 18:59:00+00:00,2022-03-28 19:00:00+00:00,14939.25,14749.75,15318.25,2022-03-28 19:55:00+00:00,14963.5,tiempo,48.5,0.0,48.5,379.0,0.1279683377308707
1,1,2022-03-29 18:54:00+00:00,2022-03-29 18:55:00+00:00,15221.5,15106.0,15452.5,2022-03-29 19:55:00+00:00,15216.0,tiempo,-11.0,0.0,-11.0,231.0,-0.047619047619047616
1,1,2022-03-30 14:39:00+00:00,2022-03-30 14:40:00+00:00,15227.0,15141.25,15398.5,2022-03-30 15:04:00+00:00,15141.25,stop,-171.5,0.0,-171.5,171.5,-1.0
-1,1,2022-03-31 14:04:00+00:00,2022-03-31 14:05:00+00:00,14980.5,15090.0,14761.5,2022-03-31 14:57:00+00:00,15090.0,stop,-219.0,0.0,-219.0,219.0,-1.0
-1,1,2022-04-01 15:39:00+00:00,2022-04-01 15:40:00+00:00,14788.25,14932.0,14500.75,2022-04-01 19:55:00+00:00,14844.5,tiempo,-112.5,0.0,-112.5,287.5,-0.391304347826087
1,1,2022-04-04 14:39:00+00:00,2022-04-04 14:40:00+00:00,15062.25,14883.5,15419.75,2022-04-04 19:55:00+00:00,15153.5,tiempo,182.5,0.0,182.5,357.5,0.5104895104895105
-1,1,2022-04-05 14:09:00+00:00,2022-04-05 14:10:00+00:00,14969.5,15136.25,14636.0,2022-04-05 19:55:00+00:00,14826.5,tiempo,286.0,0.0,286.0,333.5,0.8575712143928036
-1,1,2022-04-06 14:04:00+00:00,2022-04-06 14:05:00+00:00,14468.0,14643.5,14117.0,2022-04-06 19:02:00+00:00,14643.5,stop,-351.0,0.0,-351.0,351.0,-1.0
-1,1,2022-04-07 14:44:00+00:00,2022-04-07 14:45:00+00:00,14449.75,14578.0,14193.25,2022-04-07 18:59:00+00:00,14578.0,stop,-256.5,0.0,-256.5,256.5,-1.0
-1,1,2022-04-11 14:29:00+00:00,2022-04-11 14:30:00+00:00,14079.75,14197.0,13845.25,2022-04-11 19:55:00+00:00,13988.25,tiempo,183.0,0.0,183.0,234.5,0.7803837953091685
-1,1,2022-04-12 19:04:00+00:00,2022-04-12 19:05:00+00:00,13912.0,14263.0,13210.0,2022-04-12 19:55:00+00:00,13960.75,tiempo,-97.5,0.0,-97.5,702.0,-0.1388888888888889
1,1,2022-04-13 14:19:00+00:00,2022-04-13 14:20:00+00:00,14081.75,13921.0,14403.25,2022-04-13 19:55:00+00:00,14227.25,tiempo,291.0,0.0,291.0,321.5,0.9051321928460342
-1,1,2022-04-14 14:09:00+00:00,2022-04-14 14:10:00+00:00,14046.5,14246.75,13646.0,2022-04-14 19:55:00+00:00,13904.25,tiempo,284.5,0.0,284.5,400.5,0.7103620474406991
1,1,2022-04-18 14:14:00+00:00,2022-04-18 14:15:00+00:00,13945.25,13827.0,14181.75,2022-04-18 16:11:00+00:00,13827.0,stop,-236.5,0.0,-236.5,236.5,-1.0
1,1,2022-04-19 14:04:00+00:00,2022-04-19 14:05:00+00:00,14022.75,13833.5,14401.25,2022-04-19 19:55:00+00:00,14208.0,tiempo,370.5,0.0,370.5,378.5,0.9788639365918098
-1,1,2022-04-20 14:09:00+00:00,2022-04-20 14:10:00+00:00,14062.5,14270.0,13647.5,2022-04-20 19:55:00+00:00,14005.75,tiempo,113.5,0.0,113.5,415.0,0.27349397590361446
-1,1,2022-04-21 15:34:00+00:00,2022-04-21 15:35:00+00:00,14058.25,14283.0,13608.75,2022-04-21 19:55:00+00:00,13744.5,tiempo,627.5,0.0,627.5,449.5,1.395995550611791
-1,1,2022-04-22 14:24:00+00:00,2022-04-22 14:25:00+00:00,13606.5,13777.75,13264.0,2022-04-22 19:55:00+00:00,13371.0,tiempo,471.0,0.0,471.0,342.5,1.3751824817518248
1,1,2022-04-25 14:29:00+00:00,2022-04-25 14:30:00+00:00,13392.5,13236.0,13705.5,2022-04-25 19:55:00+00:00,13529.0,tiempo,273.0,0.0,273.0,313.0,0.8722044728434505
-1,1,2022-04-26 14:04:00+00:00,2022-04-26 14:05:00+00:00,13219.75,13450.75,12757.75,2022-04-26 19:55:00+00:00,13033.75,tiempo,372.0,0.0,372.0,462.0,0.8051948051948052
-1,1,2022-04-27 14:29:00+00:00,2022-04-27 14:30:00+00:00,12963.5,13255.25,12380.0,2022-04-27 19:55:00+00:00,13007.25,tiempo,-87.5,0.0,-87.5,583.5,-0.14995715509854327
-1,1,2022-04-28 14:04:00+00:00,2022-04-28 14:05:00+00:00,13089.75,13280.75,12707.75,2022-04-28 16:35:00+00:00,13280.75,stop,-382.0,0.0,-382.0,382.0,-1.0
-1,1,2022-04-29 14:39:00+00:00,2022-04-29 14:40:00+00:00,13221.25,13433.0,12797.75,2022-04-29 19:55:00+00:00,12852.75,tiempo,737.0,0.0,737.0,423.5,1.7402597402597402
1,1,2022-05-02 14:29:00+00:00,2022-05-02 14:30:00+00:00,12983.0,12742.75,13463.5,2022-05-02 17:49:00+00:00,12742.75,stop,-480.5,0.0,-480.5,480.5,-1.0
1,1,2022-05-03 14:04:00+00:00,2022-05-03 14:05:00+00:00,13139.75,12968.5,13482.25,2022-05-03 19:55:00+00:00,13083.5,tiempo,-112.5,0.0,-112.5,342.5,-0.3284671532846715
-1,1,2022-05-04 14:04:00+00:00,2022-05-04 14:05:00+00:00,12998.5,13114.25,12767.0,2022-05-04 17:01:00+00:00,13114.25,stop,-231.5,0.0,-231.5,231.5,-1.0
-1,1,2022-05-05 14:04:00+00:00,2022-05-05 14:05:00+00:00,13102.25,13346.25,12614.25,2022-05-05 19:55:00+00:00,12797.75,tiempo,609.0,0.0,609.0,488.0,1.2479508196721312
1,1,2022-05-06 15:24:00+00:00,2022-05-06 15:25:00+00:00,12912.75,12519.0,13700.25,2022-05-06 19:55:00+00:00,12695.0,tiempo,-435.5,0.0,-435.5,787.5,-0.553015873015873
-1,1,2022-05-09 14:34:00+00:00,2022-05-09 14:35:00+00:00,12333.25,12555.75,11888.25,2022-05-09 19:55:00+00:00,12158.75,tiempo,349.0,0.0,349.0,445.0,0.7842696629213484
-1,1,2022-05-10 14:49:00+00:00,2022-05-10 14:50:00+00:00,12285.75,12547.0,11763.25,2022-05-10 19:55:00+00:00,12359.75,tiempo,-148.0,0.0,-148.0,522.5,-0.2832535885167464
-1,1,2022-05-11 17:09:00+00:00,2022-05-11 17:10:00+00:00,12096.5,12478.5,11332.5,2022-05-11 19:55:00+00:00,11962.75,tiempo,267.5,0.0,267.5,764.0,0.35013089005235604
1,1,2022-05-12 14:24:00+00:00,2022-05-12 14:25:00+00:00,12023.5,11693.25,12684.0,2022-05-12 18:43:00+00:00,11693.25,stop,-660.5,0.0,-660.5,660.5,-1.0
1,1,2022-05-13 14:04:00+00:00,2022-05-13 14:05:00+00:00,12288.25,12064.75,12735.25,2022-05-13 19:55:00+00:00,12360.25,tiempo,144.0,0.0,144.0,447.0,0.3221476510067114
-1,1,2022-05-16 14:59:00+00:00,2022-05-16 15:00:00+00:00,12209.25,12358.0,11911.75,2022-05-16 18:05:00+00:00,12358.0,stop,-297.5,0.0,-297.5,297.5,-1.0
1,1,2022-05-17 19:04:00+00:00,2022-05-17 19:05:00+00:00,12556.25,12432.0,12804.75,2022-05-17 19:55:00+00:00,12548.25,tiempo,-16.0,0.0,-16.0,248.5,-0.06438631790744467
-1,1,2022-05-18 14:34:00+00:00,2022-05-18 14:35:00+00:00,12286.5,12399.75,12060.0,2022-05-18 16:23:00+00:00,12060.0,objetivo,453.0,0.0,453.0,226.5,2.0
1,1,2022-05-19 15:24:00+00:00,2022-05-19 15:25:00+00:00,11979.0,11795.25,12346.5,2022-05-19 19:55:00+00:00,11878.5,tiempo,-201.0,0.0,-201.0,367.5,-0.5469387755102041
-1,1,2022-05-20 14:09:00+00:00,2022-05-20 14:10:00+00:00,11905.75,12053.0,11611.25,2022-05-20 16:35:00+00:00,11611.25,objetivo,589.0,0.0,589.0,294.5,2.0
-1,1,2022-05-23 14:04:00+00:00,2022-05-23 14:05:00+00:00,11805.25,11977.5,11460.75,2022-05-23 15:32:00+00:00,11977.5,stop,-344.5,0.0,-344.5,344.5,-1.0
-1,1,2022-05-24 14:04:00+00:00,2022-05-24 14:05:00+00:00,11647.0,11847.5,11246.0,2022-05-24 19:55:00+00:00,11751.75,tiempo,-209.5,0.0,-209.5,401.0,-0.5224438902743143
1,1,2022-05-25 14:29:00+00:00,2022-05-25 14:30:00+00:00,11890.0,11708.0,12254.0,2022-05-25 19:55:00+00:00,11928.75,tiempo,77.5,0.0,77.5,364.0,0.2129120879120879
1,1,2022-05-26 14:14:00+00:00,2022-05-26 14:15:00+00:00,12161.75,11899.0,12687.25,2022-05-26 19:55:00+00:00,12290.5,tiempo,257.5,0.0,257.5,525.5,0.4900095147478592
1,1,2022-05-27 14:04:00+00:00,2022-05-27 14:05:00+00:00,12533.0,12402.0,12795.0,2022-05-27 19:55:00+00:00,12649.25,tiempo,232.5,0.0,232.5,262.0,0.8874045801526718
-1,1,2022-05-31 14:04:00+00:00,2022-05-31 14:05:00+00:00,12508.75,12688.0,12150.25,2022-05-31 15:51:00+00:00,12688.0,stop,-358.5,0.0,-358.5,358.5,-1.0
-1,1,2022-06-01 15:19:00+00:00,2022-06-01 15:20:00+00:00,12571.25,12823.5,12066.75,2022-06-01 19:55:00+00:00,12575.5,tiempo,-8.5,0.0,-8.5,504.5,-0.01684836471754212
1,1,2022-06-02 15:14:00+00:00,2022-06-02 15:15:00+00:00,12683.25,12442.5,13164.75,2022-06-02 19:55:00+00:00,12883.0,tiempo,399.5,0.0,399.5,481.5,0.829698857736241
-1,1,2022-06-03 14:39:00+00:00,2022-06-03 14:40:00+00:00,12580.25,12717.0,12306.75,2022-06-03 19:55:00+00:00,12559.5,tiempo,41.5,0.0,41.5,273.5,0.15173674588665448
1,1,2022-06-06 14:04:00+00:00,2022-06-06 14:05:00+00:00,12788.5,12673.5,13018.5,2022-06-06 15:16:00+00:00,12673.5,stop,-230.0,0.0,-230.0,230.0,-1.0
1,1,2022-06-07 14:29:00+00:00,2022-06-07 14:30:00+00:00,12591.25,12412.5,12948.75,2022-06-07 19:55:00+00:00,12734.0,tiempo,285.5,0.0,285.5,357.5,0.7986013986013986
-1,1,2022-06-08 16:44:00+00:00,2022-06-08 16:45:00+00:00,12613.5,12783.0,12274.5,2022-06-08 19:55:00+00:00,12608.75,tiempo,9.5,0.0,9.5,339.0,0.028023598820058997
-1,1,2022-06-09 18:24:00+00:00,2022-06-09 18:25:00+00:00,12494.5,12654.5,12174.5,2022-06-09 19:55:00+00:00,12318.75,tiempo,351.5,0.0,351.5,320.0,1.0984375
-1,1,2022-06-10 14:04:00+00:00,2022-06-10 14:05:00+00:00,11903.0,12090.0,11529.0,2022-06-10 19:55:00+00:00,11867.25,tiempo,71.5,0.0,71.5,374.0,0.19117647058823528
-1,1,2022-06-13 14:19:00+00:00,2022-06-13 14:20:00+00:00,11409.0,11575.25,11076.5,2022-06-13 19:55:00+00:00,11295.5,tiempo,227.0,0.0,227.0,332.5,0.6827067669172933
-1,1,2022-06-14 14:44:00+00:00,2022-06-14 14:45:00+00:00,11263.0,11412.5,10964.0,2022-06-14 17:22:00+00:00,11412.5,stop,-299.0,0.0,-299.0,299.0,-1.0
-1,1,2022-06-16 14:04:00+00:00,2022-06-16 14:05:00+00:00,11234.25,11349.75,11003.25,2022-06-16 19:55:00+00:00,11126.25,tiempo,216.0,0.0,216.0,231.0,0.935064935064935
-1,1,2022-06-17 14:34:00+00:00,2022-06-17 14:35:00+00:00,11154.5,11348.5,10766.5,2022-06-17 17:08:00+00:00,11348.5,stop,-388.0,0.0,-388.0,388.0,-1.0
1,1,2022-06-20 15:54:00+00:00,2022-06-20 15:55:00+00:00,11405.5,11333.0,11550.5,2022-06-20 16:59:00+00:00,11420.75,fin_de_datos,30.5,0.0,30.5,145.0,0.2103448275862069
1,1,2022-06-21 14:04:00+00:00,2022-06-21 14:05:00+00:00,11646.5,11475.75,11988.0,2022-06-21 19:55:00+00:00,11599.0,tiempo,-95.0,0.0,-95.0,341.5,-0.2781844802342606
1,1,2022-06-22 14:14:00+00:00,2022-06-22 14:15:00+00:00,11629.5,11446.75,11995.0,2022-06-22 19:55:00+00:00,11594.25,tiempo,-70.5,0.0,-70.5,365.5,-0.19288645690834474
1,1,2022-06-23 14:54:00+00:00,2022-06-23 14:55:00+00:00,11706.5,11543.0,12033.5,2022-06-23 19:55:00+00:00,11729.0,tiempo,45.0,0.0,45.0,327.0,0.13761467889908258
1,1,2022-06-24 14:04:00+00:00,2022-06-24 14:05:00+00:00,12036.0,11838.75,12430.5,2022-06-24 19:55:00+00:00,12114.5,tiempo,157.0,0.0,157.0,394.5,0.3979721166032953
-1,1,2022-06-27 19:04:00+00:00,2022-06-27 19:05:00+00:00,12019.25,12212.0,11633.75,2022-06-27 19:55:00+00:00,12010.25,tiempo,18.0,0.0,18.0,385.5,0.04669260700389105
-1,1,2022-06-28 14:09:00+00:00,2022-06-28 14:10:00+00:00,12034.75,12174.25,11755.75,2022-06-28 17:09:00+00:00,11755.75,objetivo,558.0,0.0,558.0,279.0,2.0
1,1,2022-06-29 14:04:00+00:00,2022-06-29 14:05:00+00:00,11731.5,11564.5,12065.5,2022-06-29 19:55:00+00:00,11674.0,tiempo,-115.0,0.0,-115.0,334.0,-0.344311377245509
-1,1,2022-06-30 14:04:00+00:00,2022-06-30 14:05:00+00:00,11360.5,11588.0,10905.5,2022-06-30 15:26:00+00:00,11588.0,stop,-455.0,0.0,-455.0,455.0,-1.0
1,1,2022-07-01 19:34:00+00:00,2022-07-01 19:35:00+00:00,11601.75,11417.0,11971.25,2022-07-01 19:55:00+00:00,11600.25,tiempo,-3.0,0.0,-3.0,369.5,-0.008119079837618403
1,1,2022-07-05 17:39:00+00:00,2022-07-05 17:40:00+00:00,11693.0,11389.25,12300.5,2022-07-05 19:55:00+00:00,11798.25,tiempo,210.5,0.0,210.5,607.5,0.3465020576131687
1,1,2022-07-06 18:34:00+00:00,2022-07-06 18:35:00+00:00,11899.5,11754.0,12190.5,2022-07-06 19:55:00+00:00,11855.5,tiempo,-88.0,0.0,-88.0,291.0,-0.3024054982817869
1,1,2022-07-07 14:54:00+00:00,2022-07-07 14:55:00+00:00,12064.25,11918.25,12356.25,2022-07-07 19:55:00+00:00,12138.25,tiempo,148.0,0.0,148.0,292.0,0.5068493150684932
1,1,2022-07-08 14:34:00+00:00,2022-07-08 14:35:00+00:00,12128.5,11978.25,12429.0,2022-07-08 19:55:00+00:00,12164.0,tiempo,71.0,0.0,71.0,300.5,0.23627287853577372
-1,1,2022-07-12 19:24:00+00:00,2022-07-12 19:25:00+00:00,11748.75,12025.5,11195.25,2022-07-12 19:55:00+00:00,11783.25,tiempo,-69.0,0.0,-69.0,553.5,-0.12466124661246612
-1,1,2022-07-14 14:04:00+00:00,2022-07-14 14:05:00+00:00,11525.5,11684.5,11207.5,2022-07-14 15:41:00+00:00,11684.5,stop,-318.0,0.0,-318.0,318.0,-1.0
1,1,2022-07-15 15:14:00+00:00,2022-07-15 15:15:00+00:00,11986.5,11853.5,12252.5,2022-07-15 19:55:00+00:00,11983.75,tiempo,-5.5,0.0,-5.5,266.0,-0.020676691729323307
-1,1,2022-07-18 17:34:00+00:00,2022-07-18 17:35:00+00:00,12072.75,12186.5,11845.25,2022-07-18 19:55:00+00:00,11905.75,tiempo,334.0,0.0,334.0,227.5,1.468131868131868
1,1,2022-07-19 14:29:00+00:00,2022-07-19 14:30:00+00:00,12085.5,11993.0,12270.5,2022-07-19 18:06:00+00:00,12270.5,objetivo,370.0,0.0,370.0,185.0,2.0
1,1,2022-07-20 14:24:00+00:00,2022-07-20 14:25:00+00:00,12358.25,12257.5,12559.75,2022-07-20 19:55:00+00:00,12464.5,tiempo,212.5,0.0,212.5,201.5,1.054590570719603
-1,1,2022-07-21 14:29:00+00:00,2022-07-21 14:30:00+00:00,12396.75,12517.5,12155.25,2022-07-21 15:32:00+00:00,12517.5,stop,-241.5,0.0,-241.5,241.5,-1.0
-1,1,2022-07-22 15:24:00+00:00,2022-07-22 15:25:00+00:00,12492.25,12698.5,12079.75,2022-07-22 19:55:00+00:00,12401.25,tiempo,182.0,0.0,182.0,412.5,0.4412121212121212
-1,1,2022-07-25 14:14:00+00:00,2022-07-25 14:15:00+00:00,12352.75,12444.0,12170.25,2022-07-25 19:55:00+00:00,12335.5,tiempo,34.5,0.0,34.5,182.5,0.18904109589041096
-1,1,2022-07-26 14:24:00+00:00,2022-07-26 14:25:00+00:00,12188.25,12291.25,11982.25,2022-07-26 19:55:00+00:00,12123.75,tiempo,129.0,0.0,129.0,206.0,0.6262135922330098
1,1,2022-07-27 14:14:00+00:00,2022-07-27 14:15:00+00:00,12416.0,12276.5,12695.0,2022-07-27 19:55:00+00:00,12641.75,tiempo,451.5,0.0,451.5,279.0,1.618279569892473
1,1,2022-07-28 15:29:00+00:00,2022-07-28 15:30:00+00:00,12665.5,12453.75,13089.0,2022-07-28 19:55:00+00:00,12727.25,tiempo,123.5,0.0,123.5,423.5,0.29161747343565525
1,1,2022-07-29 18:09:00+00:00,2022-07-29 18:10:00+00:00,12940.25,12744.25,13332.25,2022-07-29 19:55:00+00:00,12979.0,tiempo,77.5,0.0,77.5,392.0,0.19770408163265307
1,1,2022-08-01 14:09:00+00:00,2022-08-01 14:10:00+00:00,13043.0,12851.75,13425.5,2022-08-01 19:55:00+00:00,12950.5,tiempo,-185.0,0.0,-185.0,382.5,-0.48366013071895425
1,1,2022-08-02 14:54:00+00:00,2022-08-02 14:55:00+00:00,12997.25,12853.0,13285.75,2022-08-02 19:55:00+00:00,12936.5,tiempo,-121.5,0.0,-121.5,288.5,-0.42114384748700173
1,1,2022-08-03 14:04:00+00:00,2022-08-03 14:05:00+00:00,13146.0,12989.5,13459.0,2022-08-03 19:55:00+00:00,13295.0,tiempo,298.0,0.0,298.0,313.0,0.952076677316294
-1,1,2022-08-04 14:34:00+00:00,2022-08-04 14:35:00+00:00,13206.0,13339.0,12940.0,2022-08-04 19:13:00+00:00,13339.0,stop,-266.0,0.0,-266.0,266.0,-1.0
-1,1,2022-08-05 15:29:00+00:00,2022-08-05 15:30:00+00:00,13091.5,13212.0,12850.5,2022-08-05 17:04:00+00:00,13212.0,stop,-241.0,0.0,-241.0,241.0,-1.0
-1,1,2022-08-08 15:44:00+00:00,2022-08-08 15:45:00+00:00,13206.75,13412.5,12795.25,2022-08-08 19:55:00+00:00,13181.5,tiempo,50.5,0.0,50.5,411.5,0.1227217496962333
-1,1,2022-08-09 14:09:00+00:00,2022-08-09 14:10:00+00:00,12977.0,13112.25,12706.5,2022-08-09 19:55:00+00:00,13033.75,tiempo,-113.5,0.0,-113.5,270.5,-0.4195933456561922
1,1,2022-08-10 15:54:00+00:00,2022-08-10 15:55:00+00:00,13379.25,13268.5,13600.75,2022-08-10 19:55:00+00:00,13400.25,tiempo,42.0,0.0,42.0,221.5,0.18961625282167044
1,1,2022-08-11 14:04:00+00:00,2022-08-11 14:05:00+00:00,13527.0,13455.5,13670.0,2022-08-11 15:05:00+00:00,13455.5,stop,-143.0,0.0,-143.0,143.0,-1.0
1,1,2022-08-12 14:19:00+00:00,2022-08-12 14:20:00+00:00,13458.5,13359.25,13657.0,2022-08-12 19:55:00+00:00,13564.75,tiempo,212.5,0.0,212.5,198.5,1.070528967254408
1,1,2022-08-15 15:44:00+00:00,2022-08-15 15:45:00+00:00,13636.5,13534.25,13841.0,2022-08-15 19:55:00+00:00,13679.75,tiempo,86.5,0.0,86.5,204.5,0.4229828850855746
-1,1,2022-08-16 14:29:00+00:00,2022-08-16 14:30:00+00:00,13565.25,13659.25,13377.25,2022-08-16 15:47:00+00:00,13659.25,stop,-188.0,0.0,-188.0,188.0,-1.0
-1,1,2022-08-17 14:14:00+00:00,2022-08-17 14:15:00+00:00,13483.0,13565.75,13317.5,2022-08-17 18:09:00+00:00,13565.75,stop,-165.5,0.0,-165.5,165.5,-1.0
1,1,2022-08-18 15:34:00+00:00,2022-08-18 15:35:00+00:00,13559.75,13435.0,13809.25,2022-08-18 19:55:00+00:00,13519.75,tiempo,-80.0,0.0,-80.0,249.5,-0.32064128256513025
-1,1,2022-08-19 14:09:00+00:00,2022-08-19 14:10:00+00:00,13292.5,13425.25,13027.0,2022-08-19 19:55:00+00:00,13266.75,tiempo,51.5,0.0,51.5,265.5,0.19397363465160075
-1,1,2022-08-22 14:14:00+00:00,2022-08-22 14:15:00+00:00,12998.25,13092.25,12810.25,2022-08-22 19:55:00+00:00,12901.25,tiempo,194.0,0.0,194.0,188.0,1.0319148936170213
1,1,2022-08-23 14:09:00+00:00,2022-08-23 14:10:00+00:00,12994.25,12866.0,13250.75,2022-08-23 19:55:00+00:00,12899.5,tiempo,-189.5,0.0,-189.5,256.5,-0.7387914230019493
1,1,2022-08-24 14:19:00+00:00,2022-08-24 14:20:00+00:00,12941.0,12851.5,13120.0,2022-08-24 19:55:00+00:00,12947.75,tiempo,13.5,0.0,13.5,179.0,0.07541899441340782
1,1,2022-08-25 14:24:00+00:00,2022-08-25 14:25:00+00:00,13092.75,12962.0,13354.25,2022-08-25 19:55:00+00:00,13141.25,tiempo,97.0,0.0,97.0,261.5,0.37093690248565964
-1,1,2022-08-26 14:04:00+00:00,2022-08-26 14:05:00+00:00,13005.0,13161.0,12693.0,2022-08-26 14:09:00+00:00,13161.0,stop,-312.0,0.0,-312.0,312.0,-1.0
-1,1,2022-08-30 14:09:00+00:00,2022-08-30 14:10:00+00:00,12426.75,12587.25,12105.75,2022-08-30 19:55:00+00:00,12323.25,tiempo,207.0,0.0,207.0,321.0,0.6448598130841121
-1,1,2022-08-31 15:04:00+00:00,2022-08-31 15:05:00+00:00,12328.75,12513.0,11960.25,2022-08-31 19:55:00+00:00,12323.5,tiempo,10.5,0.0,10.5,368.5,0.028493894165535955
-1,1,2022-09-01 14:14:00+00:00,2022-09-01 14:15:00+00:00,12115.25,12224.0,11897.75,2022-09-01 19:07:00+00:00,12224.0,stop,-217.5,0.0,-217.5,217.5,-1.0
1,1,2022-09-02 14:34:00+00:00,2022-09-02 14:35:00+00:00,12431.75,12291.75,12711.75,2022-09-02 16:33:00+00:00,12291.75,stop,-280.0,0.0,-280.0,280.0,-1.0
1,1,2022-09-05 14:34:00+00:00,2022-09-05 14:35:00+00:00,12154.5,12104.25,12255.0,2022-09-05 16:59:00+00:00,12136.0,fin_de_datos,-37.0,0.0,-37.0,100.5,-0.3681592039800995
-1,1,2022-09-06 14:04:00+00:00,2022-09-06 14:05:00+00:00,11973.25,12169.0,11581.75,2022-09-06 19:55:00+00:00,12011.75,tiempo,-77.0,0.0,-77.0,391.5,-0.1966794380587484
1,1,2022-09-07 15:14:00+00:00,2022-09-07 15:15:00+00:00,12140.5,12036.0,12349.5,2022-09-07 19:55:00+00:00,12283.0,tiempo,285.0,0.0,285.0,209.0,1.3636363636363635
1,1,2022-09-08 14:44:00+00:00,2022-09-08 14:45:00+00:00,12311.5,12115.75,12703.0,2022-09-08 19:55:00+00:00,12302.5,tiempo,-18.0,0.0,-18.0,391.5,-0.04597701149425287
1,1,2022-09-09 14:04:00+00:00,2022-09-09 14:05:00+00:00,12524.25,12415.5,12741.75,2022-09-09 19:55:00+00:00,12603.5,tiempo,158.5,0.0,158.5,217.5,0.728735632183908
1,1,2022-09-12 14:09:00+00:00,2022-09-12 14:10:00+00:00,12743.0,12641.5,12946.0,2022-09-12 16:10:00+00:00,12641.5,stop,-203.0,0.0,-203.0,203.0,-1.0
-1,1,2022-09-13 14:04:00+00:00,2022-09-13 14:05:00+00:00,12282.5,12427.0,11993.5,2022-09-13 19:55:00+00:00,12042.0,tiempo,481.0,0.0,481.0,289.0,1.6643598615916955
1,1,2022-09-14 14:54:00+00:00,2022-09-14 14:55:00+00:00,12224.0,12098.75,12474.5,2022-09-14 19:17:00+00:00,12098.75,stop,-250.5,0.0,-250.5,250.5,-1.0
-1,1,2022-09-15 14:34:00+00:00,2022-09-15 14:35:00+00:00,12105.5,12220.0,11876.5,2022-09-15 19:55:00+00:00,12000.0,tiempo,211.0,0.0,211.0,229.0,0.9213973799126638
1,1,2022-09-16 19:09:00+00:00,2022-09-16 19:10:00+00:00,11931.25,11782.0,12229.75,2022-09-16 19:55:00+00:00,11922.5,tiempo,-17.5,0.0,-17.5,298.5,-0.05862646566164154
1,1,2022-09-19 14:39:00+00:00,2022-09-19 14:40:00+00:00,11946.0,11815.75,12206.5,2022-09-19 19:55:00+00:00,12020.0,tiempo,148.0,0.0,148.0,260.5,0.5681381957773513
-1,1,2022-09-20 17:29:00+00:00,2022-09-20 17:30:00+00:00,11882.5,11947.0,11753.5,2022-09-20 19:36:00+00:00,11947.0,stop,-129.0,0.0,-129.0,129.0,-1.0
1,1,2022-09-21 16:34:00+00:00,2022-09-21 16:35:00+00:00,12004.5,11938.0,12137.5,2022-09-21 18:00:00+00:00,11938.0,stop,-133.0,0.0,-133.0,133.0,-1.0
-1,1,2022-09-22 14:54:00+00:00,2022-09-22 14:55:00+00:00,11555.75,11682.25,11302.75,2022-09-22 19:47:00+00:00,11682.25,stop,-253.0,0.0,-253.0,253.0,-1.0
-1,1,2022-09-23 16:09:00+00:00,2022-09-23 16:10:00+00:00,11335.0,11471.0,11063.0,2022-09-23 19:55:00+00:00,11363.5,tiempo,-57.0,0.0,-57.0,272.0,-0.20955882352941177
1,1,2022-09-26 14:19:00+00:00,2022-09-26 14:20:00+00:00,11526.75,11342.5,11895.25,2022-09-26 16:25:00+00:00,11342.5,stop,-368.5,0.0,-368.5,368.5,-1.0
-1,1,2022-09-27 15:29:00+00:00,2022-09-27 15:30:00+00:00,11380.0,11568.25,11003.5,2022-09-27 19:55:00+00:00,11345.25,tiempo,69.5,0.0,69.5,376.5,0.1845949535192563
1,1,2022-09-28 14:24:00+00:00,2022-09-28 14:25:00+00:00,11371.5,11266.0,11582.5,2022-09-28 19:31:00+00:00,11582.5,objetivo,422.0,0.0,422.0,211.0,2.0
-1,1,2022-09-29 14:04:00+00:00,2022-09-29 14:05:00+00:00,11210.5,11402.25,10827.0,2022-09-29 19:55:00+00:00,11220.5,tiempo,-20.0,0.0,-20.0,383.5,-0.05215123859191656
-1,1,2022-09-30 18:44:00+00:00,2022-09-30 18:45:00+00:00,11143.25,11266.0,10897.75,2022-09-30 19:55:00+00:00,11055.5,tiempo,175.5,0.0,175.5,245.5,0.714867617107943
1,1,2022-10-03 14:04:00+00:00,2022-10-03 14:05:00+00:00,11157.5,11039.75,11393.0,2022-10-03 19:55:00+00:00,11303.25,tiempo,291.5,0.0,291.5,235.5,1.237791932059448
1,1,2022-10-04 14:04:00+00:00,2022-10-04 14:05:00+00:00,11649.5,11514.25,11920.0,2022-10-04 19:55:00+00:00,11633.75,tiempo,-31.5,0.0,-31.5,270.5,-0.11645101663585952
-1,1,2022-10-05 14:04:00+00:00,2022-10-05 14:05:00+00:00,11433.25,11539.0,11221.75,2022-10-05 16:47:00+00:00,11539.0,stop,-211.5,0.0,-211.5,211.5,-1.0
-1,1,2022-10-07 14:04:00+00:00,2022-10-07 14:05:00+00:00,11212.75,11350.0,10938.25,2022-10-07 19:55:00+00:00,11087.25,tiempo,251.0,0.0,251.0,274.5,0.9143897996357013
-1,1,2022-10-10 14:09:00+00:00,2022-10-10 14:10:00+00:00,10986.5,11126.0,10707.5,2022-10-10 19:55:00+00:00,11020.5,tiempo,-68.0,0.0,-68.0,279.0,-0.24372759856630824
-1,1,2022-10-11 14:04:00+00:00,2022-10-11 14:05:00+00:00,10805.5,10944.75,10527.0,2022-10-11 15:36:00+00:00,10944.75,stop,-278.5,0.0,-278.5,278.5,-1.0
1,1,2022-10-13 15:39:00+00:00,2022-10-13 15:40:00+00:00,11049.5,10484.75,12179.0,2022-10-13 19:55:00+00:00,11108.5,tiempo,118.0,0.0,118.0,1129.5,0.10447100486941124
-1,1,2022-10-14 14:09:00+00:00,2022-10-14 14:10:00+00:00,10979.75,11207.5,10524.25,2022-10-14 19:55:00+00:00,10768.0,tiempo,423.5,0.0,423.5,455.5,0.9297475301866082
1,1,2022-10-17 14:14:00+00:00,2022-10-17 14:15:00+00:00,11127.25,10999.0,11383.75,2022-10-17 19:55:00+00:00,11124.0,tiempo,-6.5,0.0,-6.5,256.5,-0.025341130604288498
-1,1,2022-10-18 14:39:00+00:00,2022-10-18 14:40:00+00:00,11220.5,11431.75,10798.0,2022-10-18 19:55:00+00:00,11181.5,tiempo,78.0,0.0,78.0,422.5,0.18461538461538463
-1,1,2022-10-19 17:04:00+00:00,2022-10-19 17:05:00+00:00,11065.0,11213.25,10768.5,2022-10-19 19:55:00+00:00,11135.0,tiempo,-140.0,0.0,-140.0,296.5,-0.47217537942664417
1,1,2022-10-20 14:04:00+00:00,2022-10-20 14:05:00+00:00,11245.5,11091.0,11554.5,2022-10-20 17:49:00+00:00,11091.0,stop,-309.0,0.0,-309.0,309.0,-1.0
1,1,2022-10-21 14:04:00+00:00,2022-10-21 14:05:00+00:00,11164.75,10995.25,11503.75,2022-10-21 19:55:00+00:00,11360.25,tiempo,391.0,0.0,391.0,339.0,1.1533923303834808
-1,1,2022-10-24 14:09:00+00:00,2022-10-24 14:10:00+00:00,11248.5,11426.0,10893.5,2022-10-24 16:01:00+00:00,11426.0,stop,-355.0,0.0,-355.0,355.0,-1.0
1,1,2022-10-25 15:09:00+00:00,2022-10-25 15:10:00+00:00,11670.75,11515.0,11982.25,2022-10-25 19:55:00+00:00,11697.25,tiempo,53.0,0.0,53.0,311.5,0.17014446227929375
1,1,2022-10-26 14:29:00+00:00,2022-10-26 14:30:00+00:00,11578.25,11433.0,11868.75,2022-10-26 19:55:00+00:00,11470.0,tiempo,-216.5,0.0,-216.5,290.5,-0.7452667814113597
-1,1,2022-10-27 16:29:00+00:00,2022-10-27 16:30:00+00:00,11249.5,11464.0,10820.5,2022-10-27 19:55:00+00:00,11230.5,tiempo,38.0,0.0,38.0,429.0,0.08857808857808858
1,1,2022-10-28 14:29:00+00:00,2022-10-28 14:30:00+00:00,11380.75,11206.25,11729.75,2022-10-28 19:55:00+00:00,11595.25,tiempo,429.0,0.0,429.0,349.0,1.2292263610315186
-1,1,2022-10-31 14:09:00+00:00,2022-10-31 14:10:00+00:00,11413.0,11522.5,11194.0,2022-10-31 19:55:00+00:00,11439.5,tiempo,-53.0,0.0,-53.0,219.0,-0.2420091324200913
-1,1,2022-11-01 14:04:00+00:00,2022-11-01 14:05:00+00:00,11443.75,11619.0,11093.25,2022-11-01 19:55:00+00:00,11343.0,tiempo,201.5,0.0,201.5,350.5,0.5748930099857347
-1,1,2022-11-02 14:14:00+00:00,2022-11-02 14:15:00+00:00,11266.5,11341.0,11117.5,2022-11-02 18:00:00+00:00,11341.0,stop,-149.0,0.0,-149.0,149.0,-1.0
1,1,2022-11-07 19:19:00+00:00,2022-11-07 19:20:00+00:00,10992.0,10847.25,11281.5,2022-11-07 20:55:00+00:00,11013.0,tiempo,42.0,0.0,42.0,289.5,0.14507772020725387
1,1,2022-11-08 15:34:00+00:00,2022-11-08 15:35:00+00:00,11110.75,11006.75,11318.75,2022-11-08 19:21:00+00:00,11006.75,stop,-208.0,0.0,-208.0,208.0,-1.0
-1,1,2022-11-09 15:54:00+00:00,2022-11-09 15:55:00+00:00,10954.75,11040.0,10784.25,2022-11-09 20:55:00+00:00,10837.25,tiempo,235.0,0.0,235.0,170.5,1.3782991202346042
1,1,2022-11-10 16:14:00+00:00,2022-11-10 16:15:00+00:00,11455.0,11269.25,11826.5,2022-11-10 20:55:00+00:00,11631.0,tiempo,352.0,0.0,352.0,371.5,0.9475100942126514
1,1,2022-11-11 18:04:00+00:00,2022-11-11 18:05:00+00:00,11777.25,11569.25,12193.25,2022-11-11 20:55:00+00:00,11862.25,tiempo,170.0,0.0,170.0,416.0,0.40865384615384615
1,1,2022-11-14 16:49:00+00:00,2022-11-14 16:50:00+00:00,11817.75,11702.0,12049.25,2022-11-14 20:55:00+00:00,11756.75,tiempo,-122.0,0.0,-122.0,231.5,-0.5269978401727862
-1,1,2022-11-15 18:34:00+00:00,2022-11-15 18:35:00+00:00,11819.5,12063.5,11331.5,2022-11-15 20:55:00+00:00,11884.75,tiempo,-130.5,0.0,-130.5,488.0,-0.26741803278688525
-1,1,2022-11-16 15:19:00+00:00,2022-11-16 15:20:00+00:00,11732.25,11836.25,11524.25,2022-11-16 20:55:00+00:00,11767.5,tiempo,-70.5,0.0,-70.5,208.0,-0.3389423076923077
-1,1,2022-11-18 16:04:00+00:00,2022-11-18 16:05:00+00:00,11653.75,11842.5,11276.25,2022-11-18 20:55:00+00:00,11686.25,tiempo,-65.0,0.0,-65.0,377.5,-0.17218543046357615
-1,1,2022-11-21 15:44:00+00:00,2022-11-21 15:45:00+00:00,11590.25,11699.75,11371.25,2022-11-21 20:55:00+00:00,11599.75,tiempo,-19.0,0.0,-19.0,219.0,-0.0867579908675799
1,1,2022-11-22 15:59:00+00:00,2022-11-22 16:00:00+00:00,11651.25,11527.25,11899.25,2022-11-22 20:55:00+00:00,11744.25,tiempo,186.0,0.0,186.0,248.0,0.75
1,1,2022-11-23 15:14:00+00:00,2022-11-23 15:15:00+00:00,11854.75,11745.25,12073.75,2022-11-23 17:57:00+00:00,11745.25,stop,-219.0,0.0,-219.0,219.0,-1.0
-1,1,2022-11-28 18:59:00+00:00,2022-11-28 19:00:00+00:00,11629.75,11788.5,11312.25,2022-11-28 20:55:00+00:00,11610.75,tiempo,38.0,0.0,38.0,317.5,0.11968503937007874
-1,1,2022-11-29 16:04:00+00:00,2022-11-29 16:05:00+00:00,11544.25,11628.0,11376.75,2022-11-29 20:55:00+00:00,11512.0,tiempo,64.5,0.0,64.5,167.5,0.3850746268656716
-1,1,2022-11-30 16:04:00+00:00,2022-11-30 16:05:00+00:00,11514.75,11581.5,11381.25,2022-11-30 18:30:00+00:00,11581.5,stop,-133.5,0.0,-133.5,133.5,-1.0
-1,1,2022-12-01 15:19:00+00:00,2022-12-01 15:20:00+00:00,11976.5,12136.0,11657.5,2022-12-01 20:55:00+00:00,12073.75,tiempo,-194.5,0.0,-194.5,319.0,-0.609717868338558
-1,1,2022-12-05 15:04:00+00:00,2022-12-05 15:05:00+00:00,11908.25,11972.25,11780.25,2022-12-05 19:01:00+00:00,11780.25,objetivo,256.0,0.0,256.0,128.0,2.0
-1,1,2022-12-06 15:04:00+00:00,2022-12-06 15:05:00+00:00,11649.0,11805.75,11335.5,2022-12-06 20:55:00+00:00,11565.0,tiempo,168.0,0.0,168.0,313.5,0.5358851674641149
1,1,2022-12-08 15:04:00+00:00,2022-12-08 15:05:00+00:00,11610.75,11477.25,11877.75,2022-12-08 20:55:00+00:00,11637.25,tiempo,53.0,0.0,53.0,267.0,0.19850187265917604
-1,1,2022-12-12 15:49:00+00:00,2022-12-12 15:50:00+00:00,11540.25,11608.75,11403.25,2022-12-12 18:00:00+00:00,11608.75,stop,-137.0,0.0,-137.0,137.0,-1.0
1,1,2022-12-14 15:04:00+00:00,2022-12-14 15:05:00+00:00,12016.5,11930.0,12189.5,2022-12-14 19:00:00+00:00,11930.0,stop,-173.0,0.0,-173.0,173.0,-1.0
-1,1,2022-12-15 15:04:00+00:00,2022-12-15 15:05:00+00:00,11529.75,11715.5,11158.25,2022-12-15 20:55:00+00:00,11452.25,tiempo,155.0,0.0,155.0,371.5,0.41722745625841184
-1,1,2022-12-16 16:24:00+00:00,2022-12-16 16:25:00+00:00,11312.0,11491.5,10953.0,2022-12-16 20:55:00+00:00,11354.75,tiempo,-85.5,0.0,-85.5,359.0,-0.2381615598885794
-1,1,2022-12-19 15:04:00+00:00,2022-12-19 15:05:00+00:00,11250.0,11359.0,11032.0,2022-12-19 20:55:00+00:00,11181.25,tiempo,137.5,0.0,137.5,218.0,0.6307339449541285
1,1,2022-12-20 15:24:00+00:00,2022-12-20 15:25:00+00:00,11208.75,11066.75,11492.75,2022-12-20 20:55:00+00:00,11189.5,tiempo,-38.5,0.0,-38.5,284.0,-0.13556338028169015
1,1,2022-12-21 15:09:00+00:00,2022-12-21 15:10:00+00:00,11289.25,11181.0,11505.75,2022-12-21 20:55:00+00:00,11330.5,tiempo,82.5,0.0,82.5,216.5,0.3810623556581986
-1,1,2022-12-22 15:04:00+00:00,2022-12-22 15:05:00+00:00,11068.5,11208.25,10789.0,2022-12-22 20:55:00+00:00,11054.0,tiempo,29.0,0.0,29.0,279.5,0.1037567084078712
-1,1,2022-12-28 15:59:00+00:00,2022-12-28 16:00:00+00:00,10828.25,10996.5,10491.75,2022-12-28 20:55:00+00:00,10767.5,tiempo,121.5,0.0,121.5,336.5,0.3610698365527489
1,1,2022-12-29 15:14:00+00:00,2022-12-29 15:15:00+00:00,10987.75,10856.5,11250.25,2022-12-29 20:55:00+00:00,11054.25,tiempo,133.0,0.0,133.0,262.5,0.5066666666666667
-1,1,2023-01-03 15:04:00+00:00,2023-01-03 15:05:00+00:00,10986.0,11182.0,10594.0,2023-01-03 20:55:00+00:00,10953.0,tiempo,66.0,0.0,66.0,392.0,0.1683673469387755
-1,1,2023-01-04 15:04:00+00:00,2023-01-04 15:05:00+00:00,10915.5,11046.5,10653.5,2023-01-04 16:35:00+00:00,11046.5,stop,-262.0,0.0,-262.0,262.0,-1.0
1,1,2023-01-06 15:49:00+00:00,2023-01-06 15:50:00+00:00,10975.5,10766.25,11394.0,2023-01-06 20:55:00+00:00,11114.75,tiempo,278.5,0.0,278.5,418.5,0.6654719235364397
1,1,2023-01-09 15:04:00+00:00,2023-01-09 15:05:00+00:00,11323.25,11194.75,11580.25,2023-01-09 20:32:00+00:00,11194.75,stop,-257.0,0.0,-257.0,257.0,-1.0
1,1,2023-01-10 15:14:00+00:00,2023-01-10 15:15:00+00:00,11256.25,11138.0,11492.75,2023-01-10 15:44:00+00:00,11138.0,stop,-236.5,0.0,-236.5,236.5,-1.0
1,1,2023-01-11 15:24:00+00:00,2023-01-11 15:25:00+00:00,11371.75,11291.0,11533.25,2023-01-11 20:55:00+00:00,11459.5,tiempo,175.5,0.0,175.5,161.5,1.0866873065015479
1,1,2023-01-13 18:34:00+00:00,2023-01-13 18:35:00+00:00,11542.5,11408.75,11810.0,2023-01-13 20:55:00+00:00,11602.25,tiempo,119.5,0.0,119.5,267.5,0.44672897196261685
1,1,2023-01-17 15:04:00+00:00,2023-01-17 15:05:00+00:00,11663.25,11549.5,11890.75,2023-01-17 20:55:00+00:00,11613.0,tiempo,-100.5,0.0,-100.5,227.5,-0.44175824175824174
1,1,2023-01-18 15:04:00+00:00,2023-01-18 15:05:00+00:00,11739.0,11672.25,11872.5,2023-01-18 15:37:00+00:00,11672.25,stop,-133.5,0.0,-133.5,133.5,-1.0
-1,1,2023-01-19 15:54:00+00:00,2023-01-19 15:55:00+00:00,11342.25,11446.5,11133.75,2023-01-19 19:36:00+00:00,11446.5,stop,-208.5,0.0,-208.5,208.5,-1.0
1,1,2023-01-20 15:09:00+00:00,2023-01-20 15:10:00+00:00,11474.75,11383.5,11657.25,2023-01-20 20:11:00+00:00,11657.25,objetivo,365.0,0.0,365.0,182.5,2.0
1,1,2023-01-23 15:19:00+00:00,2023-01-23 15:20:00+00:00,11827.0,11671.75,12137.5,2023-01-23 20:55:00+00:00,11933.25,tiempo,212.5,0.0,212.5,310.5,0.6843800322061192
-1,1,2023-01-25 15:14:00+00:00,2023-01-25 15:15:00+00:00,11621.75,11724.0,11417.25,2023-01-25 16:19:00+00:00,11724.0,stop,-204.5,0.0,-204.5,204.5,-1.0
-1,1,2023-01-26 16:24:00+00:00,2023-01-26 16:25:00+00:00,11905.5,12075.0,11566.5,2023-01-26 20:24:00+00:00,12075.0,stop,-339.0,0.0,-339.0,339.0,-1.0
1,1,2023-01-27 15:04:00+00:00,2023-01-27 15:05:00+00:00,12156.0,12041.75,12384.5,2023-01-27 20:55:00+00:00,12238.75,tiempo,165.5,0.0,165.5,228.5,0.7242888402625821
-1,1,2023-01-30 15:34:00+00:00,2023-01-30 15:35:00+00:00,12032.0,12131.5,11833.0,2023-01-30 20:55:00+00:00,11979.75,tiempo,104.5,0.0,104.5,199.0,0.5251256281407035
1,1,2023-01-31 15:29:00+00:00,2023-01-31 15:30:00+00:00,12059.0,11969.0,12239.0,2023-01-31 20:55:00+00:00,12135.0,tiempo,152.0,0.0,152.0,180.0,0.8444444444444444
-1,1,2023-02-01 15:54:00+00:00,2023-02-01 15:55:00+00:00,12100.0,12158.0,11984.0,2023-02-01 18:59:00+00:00,12158.0,stop,-116.0,0.0,-116.0,116.0,-1.0
1,1,2023-02-02 15:34:00+00:00,2023-02-02 15:35:00+00:00,12790.5,12668.75,13034.0,2023-02-02 20:55:00+00:00,12815.75,tiempo,50.5,0.0,50.5,243.5,0.20739219712525667
1,1,2023-02-03 15:19:00+00:00,2023-02-03 15:20:00+00:00,12776.25,12558.5,13211.75,2023-02-03 20:55:00+00:00,12639.75,tiempo,-273.0,0.0,-273.0,435.5,-0.6268656716417911
1,1,2023-02-06 15:09:00+00:00,2023-02-06 15:10:00+00:00,12589.25,12502.5,12762.75,2023-02-06 15:20:00+00:00,12502.5,stop,-173.5,0.0,-173.5,173.5,-1.0
1,1,2023-02-07 16:34:00+00:00,2023-02-07 16:35:00+00:00,12586.0,12488.75,12780.5,2023-02-07 18:32:00+00:00,12488.75,stop,-194.5,0.0,-194.5,194.5,-1.0
-1,1,2023-02-08 15:34:00+00:00,2023-02-08 15:35:00+00:00,12612.0,12752.0,12332.0,2023-02-08 20:55:00+00:00,12545.75,tiempo,132.5,0.0,132.5,280.0,0.4732142857142857
-1,1,2023-02-09 16:04:00+00:00,2023-02-09 16:05:00+00:00,12605.0,12728.5,12358.0,2023-02-09 20:55:00+00:00,12452.25,tiempo,305.5,0.0,305.5,247.0,1.236842105263158
-1,1,2023-02-10 17:04:00+00:00,2023-02-10 17:05:00+00:00,12260.0,12394.0,11992.0,2023-02-10 20:55:00+00:00,12352.75,tiempo,-185.5,0.0,-185.5,268.0,-0.6921641791044776
1,1,2023-02-13 15:49:00+00:00,2023-02-13 15:50:00+00:00,12485.75,12352.0,12753.25,2023-02-13 20:55:00+00:00,12522.0,tiempo,72.5,0.0,72.5,267.5,0.27102803738317754
1,1,2023-02-15 16:29:00+00:00,2023-02-15 16:30:00+00:00,12632.5,12543.5,12810.5,2023-02-15 20:55:00+00:00,12696.5,tiempo,128.0,0.0,128.0,178.0,0.7191011235955056
-1,1,2023-02-17 16:24:00+00:00,2023-02-17 16:25:00+00:00,12294.75,12423.75,12036.75,2023-02-17 20:55:00+00:00,12381.75,tiempo,-174.0,0.0,-174.0,258.0,-0.6744186046511628
-1,1,2023-02-21 15:14:00+00:00,2023-02-21 15:15:00+00:00,12191.5,12290.0,11994.5,2023-02-21 20:55:00+00:00,12103.0,tiempo,177.0,0.0,177.0,197.0,0.8984771573604061
-1,1,2023-02-22 15:14:00+00:00,2023-02-22 15:15:00+00:00,12059.25,12174.5,11828.75,2023-02-22 19:06:00+00:00,12174.5,stop,-230.5,0.0,-230.5,230.5,-1.0
-1,1,2023-02-23 15:49:00+00:00,2023-02-23 15:50:00+00:00,12117.0,12259.75,11831.5,2023-02-23 20:55:00+00:00,12209.25,tiempo,-184.5,0.0,-184.5,285.5,-0.6462346760070052
-1,1,2023-02-24 15:14:00+00:00,2023-02-24 15:15:00+00:00,11944.75,12043.0,11748.25,2023-02-24 20:55:00+00:00,11976.25,tiempo,-63.0,0.0,-63.0,196.5,-0.32061068702290074
1,1,2023-02-27 15:04:00+00:00,2023-02-27 15:05:00+00:00,12155.75,12106.25,12254.75,2023-02-27 15:37:00+00:00,12106.25,stop,-99.0,0.0,-99.0,99.0,-1.0
1,1,2023-02-28 18:04:00+00:00,2023-02-28 18:05:00+00:00,12155.5,12041.5,12383.5,2023-02-28 20:55:00+00:00,12090.0,tiempo,-131.0,0.0,-131.0,228.0,-0.5745614035087719
-1,1,2023-03-01 15:09:00+00:00,2023-03-01 15:10:00+00:00,11981.25,12079.5,11784.75,2023-03-01 20:55:00+00:00,11960.0,tiempo,42.5,0.0,42.5,196.5,0.21628498727735368
1,1,2023-03-02 15:04:00+00:00,2023-03-02 15:05:00+00:00,11923.0,11846.25,12076.5,2023-03-02 20:36:00+00:00,12076.5,objetivo,307.0,0.0,307.0,153.5,2.0
1,1,2023-03-03 15:24:00+00:00,2023-03-03 15:25:00+00:00,12207.25,12111.5,12398.75,2023-03-03 20:55:00+00:00,12303.0,tiempo,191.5,0.0,191.5,191.5,1.0
1,1,2023-03-06 15:14:00+00:00,2023-03-06 15:15:00+00:00,12408.5,12347.25,12531.0,2023-03-06 19:48:00+00:00,12347.25,stop,-122.5,0.0,-122.5,122.5,-1.0
-1,1,2023-03-07 15:04:00+00:00,2023-03-07 15:05:00+00:00,12229.75,12362.75,11963.75,2023-03-07 20:55:00+00:00,12164.75,tiempo,130.0,0.0,130.0,266.0,0.48872180451127817
1,1,2023-03-08 16:09:00+00:00,2023-03-08 16:10:00+00:00,12223.25,12155.0,12359.75,2023-03-08 18:28:00+00:00,12155.0,stop,-136.5,0.0,-136.5,136.5,-1.0
1,1,2023-03-09 15:04:00+00:00,2023-03-09 15:05:00+00:00,12342.0,12230.0,12566.0,2023-03-09 17:48:00+00:00,12230.0,stop,-224.0,0.0,-224.0,224.0,-1.0
-1,1,2023-03-10 18:29:00+00:00,2023-03-10 18:30:00+00:00,11847.75,12027.5,11488.25,2023-03-10 20:55:00+00:00,11826.0,tiempo,43.5,0.0,43.5,359.5,0.12100139082058414
1,1,2023-03-14 14:24:00+00:00,2023-03-14 14:25:00+00:00,12162.75,12070.5,12347.25,2023-03-14 18:08:00+00:00,12070.5,stop,-184.5,0.0,-184.5,184.5,-1.0
1,1,2023-03-16 14:49:00+00:00,2023-03-16 14:50:00+00:00,12485.75,12314.0,12829.25,2023-03-16 19:55:00+00:00,12703.5,tiempo,435.5,0.0,435.5,343.5,1.26783114992722
1,1,2023-03-17 14:04:00+00:00,2023-03-17 14:05:00+00:00,12793.0,12691.75,12995.5,2023-03-17 14:24:00+00:00,12691.75,stop,-202.5,0.0,-202.5,202.5,-1.0
1,1,2023-03-20 15:29:00+00:00,2023-03-20 15:30:00+00:00,12692.25,12529.5,13017.75,2023-03-20 19:55:00+00:00,12690.5,tiempo,-3.5,0.0,-3.5,325.5,-0.010752688172043012
1,1,2023-03-21 18:44:00+00:00,2023-03-21 18:45:00+00:00,12821.0,12763.5,12936.0,2023-03-21 19:55:00+00:00,12880.75,tiempo,119.5,0.0,119.5,115.0,1.0391304347826087
