instrument,session,date,strategy,threshold,target_R,side,signal_time,entry_time,exit_time,entry,stop,target,exit,exit_reason,contracts,risk_pts,planned_risk_usd,gross_usd,commission_usd,slippage_usd,net_usd,R,ambiguous,slope,hour,equity_before,config
MGC,london,2018-01-02,C,0.1,2.0,1,2018-01-02 10:31:00+00:00,2018-01-02 10:31:00+00:00,2018-01-02 11:00:00+00:00,1313.6,1312.5,1315.8000000000002,1313.5,cierre_sesion,9,1.099999999999909,119.15999999999181,8.999999999991815,11.16,17.99999999998363,-20.159999999991815,-0.2036363636362978,False,0.6025375482158396,10,50000.0,"C (partida 0,10 / 2R)"
MGC,london,2018-01-16,C,0.1,2.0,-1,2018-01-16 10:39:00+00:00,2018-01-16 10:39:00+00:00,2018-01-16 10:43:00+00:00,1332.6000000000001,1333.6999999999998,1330.4,1333.7999999999997,stop,9,1.0999999999996817,119.15999999997135,-89.99999999997954,11.16,17.99999999998363,-119.15999999996316,-1.2036363636363399,False,-0.7411845280837619,10,49979.84000000001,"C (partida 0,10 / 2R)"
MGC,london,2018-02-15,C,0.1,2.0,-1,2018-02-15 09:56:00+00:00,2018-02-15 09:56:00+00:00,2018-02-15 11:00:00+00:00,1356.7,1357.6999999999998,1354.7,1356.3,cierre_sesion,10,0.9999999999997726,122.39999999997727,59.999999999990905,12.4,19.99999999998181,27.600000000009096,0.27600000000015373,False,-0.13737669810671882,9,49860.68000000005,"C (partida 0,10 / 2R)"
MGC,london,2018-04-04,C,0.1,2.0,1,2018-04-04 10:08:00+01:00,2018-04-04 10:08:00+01:00,2018-04-04 11:00:00+01:00,1347.5,1346.0,1350.5,1346.8000000000002,cierre_sesion,7,1.5,120.67999999999999,-35.0,8.68,13.999999999987267,-57.67999999998727,-0.5493333333332121,False,0.6720701825905587,10,49888.28000000006,"C (partida 0,10 / 2R)"
MGC,london,2018-04-19,C,0.1,2.0,-1,2018-04-19 10:23:00+01:00,2018-04-19 10:23:00+01:00,2018-04-19 10:25:00+01:00,1353.6000000000001,1354.8,1351.2,1351.2,objetivo,8,1.199999999999818,113.91999999998545,200.0,9.92,7.999999999992724,182.0800000000073,1.89666666666703,False,-0.5302976320050284,10,49830.60000000007,"C (partida 0,10 / 2R)"
MGC,london,2018-11-20,C,0.1,2.0,-1,2018-11-20 09:50:00+00:00,2018-11-20 09:50:00+00:00,2018-11-20 11:00:00+00:00,1224.0,1225.3,1221.4,1223.6999999999998,cierre_sesion,8,1.2999999999999545,121.91999999999636,40.0,9.92,15.999999999985448,14.080000000014552,0.13538461538476004,False,-0.3753739111754912,9,50012.68000000008,"C (partida 0,10 / 2R)"
MGC,london,2018-12-24,C,0.1,2.0,-1,2018-12-24 10:31:00+00:00,2018-12-24 10:31:00+00:00,2018-12-24 11:00:00+00:00,1264.3000000000002,1265.3999999999999,1262.1000000000001,1263.1999999999998,cierre_sesion,9,1.0999999999996817,119.15999999997135,117.00000000001637,11.16,17.99999999998363,87.84000000003275,0.8872727272733147,False,-0.7484980238795834,10,50026.7600000001,"C (partida 0,10 / 2R)"
MGC,london,2019-01-04,C,0.1,2.0,-1,2019-01-04 09:24:00+00:00,2019-01-04 09:24:00+00:00,2019-01-04 09:39:00+00:00,1293.3000000000002,1294.3,1291.3000000000002,1291.3000000000002,objetivo,10,0.9999999999997726,122.39999999997727,209.9999999999909,12.4,9.999999999990905,187.6,1.8760000000004264,False,-2.154358172630809,9,50114.60000000013,"C (partida 0,10 / 2R)"
MGC,london,2019-06-25,C,0.1,2.0,1,2019-06-25 08:32:00+01:00,2019-06-25 08:32:00+01:00,2019-06-25 08:34:00+01:00,1434.6999999999998,1433.6000000000001,1436.9,1436.9,objetivo,9,1.0999999999996817,119.15999999997135,207.00000000001637,11.16,8.999999999991815,186.84000000002456,1.8872727272735215,False,1.1470408156418748,8,50302.20000000013,"C (partida 0,10 / 2R)"
MGC,london,2019-06-25,C,0.1,2.0,1,2019-06-25 09:01:00+01:00,2019-06-25 09:01:00+01:00,2019-06-25 09:31:00+01:00,1437.3,1435.0,1441.9,1434.9,stop,5,2.2999999999999545,126.19999999999771,-110.00000000000227,6.2,9.999999999990905,-126.19999999999318,-1.0973913043477885,False,1.8929797722917296,9,50489.040000000154,"C (partida 0,10 / 2R)"
MGC,london,2019-07-02,C,0.1,2.0,1,2019-07-02 08:31:00+01:00,2019-07-02 08:31:00+01:00,2019-07-02 11:00:00+01:00,1395.6,1394.6000000000001,1397.6000000000001,1395.6000000000001,cierre_sesion,10,0.9999999999997726,122.39999999997727,20.000000000004547,12.4,19.99999999998181,-12.399999999977263,-0.12399999999980083,False,2.1202124187905613,8,50362.840000000164,"C (partida 0,10 / 2R)"
MGC,london,2019-07-04,C,0.1,2.0,1,2019-07-04 10:12:00+01:00,2019-07-04 10:12:00+01:00,2019-07-04 11:00:00+01:00,1417.8,1414.6000000000001,1424.2,1417.7,cierre_sesion,3,3.199999999999818,102.71999999999454,2.9999999999972715,3.7199999999999998,5.999999999994543,-6.719999999997271,-0.06999999999997555,False,0.35550706681475885,10,50350.440000000184,"C (partida 0,10 / 2R)"
MGC,london,2019-08-12,C,0.1,2.0,1,2019-08-12 09:44:00+01:00,2019-08-12 09:44:00+01:00,2019-08-12 09:52:00+01:00,1509.0,1507.3000000000002,1512.4,1512.4,objetivo,6,1.699999999999818,115.43999999998908,210.0,7.4399999999999995,5.999999999994543,196.56000000000546,1.9270588235296715,False,2.9716488354032076,9,50343.72000000019,"C (partida 0,10 / 2R)"
MGC,london,2019-08-15,C,0.1,2.0,1,2019-08-15 08:35:00+01:00,2019-08-15 08:35:00+01:00,2019-08-15 08:38:00+01:00,1524.5,1523.4,1526.7,1523.3000000000002,stop,9,1.099999999999909,119.15999999999181,-90.0,11.16,17.99999999998363,-119.15999999998363,-1.2036363636362977,False,0.8176992479575603,8,50540.280000000195,"C (partida 0,10 / 2R)"
MGC,london,2019-08-15,C,0.1,2.0,-1,2019-08-15 09:12:00+01:00,2019-08-15 09:12:00+01:00,2019-08-15 09:13:00+01:00,1521.7,1522.8999999999999,1519.3000000000002,1522.9999999999998,stop,8,1.199999999999818,113.91999999998545,-87.99999999999272,9.92,15.999999999985448,-113.91999999997817,-1.1866666666666192,False,-0.5714381209135602,9,50421.12000000021,"C (partida 0,10 / 2R)"
MGC,london,2019-08-21,C,0.1,2.0,1,2019-08-21 10:18:00+01:00,2019-08-21 10:18:00+01:00,2019-08-21 11:00:00+01:00,1509.5,1508.3000000000002,1511.9,1510.2,cierre_sesion,8,1.199999999999818,113.91999999998545,71.99999999998909,9.92,15.999999999985448,46.080000000003636,0.4800000000001106,False,0.21013591984783553,10,50307.20000000024,"C (partida 0,10 / 2R)"
MGC,london,2019-08-26,C,0.1,2.0,-1,2019-08-26 10:37:00+01:00,2019-08-26 10:37:00+01:00,2019-08-26 10:52:00+01:00,1536.4,1537.8999999999999,1533.4,1537.9999999999998,stop,7,1.4999999999997726,120.67999999998408,-97.99999999999045,8.68,13.999999999987267,-120.67999999997772,-1.1493333333332953,False,-0.5364526839923264,10,50353.28000000024,"C (partida 0,10 / 2R)"
MGC,london,2019-08-29,C,0.1,2.0,-1,2019-08-29 09:37:00+01:00,2019-08-29 09:37:00+01:00,2019-08-29 09:45:00+01:00,1548.5,1550.1,1545.3000000000002,1550.1999999999998,stop,6,1.599999999999909,109.43999999999454,-90.0,7.4399999999999995,11.999999999989086,-109.43999999998908,-1.139999999999951,False,-1.554786208698388,9,50232.60000000026,"C (partida 0,10 / 2R)"
MGC,london,2019-09-17,C,0.1,2.0,1,2019-09-17 08:31:00+01:00,2019-09-17 08:31:00+01:00,2019-09-17 08:44:00+01:00,1503.6,1502.6000000000001,1505.6000000000001,1505.6000000000001,objetivo,10,0.9999999999997726,122.39999999997727,210.00000000001364,12.4,9.999999999990905,187.60000000002273,1.8760000000006538,False,2.7238616980491943,8,50123.16000000027,"C (partida 0,10 / 2R)"
MGC,london,2019-09-18,C,0.1,2.0,1,2019-09-18 10:36:00+01:00,2019-09-18 10:36:00+01:00,2019-09-18 11:00:00+01:00,1510.6999999999998,1509.7,1512.7,1510.2,cierre_sesion,10,0.9999999999997726,122.39999999997727,-29.999999999995453,12.4,19.99999999998181,-62.39999999997726,-0.6239999999999145,False,0.8346126167632792,10,50310.76000000029,"C (partida 0,10 / 2R)"
MGC,london,2019-10-02,C,0.1,2.0,1,2019-10-02 10:23:00+01:00,2019-10-02 10:23:00+01:00,2019-10-02 11:00:00+01:00,1489.0,1487.9,1491.2,1489.6000000000001,cierre_sesion,9,1.099999999999909,119.15999999999181,71.99999999999591,11.16,17.99999999998363,42.84000000001228,0.43272727272743255,False,0.29979417488284765,10,50248.36000000031,"C (partida 0,10 / 2R)"
MGC,london,2019-10-08,C,0.1,2.0,1,2019-10-08 10:11:00+01:00,2019-10-08 10:11:00+01:00,2019-10-08 10:13:00+01:00,1504.6999999999998,1503.7,1506.7,1503.6000000000001,stop,10,0.9999999999997726,122.39999999997727,-89.99999999998636,12.4,19.99999999998181,-122.39999999996817,-1.22399999999996,False,1.124749672715212,10,50291.200000000325,"C (partida 0,10 / 2R)"
MGC,london,2019-10-09,C,0.1,2.0,-1,2019-10-09 10:12:00+01:00,2019-10-09 10:12:00+01:00,2019-10-09 11:00:00+01:00,1508.4,1512.5,1500.2,1506.6,cierre_sesion,2,4.099999999999909,86.47999999999818,40.0,2.48,3.999999999996362,33.52000000000364,0.40878048780493154,False,-1.2645151006683992,10,50168.80000000036,"C (partida 0,10 / 2R)"
MGC,london,2019-10-17,C,0.1,2.0,-1,2019-10-17 09:40:00+01:00,2019-10-17 09:40:00+01:00,2019-10-17 09:44:00+01:00,1491.2,1492.3999999999999,1488.8000000000002,1492.4999999999998,stop,8,1.199999999999818,113.91999999998545,-87.99999999999272,9.92,15.999999999985448,-113.91999999997817,-1.1866666666666192,False,-0.46781536468310553,9,50202.32000000036,"C (partida 0,10 / 2R)"
MGC,london,2019-10-24,C,0.1,2.0,1,2019-10-24 09:01:00+01:00,2019-10-24 09:01:00+01:00,2019-10-24 09:26:00+01:00,1494.0,1492.2,1497.6000000000001,1492.1000000000001,stop,6,1.7999999999999545,121.43999999999727,-102.00000000000273,7.4399999999999995,11.999999999989086,-121.43999999999181,-1.124444444444397,False,0.36455901578373695,9,50088.40000000039,"C (partida 0,10 / 2R)"
MGC,london,2019-11-11,C,0.1,2.0,1,2019-11-11 09:31:00+00:00,2019-11-11 09:31:00+00:00,2019-11-11 09:32:00+00:00,1466.5,1465.3000000000002,1468.9,1465.2000000000003,stop,8,1.199999999999818,113.91999999998545,-87.99999999999272,9.92,15.999999999985448,-113.91999999997817,-1.1866666666666192,False,0.6344906762774009,9,49966.96000000039,"C (partida 0,10 / 2R)"
MGC,london,2019-12-03,C,0.1,2.0,1,2019-12-03 10:11:00+00:00,2019-12-03 10:11:00+00:00,2019-12-03 11:00:00+00:00,1473.6999999999998,1471.6000000000001,1477.9,1476.0,cierre_sesion,5,2.0999999999996817,116.19999999998407,125.0,6.2,9.999999999990905,108.80000000000909,1.03619047619072,False,2.0980569669061415,10,49853.040000000416,"C (partida 0,10 / 2R)"
MGC,london,2019-12-18,C,0.1,2.0,1,2019-12-18 09:03:00+00:00,2019-12-18 09:03:00+00:00,2019-12-18 11:00:00+00:00,1483.0,1481.4,1486.2,1483.1000000000001,cierre_sesion,6,1.599999999999909,109.43999999999454,17.99999999999727,7.4399999999999995,11.999999999989086,-1.439999999991814,-0.014999999999915583,False,0.35379531763943534,9,49961.840000000426,"C (partida 0,10 / 2R)"
MGC,london,2020-01-29,C,0.1,2.0,1,2020-01-29 09:11:00+00:00,2020-01-29 09:11:00+00:00,2020-01-29 09:33:00+00:00,1568.6999999999998,1567.7,1570.7,1570.7,objetivo,10,0.9999999999997726,122.39999999997727,210.00000000001364,12.4,9.999999999990905,187.60000000002273,1.8760000000006538,False,0.509857769016797,9,49960.40000000043,"C (partida 0,10 / 2R)"
MGC,london,2020-01-30,C,0.1,2.0,-1,2020-01-30 10:05:00+00:00,2020-01-30 10:05:00+00:00,2020-01-30 10:30:00+00:00,1578.3000000000002,1579.5,1575.9,1579.6,stop,8,1.199999999999818,113.91999999998545,-87.99999999999272,9.92,15.999999999985448,-113.91999999997817,-1.1866666666666192,False,-0.5677954047064859,10,50148.00000000045,"C (partida 0,10 / 2R)"
MGC,london,2020-02-07,C,0.1,2.0,1,2020-02-07 10:34:00+00:00,2020-02-07 10:34:00+00:00,2020-02-07 11:00:00+00:00,1572.8999999999999,1571.7,1575.3000000000002,1572.7,cierre_sesion,8,1.199999999999818,113.91999999998545,0.0,9.92,15.999999999985448,-25.91999999998545,-0.2699999999998894,False,1.5069761043194143,10,50034.080000000475,"C (partida 0,10 / 2R)"
MGC,london,2020-02-24,C,0.1,2.0,1,2020-02-24 09:02:00+00:00,2020-02-24 09:02:00+00:00,2020-02-24 10:06:00+00:00,1685.6999999999998,1682.7,1691.7,1682.6000000000001,stop,3,2.9999999999997726,96.71999999999316,-86.99999999999591,3.7199999999999998,5.999999999994543,-96.71999999999045,-1.074666666666642,False,1.061574504102532,9,50008.16000000049,"C (partida 0,10 / 2R)"
MGC,london,2020-02-28,C,0.1,2.0,-1,2020-02-28 09:40:00+00:00,2020-02-28 09:40:00+00:00,2020-02-28 09:42:00+00:00,1633.1000000000001,1634.6,1630.1000000000001,1634.6999999999998,stop,7,1.4999999999997726,120.67999999998408,-97.99999999999045,8.68,13.999999999987267,-120.67999999997772,-1.1493333333332953,False,-0.1381012481576691,9,49911.4400000005,"C (partida 0,10 / 2R)"
MGC,london,2020-02-28,C,0.1,2.0,-1,2020-02-28 10:25:00+00:00,2020-02-28 10:25:00+00:00,2020-02-28 10:37:00+00:00,1627.5,1628.8999999999999,1624.7,1628.9999999999998,stop,7,1.3999999999998636,113.67999999999046,-90.99999999999682,8.68,13.999999999987267,-113.67999999998409,-1.1599999999999506,False,-0.8095288656337134,10,49790.76000000052,"C (partida 0,10 / 2R)"
MGC,london,2020-03-03,C,0.1,2.0,1,2020-03-03 10:32:00+00:00,2020-03-03 10:32:00+00:00,2020-03-03 11:00:00+00:00,1599.3999999999999,1598.3000000000002,1601.6000000000001,1600.3000000000002,cierre_sesion,9,1.0999999999996817,119.15999999997135,99.00000000001228,11.16,17.99999999998363,69.84000000002865,0.705454545455039,False,0.6495046843202236,10,49677.08000000053,"C (partida 0,10 / 2R)"
MGC,london,2020-03-06,C,0.1,2.0,1,2020-03-06 09:27:00+00:00,2020-03-06 09:27:00+00:00,2020-03-06 09:30:00+00:00,1678.5,1677.5,1680.5,1677.4,stop,10,1.0,122.4,-90.0000000000091,12.4,19.99999999998181,-122.39999999999091,-1.2239999999999092,False,0.7526879864419526,9,49746.92000000056,"C (partida 0,10 / 2R)"
MGC,london,2020-03-09,C,0.1,2.0,-1,2020-03-09 09:04:00+00:00,2020-03-09 09:04:00+00:00,2020-03-09 09:05:00+00:00,1673.7,1675.3999999999999,1670.3000000000002,1670.3000000000002,objetivo,6,1.699999999999818,115.43999999998908,209.99999999998636,7.4399999999999995,5.999999999994543,196.55999999999182,1.9270588235295378,False,-1.1196514437070253,9,49624.520000000564,"C (partida 0,10 / 2R)"
MGC,london,2020-03-09,C,0.1,2.0,-1,2020-03-09 09:47:00+00:00,2020-03-09 09:47:00+00:00,2020-03-09 10:10:00+00:00,1665.1000000000001,1669.8,1655.7,1669.8999999999999,stop,2,4.699999999999818,98.47999999999637,-91.99999999999818,2.48,3.999999999996362,-98.47999999999455,-1.0476595744680677,False,-0.736693993658527,9,49821.080000000555,"C (partida 0,10 / 2R)"
MGC,london,2020-03-10,C,0.1,2.0,-1,2020-03-10 09:01:00+00:00,2020-03-10 09:01:00+00:00,2020-03-10 09:04:00+00:00,1661.0,1662.1999999999998,1658.6000000000001,1662.2999999999997,stop,8,1.199999999999818,113.91999999998545,-87.99999999999272,9.92,15.999999999985448,-113.91999999997817,-1.1866666666666192,False,-0.42780307209867235,9,49722.60000000056,"C (partida 0,10 / 2R)"
MGC,london,2020-03-10,C,0.1,2.0,-1,2020-03-10 10:00:00+00:00,2020-03-10 10:00:00+00:00,2020-03-10 10:01:00+00:00,1658.6000000000001,1660.5,1654.8000000000002,1660.6,stop,5,1.8999999999998636,106.19999999999317,-89.99999999999773,6.2,9.999999999990905,-106.19999999998863,-1.117894736842066,False,-0.858084460438617,9,49608.68000000058,"C (partida 0,10 / 2R)"
MGC,london,2020-03-11,C,0.1,2.0,-1,2020-03-11 09:38:00+00:00,2020-03-11 09:38:00+00:00,2020-03-11 09:49:00+00:00,1658.4,1659.5,1656.2,1659.6,stop,9,1.099999999999909,119.15999999999181,-90.0,11.16,17.99999999998363,-119.15999999998363,-1.2036363636362977,False,-0.49875860850270703,9,49502.48000000059,"C (partida 0,10 / 2R)"
MGC,london,2020-03-11,C,0.1,2.0,1,2020-03-11 10:38:00+00:00,2020-03-11 10:38:00+00:00,2020-03-11 11:00:00+00:00,1663.3,1662.0,1665.9,1665.1000000000001,cierre_sesion,8,1.2999999999999545,121.91999999999636,160.0,9.92,15.999999999985448,134.08000000001456,1.2892307692309544,False,0.5876471161518799,10,49383.32000000061,"C (partida 0,10 / 2R)"
MGC,london,2020-03-13,C,0.1,2.0,1,2020-03-13 09:29:00+00:00,2020-03-13 09:29:00+00:00,2020-03-13 09:30:00+00:00,1586.6999999999998,1585.7,1588.7,1585.6000000000001,stop,10,0.9999999999997726,122.39999999997727,-89.99999999998636,12.4,19.99999999998181,-122.39999999996817,-1.22399999999996,False,0.243022821778799,9,49517.40000000063,"C (partida 0,10 / 2R)"
MGC,london,2020-03-13,C,0.1,2.0,1,2020-03-13 09:39:00+00:00,2020-03-13 09:39:00+00:00,2020-03-13 09:41:00+00:00,1587.0,1585.2,1590.6000000000001,1585.1000000000001,stop,6,1.7999999999999545,121.43999999999727,-102.00000000000273,7.4399999999999995,11.999999999989086,-121.43999999999181,-1.124444444444397,False,0.19325781311034504,9,49395.00000000066,"C (partida 0,10 / 2R)"
MGC,london,2020-03-16,C,0.1,2.0,-1,2020-03-16 10:05:00+00:00,2020-03-16 10:05:00+00:00,2020-03-16 10:13:00+00:00,1525.0,1526.8,1521.4,1521.4,objetivo,6,1.7999999999999545,121.43999999999727,221.9999999999891,7.4399999999999995,5.999999999994543,208.55999999999455,1.9311111111111094,False,-2.0151319497477176,10,49273.56000000067,"C (partida 0,10 / 2R)"
MGC,london,2020-03-17,C,0.1,2.0,-1,2020-03-17 09:33:00+00:00,2020-03-17 09:33:00+00:00,2020-03-17 09:33:00+00:00,1482.7,1484.0,1480.1000000000001,1480.1000000000001,objetivo,8,1.2999999999999545,121.91999999999636,215.99999999998545,9.92,7.999999999992724,198.07999999999274,1.9046153846153815,False,-0.18690682313903476,9,49482.120000000665,"C (partida 0,10 / 2R)"
MGC,london,2020-03-17,C,0.1,2.0,-1,2020-03-17 10:28:00+00:00,2020-03-17 10:28:00+00:00,2020-03-17 10:29:00+00:00,1472.1000000000001,1473.1,1470.1000000000001,1473.1999999999998,stop,10,0.9999999999997726,122.39999999997727,-89.99999999998636,12.4,19.99999999998181,-122.39999999996817,-1.22399999999996,False,-0.7733461842943091,10,49680.20000000066,"C (partida 0,10 / 2R)"
MGC,london,2020-03-18,C,0.1,2.0,-1,2020-03-18 09:10:00+00:00,2020-03-18 09:10:00+00:00,2020-03-18 09:22:00+00:00,1493.5,1496.3,1487.9,1496.3999999999999,stop,4,2.7999999999999545,120.95999999999817,-108.00000000000182,4.96,7.999999999992724,-120.95999999999454,-1.0799999999999688,False,-1.349925164914712,9,49557.800000000694,"C (partida 0,10 / 2R)"
MGC,london,2020-03-18,C,0.1,2.0,-1,2020-03-18 09:29:00+00:00,2020-03-18 09:29:00+00:00,2020-03-18 09:41:00+00:00,1492.2,1494.8,1487.0,1494.8999999999999,stop,4,2.599999999999909,112.95999999999636,-100.0,4.96,7.999999999992724,-112.95999999999272,-1.086153846153814,False,-0.41665996940023964,9,49436.8400000007,"C (partida 0,10 / 2R)"
MGC,london,2020-03-19,C,0.1,2.0,-1,2020-03-19 09:56:00+00:00,2020-03-19 09:56:00+00:00,2020-03-19 10:01:00+00:00,1481.8000000000002,1483.3,1478.8000000000002,1478.8000000000002,objetivo,7,1.4999999999997726,120.67999999998408,216.99999999999363,8.68,6.9999999999936335,201.32,1.917333333333624,False,-0.21631101780288745,9,49323.88000000071,"C (partida 0,10 / 2R)"
MGC,london,2020-03-19,C,0.1,2.0,-1,2020-03-19 10:41:00+00:00,2020-03-19 10:41:00+00:00,2020-03-19 10:42:00+00:00,1478.9,1480.1,1476.5,1480.1999999999998,stop,8,1.199999999999818,113.91999999998545,-87.99999999999272,9.92,15.999999999985448,-113.91999999997817,-1.1866666666666192,False,-0.5140281977008627,10,49525.20000000071,"C (partida 0,10 / 2R)"
MGC,london,2020-03-20,C,0.1,2.0,-1,2020-03-20 09:34:00+00:00,2020-03-20 09:34:00+00:00,2020-03-20 09:44:00+00:00,1510.3000000000002,1511.3999999999999,1508.1000000000001,1508.1000000000001,objetivo,9,1.0999999999996817,119.15999999997135,206.9999999999959,11.16,8.999999999991815,186.8400000000041,1.8872727272733147,False,-0.2220251922511946,9,49411.280000000734,"C (partida 0,10 / 2R)"
MGC,london,2020-03-20,C,0.1,2.0,-1,2020-03-20 10:04:00+00:00,2020-03-20 10:04:00+00:00,2020-03-20 10:35:00+00:00,1506.1000000000001,1511.1,1496.1000000000001,1511.1999999999998,stop,2,4.999999999999773,104.47999999999546,-97.99999999999727,2.48,3.999999999996362,-104.47999999999364,-1.044799999999984,False,-0.2905490670932526,10,49598.12000000074,"C (partida 0,10 / 2R)"
MGC,london,2020-03-23,C,0.1,2.0,1,2020-03-23 09:27:00+00:00,2020-03-23 09:27:00+00:00,2020-03-23 09:28:00+00:00,1496.3999999999999,1495.4,1498.4,1495.3000000000002,stop,10,0.9999999999997726,122.39999999997727,-89.99999999998636,12.4,19.99999999998181,-122.39999999996817,-1.22399999999996,False,1.2409480547614753,9,49493.64000000074,"C (partida 0,10 / 2R)"
MGC,london,2020-03-24,C,0.1,2.0,1,2020-03-24 09:03:00+00:00,2020-03-24 09:03:00+00:00,2020-03-24 09:11:00+00:00,1621.6999999999998,1620.0,1625.1000000000001,1619.9,stop,6,1.699999999999818,115.43999999998908,-95.99999999999454,7.4399999999999995,11.999999999989086,-115.43999999998363,-1.1317647058823135,False,0.9506265319738538,9,49371.24000000078,"C (partida 0,10 / 2R)"
MGC,london,2020-03-24,C,0.1,2.0,1,2020-03-24 09:23:00+00:00,2020-03-24 09:23:00+00:00,2020-03-24 09:23:00+00:00,1622.0,1620.9,1624.2,1620.8000000000002,stop,9,1.099999999999909,119.15999999999181,-90.0,11.16,17.99999999998363,-119.15999999998363,-1.2036363636362977,False,0.5858959933326094,9,49255.800000000796,"C (partida 0,10 / 2R)"
MGC,london,2020-03-25,C,0.1,2.0,1,2020-03-25 09:18:00+00:00,2020-03-25 09:18:00+00:00,2020-03-25 09:31:00+00:00,1654.1,1650.6000000000001,1661.1000000000001,1650.5000000000002,stop,3,3.4999999999997726,111.71999999999318,-101.99999999999591,3.7199999999999998,5.999999999994543,-111.71999999999045,-1.063999999999978,False,0.38505740536909167,9,49136.640000000814,"C (partida 0,10 / 2R)"
MGC,london,2020-03-25,C,0.1,2.0,1,2020-03-25 10:36:00+00:00,2020-03-25 10:36:00+00:00,2020-03-25 10:36:00+00:00,1656.5,1655.4,1658.7,1655.3000000000002,stop,9,1.099999999999909,119.15999999999181,-90.0,11.16,17.99999999998363,-119.15999999998363,-1.2036363636362977,False,0.30688922700481797,10,49024.92000000082,"C (partida 0,10 / 2R)"
MGC,london,2020-03-26,C,0.1,2.0,-1,2020-03-26 08:43:00+00:00,2020-03-26 08:43:00+00:00,2020-03-26 08:53:00+00:00,1618.7,1619.6999999999998,1616.7,1619.7999999999997,stop,9,0.9999999999997726,110.15999999997953,-80.99999999998772,11.16,17.99999999998363,-110.15999999997135,-1.22399999999996,False,-0.7777810950772692,8,48905.76000000084,"C (partida 0,10 / 2R)"
MGC,london,2020-03-26,C,0.1,2.0,1,2020-03-26 09:38:00+00:00,2020-03-26 09:38:00+00:00,2020-03-26 09:46:00+00:00,1623.1999999999998,1621.2,1627.2,1627.2,objetivo,5,1.9999999999997726,111.19999999998862,205.00000000000682,6.2,4.9999999999954525,193.80000000001138,1.9380000000003341,False,0.41081382537931743,9,48795.600000000864,"C (partida 0,10 / 2R)"
MGC,london,2020-04-02,C,0.1,2.0,-1,2020-04-02 10:31:00+01:00,2020-04-02 10:31:00+01:00,2020-04-02 10:32:00+01:00,1600.8000000000002,1602.0,1598.4,1602.1,stop,8,1.199999999999818,113.91999999998545,-87.99999999999272,9.92,15.999999999985448,-113.91999999997817,-1.1866666666666192,False,-1.135987070913882,10,48989.400000000875,"C (partida 0,10 / 2R)"
MGC,london,2020-04-03,C,0.1,2.0,-1,2020-04-03 10:11:00+01:00,2020-04-03 10:11:00+01:00,2020-04-03 10:19:00+01:00,1625.9,1629.3999999999999,1618.9,1629.4999999999998,stop,3,3.4999999999997726,111.71999999999318,-101.99999999999591,3.7199999999999998,5.999999999994543,-111.71999999999045,-1.063999999999978,False,-1.0869792604354462,10,48875.4800000009,"C (partida 0,10 / 2R)"
MGC,london,2020-04-06,C,0.1,2.0,1,2020-04-06 10:31:00+01:00,2020-04-06 10:31:00+01:00,2020-04-06 10:33:00+01:00,1668.1999999999998,1667.0,1670.6000000000001,1666.9,stop,8,1.199999999999818,113.91999999998545,-87.99999999999272,9.92,15.999999999985448,-113.91999999997817,-1.1866666666666192,False,1.46888122914383,10,48763.760000000904,"C (partida 0,10 / 2R)"
MGC,london,2020-04-08,C,0.1,2.0,-1,2020-04-08 09:33:00+01:00,2020-04-08 09:33:00+01:00,2020-04-08 10:08:00+01:00,1685.5,1686.6999999999998,1683.1000000000001,1686.7999999999997,stop,8,1.199999999999818,113.91999999998545,-87.99999999999272,9.92,15.999999999985448,-113.91999999997817,-1.1866666666666192,False,-0.5511942887875323,9,48649.84000000093,"C (partida 0,10 / 2R)"
MGC,london,2020-04-09,C,0.1,2.0,1,2020-04-09 09:55:00+01:00,2020-04-09 09:55:00+01:00,2020-04-09 10:04:00+01:00,1700.5,1698.1000000000001,1705.3000000000002,1705.3000000000002,objetivo,4,2.3999999999998636,104.95999999999454,196.00000000000364,4.96,3.999999999996362,187.04000000000727,1.9483333333335198,False,0.558380825722044,9,48535.92000000095,"C (partida 0,10 / 2R)"
MGC,london,2020-04-13,C,0.1,2.0,1,2020-04-13 08:36:00+01:00,2020-04-13 08:36:00+01:00,2020-04-13 08:40:00+01:00,1745.8999999999999,1743.8000000000002,1750.1000000000001,1743.7000000000003,stop,5,2.0999999999996817,116.19999999998407,-99.99999999998863,6.2,9.999999999990905,-116.19999999997954,-1.1066666666666396,False,1.628304720609085,8,48722.96000000096,"C (partida 0,10 / 2R)"
MGC,london,2020-04-13,C,0.1,2.0,-1,2020-04-13 10:22:00+01:00,2020-04-13 10:22:00+01:00,2020-04-13 10:28:00+01:00,1740.5,1741.6999999999998,1738.1000000000001,1741.7999999999997,stop,8,1.199999999999818,113.91999999998545,-87.99999999999272,9.92,15.999999999985448,-113.91999999997817,-1.1866666666666192,False,-0.10514409190107236,10,48606.76000000098,"C (partida 0,10 / 2R)"
MGC,london,2020-04-15,C,0.1,2.0,-1,2020-04-15 10:07:00+01:00,2020-04-15 10:07:00+01:00,2020-04-15 10:15:00+01:00,1734.9,1736.5,1731.7,1736.6,stop,6,1.599999999999909,109.43999999999454,-90.0,7.4399999999999995,11.999999999989086,-109.43999999998908,-1.139999999999951,False,-0.22565016030900067,10,48492.840000001,"C (partida 0,10 / 2R)"
MGC,london,2020-04-16,C,0.1,2.0,-1,2020-04-16 09:01:00+01:00,2020-04-16 09:01:00+01:00,2020-04-16 10:12:00+01:00,1755.5,1757.3,1751.9,1757.3999999999999,stop,5,1.7999999999999545,101.19999999999771,-85.00000000000227,6.2,9.999999999990905,-101.19999999999318,-1.124444444444397,False,-0.1160769758960001,9,48383.40000000101,"C (partida 0,10 / 2R)"
MGC,london,2020-04-17,C,0.1,2.0,-1,2020-04-17 09:54:00+01:00,2020-04-17 09:54:00+01:00,2020-04-17 09:54:00+01:00,1710.8000000000002,1711.8,1708.8000000000002,1711.8999999999999,stop,9,0.9999999999997726,110.15999999997953,-80.99999999998772,11.16,17.99999999998363,-110.15999999997135,-1.22399999999996,False,-0.2783773355249749,9,48282.20000000102,"C (partida 0,10 / 2R)"
MGC,london,2020-04-20,C,0.1,2.0,1,2020-04-20 10:31:00+01:00,2020-04-20 10:31:00+01:00,2020-04-20 10:32:00+01:00,1697.1,1696.1000000000001,1699.1000000000001,1696.0000000000002,stop,9,0.9999999999997726,110.15999999997953,-80.99999999998772,11.16,17.99999999998363,-110.15999999997135,-1.22399999999996,False,1.4460848294651183,10,48172.04000000105,"C (partida 0,10 / 2R)"
MGC,london,2020-04-20,C,0.1,2.0,1,2020-04-20 10:44:00+01:00,2020-04-20 10:44:00+01:00,2020-04-20 10:45:00+01:00,1697.3999999999999,1696.3000000000002,1699.6000000000001,1696.2000000000003,stop,9,1.0999999999996817,119.15999999997135,-89.99999999997954,11.16,17.99999999998363,-119.15999999996316,-1.2036363636363399,False,0.7353718130053984,10,48061.880000001074,"C (partida 0,10 / 2R)"
MGC,london,2020-04-21,C,0.1,2.0,1,2020-04-21 08:53:00+01:00,2020-04-21 08:53:00+01:00,2020-04-21 08:54:00+01:00,1716.6999999999998,1715.6000000000001,1718.9,1715.5000000000002,stop,9,1.0999999999996817,119.15999999997135,-89.99999999997954,11.16,17.99999999998363,-119.15999999996316,-1.2036363636363399,False,0.1653911142202583,8,47942.720000001114,"C (partida 0,10 / 2R)"
MGC,london,2020-04-21,C,0.1,2.0,-1,2020-04-21 09:59:00+01:00,2020-04-21 09:59:00+01:00,2020-04-21 10:00:00+01:00,1711.0,1712.1,1708.8000000000002,1712.1999999999998,stop,9,1.099999999999909,119.15999999999181,-90.0,11.16,17.99999999998363,-119.15999999998363,-1.2036363636362977,False,-0.441134548679621,9,47823.560000001155,"C (partida 0,10 / 2R)"
MGC,london,2020-04-22,C,0.1,2.0,1,2020-04-22 08:43:00+01:00,2020-04-22 08:43:00+01:00,2020-04-22 08:48:00+01:00,1712.3,1710.4,1716.1000000000001,1716.1000000000001,objetivo,5,1.8999999999998636,106.19999999999317,195.00000000000455,6.2,4.9999999999954525,183.8000000000091,1.934736842105498,False,2.3989977733210885,8,47704.40000000117,"C (partida 0,10 / 2R)"
MGC,london,2020-04-22,C,0.1,2.0,1,2020-04-22 09:50:00+01:00,2020-04-22 09:50:00+01:00,2020-04-22 09:55:00+01:00,1722.1999999999998,1721.0,1724.6000000000001,1720.9,stop,8,1.199999999999818,113.91999999998545,-87.99999999999272,9.92,15.999999999985448,-113.91999999997817,-1.1866666666666192,False,1.1071976728311583,9,47888.20000000118,"C (partida 0,10 / 2R)"
MGC,london,2020-04-24,C,0.1,2.0,-1,2020-04-24 09:33:00+01:00,2020-04-24 09:33:00+01:00,2020-04-24 09:34:00+01:00,1747.5,1748.8,1744.9,1748.8999999999999,stop,7,1.2999999999999545,106.67999999999682,-84.00000000000318,8.68,13.999999999987267,-106.67999999999046,-1.1723076923076285,False,-1.375481374296497,9,47774.28000000121,"C (partida 0,10 / 2R)"
MGC,london,2020-04-27,C,0.1,2.0,1,2020-04-27 09:22:00+01:00,2020-04-27 09:22:00+01:00,2020-04-27 09:27:00+01:00,1738.8,1737.2,1742.0,1737.1000000000001,stop,6,1.599999999999909,109.43999999999454,-90.0,7.4399999999999995,11.999999999989086,-109.43999999998908,-1.139999999999951,False,0.6647897838727936,9,47667.60000000121,"C (partida 0,10 / 2R)"
MGC,london,2020-04-28,C,0.1,2.0,1,2020-04-28 09:13:00+01:00,2020-04-28 09:13:00+01:00,2020-04-28 09:20:00+01:00,1715.6,1714.5,1717.8000000000002,1714.4,stop,8,1.099999999999909,105.91999999999273,-80.0,9.92,15.999999999985448,-105.91999999998545,-1.203636363636298,False,0.25865178484011103,9,47558.160000001226,"C (partida 0,10 / 2R)"
MGC,london,2020-05-07,C,0.1,2.0,1,2020-05-07 10:01:00+01:00,2020-05-07 10:01:00+01:00,2020-05-07 10:06:00+01:00,1696.1,1694.7,1698.9,1694.6000000000001,stop,7,1.3999999999998636,113.67999999999046,-90.99999999999682,8.68,13.999999999987267,-113.67999999998409,-1.1599999999999506,False,0.7577669842876352,10,47452.24000000124,"C (partida 0,10 / 2R)"
MGC,london,2020-05-07,C,0.1,2.0,1,2020-05-07 10:13:00+01:00,2020-05-07 10:13:00+01:00,2020-05-07 10:16:00+01:00,1696.6,1694.9,1700.0,1700.0,objetivo,6,1.699999999999818,115.43999999998908,210.0,7.4399999999999995,5.999999999994543,196.56000000000546,1.9270588235296715,False,0.540790326135859,10,47338.56000000126,"C (partida 0,10 / 2R)"
MGC,london,2020-05-12,C,0.1,2.0,1,2020-05-12 09:06:00+01:00,2020-05-12 09:06:00+01:00,2020-05-12 09:17:00+01:00,1706.6999999999998,1705.7,1708.7,1708.7,objetivo,9,0.9999999999997726,110.15999999997953,189.00000000001228,11.16,8.999999999991815,168.84000000002047,1.876000000000654,False,2.1776752931860677,9,47535.12000000126,"C (partida 0,10 / 2R)"
MGC,london,2020-05-13,C,0.1,2.0,-1,2020-05-13 09:48:00+01:00,2020-05-13 09:48:00+01:00,2020-05-13 09:51:00+01:00,1703.3000000000002,1704.3999999999999,1701.1000000000001,1704.4999999999998,stop,9,1.0999999999996817,119.15999999997135,-89.99999999997954,11.16,17.99999999998363,-119.15999999996316,-1.2036363636363399,False,-0.16864391033694878,9,47703.96000000128,"C (partida 0,10 / 2R)"
MGC,london,2020-05-14,C,0.1,2.0,-1,2020-05-14 09:37:00+01:00,2020-05-14 09:37:00+01:00,2020-05-14 09:40:00+01:00,1722.6000000000001,1723.6,1720.6000000000001,1723.6999999999998,stop,9,0.9999999999997726,110.15999999997953,-80.99999999998772,11.16,17.99999999998363,-110.15999999997135,-1.22399999999996,False,-0.473586583907091,9,47584.80000000132,"C (partida 0,10 / 2R)"
MGC,london,2020-05-15,C,0.1,2.0,1,2020-05-15 08:43:00+01:00,2020-05-15 08:43:00+01:00,2020-05-15 08:45:00+01:00,1746.3,1745.1000000000001,1748.7,1748.7,objetivo,8,1.199999999999818,113.91999999998545,200.0,9.92,7.999999999992724,182.0800000000073,1.89666666666703,False,0.878176752414793,8,47474.640000001345,"C (partida 0,10 / 2R)"
MGC,london,2020-05-18,C,0.1,2.0,1,2020-05-18 09:01:00+01:00,2020-05-18 09:01:00+01:00,2020-05-18 09:07:00+01:00,1770.0,1769.0,1772.0,1772.0,objetivo,9,1.0,110.16,188.99999999999181,11.16,8.999999999991815,168.84,1.8760000000000001,False,0.4182575148289328,9,47656.720000001354,"C (partida 0,10 / 2R)"
MGC,london,2020-05-20,C,0.1,2.0,1,2020-05-20 08:47:00+01:00,2020-05-20 08:47:00+01:00,2020-05-20 08:48:00+01:00,1755.1999999999998,1753.4,1758.8000000000002,1753.3000000000002,stop,5,1.7999999999997272,101.19999999998635,-84.9999999999909,6.2,9.999999999990905,-101.19999999998181,-1.1244444444444128,False,0.8054071143309882,8,47825.56000000135,"C (partida 0,10 / 2R)"
MGC,london,2020-05-21,C,0.1,2.0,-1,2020-05-21 10:31:00+01:00,2020-05-21 10:31:00+01:00,2020-05-21 10:31:00+01:00,1732.7,1733.8999999999999,1730.3000000000002,1733.9999999999998,stop,8,1.199999999999818,113.91999999998545,-87.99999999999272,9.92,15.999999999985448,-113.91999999997817,-1.1866666666666192,False,-0.6662911247507635,10,47724.36000000137,"C (partida 0,10 / 2R)"
MGC,london,2020-05-22,C,0.1,2.0,1,2020-05-22 09:34:00+01:00,2020-05-22 09:34:00+01:00,2020-05-22 09:59:00+01:00,1740.0,1738.2,1743.6000000000001,1738.1000000000001,stop,5,1.7999999999999545,101.19999999999771,-85.00000000000227,6.2,9.999999999990905,-101.19999999999318,-1.124444444444397,False,0.6484481015500244,9,47610.44000000139,"C (partida 0,10 / 2R)"
MGC,london,2020-06-01,C,0.1,2.0,-1,2020-06-01 09:01:00+01:00,2020-06-01 09:01:00+01:00,2020-06-01 09:01:00+01:00,1751.7,1752.8,1749.5,1752.8999999999999,stop,8,1.099999999999909,105.91999999999273,-80.0,9.92,15.999999999985448,-105.91999999998545,-1.203636363636298,False,-2.0141767046025607,9,47509.2400000014,"C (partida 0,10 / 2R)"
MGC,london,2020-06-01,C,0.1,2.0,-1,2020-06-01 10:28:00+01:00,2020-06-01 10:28:00+01:00,2020-06-01 11:00:00+01:00,1748.1000000000001,1750.3999999999999,1743.5,1749.3999999999999,cierre_sesion,4,2.299999999999727,100.95999999998908,-43.99999999999636,4.96,7.999999999992724,-56.95999999998909,-0.6191304347825636,False,-0.6648774526297085,10,47403.32000000142,"C (partida 0,10 / 2R)"
MGC,london,2020-06-08,C,0.1,2.0,-1,2020-06-08 10:34:00+01:00,2020-06-08 10:34:00+01:00,2020-06-08 10:44:00+01:00,1696.5,1697.6,1694.3000000000002,1697.6999999999998,stop,8,1.099999999999909,105.91999999999273,-80.0,9.92,15.999999999985448,-105.91999999998545,-1.203636363636298,False,-0.16752225705621743,10,47346.36000000143,"C (partida 0,10 / 2R)"
MGC,london,2020-06-11,C,0.1,2.0,-1,2020-06-11 10:31:00+01:00,2020-06-11 10:31:00+01:00,2020-06-11 11:00:00+01:00,1740.6000000000001,1741.6,1738.6000000000001,1741.3,cierre_sesion,9,0.9999999999997726,110.15999999997953,-45.0,11.16,17.99999999998363,-74.15999999998363,-0.8240000000000054,False,-0.46867533150606927,10,47240.44000000144,"C (partida 0,10 / 2R)"
MGC,london,2020-06-15,C,0.1,2.0,1,2020-06-15 09:24:00+01:00,2020-06-15 09:24:00+01:00,2020-06-15 09:46:00+01:00,1726.6,1725.0,1729.8000000000002,1724.9,stop,6,1.599999999999909,109.43999999999454,-90.0,7.4399999999999995,11.999999999989086,-109.43999999998908,-1.139999999999951,False,0.6370652828996058,9,47166.28000000146,"C (partida 0,10 / 2R)"
MGC,london,2020-06-25,C,0.1,2.0,1,2020-06-25 08:35:00+01:00,2020-06-25 08:35:00+01:00,2020-06-25 08:59:00+01:00,1778.1999999999998,1776.9,1780.8000000000002,1776.8000000000002,stop,7,1.2999999999997272,106.67999999998091,-83.99999999998727,8.68,13.999999999987267,-106.67999999997454,-1.1723076923076585,False,0.590157043339032,8,47056.84000000147,"C (partida 0,10 / 2R)"
MGC,london,2020-06-30,C,0.1,2.0,-1,2020-06-30 09:04:00+01:00,2020-06-30 09:04:00+01:00,2020-06-30 10:03:00+01:00,1784.7,1785.8,1782.5,1782.5,objetivo,8,1.099999999999909,105.91999999999273,183.99999999999636,9.92,7.999999999992724,166.08000000000365,1.8872727272729248,False,-1.362587541500382,9,46950.1600000015,"C (partida 0,10 / 2R)"
MGC,london,2020-07-09,C,0.1,2.0,1,2020-07-09 09:26:00+01:00,2020-07-09 09:26:00+01:00,2020-07-09 10:30:00+01:00,1823.3999999999999,1821.9,1826.4,1821.8000000000002,stop,6,1.4999999999997726,103.43999999998636,-83.99999999999181,7.4399999999999995,11.999999999989086,-103.4399999999809,-1.1493333333332953,False,1.1268726581428363,9,47116.240000001504,"C (partida 0,10 / 2R)"
MGC,london,2020-07-10,C,0.1,2.0,1,2020-07-10 09:01:00+01:00,2020-07-10 09:01:00+01:00,2020-07-10 09:13:00+01:00,1806.5,1804.9,1809.7,1809.7,objetivo,6,1.599999999999909,109.43999999999454,197.99999999999727,7.4399999999999995,5.999999999994543,184.56000000000273,1.9225000000001378,False,2.74926289425559,9,47012.80000000152,"C (partida 0,10 / 2R)"
MGC,london,2020-07-23,C,0.1,2.0,-1,2020-07-23 08:52:00+01:00,2020-07-23 08:52:00+01:00,2020-07-23 08:56:00+01:00,1874.4,1875.8999999999999,1871.4,1875.9999999999998,stop,6,1.4999999999997726,103.43999999998636,-83.99999999999181,7.4399999999999995,11.999999999989086,-103.4399999999809,-1.1493333333332953,False,-0.6719455134691082,8,47197.36000000153,"C (partida 0,10 / 2R)"
MGC,london,2020-07-27,C,0.1,2.0,1,2020-07-27 08:32:00+01:00,2020-07-27 08:32:00+01:00,2020-07-27 08:35:00+01:00,1931.6999999999998,1930.2,1934.7,1930.1000000000001,stop,6,1.4999999999997726,103.43999999998636,-83.99999999999181,7.4399999999999995,11.999999999989086,-103.4399999999809,-1.1493333333332953,False,1.5278456083720677,8,47093.92000000155,"C (partida 0,10 / 2R)"
MGC,london,2020-07-27,C,0.1,2.0,-1,2020-07-27 09:00:00+01:00,2020-07-27 09:00:00+01:00,2020-07-27 09:01:00+01:00,1928.4,1929.5,1926.2,1929.6,stop,8,1.099999999999909,105.91999999999273,-80.0,9.92,15.999999999985448,-105.91999999998545,-1.203636363636298,False,-0.6335817287746597,8,46990.48000000157,"C (partida 0,10 / 2R)"
MGC,london,2020-07-29,C,0.1,2.0,1,2020-07-29 08:42:00+01:00,2020-07-29 08:42:00+01:00,2020-07-29 08:46:00+01:00,1959.1,1956.5,1964.3000000000002,1956.4,stop,4,2.599999999999909,112.95999999999636,-100.0,4.96,7.999999999992724,-112.95999999999272,-1.086153846153814,False,0.4331500586770597,8,46884.560000001584,"C (partida 0,10 / 2R)"
MGC,london,2020-07-29,C,0.1,2.0,-1,2020-07-29 10:29:00+01:00,2020-07-29 10:29:00+01:00,2020-07-29 11:00:00+01:00,1951.6000000000001,1955.1,1944.6000000000001,1953.3,cierre_sesion,3,3.4999999999997726,111.71999999999318,-45.0,3.7199999999999998,5.999999999994543,-54.71999999999454,-0.521142857142839,False,-0.21726530921893186,10,46771.60000000159,"C (partida 0,10 / 2R)"
MGC,london,2020-08-04,C,0.1,2.0,-1,2020-08-04 10:18:00+01:00,2020-08-04 10:18:00+01:00,2020-08-04 10:26:00+01:00,1992.0,1993.8999999999999,1988.2,1993.9999999999998,stop,5,1.8999999999998636,106.19999999999317,-89.99999999999773,6.2,9.999999999990905,-106.19999999998863,-1.117894736842066,False,-0.10101284508057552,10,46716.8800000016,"C (partida 0,10 / 2R)"
MGC,london,2020-08-05,C,0.1,2.0,1,2020-08-05 10:42:00+01:00,2020-08-05 10:42:00+01:00,2020-08-05 10:48:00+01:00,2052.5,2051.4,2054.7000000000003,2054.7000000000003,objetivo,8,1.099999999999909,105.91999999999273,184.00000000001455,9.92,7.999999999992724,166.08000000002184,1.8872727272731316,False,0.23729904737570925,10,46610.68000000161,"C (partida 0,10 / 2R)"
MGC,london,2020-08-07,C,0.1,2.0,1,2020-08-07 08:35:00+01:00,2020-08-07 08:35:00+01:00,2020-08-07 08:36:00+01:00,2070.6,2069.0,2073.8,2068.9,stop,6,1.599999999999909,109.43999999999454,-90.0,7.4399999999999995,11.999999999989086,-109.43999999998908,-1.139999999999951,False,0.7555343780108108,8,46776.76000000163,"C (partida 0,10 / 2R)"
MGC,london,2020-08-07,C,0.1,2.0,1,2020-08-07 09:14:00+01:00,2020-08-07 09:14:00+01:00,2020-08-07 09:20:00+01:00,2072.1,2071.1,2074.1,2071.0,stop,9,1.0,110.16,-81.00000000000819,11.16,17.99999999998363,-110.15999999999181,-1.223999999999909,False,1.418443056188167,9,46667.320000001644,"C (partida 0,10 / 2R)"
MGC,london,2020-08-10,C,0.1,2.0,1,2020-08-10 10:04:00+01:00,2020-08-10 10:04:00+01:00,2020-08-10 10:30:00+01:00,2043.5,2042.5,2045.5,2042.4,stop,9,1.0,110.16,-81.00000000000819,11.16,17.99999999998363,-110.15999999999181,-1.223999999999909,False,0.2707875060581546,10,46557.160000001655,"C (partida 0,10 / 2R)"
MGC,london,2020-08-11,C,0.1,2.0,-1,2020-08-11 09:47:00+01:00,2020-08-11 09:47:00+01:00,2020-08-11 09:48:00+01:00,1995.3000000000002,1996.3999999999999,1993.1000000000001,1996.4999999999998,stop,8,1.0999999999996817,105.91999999997454,-79.99999999998181,9.92,15.999999999985448,-105.91999999996726,-1.2036363636363399,False,-1.3746728714842653,9,46447.000000001666,"C (partida 0,10 / 2R)"
MGC,london,2020-08-13,C,0.1,2.0,1,2020-08-13 09:02:00+01:00,2020-08-13 09:02:00+01:00,2020-08-13 09:03:00+01:00,1941.5,1939.5,1945.5,1939.4,stop,5,2.0,111.19999999999999,-95.00000000000455,6.2,9.999999999990905,-111.19999999999546,-1.1119999999999546,False,0.12096297687104603,9,46341.0800000017,"C (partida 0,10 / 2R)"
MGC,london,2020-08-14,C,0.1,2.0,1,2020-08-14 08:39:00+01:00,2020-08-14 08:39:00+01:00,2020-08-14 08:42:00+01:00,1954.8999999999999,1953.8000000000002,1957.1000000000001,1957.1000000000001,objetivo,8,1.0999999999996817,105.91999999997454,184.00000000001455,9.92,7.999999999992724,166.08000000002184,1.8872727272735217,False,0.9123696667230229,8,46229.8800000017,"C (partida 0,10 / 2R)"
MGC,london,2020-08-17,C,0.1,2.0,-1,2020-08-17 10:00:00+01:00,2020-08-17 10:00:00+01:00,2020-08-17 10:21:00+01:00,1959.8000000000002,1961.8,1955.8000000000002,1961.8999999999999,stop,5,1.9999999999997726,111.19999999998862,-94.99999999999318,6.2,9.999999999990905,-111.19999999998409,-1.1119999999999672,False,-0.4001330636808824,9,46395.96000000172,"C (partida 0,10 / 2R)"
MGC,london,2020-08-18,C,0.1,2.0,1,2020-08-18 09:02:00+01:00,2020-08-18 09:02:00+01:00,2020-08-18 09:07:00+01:00,2015.6999999999998,2014.2,2018.7,2014.1000000000001,stop,6,1.4999999999997726,103.43999999998636,-83.99999999999181,7.4399999999999995,11.999999999989086,-103.4399999999809,-1.1493333333332953,False,2.610438492422002,9,46284.76000000174,"C (partida 0,10 / 2R)"
MGC,london,2020-08-19,C,0.1,2.0,1,2020-08-19 09:17:00+01:00,2020-08-19 09:17:00+01:00,2020-08-19 09:54:00+01:00,1997.5,1995.3000000000002,2001.9,2001.9,objetivo_hueco,4,2.199999999999818,96.95999999999272,180.0,4.96,3.999999999996362,171.04000000000363,1.9436363636365657,False,0.4816553477245343,9,46181.32000000176,"C (partida 0,10 / 2R)"
MGC,london,2020-08-19,C,0.1,2.0,1,2020-08-19 10:20:00+01:00,2020-08-19 10:20:00+01:00,2020-08-19 10:22:00+01:00,2002.6,2001.5,2004.8000000000002,2001.4,stop,8,1.099999999999909,105.91999999999273,-80.0,9.92,15.999999999985448,-105.91999999998545,-1.203636363636298,False,1.681628337835968,10,46352.36000000176,"C (partida 0,10 / 2R)"
MGC,london,2020-08-21,C,0.1,2.0,-1,2020-08-21 10:15:00+01:00,2020-08-21 10:15:00+01:00,2020-08-21 10:15:00+01:00,1938.2,1939.5,1935.6000000000001,1939.6,stop,7,1.2999999999999545,106.67999999999682,-84.00000000000318,8.68,13.999999999987267,-106.67999999999046,-1.1723076923076285,False,-0.6251383718815451,10,46246.44000000178,"C (partida 0,10 / 2R)"
MGC,london,2020-08-21,C,0.1,2.0,-1,2020-08-21 10:40:00+01:00,2020-08-21 10:40:00+01:00,2020-08-21 10:40:00+01:00,1938.9,1940.3,1936.1000000000001,1940.3999999999999,stop,7,1.3999999999998636,113.67999999999046,-90.99999999999682,8.68,13.999999999987267,-113.67999999998409,-1.1599999999999506,False,-0.43995573936484167,10,46139.760000001785,"C (partida 0,10 / 2R)"
MGC,london,2020-08-24,C,0.1,2.0,1,2020-08-24 08:53:00+01:00,2020-08-24 08:53:00+01:00,2020-08-24 08:58:00+01:00,1953.8,1952.2,1957.0,1952.1000000000001,stop,6,1.599999999999909,109.43999999999454,-90.0,7.4399999999999995,11.999999999989086,-109.43999999998908,-1.139999999999951,False,2.5709292166954123,8,46026.0800000018,"C (partida 0,10 / 2R)"
MGC,london,2020-08-25,C,0.1,2.0,1,2020-08-25 08:53:00+01:00,2020-08-25 08:53:00+01:00,2020-08-25 09:08:00+01:00,1940.8,1939.1000000000001,1944.2,1939.0000000000002,stop,5,1.699999999999818,96.1999999999909,-79.99999999999545,6.2,9.999999999990905,-96.19999999998636,-1.1317647058823135,False,0.14387720480587235,8,45916.64000000181,"C (partida 0,10 / 2R)"
MGC,london,2020-08-25,C,0.1,2.0,-1,2020-08-25 09:41:00+01:00,2020-08-25 09:41:00+01:00,2020-08-25 10:45:00+01:00,1932.1000000000001,1934.3999999999999,1927.5,1927.5,objetivo,4,2.299999999999727,100.95999999998908,188.00000000000182,4.96,3.999999999996362,179.04000000000545,1.9460869565220291,False,-2.5299730855836615,9,45820.44000000182,"C (partida 0,10 / 2R)"
MGC,london,2020-08-27,C,0.1,2.0,1,2020-08-27 09:30:00+01:00,2020-08-27 09:30:00+01:00,2020-08-27 09:40:00+01:00,1954.3,1952.8000000000002,1957.3000000000002,1952.7000000000003,stop,6,1.4999999999997726,103.43999999998636,-83.99999999999181,7.4399999999999995,11.999999999989086,-103.4399999999809,-1.1493333333332953,False,0.6115386998724744,9,45999.48000000183,"C (partida 0,10 / 2R)"
MGC,london,2020-08-27,C,0.1,2.0,-1,2020-08-27 10:19:00+01:00,2020-08-27 10:19:00+01:00,2020-08-27 10:23:00+01:00,1948.3000000000002,1949.8,1945.3000000000002,1949.8999999999999,stop,6,1.4999999999997726,103.43999999998636,-83.99999999999181,7.4399999999999995,11.999999999989086,-103.4399999999809,-1.1493333333332953,False,-0.7192962189704538,10,45896.04000000185,"C (partida 0,10 / 2R)"
MGC,london,2020-08-28,C,0.1,2.0,1,2020-08-28 10:36:00+01:00,2020-08-28 10:36:00+01:00,2020-08-28 10:37:00+01:00,1967.3999999999999,1966.4,1969.4,1966.3000000000002,stop,9,0.9999999999997726,110.15999999997953,-80.99999999998772,11.16,17.99999999998363,-110.15999999997135,-1.22399999999996,False,1.3550664785650335,10,45792.60000000187,"C (partida 0,10 / 2R)"
MGC,london,2020-08-31,C,0.1,2.0,-1,2020-08-31 09:05:00+01:00,2020-08-31 09:05:00+01:00,2020-08-31 09:06:00+01:00,1964.3000000000002,1965.3999999999999,1962.1000000000001,1965.4999999999998,stop,8,1.0999999999996817,105.91999999997454,-79.99999999998181,9.92,15.999999999985448,-105.91999999996726,-1.2036363636363399,False,-1.765817456662769,9,45682.440000001894,"C (partida 0,10 / 2R)"
MGC,london,2020-09-04,C,0.1,2.0,1,2020-09-04 08:53:00+01:00,2020-09-04 08:53:00+01:00,2020-09-04 08:59:00+01:00,1943.3999999999999,1942.1000000000001,1946.0,1942.0000000000002,stop,7,1.2999999999997272,106.67999999998091,-83.99999999998727,8.68,13.999999999987267,-106.67999999997454,-1.1723076923076585,False,0.6664687072542969,8,45576.520000001925,"C (partida 0,10 / 2R)"
MGC,london,2020-09-04,C,0.1,2.0,1,2020-09-04 10:28:00+01:00,2020-09-04 10:28:00+01:00,2020-09-04 10:28:00+01:00,1947.1,1946.0,1949.3000000000002,1945.9,stop,8,1.099999999999909,105.91999999999273,-80.0,9.92,15.999999999985448,-105.91999999998545,-1.203636363636298,False,1.1973902880446394,10,45469.840000001954,"C (partida 0,10 / 2R)"
MGC,london,2020-09-08,C,0.1,2.0,1,2020-09-08 08:53:00+01:00,2020-09-08 08:53:00+01:00,2020-09-08 08:57:00+01:00,1939.1999999999998,1937.7,1942.2,1937.6000000000001,stop,6,1.4999999999997726,103.43999999998636,-83.99999999999181,7.4399999999999995,11.999999999989086,-103.4399999999809,-1.1493333333332953,False,0.3462775040959892,8,45363.92000000197,"C (partida 0,10 / 2R)"
MGC,london,2020-09-08,C,0.1,2.0,1,2020-09-08 09:01:00+01:00,2020-09-08 09:01:00+01:00,2020-09-08 09:01:00+01:00,1938.8,1937.8000000000002,1940.8000000000002,1937.7000000000003,stop,9,0.9999999999997726,110.15999999997953,-80.99999999998772,11.16,17.99999999998363,-110.15999999997135,-1.22399999999996,False,0.29931359938687563,9,45260.48000000199,"C (partida 0,10 / 2R)"
MGC,london,2020-09-09,C,0.1,2.0,1,2020-09-09 08:32:00+01:00,2020-09-09 08:32:00+01:00,2020-09-09 08:36:00+01:00,1936.1,1935.0,1938.3000000000002,1938.3000000000002,objetivo,8,1.099999999999909,105.91999999999273,184.00000000001455,9.92,7.999999999992724,166.08000000002184,1.8872727272731316,False,0.1077700566252239,8,45150.320000002015,"C (partida 0,10 / 2R)"
MGC,london,2020-09-11,C,0.1,2.0,1,2020-09-11 09:37:00+01:00,2020-09-11 09:37:00+01:00,2020-09-11 09:45:00+01:00,1951.3999999999999,1950.4,1953.4,1953.4,objetivo,9,0.9999999999997726,110.15999999997953,189.00000000001228,11.16,8.999999999991815,168.84000000002047,1.876000000000654,False,0.31799827297159833,9,45316.40000000204,"C (partida 0,10 / 2R)"
MGC,london,2020-09-11,C,0.1,2.0,1,2020-09-11 10:42:00+01:00,2020-09-11 10:42:00+01:00,2020-09-11 11:00:00+01:00,1954.0,1952.9,1956.2,1954.7,cierre_sesion,8,1.099999999999909,105.91999999999273,71.99999999998909,9.92,15.999999999985448,46.080000000003636,0.5236363636364483,False,0.46595850157527824,10,45485.24000000206,"C (partida 0,10 / 2R)"
MGC,london,2020-09-14,C,0.1,2.0,-1,2020-09-14 09:19:00+01:00,2020-09-14 09:19:00+01:00,2020-09-14 09:36:00+01:00,1953.4,1954.5,1951.2,1954.6,stop,8,1.099999999999909,105.91999999999273,-80.0,9.92,15.999999999985448,-105.91999999998545,-1.203636363636298,False,-0.834109036843365,9,45531.32000000206,"C (partida 0,10 / 2R)"
MGC,london,2020-09-16,C,0.1,2.0,1,2020-09-16 09:12:00+01:00,2020-09-16 09:12:00+01:00,2020-09-16 09:14:00+01:00,1974.1,1973.1000000000001,1976.1000000000001,1976.1000000000001,objetivo,9,0.9999999999997726,110.15999999997953,189.00000000001228,11.16,8.999999999991815,168.84000000002047,1.876000000000654,False,0.47002891987235046,9,45425.400000002075,"C (partida 0,10 / 2R)"
MGC,london,2020-09-17,C,0.1,2.0,-1,2020-09-17 09:06:00+01:00,2020-09-17 09:06:00+01:00,2020-09-17 09:26:00+01:00,1949.2,1950.8,1946.0,1950.8999999999999,stop,6,1.599999999999909,109.43999999999454,-90.0,7.4399999999999995,11.999999999989086,-109.43999999998908,-1.139999999999951,False,-0.6939780760731814,9,45594.24000000209,"C (partida 0,10 / 2R)"
MGC,london,2020-09-22,C,0.1,2.0,-1,2020-09-22 08:55:00+01:00,2020-09-22 08:55:00+01:00,2020-09-22 08:55:00+01:00,1902.3000000000002,1905.1,1896.7,1905.1999999999998,stop,3,2.799999999999727,90.71999999999181,-80.99999999999454,3.7199999999999998,5.999999999994543,-90.71999999998908,-1.0799999999999752,False,-2.440387664491081,8,45484.800000002106,"C (partida 0,10 / 2R)"
MGC,london,2020-09-23,C,0.1,2.0,-1,2020-09-23 08:35:00+01:00,2020-09-23 08:35:00+01:00,2020-09-23 08:46:00+01:00,1882.3000000000002,1883.6,1879.7,1879.7,objetivo,7,1.2999999999997272,106.67999999998091,189.00000000000318,8.68,6.9999999999936335,173.32000000000954,1.9046153846158893,False,-0.371182658625128,8,45394.08000000212,"C (partida 0,10 / 2R)"
MGC,london,2020-09-23,C,0.1,2.0,-1,2020-09-23 09:03:00+01:00,2020-09-23 09:03:00+01:00,2020-09-23 09:16:00+01:00,1879.7,1881.8,1875.5,1881.8999999999999,stop,4,2.099999999999909,92.95999999999636,-80.0,4.96,7.999999999992724,-92.95999999999272,-1.1066666666666278,False,-1.4091364192381486,9,45567.400000002126,"C (partida 0,10 / 2R)"
MGC,london,2020-09-24,C,0.1,2.0,-1,2020-09-24 10:29:00+01:00,2020-09-24 10:29:00+01:00,2020-09-24 10:35:00+01:00,1855.0,1856.3999999999999,1852.2,1852.2,objetivo,7,1.3999999999998636,113.67999999999046,202.99999999999045,8.68,6.9999999999936335,187.3199999999968,1.9114285714287251,False,-0.8138255363306115,10,45474.440000002134,"C (partida 0,10 / 2R)"
MGC,london,2020-09-25,C,0.1,2.0,-1,2020-09-25 10:02:00+01:00,2020-09-25 10:02:00+01:00,2020-09-25 10:08:00+01:00,1873.4,1874.6,1871.0,1874.6999999999998,stop,8,1.199999999999818,113.91999999998545,-87.99999999999272,9.92,15.999999999985448,-113.91999999997817,-1.1866666666666192,False,-0.29649970122697455,10,45661.760000002134,"C (partida 0,10 / 2R)"
MGC,london,2020-09-25,C,0.1,2.0,-1,2020-09-25 10:20:00+01:00,2020-09-25 10:20:00+01:00,2020-09-25 10:23:00+01:00,1873.5,1874.6,1871.3000000000002,1874.6999999999998,stop,8,1.099999999999909,105.91999999999273,-80.0,9.92,15.999999999985448,-105.91999999998545,-1.203636363636298,False,-0.16042544546253762,10,45547.84000000216,"C (partida 0,10 / 2R)"
MGC,london,2020-09-28,C,0.1,2.0,-1,2020-09-28 09:47:00+01:00,2020-09-28 09:47:00+01:00,2020-09-28 10:17:00+01:00,1852.4,1857.3999999999999,1842.4,1857.4999999999998,stop,2,4.999999999999773,104.47999999999546,-97.99999999999727,2.48,3.999999999996362,-104.47999999999364,-1.044799999999984,False,-1.6715519850582903,9,45441.920000002174,"C (partida 0,10 / 2R)"
MGC,london,2020-09-29,C,0.1,2.0,1,2020-09-29 08:53:00+01:00,2020-09-29 08:53:00+01:00,2020-09-29 09:02:00+01:00,1887.6,1886.5,1889.8000000000002,1886.4,stop,8,1.099999999999909,105.91999999999273,-80.0,9.92,15.999999999985448,-105.91999999998545,-1.203636363636298,False,0.12428368550774624,8,45337.44000000218,"C (partida 0,10 / 2R)"
MGC,london,2020-09-30,C,0.1,2.0,-1,2020-09-30 09:43:00+01:00,2020-09-30 09:43:00+01:00,2020-09-30 10:11:00+01:00,1890.2,1891.8999999999999,1886.8000000000002,1886.8000000000002,objetivo,5,1.699999999999818,96.1999999999909,174.99999999998863,6.2,4.9999999999954525,163.7999999999932,1.9270588235295378,False,-0.20078598473055784,9,45231.520000002194,"C (partida 0,10 / 2R)"
MGC,london,2020-09-30,C,0.1,2.0,-1,2020-09-30 10:29:00+01:00,2020-09-30 10:29:00+01:00,2020-09-30 10:31:00+01:00,1886.6000000000001,1887.6999999999998,1884.4,1887.7999999999997,stop,8,1.0999999999996817,105.91999999997454,-79.99999999998181,9.92,15.999999999985448,-105.91999999996726,-1.2036363636363399,False,-1.5011588848605162,10,45395.32000000219,"C (partida 0,10 / 2R)"
MGC,london,2020-10-01,C,0.1,2.0,-1,2020-10-01 09:29:00+01:00,2020-10-01 09:29:00+01:00,2020-10-01 09:38:00+01:00,1901.0,1902.0,1899.0,1899.0,objetivo,9,1.0,110.16,188.99999999999181,11.16,8.999999999991815,168.84,1.8760000000000001,False,-0.32732329332945037,9,45289.40000000222,"C (partida 0,10 / 2R)"
MGC,london,2020-10-02,C,0.1,2.0,-1,2020-10-02 09:01:00+01:00,2020-10-02 09:01:00+01:00,2020-10-02 09:03:00+01:00,1914.4,1915.8,1911.6000000000001,1915.8999999999999,stop,6,1.3999999999998636,97.43999999999183,-77.99999999999727,7.4399999999999995,11.999999999989086,-97.43999999998636,-1.1599999999999506,False,-1.3252915127956029,9,45458.24000000222,"C (partida 0,10 / 2R)"
MGC,london,2020-10-02,C,0.1,2.0,-1,2020-10-02 09:07:00+01:00,2020-10-02 09:07:00+01:00,2020-10-02 09:14:00+01:00,1915.4,1916.5,1913.2,1916.6,stop,8,1.099999999999909,105.91999999999273,-80.0,9.92,15.999999999985448,-105.91999999998545,-1.203636363636298,False,-1.163733521651246,9,45360.80000000223,"C (partida 0,10 / 2R)"
MGC,london,2020-10-14,C,0.1,2.0,-1,2020-10-14 08:31:00+01:00,2020-10-14 08:31:00+01:00,2020-10-14 08:37:00+01:00,1898.0,1899.1,1895.8000000000002,1899.1999999999998,stop,8,1.099999999999909,105.91999999999273,-80.0,9.92,15.999999999985448,-105.91999999998545,-1.203636363636298,False,-2.8434645537216348,8,45254.880000002246,"C (partida 0,10 / 2R)"
MGC,london,2020-10-19,C,0.1,2.0,1,2020-10-19 08:44:00+01:00,2020-10-19 08:44:00+01:00,2020-10-19 08:59:00+01:00,1914.3,1912.9,1917.1000000000001,1912.8000000000002,stop,6,1.3999999999998636,97.43999999999183,-77.99999999999727,7.4399999999999995,11.999999999989086,-97.43999999998636,-1.1599999999999506,False,0.9377238704247957,8,45148.96000000226,"C (partida 0,10 / 2R)"
MGC,london,2020-10-19,C,0.1,2.0,1,2020-10-19 10:29:00+01:00,2020-10-19 10:29:00+01:00,2020-10-19 10:30:00+01:00,1915.1,1914.1000000000001,1917.1000000000001,1914.0000000000002,stop,9,0.9999999999997726,110.15999999997953,-80.99999999998772,11.16,17.99999999998363,-110.15999999997135,-1.22399999999996,False,0.2047443731146921,10,45051.520000002274,"C (partida 0,10 / 2R)"
MGC,london,2020-10-21,C,0.1,2.0,-1,2020-10-21 10:30:00+01:00,2020-10-21 10:30:00+01:00,2020-10-21 10:30:00+01:00,1919.6000000000001,1921.1,1916.6000000000001,1921.1999999999998,stop,6,1.4999999999997726,103.43999999998636,-83.99999999999181,7.4399999999999995,11.999999999989086,-103.4399999999809,-1.1493333333332953,False,-0.7649502744634501,10,44941.3600000023,"C (partida 0,10 / 2R)"
MGC,london,2020-10-23,C,0.1,2.0,-1,2020-10-23 08:39:00+01:00,2020-10-23 08:39:00+01:00,2020-10-23 08:39:00+01:00,1908.0,1909.6,1904.8000000000002,1909.6999999999998,stop,6,1.599999999999909,109.43999999999454,-90.0,7.4399999999999995,11.999999999989086,-109.43999999998908,-1.139999999999951,False,-0.6602008925210956,8,44837.92000000232,"C (partida 0,10 / 2R)"
MGC,london,2020-10-23,C,0.1,2.0,1,2020-10-23 09:14:00+01:00,2020-10-23 09:14:00+01:00,2020-10-23 09:43:00+01:00,1911.8999999999999,1910.4,1914.9,1914.9,objetivo,6,1.4999999999997726,103.43999999998636,186.00000000000819,7.4399999999999995,5.999999999994543,172.56000000001364,1.9173333333337756,False,0.7737736717169226,9,44728.48000000233,"C (partida 0,10 / 2R)"
MGC,london,2020-10-29,C,0.1,2.0,-1,2020-10-29 08:36:00+00:00,2020-10-29 08:36:00+00:00,2020-10-29 09:01:00+00:00,1877.6000000000001,1879.1,1874.6000000000001,1879.1999999999998,stop,6,1.4999999999997726,103.43999999998636,-83.99999999999181,7.4399999999999995,11.999999999989086,-103.4399999999809,-1.1493333333332953,False,-2.3760158043321735,8,44901.040000002344,"C (partida 0,10 / 2R)"
MGC,london,2020-10-29,C,0.1,2.0,-1,2020-10-29 10:33:00+00:00,2020-10-29 10:33:00+00:00,2020-10-29 10:35:00+00:00,1876.7,1877.6999999999998,1874.7,1877.7999999999997,stop,9,0.9999999999997726,110.15999999997953,-80.99999999998772,11.16,17.99999999998363,-110.15999999997135,-1.22399999999996,False,-0.6727499299137518,10,44797.60000000236,"C (partida 0,10 / 2R)"
MGC,london,2020-11-04,C,0.1,2.0,1,2020-11-04 09:07:00+00:00,2020-11-04 09:07:00+00:00,2020-11-04 09:17:00+00:00,1895.1,1893.6000000000001,1898.1000000000001,1893.5000000000002,stop,6,1.4999999999997726,103.43999999998636,-83.99999999999181,7.4399999999999995,11.999999999989086,-103.4399999999809,-1.1493333333332953,False,1.0086118504312465,9,44687.44000000239,"C (partida 0,10 / 2R)"
MGC,london,2020-11-06,C,0.1,2.0,-1,2020-11-06 08:46:00+00:00,2020-11-06 08:46:00+00:00,2020-11-06 08:46:00+00:00,1948.4,1949.3999999999999,1946.4,1949.4999999999998,stop,9,0.9999999999997726,110.15999999997953,-80.99999999998772,11.16,17.99999999998363,-110.15999999997135,-1.22399999999996,False,-0.5637429523528089,8,44584.00000000241,"C (partida 0,10 / 2R)"
MGC,london,2020-11-10,C,0.1,2.0,-1,2020-11-10 10:44:00+00:00,2020-11-10 10:44:00+00:00,2020-11-10 10:51:00+00:00,1871.3000000000002,1872.5,1868.9,1868.9,objetivo,7,1.199999999999818,99.67999999998727,175.0,8.68,6.9999999999936335,159.32000000000636,1.89666666666703,False,-1.5838581911930087,10,44473.840000002434,"C (partida 0,10 / 2R)"
MGC,london,2020-11-11,C,0.1,2.0,1,2020-11-11 09:22:00+00:00,2020-11-11 09:22:00+00:00,2020-11-11 09:57:00+00:00,1876.3,1874.8000000000002,1879.3000000000002,1879.3000000000002,objetivo,6,1.4999999999997726,103.43999999998636,186.00000000000819,7.4399999999999995,5.999999999994543,172.56000000001364,1.9173333333337756,False,0.24369509149171484,9,44633.16000000244,"C (partida 0,10 / 2R)"
MGC,london,2020-11-13,C,0.1,2.0,1,2020-11-13 08:33:00+00:00,2020-11-13 08:33:00+00:00,2020-11-13 08:43:00+00:00,1879.0,1877.9,1881.2,1877.8000000000002,stop,8,1.099999999999909,105.91999999999273,-80.0,9.92,15.999999999985448,-105.91999999998545,-1.203636363636298,False,0.18018976323047134,8,44805.72000000245,"C (partida 0,10 / 2R)"
MGC,london,2020-11-16,C,0.1,2.0,1,2020-11-16 10:00:00+00:00,2020-11-16 10:00:00+00:00,2020-11-16 10:03:00+00:00,1892.5,1891.5,1894.5,1891.4,stop,9,1.0,110.16,-81.00000000000819,11.16,17.99999999998363,-110.15999999999181,-1.223999999999909,False,0.12301346734677847,9,44699.80000000247,"C (partida 0,10 / 2R)"
MGC,london,2020-11-20,C,0.1,2.0,-1,2020-11-20 09:26:00+00:00,2020-11-20 09:26:00+00:00,2020-11-20 09:28:00+00:00,1864.8000000000002,1866.1999999999998,1862.0,1866.2999999999997,stop,6,1.3999999999996362,97.43999999997818,-77.99999999998363,7.4399999999999995,11.999999999989086,-97.43999999997271,-1.1599999999999766,False,-0.10862110350925062,9,44589.64000000248,"C (partida 0,10 / 2R)"
MGC,london,2020-11-20,C,0.1,2.0,-1,2020-11-20 09:37:00+00:00,2020-11-20 09:37:00+00:00,2020-11-20 09:59:00+00:00,1865.0,1866.0,1863.0,1866.1,stop_hueco,9,1.0,110.16,-81.00000000000819,11.16,17.99999999998363,-110.15999999999181,-1.223999999999909,False,-0.14529678877839744,9,44492.20000000251,"C (partida 0,10 / 2R)"
MGC,london,2020-11-24,C,0.1,2.0,-1,2020-11-24 08:54:00+00:00,2020-11-24 08:54:00+00:00,2020-11-24 08:55:00+00:00,1824.3000000000002,1825.5,1821.9,1821.9,objetivo,7,1.199999999999818,99.67999999998727,175.0,8.68,6.9999999999936335,159.32000000000636,1.89666666666703,False,-1.5010890219346866,8,44382.04000000252,"C (partida 0,10 / 2R)"
MGC,london,2020-11-24,C,0.1,2.0,-1,2020-11-24 09:52:00+00:00,2020-11-24 09:52:00+00:00,2020-11-24 10:06:00+00:00,1822.2,1823.1999999999998,1820.2,1820.2,objetivo,9,0.9999999999997726,110.15999999997953,188.99999999999181,11.16,8.999999999991815,168.84,1.8760000000004267,False,-0.43350732270826886,9,44541.360000002525,"C (partida 0,10 / 2R)"
MGC,london,2020-11-26,C,0.1,2.0,-1,2020-11-26 09:09:00+00:00,2020-11-26 09:09:00+00:00,2020-11-26 10:23:00+00:00,1813.0,1814.3,1810.4,1810.4,objetivo,7,1.2999999999999545,106.67999999999682,188.99999999998727,8.68,6.9999999999936335,173.31999999999363,1.9046153846153813,False,-0.27229613545917136,9,44710.20000000252,"C (partida 0,10 / 2R)"
MGC,london,2020-12-04,C,0.1,2.0,-1,2020-12-04 10:40:00+00:00,2020-12-04 10:40:00+00:00,2020-12-04 10:55:00+00:00,1842.9,1844.0,1840.7,1844.1,stop,8,1.099999999999909,105.91999999999273,-80.0,9.92,15.999999999985448,-105.91999999998545,-1.203636363636298,False,-0.40629861129517697,10,44883.520000002514,"C (partida 0,10 / 2R)"
MGC,london,2020-12-07,C,0.1,2.0,-1,2020-12-07 09:11:00+00:00,2020-12-07 09:11:00+00:00,2020-12-07 09:19:00+00:00,1830.7,1831.8999999999999,1828.3000000000002,1831.9999999999998,stop,7,1.199999999999818,99.67999999998727,-76.99999999999363,8.68,13.999999999987267,-99.67999999998091,-1.1866666666666192,False,-0.5991891295080403,9,44777.60000000253,"C (partida 0,10 / 2R)"
MGC,london,2020-12-07,C,0.1,2.0,1,2020-12-07 10:12:00+00:00,2020-12-07 10:12:00+00:00,2020-12-07 10:22:00+00:00,1834.6999999999998,1833.7,1836.7,1836.7,objetivo,9,0.9999999999997726,110.15999999997953,189.00000000001228,11.16,8.999999999991815,168.84000000002047,1.876000000000654,False,0.17930112339421592,10,44677.92000000255,"C (partida 0,10 / 2R)"
MGC,london,2020-12-08,C,0.1,2.0,1,2020-12-08 09:02:00+00:00,2020-12-08 09:02:00+00:00,2020-12-08 09:07:00+00:00,1870.1,1868.8000000000002,1872.7,1868.7000000000003,stop,7,1.2999999999997272,106.67999999998091,-83.99999999998727,8.68,13.999999999987267,-106.67999999997454,-1.1723076923076585,False,0.7567306236896164,9,44846.76000000257,"C (partida 0,10 / 2R)"
MGC,london,2020-12-09,C,0.1,2.0,-1,2020-12-09 10:13:00+00:00,2020-12-09 10:13:00+00:00,2020-12-09 10:20:00+00:00,1864.0,1865.5,1861.0,1861.0,objetivo,6,1.5,103.44,185.99999999999454,7.4399999999999995,5.999999999994543,172.56,1.9173333333333333,False,-0.1012650560141131,10,44740.0800000026,"C (partida 0,10 / 2R)"
MGC,london,2020-12-11,C,0.1,2.0,1,2020-12-11 09:57:00+00:00,2020-12-11 09:57:00+00:00,2020-12-11 10:01:00+00:00,1840.5,1839.5,1842.5,1842.5,objetivo,9,1.0,110.16,188.99999999999181,11.16,8.999999999991815,168.84,1.8760000000000001,False,0.8175920843428214,9,44912.6400000026,"C (partida 0,10 / 2R)"
MGC,london,2020-12-16,C,0.1,2.0,1,2020-12-16 08:32:00+00:00,2020-12-16 08:32:00+00:00,2020-12-16 08:32:00+00:00,1859.6,1858.3000000000002,1862.2,1862.2,objetivo,7,1.2999999999997272,106.67999999998091,189.00000000000318,8.68,6.9999999999936335,173.32000000000954,1.9046153846158893,False,1.1841898640847905,8,45081.48000000259,"C (partida 0,10 / 2R)"
MGC,london,2020-12-17,C,0.1,2.0,1,2020-12-17 08:56:00+00:00,2020-12-17 08:56:00+00:00,2020-12-17 08:59:00+00:00,1885.3,1884.3000000000002,1887.3000000000002,1884.2000000000003,stop,9,0.9999999999997726,110.15999999997953,-80.99999999998772,11.16,17.99999999998363,-110.15999999997135,-1.22399999999996,False,2.401234020650581,8,45254.8000000026,"C (partida 0,10 / 2R)"
MGC,london,2020-12-18,C,0.1,2.0,1,2020-12-18 09:10:00+00:00,2020-12-18 09:10:00+00:00,2020-12-18 09:18:00+00:00,1885.8999999999999,1884.9,1887.9,1884.8000000000002,stop,9,0.9999999999997726,110.15999999997953,-80.99999999998772,11.16,17.99999999998363,-110.15999999997135,-1.22399999999996,False,1.1286140106698603,9,45144.640000002626,"C (partida 0,10 / 2R)"
MGC,london,2020-12-21,C,0.1,2.0,-1,2020-12-21 09:37:00+00:00,2020-12-21 09:37:00+00:00,2020-12-21 09:46:00+00:00,1899.4,1900.6,1897.0,1897.0,objetivo,7,1.199999999999818,99.67999999998727,175.0,8.68,6.9999999999936335,159.32000000000636,1.89666666666703,False,-0.13907759657584112,9,45034.48000000265,"C (partida 0,10 / 2R)"
MGC,london,2020-12-22,C,0.1,2.0,1,2020-12-22 08:55:00+00:00,2020-12-22 08:55:00+00:00,2020-12-22 08:58:00+00:00,1877.3,1876.2,1879.5,1876.1000000000001,stop,8,1.099999999999909,105.91999999999273,-80.0,9.92,15.999999999985448,-105.91999999998545,-1.203636363636298,False,1.5306872185523095,8,45193.80000000266,"C (partida 0,10 / 2R)"
MGC,london,2021-01-05,C,0.1,2.0,1,2021-01-05 10:31:00+00:00,2021-01-05 10:31:00+00:00,2021-01-05 10:33:00+00:00,1950.0,1948.8000000000002,1952.4,1948.7000000000003,stop,7,1.199999999999818,99.67999999998727,-76.99999999999363,8.68,13.999999999987267,-99.67999999998091,-1.1866666666666192,False,0.35131194073242494,10,45087.880000002675,"C (partida 0,10 / 2R)"
MGC,london,2021-01-08,C,0.1,2.0,1,2021-01-08 08:32:00+00:00,2021-01-08 08:32:00+00:00,2021-01-08 08:51:00+00:00,1892.6999999999998,1889.9,1898.3000000000002,1889.8000000000002,stop,3,2.799999999999727,90.71999999999181,-80.99999999999454,3.7199999999999998,5.999999999994543,-90.71999999998908,-1.0799999999999752,False,0.1192181580011416,8,44988.2000000027,"C (partida 0,10 / 2R)"
MGC,london,2021-01-11,C,0.1,2.0,-1,2021-01-11 09:14:00+00:00,2021-01-11 09:14:00+00:00,2021-01-11 09:17:00+00:00,1848.8000000000002,1850.1999999999998,1846.0,1850.2999999999997,stop,6,1.3999999999996362,97.43999999997818,-77.99999999998363,7.4399999999999995,11.999999999989086,-97.43999999997271,-1.1599999999999766,False,-0.8202141547861003,9,44897.48000000271,"C (partida 0,10 / 2R)"
MGC,london,2021-01-11,C,0.1,2.0,-1,2021-01-11 09:39:00+00:00,2021-01-11 09:39:00+00:00,2021-01-11 09:48:00+00:00,1849.1000000000001,1850.1999999999998,1846.9,1846.9,objetivo,8,1.0999999999996817,105.91999999997454,183.99999999999636,9.92,7.999999999992724,166.08000000000365,1.887272727273315,False,-0.15879656620460386,9,44800.04000000274,"C (partida 0,10 / 2R)"
MGC,london,2021-01-13,C,0.1,2.0,1,2021-01-13 10:08:00+00:00,2021-01-13 10:08:00+00:00,2021-01-13 10:28:00+00:00,1855.8999999999999,1854.6000000000001,1858.5,1854.5000000000002,stop,7,1.2999999999997272,106.67999999998091,-83.99999999998727,8.68,13.999999999987267,-106.67999999997454,-1.1723076923076585,False,0.14639743490061796,10,44966.12000000274,"C (partida 0,10 / 2R)"
MGC,london,2021-01-15,C,0.1,2.0,1,2021-01-15 08:40:00+00:00,2021-01-15 08:40:00+00:00,2021-01-15 08:57:00+00:00,1852.8,1851.1000000000001,1856.2,1851.0000000000002,stop,5,1.699999999999818,96.1999999999909,-79.99999999999545,6.2,9.999999999990905,-96.19999999998636,-1.1317647058823135,False,0.3270901150738771,8,44859.44000000277,"C (partida 0,10 / 2R)"
MGC,london,2021-01-18,C,0.1,2.0,-1,2021-01-18 08:44:00+00:00,2021-01-18 08:44:00+00:00,2021-01-18 09:03:00+00:00,1833.6000000000001,1834.8,1831.2,1831.2,objetivo,7,1.199999999999818,99.67999999998727,175.0,8.68,6.9999999999936335,159.32000000000636,1.89666666666703,False,-0.6801170242737324,8,44763.24000000278,"C (partida 0,10 / 2R)"
MGC,london,2021-02-02,C,0.1,2.0,1,2021-02-02 09:08:00+00:00,2021-02-02 09:08:00+00:00,2021-02-02 09:15:00+00:00,1852.6999999999998,1851.3000000000002,1855.5,1851.2000000000003,stop,6,1.3999999999996362,97.43999999997818,-77.99999999998363,7.4399999999999995,11.999999999989086,-97.43999999997271,-1.1599999999999766,False,0.680278301703742,9,44922.560000002784,"C (partida 0,10 / 2R)"
MGC,london,2021-02-03,C,0.1,2.0,1,2021-02-03 10:01:00+00:00,2021-02-03 10:01:00+00:00,2021-02-03 10:02:00+00:00,1838.1999999999998,1836.8000000000002,1841.0,1836.7000000000003,stop,6,1.3999999999996362,97.43999999997818,-77.99999999998363,7.4399999999999995,11.999999999989086,-97.43999999997271,-1.1599999999999766,False,0.3483759287579486,10,44825.12000000281,"C (partida 0,10 / 2R)"
MGC,london,2021-02-08,C,0.1,2.0,1,2021-02-08 09:59:00+00:00,2021-02-08 09:59:00+00:00,2021-02-08 10:17:00+00:00,1813.1,1812.1000000000001,1815.1000000000001,1812.0000000000002,stop,9,0.9999999999997726,110.15999999997953,-80.99999999998772,11.16,17.99999999998363,-110.15999999997135,-1.22399999999996,False,0.5143667009355973,9,44727.68000000284,"C (partida 0,10 / 2R)"
MGC,london,2021-02-16,C,0.1,2.0,1,2021-02-16 10:43:00+00:00,2021-02-16 10:43:00+00:00,2021-02-16 10:59:00+00:00,1824.6,1823.6000000000001,1826.6000000000001,1823.5000000000002,stop,9,0.9999999999997726,110.15999999997953,-80.99999999998772,11.16,17.99999999998363,-110.15999999997135,-1.22399999999996,False,0.37364556191006276,10,44617.52000000286,"C (partida 0,10 / 2R)"
MGC,london,2021-02-22,C,0.1,2.0,1,2021-02-22 09:52:00+00:00,2021-02-22 09:52:00+00:00,2021-02-22 09:58:00+00:00,1796.5,1795.4,1798.7,1795.3000000000002,stop,8,1.099999999999909,105.91999999999273,-80.0,9.92,15.999999999985448,-105.91999999998545,-1.203636363636298,False,1.429052592807267,9,44507.36000000289,"C (partida 0,10 / 2R)"
MGC,london,2021-02-25,C,0.1,2.0,-1,2021-02-25 08:50:00+00:00,2021-02-25 08:50:00+00:00,2021-02-25 08:58:00+00:00,1788.0,1789.0,1786.0,1789.1,stop,9,1.0,110.16,-81.00000000000819,11.16,17.99999999998363,-110.15999999999181,-1.223999999999909,False,-0.8533204180254025,8,44401.440000002905,"C (partida 0,10 / 2R)"
MGC,london,2021-02-25,C,0.1,2.0,-1,2021-02-25 09:04:00+00:00,2021-02-25 09:04:00+00:00,2021-02-25 09:09:00+00:00,1787.4,1788.5,1785.2,1788.6,stop,8,1.099999999999909,105.91999999999273,-80.0,9.92,15.999999999985448,-105.91999999998545,-1.203636363636298,False,-0.48882298871526686,9,44291.28000000292,"C (partida 0,10 / 2R)"
MGC,london,2021-02-26,C,0.1,2.0,-1,2021-02-26 10:27:00+00:00,2021-02-26 10:27:00+00:00,2021-02-26 10:30:00+00:00,1760.8000000000002,1762.0,1758.4,1762.1,stop,7,1.199999999999818,99.67999999998727,-76.99999999999363,8.68,13.999999999987267,-99.67999999998091,-1.1866666666666192,False,-0.19987517573450764,10,44185.36000000293,"C (partida 0,10 / 2R)"
MGC,london,2021-03-05,C,0.1,2.0,-1,2021-03-05 09:43:00+00:00,2021-03-05 09:43:00+00:00,2021-03-05 09:46:00+00:00,1689.1000000000001,1690.3,1686.7,1690.3999999999999,stop,7,1.199999999999818,99.67999999998727,-76.99999999999363,8.68,13.999999999987267,-99.67999999998091,-1.1866666666666192,False,-0.3690234041087423,9,44085.680000002954,"C (partida 0,10 / 2R)"
MGC,london,2021-03-08,C,0.1,2.0,-1,2021-03-08 09:48:00+00:00,2021-03-08 09:48:00+00:00,2021-03-08 10:04:00+00:00,1686.9,1687.8999999999999,1684.9,1687.9999999999998,stop,8,0.9999999999997726,97.91999999998181,-71.99999999998909,9.92,15.999999999985448,-97.91999999997454,-1.22399999999996,False,-1.581592727523616,9,43986.000000002976,"C (partida 0,10 / 2R)"
MGC,london,2021-03-09,C,0.1,2.0,1,2021-03-09 10:03:00+00:00,2021-03-09 10:03:00+00:00,2021-03-09 10:14:00+00:00,1701.3999999999999,1700.1000000000001,1704.0,1700.0000000000002,stop,7,1.2999999999997272,106.67999999998091,-83.99999999998727,8.68,13.999999999987267,-106.67999999997454,-1.1723076923076585,False,0.7161294088088599,10,43888.080000003,"C (partida 0,10 / 2R)"
MGC,london,2021-03-12,C,0.1,2.0,-1,2021-03-12 08:32:00+00:00,2021-03-12 08:32:00+00:00,2021-03-12 08:46:00+00:00,1705.4,1706.6999999999998,1702.8000000000002,1706.7999999999997,stop,7,1.2999999999997272,106.67999999998091,-83.99999999998727,8.68,13.999999999987267,-106.67999999997454,-1.1723076923076585,False,-1.9302674444786356,8,43781.40000000303,"C (partida 0,10 / 2R)"
MGC,london,2021-03-17,C,0.1,2.0,1,2021-03-17 10:01:00+00:00,2021-03-17 10:01:00+00:00,2021-03-17 10:10:00+00:00,1734.6,1733.6000000000001,1736.6000000000001,1733.5,stop_hueco,8,0.9999999999997726,97.91999999998181,-72.00000000000728,9.92,15.999999999985448,-97.91999999999273,-1.2240000000001874,False,0.5270239146634196,10,43674.72000000306,"C (partida 0,10 / 2R)"
MGC,london,2021-03-22,C,0.1,2.0,1,2021-03-22 08:33:00+00:00,2021-03-22 08:33:00+00:00,2021-03-22 08:34:00+00:00,1730.6999999999998,1729.4,1733.3000000000002,1729.3000000000002,stop,7,1.2999999999997272,106.67999999998091,-83.99999999998727,8.68,13.999999999987267,-106.67999999997454,-1.1723076923076585,False,1.11724382546936,8,43576.800000003066,"C (partida 0,10 / 2R)"
MGC,london,2021-03-23,C,0.1,2.0,-1,2021-03-23 09:49:00+00:00,2021-03-23 09:49:00+00:00,2021-03-23 09:53:00+00:00,1736.1000000000001,1737.3999999999999,1733.5,1737.4999999999998,stop,7,1.2999999999997272,106.67999999998091,-83.99999999998727,8.68,13.999999999987267,-106.67999999997454,-1.1723076923076585,False,-0.5853294355202459,9,43470.120000003095,"C (partida 0,10 / 2R)"
MGC,london,2021-03-24,C,0.1,2.0,-1,2021-03-24 08:31:00+00:00,2021-03-24 08:31:00+00:00,2021-03-24 08:33:00+00:00,1727.2,1728.3999999999999,1724.8000000000002,1728.4999999999998,stop,7,1.199999999999818,99.67999999998727,-76.99999999999363,8.68,13.999999999987267,-99.67999999998091,-1.1866666666666192,False,-0.47238369538071523,8,43363.440000003124,"C (partida 0,10 / 2R)"
MGC,london,2021-04-07,C,0.1,2.0,-1,2021-04-07 08:34:00+01:00,2021-04-07 08:34:00+01:00,2021-04-07 08:54:00+01:00,1740.9,1741.8999999999999,1738.9,1741.9999999999998,stop,8,0.9999999999997726,97.91999999998181,-71.99999999998909,9.92,15.999999999985448,-97.91999999997454,-1.22399999999996,False,-1.034817084700242,8,43263.760000003145,"C (partida 0,10 / 2R)"
MGC,london,2021-04-13,C,0.1,2.0,1,2021-04-13 09:15:00+01:00,2021-04-13 09:15:00+01:00,2021-04-13 09:18:00+01:00,1728.5,1727.4,1730.7,1727.3000000000002,stop,8,1.099999999999909,105.91999999999273,-80.0,9.92,15.999999999985448,-105.91999999998545,-1.203636363636298,False,0.913124801795994,9,43165.84000000317,"C (partida 0,10 / 2R)"
MGC,london,2021-04-20,C,0.1,2.0,-1,2021-04-20 10:07:00+01:00,2021-04-20 10:07:00+01:00,2021-04-20 10:11:00+01:00,1767.0,1768.0,1765.0,1768.1,stop,8,1.0,97.92,-72.00000000000728,9.92,15.999999999985448,-97.91999999999273,-1.2239999999999092,False,-0.6360118557696771,10,43059.920000003185,"C (partida 0,10 / 2R)"
MGC,london,2021-04-21,C,0.1,2.0,-1,2021-04-21 10:34:00+01:00,2021-04-21 10:34:00+01:00,2021-04-21 10:54:00+01:00,1778.6000000000001,1779.6,1776.6000000000001,1779.6999999999998,stop,8,0.9999999999997726,97.91999999998181,-71.99999999998909,9.92,15.999999999985448,-97.91999999997454,-1.22399999999996,False,-1.2342588321841796,10,42962.000000003194,"C (partida 0,10 / 2R)"
MGC,london,2021-04-23,C,0.1,2.0,-1,2021-04-23 09:00:00+01:00,2021-04-23 09:00:00+01:00,2021-04-23 09:20:00+01:00,1782.7,1783.6999999999998,1780.7,1783.7999999999997,stop,8,0.9999999999997726,97.91999999998181,-71.99999999998909,9.92,15.999999999985448,-97.91999999997454,-1.22399999999996,False,-0.9979650318571983,8,42864.08000000322,"C (partida 0,10 / 2R)"
MGC,london,2021-04-26,C,0.1,2.0,1,2021-04-26 10:09:00+01:00,2021-04-26 10:09:00+01:00,2021-04-26 10:26:00+01:00,1780.3999999999999,1779.4,1782.4,1779.3000000000002,stop,8,0.9999999999997726,97.91999999998181,-71.99999999998909,9.92,15.999999999985448,-97.91999999997454,-1.22399999999996,False,0.3385571446719423,10,42766.16000000324,"C (partida 0,10 / 2R)"
MGC,london,2021-04-30,C,0.1,2.0,-1,2021-04-30 08:40:00+01:00,2021-04-30 08:40:00+01:00,2021-04-30 09:00:00+01:00,1769.9,1771.0,1767.7,1767.7,objetivo,8,1.099999999999909,105.91999999999273,183.99999999999636,9.92,7.999999999992724,166.08000000000365,1.8872727272729248,False,-0.21730455167972537,8,42668.240000003265,"C (partida 0,10 / 2R)"
MGC,london,2021-05-13,C,0.1,2.0,-1,2021-05-13 09:43:00+01:00,2021-05-13 09:43:00+01:00,2021-05-13 10:53:00+01:00,1815.0,1816.3999999999999,1812.2,1812.2,objetivo,6,1.3999999999998636,97.43999999999183,173.99999999999181,7.4399999999999995,5.999999999994543,160.55999999999727,1.9114285714287251,False,-0.6394531611782032,9,42834.32000000327,"C (partida 0,10 / 2R)"
MGC,london,2021-05-18,C,0.1,2.0,-1,2021-05-18 09:09:00+01:00,2021-05-18 09:09:00+01:00,2021-05-18 09:17:00+01:00,1869.2,1870.1999999999998,1867.2,1870.2999999999997,stop,8,0.9999999999997726,97.91999999998181,-71.99999999998909,9.92,15.999999999985448,-97.91999999997454,-1.22399999999996,False,-0.2845468265907403,9,42994.880000003264,"C (partida 0,10 / 2R)"
MGC,london,2021-05-19,C,0.1,2.0,-1,2021-05-19 10:11:00+01:00,2021-05-19 10:11:00+01:00,2021-05-19 10:48:00+01:00,1862.7,1864.3999999999999,1859.3000000000002,1859.3000000000002,objetivo,5,1.699999999999818,96.1999999999909,174.99999999998863,6.2,4.9999999999954525,163.7999999999932,1.9270588235295378,False,-2.6547962652162087,10,42896.96000000329,"C (partida 0,10 / 2R)"
MGC,london,2021-05-27,C,0.1,2.0,-1,2021-05-27 09:12:00+01:00,2021-05-27 09:12:00+01:00,2021-05-27 09:16:00+01:00,1898.9,1899.8999999999999,1896.9,1899.9999999999998,stop,8,0.9999999999997726,97.91999999998181,-71.99999999998909,9.92,15.999999999985448,-97.91999999997454,-1.22399999999996,False,-0.3374802901915101,9,43060.76000000328,"C (partida 0,10 / 2R)"
MGC,london,2021-06-01,C,0.1,2.0,-1,2021-06-01 08:54:00+01:00,2021-06-01 08:54:00+01:00,2021-06-01 09:12:00+01:00,1915.4,1916.6999999999998,1912.8000000000002,1912.8000000000002,objetivo,7,1.2999999999997272,106.67999999998091,188.99999999998727,8.68,6.9999999999936335,173.31999999999363,1.9046153846157143,False,-0.3663108314124923,8,42962.84000000331,"C (partida 0,10 / 2R)"
MGC,london,2021-06-03,C,0.1,2.0,-1,2021-06-03 10:31:00+01:00,2021-06-03 10:31:00+01:00,2021-06-03 11:00:00+01:00,1894.7,1896.0,1892.1000000000001,1895.1,cierre_sesion,7,1.2999999999999545,106.67999999999682,-14.000000000003183,8.68,13.999999999987267,-36.67999999999045,-0.40307692307683224,False,-0.1289397556843957,10,43136.1600000033,"C (partida 0,10 / 2R)"
MGC,london,2021-06-04,C,0.1,2.0,-1,2021-06-04 10:32:00+01:00,2021-06-04 10:32:00+01:00,2021-06-04 10:47:00+01:00,1871.4,1872.3999999999999,1869.4,1872.4999999999998,stop,8,0.9999999999997726,97.91999999998181,-71.99999999998909,9.92,15.999999999985448,-97.91999999997454,-1.22399999999996,False,-0.42187193512255344,10,43099.48000000331,"C (partida 0,10 / 2R)"
MGC,london,2021-06-10,C,0.1,2.0,1,2021-06-10 10:26:00+01:00,2021-06-10 10:26:00+01:00,2021-06-10 10:35:00+01:00,1885.1999999999998,1883.7,1888.2,1883.6000000000001,stop,6,1.4999999999997726,103.43999999998636,-83.99999999999181,7.4399999999999995,11.999999999989086,-103.4399999999809,-1.1493333333332953,False,0.3906578851003318,10,43001.56000000333,"C (partida 0,10 / 2R)"
MGC,london,2021-06-16,C,0.1,2.0,1,2021-06-16 08:47:00+01:00,2021-06-16 08:47:00+01:00,2021-06-16 09:31:00+01:00,1861.8,1860.8000000000002,1863.8000000000002,1860.7000000000003,stop,8,0.9999999999997726,97.91999999998181,-71.99999999998909,9.92,15.999999999985448,-97.91999999997454,-1.22399999999996,False,0.4592307816209094,8,42898.12000000335,"C (partida 0,10 / 2R)"
MGC,london,2021-06-17,C,0.1,2.0,-1,2021-06-17 09:42:00+01:00,2021-06-17 09:42:00+01:00,2021-06-17 09:47:00+01:00,1807.6000000000001,1808.8,1805.2,1805.2,objetivo,7,1.199999999999818,99.67999999998727,175.0,8.68,6.9999999999936335,159.32000000000636,1.89666666666703,False,-0.6649390987595696,9,42800.20000000337,"C (partida 0,10 / 2R)"
MGC,london,2021-06-23,C,0.1,2.0,1,2021-06-23 10:10:00+01:00,2021-06-23 10:10:00+01:00,2021-06-23 10:19:00+01:00,1785.1999999999998,1783.5,1788.6000000000001,1783.4,stop,5,1.699999999999818,96.1999999999909,-79.99999999999545,6.2,9.999999999990905,-96.19999999998636,-1.1317647058823135,False,0.5386764413550754,10,42959.52000000338,"C (partida 0,10 / 2R)"
MGC,london,2021-06-28,C,0.1,2.0,-1,2021-06-28 10:15:00+01:00,2021-06-28 10:15:00+01:00,2021-06-28 10:30:00+01:00,1777.2,1778.3999999999999,1774.8000000000002,1774.8000000000002,objetivo,7,1.199999999999818,99.67999999998727,174.99999999998408,8.68,6.9999999999936335,159.31999999999044,1.8966666666668404,False,-0.34445186482041606,10,42863.32000000339,"C (partida 0,10 / 2R)"
MGC,london,2021-07-02,C,0.1,2.0,1,2021-07-02 10:15:00+01:00,2021-07-02 10:15:00+01:00,2021-07-02 10:28:00+01:00,1783.8,1782.6000000000001,1786.2,1782.5000000000002,stop,7,1.199999999999818,99.67999999998727,-76.99999999999363,8.68,13.999999999987267,-99.67999999998091,-1.1866666666666192,False,1.0581363385777938,10,43022.64000000338,"C (partida 0,10 / 2R)"
MGC,london,2021-07-02,C,0.1,2.0,1,2021-07-02 10:32:00+01:00,2021-07-02 10:32:00+01:00,2021-07-02 10:41:00+01:00,1784.6999999999998,1783.6000000000001,1786.9,1783.5000000000002,stop,8,1.0999999999996817,105.91999999997454,-79.99999999998181,9.92,15.999999999985448,-105.91999999996726,-1.2036363636363399,False,0.5812810908648856,10,42922.960000003404,"C (partida 0,10 / 2R)"
MGC,london,2021-07-05,C,0.1,2.0,1,2021-07-05 08:50:00+01:00,2021-07-05 08:50:00+01:00,2021-07-05 09:00:00+01:00,1792.8999999999999,1791.6000000000001,1795.5,1795.5,objetivo,7,1.2999999999997272,106.67999999998091,189.00000000000318,8.68,6.9999999999936335,173.32000000000954,1.9046153846158893,False,1.9985602960304065,8,42817.040000003435,"C (partida 0,10 / 2R)"
MGC,london,2021-07-06,C,0.1,2.0,1,2021-07-06 10:41:00+01:00,2021-07-06 10:41:00+01:00,2021-07-06 11:00:00+01:00,1808.1,1807.0,1810.3000000000002,1808.0,cierre_sesion,8,1.099999999999909,105.91999999999273,7.999999999992724,9.92,15.999999999985448,-17.919999999992726,-0.2036363636362978,False,0.32768940597734336,10,42990.36000000344,"C (partida 0,10 / 2R)"
MGC,london,2021-07-26,C,0.1,2.0,-1,2021-07-26 10:32:00+01:00,2021-07-26 10:32:00+01:00,2021-07-26 10:36:00+01:00,1808.1000000000001,1809.1,1806.1000000000001,1809.1999999999998,stop,8,0.9999999999997726,97.91999999998181,-71.99999999998909,9.92,15.999999999985448,-97.91999999997454,-1.22399999999996,False,-0.11048905268792077,10,42972.44000000345,"C (partida 0,10 / 2R)"
MGC,london,2021-07-28,C,0.1,2.0,-1,2021-07-28 09:55:00+01:00,2021-07-28 09:55:00+01:00,2021-07-28 10:08:00+01:00,1799.6000000000001,1800.8,1797.2,1800.8999999999999,stop,7,1.199999999999818,99.67999999998727,-76.99999999999363,8.68,13.999999999987267,-99.67999999998091,-1.1866666666666192,False,-1.295237695912509,9,42874.520000003475,"C (partida 0,10 / 2R)"
MGC,london,2021-07-29,C,0.1,2.0,1,2021-07-29 10:25:00+01:00,2021-07-29 10:25:00+01:00,2021-07-29 10:31:00+01:00,1821.6,1820.3000000000002,1824.2,1820.2000000000003,stop,7,1.2999999999997272,106.67999999998091,-83.99999999998727,8.68,13.999999999987267,-106.67999999997454,-1.1723076923076585,False,0.6859976773441634,10,42774.840000003496,"C (partida 0,10 / 2R)"
MGC,london,2021-08-09,C,0.1,2.0,-1,2021-08-09 09:47:00+01:00,2021-08-09 09:47:00+01:00,2021-08-09 09:48:00+01:00,1747.8000000000002,1748.8,1745.8000000000002,1748.8999999999999,stop,8,0.9999999999997726,97.91999999998181,-71.99999999998909,9.92,15.999999999985448,-97.91999999997454,-1.22399999999996,False,-0.4487446474070163,9,42668.160000003525,"C (partida 0,10 / 2R)"
MGC,london,2021-08-09,C,0.1,2.0,-1,2021-08-09 09:49:00+01:00,2021-08-09 09:49:00+01:00,2021-08-09 09:53:00+01:00,1747.9,1748.8999999999999,1745.9,1748.9999999999998,stop,8,0.9999999999997726,97.91999999998181,-71.99999999998909,9.92,15.999999999985448,-97.91999999997454,-1.22399999999996,False,-0.3946554485804605,9,42570.24000000355,"C (partida 0,10 / 2R)"
MGC,london,2021-08-11,C,0.1,2.0,1,2021-08-11 08:32:00+01:00,2021-08-11 08:32:00+01:00,2021-08-11 11:00:00+01:00,1733.1,1731.7,1735.9,1734.1000000000001,cierre_sesion,6,1.3999999999998636,97.43999999999183,72.00000000000273,7.4399999999999995,11.999999999989086,52.560000000013645,0.6257142857145092,False,0.272290880983623,8,42472.32000000357,"C (partida 0,10 / 2R)"
MGC,london,2021-08-20,C,0.1,2.0,-1,2021-08-20 08:31:00+01:00,2021-08-20 08:31:00+01:00,2021-08-20 08:35:00+01:00,1788.4,1790.1,1785.0,1790.1999999999998,stop,5,1.699999999999818,96.1999999999909,-79.99999999999545,6.2,9.999999999990905,-96.19999999998636,-1.1317647058823135,False,-0.8585162192532189,8,42524.880000003584,"C (partida 0,10 / 2R)"
MGC,london,2021-08-27,C,0.1,2.0,-1,2021-08-27 09:03:00+01:00,2021-08-27 09:03:00+01:00,2021-08-27 09:13:00+01:00,1802.7,1803.8999999999999,1800.3000000000002,1800.3000000000002,objetivo,7,1.199999999999818,99.67999999998727,174.99999999998408,8.68,6.9999999999936335,159.31999999999044,1.8966666666668404,False,-2.4828967673532847,9,42428.680000003595,"C (partida 0,10 / 2R)"
MGC,london,2021-09-22,C,0.1,2.0,1,2021-09-22 08:48:00+01:00,2021-09-22 08:48:00+01:00,2021-09-22 08:54:00+01:00,1780.1999999999998,1779.2,1782.2,1779.1000000000001,stop,8,0.9999999999997726,97.91999999998181,-71.99999999998909,9.92,15.999999999985448,-97.91999999997454,-1.22399999999996,False,0.8282691330270928,8,42588.00000000359,"C (partida 0,10 / 2R)"
MGC,london,2021-09-28,C,0.1,2.0,1,2021-09-28 10:13:00+01:00,2021-09-28 10:13:00+01:00,2021-09-28 10:19:00+01:00,1743.5,1742.3000000000002,1745.9,1742.2000000000003,stop,7,1.199999999999818,99.67999999998727,-76.99999999999363,8.68,13.999999999987267,-99.67999999998091,-1.1866666666666192,False,0.3509347105508377,10,42490.08000000361,"C (partida 0,10 / 2R)"
MGC,london,2021-09-28,C,0.1,2.0,1,2021-09-28 10:24:00+01:00,2021-09-28 10:24:00+01:00,2021-09-28 10:30:00+01:00,1742.8,1741.7,1745.0,1741.6000000000001,stop,8,1.099999999999909,105.91999999999273,-80.0,9.92,15.999999999985448,-105.91999999998545,-1.203636363636298,False,0.2733733805879577,10,42390.40000000363,"C (partida 0,10 / 2R)"
MGC,london,2021-10-01,C,0.1,2.0,-1,2021-10-01 08:52:00+01:00,2021-10-01 08:52:00+01:00,2021-10-01 10:06:00+01:00,1753.5,1754.8999999999999,1750.7,1754.9999999999998,stop,6,1.3999999999998636,97.43999999999183,-77.99999999999727,7.4399999999999995,11.999999999989086,-97.43999999998636,-1.1599999999999506,False,-1.6611950413972316,8,42284.48000000365,"C (partida 0,10 / 2R)"
MGC,london,2021-10-20,C,0.1,2.0,1,2021-10-20 10:06:00+01:00,2021-10-20 10:06:00+01:00,2021-10-20 10:28:00+01:00,1779.6,1778.6000000000001,1781.6000000000001,1778.5000000000002,stop,8,0.9999999999997726,97.91999999998181,-71.99999999998909,9.92,15.999999999985448,-97.91999999997454,-1.22399999999996,False,1.6337243462482478,10,42187.04000000366,"C (partida 0,10 / 2R)"
MGC,london,2021-10-25,C,0.1,2.0,1,2021-10-25 09:46:00+01:00,2021-10-25 09:46:00+01:00,2021-10-25 09:53:00+01:00,1802.0,1800.9,1804.2,1804.2,objetivo,7,1.099999999999909,92.67999999999364,160.99999999999682,8.68,6.9999999999936335,145.32000000000318,1.8872727272729246,False,1.1184888201677528,9,42089.120000003684,"C (partida 0,10 / 2R)"
MGC,london,2021-10-28,C,0.1,2.0,1,2021-10-28 08:35:00+01:00,2021-10-28 08:35:00+01:00,2021-10-28 08:55:00+01:00,1804.6,1803.5,1806.8000000000002,1803.4,stop,7,1.099999999999909,92.67999999999364,-70.0,8.68,13.999999999987267,-92.67999999998727,-1.203636363636298,False,1.033166579015139,8,42234.440000003684,"C (partida 0,10 / 2R)"
MGC,london,2021-10-29,C,0.1,2.0,-1,2021-10-29 10:01:00+01:00,2021-10-29 10:01:00+01:00,2021-10-29 10:04:00+01:00,1792.9,1794.0,1790.7,1794.1,stop,7,1.099999999999909,92.67999999999364,-70.0,8.68,13.999999999987267,-92.67999999998727,-1.203636363636298,False,-2.136413609041295,10,42141.7600000037,"C (partida 0,10 / 2R)"
MGC,london,2021-11-09,C,0.1,2.0,1,2021-11-09 10:14:00+00:00,2021-11-09 10:14:00+00:00,2021-11-09 10:16:00+00:00,1827.8,1826.8000000000002,1829.8000000000002,1826.7000000000003,stop,8,0.9999999999997726,97.91999999998181,-71.99999999998909,9.92,15.999999999985448,-97.91999999997454,-1.22399999999996,False,0.5184630136680242,10,42049.08000000371,"C (partida 0,10 / 2R)"
MGC,london,2021-11-12,C,0.1,2.0,-1,2021-11-12 08:45:00+00:00,2021-11-12 08:45:00+00:00,2021-11-12 09:02:00+00:00,1855.6000000000001,1856.8,1853.2,1853.2,objetivo,7,1.199999999999818,99.67999999998727,175.0,8.68,6.9999999999936335,159.32000000000636,1.89666666666703,False,-3.1371767011945053,8,41951.160000003736,"C (partida 0,10 / 2R)"
MGC,london,2021-11-23,C,0.1,2.0,-1,2021-11-23 10:23:00+00:00,2021-11-23 10:23:00+00:00,2021-11-23 10:34:00+00:00,1797.3000000000002,1798.3999999999999,1795.1000000000001,1798.4999999999998,stop,7,1.0999999999996817,92.67999999997772,-69.99999999998408,8.68,13.999999999987267,-92.67999999997136,-1.20363636363634,False,-0.44898575437505683,10,42110.48000000374,"C (partida 0,10 / 2R)"
MGC,london,2021-12-02,C,0.1,2.0,-1,2021-12-02 09:36:00+00:00,2021-12-02 09:36:00+00:00,2021-12-02 09:55:00+00:00,1770.9,1772.3999999999999,1767.9,1772.4999999999998,stop,6,1.4999999999997726,103.43999999998636,-83.99999999999181,7.4399999999999995,11.999999999989086,-103.4399999999809,-1.1493333333332953,False,-0.4535837908672859,9,42017.80000000377,"C (partida 0,10 / 2R)"
MGC,london,2021-12-08,C,0.1,2.0,1,2021-12-08 09:20:00+00:00,2021-12-08 09:20:00+00:00,2021-12-08 09:22:00+00:00,1790.1,1789.1000000000001,1792.1000000000001,1789.0000000000002,stop,8,0.9999999999997726,97.91999999998181,-71.99999999998909,9.92,15.999999999985448,-97.91999999997454,-1.22399999999996,False,0.611666799381145,9,41914.36000000379,"C (partida 0,10 / 2R)"
MGC,london,2022-01-25,C,0.1,2.0,-1,2022-01-25 08:55:00+00:00,2022-01-25 08:55:00+00:00,2022-01-25 09:13:00+00:00,1839.4,1840.5,1837.2,1837.2,objetivo,7,1.099999999999909,92.67999999999364,160.99999999999682,8.68,6.9999999999936335,145.32000000000318,1.8872727272729246,False,-1.174948383447602,8,41816.440000003815,"C (partida 0,10 / 2R)"
MGC,london,2022-02-22,C,0.1,2.0,-1,2022-02-22 10:01:00+00:00,2022-02-22 10:01:00+00:00,2022-02-22 10:02:00+00:00,1901.4,1902.5,1899.2,1902.6,stop,7,1.099999999999909,92.67999999999364,-70.0,8.68,13.999999999987267,-92.67999999998727,-1.203636363636298,False,-0.5399509179238908,10,41961.760000003815,"C (partida 0,10 / 2R)"
MGC,london,2022-02-22,C,0.1,2.0,-1,2022-02-22 10:04:00+00:00,2022-02-22 10:04:00+00:00,2022-02-22 10:09:00+00:00,1901.5,1902.6,1899.3000000000002,1902.6999999999998,stop,7,1.099999999999909,92.67999999999364,-70.0,8.68,13.999999999987267,-92.67999999998727,-1.203636363636298,False,-0.5384740980329763,10,41869.08000000383,"C (partida 0,10 / 2R)"
MGC,london,2022-02-23,C,0.1,2.0,1,2022-02-23 08:32:00+00:00,2022-02-23 08:32:00+00:00,2022-02-23 08:44:00+00:00,1898.3,1896.3000000000002,1902.3000000000002,1896.2000000000003,stop,4,1.9999999999997726,88.9599999999909,-75.99999999999454,4.96,7.999999999992724,-88.95999999998726,-1.1119999999999672,False,0.4703511543107481,8,41776.40000000384,"C (partida 0,10 / 2R)"
MGC,london,2022-02-24,C,0.1,2.0,1,2022-02-24 09:18:00+00:00,2022-02-24 09:18:00+00:00,2022-02-24 09:31:00+00:00,1947.1,1945.6000000000001,1950.1000000000001,1945.5000000000002,stop,6,1.4999999999997726,103.43999999998636,-83.99999999999181,7.4399999999999995,11.999999999989086,-103.4399999999809,-1.1493333333332953,False,0.7321304368436804,9,41687.44000000386,"C (partida 0,10 / 2R)"
MGC,london,2022-02-25,C,0.1,2.0,-1,2022-02-25 09:28:00+00:00,2022-02-25 09:28:00+00:00,2022-02-25 09:33:00+00:00,1912.7,1913.6999999999998,1910.7,1910.7,objetivo,8,0.9999999999997726,97.91999999998181,167.99999999999272,9.92,7.999999999992724,150.08,1.8760000000004267,False,-0.182056954617092,9,41584.00000000388,"C (partida 0,10 / 2R)"
MGC,london,2022-02-25,C,0.1,2.0,-1,2022-02-25 10:42:00+00:00,2022-02-25 10:42:00+00:00,2022-02-25 10:49:00+00:00,1910.5,1911.5,1908.5,1911.6,stop,8,1.0,97.92,-72.00000000000728,9.92,15.999999999985448,-97.91999999999273,-1.2239999999999092,False,-0.6388857492199347,10,41734.08000000388,"C (partida 0,10 / 2R)"
MGC,london,2022-03-02,C,0.1,2.0,-1,2022-03-02 09:10:00+00:00,2022-03-02 09:10:00+00:00,2022-03-02 09:10:00+00:00,1938.9,1939.8999999999999,1936.9,1939.9999999999998,stop,8,0.9999999999997726,97.91999999998181,-71.99999999998909,9.92,15.999999999985448,-97.91999999997454,-1.22399999999996,False,-0.8720403533862024,9,41636.16000000389,"C (partida 0,10 / 2R)"
MGC,london,2022-03-02,C,0.1,2.0,-1,2022-03-02 09:31:00+00:00,2022-03-02 09:31:00+00:00,2022-03-02 10:26:00+00:00,1937.4,1941.6999999999998,1928.8000000000002,1928.8000000000002,objetivo,2,4.299999999999727,90.47999999999455,173.99999999999636,2.48,1.999999999998181,169.5199999999982,1.9711627906977784,False,-0.5335277379767857,9,41538.24000000391,"C (partida 0,10 / 2R)"
MGC,london,2022-03-04,C,0.1,2.0,1,2022-03-04 09:36:00+00:00,2022-03-04 09:36:00+00:00,2022-03-04 09:40:00+00:00,1945.1999999999998,1944.2,1947.2,1947.2,objetivo,8,0.9999999999997726,97.91999999998181,168.0000000000109,9.92,7.999999999992724,150.0800000000182,1.876000000000654,False,1.9168265622949097,9,41707.76000000391,"C (partida 0,10 / 2R)"
MGC,london,2022-03-07,C,0.1,2.0,1,2022-03-07 09:40:00+00:00,2022-03-07 09:40:00+00:00,2022-03-07 09:47:00+00:00,2002.1999999999998,2001.2,2004.2,2004.2,objetivo,8,0.9999999999997726,97.91999999998181,168.0000000000109,9.92,7.999999999992724,150.0800000000182,1.876000000000654,False,0.21664404625945896,9,41857.840000003926,"C (partida 0,10 / 2R)"
MGC,london,2022-03-07,C,0.1,2.0,1,2022-03-07 10:17:00+00:00,2022-03-07 10:17:00+00:00,2022-03-07 10:29:00+00:00,2003.1,2002.0,2005.3000000000002,2005.3000000000002,objetivo,7,1.099999999999909,92.67999999999364,161.00000000001273,8.68,6.9999999999936335,145.3200000000191,1.8872727272731313,False,0.551244213541179,10,42007.92000000394,"C (partida 0,10 / 2R)"
MGC,london,2022-03-09,C,0.1,2.0,-1,2022-03-09 10:43:00+00:00,2022-03-09 10:43:00+00:00,2022-03-09 10:59:00+00:00,2020.0,2021.8,2016.4,2021.8999999999999,stop,5,1.7999999999999545,101.19999999999771,-85.00000000000227,6.2,9.999999999990905,-101.19999999999318,-1.124444444444397,False,-1.4210769613561152,10,42153.24000000396,"C (partida 0,10 / 2R)"
MGC,london,2022-03-10,C,0.1,2.0,1,2022-03-10 08:53:00+00:00,2022-03-10 08:53:00+00:00,2022-03-10 08:53:00+00:00,1992.3999999999999,1991.0,1995.2,1990.9,stop,6,1.3999999999998636,97.43999999999183,-77.99999999999727,7.4399999999999995,11.999999999989086,-97.43999999998636,-1.1599999999999506,False,1.7961373068200408,8,42052.04000000397,"C (partida 0,10 / 2R)"
MGC,london,2022-03-14,C,0.1,2.0,-1,2022-03-14 10:22:00+00:00,2022-03-14 10:22:00+00:00,2022-03-14 10:23:00+00:00,1965.3000000000002,1966.6,1962.7,1962.7,objetivo,6,1.2999999999997272,91.43999999998363,162.00000000000273,7.4399999999999995,5.999999999994543,148.5600000000082,1.9046153846158893,False,-0.7767531747413192,10,41954.600000003986,"C (partida 0,10 / 2R)"
MGC,london,2022-03-15,C,0.1,2.0,-1,2022-03-15 10:13:00+00:00,2022-03-15 10:13:00+00:00,2022-03-15 10:15:00+00:00,1931.1000000000001,1932.3999999999999,1928.5,1932.4999999999998,stop,6,1.2999999999997272,91.43999999998363,-71.99999999998909,7.4399999999999995,11.999999999989086,-91.43999999997817,-1.1723076923076585,False,-0.35679726932808375,10,42103.16000000399,"C (partida 0,10 / 2R)"
MGC,london,2022-03-16,C,0.1,2.0,1,2022-03-16 10:10:00+00:00,2022-03-16 10:10:00+00:00,2022-03-16 10:12:00+00:00,1925.1,1923.7,1927.9,1923.6000000000001,stop,6,1.3999999999998636,97.43999999999183,-77.99999999999727,7.4399999999999995,11.999999999989086,-97.43999999998636,-1.1599999999999506,False,1.1086795572822654,10,42011.72000000401,"C (partida 0,10 / 2R)"
MGC,london,2022-03-22,C,0.1,2.0,-1,2022-03-22 09:28:00+00:00,2022-03-22 09:28:00+00:00,2022-03-22 09:32:00+00:00,1923.7,1924.8,1921.5,1924.8999999999999,stop,7,1.099999999999909,92.67999999999364,-70.0,8.68,13.999999999987267,-92.67999999998727,-1.203636363636298,False,-1.3307361413193113,9,41914.28000000402,"C (partida 0,10 / 2R)"
MGC,london,2022-03-22,C,0.1,2.0,-1,2022-03-22 09:38:00+00:00,2022-03-22 09:38:00+00:00,2022-03-22 09:41:00+00:00,1923.9,1925.0,1921.7,1925.1,stop,7,1.099999999999909,92.67999999999364,-70.0,8.68,13.999999999987267,-92.67999999998727,-1.203636363636298,False,-0.6170754949532467,9,41821.60000000404,"C (partida 0,10 / 2R)"
MGC,london,2022-03-25,C,0.1,2.0,-1,2022-03-25 10:31:00+00:00,2022-03-25 10:31:00+00:00,2022-03-25 10:33:00+00:00,1956.8000000000002,1957.8,1954.8000000000002,1954.8000000000002,objetivo,8,0.9999999999997726,97.91999999998181,167.99999999999272,9.92,7.999999999992724,150.08,1.8760000000004267,False,-0.11083408540708994,10,41728.92000000405,"C (partida 0,10 / 2R)"
MGC,london,2022-03-28,C,0.1,2.0,-1,2022-03-28 08:39:00+01:00,2022-03-28 08:39:00+01:00,2022-03-28 08:43:00+01:00,1932.7,1934.1,1929.9,1934.1999999999998,stop,6,1.3999999999998636,97.43999999999183,-77.99999999999727,7.4399999999999995,11.999999999989086,-97.43999999998636,-1.1599999999999506,False,-0.8848558011793911,8,41879.00000000405,"C (partida 0,10 / 2R)"
MGC,london,2022-03-28,C,0.1,2.0,-1,2022-03-28 08:56:00+01:00,2022-03-28 08:56:00+01:00,2022-03-28 09:25:00+01:00,1933.0,1934.3,1930.4,1930.4,objetivo,6,1.2999999999999545,91.43999999999727,161.9999999999891,7.4399999999999995,5.999999999994543,148.55999999999455,1.9046153846153813,False,-0.5449809307976925,8,41781.560000004065,"C (partida 0,10 / 2R)"
MGC,london,2022-03-29,C,0.1,2.0,-1,2022-03-29 08:59:00+01:00,2022-03-29 08:59:00+01:00,2022-03-29 09:00:00+01:00,1918.7,1919.8,1916.5,1919.8999999999999,stop,7,1.099999999999909,92.67999999999364,-70.0,8.68,13.999999999987267,-92.67999999998727,-1.203636363636298,False,-1.8765638345872067,8,41930.12000000406,"C (partida 0,10 / 2R)"
MGC,london,2022-04-01,C,0.1,2.0,-1,2022-04-01 08:31:00+01:00,2022-04-01 08:31:00+01:00,2022-04-01 08:35:00+01:00,1934.6000000000001,1935.6,1932.6000000000001,1935.6999999999998,stop,8,0.9999999999997726,97.91999999998181,-71.99999999998909,9.92,15.999999999985448,-97.91999999997454,-1.22399999999996,False,-1.1939177301981272,8,41837.44000000408,"C (partida 0,10 / 2R)"
MGC,london,2022-04-07,C,0.1,2.0,1,2022-04-07 10:35:00+01:00,2022-04-07 10:35:00+01:00,2022-04-07 11:00:00+01:00,1930.3,1929.3000000000002,1932.3000000000002,1930.7,cierre_sesion,8,0.9999999999997726,97.91999999998181,47.999999999992724,9.92,15.999999999985448,22.080000000007274,0.2760000000001537,False,0.11116319139913945,10,41739.5200000041,"C (partida 0,10 / 2R)"
MGC,london,2022-04-08,C,0.1,2.0,1,2022-04-08 09:08:00+01:00,2022-04-08 09:08:00+01:00,2022-04-08 09:16:00+01:00,1936.1,1934.9,1938.5,1934.8000000000002,stop,7,1.199999999999818,99.67999999998727,-76.99999999999363,8.68,13.999999999987267,-99.67999999998091,-1.1866666666666192,False,0.8610065372742853,9,41761.60000000411,"C (partida 0,10 / 2R)"
MGC,london,2022-04-12,C,0.1,2.0,-1,2022-04-12 09:43:00+01:00,2022-04-12 09:43:00+01:00,2022-04-12 09:59:00+01:00,1956.7,1957.6999999999998,1954.7,1954.6,objetivo_hueco,8,0.9999999999997726,97.91999999998181,176.00000000000364,9.92,7.999999999992724,158.08000000001093,1.976000000000586,False,-0.9368215303680804,9,41661.92000000413,"C (partida 0,10 / 2R)"
MGC,london,2022-04-21,C,0.1,2.0,-1,2022-04-21 08:34:00+01:00,2022-04-21 08:34:00+01:00,2022-04-21 08:35:00+01:00,1952.1000000000001,1953.3,1949.7,1953.3999999999999,stop,7,1.199999999999818,99.67999999998727,-76.99999999999363,8.68,13.999999999987267,-99.67999999998091,-1.1866666666666192,False,-1.3830750641294491,8,41820.00000000414,"C (partida 0,10 / 2R)"
MGC,london,2022-04-22,C,0.1,2.0,-1,2022-04-22 10:31:00+01:00,2022-04-22 10:31:00+01:00,2022-04-22 10:53:00+01:00,1943.5,1945.1999999999998,1940.1000000000001,1945.2999999999997,stop,5,1.699999999999818,96.1999999999909,-79.99999999999545,6.2,9.999999999990905,-96.19999999998636,-1.1317647058823135,False,-2.1558874895191833,10,41720.32000000416,"C (partida 0,10 / 2R)"
MGC,london,2022-04-27,C,0.1,2.0,-1,2022-04-27 09:57:00+01:00,2022-04-27 09:57:00+01:00,2022-04-27 10:00:00+01:00,1891.9,1893.8999999999999,1887.9,1893.9999999999998,stop,4,1.9999999999997726,88.9599999999909,-75.99999999999454,4.96,7.999999999992724,-88.95999999998726,-1.1119999999999672,False,-0.3718142906258233,9,41624.12000000417,"C (partida 0,10 / 2R)"
MGC,london,2022-04-29,C,0.1,2.0,1,2022-04-29 09:27:00+01:00,2022-04-29 09:27:00+01:00,2022-04-29 09:28:00+01:00,1917.8999999999999,1916.9,1919.9,1916.8000000000002,stop,8,0.9999999999997726,97.91999999998181,-71.99999999998909,9.92,15.999999999985448,-97.91999999997454,-1.22399999999996,False,0.7756079030798488,9,41535.16000000419,"C (partida 0,10 / 2R)"
MGC,london,2022-05-09,C,0.1,2.0,-1,2022-05-09 08:56:00+01:00,2022-05-09 08:56:00+01:00,2022-05-09 08:57:00+01:00,1866.9,1868.1,1864.5,1868.1999999999998,stop,7,1.199999999999818,99.67999999998727,-76.99999999999363,8.68,13.999999999987267,-99.67999999998091,-1.1866666666666192,False,-0.26736802664480214,8,41437.24000000421,"C (partida 0,10 / 2R)"
MGC,london,2022-05-11,C,0.1,2.0,1,2022-05-11 08:37:00+01:00,2022-05-11 08:37:00+01:00,2022-05-11 09:14:00+01:00,1847.6,1846.6000000000001,1849.6000000000001,1849.6000000000001,objetivo,8,0.9999999999997726,97.91999999998181,168.0000000000109,9.92,7.999999999992724,150.0800000000182,1.876000000000654,False,3.951836454261669,8,41337.56000000423,"C (partida 0,10 / 2R)"
MGC,london,2022-05-12,C,0.1,2.0,1,2022-05-12 09:06:00+01:00,2022-05-12 09:06:00+01:00,2022-05-12 09:06:00+01:00,1851.1999999999998,1849.8000000000002,1854.0,1849.7000000000003,stop,6,1.3999999999996362,97.43999999997818,-77.99999999998363,7.4399999999999995,11.999999999989086,-97.43999999997271,-1.1599999999999766,False,1.598946644681831,9,41487.64000000425,"C (partida 0,10 / 2R)"
MGC,london,2022-05-12,C,0.1,2.0,1,2022-05-12 09:20:00+01:00,2022-05-12 09:20:00+01:00,2022-05-12 09:24:00+01:00,1851.6,1850.3000000000002,1854.2,1850.2000000000003,stop,6,1.2999999999997272,91.43999999998363,-71.99999999998909,7.4399999999999995,11.999999999989086,-91.43999999997817,-1.1723076923076585,False,0.988554736466763,9,41390.200000004275,"C (partida 0,10 / 2R)"
MGC,london,2022-05-13,C,0.1,2.0,-1,2022-05-13 10:22:00+01:00,2022-05-13 10:22:00+01:00,2022-05-13 10:24:00+01:00,1820.8000000000002,1821.8,1818.8000000000002,1821.8999999999999,stop,8,0.9999999999997726,97.91999999998181,-71.99999999998909,9.92,15.999999999985448,-97.91999999997454,-1.22399999999996,False,-0.36380557013039666,10,41298.760000004295,"C (partida 0,10 / 2R)"
MGC,london,2022-05-17,C,0.1,2.0,1,2022-05-17 09:44:00+01:00,2022-05-17 09:44:00+01:00,2022-05-17 09:54:00+01:00,1826.5,1825.5,1828.5,1825.4,stop,8,1.0,97.92,-72.00000000000728,9.92,15.999999999985448,-97.91999999999273,-1.2239999999999092,False,0.41697604943870403,9,41200.84000000432,"C (partida 0,10 / 2R)"
MGC,london,2022-05-18,C,0.1,2.0,1,2022-05-18 09:11:00+01:00,2022-05-18 09:11:00+01:00,2022-05-18 09:29:00+01:00,1814.3,1813.0,1816.9,1812.9,stop,6,1.2999999999999545,91.43999999999727,-72.00000000000273,7.4399999999999995,11.999999999989086,-91.43999999999181,-1.1723076923076283,False,0.9476263766345201,9,41102.92000000433,"C (partida 0,10 / 2R)"
MGC,london,2022-05-20,C,0.1,2.0,-1,2022-05-20 09:48:00+01:00,2022-05-20 09:48:00+01:00,2022-05-20 09:56:00+01:00,1841.4,1843.3,1837.6000000000001,1843.3999999999999,stop,4,1.8999999999998636,84.95999999999454,-71.99999999999818,4.96,7.999999999992724,-84.9599999999909,-1.1178947368420658,False,-0.28968755267046487,9,41011.48000000433,"C (partida 0,10 / 2R)"
MGC,london,2022-05-24,C,0.1,2.0,1,2022-05-24 09:37:00+01:00,2022-05-24 09:37:00+01:00,2022-05-24 09:39:00+01:00,1858.3999999999999,1857.4,1860.4,1857.3000000000002,stop,8,0.9999999999997726,97.91999999998181,-71.99999999998909,9.92,15.999999999985448,-97.91999999997454,-1.22399999999996,False,0.6642092724194537,9,40926.52000000434,"C (partida 0,10 / 2R)"
MGC,london,2022-05-25,C,0.1,2.0,-1,2022-05-25 09:50:00+01:00,2022-05-25 09:50:00+01:00,2022-05-25 09:54:00+01:00,1854.2,1855.1999999999998,1852.2,1855.2999999999997,stop,8,0.9999999999997726,97.91999999998181,-71.99999999998909,9.92,15.999999999985448,-97.91999999997454,-1.22399999999996,False,-0.996433766804024,9,40828.600000004364,"C (partida 0,10 / 2R)"
MGC,london,2022-05-31,C,0.1,2.0,-1,2022-05-31 08:39:00+01:00,2022-05-31 08:39:00+01:00,2022-05-31 09:10:00+01:00,1857.4,1858.6999999999998,1854.8000000000002,1858.7999999999997,stop,6,1.2999999999997272,91.43999999998363,-71.99999999998909,7.4399999999999995,11.999999999989086,-91.43999999997817,-1.1723076923076585,False,-0.13228552016535572,8,40730.68000000439,"C (partida 0,10 / 2R)"
MGC,london,2022-06-07,C,0.1,2.0,1,2022-06-07 09:38:00+01:00,2022-06-07 09:38:00+01:00,2022-06-07 09:45:00+01:00,1847.3999999999999,1846.1000000000001,1850.0,1850.0,objetivo,6,1.2999999999997272,91.43999999998363,162.00000000000273,7.4399999999999995,5.999999999994543,148.5600000000082,1.9046153846158893,False,0.20435772949354006,9,40639.24000000441,"C (partida 0,10 / 2R)"
MGC,london,2022-06-07,C,0.1,2.0,1,2022-06-07 10:17:00+01:00,2022-06-07 10:17:00+01:00,2022-06-07 11:00:00+01:00,1849.8999999999999,1848.5,1852.7,1849.5,cierre_sesion,6,1.3999999999998636,97.43999999999183,-12.000000000002728,7.4399999999999995,11.999999999989086,-31.439999999991812,-0.37428571428565327,False,0.8993268527431453,10,40787.80000000441,"C (partida 0,10 / 2R)"
MGC,london,2022-06-14,C,0.1,2.0,-1,2022-06-14 08:36:00+01:00,2022-06-14 08:36:00+01:00,2022-06-14 10:00:00+01:00,1830.0,1832.1,1825.8000000000002,1825.8000000000002,objetivo,4,2.099999999999909,92.95999999999636,171.9999999999891,4.96,3.999999999996362,163.03999999999272,1.9409523809523783,False,-1.0967808453400953,8,40756.36000000442,"C (partida 0,10 / 2R)"
MGC,london,2022-06-16,C,0.1,2.0,-1,2022-06-16 08:45:00+01:00,2022-06-16 08:45:00+01:00,2022-06-16 08:48:00+01:00,1828.3000000000002,1830.0,1824.9,1830.1,stop,5,1.699999999999818,96.1999999999909,-79.99999999999545,6.2,9.999999999990905,-96.19999999998636,-1.1317647058823135,False,-0.15065474181839827,8,40919.40000000441,"C (partida 0,10 / 2R)"
MGC,london,2022-06-23,C,0.1,2.0,1,2022-06-23 08:34:00+01:00,2022-06-23 08:34:00+01:00,2022-06-23 08:35:00+01:00,1837.3,1836.3000000000002,1839.3000000000002,1836.2000000000003,stop,8,0.9999999999997726,97.91999999998181,-71.99999999998909,9.92,15.999999999985448,-97.91999999997454,-1.22399999999996,False,0.2867598016820863,8,40823.20000000442,"C (partida 0,10 / 2R)"
MGC,london,2022-06-28,C,0.1,2.0,-1,2022-06-28 08:48:00+01:00,2022-06-28 08:48:00+01:00,2022-06-28 08:51:00+01:00,1827.9,1828.8999999999999,1825.9,1828.9999999999998,stop,8,0.9999999999997726,97.91999999998181,-71.99999999998909,9.92,15.999999999985448,-97.91999999997454,-1.22399999999996,False,-0.665684813185866,8,40725.280000004444,"C (partida 0,10 / 2R)"
MGC,london,2022-07-04,C,0.1,2.0,-1,2022-07-04 09:42:00+01:00,2022-07-04 09:42:00+01:00,2022-07-04 10:16:00+01:00,1807.3000000000002,1808.6,1804.7,1808.6999999999998,stop,6,1.2999999999997272,91.43999999998363,-71.99999999998909,7.4399999999999995,11.999999999989086,-91.43999999997817,-1.1723076923076585,False,-1.0499968987809054,9,40627.36000000447,"C (partida 0,10 / 2R)"
MGC,london,2022-07-06,C,0.1,2.0,1,2022-07-06 08:51:00+01:00,2022-07-06 08:51:00+01:00,2022-07-06 08:55:00+01:00,1768.5,1767.1000000000001,1771.3000000000002,1767.0,stop_hueco,6,1.3999999999998636,97.43999999999183,-78.00000000001091,7.4399999999999995,11.999999999989086,-97.44,-1.160000000000113,False,0.3288976787104855,8,40535.92000000449,"C (partida 0,10 / 2R)"
MGC,london,2022-07-14,C,0.1,2.0,-1,2022-07-14 09:51:00+01:00,2022-07-14 09:51:00+01:00,2022-07-14 09:56:00+01:00,1714.2,1715.3999999999999,1711.8000000000002,1715.4999999999998,stop,7,1.199999999999818,99.67999999998727,-76.99999999999363,8.68,13.999999999987267,-99.67999999998091,-1.1866666666666192,False,-0.28231577906932,9,40438.480000004485,"C (partida 0,10 / 2R)"
MGC,london,2022-07-18,C,0.1,2.0,1,2022-07-18 09:32:00+01:00,2022-07-18 09:32:00+01:00,2022-07-18 09:36:00+01:00,1717.8,1716.8000000000002,1719.8000000000002,1716.7000000000003,stop,8,0.9999999999997726,97.91999999998181,-71.99999999998909,9.92,15.999999999985448,-97.91999999997454,-1.22399999999996,False,0.5275897426768346,9,40338.80000000451,"C (partida 0,10 / 2R)"
MGC,london,2022-07-19,C,0.1,2.0,1,2022-07-19 10:23:00+01:00,2022-07-19 10:23:00+01:00,2022-07-19 10:51:00+01:00,1710.8,1709.8000000000002,1712.8000000000002,1712.8000000000002,objetivo,8,0.9999999999997726,97.91999999998181,168.0000000000109,9.92,7.999999999992724,150.0800000000182,1.876000000000654,False,0.9031378819932635,10,40240.88000000453,"C (partida 0,10 / 2R)"
MGC,london,2022-07-20,C,0.1,2.0,1,2022-07-20 08:46:00+01:00,2022-07-20 08:46:00+01:00,2022-07-20 08:59:00+01:00,1706.3999999999999,1705.4,1708.4,1705.3000000000002,stop,8,0.9999999999997726,97.91999999998181,-71.99999999998909,9.92,15.999999999985448,-97.91999999997454,-1.22399999999996,False,0.7657965126532799,8,40390.96000000455,"C (partida 0,10 / 2R)"
MGC,london,2022-08-03,C,0.1,2.0,-1,2022-08-03 10:37:00+01:00,2022-08-03 10:37:00+01:00,2022-08-03 10:39:00+01:00,1780.9,1782.0,1778.7,1782.1,stop,7,1.099999999999909,92.67999999999364,-70.0,8.68,13.999999999987267,-92.67999999998727,-1.203636363636298,False,-0.19948384460793722,10,40293.04000000457,"C (partida 0,10 / 2R)"
MGC,london,2022-08-09,C,0.1,2.0,1,2022-08-09 10:24:00+01:00,2022-08-09 10:24:00+01:00,2022-08-09 10:28:00+01:00,1808.0,1807.0,1810.0,1806.9,stop,8,1.0,97.92,-72.00000000000728,9.92,15.999999999985448,-97.91999999999273,-1.2239999999999092,False,0.5348334089480627,10,40200.360000004584,"C (partida 0,10 / 2R)"
MGC,london,2022-08-15,C,0.1,2.0,-1,2022-08-15 09:38:00+01:00,2022-08-15 09:38:00+01:00,2022-08-15 09:51:00+01:00,1801.5,1802.8,1798.9,1798.9,objetivo,6,1.2999999999999545,91.43999999999727,161.9999999999891,7.4399999999999995,5.999999999994543,148.55999999999455,1.9046153846153813,False,-0.9381947020174836,9,40102.44000000459,"C (partida 0,10 / 2R)"
MGC,london,2022-08-16,C,0.1,2.0,-1,2022-08-16 09:34:00+01:00,2022-08-16 09:34:00+01:00,2022-08-16 09:38:00+01:00,1788.9,1790.0,1786.7,1790.1,stop,7,1.099999999999909,92.67999999999364,-70.0,8.68,13.999999999987267,-92.67999999998727,-1.203636363636298,False,-1.3806361765402975,9,40251.00000000459,"C (partida 0,10 / 2R)"
MGC,london,2022-08-23,C,0.1,2.0,1,2022-08-23 08:41:00+01:00,2022-08-23 08:41:00+01:00,2022-08-23 09:16:00+01:00,1750.3,1748.6000000000001,1753.7,1753.7,objetivo,5,1.699999999999818,96.1999999999909,175.0,6.2,4.9999999999954525,163.80000000000456,1.9270588235296715,False,0.8123492310788201,8,40158.320000004605,"C (partida 0,10 / 2R)"
MGC,london,2022-08-29,C,0.1,2.0,-1,2022-08-29 09:09:00+01:00,2022-08-29 09:09:00+01:00,2022-08-29 09:19:00+01:00,1732.2,1733.1999999999998,1730.2,1733.2999999999997,stop,8,0.9999999999997726,97.91999999998181,-71.99999999998909,9.92,15.999999999985448,-97.91999999997454,-1.22399999999996,False,-0.5102046053856364,9,40322.12000000461,"C (partida 0,10 / 2R)"
MGC,london,2022-08-30,C,0.1,2.0,1,2022-08-30 10:24:00+01:00,2022-08-30 10:24:00+01:00,2022-08-30 10:29:00+01:00,1747.1999999999998,1745.9,1749.8000000000002,1745.8000000000002,stop,6,1.2999999999997272,91.43999999998363,-71.99999999998909,7.4399999999999995,11.999999999989086,-91.43999999997817,-1.1723076923076585,False,0.13755979838703464,10,40224.20000000463,"C (partida 0,10 / 2R)"
MGC,london,2022-08-31,C,0.1,2.0,-1,2022-08-31 08:46:00+01:00,2022-08-31 08:46:00+01:00,2022-08-31 08:50:00+01:00,1732.3000000000002,1733.3,1730.3000000000002,1733.3999999999999,stop,8,0.9999999999997726,97.91999999998181,-71.99999999998909,9.92,15.999999999985448,-97.91999999997454,-1.22399999999996,False,-0.20120372804753833,8,40132.76000000465,"C (partida 0,10 / 2R)"
MGC,london,2022-09-08,C,0.1,2.0,-1,2022-09-08 09:54:00+01:00,2022-09-08 09:54:00+01:00,2022-09-08 09:59:00+01:00,1727.8000000000002,1728.8,1725.8000000000002,1728.8999999999999,stop,8,0.9999999999997726,97.91999999998181,-71.99999999998909,9.92,15.999999999985448,-97.91999999997454,-1.22399999999996,False,-0.7465463414100012,9,40034.840000004675,"C (partida 0,10 / 2R)"
MGC,london,2022-09-12,C,0.1,2.0,1,2022-09-12 09:02:00+01:00,2022-09-12 09:02:00+01:00,2022-09-12 09:09:00+01:00,1736.3,1734.7,1739.5,1734.6000000000001,stop,5,1.599999999999909,91.19999999999544,-75.0,6.2,9.999999999990905,-91.19999999999091,-1.139999999999951,False,0.8808704507714215,9,39936.9200000047,"C (partida 0,10 / 2R)"
MGC,london,2022-09-12,C,0.1,2.0,1,2022-09-12 09:56:00+01:00,2022-09-12 09:56:00+01:00,2022-09-12 11:00:00+01:00,1736.1,1734.6000000000001,1739.1000000000001,1735.9,cierre_sesion,5,1.4999999999997726,86.19999999998862,0.0,6.2,9.999999999990905,-16.199999999990904,-0.21599999999991146,False,0.30665094269731724,9,39845.72000000471,"C (partida 0,10 / 2R)"
MGC,london,2022-09-21,C,0.1,2.0,-1,2022-09-21 08:56:00+01:00,2022-09-21 08:56:00+01:00,2022-09-21 09:50:00+01:00,1679.1000000000001,1680.3,1676.7,1680.3999999999999,stop,6,1.199999999999818,85.43999999998908,-65.99999999999454,7.4399999999999995,11.999999999989086,-85.43999999998363,-1.1866666666666192,False,-0.673378575609759,8,39829.52000000472,"C (partida 0,10 / 2R)"
MGC,london,2022-09-22,C,0.1,2.0,1,2022-09-22 09:05:00+01:00,2022-09-22 09:05:00+01:00,2022-09-22 09:17:00+01:00,1671.1,1667.9,1677.5,1677.5,objetivo,2,3.199999999999818,68.47999999999637,130.0,2.48,1.999999999998181,125.52000000000182,1.9612500000001398,False,1.0229697330014156,9,39744.08000000474,"C (partida 0,10 / 2R)"
MGC,london,2022-09-27,C,0.1,2.0,-1,2022-09-27 09:56:00+01:00,2022-09-27 09:56:00+01:00,2022-09-27 10:00:00+01:00,1643.0,1644.0,1641.0,1644.1,stop,8,1.0,97.92,-72.00000000000728,9.92,15.999999999985448,-97.91999999999273,-1.2239999999999092,False,-0.3854719868061303,9,39869.60000000474,"C (partida 0,10 / 2R)"
MGC,london,2022-09-27,C,0.1,2.0,-1,2022-09-27 10:03:00+01:00,2022-09-27 10:03:00+01:00,2022-09-27 10:28:00+01:00,1643.2,1644.1999999999998,1641.2,1641.1,objetivo_hueco,8,0.9999999999997726,97.91999999998181,176.00000000000364,9.92,7.999999999992724,158.08000000001093,1.976000000000586,False,-0.4084135312948564,10,39771.68000000475,"C (partida 0,10 / 2R)"
MGC,london,2022-09-28,C,0.1,2.0,1,2022-09-28 09:20:00+01:00,2022-09-28 09:20:00+01:00,2022-09-28 09:27:00+01:00,1629.6999999999998,1627.7,1633.7,1627.6000000000001,stop,4,1.9999999999997726,88.9599999999909,-75.99999999999454,4.96,7.999999999992724,-88.95999999998726,-1.1119999999999672,False,1.1135296154270755,9,39929.76000000476,"C (partida 0,10 / 2R)"
MGC,london,2022-09-28,C,0.1,2.0,1,2022-09-28 09:55:00+01:00,2022-09-28 09:55:00+01:00,2022-09-28 09:55:00+01:00,1628.5,1627.5,1630.5,1627.4,stop,8,1.0,97.92,-72.00000000000728,9.92,15.999999999985448,-97.91999999999273,-1.2239999999999092,False,0.1867781703752878,9,39840.800000004776,"C (partida 0,10 / 2R)"
MGC,london,2022-09-29,C,0.1,2.0,1,2022-09-29 10:29:00+01:00,2022-09-29 10:29:00+01:00,2022-09-29 11:00:00+01:00,1657.0,1653.9,1663.2,1655.6000000000001,cierre_sesion,2,3.099999999999909,66.47999999999818,-24.00000000000091,2.48,3.999999999996362,-30.479999999997272,-0.4916129032257769,False,0.41156022518964075,10,39742.880000004785,"C (partida 0,10 / 2R)"
MGC,london,2022-10-04,C,0.1,2.0,-1,2022-10-04 09:48:00+01:00,2022-10-04 09:48:00+01:00,2022-10-04 09:48:00+01:00,1715.3000000000002,1716.3,1713.3000000000002,1716.3999999999999,stop,8,0.9999999999997726,97.91999999998181,-71.99999999998909,9.92,15.999999999985448,-97.91999999997454,-1.22399999999996,False,-0.44555023309695824,9,39712.40000000479,"C (partida 0,10 / 2R)"
MGC,london,2022-10-07,C,0.1,2.0,1,2022-10-07 09:13:00+01:00,2022-10-07 09:13:00+01:00,2022-10-07 10:09:00+01:00,1719.8999999999999,1718.7,1722.3000000000002,1722.3000000000002,objetivo,6,1.199999999999818,85.43999999998908,150.00000000001364,7.4399999999999995,5.999999999994543,136.5600000000191,1.8966666666672194,False,0.10698335430143613,9,39614.48000000481,"C (partida 0,10 / 2R)"
MGC,london,2022-10-11,C,0.1,2.0,-1,2022-10-11 10:00:00+01:00,2022-10-11 10:00:00+01:00,2022-10-11 10:01:00+01:00,1672.2,1673.3,1670.0,1673.3999999999999,stop,7,1.099999999999909,92.67999999999364,-70.0,8.68,13.999999999987267,-92.67999999998727,-1.203636363636298,False,-0.20568725612167313,9,39751.04000000483,"C (partida 0,10 / 2R)"
MGC,london,2022-10-12,C,0.1,2.0,-1,2022-10-12 08:47:00+01:00,2022-10-12 08:47:00+01:00,2022-10-12 08:48:00+01:00,1675.4,1676.5,1673.2,1676.6,stop,7,1.099999999999909,92.67999999999364,-70.0,8.68,13.999999999987267,-92.67999999998727,-1.203636363636298,False,-1.5220130909337044,8,39658.36000000485,"C (partida 0,10 / 2R)"
MGC,london,2022-10-12,C,0.1,2.0,-1,2022-10-12 08:50:00+01:00,2022-10-12 08:50:00+01:00,2022-10-12 08:52:00+01:00,1675.4,1676.5,1673.2,1676.6,stop,7,1.099999999999909,92.67999999999364,-70.0,8.68,13.999999999987267,-92.67999999998727,-1.203636363636298,False,-1.3733246444662954,8,39565.68000000486,"C (partida 0,10 / 2R)"
MGC,london,2022-10-19,C,0.1,2.0,-1,2022-10-19 08:33:00+01:00,2022-10-19 08:33:00+01:00,2022-10-19 08:36:00+01:00,1643.5,1644.5,1641.5,1644.6,stop,8,1.0,97.92,-72.00000000000728,9.92,15.999999999985448,-97.91999999999273,-1.2239999999999092,False,-1.759307309373667,8,39473.000000004875,"C (partida 0,10 / 2R)"
MGC,london,2022-10-20,C,0.1,2.0,1,2022-10-20 08:46:00+01:00,2022-10-20 08:46:00+01:00,2022-10-20 08:53:00+01:00,1635.1999999999998,1634.2,1637.2,1637.2,objetivo,8,0.9999999999997726,97.91999999998181,168.0000000000109,9.92,7.999999999992724,150.0800000000182,1.876000000000654,False,0.679428117468003,8,39375.080000004884,"C (partida 0,10 / 2R)"
MGC,london,2022-10-25,C,0.1,2.0,-1,2022-10-25 10:30:00+01:00,2022-10-25 10:30:00+01:00,2022-10-25 10:46:00+01:00,1646.8000000000002,1647.8999999999999,1644.6000000000001,1644.6000000000001,objetivo,7,1.0999999999996817,92.67999999997772,160.99999999999682,8.68,6.9999999999936335,145.32000000000318,1.8872727272733147,False,-0.9164704002952618,10,39525.1600000049,"C (partida 0,10 / 2R)"
MGC,london,2022-10-26,C,0.1,2.0,1,2022-10-26 09:35:00+01:00,2022-10-26 09:35:00+01:00,2022-10-26 09:53:00+01:00,1675.8,1674.8000000000002,1677.8000000000002,1677.8000000000002,objetivo,8,0.9999999999997726,97.91999999998181,168.0000000000109,9.92,7.999999999992724,150.0800000000182,1.876000000000654,False,1.2000042987662944,9,39670.4800000049,"C (partida 0,10 / 2R)"
MGC,london,2022-10-27,C,0.1,2.0,1,2022-10-27 09:39:00+01:00,2022-10-27 09:39:00+01:00,2022-10-27 09:40:00+01:00,1669.1999999999998,1668.2,1671.2,1668.1000000000001,stop,8,0.9999999999997726,97.91999999998181,-71.99999999998909,9.92,15.999999999985448,-97.91999999997454,-1.22399999999996,False,1.740748913751127,9,39820.560000004916,"C (partida 0,10 / 2R)"
MGC,london,2022-10-28,C,0.1,2.0,-1,2022-10-28 09:03:00+01:00,2022-10-28 09:03:00+01:00,2022-10-28 09:34:00+01:00,1655.0,1656.1,1652.8000000000002,1652.8000000000002,objetivo,7,1.099999999999909,92.67999999999364,160.9999999999809,8.68,6.9999999999936335,145.31999999998726,1.8872727272727179,False,-0.5756384142200033,9,39722.64000000494,"C (partida 0,10 / 2R)"
MGC,london,2022-11-03,C,0.1,2.0,-1,2022-11-03 09:09:00+00:00,2022-11-03 09:09:00+00:00,2022-11-03 09:16:00+00:00,1627.2,1628.1999999999998,1625.2,1625.2,objetivo,8,0.9999999999997726,97.91999999998181,167.99999999999272,9.92,7.999999999992724,150.08,1.8760000000004267,False,-0.28765096733671985,9,39867.960000004925,"C (partida 0,10 / 2R)"
MGC,london,2022-11-07,C,0.1,2.0,1,2022-11-07 10:12:00+00:00,2022-11-07 10:12:00+00:00,2022-11-07 10:37:00+00:00,1682.6999999999998,1681.7,1684.7,1681.6000000000001,stop,8,0.9999999999997726,97.91999999998181,-71.99999999998909,9.92,15.999999999985448,-97.91999999997454,-1.22399999999996,False,1.0372931920632846,10,40018.04000000493,"C (partida 0,10 / 2R)"
MGC,london,2022-11-10,C,0.1,2.0,-1,2022-11-10 08:51:00+00:00,2022-11-10 08:51:00+00:00,2022-11-10 09:18:00+00:00,1710.8000000000002,1711.8999999999999,1708.6000000000001,1708.6,objetivo_hueco,7,1.0999999999996817,92.67999999997772,161.00000000001273,8.68,6.9999999999936335,145.3200000000191,1.8872727272735215,False,-0.16156127191740355,8,39920.12000000495,"C (partida 0,10 / 2R)"
MGC,london,2022-11-14,C,0.1,2.0,-1,2022-11-14 08:51:00+00:00,2022-11-14 08:51:00+00:00,2022-11-14 09:09:00+00:00,1764.9,1766.3,1762.1000000000001,1762.1000000000001,objetivo,6,1.3999999999998636,97.43999999999183,173.99999999999181,7.4399999999999995,5.999999999994543,160.55999999999727,1.9114285714287251,False,-1.320216260178066,8,40065.44000000497,"C (partida 0,10 / 2R)"
MGC,london,2022-11-14,C,0.1,2.0,-1,2022-11-14 10:33:00+00:00,2022-11-14 10:33:00+00:00,2022-11-14 10:56:00+00:00,1758.4,1760.0,1755.2,1760.1,stop,5,1.599999999999909,91.19999999999544,-75.0,6.2,9.999999999990905,-91.19999999999091,-1.139999999999951,False,-1.2307720996352387,10,40226.00000000497,"C (partida 0,10 / 2R)"
MGC,london,2022-11-16,C,0.1,2.0,1,2022-11-16 09:41:00+00:00,2022-11-16 09:41:00+00:00,2022-11-16 11:00:00+00:00,1785.6999999999998,1784.2,1788.7,1785.8000000000002,cierre_sesion,5,1.4999999999997726,86.19999999998862,15.000000000009095,6.2,9.999999999990905,-1.1999999999818103,-0.015999999999759897,False,1.924935090202824,9,40134.80000000498,"C (partida 0,10 / 2R)"
MGC,london,2022-11-17,C,0.1,2.0,-1,2022-11-17 09:30:00+00:00,2022-11-17 09:30:00+00:00,2022-11-17 09:33:00+00:00,1769.2,1770.3999999999999,1766.8000000000002,1766.7,objetivo_hueco,7,1.199999999999818,99.67999999998727,181.99999999999363,8.68,6.9999999999936335,166.32,1.9800000000003,False,-0.7238117005929057,9,40133.600000005,"C (partida 0,10 / 2R)"
MGC,london,2022-12-06,C,0.1,2.0,1,2022-12-06 10:08:00+00:00,2022-12-06 10:08:00+00:00,2022-12-06 10:38:00+00:00,1784.6999999999998,1783.7,1786.7,1786.7,objetivo,8,0.9999999999997726,97.91999999998181,168.0000000000109,9.92,7.999999999992724,150.0800000000182,1.876000000000654,False,0.20918495702162335,10,40299.920000005,"C (partida 0,10 / 2R)"
MGC,london,2022-12-15,C,0.1,2.0,-1,2022-12-15 08:59:00+00:00,2022-12-15 08:59:00+00:00,2022-12-15 09:22:00+00:00,1787.3000000000002,1788.6999999999998,1784.5,1788.7999999999997,stop,6,1.3999999999996362,97.43999999997818,-77.99999999998363,7.4399999999999995,11.999999999989086,-97.43999999997271,-1.1599999999999766,False,-2.3586223436172853,8,40450.00000000501,"C (partida 0,10 / 2R)"
MGC,london,2022-12-20,C,0.1,2.0,1,2022-12-20 09:30:00+00:00,2022-12-20 09:30:00+00:00,2022-12-20 09:40:00+00:00,1813.6999999999998,1812.7,1815.7,1815.7,objetivo_hueco,8,0.9999999999997726,97.91999999998181,168.0000000000109,9.92,7.999999999992724,150.0800000000182,1.876000000000654,False,1.155983606967022,9,40352.56000000504,"C (partida 0,10 / 2R)"
MGC,london,2023-01-03,C,0.1,2.0,-1,2023-01-03 09:40:00+00:00,2023-01-03 09:40:00+00:00,2023-01-03 09:40:00+00:00,1843.9,1844.8999999999999,1841.9,1844.9999999999998,stop,8,0.9999999999997726,97.91999999998181,-71.99999999998909,9.92,15.999999999985448,-97.91999999997454,-1.22399999999996,False,-0.1306539845116771,9,40502.640000005056,"C (partida 0,10 / 2R)"
MGC,london,2023-01-09,C,0.1,2.0,-1,2023-01-09 10:11:00+00:00,2023-01-09 10:11:00+00:00,2023-01-09 10:14:00+00:00,1877.3000000000002,1878.3,1875.3000000000002,1878.3999999999999,stop,8,0.9999999999997726,97.91999999998181,-71.99999999998909,9.92,15.999999999985448,-97.91999999997454,-1.22399999999996,False,-0.17571229637693134,10,40404.72000000508,"C (partida 0,10 / 2R)"
MGC,london,2023-01-11,C,0.1,2.0,1,2023-01-11 08:32:00+00:00,2023-01-11 08:32:00+00:00,2023-01-11 08:49:00+00:00,1887.3999999999999,1886.4,1889.4,1889.4,objetivo,8,0.9999999999997726,97.91999999998181,168.0000000000109,9.92,7.999999999992724,150.0800000000182,1.876000000000654,False,1.2736006503368174,8,40306.8000000051,"C (partida 0,10 / 2R)"
MGC,london,2023-01-11,C,0.1,2.0,1,2023-01-11 09:19:00+00:00,2023-01-11 09:19:00+00:00,2023-01-11 09:50:00+00:00,1889.3,1888.2,1891.5,1888.1000000000001,stop,7,1.099999999999909,92.67999999999364,-70.0,8.68,13.999999999987267,-92.67999999998727,-1.203636363636298,False,1.710913678165292,9,40456.88000000512,"C (partida 0,10 / 2R)"
MGC,london,2023-01-27,C,0.1,2.0,1,2023-01-27 08:34:00+00:00,2023-01-27 08:34:00+00:00,2023-01-27 09:27:00+00:00,1924.6999999999998,1923.5,1927.1000000000001,1927.1000000000001,objetivo,7,1.199999999999818,99.67999999998727,175.00000000001592,8.68,6.9999999999936335,159.32000000002228,1.8966666666672194,False,0.41028504304943497,8,40364.200000005134,"C (partida 0,10 / 2R)"
MGC,london,2023-02-06,C,0.1,2.0,-1,2023-02-06 09:39:00+00:00,2023-02-06 09:39:00+00:00,2023-02-06 11:00:00+00:00,1885.7,1887.5,1882.1000000000001,1884.8999999999999,cierre_sesion,5,1.7999999999999545,101.19999999999771,50.0,6.2,9.999999999990905,33.80000000000909,0.37555555555566605,False,-2.174880503645473,9,40523.520000005155,"C (partida 0,10 / 2R)"
MGC,london,2023-02-10,C,0.1,2.0,-1,2023-02-10 08:58:00+00:00,2023-02-10 08:58:00+00:00,2023-02-10 09:01:00+00:00,1879.1000000000001,1880.1,1877.1000000000001,1880.1999999999998,stop,8,0.9999999999997726,97.91999999998181,-71.99999999998909,9.92,15.999999999985448,-97.91999999997454,-1.22399999999996,False,-0.31664088122332923,8,40557.320000005166,"C (partida 0,10 / 2R)"
MGC,london,2023-02-10,C,0.1,2.0,-1,2023-02-10 09:14:00+00:00,2023-02-10 09:14:00+00:00,2023-02-10 09:16:00+00:00,1878.8000000000002,1879.8999999999999,1876.6000000000001,1876.6000000000001,objetivo,7,1.0999999999996817,92.67999999997772,160.99999999999682,8.68,6.9999999999936335,145.32000000000318,1.8872727272733147,False,-0.21593335966391813,9,40459.40000000519,"C (partida 0,10 / 2R)"
MGC,london,2023-02-13,C,0.1,2.0,-1,2023-02-13 09:02:00+00:00,2023-02-13 09:02:00+00:00,2023-02-13 09:16:00+00:00,1871.8000000000002,1872.8999999999999,1869.6000000000001,1869.6000000000001,objetivo,7,1.0999999999996817,92.67999999997772,160.99999999999682,8.68,6.9999999999936335,145.32000000000318,1.8872727272733147,False,-0.36761913005803587,9,40604.72000000519,"C (partida 0,10 / 2R)"
MGC,london,2023-02-17,C,0.1,2.0,1,2023-02-17 10:28:00+00:00,2023-02-17 10:28:00+00:00,2023-02-17 10:30:00+00:00,1834.8999999999999,1833.1000000000001,1838.5,1833.0000000000002,stop,5,1.7999999999997272,101.19999999998635,-84.9999999999909,6.2,9.999999999990905,-101.19999999998181,-1.1244444444444128,False,0.36082108405914926,10,40750.04000000519,"C (partida 0,10 / 2R)"
MGC,london,2023-02-21,C,0.1,2.0,1,2023-02-21 09:31:00+00:00,2023-02-21 09:31:00+00:00,2023-02-21 10:18:00+00:00,1843.6999999999998,1842.2,1846.7,1842.1000000000001,stop,5,1.4999999999997726,86.19999999998862,-69.99999999999318,6.2,9.999999999990905,-86.19999999998409,-1.1493333333332953,False,0.26491715823576245,9,40648.840000005206,"C (partida 0,10 / 2R)"
MGC,london,2023-02-22,C,0.1,2.0,-1,2023-02-22 09:33:00+00:00,2023-02-22 09:33:00+00:00,2023-02-22 09:49:00+00:00,1842.7,1844.0,1840.1000000000001,1844.1,stop,6,1.2999999999999545,91.43999999999727,-72.00000000000273,7.4399999999999995,11.999999999989086,-91.43999999999181,-1.1723076923076283,False,-0.9739986481643333,9,40562.64000000522,"C (partida 0,10 / 2R)"
MGC,london,2023-02-24,C,0.1,2.0,1,2023-02-24 09:11:00+00:00,2023-02-24 09:11:00+00:00,2023-02-24 09:21:00+00:00,1831.1999999999998,1830.2,1833.2,1830.1000000000001,stop,8,0.9999999999997726,97.91999999998181,-71.99999999998909,9.92,15.999999999985448,-97.91999999997454,-1.22399999999996,False,1.2976125107997811,9,40471.20000000523,"C (partida 0,10 / 2R)"
MGC,london,2023-03-03,C,0.1,2.0,1,2023-03-03 10:41:00+00:00,2023-03-03 10:41:00+00:00,2023-03-03 11:00:00+00:00,1853.0,1851.9,1855.2,1852.8000000000002,cierre_sesion,7,1.099999999999909,92.67999999999364,0.0,8.68,13.999999999987267,-22.679999999987267,-0.29454545454531356,False,0.2378995011792874,10,40373.28000000525,"C (partida 0,10 / 2R)"
MGC,london,2023-03-06,C,0.1,2.0,-1,2023-03-06 09:17:00+00:00,2023-03-06 09:17:00+00:00,2023-03-06 09:30:00+00:00,1859.1000000000001,1860.1,1857.1000000000001,1857.1000000000001,objetivo,8,0.9999999999997726,97.91999999998181,167.99999999999272,9.92,7.999999999992724,150.08,1.8760000000004267,False,-0.778390943455127,9,40350.600000005266,"C (partida 0,10 / 2R)"
MGC,london,2023-03-07,C,0.1,2.0,-1,2023-03-07 10:31:00+00:00,2023-03-07 10:31:00+00:00,2023-03-07 11:00:00+00:00,1848.2,1849.5,1845.6000000000001,1848.3,cierre_sesion,6,1.2999999999999545,91.43999999999727,5.999999999994543,7.4399999999999995,11.999999999989086,-13.439999999994543,-0.17230769230762838,False,-1.2998625996177595,10,40500.68000000527,"C (partida 0,10 / 2R)"
MGC,london,2023-03-13,C,0.1,2.0,1,2023-03-13 08:40:00+00:00,2023-03-13 08:40:00+00:00,2023-03-13 08:53:00+00:00,1884.5,1881.9,1889.7,1889.7,objetivo,3,2.599999999999909,84.71999999999727,158.99999999999864,3.7199999999999998,2.9999999999972715,152.28000000000137,1.952307692307778,False,1.9873945468309957,8,40487.24000000527,"C (partida 0,10 / 2R)"
MGC,london,2023-03-17,C,0.1,2.0,1,2023-03-17 09:54:00+00:00,2023-03-17 09:54:00+00:00,2023-03-17 10:13:00+00:00,1936.6,1935.6000000000001,1938.6000000000001,1935.5000000000002,stop,8,0.9999999999997726,97.91999999998181,-71.99999999998909,9.92,15.999999999985448,-97.91999999997454,-1.22399999999996,False,1.1896339660347635,9,40639.52000000527,"C (partida 0,10 / 2R)"
MGC,london,2023-03-22,C,0.1,2.0,1,2023-03-22 09:31:00+00:00,2023-03-22 09:31:00+00:00,2023-03-22 10:30:00+00:00,1946.8999999999999,1945.9,1948.9,1945.8000000000002,stop,8,0.9999999999997726,97.91999999998181,-71.99999999998909,9.92,15.999999999985448,-97.91999999997454,-1.22399999999996,False,0.410703860438338,9,40541.600000005295,"C (partida 0,10 / 2R)"
MGC,london,2023-04-12,C,0.1,2.0,-1,2023-04-12 09:07:00+01:00,2023-04-12 09:07:00+01:00,2023-04-12 09:26:00+01:00,2027.4,2028.6999999999998,2024.8000000000002,2024.8000000000002,objetivo,6,1.2999999999997272,91.43999999998363,161.9999999999891,7.4399999999999995,5.999999999994543,148.55999999999455,1.9046153846157143,False,-1.1307068401545122,9,40443.68000000532,"C (partida 0,10 / 2R)"
MGC,london,2023-04-12,C,0.1,2.0,-1,2023-04-12 09:51:00+01:00,2023-04-12 09:51:00+01:00,2023-04-12 10:17:00+01:00,2025.1000000000001,2026.1999999999998,2022.9,2026.2999999999997,stop,7,1.0999999999996817,92.67999999997772,-69.99999999998408,8.68,13.999999999987267,-92.67999999997136,-1.20363636363634,False,-1.4585969426031788,9,40592.24000000532,"C (partida 0,10 / 2R)"
MGC,london,2023-04-26,C,0.1,2.0,-1,2023-04-26 08:33:00+01:00,2023-04-26 08:33:00+01:00,2023-04-26 08:51:00+01:00,2006.5,2007.8999999999999,2003.7,2007.9999999999998,stop,6,1.3999999999998636,97.43999999999183,-77.99999999999727,7.4399999999999995,11.999999999989086,-97.43999999998636,-1.1599999999999506,False,-0.3160885403555364,8,40499.560000005346,"C (partida 0,10 / 2R)"
MGC,london,2023-04-28,C,0.1,2.0,-1,2023-04-28 09:04:00+01:00,2023-04-28 09:04:00+01:00,2023-04-28 09:09:00+01:00,1990.4,1991.8,1987.6000000000001,1991.8999999999999,stop,6,1.3999999999998636,97.43999999999183,-77.99999999999727,7.4399999999999995,11.999999999989086,-97.43999999998636,-1.1599999999999506,False,-0.44177955377716316,9,40402.12000000536,"C (partida 0,10 / 2R)"
MGC,london,2023-04-28,C,0.1,2.0,-1,2023-04-28 09:15:00+01:00,2023-04-28 09:15:00+01:00,2023-04-28 09:35:00+01:00,1990.1000000000001,1991.3,1987.7,1991.3999999999999,stop,7,1.199999999999818,99.67999999998727,-76.99999999999363,8.68,13.999999999987267,-99.67999999998091,-1.1866666666666192,False,-0.3348204496183083,9,40304.68000000537,"C (partida 0,10 / 2R)"
MGC,london,2023-05-01,C,0.1,2.0,1,2023-05-01 09:06:00+01:00,2023-05-01 09:06:00+01:00,2023-05-01 09:26:00+01:00,1989.5,1988.5,1991.5,1988.4,stop,8,1.0,97.92,-72.00000000000728,9.92,15.999999999985448,-97.91999999999273,-1.2239999999999092,False,0.3673368073405079,9,40205.00000000539,"C (partida 0,10 / 2R)"
MGC,london,2023-05-04,C,0.1,2.0,-1,2023-05-04 09:38:00+01:00,2023-05-04 09:38:00+01:00,2023-05-04 09:38:00+01:00,2040.1000000000001,2041.1999999999998,2037.9,2041.2999999999997,stop,7,1.0999999999996817,92.67999999997772,-69.99999999998408,8.68,13.999999999987267,-92.67999999997136,-1.20363636363634,False,-0.3223806643041618,9,40107.0800000054,"C (partida 0,10 / 2R)"
MGC,london,2023-05-05,C,0.1,2.0,-1,2023-05-05 10:42:00+01:00,2023-05-05 10:42:00+01:00,2023-05-05 11:00:00+01:00,2046.3000000000002,2047.3999999999999,2044.1000000000001,2045.8,cierre_sesion,7,1.0999999999996817,92.67999999997772,49.00000000000318,8.68,13.999999999987267,26.320000000015916,0.34181818181848744,False,-0.5937204941423311,10,40014.40000000543,"C (partida 0,10 / 2R)"
MGC,london,2023-05-17,C,0.1,2.0,-1,2023-05-17 09:39:00+01:00,2023-05-17 09:39:00+01:00,2023-05-17 09:44:00+01:00,1990.3000000000002,1991.6999999999998,1987.5,1991.7999999999997,stop,6,1.3999999999996362,97.43999999997818,-77.99999999998363,7.4399999999999995,11.999999999989086,-97.43999999997271,-1.1599999999999766,False,-1.1915333931487346,9,40040.72000000544,"C (partida 0,10 / 2R)"
MGC,london,2023-05-18,C,0.1,2.0,1,2023-05-18 08:40:00+01:00,2023-05-18 08:40:00+01:00,2023-05-18 08:49:00+01:00,1981.1999999999998,1980.1000000000001,1983.4,1980.0000000000002,stop,7,1.0999999999996817,92.67999999997772,-69.99999999998408,8.68,13.999999999987267,-92.67999999997136,-1.20363636363634,False,0.532580808187517,8,39943.28000000547,"C (partida 0,10 / 2R)"
MGC,london,2023-05-18,C,0.1,2.0,1,2023-05-18 10:33:00+01:00,2023-05-18 10:33:00+01:00,2023-05-18 11:00:00+01:00,1979.8,1978.7,1982.0,1979.9,cierre_sesion,7,1.099999999999909,92.67999999999364,20.999999999996817,8.68,13.999999999987267,-1.67999999999045,-0.021818181818059595,False,0.1859185499646099,10,39850.6000000055,"C (partida 0,10 / 2R)"
MGC,london,2023-05-25,C,0.1,2.0,1,2023-05-25 09:08:00+01:00,2023-05-25 09:08:00+01:00,2023-05-25 11:00:00+01:00,1962.3999999999999,1960.5,1966.2,1961.6000000000001,cierre_sesion,4,1.8999999999998636,84.95999999999454,-23.999999999996362,4.96,7.999999999992724,-36.95999999998909,-0.4863157894735755,False,0.4004789948714318,9,39848.920000005506,"C (partida 0,10 / 2R)"
MGC,london,2023-06-19,C,0.1,2.0,-1,2023-06-19 08:36:00+01:00,2023-06-19 08:36:00+01:00,2023-06-19 08:38:00+01:00,1965.4,1966.3999999999999,1963.4,1966.4999999999998,stop,8,0.9999999999997726,97.91999999998181,-71.99999999998909,9.92,15.999999999985448,-97.91999999997454,-1.22399999999996,False,-0.7418473207954029,8,39811.960000005514,"C (partida 0,10 / 2R)"
MGC,london,2023-06-23,C,0.1,2.0,1,2023-06-23 09:10:00+01:00,2023-06-23 09:10:00+01:00,2023-06-23 09:58:00+01:00,1928.3999999999999,1927.4,1930.4,1927.3000000000002,stop,8,0.9999999999997726,97.91999999998181,-71.99999999998909,9.92,15.999999999985448,-97.91999999997454,-1.22399999999996,False,1.092720023998246,9,39714.04000000554,"C (partida 0,10 / 2R)"
MGC,london,2023-07-17,C,0.1,2.0,-1,2023-07-17 08:38:00+01:00,2023-07-17 08:38:00+01:00,2023-07-17 09:09:00+01:00,1955.4,1956.5,1953.2,1956.6,stop,7,1.099999999999909,92.67999999999364,-70.0,8.68,13.999999999987267,-92.67999999998727,-1.203636363636298,False,-2.461096940545544,8,39616.12000000556,"C (partida 0,10 / 2R)"
MGC,london,2023-07-18,C,0.1,2.0,-1,2023-07-18 09:52:00+01:00,2023-07-18 09:52:00+01:00,2023-07-18 09:54:00+01:00,1964.1000000000001,1965.3999999999999,1961.5,1965.4999999999998,stop,6,1.2999999999997272,91.43999999998363,-71.99999999998909,7.4399999999999995,11.999999999989086,-91.43999999997817,-1.1723076923076585,False,-0.15278144735180152,9,39523.440000005576,"C (partida 0,10 / 2R)"
MGC,london,2023-07-21,C,0.1,2.0,-1,2023-07-21 10:13:00+01:00,2023-07-21 10:13:00+01:00,2023-07-21 10:18:00+01:00,1963.6000000000001,1964.8999999999999,1961.0,1964.9999999999998,stop,6,1.2999999999997272,91.43999999998363,-71.99999999998909,7.4399999999999995,11.999999999989086,-91.43999999997817,-1.1723076923076585,False,-1.0591226878084183,10,39432.000000005595,"C (partida 0,10 / 2R)"
MGC,london,2023-08-15,C,0.1,2.0,-1,2023-08-15 09:01:00+01:00,2023-08-15 09:01:00+01:00,2023-08-15 09:10:00+01:00,1935.3000000000002,1936.3999999999999,1933.1000000000001,1936.4999999999998,stop,7,1.0999999999996817,92.67999999997772,-69.99999999998408,8.68,13.999999999987267,-92.67999999997136,-1.20363636363634,False,-0.27314748148434537,9,39340.560000005615,"C (partida 0,10 / 2R)"
MGC,london,2023-08-23,C,0.1,2.0,1,2023-08-23 09:44:00+01:00,2023-08-23 09:44:00+01:00,2023-08-23 10:25:00+01:00,1933.3,1932.2,1935.5,1932.1000000000001,stop,7,1.099999999999909,92.67999999999364,-70.0,8.68,13.999999999987267,-92.67999999998727,-1.203636363636298,False,0.43003368031214856,9,39247.88000000564,"C (partida 0,10 / 2R)"
MGC,london,2023-10-19,C,0.1,2.0,1,2023-10-19 09:07:00+01:00,2023-10-19 09:07:00+01:00,2023-10-19 09:10:00+01:00,1963.6999999999998,1962.7,1965.7,1965.7,objetivo,7,0.9999999999997726,85.67999999998409,147.00000000000955,8.68,6.9999999999936335,131.3200000000159,1.8760000000006538,False,0.5413884935357144,9,39155.20000000566,"C (partida 0,10 / 2R)"
MGC,london,2023-10-20,C,0.1,2.0,1,2023-10-20 09:05:00+01:00,2023-10-20 09:05:00+01:00,2023-10-20 09:18:00+01:00,1993.1,1992.1000000000001,1995.1000000000001,1995.1000000000001,objetivo,8,0.9999999999997726,97.91999999998181,168.0000000000109,9.92,7.999999999992724,150.0800000000182,1.876000000000654,False,1.0341838006453041,9,39286.52000000567,"C (partida 0,10 / 2R)"
MGC,london,2023-11-06,C,0.1,2.0,1,2023-11-06 09:01:00+00:00,2023-11-06 09:01:00+00:00,2023-11-06 09:07:00+00:00,1993.8,1992.8000000000002,1995.8000000000002,1992.7000000000003,stop,8,0.9999999999997726,97.91999999998181,-71.99999999998909,9.92,15.999999999985448,-97.91999999997454,-1.22399999999996,False,0.36175482800770237,9,39436.60000000569,"C (partida 0,10 / 2R)"
MGC,london,2023-11-06,C,0.1,2.0,1,2023-11-06 09:11:00+00:00,2023-11-06 09:11:00+00:00,2023-11-06 09:35:00+00:00,1994.3,1993.1000000000001,1996.7,1993.0000000000002,stop,6,1.199999999999818,85.43999999998908,-65.99999999999454,7.4399999999999995,11.999999999989086,-85.43999999998363,-1.1866666666666192,False,0.3060222378856024,9,39338.68000000571,"C (partida 0,10 / 2R)"
MGC,london,2023-11-14,C,0.1,2.0,1,2023-11-14 09:38:00+00:00,2023-11-14 09:38:00+00:00,2023-11-14 10:51:00+00:00,1951.6999999999998,1950.2,1954.7,1950.1000000000001,stop,5,1.4999999999997726,86.19999999998862,-69.99999999999318,6.2,9.999999999990905,-86.19999999998409,-1.1493333333332953,False,2.1146136533612374,9,39253.24000000573,"C (partida 0,10 / 2R)"
MGC,london,2023-11-27,C,0.1,2.0,-1,2023-11-27 10:31:00+00:00,2023-11-27 10:31:00+00:00,2023-11-27 10:38:00+00:00,2012.9,2014.5,2009.7,2014.6,stop,5,1.599999999999909,91.19999999999544,-75.0,6.2,9.999999999990905,-91.19999999999091,-1.139999999999951,False,-0.155361187410069,10,39167.04000000575,"C (partida 0,10 / 2R)"
MGC,london,2023-12-04,C,0.1,2.0,1,2023-12-04 09:19:00+00:00,2023-12-04 09:19:00+00:00,2023-12-04 09:29:00+00:00,2089.5,2088.3,2091.9,2091.9,objetivo,6,1.199999999999818,85.43999999998908,150.0,7.4399999999999995,5.999999999994543,136.56000000000546,1.89666666666703,False,1.9994611044840258,9,39075.84000000576,"C (partida 0,10 / 2R)"
MGC,london,2023-12-06,C,0.1,2.0,-1,2023-12-06 09:11:00+00:00,2023-12-06 09:11:00+00:00,2023-12-06 09:15:00+00:00,2043.6000000000001,2044.8999999999999,2041.0,2041.0,objetivo,6,1.2999999999997272,91.43999999998363,162.00000000000273,7.4399999999999995,5.999999999994543,148.5600000000082,1.9046153846158893,False,-3.7652726353124795,9,39212.400000005764,"C (partida 0,10 / 2R)"
MGC,london,2024-01-09,C,0.1,2.0,1,2024-01-09 09:26:00+00:00,2024-01-09 09:26:00+00:00,2024-01-09 10:16:00+00:00,2041.3,2040.1000000000001,2043.7,2043.7,objetivo,6,1.199999999999818,85.43999999998908,150.0,7.4399999999999995,5.999999999994543,136.56000000000546,1.89666666666703,False,0.16750381202228865,9,39360.96000000577,"C (partida 0,10 / 2R)"
MGC,london,2024-01-12,C,0.1,2.0,1,2024-01-12 08:34:00+00:00,2024-01-12 08:34:00+00:00,2024-01-12 08:41:00+00:00,2043.8999999999999,2042.9,2045.9,2042.8000000000002,stop,8,0.9999999999997726,97.91999999998181,-71.99999999998909,9.92,15.999999999985448,-97.91999999997454,-1.22399999999996,False,1.4766995904526077,8,39497.520000005774,"C (partida 0,10 / 2R)"
MGC,london,2024-03-06,C,0.1,2.0,1,2024-03-06 09:51:00+00:00,2024-03-06 09:51:00+00:00,2024-03-06 09:57:00+00:00,2135.2,2134.2000000000003,2137.2000000000003,2137.2000000000003,objetivo,8,0.9999999999995453,97.91999999996362,168.0000000000291,9.92,7.999999999992724,150.0800000000364,1.876000000001308,False,0.21897832111202514,9,39399.6000000058,"C (partida 0,10 / 2R)"
MGC,london,2024-03-08,C,0.1,2.0,1,2024-03-08 09:48:00+00:00,2024-03-08 09:48:00+00:00,2024-03-08 09:57:00+00:00,2174.7,2173.5,2177.1,2177.1,objetivo,6,1.199999999999818,85.43999999998908,150.0,7.4399999999999995,5.999999999994543,136.56000000000546,1.89666666666703,False,1.1764361525548188,9,39549.680000005836,"C (partida 0,10 / 2R)"
MGC,london,2024-03-21,C,0.1,2.0,-1,2024-03-21 09:02:00+00:00,2024-03-21 09:02:00+00:00,2024-03-21 09:03:00+00:00,2202.0,2203.1,2199.8,2203.2,stop,7,1.099999999999909,92.67999999999364,-70.0,8.68,13.999999999987267,-92.67999999998727,-1.203636363636298,False,-3.0987786009191023,9,39686.24000000584,"C (partida 0,10 / 2R)"
MGC,london,2024-03-21,C,0.1,2.0,1,2024-03-21 09:44:00+00:00,2024-03-21 09:44:00+00:00,2024-03-21 10:03:00+00:00,2206.2999999999997,2205.3,2208.3,2208.3,objetivo,8,0.9999999999995453,97.91999999996362,168.0000000000291,9.92,7.999999999992724,150.0800000000364,1.876000000001308,False,0.6909435603497082,9,39593.560000005855,"C (partida 0,10 / 2R)"
MGC,london,2024-03-22,C,0.1,2.0,-1,2024-03-22 08:51:00+00:00,2024-03-22 08:51:00+00:00,2024-03-22 08:57:00+00:00,2167.3,2168.2999999999997,2165.3,2168.3999999999996,stop,8,0.9999999999995453,97.91999999996362,-71.9999999999709,9.92,15.999999999985448,-97.91999999995635,-1.2240000000000109,False,-0.3342686339378982,8,39743.64000000589,"C (partida 0,10 / 2R)"
MGC,london,2024-03-22,C,0.1,2.0,-1,2024-03-22 10:07:00+00:00,2024-03-22 10:07:00+00:00,2024-03-22 10:19:00+00:00,2167.7000000000003,2168.7999999999997,2165.5,2168.8999999999996,stop,7,1.0999999999994543,92.67999999996181,-69.99999999996817,8.68,13.999999999987267,-92.67999999995544,-1.203636363636382,False,-0.20901929172858058,10,39645.72000000594,"C (partida 0,10 / 2R)"
MGC,london,2024-04-01,C,0.1,2.0,-1,2024-04-01 09:27:00+01:00,2024-04-01 09:27:00+01:00,2024-04-01 10:26:00+01:00,2278.7000000000003,2280.2,2275.7000000000003,2275.7000000000003,objetivo,5,1.4999999999995453,86.19999999997725,154.99999999999545,6.2,4.9999999999954525,143.8,1.9173333333339146,False,-0.8321454324212367,9,39553.04000000598,"C (partida 0,10 / 2R)"
MGC,london,2024-04-03,C,0.1,2.0,1,2024-04-03 10:17:00+01:00,2024-04-03 10:17:00+01:00,2024-04-03 10:21:00+01:00,2294.5,2293.5,2296.5,2293.4,stop,8,1.0,97.92,-72.00000000000728,9.92,15.999999999985448,-97.91999999999273,-1.2239999999999092,False,0.372391301663284,10,39696.840000005985,"C (partida 0,10 / 2R)"
MGC,london,2024-04-08,C,0.1,2.0,1,2024-04-08 08:38:00+01:00,2024-04-08 08:38:00+01:00,2024-04-08 08:46:00+01:00,2357.6,2355.7000000000003,2361.4,2355.6000000000004,stop,4,1.8999999999996362,84.95999999998544,-71.99999999998909,4.96,7.999999999992724,-84.9599999999818,-1.11789473684208,False,0.9444974916052393,8,39598.920000005994,"C (partida 0,10 / 2R)"
MGC,london,2024-04-08,C,0.1,2.0,1,2024-04-08 08:55:00+01:00,2024-04-08 08:55:00+01:00,2024-04-08 09:14:00+01:00,2356.5,2355.2000000000003,2359.1,2359.1,objetivo,6,1.2999999999997272,91.43999999998363,161.9999999999891,7.4399999999999995,5.999999999994543,148.55999999999455,1.9046153846157143,False,0.32262448818362843,8,39513.96000000601,"C (partida 0,10 / 2R)"
MGC,london,2024-04-15,C,0.1,2.0,-1,2024-04-15 10:14:00+01:00,2024-04-15 10:14:00+01:00,2024-04-15 10:19:00+01:00,2365.2000000000003,2366.2999999999997,2363.0,2366.3999999999996,stop,7,1.0999999999994543,92.67999999996181,-69.99999999996817,8.68,13.999999999987267,-92.67999999995544,-1.203636363636382,False,-0.2889136089823375,10,39662.52000000601,"C (partida 0,10 / 2R)"
MGC,london,2024-04-16,C,0.1,2.0,-1,2024-04-16 08:49:00+01:00,2024-04-16 08:49:00+01:00,2024-04-16 08:54:00+01:00,2386.9,2388.0,2384.7000000000003,2384.7000000000003,objetivo,7,1.099999999999909,92.67999999999364,160.9999999999809,8.68,6.9999999999936335,145.31999999998726,1.8872727272727179,False,-1.356029518203274,8,39569.84000000605,"C (partida 0,10 / 2R)"
MGC,london,2024-04-16,C,0.1,2.0,1,2024-04-16 10:04:00+01:00,2024-04-16 10:04:00+01:00,2024-04-16 10:11:00+01:00,2387.4,2386.0,2390.2000000000003,2385.9,stop,6,1.400000000000091,97.44000000000547,-78.00000000001091,7.4399999999999995,11.999999999989086,-97.44,-1.1599999999999246,False,0.11028781315288726,10,39715.160000006035,"C (partida 0,10 / 2R)"
MGC,london,2024-04-22,C,0.1,2.0,1,2024-04-22 09:38:00+01:00,2024-04-22 09:38:00+01:00,2024-04-22 09:57:00+01:00,2374.7,2373.5,2377.1,2373.4,stop,6,1.199999999999818,85.43999999998908,-65.99999999999454,7.4399999999999995,11.999999999989086,-85.43999999998363,-1.1866666666666192,False,0.3437825201171661,9,39617.72000000603,"C (partida 0,10 / 2R)"
MGC,london,2024-04-23,C,0.1,2.0,1,2024-04-23 09:21:00+01:00,2024-04-23 09:21:00+01:00,2024-04-23 09:22:00+01:00,2323.0,2322.0,2325.0,2321.9,stop,8,1.0,97.92,-72.00000000000728,9.92,15.999999999985448,-97.91999999999273,-1.2239999999999092,False,0.35199203741567653,9,39532.28000000605,"C (partida 0,10 / 2R)"
MGC,london,2024-04-24,C,0.1,2.0,-1,2024-04-24 10:12:00+01:00,2024-04-24 10:12:00+01:00,2024-04-24 10:19:00+01:00,2331.5,2332.6,2329.3,2329.3,objetivo,7,1.099999999999909,92.67999999999364,160.9999999999809,8.68,6.9999999999936335,145.31999999998726,1.8872727272727179,False,-0.767971733723743,10,39434.36000000606,"C (partida 0,10 / 2R)"
MGC,london,2024-04-26,C,0.1,2.0,1,2024-04-26 10:04:00+01:00,2024-04-26 10:04:00+01:00,2024-04-26 10:06:00+01:00,2360.9,2359.9,2362.9,2359.8,stop,8,1.0,97.92,-72.00000000000728,9.92,15.999999999985448,-97.91999999999273,-1.2239999999999092,False,0.5038823385970439,10,39579.68000000605,"C (partida 0,10 / 2R)"
MGC,london,2024-04-30,C,0.1,2.0,-1,2024-04-30 09:02:00+01:00,2024-04-30 09:02:00+01:00,2024-04-30 09:05:00+01:00,2327.5,2328.5,2325.5,2328.6,stop,8,1.0,97.92,-72.00000000000728,9.92,15.999999999985448,-97.91999999999273,-1.2239999999999092,False,-1.6193743722328164,9,39481.760000006056,"C (partida 0,10 / 2R)"
MGC,london,2024-05-02,C,0.1,2.0,-1,2024-05-02 09:51:00+01:00,2024-05-02 09:51:00+01:00,2024-05-02 09:55:00+01:00,2314.8,2315.7999999999997,2312.8,2312.8,objetivo,8,0.9999999999995453,97.91999999996362,167.99999999999272,9.92,7.999999999992724,150.08,1.8760000000008532,False,-1.3125466679543065,9,39383.840000006065,"C (partida 0,10 / 2R)"
MGC,london,2024-05-06,C,0.1,2.0,1,2024-05-06 09:27:00+01:00,2024-05-06 09:27:00+01:00,2024-05-06 09:30:00+01:00,2330.5,2329.5,2332.5,2329.4,stop,8,1.0,97.92,-72.00000000000728,9.92,15.999999999985448,-97.91999999999273,-1.2239999999999092,False,0.8246973972046666,9,39533.92000000607,"C (partida 0,10 / 2R)"
MGC,london,2024-05-14,C,0.1,2.0,1,2024-05-14 09:22:00+01:00,2024-05-14 09:22:00+01:00,2024-05-14 09:23:00+01:00,2345.5,2344.5,2347.5,2344.4,stop,8,1.0,97.92,-72.00000000000728,9.92,15.999999999985448,-97.91999999999273,-1.2239999999999092,False,0.4998383956227141,9,39436.000000006075,"C (partida 0,10 / 2R)"
MGC,london,2024-05-16,C,0.1,2.0,1,2024-05-16 09:01:00+01:00,2024-05-16 09:01:00+01:00,2024-05-16 09:13:00+01:00,2394.6,2393.5,2396.8,2393.4,stop,7,1.099999999999909,92.67999999999364,-70.0,8.68,13.999999999987267,-92.67999999998727,-1.203636363636298,False,1.190551808639094,9,39338.080000006084,"C (partida 0,10 / 2R)"
MGC,london,2024-05-17,C,0.1,2.0,-1,2024-05-17 09:09:00+01:00,2024-05-17 09:09:00+01:00,2024-05-17 09:55:00+01:00,2387.4,2388.7999999999997,2384.6,2388.8999999999996,stop,6,1.3999999999996362,97.43999999997818,-77.99999999998363,7.4399999999999995,11.999999999989086,-97.43999999997271,-1.1599999999999766,False,-1.3272713543182753,9,39245.4000000061,"C (partida 0,10 / 2R)"
MGC,london,2024-05-21,C,0.1,2.0,1,2024-05-21 08:56:00+01:00,2024-05-21 08:56:00+01:00,2024-05-21 09:09:00+01:00,2422.9,2421.5,2425.7000000000003,2421.4,stop,6,1.400000000000091,97.44000000000547,-78.00000000001091,7.4399999999999995,11.999999999989086,-97.44,-1.1599999999999246,False,3.8154829537210393,8,39147.960000006125,"C (partida 0,10 / 2R)"
MGC,london,2024-05-23,C,0.1,2.0,-1,2024-05-23 08:31:00+01:00,2024-05-23 08:31:00+01:00,2024-05-23 08:44:00+01:00,2364.3,2365.6,2361.7000000000003,2361.7000000000003,objetivo,6,1.2999999999997272,91.43999999998363,161.9999999999891,7.4399999999999995,5.999999999994543,148.55999999999455,1.9046153846157143,False,-0.7013002066161824,8,39050.52000000612,"C (partida 0,10 / 2R)"
MGC,london,2024-05-23,C,0.1,2.0,1,2024-05-23 10:05:00+01:00,2024-05-23 10:05:00+01:00,2024-05-23 10:16:00+01:00,2362.7,2361.3,2365.5,2365.5,objetivo,6,1.3999999999996362,97.43999999997818,174.00000000000546,7.4399999999999995,5.999999999994543,160.56000000001092,1.911428571429198,False,0.21342564446842738,10,39199.08000000612,"C (partida 0,10 / 2R)"
MGC,london,2024-05-28,C,0.1,2.0,1,2024-05-28 10:26:00+01:00,2024-05-28 10:26:00+01:00,2024-05-28 11:00:00+01:00,2345.2,2344.2000000000003,2347.2000000000003,2344.5,cierre_sesion,8,0.9999999999995453,97.91999999996362,-40.0,9.92,15.999999999985448,-65.91999999998545,-0.8240000000001928,False,0.2435769296683238,10,39359.64000000613,"C (partida 0,10 / 2R)"
MGC,london,2024-06-10,C,0.1,2.0,1,2024-06-10 09:39:00+01:00,2024-06-10 09:39:00+01:00,2024-06-10 09:44:00+01:00,2314.2999999999997,2313.2000000000003,2316.5,2313.1000000000004,stop,7,1.0999999999994543,92.67999999996181,-69.99999999996817,8.68,13.999999999987267,-92.67999999995544,-1.203636363636382,False,0.7289870945594593,9,39293.72000000615,"C (partida 0,10 / 2R)"
MGC,london,2024-06-11,C,0.1,2.0,1,2024-06-11 09:00:00+01:00,2024-06-11 09:00:00+01:00,2024-06-11 09:02:00+01:00,2321.6,2320.6,2323.6,2320.5,stop,8,1.0,97.92,-72.00000000000728,9.92,15.999999999985448,-97.91999999999273,-1.2239999999999092,False,0.43165891011931673,8,39201.04000000619,"C (partida 0,10 / 2R)"
MGC,london,2024-06-11,C,0.1,2.0,1,2024-06-11 10:02:00+01:00,2024-06-11 10:02:00+01:00,2024-06-11 10:07:00+01:00,2323.7,2322.6,2325.9,2322.5,stop,7,1.099999999999909,92.67999999999364,-70.0,8.68,13.999999999987267,-92.67999999998727,-1.203636363636298,False,0.48619539489821445,10,39103.1200000062,"C (partida 0,10 / 2R)"
MGC,london,2024-06-17,C,0.1,2.0,1,2024-06-17 09:44:00+01:00,2024-06-17 09:44:00+01:00,2024-06-17 10:14:00+01:00,2335.2,2334.2000000000003,2337.2000000000003,2337.2000000000003,objetivo,7,0.9999999999995453,85.67999999996817,147.00000000002547,8.68,6.9999999999936335,131.32000000003183,1.8760000000013077,False,1.2267607162437038,9,39010.440000006216,"C (partida 0,10 / 2R)"
MGC,london,2024-06-20,C,0.1,2.0,-1,2024-06-20 10:28:00+01:00,2024-06-20 10:28:00+01:00,2024-06-20 10:34:00+01:00,2345.9,2347.4,2342.9,2347.5,stop,5,1.5,86.19999999999999,-70.00000000000455,6.2,9.999999999990905,-86.19999999999546,-1.1493333333332727,False,-0.8525542867066686,10,39141.760000006245,"C (partida 0,10 / 2R)"
MGC,london,2024-06-26,C,0.1,2.0,-1,2024-06-26 08:37:00+01:00,2024-06-26 08:37:00+01:00,2024-06-26 08:37:00+01:00,2325.8,2327.0,2323.4,2327.1,stop,6,1.199999999999818,85.43999999998908,-65.99999999999454,7.4399999999999995,11.999999999989086,-85.43999999998363,-1.1866666666666192,False,-1.501247058717837,8,39055.56000000625,"C (partida 0,10 / 2R)"
MGC,london,2024-06-28,C,0.1,2.0,1,2024-06-28 09:06:00+01:00,2024-06-28 09:06:00+01:00,2024-06-28 09:07:00+01:00,2338.9,2337.9,2340.9,2337.8,stop,7,1.0,85.68,-63.00000000000637,8.68,13.999999999987267,-85.67999999999364,-1.2239999999999092,False,0.2653963757411759,9,38970.12000000627,"C (partida 0,10 / 2R)"
MGC,london,2024-07-01,C,0.1,2.0,-1,2024-07-01 08:52:00+01:00,2024-07-01 08:52:00+01:00,2024-07-01 08:54:00+01:00,2333.7000000000003,2335.1,2330.9,2335.2,stop,5,1.3999999999996362,81.19999999998183,-64.99999999998636,6.2,9.999999999990905,-81.19999999997727,-1.1599999999999766,False,-0.3349517437852271,8,38884.440000006274,"C (partida 0,10 / 2R)"
MGC,london,2024-07-02,C,0.1,2.0,1,2024-07-02 09:28:00+01:00,2024-07-02 09:28:00+01:00,2024-07-02 09:31:00+01:00,2340.6,2339.0,2343.8,2338.9,stop,5,1.599999999999909,91.19999999999544,-75.0,6.2,9.999999999990905,-91.19999999999091,-1.139999999999951,False,1.8792058155437696,9,38803.2400000063,"C (partida 0,10 / 2R)"
MGC,london,2024-07-02,C,0.1,2.0,1,2024-07-02 09:51:00+01:00,2024-07-02 09:51:00+01:00,2024-07-02 10:21:00+01:00,2340.1,2339.1,2342.1,2339.0,stop,7,1.0,85.68,-63.00000000000637,8.68,13.999999999987267,-85.67999999999364,-1.2239999999999092,False,1.0286626704722912,9,38712.04000000631,"C (partida 0,10 / 2R)"
MGC,london,2024-07-05,C,0.1,2.0,1,2024-07-05 09:04:00+01:00,2024-07-05 09:04:00+01:00,2024-07-05 09:54:00+01:00,2374.6,2373.5,2376.8,2373.4,stop,7,1.099999999999909,92.67999999999364,-70.0,8.68,13.999999999987267,-92.67999999998727,-1.203636363636298,False,2.438383145785736,9,38626.360000006316,"C (partida 0,10 / 2R)"
MGC,london,2024-07-11,C,0.1,2.0,-1,2024-07-11 08:42:00+01:00,2024-07-11 08:42:00+01:00,2024-07-11 09:01:00+01:00,2384.8,2385.7999999999997,2382.8,2385.8999999999996,stop,7,0.9999999999995453,85.67999999996817,-62.999999999974534,8.68,13.999999999987267,-85.67999999996181,-1.224000000000011,False,-0.8107580598944826,8,38533.68000000633,"C (partida 0,10 / 2R)"
MGC,london,2024-07-11,C,0.1,2.0,1,2024-07-11 10:02:00+01:00,2024-07-11 10:02:00+01:00,2024-07-11 11:00:00+01:00,2388.2,2387.0,2390.6,2389.4,cierre_sesion,6,1.199999999999818,85.43999999998908,84.00000000000546,7.4399999999999995,11.999999999989086,64.56000000001637,0.89666666666703,False,0.1266641426048334,10,38448.00000000637,"C (partida 0,10 / 2R)"
MGC,london,2024-07-12,C,0.1,2.0,1,2024-07-12 09:53:00+01:00,2024-07-12 09:53:00+01:00,2024-07-12 10:22:00+01:00,2412.2999999999997,2411.3,2414.3,2411.2000000000003,stop,7,0.9999999999995453,85.67999999996817,-62.999999999974534,8.68,13.999999999987267,-85.67999999996181,-1.224000000000011,False,0.9058233071182843,9,38512.560000006386,"C (partida 0,10 / 2R)"
MGC,london,2024-07-22,C,0.1,2.0,1,2024-07-22 09:25:00+01:00,2024-07-22 09:25:00+01:00,2024-07-22 09:45:00+01:00,2404.7,2403.7000000000003,2406.7000000000003,2403.6000000000004,stop,7,0.9999999999995453,85.67999999996817,-62.999999999974534,8.68,13.999999999987267,-85.67999999996181,-1.224000000000011,False,0.15414470978177752,9,38426.88000000642,"C (partida 0,10 / 2R)"
MGC,london,2024-07-24,C,0.1,2.0,-1,2024-07-24 09:11:00+01:00,2024-07-24 09:11:00+01:00,2024-07-24 09:22:00+01:00,2413.7000000000003,2414.7,2411.7000000000003,2414.7999999999997,stop,7,0.9999999999995453,85.67999999996817,-62.999999999974534,8.68,13.999999999987267,-85.67999999996181,-1.224000000000011,False,-2.3044602564108967,9,38341.20000000646,"C (partida 0,10 / 2R)"
MGC,london,2024-07-25,C,0.1,2.0,1,2024-07-25 09:01:00+01:00,2024-07-25 09:01:00+01:00,2024-07-25 09:17:00+01:00,2374.6,2373.2000000000003,2377.4,2373.1000000000004,stop,5,1.3999999999996362,81.19999999998183,-64.99999999998636,6.2,9.999999999990905,-81.19999999997727,-1.1599999999999766,False,2.2604908986240204,9,38255.520000006494,"C (partida 0,10 / 2R)"
MGC,london,2024-07-26,C,0.1,2.0,1,2024-07-26 09:26:00+01:00,2024-07-26 09:26:00+01:00,2024-07-26 09:30:00+01:00,2370.9,2369.9,2372.9,2369.8,stop,7,1.0,85.68,-63.00000000000637,8.68,13.999999999987267,-85.67999999999364,-1.2239999999999092,False,1.2360022554215515,9,38174.32000000652,"C (partida 0,10 / 2R)"
MGC,london,2024-07-29,C,0.1,2.0,1,2024-07-29 10:30:00+01:00,2024-07-29 10:30:00+01:00,2024-07-29 10:33:00+01:00,2391.2,2389.8,2394.0,2389.7000000000003,stop,5,1.3999999999996362,81.19999999998183,-64.99999999998636,6.2,9.999999999990905,-81.19999999997727,-1.1599999999999766,False,0.2899081488187536,10,38088.640000006526,"C (partida 0,10 / 2R)"
MGC,london,2024-08-01,C,0.1,2.0,-1,2024-08-01 08:31:00+01:00,2024-08-01 08:31:00+01:00,2024-08-01 08:50:00+01:00,2487.3,2488.4,2485.1000000000004,2485.1000000000004,objetivo,7,1.099999999999909,92.67999999999364,160.9999999999809,8.68,6.9999999999936335,145.31999999998726,1.8872727272727179,False,-1.1835514910277722,8,38007.44000000655,"C (partida 0,10 / 2R)"
MGC,london,2024-08-01,C,0.1,2.0,-1,2024-08-01 10:27:00+01:00,2024-08-01 10:27:00+01:00,2024-08-01 10:31:00+01:00,2477.4,2478.6,2475.0,2478.7,stop,6,1.199999999999818,85.43999999998908,-65.99999999999454,7.4399999999999995,11.999999999989086,-85.43999999998363,-1.1866666666666192,False,-1.2804328497135435,10,38152.760000006536,"C (partida 0,10 / 2R)"
MGC,london,2024-08-02,C,0.1,2.0,-1,2024-08-02 08:44:00+01:00,2024-08-02 08:44:00+01:00,2024-08-02 08:45:00+01:00,2506.2000000000003,2507.2,2504.2000000000003,2507.2999999999997,stop,7,0.9999999999995453,85.67999999996817,-62.999999999974534,8.68,13.999999999987267,-85.67999999996181,-1.224000000000011,False,-1.285283715955957,8,38067.320000006555,"C (partida 0,10 / 2R)"
MGC,london,2024-08-05,C,0.1,2.0,-1,2024-08-05 10:30:00+01:00,2024-08-05 10:30:00+01:00,2024-08-05 10:32:00+01:00,2462.6,2464.2,2459.4,2464.2999999999997,stop,5,1.599999999999909,91.19999999999544,-75.0,6.2,9.999999999990905,-91.19999999999091,-1.139999999999951,False,-1.3834251261752069,10,37981.64000000659,"C (partida 0,10 / 2R)"
MGC,london,2024-08-08,C,0.1,2.0,-1,2024-08-08 08:52:00+01:00,2024-08-08 08:52:00+01:00,2024-08-08 08:59:00+01:00,2434.5,2435.6,2432.3,2435.7,stop,7,1.099999999999909,92.67999999999364,-70.0,8.68,13.999999999987267,-92.67999999998727,-1.203636363636298,False,-0.8154803916564329,8,37890.4400000066,"C (partida 0,10 / 2R)"
MGC,london,2024-08-09,C,0.1,2.0,1,2024-08-09 08:49:00+01:00,2024-08-09 08:49:00+01:00,2024-08-09 08:59:00+01:00,2464.2999999999997,2462.8,2467.3,2462.7000000000003,stop,5,1.4999999999995453,86.19999999997725,-69.99999999998181,6.2,9.999999999990905,-86.19999999997272,-1.149333333333318,False,2.4512064747458657,8,37797.760000006616,"C (partida 0,10 / 2R)"
MGC,london,2024-08-09,C,0.1,2.0,1,2024-08-09 09:05:00+01:00,2024-08-09 09:05:00+01:00,2024-08-09 09:19:00+01:00,2464.9,2463.4,2467.9,2463.3,stop,5,1.5,86.19999999999999,-70.00000000000455,6.2,9.999999999990905,-86.19999999999546,-1.1493333333332727,False,1.4527861004178881,9,37711.56000000664,"C (partida 0,10 / 2R)"
MGC,london,2024-08-12,C,0.1,2.0,1,2024-08-12 09:48:00+01:00,2024-08-12 09:48:00+01:00,2024-08-12 10:06:00+01:00,2480.9,2479.6,2483.5,2483.5,objetivo,6,1.300000000000182,91.44000000001091,161.9999999999891,7.4399999999999995,5.999999999994543,148.55999999999455,1.9046153846150482,False,0.679179031205243,9,37625.36000000664,"C (partida 0,10 / 2R)"
MGC,london,2024-08-14,C,0.1,2.0,1,2024-08-14 09:30:00+01:00,2024-08-14 09:30:00+01:00,2024-08-14 09:38:00+01:00,2509.5,2508.2000000000003,2512.1000000000004,2512.1000000000004,objetivo,6,1.2999999999997272,91.43999999998363,162.00000000001637,7.4399999999999995,5.999999999994543,148.56000000002183,1.9046153846160643,False,0.5923122334945812,9,37773.92000000664,"C (partida 0,10 / 2R)"
MGC,london,2024-08-26,C,0.1,2.0,1,2024-08-26 09:43:00+01:00,2024-08-26 09:43:00+01:00,2024-08-26 10:09:00+01:00,2560.2,2559.2000000000003,2562.2000000000003,2559.1000000000004,stop,7,0.9999999999995453,85.67999999996817,-62.999999999974534,8.68,13.999999999987267,-85.67999999996181,-1.224000000000011,False,1.2185708639703667,9,37922.48000000666,"C (partida 0,10 / 2R)"
MGC,london,2024-08-28,C,0.1,2.0,1,2024-08-28 08:32:00+01:00,2024-08-28 08:32:00+01:00,2024-08-28 08:42:00+01:00,2545.5,2544.0,2548.5,2543.9,stop,5,1.5,86.19999999999999,-70.00000000000455,6.2,9.999999999990905,-86.19999999999546,-1.1493333333332727,False,0.66247466951465,8,37836.8000000067,"C (partida 0,10 / 2R)"
MGC,london,2024-08-30,C,0.1,2.0,1,2024-08-30 10:33:00+01:00,2024-08-30 10:33:00+01:00,2024-08-30 10:52:00+01:00,2558.6,2557.4,2561.0,2557.3,stop,6,1.199999999999818,85.43999999998908,-65.99999999999454,7.4399999999999995,11.999999999989086,-85.43999999998363,-1.1866666666666192,False,0.8045824218102358,10,37750.6000000067,"C (partida 0,10 / 2R)"
MGC,london,2024-09-05,C,0.1,2.0,1,2024-09-05 09:02:00+01:00,2024-09-05 09:02:00+01:00,2024-09-05 09:03:00+01:00,2537.7999999999997,2536.6,2540.2000000000003,2536.5,stop,6,1.199999999999818,85.43999999998908,-65.99999999999454,7.4399999999999995,11.999999999989086,-85.43999999998363,-1.1866666666666192,False,0.707285443982764,9,37665.16000000672,"C (partida 0,10 / 2R)"
MGC,london,2024-09-13,C,0.1,2.0,1,2024-09-13 10:24:00+01:00,2024-09-13 10:24:00+01:00,2024-09-13 10:55:00+01:00,2598.7,2597.4,2601.3,2597.3,stop,6,1.2999999999997272,91.43999999998363,-71.99999999998909,7.4399999999999995,11.999999999989086,-91.43999999997817,-1.1723076923076585,False,0.42121696798161457,10,37579.72000000674,"C (partida 0,10 / 2R)"
MGC,london,2024-09-17,C,0.1,2.0,-1,2024-09-17 08:39:00+01:00,2024-09-17 08:39:00+01:00,2024-09-17 08:41:00+01:00,2610.9,2612.0,2608.7000000000003,2612.1,stop,7,1.099999999999909,92.67999999999364,-70.0,8.68,13.999999999987267,-92.67999999998727,-1.203636363636298,False,-0.915221257962669,8,37488.28000000676,"C (partida 0,10 / 2R)"
MGC,london,2024-09-18,C,0.1,2.0,-1,2024-09-18 08:49:00+01:00,2024-09-18 08:49:00+01:00,2024-09-18 08:50:00+01:00,2595.4,2596.4,2593.4,2596.5,stop,7,1.0,85.68,-63.00000000000637,8.68,13.999999999987267,-85.67999999999364,-1.2239999999999092,False,-0.24615134011929715,8,37395.60000000677,"C (partida 0,10 / 2R)"
MGC,london,2024-09-20,C,0.1,2.0,-1,2024-09-20 09:11:00+01:00,2024-09-20 09:11:00+01:00,2024-09-20 09:13:00+01:00,2630.9,2632.4,2627.9,2632.5,stop,5,1.5,86.19999999999999,-70.00000000000455,6.2,9.999999999990905,-86.19999999999546,-1.1493333333332727,False,-0.40231569671274503,9,37309.92000000678,"C (partida 0,10 / 2R)"
MGC,london,2024-09-27,C,0.1,2.0,-1,2024-09-27 09:53:00+01:00,2024-09-27 09:53:00+01:00,2024-09-27 10:18:00+01:00,2684.8,2686.1,2682.2000000000003,2682.2,objetivo_hueco,6,1.2999999999997272,91.43999999998363,162.00000000001637,7.4399999999999995,5.999999999994543,148.56000000002183,1.9046153846160643,False,-0.4690860576296458,9,37223.72000000678,"C (partida 0,10 / 2R)"
MGC,london,2024-09-30,C,0.1,2.0,-1,2024-09-30 10:30:00+01:00,2024-09-30 10:30:00+01:00,2024-09-30 10:34:00+01:00,2671.9,2673.0,2669.7000000000003,2673.1,stop,7,1.099999999999909,92.67999999999364,-70.0,8.68,13.999999999987267,-92.67999999998727,-1.203636363636298,False,-1.3371860301626195,10,37372.2800000068,"C (partida 0,10 / 2R)"
MGC,london,2024-09-30,C,0.1,2.0,-1,2024-09-30 10:39:00+01:00,2024-09-30 10:39:00+01:00,2024-09-30 11:00:00+01:00,2671.4,2672.6,2669.0,2671.5,cierre_sesion,6,1.199999999999818,85.43999999998908,5.999999999994543,7.4399999999999995,11.999999999989086,-13.439999999994543,-0.18666666666661916,False,-1.1336337689792735,10,37279.600000006816,"C (partida 0,10 / 2R)"
MGC,london,2024-10-03,C,0.1,2.0,-1,2024-10-03 10:02:00+01:00,2024-10-03 10:02:00+01:00,2024-10-03 10:33:00+01:00,2663.5,2665.1,2660.3,2665.2,stop,5,1.599999999999909,91.19999999999544,-75.0,6.2,9.999999999990905,-91.19999999999091,-1.139999999999951,False,-0.6315838679516675,10,37266.16000000682,"C (partida 0,10 / 2R)"
MGC,london,2024-10-07,C,0.1,2.0,1,2024-10-07 09:31:00+01:00,2024-10-07 09:31:00+01:00,2024-10-07 09:40:00+01:00,2673.5,2672.5,2675.5,2672.4,stop,7,1.0,85.68,-63.00000000000637,8.68,13.999999999987267,-85.67999999999364,-1.2239999999999092,False,3.0645053764059873,9,37174.96000000683,"C (partida 0,10 / 2R)"
MGC,london,2024-10-09,C,0.1,2.0,1,2024-10-09 09:58:00+01:00,2024-10-09 09:58:00+01:00,2024-10-09 10:45:00+01:00,2634.7999999999997,2633.6,2637.2000000000003,2633.5,stop,6,1.199999999999818,85.43999999998908,-65.99999999999454,7.4399999999999995,11.999999999989086,-85.43999999998363,-1.1866666666666192,False,1.1997388575213166,9,37089.28000000684,"C (partida 0,10 / 2R)"
MGC,london,2024-10-11,C,0.1,2.0,-1,2024-10-11 10:16:00+01:00,2024-10-11 10:16:00+01:00,2024-10-11 10:20:00+01:00,2657.1,2658.2,2654.9,2654.9,objetivo,6,1.099999999999909,79.43999999999454,137.99999999998363,7.4399999999999995,5.999999999994543,124.55999999998909,1.8872727272727179,False,-0.5413174009853068,10,37003.84000000686,"C (partida 0,10 / 2R)"
MGC,london,2024-10-14,C,0.1,2.0,-1,2024-10-14 09:46:00+01:00,2024-10-14 09:46:00+01:00,2024-10-14 09:54:00+01:00,2676.2000000000003,2677.2,2674.2000000000003,2677.2999999999997,stop,7,0.9999999999995453,85.67999999996817,-62.999999999974534,8.68,13.999999999987267,-85.67999999996181,-1.224000000000011,False,-0.8432096368013926,9,37128.40000000685,"C (partida 0,10 / 2R)"
MGC,london,2024-10-14,C,0.1,2.0,-1,2024-10-14 10:02:00+01:00,2024-10-14 10:02:00+01:00,2024-10-14 10:05:00+01:00,2676.4,2677.4,2674.4,2677.5,stop,7,1.0,85.68,-63.00000000000637,8.68,13.999999999987267,-85.67999999999364,-1.2239999999999092,False,-0.6235441412625845,10,37042.720000006884,"C (partida 0,10 / 2R)"
MGC,london,2024-10-15,C,0.1,2.0,1,2024-10-15 09:08:00+01:00,2024-10-15 09:08:00+01:00,2024-10-15 11:00:00+01:00,2669.4,2667.2000000000003,2673.8,2670.2000000000003,cierre_sesion,3,2.199999999999818,72.71999999999454,30.0,3.7199999999999998,5.999999999994543,20.280000000005458,0.3072727272728354,False,0.3915896861470203,9,36957.04000000689,"C (partida 0,10 / 2R)"
MGC,london,2024-10-16,C,0.1,2.0,-1,2024-10-16 08:40:00+01:00,2024-10-16 08:40:00+01:00,2024-10-16 08:46:00+01:00,2690.9,2692.2,2688.3,2692.2999999999997,stop,6,1.2999999999997272,91.43999999998363,-71.99999999998909,7.4399999999999995,11.999999999989086,-91.43999999997817,-1.1723076923076585,False,-1.2332617122144223,8,36977.3200000069,"C (partida 0,10 / 2R)"
MGC,london,2024-10-22,C,0.1,2.0,-1,2024-10-22 09:14:00+01:00,2024-10-22 09:14:00+01:00,2024-10-22 09:15:00+01:00,2747.2000000000003,2748.2,2745.2000000000003,2748.2999999999997,stop,7,0.9999999999995453,85.67999999996817,-62.999999999974534,8.68,13.999999999987267,-85.67999999996181,-1.224000000000011,False,-0.7247721325914288,9,36885.88000000692,"C (partida 0,10 / 2R)"
MGC,london,2024-10-24,C,0.1,2.0,1,2024-10-24 08:38:00+01:00,2024-10-24 08:38:00+01:00,2024-10-24 08:42:00+01:00,2748.9,2747.7000000000003,2751.3,2747.6000000000004,stop,6,1.199999999999818,85.43999999998908,-65.99999999999454,7.4399999999999995,11.999999999989086,-85.43999999998363,-1.1866666666666192,False,0.9149892387813341,8,36800.20000000695,"C (partida 0,10 / 2R)"
MGC,london,2024-10-24,C,0.1,2.0,1,2024-10-24 10:32:00+01:00,2024-10-24 10:32:00+01:00,2024-10-24 10:34:00+01:00,2751.6,2750.6,2753.6000000000004,2750.5,stop,7,1.0,85.68,-63.00000000000637,8.68,13.999999999987267,-85.67999999999364,-1.2239999999999092,False,0.724238557204529,10,36714.76000000697,"C (partida 0,10 / 2R)"
MGC,london,2024-10-28,C,0.1,2.0,-1,2024-10-28 09:51:00+00:00,2024-10-28 09:51:00+00:00,2024-10-28 10:26:00+00:00,2742.1,2743.7999999999997,2738.7000000000003,2743.8999999999996,stop,4,1.699999999999818,76.95999999999272,-63.99999999999636,4.96,7.999999999992724,-76.95999999998908,-1.1317647058823135,False,-1.6904470415399135,9,36629.08000000698,"C (partida 0,10 / 2R)"
MGC,london,2024-10-30,C,0.1,2.0,-1,2024-10-30 09:23:00+00:00,2024-10-30 09:23:00+00:00,2024-10-30 09:33:00+00:00,2793.3,2794.5,2790.9,2794.6,stop,6,1.199999999999818,85.43999999998908,-65.99999999999454,7.4399999999999995,11.999999999989086,-85.43999999998363,-1.1866666666666192,False,-0.3596675620535133,9,36552.12000000699,"C (partida 0,10 / 2R)"
MGC,london,2024-11-01,C,0.1,2.0,1,2024-11-01 09:08:00+00:00,2024-11-01 09:08:00+00:00,2024-11-01 09:17:00+00:00,2764.4,2763.2000000000003,2766.8,2763.1000000000004,stop,6,1.199999999999818,85.43999999998908,-65.99999999999454,7.4399999999999995,11.999999999989086,-85.43999999998363,-1.1866666666666192,False,0.7250507459083825,9,36466.68000000701,"C (partida 0,10 / 2R)"
MGC,london,2024-11-04,C,0.1,2.0,1,2024-11-04 08:34:00+00:00,2024-11-04 08:34:00+00:00,2024-11-04 08:47:00+00:00,2746.2,2745.1,2748.4,2745.0,stop,6,1.099999999999909,79.43999999999454,-60.0,7.4399999999999995,11.999999999989086,-79.43999999998908,-1.2036363636362977,False,0.8147542205173797,8,36381.24000000703,"C (partida 0,10 / 2R)"
MGC,london,2024-11-06,C,0.1,2.0,-1,2024-11-06 09:20:00+00:00,2024-11-06 09:20:00+00:00,2024-11-06 09:41:00+00:00,2731.1,2733.2999999999997,2726.7000000000003,2726.7000000000003,objetivo,3,2.199999999999818,72.71999999999454,134.99999999998636,3.7199999999999998,2.9999999999972715,128.2799999999891,1.943636363636359,False,-0.9519989688202182,9,36301.80000000704,"C (partida 0,10 / 2R)"
MGC,london,2024-11-08,C,0.1,2.0,1,2024-11-08 08:52:00+00:00,2024-11-08 08:52:00+00:00,2024-11-08 08:53:00+00:00,2696.7,2695.1,2699.9,2695.0,stop_hueco,4,1.599999999999909,72.95999999999636,-60.0,4.96,7.999999999992724,-72.95999999999272,-1.139999999999951,False,1.604326383329856,8,36430.08000000703,"C (partida 0,10 / 2R)"
MGC,london,2024-11-08,C,0.1,2.0,1,2024-11-08 08:55:00+00:00,2024-11-08 08:55:00+00:00,2024-11-08 09:14:00+00:00,2696.0,2695.0,2698.0,2698.0,objetivo,7,1.0,85.68,146.99999999999363,8.68,6.9999999999936335,131.32,1.876,False,1.5729857186222445,8,36357.12000000704,"C (partida 0,10 / 2R)"
MGC,london,2024-11-11,C,0.1,2.0,-1,2024-11-11 09:52:00+00:00,2024-11-11 09:52:00+00:00,2024-11-11 09:57:00+00:00,2671.6,2673.4,2668.0,2673.5,stop,4,1.800000000000182,80.96000000000727,-68.00000000001091,4.96,7.999999999992724,-80.96000000000363,-1.1244444444443813,False,-0.9162931151723874,9,36488.44000000704,"C (partida 0,10 / 2R)"
MGC,london,2024-11-12,C,0.1,2.0,-1,2024-11-12 09:00:00+00:00,2024-11-12 09:00:00+00:00,2024-11-12 09:06:00+00:00,2606.4,2607.9,2603.4,2603.4,objetivo,5,1.5,86.19999999999999,154.99999999999545,6.2,4.9999999999954525,143.8,1.9173333333333336,False,-0.6155656381554898,8,36407.48000000703,"C (partida 0,10 / 2R)"
MGC,london,2024-11-12,C,0.1,2.0,-1,2024-11-12 09:59:00+00:00,2024-11-12 09:59:00+00:00,2024-11-12 10:11:00+00:00,2598.8,2600.0,2596.4,2600.1,stop,6,1.199999999999818,85.43999999998908,-65.99999999999454,7.4399999999999995,11.999999999989086,-85.43999999998363,-1.1866666666666192,False,-0.736351040470816,9,36551.280000007035,"C (partida 0,10 / 2R)"
MGC,london,2024-11-13,C,0.1,2.0,1,2024-11-13 09:01:00+00:00,2024-11-13 09:01:00+00:00,2024-11-13 10:01:00+00:00,2614.7,2613.1,2617.9,2613.0,stop,4,1.599999999999909,72.95999999999636,-60.0,4.96,7.999999999992724,-72.95999999999272,-1.139999999999951,False,1.9209691178579837,9,36465.840000007054,"C (partida 0,10 / 2R)"
MGC,london,2024-11-14,C,0.1,2.0,-1,2024-11-14 09:07:00+00:00,2024-11-14 09:07:00+00:00,2024-11-14 09:18:00+00:00,2560.4,2562.2999999999997,2556.6000000000004,2556.6000000000004,objetivo,4,1.8999999999996362,84.95999999998544,155.99999999998545,4.96,3.999999999996362,147.03999999998908,1.9347368421054898,False,-0.3093063438424891,9,36392.88000000706,"C (partida 0,10 / 2R)"
MGC,london,2024-11-19,C,0.1,2.0,1,2024-11-19 10:28:00+00:00,2024-11-19 10:28:00+00:00,2024-11-19 10:33:00+00:00,2638.2999999999997,2637.1,2640.7000000000003,2637.0,stop,6,1.199999999999818,85.43999999998908,-65.99999999999454,7.4399999999999995,11.999999999989086,-85.43999999998363,-1.1866666666666192,False,0.9419090512080875,10,36539.92000000705,"C (partida 0,10 / 2R)"
MGC,london,2024-11-20,C,0.1,2.0,1,2024-11-20 08:46:00+00:00,2024-11-20 08:46:00+00:00,2024-11-20 09:29:00+00:00,2626.5,2624.9,2629.7000000000003,2624.8,stop,4,1.599999999999909,72.95999999999636,-60.0,4.96,7.999999999992724,-72.95999999999272,-1.139999999999951,False,0.563110723429356,8,36454.48000000707,"C (partida 0,10 / 2R)"
MGC,london,2024-11-21,C,0.1,2.0,1,2024-11-21 09:01:00+00:00,2024-11-21 09:01:00+00:00,2024-11-21 09:14:00+00:00,2672.2999999999997,2671.0,2674.9,2670.9,stop,5,1.2999999999997272,76.19999999998636,-59.999999999990905,6.2,9.999999999990905,-76.19999999998181,-1.1723076923076585,False,1.8076629258212829,9,36381.520000007076,"C (partida 0,10 / 2R)"
MGC,london,2024-11-22,C,0.1,2.0,1,2024-11-22 08:35:00+00:00,2024-11-22 08:35:00+00:00,2024-11-22 08:36:00+00:00,2701.2,2700.0,2703.6000000000004,2699.9,stop,6,1.199999999999818,85.43999999998908,-65.99999999999454,7.4399999999999995,11.999999999989086,-85.43999999998363,-1.1866666666666192,False,0.8247639351843143,8,36305.320000007094,"C (partida 0,10 / 2R)"
MGC,london,2024-11-27,C,0.1,2.0,-1,2024-11-27 08:38:00+00:00,2024-11-27 08:38:00+00:00,2024-11-27 08:41:00+00:00,2646.5,2648.1,2643.3,2648.2,stop,4,1.599999999999909,72.95999999999636,-60.0,4.96,7.999999999992724,-72.95999999999272,-1.139999999999951,False,-0.3198972582793232,8,36219.88000000711,"C (partida 0,10 / 2R)"
MGC,london,2024-11-27,C,0.1,2.0,1,2024-11-27 09:37:00+00:00,2024-11-27 09:37:00+00:00,2024-11-27 09:38:00+00:00,2650.9,2649.7000000000003,2653.3,2649.6000000000004,stop,6,1.199999999999818,85.43999999998908,-65.99999999999454,7.4399999999999995,11.999999999989086,-85.43999999998363,-1.1866666666666192,False,0.2786234796643762,9,36146.92000000712,"C (partida 0,10 / 2R)"
MGC,london,2024-12-03,C,0.1,2.0,1,2024-12-03 09:44:00+00:00,2024-12-03 09:44:00+00:00,2024-12-03 09:44:00+00:00,2669.7,2668.4,2672.3,2668.3,stop,5,1.2999999999997272,76.19999999998636,-59.999999999990905,6.2,9.999999999990905,-76.19999999998181,-1.1723076923076585,False,0.8980672470775191,9,36061.48000000714,"C (partida 0,10 / 2R)"
MGC,london,2024-12-04,C,0.1,2.0,1,2024-12-04 10:23:00+00:00,2024-12-04 10:23:00+00:00,2024-12-04 10:43:00+00:00,2663.6,2662.6,2665.6000000000004,2662.5,stop,7,1.0,85.68,-63.00000000000637,8.68,13.999999999987267,-85.67999999999364,-1.2239999999999092,False,0.26530613814772014,10,35985.28000000716,"C (partida 0,10 / 2R)"
MGC,london,2024-12-05,C,0.1,2.0,-1,2024-12-05 09:13:00+00:00,2024-12-05 09:13:00+00:00,2024-12-05 09:39:00+00:00,2667.5,2669.0,2664.5,2669.1,stop,5,1.5,86.19999999999999,-70.00000000000455,6.2,9.999999999990905,-86.19999999999546,-1.1493333333332727,False,-1.1515473458697374,9,35899.600000007165,"C (partida 0,10 / 2R)"
MGC,london,2024-12-10,C,0.1,2.0,1,2024-12-10 09:45:00+00:00,2024-12-10 09:45:00+00:00,2024-12-10 09:48:00+00:00,2688.0,2686.6,2690.8,2686.5,stop,5,1.400000000000091,81.20000000000456,-65.0000000000091,6.2,9.999999999990905,-81.2,-1.1599999999999246,False,0.19065600524399992,9,35813.40000000717,"C (partida 0,10 / 2R)"
MGC,london,2024-12-12,C,0.1,2.0,1,2024-12-12 08:57:00+00:00,2024-12-12 08:57:00+00:00,2024-12-12 09:05:00+00:00,2753.7999999999997,2752.5,2756.4,2752.4,stop,5,1.2999999999997272,76.19999999998636,-59.999999999990905,6.2,9.999999999990905,-76.19999999998181,-1.1723076923076585,False,0.3757428790816287,8,35732.20000000717,"C (partida 0,10 / 2R)"
MGC,london,2024-12-17,C,0.1,2.0,-1,2024-12-17 10:07:00+00:00,2024-12-17 10:07:00+00:00,2024-12-17 10:18:00+00:00,2654.6,2656.0,2651.8,2656.1,stop,5,1.400000000000091,81.20000000000456,-65.0000000000091,6.2,9.999999999990905,-81.2,-1.1599999999999246,False,-1.2186436253064656,10,35656.00000000719,"C (partida 0,10 / 2R)"
MGC,london,2024-12-17,C,0.1,2.0,-1,2024-12-17 10:43:00+00:00,2024-12-17 10:43:00+00:00,2024-12-17 10:49:00+00:00,2655.5,2656.6,2653.3,2653.3,objetivo,6,1.099999999999909,79.43999999999454,137.99999999998363,7.4399999999999995,5.999999999994543,124.55999999998909,1.8872727272727179,False,-0.41763031205485424,10,35574.80000000719,"C (partida 0,10 / 2R)"
MGC,london,2024-12-19,C,0.1,2.0,1,2024-12-19 09:32:00+00:00,2024-12-19 09:32:00+00:00,2024-12-19 09:33:00+00:00,2634.7999999999997,2633.8,2636.8,2633.7000000000003,stop,7,0.9999999999995453,85.67999999996817,-62.999999999974534,8.68,13.999999999987267,-85.67999999996181,-1.224000000000011,False,1.2514305638921783,9,35699.36000000718,"C (partida 0,10 / 2R)"
MGC,london,2024-12-20,C,0.1,2.0,1,2024-12-20 08:51:00+00:00,2024-12-20 08:51:00+00:00,2024-12-20 08:55:00+00:00,2621.2999999999997,2620.1,2623.7000000000003,2620.0,stop,6,1.199999999999818,85.43999999998908,-65.99999999999454,7.4399999999999995,11.999999999989086,-85.43999999998363,-1.1866666666666192,False,0.4063741271057738,8,35613.68000000722,"C (partida 0,10 / 2R)"
MGC,london,2024-12-20,C,0.1,2.0,-1,2024-12-20 09:24:00+00:00,2024-12-20 09:24:00+00:00,2024-12-20 09:35:00+00:00,2619.6,2620.7999999999997,2617.2000000000003,2617.2000000000003,objetivo,6,1.199999999999818,85.43999999998908,149.99999999997272,7.4399999999999995,5.999999999994543,136.55999999997817,1.896666666666651,False,-0.14115021609181386,9,35528.24000000724,"C (partida 0,10 / 2R)"
MGC,london,2024-12-24,C,0.1,2.0,-1,2024-12-24 10:32:00+00:00,2024-12-24 10:32:00+00:00,2024-12-24 10:47:00+00:00,2629.4,2630.6,2627.0,2630.7,stop,6,1.199999999999818,85.43999999998908,-65.99999999999454,7.4399999999999995,11.999999999989086,-85.43999999998363,-1.1866666666666192,False,-0.3159320511362208,10,35664.80000000721,"C (partida 0,10 / 2R)"
MGC,london,2024-12-27,C,0.1,2.0,-1,2024-12-27 09:32:00+00:00,2024-12-27 09:32:00+00:00,2024-12-27 10:16:00+00:00,2640.2000000000003,2641.2,2638.2000000000003,2641.2999999999997,stop,7,0.9999999999995453,85.67999999996817,-62.999999999974534,8.68,13.999999999987267,-85.67999999996181,-1.224000000000011,False,-1.076872474035799,9,35579.36000000723,"C (partida 0,10 / 2R)"
MGC,london,2025-01-03,C,0.1,2.0,1,2025-01-03 10:04:00+00:00,2025-01-03 10:04:00+00:00,2025-01-03 10:31:00+00:00,2670.0,2668.9,2672.2000000000003,2668.8,stop,6,1.099999999999909,79.43999999999454,-60.0,7.4399999999999995,11.999999999989086,-79.43999999998908,-1.2036363636362977,False,0.14003529681550927,10,35493.68000000727,"C (partida 0,10 / 2R)"
MGC,london,2025-01-07,C,0.1,2.0,1,2025-01-07 10:31:00+00:00,2025-01-07 10:31:00+00:00,2025-01-07 11:00:00+00:00,2655.4,2654.2000000000003,2657.8,2655.3,cierre_sesion,6,1.199999999999818,85.43999999998908,5.999999999994543,7.4399999999999995,11.999999999989086,-13.439999999994543,-0.18666666666661916,False,0.12707447560725854,10,35414.24000000728,"C (partida 0,10 / 2R)"
MGC,london,2025-01-10,C,0.1,2.0,1,2025-01-10 09:21:00+00:00,2025-01-10 09:21:00+00:00,2025-01-10 09:25:00+00:00,2706.1,2705.0,2708.3,2708.3,objetivo,6,1.099999999999909,79.43999999999454,138.0000000000109,7.4399999999999995,5.999999999994543,124.56000000001637,1.8872727272731313,False,0.23022137912632312,9,35400.800000007286,"C (partida 0,10 / 2R)"
MGC,london,2025-01-14,C,0.1,2.0,-1,2025-01-14 10:11:00+00:00,2025-01-14 10:11:00+00:00,2025-01-14 10:21:00+00:00,2680.8,2681.9,2678.6000000000004,2678.6000000000004,objetivo,6,1.099999999999909,79.43999999999454,137.99999999998363,7.4399999999999995,5.999999999994543,124.55999999998909,1.8872727272727179,False,-1.4135739983327908,10,35525.360000007306,"C (partida 0,10 / 2R)"
MGC,london,2025-01-20,C,0.1,2.0,1,2025-01-20 08:38:00+00:00,2025-01-20 08:38:00+00:00,2025-01-20 09:16:00+00:00,2749.5,2747.7000000000003,2753.1000000000004,2747.6000000000004,stop,4,1.7999999999997272,80.95999999998908,-67.99999999999272,4.96,7.999999999992724,-80.95999999998544,-1.1244444444444126,False,0.425110366785078,8,35649.920000007296,"C (partida 0,10 / 2R)"
MGC,london,2025-01-20,C,0.1,2.0,-1,2025-01-20 10:03:00+00:00,2025-01-20 10:03:00+00:00,2025-01-20 10:03:00+00:00,2746.9,2748.1,2744.5,2748.2,stop,6,1.199999999999818,85.43999999998908,-65.99999999999454,7.4399999999999995,11.999999999989086,-85.43999999998363,-1.1866666666666192,False,-0.4290015001165204,10,35568.96000000731,"C (partida 0,10 / 2R)"
MGC,london,2025-01-21,C,0.1,2.0,-1,2025-01-21 09:59:00+00:00,2025-01-21 09:59:00+00:00,2025-01-21 10:02:00+00:00,2731.4,2732.5,2729.2000000000003,2732.6,stop,6,1.099999999999909,79.43999999999454,-60.0,7.4399999999999995,11.999999999989086,-79.43999999998908,-1.2036363636362977,False,-0.36428761583222247,9,35483.52000000733,"C (partida 0,10 / 2R)"
MGC,london,2025-01-21,C,0.1,2.0,-1,2025-01-21 10:08:00+00:00,2025-01-21 10:08:00+00:00,2025-01-21 10:19:00+00:00,2731.6,2733.0,2728.8,2733.1,stop,5,1.400000000000091,81.20000000000456,-65.0000000000091,6.2,9.999999999990905,-81.2,-1.1599999999999246,False,-0.3139874486907574,10,35404.08000000734,"C (partida 0,10 / 2R)"
MGC,london,2025-01-24,C,0.1,2.0,-1,2025-01-24 08:33:00+00:00,2025-01-24 08:33:00+00:00,2025-01-24 08:47:00+00:00,2777.0,2778.7999999999997,2773.4,2778.8999999999996,stop,4,1.7999999999997272,80.95999999998908,-67.99999999999272,4.96,7.999999999992724,-80.95999999998544,-1.1244444444444126,False,-1.3293766328519339,8,35322.880000007346,"C (partida 0,10 / 2R)"
MGC,london,2025-01-24,C,0.1,2.0,-1,2025-01-24 10:21:00+00:00,2025-01-24 10:21:00+00:00,2025-01-24 10:22:00+00:00,2777.9,2778.9,2775.9,2779.0,stop,7,1.0,85.68,-63.00000000000637,8.68,13.999999999987267,-85.67999999999364,-1.2239999999999092,False,-0.12724556024930334,10,35241.92000000736,"C (partida 0,10 / 2R)"
MGC,london,2025-01-27,C,0.1,2.0,1,2025-01-27 09:04:00+00:00,2025-01-27 09:04:00+00:00,2025-01-27 09:11:00+00:00,2764.4,2762.4,2768.4,2768.4,objetivo,3,2.0,66.72,122.99999999999727,3.7199999999999998,2.9999999999972715,116.28,1.938,False,1.0718411497515639,9,35156.24000000737,"C (partida 0,10 / 2R)"
MGC,london,2025-01-27,C,0.1,2.0,1,2025-01-27 09:29:00+00:00,2025-01-27 09:29:00+00:00,2025-01-27 09:34:00+00:00,2767.1,2765.8,2769.7000000000003,2765.7000000000003,stop,5,1.2999999999997272,76.19999999998636,-59.999999999990905,6.2,9.999999999990905,-76.19999999998181,-1.1723076923076585,False,2.1151979299430574,9,35272.52000000737,"C (partida 0,10 / 2R)"
MGC,london,2025-01-29,C,0.1,2.0,1,2025-01-29 08:55:00+00:00,2025-01-29 08:55:00+00:00,2025-01-29 09:00:00+00:00,2773.7,2772.5,2776.1000000000004,2772.4,stop,6,1.199999999999818,85.43999999998908,-65.99999999999454,7.4399999999999995,11.999999999989086,-85.43999999998363,-1.1866666666666192,False,2.8437705004799754,8,35196.320000007385,"C (partida 0,10 / 2R)"
MGC,london,2025-01-29,C,0.1,2.0,-1,2025-01-29 09:56:00+00:00,2025-01-29 09:56:00+00:00,2025-01-29 10:24:00+00:00,2770.6,2772.0,2767.8,2767.8,objetivo,5,1.400000000000091,81.20000000000456,144.9999999999818,6.2,4.9999999999954525,133.79999999998637,1.9114285714282526,False,-0.10931707189063783,9,35110.880000007404,"C (partida 0,10 / 2R)"
MGC,london,2025-02-03,C,0.1,2.0,1,2025-02-03 09:04:00+00:00,2025-02-03 09:04:00+00:00,2025-02-03 09:05:00+00:00,2831.7999999999997,2830.4,2834.6000000000004,2830.3,stop,5,1.3999999999996362,81.19999999998183,-64.99999999998636,6.2,9.999999999990905,-81.19999999997727,-1.1599999999999766,False,1.0063655703550216,9,35244.68000000739,"C (partida 0,10 / 2R)"
MGC,london,2025-02-05,C,0.1,2.0,1,2025-02-05 09:25:00+00:00,2025-02-05 09:25:00+00:00,2025-02-05 09:49:00+00:00,2896.9,2895.4,2899.9,2895.3,stop,5,1.5,86.19999999999999,-70.00000000000455,6.2,9.999999999990905,-86.19999999999546,-1.1493333333332727,False,0.5528454781011127,9,35163.48000000742,"C (partida 0,10 / 2R)"
MGC,london,2025-02-05,C,0.1,2.0,1,2025-02-05 10:02:00+00:00,2025-02-05 10:02:00+00:00,2025-02-05 10:12:00+00:00,2897.0,2895.6,2899.8,2895.5,stop,5,1.400000000000091,81.20000000000456,-65.0000000000091,6.2,9.999999999990905,-81.2,-1.1599999999999246,False,0.9317447022386495,10,35077.28000000742,"C (partida 0,10 / 2R)"
MGC,london,2025-02-07,C,0.1,2.0,1,2025-02-07 09:41:00+00:00,2025-02-07 09:41:00+00:00,2025-02-07 09:56:00+00:00,2893.7,2892.7000000000003,2895.7000000000003,2892.6000000000004,stop,7,0.9999999999995453,85.67999999996817,-62.999999999974534,8.68,13.999999999987267,-85.67999999996181,-1.224000000000011,False,0.5609854757884908,9,34996.08000000742,"C (partida 0,10 / 2R)"
MGC,london,2025-02-11,C,0.1,2.0,-1,2025-02-11 09:31:00+00:00,2025-02-11 09:31:00+00:00,2025-02-11 09:38:00+00:00,2936.1,2937.2,2933.9,2933.9,objetivo,6,1.099999999999909,79.43999999999454,137.99999999998363,7.4399999999999995,5.999999999994543,124.55999999998909,1.8872727272727179,False,-0.4270620350806439,9,34910.40000000746,"C (partida 0,10 / 2R)"
MGC,london,2025-02-11,C,0.1,2.0,-1,2025-02-11 10:23:00+00:00,2025-02-11 10:23:00+00:00,2025-02-11 10:25:00+00:00,2930.9,2932.1,2928.5,2932.2,stop,6,1.199999999999818,85.43999999998908,-65.99999999999454,7.4399999999999995,11.999999999989086,-85.43999999998363,-1.1866666666666192,False,-1.5104324488143743,10,35034.96000000745,"C (partida 0,10 / 2R)"
MGC,london,2025-02-12,C,0.1,2.0,-1,2025-02-12 10:33:00+00:00,2025-02-12 10:33:00+00:00,2025-02-12 10:37:00+00:00,2908.1,2910.5,2903.3,2910.6,stop,3,2.400000000000091,78.72000000000273,-69.00000000000546,3.7199999999999998,5.999999999994543,-78.72,-1.093333333333292,False,-0.656845318671255,10,34949.52000000747,"C (partida 0,10 / 2R)"
MGC,london,2025-02-17,C,0.1,2.0,1,2025-02-17 09:44:00+00:00,2025-02-17 09:44:00+00:00,2025-02-17 09:45:00+00:00,2916.5,2915.5,2918.5,2915.4,stop,7,1.0,85.68,-63.00000000000637,8.68,13.999999999987267,-85.67999999999364,-1.2239999999999092,False,1.9440395056117112,9,34870.80000000747,"C (partida 0,10 / 2R)"
MGC,london,2025-02-18,C,0.1,2.0,1,2025-02-18 09:54:00+00:00,2025-02-18 09:54:00+00:00,2025-02-18 10:15:00+00:00,2925.2,2924.1,2927.4,2924.0,stop,6,1.099999999999909,79.43999999999454,-60.0,7.4399999999999995,11.999999999989086,-79.43999999998908,-1.2036363636362977,False,0.506280269449489,9,34785.120000007475,"C (partida 0,10 / 2R)"
MGC,london,2025-02-19,C,0.1,2.0,1,2025-02-19 08:59:00+00:00,2025-02-19 08:59:00+00:00,2025-02-19 09:15:00+00:00,2955.7999999999997,2954.5,2958.4,2958.4,objetivo,5,1.2999999999997272,76.19999999998636,135.00000000001364,6.2,4.9999999999954525,123.80000000001819,1.904615384616064,False,0.42209042845025296,8,34705.68000000749,"C (partida 0,10 / 2R)"
MGC,london,2025-02-19,C,0.1,2.0,1,2025-02-19 09:58:00+00:00,2025-02-19 09:58:00+00:00,2025-02-19 10:13:00+00:00,2962.7999999999997,2961.4,2965.6000000000004,2961.3,stop,5,1.3999999999996362,81.19999999998183,-64.99999999998636,6.2,9.999999999990905,-81.19999999997727,-1.1599999999999766,False,1.1716021965079721,9,34829.480000007505,"C (partida 0,10 / 2R)"
MGC,london,2025-02-21,C,0.1,2.0,1,2025-02-21 09:21:00+00:00,2025-02-21 09:21:00+00:00,2025-02-21 09:33:00+00:00,2938.9,2937.2000000000003,2942.3,2942.3,objetivo,4,1.699999999999818,76.95999999999272,140.0,4.96,3.999999999996362,131.04000000000363,1.9270588235296713,False,0.674200781908957,9,34748.28000000753,"C (partida 0,10 / 2R)"
MGC,london,2025-02-24,C,0.1,2.0,1,2025-02-24 09:24:00+00:00,2025-02-24 09:24:00+00:00,2025-02-24 09:25:00+00:00,2961.6,2960.0,2964.8,2959.9,stop,4,1.599999999999909,72.95999999999636,-60.0,4.96,7.999999999992724,-72.95999999999272,-1.139999999999951,False,1.5170428572584658,9,34879.32000000753,"C (partida 0,10 / 2R)"
MGC,london,2025-02-24,C,0.1,2.0,1,2025-02-24 09:30:00+00:00,2025-02-24 09:30:00+00:00,2025-02-24 09:30:00+00:00,2961.1,2960.0,2963.3,2959.9,stop,6,1.099999999999909,79.43999999999454,-60.0,7.4399999999999995,11.999999999989086,-79.43999999998908,-1.2036363636362977,False,1.1367935890228047,9,34806.36000000754,"C (partida 0,10 / 2R)"
MGC,london,2025-02-25,C,0.1,2.0,1,2025-02-25 09:32:00+00:00,2025-02-25 09:32:00+00:00,2025-02-25 09:44:00+00:00,2954.4,2953.4,2956.4,2956.4,objetivo,7,1.0,85.68,146.99999999999363,8.68,6.9999999999936335,131.32,1.876,False,0.9698081585255995,9,34726.92000000755,"C (partida 0,10 / 2R)"
MGC,london,2025-02-27,C,0.1,2.0,-1,2025-02-27 08:53:00+00:00,2025-02-27 08:53:00+00:00,2025-02-27 09:08:00+00:00,2893.6,2895.2,2890.4,2890.4,objetivo,4,1.599999999999909,72.95999999999636,131.9999999999891,4.96,3.999999999996362,123.03999999999273,1.9224999999999957,False,-1.5070898164330992,8,34858.24000000755,"C (partida 0,10 / 2R)"
MGC,london,2025-02-27,C,0.1,2.0,1,2025-02-27 10:01:00+00:00,2025-02-27 10:01:00+00:00,2025-02-27 10:02:00+00:00,2901.5,2900.0,2904.5,2899.9,stop,5,1.5,86.19999999999999,-70.00000000000455,6.2,9.999999999990905,-86.19999999999546,-1.1493333333332727,False,0.4423068700134306,10,34981.280000007544,"C (partida 0,10 / 2R)"
MGC,london,2025-02-28,C,0.1,2.0,1,2025-02-28 10:06:00+00:00,2025-02-28 10:06:00+00:00,2025-02-28 10:11:00+00:00,2875.6,2873.2000000000003,2880.4,2873.1000000000004,stop,3,2.399999999999636,78.71999999998908,-68.99999999999181,3.7199999999999998,5.999999999994543,-78.71999999998636,-1.0933333333333095,False,0.48016364149858837,10,34895.08000000755,"C (partida 0,10 / 2R)"
MGC,london,2025-03-04,C,0.1,2.0,1,2025-03-04 08:59:00+00:00,2025-03-04 08:59:00+00:00,2025-03-04 09:07:00+00:00,2924.9,2922.9,2928.9,2922.8,stop,3,2.0,66.72,-57.00000000000273,3.7199999999999998,5.999999999994543,-66.71999999999727,-1.1119999999999546,False,3.37272373470654,8,34816.36000000756,"C (partida 0,10 / 2R)"
MGC,london,2025-03-04,C,0.1,2.0,1,2025-03-04 10:44:00+00:00,2025-03-04 10:44:00+00:00,2025-03-04 10:44:00+00:00,2926.2999999999997,2924.7000000000003,2929.5,2924.6000000000004,stop,4,1.5999999999994543,72.95999999997817,-59.99999999998181,4.96,7.999999999992724,-72.95999999997453,-1.1399999999999908,False,0.1278815851448523,10,34749.64000000757,"C (partida 0,10 / 2R)"
MGC,london,2025-03-05,C,0.1,2.0,1,2025-03-05 08:44:00+00:00,2025-03-05 08:44:00+00:00,2025-03-05 08:45:00+00:00,2931.2999999999997,2929.8,2934.3,2929.7000000000003,stop,5,1.4999999999995453,86.19999999997725,-69.99999999998181,6.2,9.999999999990905,-86.19999999997272,-1.149333333333318,False,0.12930108561335996,8,34676.68000000759,"C (partida 0,10 / 2R)"
MGC,london,2025-03-05,C,0.1,2.0,-1,2025-03-05 10:11:00+00:00,2025-03-05 10:11:00+00:00,2025-03-05 10:22:00+00:00,2928.1,2929.1,2926.1000000000004,2926.1000000000004,objetivo,7,1.0,85.68,146.9999999999618,8.68,6.9999999999936335,131.31999999996816,1.8759999999995451,False,-0.17363242474893736,10,34590.480000007614,"C (partida 0,10 / 2R)"
MGC,london,2025-03-06,C,0.1,2.0,-1,2025-03-06 09:20:00+00:00,2025-03-06 09:20:00+00:00,2025-03-06 09:30:00+00:00,2908.9,2910.2,2906.3,2906.3,objetivo,5,1.2999999999997272,76.19999999998636,134.9999999999909,6.2,4.9999999999954525,123.79999999999545,1.9046153846157143,False,-1.1580528456062287,9,34721.800000007584,"C (partida 0,10 / 2R)"
MGC,london,2025-03-11,C,0.1,2.0,1,2025-03-11 10:40:00+00:00,2025-03-11 10:40:00+00:00,2025-03-11 10:57:00+00:00,2918.7,2917.4,2921.3,2917.3,stop,5,1.2999999999997272,76.19999999998636,-59.999999999990905,6.2,9.999999999990905,-76.19999999998181,-1.1723076923076585,False,1.364168031080926,10,34845.60000000758,"C (partida 0,10 / 2R)"
MGC,london,2025-03-12,C,0.1,2.0,-1,2025-03-12 10:16:00+00:00,2025-03-12 10:16:00+00:00,2025-03-12 10:29:00+00:00,2920.9,2921.9,2918.9,2918.9,objetivo,7,1.0,85.68,146.99999999999363,8.68,6.9999999999936335,131.32,1.876,False,-1.019986464089916,10,34769.4000000076,"C (partida 0,10 / 2R)"
MGC,london,2025-03-13,C,0.1,2.0,1,2025-03-13 09:19:00+00:00,2025-03-13 09:19:00+00:00,2025-03-13 09:23:00+00:00,2953.2999999999997,2952.3,2955.3,2955.3,objetivo,7,0.9999999999995453,85.67999999996817,147.00000000002547,8.68,6.9999999999936335,131.32000000003183,1.8760000000013077,False,0.723393545476625,9,34900.7200000076,"C (partida 0,10 / 2R)"
MGC,london,2025-03-14,C,0.1,2.0,1,2025-03-14 10:11:00+00:00,2025-03-14 10:11:00+00:00,2025-03-14 10:16:00+00:00,3011.9,3010.8,3014.1000000000004,3014.1000000000004,objetivo,6,1.099999999999909,79.43999999999454,138.0000000000109,7.4399999999999995,5.999999999994543,124.56000000001637,1.8872727272731313,False,1.7767215497024944,10,35032.040000007626,"C (partida 0,10 / 2R)"
MGC,london,2025-03-17,C,0.1,2.0,1,2025-03-17 10:37:00+00:00,2025-03-17 10:37:00+00:00,2025-03-17 10:55:00+00:00,3004.7,3003.6,3006.9,3006.9,objetivo,6,1.099999999999909,79.43999999999454,138.0000000000109,7.4399999999999995,5.999999999994543,124.56000000001637,1.8872727272731313,False,1.1750451868848568,10,35156.600000007646,"C (partida 0,10 / 2R)"
MGC,london,2025-03-19,C,0.1,2.0,1,2025-03-19 10:17:00+00:00,2025-03-19 10:17:00+00:00,2025-03-19 10:19:00+00:00,3039.2,3038.0,3041.6000000000004,3041.6000000000004,objetivo,6,1.199999999999818,85.43999999998908,150.00000000002728,7.4399999999999995,5.999999999994543,136.56000000003274,1.896666666667409,False,0.18428056161126455,10,35281.160000007665,"C (partida 0,10 / 2R)"
MGC,london,2025-03-21,C,0.1,2.0,-1,2025-03-21 09:31:00+00:00,2025-03-21 09:31:00+00:00,2025-03-21 10:01:00+00:00,3035.9,3037.7,3032.3,3037.7999999999997,stop,4,1.7999999999997272,80.95999999998908,-67.99999999999272,4.96,7.999999999992724,-80.95999999998544,-1.1244444444444126,False,-0.33794176139214643,9,35417.7200000077,"C (partida 0,10 / 2R)"
MGC,london,2025-03-24,C,0.1,2.0,1,2025-03-24 08:32:00+00:00,2025-03-24 08:32:00+00:00,2025-03-24 08:53:00+00:00,3029.5,3028.0,3032.5,3032.5,objetivo,5,1.5,86.19999999999999,154.99999999999545,6.2,4.9999999999954525,143.8,1.9173333333333336,False,2.259375531567174,8,35336.760000007715,"C (partida 0,10 / 2R)"
MGC,london,2025-03-24,C,0.1,2.0,1,2025-03-24 09:34:00+00:00,2025-03-24 09:34:00+00:00,2025-03-24 09:36:00+00:00,3033.7999999999997,3032.6,3036.2000000000003,3032.5,stop,6,1.199999999999818,85.43999999998908,-65.99999999999454,7.4399999999999995,11.999999999989086,-85.43999999998363,-1.1866666666666192,False,1.2349846433013032,9,35480.56000000772,"C (partida 0,10 / 2R)"
MGC,london,2025-03-27,C,0.1,2.0,-1,2025-03-27 09:42:00+00:00,2025-03-27 09:42:00+00:00,2025-03-27 09:49:00+00:00,3043.5,3045.6,3039.3,3045.7,stop,3,2.099999999999909,69.71999999999727,-60.0,3.7199999999999998,5.999999999994543,-69.71999999999454,-1.106666666666628,False,-0.12798065338328374,9,35395.12000000774,"C (partida 0,10 / 2R)"
MGC,london,2025-04-03,C,0.1,2.0,-1,2025-04-03 08:42:00+01:00,2025-04-03 08:42:00+01:00,2025-04-03 08:46:00+01:00,3145.8,3147.0,3143.4,3147.1,stop,6,1.199999999999818,85.43999999998908,-65.99999999999454,7.4399999999999995,11.999999999989086,-85.43999999998363,-1.1866666666666192,False,-0.13368272535662873,8,35325.40000000774,"C (partida 0,10 / 2R)"
MGC,london,2025-04-03,C,0.1,2.0,1,2025-04-03 08:49:00+01:00,2025-04-03 08:49:00+01:00,2025-04-03 08:55:00+01:00,3148.5,3146.1,3153.3,3153.3,objetivo,3,2.400000000000091,78.72000000000273,147.00000000000273,3.7199999999999998,2.9999999999972715,140.28000000000546,1.9483333333333352,False,0.3712333203465912,8,35239.96000000776,"C (partida 0,10 / 2R)"
MGC,london,2025-04-07,C,0.1,2.0,-1,2025-04-07 08:40:00+01:00,2025-04-07 08:40:00+01:00,2025-04-07 08:40:00+01:00,3036.6,3039.1,3031.6000000000004,3039.2,stop,3,2.5,81.72,-72.00000000000273,3.7199999999999998,5.999999999994543,-81.71999999999727,-1.0895999999999637,False,-1.4664428072742235,8,35380.24000000777,"C (partida 0,10 / 2R)"
MGC,london,2025-04-07,C,0.1,2.0,1,2025-04-07 08:49:00+01:00,2025-04-07 08:49:00+01:00,2025-04-07 08:56:00+01:00,3042.5,3038.6,3050.3,3038.5,stop,2,3.900000000000091,82.48000000000182,-76.00000000000364,2.48,3.999999999996362,-82.48,-1.0574358974358729,False,0.2875597864399869,8,35298.520000007775,"C (partida 0,10 / 2R)"
MGC,london,2025-04-08,C,0.1,2.0,-1,2025-04-08 09:38:00+01:00,2025-04-08 09:38:00+01:00,2025-04-08 09:43:00+01:00,3020.5,3022.0,3017.5,3022.1,stop,5,1.5,86.19999999999999,-70.00000000000455,6.2,9.999999999990905,-86.19999999999546,-1.1493333333332727,False,-0.19783240302564992,9,35216.04000000777,"C (partida 0,10 / 2R)"
MGC,london,2025-04-08,C,0.1,2.0,-1,2025-04-08 10:02:00+01:00,2025-04-08 10:02:00+01:00,2025-04-08 10:04:00+01:00,3018.5,3020.9,3013.7000000000003,3021.0,stop,3,2.400000000000091,78.72000000000273,-69.00000000000546,3.7199999999999998,5.999999999994543,-78.72,-1.093333333333292,False,-0.21350488658578956,10,35129.840000007775,"C (partida 0,10 / 2R)"
MGC,london,2025-04-09,C,0.1,2.0,1,2025-04-09 09:46:00+01:00,2025-04-09 09:46:00+01:00,2025-04-09 09:47:00+01:00,3065.2999999999997,3063.1,3069.7000000000003,3063.0,stop,3,2.199999999999818,72.71999999999454,-62.99999999999727,3.7199999999999998,5.999999999994543,-72.71999999999181,-1.101818181818149,False,0.3180243109579208,9,35051.12000000777,"C (partida 0,10 / 2R)"
MGC,london,2025-04-09,C,0.1,2.0,1,2025-04-09 09:50:00+01:00,2025-04-09 09:50:00+01:00,2025-04-09 09:50:00+01:00,3064.0,3062.6,3066.8,3062.5,stop,5,1.400000000000091,81.20000000000456,-65.0000000000091,6.2,9.999999999990905,-81.2,-1.1599999999999246,False,0.20964751405433374,9,34978.40000000778,"C (partida 0,10 / 2R)"
MGC,london,2025-04-10,C,0.1,2.0,-1,2025-04-10 08:59:00+01:00,2025-04-10 08:59:00+01:00,2025-04-10 09:01:00+01:00,3124.7000000000003,3128.1,3117.9,3128.2,stop,2,3.399999999999636,72.47999999999273,-65.99999999999454,2.48,3.999999999996362,-72.47999999999091,-1.0658823529411567,False,-2.1146182724309877,8,34897.20000000778,"C (partida 0,10 / 2R)"
MGC,london,2025-04-10,C,0.1,2.0,-1,2025-04-10 09:08:00+01:00,2025-04-10 09:08:00+01:00,2025-04-10 09:23:00+01:00,3126.4,3128.9,3121.4,3129.0,stop,3,2.5,81.72,-72.00000000000273,3.7199999999999998,5.999999999994543,-81.71999999999727,-1.0895999999999637,False,-1.0753613297243039,9,34824.720000007794,"C (partida 0,10 / 2R)"
MGC,london,2025-04-11,C,0.1,2.0,1,2025-04-11 08:32:00+01:00,2025-04-11 08:32:00+01:00,2025-04-11 08:33:00+01:00,3225.4,3223.5,3229.2000000000003,3223.4,stop,4,1.900000000000091,84.96000000000363,-72.00000000000728,4.96,7.999999999992724,-84.96,-1.1178947368420518,False,4.573958475399194,8,34743.0000000078,"C (partida 0,10 / 2R)"
MGC,london,2025-04-11,C,0.1,2.0,1,2025-04-11 08:54:00+01:00,2025-04-11 08:54:00+01:00,2025-04-11 08:59:00+01:00,3227.0,3224.8,3231.4,3231.4,objetivo,3,2.199999999999818,72.71999999999454,135.0,3.7199999999999998,2.9999999999972715,128.28000000000273,1.9436363636365657,False,0.2693788902986058,8,34658.0400000078,"C (partida 0,10 / 2R)"
MGC,london,2025-04-17,C,0.1,2.0,1,2025-04-17 09:09:00+01:00,2025-04-17 09:09:00+01:00,2025-04-17 09:15:00+01:00,3336.9,3335.4,3339.9,3335.3,stop,5,1.5,86.19999999999999,-70.00000000000455,6.2,9.999999999990905,-86.19999999999546,-1.1493333333332727,False,0.37885727840095135,9,34786.32000000781,"C (partida 0,10 / 2R)"
MGC,london,2025-04-22,C,0.1,2.0,-1,2025-04-22 10:34:00+01:00,2025-04-22 10:34:00+01:00,2025-04-22 10:34:00+01:00,3464.7000000000003,3466.6,3460.9,3466.7,stop,4,1.8999999999996362,84.95999999998544,-71.99999999998909,4.96,7.999999999992724,-84.9599999999818,-1.11789473684208,False,-0.5603448088865042,10,34700.12000000781,"C (partida 0,10 / 2R)"
MGC,london,2025-04-23,C,0.1,2.0,1,2025-04-23 09:25:00+01:00,2025-04-23 09:25:00+01:00,2025-04-23 09:54:00+01:00,3327.1,3324.7000000000003,3331.9,3331.9,objetivo,3,2.399999999999636,78.71999999998908,147.00000000000273,3.7199999999999998,2.9999999999972715,140.28000000000546,1.9483333333337045,False,0.434022560155661,9,34615.160000007825,"C (partida 0,10 / 2R)"
MGC,london,2025-04-24,C,0.1,2.0,1,2025-04-24 09:16:00+01:00,2025-04-24 09:16:00+01:00,2025-04-24 09:16:00+01:00,3344.2999999999997,3342.4,3348.1000000000004,3342.3,stop,4,1.8999999999996362,84.95999999998544,-71.99999999998909,4.96,7.999999999992724,-84.9599999999818,-1.11789473684208,False,0.16162838764986961,9,34755.44000000783,"C (partida 0,10 / 2R)"
MGC,london,2025-04-25,C,0.1,2.0,1,2025-04-25 10:27:00+01:00,2025-04-25 10:27:00+01:00,2025-04-25 10:28:00+01:00,3316.6,3314.6,3320.6000000000004,3314.5,stop,3,2.0,66.72,-57.00000000000273,3.7199999999999998,5.999999999994543,-66.71999999999727,-1.1119999999999546,False,0.10652925535253575,10,34670.48000000785,"C (partida 0,10 / 2R)"
MGC,london,2025-04-29,C,0.1,2.0,1,2025-04-29 09:19:00+01:00,2025-04-29 09:19:00+01:00,2025-04-29 09:24:00+01:00,3331.2999999999997,3330.2000000000003,3333.5,3330.1000000000004,stop,6,1.0999999999994543,79.43999999996726,-59.999999999972715,7.4399999999999995,11.999999999989086,-79.4399999999618,-1.203636363636382,False,1.2603525817024,9,34603.76000000785,"C (partida 0,10 / 2R)"
MGC,london,2025-05-01,C,0.1,2.0,-1,2025-05-01 08:33:00+01:00,2025-05-01 08:33:00+01:00,2025-05-01 08:36:00+01:00,3237.6,3240.2,3232.4,3240.2999999999997,stop,3,2.599999999999909,84.71999999999727,-75.0,3.7199999999999998,5.999999999994543,-84.71999999999454,-1.0861538461538143,False,-2.282263027068165,8,34524.320000007894,"C (partida 0,10 / 2R)"
MGC,london,2025-05-01,C,0.1,2.0,1,2025-05-01 09:04:00+01:00,2025-05-01 09:04:00+01:00,2025-05-01 09:04:00+01:00,3241.7999999999997,3240.4,3244.6000000000004,3240.3,stop,5,1.3999999999996362,81.19999999998183,-64.99999999998636,6.2,9.999999999990905,-81.19999999997727,-1.1599999999999766,False,0.3246629799559962,9,34439.6000000079,"C (partida 0,10 / 2R)"
MGC,london,2025-05-02,C,0.1,2.0,1,2025-05-02 08:58:00+01:00,2025-05-02 08:58:00+01:00,2025-05-02 09:00:00+01:00,3268.9,3266.7000000000003,3273.3,3266.6000000000004,stop,3,2.199999999999818,72.71999999999454,-62.99999999999727,3.7199999999999998,5.999999999994543,-72.71999999999181,-1.101818181818149,False,2.052921350057261,8,34358.400000007925,"C (partida 0,10 / 2R)"
MGC,london,2025-05-02,C,0.1,2.0,1,2025-05-02 09:24:00+01:00,2025-05-02 09:24:00+01:00,2025-05-02 09:24:00+01:00,3267.7999999999997,3266.3,3270.8,3266.2000000000003,stop,4,1.4999999999995453,68.9599999999818,-55.99999999998545,4.96,7.999999999992724,-68.95999999997817,-1.1493333333333178,False,0.1608116728993933,9,34285.68000000793,"C (partida 0,10 / 2R)"
MGC,london,2025-05-05,C,0.1,2.0,1,2025-05-05 08:39:00+01:00,2025-05-05 08:39:00+01:00,2025-05-05 09:23:00+01:00,3271.7999999999997,3269.4,3276.6000000000004,3276.6000000000004,objetivo,3,2.399999999999636,78.71999999998908,147.00000000001637,3.7199999999999998,2.9999999999972715,140.2800000000191,1.948333333333894,False,0.7638057029741341,8,34216.720000007954,"C (partida 0,10 / 2R)"
MGC,london,2025-05-06,C,0.1,2.0,1,2025-05-06 09:51:00+01:00,2025-05-06 09:51:00+01:00,2025-05-06 09:52:00+01:00,3387.2999999999997,3385.5,3390.9,3385.4,stop,4,1.7999999999997272,80.95999999998908,-67.99999999999272,4.96,7.999999999992724,-80.95999999998544,-1.1244444444444126,False,0.6429032832039281,9,34357.000000007974,"C (partida 0,10 / 2R)"
MGC,london,2025-05-06,C,0.1,2.0,1,2025-05-06 10:09:00+01:00,2025-05-06 10:09:00+01:00,2025-05-06 10:14:00+01:00,3386.4,3384.4,3390.4,3384.3,stop,3,2.0,66.72,-57.00000000000273,3.7199999999999998,5.999999999994543,-66.71999999999727,-1.1119999999999546,False,0.2572231122731745,10,34276.04000000799,"C (partida 0,10 / 2R)"
MGC,london,2025-05-07,C,0.1,2.0,-1,2025-05-07 09:21:00+01:00,2025-05-07 09:21:00+01:00,2025-05-07 09:26:00+01:00,3392.7000000000003,3394.4,3389.3,3394.5,stop,4,1.699999999999818,76.95999999999272,-63.99999999999636,4.96,7.999999999992724,-76.95999999998908,-1.1317647058823135,False,-0.9057903073249575,9,34209.320000007996,"C (partida 0,10 / 2R)"
MGC,london,2025-05-07,C,0.1,2.0,-1,2025-05-07 09:33:00+01:00,2025-05-07 09:33:00+01:00,2025-05-07 10:22:00+01:00,3391.8,3395.6,3384.2000000000003,3384.2000000000003,objetivo,2,3.799999999999727,80.47999999999455,153.99999999999636,2.48,1.999999999998181,149.5199999999982,1.9673684210527491,False,-0.5983577842731025,9,34132.360000008004,"C (partida 0,10 / 2R)"
MGC,london,2025-05-08,C,0.1,2.0,1,2025-05-08 09:24:00+01:00,2025-05-08 09:24:00+01:00,2025-05-08 09:29:00+01:00,3347.7999999999997,3346.6,3350.2000000000003,3346.5,stop,6,1.199999999999818,85.43999999998908,-65.99999999999454,7.4399999999999995,11.999999999989086,-85.43999999998363,-1.1866666666666192,False,0.18380820967300335,9,34281.880000008,"C (partida 0,10 / 2R)"
MGC,london,2025-05-08,C,0.1,2.0,1,2025-05-08 09:44:00+01:00,2025-05-08 09:44:00+01:00,2025-05-08 09:44:00+01:00,3348.1,3347.0,3350.3,3346.9,stop,6,1.099999999999909,79.43999999999454,-60.0,7.4399999999999995,11.999999999989086,-79.43999999998908,-1.2036363636362977,False,0.1188997774806699,9,34196.44000000802,"C (partida 0,10 / 2R)"
MGC,london,2025-05-09,C,0.1,2.0,1,2025-05-09 08:35:00+01:00,2025-05-09 08:35:00+01:00,2025-05-09 08:37:00+01:00,3333.0,3331.6,3335.8,3331.5,stop,5,1.400000000000091,81.20000000000456,-65.0000000000091,6.2,9.999999999990905,-81.2,-1.1599999999999246,False,0.3111938101025473,8,34117.00000000803,"C (partida 0,10 / 2R)"
MGC,london,2025-05-09,C,0.1,2.0,-1,2025-05-09 08:58:00+01:00,2025-05-09 08:58:00+01:00,2025-05-09 09:07:00+01:00,3330.7000000000003,3333.1,3325.9,3325.9,objetivo,3,2.399999999999636,78.71999999998908,147.00000000000273,3.7199999999999998,2.9999999999972715,140.28000000000546,1.9483333333337045,False,-0.11336495238711937,8,34035.800000008036,"C (partida 0,10 / 2R)"
MGC,london,2025-05-12,C,0.1,2.0,-1,2025-05-12 09:11:00+01:00,2025-05-12 09:11:00+01:00,2025-05-12 09:11:00+01:00,3227.3,3229.7999999999997,3222.3,3229.8999999999996,stop,3,2.4999999999995453,81.71999999998636,-71.99999999998909,3.7199999999999998,5.999999999994543,-81.71999999998363,-1.08959999999998,False,-1.620562865461956,9,34176.08000000804,"C (partida 0,10 / 2R)"
MGC,london,2025-05-12,C,0.1,2.0,-1,2025-05-12 09:20:00+01:00,2025-05-12 09:20:00+01:00,2025-05-12 09:32:00+01:00,3227.2000000000003,3231.9,3217.8,3232.0,stop,1,4.699999999999818,49.23999999999818,-45.99999999999909,1.24,1.999999999998181,-49.23999999999727,-1.0476595744680677,False,-0.8761164204024208,9,34094.360000008055,"C (partida 0,10 / 2R)"
MGC,london,2025-05-13,C,0.1,2.0,-1,2025-05-13 09:56:00+01:00,2025-05-13 09:56:00+01:00,2025-05-13 09:58:00+01:00,3254.8,3259.0,3246.4,3259.1,stop,1,4.199999999999818,44.23999999999818,-40.99999999999909,1.24,1.999999999998181,-44.23999999999727,-1.0533333333333141,False,-0.8466101154706003,9,34045.12000000806,"C (partida 0,10 / 2R)"
MGC,london,2025-05-13,C,0.1,2.0,-1,2025-05-13 10:03:00+01:00,2025-05-13 10:03:00+01:00,2025-05-13 10:17:00+01:00,3257.8,3259.2999999999997,3254.8,3259.3999999999996,stop,4,1.4999999999995453,68.9599999999818,-55.99999999998545,4.96,7.999999999992724,-68.95999999997817,-1.1493333333333178,False,-0.8958742924084698,10,34000.88000000806,"C (partida 0,10 / 2R)"
MGC,london,2025-05-14,C,0.1,2.0,1,2025-05-14 09:26:00+01:00,2025-05-14 09:26:00+01:00,2025-05-14 09:26:00+01:00,3242.7,3241.1,3245.9,3241.0,stop,4,1.599999999999909,72.95999999999636,-60.0,4.96,7.999999999992724,-72.95999999999272,-1.139999999999951,False,1.6719744914220687,9,33931.92000000808,"C (partida 0,10 / 2R)"
MGC,london,2025-05-19,C,0.1,2.0,1,2025-05-19 08:46:00+01:00,2025-05-19 08:46:00+01:00,2025-05-19 09:03:00+01:00,3234.7999999999997,3233.3,3237.8,3233.2000000000003,stop,4,1.4999999999995453,68.9599999999818,-55.99999999998545,4.96,7.999999999992724,-68.95999999997817,-1.1493333333333178,False,0.37660647700167876,8,33858.96000000809,"C (partida 0,10 / 2R)"
MGC,london,2025-05-19,C,0.1,2.0,1,2025-05-19 09:06:00+01:00,2025-05-19 09:06:00+01:00,2025-05-19 09:15:00+01:00,3235.2,3233.3,3239.0,3239.0,objetivo,3,1.8999999999996362,63.719999999989085,117.00000000000273,3.7199999999999998,2.9999999999972715,110.28000000000546,1.9347368421057294,False,0.5008416187906671,9,33790.00000000811,"C (partida 0,10 / 2R)"
MGC,london,2025-05-20,C,0.1,2.0,1,2025-05-20 09:31:00+01:00,2025-05-20 09:31:00+01:00,2025-05-20 09:39:00+01:00,3225.7,3224.0,3229.1000000000004,3229.1000000000004,objetivo,4,1.699999999999818,76.95999999999272,140.0000000000182,4.96,3.999999999996362,131.04000000002182,1.9270588235299388,False,0.9125471508936673,9,33900.28000000812,"C (partida 0,10 / 2R)"
MGC,london,2025-05-21,C,0.1,2.0,-1,2025-05-21 09:29:00+01:00,2025-05-21 09:29:00+01:00,2025-05-21 09:34:00+01:00,3308.6,3310.0,3305.8,3310.1,stop,5,1.400000000000091,81.20000000000456,-65.0000000000091,6.2,9.999999999990905,-81.2,-1.1599999999999246,False,-0.9257337872325874,9,34031.32000000814,"C (partida 0,10 / 2R)"
MGC,london,2025-05-21,C,0.1,2.0,-1,2025-05-21 10:15:00+01:00,2025-05-21 10:15:00+01:00,2025-05-21 10:22:00+01:00,3309.7000000000003,3311.6,3305.9,3311.7,stop,3,1.8999999999996362,63.719999999989085,-53.999999999991815,3.7199999999999998,5.999999999994543,-63.719999999986356,-1.11789473684208,False,-0.16121250495329906,10,33950.120000008144,"C (partida 0,10 / 2R)"
MGC,london,2025-05-23,C,0.1,2.0,1,2025-05-23 08:45:00+01:00,2025-05-23 08:45:00+01:00,2025-05-23 08:58:00+01:00,3331.1,3329.3,3334.7000000000003,3329.2000000000003,stop,4,1.7999999999997272,80.95999999998908,-67.99999999999272,4.96,7.999999999992724,-80.95999999998544,-1.1244444444444126,False,0.35402518539101335,8,33886.40000000816,"C (partida 0,10 / 2R)"
MGC,london,2025-05-26,C,0.1,2.0,-1,2025-05-26 10:01:00+01:00,2025-05-26 10:01:00+01:00,2025-05-26 10:01:00+01:00,3332.7000000000003,3333.7999999999997,3330.5,3333.8999999999996,stop,6,1.0999999999994543,79.43999999996726,-59.999999999972715,7.4399999999999995,11.999999999989086,-79.4399999999618,-1.203636363636382,False,-0.3154186877494601,10,33805.44000000817,"C (partida 0,10 / 2R)"
MGC,london,2025-05-26,C,0.1,2.0,-1,2025-05-26 10:04:00+01:00,2025-05-26 10:04:00+01:00,2025-05-26 10:05:00+01:00,3332.8,3334.0,3330.4,3334.1,stop,5,1.199999999999818,71.19999999999091,-54.99999999999545,6.2,9.999999999990905,-71.19999999998636,-1.1866666666666192,False,-0.3347912783564217,10,33726.000000008215,"C (partida 0,10 / 2R)"
MGC,london,2025-05-27,C,0.1,2.0,1,2025-05-27 08:44:00+01:00,2025-05-27 08:44:00+01:00,2025-05-27 08:46:00+01:00,3308.7999999999997,3307.7000000000003,3311.0,3307.6000000000004,stop,6,1.0999999999994543,79.43999999996726,-59.999999999972715,7.4399999999999995,11.999999999989086,-79.4399999999618,-1.203636363636382,False,0.22798222656043018,8,33654.800000008225,"C (partida 0,10 / 2R)"
MGC,london,2025-05-28,C,0.1,2.0,1,2025-05-28 08:42:00+01:00,2025-05-28 08:42:00+01:00,2025-05-28 08:42:00+01:00,3311.5,3310.3,3313.9,3313.9,objetivo,5,1.199999999999818,71.19999999999091,125.0,6.2,4.9999999999954525,113.80000000000454,1.89666666666703,False,0.8029155913011577,8,33575.360000008266,"C (partida 0,10 / 2R)"
MGC,london,2025-05-28,C,0.1,2.0,1,2025-05-28 09:51:00+01:00,2025-05-28 09:51:00+01:00,2025-05-28 10:46:00+01:00,3319.4,3317.4,3323.4,3323.4,objetivo,3,2.0,66.72,122.99999999999727,3.7199999999999998,2.9999999999972715,116.28,1.938,False,0.24735360832994593,9,33689.16000000827,"C (partida 0,10 / 2R)"
MGC,london,2025-06-02,C,0.1,2.0,1,2025-06-02 09:08:00+01:00,2025-06-02 09:08:00+01:00,2025-06-02 09:10:00+01:00,3379.2999999999997,3377.9,3382.1000000000004,3377.8,stop,5,1.3999999999996362,81.19999999998183,-64.99999999998636,6.2,9.999999999990905,-81.19999999997727,-1.1599999999999766,False,0.1490455208077411,9,33805.44000000827,"C (partida 0,10 / 2R)"
MGC,london,2025-06-03,C,0.1,2.0,1,2025-06-03 09:32:00+01:00,2025-06-03 09:32:00+01:00,2025-06-03 09:40:00+01:00,3387.7999999999997,3386.4,3390.6000000000004,3386.3,stop,5,1.3999999999996362,81.19999999998183,-64.99999999998636,6.2,9.999999999990905,-81.19999999997727,-1.1599999999999766,False,1.6218684604390223,9,33724.24000000829,"C (partida 0,10 / 2R)"
MGC,london,2025-06-04,C,0.1,2.0,-1,2025-06-04 09:23:00+01:00,2025-06-04 09:23:00+01:00,2025-06-04 09:32:00+01:00,3379.1,3380.9,3375.5,3381.0,stop,4,1.800000000000182,80.96000000000727,-68.00000000001091,4.96,7.999999999992724,-80.96000000000363,-1.1244444444443813,False,-2.0584501081083326,9,33643.04000000832,"C (partida 0,10 / 2R)"
MGC,london,2025-06-05,C,0.1,2.0,-1,2025-06-05 09:14:00+01:00,2025-06-05 09:14:00+01:00,2025-06-05 09:14:00+01:00,3393.6,3394.6,3391.6000000000004,3394.7,stop,6,1.0,73.44,-54.00000000000546,7.4399999999999995,11.999999999989086,-73.43999999999454,-1.223999999999909,False,-0.2293023779447312,9,33562.08000000831,"C (partida 0,10 / 2R)"
MGC,london,2025-06-09,C,0.1,2.0,1,2025-06-09 08:44:00+01:00,2025-06-09 08:44:00+01:00,2025-06-09 08:52:00+01:00,3346.2999999999997,3345.3,3348.3,3345.2000000000003,stop,6,0.9999999999995453,73.43999999997271,-53.99999999997817,7.4399999999999995,11.999999999989086,-73.43999999996726,-1.2240000000000109,False,0.930635373837397,8,33488.640000008316,"C (partida 0,10 / 2R)"
MGC,london,2025-06-10,C,0.1,2.0,1,2025-06-10 09:05:00+01:00,2025-06-10 09:05:00+01:00,2025-06-10 09:06:00+01:00,3350.0,3348.7000000000003,3352.6000000000004,3348.6000000000004,stop,5,1.2999999999997272,76.19999999998636,-59.999999999990905,6.2,9.999999999990905,-76.19999999998181,-1.1723076923076585,False,0.707262159884467,9,33415.20000000835,"C (partida 0,10 / 2R)"
MGC,london,2025-06-11,C,0.1,2.0,1,2025-06-11 08:45:00+01:00,2025-06-11 08:45:00+01:00,2025-06-11 08:50:00+01:00,3360.9,3359.8,3363.1000000000004,3363.1000000000004,objetivo,6,1.099999999999909,79.43999999999454,138.0000000000109,7.4399999999999995,5.999999999994543,124.56000000001637,1.8872727272731313,False,1.2195891998940165,8,33339.00000000837,"C (partida 0,10 / 2R)"
MGC,london,2025-06-11,C,0.1,2.0,1,2025-06-11 09:26:00+01:00,2025-06-11 09:26:00+01:00,2025-06-11 09:27:00+01:00,3366.9,3365.8,3369.1000000000004,3365.7000000000003,stop,6,1.099999999999909,79.43999999999454,-60.0,7.4399999999999995,11.999999999989086,-79.43999999998908,-1.2036363636362977,False,1.5605344409637436,9,33463.56000000839,"C (partida 0,10 / 2R)"
MGC,london,2025-06-13,C,0.1,2.0,1,2025-06-13 08:46:00+01:00,2025-06-13 08:46:00+01:00,2025-06-13 08:46:00+01:00,3438.1,3437.0,3440.3,3436.9,stop,6,1.099999999999909,79.43999999999454,-60.0,7.4399999999999995,11.999999999989086,-79.43999999998908,-1.2036363636362977,False,1.3297315080166885,8,33384.1200000084,"C (partida 0,10 / 2R)"
MGC,london,2025-06-13,C,0.1,2.0,1,2025-06-13 09:07:00+01:00,2025-06-13 09:07:00+01:00,2025-06-13 09:13:00+01:00,3438.1,3436.8,3440.7000000000003,3440.7000000000003,objetivo,5,1.2999999999997272,76.19999999998636,135.00000000001364,6.2,4.9999999999954525,123.80000000001819,1.904615384616064,False,0.4182583485351727,9,33304.68000000841,"C (partida 0,10 / 2R)"
MGC,london,2025-06-16,C,0.1,2.0,1,2025-06-16 10:08:00+01:00,2025-06-16 10:08:00+01:00,2025-06-16 10:16:00+01:00,3435.9,3434.7000000000003,3438.3,3434.6000000000004,stop,5,1.199999999999818,71.19999999999091,-54.99999999999545,6.2,9.999999999990905,-71.19999999998636,-1.1866666666666192,False,0.25036335956271694,10,33428.48000000843,"C (partida 0,10 / 2R)"
MGC,london,2025-06-18,C,0.1,2.0,1,2025-06-18 09:21:00+01:00,2025-06-18 09:21:00+01:00,2025-06-18 09:30:00+01:00,3405.0,3403.9,3407.2000000000003,3403.8,stop,6,1.099999999999909,79.43999999999454,-60.0,7.4399999999999995,11.999999999989086,-79.43999999998908,-1.2036363636362977,False,1.6546384443775983,9,33357.28000000844,"C (partida 0,10 / 2R)"
MGC,london,2025-06-19,C,0.1,2.0,1,2025-06-19 09:08:00+01:00,2025-06-19 09:08:00+01:00,2025-06-19 09:09:00+01:00,3382.1,3380.9,3384.5,3380.8,stop,5,1.199999999999818,71.19999999999091,-54.99999999999545,6.2,9.999999999990905,-71.19999999998636,-1.1866666666666192,False,3.9304631333149436,9,33277.84000000845,"C (partida 0,10 / 2R)"
MGC,london,2025-06-23,C,0.1,2.0,1,2025-06-23 09:58:00+01:00,2025-06-23 09:58:00+01:00,2025-06-23 10:01:00+01:00,3376.9,3375.9,3378.9,3378.9,objetivo,6,1.0,73.44,125.99999999999454,7.4399999999999995,5.999999999994543,112.56,1.8760000000000001,False,0.7699139559350473,9,33206.64000000846,"C (partida 0,10 / 2R)"
MGC,london,2025-06-24,C,0.1,2.0,1,2025-06-24 08:54:00+01:00,2025-06-24 08:54:00+01:00,2025-06-24 08:57:00+01:00,3341.2,3339.0,3345.6000000000004,3345.6000000000004,objetivo,3,2.199999999999818,72.71999999999454,135.00000000001364,3.7199999999999998,2.9999999999972715,128.28000000001637,1.9436363636367724,False,0.905315100673728,8,33319.20000000846,"C (partida 0,10 / 2R)"
MGC,london,2025-06-25,C,0.1,2.0,-1,2025-06-25 09:50:00+01:00,2025-06-25 09:50:00+01:00,2025-06-25 10:00:00+01:00,3342.1,3343.1,3340.1000000000004,3340.1000000000004,objetivo,6,1.0,73.44,125.99999999996726,7.4399999999999995,5.999999999994543,112.55999999997272,1.8759999999995454,False,-0.7155632751368975,9,33447.48000000847,"C (partida 0,10 / 2R)"
MGC,london,2025-06-26,C,0.1,2.0,1,2025-06-26 09:01:00+01:00,2025-06-26 09:01:00+01:00,2025-06-26 09:07:00+01:00,3359.7,3358.5,3362.1000000000004,3358.4,stop,5,1.199999999999818,71.19999999999091,-54.99999999999545,6.2,9.999999999990905,-71.19999999998636,-1.1866666666666192,False,1.0451625762902392,9,33560.04000000845,"C (partida 0,10 / 2R)"
MGC,london,2025-06-26,C,0.1,2.0,1,2025-06-26 09:37:00+01:00,2025-06-26 09:37:00+01:00,2025-06-26 09:40:00+01:00,3360.5,3359.4,3362.7000000000003,3359.3,stop,6,1.099999999999909,79.43999999999454,-60.0,7.4399999999999995,11.999999999989086,-79.43999999998908,-1.2036363636362977,False,0.37076132378468163,9,33488.84000000846,"C (partida 0,10 / 2R)"
MGC,london,2025-06-27,C,0.1,2.0,-1,2025-06-27 08:40:00+01:00,2025-06-27 08:40:00+01:00,2025-06-27 08:43:00+01:00,3297.6,3300.2,3292.4,3300.2999999999997,stop,2,2.599999999999909,56.47999999999818,-50.0,2.48,3.999999999996362,-56.47999999999636,-1.086153846153814,False,-1.9157550553214533,8,33409.40000000847,"C (partida 0,10 / 2R)"
MGC,london,2025-06-27,C,0.1,2.0,1,2025-06-27 10:09:00+01:00,2025-06-27 10:09:00+01:00,2025-06-27 10:10:00+01:00,3300.9,3299.6,3303.5,3299.5,stop,5,1.300000000000182,76.2000000000091,-60.00000000001364,6.2,9.999999999990905,-76.20000000000455,-1.1723076923075983,False,0.3719026338430002,10,33352.920000008475,"C (partida 0,10 / 2R)"
MGC,london,2025-06-30,C,0.1,2.0,-1,2025-06-30 10:31:00+01:00,2025-06-30 10:31:00+01:00,2025-06-30 10:40:00+01:00,3293.1,3296.2999999999997,3286.7000000000003,3296.3999999999996,stop,2,3.199999999999818,68.47999999999637,-61.99999999999818,2.48,3.999999999996362,-68.47999999999455,-1.0699999999999756,False,-2.1463553846368284,10,33276.72000000847,"C (partida 0,10 / 2R)"
MGC,london,2025-07-01,C,0.1,2.0,1,2025-07-01 08:45:00+01:00,2025-07-01 08:45:00+01:00,2025-07-01 09:00:00+01:00,3349.2999999999997,3347.8,3352.3,3352.3,objetivo,4,1.4999999999995453,68.9599999999818,124.00000000001455,4.96,3.999999999996362,115.0400000000182,1.917333333334218,False,1.7528923598978259,8,33208.240000008474,"C (partida 0,10 / 2R)"
MGC,london,2025-07-02,C,0.1,2.0,1,2025-07-02 09:46:00+01:00,2025-07-02 09:46:00+01:00,2025-07-02 09:46:00+01:00,3347.5,3346.4,3349.7000000000003,3346.3,stop,6,1.099999999999909,79.43999999999454,-60.0,7.4399999999999995,11.999999999989086,-79.43999999998908,-1.2036363636362977,False,0.8850969499595891,9,33323.28000000849,"C (partida 0,10 / 2R)"
MGC,london,2025-07-04,C,0.1,2.0,1,2025-07-04 09:16:00+01:00,2025-07-04 09:16:00+01:00,2025-07-04 09:29:00+01:00,3352.7,3351.7000000000003,3354.7000000000003,3351.6000000000004,stop,6,0.9999999999995453,73.43999999997271,-53.99999999997817,7.4399999999999995,11.999999999989086,-73.43999999996726,-1.2240000000000109,False,1.1139481075572761,9,33243.8400000085,"C (partida 0,10 / 2R)"
MGC,london,2025-07-04,C,0.1,2.0,1,2025-07-04 09:54:00+01:00,2025-07-04 09:54:00+01:00,2025-07-04 10:03:00+01:00,3353.5,3351.4,3357.7000000000003,3351.3,stop,3,2.099999999999909,69.71999999999727,-60.0,3.7199999999999998,5.999999999994543,-69.71999999999454,-1.106666666666628,False,0.5130892164901639,9,33170.400000008536,"C (partida 0,10 / 2R)"
MGC,london,2025-07-07,C,0.1,2.0,1,2025-07-07 10:02:00+01:00,2025-07-07 10:02:00+01:00,2025-07-07 10:16:00+01:00,3320.2999999999997,3318.8,3323.3,3318.7000000000003,stop,4,1.4999999999995453,68.9599999999818,-55.99999999998545,4.96,7.999999999992724,-68.95999999997817,-1.1493333333333178,False,0.7853729658509572,10,33100.68000000854,"C (partida 0,10 / 2R)"
MGC,london,2025-07-08,C,0.1,2.0,-1,2025-07-08 09:02:00+01:00,2025-07-08 09:02:00+01:00,2025-07-08 09:06:00+01:00,3341.3,3342.4,3339.1000000000004,3339.1000000000004,objetivo,6,1.099999999999909,79.43999999999454,137.99999999998363,7.4399999999999995,5.999999999994543,124.55999999998909,1.8872727272727179,False,-1.842827779494439,9,33031.720000008565,"C (partida 0,10 / 2R)"
MGC,london,2025-07-08,C,0.1,2.0,-1,2025-07-08 09:37:00+01:00,2025-07-08 09:37:00+01:00,2025-07-08 09:59:00+01:00,3336.4,3337.9,3333.4,3333.4,objetivo,4,1.5,68.96,123.99999999999636,4.96,3.999999999996362,115.04,1.9173333333333333,False,-2.430179364944468,9,33156.280000008555,"C (partida 0,10 / 2R)"
MGC,london,2025-07-11,C,0.1,2.0,-1,2025-07-11 10:19:00+01:00,2025-07-11 10:19:00+01:00,2025-07-11 10:31:00+01:00,3344.7000000000003,3346.1,3341.9,3346.2,stop,5,1.3999999999996362,81.19999999998183,-64.99999999998636,6.2,9.999999999990905,-81.19999999997727,-1.1599999999999766,False,-0.9005875406346444,10,33271.320000008556,"C (partida 0,10 / 2R)"
MGC,london,2025-07-15,C,0.1,2.0,1,2025-07-15 09:09:00+01:00,2025-07-15 09:09:00+01:00,2025-07-15 09:14:00+01:00,3373.2999999999997,3372.3,3375.3,3372.2000000000003,stop,6,0.9999999999995453,73.43999999997271,-53.99999999997817,7.4399999999999995,11.999999999989086,-73.43999999996726,-1.2240000000000109,False,1.7532921573097568,9,33190.12000000858,"C (partida 0,10 / 2R)"
MGC,london,2025-07-15,C,0.1,2.0,1,2025-07-15 10:04:00+01:00,2025-07-15 10:04:00+01:00,2025-07-15 10:15:00+01:00,3372.0,3371.0,3374.0,3370.9,stop,6,1.0,73.44,-54.00000000000546,7.4399999999999995,11.999999999989086,-73.43999999999454,-1.223999999999909,False,0.257432968718198,10,33116.680000008615,"C (partida 0,10 / 2R)"
MGC,london,2025-07-21,C,0.1,2.0,-1,2025-07-21 08:41:00+01:00,2025-07-21 08:41:00+01:00,2025-07-21 11:00:00+01:00,3373.2000000000003,3374.7999999999997,3370.0,3374.0,cierre_sesion,4,1.5999999999994543,72.95999999997817,-23.999999999996362,4.96,7.999999999992724,-36.95999999998909,-0.5775000000000264,False,-2.0072386247052316,8,33043.24000000862,"C (partida 0,10 / 2R)"
MGC,london,2025-07-23,C,0.1,2.0,-1,2025-07-23 09:32:00+01:00,2025-07-23 09:32:00+01:00,2025-07-23 09:38:00+01:00,3436.4,3437.9,3433.4,3438.0,stop,4,1.5,68.96,-56.00000000000364,4.96,7.999999999992724,-68.95999999999636,-1.1493333333332727,False,-0.32445422309439126,9,33006.28000000863,"C (partida 0,10 / 2R)"
MGC,london,2025-07-23,C,0.1,2.0,-1,2025-07-23 09:49:00+01:00,2025-07-23 09:49:00+01:00,2025-07-23 09:49:00+01:00,3436.6,3437.6,3434.6000000000004,3437.7,stop,6,1.0,73.44,-54.00000000000546,7.4399999999999995,11.999999999989086,-73.43999999999454,-1.223999999999909,False,-0.14676270604197203,9,32937.32000000863,"C (partida 0,10 / 2R)"
MGC,london,2025-07-24,C,0.1,2.0,1,2025-07-24 08:31:00+01:00,2025-07-24 08:31:00+01:00,2025-07-24 08:31:00+01:00,3382.1,3380.9,3384.5,3380.8,stop,5,1.199999999999818,71.19999999999091,-54.99999999999545,6.2,9.999999999990905,-71.19999999998636,-1.1866666666666192,False,0.5198684084747351,8,32863.880000008634,"C (partida 0,10 / 2R)"
MGC,london,2025-07-29,C,0.1,2.0,1,2025-07-29 09:47:00+01:00,2025-07-29 09:47:00+01:00,2025-07-29 09:50:00+01:00,3326.5,3324.4,3330.7000000000003,3324.3,stop,3,2.099999999999909,69.71999999999727,-60.0,3.7199999999999998,5.999999999994543,-69.71999999999454,-1.106666666666628,False,2.378871156088874,9,32792.680000008644,"C (partida 0,10 / 2R)"
MGC,london,2025-07-29,C,0.1,2.0,1,2025-07-29 10:29:00+01:00,2025-07-29 10:29:00+01:00,2025-07-29 10:30:00+01:00,3324.2,3323.2000000000003,3326.2000000000003,3323.1000000000004,stop,6,0.9999999999995453,73.43999999997271,-53.99999999997817,7.4399999999999995,11.999999999989086,-73.43999999996726,-1.2240000000000109,False,0.6687271713877084,10,32722.96000000865,"C (partida 0,10 / 2R)"
MGC,london,2025-08-01,C,0.1,2.0,1,2025-08-01 10:37:00+01:00,2025-08-01 10:37:00+01:00,2025-08-01 10:49:00+01:00,3346.1,3345.1,3348.1000000000004,3348.1000000000004,objetivo,6,1.0,73.44,126.00000000002183,7.4399999999999995,5.999999999994543,112.56000000002729,1.8760000000004549,False,1.2391659196586198,10,32649.520000008684,"C (partida 0,10 / 2R)"
MGC,london,2025-08-04,C,0.1,2.0,-1,2025-08-04 09:01:00+01:00,2025-08-04 09:01:00+01:00,2025-08-04 09:12:00+01:00,3407.3,3408.9,3404.1000000000004,3409.0,stop,4,1.599999999999909,72.95999999999636,-60.0,4.96,7.999999999992724,-72.95999999999272,-1.139999999999951,False,-1.7989241871369739,9,32762.08000000871,"C (partida 0,10 / 2R)"
MGC,london,2025-08-04,C,0.1,2.0,1,2025-08-04 10:20:00+01:00,2025-08-04 10:20:00+01:00,2025-08-04 10:31:00+01:00,3413.1,3412.0,3415.3,3411.9,stop,6,1.099999999999909,79.43999999999454,-60.0,7.4399999999999995,11.999999999989086,-79.43999999998908,-1.2036363636362977,False,0.4748397892015049,10,32689.12000000872,"C (partida 0,10 / 2R)"
MGC,london,2025-08-05,C,0.1,2.0,1,2025-08-05 09:22:00+01:00,2025-08-05 09:22:00+01:00,2025-08-05 09:26:00+01:00,3428.1,3427.0,3430.3,3426.9,stop,6,1.099999999999909,79.43999999999454,-60.0,7.4399999999999995,11.999999999989086,-79.43999999998908,-1.2036363636362977,False,0.3630718377935378,9,32609.68000000873,"C (partida 0,10 / 2R)"
MGC,london,2025-08-06,C,0.1,2.0,-1,2025-08-06 10:11:00+01:00,2025-08-06 10:11:00+01:00,2025-08-06 10:15:00+01:00,3419.4,3420.4,3417.4,3420.5,stop,6,1.0,73.44,-54.00000000000546,7.4399999999999995,11.999999999989086,-73.43999999999454,-1.223999999999909,False,-1.0244701731488606,10,32530.240000008744,"C (partida 0,10 / 2R)"
MGC,london,2025-08-07,C,0.1,2.0,-1,2025-08-07 10:01:00+01:00,2025-08-07 10:01:00+01:00,2025-08-07 10:08:00+01:00,3451.9,3453.2,3449.3,3453.2999999999997,stop,5,1.2999999999997272,76.19999999998636,-59.999999999990905,6.2,9.999999999990905,-76.19999999998181,-1.1723076923076585,False,-1.0503425245584888,10,32456.80000000875,"C (partida 0,10 / 2R)"
MGC,london,2025-08-08,C,0.1,2.0,1,2025-08-08 08:33:00+01:00,2025-08-08 08:33:00+01:00,2025-08-08 08:33:00+01:00,3504.7999999999997,3503.4,3507.6000000000004,3503.3,stop,4,1.3999999999996362,64.95999999998546,-51.999999999989086,4.96,7.999999999992724,-64.9599999999818,-1.1599999999999766,False,3.167825329209053,8,32380.600000008766,"C (partida 0,10 / 2R)"
MGC,london,2025-08-08,C,0.1,2.0,-1,2025-08-08 09:25:00+01:00,2025-08-08 09:25:00+01:00,2025-08-08 09:27:00+01:00,3492.0,3493.2999999999997,3489.4,3489.4,objetivo,5,1.2999999999997272,76.19999999998636,134.9999999999909,6.2,4.9999999999954525,123.79999999999545,1.9046153846157143,False,-0.5847942052675488,9,32315.640000008785,"C (partida 0,10 / 2R)"
MGC,london,2025-08-11,C,0.1,2.0,-1,2025-08-11 08:32:00+01:00,2025-08-11 08:32:00+01:00,2025-08-11 08:38:00+01:00,3421.9,3423.7999999999997,3418.1000000000004,3418.1000000000004,objetivo,3,1.8999999999996362,63.719999999989085,116.99999999998909,3.7199999999999998,2.9999999999972715,110.27999999999182,1.93473684210549,False,-1.6302981609286187,8,32439.44000000878,"C (partida 0,10 / 2R)"
MGC,london,2025-08-11,C,0.1,2.0,-1,2025-08-11 09:15:00+01:00,2025-08-11 09:15:00+01:00,2025-08-11 09:15:00+01:00,3413.7000000000003,3415.4,3410.3,3415.5,stop,4,1.699999999999818,76.95999999999272,-63.99999999999636,4.96,7.999999999992724,-76.95999999998908,-1.1317647058823135,False,-1.3783218004980484,9,32549.720000008772,"C (partida 0,10 / 2R)"
MGC,london,2025-08-12,C,0.1,2.0,1,2025-08-12 09:10:00+01:00,2025-08-12 09:10:00+01:00,2025-08-12 09:12:00+01:00,3404.4,3402.9,3407.4,3402.8,stop,4,1.5,68.96,-56.00000000000364,4.96,7.999999999992724,-68.95999999999636,-1.1493333333332727,False,1.441696776500024,9,32472.760000008784,"C (partida 0,10 / 2R)"
MGC,london,2025-08-12,C,0.1,2.0,-1,2025-08-12 10:26:00+01:00,2025-08-12 10:26:00+01:00,2025-08-12 10:48:00+01:00,3398.0,3399.2,3395.6000000000004,3395.6000000000004,objetivo,5,1.199999999999818,71.19999999999091,124.99999999997726,6.2,4.9999999999954525,113.79999999998181,1.896666666666651,False,-0.21925626470298457,10,32403.80000000879,"C (partida 0,10 / 2R)"
MGC,london,2025-08-21,C,0.1,2.0,1,2025-08-21 09:55:00+01:00,2025-08-21 09:55:00+01:00,2025-08-21 09:59:00+01:00,3383.1,3382.1,3385.1000000000004,3382.0,stop,6,1.0,73.44,-54.00000000000546,7.4399999999999995,11.999999999989086,-73.43999999999454,-1.223999999999909,False,0.2819530312492993,9,32517.60000000877,"C (partida 0,10 / 2R)"
MGC,london,2025-08-28,C,0.1,2.0,1,2025-08-28 09:27:00+01:00,2025-08-28 09:27:00+01:00,2025-08-28 09:37:00+01:00,3451.0,3449.7000000000003,3453.6000000000004,3453.6000000000004,objetivo,5,1.2999999999997272,76.19999999998636,135.00000000001364,6.2,4.9999999999954525,123.80000000001819,1.904615384616064,False,0.10906735294993454,9,32444.160000008775,"C (partida 0,10 / 2R)"
MGC,london,2025-08-29,C,0.1,2.0,1,2025-08-29 09:34:00+01:00,2025-08-29 09:34:00+01:00,2025-08-29 09:50:00+01:00,3471.2999999999997,3470.0,3473.9,3469.9,stop,5,1.2999999999997272,76.19999999998636,-59.999999999990905,6.2,9.999999999990905,-76.19999999998181,-1.1723076923076585,False,0.6564936828777928,9,32567.960000008792,"C (partida 0,10 / 2R)"
MGC,london,2025-09-02,C,0.1,2.0,1,2025-09-02 10:41:00+01:00,2025-09-02 10:41:00+01:00,2025-09-02 10:43:00+01:00,3548.9,3547.5,3551.7000000000003,3547.4,stop,5,1.400000000000091,81.20000000000456,-65.0000000000091,6.2,9.999999999990905,-81.2,-1.1599999999999246,False,0.13242129403839806,10,32491.76000000881,"C (partida 0,10 / 2R)"
MGC,london,2025-09-03,C,0.1,2.0,1,2025-09-03 09:04:00+01:00,2025-09-03 09:04:00+01:00,2025-09-03 09:07:00+01:00,3602.1,3600.6,3605.1000000000004,3605.1000000000004,objetivo,4,1.5,68.96,124.00000000001455,4.96,3.999999999996362,115.0400000000182,1.9173333333336366,False,0.72819172748267,9,32410.56000000881,"C (partida 0,10 / 2R)"
MGC,london,2025-09-03,C,0.1,2.0,1,2025-09-03 09:39:00+01:00,2025-09-03 09:39:00+01:00,2025-09-03 09:40:00+01:00,3607.7,3605.6,3611.9,3605.5,stop,3,2.099999999999909,69.71999999999727,-60.0,3.7199999999999998,5.999999999994543,-69.71999999999454,-1.106666666666628,False,1.5916024510961027,9,32525.600000008828,"C (partida 0,10 / 2R)"
MGC,london,2025-09-04,C,0.1,2.0,1,2025-09-04 09:33:00+01:00,2025-09-04 09:33:00+01:00,2025-09-04 09:33:00+01:00,3602.7,3601.0,3606.1000000000004,3600.9,stop,4,1.699999999999818,76.95999999999272,-63.99999999999636,4.96,7.999999999992724,-76.95999999998908,-1.1317647058823135,False,1.1057103002344177,9,32455.880000008834,"C (partida 0,10 / 2R)"
MGC,london,2025-09-04,C,0.1,2.0,1,2025-09-04 09:36:00+01:00,2025-09-04 09:36:00+01:00,2025-09-04 09:45:00+01:00,3601.2999999999997,3599.1,3605.7000000000003,3599.0,stop,3,2.199999999999818,72.71999999999454,-62.99999999999727,3.7199999999999998,5.999999999994543,-72.71999999999181,-1.101818181818149,False,0.7552645524478593,9,32378.920000008846,"C (partida 0,10 / 2R)"
MGC,london,2025-09-05,C,0.1,2.0,-1,2025-09-05 09:50:00+01:00,2025-09-05 09:50:00+01:00,2025-09-05 09:57:00+01:00,3604.8,3606.2999999999997,3601.8,3601.8,objetivo,4,1.4999999999995453,68.9599999999818,123.99999999999636,4.96,3.999999999996362,115.04,1.9173333333339146,False,-0.3820260443969455,9,32306.200000008856,"C (partida 0,10 / 2R)"
MGC,london,2025-09-05,C,0.1,2.0,-1,2025-09-05 10:27:00+01:00,2025-09-05 10:27:00+01:00,2025-09-05 10:38:00+01:00,3604.9,3606.0,3602.7000000000003,3606.1,stop,6,1.099999999999909,79.43999999999454,-60.0,7.4399999999999995,11.999999999989086,-79.43999999998908,-1.2036363636362977,False,-0.29249944272418443,10,32421.240000008856,"C (partida 0,10 / 2R)"
MGC,london,2025-09-08,C,0.1,2.0,1,2025-09-08 09:18:00+01:00,2025-09-08 09:18:00+01:00,2025-09-08 09:19:00+01:00,3650.2,3649.2000000000003,3652.2000000000003,3652.2000000000003,objetivo,6,0.9999999999995453,73.43999999997271,126.00000000002183,7.4399999999999995,5.999999999994543,112.56000000002729,1.876000000001308,False,0.5560661536054765,9,32341.80000000887,"C (partida 0,10 / 2R)"
MGC,london,2025-09-08,C,0.1,2.0,1,2025-09-08 10:11:00+01:00,2025-09-08 10:11:00+01:00,2025-09-08 10:19:00+01:00,3653.1,3651.7000000000003,3655.9,3651.6000000000004,stop,4,1.3999999999996362,64.95999999998546,-51.999999999989086,4.96,7.999999999992724,-64.9599999999818,-1.1599999999999766,False,0.34882046415921875,10,32454.360000008895,"C (partida 0,10 / 2R)"
MGC,london,2025-09-10,C,0.1,2.0,1,2025-09-10 08:42:00+01:00,2025-09-10 08:42:00+01:00,2025-09-10 08:44:00+01:00,3685.6,3684.6,3687.6000000000004,3684.5,stop,6,1.0,73.44,-54.00000000000546,7.4399999999999995,11.999999999989086,-73.43999999999454,-1.223999999999909,False,0.3997116339665966,8,32389.400000008915,"C (partida 0,10 / 2R)"
MGC,london,2025-09-10,C,0.1,2.0,1,2025-09-10 09:16:00+01:00,2025-09-10 09:16:00+01:00,2025-09-10 09:18:00+01:00,3684.7999999999997,3683.2000000000003,3688.0,3683.1000000000004,stop,4,1.5999999999994543,72.95999999997817,-59.99999999998181,4.96,7.999999999992724,-72.95999999997453,-1.1399999999999908,False,0.10734720404669784,9,32315.96000000892,"C (partida 0,10 / 2R)"
MGC,london,2025-09-12,C,0.1,2.0,-1,2025-09-12 09:11:00+01:00,2025-09-12 09:11:00+01:00,2025-09-12 09:52:00+01:00,3684.9,3687.7,3679.3,3679.3,objetivo,2,2.799999999999727,60.47999999999454,113.99999999999636,2.48,1.999999999998181,109.51999999999818,1.9557142857144438,False,-1.0466330997971631,9,32243.000000008946,"C (partida 0,10 / 2R)"
MGC,london,2025-09-12,C,0.1,2.0,-1,2025-09-12 10:41:00+01:00,2025-09-12 10:41:00+01:00,2025-09-12 10:42:00+01:00,3680.7000000000003,3682.0,3678.1000000000004,3682.1,stop,5,1.2999999999997272,76.19999999998636,-59.999999999990905,6.2,9.999999999990905,-76.19999999998181,-1.1723076923076585,False,-0.31172746167048726,10,32352.520000008943,"C (partida 0,10 / 2R)"
MGC,london,2025-09-15,C,0.1,2.0,1,2025-09-15 09:56:00+01:00,2025-09-15 09:56:00+01:00,2025-09-15 10:21:00+01:00,3680.7,3678.6,3684.9,3678.5,stop,3,2.099999999999909,69.71999999999727,-60.0,3.7199999999999998,5.999999999994543,-69.71999999999454,-1.106666666666628,False,0.24820004362127657,9,32276.32000000896,"C (partida 0,10 / 2R)"
MGC,london,2025-09-16,C,0.1,2.0,1,2025-09-16 10:12:00+01:00,2025-09-16 10:12:00+01:00,2025-09-16 10:51:00+01:00,3732.7999999999997,3731.4,3735.6000000000004,3735.6000000000004,objetivo,4,1.3999999999996362,64.95999999998546,116.00000000002183,4.96,3.999999999996362,107.04000000002547,1.911428571429523,False,0.4768252680078639,10,32206.600000008966,"C (partida 0,10 / 2R)"
MGC,london,2025-09-17,C,0.1,2.0,-1,2025-09-17 09:38:00+01:00,2025-09-17 09:38:00+01:00,2025-09-17 09:40:00+01:00,3699.4,3701.1,3696.0,3701.2,stop,4,1.699999999999818,76.95999999999272,-63.99999999999636,4.96,7.999999999992724,-76.95999999998908,-1.1317647058823135,False,-1.3181936484070824,9,32313.640000008993,"C (partida 0,10 / 2R)"
MGC,london,2025-09-19,C,0.1,2.0,1,2025-09-19 09:31:00+01:00,2025-09-19 09:31:00+01:00,2025-09-19 10:45:00+01:00,3686.7999999999997,3684.7000000000003,3691.0,3691.0,objetivo,3,2.0999999999994543,69.71999999998363,129.00000000000546,3.7199999999999998,2.9999999999972715,122.28000000000819,1.9409523809530154,False,0.34503773617630684,9,32236.680000009004,"C (partida 0,10 / 2R)"
MGC,london,2025-09-22,C,0.1,2.0,1,2025-09-22 09:03:00+01:00,2025-09-22 09:03:00+01:00,2025-09-22 09:07:00+01:00,3749.7999999999997,3748.2000000000003,3753.0,3753.0,objetivo,4,1.5999999999994543,72.95999999997817,132.00000000000728,4.96,3.999999999996362,123.04000000001092,1.9225000000008263,False,0.4349406004155815,9,32358.960000009014,"C (partida 0,10 / 2R)"
MGC,london,2025-09-23,C,0.1,2.0,1,2025-09-23 09:02:00+01:00,2025-09-23 09:02:00+01:00,2025-09-23 09:07:00+01:00,3789.6,3788.1,3792.6000000000004,3788.0,stop,4,1.5,68.96,-56.00000000000364,4.96,7.999999999992724,-68.95999999999636,-1.1493333333332727,False,0.9374567175156842,9,32482.000000009026,"C (partida 0,10 / 2R)"
MGC,london,2025-09-25,C,0.1,2.0,1,2025-09-25 09:53:00+01:00,2025-09-25 09:53:00+01:00,2025-09-25 10:02:00+01:00,3787.2,3785.5,3790.6000000000004,3785.4,stop,4,1.699999999999818,76.95999999999272,-63.99999999999636,4.96,7.999999999992724,-76.95999999998908,-1.1317647058823135,False,0.5331692048939354,9,32413.04000000903,"C (partida 0,10 / 2R)"
MGC,london,2025-09-29,C,0.1,2.0,1,2025-09-29 09:34:00+01:00,2025-09-29 09:34:00+01:00,2025-09-29 09:46:00+01:00,3843.6,3842.5,3845.8,3845.8,objetivo,6,1.099999999999909,79.43999999999454,138.0000000000109,7.4399999999999995,5.999999999994543,124.56000000001637,1.8872727272731313,False,0.2537011135631905,9,32336.080000009042,"C (partida 0,10 / 2R)"
MGC,london,2025-09-30,C,0.1,2.0,-1,2025-09-30 10:06:00+01:00,2025-09-30 10:06:00+01:00,2025-09-30 10:07:00+01:00,3845.1,3846.5,3842.3,3842.3,objetivo,4,1.400000000000091,64.96000000000365,115.99999999998545,4.96,3.999999999996362,107.03999999998909,1.9114285714282524,False,-1.7536536473877902,10,32460.640000009058,"C (partida 0,10 / 2R)"
MGC,london,2025-10-01,C,0.1,2.0,1,2025-10-01 10:42:00+01:00,2025-10-01 10:42:00+01:00,2025-10-01 10:45:00+01:00,3917.7999999999997,3915.8,3921.8,3915.7000000000003,stop,3,1.9999999999995453,66.71999999998636,-56.999999999989086,3.7199999999999998,5.999999999994543,-66.71999999998363,-1.11199999999998,False,0.48690371199208793,10,32567.680000009048,"C (partida 0,10 / 2R)"
MGC,london,2025-10-02,C,0.1,2.0,-1,2025-10-02 09:08:00+01:00,2025-10-02 09:08:00+01:00,2025-10-02 09:08:00+01:00,3890.7000000000003,3892.2,3887.7000000000003,3892.2999999999997,stop,4,1.4999999999995453,68.9599999999818,-55.99999999998545,4.96,7.999999999992724,-68.95999999997817,-1.1493333333333178,False,-0.4661077967072152,9,32500.960000009065,"C (partida 0,10 / 2R)"
MGC,london,2025-10-02,C,0.1,2.0,1,2025-10-02 10:17:00+01:00,2025-10-02 10:17:00+01:00,2025-10-02 10:20:00+01:00,3901.1,3900.1,3903.1000000000004,3903.1000000000004,objetivo,6,1.0,73.44,126.00000000002183,7.4399999999999995,5.999999999994543,112.56000000002729,1.8760000000004549,False,1.1756505524648182,10,32432.000000009088,"C (partida 0,10 / 2R)"
MGC,london,2025-10-06,C,0.1,2.0,1,2025-10-06 09:52:00+01:00,2025-10-06 09:52:00+01:00,2025-10-06 10:24:00+01:00,3967.7999999999997,3965.4,3972.6000000000004,3965.3,stop,3,2.399999999999636,78.71999999998908,-68.99999999999181,3.7199999999999998,5.999999999994543,-78.71999999998636,-1.0933333333333095,False,0.18516557022396238,9,32544.560000009114,"C (partida 0,10 / 2R)"
MGC,london,2025-10-07,C,0.1,2.0,-1,2025-10-07 08:45:00+01:00,2025-10-07 08:45:00+01:00,2025-10-07 08:48:00+01:00,3972.5,3974.6,3968.3,3974.7,stop,3,2.099999999999909,69.71999999999727,-60.0,3.7199999999999998,5.999999999994543,-69.71999999999454,-1.106666666666628,False,-0.9353815932064703,8,32465.840000009128,"C (partida 0,10 / 2R)"
MGC,london,2025-10-08,C,0.1,2.0,1,2025-10-08 10:08:00+01:00,2025-10-08 10:08:00+01:00,2025-10-08 10:08:00+01:00,4062.0,4060.7000000000003,4064.6000000000004,4060.6000000000004,stop,5,1.2999999999997272,76.19999999998636,-59.999999999990905,6.2,9.999999999990905,-76.19999999998181,-1.1723076923076585,False,0.18276124086803558,10,32396.120000009134,"C (partida 0,10 / 2R)"
MGC,london,2025-10-09,C,0.1,2.0,1,2025-10-09 10:15:00+01:00,2025-10-09 10:15:00+01:00,2025-10-09 10:17:00+01:00,4060.0,4057.7000000000003,4064.6000000000004,4057.6000000000004,stop,3,2.299999999999727,75.71999999999181,-65.99999999999454,3.7199999999999998,5.999999999994543,-75.71999999998908,-1.097391304347798,False,0.9725184422724902,10,32319.92000000915,"C (partida 0,10 / 2R)"
MGC,london,2025-10-10,C,0.1,2.0,1,2025-10-10 10:25:00+01:00,2025-10-10 10:25:00+01:00,2025-10-10 10:25:00+01:00,4008.5,4007.0,4011.5,4006.9,stop,4,1.5,68.96,-56.00000000000364,4.96,7.999999999992724,-68.95999999999636,-1.1493333333332727,False,2.6480203274630445,10,32244.20000000916,"C (partida 0,10 / 2R)"
MGC,london,2025-10-10,C,0.1,2.0,1,2025-10-10 10:29:00+01:00,2025-10-10 10:29:00+01:00,2025-10-10 10:41:00+01:00,4009.0,4006.4,4014.2000000000003,4014.2000000000003,objetivo,2,2.599999999999909,56.47999999999818,106.00000000000364,2.48,1.999999999998181,101.52000000000545,1.9523076923078655,False,2.5827377523924486,10,32175.240000009166,"C (partida 0,10 / 2R)"
MGC,london,2025-10-13,C,0.1,2.0,1,2025-10-13 08:43:00+01:00,2025-10-13 08:43:00+01:00,2025-10-13 08:57:00+01:00,4092.4,4090.2000000000003,4096.8,4090.1000000000004,stop,3,2.199999999999818,72.71999999999454,-62.99999999999727,3.7199999999999998,5.999999999994543,-72.71999999999181,-1.101818181818149,False,1.5798102483841838,8,32276.76000000917,"C (partida 0,10 / 2R)"
MGC,london,2025-10-13,C,0.1,2.0,1,2025-10-13 09:07:00+01:00,2025-10-13 09:07:00+01:00,2025-10-13 09:08:00+01:00,4094.2999999999997,4092.6,4097.7,4092.5,stop,4,1.699999999999818,76.95999999999272,-63.99999999999636,4.96,7.999999999992724,-76.95999999998908,-1.1317647058823135,False,0.49250603213875893,9,32204.04000000918,"C (partida 0,10 / 2R)"
MGC,london,2025-10-14,C,0.1,2.0,1,2025-10-14 09:54:00+01:00,2025-10-14 09:54:00+01:00,2025-10-14 10:00:00+01:00,4155.5,4154.299999999999,4157.900000000001,4154.199999999999,stop,5,1.2000000000007276,71.20000000003638,-55.00000000001819,6.2,10.00000000003638,-71.20000000005457,-1.1866666666668566,False,1.2644683795569314,9,32127.08000000919,"C (partida 0,10 / 2R)"
MGC,london,2025-10-15,C,0.1,2.0,1,2025-10-15 09:32:00+01:00,2025-10-15 09:32:00+01:00,2025-10-15 09:58:00+01:00,4233.400000000001,4229.4,4241.400000000001,4229.299999999999,stop,1,4.0000000000009095,42.2400000000091,-39.00000000000546,1.24,2.000000000007276,-42.240000000012735,-1.0560000000000782,False,2.0010776182487016,9,32055.880000009136,"C (partida 0,10 / 2R)"
MGC,london,2025-10-16,C,0.1,2.0,1,2025-10-16 08:55:00+01:00,2025-10-16 08:55:00+01:00,2025-10-16 08:55:00+01:00,4244.3,4243.299999999999,4246.3,4243.199999999999,stop,6,1.0000000000009095,73.44000000005457,-54.00000000003274,7.4399999999999995,12.000000000043656,-73.4400000000764,-1.22400000000016,False,0.18261645090397982,8,32013.640000009123,"C (partida 0,10 / 2R)"
MGC,london,2025-10-17,C,0.1,2.0,-1,2025-10-17 08:42:00+01:00,2025-10-17 08:42:00+01:00,2025-10-17 08:42:00+01:00,4353.7,4356.200000000001,4348.7,4356.300000000001,stop,2,2.5000000000009095,54.48000000001819,-48.000000000010914,2.48,4.000000000014552,-54.48000000002546,-1.089600000000113,False,-2.3143932096997633,8,31940.20000000905,"C (partida 0,10 / 2R)"
MGC,london,2025-10-17,C,0.1,2.0,-1,2025-10-17 08:52:00+01:00,2025-10-17 08:52:00+01:00,2025-10-17 08:53:00+01:00,4350.599999999999,4353.900000000001,4344.0,4344.0,objetivo,2,3.3000000000010914,70.48000000002183,133.99999999999636,2.48,2.000000000007276,129.5199999999891,1.9624242424234282,False,-0.4031109591237031,8,31885.720000009023,"C (partida 0,10 / 2R)"
MGC,london,2025-10-20,C,0.1,2.0,1,2025-10-20 08:59:00+01:00,2025-10-20 08:59:00+01:00,2025-10-20 09:00:00+01:00,4270.6,4268.5,4274.8,4268.4,stop,3,2.100000000000364,69.72000000001091,-60.0,3.7199999999999998,6.000000000021828,-69.72000000002183,-1.1066666666668215,False,0.9295993597010206,8,32015.240000009013,"C (partida 0,10 / 2R)"
MGC,london,2025-10-20,C,0.1,2.0,1,2025-10-20 09:04:00+01:00,2025-10-20 09:04:00+01:00,2025-10-20 09:49:00+01:00,4273.200000000001,4269.5,4280.6,4269.4,stop,2,3.7000000000007276,78.48000000001456,-72.00000000000728,2.48,4.000000000014552,-78.48000000002183,-1.060540540540627,False,0.8432779091797152,9,31945.52000000899,"C (partida 0,10 / 2R)"
MGC,london,2025-10-21,C,0.1,2.0,-1,2025-10-21 10:06:00+01:00,2025-10-21 10:06:00+01:00,2025-10-21 10:26:00+01:00,4278.099999999999,4283.5,4267.3,4283.6,stop,1,5.400000000000546,56.24000000000546,-53.00000000000182,1.24,2.000000000007276,-56.2400000000091,-1.0414814814815447,False,-0.7047057622718277,10,31867.04000000897,"C (partida 0,10 / 2R)"
MGC,london,2025-10-21,C,0.1,2.0,-1,2025-10-21 10:42:00+01:00,2025-10-21 10:42:00+01:00,2025-10-21 10:42:00+01:00,4281.0,4282.3,4278.400000000001,4282.400000000001,stop,5,1.300000000000182,76.2000000000091,-59.999999999990905,6.2,10.00000000003638,-76.20000000002729,-1.172307692307948,False,-0.6291400662204385,10,31810.80000000896,"C (partida 0,10 / 2R)"
MGC,london,2025-10-22,C,0.1,2.0,-1,2025-10-22 09:41:00+01:00,2025-10-22 09:41:00+01:00,2025-10-22 09:41:00+01:00,4112.5,4118.700000000001,4100.1,4100.1,objetivo,1,6.200000000000728,64.24000000000729,125.0,1.24,1.000000000003638,122.75999999999637,1.979999999999709,False,-2.8057876844407605,9,31734.600000008933,"C (partida 0,10 / 2R)"
MGC,london,2025-10-22,C,0.1,2.0,-1,2025-10-22 10:12:00+01:00,2025-10-22 10:12:00+01:00,2025-10-22 10:12:00+01:00,4095.1,4098.400000000001,4088.5,4088.5,objetivo,2,3.3000000000006366,70.48000000001274,133.99999999999636,2.48,1.999999999998181,129.5199999999982,1.9624242424238365,False,-0.7381984670248255,10,31857.36000000893,"C (partida 0,10 / 2R)"
MGC,london,2025-10-23,C,0.1,2.0,1,2025-10-23 09:49:00+01:00,2025-10-23 09:49:00+01:00,2025-10-23 10:17:00+01:00,4128.700000000001,4123.9,4138.3,4138.3,objetivo,1,4.800000000001091,50.240000000010916,96.99999999999818,1.24,1.000000000003638,94.75999999999455,1.9741666666661042,False,0.32771205831271943,9,31986.880000008925,"C (partida 0,10 / 2R)"
MGC,london,2025-10-24,C,0.1,2.0,-1,2025-10-24 09:42:00+01:00,2025-10-24 09:42:00+01:00,2025-10-24 09:43:00+01:00,4064.9,4070.5,4053.7000000000003,4070.6,stop,1,5.599999999999909,58.23999999999909,-55.0,1.24,1.999999999998181,-58.23999999999818,-1.0399999999999845,False,-1.7146244249634148,9,32081.64000000892,"C (partida 0,10 / 2R)"
MGC,london,2025-10-27,C,0.1,2.0,-1,2025-10-27 09:56:00+00:00,2025-10-27 09:56:00+00:00,2025-10-27 10:00:00+00:00,4055.0,4056.4,4052.2000000000003,4052.2000000000003,objetivo,4,1.400000000000091,64.96000000000365,115.99999999998545,4.96,3.999999999996362,107.03999999998909,1.9114285714282524,False,-0.14810509226455257,9,32023.40000000892,"C (partida 0,10 / 2R)"
MGC,london,2025-10-28,C,0.1,2.0,-1,2025-10-28 09:56:00+00:00,2025-10-28 09:56:00+00:00,2025-10-28 09:59:00+00:00,3912.7000000000003,3916.4,3905.3,3916.5,stop,2,3.699999999999818,78.47999999999637,-71.99999999999818,2.48,3.999999999996362,-78.47999999999455,-1.060540540540519,False,-0.17603774504378022,9,32130.44000000891,"C (partida 0,10 / 2R)"
MGC,london,2025-10-28,C,0.1,2.0,-1,2025-10-28 10:15:00+00:00,2025-10-28 10:15:00+00:00,2025-10-28 10:17:00+00:00,3915.8,3917.7,3912.0,3917.7999999999997,stop,3,1.8999999999996362,63.719999999989085,-53.999999999991815,3.7199999999999998,5.999999999994543,-63.719999999986356,-1.11789473684208,False,-0.1466234327708407,10,32051.960000008916,"C (partida 0,10 / 2R)"
MGC,london,2025-10-29,C,0.1,2.0,1,2025-10-29 09:33:00+00:00,2025-10-29 09:33:00+00:00,2025-10-29 09:45:00+00:00,4030.9,4029.3,4034.1000000000004,4034.1000000000004,objetivo,4,1.599999999999909,72.95999999999636,132.00000000000728,4.96,3.999999999996362,123.04000000001092,1.9225000000002799,False,0.9970568994808813,9,31988.24000000893,"C (partida 0,10 / 2R)"
MGC,london,2025-10-29,C,0.1,2.0,1,2025-10-29 10:18:00+00:00,2025-10-29 10:18:00+00:00,2025-10-29 10:33:00+00:00,4039.6,4036.4,4046.0,4036.3,stop,2,3.199999999999818,68.47999999999637,-61.99999999999818,2.48,3.999999999996362,-68.47999999999455,-1.0699999999999756,False,1.0841902788821296,10,32111.28000000894,"C (partida 0,10 / 2R)"
MGC,london,2025-11-03,C,0.1,2.0,-1,2025-11-03 08:55:00+00:00,2025-11-03 08:55:00+00:00,2025-11-03 08:58:00+00:00,4026.1,4027.7,4022.9,4027.7999999999997,stop,4,1.599999999999909,72.95999999999636,-60.0,4.96,7.999999999992724,-72.95999999999272,-1.139999999999951,False,-2.0721665422515425,8,32042.800000008945,"C (partida 0,10 / 2R)"
MGC,london,2025-11-03,C,0.1,2.0,-1,2025-11-03 10:31:00+00:00,2025-11-03 10:31:00+00:00,2025-11-03 10:32:00+00:00,4007.9,4009.1,4005.5,4009.2,stop,5,1.199999999999818,71.19999999999091,-54.99999999999545,6.2,9.999999999990905,-71.19999999998636,-1.1866666666666192,True,-1.0926621109229695,10,31969.840000008953,"C (partida 0,10 / 2R)"
MGC,london,2025-11-05,C,0.1,2.0,1,2025-11-05 08:57:00+00:00,2025-11-05 08:57:00+00:00,2025-11-05 08:58:00+00:00,3993.0,3991.6,3995.8,3991.5,stop,4,1.400000000000091,64.96000000000365,-52.000000000007276,4.96,7.999999999992724,-64.96,-1.1599999999999244,False,0.16003610411914562,8,31898.640000008967,"C (partida 0,10 / 2R)"
MGC,london,2025-11-05,C,0.1,2.0,-1,2025-11-05 09:46:00+00:00,2025-11-05 09:46:00+00:00,2025-11-05 09:47:00+00:00,3979.3,3980.5,3976.9,3980.6,stop,5,1.199999999999818,71.19999999999091,-54.99999999999545,6.2,9.999999999990905,-71.19999999998636,-1.1866666666666192,False,-1.9091821447710908,9,31833.680000008968,"C (partida 0,10 / 2R)"
MGC,london,2025-11-07,C,0.1,2.0,-1,2025-11-07 10:15:00+00:00,2025-11-07 10:15:00+00:00,2025-11-07 10:23:00+00:00,4013.5,4015.5,4009.5,4015.6,stop,3,2.0,66.72,-57.00000000000273,3.7199999999999998,5.999999999994543,-66.71999999999727,-1.1119999999999546,False,-0.16230252799623326,10,31762.48000000898,"C (partida 0,10 / 2R)"
MGC,london,2025-11-07,C,0.1,2.0,-1,2025-11-07 10:33:00+00:00,2025-11-07 10:33:00+00:00,2025-11-07 10:37:00+00:00,4012.3,4014.2999999999997,4008.3,4014.3999999999996,stop,3,1.9999999999995453,66.71999999998636,-56.999999999989086,3.7199999999999998,5.999999999994543,-66.71999999998363,-1.11199999999998,False,-0.2500809169659726,10,31695.760000008984,"C (partida 0,10 / 2R)"
MGC,london,2025-11-10,C,0.1,2.0,1,2025-11-10 08:51:00+00:00,2025-11-10 08:51:00+00:00,2025-11-10 08:57:00+00:00,4090.7999999999997,4088.3,4095.8,4088.2000000000003,stop,2,2.4999999999995453,54.4799999999909,-47.999999999992724,2.48,3.999999999996362,-54.47999999998908,-1.08959999999998,False,0.5364978115044654,8,31629.040000009,"C (partida 0,10 / 2R)"
MGC,london,2025-11-11,C,0.1,2.0,1,2025-11-11 10:19:00+00:00,2025-11-11 10:19:00+00:00,2025-11-11 10:20:00+00:00,4148.8,4147.599999999999,4151.2,4147.499999999999,stop,5,1.2000000000007276,71.20000000003638,-55.00000000001819,6.2,10.00000000003638,-71.20000000005457,-1.1866666666668566,False,0.4229937360691183,10,31574.560000009013,"C (partida 0,10 / 2R)"
MGC,london,2025-11-12,C,0.1,2.0,-1,2025-11-12 10:09:00+00:00,2025-11-12 10:09:00+00:00,2025-11-12 10:09:00+00:00,4129.0,4130.3,4126.400000000001,4130.400000000001,stop,5,1.300000000000182,76.2000000000091,-59.999999999990905,6.2,10.00000000003638,-76.20000000002729,-1.172307692307948,False,-0.12058866501511474,10,31503.360000008957,"C (partida 0,10 / 2R)"
MGC,london,2025-11-13,C,0.1,2.0,1,2025-11-13 09:18:00+00:00,2025-11-13 09:18:00+00:00,2025-11-13 09:24:00+00:00,4240.400000000001,4237.9,4245.400000000001,4237.799999999999,stop,2,2.5000000000009095,54.48000000001819,-48.000000000010914,2.48,4.000000000014552,-54.48000000002546,-1.089600000000113,False,0.3444717696153465,9,31427.16000000893,"C (partida 0,10 / 2R)"
MGC,london,2025-11-14,C,0.1,2.0,-1,2025-11-14 09:18:00+00:00,2025-11-14 09:18:00+00:00,2025-11-14 09:27:00+00:00,4176.799999999999,4179.400000000001,4171.6,4171.6,objetivo,2,2.6000000000012733,56.48000000002546,105.99999999998545,2.48,2.000000000007276,101.51999999997817,1.9523076923063163,False,-0.8160954026842518,9,31372.680000008906,"C (partida 0,10 / 2R)"
MGC,london,2025-11-17,C,0.1,2.0,1,2025-11-17 10:03:00+00:00,2025-11-17 10:03:00+00:00,2025-11-17 10:05:00+00:00,4088.7999999999997,4087.1,4092.2000000000003,4086.9,stop_hueco,4,1.699999999999818,76.95999999999272,-67.99999999999272,4.96,7.999999999992724,-80.95999999998544,-1.190588235294031,False,0.3194344916298078,10,31474.200000008885,"C (partida 0,10 / 2R)"
MGC,london,2025-11-18,C,0.1,2.0,1,2025-11-18 09:18:00+00:00,2025-11-18 09:18:00+00:00,2025-11-18 09:18:00+00:00,4039.0,4036.7000000000003,4043.6000000000004,4036.6000000000004,stop,3,2.299999999999727,75.71999999999181,-65.99999999999454,3.7199999999999998,5.999999999994543,-75.71999999998908,-1.097391304347798,False,0.6849457671749256,9,31393.2400000089,"C (partida 0,10 / 2R)"
MGC,london,2025-11-18,C,0.1,2.0,1,2025-11-18 09:46:00+00:00,2025-11-18 09:46:00+00:00,2025-11-18 09:51:00+00:00,4037.2999999999997,4035.4,4041.1000000000004,4041.1000000000004,objetivo,3,1.8999999999996362,63.719999999989085,117.00000000001637,3.7199999999999998,2.9999999999972715,110.2800000000191,1.9347368421059687,False,0.343703725177315,9,31317.52000000891,"C (partida 0,10 / 2R)"
MGC,london,2025-11-19,C,0.1,2.0,-1,2025-11-19 08:37:00+00:00,2025-11-19 08:37:00+00:00,2025-11-19 08:37:00+00:00,4083.6,4085.2999999999997,4080.2000000000003,4085.3999999999996,stop,4,1.699999999999818,76.95999999999272,-63.99999999999636,4.96,7.999999999992724,-76.95999999998908,-1.1317647058823135,False,-0.5207908712280277,8,31427.80000000893,"C (partida 0,10 / 2R)"
MGC,london,2025-11-19,C,0.1,2.0,1,2025-11-19 08:58:00+00:00,2025-11-19 08:58:00+00:00,2025-11-19 09:00:00+00:00,4084.2,4083.2000000000003,4086.2000000000003,4083.1000000000004,stop,6,0.9999999999995453,73.43999999997271,-53.99999999997817,7.4399999999999995,11.999999999989086,-73.43999999996726,-1.2240000000000109,False,0.22007066530632963,8,31350.840000008942,"C (partida 0,10 / 2R)"
MGC,london,2025-11-20,C,0.1,2.0,1,2025-11-20 09:53:00+00:00,2025-11-20 09:53:00+00:00,2025-11-20 09:57:00+00:00,4066.5,4063.6,4072.3,4063.5,stop,2,2.900000000000091,62.480000000001816,-56.00000000000364,2.48,3.999999999996362,-62.48,-1.077241379310311,False,0.60682870296625,9,31277.400000008976,"C (partida 0,10 / 2R)"
MGC,london,2025-11-20,C,0.1,2.0,1,2025-11-20 10:33:00+00:00,2025-11-20 10:33:00+00:00,2025-11-20 10:37:00+00:00,4064.1,4062.0,4068.3,4061.9,stop,3,2.099999999999909,69.71999999999727,-60.0,3.7199999999999998,5.999999999994543,-69.71999999999454,-1.106666666666628,False,0.35521779165177647,10,31214.920000008977,"C (partida 0,10 / 2R)"
MGC,london,2025-11-21,C,0.1,2.0,1,2025-11-21 09:02:00+00:00,2025-11-21 09:02:00+00:00,2025-11-21 09:14:00+00:00,4044.0,4038.8,4054.4,4054.4,objetivo,1,5.199999999999818,54.23999999999818,105.0,1.24,0.9999999999990905,102.76000000000091,1.976153846153933,False,0.8534949413297523,9,31145.200000008983,"C (partida 0,10 / 2R)"
MGC,london,2025-11-24,C,0.1,2.0,1,2025-11-24 09:39:00+00:00,2025-11-24 09:39:00+00:00,2025-11-24 09:41:00+00:00,4068.7999999999997,4067.7000000000003,4071.0,4067.6000000000004,stop,5,1.0999999999994543,66.19999999997272,-49.99999999997726,6.2,9.999999999990905,-66.19999999996817,-1.203636363636382,False,1.463404355926055,9,31247.960000008985,"C (partida 0,10 / 2R)"
MGC,london,2025-11-24,C,0.1,2.0,1,2025-11-24 09:56:00+00:00,2025-11-24 09:56:00+00:00,2025-11-24 09:56:00+00:00,4068.7999999999997,4067.2000000000003,4072.0,4067.1000000000004,stop,4,1.5999999999994543,72.95999999997817,-59.99999999998181,4.96,7.999999999992724,-72.95999999997453,-1.1399999999999908,False,0.3932668453706797,9,31181.760000009017,"C (partida 0,10 / 2R)"
MGC,london,2025-11-25,C,0.1,2.0,-1,2025-11-25 09:30:00+00:00,2025-11-25 09:30:00+00:00,2025-11-25 09:30:00+00:00,4121.299999999999,4122.400000000001,4119.1,4122.500000000001,stop,5,1.1000000000012733,66.20000000006367,-50.000000000045475,6.2,10.00000000003638,-66.20000000008186,-1.2036363636364587,False,-0.1884210024618705,9,31108.800000009043,"C (partida 0,10 / 2R)"
MGC,london,2025-12-02,C,0.1,2.0,-1,2025-12-02 10:02:00+00:00,2025-12-02 10:02:00+00:00,2025-12-02 10:03:00+00:00,4221.799999999999,4222.900000000001,4219.6,4223.000000000001,stop,5,1.1000000000012733,66.20000000006367,-50.000000000045475,6.2,10.00000000003638,-66.20000000008186,-1.2036363636364587,False,-3.2299895124513807,10,31042.600000008963,"C (partida 0,10 / 2R)"
MGC,london,2025-12-03,C,0.1,2.0,-1,2025-12-03 08:40:00+00:00,2025-12-03 08:40:00+00:00,2025-12-03 08:41:00+00:00,4234.799999999999,4236.8,4230.8,4236.900000000001,stop,3,2.0000000000009095,66.72000000002728,-57.00000000001637,3.7199999999999998,6.000000000021828,-66.7200000000382,-1.1120000000001309,False,-0.20735001741899825,8,30976.40000000888,"C (partida 0,10 / 2R)"
MGC,london,2025-12-03,C,0.1,2.0,-1,2025-12-03 09:49:00+00:00,2025-12-03 09:49:00+00:00,2025-12-03 09:49:00+00:00,4230.7,4231.8,4228.5,4231.900000000001,stop,5,1.1000000000003638,66.20000000001819,-50.0,6.2,10.00000000003638,-66.20000000003638,-1.203636363636627,False,-0.5262771198234969,9,30909.680000008844,"C (partida 0,10 / 2R)"
MGC,london,2025-12-04,C,0.1,2.0,1,2025-12-04 08:33:00+00:00,2025-12-04 08:33:00+00:00,2025-12-04 08:35:00+00:00,4223.3,4220.9,4228.1,4220.799999999999,stop,2,2.4000000000005457,52.48000000001091,-46.00000000000364,2.48,4.000000000014552,-52.48000000001819,-1.0933333333334636,False,0.2698088608662913,8,30843.480000008807,"C (partida 0,10 / 2R)"
MGC,london,2025-12-04,C,0.1,2.0,-1,2025-12-04 09:16:00+00:00,2025-12-04 09:16:00+00:00,2025-12-04 09:22:00+00:00,4217.4,4218.900000000001,4214.400000000001,4219.000000000001,stop,4,1.5000000000009095,68.96000000003637,-56.00000000002183,4.96,8.000000000029104,-68.96000000005093,-1.1493333333334852,False,-1.1375475540490079,9,30791.00000000879,"C (partida 0,10 / 2R)"
MGC,london,2025-12-05,C,0.1,2.0,1,2025-12-05 10:21:00+00:00,2025-12-05 10:21:00+00:00,2025-12-05 10:29:00+00:00,4255.200000000001,4253.7,4258.2,4253.599999999999,stop,4,1.5000000000009095,68.96000000003637,-56.00000000002183,4.96,8.000000000029104,-68.96000000005093,-1.1493333333334852,False,0.4061599538061215,10,30722.04000000874,"C (partida 0,10 / 2R)"
MGC,london,2025-12-08,C,0.1,2.0,-1,2025-12-08 08:58:00+00:00,2025-12-08 08:58:00+00:00,2025-12-08 08:58:00+00:00,4237.0,4238.0,4235.0,4238.1,stop,6,1.0,73.44,-53.99999999997817,7.4399999999999995,12.000000000043656,-73.44000000002183,-1.2240000000003637,False,-0.5790557765313895,8,30653.08000000869,"C (partida 0,10 / 2R)"
MGC,london,2025-12-08,C,0.1,2.0,-1,2025-12-08 09:23:00+00:00,2025-12-08 09:23:00+00:00,2025-12-08 09:24:00+00:00,4235.799999999999,4237.1,4233.2,4237.200000000001,stop,5,1.3000000000010914,76.20000000005457,-60.00000000003638,6.2,10.00000000003638,-76.20000000007276,-1.1723076923078275,False,-0.4106186147011877,9,30579.64000000867,"C (partida 0,10 / 2R)"
MGC,london,2025-12-09,C,0.1,2.0,1,2025-12-09 10:12:00+00:00,2025-12-09 10:12:00+00:00,2025-12-09 10:39:00+00:00,4234.700000000001,4232.799999999999,4238.5,4232.599999999999,stop_hueco,3,1.9000000000014552,63.720000000043655,-57.00000000001637,3.7199999999999998,6.000000000021828,-66.7200000000382,-1.1705263157892474,False,0.7918243933932143,10,30503.440000008595,"C (partida 0,10 / 2R)"
MGC,london,2025-12-10,C,0.1,2.0,-1,2025-12-10 09:33:00+00:00,2025-12-10 09:33:00+00:00,2025-12-10 09:43:00+00:00,4224.7,4226.200000000001,4221.7,4221.7,objetivo,4,1.5000000000009095,68.96000000003637,124.00000000001455,4.96,4.000000000014552,115.04,1.917333333332171,False,-1.0868444952199656,9,30436.720000008558,"C (partida 0,10 / 2R)"
MGC,london,2025-12-11,C,0.1,2.0,1,2025-12-11 08:38:00+00:00,2025-12-11 08:38:00+00:00,2025-12-11 08:47:00+00:00,4245.900000000001,4243.0,4251.7,4242.9,stop,2,2.9000000000005457,62.48000000001091,-56.00000000000364,2.48,4.000000000014552,-62.48000000001819,-1.0772413793104556,False,0.7245892513484512,8,30551.76000000856,"C (partida 0,10 / 2R)"
MGC,london,2025-12-12,C,0.1,2.0,1,2025-12-12 09:49:00+00:00,2025-12-12 09:49:00+00:00,2025-12-12 09:54:00+00:00,4345.3,4343.2,4349.5,4349.5,objetivo,3,2.100000000000364,69.72000000001091,129.00000000000546,3.7199999999999998,3.000000000010914,122.27999999999454,1.9409523809519582,False,1.551964761790558,9,30489.28000000854,"C (partida 0,10 / 2R)"
MGC,london,2025-12-15,C,0.1,2.0,1,2025-12-15 09:14:00+00:00,2025-12-15 09:14:00+00:00,2025-12-15 09:18:00+00:00,4382.6,4380.299999999999,4387.2,4380.199999999999,stop,3,2.3000000000010914,75.72000000003274,-66.00000000002183,3.7199999999999998,6.000000000021828,-75.72000000004365,-1.097391304347938,False,0.8633756457454471,9,30611.560000008536,"C (partida 0,10 / 2R)"
MGC,london,2025-12-15,C,0.1,2.0,1,2025-12-15 09:30:00+00:00,2025-12-15 09:30:00+00:00,2025-12-15 09:32:00+00:00,4381.700000000001,4380.7,4383.7,4383.7,objetivo,6,1.0000000000009095,73.44000000005457,125.99999999996726,7.4399999999999995,6.000000000021828,112.55999999994543,1.8759999999973844,False,0.6407671140467318,9,30535.84000000849,"C (partida 0,10 / 2R)"
MGC,london,2025-12-16,C,0.1,2.0,-1,2025-12-16 08:39:00+00:00,2025-12-16 08:39:00+00:00,2025-12-16 08:41:00+00:00,4303.4,4306.900000000001,4296.400000000001,4307.000000000001,stop,2,3.5000000000009095,74.4800000000182,-68.00000000001091,2.48,4.000000000014552,-74.48000000002547,-1.0640000000000873,False,-2.54357081153228,8,30648.400000008438,"C (partida 0,10 / 2R)"
MGC,london,2025-12-16,C,0.1,2.0,1,2025-12-16 09:14:00+00:00,2025-12-16 09:14:00+00:00,2025-12-16 09:25:00+00:00,4311.3,4309.799999999999,4314.3,4309.699999999999,stop,4,1.5000000000009095,68.96000000003637,-56.00000000002183,4.96,8.000000000029104,-68.96000000005093,-1.1493333333334852,False,1.4335817937100526,9,30573.920000008413,"C (partida 0,10 / 2R)"
MGC,london,2025-12-17,C,0.1,2.0,1,2025-12-17 08:50:00+00:00,2025-12-17 08:50:00+00:00,2025-12-17 09:02:00+00:00,4347.8,4346.299999999999,4350.8,4350.9,objetivo_hueco,4,1.5000000000009095,68.96000000003637,127.99999999999272,4.96,4.000000000014552,119.03999999997818,1.9839999999984332,False,0.3798888731353659,8,30504.960000008363,"C (partida 0,10 / 2R)"
MGC,london,2025-12-17,C,0.1,2.0,1,2025-12-17 09:29:00+00:00,2025-12-17 09:29:00+00:00,2025-12-17 09:30:00+00:00,4351.6,4350.0,4354.8,4349.9,stop,4,1.6000000000003638,72.96000000001455,-60.0,4.96,8.000000000029104,-72.9600000000291,-1.1400000000001955,False,0.8015857001964729,9,30624.000000008342,"C (partida 0,10 / 2R)"
MGC,london,2025-12-18,C,0.1,2.0,-1,2025-12-18 09:22:00+00:00,2025-12-18 09:22:00+00:00,2025-12-18 09:22:00+00:00,4356.7,4357.8,4354.5,4357.900000000001,stop,5,1.1000000000003638,66.20000000001819,-50.0,6.2,10.00000000003638,-66.20000000003638,-1.203636363636627,False,-0.698486769213144,9,30551.040000008314,"C (partida 0,10 / 2R)"
MGC,london,2025-12-18,C,0.1,2.0,-1,2025-12-18 10:31:00+00:00,2025-12-18 10:31:00+00:00,2025-12-18 10:34:00+00:00,4353.599999999999,4355.1,4350.6,4355.200000000001,stop,4,1.5000000000009095,68.96000000003637,-56.00000000002183,4.96,8.000000000029104,-68.96000000005093,-1.1493333333334852,False,-0.21017197081053832,10,30484.840000008277,"C (partida 0,10 / 2R)"
MGC,london,2025-12-19,C,0.1,2.0,1,2025-12-19 09:41:00+00:00,2025-12-19 09:41:00+00:00,2025-12-19 09:44:00+00:00,4356.5,4355.0,4359.5,4359.5,objetivo,4,1.5,68.96,124.00000000001455,4.96,4.000000000014552,115.04,1.9173333333333333,False,0.3202315211305749,9,30415.880000008226,"C (partida 0,10 / 2R)"
MGC,london,2025-12-19,C,0.1,2.0,1,2025-12-19 10:00:00+00:00,2025-12-19 10:00:00+00:00,2025-12-19 10:18:00+00:00,4358.5,4357.2,4361.1,4357.099999999999,stop,5,1.300000000000182,76.2000000000091,-59.999999999990905,6.2,10.00000000003638,-76.20000000002729,-1.172307692307948,False,1.1211954132697188,9,30530.920000008227,"C (partida 0,10 / 2R)"
MGC,london,2025-12-22,C,0.1,2.0,1,2025-12-22 08:31:00+00:00,2025-12-22 08:31:00+00:00,2025-12-22 08:32:00+00:00,4447.0,4445.7,4449.6,4445.599999999999,stop,4,1.300000000000182,60.96000000000728,-47.999999999992724,4.96,8.000000000029104,-60.96000000002183,-1.172307692307948,False,0.39698853580669907,8,30454.7200000082,"C (partida 0,10 / 2R)"
MGC,london,2025-12-22,C,0.1,2.0,1,2025-12-22 10:05:00+00:00,2025-12-22 10:05:00+00:00,2025-12-22 10:11:00+00:00,4447.8,4446.4,4450.6,4446.299999999999,stop,4,1.4000000000005457,64.96000000002184,-52.000000000007276,4.96,8.000000000029104,-64.96000000003637,-1.1600000000001973,False,0.3669853972278323,10,30393.76000000818,"C (partida 0,10 / 2R)"
MGC,london,2025-12-23,C,0.1,2.0,1,2025-12-23 08:36:00+00:00,2025-12-23 08:36:00+00:00,2025-12-23 08:44:00+00:00,4520.6,4519.4,4523.0,4523.0,objetivo,5,1.2000000000007276,71.20000000003638,125.0,6.2,5.00000000001819,113.79999999998181,1.8966666666652134,False,0.25534114207483116,8,30328.800000008145,"C (partida 0,10 / 2R)"
MGC,london,2025-12-23,C,0.1,2.0,-1,2025-12-23 10:35:00+00:00,2025-12-23 10:35:00+00:00,2025-12-23 10:51:00+00:00,4515.099999999999,4516.900000000001,4511.5,4517.000000000001,stop,3,1.8000000000010914,60.72000000003274,-51.00000000002183,3.7199999999999998,6.000000000021828,-60.720000000043655,-1.1244444444445711,False,-0.13742086014369417,10,30442.600000008126,"C (partida 0,10 / 2R)"
MGC,london,2025-12-24,C,0.1,2.0,1,2025-12-24 09:13:00+00:00,2025-12-24 09:13:00+00:00,2025-12-24 09:15:00+00:00,4513.400000000001,4511.599999999999,4517.0,4517.0,objetivo,3,1.8000000000010914,60.72000000003274,110.99999999999454,3.7199999999999998,3.000000000010914,104.27999999998363,1.931111111109637,False,0.2848108476197621,9,30381.88000000808,"C (partida 0,10 / 2R)"
MGC,london,2025-12-24,C,0.1,2.0,1,2025-12-24 09:41:00+00:00,2025-12-24 09:41:00+00:00,2025-12-24 09:42:00+00:00,4515.900000000001,4514.799999999999,4518.1,4518.2,objetivo_hueco,5,1.1000000000012733,66.20000000006367,119.99999999998181,6.2,5.00000000001819,108.79999999996362,1.9781818181788668,False,0.7119195429461547,9,30486.160000008065,"C (partida 0,10 / 2R)"
MGC,london,2025-12-26,C,0.1,2.0,1,2025-12-26 08:47:00+00:00,2025-12-26 08:47:00+00:00,2025-12-26 08:54:00+00:00,4546.8,4545.5,4549.400000000001,4545.4,stop,5,1.300000000000182,76.2000000000091,-59.999999999990905,6.2,10.00000000003638,-76.20000000002729,-1.172307692307948,False,1.5577673855066534,8,30594.960000008028,"C (partida 0,10 / 2R)"
MGC,london,2025-12-26,C,0.1,2.0,1,2025-12-26 09:27:00+00:00,2025-12-26 09:27:00+00:00,2025-12-26 09:32:00+00:00,4549.200000000001,4547.799999999999,4552.0,4547.699999999999,stop,4,1.4000000000014552,64.96000000005822,-52.000000000043656,4.96,8.000000000029104,-64.96000000007275,-1.1600000000000934,False,1.2594161270462543,9,30518.760000008002,"C (partida 0,10 / 2R)"
MGC,london,2025-12-29,C,0.1,2.0,-1,2025-12-29 09:34:00+00:00,2025-12-29 09:34:00+00:00,2025-12-29 09:40:00+00:00,4482.799999999999,4485.3,4477.8,4485.400000000001,stop,2,2.5000000000009095,54.48000000001819,-48.000000000010914,2.48,4.000000000014552,-54.48000000002546,-1.089600000000113,False,-0.6373292671524012,9,30453.80000000793,"C (partida 0,10 / 2R)"
MGC,london,2025-12-30,C,0.1,2.0,1,2025-12-30 09:53:00+00:00,2025-12-30 09:53:00+00:00,2025-12-30 09:55:00+00:00,4386.3,4385.099999999999,4388.7,4388.7,objetivo,5,1.2000000000007276,71.20000000003638,125.0,6.2,5.00000000001819,113.79999999998181,1.8966666666652134,False,0.47205174793265475,9,30399.320000007905,"C (partida 0,10 / 2R)"
MGC,london,2025-12-31,C,0.1,2.0,-1,2025-12-31 08:32:00+00:00,2025-12-31 08:32:00+00:00,2025-12-31 08:43:00+00:00,4335.099999999999,4337.400000000001,4330.5,4330.5,objetivo,3,2.3000000000010914,75.72000000003274,140.99999999999454,3.7199999999999998,3.000000000010914,134.27999999998363,1.9460869565205785,False,-3.2303737697980446,8,30513.120000007886,"C (partida 0,10 / 2R)"
MGC,london,2025-12-31,C,0.1,2.0,-1,2025-12-31 09:19:00+00:00,2025-12-31 09:19:00+00:00,2025-12-31 09:19:00+00:00,4323.4,4325.200000000001,4319.8,4325.300000000001,stop,3,1.8000000000010914,60.72000000003274,-51.00000000002183,3.7199999999999998,6.000000000021828,-60.720000000043655,-1.1244444444445711,False,-2.5547335314072024,9,30647.40000000787,"C (partida 0,10 / 2R)"
MGC,london,2026-01-02,C,0.1,2.0,-1,2026-01-02 09:40:00+00:00,2026-01-02 09:40:00+00:00,2026-01-02 09:40:00+00:00,4398.9,4400.1,4396.5,4400.200000000001,stop,5,1.2000000000007276,71.20000000003638,-55.00000000001819,6.2,10.00000000003638,-71.20000000005457,-1.1866666666668566,False,-0.10505870660505447,9,30586.680000007826,"C (partida 0,10 / 2R)"
MGC,london,2026-01-02,C,0.1,2.0,-1,2026-01-02 09:51:00+00:00,2026-01-02 09:51:00+00:00,2026-01-02 09:51:00+00:00,4398.9,4400.1,4396.5,4400.200000000001,stop,5,1.2000000000007276,71.20000000003638,-55.00000000001819,6.2,10.00000000003638,-71.20000000005457,-1.1866666666668566,False,-0.18994090671353872,9,30515.48000000777,"C (partida 0,10 / 2R)"
MGC,london,2026-01-05,C,0.1,2.0,1,2026-01-05 08:41:00+00:00,2026-01-05 08:41:00+00:00,2026-01-05 08:45:00+00:00,4437.700000000001,4435.599999999999,4441.900000000001,4441.900000000001,objetivo,3,2.1000000000012733,69.7200000000382,129.00000000000546,3.7199999999999998,3.000000000010914,122.27999999999454,1.9409523809511176,False,2.7342307710211693,8,30444.280000007715,"C (partida 0,10 / 2R)"
MGC,london,2026-01-06,C,0.1,2.0,-1,2026-01-06 10:29:00+00:00,2026-01-06 10:29:00+00:00,2026-01-06 10:30:00+00:00,4459.299999999999,4460.6,4456.7,4460.700000000001,stop,5,1.3000000000010914,76.20000000005457,-60.00000000003638,6.2,10.00000000003638,-76.20000000007276,-1.1723076923078275,False,-1.0000895021939598,10,30566.56000000771,"C (partida 0,10 / 2R)"
MGC,london,2026-01-07,C,0.1,2.0,-1,2026-01-07 10:03:00+00:00,2026-01-07 10:03:00+00:00,2026-01-07 10:03:00+00:00,4471.299999999999,4472.900000000001,4468.1,4473.000000000001,stop,4,1.6000000000012733,72.96000000005093,-60.00000000003638,4.96,8.000000000029104,-72.96000000006548,-1.1400000000001158,False,-0.2842955224197345,10,30490.360000007637,"C (partida 0,10 / 2R)"
MGC,london,2026-01-07,C,0.1,2.0,-1,2026-01-07 10:27:00+00:00,2026-01-07 10:27:00+00:00,2026-01-07 10:33:00+00:00,4470.599999999999,4472.900000000001,4466.0,4473.000000000001,stop,3,2.3000000000010914,75.72000000003274,-66.00000000002183,3.7199999999999998,6.000000000021828,-75.72000000004365,-1.097391304347938,False,-0.18775855350780044,10,30417.400000007572,"C (partida 0,10 / 2R)"
MGC,london,2026-01-13,C,0.1,2.0,1,2026-01-13 09:09:00+00:00,2026-01-13 09:09:00+00:00,2026-01-13 09:18:00+00:00,4603.8,4601.7,4608.0,4601.599999999999,stop,3,2.100000000000364,69.72000000001091,-60.0,3.7199999999999998,6.000000000021828,-69.72000000002183,-1.1066666666668215,False,0.8009221604267722,9,30341.680000007527,"C (partida 0,10 / 2R)"
MGC,london,2026-01-15,C,0.1,2.0,1,2026-01-15 08:40:00+00:00,2026-01-15 08:40:00+00:00,2026-01-15 08:46:00+00:00,4609.5,4607.799999999999,4612.900000000001,4607.699999999999,stop,3,1.7000000000007276,57.72000000002183,-48.000000000010914,3.7199999999999998,6.000000000021828,-57.72000000003274,-1.1317647058825104,False,0.6194928826637063,8,30271.960000007504,"C (partida 0,10 / 2R)"
MGC,london,2026-01-16,C,0.1,2.0,-1,2026-01-16 08:36:00+00:00,2026-01-16 08:36:00+00:00,2026-01-16 08:43:00+00:00,4609.7,4610.8,4607.5,4607.5,objetivo,5,1.1000000000003638,66.20000000001819,115.0000000000091,6.2,5.00000000001819,103.7999999999909,1.8872727272719376,False,-0.2573574225294455,8,30214.24000000747,"C (partida 0,10 / 2R)"
MGC,london,2026-01-16,C,0.1,2.0,-1,2026-01-16 09:16:00+00:00,2026-01-16 09:16:00+00:00,2026-01-16 10:05:00+00:00,4606.599999999999,4608.900000000001,4602.0,4609.000000000001,stop,3,2.3000000000010914,75.72000000003274,-66.00000000002183,3.7199999999999998,6.000000000021828,-75.72000000004365,-1.097391304347938,False,-0.5961914078731453,9,30318.040000007462,"C (partida 0,10 / 2R)"
MGC,london,2026-01-19,C,0.1,2.0,1,2026-01-19 09:44:00+00:00,2026-01-19 09:44:00+00:00,2026-01-19 09:55:00+00:00,4674.0,4672.799999999999,4676.400000000001,4672.699999999999,stop,5,1.2000000000007276,71.20000000003638,-55.00000000001819,6.2,10.00000000003638,-71.20000000005457,-1.1866666666668566,False,0.2229948500685109,9,30242.320000007418,"C (partida 0,10 / 2R)"
MGC,london,2026-01-20,C,0.1,2.0,1,2026-01-20 09:25:00+00:00,2026-01-20 09:25:00+00:00,2026-01-20 09:25:00+00:00,4734.5,4733.5,4736.5,4733.4,stop,6,1.0,73.44,-53.99999999997817,7.4399999999999995,12.000000000043656,-73.44000000002183,-1.2240000000003637,False,1.0880361857692196,9,30171.120000007362,"C (partida 0,10 / 2R)"
MGC,london,2026-01-21,C,0.1,2.0,1,2026-01-21 08:40:00+00:00,2026-01-21 08:40:00+00:00,2026-01-21 08:41:00+00:00,4867.200000000001,4864.4,4872.8,4864.299999999999,stop,2,2.8000000000010914,60.480000000021825,-54.00000000001455,2.48,4.000000000014552,-60.4800000000291,-1.0800000000000987,False,1.1589102121060761,8,30097.68000000734,"C (partida 0,10 / 2R)"
MGC,london,2026-01-22,C,0.1,2.0,-1,2026-01-22 10:08:00+00:00,2026-01-22 10:08:00+00:00,2026-01-22 10:09:00+00:00,4822.4,4823.8,4819.6,4823.900000000001,stop,4,1.4000000000005457,64.96000000002184,-52.000000000007276,4.96,8.000000000029104,-64.96000000003637,-1.1600000000001973,False,-1.1880041249396958,10,30037.200000007313,"C (partida 0,10 / 2R)"
MGC,london,2026-01-27,C,0.1,2.0,-1,2026-01-27 08:54:00+00:00,2026-01-27 08:54:00+00:00,2026-01-27 08:54:00+00:00,5074.099999999999,5076.5,5069.3,5076.6,stop,2,2.4000000000005457,52.48000000001091,-46.00000000000364,2.48,4.000000000014552,-52.48000000001819,-1.0933333333334636,False,-1.0703725915410884,8,29972.240000007278,"C (partida 0,10 / 2R)"
MGC,london,2026-01-27,C,0.1,2.0,-1,2026-01-27 09:00:00+00:00,2026-01-27 09:00:00+00:00,2026-01-27 09:00:00+00:00,5074.9,5077.1,5070.5,5077.200000000001,stop,3,2.2000000000007276,72.72000000002183,-63.000000000010914,3.7199999999999998,6.000000000021828,-72.72000000003274,-1.1018181818183135,False,-0.8069202308809662,8,29919.76000000726,"C (partida 0,10 / 2R)"
MGC,london,2026-02-02,C,0.1,2.0,1,2026-02-02 08:42:00+00:00,2026-02-02 08:42:00+00:00,2026-02-02 08:42:00+00:00,4650.400000000001,4644.099999999999,4663.0,4663.0,objetivo,1,6.300000000001091,65.24000000001091,126.99999999999818,1.24,1.000000000003638,124.75999999999455,1.9803174603170308,False,1.8813676218948907,8,29847.040000007226,"C (partida 0,10 / 2R)"
MGC,london,2026-02-04,C,0.1,2.0,-1,2026-02-04 08:53:00+00:00,2026-02-04 08:53:00+00:00,2026-02-04 08:54:00+00:00,5096.799999999999,5100.400000000001,5089.6,5100.500000000001,stop,1,3.6000000000012733,38.240000000012735,-35.000000000009095,1.24,2.000000000007276,-38.24000000001637,-1.0622222222223012,False,-0.7523848693072112,8,29971.80000000722,"C (partida 0,10 / 2R)"
MGC,london,2026-02-05,C,0.1,2.0,-1,2026-02-05 10:21:00+00:00,2026-02-05 10:21:00+00:00,2026-02-05 10:21:00+00:00,4882.5,4888.6,4870.3,4888.700000000001,stop,1,6.100000000000364,63.24000000000364,-60.0,1.24,2.000000000007276,-63.24000000000728,-1.0367213114754674,False,-1.0703843761163971,10,29933.560000007205,"C (partida 0,10 / 2R)"
MGC,london,2026-02-06,C,0.1,2.0,1,2026-02-06 09:47:00+00:00,2026-02-06 09:47:00+00:00,2026-02-06 09:47:00+00:00,4883.400000000001,4882.099999999999,4886.0,4881.999999999999,stop,4,1.3000000000010914,60.96000000004366,-48.000000000029104,4.96,8.000000000029104,-60.96000000005821,-1.1723076923078275,False,0.2804246675596018,9,29870.320000007196,"C (partida 0,10 / 2R)"
MGC,london,2026-02-06,C,0.1,2.0,1,2026-02-06 10:36:00+00:00,2026-02-06 10:36:00+00:00,2026-02-06 10:36:00+00:00,4891.8,4889.599999999999,4896.2,4889.499999999999,stop,3,2.2000000000007276,72.72000000002183,-63.000000000010914,3.7199999999999998,6.000000000021828,-72.72000000003274,-1.1018181818183135,False,0.2251019309461545,10,29809.36000000714,"C (partida 0,10 / 2R)"
MGC,london,2026-02-09,C,0.1,2.0,1,2026-02-09 09:02:00+00:00,2026-02-09 09:02:00+00:00,2026-02-09 09:03:00+00:00,5049.6,5046.099999999999,5056.6,5056.6,objetivo,1,3.5000000000009095,37.2400000000091,71.00000000000364,1.24,1.000000000003638,68.76,1.9645714285709182,False,0.8257403734901436,9,29736.640000007104,"C (partida 0,10 / 2R)"
MGC,london,2026-02-09,C,0.1,2.0,-1,2026-02-09 10:26:00+00:00,2026-02-09 10:26:00+00:00,2026-02-09 10:27:00+00:00,5021.099999999999,5027.3,5008.700000000001,5008.700000000001,objetivo,1,6.200000000000728,64.24000000000729,124.9999999999909,1.24,1.000000000003638,122.75999999998727,1.9799999999995623,False,-1.0117563343923488,10,29805.400000007103,"C (partida 0,10 / 2R)"
MGC,london,2026-02-10,C,0.1,2.0,1,2026-02-10 09:03:00+00:00,2026-02-10 09:03:00+00:00,2026-02-10 09:08:00+00:00,5070.200000000001,5067.299999999999,5076.0,5076.0,objetivo,2,2.900000000001455,62.4800000000291,117.99999999999272,2.48,2.000000000007276,113.51999999998544,1.9572413793091117,False,2.0132024101820982,9,29928.16000000709,"C (partida 0,10 / 2R)"
MGC,london,2026-02-10,C,0.1,2.0,1,2026-02-10 09:22:00+00:00,2026-02-10 09:22:00+00:00,2026-02-10 09:32:00+00:00,5075.200000000001,5070.2,5085.200000000001,5070.099999999999,stop_hueco,1,5.0000000000009095,52.2400000000091,-49.00000000000546,1.24,2.000000000007276,-52.240000000012735,-1.0448000000000646,False,1.06734999401943,9,30041.680000007076,"C (partida 0,10 / 2R)"
MGC,london,2026-02-11,C,0.1,2.0,-1,2026-02-11 09:06:00+00:00,2026-02-11 09:06:00+00:00,2026-02-11 09:10:00+00:00,5073.2,5076.6,5066.400000000001,5076.700000000001,stop,2,3.4000000000005457,72.48000000001092,-66.00000000000364,2.48,4.000000000014552,-72.4800000000182,-1.0658823529412729,False,-0.21902643160550128,9,29989.440000007064,"C (partida 0,10 / 2R)"
MGC,london,2026-02-12,C,0.1,2.0,1,2026-02-12 09:44:00+00:00,2026-02-12 09:44:00+00:00,2026-02-12 09:49:00+00:00,5096.0,5094.0,5100.0,5093.9,stop,3,2.0,66.72,-56.999999999989086,3.7199999999999998,6.000000000021828,-66.72000000001091,-1.112000000000182,False,0.7308983243714593,9,29916.960000007046,"C (partida 0,10 / 2R)"
MGC,london,2026-02-13,C,0.1,2.0,-1,2026-02-13 10:01:00+00:00,2026-02-13 10:01:00+00:00,2026-02-13 10:04:00+00:00,4988.799999999999,4991.0,4984.400000000001,4991.1,stop,3,2.2000000000007276,72.72000000002183,-63.000000000010914,3.7199999999999998,6.000000000021828,-72.72000000003274,-1.1018181818183135,False,-0.5555975215143247,10,29850.240000007034,"C (partida 0,10 / 2R)"
MGC,london,2026-02-13,C,0.1,2.0,-1,2026-02-13 10:20:00+00:00,2026-02-13 10:20:00+00:00,2026-02-13 10:20:00+00:00,4987.099999999999,4990.900000000001,4979.5,4991.000000000001,stop,1,3.8000000000010914,40.240000000010916,-37.000000000007276,1.24,2.000000000007276,-40.240000000014554,-1.0589473684211315,False,-0.3538801642802431,10,29777.520000007,"C (partida 0,10 / 2R)"
MGC,london,2026-02-16,C,0.1,2.0,1,2026-02-16 08:52:00+00:00,2026-02-16 08:52:00+00:00,2026-02-16 08:54:00+00:00,5026.400000000001,5025.4,5028.400000000001,5025.299999999999,stop,6,1.0000000000009095,73.44000000005457,-54.00000000003274,7.4399999999999995,12.000000000043656,-73.4400000000764,-1.22400000000016,False,0.17837146033496037,8,29737.280000006984,"C (partida 0,10 / 2R)"
MGC,london,2026-02-16,C,0.1,2.0,1,2026-02-16 09:39:00+00:00,2026-02-16 09:39:00+00:00,2026-02-16 09:43:00+00:00,5033.900000000001,5032.599999999999,5036.5,5032.499999999999,stop,4,1.3000000000010914,60.96000000004366,-48.000000000029104,4.96,8.000000000029104,-60.96000000005821,-1.1723076923078275,False,0.9025490958451279,9,29663.84000000691,"C (partida 0,10 / 2R)"
MGC,london,2026-02-17,C,0.1,2.0,-1,2026-02-17 09:44:00+00:00,2026-02-17 09:44:00+00:00,2026-02-17 09:44:00+00:00,4938.5,4939.5,4936.5,4939.6,stop,6,1.0,73.44,-53.99999999997817,7.4399999999999995,12.000000000043656,-73.44000000002183,-1.2240000000003637,False,-0.25895064630300696,9,29602.88000000685,"C (partida 0,10 / 2R)"
MGC,london,2026-02-18,C,0.1,2.0,-1,2026-02-18 09:37:00+00:00,2026-02-18 09:37:00+00:00,2026-02-18 09:38:00+00:00,4937.7,4939.200000000001,4934.700000000001,4939.300000000001,stop,4,1.5000000000009095,68.96000000003637,-56.00000000002183,4.96,8.000000000029104,-68.96000000005093,-1.1493333333334852,False,-0.8368279168137644,9,29529.44000000683,"C (partida 0,10 / 2R)"
MGC,london,2026-02-18,C,0.1,2.0,-1,2026-02-18 10:01:00+00:00,2026-02-18 10:01:00+00:00,2026-02-18 10:01:00+00:00,4938.2,4939.6,4935.400000000001,4939.700000000001,stop,4,1.4000000000005457,64.96000000002184,-52.000000000007276,4.96,8.000000000029104,-64.96000000003637,-1.1600000000001973,False,-0.30486649705551455,10,29460.48000000678,"C (partida 0,10 / 2R)"
MGC,london,2026-02-20,C,0.1,2.0,-1,2026-02-20 10:26:00+00:00,2026-02-20 10:26:00+00:00,2026-02-20 10:29:00+00:00,5044.0,5046.6,5038.8,5046.700000000001,stop,2,2.600000000000364,56.48000000000727,-50.0,2.48,4.000000000014552,-56.48000000001455,-1.086153846153974,False,-0.12143360307180852,10,29395.520000006745,"C (partida 0,10 / 2R)"
MGC,london,2026-02-23,C,0.1,2.0,1,2026-02-23 09:49:00+00:00,2026-02-23 09:49:00+00:00,2026-02-23 09:50:00+00:00,5168.3,5167.299999999999,5170.3,5167.199999999999,stop,5,1.0000000000009095,61.20000000004548,-45.000000000027285,6.2,10.00000000003638,-61.20000000006367,-1.22400000000016,False,1.1284659123713061,9,29339.04000000673,"C (partida 0,10 / 2R)"
MGC,london,2026-02-23,C,0.1,2.0,1,2026-02-23 10:15:00+00:00,2026-02-23 10:15:00+00:00,2026-02-23 10:24:00+00:00,5170.5,5168.4,5174.700000000001,5174.700000000001,objetivo,3,2.100000000000364,69.72000000001091,129.00000000003274,3.7199999999999998,3.000000000010914,122.28000000002183,1.9409523809523912,False,0.99476630565148,10,29277.84000000667,"C (partida 0,10 / 2R)"
MGC,london,2026-02-24,C,0.1,2.0,1,2026-02-24 09:01:00+00:00,2026-02-24 09:01:00+00:00,2026-02-24 09:05:00+00:00,5193.5,5191.4,5197.700000000001,5197.700000000001,objetivo,3,2.100000000000364,69.72000000001091,129.00000000003274,3.7199999999999998,3.000000000010914,122.28000000002183,1.9409523809523912,False,0.6372226927171507,9,29400.12000000669,"C (partida 0,10 / 2R)"
MGC,london,2026-02-26,C,0.1,2.0,-1,2026-02-26 09:05:00+00:00,2026-02-26 09:05:00+00:00,2026-02-26 09:07:00+00:00,5190.099999999999,5193.1,5184.1,5193.200000000001,stop,2,3.0000000000009095,64.48000000001818,-58.000000000010914,2.48,4.000000000014552,-64.48000000002547,-1.0746666666667655,False,-1.0000411931006106,9,29522.40000000671,"C (partida 0,10 / 2R)"
MGC,london,2026-02-27,C,0.1,2.0,-1,2026-02-27 08:54:00+00:00,2026-02-27 08:54:00+00:00,2026-02-27 09:01:00+00:00,5194.7,5197.3,5189.5,5197.400000000001,stop,2,2.600000000000364,56.48000000000727,-50.0,2.48,4.000000000014552,-56.48000000001455,-1.086153846153974,False,-0.23931901730477662,8,29457.920000006685,"C (partida 0,10 / 2R)"
MGC,london,2026-02-27,C,0.1,2.0,-1,2026-02-27 10:32:00+00:00,2026-02-27 10:32:00+00:00,2026-02-27 10:32:00+00:00,5190.9,5192.200000000001,5188.3,5192.300000000001,stop,4,1.3000000000010914,60.96000000004366,-48.000000000029104,4.96,8.000000000029104,-60.96000000005821,-1.1723076923078275,False,-0.48792331223215973,10,29401.44000000667,"C (partida 0,10 / 2R)"
MGC,london,2026-03-02,C,0.1,2.0,-1,2026-03-02 09:42:00+00:00,2026-03-02 09:42:00+00:00,2026-03-02 09:42:00+00:00,5409.2,5411.700000000001,5404.200000000001,5411.800000000001,stop,2,2.5000000000009095,54.48000000001819,-48.000000000010914,2.48,4.000000000014552,-54.48000000002546,-1.089600000000113,False,-0.5993180661870591,9,29340.480000006613,"C (partida 0,10 / 2R)"
MGC,london,2026-03-02,C,0.1,2.0,-1,2026-03-02 09:46:00+00:00,2026-03-02 09:46:00+00:00,2026-03-02 10:06:00+00:00,5406.599999999999,5411.900000000001,5396.0,5396.0,objetivo,1,5.300000000001091,55.240000000010916,106.99999999999818,1.24,1.000000000003638,104.75999999999455,1.9766037735843958,False,-0.569127707839863,9,29286.00000000659,"C (partida 0,10 / 2R)"
MGC,london,2026-03-03,C,0.1,2.0,-1,2026-03-03 10:17:00+00:00,2026-03-03 10:17:00+00:00,2026-03-03 10:18:00+00:00,5280.5,5286.200000000001,5269.1,5286.300000000001,stop,1,5.700000000000728,59.24000000000728,-56.00000000000364,1.24,2.000000000007276,-59.240000000010916,-1.039298245614094,False,-0.17286855485141564,10,29390.760000006583,"C (partida 0,10 / 2R)"
MGC,london,2026-03-04,C,0.1,2.0,1,2026-03-04 09:19:00+00:00,2026-03-04 09:19:00+00:00,2026-03-04 09:30:00+00:00,5184.5,5180.4,5192.700000000001,5180.299999999999,stop,1,4.100000000000364,43.24000000000364,-40.0,1.24,2.000000000007276,-43.24000000000728,-1.0546341463415474,False,0.6407219049588075,9,29331.52000000657,"C (partida 0,10 / 2R)"
MGC,london,2026-03-06,C,0.1,2.0,-1,2026-03-06 09:01:00+00:00,2026-03-06 09:01:00+00:00,2026-03-06 09:09:00+00:00,5114.2,5117.900000000001,5106.8,5106.8,objetivo,1,3.7000000000007276,39.24000000000728,75.0,1.24,1.000000000003638,72.75999999999637,1.9664864864860017,False,-0.7297486399728238,9,29288.28000000656,"C (partida 0,10 / 2R)"
MGC,london,2026-03-06,C,0.1,2.0,-1,2026-03-06 09:36:00+00:00,2026-03-06 09:36:00+00:00,2026-03-06 09:57:00+00:00,5104.4,5110.5,5092.200000000001,5092.200000000001,objetivo,1,6.100000000000364,63.24000000000364,122.99999999999272,1.24,1.000000000003638,120.75999999998909,1.979672131147244,False,-1.4866767996352734,9,29361.040000006557,"C (partida 0,10 / 2R)"
MGC,london,2026-03-11,C,0.1,2.0,-1,2026-03-11 09:05:00+00:00,2026-03-11 09:05:00+00:00,2026-03-11 09:10:00+00:00,5190.799999999999,5192.700000000001,5187.0,5192.800000000001,stop,3,1.9000000000014552,63.720000000043655,-54.00000000003274,3.7199999999999998,6.000000000021828,-63.72000000005457,-1.1178947368422065,False,-1.2218197906709767,9,29481.800000006544,"C (partida 0,10 / 2R)"
MGC,london,2026-03-11,C,0.1,2.0,1,2026-03-11 10:09:00+00:00,2026-03-11 10:09:00+00:00,2026-03-11 10:24:00+00:00,5200.700000000001,5198.9,5204.3,5198.799999999999,stop,3,1.8000000000010914,60.72000000003274,-51.00000000002183,3.7199999999999998,6.000000000021828,-60.720000000043655,-1.1244444444445711,False,0.4106149094092923,10,29418.08000000649,"C (partida 0,10 / 2R)"
MGC,london,2026-03-12,C,0.1,2.0,-1,2026-03-12 08:48:00+00:00,2026-03-12 08:48:00+00:00,2026-03-12 08:49:00+00:00,5184.099999999999,5186.5,5179.3,5186.6,stop,2,2.4000000000005457,52.48000000001091,-46.00000000000364,2.48,4.000000000014552,-52.48000000001819,-1.0933333333334636,False,-1.1893762387033187,8,29357.360000006443,"C (partida 0,10 / 2R)"
MGC,london,2026-03-13,C,0.1,2.0,1,2026-03-13 09:52:00+00:00,2026-03-13 09:52:00+00:00,2026-03-13 09:55:00+00:00,5097.700000000001,5094.099999999999,5104.900000000001,5093.999999999999,stop,1,3.6000000000012733,38.240000000012735,-35.000000000009095,1.24,2.000000000007276,-38.24000000001637,-1.0622222222223012,False,0.6473702250058148,9,29304.880000006426,"C (partida 0,10 / 2R)"
MGC,london,2026-03-13,C,0.1,2.0,1,2026-03-13 10:09:00+00:00,2026-03-13 10:09:00+00:00,2026-03-13 10:09:00+00:00,5094.200000000001,5092.799999999999,5097.0,5092.699999999999,stop,4,1.4000000000014552,64.96000000005822,-52.000000000043656,4.96,8.000000000029104,-64.96000000007275,-1.1600000000000934,False,0.5717285284133614,10,29266.64000000641,"C (partida 0,10 / 2R)"
MGC,london,2026-03-16,C,0.1,2.0,-1,2026-03-16 09:00:00+00:00,2026-03-16 09:00:00+00:00,2026-03-16 09:01:00+00:00,4994.0,4995.5,4991.0,4991.0,objetivo,4,1.5,68.96,124.00000000001455,4.96,4.000000000014552,115.04,1.9173333333333333,False,-0.8602013903234365,8,29201.680000006338,"C (partida 0,10 / 2R)"
MGC,london,2026-03-16,C,0.1,2.0,-1,2026-03-16 09:39:00+00:00,2026-03-16 09:39:00+00:00,2026-03-16 09:39:00+00:00,4989.4,4990.6,4987.0,4987.0,objetivo,5,1.2000000000007276,71.20000000003638,125.0,6.2,5.00000000001819,113.79999999998181,1.8966666666652134,False,-0.6346606403268507,9,29316.72000000634,"C (partida 0,10 / 2R)"
MGC,london,2026-03-17,C,0.1,2.0,-1,2026-03-17 09:05:00+00:00,2026-03-17 09:05:00+00:00,2026-03-17 09:05:00+00:00,5024.299999999999,5025.3,5022.3,5025.400000000001,stop,6,1.0000000000009095,73.44000000005457,-54.00000000003274,7.4399999999999995,12.000000000043656,-73.4400000000764,-1.22400000000016,False,-0.17458393220341942,9,29430.52000000632,"C (partida 0,10 / 2R)"
MGC,london,2026-03-17,C,0.1,2.0,-1,2026-03-17 10:29:00+00:00,2026-03-17 10:29:00+00:00,2026-03-17 10:30:00+00:00,5008.5,5011.900000000001,5001.700000000001,5012.000000000001,stop,2,3.4000000000005457,72.48000000001092,-66.00000000000364,2.48,4.000000000014552,-72.4800000000182,-1.0658823529412729,False,-1.2756405013749863,10,29357.080000006245,"C (partida 0,10 / 2R)"
MGC,london,2026-03-18,C,0.1,2.0,-1,2026-03-18 08:38:00+00:00,2026-03-18 08:38:00+00:00,2026-03-18 08:39:00+00:00,4991.9,4994.1,4987.5,4994.200000000001,stop,3,2.2000000000007276,72.72000000002183,-63.000000000010914,3.7199999999999998,6.000000000021828,-72.72000000003274,-1.1018181818183135,False,-1.8176781390537375,8,29284.600000006227,"C (partida 0,10 / 2R)"
MGC,london,2026-03-18,C,0.1,2.0,-1,2026-03-18 09:15:00+00:00,2026-03-18 09:15:00+00:00,2026-03-18 09:19:00+00:00,4990.2,4992.3,4986.0,4992.400000000001,stop,3,2.100000000000364,69.72000000001091,-60.0,3.7199999999999998,6.000000000021828,-69.72000000002183,-1.1066666666668215,False,-0.5848823357433951,9,29211.880000006193,"C (partida 0,10 / 2R)"
MGC,london,2026-03-19,C,0.1,2.0,-1,2026-03-19 08:56:00+00:00,2026-03-19 08:56:00+00:00,2026-03-19 08:59:00+00:00,4707.9,4711.200000000001,4701.3,4711.300000000001,stop,2,3.3000000000010914,70.48000000002183,-64.00000000001455,2.48,4.000000000014552,-70.48000000002911,-1.0678787878788758,False,-1.0610104834016116,8,29142.16000000617,"C (partida 0,10 / 2R)"
MGC,london,2026-03-19,C,0.1,2.0,-1,2026-03-19 10:14:00+00:00,2026-03-19 10:14:00+00:00,2026-03-19 10:15:00+00:00,4707.099999999999,4708.6,4704.1,4704.1,objetivo,4,1.5000000000009095,68.96000000003637,123.99999999997817,4.96,4.000000000014552,115.03999999996363,1.9173333333315645,False,-0.17836043371573213,10,29071.68000000614,"C (partida 0,10 / 2R)"
MGC,london,2026-03-20,C,0.1,2.0,-1,2026-03-20 09:17:00+00:00,2026-03-20 09:17:00+00:00,2026-03-20 09:33:00+00:00,4694.0,4698.5,4685.0,4685.0,objetivo,1,4.5,47.24,91.00000000000364,1.24,1.000000000003638,88.76,1.9724444444444447,False,-1.48774546887184,9,29186.720000006106,"C (partida 0,10 / 2R)"
MGC,london,2026-03-23,C,0.1,2.0,1,2026-03-23 09:01:00+00:00,2026-03-23 09:01:00+00:00,2026-03-23 09:01:00+00:00,4257.400000000001,4250.599999999999,4271.0,4250.499999999999,stop,1,6.800000000001091,70.24000000001091,-67.00000000000728,1.24,2.000000000007276,-70.24000000001455,-1.0329411764706364,False,0.7534225093247935,9,29275.480000006104,"C (partida 0,10 / 2R)"
MGC,london,2026-03-24,C,0.1,2.0,1,2026-03-24 09:20:00+00:00,2026-03-24 09:20:00+00:00,2026-03-24 09:22:00+00:00,4414.6,4412.5,4418.8,4412.4,stop,3,2.100000000000364,69.72000000001091,-60.0,3.7199999999999998,6.000000000021828,-69.72000000002183,-1.1066666666668215,False,0.14250397228602094,9,29205.240000006088,"C (partida 0,10 / 2R)"
MGC,london,2026-03-25,C,0.1,2.0,1,2026-03-25 09:06:00+00:00,2026-03-25 09:06:00+00:00,2026-03-25 09:06:00+00:00,4564.5,4562.5,4568.5,4562.4,stop,3,2.0,66.72,-56.999999999989086,3.7199999999999998,6.000000000021828,-66.72000000001091,-1.112000000000182,False,0.5468204599462634,9,29135.520000006065,"C (partida 0,10 / 2R)"
MGC,london,2026-03-25,C,0.1,2.0,1,2026-03-25 09:16:00+00:00,2026-03-25 09:16:00+00:00,2026-03-25 09:17:00+00:00,4563.8,4561.0,4569.400000000001,4560.9,stop,2,2.800000000000182,60.480000000003635,-53.99999999999636,2.48,4.000000000014552,-60.48000000001091,-1.0800000000001246,False,0.31699743743158076,9,29068.800000006053,"C (partida 0,10 / 2R)"
MGC,london,2026-03-26,C,0.1,2.0,-1,2026-03-26 09:02:00+00:00,2026-03-26 09:02:00+00:00,2026-03-26 09:02:00+00:00,4426.9,4429.1,4422.5,4429.200000000001,stop,2,2.2000000000007276,48.48000000001455,-42.000000000007276,2.48,4.000000000014552,-48.480000000021825,-1.1018181818183135,False,-1.0777343061896005,9,29008.320000006042,"C (partida 0,10 / 2R)"
MGC,london,2026-03-26,C,0.1,2.0,-1,2026-03-26 09:45:00+00:00,2026-03-26 09:45:00+00:00,2026-03-26 10:15:00+00:00,4421.2,4426.1,4411.400000000001,4426.200000000001,stop,1,4.900000000000546,51.24000000000546,-48.00000000000182,1.24,2.000000000007276,-51.2400000000091,-1.0457142857143549,False,-0.3052868589975596,9,28959.84000000602,"C (partida 0,10 / 2R)"
MGC,london,2026-03-27,C,0.1,2.0,-1,2026-03-27 09:44:00+00:00,2026-03-27 09:44:00+00:00,2026-03-27 09:49:00+00:00,4426.799999999999,4427.8,4424.8,4424.7,objetivo_hueco,5,1.0000000000009095,61.20000000004548,109.9999999999909,6.2,5.00000000001819,98.79999999997271,1.9759999999976572,False,-0.16059101225737024,9,28908.600000006012,"C (partida 0,10 / 2R)"
MGC,london,2026-03-27,C,0.1,2.0,-1,2026-03-27 10:34:00+00:00,2026-03-27 10:34:00+00:00,2026-03-27 10:35:00+00:00,4420.299999999999,4422.0,4416.900000000001,4422.400000000001,stop_hueco,3,1.7000000000007276,57.72000000002183,-57.00000000001637,3.7199999999999998,6.000000000021828,-66.7200000000382,-1.3082352941178361,False,-0.9464792961720008,10,29007.400000005986,"C (partida 0,10 / 2R)"
MGC,london,2026-03-31,C,0.1,2.0,1,2026-03-31 10:11:00+01:00,2026-03-31 10:11:00+01:00,2026-03-31 10:13:00+01:00,4600.8,4597.9,4606.6,4597.799999999999,stop,2,2.9000000000005457,62.48000000001091,-56.00000000000364,2.48,4.000000000014552,-62.48000000001819,-1.0772413793104556,False,0.604332675711349,10,28940.68000000595,"C (partida 0,10 / 2R)"
MGC,london,2026-04-01,C,0.1,2.0,-1,2026-04-01 09:17:00+01:00,2026-04-01 09:17:00+01:00,2026-04-01 09:18:00+01:00,4744.4,4748.900000000001,4735.400000000001,4749.000000000001,stop,1,4.5000000000009095,47.2400000000091,-44.00000000000546,1.24,2.000000000007276,-47.240000000012735,-1.0497777777778485,False,-0.8892982586195423,9,28878.20000000593,"C (partida 0,10 / 2R)"
MGC,london,2026-04-01,C,0.1,2.0,-1,2026-04-01 10:44:00+01:00,2026-04-01 10:44:00+01:00,2026-04-01 10:45:00+01:00,4746.599999999999,4747.900000000001,4744.0,4748.000000000001,stop,4,1.3000000000010914,60.96000000004366,-48.000000000029104,4.96,8.000000000029104,-60.96000000005821,-1.1723076923078275,False,-0.25974668217511837,10,28830.960000005918,"C (partida 0,10 / 2R)"
MGC,london,2026-04-02,C,0.1,2.0,1,2026-04-02 09:36:00+01:00,2026-04-02 09:36:00+01:00,2026-04-02 09:44:00+01:00,4666.200000000001,4661.9,4674.8,4661.799999999999,stop,1,4.300000000001091,45.240000000010916,-42.000000000007276,1.24,2.000000000007276,-45.240000000014554,-1.0520930232558854,False,0.5764108216918491,9,28770.00000000586,"C (partida 0,10 / 2R)"
MGC,london,2026-04-02,C,0.1,2.0,-1,2026-04-02 10:30:00+01:00,2026-04-02 10:30:00+01:00,2026-04-02 10:30:00+01:00,4646.0,4648.1,4641.8,4641.8,objetivo,3,2.100000000000364,69.72000000001091,129.00000000000546,3.7199999999999998,3.000000000010914,122.27999999999454,1.9409523809519582,False,-0.30339661967454734,10,28724.760000005845,"C (partida 0,10 / 2R)"
MGC,london,2026-04-08,C,0.1,2.0,-1,2026-04-08 09:04:00+01:00,2026-04-08 09:04:00+01:00,2026-04-08 09:04:00+01:00,4838.2,4840.8,4833.0,4840.900000000001,stop,2,2.600000000000364,56.48000000000727,-50.0,2.48,4.000000000014552,-56.48000000001455,-1.086153846153974,False,-0.2560686086364732,9,28847.04000000584,"C (partida 0,10 / 2R)"
MGC,london,2026-04-08,C,0.1,2.0,1,2026-04-08 09:17:00+01:00,2026-04-08 09:17:00+01:00,2026-04-08 09:19:00+01:00,4842.8,4841.4,4845.6,4845.6,objetivo,4,1.4000000000005457,64.96000000002184,116.00000000002183,4.96,4.000000000014552,107.04000000000728,1.9114285714279564,False,0.22775424565215366,9,28790.560000005826,"C (partida 0,10 / 2R)"
MGC,london,2026-04-09,C,0.1,2.0,-1,2026-04-09 08:51:00+01:00,2026-04-09 08:51:00+01:00,2026-04-09 08:54:00+01:00,4736.4,4742.3,4724.6,4742.400000000001,stop,1,5.900000000000546,61.24000000000546,-58.00000000000182,1.24,2.000000000007276,-61.2400000000091,-1.0379661016949735,False,-0.4241227050155906,8,28897.600000005834,"C (partida 0,10 / 2R)"
MGC,london,2026-04-09,C,0.1,2.0,1,2026-04-09 09:00:00+01:00,2026-04-09 09:00:00+01:00,2026-04-09 09:02:00+01:00,4748.400000000001,4745.9,4753.400000000001,4745.799999999999,stop,2,2.5000000000009095,54.48000000001819,-48.000000000010914,2.48,4.000000000014552,-54.48000000002546,-1.089600000000113,False,0.2507907555851867,8,28836.360000005825,"C (partida 0,10 / 2R)"
MGC,london,2026-04-10,C,0.1,2.0,-1,2026-04-10 09:44:00+01:00,2026-04-10 09:44:00+01:00,2026-04-10 09:47:00+01:00,4768.2,4770.900000000001,4762.8,4762.8,objetivo,2,2.7000000000007276,58.48000000001455,110.0,2.48,2.000000000007276,105.51999999999272,1.9540740740734126,False,-0.6494693048952438,9,28781.8800000058,"C (partida 0,10 / 2R)"
MGC,london,2026-04-10,C,0.1,2.0,1,2026-04-10 10:36:00+01:00,2026-04-10 10:36:00+01:00,2026-04-10 11:00:00+01:00,4772.900000000001,4770.2,4778.3,4774.599999999999,cierre_sesion,2,2.7000000000007276,58.48000000001455,37.999999999992724,2.48,4.000000000014552,31.51999999997817,0.5837037037031422,False,0.3841442946968789,10,28887.400000005793,"C (partida 0,10 / 2R)"
MGC,london,2026-04-13,C,0.1,2.0,1,2026-04-13 09:32:00+01:00,2026-04-13 09:32:00+01:00,2026-04-13 09:36:00+01:00,4759.200000000001,4754.0,4769.6,4753.9,stop,1,5.200000000000728,54.24000000000728,-51.00000000000364,1.24,2.000000000007276,-54.240000000010916,-1.043076923076987,False,0.16309645467407471,9,28918.92000000577,"C (partida 0,10 / 2R)"
MGC,london,2026-04-14,C,0.1,2.0,1,2026-04-14 10:00:00+01:00,2026-04-14 10:00:00+01:00,2026-04-14 10:02:00+01:00,4810.6,4807.5,4816.8,4807.4,stop,2,3.100000000000364,66.48000000000728,-60.0,2.48,4.000000000014552,-66.48000000001456,-1.072258064516238,False,0.33446168812566246,9,28864.68000000576,"C (partida 0,10 / 2R)"
MGC,london,2026-04-15,C,0.1,2.0,1,2026-04-15 08:36:00+01:00,2026-04-15 08:36:00+01:00,2026-04-15 08:42:00+01:00,4837.900000000001,4834.7,4844.3,4834.599999999999,stop,2,3.2000000000007276,68.48000000001456,-62.000000000007276,2.48,4.000000000014552,-68.48000000002183,-1.0700000000000978,False,0.36057588994411677,8,28798.200000005745,"C (partida 0,10 / 2R)"
MGC,london,2026-04-15,C,0.1,2.0,-1,2026-04-15 09:11:00+01:00,2026-04-15 09:11:00+01:00,2026-04-15 09:12:00+01:00,4828.4,4830.8,4823.6,4830.900000000001,stop,2,2.4000000000005457,52.48000000001091,-46.00000000000364,2.48,4.000000000014552,-52.48000000001819,-1.0933333333334636,False,-0.2273633719895776,9,28729.720000005724,"C (partida 0,10 / 2R)"
MGC,london,2026-04-16,C,0.1,2.0,-1,2026-04-16 08:48:00+01:00,2026-04-16 08:48:00+01:00,2026-04-16 08:52:00+01:00,4845.7,4847.3,4842.5,4847.400000000001,stop,3,1.6000000000003638,54.72000000001091,-45.0,3.7199999999999998,6.000000000021828,-54.72000000002183,-1.1400000000001955,False,-0.5223210295632079,8,28677.240000005706,"C (partida 0,10 / 2R)"
MGC,london,2026-04-16,C,0.1,2.0,-1,2026-04-16 09:52:00+01:00,2026-04-16 09:52:00+01:00,2026-04-16 09:54:00+01:00,4830.9,4832.400000000001,4827.900000000001,4832.500000000001,stop,4,1.5000000000009095,68.96000000003637,-56.00000000002183,4.96,8.000000000029104,-68.96000000005093,-1.1493333333334852,False,-0.90871164204237,9,28622.520000005683,"C (partida 0,10 / 2R)"
MGC,london,2026-04-17,C,0.1,2.0,1,2026-04-17 10:22:00+01:00,2026-04-17 10:22:00+01:00,2026-04-17 10:23:00+01:00,4820.1,4816.799999999999,4826.7,4816.699999999999,stop,2,3.3000000000010914,70.48000000002183,-64.00000000001455,2.48,4.000000000014552,-70.48000000002911,-1.0678787878788758,False,1.0676050706643085,10,28553.560000005633,"C (partida 0,10 / 2R)"
MGC,london,2026-04-21,C,0.1,2.0,1,2026-04-21 08:43:00+01:00,2026-04-21 08:43:00+01:00,2026-04-21 08:48:00+01:00,4803.400000000001,4800.799999999999,4808.6,4808.6,objetivo,2,2.6000000000012733,56.48000000002546,106.00000000000364,2.48,2.000000000007276,101.51999999999636,1.9523076923066662,False,1.238661881992358,8,28483.080000005604,"C (partida 0,10 / 2R)"
MGC,london,2026-04-21,C,0.1,2.0,1,2026-04-21 10:20:00+01:00,2026-04-21 10:20:00+01:00,2026-04-21 10:21:00+01:00,4806.200000000001,4804.799999999999,4809.0,4804.699999999999,stop,4,1.4000000000014552,64.96000000005822,-52.000000000043656,4.96,8.000000000029104,-64.96000000007275,-1.1600000000000934,False,0.14065534460800616,10,28584.6000000056,"C (partida 0,10 / 2R)"
MGC,london,2026-04-22,C,0.1,2.0,-1,2026-04-22 09:48:00+01:00,2026-04-22 09:48:00+01:00,2026-04-22 09:51:00+01:00,4772.9,4775.200000000001,4768.3,4775.300000000001,stop,2,2.3000000000010914,50.480000000021825,-44.00000000001455,2.48,4.000000000014552,-50.4800000000291,-1.097391304347938,False,-1.6986461551138754,9,28519.64000000553,"C (partida 0,10 / 2R)"
MGC,london,2026-04-23,C,0.1,2.0,1,2026-04-23 09:27:00+01:00,2026-04-23 09:27:00+01:00,2026-04-23 09:29:00+01:00,4737.700000000001,4734.599999999999,4743.900000000001,4734.499999999999,stop,2,3.1000000000012733,66.48000000002547,-60.00000000001819,2.48,4.000000000014552,-66.48000000003275,-1.0722580645162167,False,0.9434485059049368,9,28469.1600000055,"C (partida 0,10 / 2R)"
MGC,london,2026-04-24,C,0.1,2.0,1,2026-04-24 09:46:00+01:00,2026-04-24 09:46:00+01:00,2026-04-24 10:15:00+01:00,4705.700000000001,4702.799999999999,4711.5,4711.5,objetivo,2,2.900000000001455,62.4800000000291,117.99999999999272,2.48,2.000000000007276,113.51999999998544,1.9572413793091117,False,0.6167586615002782,9,28402.680000005468,"C (partida 0,10 / 2R)"
MGC,london,2026-04-27,C,0.1,2.0,-1,2026-04-27 09:55:00+01:00,2026-04-27 09:55:00+01:00,2026-04-27 09:56:00+01:00,4721.599999999999,4723.200000000001,4718.400000000001,4723.300000000001,stop,3,1.6000000000012733,54.7200000000382,-45.000000000027285,3.7199999999999998,6.000000000021828,-54.72000000004911,-1.140000000000116,False,-0.808687820444764,9,28516.200000005454,"C (partida 0,10 / 2R)"
MGC,london,2026-04-28,C,0.1,2.0,-1,2026-04-28 08:35:00+01:00,2026-04-28 08:35:00+01:00,2026-04-28 08:43:00+01:00,4640.599999999999,4647.1,4627.6,4647.200000000001,stop,1,6.5000000000009095,67.24000000000909,-64.00000000000546,1.24,2.000000000007276,-67.24000000001273,-1.0344615384615896,False,-0.29036254067776696,8,28461.480000005406,"C (partida 0,10 / 2R)"
MGC,london,2026-04-28,C,0.1,2.0,-1,2026-04-28 09:02:00+01:00,2026-04-28 09:02:00+01:00,2026-04-28 09:03:00+01:00,4637.4,4640.6,4631.0,4631.0,objetivo,2,3.2000000000007276,68.48000000001456,130.0,2.48,2.000000000007276,125.51999999999272,1.9612499999994404,False,-0.7762218409376328,9,28394.240000005393,"C (partida 0,10 / 2R)"
MGC,london,2026-04-29,C,0.1,2.0,-1,2026-04-29 09:24:00+01:00,2026-04-29 09:24:00+01:00,2026-04-29 09:25:00+01:00,4580.5,4582.700000000001,4576.1,4582.800000000001,stop,2,2.2000000000007276,48.48000000001455,-42.000000000007276,2.48,4.000000000014552,-48.480000000021825,-1.1018181818183135,False,-0.8801964820037472,9,28519.760000005386,"C (partida 0,10 / 2R)"
MGC,london,2026-04-29,C,0.1,2.0,-1,2026-04-29 09:28:00+01:00,2026-04-29 09:28:00+01:00,2026-04-29 09:35:00+01:00,4580.0,4582.700000000001,4574.6,4574.6,objetivo,2,2.7000000000007276,58.48000000001455,110.0,2.48,2.000000000007276,105.51999999999272,1.9540740740734126,False,-0.8827955245733339,9,28471.280000005365,"C (partida 0,10 / 2R)"
MGC,london,2026-04-30,C,0.1,2.0,1,2026-04-30 09:47:00+01:00,2026-04-30 09:47:00+01:00,2026-04-30 10:02:00+01:00,4628.700000000001,4627.299999999999,4631.5,4627.199999999999,stop,4,1.4000000000014552,64.96000000005822,-52.000000000043656,4.96,8.000000000029104,-64.96000000007275,-1.1600000000000934,False,1.1347866786242131,9,28576.800000005358,"C (partida 0,10 / 2R)"
MGC,london,2026-04-30,C,0.1,2.0,1,2026-04-30 10:25:00+01:00,2026-04-30 10:25:00+01:00,2026-04-30 10:25:00+01:00,4631.5,4630.5,4633.5,4630.4,stop,5,1.0,61.2,-44.99999999998181,6.2,10.00000000003638,-61.20000000001819,-1.224000000000364,False,0.6907454725366498,10,28511.840000005286,"C (partida 0,10 / 2R)"
MGC,london,2026-05-04,C,0.1,2.0,-1,2026-05-04 08:53:00+01:00,2026-05-04 08:53:00+01:00,2026-05-04 09:04:00+01:00,4594.2,4597.900000000001,4586.8,4586.8,objetivo,1,3.7000000000007276,39.24000000000728,75.0,1.24,1.000000000003638,72.75999999999637,1.9664864864860017,False,-0.7677778588896651,8,28450.640000005267,"C (partida 0,10 / 2R)"
MGC,london,2026-05-04,C,0.1,2.0,-1,2026-05-04 09:55:00+01:00,2026-05-04 09:55:00+01:00,2026-05-04 09:55:00+01:00,4588.4,4589.8,4585.6,4589.900000000001,stop,4,1.4000000000005457,64.96000000002184,-52.000000000007276,4.96,8.000000000029104,-64.96000000003637,-1.1600000000001973,False,-0.6303264020203575,9,28523.400000005262,"C (partida 0,10 / 2R)"
MGC,london,2026-05-05,C,0.1,2.0,1,2026-05-05 08:36:00+01:00,2026-05-05 08:36:00+01:00,2026-05-05 08:44:00+01:00,4564.5,4561.5,4570.5,4561.4,stop,2,3.0,64.47999999999999,-57.999999999992724,2.48,4.000000000014552,-64.48000000000728,-1.074666666666788,False,0.2156192454178144,8,28458.440000005226,"C (partida 0,10 / 2R)"
MGC,london,2026-05-07,C,0.1,2.0,-1,2026-05-07 08:49:00+01:00,2026-05-07 08:49:00+01:00,2026-05-07 08:50:00+01:00,4747.7,4750.8,4741.5,4750.900000000001,stop,2,3.100000000000364,66.48000000000728,-60.0,2.48,4.000000000014552,-66.48000000001456,-1.072258064516238,False,-0.3564617057439541,8,28393.96000000522,"C (partida 0,10 / 2R)"
MGC,london,2026-05-08,C,0.1,2.0,-1,2026-05-08 08:58:00+01:00,2026-05-08 08:58:00+01:00,2026-05-08 08:58:00+01:00,4716.299999999999,4718.0,4712.900000000001,4718.1,stop,3,1.7000000000007276,57.72000000002183,-48.000000000010914,3.7199999999999998,6.000000000021828,-57.72000000003274,-1.1317647058825104,False,-0.5415345665979959,8,28327.480000005206,"C (partida 0,10 / 2R)"
MGC,london,2026-05-08,C,0.1,2.0,1,2026-05-08 10:07:00+01:00,2026-05-08 10:07:00+01:00,2026-05-08 10:09:00+01:00,4728.3,4725.799999999999,4733.3,4725.699999999999,stop,2,2.5000000000009095,54.48000000001819,-48.000000000010914,2.48,4.000000000014552,-54.48000000002546,-1.089600000000113,False,0.4532236160916209,10,28269.76000000517,"C (partida 0,10 / 2R)"
MGC,london,2026-05-11,C,0.1,2.0,-1,2026-05-11 08:35:00+01:00,2026-05-11 08:35:00+01:00,2026-05-11 08:37:00+01:00,4682.4,4683.6,4680.0,4683.700000000001,stop,4,1.2000000000007276,56.960000000029105,-44.00000000001455,4.96,8.000000000029104,-56.96000000004366,-1.1866666666668566,False,-1.7411561463765501,8,28215.280000005147,"C (partida 0,10 / 2R)"
MGC,london,2026-05-12,C,0.1,2.0,1,2026-05-12 09:23:00+01:00,2026-05-12 09:23:00+01:00,2026-05-12 09:24:00+01:00,4711.1,4710.099999999999,4713.1,4709.999999999999,stop,5,1.0000000000009095,61.20000000004548,-45.000000000027285,6.2,10.00000000003638,-61.20000000006367,-1.22400000000016,False,0.9123420967643509,9,28158.320000005104,"C (partida 0,10 / 2R)"
MGC,london,2026-05-12,C,0.1,2.0,1,2026-05-12 09:46:00+01:00,2026-05-12 09:46:00+01:00,2026-05-12 10:05:00+01:00,4713.6,4706.9,4727.0,4706.799999999999,stop,1,6.700000000000728,69.24000000000727,-66.00000000000364,1.24,2.000000000007276,-69.24000000001091,-1.0334328358209461,False,0.2657595036869573,9,28097.12000000504,"C (partida 0,10 / 2R)"
MGC,london,2026-05-13,C,0.1,2.0,-1,2026-05-13 10:11:00+01:00,2026-05-13 10:11:00+01:00,2026-05-13 10:14:00+01:00,4705.7,4706.700000000001,4703.7,4703.7,objetivo_hueco,5,1.0000000000009095,61.20000000004548,105.00000000001819,6.2,5.00000000001819,93.8,1.8759999999982937,False,-0.3189037944153378,10,28027.88000000503,"C (partida 0,10 / 2R)"
MGC,london,2026-05-14,C,0.1,2.0,-1,2026-05-14 09:43:00+01:00,2026-05-14 09:43:00+01:00,2026-05-14 09:46:00+01:00,4706.299999999999,4708.1,4702.7,4702.7,objetivo,3,1.8000000000010914,60.72000000003274,110.99999999999454,3.7199999999999998,3.000000000010914,104.27999999998363,1.931111111109637,False,-0.20507745098451988,9,28121.680000005028,"C (partida 0,10 / 2R)"
MGC,london,2026-05-14,C,0.1,2.0,-1,2026-05-14 10:24:00+01:00,2026-05-14 10:24:00+01:00,2026-05-14 10:29:00+01:00,4700.4,4701.900000000001,4697.400000000001,4697.400000000001,objetivo,4,1.5000000000009095,68.96000000003637,123.99999999997817,4.96,4.000000000014552,115.03999999996363,1.9173333333315645,False,-0.735061665611482,10,28225.960000005012,"C (partida 0,10 / 2R)"
MGC,london,2026-05-15,C,0.1,2.0,-1,2026-05-15 09:56:00+01:00,2026-05-15 09:56:00+01:00,2026-05-15 10:04:00+01:00,4560.0,4562.700000000001,4554.6,4562.800000000001,stop,2,2.7000000000007276,58.48000000001455,-52.000000000007276,2.48,4.000000000014552,-58.480000000021825,-1.0829629629630753,False,-1.2461068253979237,9,28341.000000004977,"C (partida 0,10 / 2R)"
MGC,london,2026-05-15,C,0.1,2.0,-1,2026-05-15 10:38:00+01:00,2026-05-15 10:38:00+01:00,2026-05-15 10:43:00+01:00,4550.9,4553.3,4546.1,4553.400000000001,stop,2,2.4000000000005457,52.48000000001091,-46.00000000000364,2.48,4.000000000014552,-52.48000000001819,-1.0933333333334636,False,-1.1460637691900133,10,28282.520000004955,"C (partida 0,10 / 2R)"
MGC,london,2026-05-18,C,0.1,2.0,-1,2026-05-18 09:07:00+01:00,2026-05-18 09:07:00+01:00,2026-05-18 09:08:00+01:00,4549.5,4551.1,4546.3,4551.200000000001,stop,3,1.6000000000003638,54.72000000001091,-45.0,3.7199999999999998,6.000000000021828,-54.72000000002183,-1.1400000000001955,False,-0.2500294232933994,9,28230.040000004938,"C (partida 0,10 / 2R)"
MGC,london,2026-05-20,C,0.1,2.0,1,2026-05-20 08:41:00+01:00,2026-05-20 08:41:00+01:00,2026-05-20 08:46:00+01:00,4484.8,4481.0,4492.400000000001,4480.9,stop,1,3.800000000000182,40.24000000000182,-36.99999999999818,1.24,2.000000000007276,-40.24000000000546,-1.0589473684211457,False,0.5667334474595259,8,28175.320000004915,"C (partida 0,10 / 2R)"
MGC,london,2026-05-20,C,0.1,2.0,1,2026-05-20 09:52:00+01:00,2026-05-20 09:52:00+01:00,2026-05-20 10:06:00+01:00,4488.1,4485.599999999999,4493.1,4485.499999999999,stop,2,2.5000000000009095,54.48000000001819,-48.000000000010914,2.48,4.000000000014552,-54.48000000002546,-1.089600000000113,False,0.24995367532031898,9,28135.08000000491,"C (partida 0,10 / 2R)"
MGC,london,2026-05-21,C,0.1,2.0,1,2026-05-21 09:43:00+01:00,2026-05-21 09:43:00+01:00,2026-05-21 09:45:00+01:00,4532.700000000001,4531.099999999999,4535.900000000001,4530.5,stop_hueco,3,1.6000000000012733,54.7200000000382,-60.0,3.7199999999999998,6.000000000021828,-69.72000000002183,-1.452499999999299,False,1.4706201104259613,9,28080.600000004884,"C (partida 0,10 / 2R)"
MGC,london,2026-05-21,C,0.1,2.0,1,2026-05-21 09:47:00+01:00,2026-05-21 09:47:00+01:00,2026-05-21 10:30:00+01:00,4534.3,4529.5,4543.900000000001,4543.900000000001,objetivo,1,4.800000000000182,50.24000000000182,97.00000000000728,1.24,1.000000000003638,94.76000000000364,1.9741666666666677,False,1.0041335851007445,9,28010.88000000486,"C (partida 0,10 / 2R)"
MGC,london,2026-05-22,C,0.1,2.0,-1,2026-05-22 09:57:00+01:00,2026-05-22 09:57:00+01:00,2026-05-22 10:02:00+01:00,4523.0,4524.3,4520.400000000001,4524.400000000001,stop,4,1.300000000000182,60.96000000000728,-47.999999999992724,4.96,8.000000000029104,-60.96000000002183,-1.172307692307948,False,-0.31856385228697376,9,28105.640000004863,"C (partida 0,10 / 2R)"
MGC,london,2026-05-22,C,0.1,2.0,-1,2026-05-22 10:08:00+01:00,2026-05-22 10:08:00+01:00,2026-05-22 10:08:00+01:00,4521.4,4523.0,4518.2,4523.1,stop,3,1.6000000000003638,54.72000000001091,-45.0,3.7199999999999998,6.000000000021828,-54.72000000002183,-1.1400000000001955,False,-0.11420449012597067,10,28044.680000004842,"C (partida 0,10 / 2R)"
MGC,london,2026-05-25,C,0.1,2.0,-1,2026-05-25 10:24:00+01:00,2026-05-25 10:24:00+01:00,2026-05-25 10:24:00+01:00,4556.9,4557.900000000001,4554.900000000001,4558.000000000001,stop,5,1.0000000000009095,61.20000000004548,-45.000000000027285,6.2,10.00000000003638,-61.20000000006367,-1.22400000000016,False,-0.14542267268879652,10,27989.96000000482,"C (partida 0,10 / 2R)"
MGC,london,2026-05-26,C,0.1,2.0,-1,2026-05-26 08:33:00+01:00,2026-05-26 08:33:00+01:00,2026-05-26 08:46:00+01:00,4525.599999999999,4529.6,4517.6,4529.700000000001,stop,1,4.0000000000009095,42.2400000000091,-39.00000000000546,1.24,2.000000000007276,-42.240000000012735,-1.0560000000000782,False,-1.561701481911927,8,27928.760000004757,"C (partida 0,10 / 2R)"
MGC,london,2026-05-26,C,0.1,2.0,-1,2026-05-26 09:50:00+01:00,2026-05-26 09:50:00+01:00,2026-05-26 09:51:00+01:00,4522.2,4524.6,4517.400000000001,4524.700000000001,stop,2,2.4000000000005457,52.48000000001091,-46.00000000000364,2.48,4.000000000014552,-52.48000000001819,-1.0933333333334636,False,-0.8081110608525084,9,27886.520000004744,"C (partida 0,10 / 2R)"
MGC,london,2026-05-27,C,0.1,2.0,-1,2026-05-27 08:37:00+01:00,2026-05-27 08:37:00+01:00,2026-05-27 08:38:00+01:00,4480.2,4482.200000000001,4476.2,4482.300000000001,stop,3,2.0000000000009095,66.72000000002728,-57.00000000001637,3.7199999999999998,6.000000000021828,-66.7200000000382,-1.1120000000001309,False,-1.30831704759149,8,27834.040000004727,"C (partida 0,10 / 2R)"
MGC,london,2026-06-01,C,0.1,2.0,-1,2026-06-01 09:05:00+01:00,2026-06-01 09:05:00+01:00,2026-06-01 09:07:00+01:00,4525.299999999999,4528.700000000001,4518.5,4528.800000000001,stop,1,3.400000000001455,36.240000000014554,-33.000000000010914,1.24,2.000000000007276,-36.24000000001819,-1.0658823529412553,False,-1.9994815318986423,9,27767.32000000469,"C (partida 0,10 / 2R)"
MGC,london,2026-06-03,C,0.1,2.0,-1,2026-06-03 08:57:00+01:00,2026-06-03 08:57:00+01:00,2026-06-03 08:59:00+01:00,4485.299999999999,4487.200000000001,4481.5,4481.5,objetivo,3,1.9000000000014552,63.720000000043655,116.99999999998909,3.7199999999999998,3.000000000010914,110.27999999997817,1.9347368421033984,False,-1.6966818056434008,8,27731.08000000467,"C (partida 0,10 / 2R)"
MGC,london,2026-06-03,C,0.1,2.0,-1,2026-06-03 09:49:00+01:00,2026-06-03 09:49:00+01:00,2026-06-03 09:51:00+01:00,4482.9,4484.900000000001,4478.900000000001,4478.900000000001,objetivo,3,2.0000000000009095,66.72000000002728,122.99999999998363,3.7199999999999998,3.000000000010914,116.27999999997272,1.937999999998664,False,-0.7235710193154697,9,27841.360000004646,"C (partida 0,10 / 2R)"
MGC,london,2026-06-04,C,0.1,2.0,-1,2026-06-04 09:15:00+01:00,2026-06-04 09:15:00+01:00,2026-06-04 09:15:00+01:00,4487.7,4489.400000000001,4484.3,4489.500000000001,stop,3,1.7000000000007276,57.72000000002183,-48.000000000010914,3.7199999999999998,6.000000000021828,-57.72000000003274,-1.1317647058825104,False,-0.4645554381771049,9,27957.64000000462,"C (partida 0,10 / 2R)"
MGC,london,2026-06-04,C,0.1,2.0,-1,2026-06-04 09:21:00+01:00,2026-06-04 09:21:00+01:00,2026-06-04 09:29:00+01:00,4487.5,4489.900000000001,4482.7,4490.000000000001,stop,2,2.4000000000005457,52.48000000001091,-46.00000000000364,2.48,4.000000000014552,-52.48000000001819,-1.0933333333334636,False,-0.36530908669572143,9,27899.920000004586,"C (partida 0,10 / 2R)"
MGC,london,2026-06-05,C,0.1,2.0,1,2026-06-05 08:43:00+01:00,2026-06-05 08:43:00+01:00,2026-06-05 08:43:00+01:00,4492.1,4488.599999999999,4499.1,4488.499999999999,stop,1,3.5000000000009095,37.2400000000091,-34.00000000000546,1.24,2.000000000007276,-37.240000000012735,-1.0640000000000873,False,2.059519604945949,8,27847.440000004568,"C (partida 0,10 / 2R)"
MGC,london,2026-06-05,C,0.1,2.0,1,2026-06-05 08:52:00+01:00,2026-06-05 08:52:00+01:00,2026-06-05 08:54:00+01:00,4490.400000000001,4489.4,4492.400000000001,4489.299999999999,stop,5,1.0000000000009095,61.20000000004548,-45.000000000027285,6.2,10.00000000003638,-61.20000000006367,-1.22400000000016,False,1.6144793632451624,8,27810.200000004555,"C (partida 0,10 / 2R)"
MGC,london,2026-06-08,C,0.1,2.0,-1,2026-06-08 09:54:00+01:00,2026-06-08 09:54:00+01:00,2026-06-08 09:54:00+01:00,4311.7,4313.1,4308.900000000001,4313.200000000001,stop,4,1.4000000000005457,64.96000000002184,-52.000000000007276,4.96,8.000000000029104,-64.96000000003637,-1.1600000000001973,False,-1.3118982540659831,9,27749.000000004493,"C (partida 0,10 / 2R)"
MGC,london,2026-06-08,C,0.1,2.0,-1,2026-06-08 10:07:00+01:00,2026-06-08 10:07:00+01:00,2026-06-08 10:14:00+01:00,4311.9,4313.5,4308.7,4313.6,stop,3,1.6000000000003638,54.72000000001091,-45.0,3.7199999999999998,6.000000000021828,-54.72000000002183,-1.1400000000001955,False,-0.9278862973155988,10,27684.040000004457,"C (partida 0,10 / 2R)"
MGC,london,2026-06-09,C,0.1,2.0,-1,2026-06-09 08:49:00+01:00,2026-06-09 08:49:00+01:00,2026-06-09 08:53:00+01:00,4350.0,4352.6,4344.8,4352.700000000001,stop,2,2.600000000000364,56.48000000000727,-50.0,2.48,4.000000000014552,-56.48000000001455,-1.086153846153974,False,-0.47808278396579934,8,27629.320000004434,"C (partida 0,10 / 2R)"
MGC,london,2026-06-09,C,0.1,2.0,-1,2026-06-09 08:57:00+01:00,2026-06-09 08:57:00+01:00,2026-06-09 09:01:00+01:00,4350.5,4351.8,4347.900000000001,4347.900000000001,objetivo,4,1.300000000000182,60.96000000000728,107.99999999999272,4.96,4.000000000014552,99.03999999997818,1.9046153846146985,False,-0.4627786120361648,8,27572.84000000442,"C (partida 0,10 / 2R)"
MGC,london,2026-06-10,C,0.1,2.0,-1,2026-06-10 09:47:00+01:00,2026-06-10 09:47:00+01:00,2026-06-10 09:48:00+01:00,4190.4,4192.6,4186.0,4192.700000000001,stop,2,2.2000000000007276,48.48000000001455,-42.000000000007276,2.48,4.000000000014552,-48.480000000021825,-1.1018181818183135,False,-1.0267508130509786,9,27671.8800000044,"C (partida 0,10 / 2R)"
MGC,london,2026-06-10,C,0.1,2.0,-1,2026-06-10 09:52:00+01:00,2026-06-10 09:52:00+01:00,2026-06-10 10:34:00+01:00,4194.5,4199.3,4184.900000000001,4199.400000000001,stop,1,4.800000000000182,50.24000000000182,-46.99999999999818,1.24,2.000000000007276,-50.24000000000546,-1.0466666666667408,False,-0.9616520964688062,9,27623.400000004378,"C (partida 0,10 / 2R)"
MGC,london,2026-06-11,C,0.1,2.0,1,2026-06-11 09:01:00+01:00,2026-06-11 09:01:00+01:00,2026-06-11 09:17:00+01:00,4130.8,4124.7,4143.0,4124.599999999999,stop,1,6.100000000000364,63.24000000000364,-60.0,1.24,2.000000000007276,-63.24000000000728,-1.0367213114754674,False,0.6795160944595661,9,27573.160000004373,"C (partida 0,10 / 2R)"
MGC,london,2026-06-12,C,0.1,2.0,1,2026-06-12 10:27:00+01:00,2026-06-12 10:27:00+01:00,2026-06-12 10:27:00+01:00,4246.700000000001,4243.599999999999,4252.900000000001,4243.499999999999,stop,2,3.1000000000012733,66.48000000002547,-60.00000000001819,2.48,4.000000000014552,-66.48000000003275,-1.0722580645162167,False,1.4679478085473934,10,27509.920000004364,"C (partida 0,10 / 2R)"
MGC,london,2026-06-12,C,0.1,2.0,1,2026-06-12 10:35:00+01:00,2026-06-12 10:35:00+01:00,2026-06-12 10:37:00+01:00,4247.200000000001,4244.7,4252.2,4244.599999999999,stop,2,2.5000000000009095,54.48000000001819,-48.000000000010914,2.48,4.000000000014552,-54.48000000002546,-1.089600000000113,False,1.7562190551021406,10,27443.44000000433,"C (partida 0,10 / 2R)"
MGC,london,2026-06-15,C,0.1,2.0,1,2026-06-15 08:40:00+01:00,2026-06-15 08:40:00+01:00,2026-06-15 08:47:00+01:00,4336.8,4335.2,4340.0,4335.099999999999,stop,3,1.6000000000003638,54.72000000001091,-45.0,3.7199999999999998,6.000000000021828,-54.72000000002183,-1.1400000000001955,False,2.080305657040882,8,27388.960000004306,"C (partida 0,10 / 2R)"
MGC,london,2026-06-15,C,0.1,2.0,1,2026-06-15 08:52:00+01:00,2026-06-15 08:52:00+01:00,2026-06-15 09:04:00+01:00,4340.1,4336.0,4348.3,4348.3,objetivo,1,4.100000000000364,43.24000000000364,83.00000000000182,1.24,1.000000000003638,80.75999999999819,1.9697560975607566,False,1.1433113207473187,8,27334.240000004284,"C (partida 0,10 / 2R)"
MGC,london,2026-06-17,C,0.1,2.0,-1,2026-06-17 08:50:00+01:00,2026-06-17 08:50:00+01:00,2026-06-17 09:15:00+01:00,4346.0,4348.700000000001,4340.6,4340.6,objetivo,2,2.7000000000007276,58.48000000001455,110.0,2.48,2.000000000007276,105.51999999999272,1.9540740740734126,False,-0.9351615282078735,8,27415.000000004282,"C (partida 0,10 / 2R)"
MGC,london,2026-06-18,C,0.1,2.0,-1,2026-06-18 08:31:00+01:00,2026-06-18 08:31:00+01:00,2026-06-18 08:33:00+01:00,4324.2,4327.3,4318.0,4318.0,objetivo,2,3.100000000000364,66.48000000000728,126.00000000000364,2.48,2.000000000007276,121.51999999999636,1.9599999999997113,False,-0.4035556203177508,8,27520.520000004275,"C (partida 0,10 / 2R)"
MGC,london,2026-06-18,C,0.1,2.0,-1,2026-06-18 10:25:00+01:00,2026-06-18 10:25:00+01:00,2026-06-18 10:25:00+01:00,4286.2,4288.1,4282.400000000001,4288.200000000001,stop,3,1.9000000000005457,63.72000000001637,-54.00000000000546,3.7199999999999998,6.000000000021828,-63.720000000027284,-1.117894736842263,False,-2.804261489382966,10,27642.040000004272,"C (partida 0,10 / 2R)"
MGC,london,2026-06-19,C,0.1,2.0,1,2026-06-19 08:38:00+01:00,2026-06-19 08:38:00+01:00,2026-06-19 08:48:00+01:00,4174.5,4170.799999999999,4181.900000000001,4170.699999999999,stop,1,3.7000000000007276,39.24000000000728,-36.00000000000364,1.24,2.000000000007276,-39.240000000010916,-1.060540540540627,False,0.6299719059717187,8,27578.320000004245,"C (partida 0,10 / 2R)"
MGC,london,2026-06-19,C,0.1,2.0,-1,2026-06-19 08:49:00+01:00,2026-06-19 08:49:00+01:00,2026-06-19 08:51:00+01:00,4169.599999999999,4171.5,4165.8,4171.6,stop,3,1.9000000000005457,63.72000000001637,-54.00000000000546,3.7199999999999998,6.000000000021828,-63.720000000027284,-1.117894736842263,False,-0.24080766260826778,8,27539.080000004233,"C (partida 0,10 / 2R)"
MGC,london,2026-06-22,C,0.1,2.0,-1,2026-06-22 09:31:00+01:00,2026-06-22 09:31:00+01:00,2026-06-22 09:35:00+01:00,4207.7,4209.8,4203.5,4209.900000000001,stop,2,2.100000000000364,46.48000000000727,-40.0,2.48,4.000000000014552,-46.48000000001455,-1.1066666666668215,False,-0.9978004160422292,9,27475.360000004206,"C (partida 0,10 / 2R)"
MGC,london,2026-06-22,C,0.1,2.0,1,2026-06-22 10:33:00+01:00,2026-06-22 10:33:00+01:00,2026-06-22 11:00:00+01:00,4223.8,4220.099999999999,4231.2,4226.4,cierre_sesion,1,3.7000000000007276,39.24000000000728,28.00000000000182,1.24,2.000000000007276,24.759999999994545,0.6691891891889101,False,1.4279856700724487,10,27428.880000004192,"C (partida 0,10 / 2R)"
MGC,london,2026-06-24,C,0.1,2.0,-1,2026-06-24 08:53:00+01:00,2026-06-24 08:53:00+01:00,2026-06-24 09:30:00+01:00,4095.6,4098.900000000001,4089.0,4099.000000000001,stop,1,3.3000000000006366,35.24000000000637,-32.000000000007276,1.24,2.0000000000027285,-35.240000000010006,-1.0678787878788851,False,-1.8015356674652365,8,27453.640000004187,"C (partida 0,10 / 2R)"
MGC,london,2026-06-24,C,0.1,2.0,-1,2026-06-24 09:48:00+01:00,2026-06-24 09:48:00+01:00,2026-06-24 10:09:00+01:00,4094.6,4097.5,4088.8,4088.8,objetivo,2,2.900000000000091,62.480000000001816,117.99999999999272,2.48,1.999999999998181,113.51999999999454,1.9572413793101893,False,-0.1640528887545962,9,27418.400000004178,"C (partida 0,10 / 2R)"
MGC,london,2026-06-25,C,0.1,2.0,1,2026-06-25 10:07:00+01:00,2026-06-25 10:07:00+01:00,2026-06-25 10:07:00+01:00,4010.7999999999997,4009.8,4012.8,4009.7000000000003,stop,5,0.9999999999995453,61.199999999977265,-44.99999999998181,6.2,9.999999999990905,-61.19999999997272,-1.224000000000011,False,0.9726589630741436,10,27531.92000000417,"C (partida 0,10 / 2R)"
MGC,london,2026-06-25,C,0.1,2.0,1,2026-06-25 10:23:00+01:00,2026-06-25 10:23:00+01:00,2026-06-25 10:35:00+01:00,4010.2,4007.7000000000003,4015.2000000000003,4007.6000000000004,stop,2,2.4999999999995453,54.4799999999909,-47.999999999992724,2.48,3.999999999996362,-54.47999999998908,-1.08959999999998,False,0.27317774140759765,10,27470.7200000042,"C (partida 0,10 / 2R)"
MGC,london,2026-06-29,C,0.1,2.0,1,2026-06-29 09:07:00+01:00,2026-06-29 09:07:00+01:00,2026-06-29 09:07:00+01:00,4080.0,4078.1,4083.8,4078.0,stop,3,1.900000000000091,63.72000000000273,-54.00000000000546,3.7199999999999998,5.999999999994543,-63.72,-1.1178947368420518,False,0.581825140338454,9,27416.24000000421,"C (partida 0,10 / 2R)"
MGC,london,2026-06-29,C,0.1,2.0,1,2026-06-29 09:12:00+01:00,2026-06-29 09:12:00+01:00,2026-06-29 09:16:00+01:00,4079.0,4076.4,4084.2000000000003,4076.3,stop,2,2.599999999999909,56.47999999999818,-50.0,2.48,3.999999999996362,-56.47999999999636,-1.086153846153814,False,0.5457686564938224,9,27352.52000000421,"C (partida 0,10 / 2R)"
MGC,london,2026-06-30,C,0.1,2.0,1,2026-06-30 08:55:00+01:00,2026-06-30 08:55:00+01:00,2026-06-30 08:57:00+01:00,4044.2999999999997,4043.3,4046.3,4046.3,objetivo,5,0.9999999999995453,61.199999999977265,105.00000000001819,6.2,4.9999999999954525,93.80000000002273,1.8760000000013077,False,0.5702245945681135,8,27296.040000004214,"C (partida 0,10 / 2R)"
MGC,london,2026-06-30,C,0.1,2.0,-1,2026-06-30 10:30:00+01:00,2026-06-30 10:30:00+01:00,2026-06-30 10:31:00+01:00,4031.4,4032.7999999999997,4028.6000000000004,4028.6000000000004,objetivo,4,1.3999999999996362,64.95999999998546,115.99999999998545,4.96,3.999999999996362,107.03999999998909,1.9114285714288732,False,-0.5923279838262586,10,27389.840000004235,"C (partida 0,10 / 2R)"
MGC,london,2026-07-01,C,0.1,2.0,-1,2026-07-01 08:31:00+01:00,2026-07-01 08:31:00+01:00,2026-07-01 08:32:00+01:00,3975.8,3978.1,3971.2000000000003,3978.2,stop,2,2.299999999999727,50.47999999999454,-43.99999999999636,2.48,3.999999999996362,-50.47999999999272,-1.097391304347798,False,-2.3817952440894836,8,27496.880000004225,"C (partida 0,10 / 2R)"
MGC,london,2026-07-03,C,0.1,2.0,1,2026-07-03 09:01:00+01:00,2026-07-03 09:01:00+01:00,2026-07-03 09:49:00+01:00,4194.0,4190.099999999999,4201.8,4189.999999999999,stop,1,3.9000000000005457,41.24000000000546,-38.00000000000182,1.24,2.000000000007276,-41.2400000000091,-1.0574358974359828,False,0.8587011514605698,9,27446.400000004232,"C (partida 0,10 / 2R)"
MGC,london,2026-07-07,C,0.1,2.0,1,2026-07-07 09:06:00+01:00,2026-07-07 09:06:00+01:00,2026-07-07 09:11:00+01:00,4140.700000000001,4138.599999999999,4144.900000000001,4144.900000000001,objetivo,2,2.1000000000012733,46.48000000002546,86.00000000000364,2.48,2.000000000007276,81.51999999999636,1.9409523809511173,False,0.2634500825991123,9,27405.160000004224,"C (partida 0,10 / 2R)"
MGC,london,2026-07-08,C,0.1,2.0,-1,2026-07-08 10:31:00+01:00,2026-07-08 10:31:00+01:00,2026-07-08 10:34:00+01:00,4063.4,4067.6,4055.0,4067.7,stop,1,4.199999999999818,44.23999999999818,-40.99999999999909,1.24,1.999999999998181,-44.23999999999727,-1.0533333333333141,False,-1.4848435523006016,10,27486.68000000422,"C (partida 0,10 / 2R)"
MGC,london,2026-07-09,C,0.1,2.0,1,2026-07-09 09:08:00+01:00,2026-07-09 09:08:00+01:00,2026-07-09 09:11:00+01:00,4118.700000000001,4117.4,4121.3,4117.299999999999,stop,4,1.3000000000010914,60.96000000004366,-48.000000000029104,4.96,8.000000000029104,-60.96000000005821,-1.1723076923078275,False,0.47470140002596767,9,27442.440000004222,"C (partida 0,10 / 2R)"
MGC,london,2026-07-09,C,0.1,2.0,1,2026-07-09 09:15:00+01:00,2026-07-09 09:15:00+01:00,2026-07-09 09:21:00+01:00,4118.1,4115.0,4124.3,4124.3,objetivo,2,3.100000000000364,66.48000000000728,126.00000000000364,2.48,2.000000000007276,121.51999999999636,1.9599999999997113,False,0.27487758980591265,9,27381.480000004165,"C (partida 0,10 / 2R)"
MGC,london,2026-07-10,C,0.1,2.0,-1,2026-07-10 09:25:00+01:00,2026-07-10 09:25:00+01:00,2026-07-10 09:34:00+01:00,4113.9,4115.200000000001,4111.3,4111.3,objetivo,4,1.3000000000010914,60.96000000004366,107.99999999999272,4.96,4.000000000014552,99.03999999997818,1.904615384613366,False,-0.8289605249856394,9,27503.000000004162,"C (partida 0,10 / 2R)"
MGC,london,2026-07-10,C,0.1,2.0,-1,2026-07-10 10:11:00+01:00,2026-07-10 10:11:00+01:00,2026-07-10 10:13:00+01:00,4106.799999999999,4108.0,4104.400000000001,4108.1,stop,4,1.2000000000007276,56.960000000029105,-44.00000000001455,4.96,8.000000000029104,-56.96000000004366,-1.1866666666668566,False,-1.7934561074435698,10,27602.04000000414,"C (partida 0,10 / 2R)"
MGC,london,2026-07-13,C,0.1,2.0,1,2026-07-13 08:55:00+01:00,2026-07-13 08:55:00+01:00,2026-07-13 09:00:00+01:00,4069.6,4067.1,4074.6000000000004,4074.6000000000004,objetivo,2,2.5,54.48,102.00000000000728,2.48,1.999999999998181,97.52000000000909,1.9504000000001818,False,0.9812624088322942,8,27545.080000004098,"C (partida 0,10 / 2R)"
MGC,london,2026-07-13,C,0.1,2.0,1,2026-07-13 10:02:00+01:00,2026-07-13 10:02:00+01:00,2026-07-13 10:03:00+01:00,4084.2999999999997,4083.0,4086.9,4082.9,stop,4,1.2999999999997272,60.95999999998909,-47.999999999992724,4.96,7.999999999992724,-60.95999999998545,-1.1723076923076585,False,1.0773467198650628,10,27642.600000004106,"C (partida 0,10 / 2R)"
MGC,london,2026-07-14,C,0.1,2.0,1,2026-07-14 08:39:00+01:00,2026-07-14 08:39:00+01:00,2026-07-14 08:39:00+01:00,4035.9,4033.1,4041.5,4033.0,stop,2,2.800000000000182,60.480000000003635,-54.00000000000546,2.48,3.999999999996362,-60.480000000001816,-1.0799999999999623,False,0.7062074653741729,8,27581.64000000412,"C (partida 0,10 / 2R)"
MGC,london,2026-07-14,C,0.1,2.0,-1,2026-07-14 09:37:00+01:00,2026-07-14 09:37:00+01:00,2026-07-14 09:40:00+01:00,4026.0,4027.6,4022.8,4027.7,stop,3,1.599999999999909,54.71999999999727,-45.0,3.7199999999999998,5.999999999994543,-54.71999999999454,-1.139999999999951,False,-1.0955531772887896,9,27521.160000004118,"C (partida 0,10 / 2R)"
MGC,london,2026-07-15,C,0.1,2.0,-1,2026-07-15 08:52:00+01:00,2026-07-15 08:52:00+01:00,2026-07-15 08:53:00+01:00,4028.8,4030.0,4026.4,4030.1,stop,4,1.199999999999818,56.959999999992725,-43.99999999999636,4.96,7.999999999992724,-56.95999999998909,-1.1866666666666192,False,-2.843001518346307,8,27466.440000004124,"C (partida 0,10 / 2R)"
MGC,london,2026-07-15,C,0.1,2.0,-1,2026-07-15 09:01:00+01:00,2026-07-15 09:01:00+01:00,2026-07-15 09:02:00+01:00,4027.9,4031.4,4020.9,4031.5,stop,1,3.5,37.24,-34.00000000000091,1.24,1.999999999998181,-37.23999999999909,-1.063999999999974,False,-0.7602848536863545,9,27409.480000004136,"C (partida 0,10 / 2R)"
MGC,london,2026-07-16,C,0.1,2.0,1,2026-07-16 09:22:00+01:00,2026-07-16 09:22:00+01:00,2026-07-16 09:31:00+01:00,4036.4,4034.8,4039.6000000000004,4039.6000000000004,objetivo,3,1.599999999999909,54.71999999999727,99.00000000000546,3.7199999999999998,2.9999999999972715,92.28000000000819,1.9225000000002799,False,0.5794492172612069,9,27372.240000004138,"C (partida 0,10 / 2R)"
MGC,london,2026-07-16,C,0.1,2.0,1,2026-07-16 10:44:00+01:00,2026-07-16 10:44:00+01:00,2026-07-16 10:45:00+01:00,4040.4,4038.8,4043.6000000000004,4038.7000000000003,stop,3,1.599999999999909,54.71999999999727,-45.0,3.7199999999999998,5.999999999994543,-54.71999999999454,-1.139999999999951,False,0.719713699760416,10,27464.520000004148,"C (partida 0,10 / 2R)"
MGC,london,2026-07-17,C,0.1,2.0,-1,2026-07-17 08:52:00+01:00,2026-07-17 08:52:00+01:00,2026-07-17 09:04:00+01:00,3999.9,4002.0,3995.7000000000003,4002.1,stop,2,2.099999999999909,46.47999999999818,-40.0,2.48,3.999999999996362,-46.47999999999636,-1.1066666666666278,False,-0.22004757878222642,8,27409.800000004154,"C (partida 0,10 / 2R)"
MGC,london,2026-07-17,C,0.1,2.0,-1,2026-07-17 09:12:00+01:00,2026-07-17 09:12:00+01:00,2026-07-17 09:48:00+01:00,3995.5,4000.0,3986.5,4000.1,stop,1,4.5,47.24,-44.00000000000091,1.24,1.999999999998181,-47.23999999999909,-1.0497777777777577,False,-0.19946761637110416,9,27363.320000004158,"C (partida 0,10 / 2R)"
MGC,london,2026-07-20,C,0.1,2.0,1,2026-07-20 09:40:00+01:00,2026-07-20 09:40:00+01:00,2026-07-20 09:42:00+01:00,4029.0,4027.7000000000003,4031.6000000000004,4027.6000000000004,stop,4,1.2999999999997272,60.95999999998909,-47.999999999992724,4.96,7.999999999992724,-60.95999999998545,-1.1723076923076585,False,1.9280639432913025,9,27316.08000000416,"C (partida 0,10 / 2R)"
MGC,london,2026-07-20,C,0.1,2.0,1,2026-07-20 10:16:00+01:00,2026-07-20 10:16:00+01:00,2026-07-20 10:20:00+01:00,4025.0,4023.4,4028.2000000000003,4023.3,stop,3,1.599999999999909,54.71999999999727,-45.0,3.7199999999999998,5.999999999994543,-54.71999999999454,-1.139999999999951,False,0.11113711437754051,10,27255.120000004175,"C (partida 0,10 / 2R)"
MGC,london,2026-07-21,C,0.1,2.0,-1,2026-07-21 08:47:00+01:00,2026-07-21 08:47:00+01:00,2026-07-21 08:48:00+01:00,4075.3,4076.5,4072.9,4076.6,stop,4,1.199999999999818,56.959999999992725,-43.99999999999636,4.96,7.999999999992724,-56.95999999998909,-1.1866666666666192,False,-1.436769172415125,8,27200.40000000418,"C (partida 0,10 / 2R)"
MGC,london,2026-07-21,C,0.1,2.0,-1,2026-07-21 10:30:00+01:00,2026-07-21 10:30:00+01:00,2026-07-21 10:30:00+01:00,4067.3,4068.7,4064.5,4068.7999999999997,stop,4,1.3999999999996362,64.95999999998546,-51.999999999989086,4.96,7.999999999992724,-64.9599999999818,-1.1599999999999766,False,-0.46425438617139647,10,27143.440000004193,"C (partida 0,10 / 2R)"
MGC,london,2026-07-23,C,0.1,2.0,-1,2026-07-23 09:38:00+01:00,2026-07-23 09:38:00+01:00,2026-07-23 09:39:00+01:00,4094.3,4095.5,4091.9,4095.6,stop,4,1.199999999999818,56.959999999992725,-43.99999999999636,4.96,7.999999999992724,-56.95999999998909,-1.1866666666666192,False,-0.9865324320150418,9,27078.480000004212,"C (partida 0,10 / 2R)"
MGC,london,2026-07-23,C,0.1,2.0,-1,2026-07-23 10:22:00+01:00,2026-07-23 10:22:00+01:00,2026-07-23 10:26:00+01:00,4096.599999999999,4098.0,4093.8,4093.8,objetivo,4,1.4000000000005457,64.96000000002184,115.99999999998545,4.96,4.000000000014552,107.0399999999709,1.9114285714273067,False,-0.3463830388689484,10,27021.520000004224,"C (partida 0,10 / 2R)"
MGC,london,2026-07-24,C,0.1,2.0,1,2026-07-24 09:27:00+01:00,2026-07-24 09:27:00+01:00,2026-07-24 09:29:00+01:00,4050.7999999999997,4049.2000000000003,4054.0,4054.0,objetivo,3,1.5999999999994543,54.71999999998363,99.00000000000546,3.7199999999999998,2.9999999999972715,92.28000000000819,1.9225000000008263,False,0.13244403718114015,9,27128.560000004196,"C (partida 0,10 / 2R)"
MGC,london,2026-07-27,C,0.1,2.0,-1,2026-07-27 09:30:00+01:00,2026-07-27 09:30:00+01:00,2026-07-27 09:42:00+01:00,4092.4,4094.2999999999997,4088.6000000000004,4094.3999999999996,stop,3,1.8999999999996362,63.719999999989085,-53.999999999991815,3.7199999999999998,5.999999999994543,-63.719999999986356,-1.11789473684208,False,-1.5540646850870683,9,27220.840000004206,"C (partida 0,10 / 2R)"
MGC,london,2026-07-28,C,0.1,2.0,-1,2026-07-28 09:12:00+01:00,2026-07-28 09:12:00+01:00,2026-07-28 09:15:00+01:00,4044.5,4046.7999999999997,4039.9,4046.8999999999996,stop,2,2.299999999999727,50.47999999999454,-43.99999999999636,2.48,3.999999999996362,-50.47999999999272,-1.097391304347798,False,-0.160091831439965,9,27157.12000000422,"C (partida 0,10 / 2R)"
MGC,london,2026-07-28,C,0.1,2.0,-1,2026-07-28 10:04:00+01:00,2026-07-28 10:04:00+01:00,2026-07-28 10:05:00+01:00,4044.0,4045.0,4042.0,4042.0,objetivo,5,1.0,61.2,104.99999999999545,6.2,4.9999999999954525,93.8,1.876,False,-0.9057942024359257,10,27106.640000004227,"C (partida 0,10 / 2R)"
MGC,london,2026-08-03,C,0.1,2.0,-1,2026-08-03 08:38:00+01:00,2026-08-03 08:38:00+01:00,2026-08-03 08:38:00+01:00,4112.099999999999,4114.0,4108.3,4114.1,stop,3,1.9000000000005457,63.72000000001637,-54.00000000000546,3.7199999999999998,6.000000000021828,-63.720000000027284,-1.117894736842263,False,-2.4145246484717844,8,27200.440000004226,"C (partida 0,10 / 2R)"
MGC,london,2026-08-04,C,0.1,2.0,1,2026-08-04 08:49:00+01:00,2026-08-04 08:49:00+01:00,2026-08-04 09:02:00+01:00,4120.900000000001,4119.2,4124.3,4124.3,objetivo,3,1.7000000000007276,57.72000000002183,105.0,3.7199999999999998,3.000000000010914,98.27999999998909,1.927058823528373,False,0.2637757504983352,8,27136.7200000042,"C (partida 0,10 / 2R)"
MGC,london,2026-08-05,C,0.1,2.0,-1,2026-08-05 09:46:00+01:00,2026-08-05 09:46:00+01:00,2026-08-05 10:07:00+01:00,4223.599999999999,4226.200000000001,4218.400000000001,4226.300000000001,stop,2,2.6000000000012733,56.48000000002546,-50.00000000001819,2.48,4.000000000014552,-56.48000000003274,-1.0861538461539437,False,-0.5219105128877142,9,27235.000000004187,"C (partida 0,10 / 2R)"
MGC,london,2026-08-05,C,0.1,2.0,-1,2026-08-05 10:16:00+01:00,2026-08-05 10:16:00+01:00,2026-08-05 10:21:00+01:00,4221.0,4222.5,4218.0,4218.0,objetivo,3,1.5,51.72,93.00000000001091,3.7199999999999998,3.000000000010914,86.28,1.9173333333333333,False,-0.519013572488695,10,27178.520000004155,"C (partida 0,10 / 2R)"
MGC,london,2026-08-07,C,0.1,2.0,1,2026-08-07 10:40:00+01:00,2026-08-07 10:40:00+01:00,2026-08-07 10:42:00+01:00,4368.5,4366.7,4372.1,4372.1,objetivo,3,1.800000000000182,60.720000000005456,111.00000000002183,3.7199999999999998,3.000000000010914,104.28000000001092,1.931111111111118,False,0.7792461983830498,10,27264.800000004154,"C (partida 0,10 / 2R)"
MGC,london,2026-08-10,C,0.1,2.0,-1,2026-08-10 09:33:00+01:00,2026-08-10 09:33:00+01:00,2026-08-10 09:42:00+01:00,4411.099999999999,4413.900000000001,4405.5,4405.5,objetivo,2,2.8000000000010914,60.480000000021825,113.99999999999636,2.48,2.000000000007276,109.51999999998908,1.9557142857133285,False,-0.16202382214202046,9,27369.080000004164,"C (partida 0,10 / 2R)"
MGC,london,2026-08-11,C,0.1,2.0,-1,2026-08-11 08:32:00+01:00,2026-08-11 08:32:00+01:00,2026-08-11 08:33:00+01:00,4420.0,4421.700000000001,4416.6,4421.800000000001,stop,3,1.7000000000007276,57.72000000002183,-48.000000000010914,3.7199999999999998,6.000000000021828,-57.72000000003274,-1.1317647058825104,False,-1.4446001990550996,8,27478.600000004153,"C (partida 0,10 / 2R)"
MGC,london,2026-08-11,C,0.1,2.0,1,2026-08-11 09:26:00+01:00,2026-08-11 09:26:00+01:00,2026-08-11 09:26:00+01:00,4423.900000000001,4422.799999999999,4426.1,4426.1,objetivo,5,1.1000000000012733,66.20000000006367,115.0000000000091,6.2,5.00000000001819,103.7999999999909,1.8872727272703773,False,0.2847168006425895,9,27420.88000000412,"C (partida 0,10 / 2R)"
MGC,london,2026-08-12,C,0.1,2.0,1,2026-08-12 09:21:00+01:00,2026-08-12 09:21:00+01:00,2026-08-12 09:26:00+01:00,4468.400000000001,4466.799999999999,4471.6,4466.699999999999,stop,3,1.6000000000012733,54.7200000000382,-45.000000000027285,3.7199999999999998,6.000000000021828,-54.72000000004911,-1.140000000000116,False,0.8420061899888598,9,27524.68000000411,"C (partida 0,10 / 2R)"
MGC,london,2026-08-13,C,0.1,2.0,-1,2026-08-13 08:49:00+01:00,2026-08-13 08:49:00+01:00,2026-08-13 09:03:00+01:00,4429.7,4433.0,4423.1,4423.1,objetivo,1,3.300000000000182,35.24000000000182,66.99999999999818,1.24,1.000000000003638,64.75999999999455,1.962424242423969,False,-0.9248741764736613,8,27469.960000004063,"C (partida 0,10 / 2R)"
MGC,london,2026-08-14,C,0.1,2.0,1,2026-08-14 09:30:00+01:00,2026-08-14 09:30:00+01:00,2026-08-14 09:33:00+01:00,4401.900000000001,4400.4,4404.900000000001,4400.2,stop_hueco,3,1.5000000000009095,51.720000000027284,-45.0,3.7199999999999998,6.000000000021828,-54.72000000002183,-1.2159999999997477,False,1.9653708622711001,9,27534.720000004058,"C (partida 0,10 / 2R)"
MGC,london,2026-08-14,C,0.1,2.0,1,2026-08-14 09:37:00+01:00,2026-08-14 09:37:00+01:00,2026-08-14 09:44:00+01:00,4403.0,4401.2,4406.6,4401.099999999999,stop,3,1.800000000000182,60.720000000005456,-50.99999999999454,3.7199999999999998,6.000000000021828,-60.72000000001637,-1.124444444444634,False,1.218092010065204,9,27480.000000004035,"C (partida 0,10 / 2R)"
MGC,london,2026-08-17,C,0.1,2.0,-1,2026-08-17 10:27:00+01:00,2026-08-17 10:27:00+01:00,2026-08-17 10:30:00+01:00,4453.299999999999,4454.3,4451.3,4451.3,objetivo,5,1.0000000000009095,61.20000000004548,104.99999999997272,6.2,5.00000000001819,93.79999999995452,1.8759999999973842,False,-0.6731805370472157,10,27419.28000000402,"C (partida 0,10 / 2R)"
MGC,london,2026-08-18,C,0.1,2.0,1,2026-08-18 08:39:00+01:00,2026-08-18 08:39:00+01:00,2026-08-18 08:48:00+01:00,4458.400000000001,4456.0,4463.2,4455.9,stop,2,2.4000000000005457,52.48000000001091,-46.00000000000364,2.48,4.000000000014552,-52.48000000001819,-1.0933333333334636,False,0.7386407779439996,8,27513.080000003974,"C (partida 0,10 / 2R)"
MGC,london,2026-08-21,C,0.1,2.0,1,2026-08-21 09:01:00+01:00,2026-08-21 09:01:00+01:00,2026-08-21 09:04:00+01:00,4622.0,4618.9,4628.2,4618.799999999999,stop,2,3.100000000000364,66.48000000000728,-60.0,2.48,4.000000000014552,-66.48000000001456,-1.072258064516238,False,0.2234154684881497,9,27460.600000003957,"C (partida 0,10 / 2R)"
MGC,london,2026-08-21,C,0.1,2.0,1,2026-08-21 09:14:00+01:00,2026-08-21 09:14:00+01:00,2026-08-21 09:15:00+01:00,4624.8,4621.5,4631.400000000001,4621.4,stop,1,3.300000000000182,35.24000000000182,-31.99999999999818,1.24,2.000000000007276,-35.24000000000546,-1.0678787878788945,False,0.23804520098725135,9,27394.120000003943,"C (partida 0,10 / 2R)"
MGC,london,2026-08-24,C,0.1,2.0,-1,2026-08-24 09:12:00+01:00,2026-08-24 09:12:00+01:00,2026-08-24 09:25:00+01:00,4691.7,4696.1,4682.900000000001,4696.200000000001,stop,1,4.400000000000546,46.24000000000546,-43.00000000000182,1.24,2.000000000007276,-46.2400000000091,-1.0509090909091674,False,-1.6673430875806023,9,27358.880000003937,"C (partida 0,10 / 2R)"
MGC,london,2026-08-24,C,0.1,2.0,1,2026-08-24 10:05:00+01:00,2026-08-24 10:05:00+01:00,2026-08-24 10:08:00+01:00,4698.200000000001,4695.9,4702.8,4695.799999999999,stop,2,2.3000000000010914,50.480000000021825,-44.00000000001455,2.48,4.000000000014552,-50.4800000000291,-1.097391304347938,False,0.17319636212638384,10,27312.64000000393,"C (partida 0,10 / 2R)"
MGC,london,2026-08-25,C,0.1,2.0,-1,2026-08-25 08:49:00+01:00,2026-08-25 08:49:00+01:00,2026-08-25 08:54:00+01:00,4692.599999999999,4695.0,4687.8,4687.8,objetivo,2,2.4000000000005457,52.48000000001091,97.99999999999272,2.48,2.000000000007276,93.51999999998544,1.9483333333325872,False,-0.5703066643524436,8,27262.1600000039,"C (partida 0,10 / 2R)"
MGC,london,2026-08-25,C,0.1,2.0,-1,2026-08-25 10:26:00+01:00,2026-08-25 10:26:00+01:00,2026-08-25 10:30:00+01:00,4683.599999999999,4685.5,4679.8,4679.8,objetivo,3,1.9000000000005457,63.72000000001637,116.99999999998909,3.7199999999999998,3.000000000010914,110.27999999997817,1.9347368421043245,False,-0.2970516576820811,10,27355.680000003886,"C (partida 0,10 / 2R)"
MGC,london,2026-08-26,C,0.1,2.0,-1,2026-08-26 10:05:00+01:00,2026-08-26 10:05:00+01:00,2026-08-26 10:20:00+01:00,4681.4,4684.3,4675.6,4675.6,objetivo,2,2.9000000000005457,62.48000000001091,117.99999999999272,2.48,2.000000000007276,113.51999999998544,1.9572413793097256,False,-0.3006704365416322,10,27465.960000003863,"C (partida 0,10 / 2R)"
MGC,london,2026-08-27,C,0.1,2.0,-1,2026-08-27 08:52:00+01:00,2026-08-27 08:52:00+01:00,2026-08-27 08:52:00+01:00,4650.2,4652.0,4646.6,4652.1,stop,3,1.800000000000182,60.720000000005456,-50.99999999999454,3.7199999999999998,6.000000000021828,-60.72000000001637,-1.124444444444634,False,-1.3978108851827682,8,27579.48000000385,"C (partida 0,10 / 2R)"
MGC,london,2026-08-27,C,0.1,2.0,-1,2026-08-27 10:03:00+01:00,2026-08-27 10:03:00+01:00,2026-08-27 10:37:00+01:00,4649.9,4653.6,4642.5,4642.5,objetivo,1,3.7000000000007276,39.24000000000728,75.0,1.24,1.000000000003638,72.75999999999637,1.9664864864860017,False,-0.24679316672576956,10,27518.760000003833,"C (partida 0,10 / 2R)"
MGC,london,2026-08-28,C,0.1,2.0,-1,2026-08-28 10:29:00+01:00,2026-08-28 10:29:00+01:00,2026-08-28 10:30:00+01:00,4654.099999999999,4656.6,4649.1,4656.700000000001,stop,2,2.5000000000009095,54.48000000001819,-48.000000000010914,2.48,4.000000000014552,-54.48000000002546,-1.089600000000113,False,-0.3759715110946726,10,27591.520000003828,"C (partida 0,10 / 2R)"
MGC,london,2026-08-31,C,0.1,2.0,1,2026-08-31 09:01:00+01:00,2026-08-31 09:01:00+01:00,2026-08-31 09:07:00+01:00,4497.8,4492.9,4507.6,4492.799999999999,stop,1,4.900000000000546,51.24000000000546,-48.00000000000182,1.24,2.000000000007276,-51.2400000000091,-1.0457142857143549,False,0.5607032523805534,9,27537.040000003803,"C (partida 0,10 / 2R)"
MGC,london,2026-09-01,C,0.1,2.0,-1,2026-09-01 10:27:00+01:00,2026-09-01 10:27:00+01:00,2026-09-01 10:30:00+01:00,4420.7,4423.0,4416.1,4416.1,objetivo,2,2.300000000000182,50.480000000003635,93.99999999999636,2.48,2.000000000007276,89.51999999998908,1.9460869565213479,False,-1.6239910682906147,10,27485.800000003794,"C (partida 0,10 / 2R)"
MGC,london,2026-09-02,C,0.1,2.0,-1,2026-09-02 10:09:00+01:00,2026-09-02 10:09:00+01:00,2026-09-02 10:09:00+01:00,4364.9,4366.900000000001,4360.900000000001,4367.000000000001,stop,3,2.0000000000009095,66.72000000002728,-57.00000000001637,3.7199999999999998,6.000000000021828,-66.7200000000382,-1.1120000000001309,False,-0.9470927876795977,10,27575.320000003783,"C (partida 0,10 / 2R)"
MGC,london,2026-09-02,C,0.1,2.0,-1,2026-09-02 10:11:00+01:00,2026-09-02 10:11:00+01:00,2026-09-02 10:14:00+01:00,4364.4,4365.6,4362.0,4362.0,objetivo_hueco,4,1.2000000000007276,56.960000000029105,100.0,4.96,4.000000000014552,91.03999999998545,1.8966666666652137,False,-0.9846168739734183,10,27508.600000003746,"C (partida 0,10 / 2R)"
MGC,london,2026-09-03,C,0.1,2.0,1,2026-09-03 08:54:00+01:00,2026-09-03 08:54:00+01:00,2026-09-03 09:03:00+01:00,4474.700000000001,4472.599999999999,4478.900000000001,4478.900000000001,objetivo,2,2.1000000000012733,46.48000000002546,86.00000000000364,2.48,2.000000000007276,81.51999999999636,1.9409523809511173,False,0.30982069768473924,8,27599.640000003732,"C (partida 0,10 / 2R)"
MGC,london,2026-09-03,C,0.1,2.0,1,2026-09-03 10:01:00+01:00,2026-09-03 10:01:00+01:00,2026-09-03 10:03:00+01:00,4483.900000000001,4480.7,4490.3,4480.599999999999,stop,2,3.2000000000007276,68.48000000001456,-62.000000000007276,2.48,4.000000000014552,-68.48000000002183,-1.0700000000000978,False,0.5169738983228551,10,27681.16000000373,"C (partida 0,10 / 2R)"
MGC,london,2026-09-04,C,0.1,2.0,1,2026-09-04 09:18:00+01:00,2026-09-04 09:18:00+01:00,2026-09-04 09:18:00+01:00,4530.700000000001,4529.2,4533.7,4529.099999999999,stop,4,1.5000000000009095,68.96000000003637,-56.00000000002183,4.96,8.000000000029104,-68.96000000005093,-1.1493333333334852,False,1.876663388760531,9,27612.680000003707,"C (partida 0,10 / 2R)"
MGC,london,2026-09-04,C,0.1,2.0,1,2026-09-04 09:21:00+01:00,2026-09-04 09:21:00+01:00,2026-09-04 09:21:00+01:00,4530.6,4529.299999999999,4533.2,4529.199999999999,stop,4,1.3000000000010914,60.96000000004366,-48.000000000029104,4.96,8.000000000029104,-60.96000000005821,-1.1723076923078275,False,1.2782256899041742,9,27543.720000003657,"C (partida 0,10 / 2R)"
MGC,london,2026-09-08,C,0.1,2.0,-1,2026-09-08 09:44:00+01:00,2026-09-08 09:44:00+01:00,2026-09-08 09:45:00+01:00,4436.799999999999,4439.0,4432.400000000001,4439.1,stop,2,2.2000000000007276,48.48000000001455,-42.000000000007276,2.48,4.000000000014552,-48.480000000021825,-1.1018181818183135,False,-0.41352294997180283,9,27482.7600000036,"C (partida 0,10 / 2R)"
MGC,london,2026-09-08,C,0.1,2.0,-1,2026-09-08 09:49:00+01:00,2026-09-08 09:49:00+01:00,2026-09-08 09:50:00+01:00,4435.7,4438.700000000001,4429.7,4438.800000000001,stop,2,3.0000000000009095,64.48000000001818,-58.000000000010914,2.48,4.000000000014552,-64.48000000002547,-1.0746666666667655,False,-0.2751020351527541,9,27434.28000000358,"C (partida 0,10 / 2R)"
MGC,london,2026-09-09,C,0.1,2.0,-1,2026-09-09 10:02:00+01:00,2026-09-09 10:02:00+01:00,2026-09-09 10:03:00+01:00,4444.4,4445.700000000001,4441.8,4445.800000000001,stop,4,1.3000000000010914,60.96000000004366,-48.000000000029104,4.96,8.000000000029104,-60.96000000005821,-1.1723076923078275,False,-0.6053536711815437,10,27369.800000003554,"C (partida 0,10 / 2R)"
MGC,london,2026-09-09,C,0.1,2.0,-1,2026-09-09 10:05:00+01:00,2026-09-09 10:05:00+01:00,2026-09-09 10:14:00+01:00,4445.0,4446.400000000001,4442.2,4442.2,objetivo_hueco,4,1.4000000000005457,64.96000000002184,116.00000000002183,4.96,4.000000000014552,107.04000000000728,1.9114285714279564,False,-0.5644828280123969,10,27308.840000003496,"C (partida 0,10 / 2R)"
MGC,london,2026-09-10,C,0.1,2.0,-1,2026-09-10 09:04:00+01:00,2026-09-10 09:04:00+01:00,2026-09-10 09:14:00+01:00,4451.799999999999,4453.5,4448.400000000001,4448.400000000001,objetivo,3,1.7000000000007276,57.72000000002183,104.99999999997272,3.7199999999999998,3.000000000010914,98.2799999999618,1.927058823527838,False,-1.063445694225121,9,27415.880000003504,"C (partida 0,10 / 2R)"
MGC,london,2026-09-11,C,0.1,2.0,-1,2026-09-11 09:04:00+01:00,2026-09-11 09:04:00+01:00,2026-09-11 09:05:00+01:00,4384.5,4386.1,4381.3,4386.200000000001,stop,3,1.6000000000003638,54.72000000001091,-45.0,3.7199999999999998,6.000000000021828,-54.72000000002183,-1.1400000000001955,False,-1.995451961015102,9,27514.160000003467,"C (partida 0,10 / 2R)"
MGC,london,2026-09-14,C,0.1,2.0,-1,2026-09-14 09:44:00+01:00,2026-09-14 09:44:00+01:00,2026-09-14 09:45:00+01:00,4349.799999999999,4353.3,4342.8,4353.400000000001,stop,1,3.5000000000009095,37.2400000000091,-34.00000000000546,1.24,2.000000000007276,-37.240000000012735,-1.0640000000000873,False,-0.5605940972175328,9,27459.440000003444,"C (partida 0,10 / 2R)"
MGC,london,2026-09-14,C,0.1,2.0,-1,2026-09-14 10:12:00+01:00,2026-09-14 10:12:00+01:00,2026-09-14 10:17:00+01:00,4345.9,4349.1,4339.5,4339.5,objetivo,2,3.2000000000007276,68.48000000001456,130.0,2.48,2.000000000007276,125.51999999999272,1.9612499999994404,False,-0.9546154612863685,10,27422.20000000343,"C (partida 0,10 / 2R)"
MGC,london,2026-09-15,C,0.1,2.0,-1,2026-09-15 08:37:00+01:00,2026-09-15 08:37:00+01:00,2026-09-15 08:40:00+01:00,4327.4,4328.700000000001,4324.8,4324.8,objetivo,4,1.3000000000010914,60.96000000004366,107.99999999999272,4.96,4.000000000014552,99.03999999997818,1.904615384613366,False,-0.6744702822998838,8,27547.720000003425,"C (partida 0,10 / 2R)"
MGC,london,2026-09-16,C,0.1,2.0,-1,2026-09-16 09:34:00+01:00,2026-09-16 09:34:00+01:00,2026-09-16 09:38:00+01:00,4368.599999999999,4370.400000000001,4365.0,4365.0,objetivo,3,1.8000000000010914,60.72000000003274,110.99999999999454,3.7199999999999998,3.000000000010914,104.27999999998363,1.931111111109637,False,-0.4217018523386812,9,27646.760000003404,"C (partida 0,10 / 2R)"
MGC,london,2026-09-17,C,0.1,2.0,-1,2026-09-17 10:18:00+01:00,2026-09-17 10:18:00+01:00,2026-09-17 10:18:00+01:00,4352.0,4353.6,4348.8,4353.700000000001,stop,3,1.6000000000003638,54.72000000001091,-45.0,3.7199999999999998,6.000000000021828,-54.72000000002183,-1.1400000000001955,False,-0.7390815975201447,10,27751.040000003388,"C (partida 0,10 / 2R)"
MGC,london,2026-09-18,C,0.1,2.0,1,2026-09-18 08:46:00+01:00,2026-09-18 08:46:00+01:00,2026-09-18 08:51:00+01:00,4435.1,4433.5,4438.3,4438.3,objetivo,3,1.6000000000003638,54.72000000001091,99.00000000000546,3.7199999999999998,3.000000000010914,92.27999999999454,1.9224999999994492,False,0.39922082454169566,8,27696.320000003365,"C (partida 0,10 / 2R)"
MGC,london,2026-09-18,C,0.1,2.0,1,2026-09-18 09:02:00+01:00,2026-09-18 09:02:00+01:00,2026-09-18 09:09:00+01:00,4436.1,4434.099999999999,4440.1,4433.999999999999,stop,3,2.0000000000009095,66.72000000002728,-57.00000000001637,3.7199999999999998,6.000000000021828,-66.7200000000382,-1.1120000000001309,False,0.6295416130446213,9,27788.60000000336,"C (partida 0,10 / 2R)"
MGC,london,2026-09-21,C,0.1,2.0,-1,2026-09-21 08:41:00+01:00,2026-09-21 08:41:00+01:00,2026-09-21 09:06:00+01:00,4384.599999999999,4388.1,4377.6,4388.200000000001,stop,1,3.5000000000009095,37.2400000000091,-34.00000000000546,1.24,2.000000000007276,-37.240000000012735,-1.0640000000000873,False,-0.15488149064093762,8,27721.880000003322,"C (partida 0,10 / 2R)"
MGC,london,2026-09-21,C,0.1,2.0,1,2026-09-21 10:23:00+01:00,2026-09-21 10:23:00+01:00,2026-09-21 10:24:00+01:00,4391.5,4389.799999999999,4394.900000000001,4389.4,stop_hueco,3,1.7000000000007276,57.72000000002183,-56.999999999989086,3.7199999999999998,6.000000000021828,-66.72000000001091,-1.3082352941173012,False,0.17386714917453275,10,27684.64000000331,"C (partida 0,10 / 2R)"
MGC,london,2026-09-22,C,0.1,2.0,-1,2026-09-22 09:16:00+01:00,2026-09-22 09:16:00+01:00,2026-09-22 09:19:00+01:00,4338.2,4340.3,4334.0,4340.400000000001,stop,2,2.100000000000364,46.48000000000727,-40.0,2.48,4.000000000014552,-46.48000000001455,-1.1066666666668215,False,-2.6995511031586292,9,27617.920000003298,"C (partida 0,10 / 2R)"
MGC,london,2026-09-22,C,0.1,2.0,1,2026-09-22 10:44:00+01:00,2026-09-22 10:44:00+01:00,2026-09-22 10:52:00+01:00,4357.0,4354.4,4362.2,4362.2,objetivo,2,2.600000000000364,56.48000000000727,106.00000000000364,2.48,2.000000000007276,101.51999999999636,1.952307692307349,False,0.2793984601875682,10,27571.440000003284,"C (partida 0,10 / 2R)"
MGC,london,2026-09-23,C,0.1,2.0,-1,2026-09-23 08:59:00+01:00,2026-09-23 08:59:00+01:00,2026-09-23 09:24:00+01:00,4356.7,4358.700000000001,4352.7,4358.800000000001,stop,3,2.0000000000009095,66.72000000002728,-57.00000000001637,3.7199999999999998,6.000000000021828,-66.7200000000382,-1.1120000000001309,False,-1.168922248359394,8,27672.96000000328,"C (partida 0,10 / 2R)"
MGC,london,2026-09-23,C,0.1,2.0,-1,2026-09-23 10:19:00+01:00,2026-09-23 10:19:00+01:00,2026-09-23 10:20:00+01:00,4353.2,4354.900000000001,4349.8,4355.000000000001,stop,3,1.7000000000007276,57.72000000002183,-48.000000000010914,3.7199999999999998,6.000000000021828,-57.72000000003274,-1.1317647058825104,False,-0.3795062594668287,10,27606.240000003243,"C (partida 0,10 / 2R)"
MGC,london,2026-09-24,C,0.1,2.0,-1,2026-09-24 09:12:00+01:00,2026-09-24 09:12:00+01:00,2026-09-24 09:14:00+01:00,4315.4,4316.900000000001,4312.400000000001,4312.400000000001,objetivo,3,1.5000000000009095,51.720000000027284,92.99999999998363,3.7199999999999998,3.000000000010914,86.27999999997272,1.9173333333315645,False,-0.23961414186181118,9,27548.52000000321,"C (partida 0,10 / 2R)"
MGC,london,2026-09-25,C,0.1,2.0,1,2026-09-25 09:12:00+01:00,2026-09-25 09:12:00+01:00,2026-09-25 09:15:00+01:00,4315.400000000001,4314.2,4317.8,4317.8,objetivo,4,1.2000000000007276,56.960000000029105,100.0,4.96,4.000000000014552,91.03999999998545,1.8966666666652137,False,0.543557230102868,9,27634.800000003183,"C (partida 0,10 / 2R)"
MGC,london,2026-09-25,C,0.1,2.0,1,2026-09-25 10:25:00+01:00,2026-09-25 10:25:00+01:00,2026-09-25 10:25:00+01:00,4332.0,4330.0,4336.0,4329.9,stop,3,2.0,66.72,-56.999999999989086,3.7199999999999998,6.000000000021828,-66.72000000001091,-1.112000000000182,False,1.6837122032460683,10,27725.84000000317,"C (partida 0,10 / 2R)"
MGC,london,2026-09-28,C,0.1,2.0,-1,2026-09-28 09:13:00+01:00,2026-09-28 09:13:00+01:00,2026-09-28 09:14:00+01:00,4185.9,4189.1,4179.5,4189.200000000001,stop,2,3.2000000000007276,68.48000000001456,-62.000000000007276,2.48,4.000000000014552,-68.48000000002183,-1.0700000000000978,False,-0.8459900709233078,9,27659.120000003157,"C (partida 0,10 / 2R)"
MGC,london,2026-09-28,C,0.1,2.0,-1,2026-09-28 09:53:00+01:00,2026-09-28 09:53:00+01:00,2026-09-28 09:53:00+01:00,4177.799999999999,4179.5,4174.400000000001,4179.6,stop,3,1.7000000000007276,57.72000000002183,-48.000000000010914,3.7199999999999998,6.000000000021828,-57.72000000003274,-1.1317647058825104,False,-1.1548979358655371,9,27590.640000003135,"C (partida 0,10 / 2R)"
MGC,london,2026-09-29,C,0.1,2.0,1,2026-09-29 08:39:00+01:00,2026-09-29 08:39:00+01:00,2026-09-29 08:39:00+01:00,4177.5,4176.099999999999,4180.3,4180.3,objetivo,4,1.4000000000005457,64.96000000002184,116.00000000002183,4.96,4.000000000014552,107.04000000000728,1.9114285714279564,False,1.8554180015480217,8,27532.9200000031,"C (partida 0,10 / 2R)"
MGC,london,2026-09-29,C,0.1,2.0,-1,2026-09-29 09:29:00+01:00,2026-09-29 09:29:00+01:00,2026-09-29 09:29:00+01:00,4171.799999999999,4173.400000000001,4168.6,4173.500000000001,stop,3,1.6000000000012733,54.7200000000382,-45.000000000027285,3.7199999999999998,6.000000000021828,-54.72000000004911,-1.140000000000116,False,-0.2569363097326444,9,27639.96000000311,"C (partida 0,10 / 2R)"
MGC,london,2026-09-30,C,0.1,2.0,1,2026-09-30 08:36:00+01:00,2026-09-30 08:36:00+01:00,2026-09-30 08:42:00+01:00,4229.900000000001,4226.799999999999,4236.1,4226.699999999999,stop,2,3.1000000000012733,66.48000000002547,-60.00000000001819,2.48,4.000000000014552,-66.48000000003275,-1.0722580645162167,False,1.3485819211082826,8,27585.24000000306,"C (partida 0,10 / 2R)"
MGC,london,2026-09-30,C,0.1,2.0,-1,2026-09-30 08:57:00+01:00,2026-09-30 08:57:00+01:00,2026-09-30 09:01:00+01:00,4225.599999999999,4227.6,4221.6,4227.700000000001,stop,3,2.0000000000009095,66.72000000002728,-57.00000000001637,3.7199999999999998,6.000000000021828,-66.7200000000382,-1.1120000000001309,False,-0.2621082204688869,8,27518.76000000303,"C (partida 0,10 / 2R)"
MGC,london,2026-10-02,C,0.1,2.0,1,2026-10-02 08:54:00+01:00,2026-10-02 08:54:00+01:00,2026-10-02 08:57:00+01:00,4215.0,4213.9,4217.2,4217.2,objetivo,5,1.1000000000003638,66.20000000001819,115.0000000000091,6.2,5.00000000001819,103.7999999999909,1.8872727272719376,False,0.24089212336156474,8,27452.04000000299,"C (partida 0,10 / 2R)"
MGC,london,2019-06-25,E,0.1,2.0,1,2019-06-25 08:34:00+01:00,2019-06-25 08:34:00+01:00,2019-06-25 09:31:00+01:00,1436.0,1434.1000000000001,1439.8000000000002,1434.0000000000002,stop,5,1.8999999999998636,106.19999999999317,-89.99999999999773,6.2,9.999999999990905,-106.19999999998863,-1.117894736842066,False,1.0316681461943784,8,50000.0,"E (partida 0,10 / 2R)"
MGC,london,2019-07-02,E,0.1,2.0,1,2019-07-02 08:32:00+01:00,2019-07-02 08:32:00+01:00,2019-07-02 08:40:00+01:00,1396.5,1395.2,1399.1000000000001,1395.1000000000001,stop,8,1.2999999999999545,121.91999999999636,-96.00000000000364,9.92,15.999999999985448,-121.91999999998909,-1.1723076923076283,False,1.5795804888700824,8,49893.80000000001,"E (partida 0,10 / 2R)"
MGC,london,2019-08-29,E,0.1,2.0,-1,2019-08-29 08:33:00+01:00,2019-08-29 08:33:00+01:00,2019-08-29 08:33:00+01:00,1554.1000000000001,1555.1999999999998,1551.9,1555.2999999999997,stop,9,1.0999999999996817,119.15999999997135,-89.99999999997954,11.16,17.99999999998363,-119.15999999996316,-1.2036363636363399,False,-4.023724084709711,8,49771.88000000002,"E (partida 0,10 / 2R)"
MGC,london,2019-10-09,E,0.1,2.0,-1,2019-10-09 10:13:00+01:00,2019-10-09 10:13:00+01:00,2019-10-09 10:45:00+01:00,1509.5,1510.6,1507.3000000000002,1507.3000000000002,objetivo,9,1.099999999999909,119.15999999999181,206.99999999997544,11.16,8.999999999991815,186.83999999998363,1.8872727272727179,False,-1.328776735201228,10,49652.72000000006,"E (partida 0,10 / 2R)"
MGC,london,2019-10-17,E,0.1,2.0,-1,2019-10-17 10:31:00+01:00,2019-10-17 10:31:00+01:00,2019-10-17 10:31:00+01:00,1490.9,1492.0,1488.7,1488.7,objetivo,9,1.099999999999909,119.15999999999181,206.9999999999959,11.16,8.999999999991815,186.8400000000041,1.8872727272729246,False,-0.3580469442398397,10,49839.56000000004,"E (partida 0,10 / 2R)"
MGC,london,2020-03-09,E,0.1,2.0,-1,2020-03-09 09:06:00+00:00,2020-03-09 09:06:00+00:00,2020-03-09 10:15:00+00:00,1662.9,1674.6,1639.5,1674.6999999999998,stop,1,11.699999999999818,119.23999999999818,-115.99999999999909,1.24,1.999999999998181,-119.23999999999727,-1.0191452991452916,False,-0.9956470218681859,9,50026.400000000045,"E (partida 0,10 / 2R)"
MGC,london,2020-03-10,E,0.1,2.0,-1,2020-03-10 09:21:00+00:00,2020-03-10 09:21:00+00:00,2020-03-10 09:34:00+00:00,1661.9,1662.8999999999999,1659.9,1662.9999999999998,stop,10,0.9999999999997726,122.39999999997727,-89.99999999998636,12.4,19.99999999998181,-122.39999999996817,-1.22399999999996,False,-0.12399537401006094,9,49907.16000000005,"E (partida 0,10 / 2R)"
MGC,london,2020-03-17,E,0.1,2.0,-1,2020-03-17 09:34:00+00:00,2020-03-17 09:34:00+00:00,2020-03-17 11:00:00+00:00,1474.9,1483.1999999999998,1458.3000000000002,1467.1,cierre_sesion,1,8.299999999999727,85.23999999999727,80.0,1.24,1.999999999998181,76.76000000000182,0.9248192771084861,False,-0.4748288071725396,9,49784.76000000008,"E (partida 0,10 / 2R)"
MGC,london,2020-03-18,E,0.1,2.0,-1,2020-03-18 09:12:00+00:00,2020-03-18 09:12:00+00:00,2020-03-18 09:22:00+00:00,1494.5,1496.0,1491.5,1496.1,stop,7,1.5,120.67999999999999,-98.00000000000637,8.68,13.999999999987267,-120.67999999999364,-1.1493333333332727,False,-1.4168004779672174,9,49861.520000000084,"E (partida 0,10 / 2R)"
MGC,london,2020-03-20,E,0.1,2.0,-1,2020-03-20 09:35:00+00:00,2020-03-20 09:35:00+00:00,2020-03-20 09:35:00+00:00,1510.1000000000001,1511.1,1508.1000000000001,1511.1999999999998,stop,10,0.9999999999997726,122.39999999997727,-89.99999999998636,12.4,19.99999999998181,-122.39999999996817,-1.22399999999996,False,-0.2067873601144615,9,49740.84000000009,"E (partida 0,10 / 2R)"
MGC,london,2020-03-20,E,0.1,2.0,-1,2020-03-20 10:23:00+00:00,2020-03-20 10:23:00+00:00,2020-03-20 10:28:00+00:00,1507.9,1508.8999999999999,1505.9,1508.9999999999998,stop,10,0.9999999999997726,122.39999999997727,-89.99999999998636,12.4,19.99999999998181,-122.39999999996817,-1.22399999999996,False,-0.40423151660106643,10,49618.440000000126,"E (partida 0,10 / 2R)"
MGC,london,2020-03-25,E,0.1,2.0,1,2020-03-25 09:01:00+00:00,2020-03-25 09:01:00+00:00,2020-03-25 09:12:00+00:00,1649.0,1647.6000000000001,1651.8000000000002,1647.5000000000002,stop,7,1.3999999999998636,113.67999999999046,-90.99999999999682,8.68,13.999999999987267,-113.67999999998409,-1.1599999999999506,False,0.2912041129125312,9,49496.04000000016,"E (partida 0,10 / 2R)"
MGC,london,2020-03-26,E,0.1,2.0,1,2020-03-26 09:39:00+00:00,2020-03-26 09:39:00+00:00,2020-03-26 09:45:00+00:00,1623.6999999999998,1622.4,1626.3000000000002,1626.3000000000002,objetivo,8,1.2999999999997272,121.91999999997817,216.00000000002183,9.92,7.999999999992724,198.08000000002912,1.9046153846160643,False,0.39987712791705154,9,49382.360000000175,"E (partida 0,10 / 2R)"
MGC,london,2020-04-13,E,0.1,2.0,-1,2020-04-13 10:24:00+01:00,2020-04-13 10:24:00+01:00,2020-04-13 10:28:00+01:00,1740.0,1741.3,1737.4,1741.3999999999999,stop,8,1.2999999999999545,121.91999999999636,-96.00000000000364,9.92,15.999999999985448,-121.91999999998909,-1.1723076923076283,False,-0.08066386179398699,10,49580.440000000206,"E (partida 0,10 / 2R)"
MGC,london,2020-04-28,E,0.1,2.0,1,2020-04-28 09:14:00+01:00,2020-04-28 09:14:00+01:00,2020-04-28 09:19:00+01:00,1716.5,1715.1000000000001,1719.3000000000002,1715.0000000000002,stop,7,1.3999999999998636,113.67999999999046,-90.99999999999682,8.68,13.999999999987267,-113.67999999998409,-1.1599999999999506,False,0.3478174220003651,9,49458.520000000215,"E (partida 0,10 / 2R)"
MGC,london,2020-04-30,E,0.1,2.0,-1,2020-04-30 10:35:00+01:00,2020-04-30 10:35:00+01:00,2020-04-30 10:47:00+01:00,1730.1000000000001,1731.1,1728.1000000000001,1731.1999999999998,stop,10,0.9999999999997726,122.39999999997727,-89.99999999998636,12.4,19.99999999998181,-122.39999999996817,-1.22399999999996,False,-0.18140939812514087,10,49344.84000000023,"E (partida 0,10 / 2R)"
MGC,london,2020-05-05,E,0.1,2.0,1,2020-05-05 08:55:00+01:00,2020-05-05 08:55:00+01:00,2020-05-05 09:06:00+01:00,1703.1,1700.9,1707.5,1707.5,objetivo,5,2.199999999999818,121.1999999999909,225.0,6.2,4.9999999999954525,213.80000000000456,1.943636363636566,False,0.1687237752366733,8,49222.440000000264,"E (partida 0,10 / 2R)"
MGC,london,2020-05-05,E,0.1,2.0,1,2020-05-05 10:15:00+01:00,2020-05-05 10:15:00+01:00,2020-05-05 10:26:00+01:00,1707.6999999999998,1706.6000000000001,1709.9,1706.5000000000002,stop,9,1.0999999999996817,119.15999999997135,-89.99999999997954,11.16,17.99999999998363,-119.15999999996316,-1.2036363636363399,False,0.29641088772939483,10,49436.24000000027,"E (partida 0,10 / 2R)"
MGC,london,2020-05-06,E,0.1,2.0,-1,2020-05-06 09:57:00+01:00,2020-05-06 09:57:00+01:00,2020-05-06 10:05:00+01:00,1709.3000000000002,1710.3,1707.3000000000002,1707.3000000000002,objetivo,10,0.9999999999997726,122.39999999997727,209.9999999999909,12.4,9.999999999990905,187.6,1.8760000000004264,False,-1.911046632924091,9,49317.08000000031,"E (partida 0,10 / 2R)"
MGC,london,2020-05-19,E,0.1,2.0,1,2020-05-19 09:20:00+01:00,2020-05-19 09:20:00+01:00,2020-05-19 09:34:00+01:00,1734.6,1733.6000000000001,1736.6000000000001,1736.6000000000001,objetivo,10,0.9999999999997726,122.39999999997727,210.00000000001364,12.4,9.999999999990905,187.60000000002273,1.8760000000006538,False,0.5721443629189722,9,49504.680000000306,"E (partida 0,10 / 2R)"
MGC,london,2020-05-19,E,0.1,2.0,1,2020-05-19 10:15:00+01:00,2020-05-19 10:15:00+01:00,2020-05-19 10:24:00+01:00,1738.8,1737.4,1741.6000000000001,1737.3000000000002,stop,7,1.3999999999998636,113.67999999999046,-90.99999999999682,8.68,13.999999999987267,-113.67999999998409,-1.1599999999999506,False,0.8778878814587198,10,49692.280000000326,"E (partida 0,10 / 2R)"
MGC,london,2020-05-20,E,0.1,2.0,-1,2020-05-20 09:25:00+01:00,2020-05-20 09:25:00+01:00,2020-05-20 09:37:00+01:00,1751.7,1752.8999999999999,1749.3000000000002,1752.9999999999998,stop,8,1.199999999999818,113.91999999998545,-87.99999999999272,9.92,15.999999999985448,-113.91999999997817,-1.1866666666666192,False,-0.43972410567698733,9,49578.60000000034,"E (partida 0,10 / 2R)"
MGC,london,2020-06-19,E,0.1,2.0,-1,2020-06-19 10:19:00+01:00,2020-06-19 10:19:00+01:00,2020-06-19 10:38:00+01:00,1736.3000000000002,1737.3,1734.3000000000002,1737.3999999999999,stop,10,0.9999999999997726,122.39999999997727,-89.99999999998636,12.4,19.99999999998181,-122.39999999996817,-1.22399999999996,False,-0.36724106256768335,10,49464.680000000364,"E (partida 0,10 / 2R)"
MGC,london,2020-06-23,E,0.1,2.0,1,2020-06-23 09:43:00+01:00,2020-06-23 09:43:00+01:00,2020-06-23 11:00:00+01:00,1770.3999999999999,1769.2,1772.8000000000002,1771.5,cierre_sesion,8,1.199999999999818,113.91999999998545,103.99999999999636,9.92,15.999999999985448,78.08000000001091,0.8133333333335703,False,0.8503749413600243,9,49342.2800000004,"E (partida 0,10 / 2R)"
MGC,london,2020-07-06,E,0.1,2.0,1,2020-07-06 10:06:00+01:00,2020-07-06 10:06:00+01:00,2020-07-06 10:10:00+01:00,1787.8,1786.8000000000002,1789.8000000000002,1786.7000000000003,stop,10,0.9999999999997726,122.39999999997727,-89.99999999998636,12.4,19.99999999998181,-122.39999999996817,-1.22399999999996,False,0.7029083538941501,10,49420.36000000041,"E (partida 0,10 / 2R)"
MGC,london,2020-07-29,E,0.1,2.0,1,2020-07-29 08:44:00+01:00,2020-07-29 08:44:00+01:00,2020-07-29 08:46:00+01:00,1958.3,1957.3000000000002,1960.3000000000002,1957.2000000000003,stop,10,0.9999999999997726,122.39999999997727,-89.99999999998636,12.4,19.99999999998181,-122.39999999996817,-1.22399999999996,False,0.41263136098424796,8,49297.96000000044,"E (partida 0,10 / 2R)"
MGC,london,2020-08-10,E,0.1,2.0,1,2020-08-10 08:37:00+01:00,2020-08-10 08:37:00+01:00,2020-08-10 08:47:00+01:00,2043.0,2041.4,2046.2,2041.3000000000002,stop,6,1.599999999999909,109.43999999999454,-90.0,7.4399999999999995,11.999999999989086,-109.43999999998908,-1.139999999999951,False,1.538109741520045,8,49175.56000000048,"E (partida 0,10 / 2R)"
MGC,london,2020-08-11,E,0.1,2.0,-1,2020-08-11 09:49:00+01:00,2020-08-11 09:49:00+01:00,2020-08-11 09:53:00+01:00,1995.6000000000001,1996.6,1993.6000000000001,1996.6999999999998,stop,10,0.9999999999997726,122.39999999997727,-89.99999999998636,12.4,19.99999999998181,-122.39999999996817,-1.22399999999996,False,-1.3419522335166,9,49066.12000000049,"E (partida 0,10 / 2R)"
MGC,london,2020-08-26,E,0.1,2.0,1,2020-08-26 09:11:00+01:00,2020-08-26 09:11:00+01:00,2020-08-26 09:24:00+01:00,1924.6999999999998,1923.7,1926.7,1923.6000000000001,stop,9,0.9999999999997726,110.15999999997953,-80.99999999998772,11.16,17.99999999998363,-110.15999999997135,-1.22399999999996,False,0.9375103172399853,9,48943.720000000525,"E (partida 0,10 / 2R)"
MGC,london,2020-09-01,E,0.1,2.0,-1,2020-09-01 09:56:00+01:00,2020-09-01 09:56:00+01:00,2020-09-01 09:59:00+01:00,1995.7,1997.0,1993.1000000000001,1997.1,stop,8,1.2999999999999545,121.91999999999636,-96.00000000000364,9.92,15.999999999985448,-121.91999999998909,-1.1723076923076283,False,-0.1276351549169911,9,48833.56000000055,"E (partida 0,10 / 2R)"
MGC,london,2020-09-23,E,0.1,2.0,-1,2020-09-23 09:04:00+01:00,2020-09-23 09:04:00+01:00,2020-09-23 09:15:00+01:00,1878.9,1880.3999999999999,1875.9,1880.4999999999998,stop,7,1.4999999999997726,120.67999999998408,-97.99999999999045,8.68,13.999999999987267,-120.67999999997772,-1.1493333333332953,False,-1.4189819033070887,9,48711.64000000056,"E (partida 0,10 / 2R)"
MGC,london,2020-09-24,E,0.1,2.0,-1,2020-09-24 10:30:00+01:00,2020-09-24 10:30:00+01:00,2020-09-24 10:30:00+01:00,1854.3000000000002,1855.3999999999999,1852.1000000000001,1855.4999999999998,stop,9,1.0999999999996817,119.15999999997135,-89.99999999997954,11.16,17.99999999998363,-119.15999999996316,-1.2036363636363399,False,-0.8215907132745511,10,48590.96000000058,"E (partida 0,10 / 2R)"
MGC,london,2020-09-28,E,0.1,2.0,-1,2020-09-28 08:41:00+01:00,2020-09-28 08:41:00+01:00,2020-09-28 09:01:00+01:00,1861.9,1863.3,1859.1000000000001,1859.1000000000001,objetivo,7,1.3999999999998636,113.67999999999046,202.99999999999045,8.68,6.9999999999936335,187.3199999999968,1.9114285714287251,False,-0.19390820615697854,8,48471.80000000062,"E (partida 0,10 / 2R)"
MGC,london,2020-10-02,E,0.1,2.0,-1,2020-10-02 09:08:00+01:00,2020-10-02 09:08:00+01:00,2020-10-02 09:11:00+01:00,1914.6000000000001,1915.6,1912.6000000000001,1915.6999999999998,stop,9,0.9999999999997726,110.15999999997953,-80.99999999998772,11.16,17.99999999998363,-110.15999999997135,-1.22399999999996,False,-1.1588404643690922,9,48659.12000000062,"E (partida 0,10 / 2R)"
MGC,london,2020-10-27,E,0.1,2.0,-1,2020-10-27 08:51:00+00:00,2020-10-27 08:51:00+00:00,2020-10-27 09:09:00+00:00,1902.5,1903.5,1900.5,1900.5,objetivo,9,1.0,110.16,188.99999999999181,11.16,8.999999999991815,168.84,1.8760000000000001,False,-0.9215355636414124,8,48548.96000000065,"E (partida 0,10 / 2R)"
MGC,london,2020-10-29,E,0.1,2.0,-1,2020-10-29 10:33:00+00:00,2020-10-29 10:33:00+00:00,2020-10-29 10:35:00+00:00,1876.7,1877.6999999999998,1874.7,1877.7999999999997,stop,9,0.9999999999997726,110.15999999997953,-80.99999999998772,11.16,17.99999999998363,-110.15999999997135,-1.22399999999996,False,-0.6727499299137518,10,48717.80000000064,"E (partida 0,10 / 2R)"
MGC,london,2020-11-24,E,0.1,2.0,-1,2020-11-24 08:55:00+00:00,2020-11-24 08:55:00+00:00,2020-11-24 10:11:00+00:00,1822.5,1824.5,1818.5,1818.5,objetivo,5,2.0,111.19999999999999,204.99999999999545,6.2,4.9999999999954525,193.8,1.9380000000000002,False,-1.4513097925864658,8,48607.64000000067,"E (partida 0,10 / 2R)"
MGC,london,2020-11-26,E,0.1,2.0,-1,2020-11-26 10:18:00+00:00,2020-11-26 10:18:00+00:00,2020-11-26 10:38:00+00:00,1811.2,1812.3999999999999,1808.8000000000002,1812.4999999999998,stop,8,1.199999999999818,113.91999999998545,-87.99999999999272,9.92,15.999999999985448,-113.91999999997817,-1.1866666666666192,False,-0.5970066014725554,10,48801.44000000067,"E (partida 0,10 / 2R)"
MGC,london,2020-12-09,E,0.1,2.0,-1,2020-12-09 09:54:00+00:00,2020-12-09 09:54:00+00:00,2020-12-09 09:55:00+00:00,1864.2,1865.1999999999998,1862.2,1865.2999999999997,stop,9,0.9999999999997726,110.15999999997953,-80.99999999998772,11.16,17.99999999998363,-110.15999999997135,-1.22399999999996,False,-0.418962105531697,9,48687.520000000695,"E (partida 0,10 / 2R)"
MGC,london,2020-12-18,E,0.1,2.0,1,2020-12-18 09:11:00+00:00,2020-12-18 09:11:00+00:00,2020-12-18 09:16:00+00:00,1886.3999999999999,1885.4,1888.4,1885.3000000000002,stop,9,0.9999999999997726,110.15999999997953,-80.99999999998772,11.16,17.99999999998363,-110.15999999997135,-1.22399999999996,False,1.1247067761897085,9,48577.36000000072,"E (partida 0,10 / 2R)"
MGC,london,2020-12-18,E,0.1,2.0,-1,2020-12-18 10:13:00+00:00,2020-12-18 10:13:00+00:00,2020-12-18 10:23:00+00:00,1883.2,1884.1999999999998,1881.2,1884.2999999999997,stop,9,0.9999999999997726,110.15999999997953,-80.99999999998772,11.16,17.99999999998363,-110.15999999997135,-1.22399999999996,False,-0.11885562744169267,10,48467.20000000075,"E (partida 0,10 / 2R)"
MGC,london,2021-01-11,E,0.1,2.0,-1,2021-01-11 10:29:00+00:00,2021-01-11 10:29:00+00:00,2021-01-11 10:34:00+00:00,1848.1000000000001,1849.1999999999998,1845.9,1849.2999999999997,stop,9,1.0999999999996817,119.15999999997135,-89.99999999997954,11.16,17.99999999998363,-119.15999999996316,-1.2036363636363399,False,-0.24459898391507517,10,48357.04000000077,"E (partida 0,10 / 2R)"
MGC,london,2021-01-13,E,0.1,2.0,1,2021-01-13 10:11:00+00:00,2021-01-13 10:11:00+00:00,2021-01-13 10:14:00+00:00,1855.8999999999999,1854.7,1858.3000000000002,1854.6000000000001,stop,8,1.199999999999818,113.91999999998545,-87.99999999999272,9.92,15.999999999985448,-113.91999999997817,-1.1866666666666192,False,0.19526063654703923,10,48237.88000000081,"E (partida 0,10 / 2R)"
MGC,london,2021-02-18,E,0.1,2.0,1,2021-02-18 08:43:00+00:00,2021-02-18 08:43:00+00:00,2021-02-18 08:45:00+00:00,1782.0,1780.6000000000001,1784.8000000000002,1784.8000000000002,objetivo,7,1.3999999999998636,113.67999999999046,203.00000000000637,8.68,6.9999999999936335,187.32000000001273,1.9114285714288874,False,1.1334319510067843,8,48123.960000000836,"E (partida 0,10 / 2R)"
MGC,london,2021-02-18,E,0.1,2.0,1,2021-02-18 09:12:00+00:00,2021-02-18 09:12:00+00:00,2021-02-18 09:28:00+00:00,1786.3999999999999,1785.4,1788.4,1785.3000000000002,stop,9,0.9999999999997726,110.15999999997953,-80.99999999998772,11.16,17.99999999998363,-110.15999999997135,-1.22399999999996,False,3.8549493800852894,9,48311.28000000085,"E (partida 0,10 / 2R)"
MGC,london,2021-02-25,E,0.1,2.0,-1,2021-02-25 08:52:00+00:00,2021-02-25 08:52:00+00:00,2021-02-25 08:58:00+00:00,1787.6000000000001,1789.0,1784.8000000000002,1789.1,stop,7,1.3999999999998636,113.67999999999046,-90.99999999999682,8.68,13.999999999987267,-113.67999999998409,-1.1599999999999506,False,-0.675247094675565,8,48201.120000000876,"E (partida 0,10 / 2R)"
MGC,london,2021-02-25,E,0.1,2.0,-1,2021-02-25 09:05:00+00:00,2021-02-25 09:05:00+00:00,2021-02-25 09:08:00+00:00,1786.9,1788.3,1784.1000000000001,1788.3999999999999,stop,7,1.3999999999998636,113.67999999999046,-90.99999999999682,8.68,13.999999999987267,-113.67999999998409,-1.1599999999999506,False,-0.48314000742807556,9,48087.44000000089,"E (partida 0,10 / 2R)"
MGC,london,2021-03-02,E,0.1,2.0,1,2021-03-02 10:19:00+00:00,2021-03-02 10:19:00+00:00,2021-03-02 10:30:00+00:00,1723.6999999999998,1722.6000000000001,1725.9,1725.9,objetivo,9,1.0999999999996817,119.15999999997135,207.00000000001637,11.16,8.999999999991815,186.84000000002456,1.8872727272735215,False,1.1092404287665782,10,47973.760000000904,"E (partida 0,10 / 2R)"
MGC,london,2021-03-05,E,0.1,2.0,-1,2021-03-05 08:46:00+00:00,2021-03-05 08:46:00+00:00,2021-03-05 08:53:00+00:00,1690.8000000000002,1691.8,1688.8000000000002,1688.8000000000002,objetivo,9,0.9999999999997726,110.15999999997953,188.99999999999181,11.16,8.999999999991815,168.84,1.8760000000004267,False,-1.4860185927520664,8,48160.60000000093,"E (partida 0,10 / 2R)"
MGC,london,2021-05-19,E,0.1,2.0,-1,2021-05-19 10:14:00+01:00,2021-05-19 10:14:00+01:00,2021-05-19 10:16:00+01:00,1862.6000000000001,1863.6,1860.6000000000001,1863.6999999999998,stop,9,0.9999999999997726,110.15999999997953,-80.99999999998772,11.16,17.99999999998363,-110.15999999997135,-1.22399999999996,False,-2.333341713341711,10,48329.44000000093,"E (partida 0,10 / 2R)"
MGC,london,2021-06-15,E,0.1,2.0,-1,2021-06-15 10:02:00+01:00,2021-06-15 10:02:00+01:00,2021-06-15 10:11:00+01:00,1864.6000000000001,1865.6,1862.6000000000001,1865.6999999999998,stop,9,0.9999999999997726,110.15999999997953,-80.99999999998772,11.16,17.99999999998363,-110.15999999997135,-1.22399999999996,False,-0.598155848736522,10,48219.28000000095,"E (partida 0,10 / 2R)"
MGC,london,2021-11-23,E,0.1,2.0,-1,2021-11-23 09:28:00+00:00,2021-11-23 09:28:00+00:00,2021-11-23 09:34:00+00:00,1800.5,1802.3,1796.9,1796.9,objetivo,5,1.7999999999999545,101.19999999999771,184.9999999999909,6.2,4.9999999999954525,173.79999999999546,1.9311111111111094,False,-1.127660756061617,9,48109.12000000098,"E (partida 0,10 / 2R)"
MGC,london,2021-12-08,E,0.1,2.0,1,2021-12-08 10:20:00+00:00,2021-12-08 10:20:00+00:00,2021-12-08 10:37:00+00:00,1791.0,1790.0,1793.0,1793.0,objetivo,9,1.0,110.16,188.99999999999181,11.16,8.999999999991815,168.84,1.8760000000000001,False,0.4453690735460963,10,48282.92000000097,"E (partida 0,10 / 2R)"
MGC,london,2022-02-22,E,0.1,2.0,-1,2022-02-22 10:17:00+00:00,2022-02-22 10:17:00+00:00,2022-02-22 10:21:00+00:00,1900.6000000000001,1901.6,1898.6000000000001,1898.6000000000001,objetivo,9,0.9999999999997726,110.15999999997953,188.99999999999181,11.16,8.999999999991815,168.84,1.8760000000004267,False,-0.57925215632778,10,48451.76000000097,"E (partida 0,10 / 2R)"
MGC,london,2022-02-23,E,0.1,2.0,-1,2022-02-23 09:13:00+00:00,2022-02-23 09:13:00+00:00,2022-02-23 09:30:00+00:00,1894.9,1895.8999999999999,1892.9,1892.9,objetivo,9,0.9999999999997726,110.15999999997953,188.99999999999181,11.16,8.999999999991815,168.84,1.8760000000004267,False,-1.2292692912766736,9,48620.600000000966,"E (partida 0,10 / 2R)"
MGC,london,2022-02-24,E,0.1,2.0,1,2022-02-24 09:19:00+00:00,2022-02-24 09:19:00+00:00,2022-02-24 09:21:00+00:00,1947.1,1945.9,1949.5,1945.8000000000002,stop,8,1.199999999999818,113.91999999998545,-87.99999999999272,9.92,15.999999999985448,-113.91999999997817,-1.1866666666666192,False,0.691844050388659,9,48789.44000000096,"E (partida 0,10 / 2R)"
MGC,london,2022-02-25,E,0.1,2.0,-1,2022-02-25 09:31:00+00:00,2022-02-25 09:31:00+00:00,2022-02-25 10:52:00+00:00,1911.7,1913.3,1908.5,1913.3999999999999,stop,6,1.599999999999909,109.43999999999454,-90.0,7.4399999999999995,11.999999999989086,-109.43999999998908,-1.139999999999951,False,-0.2993642265204425,9,48675.520000000986,"E (partida 0,10 / 2R)"
MGC,london,2022-02-28,E,0.1,2.0,1,2022-02-28 09:31:00+00:00,2022-02-28 09:31:00+00:00,2022-02-28 09:35:00+00:00,1902.8,1901.5,1905.4,1901.4,stop_hueco,7,1.2999999999999545,106.67999999999682,-84.00000000000318,8.68,13.999999999987267,-106.67999999999046,-1.1723076923076285,False,0.3169489683870601,9,48566.080000001,"E (partida 0,10 / 2R)"
MGC,london,2022-03-16,E,0.1,2.0,1,2022-03-16 10:39:00+00:00,2022-03-16 10:39:00+00:00,2022-03-16 10:39:00+00:00,1922.6,1921.3000000000002,1925.2,1921.2000000000003,stop,7,1.2999999999997272,106.67999999998091,-83.99999999998727,8.68,13.999999999987267,-106.67999999997454,-1.1723076923076585,False,0.5478728338528794,10,48459.400000001006,"E (partida 0,10 / 2R)"
MGC,london,2022-03-17,E,0.1,2.0,1,2022-03-17 10:42:00+00:00,2022-03-17 10:42:00+00:00,2022-03-17 11:00:00+00:00,1944.1999999999998,1943.0,1946.6000000000001,1944.3000000000002,cierre_sesion,8,1.199999999999818,113.91999999998545,24.000000000014552,9.92,15.999999999985448,-1.919999999970896,-0.019999999999699865,False,0.40213211778599894,10,48352.720000001034,"E (partida 0,10 / 2R)"
MGC,london,2022-04-04,E,0.1,2.0,1,2022-04-04 09:59:00+01:00,2022-04-04 09:59:00+01:00,2022-04-04 10:01:00+01:00,1935.5,1934.4,1937.7,1934.3000000000002,stop,9,1.099999999999909,119.15999999999181,-90.0,11.16,17.99999999998363,-119.15999999998363,-1.2036363636362977,False,0.10336137644324565,9,48350.800000001065,"E (partida 0,10 / 2R)"
MGC,london,2022-04-26,E,0.1,2.0,1,2022-04-26 10:12:00+01:00,2022-04-26 10:12:00+01:00,2022-04-26 10:21:00+01:00,1904.3,1903.2,1906.5,1903.0,stop_hueco,9,1.099999999999909,119.15999999999181,-99.00000000001228,11.16,17.99999999998363,-128.1599999999959,-1.2945454545455202,False,0.7968773645161308,10,48231.64000000108,"E (partida 0,10 / 2R)"
MGC,london,2022-05-10,E,0.1,2.0,1,2022-05-10 10:21:00+01:00,2022-05-10 10:21:00+01:00,2022-05-10 10:24:00+01:00,1863.1999999999998,1862.1000000000001,1865.4,1862.0000000000002,stop,9,1.0999999999996817,119.15999999997135,-89.99999999997954,11.16,17.99999999998363,-119.15999999996316,-1.2036363636363399,False,0.8558205583006783,10,48103.48000000109,"E (partida 0,10 / 2R)"
MGC,london,2022-05-16,E,0.1,2.0,-1,2022-05-16 09:33:00+01:00,2022-05-16 09:33:00+01:00,2022-05-16 09:40:00+01:00,1794.8000000000002,1796.0,1792.4,1796.1,stop,8,1.199999999999818,113.91999999998545,-87.99999999999272,9.92,15.999999999985448,-113.91999999997817,-1.1866666666666192,False,-0.2340251948877173,9,47984.32000000113,"E (partida 0,10 / 2R)"
MGC,london,2022-05-31,E,0.1,2.0,-1,2022-05-31 10:42:00+01:00,2022-05-31 10:42:00+01:00,2022-05-31 11:00:00+01:00,1854.1000000000001,1855.6999999999998,1850.9,1853.1,cierre_sesion,6,1.5999999999996817,109.4399999999809,72.00000000000273,7.4399999999999995,11.999999999989086,52.560000000013645,0.547500000000251,False,-0.7286860546166458,10,47870.40000000115,"E (partida 0,10 / 2R)"
MGC,london,2022-06-13,E,0.1,2.0,-1,2022-06-13 09:19:00+01:00,2022-06-13 09:19:00+01:00,2022-06-13 09:31:00+01:00,1858.9,1859.8999999999999,1856.9,1859.9999999999998,stop,9,0.9999999999997726,110.15999999997953,-80.99999999998772,11.16,17.99999999998363,-110.15999999997135,-1.22399999999996,False,-1.2408304718683711,9,47922.96000000116,"E (partida 0,10 / 2R)"
MGC,london,2022-06-15,E,0.1,2.0,1,2022-06-15 10:07:00+01:00,2022-06-15 10:07:00+01:00,2022-06-15 10:40:00+01:00,1823.8999999999999,1822.8000000000002,1826.1000000000001,1826.1000000000001,objetivo,9,1.0999999999996817,119.15999999997135,207.00000000001637,11.16,8.999999999991815,186.84000000002456,1.8872727272735215,False,0.2859649555031506,10,47812.80000000119,"E (partida 0,10 / 2R)"
MGC,london,2022-06-17,E,0.1,2.0,1,2022-06-17 10:08:00+01:00,2022-06-17 10:08:00+01:00,2022-06-17 10:19:00+01:00,1853.8999999999999,1852.8000000000002,1856.1000000000001,1852.7000000000003,stop,9,1.0999999999996817,119.15999999997135,-89.99999999997954,11.16,17.99999999998363,-119.15999999996316,-1.2036363636363399,False,0.8000480238963074,10,47999.640000001215,"E (partida 0,10 / 2R)"
MGC,london,2022-07-20,E,0.1,2.0,1,2022-07-20 08:46:00+01:00,2022-07-20 08:46:00+01:00,2022-07-20 08:59:00+01:00,1706.3999999999999,1705.4,1708.4,1705.3000000000002,stop,9,0.9999999999997726,110.15999999997953,-80.99999999998772,11.16,17.99999999998363,-110.15999999997135,-1.22399999999996,False,0.7657965126532799,8,47880.480000001255,"E (partida 0,10 / 2R)"
MGC,london,2022-08-02,E,0.1,2.0,-1,2022-08-02 09:05:00+01:00,2022-08-02 09:05:00+01:00,2022-08-02 09:17:00+01:00,1787.4,1788.3999999999999,1785.4,1788.4999999999998,stop,9,0.9999999999997726,110.15999999997953,-80.99999999998772,11.16,17.99999999998363,-110.15999999997135,-1.22399999999996,False,-1.2054970293134495,9,47770.32000000128,"E (partida 0,10 / 2R)"
MGC,london,2022-09-07,E,0.1,2.0,1,2022-09-07 09:32:00+01:00,2022-09-07 09:32:00+01:00,2022-09-07 10:17:00+01:00,1714.6,1713.6000000000001,1716.6000000000001,1716.6000000000001,objetivo,9,0.9999999999997726,110.15999999997953,189.00000000001228,11.16,8.999999999991815,168.84000000002047,1.876000000000654,False,2.2311709112035,9,47660.160000001306,"E (partida 0,10 / 2R)"
MGC,london,2022-11-09,E,0.1,2.0,-1,2022-11-09 09:34:00+00:00,2022-11-09 09:34:00+00:00,2022-11-09 09:50:00+00:00,1713.8000000000002,1714.8,1711.8000000000002,1711.8000000000002,objetivo,9,0.9999999999997726,110.15999999997953,188.99999999999181,11.16,8.999999999991815,168.84,1.8760000000004267,False,-0.8312161515198947,9,47829.000000001324,"E (partida 0,10 / 2R)"
MGC,london,2022-11-15,E,0.1,2.0,-1,2022-11-15 09:16:00+00:00,2022-11-15 09:16:00+00:00,2022-11-15 10:01:00+00:00,1778.8000000000002,1780.3999999999999,1775.6000000000001,1780.4999999999998,stop,6,1.5999999999996817,109.4399999999809,-89.99999999998636,7.4399999999999995,11.999999999989086,-109.43999999997544,-1.139999999999971,False,-0.48969211805398455,9,47997.84000000132,"E (partida 0,10 / 2R)"
MGC,london,2022-11-17,E,0.1,2.0,-1,2022-11-17 10:35:00+00:00,2022-11-17 10:35:00+00:00,2022-11-17 11:00:00+00:00,1766.0,1767.1,1763.8000000000002,1765.1999999999998,cierre_sesion,9,1.099999999999909,119.15999999999181,90.0,11.16,17.99999999998363,60.840000000016374,0.6145454545456708,False,-0.7690761532905369,10,47888.40000000135,"E (partida 0,10 / 2R)"
MGC,london,2022-11-24,E,0.1,2.0,1,2022-11-24 10:07:00+00:00,2022-11-24 10:07:00+00:00,2022-11-24 10:28:00+00:00,1758.0,1757.0,1760.0,1756.9,stop,9,1.0,110.16,-81.00000000000819,11.16,17.99999999998363,-110.15999999999181,-1.223999999999909,False,0.4321949167196527,10,47949.240000001366,"E (partida 0,10 / 2R)"
MGC,london,2022-12-06,E,0.1,2.0,1,2022-12-06 10:10:00+00:00,2022-12-06 10:10:00+00:00,2022-12-06 11:00:00+00:00,1784.8999999999999,1783.8000000000002,1787.1000000000001,1785.8000000000002,cierre_sesion,9,1.0999999999996817,119.15999999997135,99.00000000001228,11.16,17.99999999998363,69.84000000002865,0.705454545455039,False,0.11935690380848352,10,47839.08000000138,"E (partida 0,10 / 2R)"
MGC,london,2022-12-15,E,0.1,2.0,-1,2022-12-15 08:59:00+00:00,2022-12-15 08:59:00+00:00,2022-12-15 09:22:00+00:00,1787.3000000000002,1788.6999999999998,1784.5,1788.7999999999997,stop,7,1.3999999999996362,113.67999999997454,-90.9999999999809,8.68,13.999999999987267,-113.67999999996817,-1.1599999999999766,False,-2.3586223436172853,8,47908.9200000014,"E (partida 0,10 / 2R)"
MGC,london,2022-12-21,E,0.1,2.0,-1,2022-12-21 09:42:00+00:00,2022-12-21 09:42:00+00:00,2022-12-21 10:22:00+00:00,1823.3000000000002,1824.3,1821.3000000000002,1824.3999999999999,stop,9,0.9999999999997726,110.15999999997953,-80.99999999998772,11.16,17.99999999998363,-110.15999999997135,-1.22399999999996,False,-0.8871649427060407,9,47795.24000000143,"E (partida 0,10 / 2R)"
MGC,london,2023-01-05,E,0.1,2.0,1,2023-01-05 10:21:00+00:00,2023-01-05 10:21:00+00:00,2023-01-05 10:29:00+00:00,1855.5,1854.1000000000001,1858.3000000000002,1854.0000000000002,stop,7,1.3999999999998636,113.67999999999046,-90.99999999999682,8.68,13.999999999987267,-113.67999999998409,-1.1599999999999506,False,0.4134454294782124,10,47685.08000000146,"E (partida 0,10 / 2R)"
MGC,london,2023-01-18,E,0.1,2.0,-1,2023-01-18 09:05:00+00:00,2023-01-18 09:05:00+00:00,2023-01-18 09:10:00+00:00,1912.7,1913.8,1910.5,1913.8999999999999,stop,8,1.099999999999909,105.91999999999273,-80.0,9.92,15.999999999985448,-105.91999999998545,-1.203636363636298,False,-0.30123132716630663,9,47571.40000000147,"E (partida 0,10 / 2R)"
MGC,london,2023-02-08,E,0.1,2.0,1,2023-02-08 09:48:00+00:00,2023-02-08 09:48:00+00:00,2023-02-08 09:52:00+00:00,1898.1999999999998,1896.9,1900.8000000000002,1896.8000000000002,stop,7,1.2999999999997272,106.67999999998091,-83.99999999998727,8.68,13.999999999987267,-106.67999999997454,-1.1723076923076585,False,0.4234200906562899,9,47465.48000000149,"E (partida 0,10 / 2R)"
MGC,london,2023-02-09,E,0.1,2.0,1,2023-02-09 09:07:00+00:00,2023-02-09 09:07:00+00:00,2023-02-09 09:15:00+00:00,1896.8999999999999,1895.8000000000002,1899.1000000000001,1895.7000000000003,stop,8,1.0999999999996817,105.91999999997454,-79.99999999998181,9.92,15.999999999985448,-105.91999999996726,-1.2036363636363399,False,0.6436813998945693,9,47358.800000001516,"E (partida 0,10 / 2R)"
MGC,london,2023-02-10,E,0.1,2.0,-1,2023-02-10 09:00:00+00:00,2023-02-10 09:00:00+00:00,2023-02-10 09:01:00+00:00,1878.7,1879.6999999999998,1876.7,1879.7999999999997,stop,9,0.9999999999997726,110.15999999997953,-80.99999999998772,11.16,17.99999999998363,-110.15999999997135,-1.22399999999996,False,-0.37535290468113464,8,47252.88000000155,"E (partida 0,10 / 2R)"
MGC,london,2023-02-22,E,0.1,2.0,-1,2023-02-22 10:01:00+00:00,2023-02-22 10:01:00+00:00,2023-02-22 10:14:00+00:00,1842.1000000000001,1843.1,1840.1000000000001,1843.1999999999998,stop,9,0.9999999999997726,110.15999999997953,-80.99999999998772,11.16,17.99999999998363,-110.15999999997135,-1.22399999999996,False,-0.7372033466260999,10,47142.72000000157,"E (partida 0,10 / 2R)"
MGC,london,2023-02-28,E,0.1,2.0,-1,2023-02-28 08:38:00+00:00,2023-02-28 08:38:00+00:00,2023-02-28 08:40:00+00:00,1814.1000000000001,1815.1999999999998,1811.9,1815.2999999999997,stop,8,1.0999999999996817,105.91999999997454,-79.99999999998181,9.92,15.999999999985448,-105.91999999996726,-1.2036363636363399,False,-1.385741084209135,8,47032.5600000016,"E (partida 0,10 / 2R)"
MGC,london,2023-02-28,E,0.1,2.0,1,2023-02-28 10:10:00+00:00,2023-02-28 10:10:00+00:00,2023-02-28 10:15:00+00:00,1818.3999999999999,1817.3000000000002,1820.6000000000001,1817.2000000000003,stop,8,1.0999999999996817,105.91999999997454,-79.99999999998181,9.92,15.999999999985448,-105.91999999996726,-1.2036363636363399,False,0.1819559610599132,10,46926.64000000163,"E (partida 0,10 / 2R)"
MGC,london,2023-06-12,E,0.1,2.0,1,2023-06-12 09:01:00+01:00,2023-06-12 09:01:00+01:00,2023-06-12 09:05:00+01:00,1975.3999999999999,1974.2,1977.8000000000002,1977.8000000000002,objetivo,8,1.199999999999818,113.91999999998545,200.0000000000182,9.92,7.999999999992724,182.08000000002548,1.8966666666672196,False,0.24791751720028105,9,46820.72000000166,"E (partida 0,10 / 2R)"
MGC,london,2023-06-16,E,0.1,2.0,1,2023-06-16 09:17:00+01:00,2023-06-16 09:17:00+01:00,2023-06-16 09:20:00+01:00,1974.3999999999999,1973.3000000000002,1976.6000000000001,1973.2000000000003,stop,8,1.0999999999996817,105.91999999997454,-79.99999999998181,9.92,15.999999999985448,-105.91999999996726,-1.2036363636363399,False,0.13873650482733138,9,47002.800000001684,"E (partida 0,10 / 2R)"
MGC,london,2024-03-21,E,0.1,2.0,1,2024-03-21 09:45:00+00:00,2024-03-21 09:45:00+00:00,2024-03-21 10:10:00+00:00,2207.2999999999997,2206.0,2209.9,2209.9,objetivo,7,1.2999999999997272,106.67999999998091,189.0000000000191,8.68,6.9999999999936335,173.32000000002546,1.904615384616064,False,0.6977306648414975,9,46896.880000001715,"E (partida 0,10 / 2R)"
MGC,london,2024-04-12,E,0.1,2.0,1,2024-04-12 09:21:00+01:00,2024-04-12 09:21:00+01:00,2024-04-12 09:28:00+01:00,2416.0,2414.9,2418.2000000000003,2414.8,stop,8,1.099999999999909,105.91999999999273,-80.0,9.92,15.999999999985448,-105.91999999998545,-1.203636363636298,False,0.8021814272885244,9,47070.20000000174,"E (partida 0,10 / 2R)"
MGC,london,2024-04-26,E,0.1,2.0,1,2024-04-26 09:32:00+01:00,2024-04-26 09:32:00+01:00,2024-04-26 09:58:00+01:00,2359.5,2358.3,2361.9,2358.2000000000003,stop,8,1.199999999999818,113.91999999998545,-87.99999999999272,9.92,15.999999999985448,-113.91999999997817,-1.1866666666666192,False,1.2631530955620458,9,46964.28000000176,"E (partida 0,10 / 2R)"
MGC,london,2024-05-02,E,0.1,2.0,-1,2024-05-02 09:11:00+01:00,2024-05-02 09:11:00+01:00,2024-05-02 09:13:00+01:00,2318.2000000000003,2319.2,2316.2000000000003,2316.2000000000003,objetivo,9,0.9999999999995453,110.15999999995907,188.99999999999181,11.16,8.999999999991815,168.84,1.8760000000008532,False,-0.49045339130477217,9,46850.36000000178,"E (partida 0,10 / 2R)"
MGC,london,2024-05-10,E,0.1,2.0,-1,2024-05-10 08:32:00+01:00,2024-05-10 08:32:00+01:00,2024-05-10 08:39:00+01:00,2373.7000000000003,2374.7,2371.7000000000003,2371.7000000000003,objetivo,9,0.9999999999995453,110.15999999995907,188.99999999999181,11.16,8.999999999991815,168.84,1.8760000000008532,False,-0.6886048646556479,8,47019.20000000178,"E (partida 0,10 / 2R)"
MGC,london,2024-06-14,E,0.1,2.0,1,2024-06-14 10:33:00+01:00,2024-06-14 10:33:00+01:00,2024-06-14 10:48:00+01:00,2333.7999999999997,2332.4,2336.6,2336.6,objetivo_hueco,7,1.3999999999996362,113.67999999997454,203.00000000000637,8.68,6.9999999999936335,187.32000000001273,1.911428571429198,False,0.3039700707809596,10,47188.040000001776,"E (partida 0,10 / 2R)"
MGC,london,2024-08-07,E,0.1,2.0,1,2024-08-07 10:42:00+01:00,2024-08-07 10:42:00+01:00,2024-08-07 10:52:00+01:00,2435.2,2434.2000000000003,2437.2000000000003,2434.1000000000004,stop,9,0.9999999999995453,110.15999999995907,-80.99999999996726,11.16,17.99999999998363,-110.15999999995088,-1.2240000000000109,False,0.45290079261499394,10,47375.36000000179,"E (partida 0,10 / 2R)"
MGC,london,2024-08-08,E,0.1,2.0,-1,2024-08-08 08:55:00+01:00,2024-08-08 08:55:00+01:00,2024-08-08 08:59:00+01:00,2434.6,2435.6,2432.6,2435.7,stop,9,1.0,110.16,-81.00000000000819,11.16,17.99999999998363,-110.15999999999181,-1.223999999999909,False,-0.8670844171669545,8,47265.20000000184,"E (partida 0,10 / 2R)"
MGC,london,2024-08-15,E,0.1,2.0,1,2024-08-15 10:05:00+01:00,2024-08-15 10:05:00+01:00,2024-08-15 10:29:00+01:00,2494.6,2493.6,2496.6000000000004,2493.5,stop,9,1.0,110.16,-81.00000000000819,11.16,17.99999999998363,-110.15999999999181,-1.223999999999909,False,0.3203727952472768,10,47155.04000000185,"E (partida 0,10 / 2R)"
MGC,london,2024-08-21,E,0.1,2.0,-1,2024-08-21 09:13:00+01:00,2024-08-21 09:13:00+01:00,2024-08-21 09:14:00+01:00,2547.1,2548.2,2544.9,2548.2999999999997,stop,8,1.099999999999909,105.91999999999273,-80.0,9.92,15.999999999985448,-105.91999999998545,-1.203636363636298,False,-2.106607719912413,9,47044.88000000186,"E (partida 0,10 / 2R)"
MGC,london,2024-09-16,E,0.1,2.0,1,2024-09-16 09:16:00+01:00,2024-09-16 09:16:00+01:00,2024-09-16 11:00:00+01:00,2613.2,2610.5,2618.6000000000004,2613.0,cierre_sesion,4,2.699999999999818,116.95999999999272,0.0,4.96,7.999999999992724,-12.959999999992725,-0.11999999999994072,False,0.22950544108597015,9,46938.960000001876,"E (partida 0,10 / 2R)"
MGC,london,2024-10-04,E,0.1,2.0,1,2024-10-04 08:43:00+01:00,2024-10-04 08:43:00+01:00,2024-10-04 08:55:00+01:00,2682.0,2681.0,2684.0,2680.9,stop,9,1.0,110.16,-81.00000000000819,11.16,17.99999999998363,-110.15999999999181,-1.223999999999909,False,1.090465879552843,8,46926.000000001884,"E (partida 0,10 / 2R)"
MGC,london,2024-10-07,E,0.1,2.0,1,2024-10-07 10:44:00+01:00,2024-10-07 10:44:00+01:00,2024-10-07 10:51:00+01:00,2672.6,2671.6,2674.6000000000004,2674.6000000000004,objetivo,9,1.0,110.16,189.00000000003274,11.16,8.999999999991815,168.84000000004093,1.8760000000004549,False,0.20856414795852263,10,46815.840000001896,"E (partida 0,10 / 2R)"
MGC,london,2024-10-15,E,0.1,2.0,1,2024-10-15 10:38:00+01:00,2024-10-15 10:38:00+01:00,2024-10-15 10:40:00+01:00,2671.2999999999997,2670.3,2673.3,2670.2000000000003,stop,9,0.9999999999995453,110.15999999995907,-80.99999999996726,11.16,17.99999999998363,-110.15999999995088,-1.2240000000000109,False,0.4000256078904251,10,46984.680000001936,"E (partida 0,10 / 2R)"
MGC,london,2024-10-30,E,0.1,2.0,-1,2024-10-30 09:23:00+00:00,2024-10-30 09:23:00+00:00,2024-10-30 09:33:00+00:00,2793.3,2794.5,2790.9,2794.6,stop,8,1.199999999999818,113.91999999998545,-87.99999999999272,9.92,15.999999999985448,-113.91999999997817,-1.1866666666666192,False,-0.3596675620535133,9,46874.52000000198,"E (partida 0,10 / 2R)"
MGC,london,2024-11-08,E,0.1,2.0,1,2024-11-08 08:56:00+00:00,2024-11-08 08:56:00+00:00,2024-11-08 09:00:00+00:00,2696.4,2695.4,2698.4,2695.3,stop,9,1.0,110.16,-81.00000000000819,11.16,17.99999999998363,-110.15999999999181,-1.223999999999909,False,1.6152566697033564,8,46760.60000000201,"E (partida 0,10 / 2R)"
MGC,london,2024-11-13,E,0.1,2.0,1,2024-11-13 09:04:00+00:00,2024-11-13 09:04:00+00:00,2024-11-13 09:08:00+00:00,2615.0,2614.0,2617.0,2613.9,stop,9,1.0,110.16,-81.00000000000819,11.16,17.99999999998363,-110.15999999999181,-1.223999999999909,False,1.838389623440663,9,46650.44000000202,"E (partida 0,10 / 2R)"
MGC,london,2024-11-15,E,0.1,2.0,1,2024-11-15 09:40:00+00:00,2024-11-15 09:40:00+00:00,2024-11-15 09:43:00+00:00,2571.9,2570.8,2574.1000000000004,2570.7000000000003,stop,8,1.099999999999909,105.91999999999273,-80.0,9.92,15.999999999985448,-105.91999999998545,-1.203636363636298,False,0.2567130568748807,9,46540.28000000203,"E (partida 0,10 / 2R)"
MGC,london,2024-11-19,E,0.1,2.0,1,2024-11-19 10:02:00+00:00,2024-11-19 10:02:00+00:00,2024-11-19 10:05:00+00:00,2635.5,2634.3,2637.9,2637.9,objetivo,8,1.199999999999818,113.91999999998545,200.0,9.92,7.999999999992724,182.0800000000073,1.89666666666703,False,1.3174283993648424,10,46434.360000002045,"E (partida 0,10 / 2R)"
MGC,london,2024-11-26,E,0.1,2.0,-1,2024-11-26 09:02:00+00:00,2024-11-26 09:02:00+00:00,2024-11-26 09:03:00+00:00,2613.6,2615.1,2610.6000000000004,2615.2,stop,6,1.5,103.44,-84.00000000000546,7.4399999999999995,11.999999999989086,-103.43999999999454,-1.1493333333332727,False,-0.1737151344837602,9,46616.440000002054,"E (partida 0,10 / 2R)"
MGC,london,2024-12-04,E,0.1,2.0,1,2024-12-04 09:12:00+00:00,2024-12-04 09:12:00+00:00,2024-12-04 09:18:00+00:00,2664.1,2663.0,2666.3,2662.9,stop,8,1.099999999999909,105.91999999999273,-80.0,9.92,15.999999999985448,-105.91999999998545,-1.203636363636298,False,0.5595948589024178,9,46513.00000000206,"E (partida 0,10 / 2R)"
MGC,london,2025-01-06,E,0.1,2.0,1,2025-01-06 08:51:00+00:00,2025-01-06 08:51:00+00:00,2025-01-06 08:58:00+00:00,2641.9,2640.6,2644.5,2644.5,objetivo,7,1.300000000000182,106.68000000001274,188.99999999998727,8.68,6.9999999999936335,173.31999999999363,1.904615384615048,False,1.0797222325241935,8,46407.080000002075,"E (partida 0,10 / 2R)"
MGC,london,2025-01-20,E,0.1,2.0,-1,2025-01-20 10:06:00+00:00,2025-01-20 10:06:00+00:00,2025-01-20 10:55:00+00:00,2746.8,2747.7999999999997,2744.8,2744.8,objetivo_hueco,9,0.9999999999995453,110.15999999995907,188.99999999999181,11.16,8.999999999991815,168.84,1.8760000000008532,False,-0.39817909545651003,10,46580.40000000207,"E (partida 0,10 / 2R)"
MGC,london,2025-02-13,E,0.1,2.0,1,2025-02-13 10:37:00+00:00,2025-02-13 10:37:00+00:00,2025-02-13 10:39:00+00:00,2944.2,2943.0,2946.6000000000004,2942.9,stop,8,1.199999999999818,113.91999999998545,-87.99999999999272,9.92,15.999999999985448,-113.91999999997817,-1.1866666666666192,False,0.6060164293108592,10,46749.240000002064,"E (partida 0,10 / 2R)"
MGC,london,2025-02-25,E,0.1,2.0,1,2025-02-25 09:35:00+00:00,2025-02-25 09:35:00+00:00,2025-02-25 09:58:00+00:00,2954.7999999999997,2953.7000000000003,2957.0,2953.6000000000004,stop,8,1.0999999999994543,105.91999999995635,-79.99999999996362,9.92,15.999999999985448,-105.91999999994907,-1.203636363636382,False,0.8295543285496307,9,46635.32000000209,"E (partida 0,10 / 2R)"
MGC,london,2025-02-28,E,0.1,2.0,1,2025-02-28 10:35:00+00:00,2025-02-28 10:35:00+00:00,2025-02-28 10:58:00+00:00,2875.2,2873.8,2878.0,2873.7000000000003,stop,7,1.3999999999996362,113.67999999997454,-90.9999999999809,8.68,13.999999999987267,-113.67999999996817,-1.1599999999999766,False,0.6798934511408619,10,46529.40000000214,"E (partida 0,10 / 2R)"
MGC,london,2025-03-05,E,0.1,2.0,1,2025-03-05 08:39:00+00:00,2025-03-05 08:39:00+00:00,2025-03-05 08:40:00+00:00,2931.1,2930.0,2933.3,2929.9,stop,8,1.099999999999909,105.91999999999273,-80.0,9.92,15.999999999985448,-105.91999999998545,-1.203636363636298,False,0.23752499262764992,8,46415.72000000217,"E (partida 0,10 / 2R)"
MGC,london,2025-04-11,E,0.1,2.0,1,2025-04-11 08:33:00+01:00,2025-04-11 08:33:00+01:00,2025-04-11 08:33:00+01:00,3226.2,3224.7000000000003,3229.2000000000003,3224.6000000000004,stop,6,1.4999999999995453,103.43999999997271,-83.99999999997817,7.4399999999999995,11.999999999989086,-103.43999999996726,-1.149333333333318,False,3.783331166094617,8,46309.800000002186,"E (partida 0,10 / 2R)"
MGC,london,2025-04-11,E,0.1,2.0,1,2025-04-11 09:40:00+01:00,2025-04-11 09:40:00+01:00,2025-04-11 09:40:00+01:00,3237.9,3236.9,3239.9,3236.8,stop,9,1.0,110.16,-81.00000000000819,11.16,17.99999999998363,-110.15999999999181,-1.223999999999909,False,1.770865790143854,9,46206.36000000222,"E (partida 0,10 / 2R)"
MGC,london,2025-04-15,E,0.1,2.0,1,2025-04-15 09:54:00+01:00,2025-04-15 09:54:00+01:00,2025-04-15 09:54:00+01:00,3244.7,3243.7000000000003,3246.7000000000003,3243.6000000000004,stop,9,0.9999999999995453,110.15999999995907,-80.99999999996726,11.16,17.99999999998363,-110.15999999995088,-1.2240000000000109,False,0.6468388306215233,9,46096.20000000223,"E (partida 0,10 / 2R)"
MGC,london,2025-04-16,E,0.1,2.0,1,2025-04-16 10:42:00+01:00,2025-04-16 10:42:00+01:00,2025-04-16 10:42:00+01:00,3323.7,3322.7000000000003,3325.7000000000003,3322.6000000000004,stop,9,0.9999999999995453,110.15999999995907,-80.99999999996726,11.16,17.99999999998363,-110.15999999995088,-1.2240000000000109,False,0.3850116133473263,10,45986.04000000228,"E (partida 0,10 / 2R)"
MGC,london,2025-04-22,E,0.1,2.0,-1,2025-04-22 10:35:00+01:00,2025-04-22 10:35:00+01:00,2025-04-22 10:36:00+01:00,3465.1,3467.0,3461.3,3467.1,stop,5,1.900000000000091,106.20000000000454,-90.0000000000091,6.2,9.999999999990905,-106.2,-1.1178947368420518,False,-0.5132632054483786,10,45875.880000002326,"E (partida 0,10 / 2R)"
MGC,london,2025-04-28,E,0.1,2.0,-1,2025-04-28 10:20:00+01:00,2025-04-28 10:20:00+01:00,2025-04-28 10:24:00+01:00,3292.8,3294.0,3290.4,3294.1,stop,8,1.199999999999818,113.91999999998545,-87.99999999999272,9.92,15.999999999985448,-113.91999999997817,-1.1866666666666192,False,-0.2549234658435088,10,45769.68000000233,"E (partida 0,10 / 2R)"
MGC,london,2025-05-01,E,0.1,2.0,1,2025-05-01 09:54:00+01:00,2025-05-01 09:54:00+01:00,2025-05-01 09:55:00+01:00,3242.4,3241.4,3244.4,3241.3,stop,9,1.0,110.16,-81.00000000000819,11.16,17.99999999998363,-110.15999999999181,-1.223999999999909,False,0.4230551105533441,9,45655.76000000235,"E (partida 0,10 / 2R)"
MGC,london,2025-05-02,E,0.1,2.0,1,2025-05-02 09:06:00+01:00,2025-05-02 09:06:00+01:00,2025-05-02 09:06:00+01:00,3268.5,3267.5,3270.5,3267.4,stop,9,1.0,110.16,-81.00000000000819,11.16,17.99999999998363,-110.15999999999181,-1.223999999999909,False,0.8757914251964376,9,45545.60000000236,"E (partida 0,10 / 2R)"
MGC,london,2025-05-05,E,0.1,2.0,1,2025-05-05 09:12:00+01:00,2025-05-05 09:12:00+01:00,2025-05-05 09:12:00+01:00,3274.0,3272.7000000000003,3276.6000000000004,3272.6000000000004,stop,7,1.2999999999997272,106.67999999998091,-83.99999999998727,8.68,13.999999999987267,-106.67999999997454,-1.1723076923076585,False,1.403650223582443,9,45435.440000002374,"E (partida 0,10 / 2R)"
MGC,london,2025-05-06,E,0.1,2.0,1,2025-05-06 09:52:00+01:00,2025-05-06 09:52:00+01:00,2025-05-06 09:52:00+01:00,3387.1,3386.1,3389.1000000000004,3386.0,stop,9,1.0,110.16,-81.00000000000819,11.16,17.99999999998363,-110.15999999999181,-1.223999999999909,False,0.5705385287023931,9,45328.7600000024,"E (partida 0,10 / 2R)"
MGC,london,2025-05-07,E,0.1,2.0,-1,2025-05-07 09:23:00+01:00,2025-05-07 09:23:00+01:00,2025-05-07 09:26:00+01:00,3392.8,3394.2999999999997,3389.8,3394.3999999999996,stop,6,1.4999999999995453,103.43999999997271,-83.99999999997817,7.4399999999999995,11.999999999989086,-103.43999999996726,-1.149333333333318,False,-0.8101223837271637,9,45218.600000002414,"E (partida 0,10 / 2R)"
MGC,london,2025-05-07,E,0.1,2.0,-1,2025-05-07 09:53:00+01:00,2025-05-07 09:53:00+01:00,2025-05-07 10:01:00+01:00,3386.4,3392.2,3374.8,3392.2999999999997,stop,1,5.799999999999727,60.23999999999727,-56.99999999999818,1.24,1.999999999998181,-60.239999999996364,-1.0386206896551586,False,-0.7839779916924589,9,45115.16000000245,"E (partida 0,10 / 2R)"
MGC,london,2025-05-09,E,0.1,2.0,1,2025-05-09 08:38:00+01:00,2025-05-09 08:38:00+01:00,2025-05-09 08:39:00+01:00,3332.0,3330.6,3334.8,3330.5,stop,6,1.400000000000091,97.44000000000547,-78.00000000001091,7.4399999999999995,11.999999999989086,-97.44,-1.1599999999999246,False,-0.12014525901493928,8,45054.92000000245,"E (partida 0,10 / 2R)"
MGC,london,2025-05-12,E,0.1,2.0,-1,2025-05-12 09:12:00+01:00,2025-05-12 09:12:00+01:00,2025-05-12 09:14:00+01:00,3228.7000000000003,3230.2,3225.7000000000003,3225.7000000000003,objetivo,6,1.4999999999995453,103.43999999997271,185.99999999999454,7.4399999999999995,5.999999999994543,172.56,1.9173333333339146,False,-1.612053899467055,9,44957.48000000245,"E (partida 0,10 / 2R)"
MGC,london,2025-05-12,E,0.1,2.0,-1,2025-05-12 09:22:00+01:00,2025-05-12 09:22:00+01:00,2025-05-12 09:30:00+01:00,3228.9,3230.9,3224.9,3231.0,stop,5,2.0,111.19999999999999,-95.00000000000455,6.2,9.999999999990905,-111.19999999999546,-1.1119999999999546,False,-0.8172270066349806,9,45130.040000002446,"E (partida 0,10 / 2R)"
MGC,london,2025-05-13,E,0.1,2.0,-1,2025-05-13 10:28:00+01:00,2025-05-13 10:28:00+01:00,2025-05-13 10:30:00+01:00,3257.7000000000003,3258.7,3255.7000000000003,3258.7999999999997,stop,9,0.9999999999995453,110.15999999995907,-80.99999999996726,11.16,17.99999999998363,-110.15999999995088,-1.2240000000000109,False,-0.3922020126015496,10,45018.84000000245,"E (partida 0,10 / 2R)"
MGC,london,2025-05-19,E,0.1,2.0,1,2025-05-19 09:11:00+01:00,2025-05-19 09:11:00+01:00,2025-05-19 09:14:00+01:00,3235.5,3234.3,3237.9,3237.9,objetivo,7,1.199999999999818,99.67999999998727,175.0,8.68,6.9999999999936335,159.32000000000636,1.89666666666703,False,0.24869058335329577,9,44908.680000002496,"E (partida 0,10 / 2R)"
MGC,london,2025-05-23,E,0.1,2.0,-1,2025-05-23 08:36:00+01:00,2025-05-23 08:36:00+01:00,2025-05-23 08:37:00+01:00,3328.6,3329.7999999999997,3326.2000000000003,3329.8999999999996,stop,7,1.199999999999818,99.67999999998727,-76.99999999999363,8.68,13.999999999987267,-99.67999999998091,-1.1866666666666192,False,-0.5032773198291082,8,45068.0000000025,"E (partida 0,10 / 2R)"
MGC,london,2025-05-23,E,0.1,2.0,1,2025-05-23 08:45:00+01:00,2025-05-23 08:45:00+01:00,2025-05-23 08:58:00+01:00,3331.1,3329.3,3334.7000000000003,3329.2000000000003,stop,5,1.7999999999997272,101.19999999998635,-84.9999999999909,6.2,9.999999999990905,-101.19999999998181,-1.1244444444444128,False,0.35402518539101335,8,44968.320000002524,"E (partida 0,10 / 2R)"
MGC,london,2025-05-26,E,0.1,2.0,-1,2025-05-26 10:04:00+01:00,2025-05-26 10:04:00+01:00,2025-05-26 10:05:00+01:00,3332.8,3334.0,3330.4,3334.1,stop,7,1.199999999999818,99.67999999998727,-76.99999999999363,8.68,13.999999999987267,-99.67999999998091,-1.1866666666666192,False,-0.3347912783564217,10,44867.12000000254,"E (partida 0,10 / 2R)"
MGC,london,2025-05-26,E,0.1,2.0,-1,2025-05-26 10:26:00+01:00,2025-05-26 10:26:00+01:00,2025-05-26 11:00:00+01:00,3326.5,3332.5,3314.5,3328.4,cierre_sesion,1,6.0,62.24,-17.00000000000273,1.24,1.999999999998181,-20.240000000000908,-0.3373333333333485,False,-0.2463613401597365,10,44767.44000000256,"E (partida 0,10 / 2R)"
MGC,london,2025-06-04,E,0.1,2.0,-1,2025-06-04 09:25:00+01:00,2025-06-04 09:25:00+01:00,2025-06-04 09:30:00+01:00,3378.4,3379.7,3375.8,3379.7999999999997,stop,7,1.2999999999997272,106.67999999998091,-83.99999999998727,8.68,13.999999999987267,-106.67999999997454,-1.1723076923076585,False,-2.028500836513479,9,44747.200000002566,"E (partida 0,10 / 2R)"
MGC,london,2025-06-10,E,0.1,2.0,1,2025-06-10 09:11:00+01:00,2025-06-10 09:11:00+01:00,2025-06-10 09:11:00+01:00,3350.7,3349.7000000000003,3352.7000000000003,3349.6000000000004,stop,9,0.9999999999995453,110.15999999995907,-80.99999999996726,11.16,17.99999999998363,-110.15999999995088,-1.2240000000000109,False,0.40432974734186733,9,44640.520000002594,"E (partida 0,10 / 2R)"
MGC,london,2025-06-13,E,0.1,2.0,1,2025-06-13 10:18:00+01:00,2025-06-13 10:18:00+01:00,2025-06-13 10:18:00+01:00,3445.2999999999997,3443.9,3448.1000000000004,3443.8,stop,6,1.3999999999996362,97.43999999997818,-77.99999999998363,7.4399999999999995,11.999999999989086,-97.43999999997271,-1.1599999999999766,False,0.7550139133207961,10,44530.36000000264,"E (partida 0,10 / 2R)"
MGC,london,2025-06-19,E,0.1,2.0,1,2025-06-19 09:09:00+01:00,2025-06-19 09:09:00+01:00,2025-06-19 09:09:00+01:00,3382.4,3381.0,3385.2000000000003,3380.9,stop,6,1.400000000000091,97.44000000000547,-78.00000000001091,7.4399999999999995,11.999999999989086,-97.44,-1.1599999999999246,False,3.723670543791462,9,44432.92000000267,"E (partida 0,10 / 2R)"
MGC,london,2025-06-19,E,0.1,2.0,1,2025-06-19 09:23:00+01:00,2025-06-19 09:23:00+01:00,2025-06-19 09:33:00+01:00,3383.1,3381.6,3386.1000000000004,3381.5,stop,6,1.5,103.44,-84.00000000000546,7.4399999999999995,11.999999999989086,-103.43999999999454,-1.1493333333332727,False,0.6992123979592556,9,44335.480000002666,"E (partida 0,10 / 2R)"
MGC,london,2025-06-26,E,0.1,2.0,1,2025-06-26 09:18:00+01:00,2025-06-26 09:18:00+01:00,2025-06-26 09:20:00+01:00,3360.4,3359.2000000000003,3362.8,3359.1000000000004,stop,7,1.199999999999818,99.67999999998727,-76.99999999999363,8.68,13.999999999987267,-99.67999999998091,-1.1866666666666192,False,0.5829647514496008,9,44232.04000000267,"E (partida 0,10 / 2R)"
MGC,london,2025-06-27,E,0.1,2.0,-1,2025-06-27 09:13:00+01:00,2025-06-27 09:13:00+01:00,2025-06-27 09:14:00+01:00,3297.2000000000003,3298.2,3295.2000000000003,3295.2000000000003,objetivo,9,0.9999999999995453,110.15999999995907,188.99999999999181,11.16,8.999999999991815,168.84,1.8760000000008532,False,-0.3626302516607432,9,44132.36000000269,"E (partida 0,10 / 2R)"
MGC,london,2025-07-07,E,0.1,2.0,1,2025-07-07 10:04:00+01:00,2025-07-07 10:04:00+01:00,2025-07-07 10:15:00+01:00,3320.2999999999997,3318.9,3323.1000000000004,3318.8,stop,6,1.3999999999996362,97.43999999997818,-77.99999999998363,7.4399999999999995,11.999999999989086,-97.43999999997271,-1.1599999999999766,False,0.7583442126804227,10,44301.20000000269,"E (partida 0,10 / 2R)"
MGC,london,2025-07-14,E,0.1,2.0,-1,2025-07-14 10:33:00+01:00,2025-07-14 10:33:00+01:00,2025-07-14 10:48:00+01:00,3376.5,3378.1,3373.3,3378.2,stop,6,1.599999999999909,109.43999999999454,-90.0,7.4399999999999995,11.999999999989086,-109.43999999998908,-1.139999999999951,False,-0.4621837583497998,10,44203.760000002716,"E (partida 0,10 / 2R)"
MGC,london,2025-07-23,E,0.1,2.0,-1,2025-07-23 09:32:00+01:00,2025-07-23 09:32:00+01:00,2025-07-23 09:38:00+01:00,3436.4,3437.9,3433.4,3438.0,stop,6,1.5,103.44,-84.00000000000546,7.4399999999999995,11.999999999989086,-103.43999999999454,-1.1493333333332727,False,-0.32445422309439126,9,44094.32000000273,"E (partida 0,10 / 2R)"
MGC,london,2025-08-06,E,0.1,2.0,-1,2025-08-06 10:13:00+01:00,2025-08-06 10:13:00+01:00,2025-08-06 10:14:00+01:00,3419.1,3420.1,3417.1000000000004,3420.2,stop,8,1.0,97.92,-72.00000000000728,9.92,15.999999999985448,-97.91999999999273,-1.2239999999999092,False,-1.0227097877864904,10,43990.88000000273,"E (partida 0,10 / 2R)"
MGC,london,2025-08-06,E,0.1,2.0,-1,2025-08-06 10:27:00+01:00,2025-08-06 10:27:00+01:00,2025-08-06 10:45:00+01:00,3418.9,3420.2999999999997,3416.1000000000004,3416.1000000000004,objetivo,6,1.3999999999996362,97.43999999997818,173.99999999997817,7.4399999999999995,5.999999999994543,160.55999999998363,1.9114285714288732,False,-0.9389245316703204,10,43892.96000000274,"E (partida 0,10 / 2R)"
MGC,london,2025-08-07,E,0.1,2.0,-1,2025-08-07 10:04:00+01:00,2025-08-07 10:04:00+01:00,2025-08-07 10:06:00+01:00,3451.1,3452.4,3448.5,3452.5,stop,7,1.300000000000182,106.68000000001274,-84.0000000000191,8.68,13.999999999987267,-106.68000000000637,-1.1723076923075983,False,-0.9486332326782744,10,44053.520000002725,"E (partida 0,10 / 2R)"
MGC,london,2025-08-07,E,0.1,2.0,-1,2025-08-07 10:30:00+01:00,2025-08-07 10:30:00+01:00,2025-08-07 10:33:00+01:00,3452.1,3453.9,3448.5,3448.5,objetivo,5,1.800000000000182,101.20000000000908,184.9999999999909,6.2,4.9999999999954525,173.79999999999546,1.9311111111108656,False,-0.34460666415977875,10,43946.84000000272,"E (partida 0,10 / 2R)"
MGC,london,2025-08-11,E,0.1,2.0,-1,2025-08-11 09:16:00+01:00,2025-08-11 09:16:00+01:00,2025-08-11 09:17:00+01:00,3414.5,3415.7,3412.1000000000004,3415.7999999999997,stop,7,1.199999999999818,99.67999999998727,-76.99999999999363,8.68,13.999999999987267,-99.67999999998091,-1.1866666666666192,False,-1.307149137187243,9,44120.64000000271,"E (partida 0,10 / 2R)"
MGC,london,2025-09-03,E,0.1,2.0,1,2025-09-03 09:49:00+01:00,2025-09-03 09:49:00+01:00,2025-09-03 10:06:00+01:00,3606.1,3604.9,3608.5,3608.5,objetivo,7,1.199999999999818,99.67999999998727,175.0,8.68,6.9999999999936335,159.32000000000636,1.89666666666703,False,1.3516856826204104,9,44020.960000002735,"E (partida 0,10 / 2R)"
MGC,london,2025-09-04,E,0.1,2.0,1,2025-09-04 09:38:00+01:00,2025-09-04 09:38:00+01:00,2025-09-04 09:38:00+01:00,3601.9,3600.1,3605.5,3600.0,stop,5,1.800000000000182,101.20000000000908,-85.00000000001364,6.2,9.999999999990905,-101.20000000000455,-1.1244444444443813,False,0.6637846984062895,9,44180.28000000274,"E (partida 0,10 / 2R)"
MGC,london,2025-09-05,E,0.1,2.0,-1,2025-09-05 09:39:00+01:00,2025-09-05 09:39:00+01:00,2025-09-05 09:44:00+01:00,3605.2000000000003,3606.2,3603.2000000000003,3606.2999999999997,stop,9,0.9999999999995453,110.15999999995907,-80.99999999996726,11.16,17.99999999998363,-110.15999999995088,-1.2240000000000109,False,-1.4203968694455296,9,44079.08000000274,"E (partida 0,10 / 2R)"
MGC,london,2025-09-10,E,0.1,2.0,1,2025-09-10 09:16:00+01:00,2025-09-10 09:16:00+01:00,2025-09-10 09:18:00+01:00,3684.7999999999997,3683.2000000000003,3688.0,3683.1000000000004,stop,6,1.5999999999994543,109.43999999996726,-89.99999999997272,7.4399999999999995,11.999999999989086,-109.4399999999618,-1.1399999999999908,False,0.10734720404669784,9,43968.920000002785,"E (partida 0,10 / 2R)"
MGC,london,2025-09-17,E,0.1,2.0,-1,2025-09-17 09:41:00+01:00,2025-09-17 09:41:00+01:00,2025-09-17 09:46:00+01:00,3700.3,3701.6,3697.7000000000003,3701.7,stop,7,1.2999999999997272,106.67999999998091,-83.99999999998727,8.68,13.999999999987267,-106.67999999997454,-1.1723076923076585,False,-1.3592198878642747,9,43859.480000002826,"E (partida 0,10 / 2R)"
MGC,london,2025-09-17,E,0.1,2.0,-1,2025-09-17 09:56:00+01:00,2025-09-17 09:56:00+01:00,2025-09-17 10:01:00+01:00,3700.6,3701.6,3698.6000000000004,3701.7,stop,8,1.0,97.92,-72.00000000000728,9.92,15.999999999985448,-97.91999999999273,-1.2239999999999092,False,-0.8383453651675452,9,43752.800000002855,"E (partida 0,10 / 2R)"
MGC,london,2025-09-30,E,0.1,2.0,-1,2025-09-30 10:07:00+01:00,2025-09-30 10:07:00+01:00,2025-09-30 10:08:00+01:00,3844.3,3846.1,3840.7000000000003,3840.7000000000003,objetivo,5,1.7999999999997272,101.19999999998635,184.9999999999909,6.2,4.9999999999954525,173.79999999999546,1.9311111111113535,False,-1.676391465353013,10,43654.880000002864,"E (partida 0,10 / 2R)"
MGC,london,2025-10-02,E,0.1,2.0,-1,2025-10-02 09:10:00+01:00,2025-10-02 09:10:00+01:00,2025-10-02 09:13:00+01:00,3890.9,3892.5,3887.7000000000003,3892.6,stop,6,1.599999999999909,109.43999999999454,-90.0,7.4399999999999995,11.999999999989086,-109.43999999998908,-1.139999999999951,False,-0.43729247015916756,9,43828.68000000286,"E (partida 0,10 / 2R)"
MGC,london,2025-10-07,E,0.1,2.0,-1,2025-10-07 08:47:00+01:00,2025-10-07 08:47:00+01:00,2025-10-07 08:48:00+01:00,3972.6,3974.2999999999997,3969.2000000000003,3974.3999999999996,stop,5,1.699999999999818,96.1999999999909,-79.99999999999545,6.2,9.999999999990905,-96.19999999998636,-1.1317647058823135,False,-0.8666290454390905,8,43719.24000000287,"E (partida 0,10 / 2R)"
MGC,london,2025-10-07,E,0.1,2.0,1,2025-10-07 10:05:00+01:00,2025-10-07 10:05:00+01:00,2025-10-07 10:10:00+01:00,3975.7,3974.5,3978.1000000000004,3978.1000000000004,objetivo,7,1.199999999999818,99.67999999998727,175.00000000003183,8.68,6.9999999999936335,159.3200000000382,1.8966666666674088,False,0.30937914541778155,10,43623.04000000288,"E (partida 0,10 / 2R)"
MGC,london,2025-10-13,E,0.1,2.0,1,2025-10-13 09:27:00+01:00,2025-10-13 09:27:00+01:00,2025-10-13 09:27:00+01:00,4094.4,4092.2000000000003,4098.8,4092.1000000000004,stop,4,2.199999999999818,96.95999999999272,-83.99999999999636,4.96,7.999999999992724,-96.95999999998908,-1.1018181818181487,False,0.12275824893156057,9,43782.36000000292,"E (partida 0,10 / 2R)"
MGC,london,2025-10-16,E,0.1,2.0,1,2025-10-16 10:01:00+01:00,2025-10-16 10:01:00+01:00,2025-10-16 10:08:00+01:00,4247.8,4246.799999999999,4249.8,4246.699999999999,stop,8,1.0000000000009095,97.92000000007276,-72.00000000004366,9.92,16.000000000058208,-97.92000000010187,-1.22400000000016,False,0.21333669763295662,10,43685.40000000293,"E (partida 0,10 / 2R)"
MGC,london,2025-10-17,E,0.1,2.0,-1,2025-10-17 08:43:00+01:00,2025-10-17 08:43:00+01:00,2025-10-17 08:43:00+01:00,4352.799999999999,4356.400000000001,4345.6,4356.500000000001,stop,2,3.6000000000012733,76.48000000002547,-70.00000000001819,2.48,4.000000000014552,-76.48000000003275,-1.0622222222223012,False,-2.377101931089213,8,43587.480000002826,"E (partida 0,10 / 2R)"
MGC,london,2025-10-21,E,0.1,2.0,-1,2025-10-21 10:43:00+01:00,2025-10-21 10:43:00+01:00,2025-10-21 10:44:00+01:00,4281.799999999999,4283.0,4279.400000000001,4283.1,stop,7,1.2000000000007276,99.68000000005094,-77.00000000002547,8.68,14.000000000050932,-99.6800000000764,-1.1866666666668568,False,-0.584689784296445,10,43511.000000002794,"E (partida 0,10 / 2R)"
MGC,london,2025-10-22,E,0.1,2.0,-1,2025-10-22 10:37:00+01:00,2025-10-22 10:37:00+01:00,2025-10-22 10:37:00+01:00,4085.4,4092.2,4071.8,4092.2999999999997,stop,1,6.799999999999727,70.23999999999727,-66.99999999999818,1.24,1.999999999998181,-70.23999999999636,-1.032941176470576,False,-0.7029743401885951,10,43411.32000000272,"E (partida 0,10 / 2R)"
MGC,london,2025-10-28,E,0.1,2.0,-1,2025-10-28 09:39:00+00:00,2025-10-28 09:39:00+00:00,2025-10-28 09:39:00+00:00,3915.6,3917.2999999999997,3912.2000000000003,3917.3999999999996,stop,5,1.699999999999818,96.1999999999909,-79.99999999999545,6.2,9.999999999990905,-96.19999999998636,-1.1317647058823135,False,-0.8418672201198845,9,43341.08000000272,"E (partida 0,10 / 2R)"
MGC,london,2025-10-28,E,0.1,2.0,-1,2025-10-28 10:24:00+00:00,2025-10-28 10:24:00+00:00,2025-10-28 10:25:00+00:00,3915.5,3918.5,3909.5,3918.6,stop,3,3.0,96.71999999999998,-87.00000000000273,3.7199999999999998,5.999999999994543,-96.71999999999727,-1.0746666666666362,False,-0.1785543525710228,10,43244.88000000273,"E (partida 0,10 / 2R)"
MGC,london,2025-10-29,E,0.1,2.0,1,2025-10-29 09:34:00+00:00,2025-10-29 09:34:00+00:00,2025-10-29 09:35:00+00:00,4031.6,4030.4,4034.0,4030.3,stop,7,1.199999999999818,99.67999999998727,-76.99999999999363,8.68,13.999999999987267,-99.67999999998091,-1.1866666666666192,False,0.9845065378394046,9,43148.16000000274,"E (partida 0,10 / 2R)"
MGC,london,2025-11-03,E,0.1,2.0,-1,2025-11-03 08:56:00+00:00,2025-11-03 08:56:00+00:00,2025-11-03 08:56:00+00:00,4026.2000000000003,4027.2999999999997,4024.0,4027.3999999999996,stop,8,1.0999999999994543,105.91999999995635,-79.99999999996362,9.92,15.999999999985448,-105.91999999994907,-1.203636363636382,False,-1.9107153499358231,8,43048.48000000276,"E (partida 0,10 / 2R)"
MGC,london,2025-11-03,E,0.1,2.0,-1,2025-11-03 10:33:00+00:00,2025-11-03 10:33:00+00:00,2025-11-03 10:33:00+00:00,4008.1,4009.5,4005.3,4009.6,stop,6,1.400000000000091,97.44000000000547,-78.00000000001091,7.4399999999999995,11.999999999989086,-97.44,-1.1599999999999246,False,-1.063677125730943,10,42942.56000000281,"E (partida 0,10 / 2R)"
MGC,london,2025-11-04,E,0.1,2.0,-1,2025-11-04 09:50:00+00:00,2025-11-04 09:50:00+00:00,2025-11-04 10:00:00+00:00,4004.0,4006.2999999999997,3999.4,3999.4,objetivo,4,2.299999999999727,100.95999999998908,187.99999999999272,4.96,3.999999999996362,179.03999999999635,1.9460869565219303,False,-0.11323615482575031,9,42845.12000000281,"E (partida 0,10 / 2R)"
MGC,london,2025-11-05,E,0.1,2.0,-1,2025-11-05 09:47:00+00:00,2025-11-05 09:47:00+00:00,2025-11-05 09:47:00+00:00,3979.1,3980.2999999999997,3976.7000000000003,3980.3999999999996,stop,7,1.199999999999818,99.67999999998727,-76.99999999999363,8.68,13.999999999987267,-99.67999999998091,-1.1866666666666192,False,-1.865997821883653,9,43024.160000002805,"E (partida 0,10 / 2R)"
MGC,london,2025-11-06,E,0.1,2.0,1,2025-11-06 08:57:00+00:00,2025-11-06 08:57:00+00:00,2025-11-06 08:57:00+00:00,4022.5,4021.4,4024.7000000000003,4024.7000000000003,objetivo,8,1.099999999999909,105.91999999999273,184.00000000001455,9.92,7.999999999992724,166.08000000002184,1.8872727272731316,False,1.157278918051349,8,42924.480000002826,"E (partida 0,10 / 2R)"
MGC,london,2025-11-07,E,0.1,2.0,-1,2025-11-07 08:47:00+00:00,2025-11-07 08:47:00+00:00,2025-11-07 08:49:00+00:00,4013.5,4014.7,4011.1000000000004,4014.7999999999997,stop,7,1.199999999999818,99.67999999998727,-76.99999999999363,8.68,13.999999999987267,-99.67999999998091,-1.1866666666666192,False,-0.583834349762116,8,43090.56000000285,"E (partida 0,10 / 2R)"
MGC,london,2025-11-11,E,0.1,2.0,1,2025-11-11 10:22:00+00:00,2025-11-11 10:22:00+00:00,2025-11-11 10:30:00+00:00,4148.8,4147.4,4151.6,4147.299999999999,stop,6,1.4000000000005457,97.44000000003275,-78.00000000001091,7.4399999999999995,12.000000000043656,-97.44000000005457,-1.1600000000001975,False,0.2855296492021177,10,42990.88000000287,"E (partida 0,10 / 2R)"
MGC,london,2025-11-19,E,0.1,2.0,-1,2025-11-19 08:38:00+00:00,2025-11-19 08:38:00+00:00,2025-11-19 08:38:00+00:00,4084.8,4085.9,4082.6000000000004,4086.0,stop,8,1.099999999999909,105.91999999999273,-80.0,9.92,15.999999999985448,-105.91999999998545,-1.203636363636298,False,-0.47826489135978084,8,42893.44000000282,"E (partida 0,10 / 2R)"
MGC,london,2025-11-19,E,0.1,2.0,1,2025-11-19 10:36:00+00:00,2025-11-19 10:36:00+00:00,2025-11-19 10:36:00+00:00,4115.0,4113.0,4119.0,4112.9,stop,4,2.0,88.96,-75.99999999998545,4.96,8.000000000029104,-88.96000000001455,-1.1120000000001817,False,1.4085872686110812,10,42787.520000002834,"E (partida 0,10 / 2R)"
MGC,london,2025-11-24,E,0.1,2.0,1,2025-11-24 09:57:00+00:00,2025-11-24 09:57:00+00:00,2025-11-24 10:03:00+00:00,4067.7999999999997,4066.0,4071.4,4071.4,objetivo,5,1.7999999999997272,101.19999999998635,185.00000000001364,6.2,4.9999999999954525,173.8000000000182,1.9311111111116062,False,0.3945234771110046,9,42698.56000000282,"E (partida 0,10 / 2R)"
MGC,london,2025-11-25,E,0.1,2.0,-1,2025-11-25 09:32:00+00:00,2025-11-25 09:32:00+00:00,2025-11-25 09:36:00+00:00,4119.099999999999,4123.3,4110.7,4123.400000000001,stop,2,4.200000000000728,88.48000000001456,-82.00000000000728,2.48,4.000000000014552,-88.48000000002183,-1.0533333333334107,False,0.01532987231058265,9,42872.36000000284,"E (partida 0,10 / 2R)"
MGC,london,2025-12-02,E,0.1,2.0,-1,2025-12-02 10:04:00+00:00,2025-12-02 10:04:00+00:00,2025-12-02 10:05:00+00:00,4222.299999999999,4223.400000000001,4220.1,4220.1,objetivo,8,1.1000000000012733,105.92000000010187,183.9999999999418,9.92,8.000000000029104,166.0799999999127,1.8872727272695506,False,-3.0813888090457993,10,42783.88000000281,"E (partida 0,10 / 2R)"
MGC,london,2025-12-03,E,0.1,2.0,-1,2025-12-03 08:40:00+00:00,2025-12-03 08:40:00+00:00,2025-12-03 08:41:00+00:00,4234.799999999999,4236.8,4230.8,4236.900000000001,stop,4,2.0000000000009095,88.96000000003637,-76.00000000002183,4.96,8.000000000029104,-88.96000000005093,-1.1120000000001309,False,-0.20735001741899825,8,42949.96000000273,"E (partida 0,10 / 2R)"
MGC,london,2025-12-04,E,0.1,2.0,-1,2025-12-04 09:17:00+00:00,2025-12-04 09:17:00+00:00,2025-12-04 09:22:00+00:00,4217.7,4218.8,4215.5,4218.900000000001,stop,8,1.1000000000003638,105.9200000000291,-80.0,9.92,16.000000000058208,-105.92000000005821,-1.203636363636627,False,-1.1478368734089808,9,42861.00000000268,"E (partida 0,10 / 2R)"
MGC,london,2025-12-04,E,0.1,2.0,1,2025-12-04 10:35:00+00:00,2025-12-04 10:35:00+00:00,2025-12-04 10:37:00+00:00,4231.3,4229.599999999999,4234.7,4229.499999999999,stop,5,1.7000000000007276,96.20000000003637,-80.00000000001819,6.2,10.00000000003638,-96.20000000005457,-1.1317647058825107,False,1.0900573587588482,10,42755.08000000262,"E (partida 0,10 / 2R)"
MGC,london,2025-12-05,E,0.1,2.0,-1,2025-12-05 08:44:00+00:00,2025-12-05 08:44:00+00:00,2025-12-05 09:00:00+00:00,4253.099999999999,4254.700000000001,4249.900000000001,4249.900000000001,objetivo,5,1.6000000000012733,91.20000000006365,164.99999999996362,6.2,5.00000000001819,153.79999999994544,1.922499999997788,False,-0.2986578096955276,8,42658.880000002566,"E (partida 0,10 / 2R)"
MGC,london,2025-12-05,E,0.1,2.0,1,2025-12-05 10:23:00+00:00,2025-12-05 10:23:00+00:00,2025-12-05 10:24:00+00:00,4255.200000000001,4254.099999999999,4257.400000000001,4257.400000000001,objetivo,8,1.1000000000012733,105.92000000010187,184.00000000001455,9.92,8.000000000029104,166.07999999998546,1.8872727272703775,False,0.38238748444591486,10,42812.68000000251,"E (partida 0,10 / 2R)"
MGC,london,2025-12-18,E,0.1,2.0,-1,2025-12-18 08:55:00+00:00,2025-12-18 08:55:00+00:00,2025-12-18 08:55:00+00:00,4358.299999999999,4359.3,4356.3,4356.3,objetivo,8,1.0000000000009095,97.92000000007276,167.99999999995634,9.92,8.000000000029104,150.07999999992725,1.8759999999973844,False,-0.4481357931243106,8,42978.7600000025,"E (partida 0,10 / 2R)"
MGC,london,2025-12-26,E,0.1,2.0,1,2025-12-26 09:30:00+00:00,2025-12-26 09:30:00+00:00,2025-12-26 09:32:00+00:00,4549.1,4547.799999999999,4551.7,4547.699999999999,stop,7,1.3000000000010914,106.6800000000764,-84.00000000005093,8.68,14.000000000050932,-106.68000000010187,-1.1723076923078275,False,0.9881332628600217,9,43128.84000000243,"E (partida 0,10 / 2R)"
MGC,london,2025-12-31,E,0.1,2.0,1,2025-12-31 10:05:00+00:00,2025-12-31 10:05:00+00:00,2025-12-31 10:08:00+00:00,4342.400000000001,4341.0,4345.2,4340.9,stop,6,1.4000000000005457,97.44000000003275,-78.00000000001091,7.4399999999999995,12.000000000043656,-97.44000000005457,-1.1600000000001975,False,1.5049274022827792,10,43022.160000002325,"E (partida 0,10 / 2R)"
MGC,london,2026-01-05,E,0.1,2.0,1,2026-01-05 10:29:00+00:00,2026-01-05 10:29:00+00:00,2026-01-05 10:29:00+00:00,4445.3,4443.9,4448.1,4443.799999999999,stop,6,1.4000000000005457,97.44000000003275,-78.00000000001091,7.4399999999999995,12.000000000043656,-97.44000000005457,-1.1600000000001975,False,0.3278369285112821,10,42924.72000000227,"E (partida 0,10 / 2R)"
MGC,london,2026-01-15,E,0.1,2.0,1,2026-01-15 09:01:00+00:00,2026-01-15 09:01:00+00:00,2026-01-15 09:03:00+00:00,4608.3,4607.2,4610.5,4607.099999999999,stop,8,1.1000000000003638,105.9200000000291,-80.0,9.92,16.000000000058208,-105.92000000005821,-1.203636363636627,False,0.34594450393010695,9,42827.28000000222,"E (partida 0,10 / 2R)"
MGC,london,2026-01-27,E,0.1,2.0,-1,2026-01-27 09:01:00+00:00,2026-01-27 09:01:00+00:00,2026-01-27 09:01:00+00:00,5076.0,5077.3,5073.400000000001,5077.400000000001,stop,7,1.300000000000182,106.68000000001274,-83.99999999998727,8.68,14.000000000050932,-106.6800000000382,-1.172307692307948,False,-0.6495216123041087,9,42721.36000000216,"E (partida 0,10 / 2R)"
MGC,london,2026-01-27,E,0.1,2.0,1,2026-01-27 09:51:00+00:00,2026-01-27 09:51:00+00:00,2026-01-27 09:52:00+00:00,5087.1,5084.799999999999,5091.700000000001,5091.700000000001,objetivo,4,2.3000000000010914,100.96000000004365,188.0000000000291,4.96,4.000000000014552,179.04000000001454,1.9460869565209737,False,0.8159845648177827,9,42614.680000002125,"E (partida 0,10 / 2R)"
MGC,london,2026-02-02,E,0.1,2.0,1,2026-02-02 09:24:00+00:00,2026-02-02 09:24:00+00:00,2026-02-02 09:26:00+00:00,4667.900000000001,4658.799999999999,4686.1,4686.1,objetivo,1,9.100000000001273,93.24000000001273,183.00000000000182,1.24,1.000000000003638,180.75999999999817,1.9863736263733283,False,0.3727450950356795,9,42793.72000000214,"E (partida 0,10 / 2R)"
MGC,london,2026-02-05,E,0.1,2.0,-1,2026-02-05 10:22:00+00:00,2026-02-05 10:22:00+00:00,2026-02-05 10:22:00+00:00,4886.299999999999,4888.8,4881.3,4881.3,objetivo,3,2.5000000000009095,81.72000000002728,152.99999999998363,3.7199999999999998,3.000000000010914,146.27999999997272,1.9503999999989268,False,-1.0340128893556095,10,42974.480000002135,"E (partida 0,10 / 2R)"
MGC,london,2026-02-06,E,0.1,2.0,1,2026-02-06 10:38:00+00:00,2026-02-06 10:38:00+00:00,2026-02-06 10:40:00+00:00,4889.700000000001,4886.099999999999,4896.900000000001,4896.900000000001,objetivo,2,3.6000000000012733,76.48000000002547,146.00000000000364,2.48,2.000000000007276,141.51999999999637,1.9655555555548099,False,0.21779535178517315,10,43120.760000002105,"E (partida 0,10 / 2R)"
MGC,london,2026-02-10,E,0.1,2.0,1,2026-02-10 10:05:00+00:00,2026-02-10 10:05:00+00:00,2026-02-10 10:10:00+00:00,5071.8,5069.799999999999,5075.8,5069.699999999999,stop,4,2.0000000000009095,88.96000000003637,-76.00000000002183,4.96,8.000000000029104,-88.96000000005093,-1.1120000000001309,False,0.15129985752558198,10,43262.2800000021,"E (partida 0,10 / 2R)"
MGC,london,2026-02-13,E,0.1,2.0,-1,2026-02-13 10:23:00+00:00,2026-02-13 10:23:00+00:00,2026-02-13 10:25:00+00:00,4991.0,4992.3,4988.400000000001,4992.400000000001,stop,7,1.300000000000182,106.68000000001274,-83.99999999998727,8.68,14.000000000050932,-106.6800000000382,-1.172307692307948,False,-0.3628344719567429,10,43173.32000000205,"E (partida 0,10 / 2R)"
MGC,london,2026-02-17,E,0.1,2.0,-1,2026-02-17 09:47:00+00:00,2026-02-17 09:47:00+00:00,2026-02-17 09:47:00+00:00,4937.299999999999,4939.400000000001,4933.1,4933.1,objetivo,4,2.1000000000012733,92.96000000005093,171.9999999999709,4.96,4.000000000014552,163.03999999995634,1.9409523809506843,False,-0.28046089022333687,9,43066.640000002015,"E (partida 0,10 / 2R)"
MGC,london,2026-02-18,E,0.1,2.0,-1,2026-02-18 09:39:00+00:00,2026-02-18 09:39:00+00:00,2026-02-18 09:42:00+00:00,4938.4,4939.6,4936.0,4939.700000000001,stop,7,1.2000000000007276,99.68000000005094,-77.00000000002547,8.68,14.000000000050932,-99.6800000000764,-1.1866666666668568,False,-0.7015351691130074,9,43229.68000000197,"E (partida 0,10 / 2R)"
MGC,london,2026-02-20,E,0.1,2.0,-1,2026-02-20 10:29:00+00:00,2026-02-20 10:29:00+00:00,2026-02-20 10:29:00+00:00,5045.299999999999,5046.3,5043.3,5046.400000000001,stop,8,1.0000000000009095,97.92000000007276,-72.00000000004366,9.92,16.000000000058208,-97.92000000010187,-1.22400000000016,False,-0.15488348483766895,10,43130.0000000019,"E (partida 0,10 / 2R)"
MGC,london,2026-02-24,E,0.1,2.0,1,2026-02-24 09:02:00+00:00,2026-02-24 09:02:00+00:00,2026-02-24 09:11:00+00:00,5195.5,5193.299999999999,5199.900000000001,5193.199999999999,stop,4,2.2000000000007276,96.9600000000291,-84.00000000001455,4.96,8.000000000029104,-96.96000000004365,-1.1018181818183135,False,0.6275358700584246,9,43032.0800000018,"E (partida 0,10 / 2R)"
MGC,london,2026-03-02,E,0.1,2.0,-1,2026-03-02 09:47:00+00:00,2026-03-02 09:47:00+00:00,2026-03-02 09:53:00+00:00,5406.299999999999,5410.200000000001,5398.5,5410.300000000001,stop,2,3.900000000001455,82.48000000002911,-76.00000000002183,2.48,4.000000000014552,-82.48000000003638,-1.0574358974359694,False,-0.5583033538805922,9,42935.120000001756,"E (partida 0,10 / 2R)"
MGC,london,2026-03-03,E,0.1,2.0,-1,2026-03-03 10:19:00+00:00,2026-03-03 10:19:00+00:00,2026-03-03 10:19:00+00:00,5285.2,5286.700000000001,5282.200000000001,5282.200000000001,objetivo,6,1.5000000000009095,103.44000000005457,185.99999999996726,7.4399999999999995,6.000000000021828,172.55999999994543,1.9173333333315645,False,-0.1176844918790466,10,42852.64000000172,"E (partida 0,10 / 2R)"
MGC,london,2026-03-13,E,0.1,2.0,1,2026-03-13 10:09:00+00:00,2026-03-13 10:09:00+00:00,2026-03-13 10:09:00+00:00,5094.200000000001,5092.799999999999,5097.0,5092.699999999999,stop,6,1.4000000000014552,97.44000000008732,-78.00000000006548,7.4399999999999995,12.000000000043656,-97.44000000010914,-1.1600000000000936,False,0.5717285284133614,10,43025.20000000166,"E (partida 0,10 / 2R)"
MGC,london,2026-03-13,E,0.1,2.0,1,2026-03-13 10:11:00+00:00,2026-03-13 10:11:00+00:00,2026-03-13 10:11:00+00:00,5094.400000000001,5093.4,5096.400000000001,5093.299999999999,stop,8,1.0000000000009095,97.92000000007276,-72.00000000004366,9.92,16.000000000058208,-97.92000000010187,-1.22400000000016,False,0.5940474754614055,10,42927.76000000155,"E (partida 0,10 / 2R)"
MGC,london,2026-03-16,E,0.1,2.0,-1,2026-03-16 10:44:00+00:00,2026-03-16 10:44:00+00:00,2026-03-16 10:44:00+00:00,4987.799999999999,4989.3,4984.8,4989.400000000001,stop,6,1.5000000000009095,103.44000000005457,-84.00000000003274,7.4399999999999995,12.000000000043656,-103.4400000000764,-1.1493333333334852,False,-0.1610296046833979,10,42829.84000000145,"E (partida 0,10 / 2R)"
MGC,london,2026-03-18,E,0.1,2.0,-1,2026-03-18 08:40:00+00:00,2026-03-18 08:40:00+00:00,2026-03-18 08:45:00+00:00,4991.7,4994.3,4986.5,4986.5,objetivo,3,2.600000000000364,84.72000000001091,159.00000000000546,3.7199999999999998,3.000000000010914,152.27999999999454,1.9523076923073492,False,-1.206838386842282,8,42726.40000000138,"E (partida 0,10 / 2R)"
MGC,london,2026-03-19,E,0.1,2.0,-1,2026-03-19 08:57:00+00:00,2026-03-19 08:57:00+00:00,2026-03-19 08:57:00+00:00,4710.2,4711.3,4708.0,4708.0,objetivo,8,1.1000000000003638,105.9200000000291,184.00000000001455,9.92,8.000000000029104,166.07999999998546,1.8872727272719378,False,-1.1087289287675675,8,42878.68000000137,"E (partida 0,10 / 2R)"
MGC,london,2026-03-20,E,0.1,2.0,-1,2026-03-20 09:18:00+00:00,2026-03-20 09:18:00+00:00,2026-03-20 09:18:00+00:00,4694.799999999999,4696.0,4692.400000000001,4692.400000000001,objetivo,7,1.2000000000007276,99.68000000005094,174.99999999993634,8.68,7.000000000025466,159.31999999991086,1.8966666666644556,False,-1.4953867914521106,9,43044.760000001355,"E (partida 0,10 / 2R)"
MGC,london,2026-03-25,E,0.1,2.0,1,2026-03-25 09:08:00+00:00,2026-03-25 09:08:00+00:00,2026-03-25 09:09:00+00:00,4566.5,4561.0,4577.5,4560.9,stop,1,5.5,57.24,-53.99999999999636,1.24,2.000000000007276,-57.24000000000364,-1.040727272727339,False,0.5153810710069557,9,43204.08000000127,"E (partida 0,10 / 2R)"
MGC,london,2026-03-25,E,0.1,2.0,1,2026-03-25 09:19:00+00:00,2026-03-25 09:19:00+00:00,2026-03-25 09:23:00+00:00,4563.200000000001,4561.299999999999,4567.0,4561.199999999999,stop,5,1.9000000000014552,106.20000000007275,-90.00000000005457,6.2,10.00000000003638,-106.20000000009095,-1.1178947368422065,False,0.2811040257483429,9,43146.84000000126,"E (partida 0,10 / 2R)"
MGC,london,2026-03-26,E,0.1,2.0,-1,2026-03-26 09:46:00+00:00,2026-03-26 09:46:00+00:00,2026-03-26 09:47:00+00:00,4420.4,4423.200000000001,4414.8,4423.300000000001,stop,3,2.8000000000010914,90.72000000003274,-81.00000000002183,3.7199999999999998,6.000000000021828,-90.72000000004365,-1.0800000000000987,False,-0.3033880842732437,9,43040.64000000117,"E (partida 0,10 / 2R)"
MGC,london,2026-03-27,E,0.1,2.0,-1,2026-03-27 10:36:00+00:00,2026-03-27 10:36:00+00:00,2026-03-27 10:42:00+00:00,4418.5,4422.400000000001,4410.7,4410.7,objetivo,2,3.9000000000005457,82.48000000001092,158.0000000000109,2.48,2.000000000007276,153.52000000000365,1.9682051282048996,False,-0.9991546418694504,10,42949.920000001126,"E (partida 0,10 / 2R)"
MGC,london,2026-04-08,E,0.1,2.0,-1,2026-04-08 10:37:00+01:00,2026-04-08 10:37:00+01:00,2026-04-08 10:37:00+01:00,4825.7,4827.5,4822.1,4827.6,stop,5,1.800000000000182,101.20000000000908,-84.9999999999909,6.2,10.00000000003638,-101.20000000002729,-1.124444444444634,False,-0.433149852628212,10,43103.44000000113,"E (partida 0,10 / 2R)"
MGC,london,2026-04-13,E,0.1,2.0,-1,2026-04-13 08:40:00+01:00,2026-04-13 08:40:00+01:00,2026-04-13 08:40:00+01:00,4751.799999999999,4752.900000000001,4749.6,4753.000000000001,stop,8,1.1000000000012733,105.92000000010187,-80.00000000007276,9.92,16.000000000058208,-105.92000000013097,-1.2036363636364587,False,-1.2026428714764152,8,43002.240000001104,"E (partida 0,10 / 2R)"
MGC,london,2026-04-14,E,0.1,2.0,-1,2026-04-14 08:55:00+01:00,2026-04-14 08:55:00+01:00,2026-04-14 08:59:00+01:00,4798.299999999999,4800.5,4793.900000000001,4800.6,stop,4,2.2000000000007276,96.9600000000291,-84.00000000001455,4.96,8.000000000029104,-96.96000000004365,-1.1018181818183135,False,-1.8279299518737742,8,42896.320000000975,"E (partida 0,10 / 2R)"
MGC,london,2026-04-14,E,0.1,2.0,1,2026-04-14 10:15:00+01:00,2026-04-14 10:15:00+01:00,2026-04-14 10:20:00+01:00,4809.6,4807.2,4814.400000000001,4807.099999999999,stop,4,2.4000000000005457,104.96000000002182,-92.00000000000728,4.96,8.000000000029104,-104.96000000003637,-1.0933333333334636,False,0.18335236204960056,10,42799.36000000093,"E (partida 0,10 / 2R)"
MGC,london,2026-04-17,E,0.1,2.0,-1,2026-04-17 09:13:00+01:00,2026-04-17 09:13:00+01:00,2026-04-17 09:20:00+01:00,4804.9,4807.5,4799.7,4807.6,stop,3,2.600000000000364,84.72000000001091,-75.0,3.7199999999999998,6.000000000021828,-84.72000000002183,-1.086153846153974,False,-0.5523991342477887,9,42694.4000000009,"E (partida 0,10 / 2R)"
MGC,london,2026-04-23,E,0.1,2.0,-1,2026-04-23 10:40:00+01:00,2026-04-23 10:40:00+01:00,2026-04-23 10:40:00+01:00,4716.5,4717.700000000001,4714.1,4717.800000000001,stop,7,1.2000000000007276,99.68000000005094,-77.00000000002547,8.68,14.000000000050932,-99.6800000000764,-1.1866666666668568,False,-0.9231238285541485,10,42609.68000000087,"E (partida 0,10 / 2R)"
MGC,london,2026-04-28,E,0.1,2.0,-1,2026-04-28 08:38:00+01:00,2026-04-28 08:38:00+01:00,2026-04-28 08:38:00+01:00,4642.9,4644.3,4640.1,4640.1,objetivo,6,1.4000000000005457,97.44000000003275,173.99999999997817,7.4399999999999995,6.000000000021828,160.55999999995635,1.9114285714273067,False,-0.6995913810329665,8,42510.0000000008,"E (partida 0,10 / 2R)"
MGC,london,2026-04-29,E,0.1,2.0,-1,2026-04-29 09:29:00+01:00,2026-04-29 09:29:00+01:00,2026-04-29 09:34:00+01:00,4580.4,4581.900000000001,4577.400000000001,4577.4,objetivo_hueco,6,1.5000000000009095,103.44000000005457,186.00000000002183,7.4399999999999995,6.000000000021828,172.56,1.917333333332171,False,-0.8986096219039912,9,42670.560000000754,"E (partida 0,10 / 2R)"
MGC,london,2026-04-30,E,0.1,2.0,1,2026-04-30 09:48:00+01:00,2026-04-30 09:48:00+01:00,2026-04-30 09:52:00+01:00,4629.8,4627.7,4634.0,4627.599999999999,stop,4,2.100000000000364,92.96000000001455,-80.0,4.96,8.000000000029104,-92.9600000000291,-1.1066666666668215,False,1.1485181156539803,9,42843.12000000075,"E (partida 0,10 / 2R)"
MGC,london,2026-04-30,E,0.1,2.0,1,2026-04-30 10:27:00+01:00,2026-04-30 10:27:00+01:00,2026-04-30 10:27:00+01:00,4630.700000000001,4629.5,4633.1,4633.1,objetivo,7,1.2000000000007276,99.68000000005094,175.0,8.68,7.000000000025466,159.31999999997453,1.8966666666652134,False,0.6894056256619036,10,42750.160000000724,"E (partida 0,10 / 2R)"
MGC,london,2026-05-08,E,0.1,2.0,-1,2026-05-08 08:59:00+01:00,2026-05-08 08:59:00+01:00,2026-05-08 09:05:00+01:00,4718.299999999999,4719.700000000001,4715.5,4719.800000000001,stop,6,1.4000000000014552,97.44000000008732,-78.00000000006548,7.4399999999999995,12.000000000043656,-97.44000000010914,-1.1600000000000936,False,-0.3889862913519063,8,42909.4800000007,"E (partida 0,10 / 2R)"
MGC,london,2026-05-12,E,0.1,2.0,1,2026-05-12 09:26:00+01:00,2026-05-12 09:26:00+01:00,2026-05-12 09:33:00+01:00,4711.1,4709.299999999999,4714.7,4709.199999999999,stop,5,1.8000000000010914,101.20000000005456,-85.00000000003638,6.2,10.00000000003638,-101.20000000007276,-1.1244444444445711,False,0.8549229802496962,9,42812.04000000059,"E (partida 0,10 / 2R)"
MGC,london,2026-05-19,E,0.1,2.0,-1,2026-05-19 09:58:00+01:00,2026-05-19 09:58:00+01:00,2026-05-19 10:00:00+01:00,4546.5,4547.6,4544.3,4544.3,objetivo,8,1.1000000000003638,105.9200000000291,184.00000000001455,9.92,8.000000000029104,166.07999999998546,1.8872727272719378,False,-0.6670007686571897,9,42710.84000000052,"E (partida 0,10 / 2R)"
MGC,london,2026-05-20,E,0.1,2.0,1,2026-05-20 08:43:00+01:00,2026-05-20 08:43:00+01:00,2026-05-20 08:45:00+01:00,4484.5,4482.7,4488.1,4482.599999999999,stop,5,1.800000000000182,101.20000000000908,-84.9999999999909,6.2,10.00000000003638,-101.20000000002729,-1.124444444444634,False,0.41306429201800804,8,42876.92000000051,"E (partida 0,10 / 2R)"
MGC,london,2026-05-25,E,0.1,2.0,-1,2026-05-25 10:24:00+01:00,2026-05-25 10:24:00+01:00,2026-05-25 10:24:00+01:00,4556.9,4557.900000000001,4554.900000000001,4558.000000000001,stop,8,1.0000000000009095,97.92000000007276,-72.00000000004366,9.92,16.000000000058208,-97.92000000010187,-1.22400000000016,False,-0.14542267268879652,10,42775.72000000048,"E (partida 0,10 / 2R)"
MGC,london,2026-05-26,E,0.1,2.0,-1,2026-05-26 10:25:00+01:00,2026-05-26 10:25:00+01:00,2026-05-26 10:25:00+01:00,4522.2,4523.200000000001,4520.2,4523.300000000001,stop,8,1.0000000000009095,97.92000000007276,-72.00000000004366,9.92,16.000000000058208,-97.92000000010187,-1.22400000000016,False,-0.6075610752604006,10,42677.80000000038,"E (partida 0,10 / 2R)"
MGC,london,2026-06-01,E,0.1,2.0,-1,2026-06-01 09:08:00+01:00,2026-06-01 09:08:00+01:00,2026-06-01 09:09:00+01:00,4527.4,4529.400000000001,4523.400000000001,4523.400000000001,objetivo,4,2.0000000000009095,88.96000000003637,163.99999999997817,4.96,4.000000000014552,155.0399999999636,1.937999999998664,False,-2.0583225343939144,9,42579.88000000028,"E (partida 0,10 / 2R)"
MGC,london,2026-06-04,E,0.1,2.0,-1,2026-06-04 09:16:00+01:00,2026-06-04 09:16:00+01:00,2026-06-04 09:16:00+01:00,4488.299999999999,4491.200000000001,4482.5,4491.300000000001,stop,3,2.900000000001455,93.72000000004365,-84.00000000003274,3.7199999999999998,6.000000000021828,-93.72000000005457,-1.0772413793104314,False,-0.46364806243209944,9,42734.920000000246,"E (partida 0,10 / 2R)"
MGC,london,2026-06-05,E,0.1,2.0,1,2026-06-05 08:46:00+01:00,2026-06-05 08:46:00+01:00,2026-06-05 08:54:00+01:00,4490.700000000001,4488.599999999999,4494.900000000001,4488.499999999999,stop,4,2.1000000000012733,92.96000000005093,-80.00000000003638,4.96,8.000000000029104,-92.96000000006548,-1.106666666666775,False,1.6548347560853884,8,42641.20000000019,"E (partida 0,10 / 2R)"
MGC,london,2026-06-08,E,0.1,2.0,-1,2026-06-08 10:28:00+01:00,2026-06-08 10:28:00+01:00,2026-06-08 10:28:00+01:00,4311.2,4312.6,4308.400000000001,4308.400000000001,objetivo,6,1.4000000000005457,97.44000000003275,173.99999999997817,7.4399999999999995,6.000000000021828,160.55999999995635,1.9114285714273067,False,-0.5490886867748686,10,42548.24000000013,"E (partida 0,10 / 2R)"
MGC,london,2026-06-10,E,0.1,2.0,-1,2026-06-10 10:25:00+01:00,2026-06-10 10:25:00+01:00,2026-06-10 10:25:00+01:00,4190.9,4192.1,4188.5,4192.200000000001,stop,7,1.2000000000007276,99.68000000005094,-77.00000000002547,8.68,14.000000000050932,-99.6800000000764,-1.1866666666668568,False,-0.685986886773289,10,42708.80000000008,"E (partida 0,10 / 2R)"
MGC,london,2026-06-12,E,0.1,2.0,-1,2026-06-12 08:53:00+01:00,2026-06-12 08:53:00+01:00,2026-06-12 08:55:00+01:00,4196.5,4199.3,4190.900000000001,4199.400000000001,stop,3,2.800000000000182,90.72000000000546,-80.99999999999454,3.7199999999999998,6.000000000021828,-90.72000000001637,-1.0800000000001246,False,-0.5505305657628004,8,42609.12000000001,"E (partida 0,10 / 2R)"
MGC,london,2026-06-12,E,0.1,2.0,1,2026-06-12 10:29:00+01:00,2026-06-12 10:29:00+01:00,2026-06-12 10:29:00+01:00,4245.200000000001,4242.9,4249.8,4242.799999999999,stop,4,2.3000000000010914,100.96000000004365,-88.0000000000291,4.96,8.000000000029104,-100.9600000000582,-1.097391304347938,False,1.4613033125076367,10,42518.399999999994,"E (partida 0,10 / 2R)"
MGC,london,2026-06-15,E,0.1,2.0,1,2026-06-15 08:42:00+01:00,2026-06-15 08:42:00+01:00,2026-06-15 08:47:00+01:00,4336.5,4335.299999999999,4338.900000000001,4335.199999999999,stop,7,1.2000000000007276,99.68000000005094,-77.00000000002547,8.68,14.000000000050932,-99.6800000000764,-1.1866666666668568,False,1.915576745104244,8,42417.43999999994,"E (partida 0,10 / 2R)"
MGC,london,2026-06-15,E,0.1,2.0,1,2026-06-15 10:05:00+01:00,2026-06-15 10:05:00+01:00,2026-06-15 10:12:00+01:00,4362.700000000001,4359.0,4370.1,4358.9,stop,2,3.7000000000007276,78.48000000001456,-72.00000000000728,2.48,4.000000000014552,-78.48000000002183,-1.060540540540627,False,2.3811101286299388,10,42317.759999999864,"E (partida 0,10 / 2R)"
MGC,london,2026-06-17,E,0.1,2.0,-1,2026-06-17 08:52:00+01:00,2026-06-17 08:52:00+01:00,2026-06-17 09:13:00+01:00,4346.599999999999,4348.400000000001,4343.0,4343.0,objetivo,5,1.8000000000010914,101.20000000005456,184.9999999999909,6.2,5.00000000001819,173.79999999997273,1.9311111111096373,False,-0.8884911724273006,8,42239.27999999984,"E (partida 0,10 / 2R)"
MGC,london,2026-06-19,E,0.1,2.0,1,2026-06-19 08:41:00+01:00,2026-06-19 08:41:00+01:00,2026-06-19 08:42:00+01:00,4173.3,4172.099999999999,4175.7,4171.999999999999,stop,7,1.2000000000007276,99.68000000005094,-77.00000000002547,8.68,14.000000000050932,-99.6800000000764,-1.1866666666668568,False,0.046971967711548074,8,42413.07999999981,"E (partida 0,10 / 2R)"
MGC,london,2026-06-22,E,0.1,2.0,-1,2026-06-22 09:31:00+01:00,2026-06-22 09:31:00+01:00,2026-06-22 09:35:00+01:00,4207.7,4209.8,4203.5,4209.900000000001,stop,4,2.100000000000364,92.96000000001455,-80.0,4.96,8.000000000029104,-92.9600000000291,-1.1066666666668215,False,-0.9978004160422292,9,42313.39999999974,"E (partida 0,10 / 2R)"
MGC,london,2026-06-22,E,0.1,2.0,1,2026-06-22 10:34:00+01:00,2026-06-22 10:34:00+01:00,2026-06-22 10:46:00+01:00,4226.3,4222.2,4234.5,4222.099999999999,stop,2,4.100000000000364,86.48000000000728,-80.0,2.48,4.000000000014552,-86.48000000001456,-1.0546341463415474,False,1.4037752908426748,10,42220.43999999971,"E (partida 0,10 / 2R)"
MGC,london,2026-06-29,E,0.1,2.0,1,2026-06-29 09:10:00+01:00,2026-06-29 09:10:00+01:00,2026-06-29 09:11:00+01:00,4078.1,4077.0,4080.3,4076.9,stop,7,1.099999999999909,92.67999999999364,-70.0,8.68,13.999999999987267,-92.67999999998727,-1.203636363636298,False,0.5370909356803708,9,42133.95999999969,"E (partida 0,10 / 2R)"
MGC,london,2026-06-30,E,0.1,2.0,-1,2026-06-30 10:31:00+01:00,2026-06-30 10:31:00+01:00,2026-06-30 10:45:00+01:00,4030.1,4032.7999999999997,4024.7000000000003,4032.8999999999996,stop,3,2.699999999999818,87.71999999999454,-77.99999999999727,3.7199999999999998,5.999999999994543,-87.71999999999181,-1.082962962962935,False,-0.642986455478689,10,42041.27999999971,"E (partida 0,10 / 2R)"
MGC,london,2026-07-07,E,0.1,2.0,1,2026-07-07 08:40:00+01:00,2026-07-07 08:40:00+01:00,2026-07-07 08:41:00+01:00,4140.3,4139.2,4142.5,4139.099999999999,stop,7,1.1000000000003638,92.68000000002547,-70.0,8.68,14.000000000050932,-92.68000000005094,-1.2036363636366272,False,0.8648850819754438,8,41953.559999999714,"E (partida 0,10 / 2R)"
MGC,london,2026-07-09,E,0.1,2.0,1,2026-07-09 09:16:00+01:00,2026-07-09 09:16:00+01:00,2026-07-09 09:17:00+01:00,4119.0,4117.599999999999,4121.8,4121.8,objetivo,6,1.4000000000005457,97.44000000003275,174.00000000003274,7.4399999999999995,6.000000000021828,160.56000000001092,1.9114285714279564,False,0.2874182875099275,9,41860.87999999966,"E (partida 0,10 / 2R)"
MGC,london,2026-07-10,E,0.1,2.0,-1,2026-07-10 10:12:00+01:00,2026-07-10 10:12:00+01:00,2026-07-10 10:12:00+01:00,4106.099999999999,4107.3,4103.7,4107.400000000001,stop,7,1.2000000000007276,99.68000000005094,-77.00000000002547,8.68,14.000000000050932,-99.6800000000764,-1.1866666666668568,False,-1.8355963163434936,10,42021.439999999675,"E (partida 0,10 / 2R)"
MGC,london,2026-07-15,E,0.1,2.0,-1,2026-07-15 09:12:00+01:00,2026-07-15 09:12:00+01:00,2026-07-15 09:18:00+01:00,4026.3,4029.5,4019.9,4029.6,stop,3,3.199999999999818,102.71999999999454,-92.99999999999727,3.7199999999999998,5.999999999994543,-102.71999999999181,-1.0699999999999756,False,-0.4535606685381446,9,41921.7599999996,"E (partida 0,10 / 2R)"
MGC,london,2026-07-17,E,0.1,2.0,-1,2026-07-17 08:38:00+01:00,2026-07-17 08:38:00+01:00,2026-07-17 08:40:00+01:00,3998.0,4000.7999999999997,3992.4,4000.8999999999996,stop,3,2.799999999999727,90.71999999999181,-80.99999999999454,3.7199999999999998,5.999999999994543,-90.71999999998908,-1.0799999999999752,False,-1.384723581218176,8,41819.03999999961,"E (partida 0,10 / 2R)"
MGC,london,2026-07-21,E,0.1,2.0,-1,2026-07-21 10:31:00+01:00,2026-07-21 10:31:00+01:00,2026-07-21 10:46:00+01:00,4066.9,4070.1,4060.5,4070.2,stop,3,3.199999999999818,102.71999999999454,-92.99999999999727,3.7199999999999998,5.999999999994543,-102.71999999999181,-1.0699999999999756,False,-0.4965924711016635,10,41728.31999999962,"E (partida 0,10 / 2R)"
MGC,london,2026-07-23,E,0.1,2.0,-1,2026-07-23 10:25:00+01:00,2026-07-23 10:25:00+01:00,2026-07-23 10:26:00+01:00,4096.099999999999,4097.6,4093.1000000000004,4093.1000000000004,objetivo,6,1.5000000000009095,103.44000000005457,185.99999999996726,7.4399999999999995,6.000000000021828,172.55999999994543,1.9173333333315645,False,-0.38538752030126705,10,41625.59999999963,"E (partida 0,10 / 2R)"
MGC,london,2026-07-24,E,0.1,2.0,1,2026-07-24 10:42:00+01:00,2026-07-24 10:42:00+01:00,2026-07-24 10:55:00+01:00,4058.5,4057.2000000000003,4061.1000000000004,4061.3,objetivo_hueco,6,1.2999999999997272,91.43999999998363,174.00000000000546,7.4399999999999995,5.999999999994543,160.56000000001092,2.0584615384621103,False,0.6908327635952718,10,41798.159999999574,"E (partida 0,10 / 2R)"
MGC,london,2026-07-27,E,0.1,2.0,-1,2026-07-27 09:32:00+01:00,2026-07-27 09:32:00+01:00,2026-07-27 09:41:00+01:00,4091.5,4093.0,4088.5,4093.1,stop,6,1.5,103.44,-84.00000000000546,7.4399999999999995,11.999999999989086,-103.43999999999454,-1.1493333333332727,False,-1.3580609794983096,9,41958.71999999959,"E (partida 0,10 / 2R)"
MGC,london,2026-08-05,E,0.1,2.0,-1,2026-08-05 09:47:00+01:00,2026-08-05 09:47:00+01:00,2026-08-05 10:05:00+01:00,4220.9,4224.400000000001,4213.900000000001,4224.500000000001,stop,2,3.5000000000009095,74.4800000000182,-68.00000000001091,2.48,4.000000000014552,-74.48000000002547,-1.0640000000000873,False,-0.5123452783648972,9,41855.27999999959,"E (partida 0,10 / 2R)"
MGC,london,2026-08-10,E,0.1,2.0,-1,2026-08-10 10:30:00+01:00,2026-08-10 10:30:00+01:00,2026-08-10 10:30:00+01:00,4405.599999999999,4407.1,4402.6,4402.6,objetivo,6,1.5000000000009095,103.44000000005457,185.99999999996726,7.4399999999999995,6.000000000021828,172.55999999994543,1.9173333333315645,False,-0.7571828109835536,10,41780.799999999566,"E (partida 0,10 / 2R)"
MGC,london,2026-08-12,E,0.1,2.0,1,2026-08-12 09:23:00+01:00,2026-08-12 09:23:00+01:00,2026-08-12 09:26:00+01:00,4468.6,4467.0,4471.8,4466.9,stop,5,1.6000000000003638,91.20000000001818,-75.0,6.2,10.00000000003638,-91.20000000003638,-1.1400000000001955,False,0.7365800601847023,9,41953.35999999951,"E (partida 0,10 / 2R)"
MGC,london,2026-08-17,E,0.1,2.0,-1,2026-08-17 10:28:00+01:00,2026-08-17 10:28:00+01:00,2026-08-17 10:46:00+01:00,4452.7,4454.3,4449.5,4449.5,objetivo,5,1.6000000000003638,91.20000000001818,165.0000000000091,6.2,5.00000000001819,153.79999999999092,1.9224999999994494,False,-0.6477375238441624,10,41862.15999999948,"E (partida 0,10 / 2R)"
MGC,london,2026-08-19,E,0.1,2.0,1,2026-08-19 09:40:00+01:00,2026-08-19 09:40:00+01:00,2026-08-19 09:44:00+01:00,4414.1,4412.7,4416.900000000001,4416.900000000001,objetivo,6,1.4000000000005457,97.44000000003275,174.00000000003274,7.4399999999999995,6.000000000021828,160.56000000001092,1.9114285714279564,False,0.5517345980169023,9,42015.95999999947,"E (partida 0,10 / 2R)"
MGC,london,2026-08-21,E,0.1,2.0,1,2026-08-21 09:03:00+01:00,2026-08-21 09:03:00+01:00,2026-08-21 09:03:00+01:00,4621.5,4620.2,4624.1,4620.099999999999,stop,6,1.300000000000182,91.44000000001091,-71.99999999998909,7.4399999999999995,12.000000000043656,-91.44000000003274,-1.172307692307948,False,0.24838075932297343,9,42176.51999999948,"E (partida 0,10 / 2R)"
MGC,london,2026-08-24,E,0.1,2.0,-1,2026-08-24 09:15:00+01:00,2026-08-24 09:15:00+01:00,2026-08-24 09:16:00+01:00,4692.9,4695.200000000001,4688.3,4688.3,objetivo,4,2.3000000000010914,100.96000000004365,187.99999999999272,4.96,4.000000000014552,179.03999999997816,1.9460869565205783,False,-1.2626807190484306,9,42085.07999999945,"E (partida 0,10 / 2R)"
MGC,london,2026-08-24,E,0.1,2.0,1,2026-08-24 10:08:00+01:00,2026-08-24 10:08:00+01:00,2026-08-24 10:08:00+01:00,4698.1,4696.599999999999,4701.1,4696.499999999999,stop,6,1.5000000000009095,103.44000000005457,-84.00000000003274,7.4399999999999995,12.000000000043656,-103.4400000000764,-1.1493333333334852,False,0.26483919717207177,10,42264.11999999943,"E (partida 0,10 / 2R)"
MGC,london,2026-08-25,E,0.1,2.0,-1,2026-08-25 08:52:00+01:00,2026-08-25 08:52:00+01:00,2026-08-25 09:02:00+01:00,4689.799999999999,4693.5,4682.400000000001,4682.400000000001,objetivo,2,3.7000000000007276,78.48000000001456,149.9999999999818,2.48,2.000000000007276,145.51999999997454,1.9664864864857559,False,-0.8478045474067822,8,42160.67999999935,"E (partida 0,10 / 2R)"
MGC,london,2026-08-26,E,0.1,2.0,-1,2026-08-26 10:08:00+01:00,2026-08-26 10:08:00+01:00,2026-08-26 10:12:00+01:00,4681.2,4683.1,4677.400000000001,4683.200000000001,stop,4,1.9000000000005457,84.96000000002182,-72.00000000000728,4.96,8.000000000029104,-84.96000000003637,-1.1178947368422627,False,-0.3355281479042114,10,42306.19999999933,"E (partida 0,10 / 2R)"
MGC,london,2026-08-27,E,0.1,2.0,-1,2026-08-27 10:34:00+01:00,2026-08-27 10:34:00+01:00,2026-08-27 10:37:00+01:00,4646.299999999999,4649.400000000001,4640.1,4640.1,objetivo,3,3.1000000000012733,99.7200000000382,188.99999999997817,3.7199999999999998,3.000000000010914,182.27999999996726,1.959999999998843,False,-0.5457307381100495,10,42221.23999999929,"E (partida 0,10 / 2R)"
MGC,london,2026-09-01,E,0.1,2.0,-1,2026-09-01 10:30:00+01:00,2026-09-01 10:30:00+01:00,2026-09-01 10:30:00+01:00,4421.0,4422.400000000001,4418.2,4418.2,objetivo,6,1.4000000000005457,97.44000000003275,174.00000000003274,7.4399999999999995,6.000000000021828,160.56000000001092,1.9114285714279564,False,-1.6095563522297058,10,42403.51999999926,"E (partida 0,10 / 2R)"
MGC,london,2026-09-02,E,0.1,2.0,-1,2026-09-02 10:11:00+01:00,2026-09-02 10:11:00+01:00,2026-09-02 10:14:00+01:00,4364.4,4365.6,4362.0,4362.0,objetivo_hueco,7,1.2000000000007276,99.68000000005094,175.0,8.68,7.000000000025466,159.31999999997453,1.8966666666652134,False,-0.9846168739734183,10,42564.079999999274,"E (partida 0,10 / 2R)"
MGC,london,2026-09-04,E,0.1,2.0,1,2026-09-04 09:21:00+01:00,2026-09-04 09:21:00+01:00,2026-09-04 09:21:00+01:00,4530.6,4529.299999999999,4533.2,4529.199999999999,stop,7,1.3000000000010914,106.6800000000764,-84.00000000005093,8.68,14.000000000050932,-106.68000000010187,-1.1723076923078275,False,1.2782256899041742,9,42723.39999999925,"E (partida 0,10 / 2R)"
MGC,london,2026-09-08,E,0.1,2.0,-1,2026-09-08 09:51:00+01:00,2026-09-08 09:51:00+01:00,2026-09-08 10:03:00+01:00,4437.2,4439.400000000001,4432.8,4439.500000000001,stop,4,2.2000000000007276,96.9600000000291,-84.00000000001455,4.96,8.000000000029104,-96.96000000004365,-1.1018181818183135,False,-0.2348475245682346,9,42616.71999999915,"E (partida 0,10 / 2R)"
MGC,london,2026-09-09,E,0.1,2.0,1,2026-09-09 09:08:00+01:00,2026-09-09 09:08:00+01:00,2026-09-09 09:09:00+01:00,4454.0,4452.799999999999,4456.400000000001,4452.699999999999,stop,7,1.2000000000007276,99.68000000005094,-77.00000000002547,8.68,14.000000000050932,-99.6800000000764,-1.1866666666668568,False,1.560792843933989,9,42519.75999999911,"E (partida 0,10 / 2R)"
MGC,london,2026-09-09,E,0.1,2.0,-1,2026-09-09 10:06:00+01:00,2026-09-09 10:06:00+01:00,2026-09-09 10:07:00+01:00,4444.2,4445.6,4441.400000000001,4445.700000000001,stop,6,1.4000000000005457,97.44000000003275,-78.00000000001091,7.4399999999999995,12.000000000043656,-97.44000000005457,-1.1600000000001975,False,-0.5704444229462318,10,42420.079999999034,"E (partida 0,10 / 2R)"
MGC,london,2026-09-17,E,0.1,2.0,-1,2026-09-17 10:19:00+01:00,2026-09-17 10:19:00+01:00,2026-09-17 10:20:00+01:00,4352.799999999999,4354.0,4350.400000000001,4350.400000000001,objetivo,7,1.2000000000007276,99.68000000005094,174.99999999993634,8.68,7.000000000025466,159.31999999991086,1.8966666666644556,False,-0.7175166567315436,10,42322.63999999898,"E (partida 0,10 / 2R)"
MGC,london,2026-09-18,E,0.1,2.0,1,2026-09-18 09:03:00+01:00,2026-09-18 09:03:00+01:00,2026-09-18 09:03:00+01:00,4435.6,4434.599999999999,4437.6,4437.6,objetivo,8,1.0000000000009095,97.92000000007276,168.0000000000291,9.92,8.000000000029104,150.08,1.875999999998294,False,0.6404121796078958,9,42481.95999999889,"E (partida 0,10 / 2R)"
MGC,london,2026-09-21,E,0.1,2.0,1,2026-09-21 10:18:00+01:00,2026-09-21 10:18:00+01:00,2026-09-21 10:18:00+01:00,4391.3,4390.2,4393.5,4390.099999999999,stop,8,1.1000000000003638,105.9200000000291,-80.0,9.92,16.000000000058208,-105.92000000005821,-1.203636363636627,False,0.19566614446986777,10,42632.039999998895,"E (partida 0,10 / 2R)"
MGC,london,2026-09-23,E,0.1,2.0,-1,2026-09-23 09:32:00+01:00,2026-09-23 09:32:00+01:00,2026-09-23 09:36:00+01:00,4354.4,4356.700000000001,4349.8,4356.800000000001,stop,4,2.3000000000010914,100.96000000004365,-88.0000000000291,4.96,8.000000000029104,-100.9600000000582,-1.097391304347938,False,-0.6284970973975513,9,42526.11999999884,"E (partida 0,10 / 2R)"
MGC,london,2026-09-28,E,0.1,2.0,-1,2026-09-28 09:16:00+01:00,2026-09-28 09:16:00+01:00,2026-09-28 09:29:00+01:00,4185.099999999999,4189.1,4177.1,4177.1,objetivo,2,4.0000000000009095,84.4800000000182,161.9999999999891,2.48,2.000000000007276,157.51999999998182,1.968999999999325,False,-0.7101926888030439,9,42425.15999999878,"E (partida 0,10 / 2R)"
MGC,london,2026-09-29,E,0.1,2.0,-1,2026-09-29 09:31:00+01:00,2026-09-29 09:31:00+01:00,2026-09-29 10:02:00+01:00,4172.0,4174.1,4167.8,4174.200000000001,stop,4,2.100000000000364,92.96000000001455,-80.0,4.96,8.000000000029104,-92.9600000000291,-1.1066666666668215,False,-0.2213352061222013,9,42582.67999999876,"E (partida 0,10 / 2R)"
MGC,london,2026-09-29,E,0.1,2.0,-1,2026-09-29 10:30:00+01:00,2026-09-29 10:30:00+01:00,2026-09-29 10:32:00+01:00,4172.2,4173.900000000001,4168.8,4174.000000000001,stop,5,1.7000000000007276,96.20000000003637,-80.00000000001819,6.2,10.00000000003638,-96.20000000005457,-1.1317647058825107,False,-0.06859717827239749,10,42489.719999998735,"E (partida 0,10 / 2R)"
MGC,london,2026-10-01,E,0.1,2.0,-1,2026-10-01 09:12:00+01:00,2026-10-01 09:12:00+01:00,2026-10-01 09:42:00+01:00,4190.2,4194.200000000001,4182.2,4182.2,objetivo,2,4.0000000000009095,84.4800000000182,162.00000000000728,2.48,2.000000000007276,157.52,1.9689999999995524,False,-0.2735981657108611,9,42393.51999999868,"E (partida 0,10 / 2R)"
MGC,london,2026-10-02,E,0.1,2.0,1,2026-10-02 08:56:00+01:00,2026-10-02 08:56:00+01:00,2026-10-02 08:57:00+01:00,4216.1,4214.0,4220.3,4220.3,objetivo,4,2.100000000000364,92.96000000001455,172.00000000000728,4.96,4.000000000014552,163.03999999999272,1.940952380951958,False,0.0772595963459262,8,42551.03999999868,"E (partida 0,10 / 2R)"
MGC,london,2026-10-02,E,0.1,2.0,-1,2026-10-02 10:06:00+01:00,2026-10-02 10:06:00+01:00,2026-10-02 10:08:00+01:00,4211.7,4212.8,4209.5,4212.900000000001,stop,8,1.1000000000003638,105.9200000000291,-80.0,9.92,16.000000000058208,-105.92000000005821,-1.203636363636627,False,-0.5033913750020054,10,42714.07999999867,"E (partida 0,10 / 2R)"
MGC,london,2018-01-16,F,0.1,2.0,-1,2018-01-16 10:39:00+00:00,2018-01-16 10:39:00+00:00,2018-01-16 10:43:00+00:00,1332.6000000000001,1333.6999999999998,1330.4,1333.7999999999997,stop,9,1.0999999999996817,119.15999999997135,-89.99999999997954,11.16,17.99999999998363,-119.15999999996316,-1.2036363636363399,False,-0.7411845280837619,10,50000.0,"F (partida 0,10 / 2R)"
MGC,london,2018-04-04,F,0.1,2.0,1,2018-04-04 10:08:00+01:00,2018-04-04 10:08:00+01:00,2018-04-04 11:00:00+01:00,1347.5,1346.0,1350.5,1346.8000000000002,cierre_sesion,7,1.5,120.67999999999999,-35.0,8.68,13.999999999987267,-57.67999999998727,-0.5493333333332121,False,0.6720701825905587,10,49880.84000000004,"F (partida 0,10 / 2R)"
MGC,london,2018-04-19,F,0.1,2.0,-1,2018-04-19 10:23:00+01:00,2018-04-19 10:23:00+01:00,2018-04-19 10:25:00+01:00,1353.6000000000001,1354.8,1351.2,1351.2,objetivo,8,1.199999999999818,113.91999999998545,200.0,9.92,7.999999999992724,182.0800000000073,1.89666666666703,False,-0.5302976320050284,10,49823.160000000054,"F (partida 0,10 / 2R)"
MGC,london,2018-11-20,F,0.1,2.0,-1,2018-11-20 09:50:00+00:00,2018-11-20 09:50:00+00:00,2018-11-20 11:00:00+00:00,1224.0,1225.3,1221.4,1223.6999999999998,cierre_sesion,8,1.2999999999999545,121.91999999999636,40.0,9.92,15.999999999985448,14.080000000014552,0.13538461538476004,False,-0.3753739111754912,9,50005.24000000006,"F (partida 0,10 / 2R)"
MGC,london,2018-12-24,F,0.1,2.0,-1,2018-12-24 10:31:00+00:00,2018-12-24 10:31:00+00:00,2018-12-24 11:00:00+00:00,1264.3000000000002,1265.3999999999999,1262.1000000000001,1263.1999999999998,cierre_sesion,9,1.0999999999996817,119.15999999997135,117.00000000001637,11.16,17.99999999998363,87.84000000003275,0.8872727272733147,False,-0.7484980238795834,10,50019.32000000008,"F (partida 0,10 / 2R)"
MGC,london,2019-01-04,F,0.1,2.0,-1,2019-01-04 09:24:00+00:00,2019-01-04 09:24:00+00:00,2019-01-04 09:39:00+00:00,1293.3000000000002,1294.3,1291.3000000000002,1291.3000000000002,objetivo,10,0.9999999999997726,122.39999999997727,209.9999999999909,12.4,9.999999999990905,187.6,1.8760000000004264,False,-2.154358172630809,9,50107.16000000011,"F (partida 0,10 / 2R)"
MGC,london,2019-06-25,F,0.1,2.0,1,2019-06-25 08:32:00+01:00,2019-06-25 08:32:00+01:00,2019-06-25 08:34:00+01:00,1434.6999999999998,1433.6000000000001,1436.9,1436.9,objetivo,9,1.0999999999996817,119.15999999997135,207.00000000001637,11.16,8.999999999991815,186.84000000002456,1.8872727272735215,False,1.1470408156418748,8,50294.76000000011,"F (partida 0,10 / 2R)"
MGC,london,2019-06-25,F,0.1,2.0,1,2019-06-25 09:01:00+01:00,2019-06-25 09:01:00+01:00,2019-06-25 09:31:00+01:00,1437.3,1435.0,1441.9,1434.9,stop,5,2.2999999999999545,126.19999999999771,-110.00000000000227,6.2,9.999999999990905,-126.19999999999318,-1.0973913043477885,False,1.8929797722917296,9,50481.60000000014,"F (partida 0,10 / 2R)"
MGC,london,2019-07-02,F,0.1,2.0,1,2019-07-02 08:31:00+01:00,2019-07-02 08:31:00+01:00,2019-07-02 11:00:00+01:00,1395.6,1394.6000000000001,1397.6000000000001,1395.6000000000001,cierre_sesion,10,0.9999999999997726,122.39999999997727,20.000000000004547,12.4,19.99999999998181,-12.399999999977263,-0.12399999999980083,False,2.1202124187905613,8,50355.40000000015,"F (partida 0,10 / 2R)"
MGC,london,2019-08-12,F,0.1,2.0,1,2019-08-12 09:44:00+01:00,2019-08-12 09:44:00+01:00,2019-08-12 09:52:00+01:00,1509.0,1507.3000000000002,1512.4,1512.4,objetivo,6,1.699999999999818,115.43999999998908,210.0,7.4399999999999995,5.999999999994543,196.56000000000546,1.9270588235296715,False,2.9716488354032076,9,50343.00000000017,"F (partida 0,10 / 2R)"
MGC,london,2019-08-15,F,0.1,2.0,-1,2019-08-15 09:12:00+01:00,2019-08-15 09:12:00+01:00,2019-08-15 09:13:00+01:00,1521.7,1522.8999999999999,1519.3000000000002,1522.9999999999998,stop,8,1.199999999999818,113.91999999998545,-87.99999999999272,9.92,15.999999999985448,-113.91999999997817,-1.1866666666666192,False,-0.5714381209135602,9,50539.56000000017,"F (partida 0,10 / 2R)"
MGC,london,2019-08-15,F,0.1,2.0,1,2019-08-15 10:30:00+01:00,2019-08-15 10:30:00+01:00,2019-08-15 10:43:00+01:00,1528.8,1527.8000000000002,1530.8000000000002,1530.8000000000002,objetivo,10,0.9999999999997726,122.39999999997727,210.00000000001364,12.4,9.999999999990905,187.60000000002273,1.8760000000006538,False,2.8178379257626514,10,50425.640000000196,"F (partida 0,10 / 2R)"
MGC,london,2019-08-21,F,0.1,2.0,1,2019-08-21 10:18:00+01:00,2019-08-21 10:18:00+01:00,2019-08-21 11:00:00+01:00,1509.5,1508.3000000000002,1511.9,1510.2,cierre_sesion,8,1.199999999999818,113.91999999998545,71.99999999998909,9.92,15.999999999985448,46.080000000003636,0.4800000000001106,False,0.21013591984783553,10,50613.240000000216,"F (partida 0,10 / 2R)"
MGC,london,2019-08-29,F,0.1,2.0,-1,2019-08-29 09:37:00+01:00,2019-08-29 09:37:00+01:00,2019-08-29 09:45:00+01:00,1548.5,1550.1,1545.3000000000002,1550.1999999999998,stop,6,1.599999999999909,109.43999999999454,-90.0,7.4399999999999995,11.999999999989086,-109.43999999998908,-1.139999999999951,False,-1.554786208698388,9,50659.32000000022,"F (partida 0,10 / 2R)"
MGC,london,2019-09-17,F,0.1,2.0,1,2019-09-17 08:31:00+01:00,2019-09-17 08:31:00+01:00,2019-09-17 08:44:00+01:00,1503.6,1502.6000000000001,1505.6000000000001,1505.6000000000001,objetivo,10,0.9999999999997726,122.39999999997727,210.00000000001364,12.4,9.999999999990905,187.60000000002273,1.8760000000006538,False,2.7238616980491943,8,50549.88000000023,"F (partida 0,10 / 2R)"
MGC,london,2019-09-18,F,0.1,2.0,1,2019-09-18 10:36:00+01:00,2019-09-18 10:36:00+01:00,2019-09-18 11:00:00+01:00,1510.6999999999998,1509.7,1512.7,1510.2,cierre_sesion,10,0.9999999999997726,122.39999999997727,-29.999999999995453,12.4,19.99999999998181,-62.39999999997726,-0.6239999999999145,False,0.8346126167632792,10,50737.48000000025,"F (partida 0,10 / 2R)"
MGC,london,2019-10-02,F,0.1,2.0,1,2019-10-02 10:23:00+01:00,2019-10-02 10:23:00+01:00,2019-10-02 11:00:00+01:00,1489.0,1487.9,1491.2,1489.6000000000001,cierre_sesion,9,1.099999999999909,119.15999999999181,71.99999999999591,11.16,17.99999999998363,42.84000000001228,0.43272727272743255,False,0.29979417488284765,10,50675.08000000027,"F (partida 0,10 / 2R)"
MGC,london,2019-10-08,F,0.1,2.0,1,2019-10-08 10:11:00+01:00,2019-10-08 10:11:00+01:00,2019-10-08 10:13:00+01:00,1504.6999999999998,1503.7,1506.7,1503.6000000000001,stop,10,0.9999999999997726,122.39999999997727,-89.99999999998636,12.4,19.99999999998181,-122.39999999996817,-1.22399999999996,False,1.124749672715212,10,50717.92000000028,"F (partida 0,10 / 2R)"
MGC,london,2019-10-09,F,0.1,2.0,-1,2019-10-09 10:12:00+01:00,2019-10-09 10:12:00+01:00,2019-10-09 11:00:00+01:00,1508.4,1512.5,1500.2,1506.6,cierre_sesion,2,4.099999999999909,86.47999999999818,40.0,2.48,3.999999999996362,33.52000000000364,0.40878048780493154,False,-1.2645151006683992,10,50595.52000000032,"F (partida 0,10 / 2R)"
MGC,london,2019-10-17,F,0.1,2.0,-1,2019-10-17 09:40:00+01:00,2019-10-17 09:40:00+01:00,2019-10-17 09:44:00+01:00,1491.2,1492.3999999999999,1488.8000000000002,1492.4999999999998,stop,8,1.199999999999818,113.91999999998545,-87.99999999999272,9.92,15.999999999985448,-113.91999999997817,-1.1866666666666192,False,-0.46781536468310553,9,50629.04000000032,"F (partida 0,10 / 2R)"
MGC,london,2019-11-11,F,0.1,2.0,1,2019-11-11 09:31:00+00:00,2019-11-11 09:31:00+00:00,2019-11-11 09:32:00+00:00,1466.5,1465.3000000000002,1468.9,1465.2000000000003,stop,8,1.199999999999818,113.91999999998545,-87.99999999999272,9.92,15.999999999985448,-113.91999999997817,-1.1866666666666192,False,0.6344906762774009,9,50515.120000000345,"F (partida 0,10 / 2R)"
MGC,london,2019-12-03,F,0.1,2.0,1,2019-12-03 10:11:00+00:00,2019-12-03 10:11:00+00:00,2019-12-03 11:00:00+00:00,1473.6999999999998,1471.6000000000001,1477.9,1476.0,cierre_sesion,5,2.0999999999996817,116.19999999998407,125.0,6.2,9.999999999990905,108.80000000000909,1.03619047619072,False,2.0980569669061415,10,50401.20000000037,"F (partida 0,10 / 2R)"
MGC,london,2019-12-18,F,0.1,2.0,1,2019-12-18 09:03:00+00:00,2019-12-18 09:03:00+00:00,2019-12-18 11:00:00+00:00,1483.0,1481.4,1486.2,1483.1000000000001,cierre_sesion,6,1.599999999999909,109.43999999999454,17.99999999999727,7.4399999999999995,11.999999999989086,-1.439999999991814,-0.014999999999915583,False,0.35379531763943534,9,50510.00000000038,"F (partida 0,10 / 2R)"
MGC,london,2020-01-29,F,0.1,2.0,1,2020-01-29 09:11:00+00:00,2020-01-29 09:11:00+00:00,2020-01-29 09:33:00+00:00,1568.6999999999998,1567.7,1570.7,1570.7,objetivo,10,0.9999999999997726,122.39999999997727,210.00000000001364,12.4,9.999999999990905,187.60000000002273,1.8760000000006538,False,0.509857769016797,9,50508.56000000038,"F (partida 0,10 / 2R)"
MGC,london,2020-01-30,F,0.1,2.0,-1,2020-01-30 10:05:00+00:00,2020-01-30 10:05:00+00:00,2020-01-30 10:30:00+00:00,1578.3000000000002,1579.5,1575.9,1579.6,stop,8,1.199999999999818,113.91999999998545,-87.99999999999272,9.92,15.999999999985448,-113.91999999997817,-1.1866666666666192,False,-0.5677954047064859,10,50696.160000000404,"F (partida 0,10 / 2R)"
MGC,london,2020-02-07,F,0.1,2.0,1,2020-02-07 10:34:00+00:00,2020-02-07 10:34:00+00:00,2020-02-07 11:00:00+00:00,1572.8999999999999,1571.7,1575.3000000000002,1572.7,cierre_sesion,8,1.199999999999818,113.91999999998545,0.0,9.92,15.999999999985448,-25.91999999998545,-0.2699999999998894,False,1.5069761043194143,10,50582.24000000043,"F (partida 0,10 / 2R)"
MGC,london,2020-02-24,F,0.1,2.0,1,2020-02-24 09:02:00+00:00,2020-02-24 09:02:00+00:00,2020-02-24 10:06:00+00:00,1685.6999999999998,1682.7,1691.7,1682.6000000000001,stop,3,2.9999999999997726,96.71999999999316,-86.99999999999591,3.7199999999999998,5.999999999994543,-96.71999999999045,-1.074666666666642,False,1.061574504102532,9,50556.32000000044,"F (partida 0,10 / 2R)"
MGC,london,2020-02-28,F,0.1,2.0,-1,2020-02-28 09:40:00+00:00,2020-02-28 09:40:00+00:00,2020-02-28 09:42:00+00:00,1633.1000000000001,1634.6,1630.1000000000001,1634.6999999999998,stop,7,1.4999999999997726,120.67999999998408,-97.99999999999045,8.68,13.999999999987267,-120.67999999997772,-1.1493333333332953,False,-0.1381012481576691,9,50459.60000000045,"F (partida 0,10 / 2R)"
MGC,london,2020-02-28,F,0.1,2.0,-1,2020-02-28 10:25:00+00:00,2020-02-28 10:25:00+00:00,2020-02-28 10:37:00+00:00,1627.5,1628.8999999999999,1624.7,1628.9999999999998,stop,7,1.3999999999998636,113.67999999999046,-90.99999999999682,8.68,13.999999999987267,-113.67999999998409,-1.1599999999999506,False,-0.8095288656337134,10,50338.92000000047,"F (partida 0,10 / 2R)"
MGC,london,2020-03-03,F,0.1,2.0,1,2020-03-03 10:32:00+00:00,2020-03-03 10:32:00+00:00,2020-03-03 11:00:00+00:00,1599.3999999999999,1598.3000000000002,1601.6000000000001,1600.3000000000002,cierre_sesion,9,1.0999999999996817,119.15999999997135,99.00000000001228,11.16,17.99999999998363,69.84000000002865,0.705454545455039,False,0.6495046843202236,10,50225.240000000485,"F (partida 0,10 / 2R)"
MGC,london,2020-03-06,F,0.1,2.0,1,2020-03-06 09:27:00+00:00,2020-03-06 09:27:00+00:00,2020-03-06 09:30:00+00:00,1678.5,1677.5,1680.5,1677.4,stop,10,1.0,122.4,-90.0000000000091,12.4,19.99999999998181,-122.39999999999091,-1.2239999999999092,False,0.7526879864419526,9,50295.08000000051,"F (partida 0,10 / 2R)"
MGC,london,2020-03-09,F,0.1,2.0,-1,2020-03-09 09:04:00+00:00,2020-03-09 09:04:00+00:00,2020-03-09 09:05:00+00:00,1673.7,1675.3999999999999,1670.3000000000002,1670.3000000000002,objetivo,6,1.699999999999818,115.43999999998908,209.99999999998636,7.4399999999999995,5.999999999994543,196.55999999999182,1.9270588235295378,False,-1.1196514437070253,9,50172.68000000052,"F (partida 0,10 / 2R)"
MGC,london,2020-03-09,F,0.1,2.0,-1,2020-03-09 09:47:00+00:00,2020-03-09 09:47:00+00:00,2020-03-09 10:10:00+00:00,1665.1000000000001,1669.8,1655.7,1669.8999999999999,stop,2,4.699999999999818,98.47999999999637,-91.99999999999818,2.48,3.999999999996362,-98.47999999999455,-1.0476595744680677,False,-0.736693993658527,9,50369.24000000051,"F (partida 0,10 / 2R)"
MGC,london,2020-03-10,F,0.1,2.0,-1,2020-03-10 10:00:00+00:00,2020-03-10 10:00:00+00:00,2020-03-10 10:01:00+00:00,1658.6000000000001,1660.5,1654.8000000000002,1660.6,stop,5,1.8999999999998636,106.19999999999317,-89.99999999999773,6.2,9.999999999990905,-106.19999999998863,-1.117894736842066,False,-0.858084460438617,9,50270.76000000051,"F (partida 0,10 / 2R)"
MGC,london,2020-03-11,F,0.1,2.0,-1,2020-03-11 09:38:00+00:00,2020-03-11 09:38:00+00:00,2020-03-11 09:49:00+00:00,1658.4,1659.5,1656.2,1659.6,stop,9,1.099999999999909,119.15999999999181,-90.0,11.16,17.99999999998363,-119.15999999998363,-1.2036363636362977,False,-0.49875860850270703,9,50164.56000000052,"F (partida 0,10 / 2R)"
MGC,london,2020-03-11,F,0.1,2.0,1,2020-03-11 10:38:00+00:00,2020-03-11 10:38:00+00:00,2020-03-11 11:00:00+00:00,1663.3,1662.0,1665.9,1665.1000000000001,cierre_sesion,8,1.2999999999999545,121.91999999999636,160.0,9.92,15.999999999985448,134.08000000001456,1.2892307692309544,False,0.5876471161518799,10,50045.40000000054,"F (partida 0,10 / 2R)"
MGC,london,2020-03-13,F,0.1,2.0,1,2020-03-13 09:29:00+00:00,2020-03-13 09:29:00+00:00,2020-03-13 09:30:00+00:00,1586.6999999999998,1585.7,1588.7,1585.6000000000001,stop,10,0.9999999999997726,122.39999999997727,-89.99999999998636,12.4,19.99999999998181,-122.39999999996817,-1.22399999999996,False,0.243022821778799,9,50179.480000000556,"F (partida 0,10 / 2R)"
MGC,london,2020-03-13,F,0.1,2.0,1,2020-03-13 09:39:00+00:00,2020-03-13 09:39:00+00:00,2020-03-13 09:41:00+00:00,1587.0,1585.2,1590.6000000000001,1585.1000000000001,stop,6,1.7999999999999545,121.43999999999727,-102.00000000000273,7.4399999999999995,11.999999999989086,-121.43999999999181,-1.124444444444397,False,0.19325781311034504,9,50057.08000000059,"F (partida 0,10 / 2R)"
MGC,london,2020-03-16,F,0.1,2.0,-1,2020-03-16 10:05:00+00:00,2020-03-16 10:05:00+00:00,2020-03-16 10:13:00+00:00,1525.0,1526.8,1521.4,1521.4,objetivo,6,1.7999999999999545,121.43999999999727,221.9999999999891,7.4399999999999995,5.999999999994543,208.55999999999455,1.9311111111111094,False,-2.0151319497477176,10,49935.640000000596,"F (partida 0,10 / 2R)"
MGC,london,2020-03-17,F,0.1,2.0,-1,2020-03-17 09:33:00+00:00,2020-03-17 09:33:00+00:00,2020-03-17 09:33:00+00:00,1482.7,1484.0,1480.1000000000001,1480.1000000000001,objetivo,8,1.2999999999999545,121.91999999999636,215.99999999998545,9.92,7.999999999992724,198.07999999999274,1.9046153846153815,False,-0.18690682313903476,9,50144.200000000594,"F (partida 0,10 / 2R)"
MGC,london,2020-03-17,F,0.1,2.0,-1,2020-03-17 10:28:00+00:00,2020-03-17 10:28:00+00:00,2020-03-17 10:29:00+00:00,1472.1000000000001,1473.1,1470.1000000000001,1473.1999999999998,stop,10,0.9999999999997726,122.39999999997727,-89.99999999998636,12.4,19.99999999998181,-122.39999999996817,-1.22399999999996,False,-0.7733461842943091,10,50342.28000000059,"F (partida 0,10 / 2R)"
MGC,london,2020-03-18,F,0.1,2.0,-1,2020-03-18 09:10:00+00:00,2020-03-18 09:10:00+00:00,2020-03-18 09:22:00+00:00,1493.5,1496.3,1487.9,1496.3999999999999,stop,4,2.7999999999999545,120.95999999999817,-108.00000000000182,4.96,7.999999999992724,-120.95999999999454,-1.0799999999999688,False,-1.349925164914712,9,50219.88000000062,"F (partida 0,10 / 2R)"
MGC,london,2020-03-18,F,0.1,2.0,-1,2020-03-18 09:29:00+00:00,2020-03-18 09:29:00+00:00,2020-03-18 09:41:00+00:00,1492.2,1494.8,1487.0,1494.8999999999999,stop,4,2.599999999999909,112.95999999999636,-100.0,4.96,7.999999999992724,-112.95999999999272,-1.086153846153814,False,-0.41665996940023964,9,50098.92000000063,"F (partida 0,10 / 2R)"
MGC,london,2020-03-19,F,0.1,2.0,-1,2020-03-19 09:56:00+00:00,2020-03-19 09:56:00+00:00,2020-03-19 10:01:00+00:00,1481.8000000000002,1483.3,1478.8000000000002,1478.8000000000002,objetivo,7,1.4999999999997726,120.67999999998408,216.99999999999363,8.68,6.9999999999936335,201.32,1.917333333333624,False,-0.21631101780288745,9,49985.96000000064,"F (partida 0,10 / 2R)"
MGC,london,2020-03-19,F,0.1,2.0,-1,2020-03-19 10:41:00+00:00,2020-03-19 10:41:00+00:00,2020-03-19 10:42:00+00:00,1478.9,1480.1,1476.5,1480.1999999999998,stop,8,1.199999999999818,113.91999999998545,-87.99999999999272,9.92,15.999999999985448,-113.91999999997817,-1.1866666666666192,False,-0.5140281977008627,10,50187.28000000064,"F (partida 0,10 / 2R)"
MGC,london,2020-03-20,F,0.1,2.0,-1,2020-03-20 10:04:00+00:00,2020-03-20 10:04:00+00:00,2020-03-20 10:35:00+00:00,1506.1000000000001,1511.1,1496.1000000000001,1511.1999999999998,stop,2,4.999999999999773,104.47999999999546,-97.99999999999727,2.48,3.999999999996362,-104.47999999999364,-1.044799999999984,False,-0.2905490670932526,10,50073.36000000066,"F (partida 0,10 / 2R)"
MGC,london,2020-03-23,F,0.1,2.0,1,2020-03-23 09:27:00+00:00,2020-03-23 09:27:00+00:00,2020-03-23 09:28:00+00:00,1496.3999999999999,1495.4,1498.4,1495.3000000000002,stop,10,0.9999999999997726,122.39999999997727,-89.99999999998636,12.4,19.99999999998181,-122.39999999996817,-1.22399999999996,False,1.2409480547614753,9,49968.88000000067,"F (partida 0,10 / 2R)"
MGC,london,2020-03-24,F,0.1,2.0,1,2020-03-24 09:03:00+00:00,2020-03-24 09:03:00+00:00,2020-03-24 09:11:00+00:00,1621.6999999999998,1620.0,1625.1000000000001,1619.9,stop,6,1.699999999999818,115.43999999998908,-95.99999999999454,7.4399999999999995,11.999999999989086,-115.43999999998363,-1.1317647058823135,False,0.9506265319738538,9,49846.4800000007,"F (partida 0,10 / 2R)"
MGC,london,2020-03-24,F,0.1,2.0,1,2020-03-24 09:23:00+00:00,2020-03-24 09:23:00+00:00,2020-03-24 09:23:00+00:00,1622.0,1620.9,1624.2,1620.8000000000002,stop,9,1.099999999999909,119.15999999999181,-90.0,11.16,17.99999999998363,-119.15999999998363,-1.2036363636362977,False,0.5858959933326094,9,49731.04000000072,"F (partida 0,10 / 2R)"
MGC,london,2020-03-25,F,0.1,2.0,1,2020-03-25 09:18:00+00:00,2020-03-25 09:18:00+00:00,2020-03-25 09:31:00+00:00,1654.1,1650.6000000000001,1661.1000000000001,1650.5000000000002,stop,3,3.4999999999997726,111.71999999999318,-101.99999999999591,3.7199999999999998,5.999999999994543,-111.71999999999045,-1.063999999999978,False,0.38505740536909167,9,49611.88000000074,"F (partida 0,10 / 2R)"
MGC,london,2020-03-25,F,0.1,2.0,1,2020-03-25 10:36:00+00:00,2020-03-25 10:36:00+00:00,2020-03-25 10:36:00+00:00,1656.5,1655.4,1658.7,1655.3000000000002,stop,9,1.099999999999909,119.15999999999181,-90.0,11.16,17.99999999998363,-119.15999999998363,-1.2036363636362977,False,0.30688922700481797,10,49500.160000000746,"F (partida 0,10 / 2R)"
MGC,london,2020-03-26,F,0.1,2.0,-1,2020-03-26 08:43:00+00:00,2020-03-26 08:43:00+00:00,2020-03-26 08:53:00+00:00,1618.7,1619.6999999999998,1616.7,1619.7999999999997,stop,10,0.9999999999997726,122.39999999997727,-89.99999999998636,12.4,19.99999999998181,-122.39999999996817,-1.22399999999996,False,-0.7777810950772692,8,49381.000000000764,"F (partida 0,10 / 2R)"
MGC,london,2020-03-26,F,0.1,2.0,1,2020-03-26 09:38:00+00:00,2020-03-26 09:38:00+00:00,2020-03-26 09:46:00+00:00,1623.1999999999998,1621.2,1627.2,1627.2,objetivo,5,1.9999999999997726,111.19999999998862,205.00000000000682,6.2,4.9999999999954525,193.80000000001138,1.9380000000003341,False,0.41081382537931743,9,49258.6000000008,"F (partida 0,10 / 2R)"
MGC,london,2020-04-02,F,0.1,2.0,-1,2020-04-02 10:31:00+01:00,2020-04-02 10:31:00+01:00,2020-04-02 10:32:00+01:00,1600.8000000000002,1602.0,1598.4,1602.1,stop,8,1.199999999999818,113.91999999998545,-87.99999999999272,9.92,15.999999999985448,-113.91999999997817,-1.1866666666666192,False,-1.135987070913882,10,49452.40000000081,"F (partida 0,10 / 2R)"
MGC,london,2020-04-03,F,0.1,2.0,-1,2020-04-03 10:11:00+01:00,2020-04-03 10:11:00+01:00,2020-04-03 10:19:00+01:00,1625.9,1629.3999999999999,1618.9,1629.4999999999998,stop,3,3.4999999999997726,111.71999999999318,-101.99999999999591,3.7199999999999998,5.999999999994543,-111.71999999999045,-1.063999999999978,False,-1.0869792604354462,10,49338.48000000083,"F (partida 0,10 / 2R)"
MGC,london,2020-04-06,F,0.1,2.0,1,2020-04-06 10:31:00+01:00,2020-04-06 10:31:00+01:00,2020-04-06 10:33:00+01:00,1668.1999999999998,1667.0,1670.6000000000001,1666.9,stop,8,1.199999999999818,113.91999999998545,-87.99999999999272,9.92,15.999999999985448,-113.91999999997817,-1.1866666666666192,False,1.46888122914383,10,49226.76000000084,"F (partida 0,10 / 2R)"
MGC,london,2020-04-08,F,0.1,2.0,-1,2020-04-08 09:33:00+01:00,2020-04-08 09:33:00+01:00,2020-04-08 10:08:00+01:00,1685.5,1686.6999999999998,1683.1000000000001,1686.7999999999997,stop,8,1.199999999999818,113.91999999998545,-87.99999999999272,9.92,15.999999999985448,-113.91999999997817,-1.1866666666666192,False,-0.5511942887875323,9,49112.84000000086,"F (partida 0,10 / 2R)"
MGC,london,2020-04-09,F,0.1,2.0,1,2020-04-09 09:55:00+01:00,2020-04-09 09:55:00+01:00,2020-04-09 10:04:00+01:00,1700.5,1698.1000000000001,1705.3000000000002,1705.3000000000002,objetivo,4,2.3999999999998636,104.95999999999454,196.00000000000364,4.96,3.999999999996362,187.04000000000727,1.9483333333335198,False,0.558380825722044,9,48998.920000000886,"F (partida 0,10 / 2R)"
MGC,london,2020-04-13,F,0.1,2.0,1,2020-04-13 08:36:00+01:00,2020-04-13 08:36:00+01:00,2020-04-13 08:40:00+01:00,1745.8999999999999,1743.8000000000002,1750.1000000000001,1743.7000000000003,stop,5,2.0999999999996817,116.19999999998407,-99.99999999998863,6.2,9.999999999990905,-116.19999999997954,-1.1066666666666396,False,1.628304720609085,8,49185.960000000894,"F (partida 0,10 / 2R)"
MGC,london,2020-04-15,F,0.1,2.0,-1,2020-04-15 10:07:00+01:00,2020-04-15 10:07:00+01:00,2020-04-15 10:15:00+01:00,1734.9,1736.5,1731.7,1736.6,stop,6,1.599999999999909,109.43999999999454,-90.0,7.4399999999999995,11.999999999989086,-109.43999999998908,-1.139999999999951,False,-0.22565016030900067,10,49069.76000000091,"F (partida 0,10 / 2R)"
MGC,london,2020-04-17,F,0.1,2.0,-1,2020-04-17 09:54:00+01:00,2020-04-17 09:54:00+01:00,2020-04-17 09:54:00+01:00,1710.8000000000002,1711.8,1708.8000000000002,1711.8999999999999,stop,10,0.9999999999997726,122.39999999997727,-89.99999999998636,12.4,19.99999999998181,-122.39999999996817,-1.22399999999996,False,-0.2783773355249749,9,48960.320000000924,"F (partida 0,10 / 2R)"
MGC,london,2020-04-20,F,0.1,2.0,1,2020-04-20 10:31:00+01:00,2020-04-20 10:31:00+01:00,2020-04-20 10:32:00+01:00,1697.1,1696.1000000000001,1699.1000000000001,1696.0000000000002,stop,9,0.9999999999997726,110.15999999997953,-80.99999999998772,11.16,17.99999999998363,-110.15999999997135,-1.22399999999996,False,1.4460848294651183,10,48837.92000000096,"F (partida 0,10 / 2R)"
MGC,london,2020-04-20,F,0.1,2.0,1,2020-04-20 10:44:00+01:00,2020-04-20 10:44:00+01:00,2020-04-20 10:45:00+01:00,1697.3999999999999,1696.3000000000002,1699.6000000000001,1696.2000000000003,stop,9,1.0999999999996817,119.15999999997135,-89.99999999997954,11.16,17.99999999998363,-119.15999999996316,-1.2036363636363399,False,0.7353718130053984,10,48727.760000000984,"F (partida 0,10 / 2R)"
MGC,london,2020-04-21,F,0.1,2.0,1,2020-04-21 08:53:00+01:00,2020-04-21 08:53:00+01:00,2020-04-21 08:54:00+01:00,1716.6999999999998,1715.6000000000001,1718.9,1715.5000000000002,stop,9,1.0999999999996817,119.15999999997135,-89.99999999997954,11.16,17.99999999998363,-119.15999999996316,-1.2036363636363399,False,0.1653911142202583,8,48608.600000001024,"F (partida 0,10 / 2R)"
MGC,london,2020-04-21,F,0.1,2.0,-1,2020-04-21 09:59:00+01:00,2020-04-21 09:59:00+01:00,2020-04-21 10:00:00+01:00,1711.0,1712.1,1708.8000000000002,1712.1999999999998,stop,9,1.099999999999909,119.15999999999181,-90.0,11.16,17.99999999998363,-119.15999999998363,-1.2036363636362977,False,-0.441134548679621,9,48489.440000001065,"F (partida 0,10 / 2R)"
MGC,london,2020-04-22,F,0.1,2.0,1,2020-04-22 08:43:00+01:00,2020-04-22 08:43:00+01:00,2020-04-22 08:48:00+01:00,1712.3,1710.4,1716.1000000000001,1716.1000000000001,objetivo,5,1.8999999999998636,106.19999999999317,195.00000000000455,6.2,4.9999999999954525,183.8000000000091,1.934736842105498,False,2.3989977733210885,8,48370.28000000108,"F (partida 0,10 / 2R)"
MGC,london,2020-04-22,F,0.1,2.0,1,2020-04-22 09:50:00+01:00,2020-04-22 09:50:00+01:00,2020-04-22 09:55:00+01:00,1722.1999999999998,1721.0,1724.6000000000001,1720.9,stop,8,1.199999999999818,113.91999999998545,-87.99999999999272,9.92,15.999999999985448,-113.91999999997817,-1.1866666666666192,False,1.1071976728311583,9,48554.08000000109,"F (partida 0,10 / 2R)"
MGC,london,2020-04-24,F,0.1,2.0,-1,2020-04-24 09:33:00+01:00,2020-04-24 09:33:00+01:00,2020-04-24 09:34:00+01:00,1747.5,1748.8,1744.9,1748.8999999999999,stop,7,1.2999999999999545,106.67999999999682,-84.00000000000318,8.68,13.999999999987267,-106.67999999999046,-1.1723076923076285,False,-1.375481374296497,9,48440.16000000112,"F (partida 0,10 / 2R)"
MGC,london,2020-04-27,F,0.1,2.0,1,2020-04-27 09:22:00+01:00,2020-04-27 09:22:00+01:00,2020-04-27 09:27:00+01:00,1738.8,1737.2,1742.0,1737.1000000000001,stop,6,1.599999999999909,109.43999999999454,-90.0,7.4399999999999995,11.999999999989086,-109.43999999998908,-1.139999999999951,False,0.6647897838727936,9,48333.480000001124,"F (partida 0,10 / 2R)"
MGC,london,2020-04-28,F,0.1,2.0,1,2020-04-28 09:13:00+01:00,2020-04-28 09:13:00+01:00,2020-04-28 09:20:00+01:00,1715.6,1714.5,1717.8000000000002,1714.4,stop,9,1.099999999999909,119.15999999999181,-90.0,11.16,17.99999999998363,-119.15999999998363,-1.2036363636362977,False,0.25865178484011103,9,48224.040000001136,"F (partida 0,10 / 2R)"
MGC,london,2020-05-07,F,0.1,2.0,1,2020-05-07 10:01:00+01:00,2020-05-07 10:01:00+01:00,2020-05-07 10:06:00+01:00,1696.1,1694.7,1698.9,1694.6000000000001,stop,7,1.3999999999998636,113.67999999999046,-90.99999999999682,8.68,13.999999999987267,-113.67999999998409,-1.1599999999999506,False,0.7577669842876352,10,48104.880000001154,"F (partida 0,10 / 2R)"
MGC,london,2020-05-07,F,0.1,2.0,1,2020-05-07 10:13:00+01:00,2020-05-07 10:13:00+01:00,2020-05-07 10:16:00+01:00,1696.6,1694.9,1700.0,1700.0,objetivo,6,1.699999999999818,115.43999999998908,210.0,7.4399999999999995,5.999999999994543,196.56000000000546,1.9270588235296715,False,0.540790326135859,10,47991.20000000117,"F (partida 0,10 / 2R)"
MGC,london,2020-05-12,F,0.1,2.0,1,2020-05-12 09:06:00+01:00,2020-05-12 09:06:00+01:00,2020-05-12 09:17:00+01:00,1706.6999999999998,1705.7,1708.7,1708.7,objetivo,9,0.9999999999997726,110.15999999997953,189.00000000001228,11.16,8.999999999991815,168.84000000002047,1.876000000000654,False,2.1776752931860677,9,48187.76000000117,"F (partida 0,10 / 2R)"
MGC,london,2020-05-14,F,0.1,2.0,-1,2020-05-14 09:37:00+01:00,2020-05-14 09:37:00+01:00,2020-05-14 09:40:00+01:00,1722.6000000000001,1723.6,1720.6000000000001,1723.6999999999998,stop,9,0.9999999999997726,110.15999999997953,-80.99999999998772,11.16,17.99999999998363,-110.15999999997135,-1.22399999999996,False,-0.473586583907091,9,48356.60000000119,"F (partida 0,10 / 2R)"
MGC,london,2020-05-15,F,0.1,2.0,1,2020-05-15 08:43:00+01:00,2020-05-15 08:43:00+01:00,2020-05-15 08:45:00+01:00,1746.3,1745.1000000000001,1748.7,1748.7,objetivo,8,1.199999999999818,113.91999999998545,200.0,9.92,7.999999999992724,182.0800000000073,1.89666666666703,False,0.878176752414793,8,48246.44000000122,"F (partida 0,10 / 2R)"
MGC,london,2020-05-18,F,0.1,2.0,1,2020-05-18 09:01:00+01:00,2020-05-18 09:01:00+01:00,2020-05-18 09:07:00+01:00,1770.0,1769.0,1772.0,1772.0,objetivo,9,1.0,110.16,188.99999999999181,11.16,8.999999999991815,168.84,1.8760000000000001,False,0.4182575148289328,9,48428.52000000123,"F (partida 0,10 / 2R)"
MGC,london,2020-05-20,F,0.1,2.0,1,2020-05-20 08:47:00+01:00,2020-05-20 08:47:00+01:00,2020-05-20 08:48:00+01:00,1755.1999999999998,1753.4,1758.8000000000002,1753.3000000000002,stop,6,1.7999999999997272,121.43999999998363,-101.99999999998909,7.4399999999999995,11.999999999989086,-121.43999999997817,-1.1244444444444128,False,0.8054071143309882,8,48597.36000000122,"F (partida 0,10 / 2R)"
MGC,london,2020-05-21,F,0.1,2.0,-1,2020-05-21 10:31:00+01:00,2020-05-21 10:31:00+01:00,2020-05-21 10:31:00+01:00,1732.7,1733.8999999999999,1730.3000000000002,1733.9999999999998,stop,8,1.199999999999818,113.91999999998545,-87.99999999999272,9.92,15.999999999985448,-113.91999999997817,-1.1866666666666192,False,-0.6662911247507635,10,48475.92000000124,"F (partida 0,10 / 2R)"
MGC,london,2020-05-22,F,0.1,2.0,1,2020-05-22 09:34:00+01:00,2020-05-22 09:34:00+01:00,2020-05-22 09:59:00+01:00,1740.0,1738.2,1743.6000000000001,1738.1000000000001,stop,5,1.7999999999999545,101.19999999999771,-85.00000000000227,6.2,9.999999999990905,-101.19999999999318,-1.124444444444397,False,0.6484481015500244,9,48362.000000001266,"F (partida 0,10 / 2R)"
MGC,london,2020-06-01,F,0.1,2.0,-1,2020-06-01 09:01:00+01:00,2020-06-01 09:01:00+01:00,2020-06-01 09:01:00+01:00,1751.7,1752.8,1749.5,1752.8999999999999,stop,9,1.099999999999909,119.15999999999181,-90.0,11.16,17.99999999998363,-119.15999999998363,-1.2036363636362977,False,-2.0141767046025607,9,48260.800000001276,"F (partida 0,10 / 2R)"
MGC,london,2020-06-01,F,0.1,2.0,-1,2020-06-01 10:28:00+01:00,2020-06-01 10:28:00+01:00,2020-06-01 11:00:00+01:00,1748.1000000000001,1750.3999999999999,1743.5,1749.3999999999999,cierre_sesion,4,2.299999999999727,100.95999999998908,-43.99999999999636,4.96,7.999999999992724,-56.95999999998909,-0.6191304347825636,False,-0.6648774526297085,10,48141.640000001295,"F (partida 0,10 / 2R)"
MGC,london,2020-06-08,F,0.1,2.0,-1,2020-06-08 10:34:00+01:00,2020-06-08 10:34:00+01:00,2020-06-08 10:44:00+01:00,1696.5,1697.6,1694.3000000000002,1697.6999999999998,stop,9,1.099999999999909,119.15999999999181,-90.0,11.16,17.99999999998363,-119.15999999998363,-1.2036363636362977,False,-0.16752225705621743,10,48084.6800000013,"F (partida 0,10 / 2R)"
MGC,london,2020-06-11,F,0.1,2.0,-1,2020-06-11 10:31:00+01:00,2020-06-11 10:31:00+01:00,2020-06-11 11:00:00+01:00,1740.6000000000001,1741.6,1738.6000000000001,1741.3,cierre_sesion,9,0.9999999999997726,110.15999999997953,-45.0,11.16,17.99999999998363,-74.15999999998363,-0.8240000000000054,False,-0.46867533150606927,10,47965.52000000132,"F (partida 0,10 / 2R)"
MGC,london,2020-06-15,F,0.1,2.0,1,2020-06-15 09:24:00+01:00,2020-06-15 09:24:00+01:00,2020-06-15 09:46:00+01:00,1726.6,1725.0,1729.8000000000002,1724.9,stop,6,1.599999999999909,109.43999999999454,-90.0,7.4399999999999995,11.999999999989086,-109.43999999998908,-1.139999999999951,False,0.6370652828996058,9,47891.36000000134,"F (partida 0,10 / 2R)"
MGC,london,2020-06-25,F,0.1,2.0,1,2020-06-25 08:35:00+01:00,2020-06-25 08:35:00+01:00,2020-06-25 08:59:00+01:00,1778.1999999999998,1776.9,1780.8000000000002,1776.8000000000002,stop,7,1.2999999999997272,106.67999999998091,-83.99999999998727,8.68,13.999999999987267,-106.67999999997454,-1.1723076923076585,False,0.590157043339032,8,47781.92000000135,"F (partida 0,10 / 2R)"
MGC,london,2020-06-30,F,0.1,2.0,-1,2020-06-30 09:04:00+01:00,2020-06-30 09:04:00+01:00,2020-06-30 10:03:00+01:00,1784.7,1785.8,1782.5,1782.5,objetivo,9,1.099999999999909,119.15999999999181,206.9999999999959,11.16,8.999999999991815,186.8400000000041,1.8872727272729246,False,-1.362587541500382,9,47675.24000000138,"F (partida 0,10 / 2R)"
MGC,london,2020-07-09,F,0.1,2.0,1,2020-07-09 09:26:00+01:00,2020-07-09 09:26:00+01:00,2020-07-09 10:30:00+01:00,1823.3999999999999,1821.9,1826.4,1821.8000000000002,stop,6,1.4999999999997726,103.43999999998636,-83.99999999999181,7.4399999999999995,11.999999999989086,-103.4399999999809,-1.1493333333332953,False,1.1268726581428363,9,47862.080000001384,"F (partida 0,10 / 2R)"
MGC,london,2020-07-10,F,0.1,2.0,1,2020-07-10 09:01:00+01:00,2020-07-10 09:01:00+01:00,2020-07-10 09:13:00+01:00,1806.5,1804.9,1809.7,1809.7,objetivo,6,1.599999999999909,109.43999999999454,197.99999999999727,7.4399999999999995,5.999999999994543,184.56000000000273,1.9225000000001378,False,2.74926289425559,9,47758.640000001404,"F (partida 0,10 / 2R)"
MGC,london,2020-07-23,F,0.1,2.0,-1,2020-07-23 08:52:00+01:00,2020-07-23 08:52:00+01:00,2020-07-23 08:56:00+01:00,1874.4,1875.8999999999999,1871.4,1875.9999999999998,stop,6,1.4999999999997726,103.43999999998636,-83.99999999999181,7.4399999999999995,11.999999999989086,-103.4399999999809,-1.1493333333332953,False,-0.6719455134691082,8,47943.20000000141,"F (partida 0,10 / 2R)"
MGC,london,2020-07-27,F,0.1,2.0,1,2020-07-27 08:32:00+01:00,2020-07-27 08:32:00+01:00,2020-07-27 08:35:00+01:00,1931.6999999999998,1930.2,1934.7,1930.1000000000001,stop,6,1.4999999999997726,103.43999999998636,-83.99999999999181,7.4399999999999995,11.999999999989086,-103.4399999999809,-1.1493333333332953,False,1.5278456083720677,8,47839.76000000143,"F (partida 0,10 / 2R)"
MGC,london,2020-07-27,F,0.1,2.0,-1,2020-07-27 09:00:00+01:00,2020-07-27 09:00:00+01:00,2020-07-27 09:01:00+01:00,1928.4,1929.5,1926.2,1929.6,stop,9,1.099999999999909,119.15999999999181,-90.0,11.16,17.99999999998363,-119.15999999998363,-1.2036363636362977,False,-0.6335817287746597,8,47736.32000000145,"F (partida 0,10 / 2R)"
MGC,london,2020-07-29,F,0.1,2.0,1,2020-07-29 08:42:00+01:00,2020-07-29 08:42:00+01:00,2020-07-29 08:46:00+01:00,1959.1,1956.5,1964.3000000000002,1956.4,stop,4,2.599999999999909,112.95999999999636,-100.0,4.96,7.999999999992724,-112.95999999999272,-1.086153846153814,False,0.4331500586770597,8,47617.160000001466,"F (partida 0,10 / 2R)"
MGC,london,2020-08-04,F,0.1,2.0,-1,2020-08-04 10:18:00+01:00,2020-08-04 10:18:00+01:00,2020-08-04 10:26:00+01:00,1992.0,1993.8999999999999,1988.2,1993.9999999999998,stop,5,1.8999999999998636,106.19999999999317,-89.99999999999773,6.2,9.999999999990905,-106.19999999998863,-1.117894736842066,False,-0.10101284508057552,10,47504.200000001474,"F (partida 0,10 / 2R)"
MGC,london,2020-08-07,F,0.1,2.0,1,2020-08-07 09:14:00+01:00,2020-08-07 09:14:00+01:00,2020-08-07 09:20:00+01:00,2072.1,2071.1,2074.1,2071.0,stop,9,1.0,110.16,-81.00000000000819,11.16,17.99999999998363,-110.15999999999181,-1.223999999999909,False,1.418443056188167,9,47398.000000001484,"F (partida 0,10 / 2R)"
MGC,london,2020-08-10,F,0.1,2.0,1,2020-08-10 10:04:00+01:00,2020-08-10 10:04:00+01:00,2020-08-10 10:30:00+01:00,2043.5,2042.5,2045.5,2042.4,stop,9,1.0,110.16,-81.00000000000819,11.16,17.99999999998363,-110.15999999999181,-1.223999999999909,False,0.2707875060581546,10,47287.840000001495,"F (partida 0,10 / 2R)"
MGC,london,2020-08-11,F,0.1,2.0,-1,2020-08-11 09:47:00+01:00,2020-08-11 09:47:00+01:00,2020-08-11 09:48:00+01:00,1995.3000000000002,1996.3999999999999,1993.1000000000001,1996.4999999999998,stop,8,1.0999999999996817,105.91999999997454,-79.99999999998181,9.92,15.999999999985448,-105.91999999996726,-1.2036363636363399,False,-1.3746728714842653,9,47177.68000000151,"F (partida 0,10 / 2R)"
MGC,london,2020-08-17,F,0.1,2.0,-1,2020-08-17 10:00:00+01:00,2020-08-17 10:00:00+01:00,2020-08-17 10:21:00+01:00,1959.8000000000002,1961.8,1955.8000000000002,1961.8999999999999,stop,5,1.9999999999997726,111.19999999998862,-94.99999999999318,6.2,9.999999999990905,-111.19999999998409,-1.1119999999999672,False,-0.4001330636808824,9,47071.76000000154,"F (partida 0,10 / 2R)"
MGC,london,2020-08-18,F,0.1,2.0,1,2020-08-18 09:02:00+01:00,2020-08-18 09:02:00+01:00,2020-08-18 09:07:00+01:00,2015.6999999999998,2014.2,2018.7,2014.1000000000001,stop,6,1.4999999999997726,103.43999999998636,-83.99999999999181,7.4399999999999995,11.999999999989086,-103.4399999999809,-1.1493333333332953,False,2.610438492422002,9,46960.560000001555,"F (partida 0,10 / 2R)"
MGC,london,2020-08-19,F,0.1,2.0,1,2020-08-19 09:17:00+01:00,2020-08-19 09:17:00+01:00,2020-08-19 09:54:00+01:00,1997.5,1995.3000000000002,2001.9,2001.9,objetivo_hueco,4,2.199999999999818,96.95999999999272,180.0,4.96,3.999999999996362,171.04000000000363,1.9436363636365657,False,0.4816553477245343,9,46857.120000001574,"F (partida 0,10 / 2R)"
MGC,london,2020-08-19,F,0.1,2.0,1,2020-08-19 10:20:00+01:00,2020-08-19 10:20:00+01:00,2020-08-19 10:22:00+01:00,2002.6,2001.5,2004.8000000000002,2001.4,stop,8,1.099999999999909,105.91999999999273,-80.0,9.92,15.999999999985448,-105.91999999998545,-1.203636363636298,False,1.681628337835968,10,47028.160000001575,"F (partida 0,10 / 2R)"
MGC,london,2020-08-21,F,0.1,2.0,-1,2020-08-21 10:15:00+01:00,2020-08-21 10:15:00+01:00,2020-08-21 10:15:00+01:00,1938.2,1939.5,1935.6000000000001,1939.6,stop,7,1.2999999999999545,106.67999999999682,-84.00000000000318,8.68,13.999999999987267,-106.67999999999046,-1.1723076923076285,False,-0.6251383718815451,10,46922.24000000159,"F (partida 0,10 / 2R)"
MGC,london,2020-08-21,F,0.1,2.0,-1,2020-08-21 10:40:00+01:00,2020-08-21 10:40:00+01:00,2020-08-21 10:40:00+01:00,1938.9,1940.3,1936.1000000000001,1940.3999999999999,stop,7,1.3999999999998636,113.67999999999046,-90.99999999999682,8.68,13.999999999987267,-113.67999999998409,-1.1599999999999506,False,-0.43995573936484167,10,46815.5600000016,"F (partida 0,10 / 2R)"
MGC,london,2020-08-24,F,0.1,2.0,1,2020-08-24 08:53:00+01:00,2020-08-24 08:53:00+01:00,2020-08-24 08:58:00+01:00,1953.8,1952.2,1957.0,1952.1000000000001,stop,6,1.599999999999909,109.43999999999454,-90.0,7.4399999999999995,11.999999999989086,-109.43999999998908,-1.139999999999951,False,2.5709292166954123,8,46701.88000000161,"F (partida 0,10 / 2R)"
MGC,london,2020-08-25,F,0.1,2.0,1,2020-08-25 08:53:00+01:00,2020-08-25 08:53:00+01:00,2020-08-25 09:08:00+01:00,1940.8,1939.1000000000001,1944.2,1939.0000000000002,stop,6,1.699999999999818,115.43999999998908,-95.99999999999454,7.4399999999999995,11.999999999989086,-115.43999999998363,-1.1317647058823135,False,0.14387720480587235,8,46592.440000001625,"F (partida 0,10 / 2R)"
MGC,london,2020-08-25,F,0.1,2.0,-1,2020-08-25 09:41:00+01:00,2020-08-25 09:41:00+01:00,2020-08-25 10:45:00+01:00,1932.1000000000001,1934.3999999999999,1927.5,1927.5,objetivo,4,2.299999999999727,100.95999999998908,188.00000000000182,4.96,3.999999999996362,179.04000000000545,1.9460869565220291,False,-2.5299730855836615,9,46477.000000001644,"F (partida 0,10 / 2R)"
MGC,london,2020-08-27,F,0.1,2.0,1,2020-08-27 09:30:00+01:00,2020-08-27 09:30:00+01:00,2020-08-27 09:40:00+01:00,1954.3,1952.8000000000002,1957.3000000000002,1952.7000000000003,stop,6,1.4999999999997726,103.43999999998636,-83.99999999999181,7.4399999999999995,11.999999999989086,-103.4399999999809,-1.1493333333332953,False,0.6115386998724744,9,46656.04000000165,"F (partida 0,10 / 2R)"
MGC,london,2020-08-27,F,0.1,2.0,-1,2020-08-27 10:19:00+01:00,2020-08-27 10:19:00+01:00,2020-08-27 10:23:00+01:00,1948.3000000000002,1949.8,1945.3000000000002,1949.8999999999999,stop,6,1.4999999999997726,103.43999999998636,-83.99999999999181,7.4399999999999995,11.999999999989086,-103.4399999999809,-1.1493333333332953,False,-0.7192962189704538,10,46552.60000000167,"F (partida 0,10 / 2R)"
MGC,london,2020-08-28,F,0.1,2.0,1,2020-08-28 10:36:00+01:00,2020-08-28 10:36:00+01:00,2020-08-28 10:37:00+01:00,1967.3999999999999,1966.4,1969.4,1966.3000000000002,stop,9,0.9999999999997726,110.15999999997953,-80.99999999998772,11.16,17.99999999998363,-110.15999999997135,-1.22399999999996,False,1.3550664785650335,10,46449.16000000169,"F (partida 0,10 / 2R)"
MGC,london,2020-08-31,F,0.1,2.0,-1,2020-08-31 09:05:00+01:00,2020-08-31 09:05:00+01:00,2020-08-31 09:06:00+01:00,1964.3000000000002,1965.3999999999999,1962.1000000000001,1965.4999999999998,stop,8,1.0999999999996817,105.91999999997454,-79.99999999998181,9.92,15.999999999985448,-105.91999999996726,-1.2036363636363399,False,-1.765817456662769,9,46339.00000000172,"F (partida 0,10 / 2R)"
MGC,london,2020-09-04,F,0.1,2.0,1,2020-09-04 08:53:00+01:00,2020-09-04 08:53:00+01:00,2020-09-04 08:59:00+01:00,1943.3999999999999,1942.1000000000001,1946.0,1942.0000000000002,stop,7,1.2999999999997272,106.67999999998091,-83.99999999998727,8.68,13.999999999987267,-106.67999999997454,-1.1723076923076585,False,0.6664687072542969,8,46233.08000000175,"F (partida 0,10 / 2R)"
MGC,london,2020-09-04,F,0.1,2.0,1,2020-09-04 10:28:00+01:00,2020-09-04 10:28:00+01:00,2020-09-04 10:28:00+01:00,1947.1,1946.0,1949.3000000000002,1945.9,stop,8,1.099999999999909,105.91999999999273,-80.0,9.92,15.999999999985448,-105.91999999998545,-1.203636363636298,False,1.1973902880446394,10,46126.40000000178,"F (partida 0,10 / 2R)"
MGC,london,2020-09-08,F,0.1,2.0,1,2020-09-08 08:53:00+01:00,2020-09-08 08:53:00+01:00,2020-09-08 08:57:00+01:00,1939.1999999999998,1937.7,1942.2,1937.6000000000001,stop,6,1.4999999999997726,103.43999999998636,-83.99999999999181,7.4399999999999995,11.999999999989086,-103.4399999999809,-1.1493333333332953,False,0.3462775040959892,8,46020.48000000179,"F (partida 0,10 / 2R)"
MGC,london,2020-09-08,F,0.1,2.0,1,2020-09-08 09:01:00+01:00,2020-09-08 09:01:00+01:00,2020-09-08 09:01:00+01:00,1938.8,1937.8000000000002,1940.8000000000002,1937.7000000000003,stop,9,0.9999999999997726,110.15999999997953,-80.99999999998772,11.16,17.99999999998363,-110.15999999997135,-1.22399999999996,False,0.29931359938687563,9,45917.04000000181,"F (partida 0,10 / 2R)"
MGC,london,2020-09-09,F,0.1,2.0,1,2020-09-09 08:32:00+01:00,2020-09-09 08:32:00+01:00,2020-09-09 08:36:00+01:00,1936.1,1935.0,1938.3000000000002,1938.3000000000002,objetivo,8,1.099999999999909,105.91999999999273,184.00000000001455,9.92,7.999999999992724,166.08000000002184,1.8872727272731316,False,0.1077700566252239,8,45806.88000000184,"F (partida 0,10 / 2R)"
MGC,london,2020-09-11,F,0.1,2.0,1,2020-09-11 09:37:00+01:00,2020-09-11 09:37:00+01:00,2020-09-11 09:45:00+01:00,1951.3999999999999,1950.4,1953.4,1953.4,objetivo,9,0.9999999999997726,110.15999999997953,189.00000000001228,11.16,8.999999999991815,168.84000000002047,1.876000000000654,False,0.31799827297159833,9,45972.96000000186,"F (partida 0,10 / 2R)"
MGC,london,2020-09-11,F,0.1,2.0,1,2020-09-11 10:42:00+01:00,2020-09-11 10:42:00+01:00,2020-09-11 11:00:00+01:00,1954.0,1952.9,1956.2,1954.7,cierre_sesion,8,1.099999999999909,105.91999999999273,71.99999999998909,9.92,15.999999999985448,46.080000000003636,0.5236363636364483,False,0.46595850157527824,10,46141.80000000188,"F (partida 0,10 / 2R)"
MGC,london,2020-09-14,F,0.1,2.0,-1,2020-09-14 09:19:00+01:00,2020-09-14 09:19:00+01:00,2020-09-14 09:36:00+01:00,1953.4,1954.5,1951.2,1954.6,stop,8,1.099999999999909,105.91999999999273,-80.0,9.92,15.999999999985448,-105.91999999998545,-1.203636363636298,False,-0.834109036843365,9,46187.88000000188,"F (partida 0,10 / 2R)"
MGC,london,2020-09-16,F,0.1,2.0,1,2020-09-16 09:12:00+01:00,2020-09-16 09:12:00+01:00,2020-09-16 09:14:00+01:00,1974.1,1973.1000000000001,1976.1000000000001,1976.1000000000001,objetivo,9,0.9999999999997726,110.15999999997953,189.00000000001228,11.16,8.999999999991815,168.84000000002047,1.876000000000654,False,0.47002891987235046,9,46081.9600000019,"F (partida 0,10 / 2R)"
MGC,london,2020-09-17,F,0.1,2.0,-1,2020-09-17 09:06:00+01:00,2020-09-17 09:06:00+01:00,2020-09-17 09:26:00+01:00,1949.2,1950.8,1946.0,1950.8999999999999,stop,6,1.599999999999909,109.43999999999454,-90.0,7.4399999999999995,11.999999999989086,-109.43999999998908,-1.139999999999951,False,-0.6939780760731814,9,46250.80000000192,"F (partida 0,10 / 2R)"
MGC,london,2020-09-22,F,0.1,2.0,-1,2020-09-22 08:55:00+01:00,2020-09-22 08:55:00+01:00,2020-09-22 08:55:00+01:00,1902.3000000000002,1905.1,1896.7,1905.1999999999998,stop,3,2.799999999999727,90.71999999999181,-80.99999999999454,3.7199999999999998,5.999999999994543,-90.71999999998908,-1.0799999999999752,False,-2.440387664491081,8,46141.36000000193,"F (partida 0,10 / 2R)"
MGC,london,2020-09-23,F,0.1,2.0,-1,2020-09-23 09:03:00+01:00,2020-09-23 09:03:00+01:00,2020-09-23 09:16:00+01:00,1879.7,1881.8,1875.5,1881.8999999999999,stop,4,2.099999999999909,92.95999999999636,-80.0,4.96,7.999999999992724,-92.95999999999272,-1.1066666666666278,False,-1.4091364192381486,9,46050.64000000194,"F (partida 0,10 / 2R)"
MGC,london,2020-09-23,F,0.1,2.0,-1,2020-09-23 09:31:00+01:00,2020-09-23 09:31:00+01:00,2020-09-23 09:32:00+01:00,1880.3000000000002,1881.3999999999999,1878.1000000000001,1881.4999999999998,stop,8,1.0999999999996817,105.91999999997454,-79.99999999998181,9.92,15.999999999985448,-105.91999999996726,-1.2036363636363399,False,-0.8246988983944141,9,45957.68000000195,"F (partida 0,10 / 2R)"
MGC,london,2020-09-24,F,0.1,2.0,-1,2020-09-24 10:29:00+01:00,2020-09-24 10:29:00+01:00,2020-09-24 10:35:00+01:00,1855.0,1856.3999999999999,1852.2,1852.2,objetivo,7,1.3999999999998636,113.67999999999046,202.99999999999045,8.68,6.9999999999936335,187.3199999999968,1.9114285714287251,False,-0.8138255363306115,10,45851.76000000198,"F (partida 0,10 / 2R)"
MGC,london,2020-09-25,F,0.1,2.0,-1,2020-09-25 10:02:00+01:00,2020-09-25 10:02:00+01:00,2020-09-25 10:08:00+01:00,1873.4,1874.6,1871.0,1874.6999999999998,stop,8,1.199999999999818,113.91999999998545,-87.99999999999272,9.92,15.999999999985448,-113.91999999997817,-1.1866666666666192,False,-0.29649970122697455,10,46039.08000000198,"F (partida 0,10 / 2R)"
MGC,london,2020-09-25,F,0.1,2.0,-1,2020-09-25 10:30:00+01:00,2020-09-25 10:30:00+01:00,2020-09-25 10:42:00+01:00,1874.3000000000002,1875.3999999999999,1872.1000000000001,1872.1000000000001,objetivo,8,1.0999999999996817,105.91999999997454,183.99999999999636,9.92,7.999999999992724,166.08000000000365,1.887272727273315,False,-0.22388415735284747,10,45925.160000002004,"F (partida 0,10 / 2R)"
MGC,london,2020-09-28,F,0.1,2.0,-1,2020-09-28 09:47:00+01:00,2020-09-28 09:47:00+01:00,2020-09-28 10:17:00+01:00,1852.4,1857.3999999999999,1842.4,1857.4999999999998,stop,2,4.999999999999773,104.47999999999546,-97.99999999999727,2.48,3.999999999996362,-104.47999999999364,-1.044799999999984,False,-1.6715519850582903,9,46091.240000002006,"F (partida 0,10 / 2R)"
MGC,london,2020-09-29,F,0.1,2.0,1,2020-09-29 08:53:00+01:00,2020-09-29 08:53:00+01:00,2020-09-29 09:02:00+01:00,1887.6,1886.5,1889.8000000000002,1886.4,stop,8,1.099999999999909,105.91999999999273,-80.0,9.92,15.999999999985448,-105.91999999998545,-1.203636363636298,False,0.12428368550774624,8,45986.76000000201,"F (partida 0,10 / 2R)"
MGC,london,2020-09-30,F,0.1,2.0,-1,2020-09-30 09:43:00+01:00,2020-09-30 09:43:00+01:00,2020-09-30 10:11:00+01:00,1890.2,1891.8999999999999,1886.8000000000002,1886.8000000000002,objetivo,5,1.699999999999818,96.1999999999909,174.99999999998863,6.2,4.9999999999954525,163.7999999999932,1.9270588235295378,False,-0.20078598473055784,9,45880.84000000203,"F (partida 0,10 / 2R)"
MGC,london,2020-09-30,F,0.1,2.0,-1,2020-09-30 10:29:00+01:00,2020-09-30 10:29:00+01:00,2020-09-30 10:31:00+01:00,1886.6000000000001,1887.6999999999998,1884.4,1887.7999999999997,stop,8,1.0999999999996817,105.91999999997454,-79.99999999998181,9.92,15.999999999985448,-105.91999999996726,-1.2036363636363399,False,-1.5011588848605162,10,46044.64000000202,"F (partida 0,10 / 2R)"
MGC,london,2020-10-01,F,0.1,2.0,-1,2020-10-01 09:29:00+01:00,2020-10-01 09:29:00+01:00,2020-10-01 09:38:00+01:00,1901.0,1902.0,1899.0,1899.0,objetivo,9,1.0,110.16,188.99999999999181,11.16,8.999999999991815,168.84,1.8760000000000001,False,-0.32732329332945037,9,45938.72000000205,"F (partida 0,10 / 2R)"
MGC,london,2020-10-02,F,0.1,2.0,-1,2020-10-02 09:01:00+01:00,2020-10-02 09:01:00+01:00,2020-10-02 09:03:00+01:00,1914.4,1915.8,1911.6000000000001,1915.8999999999999,stop,7,1.3999999999998636,113.67999999999046,-90.99999999999682,8.68,13.999999999987267,-113.67999999998409,-1.1599999999999506,False,-1.3252915127956029,9,46107.56000000205,"F (partida 0,10 / 2R)"
MGC,london,2020-10-02,F,0.1,2.0,-1,2020-10-02 09:07:00+01:00,2020-10-02 09:07:00+01:00,2020-10-02 09:14:00+01:00,1915.4,1916.5,1913.2,1916.6,stop,8,1.099999999999909,105.91999999999273,-80.0,9.92,15.999999999985448,-105.91999999998545,-1.203636363636298,False,-1.163733521651246,9,45993.880000002064,"F (partida 0,10 / 2R)"
MGC,london,2020-10-14,F,0.1,2.0,-1,2020-10-14 08:31:00+01:00,2020-10-14 08:31:00+01:00,2020-10-14 08:37:00+01:00,1898.0,1899.1,1895.8000000000002,1899.1999999999998,stop,8,1.099999999999909,105.91999999999273,-80.0,9.92,15.999999999985448,-105.91999999998545,-1.203636363636298,False,-2.8434645537216348,8,45887.96000000208,"F (partida 0,10 / 2R)"
MGC,london,2020-10-19,F,0.1,2.0,1,2020-10-19 08:44:00+01:00,2020-10-19 08:44:00+01:00,2020-10-19 08:59:00+01:00,1914.3,1912.9,1917.1000000000001,1912.8000000000002,stop,7,1.3999999999998636,113.67999999999046,-90.99999999999682,8.68,13.999999999987267,-113.67999999998409,-1.1599999999999506,False,0.9377238704247957,8,45782.040000002096,"F (partida 0,10 / 2R)"
MGC,london,2020-10-19,F,0.1,2.0,1,2020-10-19 10:29:00+01:00,2020-10-19 10:29:00+01:00,2020-10-19 10:30:00+01:00,1915.1,1914.1000000000001,1917.1000000000001,1914.0000000000002,stop,9,0.9999999999997726,110.15999999997953,-80.99999999998772,11.16,17.99999999998363,-110.15999999997135,-1.22399999999996,False,0.2047443731146921,10,45668.36000000211,"F (partida 0,10 / 2R)"
MGC,london,2020-10-21,F,0.1,2.0,-1,2020-10-21 10:30:00+01:00,2020-10-21 10:30:00+01:00,2020-10-21 10:30:00+01:00,1919.6000000000001,1921.1,1916.6000000000001,1921.1999999999998,stop,6,1.4999999999997726,103.43999999998636,-83.99999999999181,7.4399999999999995,11.999999999989086,-103.4399999999809,-1.1493333333332953,False,-0.7649502744634501,10,45558.200000002136,"F (partida 0,10 / 2R)"
MGC,london,2020-10-23,F,0.1,2.0,1,2020-10-23 09:14:00+01:00,2020-10-23 09:14:00+01:00,2020-10-23 09:43:00+01:00,1911.8999999999999,1910.4,1914.9,1914.9,objetivo,6,1.4999999999997726,103.43999999998636,186.00000000000819,7.4399999999999995,5.999999999994543,172.56000000001364,1.9173333333337756,False,0.7737736717169226,9,45454.760000002156,"F (partida 0,10 / 2R)"
MGC,london,2020-10-29,F,0.1,2.0,-1,2020-10-29 08:36:00+00:00,2020-10-29 08:36:00+00:00,2020-10-29 09:01:00+00:00,1877.6000000000001,1879.1,1874.6000000000001,1879.1999999999998,stop,6,1.4999999999997726,103.43999999998636,-83.99999999999181,7.4399999999999995,11.999999999989086,-103.4399999999809,-1.1493333333332953,False,-2.3760158043321735,8,45627.32000000217,"F (partida 0,10 / 2R)"
MGC,london,2020-10-29,F,0.1,2.0,-1,2020-10-29 10:33:00+00:00,2020-10-29 10:33:00+00:00,2020-10-29 10:35:00+00:00,1876.7,1877.6999999999998,1874.7,1877.7999999999997,stop,9,0.9999999999997726,110.15999999997953,-80.99999999998772,11.16,17.99999999998363,-110.15999999997135,-1.22399999999996,False,-0.6727499299137518,10,45523.88000000219,"F (partida 0,10 / 2R)"
MGC,london,2020-11-04,F,0.1,2.0,1,2020-11-04 09:07:00+00:00,2020-11-04 09:07:00+00:00,2020-11-04 09:17:00+00:00,1895.1,1893.6000000000001,1898.1000000000001,1893.5000000000002,stop,6,1.4999999999997726,103.43999999998636,-83.99999999999181,7.4399999999999995,11.999999999989086,-103.4399999999809,-1.1493333333332953,False,1.0086118504312465,9,45413.72000000221,"F (partida 0,10 / 2R)"
MGC,london,2020-11-10,F,0.1,2.0,-1,2020-11-10 10:44:00+00:00,2020-11-10 10:44:00+00:00,2020-11-10 10:51:00+00:00,1871.3000000000002,1872.5,1868.9,1868.9,objetivo,7,1.199999999999818,99.67999999998727,175.0,8.68,6.9999999999936335,159.32000000000636,1.89666666666703,False,-1.5838581911930087,10,45310.28000000223,"F (partida 0,10 / 2R)"
MGC,london,2020-11-13,F,0.1,2.0,1,2020-11-13 08:33:00+00:00,2020-11-13 08:33:00+00:00,2020-11-13 08:43:00+00:00,1879.0,1877.9,1881.2,1877.8000000000002,stop,8,1.099999999999909,105.91999999999273,-80.0,9.92,15.999999999985448,-105.91999999998545,-1.203636363636298,False,0.18018976323047134,8,45469.60000000224,"F (partida 0,10 / 2R)"
MGC,london,2020-11-16,F,0.1,2.0,1,2020-11-16 10:00:00+00:00,2020-11-16 10:00:00+00:00,2020-11-16 10:03:00+00:00,1892.5,1891.5,1894.5,1891.4,stop,9,1.0,110.16,-81.00000000000819,11.16,17.99999999998363,-110.15999999999181,-1.223999999999909,False,0.12301346734677847,9,45363.680000002256,"F (partida 0,10 / 2R)"
MGC,london,2020-11-20,F,0.1,2.0,-1,2020-11-20 09:26:00+00:00,2020-11-20 09:26:00+00:00,2020-11-20 09:28:00+00:00,1864.8000000000002,1866.1999999999998,1862.0,1866.2999999999997,stop,6,1.3999999999996362,97.43999999997818,-77.99999999998363,7.4399999999999995,11.999999999989086,-97.43999999997271,-1.1599999999999766,False,-0.10862110350925062,9,45253.52000000227,"F (partida 0,10 / 2R)"
MGC,london,2020-11-20,F,0.1,2.0,-1,2020-11-20 09:37:00+00:00,2020-11-20 09:37:00+00:00,2020-11-20 09:59:00+00:00,1865.0,1866.0,1863.0,1866.1,stop_hueco,9,1.0,110.16,-81.00000000000819,11.16,17.99999999998363,-110.15999999999181,-1.223999999999909,False,-0.14529678877839744,9,45156.080000002294,"F (partida 0,10 / 2R)"
MGC,london,2020-11-24,F,0.1,2.0,-1,2020-11-24 08:54:00+00:00,2020-11-24 08:54:00+00:00,2020-11-24 08:55:00+00:00,1824.3000000000002,1825.5,1821.9,1821.9,objetivo,7,1.199999999999818,99.67999999998727,175.0,8.68,6.9999999999936335,159.32000000000636,1.89666666666703,False,-1.5010890219346866,8,45045.920000002305,"F (partida 0,10 / 2R)"
MGC,london,2020-11-24,F,0.1,2.0,-1,2020-11-24 09:52:00+00:00,2020-11-24 09:52:00+00:00,2020-11-24 10:06:00+00:00,1822.2,1823.1999999999998,1820.2,1820.2,objetivo,9,0.9999999999997726,110.15999999997953,188.99999999999181,11.16,8.999999999991815,168.84,1.8760000000004267,False,-0.43350732270826886,9,45205.24000000231,"F (partida 0,10 / 2R)"
MGC,london,2020-12-04,F,0.1,2.0,-1,2020-12-04 10:40:00+00:00,2020-12-04 10:40:00+00:00,2020-12-04 10:55:00+00:00,1842.9,1844.0,1840.7,1844.1,stop,8,1.099999999999909,105.91999999999273,-80.0,9.92,15.999999999985448,-105.91999999998545,-1.203636363636298,False,-0.40629861129517697,10,45374.08000000231,"F (partida 0,10 / 2R)"
MGC,london,2020-12-07,F,0.1,2.0,-1,2020-12-07 09:11:00+00:00,2020-12-07 09:11:00+00:00,2020-12-07 09:19:00+00:00,1830.7,1831.8999999999999,1828.3000000000002,1831.9999999999998,stop,7,1.199999999999818,99.67999999998727,-76.99999999999363,8.68,13.999999999987267,-99.67999999998091,-1.1866666666666192,False,-0.5991891295080403,9,45268.160000002325,"F (partida 0,10 / 2R)"
MGC,london,2020-12-07,F,0.1,2.0,1,2020-12-07 10:12:00+00:00,2020-12-07 10:12:00+00:00,2020-12-07 10:22:00+00:00,1834.6999999999998,1833.7,1836.7,1836.7,objetivo,9,0.9999999999997726,110.15999999997953,189.00000000001228,11.16,8.999999999991815,168.84000000002047,1.876000000000654,False,0.17930112339421592,10,45168.480000002346,"F (partida 0,10 / 2R)"
MGC,london,2020-12-08,F,0.1,2.0,1,2020-12-08 09:02:00+00:00,2020-12-08 09:02:00+00:00,2020-12-08 09:07:00+00:00,1870.1,1868.8000000000002,1872.7,1868.7000000000003,stop,7,1.2999999999997272,106.67999999998091,-83.99999999998727,8.68,13.999999999987267,-106.67999999997454,-1.1723076923076585,False,0.7567306236896164,9,45337.320000002364,"F (partida 0,10 / 2R)"
MGC,london,2020-12-09,F,0.1,2.0,-1,2020-12-09 10:13:00+00:00,2020-12-09 10:13:00+00:00,2020-12-09 10:20:00+00:00,1864.0,1865.5,1861.0,1861.0,objetivo,6,1.5,103.44,185.99999999999454,7.4399999999999995,5.999999999994543,172.56,1.9173333333333333,False,-0.1012650560141131,10,45230.64000000239,"F (partida 0,10 / 2R)"
MGC,london,2020-12-11,F,0.1,2.0,1,2020-12-11 09:57:00+00:00,2020-12-11 09:57:00+00:00,2020-12-11 10:01:00+00:00,1840.5,1839.5,1842.5,1842.5,objetivo,9,1.0,110.16,188.99999999999181,11.16,8.999999999991815,168.84,1.8760000000000001,False,0.8175920843428214,9,45403.20000000239,"F (partida 0,10 / 2R)"
MGC,london,2020-12-17,F,0.1,2.0,1,2020-12-17 08:56:00+00:00,2020-12-17 08:56:00+00:00,2020-12-17 08:59:00+00:00,1885.3,1884.3000000000002,1887.3000000000002,1884.2000000000003,stop,9,0.9999999999997726,110.15999999997953,-80.99999999998772,11.16,17.99999999998363,-110.15999999997135,-1.22399999999996,False,2.401234020650581,8,45572.04000000239,"F (partida 0,10 / 2R)"
MGC,london,2020-12-18,F,0.1,2.0,1,2020-12-18 09:10:00+00:00,2020-12-18 09:10:00+00:00,2020-12-18 09:18:00+00:00,1885.8999999999999,1884.9,1887.9,1884.8000000000002,stop,9,0.9999999999997726,110.15999999997953,-80.99999999998772,11.16,17.99999999998363,-110.15999999997135,-1.22399999999996,False,1.1286140106698603,9,45461.88000000241,"F (partida 0,10 / 2R)"
MGC,london,2020-12-21,F,0.1,2.0,-1,2020-12-21 09:37:00+00:00,2020-12-21 09:37:00+00:00,2020-12-21 09:46:00+00:00,1899.4,1900.6,1897.0,1897.0,objetivo,7,1.199999999999818,99.67999999998727,175.0,8.68,6.9999999999936335,159.32000000000636,1.89666666666703,False,-0.13907759657584112,9,45351.72000000244,"F (partida 0,10 / 2R)"
MGC,london,2020-12-22,F,0.1,2.0,1,2020-12-22 08:55:00+00:00,2020-12-22 08:55:00+00:00,2020-12-22 08:58:00+00:00,1877.3,1876.2,1879.5,1876.1000000000001,stop,8,1.099999999999909,105.91999999999273,-80.0,9.92,15.999999999985448,-105.91999999998545,-1.203636363636298,False,1.5306872185523095,8,45511.040000002446,"F (partida 0,10 / 2R)"
MGC,london,2021-01-05,F,0.1,2.0,1,2021-01-05 10:31:00+00:00,2021-01-05 10:31:00+00:00,2021-01-05 10:33:00+00:00,1950.0,1948.8000000000002,1952.4,1948.7000000000003,stop,7,1.199999999999818,99.67999999998727,-76.99999999999363,8.68,13.999999999987267,-99.67999999998091,-1.1866666666666192,False,0.35131194073242494,10,45405.12000000246,"F (partida 0,10 / 2R)"
MGC,london,2021-01-11,F,0.1,2.0,-1,2021-01-11 09:14:00+00:00,2021-01-11 09:14:00+00:00,2021-01-11 09:17:00+00:00,1848.8000000000002,1850.1999999999998,1846.0,1850.2999999999997,stop,6,1.3999999999996362,97.43999999997818,-77.99999999998363,7.4399999999999995,11.999999999989086,-97.43999999997271,-1.1599999999999766,False,-0.8202141547861003,9,45305.44000000248,"F (partida 0,10 / 2R)"
MGC,london,2021-01-13,F,0.1,2.0,1,2021-01-13 10:08:00+00:00,2021-01-13 10:08:00+00:00,2021-01-13 10:28:00+00:00,1855.8999999999999,1854.6000000000001,1858.5,1854.5000000000002,stop,7,1.2999999999997272,106.67999999998091,-83.99999999998727,8.68,13.999999999987267,-106.67999999997454,-1.1723076923076585,False,0.14639743490061796,10,45208.00000000251,"F (partida 0,10 / 2R)"
MGC,london,2021-01-15,F,0.1,2.0,1,2021-01-15 08:40:00+00:00,2021-01-15 08:40:00+00:00,2021-01-15 08:57:00+00:00,1852.8,1851.1000000000001,1856.2,1851.0000000000002,stop,5,1.699999999999818,96.1999999999909,-79.99999999999545,6.2,9.999999999990905,-96.19999999998636,-1.1317647058823135,False,0.3270901150738771,8,45101.32000000254,"F (partida 0,10 / 2R)"
MGC,london,2021-01-18,F,0.1,2.0,-1,2021-01-18 08:44:00+00:00,2021-01-18 08:44:00+00:00,2021-01-18 09:03:00+00:00,1833.6000000000001,1834.8,1831.2,1831.2,objetivo,7,1.199999999999818,99.67999999998727,175.0,8.68,6.9999999999936335,159.32000000000636,1.89666666666703,False,-0.6801170242737324,8,45005.12000000255,"F (partida 0,10 / 2R)"
MGC,london,2021-02-02,F,0.1,2.0,1,2021-02-02 09:08:00+00:00,2021-02-02 09:08:00+00:00,2021-02-02 09:15:00+00:00,1852.6999999999998,1851.3000000000002,1855.5,1851.2000000000003,stop,6,1.3999999999996362,97.43999999997818,-77.99999999998363,7.4399999999999995,11.999999999989086,-97.43999999997271,-1.1599999999999766,False,0.680278301703742,9,45164.440000002556,"F (partida 0,10 / 2R)"
MGC,london,2021-02-03,F,0.1,2.0,1,2021-02-03 10:01:00+00:00,2021-02-03 10:01:00+00:00,2021-02-03 10:02:00+00:00,1838.1999999999998,1836.8000000000002,1841.0,1836.7000000000003,stop,6,1.3999999999996362,97.43999999997818,-77.99999999998363,7.4399999999999995,11.999999999989086,-97.43999999997271,-1.1599999999999766,False,0.3483759287579486,10,45067.00000000258,"F (partida 0,10 / 2R)"
MGC,london,2021-02-08,F,0.1,2.0,1,2021-02-08 09:59:00+00:00,2021-02-08 09:59:00+00:00,2021-02-08 10:17:00+00:00,1813.1,1812.1000000000001,1815.1000000000001,1812.0000000000002,stop,9,0.9999999999997726,110.15999999997953,-80.99999999998772,11.16,17.99999999998363,-110.15999999997135,-1.22399999999996,False,0.5143667009355973,9,44969.56000000261,"F (partida 0,10 / 2R)"
MGC,london,2021-02-16,F,0.1,2.0,1,2021-02-16 10:43:00+00:00,2021-02-16 10:43:00+00:00,2021-02-16 10:59:00+00:00,1824.6,1823.6000000000001,1826.6000000000001,1823.5000000000002,stop,9,0.9999999999997726,110.15999999997953,-80.99999999998772,11.16,17.99999999998363,-110.15999999997135,-1.22399999999996,False,0.37364556191006276,10,44859.400000002635,"F (partida 0,10 / 2R)"
MGC,london,2021-02-22,F,0.1,2.0,1,2021-02-22 09:52:00+00:00,2021-02-22 09:52:00+00:00,2021-02-22 09:58:00+00:00,1796.5,1795.4,1798.7,1795.3000000000002,stop,8,1.099999999999909,105.91999999999273,-80.0,9.92,15.999999999985448,-105.91999999998545,-1.203636363636298,False,1.429052592807267,9,44749.24000000266,"F (partida 0,10 / 2R)"
MGC,london,2021-02-25,F,0.1,2.0,-1,2021-02-25 08:50:00+00:00,2021-02-25 08:50:00+00:00,2021-02-25 08:58:00+00:00,1788.0,1789.0,1786.0,1789.1,stop,9,1.0,110.16,-81.00000000000819,11.16,17.99999999998363,-110.15999999999181,-1.223999999999909,False,-0.8533204180254025,8,44643.32000000268,"F (partida 0,10 / 2R)"
MGC,london,2021-02-25,F,0.1,2.0,-1,2021-02-25 09:04:00+00:00,2021-02-25 09:04:00+00:00,2021-02-25 09:09:00+00:00,1787.4,1788.5,1785.2,1788.6,stop,8,1.099999999999909,105.91999999999273,-80.0,9.92,15.999999999985448,-105.91999999998545,-1.203636363636298,False,-0.48882298871526686,9,44533.16000000269,"F (partida 0,10 / 2R)"
MGC,london,2021-02-26,F,0.1,2.0,-1,2021-02-26 10:27:00+00:00,2021-02-26 10:27:00+00:00,2021-02-26 10:30:00+00:00,1760.8000000000002,1762.0,1758.4,1762.1,stop,7,1.199999999999818,99.67999999998727,-76.99999999999363,8.68,13.999999999987267,-99.67999999998091,-1.1866666666666192,False,-0.19987517573450764,10,44427.240000002705,"F (partida 0,10 / 2R)"
MGC,london,2021-03-05,F,0.1,2.0,-1,2021-03-05 09:43:00+00:00,2021-03-05 09:43:00+00:00,2021-03-05 09:46:00+00:00,1689.1000000000001,1690.3,1686.7,1690.3999999999999,stop,7,1.199999999999818,99.67999999998727,-76.99999999999363,8.68,13.999999999987267,-99.67999999998091,-1.1866666666666192,False,-0.3690234041087423,9,44327.560000002726,"F (partida 0,10 / 2R)"
MGC,london,2021-03-08,F,0.1,2.0,-1,2021-03-08 09:48:00+00:00,2021-03-08 09:48:00+00:00,2021-03-08 10:04:00+00:00,1686.9,1687.8999999999999,1684.9,1687.9999999999998,stop,9,0.9999999999997726,110.15999999997953,-80.99999999998772,11.16,17.99999999998363,-110.15999999997135,-1.22399999999996,False,-1.581592727523616,9,44227.88000000275,"F (partida 0,10 / 2R)"
MGC,london,2021-03-09,F,0.1,2.0,1,2021-03-09 10:03:00+00:00,2021-03-09 10:03:00+00:00,2021-03-09 10:14:00+00:00,1701.3999999999999,1700.1000000000001,1704.0,1700.0000000000002,stop,7,1.2999999999997272,106.67999999998091,-83.99999999998727,8.68,13.999999999987267,-106.67999999997454,-1.1723076923076585,False,0.7161294088088599,10,44117.72000000277,"F (partida 0,10 / 2R)"
MGC,london,2021-03-12,F,0.1,2.0,-1,2021-03-12 08:32:00+00:00,2021-03-12 08:32:00+00:00,2021-03-12 08:46:00+00:00,1705.4,1706.6999999999998,1702.8000000000002,1706.7999999999997,stop,7,1.2999999999997272,106.67999999998091,-83.99999999998727,8.68,13.999999999987267,-106.67999999997454,-1.1723076923076585,False,-1.9302674444786356,8,44011.0400000028,"F (partida 0,10 / 2R)"
MGC,london,2021-03-17,F,0.1,2.0,1,2021-03-17 10:01:00+00:00,2021-03-17 10:01:00+00:00,2021-03-17 10:10:00+00:00,1734.6,1733.6000000000001,1736.6000000000001,1733.5,stop_hueco,8,0.9999999999997726,97.91999999998181,-72.00000000000728,9.92,15.999999999985448,-97.91999999999273,-1.2240000000001874,False,0.5270239146634196,10,43904.36000000283,"F (partida 0,10 / 2R)"
MGC,london,2021-03-22,F,0.1,2.0,1,2021-03-22 08:33:00+00:00,2021-03-22 08:33:00+00:00,2021-03-22 08:34:00+00:00,1730.6999999999998,1729.4,1733.3000000000002,1729.3000000000002,stop,7,1.2999999999997272,106.67999999998091,-83.99999999998727,8.68,13.999999999987267,-106.67999999997454,-1.1723076923076585,False,1.11724382546936,8,43806.44000000284,"F (partida 0,10 / 2R)"
MGC,london,2021-03-23,F,0.1,2.0,-1,2021-03-23 09:49:00+00:00,2021-03-23 09:49:00+00:00,2021-03-23 09:53:00+00:00,1736.1000000000001,1737.3999999999999,1733.5,1737.4999999999998,stop,7,1.2999999999997272,106.67999999998091,-83.99999999998727,8.68,13.999999999987267,-106.67999999997454,-1.1723076923076585,False,-0.5853294355202459,9,43699.76000000287,"F (partida 0,10 / 2R)"
MGC,london,2021-04-13,F,0.1,2.0,1,2021-04-13 09:15:00+01:00,2021-04-13 09:15:00+01:00,2021-04-13 09:18:00+01:00,1728.5,1727.4,1730.7,1727.3000000000002,stop,8,1.099999999999909,105.91999999999273,-80.0,9.92,15.999999999985448,-105.91999999998545,-1.203636363636298,False,0.913124801795994,9,43593.0800000029,"F (partida 0,10 / 2R)"
MGC,london,2021-04-20,F,0.1,2.0,-1,2021-04-20 10:07:00+01:00,2021-04-20 10:07:00+01:00,2021-04-20 10:11:00+01:00,1767.0,1768.0,1765.0,1768.1,stop,8,1.0,97.92,-72.00000000000728,9.92,15.999999999985448,-97.91999999999273,-1.2239999999999092,False,-0.6360118557696771,10,43487.160000002914,"F (partida 0,10 / 2R)"
MGC,london,2021-04-21,F,0.1,2.0,-1,2021-04-21 10:34:00+01:00,2021-04-21 10:34:00+01:00,2021-04-21 10:54:00+01:00,1778.6000000000001,1779.6,1776.6000000000001,1779.6999999999998,stop,8,0.9999999999997726,97.91999999998181,-71.99999999998909,9.92,15.999999999985448,-97.91999999997454,-1.22399999999996,False,-1.2342588321841796,10,43389.24000000292,"F (partida 0,10 / 2R)"
MGC,london,2021-04-23,F,0.1,2.0,-1,2021-04-23 09:00:00+01:00,2021-04-23 09:00:00+01:00,2021-04-23 09:20:00+01:00,1782.7,1783.6999999999998,1780.7,1783.7999999999997,stop,8,0.9999999999997726,97.91999999998181,-71.99999999998909,9.92,15.999999999985448,-97.91999999997454,-1.22399999999996,False,-0.9979650318571983,8,43291.32000000295,"F (partida 0,10 / 2R)"
MGC,london,2021-04-30,F,0.1,2.0,-1,2021-04-30 08:40:00+01:00,2021-04-30 08:40:00+01:00,2021-04-30 09:00:00+01:00,1769.9,1771.0,1767.7,1767.7,objetivo,8,1.099999999999909,105.91999999999273,183.99999999999636,9.92,7.999999999992724,166.08000000000365,1.8872727272729248,False,-0.21730455167972537,8,43193.40000000297,"F (partida 0,10 / 2R)"
MGC,london,2021-05-13,F,0.1,2.0,-1,2021-05-13 09:43:00+01:00,2021-05-13 09:43:00+01:00,2021-05-13 10:53:00+01:00,1815.0,1816.3999999999999,1812.2,1812.2,objetivo,6,1.3999999999998636,97.43999999999183,173.99999999999181,7.4399999999999995,5.999999999994543,160.55999999999727,1.9114285714287251,False,-0.6394531611782032,9,43359.48000000297,"F (partida 0,10 / 2R)"
MGC,london,2021-05-18,F,0.1,2.0,-1,2021-05-18 09:09:00+01:00,2021-05-18 09:09:00+01:00,2021-05-18 09:17:00+01:00,1869.2,1870.1999999999998,1867.2,1870.2999999999997,stop,8,0.9999999999997726,97.91999999998181,-71.99999999998909,9.92,15.999999999985448,-97.91999999997454,-1.22399999999996,False,-0.2845468265907403,9,43520.04000000297,"F (partida 0,10 / 2R)"
MGC,london,2021-05-19,F,0.1,2.0,-1,2021-05-19 10:11:00+01:00,2021-05-19 10:11:00+01:00,2021-05-19 10:48:00+01:00,1862.7,1864.3999999999999,1859.3000000000002,1859.3000000000002,objetivo,5,1.699999999999818,96.1999999999909,174.99999999998863,6.2,4.9999999999954525,163.7999999999932,1.9270588235295378,False,-2.6547962652162087,10,43422.12000000299,"F (partida 0,10 / 2R)"
MGC,london,2021-06-01,F,0.1,2.0,-1,2021-06-01 08:54:00+01:00,2021-06-01 08:54:00+01:00,2021-06-01 09:12:00+01:00,1915.4,1916.6999999999998,1912.8000000000002,1912.8000000000002,objetivo,7,1.2999999999997272,106.67999999998091,188.99999999998727,8.68,6.9999999999936335,173.31999999999363,1.9046153846157143,False,-0.3663108314124923,8,43585.92000000299,"F (partida 0,10 / 2R)"
MGC,london,2021-06-03,F,0.1,2.0,-1,2021-06-03 10:31:00+01:00,2021-06-03 10:31:00+01:00,2021-06-03 11:00:00+01:00,1894.7,1896.0,1892.1000000000001,1895.1,cierre_sesion,7,1.2999999999999545,106.67999999999682,-14.000000000003183,8.68,13.999999999987267,-36.67999999999045,-0.40307692307683224,False,-0.1289397556843957,10,43759.24000000298,"F (partida 0,10 / 2R)"
MGC,london,2021-06-10,F,0.1,2.0,1,2021-06-10 10:26:00+01:00,2021-06-10 10:26:00+01:00,2021-06-10 10:35:00+01:00,1885.1999999999998,1883.7,1888.2,1883.6000000000001,stop,6,1.4999999999997726,103.43999999998636,-83.99999999999181,7.4399999999999995,11.999999999989086,-103.4399999999809,-1.1493333333332953,False,0.3906578851003318,10,43722.56000000299,"F (partida 0,10 / 2R)"
MGC,london,2021-06-17,F,0.1,2.0,-1,2021-06-17 09:42:00+01:00,2021-06-17 09:42:00+01:00,2021-06-17 09:47:00+01:00,1807.6000000000001,1808.8,1805.2,1805.2,objetivo,7,1.199999999999818,99.67999999998727,175.0,8.68,6.9999999999936335,159.32000000000636,1.89666666666703,False,-0.6649390987595696,9,43619.12000000301,"F (partida 0,10 / 2R)"
MGC,london,2021-06-23,F,0.1,2.0,1,2021-06-23 10:10:00+01:00,2021-06-23 10:10:00+01:00,2021-06-23 10:19:00+01:00,1785.1999999999998,1783.5,1788.6000000000001,1783.4,stop,5,1.699999999999818,96.1999999999909,-79.99999999999545,6.2,9.999999999990905,-96.19999999998636,-1.1317647058823135,False,0.5386764413550754,10,43778.440000003015,"F (partida 0,10 / 2R)"
MGC,london,2021-06-28,F,0.1,2.0,-1,2021-06-28 10:15:00+01:00,2021-06-28 10:15:00+01:00,2021-06-28 10:30:00+01:00,1777.2,1778.3999999999999,1774.8000000000002,1774.8000000000002,objetivo,7,1.199999999999818,99.67999999998727,174.99999999998408,8.68,6.9999999999936335,159.31999999999044,1.8966666666668404,False,-0.34445186482041606,10,43682.240000003025,"F (partida 0,10 / 2R)"
MGC,london,2021-07-02,F,0.1,2.0,1,2021-07-02 10:15:00+01:00,2021-07-02 10:15:00+01:00,2021-07-02 10:28:00+01:00,1783.8,1782.6000000000001,1786.2,1782.5000000000002,stop,7,1.199999999999818,99.67999999998727,-76.99999999999363,8.68,13.999999999987267,-99.67999999998091,-1.1866666666666192,False,1.0581363385777938,10,43841.56000000302,"F (partida 0,10 / 2R)"
MGC,london,2021-07-02,F,0.1,2.0,1,2021-07-02 10:32:00+01:00,2021-07-02 10:32:00+01:00,2021-07-02 10:41:00+01:00,1784.6999999999998,1783.6000000000001,1786.9,1783.5000000000002,stop,8,1.0999999999996817,105.91999999997454,-79.99999999998181,9.92,15.999999999985448,-105.91999999996726,-1.2036363636363399,False,0.5812810908648856,10,43741.88000000304,"F (partida 0,10 / 2R)"
MGC,london,2021-07-05,F,0.1,2.0,1,2021-07-05 08:50:00+01:00,2021-07-05 08:50:00+01:00,2021-07-05 09:00:00+01:00,1792.8999999999999,1791.6000000000001,1795.5,1795.5,objetivo,7,1.2999999999997272,106.67999999998091,189.00000000000318,8.68,6.9999999999936335,173.32000000000954,1.9046153846158893,False,1.9985602960304065,8,43635.96000000307,"F (partida 0,10 / 2R)"
MGC,london,2021-07-06,F,0.1,2.0,1,2021-07-06 10:41:00+01:00,2021-07-06 10:41:00+01:00,2021-07-06 11:00:00+01:00,1808.1,1807.0,1810.3000000000002,1808.0,cierre_sesion,8,1.099999999999909,105.91999999999273,7.999999999992724,9.92,15.999999999985448,-17.919999999992726,-0.2036363636362978,False,0.32768940597734336,10,43809.28000000308,"F (partida 0,10 / 2R)"
MGC,london,2021-07-28,F,0.1,2.0,-1,2021-07-28 09:55:00+01:00,2021-07-28 09:55:00+01:00,2021-07-28 10:08:00+01:00,1799.6000000000001,1800.8,1797.2,1800.8999999999999,stop,7,1.199999999999818,99.67999999998727,-76.99999999999363,8.68,13.999999999987267,-99.67999999998091,-1.1866666666666192,False,-1.295237695912509,9,43791.360000003086,"F (partida 0,10 / 2R)"
MGC,london,2021-07-29,F,0.1,2.0,1,2021-07-29 10:25:00+01:00,2021-07-29 10:25:00+01:00,2021-07-29 10:31:00+01:00,1821.6,1820.3000000000002,1824.2,1820.2000000000003,stop,7,1.2999999999997272,106.67999999998091,-83.99999999998727,8.68,13.999999999987267,-106.67999999997454,-1.1723076923076585,False,0.6859976773441634,10,43691.68000000311,"F (partida 0,10 / 2R)"
MGC,london,2021-08-09,F,0.1,2.0,-1,2021-08-09 09:47:00+01:00,2021-08-09 09:47:00+01:00,2021-08-09 09:48:00+01:00,1747.8000000000002,1748.8,1745.8000000000002,1748.8999999999999,stop,8,0.9999999999997726,97.91999999998181,-71.99999999998909,9.92,15.999999999985448,-97.91999999997454,-1.22399999999996,False,-0.4487446474070163,9,43585.000000003136,"F (partida 0,10 / 2R)"
MGC,london,2021-08-09,F,0.1,2.0,-1,2021-08-09 09:49:00+01:00,2021-08-09 09:49:00+01:00,2021-08-09 09:53:00+01:00,1747.9,1748.8999999999999,1745.9,1748.9999999999998,stop,8,0.9999999999997726,97.91999999998181,-71.99999999998909,9.92,15.999999999985448,-97.91999999997454,-1.22399999999996,False,-0.3946554485804605,9,43487.08000000316,"F (partida 0,10 / 2R)"
MGC,london,2021-08-11,F,0.1,2.0,1,2021-08-11 10:24:00+01:00,2021-08-11 10:24:00+01:00,2021-08-11 10:34:00+01:00,1735.1999999999998,1733.9,1737.8000000000002,1733.8000000000002,stop,7,1.2999999999997272,106.67999999998091,-83.99999999998727,8.68,13.999999999987267,-106.67999999997454,-1.1723076923076585,False,0.759483801245826,10,43389.16000000318,"F (partida 0,10 / 2R)"
MGC,london,2021-08-20,F,0.1,2.0,-1,2021-08-20 08:31:00+01:00,2021-08-20 08:31:00+01:00,2021-08-20 08:35:00+01:00,1788.4,1790.1,1785.0,1790.1999999999998,stop,5,1.699999999999818,96.1999999999909,-79.99999999999545,6.2,9.999999999990905,-96.19999999998636,-1.1317647058823135,False,-0.8585162192532189,8,43282.48000000321,"F (partida 0,10 / 2R)"
MGC,london,2021-08-27,F,0.1,2.0,-1,2021-08-27 09:03:00+01:00,2021-08-27 09:03:00+01:00,2021-08-27 09:13:00+01:00,1802.7,1803.8999999999999,1800.3000000000002,1800.3000000000002,objetivo,7,1.199999999999818,99.67999999998727,174.99999999998408,8.68,6.9999999999936335,159.31999999999044,1.8966666666668404,False,-2.4828967673532847,9,43186.28000000322,"F (partida 0,10 / 2R)"
MGC,london,2021-09-22,F,0.1,2.0,1,2021-09-22 08:48:00+01:00,2021-09-22 08:48:00+01:00,2021-09-22 08:54:00+01:00,1780.1999999999998,1779.2,1782.2,1779.1000000000001,stop,8,0.9999999999997726,97.91999999998181,-71.99999999998909,9.92,15.999999999985448,-97.91999999997454,-1.22399999999996,False,0.8282691330270928,8,43345.600000003215,"F (partida 0,10 / 2R)"
MGC,london,2021-09-28,F,0.1,2.0,1,2021-09-28 10:13:00+01:00,2021-09-28 10:13:00+01:00,2021-09-28 10:19:00+01:00,1743.5,1742.3000000000002,1745.9,1742.2000000000003,stop,7,1.199999999999818,99.67999999998727,-76.99999999999363,8.68,13.999999999987267,-99.67999999998091,-1.1866666666666192,False,0.3509347105508377,10,43247.68000000324,"F (partida 0,10 / 2R)"
MGC,london,2021-09-28,F,0.1,2.0,1,2021-09-28 10:24:00+01:00,2021-09-28 10:24:00+01:00,2021-09-28 10:30:00+01:00,1742.8,1741.7,1745.0,1741.6000000000001,stop,8,1.099999999999909,105.91999999999273,-80.0,9.92,15.999999999985448,-105.91999999998545,-1.203636363636298,False,0.2733733805879577,10,43148.00000000326,"F (partida 0,10 / 2R)"
MGC,london,2021-10-01,F,0.1,2.0,-1,2021-10-01 08:52:00+01:00,2021-10-01 08:52:00+01:00,2021-10-01 10:06:00+01:00,1753.5,1754.8999999999999,1750.7,1754.9999999999998,stop,6,1.3999999999998636,97.43999999999183,-77.99999999999727,7.4399999999999995,11.999999999989086,-97.43999999998636,-1.1599999999999506,False,-1.6611950413972316,8,43042.080000003276,"F (partida 0,10 / 2R)"
MGC,london,2021-10-20,F,0.1,2.0,1,2021-10-20 10:06:00+01:00,2021-10-20 10:06:00+01:00,2021-10-20 10:28:00+01:00,1779.6,1778.6000000000001,1781.6000000000001,1778.5000000000002,stop,8,0.9999999999997726,97.91999999998181,-71.99999999998909,9.92,15.999999999985448,-97.91999999997454,-1.22399999999996,False,1.6337243462482478,10,42944.64000000329,"F (partida 0,10 / 2R)"
MGC,london,2021-10-25,F,0.1,2.0,1,2021-10-25 09:46:00+01:00,2021-10-25 09:46:00+01:00,2021-10-25 09:53:00+01:00,1802.0,1800.9,1804.2,1804.2,objetivo,8,1.099999999999909,105.91999999999273,183.99999999999636,9.92,7.999999999992724,166.08000000000365,1.8872727272729248,False,1.1184888201677528,9,42846.72000000331,"F (partida 0,10 / 2R)"
MGC,london,2021-10-28,F,0.1,2.0,1,2021-10-28 08:35:00+01:00,2021-10-28 08:35:00+01:00,2021-10-28 08:55:00+01:00,1804.6,1803.5,1806.8000000000002,1803.4,stop,8,1.099999999999909,105.91999999999273,-80.0,9.92,15.999999999985448,-105.91999999998545,-1.203636363636298,False,1.033166579015139,8,43012.80000000331,"F (partida 0,10 / 2R)"
MGC,london,2021-10-29,F,0.1,2.0,-1,2021-10-29 10:01:00+01:00,2021-10-29 10:01:00+01:00,2021-10-29 10:04:00+01:00,1792.9,1794.0,1790.7,1794.1,stop,8,1.099999999999909,105.91999999999273,-80.0,9.92,15.999999999985448,-105.91999999998545,-1.203636363636298,False,-2.136413609041295,10,42906.88000000333,"F (partida 0,10 / 2R)"
MGC,london,2021-11-09,F,0.1,2.0,1,2021-11-09 10:14:00+00:00,2021-11-09 10:14:00+00:00,2021-11-09 10:16:00+00:00,1827.8,1826.8000000000002,1829.8000000000002,1826.7000000000003,stop,8,0.9999999999997726,97.91999999998181,-71.99999999998909,9.92,15.999999999985448,-97.91999999997454,-1.22399999999996,False,0.5184630136680242,10,42800.960000003346,"F (partida 0,10 / 2R)"
MGC,london,2021-11-12,F,0.1,2.0,-1,2021-11-12 08:45:00+00:00,2021-11-12 08:45:00+00:00,2021-11-12 09:02:00+00:00,1855.6000000000001,1856.8,1853.2,1853.2,objetivo,7,1.199999999999818,99.67999999998727,175.0,8.68,6.9999999999936335,159.32000000000636,1.89666666666703,False,-3.1371767011945053,8,42703.04000000337,"F (partida 0,10 / 2R)"
MGC,london,2021-11-23,F,0.1,2.0,-1,2021-11-23 10:23:00+00:00,2021-11-23 10:23:00+00:00,2021-11-23 10:34:00+00:00,1797.3000000000002,1798.3999999999999,1795.1000000000001,1798.4999999999998,stop,8,1.0999999999996817,105.91999999997454,-79.99999999998181,9.92,15.999999999985448,-105.91999999996726,-1.2036363636363399,False,-0.44898575437505683,10,42862.36000000338,"F (partida 0,10 / 2R)"
MGC,london,2021-12-02,F,0.1,2.0,-1,2021-12-02 09:36:00+00:00,2021-12-02 09:36:00+00:00,2021-12-02 09:55:00+00:00,1770.9,1772.3999999999999,1767.9,1772.4999999999998,stop,6,1.4999999999997726,103.43999999998636,-83.99999999999181,7.4399999999999995,11.999999999989086,-103.4399999999809,-1.1493333333332953,False,-0.4535837908672859,9,42756.44000000341,"F (partida 0,10 / 2R)"
MGC,london,2021-12-08,F,0.1,2.0,1,2021-12-08 09:20:00+00:00,2021-12-08 09:20:00+00:00,2021-12-08 09:22:00+00:00,1790.1,1789.1000000000001,1792.1000000000001,1789.0000000000002,stop,8,0.9999999999997726,97.91999999998181,-71.99999999998909,9.92,15.999999999985448,-97.91999999997454,-1.22399999999996,False,0.611666799381145,9,42653.00000000343,"F (partida 0,10 / 2R)"
MGC,london,2022-01-25,F,0.1,2.0,-1,2022-01-25 08:55:00+00:00,2022-01-25 08:55:00+00:00,2022-01-25 09:13:00+00:00,1839.4,1840.5,1837.2,1837.2,objetivo,8,1.099999999999909,105.91999999999273,183.99999999999636,9.92,7.999999999992724,166.08000000000365,1.8872727272729248,False,-1.174948383447602,8,42555.08000000345,"F (partida 0,10 / 2R)"
MGC,london,2022-02-22,F,0.1,2.0,-1,2022-02-22 10:01:00+00:00,2022-02-22 10:01:00+00:00,2022-02-22 10:02:00+00:00,1901.4,1902.5,1899.2,1902.6,stop,8,1.099999999999909,105.91999999999273,-80.0,9.92,15.999999999985448,-105.91999999998545,-1.203636363636298,False,-0.5399509179238908,10,42721.16000000345,"F (partida 0,10 / 2R)"
MGC,london,2022-02-22,F,0.1,2.0,-1,2022-02-22 10:04:00+00:00,2022-02-22 10:04:00+00:00,2022-02-22 10:09:00+00:00,1901.5,1902.6,1899.3000000000002,1902.6999999999998,stop,8,1.099999999999909,105.91999999999273,-80.0,9.92,15.999999999985448,-105.91999999998545,-1.203636363636298,False,-0.5384740980329763,10,42615.24000000347,"F (partida 0,10 / 2R)"
MGC,london,2022-02-23,F,0.1,2.0,1,2022-02-23 08:32:00+00:00,2022-02-23 08:32:00+00:00,2022-02-23 08:44:00+00:00,1898.3,1896.3000000000002,1902.3000000000002,1896.2000000000003,stop,4,1.9999999999997726,88.9599999999909,-75.99999999999454,4.96,7.999999999992724,-88.95999999998726,-1.1119999999999672,False,0.4703511543107481,8,42509.320000003485,"F (partida 0,10 / 2R)"
MGC,london,2022-02-24,F,0.1,2.0,1,2022-02-24 09:18:00+00:00,2022-02-24 09:18:00+00:00,2022-02-24 09:31:00+00:00,1947.1,1945.6000000000001,1950.1000000000001,1945.5000000000002,stop,6,1.4999999999997726,103.43999999998636,-83.99999999999181,7.4399999999999995,11.999999999989086,-103.4399999999809,-1.1493333333332953,False,0.7321304368436804,9,42420.3600000035,"F (partida 0,10 / 2R)"
MGC,london,2022-02-25,F,0.1,2.0,-1,2022-02-25 09:28:00+00:00,2022-02-25 09:28:00+00:00,2022-02-25 09:33:00+00:00,1912.7,1913.6999999999998,1910.7,1910.7,objetivo,8,0.9999999999997726,97.91999999998181,167.99999999999272,9.92,7.999999999992724,150.08,1.8760000000004267,False,-0.182056954617092,9,42316.92000000352,"F (partida 0,10 / 2R)"
MGC,london,2022-02-25,F,0.1,2.0,-1,2022-02-25 10:42:00+00:00,2022-02-25 10:42:00+00:00,2022-02-25 10:49:00+00:00,1910.5,1911.5,1908.5,1911.6,stop,8,1.0,97.92,-72.00000000000728,9.92,15.999999999985448,-97.91999999999273,-1.2239999999999092,False,-0.6388857492199347,10,42467.00000000352,"F (partida 0,10 / 2R)"
MGC,london,2022-03-02,F,0.1,2.0,-1,2022-03-02 09:10:00+00:00,2022-03-02 09:10:00+00:00,2022-03-02 09:10:00+00:00,1938.9,1939.8999999999999,1936.9,1939.9999999999998,stop,8,0.9999999999997726,97.91999999998181,-71.99999999998909,9.92,15.999999999985448,-97.91999999997454,-1.22399999999996,False,-0.8720403533862024,9,42369.08000000353,"F (partida 0,10 / 2R)"
MGC,london,2022-03-02,F,0.1,2.0,-1,2022-03-02 09:31:00+00:00,2022-03-02 09:31:00+00:00,2022-03-02 10:26:00+00:00,1937.4,1941.6999999999998,1928.8000000000002,1928.8000000000002,objetivo,2,4.299999999999727,90.47999999999455,173.99999999999636,2.48,1.999999999998181,169.5199999999982,1.9711627906977784,False,-0.5335277379767857,9,42271.160000003554,"F (partida 0,10 / 2R)"
MGC,london,2022-03-04,F,0.1,2.0,1,2022-03-04 09:36:00+00:00,2022-03-04 09:36:00+00:00,2022-03-04 09:40:00+00:00,1945.1999999999998,1944.2,1947.2,1947.2,objetivo,8,0.9999999999997726,97.91999999998181,168.0000000000109,9.92,7.999999999992724,150.0800000000182,1.876000000000654,False,1.9168265622949097,9,42440.68000000355,"F (partida 0,10 / 2R)"
MGC,london,2022-03-07,F,0.1,2.0,1,2022-03-07 09:40:00+00:00,2022-03-07 09:40:00+00:00,2022-03-07 09:47:00+00:00,2002.1999999999998,2001.2,2004.2,2004.2,objetivo,8,0.9999999999997726,97.91999999998181,168.0000000000109,9.92,7.999999999992724,150.0800000000182,1.876000000000654,False,0.21664404625945896,9,42590.76000000357,"F (partida 0,10 / 2R)"
MGC,london,2022-03-07,F,0.1,2.0,1,2022-03-07 10:17:00+00:00,2022-03-07 10:17:00+00:00,2022-03-07 10:29:00+00:00,2003.1,2002.0,2005.3000000000002,2005.3000000000002,objetivo,8,1.099999999999909,105.91999999999273,184.00000000001455,9.92,7.999999999992724,166.08000000002184,1.8872727272731316,False,0.551244213541179,10,42740.84000000358,"F (partida 0,10 / 2R)"
MGC,london,2022-03-09,F,0.1,2.0,-1,2022-03-09 10:43:00+00:00,2022-03-09 10:43:00+00:00,2022-03-09 10:59:00+00:00,2020.0,2021.8,2016.4,2021.8999999999999,stop,5,1.7999999999999545,101.19999999999771,-85.00000000000227,6.2,9.999999999990905,-101.19999999999318,-1.124444444444397,False,-1.4210769613561152,10,42906.92000000361,"F (partida 0,10 / 2R)"
MGC,london,2022-03-10,F,0.1,2.0,1,2022-03-10 08:53:00+00:00,2022-03-10 08:53:00+00:00,2022-03-10 08:53:00+00:00,1992.3999999999999,1991.0,1995.2,1990.9,stop,6,1.3999999999998636,97.43999999999183,-77.99999999999727,7.4399999999999995,11.999999999989086,-97.43999999998636,-1.1599999999999506,False,1.7961373068200408,8,42805.72000000362,"F (partida 0,10 / 2R)"
MGC,london,2022-03-14,F,0.1,2.0,-1,2022-03-14 10:22:00+00:00,2022-03-14 10:22:00+00:00,2022-03-14 10:23:00+00:00,1965.3000000000002,1966.6,1962.7,1962.7,objetivo,7,1.2999999999997272,106.67999999998091,189.00000000000318,8.68,6.9999999999936335,173.32000000000954,1.9046153846158893,False,-0.7767531747413192,10,42708.28000000363,"F (partida 0,10 / 2R)"
MGC,london,2022-03-15,F,0.1,2.0,-1,2022-03-15 10:13:00+00:00,2022-03-15 10:13:00+00:00,2022-03-15 10:15:00+00:00,1931.1000000000001,1932.3999999999999,1928.5,1932.4999999999998,stop,7,1.2999999999997272,106.67999999998091,-83.99999999998727,8.68,13.999999999987267,-106.67999999997454,-1.1723076923076585,False,-0.35679726932808375,10,42881.60000000364,"F (partida 0,10 / 2R)"
MGC,london,2022-03-16,F,0.1,2.0,1,2022-03-16 10:10:00+00:00,2022-03-16 10:10:00+00:00,2022-03-16 10:12:00+00:00,1925.1,1923.7,1927.9,1923.6000000000001,stop,6,1.3999999999998636,97.43999999999183,-77.99999999999727,7.4399999999999995,11.999999999989086,-97.43999999998636,-1.1599999999999506,False,1.1086795572822654,10,42774.920000003665,"F (partida 0,10 / 2R)"
MGC,london,2022-03-22,F,0.1,2.0,-1,2022-03-22 09:28:00+00:00,2022-03-22 09:28:00+00:00,2022-03-22 09:32:00+00:00,1923.7,1924.8,1921.5,1924.8999999999999,stop,8,1.099999999999909,105.91999999999273,-80.0,9.92,15.999999999985448,-105.91999999998545,-1.203636363636298,False,-1.3307361413193113,9,42677.48000000368,"F (partida 0,10 / 2R)"
MGC,london,2022-03-22,F,0.1,2.0,-1,2022-03-22 09:38:00+00:00,2022-03-22 09:38:00+00:00,2022-03-22 09:41:00+00:00,1923.9,1925.0,1921.7,1925.1,stop,8,1.099999999999909,105.91999999999273,-80.0,9.92,15.999999999985448,-105.91999999998545,-1.203636363636298,False,-0.6170754949532467,9,42571.560000003694,"F (partida 0,10 / 2R)"
MGC,london,2022-03-28,F,0.1,2.0,-1,2022-03-28 08:39:00+01:00,2022-03-28 08:39:00+01:00,2022-03-28 08:43:00+01:00,1932.7,1934.1,1929.9,1934.1999999999998,stop,6,1.3999999999998636,97.43999999999183,-77.99999999999727,7.4399999999999995,11.999999999989086,-97.43999999998636,-1.1599999999999506,False,-0.8848558011793911,8,42465.64000000371,"F (partida 0,10 / 2R)"
MGC,london,2022-03-28,F,0.1,2.0,-1,2022-03-28 08:56:00+01:00,2022-03-28 08:56:00+01:00,2022-03-28 09:25:00+01:00,1933.0,1934.3,1930.4,1930.4,objetivo,6,1.2999999999999545,91.43999999999727,161.9999999999891,7.4399999999999995,5.999999999994543,148.55999999999455,1.9046153846153813,False,-0.5449809307976925,8,42368.20000000372,"F (partida 0,10 / 2R)"
MGC,london,2022-03-29,F,0.1,2.0,-1,2022-03-29 08:59:00+01:00,2022-03-29 08:59:00+01:00,2022-03-29 09:00:00+01:00,1918.7,1919.8,1916.5,1919.8999999999999,stop,8,1.099999999999909,105.91999999999273,-80.0,9.92,15.999999999985448,-105.91999999998545,-1.203636363636298,False,-1.8765638345872067,8,42516.76000000372,"F (partida 0,10 / 2R)"
MGC,london,2022-04-01,F,0.1,2.0,-1,2022-04-01 08:31:00+01:00,2022-04-01 08:31:00+01:00,2022-04-01 08:35:00+01:00,1934.6000000000001,1935.6,1932.6000000000001,1935.6999999999998,stop,8,0.9999999999997726,97.91999999998181,-71.99999999998909,9.92,15.999999999985448,-97.91999999997454,-1.22399999999996,False,-1.1939177301981272,8,42410.840000003736,"F (partida 0,10 / 2R)"
MGC,london,2022-04-07,F,0.1,2.0,1,2022-04-07 10:35:00+01:00,2022-04-07 10:35:00+01:00,2022-04-07 11:00:00+01:00,1930.3,1929.3000000000002,1932.3000000000002,1930.7,cierre_sesion,8,0.9999999999997726,97.91999999998181,47.999999999992724,9.92,15.999999999985448,22.080000000007274,0.2760000000001537,False,0.11116319139913945,10,42312.92000000376,"F (partida 0,10 / 2R)"
MGC,london,2022-04-08,F,0.1,2.0,1,2022-04-08 09:08:00+01:00,2022-04-08 09:08:00+01:00,2022-04-08 09:16:00+01:00,1936.1,1934.9,1938.5,1934.8000000000002,stop,7,1.199999999999818,99.67999999998727,-76.99999999999363,8.68,13.999999999987267,-99.67999999998091,-1.1866666666666192,False,0.8610065372742853,9,42335.00000000377,"F (partida 0,10 / 2R)"
MGC,london,2022-04-12,F,0.1,2.0,-1,2022-04-12 09:43:00+01:00,2022-04-12 09:43:00+01:00,2022-04-12 09:59:00+01:00,1956.7,1957.6999999999998,1954.7,1954.6,objetivo_hueco,8,0.9999999999997726,97.91999999998181,176.00000000000364,9.92,7.999999999992724,158.08000000001093,1.976000000000586,False,-0.9368215303680804,9,42235.32000000379,"F (partida 0,10 / 2R)"
MGC,london,2022-04-21,F,0.1,2.0,-1,2022-04-21 08:34:00+01:00,2022-04-21 08:34:00+01:00,2022-04-21 08:35:00+01:00,1952.1000000000001,1953.3,1949.7,1953.3999999999999,stop,7,1.199999999999818,99.67999999998727,-76.99999999999363,8.68,13.999999999987267,-99.67999999998091,-1.1866666666666192,False,-1.3830750641294491,8,42393.4000000038,"F (partida 0,10 / 2R)"
MGC,london,2022-04-22,F,0.1,2.0,-1,2022-04-22 10:31:00+01:00,2022-04-22 10:31:00+01:00,2022-04-22 10:53:00+01:00,1943.5,1945.1999999999998,1940.1000000000001,1945.2999999999997,stop,5,1.699999999999818,96.1999999999909,-79.99999999999545,6.2,9.999999999990905,-96.19999999998636,-1.1317647058823135,False,-2.1558874895191833,10,42293.72000000382,"F (partida 0,10 / 2R)"
MGC,london,2022-04-27,F,0.1,2.0,-1,2022-04-27 09:57:00+01:00,2022-04-27 09:57:00+01:00,2022-04-27 10:00:00+01:00,1891.9,1893.8999999999999,1887.9,1893.9999999999998,stop,4,1.9999999999997726,88.9599999999909,-75.99999999999454,4.96,7.999999999992724,-88.95999999998726,-1.1119999999999672,False,-0.3718142906258233,9,42197.52000000383,"F (partida 0,10 / 2R)"
MGC,london,2022-04-29,F,0.1,2.0,1,2022-04-29 09:27:00+01:00,2022-04-29 09:27:00+01:00,2022-04-29 09:28:00+01:00,1917.8999999999999,1916.9,1919.9,1916.8000000000002,stop,8,0.9999999999997726,97.91999999998181,-71.99999999998909,9.92,15.999999999985448,-97.91999999997454,-1.22399999999996,False,0.7756079030798488,9,42108.56000000385,"F (partida 0,10 / 2R)"
MGC,london,2022-05-09,F,0.1,2.0,-1,2022-05-09 08:56:00+01:00,2022-05-09 08:56:00+01:00,2022-05-09 08:57:00+01:00,1866.9,1868.1,1864.5,1868.1999999999998,stop,7,1.199999999999818,99.67999999998727,-76.99999999999363,8.68,13.999999999987267,-99.67999999998091,-1.1866666666666192,False,-0.26736802664480214,8,42010.64000000387,"F (partida 0,10 / 2R)"
MGC,london,2022-05-11,F,0.1,2.0,1,2022-05-11 08:37:00+01:00,2022-05-11 08:37:00+01:00,2022-05-11 09:14:00+01:00,1847.6,1846.6000000000001,1849.6000000000001,1849.6000000000001,objetivo,8,0.9999999999997726,97.91999999998181,168.0000000000109,9.92,7.999999999992724,150.0800000000182,1.876000000000654,False,3.951836454261669,8,41910.96000000389,"F (partida 0,10 / 2R)"
MGC,london,2022-05-12,F,0.1,2.0,1,2022-05-12 09:06:00+01:00,2022-05-12 09:06:00+01:00,2022-05-12 09:06:00+01:00,1851.1999999999998,1849.8000000000002,1854.0,1849.7000000000003,stop,6,1.3999999999996362,97.43999999997818,-77.99999999998363,7.4399999999999995,11.999999999989086,-97.43999999997271,-1.1599999999999766,False,1.598946644681831,9,42061.04000000391,"F (partida 0,10 / 2R)"
MGC,london,2022-05-12,F,0.1,2.0,1,2022-05-12 09:20:00+01:00,2022-05-12 09:20:00+01:00,2022-05-12 09:24:00+01:00,1851.6,1850.3000000000002,1854.2,1850.2000000000003,stop,6,1.2999999999997272,91.43999999998363,-71.99999999998909,7.4399999999999995,11.999999999989086,-91.43999999997817,-1.1723076923076585,False,0.988554736466763,9,41963.600000003935,"F (partida 0,10 / 2R)"
MGC,london,2022-05-13,F,0.1,2.0,-1,2022-05-13 10:22:00+01:00,2022-05-13 10:22:00+01:00,2022-05-13 10:24:00+01:00,1820.8000000000002,1821.8,1818.8000000000002,1821.8999999999999,stop,8,0.9999999999997726,97.91999999998181,-71.99999999998909,9.92,15.999999999985448,-97.91999999997454,-1.22399999999996,False,-0.36380557013039666,10,41872.160000003954,"F (partida 0,10 / 2R)"
MGC,london,2022-05-17,F,0.1,2.0,1,2022-05-17 09:44:00+01:00,2022-05-17 09:44:00+01:00,2022-05-17 09:54:00+01:00,1826.5,1825.5,1828.5,1825.4,stop,8,1.0,97.92,-72.00000000000728,9.92,15.999999999985448,-97.91999999999273,-1.2239999999999092,False,0.41697604943870403,9,41774.24000000398,"F (partida 0,10 / 2R)"
MGC,london,2022-05-18,F,0.1,2.0,1,2022-05-18 09:11:00+01:00,2022-05-18 09:11:00+01:00,2022-05-18 09:29:00+01:00,1814.3,1813.0,1816.9,1812.9,stop,6,1.2999999999999545,91.43999999999727,-72.00000000000273,7.4399999999999995,11.999999999989086,-91.43999999999181,-1.1723076923076283,False,0.9476263766345201,9,41676.32000000399,"F (partida 0,10 / 2R)"
MGC,london,2022-05-24,F,0.1,2.0,1,2022-05-24 09:37:00+01:00,2022-05-24 09:37:00+01:00,2022-05-24 09:39:00+01:00,1858.3999999999999,1857.4,1860.4,1857.3000000000002,stop,8,0.9999999999997726,97.91999999998181,-71.99999999998909,9.92,15.999999999985448,-97.91999999997454,-1.22399999999996,False,0.6642092724194537,9,41584.88000000399,"F (partida 0,10 / 2R)"
MGC,london,2022-05-25,F,0.1,2.0,-1,2022-05-25 09:50:00+01:00,2022-05-25 09:50:00+01:00,2022-05-25 09:54:00+01:00,1854.2,1855.1999999999998,1852.2,1855.2999999999997,stop,8,0.9999999999997726,97.91999999998181,-71.99999999998909,9.92,15.999999999985448,-97.91999999997454,-1.22399999999996,False,-0.996433766804024,9,41486.960000004015,"F (partida 0,10 / 2R)"
MGC,london,2022-06-07,F,0.1,2.0,1,2022-06-07 09:38:00+01:00,2022-06-07 09:38:00+01:00,2022-06-07 09:45:00+01:00,1847.3999999999999,1846.1000000000001,1850.0,1850.0,objetivo,6,1.2999999999997272,91.43999999998363,162.00000000000273,7.4399999999999995,5.999999999994543,148.5600000000082,1.9046153846158893,False,0.20435772949354006,9,41389.04000000404,"F (partida 0,10 / 2R)"
MGC,london,2022-06-07,F,0.1,2.0,1,2022-06-07 10:17:00+01:00,2022-06-07 10:17:00+01:00,2022-06-07 11:00:00+01:00,1849.8999999999999,1848.5,1852.7,1849.5,cierre_sesion,6,1.3999999999998636,97.43999999999183,-12.000000000002728,7.4399999999999995,11.999999999989086,-31.439999999991812,-0.37428571428565327,False,0.8993268527431453,10,41537.600000004044,"F (partida 0,10 / 2R)"
MGC,london,2022-06-16,F,0.1,2.0,-1,2022-06-16 08:45:00+01:00,2022-06-16 08:45:00+01:00,2022-06-16 08:48:00+01:00,1828.3000000000002,1830.0,1824.9,1830.1,stop,5,1.699999999999818,96.1999999999909,-79.99999999999545,6.2,9.999999999990905,-96.19999999998636,-1.1317647058823135,False,-0.15065474181839827,8,41506.16000000405,"F (partida 0,10 / 2R)"
MGC,london,2022-06-23,F,0.1,2.0,1,2022-06-23 08:34:00+01:00,2022-06-23 08:34:00+01:00,2022-06-23 08:35:00+01:00,1837.3,1836.3000000000002,1839.3000000000002,1836.2000000000003,stop,8,0.9999999999997726,97.91999999998181,-71.99999999998909,9.92,15.999999999985448,-97.91999999997454,-1.22399999999996,False,0.2867598016820863,8,41409.96000000406,"F (partida 0,10 / 2R)"
MGC,london,2022-06-28,F,0.1,2.0,-1,2022-06-28 08:48:00+01:00,2022-06-28 08:48:00+01:00,2022-06-28 08:51:00+01:00,1827.9,1828.8999999999999,1825.9,1828.9999999999998,stop,8,0.9999999999997726,97.91999999998181,-71.99999999998909,9.92,15.999999999985448,-97.91999999997454,-1.22399999999996,False,-0.665684813185866,8,41312.04000000408,"F (partida 0,10 / 2R)"
MGC,london,2022-07-04,F,0.1,2.0,-1,2022-07-04 09:42:00+01:00,2022-07-04 09:42:00+01:00,2022-07-04 10:16:00+01:00,1807.3000000000002,1808.6,1804.7,1808.6999999999998,stop,6,1.2999999999997272,91.43999999998363,-71.99999999998909,7.4399999999999995,11.999999999989086,-91.43999999997817,-1.1723076923076585,False,-1.0499968987809054,9,41214.120000004106,"F (partida 0,10 / 2R)"
MGC,london,2022-07-06,F,0.1,2.0,1,2022-07-06 08:51:00+01:00,2022-07-06 08:51:00+01:00,2022-07-06 08:55:00+01:00,1768.5,1767.1000000000001,1771.3000000000002,1767.0,stop_hueco,6,1.3999999999998636,97.43999999999183,-78.00000000001091,7.4399999999999995,11.999999999989086,-97.44,-1.160000000000113,False,0.3288976787104855,8,41122.680000004126,"F (partida 0,10 / 2R)"
MGC,london,2022-07-14,F,0.1,2.0,-1,2022-07-14 09:51:00+01:00,2022-07-14 09:51:00+01:00,2022-07-14 09:56:00+01:00,1714.2,1715.3999999999999,1711.8000000000002,1715.4999999999998,stop,7,1.199999999999818,99.67999999998727,-76.99999999999363,8.68,13.999999999987267,-99.67999999998091,-1.1866666666666192,False,-0.28231577906932,9,41025.24000000412,"F (partida 0,10 / 2R)"
MGC,london,2022-07-18,F,0.1,2.0,1,2022-07-18 09:32:00+01:00,2022-07-18 09:32:00+01:00,2022-07-18 09:36:00+01:00,1717.8,1716.8000000000002,1719.8000000000002,1716.7000000000003,stop,8,0.9999999999997726,97.91999999998181,-71.99999999998909,9.92,15.999999999985448,-97.91999999997454,-1.22399999999996,False,0.5275897426768346,9,40925.560000004145,"F (partida 0,10 / 2R)"
MGC,london,2022-07-19,F,0.1,2.0,1,2022-07-19 10:23:00+01:00,2022-07-19 10:23:00+01:00,2022-07-19 10:51:00+01:00,1710.8,1709.8000000000002,1712.8000000000002,1712.8000000000002,objetivo,8,0.9999999999997726,97.91999999998181,168.0000000000109,9.92,7.999999999992724,150.0800000000182,1.876000000000654,False,0.9031378819932635,10,40827.64000000417,"F (partida 0,10 / 2R)"
MGC,london,2022-07-20,F,0.1,2.0,1,2022-07-20 08:46:00+01:00,2022-07-20 08:46:00+01:00,2022-07-20 08:59:00+01:00,1706.3999999999999,1705.4,1708.4,1705.3000000000002,stop,8,0.9999999999997726,97.91999999998181,-71.99999999998909,9.92,15.999999999985448,-97.91999999997454,-1.22399999999996,False,0.7657965126532799,8,40977.720000004185,"F (partida 0,10 / 2R)"
MGC,london,2022-08-09,F,0.1,2.0,1,2022-08-09 10:24:00+01:00,2022-08-09 10:24:00+01:00,2022-08-09 10:28:00+01:00,1808.0,1807.0,1810.0,1806.9,stop,8,1.0,97.92,-72.00000000000728,9.92,15.999999999985448,-97.91999999999273,-1.2239999999999092,False,0.5348334089480627,10,40879.80000000421,"F (partida 0,10 / 2R)"
MGC,london,2022-08-15,F,0.1,2.0,-1,2022-08-15 09:38:00+01:00,2022-08-15 09:38:00+01:00,2022-08-15 09:51:00+01:00,1801.5,1802.8,1798.9,1798.9,objetivo,6,1.2999999999999545,91.43999999999727,161.9999999999891,7.4399999999999995,5.999999999994543,148.55999999999455,1.9046153846153813,False,-0.9381947020174836,9,40781.88000000422,"F (partida 0,10 / 2R)"
MGC,london,2022-08-16,F,0.1,2.0,-1,2022-08-16 09:34:00+01:00,2022-08-16 09:34:00+01:00,2022-08-16 09:38:00+01:00,1788.9,1790.0,1786.7,1790.1,stop,7,1.099999999999909,92.67999999999364,-70.0,8.68,13.999999999987267,-92.67999999998727,-1.203636363636298,False,-1.3806361765402975,9,40930.440000004215,"F (partida 0,10 / 2R)"
MGC,london,2022-08-23,F,0.1,2.0,1,2022-08-23 08:41:00+01:00,2022-08-23 08:41:00+01:00,2022-08-23 09:16:00+01:00,1750.3,1748.6000000000001,1753.7,1753.7,objetivo,5,1.699999999999818,96.1999999999909,175.0,6.2,4.9999999999954525,163.80000000000456,1.9270588235296715,False,0.8123492310788201,8,40837.76000000423,"F (partida 0,10 / 2R)"
MGC,london,2022-08-29,F,0.1,2.0,-1,2022-08-29 09:09:00+01:00,2022-08-29 09:09:00+01:00,2022-08-29 09:19:00+01:00,1732.2,1733.1999999999998,1730.2,1733.2999999999997,stop,8,0.9999999999997726,97.91999999998181,-71.99999999998909,9.92,15.999999999985448,-97.91999999997454,-1.22399999999996,False,-0.5102046053856364,9,41001.56000000423,"F (partida 0,10 / 2R)"
MGC,london,2022-08-31,F,0.1,2.0,-1,2022-08-31 08:46:00+01:00,2022-08-31 08:46:00+01:00,2022-08-31 08:50:00+01:00,1732.3000000000002,1733.3,1730.3000000000002,1733.3999999999999,stop,8,0.9999999999997726,97.91999999998181,-71.99999999998909,9.92,15.999999999985448,-97.91999999997454,-1.22399999999996,False,-0.20120372804753833,8,40903.640000004256,"F (partida 0,10 / 2R)"
MGC,london,2022-09-08,F,0.1,2.0,-1,2022-09-08 09:54:00+01:00,2022-09-08 09:54:00+01:00,2022-09-08 09:59:00+01:00,1727.8000000000002,1728.8,1725.8000000000002,1728.8999999999999,stop,8,0.9999999999997726,97.91999999998181,-71.99999999998909,9.92,15.999999999985448,-97.91999999997454,-1.22399999999996,False,-0.7465463414100012,9,40805.72000000428,"F (partida 0,10 / 2R)"
MGC,london,2022-09-12,F,0.1,2.0,1,2022-09-12 09:02:00+01:00,2022-09-12 09:02:00+01:00,2022-09-12 09:09:00+01:00,1736.3,1734.7,1739.5,1734.6000000000001,stop,5,1.599999999999909,91.19999999999544,-75.0,6.2,9.999999999990905,-91.19999999999091,-1.139999999999951,False,0.8808704507714215,9,40707.8000000043,"F (partida 0,10 / 2R)"
MGC,london,2022-09-12,F,0.1,2.0,1,2022-09-12 09:56:00+01:00,2022-09-12 09:56:00+01:00,2022-09-12 11:00:00+01:00,1736.1,1734.6000000000001,1739.1000000000001,1735.9,cierre_sesion,5,1.4999999999997726,86.19999999998862,0.0,6.2,9.999999999990905,-16.199999999990904,-0.21599999999991146,False,0.30665094269731724,9,40616.60000000431,"F (partida 0,10 / 2R)"
MGC,london,2022-09-21,F,0.1,2.0,-1,2022-09-21 08:56:00+01:00,2022-09-21 08:56:00+01:00,2022-09-21 09:50:00+01:00,1679.1000000000001,1680.3,1676.7,1680.3999999999999,stop,7,1.199999999999818,99.67999999998727,-76.99999999999363,8.68,13.999999999987267,-99.67999999998091,-1.1866666666666192,False,-0.673378575609759,8,40600.40000000432,"F (partida 0,10 / 2R)"
MGC,london,2022-09-22,F,0.1,2.0,1,2022-09-22 09:05:00+01:00,2022-09-22 09:05:00+01:00,2022-09-22 09:17:00+01:00,1671.1,1667.9,1677.5,1677.5,objetivo,2,3.199999999999818,68.47999999999637,130.0,2.48,1.999999999998181,125.52000000000182,1.9612500000001398,False,1.0229697330014156,9,40500.720000004345,"F (partida 0,10 / 2R)"
MGC,london,2022-09-27,F,0.1,2.0,-1,2022-09-27 10:03:00+01:00,2022-09-27 10:03:00+01:00,2022-09-27 10:28:00+01:00,1643.2,1644.1999999999998,1641.2,1641.1,objetivo_hueco,8,0.9999999999997726,97.91999999998181,176.00000000000364,9.92,7.999999999992724,158.08000000001093,1.976000000000586,False,-0.4084135312948564,10,40626.24000000435,"F (partida 0,10 / 2R)"
MGC,london,2022-09-28,F,0.1,2.0,1,2022-09-28 09:20:00+01:00,2022-09-28 09:20:00+01:00,2022-09-28 09:27:00+01:00,1629.6999999999998,1627.7,1633.7,1627.6000000000001,stop,4,1.9999999999997726,88.9599999999909,-75.99999999999454,4.96,7.999999999992724,-88.95999999998726,-1.1119999999999672,False,1.1135296154270755,9,40784.32000000436,"F (partida 0,10 / 2R)"
MGC,london,2022-09-29,F,0.1,2.0,1,2022-09-29 10:29:00+01:00,2022-09-29 10:29:00+01:00,2022-09-29 11:00:00+01:00,1657.0,1653.9,1663.2,1655.6000000000001,cierre_sesion,3,3.099999999999909,99.71999999999727,-36.000000000001364,3.7199999999999998,5.999999999994543,-45.719999999995906,-0.49161290322577683,False,0.41156022518964075,10,40695.36000000437,"F (partida 0,10 / 2R)"
MGC,london,2022-10-04,F,0.1,2.0,-1,2022-10-04 09:48:00+01:00,2022-10-04 09:48:00+01:00,2022-10-04 09:48:00+01:00,1715.3000000000002,1716.3,1713.3000000000002,1716.3999999999999,stop,8,0.9999999999997726,97.91999999998181,-71.99999999998909,9.92,15.999999999985448,-97.91999999997454,-1.22399999999996,False,-0.44555023309695824,9,40649.64000000438,"F (partida 0,10 / 2R)"
MGC,london,2022-10-07,F,0.1,2.0,1,2022-10-07 09:13:00+01:00,2022-10-07 09:13:00+01:00,2022-10-07 10:09:00+01:00,1719.8999999999999,1718.7,1722.3000000000002,1722.3000000000002,objetivo,7,1.199999999999818,99.67999999998727,175.00000000001592,8.68,6.9999999999936335,159.32000000002228,1.8966666666672194,False,0.10698335430143613,9,40551.7200000044,"F (partida 0,10 / 2R)"
MGC,london,2022-10-11,F,0.1,2.0,-1,2022-10-11 10:00:00+01:00,2022-10-11 10:00:00+01:00,2022-10-11 10:01:00+01:00,1672.2,1673.3,1670.0,1673.3999999999999,stop,7,1.099999999999909,92.67999999999364,-70.0,8.68,13.999999999987267,-92.67999999998727,-1.203636363636298,False,-0.20568725612167313,9,40711.040000004425,"F (partida 0,10 / 2R)"
MGC,london,2022-10-12,F,0.1,2.0,-1,2022-10-12 08:47:00+01:00,2022-10-12 08:47:00+01:00,2022-10-12 08:48:00+01:00,1675.4,1676.5,1673.2,1676.6,stop,7,1.099999999999909,92.67999999999364,-70.0,8.68,13.999999999987267,-92.67999999998727,-1.203636363636298,False,-1.5220130909337044,8,40618.36000000444,"F (partida 0,10 / 2R)"
MGC,london,2022-10-12,F,0.1,2.0,-1,2022-10-12 08:50:00+01:00,2022-10-12 08:50:00+01:00,2022-10-12 08:52:00+01:00,1675.4,1676.5,1673.2,1676.6,stop,7,1.099999999999909,92.67999999999364,-70.0,8.68,13.999999999987267,-92.67999999998727,-1.203636363636298,False,-1.3733246444662954,8,40525.68000000445,"F (partida 0,10 / 2R)"
MGC,london,2022-10-19,F,0.1,2.0,-1,2022-10-19 08:33:00+01:00,2022-10-19 08:33:00+01:00,2022-10-19 08:36:00+01:00,1643.5,1644.5,1641.5,1644.6,stop,8,1.0,97.92,-72.00000000000728,9.92,15.999999999985448,-97.91999999999273,-1.2239999999999092,False,-1.759307309373667,8,40433.00000000447,"F (partida 0,10 / 2R)"
MGC,london,2022-10-20,F,0.1,2.0,1,2022-10-20 08:46:00+01:00,2022-10-20 08:46:00+01:00,2022-10-20 08:53:00+01:00,1635.1999999999998,1634.2,1637.2,1637.2,objetivo,8,0.9999999999997726,97.91999999998181,168.0000000000109,9.92,7.999999999992724,150.0800000000182,1.876000000000654,False,0.679428117468003,8,40335.08000000448,"F (partida 0,10 / 2R)"
MGC,london,2022-10-25,F,0.1,2.0,-1,2022-10-25 10:30:00+01:00,2022-10-25 10:30:00+01:00,2022-10-25 10:46:00+01:00,1646.8000000000002,1647.8999999999999,1644.6000000000001,1644.6000000000001,objetivo,7,1.0999999999996817,92.67999999997772,160.99999999999682,8.68,6.9999999999936335,145.32000000000318,1.8872727272733147,False,-0.9164704002952618,10,40485.16000000449,"F (partida 0,10 / 2R)"
MGC,london,2022-10-26,F,0.1,2.0,1,2022-10-26 09:35:00+01:00,2022-10-26 09:35:00+01:00,2022-10-26 09:53:00+01:00,1675.8,1674.8000000000002,1677.8000000000002,1677.8000000000002,objetivo,8,0.9999999999997726,97.91999999998181,168.0000000000109,9.92,7.999999999992724,150.0800000000182,1.876000000000654,False,1.2000042987662944,9,40630.48000000449,"F (partida 0,10 / 2R)"
MGC,london,2022-10-27,F,0.1,2.0,1,2022-10-27 09:39:00+01:00,2022-10-27 09:39:00+01:00,2022-10-27 09:40:00+01:00,1669.1999999999998,1668.2,1671.2,1668.1000000000001,stop,8,0.9999999999997726,97.91999999998181,-71.99999999998909,9.92,15.999999999985448,-97.91999999997454,-1.22399999999996,False,1.740748913751127,9,40780.56000000451,"F (partida 0,10 / 2R)"
MGC,london,2022-10-28,F,0.1,2.0,-1,2022-10-28 09:03:00+01:00,2022-10-28 09:03:00+01:00,2022-10-28 09:34:00+01:00,1655.0,1656.1,1652.8000000000002,1652.8000000000002,objetivo,7,1.099999999999909,92.67999999999364,160.9999999999809,8.68,6.9999999999936335,145.31999999998726,1.8872727272727179,False,-0.5756384142200033,9,40682.64000000453,"F (partida 0,10 / 2R)"
MGC,london,2022-11-03,F,0.1,2.0,-1,2022-11-03 09:09:00+00:00,2022-11-03 09:09:00+00:00,2022-11-03 09:16:00+00:00,1627.2,1628.1999999999998,1625.2,1625.2,objetivo,8,0.9999999999997726,97.91999999998181,167.99999999999272,9.92,7.999999999992724,150.08,1.8760000000004267,False,-0.28765096733671985,9,40827.96000000452,"F (partida 0,10 / 2R)"
MGC,london,2022-11-07,F,0.1,2.0,1,2022-11-07 10:12:00+00:00,2022-11-07 10:12:00+00:00,2022-11-07 10:37:00+00:00,1682.6999999999998,1681.7,1684.7,1681.6000000000001,stop,8,0.9999999999997726,97.91999999998181,-71.99999999998909,9.92,15.999999999985448,-97.91999999997454,-1.22399999999996,False,1.0372931920632846,10,40978.04000000452,"F (partida 0,10 / 2R)"
MGC,london,2022-11-14,F,0.1,2.0,-1,2022-11-14 08:51:00+00:00,2022-11-14 08:51:00+00:00,2022-11-14 09:09:00+00:00,1764.9,1766.3,1762.1000000000001,1762.1000000000001,objetivo,6,1.3999999999998636,97.43999999999183,173.99999999999181,7.4399999999999995,5.999999999994543,160.55999999999727,1.9114285714287251,False,-1.320216260178066,8,40880.12000000454,"F (partida 0,10 / 2R)"
MGC,london,2022-11-14,F,0.1,2.0,-1,2022-11-14 10:33:00+00:00,2022-11-14 10:33:00+00:00,2022-11-14 10:56:00+00:00,1758.4,1760.0,1755.2,1760.1,stop,5,1.599999999999909,91.19999999999544,-75.0,6.2,9.999999999990905,-91.19999999999091,-1.139999999999951,False,-1.2307720996352387,10,41040.68000000454,"F (partida 0,10 / 2R)"
MGC,london,2022-11-16,F,0.1,2.0,1,2022-11-16 09:41:00+00:00,2022-11-16 09:41:00+00:00,2022-11-16 11:00:00+00:00,1785.6999999999998,1784.2,1788.7,1785.8000000000002,cierre_sesion,5,1.4999999999997726,86.19999999998862,15.000000000009095,6.2,9.999999999990905,-1.1999999999818103,-0.015999999999759897,False,1.924935090202824,9,40949.48000000455,"F (partida 0,10 / 2R)"
MGC,london,2022-11-17,F,0.1,2.0,-1,2022-11-17 09:30:00+00:00,2022-11-17 09:30:00+00:00,2022-11-17 09:33:00+00:00,1769.2,1770.3999999999999,1766.8000000000002,1766.7,objetivo_hueco,7,1.199999999999818,99.67999999998727,181.99999999999363,8.68,6.9999999999936335,166.32,1.9800000000003,False,-0.7238117005929057,9,40948.28000000457,"F (partida 0,10 / 2R)"
MGC,london,2022-12-15,F,0.1,2.0,-1,2022-12-15 08:59:00+00:00,2022-12-15 08:59:00+00:00,2022-12-15 09:22:00+00:00,1787.3000000000002,1788.6999999999998,1784.5,1788.7999999999997,stop,6,1.3999999999996362,97.43999999997818,-77.99999999998363,7.4399999999999995,11.999999999989086,-97.43999999997271,-1.1599999999999766,False,-2.3586223436172853,8,41114.60000000457,"F (partida 0,10 / 2R)"
MGC,london,2022-12-20,F,0.1,2.0,1,2022-12-20 09:30:00+00:00,2022-12-20 09:30:00+00:00,2022-12-20 09:40:00+00:00,1813.6999999999998,1812.7,1815.7,1815.7,objetivo_hueco,8,0.9999999999997726,97.91999999998181,168.0000000000109,9.92,7.999999999992724,150.0800000000182,1.876000000000654,False,1.155983606967022,9,41017.160000004595,"F (partida 0,10 / 2R)"
MGC,london,2023-01-11,F,0.1,2.0,1,2023-01-11 08:32:00+00:00,2023-01-11 08:32:00+00:00,2023-01-11 08:49:00+00:00,1887.3999999999999,1886.4,1889.4,1889.4,objetivo,8,0.9999999999997726,97.91999999998181,168.0000000000109,9.92,7.999999999992724,150.0800000000182,1.876000000000654,False,1.2736006503368174,8,41167.24000000461,"F (partida 0,10 / 2R)"
MGC,london,2023-01-11,F,0.1,2.0,1,2023-01-11 09:19:00+00:00,2023-01-11 09:19:00+00:00,2023-01-11 09:50:00+00:00,1889.3,1888.2,1891.5,1888.1000000000001,stop,7,1.099999999999909,92.67999999999364,-70.0,8.68,13.999999999987267,-92.67999999998727,-1.203636363636298,False,1.710913678165292,9,41317.32000000463,"F (partida 0,10 / 2R)"
MGC,london,2023-02-06,F,0.1,2.0,-1,2023-02-06 09:39:00+00:00,2023-02-06 09:39:00+00:00,2023-02-06 11:00:00+00:00,1885.7,1887.5,1882.1000000000001,1884.8999999999999,cierre_sesion,5,1.7999999999999545,101.19999999999771,50.0,6.2,9.999999999990905,33.80000000000909,0.37555555555566605,False,-2.174880503645473,9,41224.64000000464,"F (partida 0,10 / 2R)"
MGC,london,2023-02-10,F,0.1,2.0,-1,2023-02-10 10:06:00+00:00,2023-02-10 10:06:00+00:00,2023-02-10 10:11:00+00:00,1874.1000000000001,1875.3,1871.7,1871.7,objetivo,7,1.199999999999818,99.67999999998727,175.0,8.68,6.9999999999936335,159.32000000000636,1.89666666666703,False,-0.6994255104928965,10,41258.44000000465,"F (partida 0,10 / 2R)"
MGC,london,2023-02-13,F,0.1,2.0,-1,2023-02-13 09:02:00+00:00,2023-02-13 09:02:00+00:00,2023-02-13 09:16:00+00:00,1871.8000000000002,1872.8999999999999,1869.6000000000001,1869.6000000000001,objetivo,7,1.0999999999996817,92.67999999997772,160.99999999999682,8.68,6.9999999999936335,145.32000000000318,1.8872727272733147,False,-0.36761913005803587,9,41417.76000000466,"F (partida 0,10 / 2R)"
MGC,london,2023-02-17,F,0.1,2.0,1,2023-02-17 10:28:00+00:00,2023-02-17 10:28:00+00:00,2023-02-17 10:30:00+00:00,1834.8999999999999,1833.1000000000001,1838.5,1833.0000000000002,stop,5,1.7999999999997272,101.19999999998635,-84.9999999999909,6.2,9.999999999990905,-101.19999999998181,-1.1244444444444128,False,0.36082108405914926,10,41563.08000000466,"F (partida 0,10 / 2R)"
MGC,london,2023-02-21,F,0.1,2.0,1,2023-02-21 09:31:00+00:00,2023-02-21 09:31:00+00:00,2023-02-21 10:18:00+00:00,1843.6999999999998,1842.2,1846.7,1842.1000000000001,stop,6,1.4999999999997726,103.43999999998636,-83.99999999999181,7.4399999999999995,11.999999999989086,-103.4399999999809,-1.1493333333332953,False,0.26491715823576245,9,41461.880000004676,"F (partida 0,10 / 2R)"
MGC,london,2023-02-22,F,0.1,2.0,-1,2023-02-22 09:33:00+00:00,2023-02-22 09:33:00+00:00,2023-02-22 09:49:00+00:00,1842.7,1844.0,1840.1000000000001,1844.1,stop,6,1.2999999999999545,91.43999999999727,-72.00000000000273,7.4399999999999995,11.999999999989086,-91.43999999999181,-1.1723076923076283,False,-0.9739986481643333,9,41358.440000004695,"F (partida 0,10 / 2R)"
MGC,london,2023-02-24,F,0.1,2.0,1,2023-02-24 09:11:00+00:00,2023-02-24 09:11:00+00:00,2023-02-24 09:21:00+00:00,1831.1999999999998,1830.2,1833.2,1830.1000000000001,stop,8,0.9999999999997726,97.91999999998181,-71.99999999998909,9.92,15.999999999985448,-97.91999999997454,-1.22399999999996,False,1.2976125107997811,9,41267.0000000047,"F (partida 0,10 / 2R)"
MGC,london,2023-03-03,F,0.1,2.0,1,2023-03-03 10:41:00+00:00,2023-03-03 10:41:00+00:00,2023-03-03 11:00:00+00:00,1853.0,1851.9,1855.2,1852.8000000000002,cierre_sesion,7,1.099999999999909,92.67999999999364,0.0,8.68,13.999999999987267,-22.679999999987267,-0.29454545454531356,False,0.2378995011792874,10,41169.080000004724,"F (partida 0,10 / 2R)"
MGC,london,2023-03-06,F,0.1,2.0,-1,2023-03-06 09:17:00+00:00,2023-03-06 09:17:00+00:00,2023-03-06 09:30:00+00:00,1859.1000000000001,1860.1,1857.1000000000001,1857.1000000000001,objetivo,8,0.9999999999997726,97.91999999998181,167.99999999999272,9.92,7.999999999992724,150.08,1.8760000000004267,False,-0.778390943455127,9,41146.40000000474,"F (partida 0,10 / 2R)"
MGC,london,2023-03-07,F,0.1,2.0,-1,2023-03-07 10:31:00+00:00,2023-03-07 10:31:00+00:00,2023-03-07 11:00:00+00:00,1848.2,1849.5,1845.6000000000001,1848.3,cierre_sesion,6,1.2999999999999545,91.43999999999727,5.999999999994543,7.4399999999999995,11.999999999989086,-13.439999999994543,-0.17230769230762838,False,-1.2998625996177595,10,41296.48000000474,"F (partida 0,10 / 2R)"
MGC,london,2023-03-13,F,0.1,2.0,1,2023-03-13 08:40:00+00:00,2023-03-13 08:40:00+00:00,2023-03-13 08:53:00+00:00,1884.5,1881.9,1889.7,1889.7,objetivo,3,2.599999999999909,84.71999999999727,158.99999999999864,3.7199999999999998,2.9999999999972715,152.28000000000137,1.952307692307778,False,1.9873945468309957,8,41283.040000004745,"F (partida 0,10 / 2R)"
MGC,london,2023-03-17,F,0.1,2.0,1,2023-03-17 09:54:00+00:00,2023-03-17 09:54:00+00:00,2023-03-17 10:13:00+00:00,1936.6,1935.6000000000001,1938.6000000000001,1935.5000000000002,stop,8,0.9999999999997726,97.91999999998181,-71.99999999998909,9.92,15.999999999985448,-97.91999999997454,-1.22399999999996,False,1.1896339660347635,9,41435.32000000474,"F (partida 0,10 / 2R)"
MGC,london,2023-03-22,F,0.1,2.0,1,2023-03-22 09:31:00+00:00,2023-03-22 09:31:00+00:00,2023-03-22 10:30:00+00:00,1946.8999999999999,1945.9,1948.9,1945.8000000000002,stop,8,0.9999999999997726,97.91999999998181,-71.99999999998909,9.92,15.999999999985448,-97.91999999997454,-1.22399999999996,False,0.410703860438338,9,41337.40000000477,"F (partida 0,10 / 2R)"
MGC,london,2023-04-12,F,0.1,2.0,-1,2023-04-12 09:07:00+01:00,2023-04-12 09:07:00+01:00,2023-04-12 09:26:00+01:00,2027.4,2028.6999999999998,2024.8000000000002,2024.8000000000002,objetivo,6,1.2999999999997272,91.43999999998363,161.9999999999891,7.4399999999999995,5.999999999994543,148.55999999999455,1.9046153846157143,False,-1.1307068401545122,9,41239.48000000479,"F (partida 0,10 / 2R)"
MGC,london,2023-04-12,F,0.1,2.0,-1,2023-04-12 09:51:00+01:00,2023-04-12 09:51:00+01:00,2023-04-12 10:17:00+01:00,2025.1000000000001,2026.1999999999998,2022.9,2026.2999999999997,stop,7,1.0999999999996817,92.67999999997772,-69.99999999998408,8.68,13.999999999987267,-92.67999999997136,-1.20363636363634,False,-1.4585969426031788,9,41388.04000000479,"F (partida 0,10 / 2R)"
MGC,london,2023-04-28,F,0.1,2.0,-1,2023-04-28 09:04:00+01:00,2023-04-28 09:04:00+01:00,2023-04-28 09:09:00+01:00,1990.4,1991.8,1987.6000000000001,1991.8999999999999,stop,6,1.3999999999998636,97.43999999999183,-77.99999999999727,7.4399999999999995,11.999999999989086,-97.43999999998636,-1.1599999999999506,False,-0.44177955377716316,9,41295.36000000482,"F (partida 0,10 / 2R)"
MGC,london,2023-04-28,F,0.1,2.0,-1,2023-04-28 09:15:00+01:00,2023-04-28 09:15:00+01:00,2023-04-28 09:35:00+01:00,1990.1000000000001,1991.3,1987.7,1991.3999999999999,stop,7,1.199999999999818,99.67999999998727,-76.99999999999363,8.68,13.999999999987267,-99.67999999998091,-1.1866666666666192,False,-0.3348204496183083,9,41197.92000000483,"F (partida 0,10 / 2R)"
MGC,london,2023-05-01,F,0.1,2.0,1,2023-05-01 09:06:00+01:00,2023-05-01 09:06:00+01:00,2023-05-01 09:26:00+01:00,1989.5,1988.5,1991.5,1988.4,stop,8,1.0,97.92,-72.00000000000728,9.92,15.999999999985448,-97.91999999999273,-1.2239999999999092,False,0.3673368073405079,9,41098.24000000485,"F (partida 0,10 / 2R)"
MGC,london,2023-05-04,F,0.1,2.0,-1,2023-05-04 09:38:00+01:00,2023-05-04 09:38:00+01:00,2023-05-04 09:38:00+01:00,2040.1000000000001,2041.1999999999998,2037.9,2041.2999999999997,stop,7,1.0999999999996817,92.67999999997772,-69.99999999998408,8.68,13.999999999987267,-92.67999999997136,-1.20363636363634,False,-0.3223806643041618,9,41000.32000000486,"F (partida 0,10 / 2R)"
MGC,london,2023-05-05,F,0.1,2.0,-1,2023-05-05 10:42:00+01:00,2023-05-05 10:42:00+01:00,2023-05-05 11:00:00+01:00,2046.3000000000002,2047.3999999999999,2044.1000000000001,2045.8,cierre_sesion,7,1.0999999999996817,92.67999999997772,49.00000000000318,8.68,13.999999999987267,26.320000000015916,0.34181818181848744,False,-0.5937204941423311,10,40907.64000000489,"F (partida 0,10 / 2R)"
MGC,london,2023-05-17,F,0.1,2.0,-1,2023-05-17 09:39:00+01:00,2023-05-17 09:39:00+01:00,2023-05-17 09:44:00+01:00,1990.3000000000002,1991.6999999999998,1987.5,1991.7999999999997,stop,6,1.3999999999996362,97.43999999997818,-77.99999999998363,7.4399999999999995,11.999999999989086,-97.43999999997271,-1.1599999999999766,False,-1.1915333931487346,9,40933.9600000049,"F (partida 0,10 / 2R)"
MGC,london,2023-05-18,F,0.1,2.0,1,2023-05-18 10:33:00+01:00,2023-05-18 10:33:00+01:00,2023-05-18 11:00:00+01:00,1979.8,1978.7,1982.0,1979.9,cierre_sesion,7,1.099999999999909,92.67999999999364,20.999999999996817,8.68,13.999999999987267,-1.67999999999045,-0.021818181818059595,False,0.1859185499646099,10,40836.52000000493,"F (partida 0,10 / 2R)"
MGC,london,2023-05-25,F,0.1,2.0,1,2023-05-25 09:08:00+01:00,2023-05-25 09:08:00+01:00,2023-05-25 11:00:00+01:00,1962.3999999999999,1960.5,1966.2,1961.6000000000001,cierre_sesion,4,1.8999999999998636,84.95999999999454,-23.999999999996362,4.96,7.999999999992724,-36.95999999998909,-0.4863157894735755,False,0.4004789948714318,9,40834.84000000494,"F (partida 0,10 / 2R)"
MGC,london,2023-06-19,F,0.1,2.0,-1,2023-06-19 08:36:00+01:00,2023-06-19 08:36:00+01:00,2023-06-19 08:38:00+01:00,1965.4,1966.3999999999999,1963.4,1966.4999999999998,stop,8,0.9999999999997726,97.91999999998181,-71.99999999998909,9.92,15.999999999985448,-97.91999999997454,-1.22399999999996,False,-0.7418473207954029,8,40797.880000004945,"F (partida 0,10 / 2R)"
MGC,london,2023-06-23,F,0.1,2.0,1,2023-06-23 09:10:00+01:00,2023-06-23 09:10:00+01:00,2023-06-23 09:58:00+01:00,1928.3999999999999,1927.4,1930.4,1927.3000000000002,stop,8,0.9999999999997726,97.91999999998181,-71.99999999998909,9.92,15.999999999985448,-97.91999999997454,-1.22399999999996,False,1.092720023998246,9,40699.96000000497,"F (partida 0,10 / 2R)"
MGC,london,2023-07-17,F,0.1,2.0,-1,2023-07-17 08:38:00+01:00,2023-07-17 08:38:00+01:00,2023-07-17 09:09:00+01:00,1955.4,1956.5,1953.2,1956.6,stop,7,1.099999999999909,92.67999999999364,-70.0,8.68,13.999999999987267,-92.67999999998727,-1.203636363636298,False,-2.461096940545544,8,40602.04000000499,"F (partida 0,10 / 2R)"
MGC,london,2023-07-18,F,0.1,2.0,-1,2023-07-18 09:52:00+01:00,2023-07-18 09:52:00+01:00,2023-07-18 09:54:00+01:00,1964.1000000000001,1965.3999999999999,1961.5,1965.4999999999998,stop,6,1.2999999999997272,91.43999999998363,-71.99999999998909,7.4399999999999995,11.999999999989086,-91.43999999997817,-1.1723076923076585,False,-0.15278144735180152,9,40509.36000000501,"F (partida 0,10 / 2R)"
MGC,london,2023-07-21,F,0.1,2.0,-1,2023-07-21 10:13:00+01:00,2023-07-21 10:13:00+01:00,2023-07-21 10:18:00+01:00,1963.6000000000001,1964.8999999999999,1961.0,1964.9999999999998,stop,6,1.2999999999997272,91.43999999998363,-71.99999999998909,7.4399999999999995,11.999999999989086,-91.43999999997817,-1.1723076923076585,False,-1.0591226878084183,10,40417.920000005026,"F (partida 0,10 / 2R)"
MGC,london,2023-08-15,F,0.1,2.0,-1,2023-08-15 09:01:00+01:00,2023-08-15 09:01:00+01:00,2023-08-15 09:10:00+01:00,1935.3000000000002,1936.3999999999999,1933.1000000000001,1936.4999999999998,stop,7,1.0999999999996817,92.67999999997772,-69.99999999998408,8.68,13.999999999987267,-92.67999999997136,-1.20363636363634,False,-0.27314748148434537,9,40326.480000005045,"F (partida 0,10 / 2R)"
MGC,london,2023-08-23,F,0.1,2.0,1,2023-08-23 09:44:00+01:00,2023-08-23 09:44:00+01:00,2023-08-23 10:25:00+01:00,1933.3,1932.2,1935.5,1932.1000000000001,stop,7,1.099999999999909,92.67999999999364,-70.0,8.68,13.999999999987267,-92.67999999998727,-1.203636363636298,False,0.43003368031214856,9,40233.800000005074,"F (partida 0,10 / 2R)"
MGC,london,2023-10-19,F,0.1,2.0,1,2023-10-19 09:07:00+01:00,2023-10-19 09:07:00+01:00,2023-10-19 09:10:00+01:00,1963.6999999999998,1962.7,1965.7,1965.7,objetivo,8,0.9999999999997726,97.91999999998181,168.0000000000109,9.92,7.999999999992724,150.0800000000182,1.876000000000654,False,0.5413884935357144,9,40141.12000000509,"F (partida 0,10 / 2R)"
MGC,london,2023-10-20,F,0.1,2.0,1,2023-10-20 09:05:00+01:00,2023-10-20 09:05:00+01:00,2023-10-20 09:18:00+01:00,1993.1,1992.1000000000001,1995.1000000000001,1995.1000000000001,objetivo,8,0.9999999999997726,97.91999999998181,168.0000000000109,9.92,7.999999999992724,150.0800000000182,1.876000000000654,False,1.0341838006453041,9,40291.200000005105,"F (partida 0,10 / 2R)"
MGC,london,2023-11-06,F,0.1,2.0,1,2023-11-06 09:01:00+00:00,2023-11-06 09:01:00+00:00,2023-11-06 09:07:00+00:00,1993.8,1992.8000000000002,1995.8000000000002,1992.7000000000003,stop,8,0.9999999999997726,97.91999999998181,-71.99999999998909,9.92,15.999999999985448,-97.91999999997454,-1.22399999999996,False,0.36175482800770237,9,40441.28000000512,"F (partida 0,10 / 2R)"
MGC,london,2023-11-06,F,0.1,2.0,1,2023-11-06 09:11:00+00:00,2023-11-06 09:11:00+00:00,2023-11-06 09:35:00+00:00,1994.3,1993.1000000000001,1996.7,1993.0000000000002,stop,7,1.199999999999818,99.67999999998727,-76.99999999999363,8.68,13.999999999987267,-99.67999999998091,-1.1866666666666192,False,0.3060222378856024,9,40343.360000005145,"F (partida 0,10 / 2R)"
MGC,london,2023-11-14,F,0.1,2.0,1,2023-11-14 09:38:00+00:00,2023-11-14 09:38:00+00:00,2023-11-14 10:51:00+00:00,1951.6999999999998,1950.2,1954.7,1950.1000000000001,stop,5,1.4999999999997726,86.19999999998862,-69.99999999999318,6.2,9.999999999990905,-86.19999999998409,-1.1493333333332953,False,2.1146136533612374,9,40243.680000005166,"F (partida 0,10 / 2R)"
MGC,london,2023-11-27,F,0.1,2.0,-1,2023-11-27 10:31:00+00:00,2023-11-27 10:31:00+00:00,2023-11-27 10:38:00+00:00,2012.9,2014.5,2009.7,2014.6,stop,5,1.599999999999909,91.19999999999544,-75.0,6.2,9.999999999990905,-91.19999999999091,-1.139999999999951,False,-0.155361187410069,10,40157.480000005184,"F (partida 0,10 / 2R)"
MGC,london,2023-12-04,F,0.1,2.0,1,2023-12-04 09:19:00+00:00,2023-12-04 09:19:00+00:00,2023-12-04 09:29:00+00:00,2089.5,2088.3,2091.9,2091.9,objetivo,7,1.199999999999818,99.67999999998727,175.0,8.68,6.9999999999936335,159.32000000000636,1.89666666666703,False,1.9994611044840258,9,40066.280000005194,"F (partida 0,10 / 2R)"
MGC,london,2023-12-06,F,0.1,2.0,-1,2023-12-06 09:11:00+00:00,2023-12-06 09:11:00+00:00,2023-12-06 09:15:00+00:00,2043.6000000000001,2044.8999999999999,2041.0,2041.0,objetivo,6,1.2999999999997272,91.43999999998363,162.00000000000273,7.4399999999999995,5.999999999994543,148.5600000000082,1.9046153846158893,False,-3.7652726353124795,9,40225.6000000052,"F (partida 0,10 / 2R)"
MGC,london,2024-01-09,F,0.1,2.0,1,2024-01-09 09:26:00+00:00,2024-01-09 09:26:00+00:00,2024-01-09 10:16:00+00:00,2041.3,2040.1000000000001,2043.7,2043.7,objetivo,7,1.199999999999818,99.67999999998727,175.0,8.68,6.9999999999936335,159.32000000000636,1.89666666666703,False,0.16750381202228865,9,40374.160000005206,"F (partida 0,10 / 2R)"
MGC,london,2024-01-12,F,0.1,2.0,1,2024-01-12 08:34:00+00:00,2024-01-12 08:34:00+00:00,2024-01-12 08:41:00+00:00,2043.8999999999999,2042.9,2045.9,2042.8000000000002,stop,8,0.9999999999997726,97.91999999998181,-71.99999999998909,9.92,15.999999999985448,-97.91999999997454,-1.22399999999996,False,1.4766995904526077,8,40533.48000000521,"F (partida 0,10 / 2R)"
MGC,london,2024-03-06,F,0.1,2.0,1,2024-03-06 09:51:00+00:00,2024-03-06 09:51:00+00:00,2024-03-06 09:57:00+00:00,2135.2,2134.2000000000003,2137.2000000000003,2137.2000000000003,objetivo,8,0.9999999999995453,97.91999999996362,168.0000000000291,9.92,7.999999999992724,150.0800000000364,1.876000000001308,False,0.21897832111202514,9,40435.560000005236,"F (partida 0,10 / 2R)"
MGC,london,2024-03-08,F,0.1,2.0,1,2024-03-08 09:48:00+00:00,2024-03-08 09:48:00+00:00,2024-03-08 09:57:00+00:00,2174.7,2173.5,2177.1,2177.1,objetivo,7,1.199999999999818,99.67999999998727,175.0,8.68,6.9999999999936335,159.32000000000636,1.89666666666703,False,1.1764361525548188,9,40585.640000005274,"F (partida 0,10 / 2R)"
MGC,london,2024-03-21,F,0.1,2.0,-1,2024-03-21 09:02:00+00:00,2024-03-21 09:02:00+00:00,2024-03-21 09:03:00+00:00,2202.0,2203.1,2199.8,2203.2,stop,7,1.099999999999909,92.67999999999364,-70.0,8.68,13.999999999987267,-92.67999999998727,-1.203636363636298,False,-3.0987786009191023,9,40744.96000000528,"F (partida 0,10 / 2R)"
MGC,london,2024-03-21,F,0.1,2.0,1,2024-03-21 09:44:00+00:00,2024-03-21 09:44:00+00:00,2024-03-21 10:03:00+00:00,2206.2999999999997,2205.3,2208.3,2208.3,objetivo,8,0.9999999999995453,97.91999999996362,168.0000000000291,9.92,7.999999999992724,150.0800000000364,1.876000000001308,False,0.6909435603497082,9,40652.280000005296,"F (partida 0,10 / 2R)"
MGC,london,2024-03-22,F,0.1,2.0,-1,2024-03-22 08:51:00+00:00,2024-03-22 08:51:00+00:00,2024-03-22 08:57:00+00:00,2167.3,2168.2999999999997,2165.3,2168.3999999999996,stop,8,0.9999999999995453,97.91999999996362,-71.9999999999709,9.92,15.999999999985448,-97.91999999995635,-1.2240000000000109,False,-0.3342686339378982,8,40802.360000005334,"F (partida 0,10 / 2R)"
MGC,london,2024-03-22,F,0.1,2.0,-1,2024-03-22 10:07:00+00:00,2024-03-22 10:07:00+00:00,2024-03-22 10:19:00+00:00,2167.7000000000003,2168.7999999999997,2165.5,2168.8999999999996,stop,7,1.0999999999994543,92.67999999996181,-69.99999999996817,8.68,13.999999999987267,-92.67999999995544,-1.203636363636382,False,-0.20901929172858058,10,40704.44000000538,"F (partida 0,10 / 2R)"
MGC,london,2024-04-01,F,0.1,2.0,-1,2024-04-01 09:27:00+01:00,2024-04-01 09:27:00+01:00,2024-04-01 10:26:00+01:00,2278.7000000000003,2280.2,2275.7000000000003,2275.7000000000003,objetivo,5,1.4999999999995453,86.19999999997725,154.99999999999545,6.2,4.9999999999954525,143.8,1.9173333333339146,False,-0.8321454324212367,9,40611.76000000542,"F (partida 0,10 / 2R)"
MGC,london,2024-04-03,F,0.1,2.0,1,2024-04-03 10:17:00+01:00,2024-04-03 10:17:00+01:00,2024-04-03 10:21:00+01:00,2294.5,2293.5,2296.5,2293.4,stop,8,1.0,97.92,-72.00000000000728,9.92,15.999999999985448,-97.91999999999273,-1.2239999999999092,False,0.372391301663284,10,40755.560000005426,"F (partida 0,10 / 2R)"
MGC,london,2024-04-08,F,0.1,2.0,1,2024-04-08 08:38:00+01:00,2024-04-08 08:38:00+01:00,2024-04-08 08:46:00+01:00,2357.6,2355.7000000000003,2361.4,2355.6000000000004,stop,4,1.8999999999996362,84.95999999998544,-71.99999999998909,4.96,7.999999999992724,-84.9599999999818,-1.11789473684208,False,0.9444974916052393,8,40657.640000005435,"F (partida 0,10 / 2R)"
MGC,london,2024-04-08,F,0.1,2.0,1,2024-04-08 08:55:00+01:00,2024-04-08 08:55:00+01:00,2024-04-08 09:14:00+01:00,2356.5,2355.2000000000003,2359.1,2359.1,objetivo,6,1.2999999999997272,91.43999999998363,161.9999999999891,7.4399999999999995,5.999999999994543,148.55999999999455,1.9046153846157143,False,0.32262448818362843,8,40572.68000000545,"F (partida 0,10 / 2R)"
MGC,london,2024-04-16,F,0.1,2.0,-1,2024-04-16 08:49:00+01:00,2024-04-16 08:49:00+01:00,2024-04-16 08:54:00+01:00,2386.9,2388.0,2384.7000000000003,2384.7000000000003,objetivo,7,1.099999999999909,92.67999999999364,160.9999999999809,8.68,6.9999999999936335,145.31999999998726,1.8872727272727179,False,-1.356029518203274,8,40721.24000000545,"F (partida 0,10 / 2R)"
MGC,london,2024-04-16,F,0.1,2.0,1,2024-04-16 10:04:00+01:00,2024-04-16 10:04:00+01:00,2024-04-16 10:11:00+01:00,2387.4,2386.0,2390.2000000000003,2385.9,stop,6,1.400000000000091,97.44000000000547,-78.00000000001091,7.4399999999999995,11.999999999989086,-97.44,-1.1599999999999246,False,0.11028781315288726,10,40866.56000000543,"F (partida 0,10 / 2R)"
MGC,london,2024-04-23,F,0.1,2.0,1,2024-04-23 09:21:00+01:00,2024-04-23 09:21:00+01:00,2024-04-23 09:22:00+01:00,2323.0,2322.0,2325.0,2321.9,stop,8,1.0,97.92,-72.00000000000728,9.92,15.999999999985448,-97.91999999999273,-1.2239999999999092,False,0.35199203741567653,9,40769.12000000543,"F (partida 0,10 / 2R)"
MGC,london,2024-04-24,F,0.1,2.0,-1,2024-04-24 10:12:00+01:00,2024-04-24 10:12:00+01:00,2024-04-24 10:19:00+01:00,2331.5,2332.6,2329.3,2329.3,objetivo,7,1.099999999999909,92.67999999999364,160.9999999999809,8.68,6.9999999999936335,145.31999999998726,1.8872727272727179,False,-0.767971733723743,10,40671.20000000544,"F (partida 0,10 / 2R)"
MGC,london,2024-04-26,F,0.1,2.0,1,2024-04-26 10:04:00+01:00,2024-04-26 10:04:00+01:00,2024-04-26 10:06:00+01:00,2360.9,2359.9,2362.9,2359.8,stop,8,1.0,97.92,-72.00000000000728,9.92,15.999999999985448,-97.91999999999273,-1.2239999999999092,False,0.5038823385970439,10,40816.520000005425,"F (partida 0,10 / 2R)"
MGC,london,2024-04-30,F,0.1,2.0,-1,2024-04-30 09:02:00+01:00,2024-04-30 09:02:00+01:00,2024-04-30 09:05:00+01:00,2327.5,2328.5,2325.5,2328.6,stop,8,1.0,97.92,-72.00000000000728,9.92,15.999999999985448,-97.91999999999273,-1.2239999999999092,False,-1.6193743722328164,9,40718.600000005434,"F (partida 0,10 / 2R)"
MGC,london,2024-05-02,F,0.1,2.0,-1,2024-05-02 09:51:00+01:00,2024-05-02 09:51:00+01:00,2024-05-02 09:55:00+01:00,2314.8,2315.7999999999997,2312.8,2312.8,objetivo,8,0.9999999999995453,97.91999999996362,167.99999999999272,9.92,7.999999999992724,150.08,1.8760000000008532,False,-1.3125466679543065,9,40620.68000000544,"F (partida 0,10 / 2R)"
MGC,london,2024-05-06,F,0.1,2.0,1,2024-05-06 09:27:00+01:00,2024-05-06 09:27:00+01:00,2024-05-06 09:30:00+01:00,2330.5,2329.5,2332.5,2329.4,stop,8,1.0,97.92,-72.00000000000728,9.92,15.999999999985448,-97.91999999999273,-1.2239999999999092,False,0.8246973972046666,9,40770.760000005444,"F (partida 0,10 / 2R)"
MGC,london,2024-05-14,F,0.1,2.0,1,2024-05-14 09:22:00+01:00,2024-05-14 09:22:00+01:00,2024-05-14 09:23:00+01:00,2345.5,2344.5,2347.5,2344.4,stop,8,1.0,97.92,-72.00000000000728,9.92,15.999999999985448,-97.91999999999273,-1.2239999999999092,False,0.4998383956227141,9,40672.84000000545,"F (partida 0,10 / 2R)"
MGC,london,2024-05-16,F,0.1,2.0,1,2024-05-16 09:01:00+01:00,2024-05-16 09:01:00+01:00,2024-05-16 09:13:00+01:00,2394.6,2393.5,2396.8,2393.4,stop,7,1.099999999999909,92.67999999999364,-70.0,8.68,13.999999999987267,-92.67999999998727,-1.203636363636298,False,1.190551808639094,9,40574.92000000546,"F (partida 0,10 / 2R)"
MGC,london,2024-05-17,F,0.1,2.0,-1,2024-05-17 09:09:00+01:00,2024-05-17 09:09:00+01:00,2024-05-17 09:55:00+01:00,2387.4,2388.7999999999997,2384.6,2388.8999999999996,stop,6,1.3999999999996362,97.43999999997818,-77.99999999998363,7.4399999999999995,11.999999999989086,-97.43999999997271,-1.1599999999999766,False,-1.3272713543182753,9,40482.24000000548,"F (partida 0,10 / 2R)"
MGC,london,2024-05-21,F,0.1,2.0,1,2024-05-21 08:56:00+01:00,2024-05-21 08:56:00+01:00,2024-05-21 09:09:00+01:00,2422.9,2421.5,2425.7000000000003,2421.4,stop,6,1.400000000000091,97.44000000000547,-78.00000000001091,7.4399999999999995,11.999999999989086,-97.44,-1.1599999999999246,False,3.8154829537210393,8,40384.8000000055,"F (partida 0,10 / 2R)"
MGC,london,2024-05-23,F,0.1,2.0,-1,2024-05-23 08:31:00+01:00,2024-05-23 08:31:00+01:00,2024-05-23 08:44:00+01:00,2364.3,2365.6,2361.7000000000003,2361.7000000000003,objetivo,6,1.2999999999997272,91.43999999998363,161.9999999999891,7.4399999999999995,5.999999999994543,148.55999999999455,1.9046153846157143,False,-0.7013002066161824,8,40287.3600000055,"F (partida 0,10 / 2R)"
MGC,london,2024-05-23,F,0.1,2.0,1,2024-05-23 10:05:00+01:00,2024-05-23 10:05:00+01:00,2024-05-23 10:16:00+01:00,2362.7,2361.3,2365.5,2365.5,objetivo,6,1.3999999999996362,97.43999999997818,174.00000000000546,7.4399999999999995,5.999999999994543,160.56000000001092,1.911428571429198,False,0.21342564446842738,10,40435.9200000055,"F (partida 0,10 / 2R)"
MGC,london,2024-05-28,F,0.1,2.0,1,2024-05-28 10:26:00+01:00,2024-05-28 10:26:00+01:00,2024-05-28 11:00:00+01:00,2345.2,2344.2000000000003,2347.2000000000003,2344.5,cierre_sesion,8,0.9999999999995453,97.91999999996362,-40.0,9.92,15.999999999985448,-65.91999999998545,-0.8240000000001928,False,0.2435769296683238,10,40596.48000000551,"F (partida 0,10 / 2R)"
MGC,london,2024-06-10,F,0.1,2.0,1,2024-06-10 09:39:00+01:00,2024-06-10 09:39:00+01:00,2024-06-10 09:44:00+01:00,2314.2999999999997,2313.2000000000003,2316.5,2313.1000000000004,stop,7,1.0999999999994543,92.67999999996181,-69.99999999996817,8.68,13.999999999987267,-92.67999999995544,-1.203636363636382,False,0.7289870945594593,9,40530.56000000553,"F (partida 0,10 / 2R)"
MGC,london,2024-06-11,F,0.1,2.0,1,2024-06-11 09:00:00+01:00,2024-06-11 09:00:00+01:00,2024-06-11 09:02:00+01:00,2321.6,2320.6,2323.6,2320.5,stop,8,1.0,97.92,-72.00000000000728,9.92,15.999999999985448,-97.91999999999273,-1.2239999999999092,False,0.43165891011931673,8,40437.88000000557,"F (partida 0,10 / 2R)"
MGC,london,2024-06-11,F,0.1,2.0,1,2024-06-11 10:02:00+01:00,2024-06-11 10:02:00+01:00,2024-06-11 10:07:00+01:00,2323.7,2322.6,2325.9,2322.5,stop,7,1.099999999999909,92.67999999999364,-70.0,8.68,13.999999999987267,-92.67999999998727,-1.203636363636298,False,0.48619539489821445,10,40339.96000000558,"F (partida 0,10 / 2R)"
MGC,london,2024-06-17,F,0.1,2.0,1,2024-06-17 09:44:00+01:00,2024-06-17 09:44:00+01:00,2024-06-17 10:14:00+01:00,2335.2,2334.2000000000003,2337.2000000000003,2337.2000000000003,objetivo,8,0.9999999999995453,97.91999999996362,168.0000000000291,9.92,7.999999999992724,150.0800000000364,1.876000000001308,False,1.2267607162437038,9,40247.280000005594,"F (partida 0,10 / 2R)"
MGC,london,2024-06-20,F,0.1,2.0,-1,2024-06-20 10:28:00+01:00,2024-06-20 10:28:00+01:00,2024-06-20 10:34:00+01:00,2345.9,2347.4,2342.9,2347.5,stop,5,1.5,86.19999999999999,-70.00000000000455,6.2,9.999999999990905,-86.19999999999546,-1.1493333333332727,False,-0.8525542867066686,10,40397.36000000563,"F (partida 0,10 / 2R)"
MGC,london,2024-06-26,F,0.1,2.0,-1,2024-06-26 08:37:00+01:00,2024-06-26 08:37:00+01:00,2024-06-26 08:37:00+01:00,2325.8,2327.0,2323.4,2327.1,stop,7,1.199999999999818,99.67999999998727,-76.99999999999363,8.68,13.999999999987267,-99.67999999998091,-1.1866666666666192,False,-1.501247058717837,8,40311.160000005635,"F (partida 0,10 / 2R)"
MGC,london,2024-06-28,F,0.1,2.0,1,2024-06-28 09:06:00+01:00,2024-06-28 09:06:00+01:00,2024-06-28 09:07:00+01:00,2338.9,2337.9,2340.9,2337.8,stop,8,1.0,97.92,-72.00000000000728,9.92,15.999999999985448,-97.91999999999273,-1.2239999999999092,False,0.2653963757411759,9,40211.48000000566,"F (partida 0,10 / 2R)"
MGC,london,2024-07-01,F,0.1,2.0,-1,2024-07-01 08:52:00+01:00,2024-07-01 08:52:00+01:00,2024-07-01 08:54:00+01:00,2333.7000000000003,2335.1,2330.9,2335.2,stop,6,1.3999999999996362,97.43999999997818,-77.99999999998363,7.4399999999999995,11.999999999989086,-97.43999999997271,-1.1599999999999766,False,-0.3349517437852271,8,40113.560000005666,"F (partida 0,10 / 2R)"
MGC,london,2024-07-02,F,0.1,2.0,1,2024-07-02 09:28:00+01:00,2024-07-02 09:28:00+01:00,2024-07-02 09:31:00+01:00,2340.6,2339.0,2343.8,2338.9,stop,5,1.599999999999909,91.19999999999544,-75.0,6.2,9.999999999990905,-91.19999999999091,-1.139999999999951,False,1.8792058155437696,9,40016.12000000569,"F (partida 0,10 / 2R)"
MGC,london,2024-07-02,F,0.1,2.0,1,2024-07-02 09:51:00+01:00,2024-07-02 09:51:00+01:00,2024-07-02 10:21:00+01:00,2340.1,2339.1,2342.1,2339.0,stop,8,1.0,97.92,-72.00000000000728,9.92,15.999999999985448,-97.91999999999273,-1.2239999999999092,False,1.0286626704722912,9,39924.9200000057,"F (partida 0,10 / 2R)"
MGC,london,2024-07-05,F,0.1,2.0,1,2024-07-05 09:04:00+01:00,2024-07-05 09:04:00+01:00,2024-07-05 09:54:00+01:00,2374.6,2373.5,2376.8,2373.4,stop,7,1.099999999999909,92.67999999999364,-70.0,8.68,13.999999999987267,-92.67999999998727,-1.203636363636298,False,2.438383145785736,9,39827.00000000571,"F (partida 0,10 / 2R)"
MGC,london,2024-07-11,F,0.1,2.0,-1,2024-07-11 08:42:00+01:00,2024-07-11 08:42:00+01:00,2024-07-11 09:01:00+01:00,2384.8,2385.7999999999997,2382.8,2385.8999999999996,stop,8,0.9999999999995453,97.91999999996362,-71.9999999999709,9.92,15.999999999985448,-97.91999999995635,-1.2240000000000109,False,-0.8107580598944826,8,39734.320000005726,"F (partida 0,10 / 2R)"
MGC,london,2024-07-11,F,0.1,2.0,1,2024-07-11 10:02:00+01:00,2024-07-11 10:02:00+01:00,2024-07-11 11:00:00+01:00,2388.2,2387.0,2390.6,2389.4,cierre_sesion,6,1.199999999999818,85.43999999998908,84.00000000000546,7.4399999999999995,11.999999999989086,64.56000000001637,0.89666666666703,False,0.1266641426048334,10,39636.40000000577,"F (partida 0,10 / 2R)"
MGC,london,2024-07-12,F,0.1,2.0,1,2024-07-12 09:53:00+01:00,2024-07-12 09:53:00+01:00,2024-07-12 10:22:00+01:00,2412.2999999999997,2411.3,2414.3,2411.2000000000003,stop,8,0.9999999999995453,97.91999999996362,-71.9999999999709,9.92,15.999999999985448,-97.91999999995635,-1.2240000000000109,False,0.9058233071182843,9,39700.96000000579,"F (partida 0,10 / 2R)"
MGC,london,2024-07-24,F,0.1,2.0,-1,2024-07-24 09:11:00+01:00,2024-07-24 09:11:00+01:00,2024-07-24 09:22:00+01:00,2413.7000000000003,2414.7,2411.7000000000003,2414.7999999999997,stop,8,0.9999999999995453,97.91999999996362,-71.9999999999709,9.92,15.999999999985448,-97.91999999995635,-1.2240000000000109,False,-2.3044602564108967,9,39603.040000005836,"F (partida 0,10 / 2R)"
MGC,london,2024-07-25,F,0.1,2.0,1,2024-07-25 09:01:00+01:00,2024-07-25 09:01:00+01:00,2024-07-25 09:17:00+01:00,2374.6,2373.2000000000003,2377.4,2373.1000000000004,stop,6,1.3999999999996362,97.43999999997818,-77.99999999998363,7.4399999999999995,11.999999999989086,-97.43999999997271,-1.1599999999999766,False,2.2604908986240204,9,39505.12000000588,"F (partida 0,10 / 2R)"
MGC,london,2024-07-26,F,0.1,2.0,1,2024-07-26 09:26:00+01:00,2024-07-26 09:26:00+01:00,2024-07-26 09:30:00+01:00,2370.9,2369.9,2372.9,2369.8,stop,8,1.0,97.92,-72.00000000000728,9.92,15.999999999985448,-97.91999999999273,-1.2239999999999092,False,1.2360022554215515,9,39407.68000000591,"F (partida 0,10 / 2R)"
MGC,london,2024-07-29,F,0.1,2.0,1,2024-07-29 10:30:00+01:00,2024-07-29 10:30:00+01:00,2024-07-29 10:33:00+01:00,2391.2,2389.8,2394.0,2389.7000000000003,stop,6,1.3999999999996362,97.43999999997818,-77.99999999998363,7.4399999999999995,11.999999999989086,-97.43999999997271,-1.1599999999999766,False,0.2899081488187536,10,39309.76000000592,"F (partida 0,10 / 2R)"
MGC,london,2024-08-01,F,0.1,2.0,-1,2024-08-01 08:31:00+01:00,2024-08-01 08:31:00+01:00,2024-08-01 08:50:00+01:00,2487.3,2488.4,2485.1000000000004,2485.1000000000004,objetivo,7,1.099999999999909,92.67999999999364,160.9999999999809,8.68,6.9999999999936335,145.31999999998726,1.8872727272727179,False,-1.1835514910277722,8,39212.320000005944,"F (partida 0,10 / 2R)"
MGC,london,2024-08-01,F,0.1,2.0,-1,2024-08-01 10:27:00+01:00,2024-08-01 10:27:00+01:00,2024-08-01 10:31:00+01:00,2477.4,2478.6,2475.0,2478.7,stop,6,1.199999999999818,85.43999999998908,-65.99999999999454,7.4399999999999995,11.999999999989086,-85.43999999998363,-1.1866666666666192,False,-1.2804328497135435,10,39357.64000000593,"F (partida 0,10 / 2R)"
MGC,london,2024-08-02,F,0.1,2.0,-1,2024-08-02 08:44:00+01:00,2024-08-02 08:44:00+01:00,2024-08-02 08:45:00+01:00,2506.2000000000003,2507.2,2504.2000000000003,2507.2999999999997,stop,8,0.9999999999995453,97.91999999996362,-71.9999999999709,9.92,15.999999999985448,-97.91999999995635,-1.2240000000000109,False,-1.285283715955957,8,39272.20000000595,"F (partida 0,10 / 2R)"
MGC,london,2024-08-05,F,0.1,2.0,-1,2024-08-05 10:30:00+01:00,2024-08-05 10:30:00+01:00,2024-08-05 10:32:00+01:00,2462.6,2464.2,2459.4,2464.2999999999997,stop,5,1.599999999999909,91.19999999999544,-75.0,6.2,9.999999999990905,-91.19999999999091,-1.139999999999951,False,-1.3834251261752069,10,39174.280000005994,"F (partida 0,10 / 2R)"
MGC,london,2024-08-08,F,0.1,2.0,-1,2024-08-08 08:52:00+01:00,2024-08-08 08:52:00+01:00,2024-08-08 08:59:00+01:00,2434.5,2435.6,2432.3,2435.7,stop,7,1.099999999999909,92.67999999999364,-70.0,8.68,13.999999999987267,-92.67999999998727,-1.203636363636298,False,-0.8154803916564329,8,39083.080000006004,"F (partida 0,10 / 2R)"
MGC,london,2024-08-09,F,0.1,2.0,1,2024-08-09 08:49:00+01:00,2024-08-09 08:49:00+01:00,2024-08-09 08:59:00+01:00,2464.2999999999997,2462.8,2467.3,2462.7000000000003,stop,5,1.4999999999995453,86.19999999997725,-69.99999999998181,6.2,9.999999999990905,-86.19999999997272,-1.149333333333318,False,2.4512064747458657,8,38990.40000000602,"F (partida 0,10 / 2R)"
MGC,london,2024-08-09,F,0.1,2.0,1,2024-08-09 09:05:00+01:00,2024-08-09 09:05:00+01:00,2024-08-09 09:19:00+01:00,2464.9,2463.4,2467.9,2463.3,stop,5,1.5,86.19999999999999,-70.00000000000455,6.2,9.999999999990905,-86.19999999999546,-1.1493333333332727,False,1.4527861004178881,9,38904.20000000604,"F (partida 0,10 / 2R)"
MGC,london,2024-08-12,F,0.1,2.0,1,2024-08-12 09:48:00+01:00,2024-08-12 09:48:00+01:00,2024-08-12 10:06:00+01:00,2480.9,2479.6,2483.5,2483.5,objetivo,6,1.300000000000182,91.44000000001091,161.9999999999891,7.4399999999999995,5.999999999994543,148.55999999999455,1.9046153846150482,False,0.679179031205243,9,38818.000000006046,"F (partida 0,10 / 2R)"
MGC,london,2024-08-14,F,0.1,2.0,1,2024-08-14 09:30:00+01:00,2024-08-14 09:30:00+01:00,2024-08-14 09:38:00+01:00,2509.5,2508.2000000000003,2512.1000000000004,2512.1000000000004,objetivo,6,1.2999999999997272,91.43999999998363,162.00000000001637,7.4399999999999995,5.999999999994543,148.56000000002183,1.9046153846160643,False,0.5923122334945812,9,38966.560000006044,"F (partida 0,10 / 2R)"
MGC,london,2024-08-26,F,0.1,2.0,1,2024-08-26 09:43:00+01:00,2024-08-26 09:43:00+01:00,2024-08-26 10:09:00+01:00,2560.2,2559.2000000000003,2562.2000000000003,2559.1000000000004,stop,7,0.9999999999995453,85.67999999996817,-62.999999999974534,8.68,13.999999999987267,-85.67999999996181,-1.224000000000011,False,1.2185708639703667,9,39115.12000000606,"F (partida 0,10 / 2R)"
MGC,london,2024-08-28,F,0.1,2.0,1,2024-08-28 08:32:00+01:00,2024-08-28 08:32:00+01:00,2024-08-28 08:42:00+01:00,2545.5,2544.0,2548.5,2543.9,stop,5,1.5,86.19999999999999,-70.00000000000455,6.2,9.999999999990905,-86.19999999999546,-1.1493333333332727,False,0.66247466951465,8,39029.4400000061,"F (partida 0,10 / 2R)"
MGC,london,2024-08-30,F,0.1,2.0,1,2024-08-30 10:33:00+01:00,2024-08-30 10:33:00+01:00,2024-08-30 10:52:00+01:00,2558.6,2557.4,2561.0,2557.3,stop,6,1.199999999999818,85.43999999998908,-65.99999999999454,7.4399999999999995,11.999999999989086,-85.43999999998363,-1.1866666666666192,False,0.8045824218102358,10,38943.2400000061,"F (partida 0,10 / 2R)"
MGC,london,2024-09-05,F,0.1,2.0,1,2024-09-05 09:02:00+01:00,2024-09-05 09:02:00+01:00,2024-09-05 09:03:00+01:00,2537.7999999999997,2536.6,2540.2000000000003,2536.5,stop,6,1.199999999999818,85.43999999998908,-65.99999999999454,7.4399999999999995,11.999999999989086,-85.43999999998363,-1.1866666666666192,False,0.707285443982764,9,38857.80000000612,"F (partida 0,10 / 2R)"
MGC,london,2024-09-13,F,0.1,2.0,1,2024-09-13 10:24:00+01:00,2024-09-13 10:24:00+01:00,2024-09-13 10:55:00+01:00,2598.7,2597.4,2601.3,2597.3,stop,6,1.2999999999997272,91.43999999998363,-71.99999999998909,7.4399999999999995,11.999999999989086,-91.43999999997817,-1.1723076923076585,False,0.42121696798161457,10,38772.36000000614,"F (partida 0,10 / 2R)"
MGC,london,2024-09-27,F,0.1,2.0,-1,2024-09-27 09:53:00+01:00,2024-09-27 09:53:00+01:00,2024-09-27 10:18:00+01:00,2684.8,2686.1,2682.2000000000003,2682.2,objetivo_hueco,6,1.2999999999997272,91.43999999998363,162.00000000001637,7.4399999999999995,5.999999999994543,148.56000000002183,1.9046153846160643,False,-0.4690860576296458,9,38680.92000000616,"F (partida 0,10 / 2R)"
MGC,london,2024-09-30,F,0.1,2.0,-1,2024-09-30 10:30:00+01:00,2024-09-30 10:30:00+01:00,2024-09-30 10:34:00+01:00,2671.9,2673.0,2669.7000000000003,2673.1,stop,7,1.099999999999909,92.67999999999364,-70.0,8.68,13.999999999987267,-92.67999999998727,-1.203636363636298,False,-1.3371860301626195,10,38829.48000000618,"F (partida 0,10 / 2R)"
MGC,london,2024-09-30,F,0.1,2.0,-1,2024-09-30 10:39:00+01:00,2024-09-30 10:39:00+01:00,2024-09-30 11:00:00+01:00,2671.4,2672.6,2669.0,2671.5,cierre_sesion,6,1.199999999999818,85.43999999998908,5.999999999994543,7.4399999999999995,11.999999999989086,-13.439999999994543,-0.18666666666661916,False,-1.1336337689792735,10,38736.800000006195,"F (partida 0,10 / 2R)"
MGC,london,2024-10-03,F,0.1,2.0,-1,2024-10-03 10:02:00+01:00,2024-10-03 10:02:00+01:00,2024-10-03 10:33:00+01:00,2663.5,2665.1,2660.3,2665.2,stop,5,1.599999999999909,91.19999999999544,-75.0,6.2,9.999999999990905,-91.19999999999091,-1.139999999999951,False,-0.6315838679516675,10,38723.3600000062,"F (partida 0,10 / 2R)"
MGC,london,2024-10-07,F,0.1,2.0,1,2024-10-07 09:31:00+01:00,2024-10-07 09:31:00+01:00,2024-10-07 09:40:00+01:00,2673.5,2672.5,2675.5,2672.4,stop,7,1.0,85.68,-63.00000000000637,8.68,13.999999999987267,-85.67999999999364,-1.2239999999999092,False,3.0645053764059873,9,38632.16000000621,"F (partida 0,10 / 2R)"
MGC,london,2024-10-09,F,0.1,2.0,1,2024-10-09 09:58:00+01:00,2024-10-09 09:58:00+01:00,2024-10-09 10:45:00+01:00,2634.7999999999997,2633.6,2637.2000000000003,2633.5,stop,6,1.199999999999818,85.43999999998908,-65.99999999999454,7.4399999999999995,11.999999999989086,-85.43999999998363,-1.1866666666666192,False,1.1997388575213166,9,38546.48000000622,"F (partida 0,10 / 2R)"
MGC,london,2024-10-11,F,0.1,2.0,-1,2024-10-11 10:16:00+01:00,2024-10-11 10:16:00+01:00,2024-10-11 10:20:00+01:00,2657.1,2658.2,2654.9,2654.9,objetivo,7,1.099999999999909,92.67999999999364,160.9999999999809,8.68,6.9999999999936335,145.31999999998726,1.8872727272727179,False,-0.5413174009853068,10,38461.04000000624,"F (partida 0,10 / 2R)"
MGC,london,2024-10-14,F,0.1,2.0,-1,2024-10-14 09:46:00+01:00,2024-10-14 09:46:00+01:00,2024-10-14 09:54:00+01:00,2676.2000000000003,2677.2,2674.2000000000003,2677.2999999999997,stop,7,0.9999999999995453,85.67999999996817,-62.999999999974534,8.68,13.999999999987267,-85.67999999996181,-1.224000000000011,False,-0.8432096368013926,9,38606.36000000622,"F (partida 0,10 / 2R)"
MGC,london,2024-10-14,F,0.1,2.0,-1,2024-10-14 10:02:00+01:00,2024-10-14 10:02:00+01:00,2024-10-14 10:05:00+01:00,2676.4,2677.4,2674.4,2677.5,stop,7,1.0,85.68,-63.00000000000637,8.68,13.999999999987267,-85.67999999999364,-1.2239999999999092,False,-0.6235441412625845,10,38520.68000000626,"F (partida 0,10 / 2R)"
MGC,london,2024-10-15,F,0.1,2.0,1,2024-10-15 09:08:00+01:00,2024-10-15 09:08:00+01:00,2024-10-15 11:00:00+01:00,2669.4,2667.2000000000003,2673.8,2670.2000000000003,cierre_sesion,3,2.199999999999818,72.71999999999454,30.0,3.7199999999999998,5.999999999994543,20.280000000005458,0.3072727272728354,False,0.3915896861470203,9,38435.000000006265,"F (partida 0,10 / 2R)"
MGC,london,2024-10-16,F,0.1,2.0,-1,2024-10-16 08:40:00+01:00,2024-10-16 08:40:00+01:00,2024-10-16 08:46:00+01:00,2690.9,2692.2,2688.3,2692.2999999999997,stop,6,1.2999999999997272,91.43999999998363,-71.99999999998909,7.4399999999999995,11.999999999989086,-91.43999999997817,-1.1723076923076585,False,-1.2332617122144223,8,38455.28000000627,"F (partida 0,10 / 2R)"
MGC,london,2024-10-22,F,0.1,2.0,-1,2024-10-22 09:14:00+01:00,2024-10-22 09:14:00+01:00,2024-10-22 09:15:00+01:00,2747.2000000000003,2748.2,2745.2000000000003,2748.2999999999997,stop,7,0.9999999999995453,85.67999999996817,-62.999999999974534,8.68,13.999999999987267,-85.67999999996181,-1.224000000000011,False,-0.7247721325914288,9,38363.84000000629,"F (partida 0,10 / 2R)"
MGC,london,2024-10-24,F,0.1,2.0,1,2024-10-24 08:38:00+01:00,2024-10-24 08:38:00+01:00,2024-10-24 08:42:00+01:00,2748.9,2747.7000000000003,2751.3,2747.6000000000004,stop,6,1.199999999999818,85.43999999998908,-65.99999999999454,7.4399999999999995,11.999999999989086,-85.43999999998363,-1.1866666666666192,False,0.9149892387813341,8,38278.160000006326,"F (partida 0,10 / 2R)"
MGC,london,2024-10-24,F,0.1,2.0,1,2024-10-24 10:32:00+01:00,2024-10-24 10:32:00+01:00,2024-10-24 10:34:00+01:00,2751.6,2750.6,2753.6000000000004,2750.5,stop,7,1.0,85.68,-63.00000000000637,8.68,13.999999999987267,-85.67999999999364,-1.2239999999999092,False,0.724238557204529,10,38192.720000006346,"F (partida 0,10 / 2R)"
MGC,london,2024-10-28,F,0.1,2.0,-1,2024-10-28 09:51:00+00:00,2024-10-28 09:51:00+00:00,2024-10-28 10:26:00+00:00,2742.1,2743.7999999999997,2738.7000000000003,2743.8999999999996,stop,4,1.699999999999818,76.95999999999272,-63.99999999999636,4.96,7.999999999992724,-76.95999999998908,-1.1317647058823135,False,-1.6904470415399135,9,38107.04000000635,"F (partida 0,10 / 2R)"
MGC,london,2024-10-30,F,0.1,2.0,-1,2024-10-30 09:23:00+00:00,2024-10-30 09:23:00+00:00,2024-10-30 09:33:00+00:00,2793.3,2794.5,2790.9,2794.6,stop,6,1.199999999999818,85.43999999998908,-65.99999999999454,7.4399999999999995,11.999999999989086,-85.43999999998363,-1.1866666666666192,False,-0.3596675620535133,9,38030.08000000636,"F (partida 0,10 / 2R)"
MGC,london,2024-11-01,F,0.1,2.0,1,2024-11-01 09:08:00+00:00,2024-11-01 09:08:00+00:00,2024-11-01 09:17:00+00:00,2764.4,2763.2000000000003,2766.8,2763.1000000000004,stop,6,1.199999999999818,85.43999999998908,-65.99999999999454,7.4399999999999995,11.999999999989086,-85.43999999998363,-1.1866666666666192,False,0.7250507459083825,9,37944.64000000638,"F (partida 0,10 / 2R)"
MGC,london,2024-11-06,F,0.1,2.0,-1,2024-11-06 09:20:00+00:00,2024-11-06 09:20:00+00:00,2024-11-06 09:41:00+00:00,2731.1,2733.2999999999997,2726.7000000000003,2726.7000000000003,objetivo,3,2.199999999999818,72.71999999999454,134.99999999998636,3.7199999999999998,2.9999999999972715,128.2799999999891,1.943636363636359,False,-0.9519989688202182,9,37859.2000000064,"F (partida 0,10 / 2R)"
MGC,london,2024-11-08,F,0.1,2.0,1,2024-11-08 08:52:00+00:00,2024-11-08 08:52:00+00:00,2024-11-08 08:53:00+00:00,2696.7,2695.1,2699.9,2695.0,stop_hueco,5,1.599999999999909,91.19999999999544,-75.0,6.2,9.999999999990905,-91.19999999999091,-1.139999999999951,False,1.604326383329856,8,37987.48000000639,"F (partida 0,10 / 2R)"
MGC,london,2024-11-08,F,0.1,2.0,1,2024-11-08 08:55:00+00:00,2024-11-08 08:55:00+00:00,2024-11-08 09:14:00+00:00,2696.0,2695.0,2698.0,2698.0,objetivo,7,1.0,85.68,146.99999999999363,8.68,6.9999999999936335,131.32,1.876,False,1.5729857186222445,8,37896.2800000064,"F (partida 0,10 / 2R)"
MGC,london,2024-11-11,F,0.1,2.0,-1,2024-11-11 09:52:00+00:00,2024-11-11 09:52:00+00:00,2024-11-11 09:57:00+00:00,2671.6,2673.4,2668.0,2673.5,stop,4,1.800000000000182,80.96000000000727,-68.00000000001091,4.96,7.999999999992724,-80.96000000000363,-1.1244444444443813,False,-0.9162931151723874,9,38027.6000000064,"F (partida 0,10 / 2R)"
MGC,london,2024-11-12,F,0.1,2.0,-1,2024-11-12 09:00:00+00:00,2024-11-12 09:00:00+00:00,2024-11-12 09:06:00+00:00,2606.4,2607.9,2603.4,2603.4,objetivo,5,1.5,86.19999999999999,154.99999999999545,6.2,4.9999999999954525,143.8,1.9173333333333336,False,-0.6155656381554898,8,37946.640000006395,"F (partida 0,10 / 2R)"
MGC,london,2024-11-12,F,0.1,2.0,-1,2024-11-12 09:59:00+00:00,2024-11-12 09:59:00+00:00,2024-11-12 10:11:00+00:00,2598.8,2600.0,2596.4,2600.1,stop,6,1.199999999999818,85.43999999998908,-65.99999999999454,7.4399999999999995,11.999999999989086,-85.43999999998363,-1.1866666666666192,False,-0.736351040470816,9,38090.4400000064,"F (partida 0,10 / 2R)"
MGC,london,2024-11-13,F,0.1,2.0,1,2024-11-13 09:01:00+00:00,2024-11-13 09:01:00+00:00,2024-11-13 10:01:00+00:00,2614.7,2613.1,2617.9,2613.0,stop,5,1.599999999999909,91.19999999999544,-75.0,6.2,9.999999999990905,-91.19999999999091,-1.139999999999951,False,1.9209691178579837,9,38005.00000000642,"F (partida 0,10 / 2R)"
MGC,london,2024-11-14,F,0.1,2.0,-1,2024-11-14 09:07:00+00:00,2024-11-14 09:07:00+00:00,2024-11-14 09:18:00+00:00,2560.4,2562.2999999999997,2556.6000000000004,2556.6000000000004,objetivo,4,1.8999999999996362,84.95999999998544,155.99999999998545,4.96,3.999999999996362,147.03999999998908,1.9347368421054898,False,-0.3093063438424891,9,37913.80000000643,"F (partida 0,10 / 2R)"
MGC,london,2024-11-19,F,0.1,2.0,1,2024-11-19 10:28:00+00:00,2024-11-19 10:28:00+00:00,2024-11-19 10:33:00+00:00,2638.2999999999997,2637.1,2640.7000000000003,2637.0,stop,6,1.199999999999818,85.43999999998908,-65.99999999999454,7.4399999999999995,11.999999999989086,-85.43999999998363,-1.1866666666666192,False,0.9419090512080875,10,38060.840000006414,"F (partida 0,10 / 2R)"
MGC,london,2024-11-21,F,0.1,2.0,1,2024-11-21 09:01:00+00:00,2024-11-21 09:01:00+00:00,2024-11-21 09:14:00+00:00,2672.2999999999997,2671.0,2674.9,2670.9,stop,6,1.2999999999997272,91.43999999998363,-71.99999999998909,7.4399999999999995,11.999999999989086,-91.43999999997817,-1.1723076923076585,False,1.8076629258212829,9,37975.40000000643,"F (partida 0,10 / 2R)"
MGC,london,2024-11-22,F,0.1,2.0,1,2024-11-22 08:35:00+00:00,2024-11-22 08:35:00+00:00,2024-11-22 08:36:00+00:00,2701.2,2700.0,2703.6000000000004,2699.9,stop,6,1.199999999999818,85.43999999998908,-65.99999999999454,7.4399999999999995,11.999999999989086,-85.43999999998363,-1.1866666666666192,False,0.8247639351843143,8,37883.96000000645,"F (partida 0,10 / 2R)"
MGC,london,2024-12-03,F,0.1,2.0,1,2024-12-03 09:44:00+00:00,2024-12-03 09:44:00+00:00,2024-12-03 09:44:00+00:00,2669.7,2668.4,2672.3,2668.3,stop,6,1.2999999999997272,91.43999999998363,-71.99999999998909,7.4399999999999995,11.999999999989086,-91.43999999997817,-1.1723076923076585,False,0.8980672470775191,9,37798.52000000647,"F (partida 0,10 / 2R)"
MGC,london,2024-12-05,F,0.1,2.0,-1,2024-12-05 09:13:00+00:00,2024-12-05 09:13:00+00:00,2024-12-05 09:39:00+00:00,2667.5,2669.0,2664.5,2669.1,stop,5,1.5,86.19999999999999,-70.00000000000455,6.2,9.999999999990905,-86.19999999999546,-1.1493333333332727,False,-1.1515473458697374,9,37707.08000000649,"F (partida 0,10 / 2R)"
MGC,london,2024-12-10,F,0.1,2.0,1,2024-12-10 09:45:00+00:00,2024-12-10 09:45:00+00:00,2024-12-10 09:48:00+00:00,2688.0,2686.6,2690.8,2686.5,stop,5,1.400000000000091,81.20000000000456,-65.0000000000091,6.2,9.999999999990905,-81.2,-1.1599999999999246,False,0.19065600524399992,9,37620.880000006495,"F (partida 0,10 / 2R)"
MGC,london,2024-12-12,F,0.1,2.0,1,2024-12-12 08:57:00+00:00,2024-12-12 08:57:00+00:00,2024-12-12 09:05:00+00:00,2753.7999999999997,2752.5,2756.4,2752.4,stop,6,1.2999999999997272,91.43999999998363,-71.99999999998909,7.4399999999999995,11.999999999989086,-91.43999999997817,-1.1723076923076585,False,0.3757428790816287,8,37539.6800000065,"F (partida 0,10 / 2R)"
MGC,london,2024-12-17,F,0.1,2.0,-1,2024-12-17 10:07:00+00:00,2024-12-17 10:07:00+00:00,2024-12-17 10:18:00+00:00,2654.6,2656.0,2651.8,2656.1,stop,5,1.400000000000091,81.20000000000456,-65.0000000000091,6.2,9.999999999990905,-81.2,-1.1599999999999246,False,-1.2186436253064656,10,37448.24000000652,"F (partida 0,10 / 2R)"
MGC,london,2024-12-19,F,0.1,2.0,1,2024-12-19 09:32:00+00:00,2024-12-19 09:32:00+00:00,2024-12-19 09:33:00+00:00,2634.7999999999997,2633.8,2636.8,2633.7000000000003,stop,7,0.9999999999995453,85.67999999996817,-62.999999999974534,8.68,13.999999999987267,-85.67999999996181,-1.224000000000011,False,1.2514305638921783,9,37367.04000000652,"F (partida 0,10 / 2R)"
MGC,london,2024-12-20,F,0.1,2.0,1,2024-12-20 08:51:00+00:00,2024-12-20 08:51:00+00:00,2024-12-20 08:55:00+00:00,2621.2999999999997,2620.1,2623.7000000000003,2620.0,stop,6,1.199999999999818,85.43999999998908,-65.99999999999454,7.4399999999999995,11.999999999989086,-85.43999999998363,-1.1866666666666192,False,0.4063741271057738,8,37281.360000006556,"F (partida 0,10 / 2R)"
MGC,london,2024-12-20,F,0.1,2.0,-1,2024-12-20 09:24:00+00:00,2024-12-20 09:24:00+00:00,2024-12-20 09:35:00+00:00,2619.6,2620.7999999999997,2617.2000000000003,2617.2000000000003,objetivo,6,1.199999999999818,85.43999999998908,149.99999999997272,7.4399999999999995,5.999999999994543,136.55999999997817,1.896666666666651,False,-0.14115021609181386,9,37195.920000006576,"F (partida 0,10 / 2R)"
MGC,london,2024-12-27,F,0.1,2.0,-1,2024-12-27 09:32:00+00:00,2024-12-27 09:32:00+00:00,2024-12-27 10:16:00+00:00,2640.2000000000003,2641.2,2638.2000000000003,2641.2999999999997,stop,7,0.9999999999995453,85.67999999996817,-62.999999999974534,8.68,13.999999999987267,-85.67999999996181,-1.224000000000011,False,-1.076872474035799,9,37332.48000000655,"F (partida 0,10 / 2R)"
MGC,london,2025-01-07,F,0.1,2.0,1,2025-01-07 10:31:00+00:00,2025-01-07 10:31:00+00:00,2025-01-07 11:00:00+00:00,2655.4,2654.2000000000003,2657.8,2655.3,cierre_sesion,6,1.199999999999818,85.43999999998908,5.999999999994543,7.4399999999999995,11.999999999989086,-13.439999999994543,-0.18666666666661916,False,0.12707447560725854,10,37246.80000000659,"F (partida 0,10 / 2R)"
MGC,london,2025-01-10,F,0.1,2.0,1,2025-01-10 09:21:00+00:00,2025-01-10 09:21:00+00:00,2025-01-10 09:25:00+00:00,2706.1,2705.0,2708.3,2708.3,objetivo,7,1.099999999999909,92.67999999999364,161.00000000001273,8.68,6.9999999999936335,145.3200000000191,1.8872727272731313,False,0.23022137912632312,9,37233.36000000659,"F (partida 0,10 / 2R)"
MGC,london,2025-01-14,F,0.1,2.0,-1,2025-01-14 10:11:00+00:00,2025-01-14 10:11:00+00:00,2025-01-14 10:21:00+00:00,2680.8,2681.9,2678.6000000000004,2678.6000000000004,objetivo,7,1.099999999999909,92.67999999999364,160.9999999999809,8.68,6.9999999999936335,145.31999999998726,1.8872727272727179,False,-1.4135739983327908,10,37378.680000006614,"F (partida 0,10 / 2R)"
MGC,london,2025-01-20,F,0.1,2.0,-1,2025-01-20 10:03:00+00:00,2025-01-20 10:03:00+00:00,2025-01-20 10:03:00+00:00,2746.9,2748.1,2744.5,2748.2,stop,6,1.199999999999818,85.43999999998908,-65.99999999999454,7.4399999999999995,11.999999999989086,-85.43999999998363,-1.1866666666666192,False,-0.4290015001165204,10,37524.0000000066,"F (partida 0,10 / 2R)"
MGC,london,2025-01-21,F,0.1,2.0,-1,2025-01-21 09:59:00+00:00,2025-01-21 09:59:00+00:00,2025-01-21 10:02:00+00:00,2731.4,2732.5,2729.2000000000003,2732.6,stop,7,1.099999999999909,92.67999999999364,-70.0,8.68,13.999999999987267,-92.67999999998727,-1.203636363636298,False,-0.36428761583222247,9,37438.56000000662,"F (partida 0,10 / 2R)"
MGC,london,2025-01-21,F,0.1,2.0,-1,2025-01-21 10:08:00+00:00,2025-01-21 10:08:00+00:00,2025-01-21 10:19:00+00:00,2731.6,2733.0,2728.8,2733.1,stop,5,1.400000000000091,81.20000000000456,-65.0000000000091,6.2,9.999999999990905,-81.2,-1.1599999999999246,False,-0.3139874486907574,10,37345.88000000663,"F (partida 0,10 / 2R)"
MGC,london,2025-01-24,F,0.1,2.0,-1,2025-01-24 08:33:00+00:00,2025-01-24 08:33:00+00:00,2025-01-24 08:47:00+00:00,2777.0,2778.7999999999997,2773.4,2778.8999999999996,stop,4,1.7999999999997272,80.95999999998908,-67.99999999999272,4.96,7.999999999992724,-80.95999999998544,-1.1244444444444126,False,-1.3293766328519339,8,37264.680000006636,"F (partida 0,10 / 2R)"
MGC,london,2025-01-24,F,0.1,2.0,-1,2025-01-24 10:21:00+00:00,2025-01-24 10:21:00+00:00,2025-01-24 10:22:00+00:00,2777.9,2778.9,2775.9,2779.0,stop,7,1.0,85.68,-63.00000000000637,8.68,13.999999999987267,-85.67999999999364,-1.2239999999999092,False,-0.12724556024930334,10,37183.72000000665,"F (partida 0,10 / 2R)"
MGC,london,2025-01-27,F,0.1,2.0,1,2025-01-27 09:04:00+00:00,2025-01-27 09:04:00+00:00,2025-01-27 09:11:00+00:00,2764.4,2762.4,2768.4,2768.4,objetivo,4,2.0,88.96,163.99999999999636,4.96,3.999999999996362,155.04,1.938,False,1.0718411497515639,9,37098.04000000666,"F (partida 0,10 / 2R)"
MGC,london,2025-01-27,F,0.1,2.0,1,2025-01-27 09:29:00+00:00,2025-01-27 09:29:00+00:00,2025-01-27 09:34:00+00:00,2767.1,2765.8,2769.7000000000003,2765.7000000000003,stop,6,1.2999999999997272,91.43999999998363,-71.99999999998909,7.4399999999999995,11.999999999989086,-91.43999999997817,-1.1723076923076585,False,2.1151979299430574,9,37253.08000000666,"F (partida 0,10 / 2R)"
MGC,london,2025-01-29,F,0.1,2.0,1,2025-01-29 08:55:00+00:00,2025-01-29 08:55:00+00:00,2025-01-29 09:00:00+00:00,2773.7,2772.5,2776.1000000000004,2772.4,stop,6,1.199999999999818,85.43999999998908,-65.99999999999454,7.4399999999999995,11.999999999989086,-85.43999999998363,-1.1866666666666192,False,2.8437705004799754,8,37161.64000000668,"F (partida 0,10 / 2R)"
MGC,london,2025-01-29,F,0.1,2.0,-1,2025-01-29 09:56:00+00:00,2025-01-29 09:56:00+00:00,2025-01-29 10:24:00+00:00,2770.6,2772.0,2767.8,2767.8,objetivo,5,1.400000000000091,81.20000000000456,144.9999999999818,6.2,4.9999999999954525,133.79999999998637,1.9114285714282526,False,-0.10931707189063783,9,37076.2000000067,"F (partida 0,10 / 2R)"
MGC,london,2025-02-03,F,0.1,2.0,1,2025-02-03 09:04:00+00:00,2025-02-03 09:04:00+00:00,2025-02-03 09:05:00+00:00,2831.7999999999997,2830.4,2834.6000000000004,2830.3,stop,5,1.3999999999996362,81.19999999998183,-64.99999999998636,6.2,9.999999999990905,-81.19999999997727,-1.1599999999999766,False,1.0063655703550216,9,37210.00000000669,"F (partida 0,10 / 2R)"
MGC,london,2025-02-05,F,0.1,2.0,1,2025-02-05 09:25:00+00:00,2025-02-05 09:25:00+00:00,2025-02-05 09:49:00+00:00,2896.9,2895.4,2899.9,2895.3,stop,5,1.5,86.19999999999999,-70.00000000000455,6.2,9.999999999990905,-86.19999999999546,-1.1493333333332727,False,0.5528454781011127,9,37128.80000000671,"F (partida 0,10 / 2R)"
MGC,london,2025-02-05,F,0.1,2.0,1,2025-02-05 10:02:00+00:00,2025-02-05 10:02:00+00:00,2025-02-05 10:12:00+00:00,2897.0,2895.6,2899.8,2895.5,stop,5,1.400000000000091,81.20000000000456,-65.0000000000091,6.2,9.999999999990905,-81.2,-1.1599999999999246,False,0.9317447022386495,10,37042.600000006714,"F (partida 0,10 / 2R)"
MGC,london,2025-02-07,F,0.1,2.0,1,2025-02-07 09:41:00+00:00,2025-02-07 09:41:00+00:00,2025-02-07 09:56:00+00:00,2893.7,2892.7000000000003,2895.7000000000003,2892.6000000000004,stop,7,0.9999999999995453,85.67999999996817,-62.999999999974534,8.68,13.999999999987267,-85.67999999996181,-1.224000000000011,False,0.5609854757884908,9,36961.40000000672,"F (partida 0,10 / 2R)"
MGC,london,2025-02-11,F,0.1,2.0,-1,2025-02-11 09:31:00+00:00,2025-02-11 09:31:00+00:00,2025-02-11 09:38:00+00:00,2936.1,2937.2,2933.9,2933.9,objetivo,6,1.099999999999909,79.43999999999454,137.99999999998363,7.4399999999999995,5.999999999994543,124.55999999998909,1.8872727272727179,False,-0.4270620350806439,9,36875.72000000675,"F (partida 0,10 / 2R)"
MGC,london,2025-02-11,F,0.1,2.0,-1,2025-02-11 10:23:00+00:00,2025-02-11 10:23:00+00:00,2025-02-11 10:25:00+00:00,2930.9,2932.1,2928.5,2932.2,stop,6,1.199999999999818,85.43999999998908,-65.99999999999454,7.4399999999999995,11.999999999989086,-85.43999999998363,-1.1866666666666192,False,-1.5104324488143743,10,37000.280000006744,"F (partida 0,10 / 2R)"
MGC,london,2025-02-12,F,0.1,2.0,-1,2025-02-12 10:33:00+00:00,2025-02-12 10:33:00+00:00,2025-02-12 10:37:00+00:00,2908.1,2910.5,2903.3,2910.6,stop,3,2.400000000000091,78.72000000000273,-69.00000000000546,3.7199999999999998,5.999999999994543,-78.72,-1.093333333333292,False,-0.656845318671255,10,36914.84000000676,"F (partida 0,10 / 2R)"
MGC,london,2025-02-17,F,0.1,2.0,1,2025-02-17 09:44:00+00:00,2025-02-17 09:44:00+00:00,2025-02-17 09:45:00+00:00,2916.5,2915.5,2918.5,2915.4,stop,7,1.0,85.68,-63.00000000000637,8.68,13.999999999987267,-85.67999999999364,-1.2239999999999092,False,1.9440395056117112,9,36836.12000000676,"F (partida 0,10 / 2R)"
MGC,london,2025-02-18,F,0.1,2.0,1,2025-02-18 09:54:00+00:00,2025-02-18 09:54:00+00:00,2025-02-18 10:15:00+00:00,2925.2,2924.1,2927.4,2924.0,stop,6,1.099999999999909,79.43999999999454,-60.0,7.4399999999999995,11.999999999989086,-79.43999999998908,-1.2036363636362977,False,0.506280269449489,9,36750.44000000677,"F (partida 0,10 / 2R)"
MGC,london,2025-02-19,F,0.1,2.0,1,2025-02-19 08:59:00+00:00,2025-02-19 08:59:00+00:00,2025-02-19 09:15:00+00:00,2955.7999999999997,2954.5,2958.4,2958.4,objetivo,6,1.2999999999997272,91.43999999998363,162.00000000001637,7.4399999999999995,5.999999999994543,148.56000000002183,1.9046153846160643,False,0.42209042845025296,8,36671.00000000678,"F (partida 0,10 / 2R)"
MGC,london,2025-02-19,F,0.1,2.0,1,2025-02-19 09:58:00+00:00,2025-02-19 09:58:00+00:00,2025-02-19 10:13:00+00:00,2962.7999999999997,2961.4,2965.6000000000004,2961.3,stop,5,1.3999999999996362,81.19999999998183,-64.99999999998636,6.2,9.999999999990905,-81.19999999997727,-1.1599999999999766,False,1.1716021965079721,9,36819.5600000068,"F (partida 0,10 / 2R)"
MGC,london,2025-02-21,F,0.1,2.0,1,2025-02-21 09:21:00+00:00,2025-02-21 09:21:00+00:00,2025-02-21 09:33:00+00:00,2938.9,2937.2000000000003,2942.3,2942.3,objetivo,4,1.699999999999818,76.95999999999272,140.0,4.96,3.999999999996362,131.04000000000363,1.9270588235296713,False,0.674200781908957,9,36738.360000006825,"F (partida 0,10 / 2R)"
MGC,london,2025-02-24,F,0.1,2.0,1,2025-02-24 09:24:00+00:00,2025-02-24 09:24:00+00:00,2025-02-24 09:25:00+00:00,2961.6,2960.0,2964.8,2959.9,stop,5,1.599999999999909,91.19999999999544,-75.0,6.2,9.999999999990905,-91.19999999999091,-1.139999999999951,False,1.5170428572584658,9,36869.400000006826,"F (partida 0,10 / 2R)"
MGC,london,2025-02-24,F,0.1,2.0,1,2025-02-24 09:30:00+00:00,2025-02-24 09:30:00+00:00,2025-02-24 09:30:00+00:00,2961.1,2960.0,2963.3,2959.9,stop,6,1.099999999999909,79.43999999999454,-60.0,7.4399999999999995,11.999999999989086,-79.43999999998908,-1.2036363636362977,False,1.1367935890228047,9,36778.20000000684,"F (partida 0,10 / 2R)"
MGC,london,2025-02-25,F,0.1,2.0,1,2025-02-25 09:32:00+00:00,2025-02-25 09:32:00+00:00,2025-02-25 09:44:00+00:00,2954.4,2953.4,2956.4,2956.4,objetivo,7,1.0,85.68,146.99999999999363,8.68,6.9999999999936335,131.32,1.876,False,0.9698081585255995,9,36698.76000000685,"F (partida 0,10 / 2R)"
MGC,london,2025-02-27,F,0.1,2.0,-1,2025-02-27 08:53:00+00:00,2025-02-27 08:53:00+00:00,2025-02-27 09:08:00+00:00,2893.6,2895.2,2890.4,2890.4,objetivo,5,1.599999999999909,91.19999999999544,164.99999999998636,6.2,4.9999999999954525,153.79999999999092,1.9224999999999957,False,-1.5070898164330992,8,36830.08000000685,"F (partida 0,10 / 2R)"
MGC,london,2025-02-27,F,0.1,2.0,1,2025-02-27 10:01:00+00:00,2025-02-27 10:01:00+00:00,2025-02-27 10:02:00+00:00,2901.5,2900.0,2904.5,2899.9,stop,5,1.5,86.19999999999999,-70.00000000000455,6.2,9.999999999990905,-86.19999999999546,-1.1493333333332727,False,0.4423068700134306,10,36983.88000000684,"F (partida 0,10 / 2R)"
MGC,london,2025-02-28,F,0.1,2.0,1,2025-02-28 10:06:00+00:00,2025-02-28 10:06:00+00:00,2025-02-28 10:11:00+00:00,2875.6,2873.2000000000003,2880.4,2873.1000000000004,stop,3,2.399999999999636,78.71999999998908,-68.99999999999181,3.7199999999999998,5.999999999994543,-78.71999999998636,-1.0933333333333095,False,0.48016364149858837,10,36897.68000000684,"F (partida 0,10 / 2R)"
MGC,london,2025-03-04,F,0.1,2.0,1,2025-03-04 08:59:00+00:00,2025-03-04 08:59:00+00:00,2025-03-04 09:07:00+00:00,2924.9,2922.9,2928.9,2922.8,stop,4,2.0,88.96,-76.00000000000364,4.96,7.999999999992724,-88.95999999999636,-1.1119999999999544,False,3.37272373470654,8,36818.96000000685,"F (partida 0,10 / 2R)"
MGC,london,2025-03-05,F,0.1,2.0,1,2025-03-05 08:44:00+00:00,2025-03-05 08:44:00+00:00,2025-03-05 08:45:00+00:00,2931.2999999999997,2929.8,2934.3,2929.7000000000003,stop,5,1.4999999999995453,86.19999999997725,-69.99999999998181,6.2,9.999999999990905,-86.19999999997272,-1.149333333333318,False,0.12930108561335996,8,36730.000000006854,"F (partida 0,10 / 2R)"
MGC,london,2025-03-05,F,0.1,2.0,-1,2025-03-05 10:37:00+00:00,2025-03-05 10:37:00+00:00,2025-03-05 10:55:00+00:00,2927.0,2928.2999999999997,2924.4,2924.4,objetivo,6,1.2999999999997272,91.43999999998363,161.9999999999891,7.4399999999999995,5.999999999994543,148.55999999999455,1.9046153846157143,False,-0.4266360229912953,10,36643.80000000688,"F (partida 0,10 / 2R)"
MGC,london,2025-03-06,F,0.1,2.0,-1,2025-03-06 09:20:00+00:00,2025-03-06 09:20:00+00:00,2025-03-06 09:30:00+00:00,2908.9,2910.2,2906.3,2906.3,objetivo,6,1.2999999999997272,91.43999999998363,161.9999999999891,7.4399999999999995,5.999999999994543,148.55999999999455,1.9046153846157143,False,-1.1580528456062287,9,36792.36000000688,"F (partida 0,10 / 2R)"
MGC,london,2025-03-11,F,0.1,2.0,1,2025-03-11 10:40:00+00:00,2025-03-11 10:40:00+00:00,2025-03-11 10:57:00+00:00,2918.7,2917.4,2921.3,2917.3,stop,6,1.2999999999997272,91.43999999998363,-71.99999999998909,7.4399999999999995,11.999999999989086,-91.43999999997817,-1.1723076923076585,False,1.364168031080926,10,36940.920000006874,"F (partida 0,10 / 2R)"
MGC,london,2025-03-12,F,0.1,2.0,-1,2025-03-12 10:16:00+00:00,2025-03-12 10:16:00+00:00,2025-03-12 10:29:00+00:00,2920.9,2921.9,2918.9,2918.9,objetivo,7,1.0,85.68,146.99999999999363,8.68,6.9999999999936335,131.32,1.876,False,-1.019986464089916,10,36849.48000000689,"F (partida 0,10 / 2R)"
MGC,london,2025-03-13,F,0.1,2.0,1,2025-03-13 09:19:00+00:00,2025-03-13 09:19:00+00:00,2025-03-13 09:23:00+00:00,2953.2999999999997,2952.3,2955.3,2955.3,objetivo,7,0.9999999999995453,85.67999999996817,147.00000000002547,8.68,6.9999999999936335,131.32000000003183,1.8760000000013077,False,0.723393545476625,9,36980.80000000689,"F (partida 0,10 / 2R)"
MGC,london,2025-03-14,F,0.1,2.0,1,2025-03-14 10:11:00+00:00,2025-03-14 10:11:00+00:00,2025-03-14 10:16:00+00:00,3011.9,3010.8,3014.1000000000004,3014.1000000000004,objetivo,7,1.099999999999909,92.67999999999364,161.00000000001273,8.68,6.9999999999936335,145.3200000000191,1.8872727272731313,False,1.7767215497024944,10,37112.12000000692,"F (partida 0,10 / 2R)"
MGC,london,2025-03-17,F,0.1,2.0,1,2025-03-17 10:37:00+00:00,2025-03-17 10:37:00+00:00,2025-03-17 10:55:00+00:00,3004.7,3003.6,3006.9,3006.9,objetivo,7,1.099999999999909,92.67999999999364,161.00000000001273,8.68,6.9999999999936335,145.3200000000191,1.8872727272731313,False,1.1750451868848568,10,37257.44000000694,"F (partida 0,10 / 2R)"
MGC,london,2025-03-19,F,0.1,2.0,1,2025-03-19 10:17:00+00:00,2025-03-19 10:17:00+00:00,2025-03-19 10:19:00+00:00,3039.2,3038.0,3041.6000000000004,3041.6000000000004,objetivo,6,1.199999999999818,85.43999999998908,150.00000000002728,7.4399999999999995,5.999999999994543,136.56000000003274,1.896666666667409,False,0.18428056161126455,10,37402.760000006965,"F (partida 0,10 / 2R)"
MGC,london,2025-03-21,F,0.1,2.0,-1,2025-03-21 09:31:00+00:00,2025-03-21 09:31:00+00:00,2025-03-21 10:01:00+00:00,3035.9,3037.7,3032.3,3037.7999999999997,stop,4,1.7999999999997272,80.95999999998908,-67.99999999999272,4.96,7.999999999992724,-80.95999999998544,-1.1244444444444126,False,-0.33794176139214643,9,37539.320000007,"F (partida 0,10 / 2R)"
MGC,london,2025-03-24,F,0.1,2.0,1,2025-03-24 08:32:00+00:00,2025-03-24 08:32:00+00:00,2025-03-24 08:53:00+00:00,3029.5,3028.0,3032.5,3032.5,objetivo,5,1.5,86.19999999999999,154.99999999999545,6.2,4.9999999999954525,143.8,1.9173333333333336,False,2.259375531567174,8,37458.360000007015,"F (partida 0,10 / 2R)"
MGC,london,2025-03-24,F,0.1,2.0,1,2025-03-24 09:34:00+00:00,2025-03-24 09:34:00+00:00,2025-03-24 09:36:00+00:00,3033.7999999999997,3032.6,3036.2000000000003,3032.5,stop,6,1.199999999999818,85.43999999998908,-65.99999999999454,7.4399999999999995,11.999999999989086,-85.43999999998363,-1.1866666666666192,False,1.2349846433013032,9,37602.16000000702,"F (partida 0,10 / 2R)"
MGC,london,2025-03-27,F,0.1,2.0,-1,2025-03-27 09:42:00+00:00,2025-03-27 09:42:00+00:00,2025-03-27 09:49:00+00:00,3043.5,3045.6,3039.3,3045.7,stop,4,2.099999999999909,92.95999999999636,-80.0,4.96,7.999999999992724,-92.95999999999272,-1.1066666666666278,False,-0.12798065338328374,9,37516.72000000704,"F (partida 0,10 / 2R)"
MGC,london,2025-04-03,F,0.1,2.0,-1,2025-04-03 08:42:00+01:00,2025-04-03 08:42:00+01:00,2025-04-03 08:46:00+01:00,3145.8,3147.0,3143.4,3147.1,stop,6,1.199999999999818,85.43999999998908,-65.99999999999454,7.4399999999999995,11.999999999989086,-85.43999999998363,-1.1866666666666192,False,-0.13368272535662873,8,37423.760000007045,"F (partida 0,10 / 2R)"
MGC,london,2025-04-07,F,0.1,2.0,-1,2025-04-07 08:40:00+01:00,2025-04-07 08:40:00+01:00,2025-04-07 08:40:00+01:00,3036.6,3039.1,3031.6000000000004,3039.2,stop,3,2.5,81.72,-72.00000000000273,3.7199999999999998,5.999999999994543,-81.71999999999727,-1.0895999999999637,False,-1.4664428072742235,8,37338.320000007065,"F (partida 0,10 / 2R)"
MGC,london,2025-04-07,F,0.1,2.0,1,2025-04-07 09:44:00+01:00,2025-04-07 09:44:00+01:00,2025-04-07 09:48:00+01:00,3043.0,3041.8,3045.4,3045.5,objetivo_hueco,6,1.199999999999818,85.43999999998908,155.99999999999454,7.4399999999999995,5.999999999994543,142.56,1.9800000000003002,False,0.44911900369174496,9,37256.60000000707,"F (partida 0,10 / 2R)"
MGC,london,2025-04-08,F,0.1,2.0,-1,2025-04-08 10:02:00+01:00,2025-04-08 10:02:00+01:00,2025-04-08 10:04:00+01:00,3018.5,3020.9,3013.7000000000003,3021.0,stop,3,2.400000000000091,78.72000000000273,-69.00000000000546,3.7199999999999998,5.999999999994543,-78.72,-1.093333333333292,False,-0.21350488658578956,10,37399.16000000707,"F (partida 0,10 / 2R)"
MGC,london,2025-04-09,F,0.1,2.0,1,2025-04-09 09:46:00+01:00,2025-04-09 09:46:00+01:00,2025-04-09 09:47:00+01:00,3065.2999999999997,3063.1,3069.7000000000003,3063.0,stop,3,2.199999999999818,72.71999999999454,-62.99999999999727,3.7199999999999998,5.999999999994543,-72.71999999999181,-1.101818181818149,False,0.3180243109579208,9,37320.44000000707,"F (partida 0,10 / 2R)"
MGC,london,2025-04-09,F,0.1,2.0,1,2025-04-09 09:50:00+01:00,2025-04-09 09:50:00+01:00,2025-04-09 09:50:00+01:00,3064.0,3062.6,3066.8,3062.5,stop,5,1.400000000000091,81.20000000000456,-65.0000000000091,6.2,9.999999999990905,-81.2,-1.1599999999999246,False,0.20964751405433374,9,37247.72000000707,"F (partida 0,10 / 2R)"
MGC,london,2025-04-10,F,0.1,2.0,-1,2025-04-10 08:59:00+01:00,2025-04-10 08:59:00+01:00,2025-04-10 09:01:00+01:00,3124.7000000000003,3128.1,3117.9,3128.2,stop,2,3.399999999999636,72.47999999999273,-65.99999999999454,2.48,3.999999999996362,-72.47999999999091,-1.0658823529411567,False,-2.1146182724309877,8,37166.520000007076,"F (partida 0,10 / 2R)"
MGC,london,2025-04-10,F,0.1,2.0,-1,2025-04-10 09:08:00+01:00,2025-04-10 09:08:00+01:00,2025-04-10 09:23:00+01:00,3126.4,3128.9,3121.4,3129.0,stop,3,2.5,81.72,-72.00000000000273,3.7199999999999998,5.999999999994543,-81.71999999999727,-1.0895999999999637,False,-1.0753613297243039,9,37094.04000000709,"F (partida 0,10 / 2R)"
MGC,london,2025-04-11,F,0.1,2.0,1,2025-04-11 08:32:00+01:00,2025-04-11 08:32:00+01:00,2025-04-11 08:33:00+01:00,3225.4,3223.5,3229.2000000000003,3223.4,stop,4,1.900000000000091,84.96000000000363,-72.00000000000728,4.96,7.999999999992724,-84.96,-1.1178947368420518,False,4.573958475399194,8,37012.320000007094,"F (partida 0,10 / 2R)"
MGC,london,2025-04-11,F,0.1,2.0,1,2025-04-11 08:54:00+01:00,2025-04-11 08:54:00+01:00,2025-04-11 08:59:00+01:00,3227.0,3224.8,3231.4,3231.4,objetivo,3,2.199999999999818,72.71999999999454,135.0,3.7199999999999998,2.9999999999972715,128.28000000000273,1.9436363636365657,False,0.2693788902986058,8,36927.360000007095,"F (partida 0,10 / 2R)"
MGC,london,2025-04-17,F,0.1,2.0,1,2025-04-17 09:09:00+01:00,2025-04-17 09:09:00+01:00,2025-04-17 09:15:00+01:00,3336.9,3335.4,3339.9,3335.3,stop,5,1.5,86.19999999999999,-70.00000000000455,6.2,9.999999999990905,-86.19999999999546,-1.1493333333332727,False,0.37885727840095135,9,37055.6400000071,"F (partida 0,10 / 2R)"
MGC,london,2025-04-23,F,0.1,2.0,1,2025-04-23 09:25:00+01:00,2025-04-23 09:25:00+01:00,2025-04-23 09:54:00+01:00,3327.1,3324.7000000000003,3331.9,3331.9,objetivo,3,2.399999999999636,78.71999999998908,147.00000000000273,3.7199999999999998,2.9999999999972715,140.28000000000546,1.9483333333337045,False,0.434022560155661,9,36969.440000007104,"F (partida 0,10 / 2R)"
MGC,london,2025-04-24,F,0.1,2.0,1,2025-04-24 09:16:00+01:00,2025-04-24 09:16:00+01:00,2025-04-24 09:16:00+01:00,3344.2999999999997,3342.4,3348.1000000000004,3342.3,stop,4,1.8999999999996362,84.95999999998544,-71.99999999998909,4.96,7.999999999992724,-84.9599999999818,-1.11789473684208,False,0.16162838764986961,9,37109.72000000711,"F (partida 0,10 / 2R)"
MGC,london,2025-04-25,F,0.1,2.0,1,2025-04-25 10:27:00+01:00,2025-04-25 10:27:00+01:00,2025-04-25 10:28:00+01:00,3316.6,3314.6,3320.6000000000004,3314.5,stop,4,2.0,88.96,-76.00000000000364,4.96,7.999999999992724,-88.95999999999636,-1.1119999999999544,False,0.10652925535253575,10,37024.760000007125,"F (partida 0,10 / 2R)"
MGC,london,2025-04-29,F,0.1,2.0,1,2025-04-29 09:19:00+01:00,2025-04-29 09:19:00+01:00,2025-04-29 09:24:00+01:00,3331.2999999999997,3330.2000000000003,3333.5,3330.1000000000004,stop,6,1.0999999999994543,79.43999999996726,-59.999999999972715,7.4399999999999995,11.999999999989086,-79.4399999999618,-1.203636363636382,False,1.2603525817024,9,36935.800000007126,"F (partida 0,10 / 2R)"
MGC,london,2025-05-01,F,0.1,2.0,-1,2025-05-01 08:33:00+01:00,2025-05-01 08:33:00+01:00,2025-05-01 08:36:00+01:00,3237.6,3240.2,3232.4,3240.2999999999997,stop,3,2.599999999999909,84.71999999999727,-75.0,3.7199999999999998,5.999999999994543,-84.71999999999454,-1.0861538461538143,False,-2.282263027068165,8,36856.36000000717,"F (partida 0,10 / 2R)"
MGC,london,2025-05-02,F,0.1,2.0,1,2025-05-02 08:58:00+01:00,2025-05-02 08:58:00+01:00,2025-05-02 09:00:00+01:00,3268.9,3266.7000000000003,3273.3,3266.6000000000004,stop,3,2.199999999999818,72.71999999999454,-62.99999999999727,3.7199999999999998,5.999999999994543,-72.71999999999181,-1.101818181818149,False,2.052921350057261,8,36771.64000000717,"F (partida 0,10 / 2R)"
MGC,london,2025-05-02,F,0.1,2.0,1,2025-05-02 09:56:00+01:00,2025-05-02 09:56:00+01:00,2025-05-02 09:58:00+01:00,3267.6,3266.5,3269.8,3266.4,stop,6,1.099999999999909,79.43999999999454,-60.0,7.4399999999999995,11.999999999989086,-79.43999999998908,-1.2036363636362977,False,0.12609314091074872,9,36698.92000000718,"F (partida 0,10 / 2R)"
MGC,london,2025-05-05,F,0.1,2.0,1,2025-05-05 08:39:00+01:00,2025-05-05 08:39:00+01:00,2025-05-05 09:23:00+01:00,3271.7999999999997,3269.4,3276.6000000000004,3276.6000000000004,objetivo,3,2.399999999999636,78.71999999998908,147.00000000001637,3.7199999999999998,2.9999999999972715,140.2800000000191,1.948333333333894,False,0.7638057029741341,8,36619.48000000719,"F (partida 0,10 / 2R)"
MGC,london,2025-05-06,F,0.1,2.0,1,2025-05-06 09:51:00+01:00,2025-05-06 09:51:00+01:00,2025-05-06 09:52:00+01:00,3387.2999999999997,3385.5,3390.9,3385.4,stop,4,1.7999999999997272,80.95999999998908,-67.99999999999272,4.96,7.999999999992724,-80.95999999998544,-1.1244444444444126,False,0.6429032832039281,9,36759.76000000721,"F (partida 0,10 / 2R)"
MGC,london,2025-05-06,F,0.1,2.0,1,2025-05-06 10:09:00+01:00,2025-05-06 10:09:00+01:00,2025-05-06 10:14:00+01:00,3386.4,3384.4,3390.4,3384.3,stop,4,2.0,88.96,-76.00000000000364,4.96,7.999999999992724,-88.95999999999636,-1.1119999999999544,False,0.2572231122731745,10,36678.80000000723,"F (partida 0,10 / 2R)"
MGC,london,2025-05-07,F,0.1,2.0,-1,2025-05-07 09:21:00+01:00,2025-05-07 09:21:00+01:00,2025-05-07 09:26:00+01:00,3392.7000000000003,3394.4,3389.3,3394.5,stop,4,1.699999999999818,76.95999999999272,-63.99999999999636,4.96,7.999999999992724,-76.95999999998908,-1.1317647058823135,False,-0.9057903073249575,9,36589.84000000723,"F (partida 0,10 / 2R)"
MGC,london,2025-05-07,F,0.1,2.0,-1,2025-05-07 09:33:00+01:00,2025-05-07 09:33:00+01:00,2025-05-07 10:22:00+01:00,3391.8,3395.6,3384.2000000000003,3384.2000000000003,objetivo,2,3.799999999999727,80.47999999999455,153.99999999999636,2.48,1.999999999998181,149.5199999999982,1.9673684210527491,False,-0.5983577842731025,9,36512.88000000724,"F (partida 0,10 / 2R)"
MGC,london,2025-05-09,F,0.1,2.0,1,2025-05-09 08:35:00+01:00,2025-05-09 08:35:00+01:00,2025-05-09 08:37:00+01:00,3333.0,3331.6,3335.8,3331.5,stop,5,1.400000000000091,81.20000000000456,-65.0000000000091,6.2,9.999999999990905,-81.2,-1.1599999999999246,False,0.3111938101025473,8,36662.400000007234,"F (partida 0,10 / 2R)"
MGC,london,2025-05-09,F,0.1,2.0,1,2025-05-09 10:11:00+01:00,2025-05-09 10:11:00+01:00,2025-05-09 10:23:00+01:00,3331.4,3330.1,3334.0,3330.0,stop,6,1.300000000000182,91.44000000001091,-72.00000000001637,7.4399999999999995,11.999999999989086,-91.44000000000545,-1.1723076923075981,False,0.10722174200333968,10,36581.20000000724,"F (partida 0,10 / 2R)"
MGC,london,2025-05-12,F,0.1,2.0,-1,2025-05-12 09:11:00+01:00,2025-05-12 09:11:00+01:00,2025-05-12 09:11:00+01:00,3227.3,3229.7999999999997,3222.3,3229.8999999999996,stop,3,2.4999999999995453,81.71999999998636,-71.99999999998909,3.7199999999999998,5.999999999994543,-81.71999999998363,-1.08959999999998,False,-1.620562865461956,9,36489.760000007234,"F (partida 0,10 / 2R)"
MGC,london,2025-05-12,F,0.1,2.0,-1,2025-05-12 09:20:00+01:00,2025-05-12 09:20:00+01:00,2025-05-12 09:32:00+01:00,3227.2000000000003,3231.9,3217.8,3232.0,stop,1,4.699999999999818,49.23999999999818,-45.99999999999909,1.24,1.999999999998181,-49.23999999999727,-1.0476595744680677,False,-0.8761164204024208,9,36408.04000000725,"F (partida 0,10 / 2R)"
MGC,london,2025-05-13,F,0.1,2.0,-1,2025-05-13 09:56:00+01:00,2025-05-13 09:56:00+01:00,2025-05-13 09:58:00+01:00,3254.8,3259.0,3246.4,3259.1,stop,2,4.199999999999818,88.47999999999637,-81.99999999999818,2.48,3.999999999996362,-88.47999999999455,-1.0533333333333141,False,-0.8466101154706003,9,36358.80000000725,"F (partida 0,10 / 2R)"
MGC,london,2025-05-13,F,0.1,2.0,-1,2025-05-13 10:03:00+01:00,2025-05-13 10:03:00+01:00,2025-05-13 10:17:00+01:00,3257.8,3259.2999999999997,3254.8,3259.3999999999996,stop,5,1.4999999999995453,86.19999999997725,-69.99999999998181,6.2,9.999999999990905,-86.19999999997272,-1.149333333333318,False,-0.8958742924084698,10,36270.320000007254,"F (partida 0,10 / 2R)"
MGC,london,2025-05-14,F,0.1,2.0,1,2025-05-14 09:26:00+01:00,2025-05-14 09:26:00+01:00,2025-05-14 09:26:00+01:00,3242.7,3241.1,3245.9,3241.0,stop,4,1.599999999999909,72.95999999999636,-60.0,4.96,7.999999999992724,-72.95999999999272,-1.139999999999951,False,1.6719744914220687,9,36184.12000000728,"F (partida 0,10 / 2R)"
MGC,london,2025-05-19,F,0.1,2.0,1,2025-05-19 08:46:00+01:00,2025-05-19 08:46:00+01:00,2025-05-19 09:03:00+01:00,3234.7999999999997,3233.3,3237.8,3233.2000000000003,stop,5,1.4999999999995453,86.19999999997725,-69.99999999998181,6.2,9.999999999990905,-86.19999999997272,-1.149333333333318,False,0.37660647700167876,8,36111.16000000729,"F (partida 0,10 / 2R)"
MGC,london,2025-05-19,F,0.1,2.0,1,2025-05-19 09:06:00+01:00,2025-05-19 09:06:00+01:00,2025-05-19 09:15:00+01:00,3235.2,3233.3,3239.0,3239.0,objetivo,4,1.8999999999996362,84.95999999998544,156.00000000000364,4.96,3.999999999996362,147.04000000000727,1.9347368421057292,False,0.5008416187906671,9,36024.96000000731,"F (partida 0,10 / 2R)"
MGC,london,2025-05-20,F,0.1,2.0,1,2025-05-20 09:31:00+01:00,2025-05-20 09:31:00+01:00,2025-05-20 09:39:00+01:00,3225.7,3224.0,3229.1000000000004,3229.1000000000004,objetivo,4,1.699999999999818,76.95999999999272,140.0000000000182,4.96,3.999999999996362,131.04000000002182,1.9270588235299388,False,0.9125471508936673,9,36172.00000000732,"F (partida 0,10 / 2R)"
MGC,london,2025-05-21,F,0.1,2.0,-1,2025-05-21 09:29:00+01:00,2025-05-21 09:29:00+01:00,2025-05-21 09:34:00+01:00,3308.6,3310.0,3305.8,3310.1,stop,5,1.400000000000091,81.20000000000456,-65.0000000000091,6.2,9.999999999990905,-81.2,-1.1599999999999246,False,-0.9257337872325874,9,36303.04000000734,"F (partida 0,10 / 2R)"
MGC,london,2025-05-23,F,0.1,2.0,1,2025-05-23 08:45:00+01:00,2025-05-23 08:45:00+01:00,2025-05-23 08:58:00+01:00,3331.1,3329.3,3334.7000000000003,3329.2000000000003,stop,4,1.7999999999997272,80.95999999998908,-67.99999999999272,4.96,7.999999999992724,-80.95999999998544,-1.1244444444444126,False,0.35402518539101335,8,36221.840000007345,"F (partida 0,10 / 2R)"
MGC,london,2025-05-26,F,0.1,2.0,-1,2025-05-26 10:01:00+01:00,2025-05-26 10:01:00+01:00,2025-05-26 10:01:00+01:00,3332.7000000000003,3333.7999999999997,3330.5,3333.8999999999996,stop,6,1.0999999999994543,79.43999999996726,-59.999999999972715,7.4399999999999995,11.999999999989086,-79.4399999999618,-1.203636363636382,False,-0.3154186877494601,10,36140.88000000736,"F (partida 0,10 / 2R)"
MGC,london,2025-05-26,F,0.1,2.0,-1,2025-05-26 10:04:00+01:00,2025-05-26 10:04:00+01:00,2025-05-26 10:05:00+01:00,3332.8,3334.0,3330.4,3334.1,stop,6,1.199999999999818,85.43999999998908,-65.99999999999454,7.4399999999999995,11.999999999989086,-85.43999999998363,-1.1866666666666192,False,-0.3347912783564217,10,36061.4400000074,"F (partida 0,10 / 2R)"
MGC,london,2025-05-28,F,0.1,2.0,1,2025-05-28 08:42:00+01:00,2025-05-28 08:42:00+01:00,2025-05-28 08:42:00+01:00,3311.5,3310.3,3313.9,3313.9,objetivo,6,1.199999999999818,85.43999999998908,150.0,7.4399999999999995,5.999999999994543,136.56000000000546,1.89666666666703,False,0.8029155913011577,8,35976.00000000742,"F (partida 0,10 / 2R)"
MGC,london,2025-06-02,F,0.1,2.0,1,2025-06-02 09:08:00+01:00,2025-06-02 09:08:00+01:00,2025-06-02 09:10:00+01:00,3379.2999999999997,3377.9,3382.1000000000004,3377.8,stop,5,1.3999999999996362,81.19999999998183,-64.99999999998636,6.2,9.999999999990905,-81.19999999997727,-1.1599999999999766,False,0.1490455208077411,9,36112.56000000743,"F (partida 0,10 / 2R)"
MGC,london,2025-06-03,F,0.1,2.0,1,2025-06-03 09:32:00+01:00,2025-06-03 09:32:00+01:00,2025-06-03 09:40:00+01:00,3387.7999999999997,3386.4,3390.6000000000004,3386.3,stop,5,1.3999999999996362,81.19999999998183,-64.99999999998636,6.2,9.999999999990905,-81.19999999997727,-1.1599999999999766,False,1.6218684604390223,9,36031.36000000745,"F (partida 0,10 / 2R)"
MGC,london,2025-06-04,F,0.1,2.0,-1,2025-06-04 09:23:00+01:00,2025-06-04 09:23:00+01:00,2025-06-04 09:32:00+01:00,3379.1,3380.9,3375.5,3381.0,stop,4,1.800000000000182,80.96000000000727,-68.00000000001091,4.96,7.999999999992724,-80.96000000000363,-1.1244444444443813,False,-2.0584501081083326,9,35950.160000007476,"F (partida 0,10 / 2R)"
MGC,london,2025-06-09,F,0.1,2.0,1,2025-06-09 08:44:00+01:00,2025-06-09 08:44:00+01:00,2025-06-09 08:52:00+01:00,3346.2999999999997,3345.3,3348.3,3345.2000000000003,stop,7,0.9999999999995453,85.67999999996817,-62.999999999974534,8.68,13.999999999987267,-85.67999999996181,-1.224000000000011,False,0.930635373837397,8,35869.20000000747,"F (partida 0,10 / 2R)"
MGC,london,2025-06-10,F,0.1,2.0,1,2025-06-10 09:05:00+01:00,2025-06-10 09:05:00+01:00,2025-06-10 09:06:00+01:00,3350.0,3348.7000000000003,3352.6000000000004,3348.6000000000004,stop,5,1.2999999999997272,76.19999999998636,-59.999999999990905,6.2,9.999999999990905,-76.19999999998181,-1.1723076923076585,False,0.707262159884467,9,35783.520000007506,"F (partida 0,10 / 2R)"
MGC,london,2025-06-11,F,0.1,2.0,1,2025-06-11 08:45:00+01:00,2025-06-11 08:45:00+01:00,2025-06-11 08:50:00+01:00,3360.9,3359.8,3363.1000000000004,3363.1000000000004,objetivo,6,1.099999999999909,79.43999999999454,138.0000000000109,7.4399999999999995,5.999999999994543,124.56000000001637,1.8872727272731313,False,1.2195891998940165,8,35707.32000000752,"F (partida 0,10 / 2R)"
MGC,london,2025-06-11,F,0.1,2.0,1,2025-06-11 09:26:00+01:00,2025-06-11 09:26:00+01:00,2025-06-11 09:27:00+01:00,3366.9,3365.8,3369.1000000000004,3365.7000000000003,stop,6,1.099999999999909,79.43999999999454,-60.0,7.4399999999999995,11.999999999989086,-79.43999999998908,-1.2036363636362977,False,1.5605344409637436,9,35831.88000000754,"F (partida 0,10 / 2R)"
MGC,london,2025-06-13,F,0.1,2.0,1,2025-06-13 08:46:00+01:00,2025-06-13 08:46:00+01:00,2025-06-13 08:46:00+01:00,3438.1,3437.0,3440.3,3436.9,stop,6,1.099999999999909,79.43999999999454,-60.0,7.4399999999999995,11.999999999989086,-79.43999999998908,-1.2036363636362977,False,1.3297315080166885,8,35752.440000007555,"F (partida 0,10 / 2R)"
MGC,london,2025-06-13,F,0.1,2.0,1,2025-06-13 10:14:00+01:00,2025-06-13 10:14:00+01:00,2025-06-13 10:15:00+01:00,3445.9,3443.9,3449.9,3443.8,stop,4,2.0,88.96,-76.00000000000364,4.96,7.999999999992724,-88.95999999999636,-1.1119999999999544,False,0.7146992855796824,10,35673.00000000757,"F (partida 0,10 / 2R)"
MGC,london,2025-06-16,F,0.1,2.0,1,2025-06-16 10:08:00+01:00,2025-06-16 10:08:00+01:00,2025-06-16 10:16:00+01:00,3435.9,3434.7000000000003,3438.3,3434.6000000000004,stop,6,1.199999999999818,85.43999999998908,-65.99999999999454,7.4399999999999995,11.999999999989086,-85.43999999998363,-1.1866666666666192,False,0.25036335956271694,10,35584.04000000757,"F (partida 0,10 / 2R)"
MGC,london,2025-06-18,F,0.1,2.0,1,2025-06-18 09:21:00+01:00,2025-06-18 09:21:00+01:00,2025-06-18 09:30:00+01:00,3405.0,3403.9,3407.2000000000003,3403.8,stop,6,1.099999999999909,79.43999999999454,-60.0,7.4399999999999995,11.999999999989086,-79.43999999998908,-1.2036363636362977,False,1.6546384443775983,9,35498.60000000759,"F (partida 0,10 / 2R)"
MGC,london,2025-06-19,F,0.1,2.0,1,2025-06-19 09:08:00+01:00,2025-06-19 09:08:00+01:00,2025-06-19 09:09:00+01:00,3382.1,3380.9,3384.5,3380.8,stop,6,1.199999999999818,85.43999999998908,-65.99999999999454,7.4399999999999995,11.999999999989086,-85.43999999998363,-1.1866666666666192,False,3.9304631333149436,9,35419.1600000076,"F (partida 0,10 / 2R)"
MGC,london,2025-06-23,F,0.1,2.0,1,2025-06-23 09:58:00+01:00,2025-06-23 09:58:00+01:00,2025-06-23 10:01:00+01:00,3376.9,3375.9,3378.9,3378.9,objetivo,7,1.0,85.68,146.99999999999363,8.68,6.9999999999936335,131.32,1.876,False,0.7699139559350473,9,35333.72000000762,"F (partida 0,10 / 2R)"
MGC,london,2025-06-24,F,0.1,2.0,1,2025-06-24 08:54:00+01:00,2025-06-24 08:54:00+01:00,2025-06-24 08:57:00+01:00,3341.2,3339.0,3345.6000000000004,3345.6000000000004,objetivo,3,2.199999999999818,72.71999999999454,135.00000000001364,3.7199999999999998,2.9999999999972715,128.28000000001637,1.9436363636367724,False,0.905315100673728,8,35465.04000000762,"F (partida 0,10 / 2R)"
MGC,london,2025-06-25,F,0.1,2.0,-1,2025-06-25 09:50:00+01:00,2025-06-25 09:50:00+01:00,2025-06-25 10:00:00+01:00,3342.1,3343.1,3340.1000000000004,3340.1000000000004,objetivo,7,1.0,85.68,146.9999999999618,8.68,6.9999999999936335,131.31999999996816,1.8759999999995451,False,-0.7155632751368975,9,35593.32000000763,"F (partida 0,10 / 2R)"
MGC,london,2025-06-26,F,0.1,2.0,1,2025-06-26 09:01:00+01:00,2025-06-26 09:01:00+01:00,2025-06-26 09:07:00+01:00,3359.7,3358.5,3362.1000000000004,3358.4,stop,6,1.199999999999818,85.43999999998908,-65.99999999999454,7.4399999999999995,11.999999999989086,-85.43999999998363,-1.1866666666666192,False,1.0451625762902392,9,35724.6400000076,"F (partida 0,10 / 2R)"
MGC,london,2025-06-26,F,0.1,2.0,1,2025-06-26 09:37:00+01:00,2025-06-26 09:37:00+01:00,2025-06-26 09:40:00+01:00,3360.5,3359.4,3362.7000000000003,3359.3,stop,6,1.099999999999909,79.43999999999454,-60.0,7.4399999999999995,11.999999999989086,-79.43999999998908,-1.2036363636362977,False,0.37076132378468163,9,35639.20000000762,"F (partida 0,10 / 2R)"
MGC,london,2025-06-27,F,0.1,2.0,-1,2025-06-27 08:40:00+01:00,2025-06-27 08:40:00+01:00,2025-06-27 08:43:00+01:00,3297.6,3300.2,3292.4,3300.2999999999997,stop,3,2.599999999999909,84.71999999999727,-75.0,3.7199999999999998,5.999999999994543,-84.71999999999454,-1.0861538461538143,False,-1.9157550553214533,8,35559.760000007635,"F (partida 0,10 / 2R)"
MGC,london,2025-06-27,F,0.1,2.0,1,2025-06-27 10:09:00+01:00,2025-06-27 10:09:00+01:00,2025-06-27 10:10:00+01:00,3300.9,3299.6,3303.5,3299.5,stop,5,1.300000000000182,76.2000000000091,-60.00000000001364,6.2,9.999999999990905,-76.20000000000455,-1.1723076923075983,False,0.3719026338430002,10,35475.04000000764,"F (partida 0,10 / 2R)"
MGC,london,2025-06-30,F,0.1,2.0,-1,2025-06-30 10:31:00+01:00,2025-06-30 10:31:00+01:00,2025-06-30 10:40:00+01:00,3293.1,3296.2999999999997,3286.7000000000003,3296.3999999999996,stop,2,3.199999999999818,68.47999999999637,-61.99999999999818,2.48,3.999999999996362,-68.47999999999455,-1.0699999999999756,False,-2.1463553846368284,10,35398.840000007636,"F (partida 0,10 / 2R)"
MGC,london,2025-07-01,F,0.1,2.0,1,2025-07-01 08:45:00+01:00,2025-07-01 08:45:00+01:00,2025-07-01 09:00:00+01:00,3349.2999999999997,3347.8,3352.3,3352.3,objetivo,5,1.4999999999995453,86.19999999997725,155.0000000000182,6.2,4.9999999999954525,143.80000000002275,1.917333333334218,False,1.7528923598978259,8,35330.36000000764,"F (partida 0,10 / 2R)"
MGC,london,2025-07-02,F,0.1,2.0,1,2025-07-02 09:46:00+01:00,2025-07-02 09:46:00+01:00,2025-07-02 09:46:00+01:00,3347.5,3346.4,3349.7000000000003,3346.3,stop,6,1.099999999999909,79.43999999999454,-60.0,7.4399999999999995,11.999999999989086,-79.43999999998908,-1.2036363636362977,False,0.8850969499595891,9,35474.160000007665,"F (partida 0,10 / 2R)"
MGC,london,2025-07-04,F,0.1,2.0,1,2025-07-04 09:16:00+01:00,2025-07-04 09:16:00+01:00,2025-07-04 09:29:00+01:00,3352.7,3351.7000000000003,3354.7000000000003,3351.6000000000004,stop,7,0.9999999999995453,85.67999999996817,-62.999999999974534,8.68,13.999999999987267,-85.67999999996181,-1.224000000000011,False,1.1139481075572761,9,35394.72000000768,"F (partida 0,10 / 2R)"
MGC,london,2025-07-04,F,0.1,2.0,1,2025-07-04 09:54:00+01:00,2025-07-04 09:54:00+01:00,2025-07-04 10:03:00+01:00,3353.5,3351.4,3357.7000000000003,3351.3,stop,3,2.099999999999909,69.71999999999727,-60.0,3.7199999999999998,5.999999999994543,-69.71999999999454,-1.106666666666628,False,0.5130892164901639,9,35309.04000000771,"F (partida 0,10 / 2R)"
MGC,london,2025-07-07,F,0.1,2.0,1,2025-07-07 10:02:00+01:00,2025-07-07 10:02:00+01:00,2025-07-07 10:16:00+01:00,3320.2999999999997,3318.8,3323.3,3318.7000000000003,stop,5,1.4999999999995453,86.19999999997725,-69.99999999998181,6.2,9.999999999990905,-86.19999999997272,-1.149333333333318,False,0.7853729658509572,10,35239.32000000772,"F (partida 0,10 / 2R)"
MGC,london,2025-07-08,F,0.1,2.0,-1,2025-07-08 09:02:00+01:00,2025-07-08 09:02:00+01:00,2025-07-08 09:06:00+01:00,3341.3,3342.4,3339.1000000000004,3339.1000000000004,objetivo,6,1.099999999999909,79.43999999999454,137.99999999998363,7.4399999999999995,5.999999999994543,124.55999999998909,1.8872727272727179,False,-1.842827779494439,9,35153.120000007744,"F (partida 0,10 / 2R)"
MGC,london,2025-07-08,F,0.1,2.0,-1,2025-07-08 09:37:00+01:00,2025-07-08 09:37:00+01:00,2025-07-08 09:59:00+01:00,3336.4,3337.9,3333.4,3333.4,objetivo,5,1.5,86.19999999999999,154.99999999999545,6.2,4.9999999999954525,143.8,1.9173333333333336,False,-2.430179364944468,9,35277.680000007735,"F (partida 0,10 / 2R)"
MGC,london,2025-07-11,F,0.1,2.0,-1,2025-07-11 10:19:00+01:00,2025-07-11 10:19:00+01:00,2025-07-11 10:31:00+01:00,3344.7000000000003,3346.1,3341.9,3346.2,stop,5,1.3999999999996362,81.19999999998183,-64.99999999998636,6.2,9.999999999990905,-81.19999999997727,-1.1599999999999766,False,-0.9005875406346444,10,35421.48000000774,"F (partida 0,10 / 2R)"
MGC,london,2025-07-15,F,0.1,2.0,1,2025-07-15 09:09:00+01:00,2025-07-15 09:09:00+01:00,2025-07-15 09:14:00+01:00,3373.2999999999997,3372.3,3375.3,3372.2000000000003,stop,7,0.9999999999995453,85.67999999996817,-62.999999999974534,8.68,13.999999999987267,-85.67999999996181,-1.224000000000011,False,1.7532921573097568,9,35340.28000000776,"F (partida 0,10 / 2R)"
MGC,london,2025-07-15,F,0.1,2.0,1,2025-07-15 10:04:00+01:00,2025-07-15 10:04:00+01:00,2025-07-15 10:15:00+01:00,3372.0,3371.0,3374.0,3370.9,stop,7,1.0,85.68,-63.00000000000637,8.68,13.999999999987267,-85.67999999999364,-1.2239999999999092,False,0.257432968718198,10,35254.6000000078,"F (partida 0,10 / 2R)"
MGC,london,2025-07-21,F,0.1,2.0,-1,2025-07-21 08:41:00+01:00,2025-07-21 08:41:00+01:00,2025-07-21 11:00:00+01:00,3373.2000000000003,3374.7999999999997,3370.0,3374.0,cierre_sesion,4,1.5999999999994543,72.95999999997817,-23.999999999996362,4.96,7.999999999992724,-36.95999999998909,-0.5775000000000264,False,-2.0072386247052316,8,35168.920000007805,"F (partida 0,10 / 2R)"
MGC,london,2025-07-29,F,0.1,2.0,1,2025-07-29 09:47:00+01:00,2025-07-29 09:47:00+01:00,2025-07-29 09:50:00+01:00,3326.5,3324.4,3330.7000000000003,3324.3,stop,3,2.099999999999909,69.71999999999727,-60.0,3.7199999999999998,5.999999999994543,-69.71999999999454,-1.106666666666628,False,2.378871156088874,9,35131.96000000781,"F (partida 0,10 / 2R)"
MGC,london,2025-08-01,F,0.1,2.0,1,2025-08-01 10:37:00+01:00,2025-08-01 10:37:00+01:00,2025-08-01 10:49:00+01:00,3346.1,3345.1,3348.1000000000004,3348.1000000000004,objetivo,7,1.0,85.68,147.00000000002547,8.68,6.9999999999936335,131.32000000003183,1.8760000000004546,False,1.2391659196586198,10,35062.24000000782,"F (partida 0,10 / 2R)"
MGC,london,2025-08-04,F,0.1,2.0,-1,2025-08-04 09:01:00+01:00,2025-08-04 09:01:00+01:00,2025-08-04 09:12:00+01:00,3407.3,3408.9,3404.1000000000004,3409.0,stop,4,1.599999999999909,72.95999999999636,-60.0,4.96,7.999999999992724,-72.95999999999272,-1.139999999999951,False,-1.7989241871369739,9,35193.56000000785,"F (partida 0,10 / 2R)"
MGC,london,2025-08-04,F,0.1,2.0,1,2025-08-04 10:20:00+01:00,2025-08-04 10:20:00+01:00,2025-08-04 10:31:00+01:00,3413.1,3412.0,3415.3,3411.9,stop,6,1.099999999999909,79.43999999999454,-60.0,7.4399999999999995,11.999999999989086,-79.43999999998908,-1.2036363636362977,False,0.4748397892015049,10,35120.60000000786,"F (partida 0,10 / 2R)"
MGC,london,2025-08-05,F,0.1,2.0,1,2025-08-05 09:22:00+01:00,2025-08-05 09:22:00+01:00,2025-08-05 09:26:00+01:00,3428.1,3427.0,3430.3,3426.9,stop,6,1.099999999999909,79.43999999999454,-60.0,7.4399999999999995,11.999999999989086,-79.43999999998908,-1.2036363636362977,False,0.3630718377935378,9,35041.16000000787,"F (partida 0,10 / 2R)"
MGC,london,2025-08-06,F,0.1,2.0,-1,2025-08-06 10:11:00+01:00,2025-08-06 10:11:00+01:00,2025-08-06 10:15:00+01:00,3419.4,3420.4,3417.4,3420.5,stop,7,1.0,85.68,-63.00000000000637,8.68,13.999999999987267,-85.67999999999364,-1.2239999999999092,False,-1.0244701731488606,10,34961.72000000788,"F (partida 0,10 / 2R)"
MGC,london,2025-08-07,F,0.1,2.0,-1,2025-08-07 10:01:00+01:00,2025-08-07 10:01:00+01:00,2025-08-07 10:08:00+01:00,3451.9,3453.2,3449.3,3453.2999999999997,stop,5,1.2999999999997272,76.19999999998636,-59.999999999990905,6.2,9.999999999990905,-76.19999999998181,-1.1723076923076585,False,-1.0503425245584888,10,34876.04000000789,"F (partida 0,10 / 2R)"
MGC,london,2025-08-08,F,0.1,2.0,1,2025-08-08 08:33:00+01:00,2025-08-08 08:33:00+01:00,2025-08-08 08:33:00+01:00,3504.7999999999997,3503.4,3507.6000000000004,3503.3,stop,5,1.3999999999996362,81.19999999998183,-64.99999999998636,6.2,9.999999999990905,-81.19999999997727,-1.1599999999999766,False,3.167825329209053,8,34799.840000007905,"F (partida 0,10 / 2R)"
MGC,london,2025-08-08,F,0.1,2.0,-1,2025-08-08 09:25:00+01:00,2025-08-08 09:25:00+01:00,2025-08-08 09:27:00+01:00,3492.0,3493.2999999999997,3489.4,3489.4,objetivo,5,1.2999999999997272,76.19999999998636,134.9999999999909,6.2,4.9999999999954525,123.79999999999545,1.9046153846157143,False,-0.5847942052675488,9,34718.64000000793,"F (partida 0,10 / 2R)"
MGC,london,2025-08-11,F,0.1,2.0,-1,2025-08-11 08:32:00+01:00,2025-08-11 08:32:00+01:00,2025-08-11 08:38:00+01:00,3421.9,3423.7999999999997,3418.1000000000004,3418.1000000000004,objetivo,4,1.8999999999996362,84.95999999998544,155.99999999998545,4.96,3.999999999996362,147.03999999998908,1.9347368421054898,False,-1.6302981609286187,8,34842.440000007926,"F (partida 0,10 / 2R)"
MGC,london,2025-08-11,F,0.1,2.0,-1,2025-08-11 09:15:00+01:00,2025-08-11 09:15:00+01:00,2025-08-11 09:15:00+01:00,3413.7000000000003,3415.4,3410.3,3415.5,stop,4,1.699999999999818,76.95999999999272,-63.99999999999636,4.96,7.999999999992724,-76.95999999998908,-1.1317647058823135,False,-1.3783218004980484,9,34989.48000000791,"F (partida 0,10 / 2R)"
MGC,london,2025-08-12,F,0.1,2.0,1,2025-08-12 09:10:00+01:00,2025-08-12 09:10:00+01:00,2025-08-12 09:12:00+01:00,3404.4,3402.9,3407.4,3402.8,stop,5,1.5,86.19999999999999,-70.00000000000455,6.2,9.999999999990905,-86.19999999999546,-1.1493333333332727,False,1.441696776500024,9,34912.52000000792,"F (partida 0,10 / 2R)"
MGC,london,2025-08-28,F,0.1,2.0,1,2025-08-28 09:27:00+01:00,2025-08-28 09:27:00+01:00,2025-08-28 09:37:00+01:00,3451.0,3449.7000000000003,3453.6000000000004,3453.6000000000004,objetivo,5,1.2999999999997272,76.19999999998636,135.00000000001364,6.2,4.9999999999954525,123.80000000001819,1.904615384616064,False,0.10906735294993454,9,34826.32000000792,"F (partida 0,10 / 2R)"
MGC,london,2025-08-29,F,0.1,2.0,1,2025-08-29 09:34:00+01:00,2025-08-29 09:34:00+01:00,2025-08-29 09:50:00+01:00,3471.2999999999997,3470.0,3473.9,3469.9,stop,5,1.2999999999997272,76.19999999998636,-59.999999999990905,6.2,9.999999999990905,-76.19999999998181,-1.1723076923076585,False,0.6564936828777928,9,34950.12000000794,"F (partida 0,10 / 2R)"
MGC,london,2025-09-02,F,0.1,2.0,1,2025-09-02 10:41:00+01:00,2025-09-02 10:41:00+01:00,2025-09-02 10:43:00+01:00,3548.9,3547.5,3551.7000000000003,3547.4,stop,5,1.400000000000091,81.20000000000456,-65.0000000000091,6.2,9.999999999990905,-81.2,-1.1599999999999246,False,0.13242129403839806,10,34873.92000000796,"F (partida 0,10 / 2R)"
MGC,london,2025-09-03,F,0.1,2.0,1,2025-09-03 09:04:00+01:00,2025-09-03 09:04:00+01:00,2025-09-03 09:07:00+01:00,3602.1,3600.6,3605.1000000000004,3605.1000000000004,objetivo,5,1.5,86.19999999999999,155.0000000000182,6.2,4.9999999999954525,143.80000000002275,1.9173333333336366,False,0.72819172748267,9,34792.72000000796,"F (partida 0,10 / 2R)"
MGC,london,2025-09-03,F,0.1,2.0,1,2025-09-03 09:39:00+01:00,2025-09-03 09:39:00+01:00,2025-09-03 09:40:00+01:00,3607.7,3605.6,3611.9,3605.5,stop,3,2.099999999999909,69.71999999999727,-60.0,3.7199999999999998,5.999999999994543,-69.71999999999454,-1.106666666666628,False,1.5916024510961027,9,34936.520000007986,"F (partida 0,10 / 2R)"
MGC,london,2025-09-04,F,0.1,2.0,1,2025-09-04 09:33:00+01:00,2025-09-04 09:33:00+01:00,2025-09-04 09:33:00+01:00,3602.7,3601.0,3606.1000000000004,3600.9,stop,4,1.699999999999818,76.95999999999272,-63.99999999999636,4.96,7.999999999992724,-76.95999999998908,-1.1317647058823135,False,1.1057103002344177,9,34866.80000000799,"F (partida 0,10 / 2R)"
MGC,london,2025-09-04,F,0.1,2.0,1,2025-09-04 09:36:00+01:00,2025-09-04 09:36:00+01:00,2025-09-04 09:45:00+01:00,3601.2999999999997,3599.1,3605.7000000000003,3599.0,stop,3,2.199999999999818,72.71999999999454,-62.99999999999727,3.7199999999999998,5.999999999994543,-72.71999999999181,-1.101818181818149,False,0.7552645524478593,9,34789.840000008,"F (partida 0,10 / 2R)"
MGC,london,2025-09-05,F,0.1,2.0,-1,2025-09-05 09:50:00+01:00,2025-09-05 09:50:00+01:00,2025-09-05 09:57:00+01:00,3604.8,3606.2999999999997,3601.8,3601.8,objetivo,5,1.4999999999995453,86.19999999997725,154.99999999999545,6.2,4.9999999999954525,143.8,1.9173333333339146,False,-0.3820260443969455,9,34717.120000008006,"F (partida 0,10 / 2R)"
MGC,london,2025-09-08,F,0.1,2.0,1,2025-09-08 09:18:00+01:00,2025-09-08 09:18:00+01:00,2025-09-08 09:19:00+01:00,3650.2,3649.2000000000003,3652.2000000000003,3652.2000000000003,objetivo,7,0.9999999999995453,85.67999999996817,147.00000000002547,8.68,6.9999999999936335,131.32000000003183,1.8760000000013077,False,0.5560661536054765,9,34860.92000000801,"F (partida 0,10 / 2R)"
MGC,london,2025-09-08,F,0.1,2.0,1,2025-09-08 10:11:00+01:00,2025-09-08 10:11:00+01:00,2025-09-08 10:19:00+01:00,3653.1,3651.7000000000003,3655.9,3651.6000000000004,stop,5,1.3999999999996362,81.19999999998183,-64.99999999998636,6.2,9.999999999990905,-81.19999999997727,-1.1599999999999766,False,0.34882046415921875,10,34992.24000000804,"F (partida 0,10 / 2R)"
MGC,london,2025-09-10,F,0.1,2.0,1,2025-09-10 08:42:00+01:00,2025-09-10 08:42:00+01:00,2025-09-10 08:44:00+01:00,3685.6,3684.6,3687.6000000000004,3684.5,stop,7,1.0,85.68,-63.00000000000637,8.68,13.999999999987267,-85.67999999999364,-1.2239999999999092,False,0.3997116339665966,8,34911.04000000806,"F (partida 0,10 / 2R)"
MGC,london,2025-09-12,F,0.1,2.0,-1,2025-09-12 09:11:00+01:00,2025-09-12 09:11:00+01:00,2025-09-12 09:52:00+01:00,3684.9,3687.7,3679.3,3679.3,objetivo,2,2.799999999999727,60.47999999999454,113.99999999999636,2.48,1.999999999998181,109.51999999999818,1.9557142857144438,False,-1.0466330997971631,9,34825.36000000807,"F (partida 0,10 / 2R)"
MGC,london,2025-09-16,F,0.1,2.0,1,2025-09-16 10:12:00+01:00,2025-09-16 10:12:00+01:00,2025-09-16 10:51:00+01:00,3732.7999999999997,3731.4,3735.6000000000004,3735.6000000000004,objetivo,5,1.3999999999996362,81.19999999998183,145.00000000002728,6.2,4.9999999999954525,133.80000000003184,1.911428571429523,False,0.4768252680078639,10,34934.88000000807,"F (partida 0,10 / 2R)"
MGC,london,2025-09-17,F,0.1,2.0,-1,2025-09-17 09:38:00+01:00,2025-09-17 09:38:00+01:00,2025-09-17 09:40:00+01:00,3699.4,3701.1,3696.0,3701.2,stop,4,1.699999999999818,76.95999999999272,-63.99999999999636,4.96,7.999999999992724,-76.95999999998908,-1.1317647058823135,False,-1.3181936484070824,9,35068.6800000081,"F (partida 0,10 / 2R)"
MGC,london,2025-09-19,F,0.1,2.0,1,2025-09-19 09:31:00+01:00,2025-09-19 09:31:00+01:00,2025-09-19 10:45:00+01:00,3686.7999999999997,3684.7000000000003,3691.0,3691.0,objetivo,3,2.0999999999994543,69.71999999998363,129.00000000000546,3.7199999999999998,2.9999999999972715,122.28000000000819,1.9409523809530154,False,0.34503773617630684,9,34991.72000000811,"F (partida 0,10 / 2R)"
MGC,london,2025-09-22,F,0.1,2.0,1,2025-09-22 09:03:00+01:00,2025-09-22 09:03:00+01:00,2025-09-22 09:07:00+01:00,3749.7999999999997,3748.2000000000003,3753.0,3753.0,objetivo,4,1.5999999999994543,72.95999999997817,132.00000000000728,4.96,3.999999999996362,123.04000000001092,1.9225000000008263,False,0.4349406004155815,9,35114.00000000811,"F (partida 0,10 / 2R)"
MGC,london,2025-09-23,F,0.1,2.0,1,2025-09-23 09:02:00+01:00,2025-09-23 09:02:00+01:00,2025-09-23 09:07:00+01:00,3789.6,3788.1,3792.6000000000004,3788.0,stop,5,1.5,86.19999999999999,-70.00000000000455,6.2,9.999999999990905,-86.19999999999546,-1.1493333333332727,False,0.9374567175156842,9,35237.04000000812,"F (partida 0,10 / 2R)"
MGC,london,2025-09-25,F,0.1,2.0,1,2025-09-25 09:53:00+01:00,2025-09-25 09:53:00+01:00,2025-09-25 10:02:00+01:00,3787.2,3785.5,3790.6000000000004,3785.4,stop,4,1.699999999999818,76.95999999999272,-63.99999999999636,4.96,7.999999999992724,-76.95999999998908,-1.1317647058823135,False,0.5331692048939354,9,35150.840000008124,"F (partida 0,10 / 2R)"
MGC,london,2025-09-29,F,0.1,2.0,1,2025-09-29 09:34:00+01:00,2025-09-29 09:34:00+01:00,2025-09-29 09:46:00+01:00,3843.6,3842.5,3845.8,3845.8,objetivo,6,1.099999999999909,79.43999999999454,138.0000000000109,7.4399999999999995,5.999999999994543,124.56000000001637,1.8872727272731313,False,0.2537011135631905,9,35073.88000000813,"F (partida 0,10 / 2R)"
MGC,london,2025-09-30,F,0.1,2.0,-1,2025-09-30 10:06:00+01:00,2025-09-30 10:06:00+01:00,2025-09-30 10:07:00+01:00,3845.1,3846.5,3842.3,3842.3,objetivo,5,1.400000000000091,81.20000000000456,144.9999999999818,6.2,4.9999999999954525,133.79999999998637,1.9114285714282526,False,-1.7536536473877902,10,35198.44000000815,"F (partida 0,10 / 2R)"
MGC,london,2025-10-02,F,0.1,2.0,-1,2025-10-02 09:08:00+01:00,2025-10-02 09:08:00+01:00,2025-10-02 09:08:00+01:00,3890.7000000000003,3892.2,3887.7000000000003,3892.2999999999997,stop,5,1.4999999999995453,86.19999999997725,-69.99999999998181,6.2,9.999999999990905,-86.19999999997272,-1.149333333333318,False,-0.4661077967072152,9,35332.24000000814,"F (partida 0,10 / 2R)"
MGC,london,2025-10-02,F,0.1,2.0,1,2025-10-02 10:17:00+01:00,2025-10-02 10:17:00+01:00,2025-10-02 10:20:00+01:00,3901.1,3900.1,3903.1000000000004,3903.1000000000004,objetivo,7,1.0,85.68,147.00000000002547,8.68,6.9999999999936335,131.32000000003183,1.8760000000004546,False,1.1756505524648182,10,35246.040000008164,"F (partida 0,10 / 2R)"
MGC,london,2025-10-07,F,0.1,2.0,-1,2025-10-07 08:45:00+01:00,2025-10-07 08:45:00+01:00,2025-10-07 08:48:00+01:00,3972.5,3974.6,3968.3,3974.7,stop,3,2.099999999999909,69.71999999999727,-60.0,3.7199999999999998,5.999999999994543,-69.71999999999454,-1.106666666666628,False,-0.9353815932064703,8,35377.36000000819,"F (partida 0,10 / 2R)"
MGC,london,2025-10-08,F,0.1,2.0,1,2025-10-08 10:08:00+01:00,2025-10-08 10:08:00+01:00,2025-10-08 10:08:00+01:00,4062.0,4060.7000000000003,4064.6000000000004,4060.6000000000004,stop,5,1.2999999999997272,76.19999999998636,-59.999999999990905,6.2,9.999999999990905,-76.19999999998181,-1.1723076923076585,False,0.18276124086803558,10,35307.6400000082,"F (partida 0,10 / 2R)"
MGC,london,2025-10-09,F,0.1,2.0,1,2025-10-09 10:15:00+01:00,2025-10-09 10:15:00+01:00,2025-10-09 10:17:00+01:00,4060.0,4057.7000000000003,4064.6000000000004,4057.6000000000004,stop,3,2.299999999999727,75.71999999999181,-65.99999999999454,3.7199999999999998,5.999999999994543,-75.71999999998908,-1.097391304347798,False,0.9725184422724902,10,35231.44000000822,"F (partida 0,10 / 2R)"
MGC,london,2025-10-10,F,0.1,2.0,1,2025-10-10 10:25:00+01:00,2025-10-10 10:25:00+01:00,2025-10-10 10:25:00+01:00,4008.5,4007.0,4011.5,4006.9,stop,5,1.5,86.19999999999999,-70.00000000000455,6.2,9.999999999990905,-86.19999999999546,-1.1493333333332727,False,2.6480203274630445,10,35155.72000000823,"F (partida 0,10 / 2R)"
MGC,london,2025-10-10,F,0.1,2.0,1,2025-10-10 10:29:00+01:00,2025-10-10 10:29:00+01:00,2025-10-10 10:41:00+01:00,4009.0,4006.4,4014.2000000000003,4014.2000000000003,objetivo,3,2.599999999999909,84.71999999999727,159.00000000000546,3.7199999999999998,2.9999999999972715,152.2800000000082,1.9523076923078655,False,2.5827377523924486,10,35069.52000000823,"F (partida 0,10 / 2R)"
MGC,london,2025-10-13,F,0.1,2.0,1,2025-10-13 08:43:00+01:00,2025-10-13 08:43:00+01:00,2025-10-13 08:57:00+01:00,4092.4,4090.2000000000003,4096.8,4090.1000000000004,stop,3,2.199999999999818,72.71999999999454,-62.99999999999727,3.7199999999999998,5.999999999994543,-72.71999999999181,-1.101818181818149,False,1.5798102483841838,8,35221.80000000824,"F (partida 0,10 / 2R)"
MGC,london,2025-10-13,F,0.1,2.0,1,2025-10-13 09:07:00+01:00,2025-10-13 09:07:00+01:00,2025-10-13 09:08:00+01:00,4094.2999999999997,4092.6,4097.7,4092.5,stop,4,1.699999999999818,76.95999999999272,-63.99999999999636,4.96,7.999999999992724,-76.95999999998908,-1.1317647058823135,False,0.49250603213875893,9,35149.080000008245,"F (partida 0,10 / 2R)"
MGC,london,2025-10-14,F,0.1,2.0,1,2025-10-14 09:54:00+01:00,2025-10-14 09:54:00+01:00,2025-10-14 10:00:00+01:00,4155.5,4154.299999999999,4157.900000000001,4154.199999999999,stop,6,1.2000000000007276,85.44000000004365,-66.00000000002183,7.4399999999999995,12.000000000043656,-85.44000000006548,-1.1866666666668566,False,1.2644683795569314,9,35072.12000000825,"F (partida 0,10 / 2R)"
MGC,london,2025-10-15,F,0.1,2.0,1,2025-10-15 09:32:00+01:00,2025-10-15 09:32:00+01:00,2025-10-15 09:58:00+01:00,4233.400000000001,4229.4,4241.400000000001,4229.299999999999,stop,2,4.0000000000009095,84.4800000000182,-78.00000000001091,2.48,4.000000000014552,-84.48000000002547,-1.0560000000000782,False,2.0010776182487016,9,34986.680000008186,"F (partida 0,10 / 2R)"
MGC,london,2025-10-16,F,0.1,2.0,1,2025-10-16 08:55:00+01:00,2025-10-16 08:55:00+01:00,2025-10-16 08:55:00+01:00,4244.3,4243.299999999999,4246.3,4243.199999999999,stop,7,1.0000000000009095,85.68000000006367,-63.0000000000382,8.68,14.000000000050932,-85.68000000008914,-1.22400000000016,False,0.18261645090397982,8,34902.20000000816,"F (partida 0,10 / 2R)"
MGC,london,2025-10-17,F,0.1,2.0,-1,2025-10-17 08:42:00+01:00,2025-10-17 08:42:00+01:00,2025-10-17 08:42:00+01:00,4353.7,4356.200000000001,4348.7,4356.300000000001,stop,3,2.5000000000009095,81.72000000002728,-72.00000000001637,3.7199999999999998,6.000000000021828,-81.7200000000382,-1.089600000000113,False,-2.3143932096997633,8,34816.52000000807,"F (partida 0,10 / 2R)"
MGC,london,2025-10-17,F,0.1,2.0,-1,2025-10-17 08:52:00+01:00,2025-10-17 08:52:00+01:00,2025-10-17 08:53:00+01:00,4350.599999999999,4353.900000000001,4344.0,4344.0,objetivo,2,3.3000000000010914,70.48000000002183,133.99999999999636,2.48,2.000000000007276,129.5199999999891,1.9624242424234282,False,-0.4031109591237031,8,34734.800000008036,"F (partida 0,10 / 2R)"
MGC,london,2025-10-20,F,0.1,2.0,1,2025-10-20 08:59:00+01:00,2025-10-20 08:59:00+01:00,2025-10-20 09:00:00+01:00,4270.6,4268.5,4274.8,4268.4,stop,3,2.100000000000364,69.72000000001091,-60.0,3.7199999999999998,6.000000000021828,-69.72000000002183,-1.1066666666668215,False,0.9295993597010206,8,34864.320000008025,"F (partida 0,10 / 2R)"
MGC,london,2025-10-20,F,0.1,2.0,1,2025-10-20 09:04:00+01:00,2025-10-20 09:04:00+01:00,2025-10-20 09:49:00+01:00,4273.200000000001,4269.5,4280.6,4269.4,stop,2,3.7000000000007276,78.48000000001456,-72.00000000000728,2.48,4.000000000014552,-78.48000000002183,-1.060540540540627,False,0.8432779091797152,9,34794.600000008,"F (partida 0,10 / 2R)"
MGC,london,2025-10-21,F,0.1,2.0,-1,2025-10-21 10:06:00+01:00,2025-10-21 10:06:00+01:00,2025-10-21 10:26:00+01:00,4278.099999999999,4283.5,4267.3,4283.6,stop,1,5.400000000000546,56.24000000000546,-53.00000000000182,1.24,2.000000000007276,-56.2400000000091,-1.0414814814815447,False,-0.7047057622718277,10,34716.12000000798,"F (partida 0,10 / 2R)"
MGC,london,2025-10-21,F,0.1,2.0,-1,2025-10-21 10:42:00+01:00,2025-10-21 10:42:00+01:00,2025-10-21 10:42:00+01:00,4281.0,4282.3,4278.400000000001,4282.400000000001,stop,5,1.300000000000182,76.2000000000091,-59.999999999990905,6.2,10.00000000003638,-76.20000000002729,-1.172307692307948,False,-0.6291400662204385,10,34659.880000007965,"F (partida 0,10 / 2R)"
MGC,london,2025-10-22,F,0.1,2.0,-1,2025-10-22 09:41:00+01:00,2025-10-22 09:41:00+01:00,2025-10-22 09:41:00+01:00,4112.5,4118.700000000001,4100.1,4100.1,objetivo,1,6.200000000000728,64.24000000000729,125.0,1.24,1.000000000003638,122.75999999999637,1.979999999999709,False,-2.8057876844407605,9,34583.68000000794,"F (partida 0,10 / 2R)"
MGC,london,2025-10-22,F,0.1,2.0,-1,2025-10-22 10:12:00+01:00,2025-10-22 10:12:00+01:00,2025-10-22 10:12:00+01:00,4095.1,4098.400000000001,4088.5,4088.5,objetivo,2,3.3000000000006366,70.48000000001274,133.99999999999636,2.48,1.999999999998181,129.5199999999982,1.9624242424238365,False,-0.7381984670248255,10,34706.44000000793,"F (partida 0,10 / 2R)"
MGC,london,2025-10-23,F,0.1,2.0,1,2025-10-23 09:49:00+01:00,2025-10-23 09:49:00+01:00,2025-10-23 10:17:00+01:00,4128.700000000001,4123.9,4138.3,4138.3,objetivo,1,4.800000000001091,50.240000000010916,96.99999999999818,1.24,1.000000000003638,94.75999999999455,1.9741666666661042,False,0.32771205831271943,9,34835.96000000793,"F (partida 0,10 / 2R)"
MGC,london,2025-10-24,F,0.1,2.0,-1,2025-10-24 09:42:00+01:00,2025-10-24 09:42:00+01:00,2025-10-24 09:43:00+01:00,4064.9,4070.5,4053.7000000000003,4070.6,stop,1,5.599999999999909,58.23999999999909,-55.0,1.24,1.999999999998181,-58.23999999999818,-1.0399999999999845,False,-1.7146244249634148,9,34930.720000007925,"F (partida 0,10 / 2R)"
MGC,london,2025-10-27,F,0.1,2.0,-1,2025-10-27 09:56:00+00:00,2025-10-27 09:56:00+00:00,2025-10-27 10:00:00+00:00,4055.0,4056.4,4052.2000000000003,4052.2000000000003,objetivo,5,1.400000000000091,81.20000000000456,144.9999999999818,6.2,4.9999999999954525,133.79999999998637,1.9114285714282526,False,-0.14810509226455257,9,34872.48000000793,"F (partida 0,10 / 2R)"
MGC,london,2025-10-28,F,0.1,2.0,-1,2025-10-28 10:23:00+00:00,2025-10-28 10:23:00+00:00,2025-10-28 10:25:00+00:00,3916.8,3918.5,3913.4,3918.6,stop,4,1.699999999999818,76.95999999999272,-63.99999999999636,4.96,7.999999999992724,-76.95999999998908,-1.1317647058823135,False,-0.18304648416269403,10,35006.280000007915,"F (partida 0,10 / 2R)"
MGC,london,2025-10-29,F,0.1,2.0,1,2025-10-29 09:33:00+00:00,2025-10-29 09:33:00+00:00,2025-10-29 09:45:00+00:00,4030.9,4029.3,4034.1000000000004,4034.1000000000004,objetivo,4,1.599999999999909,72.95999999999636,132.00000000000728,4.96,3.999999999996362,123.04000000001092,1.9225000000002799,False,0.9970568994808813,9,34929.32000000792,"F (partida 0,10 / 2R)"
MGC,london,2025-10-29,F,0.1,2.0,1,2025-10-29 10:18:00+00:00,2025-10-29 10:18:00+00:00,2025-10-29 10:33:00+00:00,4039.6,4036.4,4046.0,4036.3,stop,2,3.199999999999818,68.47999999999637,-61.99999999999818,2.48,3.999999999996362,-68.47999999999455,-1.0699999999999756,False,1.0841902788821296,10,35052.36000000793,"F (partida 0,10 / 2R)"
MGC,london,2025-11-03,F,0.1,2.0,-1,2025-11-03 08:55:00+00:00,2025-11-03 08:55:00+00:00,2025-11-03 08:58:00+00:00,4026.1,4027.7,4022.9,4027.7999999999997,stop,4,1.599999999999909,72.95999999999636,-60.0,4.96,7.999999999992724,-72.95999999999272,-1.139999999999951,False,-2.0721665422515425,8,34983.880000007935,"F (partida 0,10 / 2R)"
MGC,london,2025-11-03,F,0.1,2.0,-1,2025-11-03 10:31:00+00:00,2025-11-03 10:31:00+00:00,2025-11-03 10:32:00+00:00,4007.9,4009.1,4005.5,4009.2,stop,6,1.199999999999818,85.43999999998908,-65.99999999999454,7.4399999999999995,11.999999999989086,-85.43999999998363,-1.1866666666666192,True,-1.0926621109229695,10,34910.92000000794,"F (partida 0,10 / 2R)"
MGC,london,2025-11-05,F,0.1,2.0,1,2025-11-05 08:57:00+00:00,2025-11-05 08:57:00+00:00,2025-11-05 08:58:00+00:00,3993.0,3991.6,3995.8,3991.5,stop,5,1.400000000000091,81.20000000000456,-65.0000000000091,6.2,9.999999999990905,-81.2,-1.1599999999999246,False,0.16003610411914562,8,34825.48000000796,"F (partida 0,10 / 2R)"
MGC,london,2025-11-05,F,0.1,2.0,-1,2025-11-05 09:46:00+00:00,2025-11-05 09:46:00+00:00,2025-11-05 09:47:00+00:00,3979.3,3980.5,3976.9,3980.6,stop,6,1.199999999999818,85.43999999998908,-65.99999999999454,7.4399999999999995,11.999999999989086,-85.43999999998363,-1.1866666666666192,False,-1.9091821447710908,9,34744.280000007966,"F (partida 0,10 / 2R)"
MGC,london,2025-11-07,F,0.1,2.0,-1,2025-11-07 10:15:00+00:00,2025-11-07 10:15:00+00:00,2025-11-07 10:23:00+00:00,4013.5,4015.5,4009.5,4015.6,stop,3,2.0,66.72,-57.00000000000273,3.7199999999999998,5.999999999994543,-66.71999999999727,-1.1119999999999546,False,-0.16230252799623326,10,34658.840000007986,"F (partida 0,10 / 2R)"
MGC,london,2025-11-07,F,0.1,2.0,-1,2025-11-07 10:33:00+00:00,2025-11-07 10:33:00+00:00,2025-11-07 10:37:00+00:00,4012.3,4014.2999999999997,4008.3,4014.3999999999996,stop,3,1.9999999999995453,66.71999999998636,-56.999999999989086,3.7199999999999998,5.999999999994543,-66.71999999998363,-1.11199999999998,False,-0.2500809169659726,10,34592.12000000799,"F (partida 0,10 / 2R)"
MGC,london,2025-11-10,F,0.1,2.0,1,2025-11-10 08:51:00+00:00,2025-11-10 08:51:00+00:00,2025-11-10 08:57:00+00:00,4090.7999999999997,4088.3,4095.8,4088.2000000000003,stop,3,2.4999999999995453,81.71999999998636,-71.99999999998909,3.7199999999999998,5.999999999994543,-81.71999999998363,-1.08959999999998,False,0.5364978115044654,8,34525.400000008005,"F (partida 0,10 / 2R)"
MGC,london,2025-11-12,F,0.1,2.0,-1,2025-11-12 10:09:00+00:00,2025-11-12 10:09:00+00:00,2025-11-12 10:09:00+00:00,4129.0,4130.3,4126.400000000001,4130.400000000001,stop,5,1.300000000000182,76.2000000000091,-59.999999999990905,6.2,10.00000000003638,-76.20000000002729,-1.172307692307948,False,-0.12058866501511474,10,34443.68000000802,"F (partida 0,10 / 2R)"
MGC,london,2025-11-13,F,0.1,2.0,1,2025-11-13 09:18:00+00:00,2025-11-13 09:18:00+00:00,2025-11-13 09:24:00+00:00,4240.400000000001,4237.9,4245.400000000001,4237.799999999999,stop,3,2.5000000000009095,81.72000000002728,-72.00000000001637,3.7199999999999998,6.000000000021828,-81.7200000000382,-1.089600000000113,False,0.3444717696153465,9,34367.48000000799,"F (partida 0,10 / 2R)"
MGC,london,2025-11-14,F,0.1,2.0,-1,2025-11-14 09:18:00+00:00,2025-11-14 09:18:00+00:00,2025-11-14 09:27:00+00:00,4176.799999999999,4179.400000000001,4171.6,4171.6,objetivo,3,2.6000000000012733,84.7200000000382,158.99999999997817,3.7199999999999998,3.000000000010914,152.27999999996726,1.9523076923063165,False,-0.8160954026842518,9,34285.760000007955,"F (partida 0,10 / 2R)"
MGC,london,2025-11-17,F,0.1,2.0,1,2025-11-17 10:03:00+00:00,2025-11-17 10:03:00+00:00,2025-11-17 10:05:00+00:00,4088.7999999999997,4087.1,4092.2000000000003,4086.9,stop_hueco,4,1.699999999999818,76.95999999999272,-67.99999999999272,4.96,7.999999999992724,-80.95999999998544,-1.190588235294031,False,0.3194344916298078,10,34438.040000007924,"F (partida 0,10 / 2R)"
MGC,london,2025-11-18,F,0.1,2.0,1,2025-11-18 09:18:00+00:00,2025-11-18 09:18:00+00:00,2025-11-18 09:18:00+00:00,4039.0,4036.7000000000003,4043.6000000000004,4036.6000000000004,stop,3,2.299999999999727,75.71999999999181,-65.99999999999454,3.7199999999999998,5.999999999994543,-75.71999999998908,-1.097391304347798,False,0.6849457671749256,9,34357.08000000794,"F (partida 0,10 / 2R)"
MGC,london,2025-11-18,F,0.1,2.0,1,2025-11-18 09:46:00+00:00,2025-11-18 09:46:00+00:00,2025-11-18 09:51:00+00:00,4037.2999999999997,4035.4,4041.1000000000004,4041.1000000000004,objetivo,4,1.8999999999996362,84.95999999998544,156.00000000002183,4.96,3.999999999996362,147.04000000002546,1.9347368421059685,False,0.343703725177315,9,34281.36000000795,"F (partida 0,10 / 2R)"
MGC,london,2025-11-19,F,0.1,2.0,-1,2025-11-19 08:37:00+00:00,2025-11-19 08:37:00+00:00,2025-11-19 08:37:00+00:00,4083.6,4085.2999999999997,4080.2000000000003,4085.3999999999996,stop,4,1.699999999999818,76.95999999999272,-63.99999999999636,4.96,7.999999999992724,-76.95999999998908,-1.1317647058823135,False,-0.5207908712280277,8,34428.400000007976,"F (partida 0,10 / 2R)"
MGC,london,2025-11-19,F,0.1,2.0,-1,2025-11-19 09:04:00+00:00,2025-11-19 09:04:00+00:00,2025-11-19 09:04:00+00:00,4082.3,4084.2,4078.5,4084.2999999999997,stop,4,1.8999999999996362,84.95999999998544,-71.99999999998909,4.96,7.999999999992724,-84.9599999999818,-1.11789473684208,False,-0.12704932355066273,9,34351.440000007984,"F (partida 0,10 / 2R)"
MGC,london,2025-11-20,F,0.1,2.0,1,2025-11-20 09:53:00+00:00,2025-11-20 09:53:00+00:00,2025-11-20 09:57:00+00:00,4066.5,4063.6,4072.3,4063.5,stop,2,2.900000000000091,62.480000000001816,-56.00000000000364,2.48,3.999999999996362,-62.48,-1.077241379310311,False,0.60682870296625,9,34266.480000008,"F (partida 0,10 / 2R)"
MGC,london,2025-11-21,F,0.1,2.0,1,2025-11-21 09:02:00+00:00,2025-11-21 09:02:00+00:00,2025-11-21 09:14:00+00:00,4044.0,4038.8,4054.4,4054.4,objetivo,1,5.199999999999818,54.23999999999818,105.0,1.24,0.9999999999990905,102.76000000000091,1.976153846153933,False,0.8534949413297523,9,34204.000000007996,"F (partida 0,10 / 2R)"
MGC,london,2025-11-24,F,0.1,2.0,1,2025-11-24 09:39:00+00:00,2025-11-24 09:39:00+00:00,2025-11-24 09:41:00+00:00,4068.7999999999997,4067.7000000000003,4071.0,4067.6000000000004,stop,6,1.0999999999994543,79.43999999996726,-59.999999999972715,7.4399999999999995,11.999999999989086,-79.4399999999618,-1.203636363636382,False,1.463404355926055,9,34306.760000008,"F (partida 0,10 / 2R)"
MGC,london,2025-11-24,F,0.1,2.0,1,2025-11-24 09:56:00+00:00,2025-11-24 09:56:00+00:00,2025-11-24 09:56:00+00:00,4068.7999999999997,4067.2000000000003,4072.0,4067.1000000000004,stop,4,1.5999999999994543,72.95999999997817,-59.99999999998181,4.96,7.999999999992724,-72.95999999997453,-1.1399999999999908,False,0.3932668453706797,9,34227.32000000804,"F (partida 0,10 / 2R)"
MGC,london,2025-11-25,F,0.1,2.0,-1,2025-11-25 09:30:00+00:00,2025-11-25 09:30:00+00:00,2025-11-25 09:30:00+00:00,4121.299999999999,4122.400000000001,4119.1,4122.500000000001,stop,6,1.1000000000012733,79.4400000000764,-60.00000000005457,7.4399999999999995,12.000000000043656,-79.44000000009822,-1.2036363636364587,False,-0.1884210024618705,9,34154.36000000806,"F (partida 0,10 / 2R)"
MGC,london,2025-12-02,F,0.1,2.0,-1,2025-12-02 10:02:00+00:00,2025-12-02 10:02:00+00:00,2025-12-02 10:03:00+00:00,4221.799999999999,4222.900000000001,4219.6,4223.000000000001,stop,6,1.1000000000012733,79.4400000000764,-60.00000000005457,7.4399999999999995,12.000000000043656,-79.44000000009822,-1.2036363636364587,False,-3.2299895124513807,10,34074.920000007965,"F (partida 0,10 / 2R)"
MGC,london,2025-12-03,F,0.1,2.0,-1,2025-12-03 08:40:00+00:00,2025-12-03 08:40:00+00:00,2025-12-03 08:41:00+00:00,4234.799999999999,4236.8,4230.8,4236.900000000001,stop,3,2.0000000000009095,66.72000000002728,-57.00000000001637,3.7199999999999998,6.000000000021828,-66.7200000000382,-1.1120000000001309,False,-0.20735001741899825,8,33995.48000000787,"F (partida 0,10 / 2R)"
MGC,london,2025-12-03,F,0.1,2.0,-1,2025-12-03 09:49:00+00:00,2025-12-03 09:49:00+00:00,2025-12-03 09:49:00+00:00,4230.7,4231.8,4228.5,4231.900000000001,stop,6,1.1000000000003638,79.44000000002183,-60.0,7.4399999999999995,12.000000000043656,-79.44000000004365,-1.203636363636627,False,-0.5262771198234969,9,33928.76000000783,"F (partida 0,10 / 2R)"
MGC,london,2025-12-04,F,0.1,2.0,1,2025-12-04 08:33:00+00:00,2025-12-04 08:33:00+00:00,2025-12-04 08:35:00+00:00,4223.3,4220.9,4228.1,4220.799999999999,stop,3,2.4000000000005457,78.72000000001637,-69.00000000000546,3.7199999999999998,6.000000000021828,-78.72000000002728,-1.0933333333334636,False,0.2698088608662913,8,33849.320000007785,"F (partida 0,10 / 2R)"
MGC,london,2025-12-04,F,0.1,2.0,-1,2025-12-04 09:16:00+00:00,2025-12-04 09:16:00+00:00,2025-12-04 09:22:00+00:00,4217.4,4218.900000000001,4214.400000000001,4219.000000000001,stop,4,1.5000000000009095,68.96000000003637,-56.00000000002183,4.96,8.000000000029104,-68.96000000005093,-1.1493333333334852,False,-1.1375475540490079,9,33770.600000007755,"F (partida 0,10 / 2R)"
MGC,london,2025-12-05,F,0.1,2.0,1,2025-12-05 10:21:00+00:00,2025-12-05 10:21:00+00:00,2025-12-05 10:29:00+00:00,4255.200000000001,4253.7,4258.2,4253.599999999999,stop,4,1.5000000000009095,68.96000000003637,-56.00000000002183,4.96,8.000000000029104,-68.96000000005093,-1.1493333333334852,False,0.4061599538061215,10,33701.640000007705,"F (partida 0,10 / 2R)"
MGC,london,2025-12-08,F,0.1,2.0,-1,2025-12-08 08:58:00+00:00,2025-12-08 08:58:00+00:00,2025-12-08 08:58:00+00:00,4237.0,4238.0,4235.0,4238.1,stop,6,1.0,73.44,-53.99999999997817,7.4399999999999995,12.000000000043656,-73.44000000002183,-1.2240000000003637,False,-0.5790557765313895,8,33632.680000007655,"F (partida 0,10 / 2R)"
MGC,london,2025-12-08,F,0.1,2.0,-1,2025-12-08 09:23:00+00:00,2025-12-08 09:23:00+00:00,2025-12-08 09:24:00+00:00,4235.799999999999,4237.1,4233.2,4237.200000000001,stop,5,1.3000000000010914,76.20000000005457,-60.00000000003638,6.2,10.00000000003638,-76.20000000007276,-1.1723076923078275,False,-0.4106186147011877,9,33559.24000000763,"F (partida 0,10 / 2R)"
MGC,london,2025-12-09,F,0.1,2.0,1,2025-12-09 10:12:00+00:00,2025-12-09 10:12:00+00:00,2025-12-09 10:39:00+00:00,4234.700000000001,4232.799999999999,4238.5,4232.599999999999,stop_hueco,3,1.9000000000014552,63.720000000043655,-57.00000000001637,3.7199999999999998,6.000000000021828,-66.7200000000382,-1.1705263157892474,False,0.7918243933932143,10,33483.04000000756,"F (partida 0,10 / 2R)"
MGC,london,2025-12-10,F,0.1,2.0,-1,2025-12-10 09:33:00+00:00,2025-12-10 09:33:00+00:00,2025-12-10 09:43:00+00:00,4224.7,4226.200000000001,4221.7,4221.7,objetivo,4,1.5000000000009095,68.96000000003637,124.00000000001455,4.96,4.000000000014552,115.04,1.917333333332171,False,-1.0868444952199656,9,33416.32000000752,"F (partida 0,10 / 2R)"
MGC,london,2025-12-11,F,0.1,2.0,1,2025-12-11 08:38:00+00:00,2025-12-11 08:38:00+00:00,2025-12-11 08:47:00+00:00,4245.900000000001,4243.0,4251.7,4242.9,stop,2,2.9000000000005457,62.48000000001091,-56.00000000000364,2.48,4.000000000014552,-62.48000000001819,-1.0772413793104556,False,0.7245892513484512,8,33531.360000007524,"F (partida 0,10 / 2R)"
MGC,london,2025-12-12,F,0.1,2.0,1,2025-12-12 09:49:00+00:00,2025-12-12 09:49:00+00:00,2025-12-12 09:54:00+00:00,4345.3,4343.2,4349.5,4349.5,objetivo,3,2.100000000000364,69.72000000001091,129.00000000000546,3.7199999999999998,3.000000000010914,122.27999999999454,1.9409523809519582,False,1.551964761790558,9,33468.880000007506,"F (partida 0,10 / 2R)"
MGC,london,2025-12-15,F,0.1,2.0,1,2025-12-15 09:14:00+00:00,2025-12-15 09:14:00+00:00,2025-12-15 09:18:00+00:00,4382.6,4380.299999999999,4387.2,4380.199999999999,stop,3,2.3000000000010914,75.72000000003274,-66.00000000002183,3.7199999999999998,6.000000000021828,-75.72000000004365,-1.097391304347938,False,0.8633756457454471,9,33591.1600000075,"F (partida 0,10 / 2R)"
MGC,london,2025-12-15,F,0.1,2.0,1,2025-12-15 09:30:00+00:00,2025-12-15 09:30:00+00:00,2025-12-15 09:32:00+00:00,4381.700000000001,4380.7,4383.7,4383.7,objetivo,6,1.0000000000009095,73.44000000005457,125.99999999996726,7.4399999999999995,6.000000000021828,112.55999999994543,1.8759999999973844,False,0.6407671140467318,9,33515.44000000745,"F (partida 0,10 / 2R)"
MGC,london,2025-12-16,F,0.1,2.0,-1,2025-12-16 08:39:00+00:00,2025-12-16 08:39:00+00:00,2025-12-16 08:41:00+00:00,4303.4,4306.900000000001,4296.400000000001,4307.000000000001,stop,2,3.5000000000009095,74.4800000000182,-68.00000000001091,2.48,4.000000000014552,-74.48000000002547,-1.0640000000000873,False,-2.54357081153228,8,33628.0000000074,"F (partida 0,10 / 2R)"
MGC,london,2025-12-16,F,0.1,2.0,1,2025-12-16 09:14:00+00:00,2025-12-16 09:14:00+00:00,2025-12-16 09:25:00+00:00,4311.3,4309.799999999999,4314.3,4309.699999999999,stop,4,1.5000000000009095,68.96000000003637,-56.00000000002183,4.96,8.000000000029104,-68.96000000005093,-1.1493333333334852,False,1.4335817937100526,9,33553.520000007375,"F (partida 0,10 / 2R)"
MGC,london,2025-12-17,F,0.1,2.0,1,2025-12-17 09:29:00+00:00,2025-12-17 09:29:00+00:00,2025-12-17 09:30:00+00:00,4351.6,4350.0,4354.8,4349.9,stop,4,1.6000000000003638,72.96000000001455,-60.0,4.96,8.000000000029104,-72.9600000000291,-1.1400000000001955,False,0.8015857001964729,9,33484.560000007325,"F (partida 0,10 / 2R)"
MGC,london,2025-12-18,F,0.1,2.0,-1,2025-12-18 09:22:00+00:00,2025-12-18 09:22:00+00:00,2025-12-18 09:22:00+00:00,4356.7,4357.8,4354.5,4357.900000000001,stop,6,1.1000000000003638,79.44000000002183,-60.0,7.4399999999999995,12.000000000043656,-79.44000000004365,-1.203636363636627,False,-0.698486769213144,9,33411.600000007296,"F (partida 0,10 / 2R)"
MGC,london,2025-12-19,F,0.1,2.0,1,2025-12-19 09:41:00+00:00,2025-12-19 09:41:00+00:00,2025-12-19 09:44:00+00:00,4356.5,4355.0,4359.5,4359.5,objetivo,4,1.5,68.96,124.00000000001455,4.96,4.000000000014552,115.04,1.9173333333333333,False,0.3202315211305749,9,33332.16000000725,"F (partida 0,10 / 2R)"
MGC,london,2025-12-19,F,0.1,2.0,1,2025-12-19 10:00:00+00:00,2025-12-19 10:00:00+00:00,2025-12-19 10:18:00+00:00,4358.5,4357.2,4361.1,4357.099999999999,stop,5,1.300000000000182,76.2000000000091,-59.999999999990905,6.2,10.00000000003638,-76.20000000002729,-1.172307692307948,False,1.1211954132697188,9,33447.20000000725,"F (partida 0,10 / 2R)"
MGC,london,2025-12-22,F,0.1,2.0,1,2025-12-22 10:05:00+00:00,2025-12-22 10:05:00+00:00,2025-12-22 10:11:00+00:00,4447.8,4446.4,4450.6,4446.299999999999,stop,5,1.4000000000005457,81.2000000000273,-65.0000000000091,6.2,10.00000000003638,-81.20000000004548,-1.1600000000001975,False,0.3669853972278323,10,33371.000000007225,"F (partida 0,10 / 2R)"
MGC,london,2025-12-23,F,0.1,2.0,1,2025-12-23 08:36:00+00:00,2025-12-23 08:36:00+00:00,2025-12-23 08:44:00+00:00,4520.6,4519.4,4523.0,4523.0,objetivo,5,1.2000000000007276,71.20000000003638,125.0,6.2,5.00000000001819,113.79999999998181,1.8966666666652134,False,0.25534114207483116,8,33289.80000000718,"F (partida 0,10 / 2R)"
MGC,london,2025-12-24,F,0.1,2.0,1,2025-12-24 09:41:00+00:00,2025-12-24 09:41:00+00:00,2025-12-24 09:42:00+00:00,4515.900000000001,4514.799999999999,4518.1,4518.2,objetivo_hueco,6,1.1000000000012733,79.4400000000764,143.99999999997817,7.4399999999999995,6.000000000021828,130.55999999995635,1.9781818181788668,False,0.7119195429461547,9,33403.60000000716,"F (partida 0,10 / 2R)"
MGC,london,2025-12-24,F,0.1,2.0,1,2025-12-24 10:28:00+00:00,2025-12-24 10:28:00+00:00,2025-12-24 10:29:00+00:00,4521.900000000001,4520.2,4525.3,4520.099999999999,stop,4,1.7000000000007276,76.9600000000291,-64.00000000001455,4.96,8.000000000029104,-76.96000000004365,-1.1317647058825104,False,1.0325033721980614,10,33534.16000000711,"F (partida 0,10 / 2R)"
MGC,london,2025-12-26,F,0.1,2.0,1,2025-12-26 08:47:00+00:00,2025-12-26 08:47:00+00:00,2025-12-26 08:54:00+00:00,4546.8,4545.5,4549.400000000001,4545.4,stop,5,1.300000000000182,76.2000000000091,-59.999999999990905,6.2,10.00000000003638,-76.20000000002729,-1.172307692307948,False,1.5577673855066534,8,33457.20000000707,"F (partida 0,10 / 2R)"
MGC,london,2025-12-26,F,0.1,2.0,1,2025-12-26 09:27:00+00:00,2025-12-26 09:27:00+00:00,2025-12-26 09:32:00+00:00,4549.200000000001,4547.799999999999,4552.0,4547.699999999999,stop,5,1.4000000000014552,81.20000000007278,-65.00000000005457,6.2,10.00000000003638,-81.20000000009095,-1.1600000000000936,False,1.2594161270462543,9,33381.00000000704,"F (partida 0,10 / 2R)"
MGC,london,2025-12-29,F,0.1,2.0,-1,2025-12-29 09:34:00+00:00,2025-12-29 09:34:00+00:00,2025-12-29 09:40:00+00:00,4482.799999999999,4485.3,4477.8,4485.400000000001,stop,3,2.5000000000009095,81.72000000002728,-72.00000000001637,3.7199999999999998,6.000000000021828,-81.7200000000382,-1.089600000000113,False,-0.6373292671524012,9,33299.80000000695,"F (partida 0,10 / 2R)"
MGC,london,2025-12-30,F,0.1,2.0,1,2025-12-30 09:53:00+00:00,2025-12-30 09:53:00+00:00,2025-12-30 09:55:00+00:00,4386.3,4385.099999999999,4388.7,4388.7,objetivo,5,1.2000000000007276,71.20000000003638,125.0,6.2,5.00000000001819,113.79999999998181,1.8966666666652134,False,0.47205174793265475,9,33218.080000006914,"F (partida 0,10 / 2R)"
MGC,london,2025-12-31,F,0.1,2.0,-1,2025-12-31 08:32:00+00:00,2025-12-31 08:32:00+00:00,2025-12-31 08:43:00+00:00,4335.099999999999,4337.400000000001,4330.5,4330.5,objetivo,3,2.3000000000010914,75.72000000003274,140.99999999999454,3.7199999999999998,3.000000000010914,134.27999999998363,1.9460869565205785,False,-3.2303737697980446,8,33331.880000006895,"F (partida 0,10 / 2R)"
MGC,london,2025-12-31,F,0.1,2.0,-1,2025-12-31 09:19:00+00:00,2025-12-31 09:19:00+00:00,2025-12-31 09:19:00+00:00,4323.4,4325.200000000001,4319.8,4325.300000000001,stop,4,1.8000000000010914,80.96000000004365,-68.0000000000291,4.96,8.000000000029104,-80.9600000000582,-1.124444444444571,False,-2.5547335314072024,9,33466.16000000688,"F (partida 0,10 / 2R)"
MGC,london,2026-01-02,F,0.1,2.0,-1,2026-01-02 09:40:00+00:00,2026-01-02 09:40:00+00:00,2026-01-02 09:40:00+00:00,4398.9,4400.1,4396.5,4400.200000000001,stop,5,1.2000000000007276,71.20000000003638,-55.00000000001819,6.2,10.00000000003638,-71.20000000005457,-1.1866666666668566,False,-0.10505870660505447,9,33385.20000000682,"F (partida 0,10 / 2R)"
MGC,london,2026-01-02,F,0.1,2.0,-1,2026-01-02 09:51:00+00:00,2026-01-02 09:51:00+00:00,2026-01-02 09:51:00+00:00,4398.9,4400.1,4396.5,4400.200000000001,stop,5,1.2000000000007276,71.20000000003638,-55.00000000001819,6.2,10.00000000003638,-71.20000000005457,-1.1866666666668566,False,-0.18994090671353872,9,33314.00000000677,"F (partida 0,10 / 2R)"
MGC,london,2026-01-05,F,0.1,2.0,1,2026-01-05 08:41:00+00:00,2026-01-05 08:41:00+00:00,2026-01-05 08:45:00+00:00,4437.700000000001,4435.599999999999,4441.900000000001,4441.900000000001,objetivo,3,2.1000000000012733,69.7200000000382,129.00000000000546,3.7199999999999998,3.000000000010914,122.27999999999454,1.9409523809511176,False,2.7342307710211693,8,33242.80000000671,"F (partida 0,10 / 2R)"
MGC,london,2026-01-06,F,0.1,2.0,-1,2026-01-06 10:29:00+00:00,2026-01-06 10:29:00+00:00,2026-01-06 10:30:00+00:00,4459.299999999999,4460.6,4456.7,4460.700000000001,stop,5,1.3000000000010914,76.20000000005457,-60.00000000003638,6.2,10.00000000003638,-76.20000000007276,-1.1723076923078275,False,-1.0000895021939598,10,33365.0800000067,"F (partida 0,10 / 2R)"
MGC,london,2026-01-07,F,0.1,2.0,-1,2026-01-07 10:03:00+00:00,2026-01-07 10:03:00+00:00,2026-01-07 10:03:00+00:00,4471.299999999999,4472.900000000001,4468.1,4473.000000000001,stop,4,1.6000000000012733,72.96000000005093,-60.00000000003638,4.96,8.000000000029104,-72.96000000006548,-1.1400000000001158,False,-0.2842955224197345,10,33288.88000000663,"F (partida 0,10 / 2R)"
MGC,london,2026-01-13,F,0.1,2.0,1,2026-01-13 09:09:00+00:00,2026-01-13 09:09:00+00:00,2026-01-13 09:18:00+00:00,4603.8,4601.7,4608.0,4601.599999999999,stop,3,2.100000000000364,69.72000000001091,-60.0,3.7199999999999998,6.000000000021828,-69.72000000002183,-1.1066666666668215,False,0.8009221604267722,9,33215.92000000657,"F (partida 0,10 / 2R)"
MGC,london,2026-01-16,F,0.1,2.0,-1,2026-01-16 09:16:00+00:00,2026-01-16 09:16:00+00:00,2026-01-16 10:05:00+00:00,4606.599999999999,4608.900000000001,4602.0,4609.000000000001,stop,3,2.3000000000010914,75.72000000003274,-66.00000000002183,3.7199999999999998,6.000000000021828,-75.72000000004365,-1.097391304347938,False,-0.5961914078731453,9,33146.200000006545,"F (partida 0,10 / 2R)"
MGC,london,2026-01-19,F,0.1,2.0,1,2026-01-19 09:44:00+00:00,2026-01-19 09:44:00+00:00,2026-01-19 09:55:00+00:00,4674.0,4672.799999999999,4676.400000000001,4672.699999999999,stop,5,1.2000000000007276,71.20000000003638,-55.00000000001819,6.2,10.00000000003638,-71.20000000005457,-1.1866666666668566,False,0.2229948500685109,9,33070.4800000065,"F (partida 0,10 / 2R)"
MGC,london,2026-01-20,F,0.1,2.0,1,2026-01-20 09:25:00+00:00,2026-01-20 09:25:00+00:00,2026-01-20 09:25:00+00:00,4734.5,4733.5,4736.5,4733.4,stop,6,1.0,73.44,-53.99999999997817,7.4399999999999995,12.000000000043656,-73.44000000002183,-1.2240000000003637,False,1.0880361857692196,9,32999.280000006445,"F (partida 0,10 / 2R)"
MGC,london,2026-01-21,F,0.1,2.0,1,2026-01-21 08:40:00+00:00,2026-01-21 08:40:00+00:00,2026-01-21 08:41:00+00:00,4867.200000000001,4864.4,4872.8,4864.299999999999,stop,2,2.8000000000010914,60.480000000021825,-54.00000000001455,2.48,4.000000000014552,-60.4800000000291,-1.0800000000000987,False,1.1589102121060761,8,32925.84000000642,"F (partida 0,10 / 2R)"
MGC,london,2026-01-22,F,0.1,2.0,-1,2026-01-22 10:08:00+00:00,2026-01-22 10:08:00+00:00,2026-01-22 10:09:00+00:00,4822.4,4823.8,4819.6,4823.900000000001,stop,5,1.4000000000005457,81.2000000000273,-65.0000000000091,6.2,10.00000000003638,-81.20000000004548,-1.1600000000001975,False,-1.1880041249396958,10,32865.36000000639,"F (partida 0,10 / 2R)"
MGC,london,2026-01-27,F,0.1,2.0,-1,2026-01-27 08:54:00+00:00,2026-01-27 08:54:00+00:00,2026-01-27 08:54:00+00:00,5074.099999999999,5076.5,5069.3,5076.6,stop,3,2.4000000000005457,78.72000000001637,-69.00000000000546,3.7199999999999998,6.000000000021828,-78.72000000002728,-1.0933333333334636,False,-1.0703725915410884,8,32784.16000000634,"F (partida 0,10 / 2R)"
MGC,london,2026-01-27,F,0.1,2.0,-1,2026-01-27 09:00:00+00:00,2026-01-27 09:00:00+00:00,2026-01-27 09:00:00+00:00,5074.9,5077.1,5070.5,5077.200000000001,stop,3,2.2000000000007276,72.72000000002183,-63.000000000010914,3.7199999999999998,6.000000000021828,-72.72000000003274,-1.1018181818183135,False,-0.8069202308809662,8,32705.440000006314,"F (partida 0,10 / 2R)"
MGC,london,2026-01-28,F,0.1,2.0,-1,2026-01-28 09:13:00+00:00,2026-01-28 09:13:00+00:00,2026-01-28 09:23:00+00:00,5280.099999999999,5287.6,5265.1,5265.1,objetivo,1,7.5000000000009095,77.24000000000909,150.99999999999454,1.24,1.000000000003638,148.7599999999909,1.9834666666663048,False,-0.9774339268366431,9,32632.72000000628,"F (partida 0,10 / 2R)"
MGC,london,2026-02-02,F,0.1,2.0,1,2026-02-02 08:42:00+00:00,2026-02-02 08:42:00+00:00,2026-02-02 08:42:00+00:00,4650.400000000001,4644.099999999999,4663.0,4663.0,objetivo,1,6.300000000001091,65.24000000001091,126.99999999999818,1.24,1.000000000003638,124.75999999999455,1.9803174603170308,False,1.8813676218948907,8,32781.48000000627,"F (partida 0,10 / 2R)"
MGC,london,2026-02-04,F,0.1,2.0,-1,2026-02-04 08:53:00+00:00,2026-02-04 08:53:00+00:00,2026-02-04 08:54:00+00:00,5096.799999999999,5100.400000000001,5089.6,5100.500000000001,stop,2,3.6000000000012733,76.48000000002547,-70.00000000001819,2.48,4.000000000014552,-76.48000000003275,-1.0622222222223012,False,-0.7523848693072112,8,32906.24000000626,"F (partida 0,10 / 2R)"
MGC,london,2026-02-04,F,0.1,2.0,-1,2026-02-04 10:03:00+00:00,2026-02-04 10:03:00+00:00,2026-02-04 10:43:00+00:00,5076.4,5083.8,5061.6,5083.900000000001,stop,1,7.400000000000546,76.24000000000545,-73.00000000000182,1.24,2.000000000007276,-76.24000000000909,-1.030270270270317,False,-0.8361636742413066,10,32829.76000000623,"F (partida 0,10 / 2R)"
MGC,london,2026-02-05,F,0.1,2.0,-1,2026-02-05 10:21:00+00:00,2026-02-05 10:21:00+00:00,2026-02-05 10:21:00+00:00,4882.5,4888.6,4870.3,4888.700000000001,stop,1,6.100000000000364,63.24000000000364,-60.0,1.24,2.000000000007276,-63.24000000000728,-1.0367213114754674,False,-1.0703843761163971,10,32753.52000000622,"F (partida 0,10 / 2R)"
MGC,london,2026-02-06,F,0.1,2.0,1,2026-02-06 09:47:00+00:00,2026-02-06 09:47:00+00:00,2026-02-06 09:47:00+00:00,4883.400000000001,4882.099999999999,4886.0,4881.999999999999,stop,5,1.3000000000010914,76.20000000005457,-60.00000000003638,6.2,10.00000000003638,-76.20000000007276,-1.1723076923078275,False,0.2804246675596018,9,32690.280000006213,"F (partida 0,10 / 2R)"
MGC,london,2026-02-06,F,0.1,2.0,1,2026-02-06 10:36:00+00:00,2026-02-06 10:36:00+00:00,2026-02-06 10:36:00+00:00,4891.8,4889.599999999999,4896.2,4889.499999999999,stop,3,2.2000000000007276,72.72000000002183,-63.000000000010914,3.7199999999999998,6.000000000021828,-72.72000000003274,-1.1018181818183135,False,0.2251019309461545,10,32614.08000000614,"F (partida 0,10 / 2R)"
MGC,london,2026-02-09,F,0.1,2.0,1,2026-02-09 09:02:00+00:00,2026-02-09 09:02:00+00:00,2026-02-09 09:03:00+00:00,5049.6,5046.099999999999,5056.6,5056.6,objetivo,2,3.5000000000009095,74.4800000000182,142.00000000000728,2.48,2.000000000007276,137.52,1.9645714285709182,False,0.8257403734901436,9,32541.360000006105,"F (partida 0,10 / 2R)"
MGC,london,2026-02-09,F,0.1,2.0,-1,2026-02-09 10:26:00+00:00,2026-02-09 10:26:00+00:00,2026-02-09 10:27:00+00:00,5021.099999999999,5027.3,5008.700000000001,5008.700000000001,objetivo,1,6.200000000000728,64.24000000000729,124.9999999999909,1.24,1.000000000003638,122.75999999998727,1.9799999999995623,False,-1.0117563343923488,10,32678.880000006106,"F (partida 0,10 / 2R)"
MGC,london,2026-02-10,F,0.1,2.0,1,2026-02-10 09:03:00+00:00,2026-02-10 09:03:00+00:00,2026-02-10 09:08:00+00:00,5070.200000000001,5067.299999999999,5076.0,5076.0,objetivo,2,2.900000000001455,62.4800000000291,117.99999999999272,2.48,2.000000000007276,113.51999999998544,1.9572413793091117,False,2.0132024101820982,9,32801.64000000609,"F (partida 0,10 / 2R)"
MGC,london,2026-02-10,F,0.1,2.0,1,2026-02-10 09:22:00+00:00,2026-02-10 09:22:00+00:00,2026-02-10 09:32:00+00:00,5075.200000000001,5070.2,5085.200000000001,5070.099999999999,stop_hueco,1,5.0000000000009095,52.2400000000091,-49.00000000000546,1.24,2.000000000007276,-52.240000000012735,-1.0448000000000646,False,1.06734999401943,9,32915.16000000607,"F (partida 0,10 / 2R)"
MGC,london,2026-02-11,F,0.1,2.0,-1,2026-02-11 09:06:00+00:00,2026-02-11 09:06:00+00:00,2026-02-11 09:10:00+00:00,5073.2,5076.6,5066.400000000001,5076.700000000001,stop,2,3.4000000000005457,72.48000000001092,-66.00000000000364,2.48,4.000000000014552,-72.4800000000182,-1.0658823529412729,False,-0.21902643160550128,9,32862.92000000606,"F (partida 0,10 / 2R)"
MGC,london,2026-02-12,F,0.1,2.0,1,2026-02-12 09:44:00+00:00,2026-02-12 09:44:00+00:00,2026-02-12 09:49:00+00:00,5096.0,5094.0,5100.0,5093.9,stop,3,2.0,66.72,-56.999999999989086,3.7199999999999998,6.000000000021828,-66.72000000001091,-1.112000000000182,False,0.7308983243714593,9,32790.44000000604,"F (partida 0,10 / 2R)"
MGC,london,2026-02-13,F,0.1,2.0,-1,2026-02-13 10:01:00+00:00,2026-02-13 10:01:00+00:00,2026-02-13 10:04:00+00:00,4988.799999999999,4991.0,4984.400000000001,4991.1,stop,3,2.2000000000007276,72.72000000002183,-63.000000000010914,3.7199999999999998,6.000000000021828,-72.72000000003274,-1.1018181818183135,False,-0.5555975215143247,10,32723.72000000603,"F (partida 0,10 / 2R)"
MGC,london,2026-02-13,F,0.1,2.0,-1,2026-02-13 10:20:00+00:00,2026-02-13 10:20:00+00:00,2026-02-13 10:20:00+00:00,4987.099999999999,4990.900000000001,4979.5,4991.000000000001,stop,2,3.8000000000010914,80.48000000002183,-74.00000000001455,2.48,4.000000000014552,-80.48000000002911,-1.0589473684211315,False,-0.3538801642802431,10,32651.000000005995,"F (partida 0,10 / 2R)"
MGC,london,2026-02-16,F,0.1,2.0,1,2026-02-16 08:52:00+00:00,2026-02-16 08:52:00+00:00,2026-02-16 08:54:00+00:00,5026.400000000001,5025.4,5028.400000000001,5025.299999999999,stop,6,1.0000000000009095,73.44000000005457,-54.00000000003274,7.4399999999999995,12.000000000043656,-73.4400000000764,-1.22400000000016,False,0.17837146033496037,8,32570.520000005967,"F (partida 0,10 / 2R)"
MGC,london,2026-02-16,F,0.1,2.0,1,2026-02-16 09:39:00+00:00,2026-02-16 09:39:00+00:00,2026-02-16 09:43:00+00:00,5033.900000000001,5032.599999999999,5036.5,5032.499999999999,stop,5,1.3000000000010914,76.20000000005457,-60.00000000003638,6.2,10.00000000003638,-76.20000000007276,-1.1723076923078275,False,0.9025490958451279,9,32497.08000000589,"F (partida 0,10 / 2R)"
MGC,london,2026-02-17,F,0.1,2.0,-1,2026-02-17 09:44:00+00:00,2026-02-17 09:44:00+00:00,2026-02-17 09:44:00+00:00,4938.5,4939.5,4936.5,4939.6,stop,6,1.0,73.44,-53.99999999997817,7.4399999999999995,12.000000000043656,-73.44000000002183,-1.2240000000003637,False,-0.25895064630300696,9,32420.880000005818,"F (partida 0,10 / 2R)"
MGC,london,2026-02-18,F,0.1,2.0,-1,2026-02-18 09:37:00+00:00,2026-02-18 09:37:00+00:00,2026-02-18 09:38:00+00:00,4937.7,4939.200000000001,4934.700000000001,4939.300000000001,stop,4,1.5000000000009095,68.96000000003637,-56.00000000002183,4.96,8.000000000029104,-68.96000000005093,-1.1493333333334852,False,-0.8368279168137644,9,32347.440000005798,"F (partida 0,10 / 2R)"
MGC,london,2026-02-18,F,0.1,2.0,-1,2026-02-18 10:01:00+00:00,2026-02-18 10:01:00+00:00,2026-02-18 10:01:00+00:00,4938.2,4939.6,4935.400000000001,4939.700000000001,stop,4,1.4000000000005457,64.96000000002184,-52.000000000007276,4.96,8.000000000029104,-64.96000000003637,-1.1600000000001973,False,-0.30486649705551455,10,32278.480000005748,"F (partida 0,10 / 2R)"
MGC,london,2026-02-20,F,0.1,2.0,-1,2026-02-20 10:26:00+00:00,2026-02-20 10:26:00+00:00,2026-02-20 10:29:00+00:00,5044.0,5046.6,5038.8,5046.700000000001,stop,2,2.600000000000364,56.48000000000727,-50.0,2.48,4.000000000014552,-56.48000000001455,-1.086153846153974,False,-0.12143360307180852,10,32213.520000005712,"F (partida 0,10 / 2R)"
MGC,london,2026-02-23,F,0.1,2.0,1,2026-02-23 09:49:00+00:00,2026-02-23 09:49:00+00:00,2026-02-23 09:50:00+00:00,5168.3,5167.299999999999,5170.3,5167.199999999999,stop,6,1.0000000000009095,73.44000000005457,-54.00000000003274,7.4399999999999995,12.000000000043656,-73.4400000000764,-1.22400000000016,False,1.1284659123713061,9,32157.040000005698,"F (partida 0,10 / 2R)"
MGC,london,2026-02-23,F,0.1,2.0,1,2026-02-23 10:15:00+00:00,2026-02-23 10:15:00+00:00,2026-02-23 10:24:00+00:00,5170.5,5168.4,5174.700000000001,5174.700000000001,objetivo,3,2.100000000000364,69.72000000001091,129.00000000003274,3.7199999999999998,3.000000000010914,122.28000000002183,1.9409523809523912,False,0.99476630565148,10,32083.600000005623,"F (partida 0,10 / 2R)"
MGC,london,2026-02-24,F,0.1,2.0,1,2026-02-24 09:01:00+00:00,2026-02-24 09:01:00+00:00,2026-02-24 09:05:00+00:00,5193.5,5191.4,5197.700000000001,5197.700000000001,objetivo,3,2.100000000000364,69.72000000001091,129.00000000003274,3.7199999999999998,3.000000000010914,122.28000000002183,1.9409523809523912,False,0.6372226927171507,9,32205.880000005644,"F (partida 0,10 / 2R)"
MGC,london,2026-02-26,F,0.1,2.0,-1,2026-02-26 09:05:00+00:00,2026-02-26 09:05:00+00:00,2026-02-26 09:07:00+00:00,5190.099999999999,5193.1,5184.1,5193.200000000001,stop,2,3.0000000000009095,64.48000000001818,-58.000000000010914,2.48,4.000000000014552,-64.48000000002547,-1.0746666666667655,False,-1.0000411931006106,9,32328.160000005664,"F (partida 0,10 / 2R)"
MGC,london,2026-02-27,F,0.1,2.0,-1,2026-02-27 08:54:00+00:00,2026-02-27 08:54:00+00:00,2026-02-27 09:01:00+00:00,5194.7,5197.3,5189.5,5197.400000000001,stop,2,2.600000000000364,56.48000000000727,-50.0,2.48,4.000000000014552,-56.48000000001455,-1.086153846153974,False,-0.23931901730477662,8,32263.68000000564,"F (partida 0,10 / 2R)"
MGC,london,2026-02-27,F,0.1,2.0,-1,2026-02-27 10:32:00+00:00,2026-02-27 10:32:00+00:00,2026-02-27 10:32:00+00:00,5190.9,5192.200000000001,5188.3,5192.300000000001,stop,5,1.3000000000010914,76.20000000005457,-60.00000000003638,6.2,10.00000000003638,-76.20000000007276,-1.1723076923078275,False,-0.48792331223215973,10,32207.200000005625,"F (partida 0,10 / 2R)"
MGC,london,2026-03-02,F,0.1,2.0,-1,2026-03-02 09:42:00+00:00,2026-03-02 09:42:00+00:00,2026-03-02 09:42:00+00:00,5409.2,5411.700000000001,5404.200000000001,5411.800000000001,stop,2,2.5000000000009095,54.48000000001819,-48.000000000010914,2.48,4.000000000014552,-54.48000000002546,-1.089600000000113,False,-0.5993180661870591,9,32131.00000000555,"F (partida 0,10 / 2R)"
MGC,london,2026-03-02,F,0.1,2.0,-1,2026-03-02 09:46:00+00:00,2026-03-02 09:46:00+00:00,2026-03-02 10:06:00+00:00,5406.599999999999,5411.900000000001,5396.0,5396.0,objetivo,1,5.300000000001091,55.240000000010916,106.99999999999818,1.24,1.000000000003638,104.75999999999455,1.9766037735843958,False,-0.569127707839863,9,32076.520000005527,"F (partida 0,10 / 2R)"
MGC,london,2026-03-03,F,0.1,2.0,-1,2026-03-03 10:17:00+00:00,2026-03-03 10:17:00+00:00,2026-03-03 10:18:00+00:00,5280.5,5286.200000000001,5269.1,5286.300000000001,stop,1,5.700000000000728,59.24000000000728,-56.00000000000364,1.24,2.000000000007276,-59.240000000010916,-1.039298245614094,False,-0.17286855485141564,10,32181.28000000552,"F (partida 0,10 / 2R)"
MGC,london,2026-03-04,F,0.1,2.0,1,2026-03-04 09:19:00+00:00,2026-03-04 09:19:00+00:00,2026-03-04 09:30:00+00:00,5184.5,5180.4,5192.700000000001,5180.299999999999,stop,1,4.100000000000364,43.24000000000364,-40.0,1.24,2.000000000007276,-43.24000000000728,-1.0546341463415474,False,0.6407219049588075,9,32122.04000000551,"F (partida 0,10 / 2R)"
MGC,london,2026-03-06,F,0.1,2.0,-1,2026-03-06 09:01:00+00:00,2026-03-06 09:01:00+00:00,2026-03-06 09:09:00+00:00,5114.2,5117.900000000001,5106.8,5106.8,objetivo,2,3.7000000000007276,78.48000000001456,150.0,2.48,2.000000000007276,145.51999999999273,1.9664864864860017,False,-0.7297486399728238,9,32078.8000000055,"F (partida 0,10 / 2R)"
MGC,london,2026-03-06,F,0.1,2.0,-1,2026-03-06 09:36:00+00:00,2026-03-06 09:36:00+00:00,2026-03-06 09:57:00+00:00,5104.4,5110.5,5092.200000000001,5092.200000000001,objetivo,1,6.100000000000364,63.24000000000364,122.99999999999272,1.24,1.000000000003638,120.75999999998909,1.979672131147244,False,-1.4866767996352734,9,32224.320000005493,"F (partida 0,10 / 2R)"
MGC,london,2026-03-11,F,0.1,2.0,-1,2026-03-11 09:05:00+00:00,2026-03-11 09:05:00+00:00,2026-03-11 09:10:00+00:00,5190.799999999999,5192.700000000001,5187.0,5192.800000000001,stop,3,1.9000000000014552,63.720000000043655,-54.00000000003274,3.7199999999999998,6.000000000021828,-63.72000000005457,-1.1178947368422065,False,-1.2218197906709767,9,32345.08000000548,"F (partida 0,10 / 2R)"
MGC,london,2026-03-11,F,0.1,2.0,1,2026-03-11 10:09:00+00:00,2026-03-11 10:09:00+00:00,2026-03-11 10:24:00+00:00,5200.700000000001,5198.9,5204.3,5198.799999999999,stop,3,1.8000000000010914,60.72000000003274,-51.00000000002183,3.7199999999999998,6.000000000021828,-60.720000000043655,-1.1244444444445711,False,0.4106149094092923,10,32281.360000005425,"F (partida 0,10 / 2R)"
MGC,london,2026-03-13,F,0.1,2.0,1,2026-03-13 09:52:00+00:00,2026-03-13 09:52:00+00:00,2026-03-13 09:55:00+00:00,5097.700000000001,5094.099999999999,5104.900000000001,5093.999999999999,stop,2,3.6000000000012733,76.48000000002547,-70.00000000001819,2.48,4.000000000014552,-76.48000000003275,-1.0622222222223012,False,0.6473702250058148,9,32220.64000000538,"F (partida 0,10 / 2R)"
MGC,london,2026-03-13,F,0.1,2.0,1,2026-03-13 10:09:00+00:00,2026-03-13 10:09:00+00:00,2026-03-13 10:09:00+00:00,5094.200000000001,5092.799999999999,5097.0,5092.699999999999,stop,4,1.4000000000014552,64.96000000005822,-52.000000000043656,4.96,8.000000000029104,-64.96000000007275,-1.1600000000000934,False,0.5717285284133614,10,32144.160000005348,"F (partida 0,10 / 2R)"
MGC,london,2026-03-16,F,0.1,2.0,-1,2026-03-16 09:00:00+00:00,2026-03-16 09:00:00+00:00,2026-03-16 09:01:00+00:00,4994.0,4995.5,4991.0,4991.0,objetivo,4,1.5,68.96,124.00000000001455,4.96,4.000000000014552,115.04,1.9173333333333333,False,-0.8602013903234365,8,32079.200000005276,"F (partida 0,10 / 2R)"
MGC,london,2026-03-16,F,0.1,2.0,-1,2026-03-16 09:39:00+00:00,2026-03-16 09:39:00+00:00,2026-03-16 09:39:00+00:00,4989.4,4990.6,4987.0,4987.0,objetivo,5,1.2000000000007276,71.20000000003638,125.0,6.2,5.00000000001819,113.79999999998181,1.8966666666652134,False,-0.6346606403268507,9,32194.240000005277,"F (partida 0,10 / 2R)"
MGC,london,2026-03-17,F,0.1,2.0,-1,2026-03-17 10:29:00+00:00,2026-03-17 10:29:00+00:00,2026-03-17 10:30:00+00:00,5008.5,5011.900000000001,5001.700000000001,5012.000000000001,stop,2,3.4000000000005457,72.48000000001092,-66.00000000000364,2.48,4.000000000014552,-72.4800000000182,-1.0658823529412729,False,-1.2756405013749863,10,32308.040000005258,"F (partida 0,10 / 2R)"
MGC,london,2026-03-18,F,0.1,2.0,-1,2026-03-18 08:38:00+00:00,2026-03-18 08:38:00+00:00,2026-03-18 08:39:00+00:00,4991.9,4994.1,4987.5,4994.200000000001,stop,3,2.2000000000007276,72.72000000002183,-63.000000000010914,3.7199999999999998,6.000000000021828,-72.72000000003274,-1.1018181818183135,False,-1.8176781390537375,8,32235.56000000524,"F (partida 0,10 / 2R)"
MGC,london,2026-03-18,F,0.1,2.0,-1,2026-03-18 09:15:00+00:00,2026-03-18 09:15:00+00:00,2026-03-18 09:19:00+00:00,4990.2,4992.3,4986.0,4992.400000000001,stop,3,2.100000000000364,69.72000000001091,-60.0,3.7199999999999998,6.000000000021828,-69.72000000002183,-1.1066666666668215,False,-0.5848823357433951,9,32162.840000005206,"F (partida 0,10 / 2R)"
MGC,london,2026-03-19,F,0.1,2.0,-1,2026-03-19 08:56:00+00:00,2026-03-19 08:56:00+00:00,2026-03-19 08:59:00+00:00,4707.9,4711.200000000001,4701.3,4711.300000000001,stop,2,3.3000000000010914,70.48000000002183,-64.00000000001455,2.48,4.000000000014552,-70.48000000002911,-1.0678787878788758,False,-1.0610104834016116,8,32093.120000005183,"F (partida 0,10 / 2R)"
MGC,london,2026-03-19,F,0.1,2.0,-1,2026-03-19 10:14:00+00:00,2026-03-19 10:14:00+00:00,2026-03-19 10:15:00+00:00,4707.099999999999,4708.6,4704.1,4704.1,objetivo,4,1.5000000000009095,68.96000000003637,123.99999999997817,4.96,4.000000000014552,115.03999999996363,1.9173333333315645,False,-0.17836043371573213,10,32022.640000005154,"F (partida 0,10 / 2R)"
MGC,london,2026-03-20,F,0.1,2.0,-1,2026-03-20 09:17:00+00:00,2026-03-20 09:17:00+00:00,2026-03-20 09:33:00+00:00,4694.0,4698.5,4685.0,4685.0,objetivo,1,4.5,47.24,91.00000000000364,1.24,1.000000000003638,88.76,1.9724444444444447,False,-1.48774546887184,9,32137.68000000512,"F (partida 0,10 / 2R)"
MGC,london,2026-03-23,F,0.1,2.0,1,2026-03-23 09:01:00+00:00,2026-03-23 09:01:00+00:00,2026-03-23 09:01:00+00:00,4257.400000000001,4250.599999999999,4271.0,4250.499999999999,stop,1,6.800000000001091,70.24000000001091,-67.00000000000728,1.24,2.000000000007276,-70.24000000001455,-1.0329411764706364,False,0.7534225093247935,9,32226.440000005117,"F (partida 0,10 / 2R)"
MGC,london,2026-03-24,F,0.1,2.0,1,2026-03-24 09:20:00+00:00,2026-03-24 09:20:00+00:00,2026-03-24 09:22:00+00:00,4414.6,4412.5,4418.8,4412.4,stop,3,2.100000000000364,69.72000000001091,-60.0,3.7199999999999998,6.000000000021828,-69.72000000002183,-1.1066666666668215,False,0.14250397228602094,9,32156.2000000051,"F (partida 0,10 / 2R)"
MGC,london,2026-03-25,F,0.1,2.0,1,2026-03-25 09:06:00+00:00,2026-03-25 09:06:00+00:00,2026-03-25 09:06:00+00:00,4564.5,4562.5,4568.5,4562.4,stop,3,2.0,66.72,-56.999999999989086,3.7199999999999998,6.000000000021828,-66.72000000001091,-1.112000000000182,False,0.5468204599462634,9,32086.48000000508,"F (partida 0,10 / 2R)"
MGC,london,2026-03-25,F,0.1,2.0,1,2026-03-25 09:16:00+00:00,2026-03-25 09:16:00+00:00,2026-03-25 09:17:00+00:00,4563.8,4561.0,4569.400000000001,4560.9,stop,2,2.800000000000182,60.480000000003635,-53.99999999999636,2.48,4.000000000014552,-60.48000000001091,-1.0800000000001246,False,0.31699743743158076,9,32019.760000005066,"F (partida 0,10 / 2R)"
MGC,london,2026-03-26,F,0.1,2.0,-1,2026-03-26 09:02:00+00:00,2026-03-26 09:02:00+00:00,2026-03-26 09:02:00+00:00,4426.9,4429.1,4422.5,4429.200000000001,stop,3,2.2000000000007276,72.72000000002183,-63.000000000010914,3.7199999999999998,6.000000000021828,-72.72000000003274,-1.1018181818183135,False,-1.0777343061896005,9,31959.280000005056,"F (partida 0,10 / 2R)"
MGC,london,2026-03-26,F,0.1,2.0,-1,2026-03-26 09:45:00+00:00,2026-03-26 09:45:00+00:00,2026-03-26 10:15:00+00:00,4421.2,4426.1,4411.400000000001,4426.200000000001,stop,1,4.900000000000546,51.24000000000546,-48.00000000000182,1.24,2.000000000007276,-51.2400000000091,-1.0457142857143549,False,-0.3052868589975596,9,31886.56000000502,"F (partida 0,10 / 2R)"
MGC,london,2026-03-27,F,0.1,2.0,-1,2026-03-27 10:34:00+00:00,2026-03-27 10:34:00+00:00,2026-03-27 10:35:00+00:00,4420.299999999999,4422.0,4416.900000000001,4422.400000000001,stop_hueco,4,1.7000000000007276,76.9600000000291,-76.00000000002183,4.96,8.000000000029104,-88.96000000005093,-1.3082352941178361,False,-0.9464792961720008,10,31835.320000005013,"F (partida 0,10 / 2R)"
MGC,london,2026-03-31,F,0.1,2.0,1,2026-03-31 10:11:00+01:00,2026-03-31 10:11:00+01:00,2026-03-31 10:13:00+01:00,4600.8,4597.9,4606.6,4597.799999999999,stop,2,2.9000000000005457,62.48000000001091,-56.00000000000364,2.48,4.000000000014552,-62.48000000001819,-1.0772413793104556,False,0.604332675711349,10,31746.360000004963,"F (partida 0,10 / 2R)"
MGC,london,2026-04-01,F,0.1,2.0,-1,2026-04-01 09:17:00+01:00,2026-04-01 09:17:00+01:00,2026-04-01 09:18:00+01:00,4744.4,4748.900000000001,4735.400000000001,4749.000000000001,stop,1,4.5000000000009095,47.2400000000091,-44.00000000000546,1.24,2.000000000007276,-47.240000000012735,-1.0497777777778485,False,-0.8892982586195423,9,31683.880000004945,"F (partida 0,10 / 2R)"
MGC,london,2026-04-01,F,0.1,2.0,-1,2026-04-01 10:44:00+01:00,2026-04-01 10:44:00+01:00,2026-04-01 10:45:00+01:00,4746.599999999999,4747.900000000001,4744.0,4748.000000000001,stop,5,1.3000000000010914,76.20000000005457,-60.00000000003638,6.2,10.00000000003638,-76.20000000007276,-1.1723076923078275,False,-0.25974668217511837,10,31636.640000004933,"F (partida 0,10 / 2R)"
MGC,london,2026-04-02,F,0.1,2.0,1,2026-04-02 09:17:00+01:00,2026-04-02 09:17:00+01:00,2026-04-02 09:21:00+01:00,4669.6,4662.4,4684.0,4662.299999999999,stop,1,7.200000000000728,74.24000000000727,-71.00000000000364,1.24,2.000000000007276,-74.24000000001091,-1.0311111111111584,False,1.530969222259007,9,31560.44000000486,"F (partida 0,10 / 2R)"
MGC,london,2026-04-02,F,0.1,2.0,1,2026-04-02 09:36:00+01:00,2026-04-02 09:36:00+01:00,2026-04-02 09:44:00+01:00,4666.200000000001,4661.9,4674.8,4661.799999999999,stop,1,4.300000000001091,45.240000000010916,-42.000000000007276,1.24,2.000000000007276,-45.240000000014554,-1.0520930232558854,False,0.5764108216918491,9,31486.200000004847,"F (partida 0,10 / 2R)"
MGC,london,2026-04-08,F,0.1,2.0,-1,2026-04-08 09:04:00+01:00,2026-04-08 09:04:00+01:00,2026-04-08 09:04:00+01:00,4838.2,4840.8,4833.0,4840.900000000001,stop,2,2.600000000000364,56.48000000000727,-50.0,2.48,4.000000000014552,-56.48000000001455,-1.086153846153974,False,-0.2560686086364732,9,31440.96000000483,"F (partida 0,10 / 2R)"
MGC,london,2026-04-08,F,0.1,2.0,1,2026-04-08 09:17:00+01:00,2026-04-08 09:17:00+01:00,2026-04-08 09:19:00+01:00,4842.8,4841.4,4845.6,4845.6,objetivo,4,1.4000000000005457,64.96000000002184,116.00000000002183,4.96,4.000000000014552,107.04000000000728,1.9114285714279564,False,0.22775424565215366,9,31384.480000004816,"F (partida 0,10 / 2R)"
MGC,london,2026-04-09,F,0.1,2.0,1,2026-04-09 09:00:00+01:00,2026-04-09 09:00:00+01:00,2026-04-09 09:02:00+01:00,4748.400000000001,4745.9,4753.400000000001,4745.799999999999,stop,2,2.5000000000009095,54.48000000001819,-48.000000000010914,2.48,4.000000000014552,-54.48000000002546,-1.089600000000113,False,0.2507907555851867,8,31491.520000004824,"F (partida 0,10 / 2R)"
MGC,london,2026-04-09,F,0.1,2.0,1,2026-04-09 10:10:00+01:00,2026-04-09 10:10:00+01:00,2026-04-09 10:31:00+01:00,4756.3,4753.0,4762.900000000001,4752.9,stop,2,3.300000000000182,70.48000000000364,-63.99999999999636,2.48,4.000000000014552,-70.48000000001092,-1.0678787878788945,False,0.6267301622797207,10,31437.0400000048,"F (partida 0,10 / 2R)"
MGC,london,2026-04-10,F,0.1,2.0,-1,2026-04-10 09:44:00+01:00,2026-04-10 09:44:00+01:00,2026-04-10 09:47:00+01:00,4768.2,4770.900000000001,4762.8,4762.8,objetivo,2,2.7000000000007276,58.48000000001455,110.0,2.48,2.000000000007276,105.51999999999272,1.9540740740734126,False,-0.6494693048952438,9,31366.56000000479,"F (partida 0,10 / 2R)"
MGC,london,2026-04-10,F,0.1,2.0,1,2026-04-10 10:36:00+01:00,2026-04-10 10:36:00+01:00,2026-04-10 11:00:00+01:00,4772.900000000001,4770.2,4778.3,4774.599999999999,cierre_sesion,2,2.7000000000007276,58.48000000001455,37.999999999992724,2.48,4.000000000014552,31.51999999997817,0.5837037037031422,False,0.3841442946968789,10,31472.080000004782,"F (partida 0,10 / 2R)"
MGC,london,2026-04-13,F,0.1,2.0,1,2026-04-13 09:32:00+01:00,2026-04-13 09:32:00+01:00,2026-04-13 09:36:00+01:00,4759.200000000001,4754.0,4769.6,4753.9,stop,1,5.200000000000728,54.24000000000728,-51.00000000000364,1.24,2.000000000007276,-54.240000000010916,-1.043076923076987,False,0.16309645467407471,9,31503.60000000476,"F (partida 0,10 / 2R)"
MGC,london,2026-04-14,F,0.1,2.0,1,2026-04-14 10:00:00+01:00,2026-04-14 10:00:00+01:00,2026-04-14 10:02:00+01:00,4810.6,4807.5,4816.8,4807.4,stop,2,3.100000000000364,66.48000000000728,-60.0,2.48,4.000000000014552,-66.48000000001456,-1.072258064516238,False,0.33446168812566246,9,31449.360000004748,"F (partida 0,10 / 2R)"
MGC,london,2026-04-15,F,0.1,2.0,-1,2026-04-15 09:11:00+01:00,2026-04-15 09:11:00+01:00,2026-04-15 09:12:00+01:00,4828.4,4830.8,4823.6,4830.900000000001,stop,2,2.4000000000005457,52.48000000001091,-46.00000000000364,2.48,4.000000000014552,-52.48000000001819,-1.0933333333334636,False,-0.2273633719895776,9,31382.880000004734,"F (partida 0,10 / 2R)"
MGC,london,2026-04-15,F,0.1,2.0,-1,2026-04-15 09:32:00+01:00,2026-04-15 09:32:00+01:00,2026-04-15 09:41:00+01:00,4830.0,4835.1,4819.8,4835.200000000001,stop,1,5.100000000000364,53.24000000000364,-50.0,1.24,2.000000000007276,-53.24000000000728,-1.0439215686275192,False,-0.12334174923695278,9,31330.400000004716,"F (partida 0,10 / 2R)"
MGC,london,2026-04-16,F,0.1,2.0,-1,2026-04-16 09:52:00+01:00,2026-04-16 09:52:00+01:00,2026-04-16 09:54:00+01:00,4830.9,4832.400000000001,4827.900000000001,4832.500000000001,stop,4,1.5000000000009095,68.96000000003637,-56.00000000002183,4.96,8.000000000029104,-68.96000000005093,-1.1493333333334852,False,-0.90871164204237,9,31277.160000004707,"F (partida 0,10 / 2R)"
MGC,london,2026-04-17,F,0.1,2.0,1,2026-04-17 10:22:00+01:00,2026-04-17 10:22:00+01:00,2026-04-17 10:23:00+01:00,4820.1,4816.799999999999,4826.7,4816.699999999999,stop,2,3.3000000000010914,70.48000000002183,-64.00000000001455,2.48,4.000000000014552,-70.48000000002911,-1.0678787878788758,False,1.0676050706643085,10,31208.200000004657,"F (partida 0,10 / 2R)"
MGC,london,2026-04-21,F,0.1,2.0,1,2026-04-21 08:43:00+01:00,2026-04-21 08:43:00+01:00,2026-04-21 08:48:00+01:00,4803.400000000001,4800.799999999999,4808.6,4808.6,objetivo,2,2.6000000000012733,56.48000000002546,106.00000000000364,2.48,2.000000000007276,101.51999999999636,1.9523076923066662,False,1.238661881992358,8,31137.72000000463,"F (partida 0,10 / 2R)"
MGC,london,2026-04-22,F,0.1,2.0,-1,2026-04-22 09:48:00+01:00,2026-04-22 09:48:00+01:00,2026-04-22 09:51:00+01:00,4772.9,4775.200000000001,4768.3,4775.300000000001,stop,3,2.3000000000010914,75.72000000003274,-66.00000000002183,3.7199999999999998,6.000000000021828,-75.72000000004365,-1.097391304347938,False,-1.6986461551138754,9,31239.240000004625,"F (partida 0,10 / 2R)"
MGC,london,2026-04-23,F,0.1,2.0,1,2026-04-23 09:27:00+01:00,2026-04-23 09:27:00+01:00,2026-04-23 09:29:00+01:00,4737.700000000001,4734.599999999999,4743.900000000001,4734.499999999999,stop,2,3.1000000000012733,66.48000000002547,-60.00000000001819,2.48,4.000000000014552,-66.48000000003275,-1.0722580645162167,False,0.9434485059049368,9,31163.52000000458,"F (partida 0,10 / 2R)"
MGC,london,2026-04-24,F,0.1,2.0,1,2026-04-24 09:46:00+01:00,2026-04-24 09:46:00+01:00,2026-04-24 10:15:00+01:00,4705.700000000001,4702.799999999999,4711.5,4711.5,objetivo,2,2.900000000001455,62.4800000000291,117.99999999999272,2.48,2.000000000007276,113.51999999998544,1.9572413793091117,False,0.6167586615002782,9,31097.04000000455,"F (partida 0,10 / 2R)"
MGC,london,2026-04-27,F,0.1,2.0,-1,2026-04-27 09:55:00+01:00,2026-04-27 09:55:00+01:00,2026-04-27 09:56:00+01:00,4721.599999999999,4723.200000000001,4718.400000000001,4723.300000000001,stop,4,1.6000000000012733,72.96000000005093,-60.00000000003638,4.96,8.000000000029104,-72.96000000006548,-1.1400000000001158,False,-0.808687820444764,9,31210.560000004534,"F (partida 0,10 / 2R)"
MGC,london,2026-04-28,F,0.1,2.0,-1,2026-04-28 09:02:00+01:00,2026-04-28 09:02:00+01:00,2026-04-28 09:03:00+01:00,4637.4,4640.6,4631.0,4631.0,objetivo,2,3.2000000000007276,68.48000000001456,130.0,2.48,2.000000000007276,125.51999999999272,1.9612499999994404,False,-0.7762218409376328,9,31137.60000000447,"F (partida 0,10 / 2R)"
MGC,london,2026-04-28,F,0.1,2.0,1,2026-04-28 09:58:00+01:00,2026-04-28 09:58:00+01:00,2026-04-28 10:00:00+01:00,4643.1,4641.2,4646.900000000001,4641.099999999999,stop,3,1.9000000000005457,63.72000000001637,-54.00000000000546,3.7199999999999998,6.000000000021828,-63.720000000027284,-1.117894736842263,False,0.1982315899323744,9,31263.120000004463,"F (partida 0,10 / 2R)"
MGC,london,2026-04-29,F,0.1,2.0,-1,2026-04-29 09:24:00+01:00,2026-04-29 09:24:00+01:00,2026-04-29 09:25:00+01:00,4580.5,4582.700000000001,4576.1,4582.800000000001,stop,3,2.2000000000007276,72.72000000002183,-63.000000000010914,3.7199999999999998,6.000000000021828,-72.72000000003274,-1.1018181818183135,False,-0.8801964820037472,9,31199.400000004436,"F (partida 0,10 / 2R)"
MGC,london,2026-04-29,F,0.1,2.0,-1,2026-04-29 09:28:00+01:00,2026-04-29 09:28:00+01:00,2026-04-29 09:35:00+01:00,4580.0,4582.700000000001,4574.6,4574.6,objetivo,2,2.7000000000007276,58.48000000001455,110.0,2.48,2.000000000007276,105.51999999999272,1.9540740740734126,False,-0.8827955245733339,9,31126.680000004402,"F (partida 0,10 / 2R)"
MGC,london,2026-04-30,F,0.1,2.0,1,2026-04-30 09:47:00+01:00,2026-04-30 09:47:00+01:00,2026-04-30 10:02:00+01:00,4628.700000000001,4627.299999999999,4631.5,4627.199999999999,stop,4,1.4000000000014552,64.96000000005822,-52.000000000043656,4.96,8.000000000029104,-64.96000000007275,-1.1600000000000934,False,1.1347866786242131,9,31232.200000004395,"F (partida 0,10 / 2R)"
MGC,london,2026-04-30,F,0.1,2.0,1,2026-04-30 10:25:00+01:00,2026-04-30 10:25:00+01:00,2026-04-30 10:25:00+01:00,4631.5,4630.5,4633.5,4630.4,stop,6,1.0,73.44,-53.99999999997817,7.4399999999999995,12.000000000043656,-73.44000000002183,-1.2240000000003637,False,0.6907454725366498,10,31167.240000004324,"F (partida 0,10 / 2R)"
MGC,london,2026-05-04,F,0.1,2.0,-1,2026-05-04 08:53:00+01:00,2026-05-04 08:53:00+01:00,2026-05-04 09:04:00+01:00,4594.2,4597.900000000001,4586.8,4586.8,objetivo,1,3.7000000000007276,39.24000000000728,75.0,1.24,1.000000000003638,72.75999999999637,1.9664864864860017,False,-0.7677778588896651,8,31093.800000004303,"F (partida 0,10 / 2R)"
MGC,london,2026-05-04,F,0.1,2.0,-1,2026-05-04 09:55:00+01:00,2026-05-04 09:55:00+01:00,2026-05-04 09:55:00+01:00,4588.4,4589.8,4585.6,4589.900000000001,stop,4,1.4000000000005457,64.96000000002184,-52.000000000007276,4.96,8.000000000029104,-64.96000000003637,-1.1600000000001973,False,-0.6303264020203575,9,31166.560000004298,"F (partida 0,10 / 2R)"
MGC,london,2026-05-05,F,0.1,2.0,1,2026-05-05 08:36:00+01:00,2026-05-05 08:36:00+01:00,2026-05-05 08:44:00+01:00,4564.5,4561.5,4570.5,4561.4,stop,2,3.0,64.47999999999999,-57.999999999992724,2.48,4.000000000014552,-64.48000000000728,-1.074666666666788,False,0.2156192454178144,8,31101.600000004262,"F (partida 0,10 / 2R)"
MGC,london,2026-05-08,F,0.1,2.0,-1,2026-05-08 08:58:00+01:00,2026-05-08 08:58:00+01:00,2026-05-08 08:58:00+01:00,4716.299999999999,4718.0,4712.900000000001,4718.1,stop,4,1.7000000000007276,76.9600000000291,-64.00000000001455,4.96,8.000000000029104,-76.96000000004365,-1.1317647058825104,False,-0.5415345665979959,8,31037.120000004255,"F (partida 0,10 / 2R)"
MGC,london,2026-05-08,F,0.1,2.0,1,2026-05-08 10:07:00+01:00,2026-05-08 10:07:00+01:00,2026-05-08 10:09:00+01:00,4728.3,4725.799999999999,4733.3,4725.699999999999,stop,2,2.5000000000009095,54.48000000001819,-48.000000000010914,2.48,4.000000000014552,-54.48000000002546,-1.089600000000113,False,0.4532236160916209,10,30960.160000004213,"F (partida 0,10 / 2R)"
MGC,london,2026-05-12,F,0.1,2.0,1,2026-05-12 09:23:00+01:00,2026-05-12 09:23:00+01:00,2026-05-12 09:24:00+01:00,4711.1,4710.099999999999,4713.1,4709.999999999999,stop,6,1.0000000000009095,73.44000000005457,-54.00000000003274,7.4399999999999995,12.000000000043656,-73.4400000000764,-1.22400000000016,False,0.9123420967643509,9,30905.680000004188,"F (partida 0,10 / 2R)"
MGC,london,2026-05-12,F,0.1,2.0,1,2026-05-12 09:46:00+01:00,2026-05-12 09:46:00+01:00,2026-05-12 10:05:00+01:00,4713.6,4706.9,4727.0,4706.799999999999,stop,1,6.700000000000728,69.24000000000727,-66.00000000000364,1.24,2.000000000007276,-69.24000000001091,-1.0334328358209461,False,0.2657595036869573,9,30832.240000004113,"F (partida 0,10 / 2R)"
MGC,london,2026-05-13,F,0.1,2.0,-1,2026-05-13 10:11:00+01:00,2026-05-13 10:11:00+01:00,2026-05-13 10:14:00+01:00,4705.7,4706.700000000001,4703.7,4703.7,objetivo_hueco,6,1.0000000000009095,73.44000000005457,126.00000000002183,7.4399999999999995,6.000000000021828,112.56,1.875999999998294,False,-0.3189037944153378,10,30763.0000000041,"F (partida 0,10 / 2R)"
MGC,london,2026-05-14,F,0.1,2.0,-1,2026-05-14 10:24:00+01:00,2026-05-14 10:24:00+01:00,2026-05-14 10:29:00+01:00,4700.4,4701.900000000001,4697.400000000001,4697.400000000001,objetivo,4,1.5000000000009095,68.96000000003637,123.99999999997817,4.96,4.000000000014552,115.03999999996363,1.9173333333315645,False,-0.735061665611482,10,30875.5600000041,"F (partida 0,10 / 2R)"
MGC,london,2026-05-15,F,0.1,2.0,-1,2026-05-15 09:56:00+01:00,2026-05-15 09:56:00+01:00,2026-05-15 10:04:00+01:00,4560.0,4562.700000000001,4554.6,4562.800000000001,stop,2,2.7000000000007276,58.48000000001455,-52.000000000007276,2.48,4.000000000014552,-58.480000000021825,-1.0829629629630753,False,-1.2461068253979237,9,30990.600000004066,"F (partida 0,10 / 2R)"
MGC,london,2026-05-15,F,0.1,2.0,-1,2026-05-15 10:38:00+01:00,2026-05-15 10:38:00+01:00,2026-05-15 10:43:00+01:00,4550.9,4553.3,4546.1,4553.400000000001,stop,2,2.4000000000005457,52.48000000001091,-46.00000000000364,2.48,4.000000000014552,-52.48000000001819,-1.0933333333334636,False,-1.1460637691900133,10,30932.120000004044,"F (partida 0,10 / 2R)"
MGC,london,2026-05-20,F,0.1,2.0,1,2026-05-20 08:41:00+01:00,2026-05-20 08:41:00+01:00,2026-05-20 08:46:00+01:00,4484.8,4481.0,4492.400000000001,4480.9,stop,1,3.800000000000182,40.24000000000182,-36.99999999999818,1.24,2.000000000007276,-40.24000000000546,-1.0589473684211457,False,0.5667334474595259,8,30879.640000004027,"F (partida 0,10 / 2R)"
MGC,london,2026-05-20,F,0.1,2.0,1,2026-05-20 09:52:00+01:00,2026-05-20 09:52:00+01:00,2026-05-20 10:06:00+01:00,4488.1,4485.599999999999,4493.1,4485.499999999999,stop,2,2.5000000000009095,54.48000000001819,-48.000000000010914,2.48,4.000000000014552,-54.48000000002546,-1.089600000000113,False,0.24995367532031898,9,30839.40000000402,"F (partida 0,10 / 2R)"
MGC,london,2026-05-21,F,0.1,2.0,1,2026-05-21 09:43:00+01:00,2026-05-21 09:43:00+01:00,2026-05-21 09:45:00+01:00,4532.700000000001,4531.099999999999,4535.900000000001,4530.5,stop_hueco,4,1.6000000000012733,72.96000000005093,-80.0,4.96,8.000000000029104,-92.9600000000291,-1.4524999999992987,False,1.4706201104259613,9,30784.920000003996,"F (partida 0,10 / 2R)"
MGC,london,2026-05-21,F,0.1,2.0,1,2026-05-21 09:47:00+01:00,2026-05-21 09:47:00+01:00,2026-05-21 10:30:00+01:00,4534.3,4529.5,4543.900000000001,4543.900000000001,objetivo,1,4.800000000000182,50.24000000000182,97.00000000000728,1.24,1.000000000003638,94.76000000000364,1.9741666666666677,False,1.0041335851007445,9,30691.960000003968,"F (partida 0,10 / 2R)"
MGC,london,2026-05-22,F,0.1,2.0,-1,2026-05-22 09:57:00+01:00,2026-05-22 09:57:00+01:00,2026-05-22 10:02:00+01:00,4523.0,4524.3,4520.400000000001,4524.400000000001,stop,5,1.300000000000182,76.2000000000091,-59.999999999990905,6.2,10.00000000003638,-76.20000000002729,-1.172307692307948,False,-0.31856385228697376,9,30786.72000000397,"F (partida 0,10 / 2R)"
MGC,london,2026-05-22,F,0.1,2.0,-1,2026-05-22 10:08:00+01:00,2026-05-22 10:08:00+01:00,2026-05-22 10:08:00+01:00,4521.4,4523.0,4518.2,4523.1,stop,4,1.6000000000003638,72.96000000001455,-60.0,4.96,8.000000000029104,-72.9600000000291,-1.1400000000001955,False,-0.11420449012597067,10,30710.520000003944,"F (partida 0,10 / 2R)"
MGC,london,2026-05-25,F,0.1,2.0,-1,2026-05-25 10:24:00+01:00,2026-05-25 10:24:00+01:00,2026-05-25 10:24:00+01:00,4556.9,4557.900000000001,4554.900000000001,4558.000000000001,stop,6,1.0000000000009095,73.44000000005457,-54.00000000003274,7.4399999999999995,12.000000000043656,-73.4400000000764,-1.22400000000016,False,-0.14542267268879652,10,30637.560000003916,"F (partida 0,10 / 2R)"
MGC,london,2026-05-26,F,0.1,2.0,-1,2026-05-26 08:33:00+01:00,2026-05-26 08:33:00+01:00,2026-05-26 08:46:00+01:00,4525.599999999999,4529.6,4517.6,4529.700000000001,stop,1,4.0000000000009095,42.2400000000091,-39.00000000000546,1.24,2.000000000007276,-42.240000000012735,-1.0560000000000782,False,-1.561701481911927,8,30564.12000000384,"F (partida 0,10 / 2R)"
MGC,london,2026-05-26,F,0.1,2.0,-1,2026-05-26 09:50:00+01:00,2026-05-26 09:50:00+01:00,2026-05-26 09:51:00+01:00,4522.2,4524.6,4517.400000000001,4524.700000000001,stop,2,2.4000000000005457,52.48000000001091,-46.00000000000364,2.48,4.000000000014552,-52.48000000001819,-1.0933333333334636,False,-0.8081110608525084,9,30521.880000003828,"F (partida 0,10 / 2R)"
MGC,london,2026-05-27,F,0.1,2.0,-1,2026-05-27 08:37:00+01:00,2026-05-27 08:37:00+01:00,2026-05-27 08:38:00+01:00,4480.2,4482.200000000001,4476.2,4482.300000000001,stop,3,2.0000000000009095,66.72000000002728,-57.00000000001637,3.7199999999999998,6.000000000021828,-66.7200000000382,-1.1120000000001309,False,-1.30831704759149,8,30469.40000000381,"F (partida 0,10 / 2R)"
MGC,london,2026-06-01,F,0.1,2.0,-1,2026-06-01 09:05:00+01:00,2026-06-01 09:05:00+01:00,2026-06-01 09:07:00+01:00,4525.299999999999,4528.700000000001,4518.5,4528.800000000001,stop,2,3.400000000001455,72.48000000002911,-66.00000000002183,2.48,4.000000000014552,-72.48000000003638,-1.0658823529412553,False,-1.9994815318986423,9,30402.680000003773,"F (partida 0,10 / 2R)"
MGC,london,2026-06-03,F,0.1,2.0,-1,2026-06-03 08:57:00+01:00,2026-06-03 08:57:00+01:00,2026-06-03 08:59:00+01:00,4485.299999999999,4487.200000000001,4481.5,4481.5,objetivo,3,1.9000000000014552,63.720000000043655,116.99999999998909,3.7199999999999998,3.000000000010914,110.27999999997817,1.9347368421033984,False,-1.6966818056434008,8,30330.200000003737,"F (partida 0,10 / 2R)"
MGC,london,2026-06-03,F,0.1,2.0,-1,2026-06-03 09:49:00+01:00,2026-06-03 09:49:00+01:00,2026-06-03 09:51:00+01:00,4482.9,4484.900000000001,4478.900000000001,4478.900000000001,objetivo,3,2.0000000000009095,66.72000000002728,122.99999999998363,3.7199999999999998,3.000000000010914,116.27999999997272,1.937999999998664,False,-0.7235710193154697,9,30440.480000003714,"F (partida 0,10 / 2R)"
MGC,london,2026-06-04,F,0.1,2.0,-1,2026-06-04 09:15:00+01:00,2026-06-04 09:15:00+01:00,2026-06-04 09:15:00+01:00,4487.7,4489.400000000001,4484.3,4489.500000000001,stop,3,1.7000000000007276,57.72000000002183,-48.000000000010914,3.7199999999999998,6.000000000021828,-57.72000000003274,-1.1317647058825104,False,-0.4645554381771049,9,30556.760000003687,"F (partida 0,10 / 2R)"
MGC,london,2026-06-04,F,0.1,2.0,-1,2026-06-04 09:21:00+01:00,2026-06-04 09:21:00+01:00,2026-06-04 09:29:00+01:00,4487.5,4489.900000000001,4482.7,4490.000000000001,stop,2,2.4000000000005457,52.48000000001091,-46.00000000000364,2.48,4.000000000014552,-52.48000000001819,-1.0933333333334636,False,-0.36530908669572143,9,30499.040000003653,"F (partida 0,10 / 2R)"
MGC,london,2026-06-05,F,0.1,2.0,1,2026-06-05 08:43:00+01:00,2026-06-05 08:43:00+01:00,2026-06-05 08:43:00+01:00,4492.1,4488.599999999999,4499.1,4488.499999999999,stop,2,3.5000000000009095,74.4800000000182,-68.00000000001091,2.48,4.000000000014552,-74.48000000002547,-1.0640000000000873,False,2.059519604945949,8,30446.560000003636,"F (partida 0,10 / 2R)"
MGC,london,2026-06-05,F,0.1,2.0,1,2026-06-05 08:52:00+01:00,2026-06-05 08:52:00+01:00,2026-06-05 08:54:00+01:00,4490.400000000001,4489.4,4492.400000000001,4489.299999999999,stop,6,1.0000000000009095,73.44000000005457,-54.00000000003274,7.4399999999999995,12.000000000043656,-73.4400000000764,-1.22400000000016,False,1.6144793632451624,8,30372.08000000361,"F (partida 0,10 / 2R)"
MGC,london,2026-06-08,F,0.1,2.0,-1,2026-06-08 09:54:00+01:00,2026-06-08 09:54:00+01:00,2026-06-08 09:54:00+01:00,4311.7,4313.1,4308.900000000001,4313.200000000001,stop,4,1.4000000000005457,64.96000000002184,-52.000000000007276,4.96,8.000000000029104,-64.96000000003637,-1.1600000000001973,False,-1.3118982540659831,9,30298.640000003536,"F (partida 0,10 / 2R)"
MGC,london,2026-06-08,F,0.1,2.0,-1,2026-06-08 10:07:00+01:00,2026-06-08 10:07:00+01:00,2026-06-08 10:14:00+01:00,4311.9,4313.5,4308.7,4313.6,stop,4,1.6000000000003638,72.96000000001455,-60.0,4.96,8.000000000029104,-72.9600000000291,-1.1400000000001955,False,-0.9278862973155988,10,30233.6800000035,"F (partida 0,10 / 2R)"
MGC,london,2026-06-09,F,0.1,2.0,-1,2026-06-09 08:49:00+01:00,2026-06-09 08:49:00+01:00,2026-06-09 08:53:00+01:00,4350.0,4352.6,4344.8,4352.700000000001,stop,2,2.600000000000364,56.48000000000727,-50.0,2.48,4.000000000014552,-56.48000000001455,-1.086153846153974,False,-0.47808278396579934,8,30160.72000000347,"F (partida 0,10 / 2R)"
MGC,london,2026-06-09,F,0.1,2.0,-1,2026-06-09 08:57:00+01:00,2026-06-09 08:57:00+01:00,2026-06-09 09:01:00+01:00,4350.5,4351.8,4347.900000000001,4347.900000000001,objetivo,4,1.300000000000182,60.96000000000728,107.99999999999272,4.96,4.000000000014552,99.03999999997818,1.9046153846146985,False,-0.4627786120361648,8,30104.240000003458,"F (partida 0,10 / 2R)"
MGC,london,2026-06-10,F,0.1,2.0,-1,2026-06-10 09:47:00+01:00,2026-06-10 09:47:00+01:00,2026-06-10 09:48:00+01:00,4190.4,4192.6,4186.0,4192.700000000001,stop,3,2.2000000000007276,72.72000000002183,-63.000000000010914,3.7199999999999998,6.000000000021828,-72.72000000003274,-1.1018181818183135,False,-1.0267508130509786,9,30203.280000003437,"F (partida 0,10 / 2R)"
MGC,london,2026-06-10,F,0.1,2.0,-1,2026-06-10 09:52:00+01:00,2026-06-10 09:52:00+01:00,2026-06-10 10:34:00+01:00,4194.5,4199.3,4184.900000000001,4199.400000000001,stop,1,4.800000000000182,50.24000000000182,-46.99999999999818,1.24,2.000000000007276,-50.24000000000546,-1.0466666666667408,False,-0.9616520964688062,9,30130.560000003403,"F (partida 0,10 / 2R)"
MGC,london,2026-06-11,F,0.1,2.0,1,2026-06-11 09:01:00+01:00,2026-06-11 09:01:00+01:00,2026-06-11 09:17:00+01:00,4130.8,4124.7,4143.0,4124.599999999999,stop,1,6.100000000000364,63.24000000000364,-60.0,1.24,2.000000000007276,-63.24000000000728,-1.0367213114754674,False,0.6795160944595661,9,30080.320000003398,"F (partida 0,10 / 2R)"
MGC,london,2026-06-12,F,0.1,2.0,1,2026-06-12 10:27:00+01:00,2026-06-12 10:27:00+01:00,2026-06-12 10:27:00+01:00,4246.700000000001,4243.599999999999,4252.900000000001,4243.499999999999,stop,2,3.1000000000012733,66.48000000002547,-60.00000000001819,2.48,4.000000000014552,-66.48000000003275,-1.0722580645162167,False,1.4679478085473934,10,30017.08000000339,"F (partida 0,10 / 2R)"
MGC,london,2026-06-12,F,0.1,2.0,1,2026-06-12 10:35:00+01:00,2026-06-12 10:35:00+01:00,2026-06-12 10:37:00+01:00,4247.200000000001,4244.7,4252.2,4244.599999999999,stop,2,2.5000000000009095,54.48000000001819,-48.000000000010914,2.48,4.000000000014552,-54.48000000002546,-1.089600000000113,False,1.7562190551021406,10,29950.600000003356,"F (partida 0,10 / 2R)"
MGC,london,2026-06-15,F,0.1,2.0,1,2026-06-15 08:40:00+01:00,2026-06-15 08:40:00+01:00,2026-06-15 08:47:00+01:00,4336.8,4335.2,4340.0,4335.099999999999,stop,4,1.6000000000003638,72.96000000001455,-60.0,4.96,8.000000000029104,-72.9600000000291,-1.1400000000001955,False,2.080305657040882,8,29896.12000000333,"F (partida 0,10 / 2R)"
MGC,london,2026-06-15,F,0.1,2.0,1,2026-06-15 08:52:00+01:00,2026-06-15 08:52:00+01:00,2026-06-15 09:04:00+01:00,4340.1,4336.0,4348.3,4348.3,objetivo,1,4.100000000000364,43.24000000000364,83.00000000000182,1.24,1.000000000003638,80.75999999999819,1.9697560975607566,False,1.1433113207473187,8,29823.160000003303,"F (partida 0,10 / 2R)"
MGC,london,2026-06-17,F,0.1,2.0,-1,2026-06-17 08:50:00+01:00,2026-06-17 08:50:00+01:00,2026-06-17 09:15:00+01:00,4346.0,4348.700000000001,4340.6,4340.6,objetivo,2,2.7000000000007276,58.48000000001455,110.0,2.48,2.000000000007276,105.51999999999272,1.9540740740734126,False,-0.9351615282078735,8,29903.9200000033,"F (partida 0,10 / 2R)"
MGC,london,2026-06-18,F,0.1,2.0,-1,2026-06-18 10:25:00+01:00,2026-06-18 10:25:00+01:00,2026-06-18 10:25:00+01:00,4286.2,4288.1,4282.400000000001,4288.200000000001,stop,3,1.9000000000005457,63.72000000001637,-54.00000000000546,3.7199999999999998,6.000000000021828,-63.720000000027284,-1.117894736842263,False,-2.804261489382966,10,30009.440000003295,"F (partida 0,10 / 2R)"
MGC,london,2026-06-19,F,0.1,2.0,1,2026-06-19 08:38:00+01:00,2026-06-19 08:38:00+01:00,2026-06-19 08:48:00+01:00,4174.5,4170.799999999999,4181.900000000001,4170.699999999999,stop,1,3.7000000000007276,39.24000000000728,-36.00000000000364,1.24,2.000000000007276,-39.240000000010916,-1.060540540540627,False,0.6299719059717187,8,29945.720000003268,"F (partida 0,10 / 2R)"
MGC,london,2026-06-22,F,0.1,2.0,-1,2026-06-22 09:31:00+01:00,2026-06-22 09:31:00+01:00,2026-06-22 09:35:00+01:00,4207.7,4209.8,4203.5,4209.900000000001,stop,3,2.100000000000364,69.72000000001091,-60.0,3.7199999999999998,6.000000000021828,-69.72000000002183,-1.1066666666668215,False,-0.9978004160422292,9,29906.480000003256,"F (partida 0,10 / 2R)"
MGC,london,2026-06-22,F,0.1,2.0,1,2026-06-22 10:33:00+01:00,2026-06-22 10:33:00+01:00,2026-06-22 11:00:00+01:00,4223.8,4220.099999999999,4231.2,4226.4,cierre_sesion,1,3.7000000000007276,39.24000000000728,28.00000000000182,1.24,2.000000000007276,24.759999999994545,0.6691891891889101,False,1.4279856700724487,10,29836.760000003233,"F (partida 0,10 / 2R)"
MGC,london,2026-06-24,F,0.1,2.0,-1,2026-06-24 08:53:00+01:00,2026-06-24 08:53:00+01:00,2026-06-24 09:30:00+01:00,4095.6,4098.900000000001,4089.0,4099.000000000001,stop,2,3.3000000000006366,70.48000000001274,-64.00000000001455,2.48,4.000000000005457,-70.48000000002001,-1.0678787878788851,False,-1.8015356674652365,8,29861.520000003227,"F (partida 0,10 / 2R)"
MGC,london,2026-06-24,F,0.1,2.0,-1,2026-06-24 10:24:00+01:00,2026-06-24 10:24:00+01:00,2026-06-24 10:27:00+01:00,4091.1,4092.7,4087.9,4087.9,objetivo,4,1.599999999999909,72.95999999999636,131.9999999999891,4.96,3.999999999996362,123.03999999999273,1.9224999999999957,False,-0.6306286635971906,10,29791.040000003206,"F (partida 0,10 / 2R)"
MGC,london,2026-06-25,F,0.1,2.0,1,2026-06-25 10:07:00+01:00,2026-06-25 10:07:00+01:00,2026-06-25 10:07:00+01:00,4010.7999999999997,4009.8,4012.8,4009.7000000000003,stop,6,0.9999999999995453,73.43999999997271,-53.99999999997817,7.4399999999999995,11.999999999989086,-73.43999999996726,-1.2240000000000109,False,0.9726589630741436,10,29914.0800000032,"F (partida 0,10 / 2R)"
MGC,london,2026-06-29,F,0.1,2.0,1,2026-06-29 09:07:00+01:00,2026-06-29 09:07:00+01:00,2026-06-29 09:07:00+01:00,4080.0,4078.1,4083.8,4078.0,stop,3,1.900000000000091,63.72000000000273,-54.00000000000546,3.7199999999999998,5.999999999994543,-63.72,-1.1178947368420518,False,0.581825140338454,9,29840.640000003234,"F (partida 0,10 / 2R)"
MGC,london,2026-06-29,F,0.1,2.0,1,2026-06-29 09:12:00+01:00,2026-06-29 09:12:00+01:00,2026-06-29 09:16:00+01:00,4079.0,4076.4,4084.2000000000003,4076.3,stop,2,2.599999999999909,56.47999999999818,-50.0,2.48,3.999999999996362,-56.47999999999636,-1.086153846153814,False,0.5457686564938224,9,29776.920000003232,"F (partida 0,10 / 2R)"
MGC,london,2026-06-30,F,0.1,2.0,1,2026-06-30 08:55:00+01:00,2026-06-30 08:55:00+01:00,2026-06-30 08:57:00+01:00,4044.2999999999997,4043.3,4046.3,4046.3,objetivo,6,0.9999999999995453,73.43999999997271,126.00000000002183,7.4399999999999995,5.999999999994543,112.56000000002729,1.876000000001308,False,0.5702245945681135,8,29720.440000003236,"F (partida 0,10 / 2R)"
MGC,london,2026-06-30,F,0.1,2.0,-1,2026-06-30 10:30:00+01:00,2026-06-30 10:30:00+01:00,2026-06-30 10:31:00+01:00,4031.4,4032.7999999999997,4028.6000000000004,4028.6000000000004,objetivo,4,1.3999999999996362,64.95999999998546,115.99999999998545,4.96,3.999999999996362,107.03999999998909,1.9114285714288732,False,-0.5923279838262586,10,29833.000000003263,"F (partida 0,10 / 2R)"
MGC,london,2026-07-01,F,0.1,2.0,-1,2026-07-01 08:31:00+01:00,2026-07-01 08:31:00+01:00,2026-07-01 08:32:00+01:00,3975.8,3978.1,3971.2000000000003,3978.2,stop,2,2.299999999999727,50.47999999999454,-43.99999999999636,2.48,3.999999999996362,-50.47999999999272,-1.097391304347798,False,-2.3817952440894836,8,29940.040000003253,"F (partida 0,10 / 2R)"
MGC,london,2026-07-03,F,0.1,2.0,1,2026-07-03 09:01:00+01:00,2026-07-03 09:01:00+01:00,2026-07-03 09:49:00+01:00,4194.0,4190.099999999999,4201.8,4189.999999999999,stop,1,3.9000000000005457,41.24000000000546,-38.00000000000182,1.24,2.000000000007276,-41.2400000000091,-1.0574358974359828,False,0.8587011514605698,9,29889.56000000326,"F (partida 0,10 / 2R)"
MGC,london,2026-07-08,F,0.1,2.0,-1,2026-07-08 10:31:00+01:00,2026-07-08 10:31:00+01:00,2026-07-08 10:34:00+01:00,4063.4,4067.6,4055.0,4067.7,stop,1,4.199999999999818,44.23999999999818,-40.99999999999909,1.24,1.999999999998181,-44.23999999999727,-1.0533333333333141,False,-1.4848435523006016,10,29848.320000003252,"F (partida 0,10 / 2R)"
MGC,london,2026-07-09,F,0.1,2.0,1,2026-07-09 09:08:00+01:00,2026-07-09 09:08:00+01:00,2026-07-09 09:11:00+01:00,4118.700000000001,4117.4,4121.3,4117.299999999999,stop,4,1.3000000000010914,60.96000000004366,-48.000000000029104,4.96,8.000000000029104,-60.96000000005821,-1.1723076923078275,False,0.47470140002596767,9,29804.080000003254,"F (partida 0,10 / 2R)"
MGC,london,2026-07-09,F,0.1,2.0,1,2026-07-09 09:15:00+01:00,2026-07-09 09:15:00+01:00,2026-07-09 09:21:00+01:00,4118.1,4115.0,4124.3,4124.3,objetivo,2,3.100000000000364,66.48000000000728,126.00000000000364,2.48,2.000000000007276,121.51999999999636,1.9599999999997113,False,0.27487758980591265,9,29743.120000003197,"F (partida 0,10 / 2R)"
MGC,london,2026-07-10,F,0.1,2.0,-1,2026-07-10 09:25:00+01:00,2026-07-10 09:25:00+01:00,2026-07-10 09:34:00+01:00,4113.9,4115.200000000001,4111.3,4111.3,objetivo,4,1.3000000000010914,60.96000000004366,107.99999999999272,4.96,4.000000000014552,99.03999999997818,1.904615384613366,False,-0.8289605249856394,9,29864.640000003194,"F (partida 0,10 / 2R)"
MGC,london,2026-07-10,F,0.1,2.0,-1,2026-07-10 10:11:00+01:00,2026-07-10 10:11:00+01:00,2026-07-10 10:13:00+01:00,4106.799999999999,4108.0,4104.400000000001,4108.1,stop,5,1.2000000000007276,71.20000000003638,-55.00000000001819,6.2,10.00000000003638,-71.20000000005457,-1.1866666666668566,False,-1.7934561074435698,10,29963.680000003173,"F (partida 0,10 / 2R)"
MGC,london,2026-07-13,F,0.1,2.0,1,2026-07-13 08:55:00+01:00,2026-07-13 08:55:00+01:00,2026-07-13 09:00:00+01:00,4069.6,4067.1,4074.6000000000004,4074.6000000000004,objetivo,2,2.5,54.48,102.00000000000728,2.48,1.999999999998181,97.52000000000909,1.9504000000001818,False,0.9812624088322942,8,29892.480000003117,"F (partida 0,10 / 2R)"
MGC,london,2026-07-13,F,0.1,2.0,1,2026-07-13 10:02:00+01:00,2026-07-13 10:02:00+01:00,2026-07-13 10:03:00+01:00,4084.2999999999997,4083.0,4086.9,4082.9,stop,4,1.2999999999997272,60.95999999998909,-47.999999999992724,4.96,7.999999999992724,-60.95999999998545,-1.1723076923076585,False,1.0773467198650628,10,29990.000000003125,"F (partida 0,10 / 2R)"
MGC,london,2026-07-14,F,0.1,2.0,1,2026-07-14 08:39:00+01:00,2026-07-14 08:39:00+01:00,2026-07-14 08:39:00+01:00,4035.9,4033.1,4041.5,4033.0,stop,2,2.800000000000182,60.480000000003635,-54.00000000000546,2.48,3.999999999996362,-60.480000000001816,-1.0799999999999623,False,0.7062074653741729,8,29929.04000000314,"F (partida 0,10 / 2R)"
MGC,london,2026-07-14,F,0.1,2.0,-1,2026-07-14 09:37:00+01:00,2026-07-14 09:37:00+01:00,2026-07-14 09:40:00+01:00,4026.0,4027.6,4022.8,4027.7,stop,4,1.599999999999909,72.95999999999636,-60.0,4.96,7.999999999992724,-72.95999999999272,-1.139999999999951,False,-1.0955531772887896,9,29868.560000003137,"F (partida 0,10 / 2R)"
MGC,london,2026-07-15,F,0.1,2.0,-1,2026-07-15 08:52:00+01:00,2026-07-15 08:52:00+01:00,2026-07-15 08:53:00+01:00,4028.8,4030.0,4026.4,4030.1,stop,5,1.199999999999818,71.19999999999091,-54.99999999999545,6.2,9.999999999990905,-71.19999999998636,-1.1866666666666192,False,-2.843001518346307,8,29795.600000003145,"F (partida 0,10 / 2R)"
MGC,london,2026-07-15,F,0.1,2.0,-1,2026-07-15 09:01:00+01:00,2026-07-15 09:01:00+01:00,2026-07-15 09:02:00+01:00,4027.9,4031.4,4020.9,4031.5,stop,1,3.5,37.24,-34.00000000000091,1.24,1.999999999998181,-37.23999999999909,-1.063999999999974,False,-0.7602848536863545,9,29724.40000000316,"F (partida 0,10 / 2R)"
MGC,london,2026-07-16,F,0.1,2.0,1,2026-07-16 09:22:00+01:00,2026-07-16 09:22:00+01:00,2026-07-16 09:31:00+01:00,4036.4,4034.8,4039.6000000000004,4039.6000000000004,objetivo,4,1.599999999999909,72.95999999999636,132.00000000000728,4.96,3.999999999996362,123.04000000001092,1.9225000000002799,False,0.5794492172612069,9,29687.16000000316,"F (partida 0,10 / 2R)"
MGC,london,2026-07-17,F,0.1,2.0,-1,2026-07-17 08:52:00+01:00,2026-07-17 08:52:00+01:00,2026-07-17 09:04:00+01:00,3999.9,4002.0,3995.7000000000003,4002.1,stop,3,2.099999999999909,69.71999999999727,-60.0,3.7199999999999998,5.999999999994543,-69.71999999999454,-1.106666666666628,False,-0.22004757878222642,8,29810.200000003173,"F (partida 0,10 / 2R)"
MGC,london,2026-07-17,F,0.1,2.0,-1,2026-07-17 09:12:00+01:00,2026-07-17 09:12:00+01:00,2026-07-17 09:48:00+01:00,3995.5,4000.0,3986.5,4000.1,stop,1,4.5,47.24,-44.00000000000091,1.24,1.999999999998181,-47.23999999999909,-1.0497777777777577,False,-0.19946761637110416,9,29740.48000000318,"F (partida 0,10 / 2R)"
MGC,london,2026-07-20,F,0.1,2.0,1,2026-07-20 09:40:00+01:00,2026-07-20 09:40:00+01:00,2026-07-20 09:42:00+01:00,4029.0,4027.7000000000003,4031.6000000000004,4027.6000000000004,stop,4,1.2999999999997272,60.95999999998909,-47.999999999992724,4.96,7.999999999992724,-60.95999999998545,-1.1723076923076585,False,1.9280639432913025,9,29693.24000000318,"F (partida 0,10 / 2R)"
MGC,london,2026-07-21,F,0.1,2.0,-1,2026-07-21 08:47:00+01:00,2026-07-21 08:47:00+01:00,2026-07-21 08:48:00+01:00,4075.3,4076.5,4072.9,4076.6,stop,5,1.199999999999818,71.19999999999091,-54.99999999999545,6.2,9.999999999990905,-71.19999999998636,-1.1866666666666192,False,-1.436769172415125,8,29632.280000003197,"F (partida 0,10 / 2R)"
MGC,london,2026-07-23,F,0.1,2.0,-1,2026-07-23 09:38:00+01:00,2026-07-23 09:38:00+01:00,2026-07-23 09:39:00+01:00,4094.3,4095.5,4091.9,4095.6,stop,5,1.199999999999818,71.19999999999091,-54.99999999999545,6.2,9.999999999990905,-71.19999999998636,-1.1866666666666192,False,-0.9865324320150418,9,29561.08000000321,"F (partida 0,10 / 2R)"
MGC,london,2026-07-24,F,0.1,2.0,1,2026-07-24 09:27:00+01:00,2026-07-24 09:27:00+01:00,2026-07-24 09:29:00+01:00,4050.7999999999997,4049.2000000000003,4054.0,4054.0,objetivo,4,1.5999999999994543,72.95999999997817,132.00000000000728,4.96,3.999999999996362,123.04000000001092,1.9225000000008263,False,0.13244403718114015,9,29489.880000003224,"F (partida 0,10 / 2R)"
MGC,london,2026-07-27,F,0.1,2.0,-1,2026-07-27 09:30:00+01:00,2026-07-27 09:30:00+01:00,2026-07-27 09:42:00+01:00,4092.4,4094.2999999999997,4088.6000000000004,4094.3999999999996,stop,3,1.8999999999996362,63.719999999989085,-53.999999999991815,3.7199999999999998,5.999999999994543,-63.719999999986356,-1.11789473684208,False,-1.5540646850870683,9,29612.920000003236,"F (partida 0,10 / 2R)"
MGC,london,2026-07-28,F,0.1,2.0,-1,2026-07-28 09:12:00+01:00,2026-07-28 09:12:00+01:00,2026-07-28 09:15:00+01:00,4044.5,4046.7999999999997,4039.9,4046.8999999999996,stop,2,2.299999999999727,50.47999999999454,-43.99999999999636,2.48,3.999999999996362,-50.47999999999272,-1.097391304347798,False,-0.160091831439965,9,29549.20000000325,"F (partida 0,10 / 2R)"
MGC,london,2026-07-28,F,0.1,2.0,-1,2026-07-28 10:04:00+01:00,2026-07-28 10:04:00+01:00,2026-07-28 10:05:00+01:00,4044.0,4045.0,4042.0,4042.0,objetivo,6,1.0,73.44,125.99999999999454,7.4399999999999995,5.999999999994543,112.56,1.8760000000000001,False,-0.9057942024359257,10,29498.720000003257,"F (partida 0,10 / 2R)"
MGC,london,2026-08-03,F,0.1,2.0,-1,2026-08-03 08:38:00+01:00,2026-08-03 08:38:00+01:00,2026-08-03 08:38:00+01:00,4112.099999999999,4114.0,4108.3,4114.1,stop,3,1.9000000000005457,63.72000000001637,-54.00000000000546,3.7199999999999998,6.000000000021828,-63.720000000027284,-1.117894736842263,False,-2.4145246484717844,8,29611.28000000326,"F (partida 0,10 / 2R)"
MGC,london,2026-08-04,F,0.1,2.0,1,2026-08-04 08:49:00+01:00,2026-08-04 08:49:00+01:00,2026-08-04 09:02:00+01:00,4120.900000000001,4119.2,4124.3,4124.3,objetivo,3,1.7000000000007276,57.72000000002183,105.0,3.7199999999999998,3.000000000010914,98.27999999998909,1.927058823528373,False,0.2637757504983352,8,29547.560000003232,"F (partida 0,10 / 2R)"
MGC,london,2026-08-05,F,0.1,2.0,-1,2026-08-05 09:46:00+01:00,2026-08-05 09:46:00+01:00,2026-08-05 10:07:00+01:00,4223.599999999999,4226.200000000001,4218.400000000001,4226.300000000001,stop,2,2.6000000000012733,56.48000000002546,-50.00000000001819,2.48,4.000000000014552,-56.48000000003274,-1.0861538461539437,False,-0.5219105128877142,9,29645.84000000322,"F (partida 0,10 / 2R)"
MGC,london,2026-08-05,F,0.1,2.0,-1,2026-08-05 10:16:00+01:00,2026-08-05 10:16:00+01:00,2026-08-05 10:21:00+01:00,4221.0,4222.5,4218.0,4218.0,objetivo,4,1.5,68.96,124.00000000001455,4.96,4.000000000014552,115.04,1.9173333333333333,False,-0.519013572488695,10,29589.360000003187,"F (partida 0,10 / 2R)"
MGC,london,2026-08-07,F,0.1,2.0,1,2026-08-07 10:40:00+01:00,2026-08-07 10:40:00+01:00,2026-08-07 10:42:00+01:00,4368.5,4366.7,4372.1,4372.1,objetivo,3,1.800000000000182,60.720000000005456,111.00000000002183,3.7199999999999998,3.000000000010914,104.28000000001092,1.931111111111118,False,0.7792461983830498,10,29704.40000000319,"F (partida 0,10 / 2R)"
MGC,london,2026-08-10,F,0.1,2.0,-1,2026-08-10 09:33:00+01:00,2026-08-10 09:33:00+01:00,2026-08-10 09:42:00+01:00,4411.099999999999,4413.900000000001,4405.5,4405.5,objetivo,2,2.8000000000010914,60.480000000021825,113.99999999999636,2.48,2.000000000007276,109.51999999998908,1.9557142857133285,False,-0.16202382214202046,9,29808.680000003198,"F (partida 0,10 / 2R)"
MGC,london,2026-08-11,F,0.1,2.0,-1,2026-08-11 08:32:00+01:00,2026-08-11 08:32:00+01:00,2026-08-11 08:33:00+01:00,4420.0,4421.700000000001,4416.6,4421.800000000001,stop,3,1.7000000000007276,57.72000000002183,-48.000000000010914,3.7199999999999998,6.000000000021828,-57.72000000003274,-1.1317647058825104,False,-1.4446001990550996,8,29918.200000003188,"F (partida 0,10 / 2R)"
MGC,london,2026-08-11,F,0.1,2.0,1,2026-08-11 09:26:00+01:00,2026-08-11 09:26:00+01:00,2026-08-11 09:26:00+01:00,4423.900000000001,4422.799999999999,4426.1,4426.1,objetivo,5,1.1000000000012733,66.20000000006367,115.0000000000091,6.2,5.00000000001819,103.7999999999909,1.8872727272703773,False,0.2847168006425895,9,29860.480000003154,"F (partida 0,10 / 2R)"
MGC,london,2026-08-12,F,0.1,2.0,1,2026-08-12 09:21:00+01:00,2026-08-12 09:21:00+01:00,2026-08-12 09:26:00+01:00,4468.400000000001,4466.799999999999,4471.6,4466.699999999999,stop,4,1.6000000000012733,72.96000000005093,-60.00000000003638,4.96,8.000000000029104,-72.96000000006548,-1.1400000000001158,False,0.8420061899888598,9,29964.280000003146,"F (partida 0,10 / 2R)"
MGC,london,2026-08-13,F,0.1,2.0,-1,2026-08-13 08:49:00+01:00,2026-08-13 08:49:00+01:00,2026-08-13 09:03:00+01:00,4429.7,4433.0,4423.1,4423.1,objetivo,2,3.300000000000182,70.48000000000364,133.99999999999636,2.48,2.000000000007276,129.5199999999891,1.962424242423969,False,-0.9248741764736613,8,29891.32000000308,"F (partida 0,10 / 2R)"
MGC,london,2026-08-14,F,0.1,2.0,1,2026-08-14 09:30:00+01:00,2026-08-14 09:30:00+01:00,2026-08-14 09:33:00+01:00,4401.900000000001,4400.4,4404.900000000001,4400.2,stop_hueco,4,1.5000000000009095,68.96000000003637,-60.0,4.96,8.000000000029104,-72.9600000000291,-1.2159999999997477,False,1.9653708622711001,9,30020.84000000307,"F (partida 0,10 / 2R)"
MGC,london,2026-08-14,F,0.1,2.0,1,2026-08-14 09:37:00+01:00,2026-08-14 09:37:00+01:00,2026-08-14 09:44:00+01:00,4403.0,4401.2,4406.6,4401.099999999999,stop,3,1.800000000000182,60.720000000005456,-50.99999999999454,3.7199999999999998,6.000000000021828,-60.72000000001637,-1.124444444444634,False,1.218092010065204,9,29947.880000003042,"F (partida 0,10 / 2R)"
MGC,london,2026-08-17,F,0.1,2.0,-1,2026-08-17 10:27:00+01:00,2026-08-17 10:27:00+01:00,2026-08-17 10:30:00+01:00,4453.299999999999,4454.3,4451.3,4451.3,objetivo,6,1.0000000000009095,73.44000000005457,125.99999999996726,7.4399999999999995,6.000000000021828,112.55999999994543,1.8759999999973844,False,-0.6731805370472157,10,29887.160000003027,"F (partida 0,10 / 2R)"
MGC,london,2026-08-18,F,0.1,2.0,1,2026-08-18 08:39:00+01:00,2026-08-18 08:39:00+01:00,2026-08-18 08:48:00+01:00,4458.400000000001,4456.0,4463.2,4455.9,stop,2,2.4000000000005457,52.48000000001091,-46.00000000000364,2.48,4.000000000014552,-52.48000000001819,-1.0933333333334636,False,0.7386407779439996,8,29999.720000002973,"F (partida 0,10 / 2R)"
MGC,london,2026-08-21,F,0.1,2.0,1,2026-08-21 09:01:00+01:00,2026-08-21 09:01:00+01:00,2026-08-21 09:04:00+01:00,4622.0,4618.9,4628.2,4618.799999999999,stop,2,3.100000000000364,66.48000000000728,-60.0,2.48,4.000000000014552,-66.48000000001456,-1.072258064516238,False,0.2234154684881497,9,29947.240000002956,"F (partida 0,10 / 2R)"
MGC,london,2026-08-21,F,0.1,2.0,1,2026-08-21 09:14:00+01:00,2026-08-21 09:14:00+01:00,2026-08-21 09:15:00+01:00,4624.8,4621.5,4631.400000000001,4621.4,stop,2,3.300000000000182,70.48000000000364,-63.99999999999636,2.48,4.000000000014552,-70.48000000001092,-1.0678787878788945,False,0.23804520098725135,9,29880.76000000294,"F (partida 0,10 / 2R)"
MGC,london,2026-08-24,F,0.1,2.0,-1,2026-08-24 09:12:00+01:00,2026-08-24 09:12:00+01:00,2026-08-24 09:25:00+01:00,4691.7,4696.1,4682.900000000001,4696.200000000001,stop,1,4.400000000000546,46.24000000000546,-43.00000000000182,1.24,2.000000000007276,-46.2400000000091,-1.0509090909091674,False,-1.6673430875806023,9,29810.28000000293,"F (partida 0,10 / 2R)"
MGC,london,2026-08-24,F,0.1,2.0,1,2026-08-24 10:05:00+01:00,2026-08-24 10:05:00+01:00,2026-08-24 10:08:00+01:00,4698.200000000001,4695.9,4702.8,4695.799999999999,stop,2,2.3000000000010914,50.480000000021825,-44.00000000001455,2.48,4.000000000014552,-50.4800000000291,-1.097391304347938,False,0.17319636212638384,10,29764.040000002922,"F (partida 0,10 / 2R)"
MGC,london,2026-08-25,F,0.1,2.0,-1,2026-08-25 08:49:00+01:00,2026-08-25 08:49:00+01:00,2026-08-25 08:54:00+01:00,4692.599999999999,4695.0,4687.8,4687.8,objetivo,2,2.4000000000005457,52.48000000001091,97.99999999999272,2.48,2.000000000007276,93.51999999998544,1.9483333333325872,False,-0.5703066643524436,8,29713.560000002894,"F (partida 0,10 / 2R)"
MGC,london,2026-08-25,F,0.1,2.0,-1,2026-08-25 10:26:00+01:00,2026-08-25 10:26:00+01:00,2026-08-25 10:30:00+01:00,4683.599999999999,4685.5,4679.8,4679.8,objetivo,3,1.9000000000005457,63.72000000001637,116.99999999998909,3.7199999999999998,3.000000000010914,110.27999999997817,1.9347368421043245,False,-0.2970516576820811,10,29807.08000000288,"F (partida 0,10 / 2R)"
MGC,london,2026-08-26,F,0.1,2.0,-1,2026-08-26 10:05:00+01:00,2026-08-26 10:05:00+01:00,2026-08-26 10:20:00+01:00,4681.4,4684.3,4675.6,4675.6,objetivo,2,2.9000000000005457,62.48000000001091,117.99999999999272,2.48,2.000000000007276,113.51999999998544,1.9572413793097256,False,-0.3006704365416322,10,29917.360000002856,"F (partida 0,10 / 2R)"
MGC,london,2026-08-27,F,0.1,2.0,-1,2026-08-27 08:52:00+01:00,2026-08-27 08:52:00+01:00,2026-08-27 08:52:00+01:00,4650.2,4652.0,4646.6,4652.1,stop,3,1.800000000000182,60.720000000005456,-50.99999999999454,3.7199999999999998,6.000000000021828,-60.72000000001637,-1.124444444444634,False,-1.3978108851827682,8,30030.880000002842,"F (partida 0,10 / 2R)"
MGC,london,2026-08-27,F,0.1,2.0,-1,2026-08-27 10:03:00+01:00,2026-08-27 10:03:00+01:00,2026-08-27 10:37:00+01:00,4649.9,4653.6,4642.5,4642.5,objetivo,1,3.7000000000007276,39.24000000000728,75.0,1.24,1.000000000003638,72.75999999999637,1.9664864864860017,False,-0.24679316672576956,10,29970.160000002827,"F (partida 0,10 / 2R)"
MGC,london,2026-08-28,F,0.1,2.0,-1,2026-08-28 10:29:00+01:00,2026-08-28 10:29:00+01:00,2026-08-28 10:30:00+01:00,4654.099999999999,4656.6,4649.1,4656.700000000001,stop,2,2.5000000000009095,54.48000000001819,-48.000000000010914,2.48,4.000000000014552,-54.48000000002546,-1.089600000000113,False,-0.3759715110946726,10,30042.92000000282,"F (partida 0,10 / 2R)"
MGC,london,2026-08-31,F,0.1,2.0,1,2026-08-31 09:01:00+01:00,2026-08-31 09:01:00+01:00,2026-08-31 09:07:00+01:00,4497.8,4492.9,4507.6,4492.799999999999,stop,1,4.900000000000546,51.24000000000546,-48.00000000000182,1.24,2.000000000007276,-51.2400000000091,-1.0457142857143549,False,0.5607032523805534,9,29988.440000002796,"F (partida 0,10 / 2R)"
MGC,london,2026-09-01,F,0.1,2.0,-1,2026-09-01 10:27:00+01:00,2026-09-01 10:27:00+01:00,2026-09-01 10:30:00+01:00,4420.7,4423.0,4416.1,4416.1,objetivo,2,2.300000000000182,50.480000000003635,93.99999999999636,2.48,2.000000000007276,89.51999999998908,1.9460869565213479,False,-1.6239910682906147,10,29937.200000002787,"F (partida 0,10 / 2R)"
MGC,london,2026-09-02,F,0.1,2.0,-1,2026-09-02 10:09:00+01:00,2026-09-02 10:09:00+01:00,2026-09-02 10:09:00+01:00,4364.9,4366.900000000001,4360.900000000001,4367.000000000001,stop,3,2.0000000000009095,66.72000000002728,-57.00000000001637,3.7199999999999998,6.000000000021828,-66.7200000000382,-1.1120000000001309,False,-0.9470927876795977,10,30026.720000002777,"F (partida 0,10 / 2R)"
MGC,london,2026-09-02,F,0.1,2.0,-1,2026-09-02 10:11:00+01:00,2026-09-02 10:11:00+01:00,2026-09-02 10:14:00+01:00,4364.4,4365.6,4362.0,4362.0,objetivo_hueco,5,1.2000000000007276,71.20000000003638,125.0,6.2,5.00000000001819,113.79999999998181,1.8966666666652134,False,-0.9846168739734183,10,29960.00000000274,"F (partida 0,10 / 2R)"
MGC,london,2026-09-03,F,0.1,2.0,1,2026-09-03 08:54:00+01:00,2026-09-03 08:54:00+01:00,2026-09-03 09:03:00+01:00,4474.700000000001,4472.599999999999,4478.900000000001,4478.900000000001,objetivo,3,2.1000000000012733,69.7200000000382,129.00000000000546,3.7199999999999998,3.000000000010914,122.27999999999454,1.9409523809511176,False,0.30982069768473924,8,30073.80000000272,"F (partida 0,10 / 2R)"
MGC,london,2026-09-03,F,0.1,2.0,1,2026-09-03 10:01:00+01:00,2026-09-03 10:01:00+01:00,2026-09-03 10:03:00+01:00,4483.900000000001,4480.7,4490.3,4480.599999999999,stop,2,3.2000000000007276,68.48000000001456,-62.000000000007276,2.48,4.000000000014552,-68.48000000002183,-1.0700000000000978,False,0.5169738983228551,10,30196.080000002716,"F (partida 0,10 / 2R)"
MGC,london,2026-09-04,F,0.1,2.0,1,2026-09-04 09:18:00+01:00,2026-09-04 09:18:00+01:00,2026-09-04 09:18:00+01:00,4530.700000000001,4529.2,4533.7,4529.099999999999,stop,4,1.5000000000009095,68.96000000003637,-56.00000000002183,4.96,8.000000000029104,-68.96000000005093,-1.1493333333334852,False,1.876663388760531,9,30127.600000002694,"F (partida 0,10 / 2R)"
MGC,london,2026-09-04,F,0.1,2.0,1,2026-09-04 09:21:00+01:00,2026-09-04 09:21:00+01:00,2026-09-04 09:21:00+01:00,4530.6,4529.299999999999,4533.2,4529.199999999999,stop,4,1.3000000000010914,60.96000000004366,-48.000000000029104,4.96,8.000000000029104,-60.96000000005821,-1.1723076923078275,False,1.2782256899041742,9,30058.640000002644,"F (partida 0,10 / 2R)"
MGC,london,2026-09-08,F,0.1,2.0,-1,2026-09-08 09:44:00+01:00,2026-09-08 09:44:00+01:00,2026-09-08 09:45:00+01:00,4436.799999999999,4439.0,4432.400000000001,4439.1,stop,3,2.2000000000007276,72.72000000002183,-63.000000000010914,3.7199999999999998,6.000000000021828,-72.72000000003274,-1.1018181818183135,False,-0.41352294997180283,9,29997.680000002587,"F (partida 0,10 / 2R)"
MGC,london,2026-09-09,F,0.1,2.0,-1,2026-09-09 10:02:00+01:00,2026-09-09 10:02:00+01:00,2026-09-09 10:03:00+01:00,4444.4,4445.700000000001,4441.8,4445.800000000001,stop,4,1.3000000000010914,60.96000000004366,-48.000000000029104,4.96,8.000000000029104,-60.96000000005821,-1.1723076923078275,False,-0.6053536711815437,10,29924.960000002553,"F (partida 0,10 / 2R)"
MGC,london,2026-09-09,F,0.1,2.0,-1,2026-09-09 10:05:00+01:00,2026-09-09 10:05:00+01:00,2026-09-09 10:14:00+01:00,4445.0,4446.400000000001,4442.2,4442.2,objetivo_hueco,4,1.4000000000005457,64.96000000002184,116.00000000002183,4.96,4.000000000014552,107.04000000000728,1.9114285714279564,False,-0.5644828280123969,10,29864.000000002496,"F (partida 0,10 / 2R)"
MGC,london,2026-09-10,F,0.1,2.0,-1,2026-09-10 09:04:00+01:00,2026-09-10 09:04:00+01:00,2026-09-10 09:14:00+01:00,4451.799999999999,4453.5,4448.400000000001,4448.400000000001,objetivo,3,1.7000000000007276,57.72000000002183,104.99999999997272,3.7199999999999998,3.000000000010914,98.2799999999618,1.927058823527838,False,-1.063445694225121,9,29971.040000002504,"F (partida 0,10 / 2R)"
MGC,london,2026-09-11,F,0.1,2.0,-1,2026-09-11 09:04:00+01:00,2026-09-11 09:04:00+01:00,2026-09-11 09:05:00+01:00,4384.5,4386.1,4381.3,4386.200000000001,stop,4,1.6000000000003638,72.96000000001455,-60.0,4.96,8.000000000029104,-72.9600000000291,-1.1400000000001955,False,-1.995451961015102,9,30069.320000002466,"F (partida 0,10 / 2R)"
MGC,london,2026-09-14,F,0.1,2.0,-1,2026-09-14 09:44:00+01:00,2026-09-14 09:44:00+01:00,2026-09-14 09:45:00+01:00,4349.799999999999,4353.3,4342.8,4353.400000000001,stop,2,3.5000000000009095,74.4800000000182,-68.00000000001091,2.48,4.000000000014552,-74.48000000002547,-1.0640000000000873,False,-0.5605940972175328,9,29996.360000002438,"F (partida 0,10 / 2R)"
MGC,london,2026-09-14,F,0.1,2.0,-1,2026-09-14 10:12:00+01:00,2026-09-14 10:12:00+01:00,2026-09-14 10:17:00+01:00,4345.9,4349.1,4339.5,4339.5,objetivo,2,3.2000000000007276,68.48000000001456,130.0,2.48,2.000000000007276,125.51999999999272,1.9612499999994404,False,-0.9546154612863685,10,29921.880000002413,"F (partida 0,10 / 2R)"
MGC,london,2026-09-15,F,0.1,2.0,-1,2026-09-15 08:37:00+01:00,2026-09-15 08:37:00+01:00,2026-09-15 08:40:00+01:00,4327.4,4328.700000000001,4324.8,4324.8,objetivo,4,1.3000000000010914,60.96000000004366,107.99999999999272,4.96,4.000000000014552,99.03999999997818,1.904615384613366,False,-0.6744702822998838,8,30047.400000002406,"F (partida 0,10 / 2R)"
MGC,london,2026-09-16,F,0.1,2.0,-1,2026-09-16 09:34:00+01:00,2026-09-16 09:34:00+01:00,2026-09-16 09:38:00+01:00,4368.599999999999,4370.400000000001,4365.0,4365.0,objetivo,3,1.8000000000010914,60.72000000003274,110.99999999999454,3.7199999999999998,3.000000000010914,104.27999999998363,1.931111111109637,False,-0.4217018523386812,9,30146.440000002385,"F (partida 0,10 / 2R)"
MGC,london,2026-09-17,F,0.1,2.0,-1,2026-09-17 10:18:00+01:00,2026-09-17 10:18:00+01:00,2026-09-17 10:18:00+01:00,4352.0,4353.6,4348.8,4353.700000000001,stop,4,1.6000000000003638,72.96000000001455,-60.0,4.96,8.000000000029104,-72.9600000000291,-1.1400000000001955,False,-0.7390815975201447,10,30250.72000000237,"F (partida 0,10 / 2R)"
MGC,london,2026-09-18,F,0.1,2.0,1,2026-09-18 08:46:00+01:00,2026-09-18 08:46:00+01:00,2026-09-18 08:51:00+01:00,4435.1,4433.5,4438.3,4438.3,objetivo,4,1.6000000000003638,72.96000000001455,132.00000000000728,4.96,4.000000000014552,123.03999999999273,1.9224999999994492,False,0.39922082454169566,8,30177.76000000234,"F (partida 0,10 / 2R)"
MGC,london,2026-09-18,F,0.1,2.0,1,2026-09-18 09:02:00+01:00,2026-09-18 09:02:00+01:00,2026-09-18 09:09:00+01:00,4436.1,4434.099999999999,4440.1,4433.999999999999,stop,3,2.0000000000009095,66.72000000002728,-57.00000000001637,3.7199999999999998,6.000000000021828,-66.7200000000382,-1.1120000000001309,False,0.6295416130446213,9,30300.800000002335,"F (partida 0,10 / 2R)"
MGC,london,2026-09-21,F,0.1,2.0,-1,2026-09-21 08:41:00+01:00,2026-09-21 08:41:00+01:00,2026-09-21 09:06:00+01:00,4384.599999999999,4388.1,4377.6,4388.200000000001,stop,2,3.5000000000009095,74.4800000000182,-68.00000000001091,2.48,4.000000000014552,-74.48000000002547,-1.0640000000000873,False,-0.15488149064093762,8,30234.080000002297,"F (partida 0,10 / 2R)"
MGC,london,2026-09-22,F,0.1,2.0,-1,2026-09-22 09:16:00+01:00,2026-09-22 09:16:00+01:00,2026-09-22 09:19:00+01:00,4338.2,4340.3,4334.0,4340.400000000001,stop,3,2.100000000000364,69.72000000001091,-60.0,3.7199999999999998,6.000000000021828,-69.72000000002183,-1.1066666666668215,False,-2.6995511031586292,9,30159.600000002272,"F (partida 0,10 / 2R)"
MGC,london,2026-09-23,F,0.1,2.0,-1,2026-09-23 08:59:00+01:00,2026-09-23 08:59:00+01:00,2026-09-23 09:24:00+01:00,4356.7,4358.700000000001,4352.7,4358.800000000001,stop,3,2.0000000000009095,66.72000000002728,-57.00000000001637,3.7199999999999998,6.000000000021828,-66.7200000000382,-1.1120000000001309,False,-1.168922248359394,8,30089.88000000225,"F (partida 0,10 / 2R)"
MGC,london,2026-09-23,F,0.1,2.0,-1,2026-09-23 10:19:00+01:00,2026-09-23 10:19:00+01:00,2026-09-23 10:20:00+01:00,4353.2,4354.900000000001,4349.8,4355.000000000001,stop,3,1.7000000000007276,57.72000000002183,-48.000000000010914,3.7199999999999998,6.000000000021828,-57.72000000003274,-1.1317647058825104,False,-0.3795062594668287,10,30023.16000000221,"F (partida 0,10 / 2R)"
MGC,london,2026-09-24,F,0.1,2.0,-1,2026-09-24 09:12:00+01:00,2026-09-24 09:12:00+01:00,2026-09-24 09:14:00+01:00,4315.4,4316.900000000001,4312.400000000001,4312.400000000001,objetivo,4,1.5000000000009095,68.96000000003637,123.99999999997817,4.96,4.000000000014552,115.03999999996363,1.9173333333315645,False,-0.23961414186181118,9,29965.440000002178,"F (partida 0,10 / 2R)"
MGC,london,2026-09-25,F,0.1,2.0,1,2026-09-25 09:12:00+01:00,2026-09-25 09:12:00+01:00,2026-09-25 09:15:00+01:00,4315.400000000001,4314.2,4317.8,4317.8,objetivo,5,1.2000000000007276,71.20000000003638,125.0,6.2,5.00000000001819,113.79999999998181,1.8966666666652134,False,0.543557230102868,9,30080.480000002142,"F (partida 0,10 / 2R)"
MGC,london,2026-09-25,F,0.1,2.0,1,2026-09-25 10:25:00+01:00,2026-09-25 10:25:00+01:00,2026-09-25 10:25:00+01:00,4332.0,4330.0,4336.0,4329.9,stop,3,2.0,66.72,-56.999999999989086,3.7199999999999998,6.000000000021828,-66.72000000001091,-1.112000000000182,False,1.6837122032460683,10,30194.280000002123,"F (partida 0,10 / 2R)"
MGC,london,2026-09-28,F,0.1,2.0,-1,2026-09-28 09:13:00+01:00,2026-09-28 09:13:00+01:00,2026-09-28 09:14:00+01:00,4185.9,4189.1,4179.5,4189.200000000001,stop,2,3.2000000000007276,68.48000000001456,-62.000000000007276,2.48,4.000000000014552,-68.48000000002183,-1.0700000000000978,False,-0.8459900709233078,9,30127.56000000211,"F (partida 0,10 / 2R)"
MGC,london,2026-09-28,F,0.1,2.0,-1,2026-09-28 09:53:00+01:00,2026-09-28 09:53:00+01:00,2026-09-28 09:53:00+01:00,4177.799999999999,4179.5,4174.400000000001,4179.6,stop,3,1.7000000000007276,57.72000000002183,-48.000000000010914,3.7199999999999998,6.000000000021828,-57.72000000003274,-1.1317647058825104,False,-1.1548979358655371,9,30059.08000000209,"F (partida 0,10 / 2R)"
MGC,london,2026-09-29,F,0.1,2.0,1,2026-09-29 08:39:00+01:00,2026-09-29 08:39:00+01:00,2026-09-29 08:39:00+01:00,4177.5,4176.099999999999,4180.3,4180.3,objetivo,4,1.4000000000005457,64.96000000002184,116.00000000002183,4.96,4.000000000014552,107.04000000000728,1.9114285714279564,False,1.8554180015480217,8,30001.360000002056,"F (partida 0,10 / 2R)"
MGC,london,2026-09-29,F,0.1,2.0,-1,2026-09-29 09:29:00+01:00,2026-09-29 09:29:00+01:00,2026-09-29 09:29:00+01:00,4171.799999999999,4173.400000000001,4168.6,4173.500000000001,stop,4,1.6000000000012733,72.96000000005093,-60.00000000003638,4.96,8.000000000029104,-72.96000000006548,-1.1400000000001158,False,-0.2569363097326444,9,30108.400000002064,"F (partida 0,10 / 2R)"
MGC,london,2026-09-30,F,0.1,2.0,1,2026-09-30 08:36:00+01:00,2026-09-30 08:36:00+01:00,2026-09-30 08:42:00+01:00,4229.900000000001,4226.799999999999,4236.1,4226.699999999999,stop,2,3.1000000000012733,66.48000000002547,-60.00000000001819,2.48,4.000000000014552,-66.48000000003275,-1.0722580645162167,False,1.3485819211082826,8,30035.440000002,"F (partida 0,10 / 2R)"
MGC,london,2026-10-02,F,0.1,2.0,1,2026-10-02 08:54:00+01:00,2026-10-02 08:54:00+01:00,2026-10-02 08:57:00+01:00,4215.0,4213.9,4217.2,4217.2,objetivo,5,1.1000000000003638,66.20000000001819,115.0000000000091,6.2,5.00000000001819,103.7999999999909,1.8872727272719376,False,0.24089212336156474,8,29968.960000001967,"F (partida 0,10 / 2R)"
