fecha,direccion,contratos,t_entrada,entrada,t_salida,salida,motivo,bruto,comision,neto,banda_sup_entrada,banda_inf_entrada
2015-01-16,1,1,2015-01-16 10:00:00-05:00,1274.5,2015-01-16 10:30:00-05:00,1272.4,trailing,-20.99999999999909,2.0,-22.99999999999909,1269.8895852174917,1256.4268166692082
2015-01-16,1,1,2015-01-16 10:30:00-05:00,1272.6,2015-01-16 11:00:00-05:00,1272.5,trailing,-0.9999999999990905,2.0,-2.9999999999990905,1271.2230297978379,1255.1025247262185
2015-01-16,1,1,2015-01-16 11:00:00-05:00,1272.6999999999998,2015-01-16 15:30:00-05:00,1274.8000000000002,trailing,21.000000000003638,2.0,19.000000000003638,1272.013378767249,1254.3176006373071
2015-01-20,1,1,2015-01-20 11:00:00-05:00,1292.1,2015-01-20 13:30:00-05:00,1293.7,trailing,16.000000000001364,2.0,14.000000000001364,1291.8793514475406,1272.6565775896847
2015-01-21,-1,1,2015-01-21 10:30:00-05:00,1286.7,2015-01-21 11:00:00-05:00,1290.1,trailing,-33.999999999998636,2.0,-35.999999999998636,1307.1236354718415,1289.206361591573
2015-01-23,-1,1,2015-01-23 10:30:00-05:00,1288.3000000000002,2015-01-23 11:00:00-05:00,1290.8,trailing,-24.999999999997726,2.0,-26.999999999997726,1307.6457672180975,1291.3796766927157
2015-01-23,-1,1,2015-01-23 11:00:00-05:00,1290.6000000000001,2015-01-23 12:00:00-05:00,1290.8,trailing,-1.999999999998181,2.0,-3.999999999998181,1307.617396974639,1291.4078728188379
2015-01-23,-1,1,2015-01-23 12:00:00-05:00,1290.6000000000001,2015-01-23 13:30:00-05:00,1292.5,trailing,-18.999999999998636,2.0,-20.999999999998636,1308.0704404376932,1290.957609829665
2015-01-26,-1,1,2015-01-26 10:30:00-05:00,1277.4,2015-01-26 12:30:00-05:00,1279.8999999999999,trailing,-24.999999999997726,2.0,-26.999999999997726,1297.856873518939,1279.9739728795937
2015-01-27,1,1,2015-01-27 10:00:00-05:00,1289.8999999999999,2015-01-27 12:30:00-05:00,1289.5,trailing,-3.9999999999986358,2.0,-5.999999999998636,1289.6301436061315,1276.686124373963
2015-01-27,1,1,2015-01-27 13:30:00-05:00,1292.1999999999998,2015-01-27 15:59:00-05:00,1294.3000000000002,cierre,21.000000000003638,2.0,19.000000000003638,1291.9810713732754,1274.346346240919
2015-01-29,-1,1,2015-01-29 11:00:00-05:00,1263.1000000000001,2015-01-29 15:58:00-05:00,1256.3999999999999,cierre,67.00000000000273,2.0,65.00000000000273,1289.238187876705,1264.0210257753242
2015-02-02,1,1,2015-02-02 12:00:00-05:00,1274.8999999999999,2015-02-02 15:59:00-05:00,1275.1000000000001,cierre,2.0000000000027285,2.0,2.7284841053187847e-12,1274.1984880867215,1263.6015119132787
2015-02-03,-1,1,2015-02-03 10:30:00-05:00,1263.1000000000001,2015-02-03 12:00:00-05:00,1262.3999999999999,trailing,7.0000000000027285,2.0,5.0000000000027285,1279.201505909375,1263.9214010802255
2015-02-03,-1,1,2015-02-03 12:00:00-05:00,1262.2,2015-02-03 14:00:00-05:00,1265.1,trailing,-28.999999999998636,2.0,-30.999999999998636,1280.8862498511662,1262.2463016104978
2015-02-03,-1,1,2015-02-03 15:30:00-05:00,1261.8000000000002,2015-02-03 15:59:00-05:00,1261.1,cierre,7.0000000000027285,2.0,5.0000000000027285,1281.2862674533487,1261.8485739459686
2015-02-06,-1,1,2015-02-06 11:00:00-05:00,1233.8000000000002,2015-02-06 15:30:00-05:00,1235.8,trailing,-19.999999999997726,2.0,-21.999999999997726,1273.9075291522079,1235.31405647555
2015-02-09,1,1,2015-02-09 10:30:00-05:00,1241.8,2015-02-09 11:00:00-05:00,1240.8000000000002,trailing,-9.999999999997726,2.0,-11.999999999997726,1241.4793780991654,1231.726891096211
2015-02-11,-1,1,2015-02-11 10:00:00-05:00,1224.6000000000001,2015-02-11 15:59:00-05:00,1219.3999999999999,cierre,52.00000000000273,2.0,50.00000000000273,1236.0392193673586,1231.5607806326414
2015-02-17,-1,1,2015-02-17 10:30:00-05:00,1205.5,2015-02-17 11:00:00-05:00,1207.5,trailing,-20.0,2.0,-22.0,1233.7771505005726,1208.9685662238837
2015-02-17,-1,1,2015-02-17 11:30:00-05:00,1205.5,2015-02-17 13:30:00-05:00,1208.6999999999998,trailing,-31.99999999999818,2.0,-33.99999999999818,1234.722769843747,1208.037467684728
2015-02-18,-1,1,2015-02-18 11:30:00-05:00,1197.7,2015-02-18 14:30:00-05:00,1211.8,trailing,-140.9999999999991,2.0,-142.9999999999991,1212.5397668924763,1203.3626893161013
2015-02-20,-1,1,2015-02-20 14:00:00-05:00,1200.3000000000002,2015-02-20 15:59:00-05:00,1200.6999999999998,cierre,-3.999999999996362,2.0,-5.999999999996362,1214.3281420267513,1202.0796411637607
2015-02-23,1,1,2015-02-23 10:00:00-05:00,1204.3999999999999,2015-02-23 11:00:00-05:00,1204.2,trailing,-1.999999999998181,2.0,-3.999999999998181,1202.5081687599838,1196.8946920627445
2015-02-24,-1,1,2015-02-24 12:00:00-05:00,1192.7,2015-02-24 12:30:00-05:00,1196.3,trailing,-35.99999999999909,2.0,-37.99999999999909,1205.305755695769,1194.006995698383
2015-03-02,-1,1,2015-03-02 15:00:00-05:00,1205.1000000000001,2015-03-02 15:59:00-05:00,1205.1,cierre,2.2737367544323206e-12,2.0,-1.9999999999977263,1217.317868120845,1206.5910729851687
2015-03-03,1,1,2015-03-03 10:00:00-05:00,1213.6,2015-03-03 10:30:00-05:00,1211.4,trailing,-21.99999999999818,2.0,-23.99999999999818,1210.9336781838415,1202.5733701187182
2015-03-04,-1,1,2015-03-04 15:30:00-05:00,1198.4,2015-03-04 15:59:00-05:00,1198.8,cierre,-3.9999999999986358,2.0,-5.999999999998636,1208.7408418070142,1198.8651958083697
2015-03-05,1,1,2015-03-05 10:30:00-05:00,1205.6,2015-03-05 11:30:00-05:00,1204.2,trailing,-13.999999999998636,2.0,-15.999999999998636,1204.632241016289,1195.775079215923
2015-03-06,-1,1,2015-03-06 10:30:00-05:00,1174.1000000000001,2015-03-06 11:00:00-05:00,1175.8,trailing,-16.99999999999818,2.0,-18.99999999999818,1200.7844945899017,1175.0648400176121
2015-03-06,-1,1,2015-03-06 11:30:00-05:00,1174.0,2015-03-06 15:59:00-05:00,1164.6,cierre,94.00000000000091,2.0,92.00000000000091,1201.3052227403273,1174.5527196626267
2015-03-10,-1,1,2015-03-10 11:30:00-04:00,1162.3000000000002,2015-03-10 15:59:00-04:00,1160.1999999999998,cierre,21.000000000003638,2.0,19.000000000003638,1170.207873308528,1162.4947553218954
2015-03-11,-1,1,2015-03-11 10:30:00-04:00,1150.5,2015-03-11 14:30:00-04:00,1152.3,trailing,-17.999999999999545,2.0,-19.999999999999545,1162.8766487177454,1154.929095577507
2015-03-11,-1,1,2015-03-11 14:30:00-04:00,1152.1000000000001,2015-03-11 15:00:00-04:00,1151.6999999999998,trailing,4.000000000003183,2.0,2.0000000000031832,1164.834790338588,1152.9750049349338
2015-03-11,-1,1,2015-03-11 15:00:00-04:00,1151.5,2015-03-11 15:30:00-04:00,1153.1999999999998,trailing,-16.99999999999818,2.0,-18.99999999999818,1165.0171476390417,1152.7930248929242
2015-03-16,-1,1,2015-03-16 11:00:00-04:00,1149.7,2015-03-16 11:30:00-04:00,1151.3,trailing,-15.99999999999909,2.0,-17.99999999999909,1160.1706769245325,1150.8361149561817
2015-03-17,1,1,2015-03-17 10:00:00-04:00,1157.5,2015-03-17 10:30:00-04:00,1155.7,trailing,-17.999999999999545,2.0,-19.999999999999545,1156.0511702680294,1141.7669596598162
2015-03-18,1,1,2015-03-18 14:30:00-04:00,1166.1999999999998,2015-03-18 15:59:00-04:00,1170.0,cierre,38.00000000000182,2.0,36.00000000000182,1153.1690126236088,1142.9353630632152
2015-03-20,1,1,2015-03-20 10:00:00-04:00,1177.3,2015-03-20 15:59:00-04:00,1182.5,cierre,52.000000000000455,2.0,50.000000000000455,1176.4827059833378,1166.5277259041347
2015-03-23,1,1,2015-03-23 15:30:00-04:00,1190.5,2015-03-23 15:59:00-04:00,1190.0,cierre,-5.0,2.0,-7.0,1190.185279437331,1176.221193223021
2015-03-27,-1,1,2015-03-27 10:00:00-04:00,1194.9,2015-03-27 10:30:00-04:00,1199.5,trailing,-45.99999999999909,2.0,-47.99999999999909,1205.5695339250892,1196.3389855923056
2015-04-01,1,1,2015-04-01 10:00:00-04:00,1197.0,2015-04-01 15:59:00-04:00,1204.1000000000001,cierre,71.00000000000136,2.0,69.00000000000136,1196.5603270363426,1190.2396729636573
2015-04-02,-1,1,2015-04-02 10:30:00-04:00,1198.9,2015-04-02 12:00:00-04:00,1199.1,trailing,-1.999999999998181,2.0,-3.999999999998181,1207.772874972973,1199.5303887394255
2015-04-02,-1,1,2015-04-02 12:00:00-04:00,1198.9,2015-04-02 12:30:00-04:00,1199.3999999999999,trailing,-4.999999999997726,2.0,-6.999999999997726,1207.7355220700765,1199.5677075215835
2015-04-08,-1,1,2015-04-08 11:00:00-04:00,1203.5,2015-04-08 14:00:00-04:00,1206.1999999999998,trailing,-26.99999999999818,2.0,-28.99999999999818,1212.8156130160532,1206.3875801273919
2015-04-08,-1,1,2015-04-08 14:30:00-04:00,1200.2,2015-04-08 15:59:00-04:00,1203.3,cierre,-30.99999999999909,2.0,-32.99999999999909,1215.404857285854,1203.801758520208
2015-04-13,-1,1,2015-04-13 10:00:00-04:00,1200.2,2015-04-13 12:00:00-04:00,1199.1999999999998,trailing,10.000000000002274,2.0,8.000000000002274,1210.14235576642,1200.1672501603603
2015-04-13,-1,1,2015-04-13 12:00:00-04:00,1199.0,2015-04-13 12:30:00-04:00,1200.3,trailing,-12.999999999999545,2.0,-14.999999999999545,1210.8457235048747,1199.4675497369365
2015-04-15,1,1,2015-04-15 13:30:00-04:00,1201.3999999999999,2015-04-15 15:59:00-04:00,1202.3000000000002,cierre,9.000000000003183,2.0,7.000000000003183,1199.345482890273,1188.965099321308
2015-04-16,-1,1,2015-04-16 10:30:00-04:00,1196.9,2015-04-16 14:00:00-04:00,1199.3999999999999,trailing,-24.999999999997726,2.0,-26.999999999997726,1205.890598213761,1200.411881973398
2015-04-17,1,1,2015-04-17 10:00:00-04:00,1204.6999999999998,2015-04-17 10:30:00-04:00,1204.1000000000001,trailing,-5.999999999996817,2.0,-7.999999999996817,1203.9538630702164,1196.951243002605
2015-04-20,-1,1,2015-04-20 10:30:00-04:00,1192.3000000000002,2015-04-20 11:00:00-04:00,1193.3,trailing,-9.999999999997726,2.0,-11.999999999997726,1206.6988843509175,1193.4185983857672
2015-04-20,-1,1,2015-04-20 11:30:00-04:00,1191.8000000000002,2015-04-20 12:00:00-04:00,1195.6999999999998,trailing,-38.99999999999636,2.0,-40.99999999999636,1207.0591013462251,1193.060804575961
2015-04-21,1,1,2015-04-21 12:00:00-04:00,1198.3999999999999,2015-04-21 15:59:00-04:00,1201.5,cierre,31.000000000001364,2.0,29.000000000001364,1197.489564257258,1192.3104357427421
2015-04-22,-1,1,2015-04-22 10:30:00-04:00,1188.3000000000002,2015-04-22 15:59:00-04:00,1186.0,cierre,23.00000000000182,2.0,21.00000000000182,1204.3526707948513,1193.3599288134806
2015-04-23,1,1,2015-04-23 11:00:00-04:00,1191.1999999999998,2015-04-23 15:59:00-04:00,1194.0,cierre,28.00000000000182,2.0,26.00000000000182,1189.5935573842964,1182.6075531467277
2015-04-24,-1,1,2015-04-24 10:00:00-04:00,1181.2,2015-04-24 15:59:00-04:00,1177.6,cierre,36.000000000001364,2.0,34.000000000001364,1195.2890733262545,1185.7180963646836
2015-04-27,1,1,2015-04-27 10:30:00-04:00,1198.5,2015-04-27 15:59:00-04:00,1201.7,cierre,32.000000000000455,2.0,30.000000000000455,1189.35655722835,1174.267054939396
2015-04-28,1,1,2015-04-28 10:00:00-04:00,1204.3,2015-04-28 15:59:00-04:00,1211.8000000000002,cierre,75.00000000000227,2.0,73.00000000000227,1203.142419423687,1200.3576922770471
2015-04-30,-1,1,2015-04-30 10:00:00-04:00,1180.3000000000002,2015-04-30 11:00:00-04:00,1181.6,trailing,-12.999999999997272,2.0,-14.999999999997272,1204.8228429479407,1184.298084690566
2015-04-30,-1,1,2015-04-30 11:30:00-04:00,1178.2,2015-04-30 13:00:00-04:00,1180.5,trailing,-22.999999999999545,2.0,-24.999999999999545,1208.6109669585471,1180.5656776443834
2015-05-11,-1,1,2015-05-11 11:30:00-04:00,1179.4,2015-05-11 13:00:00-04:00,1182.8,trailing,-33.999999999998636,2.0,-35.999999999998636,1194.0035295685186,1181.9007141007949
2015-05-13,1,1,2015-05-13 10:00:00-04:00,1211.1,2015-05-13 15:59:00-04:00,1214.4,cierre,33.00000000000182,2.0,31.00000000000182,1208.2945473136265,1190.5305671345823
2015-05-19,-1,1,2015-05-19 10:30:00-04:00,1208.3000000000002,2015-05-19 15:59:00-04:00,1207.8999999999999,cierre,4.000000000003183,2.0,2.0000000000031832,1228.6070475900412,1211.1235191343114
2015-05-28,-1,1,2015-05-28 10:00:00-04:00,1181.4,2015-05-28 10:30:00-04:00,1186.6999999999998,trailing,-52.99999999999727,2.0,-54.99999999999727,1188.7709033807096,1184.3302000251097
2015-05-29,1,1,2015-05-29 10:00:00-04:00,1191.1,2015-05-29 11:00:00-04:00,1190.1000000000001,trailing,-9.999999999997726,2.0,-11.999999999997726,1191.3295191551708,1186.7722614406955
2015-06-01,1,1,2015-06-01 10:00:00-04:00,1204.1999999999998,2015-06-01 10:30:00-04:00,1200.7,trailing,-34.999999999997726,2.0,-36.999999999997726,1201.6217813464064,1197.7782186535937
2015-06-01,-1,1,2015-06-01 11:30:00-04:00,1193.4,2015-06-01 15:59:00-04:00,1189.1,cierre,43.00000000000182,2.0,41.00000000000182,1202.1849207692176,1197.2150792307825
2015-06-03,-1,1,2015-06-03 12:30:00-04:00,1187.9,2015-06-03 15:59:00-04:00,1185.1999999999998,cierre,27.00000000000273,2.0,25.00000000000273,1195.7136342941799,1188.1922698023516
2015-06-04,-1,1,2015-06-04 11:00:00-04:00,1174.7,2015-06-04 13:00:00-04:00,1175.6999999999998,trailing,-9.999999999997726,2.0,-11.999999999997726,1186.8598127813807,1175.5517698189858
2015-06-11,-1,1,2015-06-11 10:00:00-04:00,1178.1000000000001,2015-06-11 11:00:00-04:00,1178.6,trailing,-4.999999999997726,2.0,-6.999999999997726,1187.5765553508309,1178.4314204772509
2015-06-15,1,1,2015-06-15 10:30:00-04:00,1182.3999999999999,2015-06-15 11:00:00-04:00,1181.3000000000002,trailing,-10.999999999996817,2.0,-12.999999999996817,1182.2172853497061,1178.7829886271447
2015-06-15,1,1,2015-06-15 11:30:00-04:00,1185.5,2015-06-15 15:59:00-04:00,1185.3000000000002,cierre,-1.999999999998181,2.0,-3.999999999998181,1182.7179385639793,1178.282420226223
2015-06-16,-1,1,2015-06-16 10:30:00-04:00,1176.8000000000002,2015-06-16 11:00:00-04:00,1177.5,trailing,-6.999999999998181,2.0,-8.999999999998181,1187.1386444196044,1177.1708892304105
2015-06-17,-1,1,2015-06-17 11:00:00-04:00,1174.7,2015-06-17 11:30:00-04:00,1176.5,trailing,-17.999999999999545,2.0,-19.999999999999545,1183.0518335399045,1176.5524631049213
2015-06-17,-1,1,2015-06-17 12:00:00-04:00,1175.6000000000001,2015-06-17 13:00:00-04:00,1175.6,trailing,2.2737367544323206e-12,2.0,-1.9999999999977263,1183.397765537994,1176.207292619993
2015-06-17,1,1,2015-06-17 15:00:00-04:00,1186.6,2015-06-17 15:59:00-04:00,1186.4,cierre,-1.999999999998181,2.0,-3.999999999998181,1184.7230072363495,1174.8849682261975
2015-06-22,-1,1,2015-06-22 10:30:00-04:00,1182.8000000000002,2015-06-22 11:00:00-04:00,1184.8,trailing,-19.999999999997726,2.0,-21.999999999997726,1202.0897293203827,1184.7299776193754
2015-06-22,-1,1,2015-06-22 12:30:00-04:00,1182.9,2015-06-22 13:00:00-04:00,1185.0,trailing,-20.99999999999909,2.0,-22.99999999999909,1202.8333212533498,1183.9950580348434
2015-06-22,-1,1,2015-06-22 14:00:00-04:00,1182.8000000000002,2015-06-22 14:30:00-04:00,1184.0,trailing,-11.999999999998181,2.0,-13.999999999998181,1202.7031532016165,1184.1237079653467
2015-06-29,1,1,2015-06-29 13:30:00-04:00,1179.1999999999998,2015-06-29 15:30:00-04:00,1178.5,trailing,-6.999999999998181,2.0,-8.999999999998181,1177.536063748241,1172.0669971755162
2015-07-01,-1,1,2015-07-01 10:00:00-04:00,1167.1000000000001,2015-07-01 10:30:00-04:00,1171.8,trailing,-46.99999999999818,2.0,-48.99999999999818,1172.6581508778772,1167.3447392576718
2015-07-02,-1,1,2015-07-02 11:00:00-04:00,1162.5,2015-07-02 11:30:00-04:00,1163.5,trailing,-10.0,2.0,-12.0,1168.70707200493,1162.7965466263481
2015-07-06,1,1,2015-07-06 13:00:00-04:00,1171.3999999999999,2015-07-06 15:00:00-04:00,1169.4,trailing,-19.999999999997726,2.0,-21.999999999997726,1169.4024210313612,1162.3029304346624
2015-07-07,-1,1,2015-07-07 10:00:00-04:00,1155.2,2015-07-07 12:00:00-04:00,1155.6,trailing,-3.9999999999986358,2.0,-5.999999999998636,1168.9174504544583,1157.1888752942841
2015-07-07,-1,1,2015-07-07 12:00:00-04:00,1155.4,2015-07-07 12:30:00-04:00,1155.1,trailing,3.000000000001819,2.0,1.000000000001819,1170.1022646647932,1156.014507571166
2015-07-07,-1,1,2015-07-07 12:30:00-04:00,1154.9,2015-07-07 13:00:00-04:00,1155.6,trailing,-6.999999999998181,2.0,-8.999999999998181,1170.1110056911477,1156.0058436142956
2015-07-07,-1,1,2015-07-07 13:00:00-04:00,1155.4,2015-07-07 14:00:00-04:00,1153.6,trailing,18.00000000000182,2.0,16.00000000000182,1170.2060896412452,1155.9115980178071
2015-07-07,-1,1,2015-07-07 14:00:00-04:00,1153.4,2015-07-07 14:30:00-04:00,1155.0,trailing,-15.99999999999909,2.0,-17.99999999999909,1170.2610267401847,1155.857145298357
2015-07-07,-1,1,2015-07-07 14:30:00-04:00,1154.8000000000002,2015-07-07 15:00:00-04:00,1155.8,trailing,-9.999999999997726,2.0,-11.999999999997726,1170.5648314287098,1155.556019250725
2015-07-07,-1,1,2015-07-07 15:30:00-04:00,1155.0,2015-07-07 15:59:00-04:00,1154.6,cierre,4.0000000000009095,2.0,2.0000000000009095,1170.545281980789,1155.575396331488
2015-07-08,1,1,2015-07-08 13:30:00-04:00,1163.6,2015-07-08 14:00:00-04:00,1162.2,trailing,-13.999999999998636,2.0,-15.999999999998636,1163.0696961188564,1152.2426221836492
2015-07-10,1,1,2015-07-10 12:30:00-04:00,1162.6999999999998,2015-07-10 13:00:00-04:00,1158.8000000000002,trailing,-38.99999999999636,2.0,-40.99999999999636,1162.5598725853768,1156.64310552229
2015-07-14,-1,1,2015-07-14 11:00:00-04:00,1154.7,2015-07-14 12:00:00-04:00,1154.8,trailing,-0.9999999999990905,2.0,-2.9999999999990905,1158.386902184862,1155.4133375562242
2015-07-14,-1,1,2015-07-14 13:00:00-04:00,1154.0,2015-07-14 15:30:00-04:00,1154.3,trailing,-2.9999999999995453,2.0,-4.999999999999545,1159.3989479086574,1154.4014667755102
2015-07-15,-1,1,2015-07-15 11:00:00-04:00,1144.2,2015-07-15 12:00:00-04:00,1144.1,trailing,1.0000000000013642,2.0,-0.9999999999986358,1155.6120470643577,1144.698303140831
2015-07-17,-1,1,2015-07-17 10:00:00-04:00,1132.8000000000002,2015-07-17 12:30:00-04:00,1132.0,trailing,8.000000000001819,2.0,6.000000000001819,1144.6356873167638,1135.9702898923047
2015-07-17,-1,1,2015-07-17 12:30:00-04:00,1131.8000000000002,2015-07-17 13:00:00-04:00,1132.6999999999998,trailing,-8.999999999996362,2.0,-10.999999999996362,1146.0377862399976,1134.5762828306424
2015-07-17,-1,1,2015-07-17 13:00:00-04:00,1132.5,2015-07-17 13:30:00-04:00,1132.0,trailing,5.0,2.0,3.0,1145.891661826144,1134.7215639241642
2015-07-17,-1,1,2015-07-17 13:30:00-04:00,1131.8000000000002,2015-07-17 14:30:00-04:00,1132.1,trailing,-2.9999999999972715,2.0,-4.9999999999972715,1146.7360588741153,1133.8820401015485
2015-07-17,-1,1,2015-07-17 14:30:00-04:00,1131.9,2015-07-17 15:59:00-04:00,1132.6999999999998,cierre,-7.9999999999972715,2.0,-9.999999999997272,1146.418021443074,1134.1982420594832
2015-07-20,-1,1,2015-07-20 10:00:00-04:00,1104.8000000000002,2015-07-20 10:30:00-04:00,1105.5,trailing,-6.999999999998181,2.0,-8.999999999998181,1133.8835207102152,1109.6410708485096
2015-07-20,-1,1,2015-07-20 10:30:00-04:00,1105.3000000000002,2015-07-20 11:30:00-04:00,1108.6999999999998,trailing,-33.99999999999636,2.0,-35.99999999999636,1134.6334375534575,1108.905522004118
2015-07-20,-1,1,2015-07-20 12:00:00-04:00,1108.0,2015-07-20 12:30:00-04:00,1109.0,trailing,-10.0,2.0,-12.0,1135.252550746541,1108.29827068309
2015-07-20,-1,1,2015-07-20 13:00:00-04:00,1107.0,2015-07-20 13:30:00-04:00,1106.8999999999999,trailing,1.0000000000013642,2.0,-0.9999999999986358,1135.0450916556379,1108.5017549706442
2015-07-20,-1,1,2015-07-20 13:30:00-04:00,1106.7,2015-07-20 15:59:00-04:00,1101.8999999999999,cierre,48.00000000000182,2.0,46.00000000000182,1135.859593684008,1107.7028583581455
2015-07-21,1,1,2015-07-21 10:30:00-04:00,1106.8,2015-07-21 11:30:00-04:00,1105.6000000000001,trailing,-11.999999999998181,2.0,-13.999999999998181,1105.256674334433,1099.445676143188
2015-07-21,1,1,2015-07-21 11:30:00-04:00,1105.8,2015-07-21 12:00:00-04:00,1104.9,trailing,-8.999999999998636,2.0,-10.999999999998636,1105.2900135757293,1099.4123701534695
2015-07-21,1,1,2015-07-21 13:00:00-04:00,1106.1999999999998,2015-07-21 13:30:00-04:00,1103.2,trailing,-29.999999999997726,2.0,-31.999999999997726,1105.3420401198487,1099.360395499094
2015-07-21,-1,1,2015-07-21 15:00:00-04:00,1097.8000000000002,2015-07-21 15:30:00-04:00,1099.5,trailing,-16.99999999999818,2.0,-18.99999999999818,1105.9153637979434,1098.787643637162
2015-07-23,1,1,2015-07-23 10:00:00-04:00,1096.6999999999998,2015-07-23 10:30:00-04:00,1095.3000000000002,trailing,-13.999999999996362,2.0,-15.999999999996362,1095.9823615769228,1090.7204075829025
2015-07-23,-1,1,2015-07-23 15:00:00-04:00,1088.7,2015-07-23 15:59:00-04:00,1087.3999999999999,cierre,13.000000000001819,2.0,11.000000000001819,1097.7850849004471,1088.9204850541596
2015-07-24,1,1,2015-07-24 14:00:00-04:00,1091.6999999999998,2015-07-24 15:59:00-04:00,1098.0,cierre,63.00000000000182,2.0,61.00000000000182,1090.6205052029864,1076.8014828752453
2015-07-29,-1,1,2015-07-29 10:00:00-04:00,1090.5,2015-07-29 10:30:00-04:00,1092.1,trailing,-15.99999999999909,2.0,-17.99999999999909,1096.6366284943192,1091.565909276793
2015-08-03,-1,1,2015-08-03 14:30:00-04:00,1085.9,2015-08-03 15:59:00-04:00,1085.6999999999998,cierre,2.0000000000027285,2.0,2.7284841053187847e-12,1094.8048611426452,1086.5951388573546
2015-08-05,-1,1,2015-08-05 10:30:00-04:00,1084.0,2015-08-05 12:30:00-04:00,1085.0,trailing,-10.0,2.0,-12.0,1091.405136136004,1084.8971830101673
2015-08-05,-1,1,2015-08-05 12:30:00-04:00,1084.8000000000002,2015-08-05 13:00:00-04:00,1085.1999999999998,trailing,-3.999999999996362,2.0,-5.999999999996362,1090.4838317694268,1085.817725688402
2015-08-06,1,1,2015-08-06 10:00:00-04:00,1089.1,2015-08-06 10:30:00-04:00,1088.5,trailing,-5.9999999999990905,2.0,-7.9999999999990905,1088.3468554346928,1081.8576667535087
2015-08-06,1,1,2015-08-06 12:00:00-04:00,1089.6999999999998,2015-08-06 14:00:00-04:00,1089.6000000000001,trailing,-0.9999999999968168,2.0,-2.9999999999968168,1089.3822304604555,1080.8245792174469
2015-08-06,1,1,2015-08-06 14:00:00-04:00,1089.8,2015-08-06 14:30:00-04:00,1089.1000000000001,trailing,-6.999999999998181,2.0,-8.999999999998181,1089.6219651249694,1080.585374206983
2015-08-07,1,1,2015-08-07 10:30:00-04:00,1095.8999999999999,2015-08-07 11:30:00-04:00,1095.2,trailing,-6.999999999998181,2.0,-8.999999999998181,1093.7166596496704,1085.6898145163143
2015-08-07,1,1,2015-08-07 11:30:00-04:00,1095.3999999999999,2015-08-07 12:00:00-04:00,1092.8000000000002,trailing,-25.999999999996817,2.0,-27.999999999996817,1093.9277247099171,1085.4792524525446
2015-08-07,1,1,2015-08-07 13:30:00-04:00,1094.3,2015-08-07 14:00:00-04:00,1093.7,trailing,-5.9999999999990905,2.0,-7.9999999999990905,1093.3919899716177,1086.0137104627786
2015-08-10,1,1,2015-08-10 10:30:00-04:00,1101.3999999999999,2015-08-10 14:30:00-04:00,1102.7,trailing,13.000000000001819,2.0,11.000000000001819,1098.0811619280537,1088.828383928729
2015-08-10,1,1,2015-08-10 14:30:00-04:00,1102.8999999999999,2015-08-10 15:00:00-04:00,1102.8000000000002,trailing,-0.9999999999968168,2.0,-2.9999999999968168,1099.6803010813499,1087.2349382597286
2015-08-10,1,1,2015-08-10 15:00:00-04:00,1103.0,2015-08-10 15:30:00-04:00,1102.7,trailing,-2.9999999999995453,2.0,-4.999999999999545,1099.9450141250763,1086.9711676853015
2015-08-10,1,1,2015-08-10 15:30:00-04:00,1102.8999999999999,2015-08-10 15:59:00-04:00,1102.8000000000002,cierre,-0.9999999999968168,2.0,-2.9999999999968168,1099.7703415000212,1087.1452184158545
2015-08-12,1,1,2015-08-12 10:00:00-04:00,1118.6999999999998,2015-08-12 15:59:00-04:00,1123.6000000000001,cierre,49.00000000000318,2.0,47.00000000000318,1117.533884250684,1106.4779256796844
2015-08-18,-1,1,2015-08-18 10:00:00-04:00,1110.7,2015-08-18 10:30:00-04:00,1112.1999999999998,trailing,-14.999999999997726,2.0,-16.999999999997726,1118.585247622294,1110.821391369145
2015-08-19,1,1,2015-08-19 10:00:00-04:00,1126.6999999999998,2015-08-19 10:30:00-04:00,1125.7,trailing,-9.999999999997726,2.0,-11.999999999997726,1124.1108756856981,1115.2971607542486
2015-08-19,1,1,2015-08-19 11:00:00-04:00,1127.1,2015-08-19 15:59:00-04:00,1132.1000000000001,cierre,50.000000000002274,2.0,48.000000000002274,1126.7077802296913,1112.7132118142165
2015-08-20,1,1,2015-08-20 12:30:00-04:00,1150.8,2015-08-20 15:59:00-04:00,1151.6000000000001,cierre,8.000000000001819,2.0,6.000000000001819,1149.4323935130064,1128.5115859863613
2015-08-24,-1,1,2015-08-24 13:30:00-04:00,1153.3000000000002,2015-08-24 15:59:00-04:00,1152.8,cierre,5.000000000002274,2.0,3.0000000000022737,1168.1478785591562,1155.0689100321076
2015-08-25,-1,1,2015-08-25 10:00:00-04:00,1141.7,2015-08-25 13:30:00-04:00,1139.0,trailing,27.000000000000455,2.0,25.000000000000455,1154.4652059079367,1145.9424509234502
2015-08-25,-1,1,2015-08-25 13:30:00-04:00,1138.8000000000002,2015-08-25 15:00:00-04:00,1139.0,trailing,-1.999999999998181,2.0,-3.999999999998181,1157.642235294726,1142.7792023529478
2015-08-25,-1,1,2015-08-25 15:00:00-04:00,1138.8000000000002,2015-08-25 15:30:00-04:00,1139.6999999999998,trailing,-8.999999999996362,2.0,-10.999999999996362,1157.5723110492124,1142.8488232921134
2015-08-25,-1,1,2015-08-25 15:30:00-04:00,1139.5,2015-08-25 15:59:00-04:00,1139.0,cierre,5.0,2.0,3.0,1157.394712446805,1143.0256515353535
2015-08-26,-1,1,2015-08-26 10:00:00-04:00,1121.6000000000001,2015-08-26 11:00:00-04:00,1121.8,trailing,-1.999999999998181,2.0,-3.999999999998181,1140.942319090071,1122.1840415128129
2015-08-27,-1,1,2015-08-27 10:00:00-04:00,1117.8000000000002,2015-08-27 10:30:00-04:00,1120.1,trailing,-22.99999999999727,2.0,-24.99999999999727,1125.1860331169453,1118.019625097063
2015-08-28,1,1,2015-08-28 10:00:00-04:00,1135.5,2015-08-28 11:30:00-04:00,1135.0,trailing,-5.0,2.0,-7.0,1130.0052749881738,1121.3030803242768
2015-08-28,1,1,2015-08-28 11:30:00-04:00,1135.1999999999998,2015-08-28 12:00:00-04:00,1131.3000000000002,trailing,-38.99999999999636,2.0,-40.99999999999636,1132.644239767271,1118.675111231759
2015-08-28,1,1,2015-08-28 12:30:00-04:00,1133.0,2015-08-28 13:00:00-04:00,1134.5,trailing,15.0,2.0,13.0,1132.4329569175775,1118.8855137362457
2015-08-28,1,1,2015-08-28 13:00:00-04:00,1134.6999999999998,2015-08-28 13:30:00-04:00,1133.9,trailing,-7.9999999999972715,2.0,-9.999999999997272,1132.7915317671093,1118.528432948587
2015-08-28,1,1,2015-08-28 13:30:00-04:00,1134.1,2015-08-28 14:00:00-04:00,1132.8000000000002,trailing,-12.999999999997272,2.0,-14.999999999997272,1132.922167827064,1118.398341205549
2015-08-28,1,1,2015-08-28 14:00:00-04:00,1133.0,2015-08-28 14:30:00-04:00,1133.2,trailing,2.0000000000004547,2.0,4.547473508864641e-13,1132.888036954933,1118.4323298657125
2015-08-28,1,1,2015-08-28 14:30:00-04:00,1133.3999999999999,2015-08-28 15:00:00-04:00,1134.1000000000001,trailing,7.0000000000027285,2.0,5.0000000000027285,1132.8300564247065,1118.4900688103967
2015-08-28,1,1,2015-08-28 15:00:00-04:00,1134.3,2015-08-28 15:30:00-04:00,1134.0,trailing,-2.9999999999995453,2.0,-4.999999999999545,1132.9749989735903,1118.3457301887997
2015-08-28,1,1,2015-08-28 15:30:00-04:00,1134.1999999999998,2015-08-28 15:59:00-04:00,1133.5,cierre,-6.999999999998181,2.0,-8.999999999998181,1132.7486070314726,1118.5711788311585
2015-09-02,-1,1,2015-09-02 11:00:00-04:00,1132.9,2015-09-02 12:00:00-04:00,1134.0,trailing,-10.99999999999909,2.0,-12.99999999999909,1143.5033588800868,1133.7011741524416
2015-09-02,-1,1,2015-09-02 13:30:00-04:00,1133.0,2015-09-02 14:00:00-04:00,1134.1,trailing,-10.99999999999909,2.0,-12.99999999999909,1143.65576602432,1133.5489275494415
2015-09-02,-1,1,2015-09-02 15:30:00-04:00,1132.8000000000002,2015-09-02 15:59:00-04:00,1133.1999999999998,cierre,-3.999999999996362,2.0,-5.999999999996362,1143.7583649203398,1133.4464367281016
2015-09-09,-1,1,2015-09-09 12:00:00-04:00,1106.8000000000002,2015-09-09 15:00:00-04:00,1107.5,trailing,-6.999999999998181,2.0,-8.999999999998181,1125.265819035704,1108.2660804567963
2015-09-09,-1,1,2015-09-09 15:00:00-04:00,1107.3000000000002,2015-09-09 15:59:00-04:00,1107.1,cierre,2.0000000000027285,2.0,2.7284841053187847e-12,1125.6750342200776,1107.8603316516037
2015-09-11,-1,1,2015-09-11 10:00:00-04:00,1099.3000000000002,2015-09-11 10:30:00-04:00,1099.1999999999998,trailing,1.000000000003638,2.0,-0.999999999996362,1111.8234406861247,1099.4923895062152
2015-09-16,1,1,2015-09-16 10:00:00-04:00,1117.3,2015-09-16 14:30:00-04:00,1118.9,trailing,16.000000000001364,2.0,14.000000000001364,1113.921822709966,1102.690627476704
2015-09-16,1,1,2015-09-16 14:30:00-04:00,1119.1,2015-09-16 15:00:00-04:00,1118.4,trailing,-6.999999999998181,2.0,-8.999999999998181,1115.037609380555,1101.5824660005187
2015-09-16,1,1,2015-09-16 15:00:00-04:00,1118.6,2015-09-16 15:30:00-04:00,1118.4,trailing,-1.999999999998181,2.0,-3.999999999998181,1115.2287615569824,1101.3926201423549
2015-09-16,1,1,2015-09-16 15:30:00-04:00,1118.6,2015-09-16 15:59:00-04:00,1119.2,cierre,6.000000000001364,2.0,4.000000000001364,1115.3363834965685,1101.2857336822588
2015-09-17,1,1,2015-09-17 14:30:00-04:00,1125.5,2015-09-17 15:59:00-04:00,1130.8000000000002,cierre,53.00000000000182,2.0,51.00000000000182,1122.6216541101567,1113.186655218449
2015-09-18,1,1,2015-09-18 10:00:00-04:00,1140.6,2015-09-18 10:30:00-04:00,1136.6000000000001,trailing,-39.999999999997726,2.0,-41.999999999997726,1140.0810207524885,1129.3295332727369
2015-09-24,1,1,2015-09-24 10:00:00-04:00,1152.6,2015-09-24 12:30:00-04:00,1152.0,trailing,-5.9999999999990905,2.0,-7.9999999999990905,1146.0744555690019,1127.446867332981
2015-09-24,1,1,2015-09-24 12:30:00-04:00,1152.1999999999998,2015-09-24 14:30:00-04:00,1151.7,trailing,-4.999999999997726,2.0,-6.999999999997726,1147.1979194863584,1126.3386185232864
2015-09-24,1,1,2015-09-24 14:30:00-04:00,1151.8999999999999,2015-09-24 15:00:00-04:00,1150.7,trailing,-11.999999999998181,2.0,-13.999999999998181,1147.7912106859683,1125.7533622853139
2015-09-24,1,1,2015-09-24 15:00:00-04:00,1150.8999999999999,2015-09-24 15:30:00-04:00,1151.2,trailing,3.000000000001819,2.0,1.000000000001819,1148.1730836977824,1125.3766609918773
2015-09-24,1,1,2015-09-24 15:30:00-04:00,1151.3999999999999,2015-09-24 15:59:00-04:00,1152.3000000000002,cierre,9.000000000003183,2.0,7.000000000003183,1148.3797651051807,1125.1727786773708
2015-10-02,1,1,2015-10-02 10:00:00-04:00,1138.3,2015-10-02 11:00:00-04:00,1135.6000000000001,trailing,-26.99999999999818,2.0,-28.99999999999818,1134.8346239186146,1111.5985049577391
2015-10-02,1,1,2015-10-02 11:30:00-04:00,1138.1999999999998,2015-10-02 12:30:00-04:00,1136.6000000000001,trailing,-15.999999999996817,2.0,-17.999999999996817,1135.692765034011,1110.7550588177498
2015-10-02,1,1,2015-10-02 12:30:00-04:00,1136.8,2015-10-02 13:00:00-04:00,1135.5,trailing,-12.999999999999545,2.0,-14.999999999999545,1135.5991858907953,1110.8470354935118
2015-10-02,1,1,2015-10-02 13:00:00-04:00,1135.6999999999998,2015-10-02 13:30:00-04:00,1136.6000000000001,trailing,9.000000000003183,2.0,7.000000000003183,1135.6236365020584,1110.8230035792726
2015-10-02,1,1,2015-10-02 13:30:00-04:00,1136.8,2015-10-02 14:00:00-04:00,1135.0,trailing,-17.999999999999545,2.0,-19.999999999999545,1135.5189681120603,1110.9258796073977
2015-10-02,1,1,2015-10-02 15:00:00-04:00,1137.3999999999999,2015-10-02 15:30:00-04:00,1136.4,trailing,-9.999999999997726,2.0,-11.999999999997726,1136.4315732719008,1110.028902075857
2015-10-02,1,1,2015-10-02 15:30:00-04:00,1136.6,2015-10-02 15:59:00-04:00,1136.9,cierre,3.000000000001819,2.0,1.000000000001819,1136.3890287471054,1110.0707180599331
2015-10-05,-1,1,2015-10-05 12:30:00-04:00,1133.8000000000002,2015-10-05 13:30:00-04:00,1137.8999999999999,trailing,-40.99999999999682,2.0,-42.99999999999682,1141.7283996033943,1134.2763912650928
2015-10-06,1,1,2015-10-06 11:00:00-04:00,1149.6999999999998,2015-10-06 11:30:00-04:00,1147.5,trailing,-21.99999999999818,2.0,-23.99999999999818,1149.160682968903,1132.46721388685
2015-10-07,1,1,2015-10-07 14:00:00-04:00,1149.3999999999999,2015-10-07 14:30:00-04:00,1146.7,trailing,-26.99999999999818,2.0,-28.99999999999818,1148.963825516926,1143.2382360786755
2015-10-09,1,1,2015-10-09 11:00:00-04:00,1157.8,2015-10-09 13:30:00-04:00,1156.1000000000001,trailing,-16.99999999999818,2.0,-18.99999999999818,1156.8725882175574,1136.265280789114
2015-10-09,1,1,2015-10-09 15:00:00-04:00,1156.6,2015-10-09 15:59:00-04:00,1156.9,cierre,3.000000000001819,2.0,1.000000000001819,1156.2350486805217,1136.8946984514687
2015-10-13,1,1,2015-10-13 10:00:00-04:00,1165.8,2015-10-13 10:30:00-04:00,1164.4,trailing,-13.999999999998636,2.0,-15.999999999998636,1165.0341912546935,1159.9672769308802
2015-10-13,1,1,2015-10-13 11:00:00-04:00,1166.6,2015-10-13 11:30:00-04:00,1164.8000000000002,trailing,-17.99999999999727,2.0,-19.99999999999727,1166.2898370994576,1158.71249488926
2015-10-13,1,1,2015-10-13 12:30:00-04:00,1166.6999999999998,2015-10-13 13:00:00-04:00,1164.8000000000002,trailing,-18.999999999996362,2.0,-20.999999999996362,1165.8133366657041,1159.1886675215285
2015-10-13,1,1,2015-10-13 14:00:00-04:00,1166.1999999999998,2015-10-13 14:30:00-04:00,1165.0,trailing,-11.999999999998181,2.0,-13.999999999998181,1165.7719955373911,1159.2299802098182
2015-10-13,1,1,2015-10-13 15:30:00-04:00,1165.8999999999999,2015-10-13 15:59:00-04:00,1167.4,cierre,15.000000000002274,2.0,13.000000000002274,1165.3443636253082,1159.6573179387988
2015-10-14,1,1,2015-10-14 13:30:00-04:00,1180.1,2015-10-14 15:59:00-04:00,1188.0,cierre,79.00000000000091,2.0,77.00000000000091,1178.5616711796897,1164.7578235224632
2015-10-19,-1,1,2015-10-19 10:30:00-04:00,1172.1000000000001,2015-10-19 12:30:00-04:00,1172.6,trailing,-4.999999999997726,2.0,-6.999999999997726,1178.7565907816327,1172.2470150186114
2015-10-19,-1,1,2015-10-19 13:00:00-04:00,1171.7,2015-10-19 13:30:00-04:00,1172.6,trailing,-8.999999999998636,2.0,-10.999999999998636,1178.7043351865802,1172.2991906578059
2015-10-19,-1,1,2015-10-19 15:30:00-04:00,1169.8000000000002,2015-10-19 15:59:00-04:00,1169.8999999999999,cierre,-0.9999999999968168,2.0,-2.9999999999968168,1179.4386504906925,1171.5659989235232
2015-10-20,1,1,2015-10-20 10:00:00-04:00,1177.8999999999999,2015-10-20 11:00:00-04:00,1177.7,trailing,-1.999999999998181,2.0,-3.999999999998181,1175.3076425153006,1168.1976993998478
2015-10-20,1,1,2015-10-20 11:00:00-04:00,1177.8999999999999,2015-10-20 11:30:00-04:00,1174.6000000000001,trailing,-32.99999999999727,2.0,-34.99999999999727,1176.5912952437282,1166.918312025123
2015-10-20,1,1,2015-10-20 12:30:00-04:00,1177.0,2015-10-20 13:00:00-04:00,1176.8000000000002,trailing,-1.999999999998181,2.0,-3.999999999998181,1176.8132997262087,1166.697045224743
2015-10-20,1,1,2015-10-20 13:00:00-04:00,1177.0,2015-10-20 14:00:00-04:00,1174.8000000000002,trailing,-21.99999999999818,2.0,-23.99999999999818,1176.2749071139244,1167.233648852459
2015-10-21,-1,1,2015-10-21 10:00:00-04:00,1166.9,2015-10-21 13:00:00-04:00,1166.8999999999999,trailing,2.2737367544323206e-12,2.0,-1.9999999999977263,1178.8526370478946,1171.6528720682204
2015-10-21,-1,1,2015-10-21 13:00:00-04:00,1166.7,2015-10-21 13:30:00-04:00,1167.1999999999998,trailing,-4.999999999997726,2.0,-6.999999999997726,1179.8038147331883,1170.7045228637244
2015-10-21,-1,1,2015-10-21 13:30:00-04:00,1167.0,2015-10-21 14:30:00-04:00,1167.1999999999998,trailing,-1.999999999998181,2.0,-3.999999999998181,1179.9344225081963,1170.5743034720745
2015-10-21,-1,1,2015-10-21 14:30:00-04:00,1167.0,2015-10-21 15:00:00-04:00,1167.3,trailing,-2.9999999999995453,2.0,-4.999999999999545,1180.4300356791723,1170.0801640870784
2015-10-21,-1,1,2015-10-21 15:00:00-04:00,1167.1000000000001,2015-10-21 15:30:00-04:00,1167.0,trailing,1.0000000000013642,2.0,-0.9999999999986358,1180.4870380009213,1170.023331270959
2015-10-21,-1,1,2015-10-21 15:30:00-04:00,1166.8000000000002,2015-10-21 15:59:00-04:00,1167.0,cierre,-1.999999999998181,2.0,-3.999999999998181,1180.6139473858616,1169.8967992716157
2015-10-22,1,1,2015-10-22 10:30:00-04:00,1170.8,2015-10-22 11:00:00-04:00,1167.9,trailing,-28.999999999998636,2.0,-30.999999999998636,1170.240888400718,1161.465123995924
2015-10-23,-1,1,2015-10-23 10:00:00-04:00,1160.7,2015-10-23 10:30:00-04:00,1163.3,trailing,-25.99999999999909,2.0,-27.99999999999909,1169.8446659755318,1164.058310503453
2015-10-23,-1,1,2015-10-23 11:30:00-04:00,1161.8000000000002,2015-10-23 12:30:00-04:00,1162.3999999999999,trailing,-5.999999999996817,2.0,-7.999999999996817,1170.8964344418264,1163.008073126722
2015-10-23,-1,1,2015-10-23 12:30:00-04:00,1162.2,2015-10-23 13:00:00-04:00,1163.1999999999998,trailing,-9.999999999997726,2.0,-11.999999999997726,1171.2816676591344,1162.6234007044725
2015-10-23,-1,1,2015-10-23 13:00:00-04:00,1163.0,2015-10-23 13:30:00-04:00,1163.0,trailing,-0.0,2.0,-2.0,1170.8890531273337,1163.0154436960233
2015-10-23,-1,1,2015-10-23 13:30:00-04:00,1162.8000000000002,2015-10-23 14:00:00-04:00,1162.8,trailing,2.2737367544323206e-12,2.0,-1.9999999999977263,1170.7630342788066,1163.1412790952934
2015-10-23,-1,1,2015-10-23 14:00:00-04:00,1162.6000000000001,2015-10-23 14:30:00-04:00,1164.3,trailing,-16.99999999999818,2.0,-18.99999999999818,1171.093950955528,1162.8108441434822
2015-10-28,1,1,2015-10-28 10:00:00-04:00,1181.0,2015-10-28 11:00:00-04:00,1179.8000000000002,trailing,-11.999999999998181,2.0,-13.999999999998181,1179.8996338926775,1163.5255920441384
2015-10-28,-1,1,2015-10-28 15:00:00-04:00,1155.7,2015-10-28 15:59:00-04:00,1157.1,cierre,-13.999999999998636,2.0,-15.999999999998636,1180.8010081637517,1162.6326404004697
2015-10-29,-1,1,2015-10-29 13:30:00-04:00,1147.4,2015-10-29 15:00:00-04:00,1146.6,trailing,8.000000000001819,2.0,6.000000000001819,1159.9348166818722,1148.2798954501543
2015-10-30,-1,1,2015-10-30 11:00:00-04:00,1140.0,2015-10-30 11:30:00-04:00,1142.1999999999998,trailing,-21.99999999999818,2.0,-23.99999999999818,1148.9742282560487,1140.3321434711193
2015-10-30,-1,1,2015-10-30 12:00:00-04:00,1139.4,2015-10-30 12:30:00-04:00,1141.3999999999999,trailing,-19.999999999997726,2.0,-21.999999999997726,1149.119357463806,1140.1873055857372
2015-11-03,-1,1,2015-11-03 10:00:00-05:00,1122.1000000000001,2015-11-03 10:30:00-05:00,1123.1999999999998,trailing,-10.999999999996817,2.0,-12.999999999996817,1136.479715736182,1122.9390898681665
2015-11-03,-1,1,2015-11-03 11:00:00-05:00,1122.2,2015-11-03 11:30:00-05:00,1123.5,trailing,-12.999999999999545,2.0,-14.999999999999545,1136.7912015921834,1122.6299662505792
2015-11-03,-1,1,2015-11-03 12:00:00-05:00,1120.6000000000001,2015-11-03 15:59:00-05:00,1117.1,cierre,35.000000000002274,2.0,33.000000000002274,1137.1590419399806,1122.2649155209401
2015-11-04,-1,1,2015-11-04 11:00:00-05:00,1111.8000000000002,2015-11-04 15:59:00-05:00,1106.6999999999998,cierre,51.00000000000364,2.0,49.00000000000364,1120.342740928786,1114.0583124955667
2015-11-12,1,1,2015-11-12 10:00:00-05:00,1086.5,2015-11-12 10:30:00-05:00,1081.2,trailing,-52.999999999999545,2.0,-54.999999999999545,1085.6583580118763,1074.0555566847108
2015-11-17,-1,1,2015-11-17 10:30:00-05:00,1074.9,2015-11-17 14:30:00-05:00,1072.0,trailing,29.00000000000091,2.0,27.00000000000091,1083.9402309767663,1077.2648917426686
2015-11-17,-1,1,2015-11-17 14:30:00-05:00,1071.8000000000002,2015-11-17 15:59:00-05:00,1068.5,cierre,33.00000000000182,2.0,31.00000000000182,1086.6045449830021,1074.6094390912208
2015-11-19,1,1,2015-11-19 10:00:00-05:00,1079.8,2015-11-19 12:30:00-05:00,1081.4,trailing,16.000000000001364,2.0,14.000000000001364,1077.7014424828033,1067.1102780278202
2015-11-19,1,1,2015-11-19 12:30:00-05:00,1081.6,2015-11-19 13:00:00-05:00,1079.4,trailing,-21.99999999999818,2.0,-23.99999999999818,1078.70903138664,1066.1092446796365
2015-11-19,1,1,2015-11-19 13:00:00-05:00,1079.6,2015-11-19 13:30:00-05:00,1078.1000000000001,trailing,-14.999999999997726,2.0,-16.999999999997726,1078.832155208907,1065.9869219232266
2015-11-19,1,1,2015-11-19 14:30:00-05:00,1080.8999999999999,2015-11-19 15:00:00-05:00,1080.9,trailing,2.2737367544323206e-12,2.0,-1.9999999999977263,1079.3716643808377,1065.4509228955505
2015-11-19,1,1,2015-11-19 15:00:00-05:00,1081.1,2015-11-19 15:59:00-05:00,1081.2,cierre,1.0000000000013642,2.0,-0.9999999999986358,1079.3857623076474,1065.4369166924025
2015-11-20,-1,1,2015-11-20 10:30:00-05:00,1078.3000000000002,2015-11-20 15:59:00-05:00,1076.3,cierre,20.000000000002274,2.0,18.000000000002274,1083.1618211287532,1079.438178871247
2015-11-30,1,1,2015-11-30 10:30:00-05:00,1062.6,2015-11-30 11:00:00-05:00,1061.8000000000002,trailing,-7.9999999999972715,2.0,-9.999999999997272,1062.09763790151,1058.1023620984895
2015-11-30,1,1,2015-11-30 11:30:00-05:00,1062.6,2015-11-30 12:00:00-05:00,1062.4,trailing,-1.999999999998181,2.0,-3.999999999998181,1062.4079402347622,1057.7920597652376
2015-11-30,1,1,2015-11-30 12:30:00-05:00,1063.1999999999998,2015-11-30 15:59:00-05:00,1064.3000000000002,cierre,11.000000000003638,2.0,9.000000000003638,1062.8708250484774,1057.3291749515224
2015-12-02,-1,1,2015-12-02 10:00:00-05:00,1054.9,2015-12-02 13:30:00-05:00,1053.8,trailing,11.000000000001364,2.0,9.000000000001364,1070.4702074314703,1055.7509197400052
2015-12-02,-1,1,2015-12-02 13:30:00-05:00,1053.6000000000001,2015-12-02 14:00:00-05:00,1054.6,trailing,-9.999999999997726,2.0,-11.999999999997726,1071.765288744888,1054.4684461637958
2015-12-02,-1,1,2015-12-02 14:00:00-05:00,1054.4,2015-12-02 14:30:00-05:00,1054.6999999999998,trailing,-2.9999999999972715,2.0,-4.9999999999972715,1071.3645898668321,1054.8652442009532
2015-12-02,-1,1,2015-12-02 15:00:00-05:00,1053.1000000000001,2015-12-02 15:59:00-05:00,1051.8,cierre,13.000000000001819,2.0,11.000000000001819,1071.6760820349814,1054.556784438073
2015-12-03,1,1,2015-12-03 13:00:00-05:00,1060.3999999999999,2015-12-03 15:59:00-05:00,1062.3000000000002,cierre,19.000000000003183,2.0,17.000000000003183,1059.3768199027454,1048.9360576455447
2015-12-04,1,1,2015-12-04 10:00:00-05:00,1078.6999999999998,2015-12-04 14:00:00-05:00,1082.1000000000001,trailing,34.00000000000318,2.0,32.00000000000318,1074.544821338709,1060.672093409541
2015-12-04,1,1,2015-12-04 14:00:00-05:00,1082.3,2015-12-04 15:59:00-05:00,1086.3000000000002,cierre,40.000000000002274,2.0,38.000000000002274,1076.022511065768,1059.2087287879642
2015-12-07,-1,1,2015-12-07 10:00:00-05:00,1076.2,2015-12-07 12:00:00-05:00,1076.1999999999998,trailing,2.2737367544323206e-12,2.0,-1.9999999999977263,1088.493443714472,1076.621393837628
2015-12-07,-1,1,2015-12-07 14:00:00-05:00,1074.0,2015-12-07 15:59:00-05:00,1072.5,cierre,15.0,2.0,13.0,1090.256327010441,1074.871005204195
2015-12-09,-1,1,2015-12-09 11:00:00-05:00,1070.5,2015-12-09 11:30:00-05:00,1073.0,trailing,-25.0,2.0,-27.0,1085.6267678274603,1070.798073007012
2015-12-11,1,1,2015-12-11 10:00:00-05:00,1074.1999999999998,2015-12-11 11:00:00-05:00,1074.2,trailing,2.2737367544323206e-12,2.0,-1.9999999999977263,1073.3696123435986,1062.1445846526688
2015-12-11,1,1,2015-12-11 12:00:00-05:00,1075.3,2015-12-11 15:59:00-05:00,1076.6000000000001,cierre,13.000000000001819,2.0,11.000000000001819,1074.8118750502706,1060.7113436621155
2015-12-14,-1,1,2015-12-14 12:00:00-05:00,1067.0,2015-12-14 15:59:00-05:00,1063.3,cierre,37.000000000000455,2.0,35.000000000000455,1081.1109609861098,1067.7078840222828
2015-12-16,1,1,2015-12-16 10:00:00-05:00,1075.5,2015-12-16 10:30:00-05:00,1073.7,trailing,-17.999999999999545,2.0,-19.999999999999545,1074.382552838525,1057.3478464587922
2015-12-17,-1,1,2015-12-17 10:00:00-05:00,1049.8000000000002,2015-12-17 10:30:00-05:00,1054.1999999999998,trailing,-43.99999999999636,2.0,-45.99999999999636,1076.0151471110528,1050.740309417814
2015-12-18,1,1,2015-12-18 10:00:00-05:00,1062.5,2015-12-18 11:00:00-05:00,1063.9,trailing,14.00000000000091,2.0,12.00000000000091,1061.573464737567,1046.5526209986547
2015-12-18,1,1,2015-12-18 11:00:00-05:00,1064.1,2015-12-18 11:30:00-05:00,1065.0,trailing,9.00000000000091,2.0,7.0000000000009095,1062.642763544179,1045.492111779739
2015-12-18,1,1,2015-12-18 11:30:00-05:00,1065.1999999999998,2015-12-18 13:00:00-05:00,1064.9,trailing,-2.9999999999972715,2.0,-4.9999999999972715,1062.8765077167195,1045.2602889736957
2015-12-18,1,1,2015-12-18 13:00:00-05:00,1065.1,2015-12-18 13:30:00-05:00,1064.9,trailing,-1.999999999998181,2.0,-3.999999999998181,1063.024748003655,1045.113267215196
2015-12-18,1,1,2015-12-18 13:30:00-05:00,1065.1,2015-12-18 14:00:00-05:00,1064.7,trailing,-3.9999999999986358,2.0,-5.999999999998636,1063.673415896082,1044.469931343427
2015-12-18,1,1,2015-12-18 14:00:00-05:00,1064.8999999999999,2015-12-18 14:30:00-05:00,1064.2,trailing,-6.999999999998181,2.0,-8.999999999998181,1063.2722441070164,1044.8678055185799
2015-12-18,1,1,2015-12-18 14:30:00-05:00,1064.3999999999999,2015-12-18 15:59:00-05:00,1065.4,cierre,10.000000000002274,2.0,8.000000000002274,1063.4643672511745,1044.677261617954
2015-12-21,1,1,2015-12-21 10:00:00-05:00,1079.1,2015-12-21 10:30:00-05:00,1077.6000000000001,trailing,-14.999999999997726,2.0,-16.999999999997726,1078.763708181644,1062.0678591392714
2016-01-06,1,1,2016-01-06 14:00:00-05:00,1093.6999999999998,2016-01-06 14:30:00-05:00,1092.3000000000002,trailing,-13.999999999996362,2.0,-15.999999999996362,1092.947947008869,1075.778964175443
2016-01-06,1,1,2016-01-06 15:00:00-05:00,1093.6999999999998,2016-01-06 15:30:00-05:00,1092.9,trailing,-7.9999999999972715,2.0,-9.999999999997272,1093.4291036484597,1075.3033223515451
2016-01-07,1,1,2016-01-07 13:00:00-05:00,1108.6999999999998,2016-01-07 13:30:00-05:00,1107.8000000000002,trailing,-8.999999999996362,2.0,-10.999999999996362,1108.5310838983455,1090.9968292790425
2016-01-07,1,1,2016-01-07 14:30:00-05:00,1109.3999999999999,2016-01-07 15:59:00-05:00,1108.9,cierre,-4.999999999997726,2.0,-6.999999999997726,1108.5416505469966,1090.9863839543568
2016-01-08,-1,1,2016-01-08 13:30:00-05:00,1097.4,2016-01-08 14:30:00-05:00,1101.3999999999999,trailing,-39.999999999997726,2.0,-41.999999999997726,1111.53097897854,1099.5847683207855
2016-01-11,-1,1,2016-01-11 10:30:00-05:00,1097.1000000000001,2016-01-11 11:30:00-05:00,1099.8,trailing,-26.99999999999818,2.0,-28.99999999999818,1105.625373031991,1100.0777690306659
2016-01-11,-1,1,2016-01-11 11:30:00-05:00,1099.6000000000001,2016-01-11 15:59:00-05:00,1094.6999999999998,cierre,49.00000000000318,2.0,47.00000000000318,1105.6607494972682,1100.0424534598299
2016-01-12,-1,1,2016-01-12 10:00:00-05:00,1085.0,2016-01-12 10:30:00-05:00,1087.0,trailing,-20.0,2.0,-22.0,1095.694662624364,1086.6122377703996
2016-01-13,1,1,2016-01-13 12:00:00-05:00,1091.6999999999998,2016-01-13 12:30:00-05:00,1090.4,trailing,-12.999999999997272,2.0,-14.999999999997272,1090.7744416900355,1084.0307621201775
2016-01-13,1,1,2016-01-13 14:00:00-05:00,1092.3,2016-01-13 15:59:00-05:00,1094.3000000000002,cierre,20.000000000002274,2.0,18.000000000002274,1091.591803835414,1083.2161015022718
2016-01-14,-1,1,2016-01-14 11:00:00-05:00,1082.0,2016-01-14 15:59:00-05:00,1076.8999999999999,cierre,51.000000000001364,2.0,49.000000000001364,1095.9688953678908,1082.7455836555155
2016-01-19,-1,1,2016-01-19 10:00:00-05:00,1086.0,2016-01-19 10:30:00-05:00,1086.5,trailing,-5.0,2.0,-7.0,1090.4837209501277,1086.3177334726386
2016-01-19,-1,1,2016-01-19 11:30:00-05:00,1085.7,2016-01-19 12:00:00-05:00,1087.0,trailing,-12.999999999999545,2.0,-14.999999999999545,1090.715311717002,1086.0863553889924
2016-01-20,1,1,2016-01-20 10:30:00-05:00,1101.8999999999999,2016-01-20 15:30:00-05:00,1100.3000000000002,trailing,-15.999999999996817,2.0,-17.999999999996817,1101.7349305703397,1085.2864232902841
2016-01-21,-1,1,2016-01-21 10:30:00-05:00,1094.5,2016-01-21 12:30:00-05:00,1095.3999999999999,trailing,-8.999999999998636,2.0,-10.999999999998636,1103.7999761508943,1095.7074382219607
2016-01-26,1,1,2016-01-26 10:00:00-05:00,1114.1999999999998,2016-01-26 15:59:00-05:00,1121.7,cierre,75.00000000000227,2.0,73.00000000000227,1113.0774394663363,1107.226392370424
2016-01-27,1,1,2016-01-27 15:00:00-05:00,1127.6999999999998,2016-01-27 15:59:00-05:00,1125.5,cierre,-21.99999999999818,2.0,-23.99999999999818,1126.1020654927952,1112.9155753534044
2016-01-29,-1,1,2016-01-29 10:00:00-05:00,1112.1000000000001,2016-01-29 10:30:00-05:00,1114.8999999999999,trailing,-27.99999999999727,2.0,-29.99999999999727,1116.322793895221,1112.777642848449
2016-01-29,1,1,2016-01-29 11:00:00-05:00,1118.5,2016-01-29 11:30:00-05:00,1116.8000000000002,trailing,-16.99999999999818,2.0,-18.99999999999818,1117.2997903085864,1111.8009093748199
2016-02-01,1,1,2016-02-01 10:00:00-05:00,1126.6,2016-02-01 10:30:00-05:00,1126.9,trailing,3.000000000001819,2.0,1.000000000001819,1126.1660196480987,1122.6339803519015
2016-02-01,1,1,2016-02-01 10:30:00-05:00,1127.1,2016-02-01 11:00:00-05:00,1126.2,trailing,-8.999999999998636,2.0,-10.999999999998636,1126.5096535367036,1122.2903464632968
2016-02-01,1,1,2016-02-01 13:30:00-05:00,1128.6,2016-02-01 14:00:00-05:00,1127.4,trailing,-11.999999999998181,2.0,-13.999999999998181,1128.0376383194266,1120.7623616805733
2016-02-02,-1,1,2016-02-02 12:00:00-05:00,1124.9,2016-02-02 13:00:00-05:00,1126.5,trailing,-15.99999999999909,2.0,-17.99999999999909,1132.8090208778735,1125.5937311986759
2016-02-03,1,1,2016-02-03 10:00:00-05:00,1132.6,2016-02-03 15:59:00-05:00,1142.7,cierre,101.00000000000136,2.0,99.00000000000136,1131.6614620802336,1126.9407486438868
2016-02-05,1,1,2016-02-05 15:00:00-05:00,1162.8999999999999,2016-02-05 15:59:00-05:00,1174.4,cierre,115.00000000000227,2.0,113.00000000000227,1160.5167358920905,1144.1124557667779
2016-02-08,1,1,2016-02-08 10:00:00-05:00,1192.1,2016-02-08 12:30:00-05:00,1192.9,trailing,8.000000000001819,2.0,6.000000000001819,1190.4770787416223,1173.0409344137631
2016-02-08,1,1,2016-02-08 12:30:00-05:00,1193.1,2016-02-08 15:30:00-05:00,1193.1000000000001,trailing,2.2737367544323206e-12,2.0,-1.9999999999977263,1192.8016841006452,1170.744677900582
2016-02-11,1,1,2016-02-11 11:00:00-05:00,1247.3,2016-02-11 15:00:00-05:00,1245.0,trailing,-22.999999999999545,2.0,-24.999999999999545,1244.114340959827,1193.5094513180584
2016-02-11,1,1,2016-02-11 15:30:00-05:00,1248.1999999999998,2016-02-11 15:59:00-05:00,1245.0,cierre,-31.99999999999818,2.0,-33.99999999999818,1246.9977398764931,1190.7276198144652
2016-02-15,-1,1,2016-02-15 10:30:00-05:00,1203.2,2016-02-15 12:00:00-05:00,1207.3999999999999,trailing,-41.99999999999818,2.0,-43.99999999999818,1242.2431796919836,1206.442655030061
2016-02-16,-1,1,2016-02-16 14:00:00-05:00,1204.1000000000001,2016-02-16 14:30:00-05:00,1204.6,trailing,-4.999999999997726,2.0,-6.999999999997726,1218.8609558785733,1204.2573287966165
2016-02-17,1,1,2016-02-17 10:00:00-05:00,1211.1,2016-02-17 10:30:00-05:00,1209.0,trailing,-20.99999999999909,2.0,-22.99999999999909,1210.597801614883,1197.8185421701114
2016-02-17,1,1,2016-02-17 11:30:00-05:00,1212.6,2016-02-17 12:30:00-05:00,1208.5,trailing,-40.99999999999909,2.0,-42.99999999999909,1212.1945198625547,1196.2318695008191
2016-02-18,1,1,2016-02-18 10:30:00-05:00,1212.5,2016-02-18 15:59:00-05:00,1237.4,cierre,249.0000000000009,2.0,247.0000000000009,1211.9312027610824,1202.6748076713614
2016-02-23,1,1,2016-02-23 11:00:00-05:00,1225.6999999999998,2016-02-23 11:30:00-05:00,1225.5,trailing,-1.999999999998181,2.0,-3.999999999998181,1224.9691584015939,1203.2782869513355
2016-02-24,1,1,2016-02-24 10:00:00-05:00,1250.0,2016-02-24 11:00:00-05:00,1248.4,trailing,-15.99999999999909,2.0,-17.99999999999909,1248.2856868682936,1222.9629261350776
2016-02-25,1,1,2016-02-25 10:00:00-05:00,1236.6,2016-02-25 14:00:00-05:00,1235.0,trailing,-15.99999999999909,2.0,-17.99999999999909,1234.187185770911,1226.8139476282183
2016-02-25,1,1,2016-02-25 15:00:00-05:00,1239.1999999999998,2016-02-25 15:30:00-05:00,1237.0,trailing,-21.99999999999818,2.0,-23.99999999999818,1238.607490394546,1222.3950796843994
2016-02-26,-1,1,2016-02-26 11:00:00-05:00,1217.5,2016-02-26 14:00:00-05:00,1222.3999999999999,trailing,-48.999999999998636,2.0,-50.999999999998636,1238.1200692202171,1223.8989842492585
2016-02-29,1,1,2016-02-29 10:00:00-05:00,1234.8,2016-02-29 10:30:00-05:00,1233.6000000000001,trailing,-11.999999999998181,2.0,-13.999999999998181,1233.590187471872,1221.324698671304
2016-02-29,1,1,2016-02-29 14:30:00-05:00,1237.1999999999998,2016-02-29 15:59:00-05:00,1240.8000000000002,cierre,36.00000000000364,2.0,34.00000000000364,1236.7830671521249,1218.1450577604571
2016-03-01,-1,1,2016-03-01 10:30:00-05:00,1229.5,2016-03-01 11:00:00-05:00,1235.1,trailing,-55.99999999999909,2.0,-57.99999999999909,1246.4798874819999,1236.9252375240133
2016-03-01,-1,1,2016-03-01 11:00:00-05:00,1234.9,2016-03-01 15:00:00-05:00,1235.1999999999998,trailing,-2.9999999999972715,2.0,-4.9999999999972715,1247.5587875384379,1235.847726795616
2016-03-03,1,1,2016-03-03 10:00:00-05:00,1247.1,2016-03-03 15:59:00-05:00,1263.1000000000001,cierre,160.00000000000227,2.0,158.00000000000227,1246.8252497892295,1238.3799371676525
2016-03-04,1,1,2016-03-04 10:00:00-05:00,1277.3999999999999,2016-03-04 11:00:00-05:00,1269.7,trailing,-76.99999999999818,2.0,-78.99999999999818,1270.7415719308597,1259.9694251179
2016-03-10,1,1,2016-03-10 11:00:00-05:00,1268.1999999999998,2016-03-10 11:30:00-05:00,1265.5,trailing,-26.99999999999818,2.0,-28.99999999999818,1266.4296112732975,1246.4101146373907
2016-03-10,1,1,2016-03-10 12:00:00-05:00,1270.8999999999999,2016-03-10 15:59:00-05:00,1271.6000000000001,cierre,7.0000000000027285,2.0,5.0000000000027285,1266.8433166489506,1245.9994929430725
2016-03-11,-1,1,2016-03-11 10:30:00-05:00,1257.3000000000002,2016-03-11 15:59:00-05:00,1250.1999999999998,cierre,71.00000000000364,2.0,69.00000000000364,1277.275514354145,1262.6398306959768
2016-03-14,-1,1,2016-03-14 11:00:00-04:00,1243.8000000000002,2016-03-14 11:30:00-04:00,1244.8,trailing,-9.999999999997726,2.0,-11.999999999997726,1264.5991438679027,1244.4406944560608
2016-03-14,-1,1,2016-03-14 14:00:00-04:00,1239.1000000000001,2016-03-14 15:59:00-04:00,1233.8999999999999,cierre,52.00000000000273,2.0,50.00000000000273,1265.8604912004016,1243.188164230978
2016-03-16,1,1,2016-03-16 14:30:00-04:00,1254.1,2016-03-16 15:59:00-04:00,1261.3000000000002,cierre,72.00000000000273,2.0,70.00000000000273,1242.020227996282,1220.4161685002975
2016-03-23,-1,1,2016-03-23 10:00:00-04:00,1216.9,2016-03-23 10:30:00-04:00,1218.1,trailing,-11.999999999998181,2.0,-13.999999999998181,1252.2455454996484,1217.4366554989022
2016-03-30,-1,1,2016-03-30 11:30:00-04:00,1227.0,2016-03-30 15:00:00-04:00,1228.6999999999998,trailing,-16.99999999999818,2.0,-18.99999999999818,1246.2455356287287,1229.5823215997475
2016-04-04,-1,1,2016-04-04 11:00:00-04:00,1219.7,2016-04-04 11:30:00-04:00,1219.3999999999999,trailing,3.000000000001819,2.0,1.000000000001819,1227.2467215154843,1219.7587806596557
2016-04-04,-1,1,2016-04-04 12:30:00-04:00,1217.7,2016-04-04 13:30:00-04:00,1219.3999999999999,trailing,-16.99999999999818,2.0,-18.99999999999818,1228.4501890605527,1218.5582603820444
2016-04-11,1,1,2016-04-11 10:00:00-04:00,1257.3,2016-04-11 14:00:00-04:00,1257.5,trailing,2.0000000000004547,2.0,4.547473508864641e-13,1253.5436174897827,1239.6702992331118
2016-04-11,1,1,2016-04-11 14:00:00-04:00,1257.6999999999998,2016-04-11 15:59:00-04:00,1257.8000000000002,cierre,1.000000000003638,2.0,-0.999999999996362,1255.8626312384079,1237.370920875281
2016-04-12,-1,1,2016-04-12 10:00:00-04:00,1255.6000000000001,2016-04-12 10:30:00-04:00,1256.6,trailing,-9.999999999997726,2.0,-11.999999999997726,1262.0063289183045,1255.897014963226
2016-04-13,-1,1,2016-04-13 10:00:00-04:00,1247.0,2016-04-13 10:30:00-04:00,1249.8,trailing,-27.999999999999545,2.0,-29.999999999999545,1260.3236818083576,1248.588977239141
2016-04-13,-1,1,2016-04-13 11:30:00-04:00,1246.9,2016-04-13 12:30:00-04:00,1247.1999999999998,trailing,-2.9999999999972715,2.0,-4.9999999999972715,1261.0881985362278,1247.8290177163726
2016-04-13,-1,1,2016-04-13 15:00:00-04:00,1245.7,2016-04-13 15:59:00-04:00,1245.1,cierre,6.000000000001364,2.0,4.000000000001364,1262.403653699604,1246.5214038451004
2016-04-14,-1,1,2016-04-14 10:30:00-04:00,1234.7,2016-04-14 15:59:00-04:00,1226.8999999999999,cierre,78.00000000000182,2.0,76.00000000000182,1246.7653376846524,1235.4457222622875
2016-04-15,1,1,2016-04-15 10:30:00-04:00,1231.6,2016-04-15 11:00:00-04:00,1231.0,trailing,-5.9999999999990905,2.0,-7.9999999999990905,1231.263160394267,1224.9407799156606
2016-04-15,1,1,2016-04-15 12:00:00-04:00,1234.8,2016-04-15 15:00:00-04:00,1233.8000000000002,trailing,-9.999999999997726,2.0,-11.999999999997726,1233.0482636947422,1223.159451845852
2016-04-15,1,1,2016-04-15 15:30:00-04:00,1235.3999999999999,2016-04-15 15:59:00-04:00,1235.4,cierre,2.2737367544323206e-12,2.0,-1.9999999999977263,1234.322020202441,1221.8883891456364
2016-04-20,-1,1,2016-04-20 15:30:00-04:00,1244.4,2016-04-20 15:59:00-04:00,1246.6999999999998,cierre,-22.99999999999727,2.0,-24.99999999999727,1258.5764624100532,1248.1269662198472
2016-04-22,-1,1,2016-04-22 12:00:00-04:00,1239.2,2016-04-22 15:59:00-04:00,1234.8999999999999,cierre,43.00000000000182,2.0,41.00000000000182,1255.8256385581624,1239.3015928761497
2016-04-25,1,1,2016-04-25 10:30:00-04:00,1242.8999999999999,2016-04-25 12:00:00-04:00,1241.5,trailing,-13.999999999998636,2.0,-15.999999999998636,1240.5127145512333,1231.8938753006923
2016-04-27,1,1,2016-04-27 10:30:00-04:00,1251.3,2016-04-27 11:00:00-04:00,1246.3000000000002,trailing,-49.999999999997726,2.0,-51.999999999997726,1250.033392127976,1240.8738954148673
2016-04-28,1,1,2016-04-28 11:30:00-04:00,1266.0,2016-04-28 15:59:00-04:00,1270.4,cierre,44.00000000000091,2.0,42.00000000000091,1260.3129390312206,1243.4149479017015
2016-04-29,1,1,2016-04-29 10:30:00-04:00,1287.6999999999998,2016-04-29 13:30:00-04:00,1290.6000000000001,trailing,29.000000000003183,2.0,27.000000000003183,1286.7501797653024,1267.0842333111377
2016-04-29,1,1,2016-04-29 13:30:00-04:00,1290.8,2016-04-29 15:59:00-04:00,1295.0,cierre,42.000000000000455,2.0,40.000000000000455,1289.0318333698,1264.8253375700685
2016-05-03,-1,1,2016-05-03 11:00:00-04:00,1286.1000000000001,2016-05-03 11:30:00-04:00,1288.5,trailing,-23.999999999998636,2.0,-25.999999999998636,1300.0455010066999,1288.4673536122652
2016-05-04,-1,1,2016-05-04 11:30:00-04:00,1282.9,2016-05-04 15:30:00-04:00,1282.0,trailing,9.00000000000091,2.0,7.0000000000009095,1293.4074090756346,1283.2964377317078
2016-05-05,-1,1,2016-05-05 13:30:00-04:00,1271.6000000000001,2016-05-05 14:30:00-04:00,1277.6,trailing,-59.999999999997726,2.0,-61.999999999997726,1291.4080050758728,1274.6132485985233
2016-05-06,1,1,2016-05-06 10:00:00-04:00,1291.5,2016-05-06 10:30:00-04:00,1290.8000000000002,trailing,-6.999999999998181,2.0,-8.999999999998181,1290.2813524168748,1276.5361400965623
2016-05-06,1,1,2016-05-06 11:00:00-04:00,1293.5,2016-05-06 11:30:00-04:00,1291.8000000000002,trailing,-16.99999999999818,2.0,-18.99999999999818,1291.5989142857882,1275.2271736918453
2016-05-06,1,1,2016-05-06 12:00:00-04:00,1293.6,2016-05-06 13:30:00-04:00,1293.5,trailing,-0.9999999999990905,2.0,-2.9999999999990905,1293.0973977040062,1273.7384660275202
2016-05-09,-1,1,2016-05-09 10:00:00-04:00,1266.1000000000001,2016-05-09 10:30:00-04:00,1267.3999999999999,trailing,-12.999999999997272,2.0,-14.999999999997272,1293.5929421466576,1267.5477991431685
2016-05-10,-1,1,2016-05-10 10:30:00-04:00,1259.8000000000002,2016-05-10 11:00:00-04:00,1262.3999999999999,trailing,-25.999999999996817,2.0,-27.999999999996817,1268.923980343603,1260.4789630490177
2016-05-12,-1,1,2016-05-12 11:00:00-04:00,1274.3000000000002,2016-05-12 13:00:00-04:00,1272.6,trailing,17.00000000000273,2.0,15.000000000002728,1282.5709016893954,1274.731540505523
2016-05-12,-1,1,2016-05-12 13:30:00-04:00,1271.0,2016-05-12 14:30:00-04:00,1272.8999999999999,trailing,-18.999999999998636,2.0,-20.999999999998636,1285.1078967975602,1272.1963304771782
2016-05-12,-1,1,2016-05-12 15:00:00-04:00,1271.6000000000001,2016-05-12 15:59:00-04:00,1269.8999999999999,cierre,17.00000000000273,2.0,15.000000000002728,1284.5384781379446,1272.7653484825887
2016-05-13,1,1,2016-05-13 14:30:00-04:00,1275.6999999999998,2016-05-13 15:00:00-04:00,1274.5,trailing,-11.999999999998181,2.0,-13.999999999998181,1274.977710815402,1263.4271822803441
2016-05-17,1,1,2016-05-17 10:00:00-04:00,1278.3999999999999,2016-05-17 12:00:00-04:00,1280.9,trailing,25.000000000002274,2.0,23.000000000002274,1277.690639261609,1272.2121431384298
2016-05-18,-1,1,2016-05-18 15:30:00-04:00,1259.4,2016-05-18 15:59:00-04:00,1258.1999999999998,cierre,12.000000000002728,2.0,10.000000000002728,1287.411265666869,1263.1458537176622
2016-05-24,-1,1,2016-05-24 12:00:00-04:00,1230.8000000000002,2016-05-24 15:59:00-04:00,1228.1,cierre,27.00000000000273,2.0,25.00000000000273,1255.5693689660307,1231.2897188262282
2016-05-27,-1,1,2016-05-27 11:00:00-04:00,1212.6000000000001,2016-05-27 11:30:00-04:00,1212.6,trailing,2.2737367544323206e-12,2.0,-1.9999999999977263,1224.296389003381,1212.6149609545823
2016-05-27,-1,1,2016-05-27 14:30:00-04:00,1208.7,2016-05-27 15:59:00-04:00,1210.0,cierre,-12.999999999999545,2.0,-14.999999999999545,1225.9611231963324,1210.9547293621035
2016-05-31,1,1,2016-05-31 10:30:00-04:00,1217.8,2016-05-31 11:00:00-04:00,1214.9,trailing,-28.999999999998636,2.0,-30.999999999998636,1216.931928071046,1204.3843068185347
2016-06-01,-1,1,2016-06-01 12:00:00-04:00,1210.1000000000001,2016-06-01 13:30:00-04:00,1214.6999999999998,trailing,-45.99999999999682,2.0,-47.99999999999682,1222.557875972602,1211.1460113915446
2016-06-03,1,1,2016-06-03 10:00:00-04:00,1242.6,2016-06-03 10:30:00-04:00,1243.7,trailing,11.000000000001364,2.0,9.000000000001364,1242.3944716756369,1210.949746295244
2016-06-08,1,1,2016-06-08 10:00:00-04:00,1265.8,2016-06-08 10:30:00-04:00,1263.0,trailing,-27.999999999999545,2.0,-29.999999999999545,1263.7539429440967,1244.8655090433194
2016-06-09,1,1,2016-06-09 10:30:00-04:00,1270.1999999999998,2016-06-09 15:59:00-04:00,1271.9,cierre,17.00000000000273,2.0,15.000000000002728,1267.5894821965362,1262.4112732515187
2016-06-10,1,1,2016-06-10 10:00:00-04:00,1278.3,2016-06-10 10:30:00-04:00,1277.8000000000002,trailing,-4.999999999997726,2.0,-6.999999999997726,1276.653137384603,1270.4506385748448
2016-06-10,1,1,2016-06-10 10:30:00-04:00,1278.0,2016-06-10 11:30:00-04:00,1272.4,trailing,-55.99999999999909,2.0,-57.99999999999909,1277.3834231412377,1269.7221282757002
2016-06-15,1,1,2016-06-15 14:30:00-04:00,1298.8,2016-06-15 15:59:00-04:00,1297.4,cierre,-13.999999999998636,2.0,-15.999999999998636,1292.7892763058555,1281.3203774786123
2016-06-16,1,1,2016-06-16 10:30:00-04:00,1316.1,2016-06-16 11:30:00-04:00,1312.5,trailing,-35.99999999999909,2.0,-37.99999999999909,1315.7424427883307,1295.4827437635238
2016-06-16,-1,1,2016-06-16 14:00:00-04:00,1288.4,2016-06-16 15:59:00-04:00,1284.8,cierre,36.000000000001364,2.0,34.000000000001364,1317.0144402606888,1294.226432033003
2016-06-17,1,1,2016-06-17 10:30:00-04:00,1297.8999999999999,2016-06-17 11:00:00-04:00,1291.8000000000002,trailing,-60.99999999999682,2.0,-62.99999999999682,1295.6286848225159,1282.6852725792467
2016-06-21,-1,1,2016-06-21 10:30:00-04:00,1269.9,2016-06-21 11:30:00-04:00,1273.1999999999998,trailing,-32.99999999999727,2.0,-34.99999999999727,1295.0513774798283,1274.4738239770686
2016-06-21,-1,1,2016-06-21 11:30:00-04:00,1273.0,2016-06-21 14:00:00-04:00,1272.1,trailing,9.00000000000091,2.0,7.0000000000009095,1296.2755688541563,1273.2654426684362
2016-06-21,-1,1,2016-06-21 15:30:00-04:00,1268.2,2016-06-21 15:59:00-04:00,1268.3,cierre,-0.9999999999990905,2.0,-2.9999999999990905,1299.0263791029079,1270.5501583118462
2016-06-28,-1,1,2016-06-28 10:00:00-04:00,1314.1000000000001,2016-06-28 10:30:00-04:00,1315.8999999999999,trailing,-17.99999999999727,2.0,-19.99999999999727,1332.0483023052693,1315.6723603532039
2016-06-29,1,1,2016-06-29 10:00:00-04:00,1324.3,2016-06-29 10:30:00-04:00,1323.0,trailing,-12.999999999999545,2.0,-14.999999999999545,1323.643869996803,1312.9667734755203
2016-06-29,1,1,2016-06-29 11:00:00-04:00,1327.6,2016-06-29 15:00:00-04:00,1325.8000000000002,trailing,-17.99999999999727,2.0,-19.99999999999727,1324.5398900845935,1312.0748221991478
2016-07-01,1,1,2016-07-01 10:00:00-04:00,1342.6,2016-07-01 10:30:00-04:00,1339.4,trailing,-31.99999999999818,2.0,-33.99999999999818,1341.8552826879495,1324.1675755986823
2016-07-05,-1,1,2016-07-05 11:00:00-04:00,1346.7,2016-07-05 11:30:00-04:00,1351.5,trailing,-47.999999999999545,2.0,-49.999999999999545,1356.4417808938585,1348.1634354150776
2016-07-05,1,1,2016-07-05 12:30:00-04:00,1357.1,2016-07-05 13:00:00-04:00,1357.1000000000001,trailing,2.2737367544323206e-12,2.0,-1.9999999999977263,1356.8756886878616,1347.7302970179758
2016-07-05,1,1,2016-07-05 13:30:00-04:00,1358.5,2016-07-05 14:00:00-04:00,1357.7,trailing,-7.999999999999545,2.0,-9.999999999999545,1357.6968843606899,1346.9105574734183
2016-07-06,1,1,2016-07-06 11:00:00-04:00,1374.5,2016-07-06 11:30:00-04:00,1369.7,trailing,-47.999999999999545,2.0,-49.999999999999545,1372.1335704883068,1354.3931219994702
2016-07-07,-1,1,2016-07-07 10:00:00-04:00,1356.5,2016-07-07 11:30:00-04:00,1357.8,trailing,-12.999999999999545,2.0,-14.999999999999545,1368.0132738732646,1358.7945177792337
2016-07-07,-1,1,2016-07-07 11:30:00-04:00,1357.6000000000001,2016-07-07 12:00:00-04:00,1357.6999999999998,trailing,-0.9999999999968168,2.0,-2.9999999999968168,1368.6581753936882,1358.1517884393722
2016-07-07,-1,1,2016-07-07 12:00:00-04:00,1357.5,2016-07-07 12:30:00-04:00,1360.0,trailing,-25.0,2.0,-27.0,1368.5336911303827,1358.275853410292
2016-07-08,-1,1,2016-07-08 10:00:00-04:00,1354.0,2016-07-08 13:00:00-04:00,1357.1999999999998,trailing,-31.99999999999818,2.0,-33.99999999999818,1363.6818173652136,1358.0191310652342
2016-07-12,-1,1,2016-07-12 10:00:00-04:00,1343.7,2016-07-12 11:00:00-04:00,1345.1,trailing,-13.999999999998636,2.0,-15.999999999998636,1358.3360997278053,1344.1818799296689
2016-07-12,-1,1,2016-07-12 11:30:00-04:00,1338.9,2016-07-12 15:59:00-04:00,1332.6,cierre,63.00000000000182,2.0,61.00000000000182,1358.35077648614,1344.1672930467175
2016-07-19,1,1,2016-07-19 10:30:00-04:00,1333.3,2016-07-19 11:00:00-04:00,1331.1000000000001,trailing,-21.99999999999818,2.0,-23.99999999999818,1333.0349183992118,1327.9666104651
2016-07-21,1,1,2016-07-21 10:30:00-04:00,1323.6,2016-07-21 15:59:00-04:00,1333.3000000000002,cierre,97.00000000000273,2.0,95.00000000000273,1318.6545028595406,1311.549949971996
2016-07-22,-1,1,2016-07-22 10:00:00-04:00,1321.1000000000001,2016-07-22 10:30:00-04:00,1321.8999999999999,trailing,-7.9999999999972715,2.0,-9.999999999997272,1335.7091715149788,1321.6072805094643
2016-07-27,1,1,2016-07-27 15:00:00-04:00,1335.3999999999999,2016-07-27 15:59:00-04:00,1340.7,cierre,53.00000000000182,2.0,51.00000000000182,1332.2492875889893,1315.5769149117352
2016-07-28,-1,1,2016-07-28 11:00:00-04:00,1334.9,2016-07-28 15:59:00-04:00,1335.0,cierre,-0.9999999999990905,2.0,-2.9999999999990905,1343.4185541025704,1337.8820317910984
2016-08-01,1,1,2016-08-01 10:00:00-04:00,1356.0,2016-08-01 11:30:00-04:00,1357.5,trailing,15.0,2.0,13.0,1355.602499973574,1351.997500026426
2016-08-01,1,1,2016-08-01 12:00:00-04:00,1359.6,2016-08-01 12:30:00-04:00,1359.1000000000001,trailing,-4.999999999997726,2.0,-6.999999999997726,1358.9563719310602,1348.6436280689397
2016-08-01,1,1,2016-08-01 13:00:00-04:00,1360.1,2016-08-01 15:59:00-04:00,1360.2,cierre,1.0000000000013642,2.0,-0.9999999999986358,1359.2456896935298,1348.3543103064703
2016-08-02,1,1,2016-08-02 11:00:00-04:00,1372.8999999999999,2016-08-02 11:30:00-04:00,1372.4,trailing,-4.999999999997726,2.0,-6.999999999997726,1371.76076037898,1357.5567842633116
2016-08-03,-1,1,2016-08-03 10:00:00-04:00,1365.9,2016-08-03 11:00:00-04:00,1364.1,trailing,18.00000000000182,2.0,16.00000000000182,1373.1583613739829,1366.2459915979066
2016-08-03,-1,1,2016-08-03 11:00:00-04:00,1363.9,2016-08-03 12:00:00-04:00,1363.5,trailing,4.0000000000009095,2.0,2.0000000000009095,1374.3384913984153,1365.0689592534509
2016-08-04,1,1,2016-08-04 10:00:00-04:00,1370.1,2016-08-04 10:30:00-04:00,1368.4,trailing,-16.99999999999818,2.0,-18.99999999999818,1369.7731529332584,1362.731372076502
2016-08-05,-1,1,2016-08-05 10:00:00-04:00,1346.5,2016-08-05 15:59:00-04:00,1342.3999999999999,cierre,41.000000000001364,2.0,39.000000000001364,1368.2233718603409,1349.6939049844937
2016-08-11,1,1,2016-08-11 10:30:00-04:00,1357.3,2016-08-11 11:30:00-04:00,1356.4,trailing,-8.999999999998636,2.0,-10.999999999998636,1355.8488912715372,1350.052427152973
2016-08-11,-1,1,2016-08-11 15:00:00-04:00,1346.7,2016-08-11 15:59:00-04:00,1343.6999999999998,cierre,30.000000000002274,2.0,28.000000000002274,1356.9818399147016,1348.9200645321616
2016-08-15,1,1,2016-08-15 10:00:00-04:00,1345.1999999999998,2016-08-15 14:00:00-04:00,1346.4,trailing,12.000000000002728,2.0,10.000000000002728,1344.1095629379718,1338.5931114378996
2016-08-16,1,1,2016-08-16 11:00:00-04:00,1352.3,2016-08-16 12:30:00-04:00,1352.3000000000002,trailing,2.2737367544323206e-12,2.0,-1.9999999999977263,1351.2327971314085,1341.5743343658223
2016-08-16,1,1,2016-08-16 13:00:00-04:00,1353.6999999999998,2016-08-16 15:30:00-04:00,1353.1000000000001,trailing,-5.999999999996817,2.0,-7.999999999996817,1352.1958569855485,1340.613275229587
2016-08-24,-1,1,2016-08-24 10:30:00-04:00,1329.3000000000002,2016-08-24 11:00:00-04:00,1330.1999999999998,trailing,-8.999999999996362,2.0,-10.999999999996362,1345.073299352107,1330.6438459548979
2016-08-24,-1,1,2016-08-24 12:00:00-04:00,1329.2,2016-08-24 12:30:00-04:00,1330.8,trailing,-15.99999999999909,2.0,-17.99999999999909,1345.4076046741163,1330.3119557379928
2016-08-24,-1,1,2016-08-24 14:30:00-04:00,1327.4,2016-08-24 15:30:00-04:00,1328.8999999999999,trailing,-14.999999999997726,2.0,-16.999999999997726,1347.1118744927478,1328.6199979899957
2016-08-26,1,1,2016-08-26 10:30:00-04:00,1340.8999999999999,2016-08-26 11:30:00-04:00,1333.6000000000001,trailing,-72.99999999999727,2.0,-74.99999999999727,1335.1920212182652,1323.3205316775961
2016-08-29,1,1,2016-08-29 12:00:00-04:00,1327.1,2016-08-29 12:30:00-04:00,1326.3000000000002,trailing,-7.9999999999972715,2.0,-9.999999999997272,1326.7571991399327,1320.6436641274258
2016-08-30,-1,1,2016-08-30 13:30:00-04:00,1316.1000000000001,2016-08-30 14:00:00-04:00,1316.6,trailing,-4.999999999997726,2.0,-6.999999999997726,1330.5935674628395,1316.3252570841062
2016-08-30,-1,1,2016-08-30 15:30:00-04:00,1312.0,2016-08-30 15:59:00-04:00,1314.0,cierre,-20.0,2.0,-22.0,1331.4653638076081,1315.4574697538142
2016-09-01,1,1,2016-09-01 10:30:00-04:00,1316.0,2016-09-01 15:59:00-04:00,1316.7,cierre,7.000000000000455,2.0,5.000000000000455,1313.609365155596,1307.7929934773292
2016-09-06,1,1,2016-09-06 10:30:00-04:00,1343.0,2016-09-06 15:59:00-04:00,1353.2,cierre,102.00000000000045,2.0,100.00000000000045,1341.526463033501,1328.189197641016
2016-09-07,-1,1,2016-09-07 10:30:00-04:00,1349.3000000000002,2016-09-07 14:00:00-04:00,1350.1,trailing,-7.9999999999972715,2.0,-9.999999999997272,1357.043794894313,1350.5582310932039
2016-09-08,-1,1,2016-09-08 12:00:00-04:00,1343.7,2016-09-08 15:59:00-04:00,1341.5,cierre,22.000000000000455,2.0,20.000000000000455,1352.6860338114896,1343.8184849472975
2016-09-09,-1,1,2016-09-09 10:00:00-04:00,1334.8000000000002,2016-09-09 10:30:00-04:00,1337.8,trailing,-29.999999999997726,2.0,-31.999999999997726,1342.2602244888292,1336.542340665454
2016-09-13,-1,1,2016-09-13 10:00:00-04:00,1327.3000000000002,2016-09-13 10:30:00-04:00,1328.5,trailing,-11.999999999998181,2.0,-13.999999999998181,1331.4528225814634,1327.8483644554221
2016-09-13,-1,1,2016-09-13 13:30:00-04:00,1323.9,2016-09-13 15:59:00-04:00,1321.1999999999998,cierre,27.00000000000273,2.0,25.00000000000273,1334.8608534325854,1324.4441760924817
2016-09-14,1,1,2016-09-14 11:30:00-04:00,1328.1,2016-09-14 12:00:00-04:00,1327.5,trailing,-5.9999999999990905,2.0,-7.9999999999990905,1327.3051019312857,1318.9015544778345
2016-09-15,-1,1,2016-09-15 10:00:00-04:00,1314.2,2016-09-15 10:30:00-04:00,1316.3,trailing,-20.99999999999909,2.0,-22.99999999999909,1326.9062043138974,1319.897590106172
2016-09-15,-1,1,2016-09-15 10:30:00-04:00,1316.1000000000001,2016-09-15 11:00:00-04:00,1324.1999999999998,trailing,-80.99999999999682,2.0,-82.99999999999682,1328.5285851335382,1318.2813273226561
2016-09-21,1,1,2016-09-21 10:00:00-04:00,1330.0,2016-09-21 11:00:00-04:00,1329.6000000000001,trailing,-3.9999999999986358,2.0,-5.999999999998636,1329.0580005568995,1316.751284279264
2016-09-21,1,1,2016-09-21 11:30:00-04:00,1331.1999999999998,2016-09-21 12:30:00-04:00,1330.7,trailing,-4.999999999997726,2.0,-6.999999999997726,1330.313157141856,1315.505391540167
2016-09-21,1,1,2016-09-21 14:30:00-04:00,1334.3,2016-09-21 15:59:00-04:00,1337.7,cierre,34.00000000000091,2.0,32.00000000000091,1332.1364217407922,1313.6955837819216
2016-09-22,1,1,2016-09-22 10:00:00-04:00,1343.1999999999998,2016-09-22 11:00:00-04:00,1341.1000000000001,trailing,-20.999999999996817,2.0,-22.999999999996817,1342.1779209945228,1336.425162062595
2016-09-22,1,1,2016-09-22 11:30:00-04:00,1344.3,2016-09-22 14:00:00-04:00,1342.9,trailing,-13.999999999998636,2.0,-15.999999999998636,1343.1590692374848,1335.446209109556
2016-09-27,-1,1,2016-09-27 10:00:00-04:00,1330.3000000000002,2016-09-27 13:00:00-04:00,1330.5,trailing,-1.999999999998181,2.0,-3.999999999998181,1342.6562809803975,1331.7527705382415
2016-09-27,-1,1,2016-09-27 13:00:00-04:00,1330.3000000000002,2016-09-27 14:30:00-04:00,1331.1999999999998,trailing,-8.999999999996362,2.0,-10.999999999996362,1343.442024156622,1330.9715973394793
2016-09-28,-1,1,2016-09-28 11:00:00-04:00,1323.7,2016-09-28 12:00:00-04:00,1324.8,trailing,-10.99999999999909,2.0,-12.99999999999909,1332.1100218191389,1325.2942166172304
2016-09-28,-1,1,2016-09-28 12:30:00-04:00,1322.7,2016-09-28 13:00:00-04:00,1324.8999999999999,trailing,-21.99999999999818,2.0,-23.99999999999818,1332.9432823345107,1324.4634608302433
2016-09-28,-1,1,2016-09-28 13:30:00-04:00,1323.8000000000002,2016-09-28 14:00:00-04:00,1326.1,trailing,-22.99999999999727,2.0,-24.99999999999727,1333.2755026506886,1324.1322391473147
2016-09-30,-1,1,2016-09-30 12:00:00-04:00,1322.6000000000001,2016-09-30 15:59:00-04:00,1320.6,cierre,20.000000000002274,2.0,18.000000000002274,1331.8494632955424,1322.7582959161737
2016-10-03,-1,1,2016-10-03 11:00:00-04:00,1314.6000000000001,2016-10-03 11:30:00-04:00,1315.0,trailing,-3.9999999999986358,2.0,-5.999999999998636,1322.2207589795094,1314.784453467229
2016-10-03,-1,1,2016-10-03 12:30:00-04:00,1313.1000000000001,2016-10-03 14:00:00-04:00,1314.3,trailing,-11.999999999998181,2.0,-13.999999999998181,1322.8540519466608,1314.15307884303
2016-10-04,-1,1,2016-10-04 10:00:00-04:00,1286.6000000000001,2016-10-04 15:59:00-04:00,1270.8999999999999,cierre,157.00000000000273,2.0,155.00000000000273,1317.2064357277463,1291.3212824928523
2016-10-05,-1,1,2016-10-05 12:30:00-04:00,1265.4,2016-10-05 13:30:00-04:00,1268.3,trailing,-28.999999999998636,2.0,-30.999999999998636,1277.5777258229737,1267.431287101056
2016-10-06,-1,1,2016-10-06 10:30:00-04:00,1254.9,2016-10-06 11:30:00-04:00,1256.1999999999998,trailing,-12.999999999997272,2.0,-14.999999999997272,1270.3443316626729,1255.1717558987752
2016-10-07,-1,1,2016-10-07 12:00:00-04:00,1248.1000000000001,2016-10-07 13:00:00-04:00,1255.1999999999998,trailing,-70.99999999999682,2.0,-72.99999999999682,1268.9001996526483,1252.2269990959842
2016-10-11,-1,1,2016-10-11 10:00:00-04:00,1255.7,2016-10-11 10:30:00-04:00,1257.3999999999999,trailing,-16.99999999999818,2.0,-18.99999999999818,1263.2371280546217,1257.0665899364585
2016-10-12,1,1,2016-10-12 10:00:00-04:00,1259.1999999999998,2016-10-12 10:30:00-04:00,1256.5,trailing,-26.99999999999818,2.0,-28.99999999999818,1258.509609547847,1253.2926944031965
2016-10-13,1,1,2016-10-13 10:00:00-04:00,1262.6,2016-10-13 10:30:00-04:00,1259.9,trailing,-26.99999999999818,2.0,-28.99999999999818,1261.4451428139678,1254.958958805498
2016-10-20,-1,1,2016-10-20 10:30:00-04:00,1266.4,2016-10-20 11:30:00-04:00,1267.0,trailing,-5.9999999999990905,2.0,-7.9999999999990905,1275.8130542874007,1268.0927521740941
2016-10-24,-1,1,2016-10-24 10:30:00-04:00,1263.2,2016-10-24 13:00:00-04:00,1264.1,trailing,-8.999999999998636,2.0,-10.999999999998636,1274.6187911356012,1265.1899546899167
2016-10-24,-1,1,2016-10-24 14:00:00-04:00,1263.1000000000001,2016-10-24 15:00:00-04:00,1264.3,trailing,-11.999999999998181,2.0,-13.999999999998181,1276.1460010193932,1263.6682668667008
2016-10-25,1,1,2016-10-25 11:00:00-04:00,1271.6999999999998,2016-10-25 15:59:00-04:00,1274.2,cierre,25.000000000002274,2.0,23.000000000002274,1271.254140083844,1261.9539605975672
2016-10-26,-1,1,2016-10-26 10:30:00-04:00,1269.2,2016-10-26 15:59:00-04:00,1267.1999999999998,cierre,20.000000000002274,2.0,18.000000000002274,1276.9880160643202,1270.5143042822785
2016-10-28,1,1,2016-10-28 13:30:00-04:00,1277.0,2016-10-28 15:59:00-04:00,1275.8000000000002,cierre,-11.999999999998181,2.0,-13.999999999998181,1275.0704864072595,1266.734142367338
2016-11-01,1,1,2016-11-01 15:00:00-04:00,1292.0,2016-11-01 15:30:00-04:00,1290.8000000000002,trailing,-11.999999999998181,2.0,-13.999999999998181,1291.8984273483738,1275.5266576958713
2016-11-02,1,1,2016-11-02 10:00:00-04:00,1303.3999999999999,2016-11-02 14:30:00-04:00,1304.6000000000001,trailing,12.000000000002728,2.0,10.000000000002728,1300.4690532565467,1286.8430474900622
2016-11-02,1,1,2016-11-02 14:30:00-04:00,1304.8,2016-11-02 15:00:00-04:00,1302.6000000000001,trailing,-21.99999999999818,2.0,-23.99999999999818,1302.6076817122664,1284.7220351424842
2016-11-02,1,1,2016-11-02 15:00:00-04:00,1302.8,2016-11-02 15:30:00-04:00,1298.6000000000001,trailing,-41.99999999999818,2.0,-43.99999999999818,1302.5181824205117,1284.8107972191337
2016-11-03,1,1,2016-11-03 11:00:00-04:00,1301.3,2016-11-03 11:30:00-04:00,1299.4,trailing,-18.999999999998636,2.0,-20.999999999998636,1300.2131355918875,1291.693152440498
2016-11-03,1,1,2016-11-03 13:30:00-04:00,1303.5,2016-11-03 14:00:00-04:00,1301.4,trailing,-20.99999999999909,2.0,-22.99999999999909,1301.2751872605286,1290.6334747119206
2016-11-03,1,1,2016-11-03 14:30:00-04:00,1302.1999999999998,2016-11-03 15:59:00-04:00,1304.1000000000001,cierre,19.000000000003183,2.0,17.000000000003183,1301.3953881728464,1290.513542477455
2016-11-07,-1,1,2016-11-07 10:00:00-05:00,1284.5,2016-11-07 13:00:00-05:00,1282.8,trailing,17.000000000000455,2.0,15.000000000000455,1306.8396659071775,1284.9837004626306
2016-11-07,-1,1,2016-11-07 13:00:00-05:00,1282.6000000000001,2016-11-07 15:59:00-05:00,1281.3999999999999,cierre,12.000000000002728,2.0,10.000000000002728,1308.9477379653613,1282.9056698848958
2016-11-08,1,1,2016-11-08 10:30:00-05:00,1286.6999999999998,2016-11-08 11:00:00-05:00,1284.8000000000002,trailing,-18.999999999996362,2.0,-20.999999999996362,1284.3913506457086,1278.208649354291
2016-11-08,1,1,2016-11-08 11:00:00-05:00,1285.0,2016-11-08 11:30:00-05:00,1278.6000000000001,trailing,-63.999999999998636,2.0,-65.99999999999864,1284.78622735432,1277.8137726456796
2016-11-08,-1,1,2016-11-08 12:00:00-05:00,1276.3000000000002,2016-11-08 14:30:00-05:00,1277.1999999999998,trailing,-8.999999999996362,2.0,-10.999999999996362,1285.0848638519492,1277.5151361480507
2016-11-08,-1,1,2016-11-08 15:30:00-05:00,1276.9,2016-11-08 15:59:00-05:00,1276.1999999999998,cierre,7.0000000000027285,2.0,5.0000000000027285,1285.4789176675356,1277.1210823324643
2016-11-10,-1,1,2016-11-10 10:00:00-05:00,1266.9,2016-11-10 10:30:00-05:00,1269.6999999999998,trailing,-27.99999999999727,2.0,-29.99999999999727,1278.0686575957404,1271.1323680263479
2016-11-10,-1,1,2016-11-10 10:30:00-05:00,1269.5,2016-11-10 11:00:00-05:00,1270.3,trailing,-7.999999999999545,2.0,-9.999999999999545,1278.803759759943,1270.3974965186137
2016-11-10,-1,1,2016-11-10 11:30:00-05:00,1263.9,2016-11-10 12:30:00-05:00,1267.8999999999999,trailing,-39.999999999997726,2.0,-41.999999999997726,1279.1698983319216,1270.0314728316594
2016-11-10,-1,1,2016-11-10 12:30:00-05:00,1267.7,2016-11-10 13:00:00-05:00,1266.6999999999998,trailing,10.000000000002274,2.0,8.000000000002274,1280.565408539227,1268.636400500164
2016-11-10,-1,1,2016-11-10 13:00:00-05:00,1266.5,2016-11-10 13:30:00-05:00,1266.6999999999998,trailing,-1.999999999998181,2.0,-3.999999999998181,1280.1437521298183,1269.0579246044554
2016-11-10,-1,1,2016-11-10 13:30:00-05:00,1266.5,2016-11-10 14:00:00-05:00,1267.1,trailing,-5.9999999999990905,2.0,-7.9999999999990905,1281.3675257062962,1267.8345350171762
2016-11-10,-1,1,2016-11-10 14:00:00-05:00,1266.9,2016-11-10 15:59:00-05:00,1256.1999999999998,cierre,107.00000000000273,2.0,105.00000000000273,1281.4363422091849,1267.7657401071656
2016-11-11,-1,1,2016-11-11 10:00:00-05:00,1235.0,2016-11-11 15:59:00-05:00,1227.5,cierre,75.0,2.0,73.0,1259.749740908056,1250.8549080732773
2016-11-14,-1,1,2016-11-14 10:00:00-05:00,1212.2,2016-11-14 10:30:00-05:00,1214.3,trailing,-20.99999999999909,2.0,-22.99999999999909,1231.9155414321308,1212.7219838429287
2016-11-17,-1,1,2016-11-17 14:00:00-05:00,1212.3000000000002,2016-11-17 15:59:00-05:00,1218.1,cierre,-57.99999999999727,2.0,-59.99999999999727,1234.1799164145316,1216.3276034974083
2016-11-23,-1,1,2016-11-23 10:00:00-05:00,1187.9,2016-11-23 11:30:00-05:00,1187.3999999999999,trailing,5.000000000002274,2.0,3.0000000000022737,1216.4165809153312,1189.0534846590485
2016-11-23,-1,1,2016-11-23 11:30:00-05:00,1187.2,2016-11-23 12:00:00-05:00,1188.1,trailing,-8.999999999998636,2.0,-10.999999999998636,1217.6836182864538,1187.8052693335483
2016-11-23,-1,1,2016-11-23 12:00:00-05:00,1187.9,2016-11-23 12:30:00-05:00,1189.1999999999998,trailing,-12.999999999997272,2.0,-14.999999999997272,1217.453046845887,1188.032415597974
2016-11-30,-1,1,2016-11-30 10:00:00-05:00,1175.9,2016-11-30 11:00:00-05:00,1174.6999999999998,trailing,12.000000000002728,2.0,10.000000000002728,1190.875928618444,1177.642030612728
2016-11-30,-1,1,2016-11-30 11:00:00-05:00,1174.5,2016-11-30 15:51:00-05:00,1171.3,cierre,32.000000000000455,2.0,30.000000000000455,1191.9263035494475,1176.5965226253816
2016-12-01,1,1,2016-12-01 14:30:00-05:00,1176.0,2016-12-01 15:00:00-05:00,1173.9,trailing,-20.99999999999909,2.0,-22.99999999999909,1174.1215586290136,1160.6784413709865
2016-12-05,-1,1,2016-12-05 10:30:00-05:00,1161.4,2016-12-05 11:00:00-05:00,1164.1,trailing,-26.99999999999818,2.0,-28.99999999999818,1180.8660031275408,1164.6602887994318
2016-12-05,-1,1,2016-12-05 11:00:00-05:00,1163.9,2016-12-05 11:30:00-05:00,1167.1999999999998,trailing,-32.99999999999727,2.0,-34.99999999999727,1181.1197287503253,1164.408738952492
2016-12-09,-1,1,2016-12-09 10:00:00-05:00,1165.6000000000001,2016-12-09 15:59:00-05:00,1160.1999999999998,cierre,54.00000000000318,2.0,52.00000000000318,1174.9130155143766,1165.995466463034
2016-12-12,1,1,2016-12-12 13:00:00-05:00,1166.8999999999999,2016-12-12 13:30:00-05:00,1165.7,trailing,-11.999999999998181,2.0,-13.999999999998181,1165.4195668997572,1156.7861461488612
2016-12-13,-1,1,2016-12-13 10:30:00-05:00,1157.6000000000001,2016-12-13 11:30:00-05:00,1160.6,trailing,-29.999999999997726,2.0,-31.999999999997726,1167.458192347331,1158.7483177116173
2016-12-13,-1,1,2016-12-13 12:00:00-05:00,1158.0,2016-12-13 13:00:00-05:00,1158.8,trailing,-7.999999999999545,2.0,-9.999999999999545,1167.8201994919762,1158.387056781133
2016-12-14,-1,1,2016-12-14 14:30:00-05:00,1155.2,2016-12-14 15:59:00-05:00,1144.3,cierre,109.00000000000091,2.0,107.00000000000091,1170.133930896431,1156.4854413812639
2016-12-15,-1,1,2016-12-15 10:00:00-05:00,1131.1000000000001,2016-12-15 13:00:00-05:00,1130.5,trailing,6.000000000001364,2.0,4.000000000001364,1146.3263514544276,1131.2937189840518
2016-12-16,1,1,2016-12-16 11:30:00-05:00,1141.3,2016-12-16 13:30:00-05:00,1137.6000000000001,trailing,-36.99999999999818,2.0,-38.99999999999818,1136.2255110483388,1126.883462521679
2016-12-19,1,1,2016-12-19 11:30:00-05:00,1143.5,2016-12-19 12:00:00-05:00,1142.9,trailing,-5.9999999999990905,2.0,-7.9999999999990905,1143.1398983214424,1133.270470103993
2016-12-23,1,1,2016-12-23 10:00:00-05:00,1134.6,2016-12-23 10:30:00-05:00,1133.7,trailing,-8.999999999998636,2.0,-10.999999999998636,1134.2659070016884,1128.8373281391166
2016-12-23,1,1,2016-12-23 11:00:00-05:00,1136.8,2016-12-23 11:30:00-05:00,1134.3000000000002,trailing,-24.999999999997726,2.0,-26.999999999997726,1135.2538544243623,1127.851561038262
2016-12-28,1,1,2016-12-28 15:30:00-05:00,1143.5,2016-12-28 15:59:00-05:00,1142.6000000000001,cierre,-8.999999999998636,2.0,-10.999999999998636,1143.3563877795843,1135.0483229401066
2016-12-29,1,1,2016-12-29 11:00:00-05:00,1150.5,2016-12-29 15:59:00-05:00,1157.9,cierre,74.00000000000091,2.0,72.00000000000091,1149.5048104715602,1140.104728462942
2016-12-30,1,1,2016-12-30 10:00:00-05:00,1160.8,2016-12-30 10:30:00-05:00,1158.0,trailing,-27.999999999999545,2.0,-29.999999999999545,1160.1310848842613,1156.569779670342
2016-12-30,-1,1,2016-12-30 13:00:00-05:00,1153.6000000000001,2016-12-30 15:59:00-05:00,1151.1999999999998,cierre,24.000000000003183,2.0,22.000000000003183,1162.2495809748373,1154.4525634168797
2017-01-03,1,1,2017-01-03 10:00:00-05:00,1154.6,2017-01-03 10:30:00-05:00,1151.2,trailing,-33.999999999998636,2.0,-35.999999999998636,1152.4805799609119,1149.719420039088
2017-01-03,1,1,2017-01-03 11:00:00-05:00,1155.6999999999998,2017-01-03 15:59:00-05:00,1160.0,cierre,43.00000000000182,2.0,41.00000000000182,1153.5928853431635,1148.6071146568363
2017-01-05,1,1,2017-01-05 10:30:00-05:00,1180.6999999999998,2017-01-05 13:30:00-05:00,1181.1000000000001,trailing,4.000000000003183,2.0,2.0000000000031832,1178.8803785204439,1162.635447475332
2017-01-05,1,1,2017-01-05 14:00:00-05:00,1182.3999999999999,2017-01-05 15:00:00-05:00,1181.5,trailing,-8.999999999998636,2.0,-10.999999999998636,1181.0590934448555,1160.4817114481427
2017-01-09,1,1,2017-01-09 13:30:00-05:00,1184.8999999999999,2017-01-09 14:00:00-05:00,1183.5,trailing,-13.999999999998636,2.0,-15.999999999998636,1183.6128305776674,1169.4083969511084
2017-01-09,1,1,2017-01-09 14:30:00-05:00,1183.8999999999999,2017-01-09 15:59:00-05:00,1182.7,cierre,-11.999999999998181,2.0,-13.999999999998181,1183.661834326707,1169.3596590527038
2017-01-10,1,1,2017-01-10 10:00:00-05:00,1189.1,2017-01-10 10:30:00-05:00,1187.5,trailing,-15.99999999999909,2.0,-17.99999999999909,1186.5648481829496,1181.3379947423905
2017-01-10,1,1,2017-01-10 10:30:00-05:00,1187.6999999999998,2017-01-10 11:30:00-05:00,1187.5,trailing,-1.999999999998181,2.0,-3.999999999998181,1186.4079050531743,1181.4946332825123
2017-01-11,-1,1,2017-01-11 10:00:00-05:00,1180.2,2017-01-11 11:00:00-05:00,1180.3999999999999,trailing,-1.999999999998181,2.0,-3.999999999998181,1188.9054470829828,1182.6986094665403
2017-01-11,-1,1,2017-01-11 11:00:00-05:00,1180.2,2017-01-11 11:30:00-05:00,1186.3999999999999,trailing,-61.99999999999818,2.0,-63.99999999999818,1189.8966962287595,1181.7098649509644
2017-01-11,1,1,2017-01-11 13:30:00-05:00,1197.0,2017-01-11 15:30:00-05:00,1190.2,trailing,-67.99999999999955,2.0,-69.99999999999955,1191.3112297681025,1180.2989055720002
2017-01-12,1,1,2017-01-12 10:00:00-05:00,1204.1999999999998,2017-01-12 10:30:00-05:00,1203.7,trailing,-4.999999999997726,2.0,-6.999999999997726,1203.584424734575,1189.1323542823677
2017-01-12,1,1,2017-01-12 10:30:00-05:00,1203.8999999999999,2017-01-12 11:00:00-05:00,1201.7,trailing,-21.99999999999818,2.0,-23.99999999999818,1203.5956975215659,1189.121181868865
2017-01-13,-1,1,2017-01-13 10:00:00-05:00,1189.1000000000001,2017-01-13 10:30:00-05:00,1194.1999999999998,trailing,-50.99999999999682,2.0,-52.99999999999682,1197.2548424819704,1190.549736752489
2017-01-18,-1,1,2017-01-18 14:30:00-05:00,1208.6000000000001,2017-01-18 15:00:00-05:00,1209.5,trailing,-8.999999999998636,2.0,-10.999999999998636,1220.2254579678847,1209.2790001936921
2017-01-18,-1,1,2017-01-18 15:30:00-05:00,1201.9,2017-01-18 15:59:00-05:00,1205.1,cierre,-31.99999999999818,2.0,-33.99999999999818,1219.9964159940073,1209.507834855654
2017-01-19,-1,1,2017-01-19 10:00:00-05:00,1196.0,2017-01-19 10:30:00-05:00,1198.3,trailing,-22.999999999999545,2.0,-24.999999999999545,1206.8107317220552,1197.6975330285434
2017-01-20,-1,1,2017-01-20 10:00:00-05:00,1200.3000000000002,2017-01-20 10:30:00-05:00,1203.8999999999999,trailing,-35.99999999999682,2.0,-37.99999999999682,1206.4383484757514,1200.8641901515434
2017-01-20,1,1,2017-01-20 14:30:00-05:00,1210.6,2017-01-20 15:59:00-05:00,1207.4,cierre,-31.99999999999818,2.0,-33.99999999999818,1208.7758556280273,1198.5295942087728
2017-01-23,1,1,2017-01-23 10:30:00-05:00,1215.1,2017-01-23 13:00:00-05:00,1214.8000000000002,trailing,-2.9999999999972715,2.0,-4.9999999999972715,1214.3001374769574,1205.607542062499
2017-01-24,-1,1,2017-01-24 14:00:00-05:00,1209.9,2017-01-24 15:59:00-05:00,1209.5,cierre,4.0000000000009095,2.0,2.0000000000009095,1218.6841210840835,1210.4196061685577
2017-01-26,-1,1,2017-01-26 11:00:00-05:00,1185.9,2017-01-26 13:00:00-05:00,1186.6,trailing,-6.999999999998181,2.0,-8.999999999998181,1201.2827381708375,1186.4333934471722
2017-01-30,1,1,2017-01-30 10:30:00-05:00,1196.3,2017-01-30 12:00:00-05:00,1193.9,trailing,-23.999999999998636,2.0,-25.999999999998636,1193.042838974599,1188.3589165922353
2017-01-30,1,1,2017-01-30 12:00:00-05:00,1194.1,2017-01-30 13:30:00-05:00,1193.0,trailing,-10.99999999999909,2.0,-12.99999999999909,1193.1510074464327,1188.2508570788216
2017-01-31,1,1,2017-01-31 10:00:00-05:00,1212.8999999999999,2017-01-31 11:30:00-05:00,1211.0,trailing,-18.999999999998636,2.0,-20.999999999998636,1211.002476463872,1193.0180777049634
2017-02-01,1,1,2017-02-01 10:00:00-05:00,1207.1999999999998,2017-02-01 10:30:00-05:00,1201.0,trailing,-61.99999999999818,2.0,-63.99999999999818,1206.9267607675815,1203.6732392324184
2017-02-01,-1,1,2017-02-01 10:30:00-05:00,1201.0,2017-02-01 11:00:00-05:00,1205.1,trailing,-40.99999999999909,2.0,-42.99999999999909,1207.1052810682327,1203.4947189317672
2017-02-01,1,1,2017-02-01 13:30:00-05:00,1208.5,2017-02-01 14:00:00-05:00,1205.8000000000002,trailing,-26.99999999999818,2.0,-28.99999999999818,1207.6072830179266,1202.9927169820733
2017-02-01,1,1,2017-02-01 14:30:00-05:00,1211.5,2017-02-01 15:30:00-05:00,1209.9,trailing,-15.99999999999909,2.0,-17.99999999999909,1208.7426952907774,1201.8573047092225
2017-02-03,1,1,2017-02-03 10:30:00-05:00,1220.6,2017-02-03 14:00:00-05:00,1218.8000000000002,trailing,-17.99999999999727,2.0,-19.99999999999727,1219.4007230761447,1214.5009942095917
2017-02-06,1,1,2017-02-06 14:00:00-05:00,1233.8,2017-02-06 15:59:00-05:00,1236.9,cierre,31.000000000001364,2.0,29.000000000001364,1233.3517320485614,1218.0698144863259
2017-02-08,1,1,2017-02-08 10:00:00-05:00,1244.1999999999998,2017-02-08 10:30:00-05:00,1242.9,trailing,-12.999999999997272,2.0,-14.999999999997272,1243.0451075034339,1232.9639038797009
2017-02-08,1,1,2017-02-08 12:00:00-05:00,1244.3999999999999,2017-02-08 13:30:00-05:00,1239.5,trailing,-48.999999999998636,2.0,-50.999999999998636,1243.710020854021,1232.3026327159866
2017-02-09,-1,1,2017-02-09 10:00:00-05:00,1239.4,2017-02-09 15:59:00-05:00,1232.8,cierre,66.00000000000136,2.0,64.00000000000136,1245.1891860597348,1240.5127307777445
2017-02-10,1,1,2017-02-10 13:30:00-05:00,1236.0,2017-02-10 14:00:00-05:00,1234.3000000000002,trailing,-16.99999999999818,2.0,-18.99999999999818,1235.5145212371845,1223.2007763147658
2017-02-13,-1,1,2017-02-13 10:00:00-05:00,1223.2,2017-02-13 11:00:00-05:00,1224.1999999999998,trailing,-9.999999999997726,2.0,-11.999999999997726,1237.4167143213358,1224.5972479845257
2017-02-15,1,1,2017-02-15 12:30:00-05:00,1233.1,2017-02-15 13:00:00-05:00,1232.1000000000001,trailing,-9.999999999997726,2.0,-11.999999999997726,1232.512009044577,1218.2086877312568
2017-02-15,1,1,2017-02-15 13:30:00-05:00,1233.1,2017-02-15 15:00:00-05:00,1232.5,trailing,-5.9999999999990905,2.0,-7.9999999999990905,1232.3391417844723,1218.3806404242198
2017-02-27,1,1,2017-02-27 11:30:00-05:00,1263.8999999999999,2017-02-27 13:00:00-05:00,1261.2,trailing,-26.99999999999818,2.0,-28.99999999999818,1262.053746112245,1253.446592077142
2017-03-02,-1,1,2017-03-02 14:30:00-05:00,1231.6000000000001,2017-03-02 15:00:00-05:00,1233.6,trailing,-19.999999999997726,2.0,-21.999999999997726,1254.752292118267,1232.395781099038
2017-03-03,-1,1,2017-03-03 11:30:00-05:00,1224.2,2017-03-03 12:30:00-05:00,1225.8999999999999,trailing,-16.99999999999818,2.0,-18.99999999999818,1238.9320465739268,1224.6885349253182
2017-03-06,-1,1,2017-03-06 10:30:00-05:00,1229.9,2017-03-06 11:00:00-05:00,1229.1,trailing,8.000000000001819,2.0,6.000000000001819,1237.290746682799,1230.0136597058247
2017-03-06,-1,1,2017-03-06 11:30:00-05:00,1227.7,2017-03-06 15:59:00-05:00,1226.3,cierre,14.00000000000091,2.0,12.00000000000091,1238.4377201301638,1228.868637051559
2017-03-07,-1,1,2017-03-07 15:00:00-05:00,1214.6000000000001,2017-03-07 15:30:00-05:00,1214.8999999999999,trailing,-2.9999999999972715,2.0,-4.9999999999972715,1230.9597669813384,1214.7662405531382
2017-03-10,-1,1,2017-03-10 11:30:00-05:00,1198.6000000000001,2017-03-10 12:00:00-05:00,1199.8999999999999,trailing,-12.999999999997272,2.0,-14.999999999997272,1204.5204824239445,1198.7797522837548
2017-03-14,1,1,2017-03-14 10:30:00-04:00,1206.3,2017-03-14 11:00:00-04:00,1204.2,trailing,-20.99999999999909,2.0,-22.99999999999909,1205.8682543454781,1200.7343500792424
2017-03-14,-1,1,2017-03-14 15:30:00-04:00,1198.3000000000002,2017-03-14 15:59:00-04:00,1198.3999999999999,cierre,-0.9999999999968168,2.0,-2.9999999999968168,1207.9075937881028,1198.6983973997874
2017-03-15,1,1,2017-03-15 14:30:00-04:00,1212.6999999999998,2017-03-15 15:59:00-04:00,1220.2,cierre,75.00000000000227,2.0,73.00000000000227,1202.9434134349176,1195.160516486863
2017-03-21,1,1,2017-03-21 10:00:00-04:00,1239.3,2017-03-21 15:59:00-04:00,1244.4,cierre,51.000000000001364,2.0,49.000000000001364,1238.0939491479085,1233.008643302193
2017-03-22,1,1,2017-03-22 14:00:00-04:00,1251.3,2017-03-22 14:30:00-04:00,1250.5,trailing,-7.999999999999545,2.0,-9.999999999999545,1251.1218801596458,1241.8865199369811
2017-03-23,-1,1,2017-03-23 11:30:00-04:00,1242.9,2017-03-23 12:00:00-04:00,1245.6,trailing,-26.99999999999818,2.0,-28.99999999999818,1253.7414692751497,1245.4651646220257
2017-03-23,-1,1,2017-03-23 12:30:00-04:00,1243.4,2017-03-23 13:30:00-04:00,1247.5,trailing,-40.99999999999909,2.0,-42.99999999999909,1253.54297760389,1245.6631169568498
2017-03-24,1,1,2017-03-24 15:30:00-04:00,1250.6999999999998,2017-03-24 15:59:00-04:00,1247.7,cierre,-29.999999999997726,2.0,-31.999999999997726,1250.4733476729045,1240.3321388912716
2017-03-28,-1,1,2017-03-28 14:00:00-04:00,1251.2,2017-03-28 15:59:00-04:00,1250.3,cierre,9.00000000000091,2.0,7.0000000000009095,1260.3039773287137,1252.4011512182892
2017-04-03,1,1,2017-04-03 10:30:00-04:00,1252.8999999999999,2017-04-03 15:59:00-04:00,1255.2,cierre,23.00000000000182,2.0,21.00000000000182,1250.8814215728914,1246.3185784271084
2017-04-07,1,1,2017-04-07 10:00:00-04:00,1268.6999999999998,2017-04-07 11:30:00-04:00,1267.2,trailing,-14.999999999997726,2.0,-16.999999999997726,1266.8448779255327,1252.3661574783478
2017-04-11,1,1,2017-04-11 10:00:00-04:00,1267.1999999999998,2017-04-11 15:59:00-04:00,1274.6000000000001,cierre,74.00000000000318,2.0,72.00000000000318,1266.839750729746,1255.0688039292827
2017-04-12,1,1,2017-04-12 15:30:00-04:00,1283.1999999999998,2017-04-12 15:59:00-04:00,1283.3000000000002,cierre,1.000000000003638,2.0,-0.999999999996362,1282.2672307657338,1269.4422560242124
2017-04-17,1,1,2017-04-17 10:30:00-04:00,1291.8999999999999,2017-04-17 11:30:00-04:00,1291.3000000000002,trailing,-5.999999999996817,2.0,-7.999999999996817,1291.6584339613464,1287.3421734462556
2017-04-17,-1,1,2017-04-17 15:30:00-04:00,1284.1000000000001,2017-04-17 15:59:00-04:00,1285.6999999999998,cierre,-15.999999999996817,2.0,-17.999999999996817,1294.6578475121482,1284.3436901625084
2017-04-18,-1,1,2017-04-18 10:00:00-04:00,1281.2,2017-04-18 10:30:00-04:00,1288.3999999999999,trailing,-71.99999999999818,2.0,-73.99999999999818,1288.8762060872045,1284.5256324384916
2017-04-18,1,1,2017-04-18 12:00:00-04:00,1292.8,2017-04-18 14:30:00-04:00,1291.4,trailing,-13.999999999998636,2.0,-15.999999999998636,1290.3739033070551,1283.0304937944168
2017-04-18,1,1,2017-04-18 15:00:00-04:00,1292.8,2017-04-18 15:59:00-04:00,1291.9,cierre,-8.999999999998636,2.0,-10.999999999998636,1291.855216506667,1281.5517111811062
2017-04-19,-1,1,2017-04-19 10:00:00-04:00,1279.5,2017-04-19 11:00:00-04:00,1281.6999999999998,trailing,-21.99999999999818,2.0,-23.99999999999818,1293.5234994518717,1284.583457705068
2017-04-19,-1,1,2017-04-19 11:00:00-04:00,1281.5,2017-04-19 11:30:00-04:00,1281.6,trailing,-0.9999999999990905,2.0,-2.9999999999990905,1294.5435016190183,1283.5681134425545
2017-04-19,-1,1,2017-04-19 11:30:00-04:00,1281.4,2017-04-19 12:30:00-04:00,1284.0,trailing,-25.99999999999909,2.0,-27.99999999999909,1294.479447132365,1283.6318754203292
2017-04-19,-1,1,2017-04-19 13:00:00-04:00,1283.6000000000001,2017-04-19 13:30:00-04:00,1283.6,trailing,2.2737367544323206e-12,2.0,-1.9999999999977263,1294.4002082962293,1283.7107524072908
2017-04-19,-1,1,2017-04-19 14:00:00-04:00,1282.2,2017-04-19 14:30:00-04:00,1283.8,trailing,-15.99999999999909,2.0,-17.99999999999909,1295.2325003698147,1282.8822610482825
2017-04-19,-1,1,2017-04-19 15:30:00-04:00,1281.1000000000001,2017-04-19 15:59:00-04:00,1280.8999999999999,cierre,2.0000000000027285,2.0,2.7284841053187847e-12,1296.7186692060286,1281.4028788963828
2017-04-20,1,1,2017-04-20 10:00:00-04:00,1283.8,2017-04-20 10:30:00-04:00,1282.3000000000002,trailing,-14.999999999997726,2.0,-16.999999999997726,1283.4936561872466,1278.9075258702983
2017-04-21,1,1,2017-04-21 12:30:00-04:00,1288.3999999999999,2017-04-21 14:00:00-04:00,1286.8000000000002,trailing,-15.999999999996817,2.0,-17.999999999996817,1287.1128779394487,1280.4905027566601
2017-04-25,-1,1,2017-04-25 12:30:00-04:00,1264.4,2017-04-25 13:00:00-04:00,1266.1,trailing,-16.99999999999818,2.0,-18.99999999999818,1280.1767883898328,1265.24259635142
2017-04-26,1,1,2017-04-26 14:30:00-04:00,1268.8,2017-04-26 15:00:00-04:00,1268.5,trailing,-2.9999999999995453,2.0,-4.999999999999545,1268.3631982041802,1261.238349435471
2017-04-27,-1,1,2017-04-27 10:00:00-04:00,1262.9,2017-04-27 10:30:00-04:00,1264.8999999999999,trailing,-19.999999999997726,2.0,-21.999999999997726,1272.9069063698894,1264.6996326666158
2017-04-28,1,1,2017-04-28 11:30:00-04:00,1268.6999999999998,2017-04-28 12:00:00-04:00,1268.2,trailing,-4.999999999997726,2.0,-6.999999999997726,1268.5283586969665,1263.1726002946996
2017-05-01,-1,1,2017-05-01 12:30:00-04:00,1256.1000000000001,2017-05-01 15:59:00-04:00,1258.1999999999998,cierre,-20.999999999996817,2.0,-22.999999999996817,1272.3309785457482,1261.2810673583601
2017-05-03,-1,1,2017-05-03 10:30:00-04:00,1247.5,2017-05-03 11:00:00-04:00,1250.6,trailing,-30.99999999999909,2.0,-32.99999999999909,1259.773766029703,1250.634530787204
2017-05-03,-1,1,2017-05-03 11:00:00-04:00,1250.4,2017-05-03 14:00:00-04:00,1250.1999999999998,trailing,2.0000000000027285,2.0,2.7284841053187847e-12,1259.5941437279228,1250.8134675076797
2017-05-03,-1,1,2017-05-03 14:30:00-04:00,1246.4,2017-05-03 15:59:00-04:00,1240.1999999999998,cierre,62.00000000000273,2.0,60.00000000000273,1259.9673792904757,1250.441656508343
2017-05-08,-1,1,2017-05-08 14:00:00-04:00,1226.7,2017-05-08 14:30:00-04:00,1227.5,trailing,-7.999999999999545,2.0,-9.999999999999545,1232.8471371083535,1226.7542028495886
2017-05-09,-1,1,2017-05-09 10:30:00-04:00,1217.6000000000001,2017-05-09 15:59:00-04:00,1220.0,cierre,-23.999999999998636,2.0,-25.999999999998636,1229.5153775870656,1218.397023096496
2017-05-11,1,1,2017-05-11 10:00:00-04:00,1223.3999999999999,2017-05-11 12:00:00-04:00,1223.4,trailing,2.2737367544323206e-12,2.0,-1.9999999999977263,1222.17242526193,1218.6288487967167
2017-05-11,1,1,2017-05-11 12:00:00-04:00,1223.6,2017-05-11 12:30:00-04:00,1223.9,trailing,3.000000000001819,2.0,1.000000000001819,1223.3574057917353,1217.445420812643
2017-05-11,1,1,2017-05-11 12:30:00-04:00,1224.1,2017-05-11 13:30:00-04:00,1224.1000000000001,trailing,2.2737367544323206e-12,2.0,-1.9999999999977263,1224.0852812086403,1216.7184990484295
2017-05-11,1,1,2017-05-11 15:00:00-04:00,1224.5,2017-05-11 15:59:00-04:00,1223.9,cierre,-5.9999999999990905,2.0,-7.9999999999990905,1224.3550522146795,1216.449081492775
2017-05-16,1,1,2017-05-16 11:00:00-04:00,1238.3,2017-05-16 12:00:00-04:00,1236.5,trailing,-17.999999999999545,2.0,-19.999999999999545,1235.7110934179047,1229.1932146675656
2017-05-16,1,1,2017-05-16 12:00:00-04:00,1236.6999999999998,2017-05-16 13:00:00-04:00,1236.2,trailing,-4.999999999997726,2.0,-6.999999999997726,1236.007293281171,1228.897806846718
2017-05-16,1,1,2017-05-16 14:00:00-04:00,1237.6999999999998,2017-05-16 15:00:00-04:00,1237.2,trailing,-4.999999999997726,2.0,-6.999999999997726,1237.0745094482386,1227.8334444300365
2017-05-16,1,1,2017-05-16 15:30:00-04:00,1237.6999999999998,2017-05-16 15:59:00-04:00,1236.2,cierre,-14.999999999997726,2.0,-16.999999999997726,1237.3826665852243,1227.52611130938
2017-05-17,1,1,2017-05-17 10:00:00-04:00,1258.3,2017-05-17 11:30:00-04:00,1256.4,trailing,-18.999999999998636,2.0,-20.999999999998636,1255.4855392065144,1235.1314740325172
2017-05-17,1,1,2017-05-17 11:30:00-04:00,1256.6,2017-05-17 12:00:00-04:00,1255.9,trailing,-6.999999999998181,2.0,-8.999999999998181,1256.4423125957405,1234.1884309478478
2017-05-17,1,1,2017-05-17 12:30:00-04:00,1257.5,2017-05-17 13:00:00-04:00,1256.3000000000002,trailing,-11.999999999998181,2.0,-13.999999999998181,1257.0867836897987,1233.5532084224683
2017-05-17,1,1,2017-05-17 13:30:00-04:00,1258.6,2017-05-17 15:00:00-04:00,1257.0,trailing,-15.99999999999909,2.0,-17.99999999999909,1257.5707902382221,1233.0761476747873
2017-05-17,1,1,2017-05-17 15:30:00-04:00,1258.8999999999999,2017-05-17 15:59:00-04:00,1258.8000000000002,cierre,-0.9999999999968168,2.0,-2.9999999999968168,1257.6212508789476,1233.0264111762392
2017-05-18,-1,1,2017-05-18 10:00:00-04:00,1256.7,2017-05-18 12:00:00-04:00,1255.6,trailing,11.000000000001364,2.0,9.000000000001364,1260.1138112359438,1257.2865744376559
2017-05-18,-1,1,2017-05-18 12:00:00-04:00,1255.4,2017-05-18 13:00:00-04:00,1254.3999999999999,trailing,10.000000000002274,2.0,8.000000000002274,1260.9719533490531,1256.4287049886543
2017-05-18,-1,1,2017-05-18 13:00:00-04:00,1254.2,2017-05-18 15:59:00-04:00,1248.8999999999999,cierre,53.00000000000182,2.0,51.00000000000182,1261.9953675054658,1255.4056160095095
2017-05-22,1,1,2017-05-22 10:00:00-04:00,1259.3999999999999,2017-05-22 10:30:00-04:00,1258.2,trailing,-11.999999999998181,2.0,-13.999999999998181,1258.435373432101,1253.566984900891
2017-05-22,1,1,2017-05-22 12:00:00-04:00,1260.3,2017-05-22 12:30:00-04:00,1259.9,trailing,-3.9999999999986358,2.0,-5.999999999998636,1259.2575512802796,1252.746376593625
2017-05-22,1,1,2017-05-22 13:00:00-04:00,1260.6999999999998,2017-05-22 15:30:00-04:00,1260.8000000000002,trailing,1.000000000003638,2.0,-0.999999999996362,1260.1379241686727,1251.867684340717
2017-05-23,-1,1,2017-05-23 12:00:00-04:00,1255.8000000000002,2017-05-23 15:59:00-04:00,1251.8,cierre,40.000000000002274,2.0,38.000000000002274,1264.7306076579332,1258.073442285342
2017-05-24,1,1,2017-05-24 15:30:00-04:00,1256.8,2017-05-24 15:59:00-04:00,1257.0,cierre,2.0000000000004547,2.0,4.547473508864641e-13,1255.751987703548,1247.149630890246
2017-05-31,1,1,2017-05-31 13:30:00-04:00,1272.0,2017-05-31 15:50:00-04:00,1268.1000000000001,cierre,-38.999999999998636,2.0,-40.999999999998636,1266.8107382982055,1258.3946772468257
2017-06-01,1,1,2017-06-01 10:00:00-04:00,1267.5,2017-06-01 10:30:00-04:00,1266.7,trailing,-7.999999999999545,2.0,-9.999999999999545,1266.682195301096,1264.317804698904
2017-06-01,1,1,2017-06-01 11:30:00-04:00,1267.6,2017-06-01 12:00:00-04:00,1266.2,trailing,-13.999999999998636,2.0,-15.999999999998636,1267.334716493926,1263.6652835060743
2017-06-01,1,1,2017-06-01 13:30:00-04:00,1270.3,2017-06-01 14:00:00-04:00,1268.9,trailing,-13.999999999998636,2.0,-15.999999999998636,1269.0387774679532,1261.961222532047
2017-06-01,1,1,2017-06-01 14:30:00-04:00,1270.6999999999998,2017-06-01 15:59:00-04:00,1270.4,cierre,-2.9999999999972715,2.0,-4.9999999999972715,1269.4733834275269,1261.5266165724731
2017-06-02,1,1,2017-06-02 11:30:00-04:00,1281.3999999999999,2017-06-02 12:00:00-04:00,1279.1000000000001,trailing,-22.99999999999727,2.0,-24.99999999999727,1279.75194717968,1268.559204185488
2017-06-07,-1,1,2017-06-07 14:30:00-04:00,1287.7,2017-06-07 15:59:00-04:00,1289.6999999999998,cierre,-19.999999999997726,2.0,-21.999999999997726,1300.0594392530386,1289.4501697229625
2017-06-08,-1,1,2017-06-08 10:00:00-04:00,1276.5,2017-06-08 11:00:00-04:00,1278.8,trailing,-22.999999999999545,2.0,-24.999999999999545,1290.5821794863007,1284.5209431376863
2017-06-08,-1,1,2017-06-08 11:00:00-04:00,1278.6000000000001,2017-06-08 12:00:00-04:00,1279.6,trailing,-9.999999999997726,2.0,-11.999999999997726,1290.971120069511,1284.133239105648
2017-06-08,-1,1,2017-06-08 12:00:00-04:00,1279.4,2017-06-08 12:30:00-04:00,1280.1999999999998,trailing,-7.9999999999972715,2.0,-9.999999999997272,1291.2530409215688,1283.8522145590287
2017-06-08,-1,1,2017-06-08 12:30:00-04:00,1280.0,2017-06-08 13:00:00-04:00,1279.3,trailing,7.000000000000455,2.0,5.000000000000455,1291.3936858043123,1283.7120168258039
2017-06-08,-1,1,2017-06-08 13:00:00-04:00,1279.1000000000001,2017-06-08 13:30:00-04:00,1279.6,trailing,-4.999999999997726,2.0,-6.999999999997726,1291.7407119101213,1283.3660940132902
2017-06-08,-1,1,2017-06-08 13:30:00-04:00,1279.4,2017-06-08 14:00:00-04:00,1279.8999999999999,trailing,-4.999999999997726,2.0,-6.999999999997726,1292.3696747417434,1282.7391308308688
2017-06-08,-1,1,2017-06-08 14:00:00-04:00,1279.7,2017-06-08 14:30:00-04:00,1280.8999999999999,trailing,-11.999999999998181,2.0,-13.999999999998181,1292.5107138645722,1282.598540110959
2017-06-08,-1,1,2017-06-08 14:30:00-04:00,1280.7,2017-06-08 15:00:00-04:00,1281.5,trailing,-7.999999999999545,2.0,-9.999999999999545,1292.607752613181,1282.5018098757412
2017-06-08,-1,1,2017-06-08 15:00:00-04:00,1281.3000000000002,2017-06-08 15:30:00-04:00,1281.6,trailing,-2.9999999999972715,2.0,-4.9999999999972715,1293.092963916634,1282.0181411950737
2017-06-08,-1,1,2017-06-08 15:30:00-04:00,1281.4,2017-06-08 15:59:00-04:00,1281.1,cierre,3.000000000001819,2.0,1.000000000001819,1293.3173389515566,1281.7944795113012
2017-06-14,-1,1,2017-06-14 15:30:00-04:00,1259.7,2017-06-14 15:59:00-04:00,1261.8999999999999,cierre,-21.99999999999818,2.0,-23.99999999999818,1282.6373684416862,1265.7882673657305
2017-06-20,-1,1,2017-06-20 10:00:00-04:00,1243.4,2017-06-20 10:30:00-04:00,1244.6,trailing,-11.999999999998181,2.0,-13.999999999998181,1247.746813638415,1244.553310484008
2017-06-20,-1,1,2017-06-20 11:00:00-04:00,1243.8000000000002,2017-06-20 11:30:00-04:00,1244.5,trailing,-6.999999999998181,2.0,-8.999999999998181,1247.8105613163805,1244.4895679214076
2017-06-21,1,1,2017-06-21 11:00:00-04:00,1245.8999999999999,2017-06-21 12:00:00-04:00,1245.0,trailing,-8.999999999998636,2.0,-10.999999999998636,1245.4494938752673,1241.451434445775
2017-06-21,1,1,2017-06-21 12:00:00-04:00,1245.1999999999998,2017-06-21 12:30:00-04:00,1245.2,trailing,2.2737367544323206e-12,2.0,-1.9999999999977263,1245.192964739574,1241.7078192090653
2017-06-21,1,1,2017-06-21 13:00:00-04:00,1246.5,2017-06-21 13:30:00-04:00,1245.6000000000001,trailing,-8.999999999998636,2.0,-10.999999999998636,1245.4877197013323,1241.413230132878
2017-06-21,1,1,2017-06-21 14:00:00-04:00,1246.8,2017-06-21 15:00:00-04:00,1247.3000000000002,trailing,5.000000000002274,2.0,3.0000000000022737,1246.2746552206506,1240.626737494138
2017-07-03,-1,1,2017-07-03 11:00:00-04:00,1222.1000000000001,2017-07-03 15:59:00-04:00,1221.3999999999999,cierre,7.0000000000027285,2.0,5.0000000000027285,1243.2510231667063,1223.3731322830286
2017-07-05,1,1,2017-07-05 15:30:00-04:00,1225.8999999999999,2017-07-05 15:59:00-04:00,1224.7,cierre,-11.999999999998181,2.0,-13.999999999998181,1225.0565329698557,1215.9518747691868
2017-07-07,-1,1,2017-07-07 10:00:00-04:00,1214.4,2017-07-07 15:59:00-04:00,1211.6999999999998,cierre,27.00000000000273,2.0,25.00000000000273,1225.4698866689414,1215.5377894961869
2017-07-11,-1,1,2017-07-11 10:30:00-04:00,1207.8000000000002,2017-07-11 11:30:00-04:00,1214.0,trailing,-61.99999999999818,2.0,-63.99999999999818,1215.5576619321341,1209.3460482050145
2017-07-13,-1,1,2017-07-13 10:30:00-04:00,1216.9,2017-07-13 11:00:00-04:00,1217.6,trailing,-6.999999999998181,2.0,-8.999999999998181,1221.6660143559855,1217.234163258968
2017-07-13,-1,1,2017-07-13 11:30:00-04:00,1216.4,2017-07-13 12:00:00-04:00,1217.3,trailing,-8.999999999998636,2.0,-10.999999999998636,1222.3132317472807,1216.5869989400294
2017-07-13,-1,1,2017-07-13 12:30:00-04:00,1216.5,2017-07-13 13:00:00-04:00,1217.1999999999998,trailing,-6.999999999998181,2.0,-8.999999999998181,1222.2510909819844,1216.649134609732
2017-07-19,-1,1,2017-07-19 10:30:00-04:00,1239.1000000000001,2017-07-19 11:00:00-04:00,1241.3999999999999,trailing,-22.99999999999727,2.0,-24.99999999999727,1244.558486689459,1239.4429031925044
2017-07-20,-1,1,2017-07-20 10:00:00-04:00,1237.7,2017-07-20 10:30:00-04:00,1239.1,trailing,-13.999999999998636,2.0,-15.999999999998636,1242.2433566408088,1238.6579042639296
2017-07-20,1,1,2017-07-20 11:00:00-04:00,1245.6,2017-07-20 15:00:00-04:00,1243.3000000000002,trailing,-22.99999999999727,2.0,-24.99999999999727,1243.2462997619161,1237.656173207503
2017-07-21,1,1,2017-07-21 13:30:00-04:00,1255.0,2017-07-21 15:30:00-04:00,1254.4,trailing,-5.9999999999990905,2.0,-7.9999999999990905,1254.7293359156736,1239.8924800940024
2017-07-26,1,1,2017-07-26 14:30:00-04:00,1255.8,2017-07-26 15:59:00-04:00,1260.8000000000002,cierre,50.000000000002274,2.0,48.000000000002274,1253.2861578199486,1243.7226132930678
2017-07-27,-1,1,2017-07-27 10:30:00-04:00,1258.1000000000001,2017-07-27 13:00:00-04:00,1258.6999999999998,trailing,-5.999999999996817,2.0,-7.999999999996817,1264.502558368317,1259.2999795339215
2017-07-28,1,1,2017-07-28 10:00:00-04:00,1265.0,2017-07-28 15:59:00-04:00,1268.3000000000002,cierre,33.00000000000182,2.0,31.00000000000182,1263.8755708103843,1258.7269011403584
2017-08-01,1,1,2017-08-01 10:30:00-04:00,1279.3,2017-08-01 12:00:00-04:00,1277.7,trailing,-15.99999999999909,2.0,-17.99999999999909,1277.4468723019852,1271.1570002618225
2017-08-01,1,1,2017-08-01 13:00:00-04:00,1279.1,2017-08-01 15:00:00-04:00,1278.3000000000002,trailing,-7.9999999999972715,2.0,-9.999999999997272,1278.0298937895193,1270.5753497293458
2017-08-02,1,1,2017-08-02 11:30:00-04:00,1277.8999999999999,2017-08-02 12:00:00-04:00,1277.4,trailing,-4.999999999997726,2.0,-6.999999999997726,1277.7774162727972,1270.8259433586327
2017-08-02,1,1,2017-08-02 13:00:00-04:00,1278.3999999999999,2017-08-02 14:00:00-04:00,1276.3000000000002,trailing,-20.999999999996817,2.0,-22.999999999996817,1277.6977770203914,1270.9054826794224
2017-08-03,1,1,2017-08-03 10:30:00-04:00,1274.8,2017-08-03 11:00:00-04:00,1275.2,trailing,4.0000000000009095,2.0,2.0000000000009095,1274.6785476113255,1269.723223489502
2017-08-04,-1,1,2017-08-04 10:00:00-04:00,1262.4,2017-08-04 11:00:00-04:00,1263.1,trailing,-6.999999999998181,2.0,-8.999999999998181,1276.0381949567393,1266.2695906585136
2017-08-04,-1,1,2017-08-04 11:00:00-04:00,1262.9,2017-08-04 12:30:00-04:00,1263.5,trailing,-5.9999999999990905,2.0,-7.9999999999990905,1277.2745358961683,1265.039942605074
2017-08-04,-1,1,2017-08-04 12:30:00-04:00,1263.3000000000002,2017-08-04 13:30:00-04:00,1264.6999999999998,trailing,-13.999999999996362,2.0,-15.999999999996362,1277.7828180046465,1264.5344120630075
2017-08-04,-1,1,2017-08-04 13:30:00-04:00,1264.5,2017-08-04 14:00:00-04:00,1263.8999999999999,trailing,6.000000000001364,2.0,4.000000000001364,1277.5656891234269,1264.7503655250523
2017-08-04,-1,1,2017-08-04 14:00:00-04:00,1263.7,2017-08-04 14:30:00-04:00,1264.6,trailing,-8.999999999998636,2.0,-10.999999999998636,1277.262034639696,1265.0523761864563
2017-08-04,-1,1,2017-08-04 14:30:00-04:00,1264.4,2017-08-04 15:00:00-04:00,1264.3,trailing,1.0000000000013642,2.0,-0.9999999999986358,1277.724514958671,1264.5923994875982
2017-08-04,-1,1,2017-08-04 15:00:00-04:00,1264.1000000000001,2017-08-04 15:30:00-04:00,1264.5,trailing,-3.9999999999986358,2.0,-5.999999999998636,1277.976839362602,1264.3414410325038
2017-08-04,-1,1,2017-08-04 15:30:00-04:00,1264.3000000000002,2017-08-04 15:59:00-04:00,1264.3,cierre,2.2737367544323206e-12,2.0,-1.9999999999977263,1277.6738590353086,1264.6427811869912
2017-08-08,-1,1,2017-08-08 11:00:00-04:00,1259.0,2017-08-08 12:30:00-04:00,1261.8999999999999,trailing,-28.999999999998636,2.0,-30.999999999998636,1271.2436541429277,1259.9688789583668
2017-08-11,1,1,2017-08-11 15:00:00-04:00,1295.8,2017-08-11 15:59:00-04:00,1297.1000000000001,cierre,13.000000000001819,2.0,11.000000000001819,1295.2291909406679,1287.671097808147
2017-08-16,1,1,2017-08-16 13:30:00-04:00,1283.0,2017-08-16 15:59:00-04:00,1287.3000000000002,cierre,43.00000000000182,2.0,41.00000000000182,1281.3530894884645,1271.6552976999728
2017-08-21,1,1,2017-08-21 10:00:00-04:00,1297.6,2017-08-21 11:00:00-04:00,1297.0,trailing,-5.9999999999990905,2.0,-7.9999999999990905,1296.283763725937,1290.4194877875148
2017-08-22,-1,1,2017-08-22 10:00:00-04:00,1289.0,2017-08-22 10:30:00-04:00,1291.3999999999999,trailing,-23.999999999998636,2.0,-25.999999999998636,1298.9110392048472,1293.092189579499
2017-08-22,-1,1,2017-08-22 10:30:00-04:00,1291.2,2017-08-22 11:30:00-04:00,1292.8,trailing,-15.99999999999909,2.0,-17.99999999999909,1299.8720236659067,1292.1331310874514
2017-08-22,-1,1,2017-08-22 13:30:00-04:00,1290.8000000000002,2017-08-22 14:00:00-04:00,1291.1999999999998,trailing,-3.999999999996362,2.0,-5.999999999996362,1301.0164101095502,1290.9910381801938
2017-08-22,-1,1,2017-08-22 14:30:00-04:00,1289.7,2017-08-22 15:30:00-04:00,1291.3999999999999,trailing,-16.99999999999818,2.0,-18.99999999999818,1301.4943207522606,1290.514085348068
2017-08-25,-1,1,2017-08-25 10:00:00-04:00,1285.6000000000001,2017-08-25 10:30:00-04:00,1295.8,trailing,-101.99999999999818,2.0,-103.99999999999818,1298.4119665273429,1289.6948701598103
2017-08-28,1,1,2017-08-28 11:00:00-04:00,1309.3,2017-08-28 15:59:00-04:00,1317.0,cierre,77.00000000000045,2.0,75.00000000000045,1305.3143702322777,1293.9976747493097
2017-08-29,-1,1,2017-08-29 15:00:00-04:00,1312.6000000000001,2017-08-29 15:59:00-04:00,1314.5,cierre,-18.999999999998636,2.0,-20.999999999998636,1333.6956377454342,1312.8441067590556
2017-08-31,1,1,2017-08-31 10:30:00-04:00,1321.1,2017-08-31 15:59:00-04:00,1328.7,cierre,76.00000000000136,2.0,74.00000000000136,1317.7350715191558,1311.368486027773
2017-09-01,-1,1,2017-09-01 10:00:00-04:00,1325.4,2017-09-01 11:00:00-04:00,1327.1999999999998,trailing,-17.99999999999727,2.0,-19.99999999999727,1333.4365812349824,1326.267421184879
2017-09-05,1,1,2017-09-05 12:30:00-04:00,1343.5,2017-09-05 13:00:00-04:00,1342.8000000000002,trailing,-6.999999999998181,2.0,-8.999999999998181,1342.89307106183,1333.9121448125345
2017-09-05,1,1,2017-09-05 13:30:00-04:00,1344.5,2017-09-05 14:00:00-04:00,1343.4,trailing,-10.99999999999909,2.0,-12.99999999999909,1344.075752829933,1332.7312290318412
2017-09-05,1,1,2017-09-05 14:30:00-04:00,1345.3999999999999,2017-09-05 15:59:00-04:00,1346.1000000000001,cierre,7.0000000000027285,2.0,5.0000000000027285,1344.976859783621,1331.8314676163848
2017-09-06,-1,1,2017-09-06 13:00:00-04:00,1338.2,2017-09-06 15:59:00-04:00,1339.1999999999998,cierre,-9.999999999997726,2.0,-11.999999999997726,1350.359882567906,1340.744134552387
2017-09-07,1,1,2017-09-07 10:30:00-04:00,1351.1999999999998,2017-09-07 13:00:00-04:00,1347.7,trailing,-34.999999999997726,2.0,-36.999999999997726,1349.9322111876288,1336.384216151014
2017-09-07,1,1,2017-09-07 15:30:00-04:00,1353.3999999999999,2017-09-07 15:59:00-04:00,1353.0,cierre,-3.9999999999986358,2.0,-5.999999999998636,1353.2368417837188,1333.0994545482645
2017-09-08,-1,1,2017-09-08 11:00:00-04:00,1348.6000000000001,2017-09-08 11:30:00-04:00,1351.1999999999998,trailing,-25.999999999996817,2.0,-27.999999999996817,1356.4232556165073,1350.2777872527363
2017-09-11,-1,1,2017-09-11 15:30:00-04:00,1330.8000000000002,2017-09-11 15:59:00-04:00,1331.8999999999999,cierre,-10.999999999996817,2.0,-12.999999999996817,1356.9292241472456,1332.326597360616
2017-09-13,-1,1,2017-09-13 10:00:00-04:00,1331.5,2017-09-13 15:59:00-04:00,1325.8,cierre,57.000000000000455,2.0,55.000000000000455,1338.0955707097637,1331.8071195321056
2017-09-14,1,1,2017-09-14 10:00:00-04:00,1329.3999999999999,2017-09-14 11:00:00-04:00,1328.8000000000002,trailing,-5.999999999996817,2.0,-7.999999999996817,1328.8315863498153,1323.2696969059486
2017-09-14,1,1,2017-09-14 14:00:00-04:00,1333.3,2017-09-14 15:00:00-04:00,1330.7,trailing,-25.99999999999909,2.0,-27.99999999999909,1331.1280148152816,1320.9744803674466
2017-09-15,-1,1,2017-09-15 10:30:00-04:00,1325.2,2017-09-15 12:00:00-04:00,1327.1999999999998,trailing,-19.999999999997726,2.0,-21.999999999997726,1334.4915806787606,1326.6126881934058
2017-09-18,-1,1,2017-09-18 11:00:00-04:00,1312.1000000000001,2017-09-18 15:00:00-04:00,1310.5,trailing,16.000000000001364,2.0,14.000000000001364,1327.7780898337298,1312.3437436386293
2017-09-20,-1,1,2017-09-20 14:30:00-04:00,1306.8000000000002,2017-09-20 15:59:00-04:00,1304.1,cierre,27.00000000000273,2.0,25.00000000000273,1319.9066096013823,1310.0961312285408
2017-09-25,1,1,2017-09-25 11:30:00-04:00,1306.8999999999999,2017-09-25 15:59:00-04:00,1313.6000000000001,cierre,67.00000000000273,2.0,65.00000000000273,1302.7177688555123,1292.791694657772
2017-09-27,-1,1,2017-09-27 10:00:00-04:00,1285.8000000000002,2017-09-27 10:30:00-04:00,1288.1999999999998,trailing,-23.999999999996362,2.0,-25.999999999996362,1300.0841693860668,1286.0264971639501
2017-09-29,-1,1,2017-09-29 10:00:00-04:00,1285.9,2017-09-29 10:30:00-04:00,1288.0,trailing,-20.99999999999909,2.0,-22.99999999999909,1290.5651842524956,1287.8353113741439
2017-09-29,-1,1,2017-09-29 13:30:00-04:00,1284.8000000000002,2017-09-29 14:00:00-04:00,1286.0,trailing,-11.999999999998181,2.0,-13.999999999998181,1293.0034308541183,1285.3981992804397
2017-10-05,-1,1,2017-10-05 13:30:00-04:00,1273.2,2017-10-05 15:59:00-04:00,1271.0,cierre,22.000000000000455,2.0,20.000000000000455,1281.1386206121647,1274.1626465529546
2017-10-06,-1,1,2017-10-06 10:00:00-04:00,1263.1000000000001,2017-10-06 10:30:00-04:00,1266.0,trailing,-28.999999999998636,2.0,-30.999999999998636,1271.8499933759351,1266.9522491137398
2017-10-06,-1,1,2017-10-06 10:30:00-04:00,1265.8000000000002,2017-10-06 11:00:00-04:00,1275.0,trailing,-91.99999999999818,2.0,-93.99999999999818,1272.0507071989175,1266.752009082141
2017-10-06,1,1,2017-10-06 11:00:00-04:00,1275.0,2017-10-06 15:59:00-04:00,1276.9,cierre,19.00000000000091,2.0,17.00000000000091,1272.72450304664,1266.0798037510153
2017-10-10,1,1,2017-10-10 10:00:00-04:00,1294.8,2017-10-10 11:30:00-04:00,1293.9,trailing,-8.999999999998636,2.0,-10.999999999998636,1294.3032349505881,1285.9026109602498
2017-10-11,-1,1,2017-10-11 12:30:00-04:00,1287.5,2017-10-11 13:00:00-04:00,1288.3999999999999,trailing,-8.999999999998636,2.0,-10.999999999998636,1295.7440463856149,1287.6603318315395
2017-10-11,-1,1,2017-10-11 14:00:00-04:00,1287.2,2017-10-11 14:30:00-04:00,1292.0,trailing,-47.999999999999545,2.0,-49.999999999999545,1295.8398447729862,1287.564666847462
2017-10-12,-1,1,2017-10-12 10:00:00-04:00,1293.4,2017-10-12 10:30:00-04:00,1294.3,trailing,-8.999999999998636,2.0,-10.999999999998636,1296.5340657680176,1293.7660372327364
2017-10-16,-1,1,2017-10-16 13:30:00-04:00,1302.9,2017-10-16 15:59:00-04:00,1296.8999999999999,cierre,60.000000000002274,2.0,58.000000000002274,1308.602208761764,1303.2983659741892
2017-10-19,1,1,2017-10-19 11:30:00-04:00,1291.1999999999998,2017-10-19 12:00:00-04:00,1289.4,trailing,-17.99999999999727,2.0,-19.99999999999727,1289.537594677996,1280.7695564726432
2017-10-24,-1,1,2017-10-24 11:00:00-04:00,1275.5,2017-10-24 11:30:00-04:00,1277.3,trailing,-17.999999999999545,2.0,-19.999999999999545,1285.400376719633,1276.0075708228753
2017-10-25,-1,1,2017-10-25 10:00:00-04:00,1277.0,2017-10-25 10:30:00-04:00,1276.6999999999998,trailing,3.000000000001819,2.0,1.000000000001819,1279.5968188870704,1277.20335269195
2017-10-25,-1,1,2017-10-25 10:30:00-04:00,1276.5,2017-10-25 11:00:00-04:00,1277.1,trailing,-5.9999999999990905,2.0,-7.9999999999990905,1279.6621060291775,1277.1380757629272
2017-10-26,-1,1,2017-10-26 10:00:00-04:00,1275.2,2017-10-26 10:30:00-04:00,1276.1999999999998,trailing,-9.999999999997726,2.0,-11.999999999997726,1279.982819033473,1275.4192158444384
2017-10-26,-1,1,2017-10-26 11:30:00-04:00,1273.1000000000001,2017-10-26 15:59:00-04:00,1267.8,cierre,53.00000000000182,2.0,51.00000000000182,1280.2096656089493,1275.1927595273812
2017-10-27,-1,1,2017-10-27 10:00:00-04:00,1266.6000000000001,2017-10-27 10:30:00-04:00,1271.0,trailing,-43.999999999998636,2.0,-45.999999999998636,1269.129467046961,1266.7708994043269
2017-10-27,1,1,2017-10-27 10:30:00-04:00,1271.0,2017-10-27 11:00:00-04:00,1270.2,trailing,-7.999999999999545,2.0,-9.999999999999545,1269.3374311302425,1266.5630173128777
2017-10-27,1,1,2017-10-27 11:00:00-04:00,1270.3999999999999,2017-10-27 15:59:00-04:00,1273.8000000000002,cierre,34.00000000000318,2.0,32.00000000000318,1269.6279539944298,1266.2726089901132
2017-10-30,1,1,2017-10-30 12:30:00-04:00,1278.6,2017-10-30 15:59:00-04:00,1276.5,cierre,-20.99999999999909,2.0,-22.99999999999909,1276.1469168934543,1271.853404418357
2017-10-31,-1,1,2017-10-31 10:30:00-04:00,1270.1000000000001,2017-10-31 11:30:00-04:00,1271.5,trailing,-13.999999999998636,2.0,-15.999999999998636,1277.8699146709357,1271.7336664764991
2017-10-31,-1,1,2017-10-31 11:30:00-04:00,1271.3000000000002,2017-10-31 13:30:00-04:00,1270.6999999999998,trailing,6.000000000003638,2.0,4.000000000003638,1277.964188825844,1271.6396581738215
2017-11-01,1,1,2017-11-01 10:30:00-04:00,1279.3,2017-11-01 12:00:00-04:00,1277.5,trailing,-17.999999999999545,2.0,-19.999999999999545,1275.883547285059,1270.1197093974479
2017-11-01,1,1,2017-11-01 12:00:00-04:00,1277.6999999999998,2017-11-01 13:00:00-04:00,1277.5,trailing,-1.999999999998181,2.0,-3.999999999998181,1276.0594333563117,1269.9442373381323
2017-11-01,1,1,2017-11-01 13:00:00-04:00,1277.6999999999998,2017-11-01 13:30:00-04:00,1277.1000000000001,trailing,-5.999999999996817,2.0,-7.999999999996817,1276.561471469438,1269.443380954578
2017-11-01,1,1,2017-11-01 13:30:00-04:00,1277.3,2017-11-01 14:00:00-04:00,1276.8000000000002,trailing,-4.999999999997726,2.0,-6.999999999997726,1276.897485223175,1269.108158131607
2017-11-02,1,1,2017-11-02 10:30:00-04:00,1283.3999999999999,2017-11-02 11:00:00-04:00,1280.3000000000002,trailing,-30.999999999996817,2.0,-32.99999999999682,1279.3531148035165,1274.3490846918003
2017-11-02,1,1,2017-11-02 11:00:00-04:00,1280.5,2017-11-02 11:30:00-04:00,1279.8000000000002,trailing,-6.999999999998181,2.0,-8.999999999998181,1279.2825506182894,1274.4195549902659
2017-11-02,1,1,2017-11-02 11:30:00-04:00,1280.0,2017-11-02 12:00:00-04:00,1279.4,trailing,-5.9999999999990905,2.0,-7.9999999999990905,1279.3253850433546,1274.3767775570786
2017-11-02,1,1,2017-11-02 12:00:00-04:00,1279.6,2017-11-02 12:30:00-04:00,1276.1000000000001,trailing,-34.999999999997726,2.0,-36.999999999997726,1279.4360088668084,1274.2663009203668
2017-11-03,-1,1,2017-11-03 11:00:00-04:00,1266.7,2017-11-03 15:59:00-04:00,1270.6,cierre,-38.999999999998636,2.0,-40.999999999998636,1280.194575460404,1275.4074199413922
2017-11-06,1,1,2017-11-06 10:00:00-05:00,1272.6,2017-11-06 10:30:00-05:00,1272.6000000000001,trailing,2.2737367544323206e-12,2.0,-1.9999999999977263,1272.410235706756,1269.690465189184
2017-11-06,1,1,2017-11-06 11:30:00-05:00,1277.1,2017-11-06 15:59:00-05:00,1281.7,cierre,46.000000000001364,2.0,44.000000000001364,1273.9674561856166,1268.1345917868623
2017-11-07,-1,1,2017-11-07 10:00:00-05:00,1276.9,2017-11-07 11:00:00-05:00,1276.3999999999999,trailing,5.000000000002274,2.0,3.0000000000022737,1282.6601843531216,1279.2409564749328
2017-11-07,-1,1,2017-11-07 11:00:00-05:00,1276.2,2017-11-07 12:00:00-05:00,1276.0,trailing,2.0000000000004547,2.0,4.547473508864641e-13,1284.330976934292,1277.5723797990424
2017-11-07,-1,1,2017-11-07 12:00:00-05:00,1275.8000000000002,2017-11-07 13:30:00-05:00,1276.1,trailing,-2.9999999999972715,2.0,-4.9999999999972715,1284.8006958778863,1277.1032838248695
2017-11-07,-1,1,2017-11-07 13:30:00-05:00,1275.9,2017-11-07 14:30:00-05:00,1276.1,trailing,-1.999999999998181,2.0,-3.999999999998181,1285.475208344333,1276.4296659372906
2017-11-07,-1,1,2017-11-07 14:30:00-05:00,1275.9,2017-11-07 15:00:00-05:00,1277.1,trailing,-11.999999999998181,2.0,-13.999999999998181,1285.174985335324,1276.7294907725475
2017-11-08,1,1,2017-11-08 10:00:00-05:00,1286.0,2017-11-08 10:30:00-05:00,1284.6000000000001,trailing,-13.999999999998636,2.0,-15.999999999998636,1285.7914355226933,1275.7148149658915
2017-11-09,1,1,2017-11-09 10:00:00-05:00,1285.3,2017-11-09 10:30:00-05:00,1283.6000000000001,trailing,-16.99999999999818,2.0,-18.99999999999818,1284.7765887828352,1280.5251608309682
2017-11-09,1,1,2017-11-09 15:00:00-05:00,1288.5,2017-11-09 15:30:00-05:00,1287.5,trailing,-10.0,2.0,-12.0,1287.7830200384913,1277.5241157662201
2017-11-10,-1,1,2017-11-10 11:30:00-05:00,1276.8000000000002,2017-11-10 15:59:00-05:00,1276.0,cierre,8.000000000001819,2.0,6.000000000001819,1289.8956882259943,1281.8088826534195
2017-11-14,1,1,2017-11-14 13:30:00-05:00,1283.1999999999998,2017-11-14 15:00:00-05:00,1281.3000000000002,trailing,-18.999999999996362,2.0,-20.999999999996362,1282.1513111097422,1268.5656555438768
2017-11-16,1,1,2017-11-16 10:00:00-05:00,1280.5,2017-11-16 10:30:00-05:00,1279.5,trailing,-10.0,2.0,-12.0,1279.8211624467156,1277.3791569659986
2017-11-17,1,1,2017-11-17 13:00:00-05:00,1293.8999999999999,2017-11-17 15:59:00-05:00,1293.9,cierre,2.2737367544323206e-12,2.0,-1.9999999999977263,1291.4817811079217,1273.5493323734129
2017-11-20,-1,1,2017-11-20 10:00:00-05:00,1286.2,2017-11-20 10:30:00-05:00,1286.0,trailing,2.0000000000004547,2.0,4.547473508864641e-13,1295.1040657290791,1286.7012242303647
2017-11-20,-1,1,2017-11-20 12:00:00-05:00,1279.0,2017-11-20 15:59:00-05:00,1276.8999999999999,cierre,21.000000000001364,2.0,19.000000000001364,1298.456797638996,1283.3645564146066
2017-11-21,1,1,2017-11-21 10:00:00-05:00,1282.5,2017-11-21 10:30:00-05:00,1281.9,trailing,-5.9999999999990905,2.0,-7.9999999999990905,1282.16352965453,1275.640285196796
2017-11-22,1,1,2017-11-22 14:30:00-05:00,1293.6,2017-11-22 15:30:00-05:00,1292.1000000000001,trailing,-14.999999999997726,2.0,-16.999999999997726,1293.020274268981,1273.6152747049582
2017-11-28,-1,1,2017-11-28 10:00:00-05:00,1292.1000000000001,2017-11-28 10:30:00-05:00,1294.8999999999999,trailing,-27.99999999999727,2.0,-29.99999999999727,1297.001584575545,1292.3005249618545
2017-11-29,-1,1,2017-11-29 10:00:00-05:00,1282.9,2017-11-29 10:30:00-05:00,1285.3999999999999,trailing,-24.999999999997726,2.0,-26.999999999997726,1294.2691116594017,1284.7383884465328
2017-11-30,-1,1,2017-11-30 12:00:00-05:00,1274.0,2017-11-30 13:30:00-05:00,1273.1999999999998,trailing,8.000000000001819,2.0,6.000000000001819,1287.4757961311007,1274.4407660646984
2017-12-01,1,1,2017-12-01 11:30:00-05:00,1292.3,2017-12-01 13:30:00-05:00,1282.0,trailing,-102.99999999999955,2.0,-104.99999999999955,1278.8214588643318,1273.9785411356681
2017-12-01,1,1,2017-12-01 13:30:00-05:00,1282.1999999999998,2017-12-01 14:00:00-05:00,1283.0,trailing,8.000000000001819,2.0,6.000000000001819,1281.0325932497797,1271.7674067502203
2017-12-01,1,1,2017-12-01 14:00:00-05:00,1283.1999999999998,2017-12-01 14:30:00-05:00,1283.7,trailing,5.000000000002274,2.0,3.0000000000022737,1280.8967074579475,1271.9032925420527
2017-12-01,1,1,2017-12-01 14:30:00-05:00,1283.8999999999999,2017-12-01 15:59:00-05:00,1283.6000000000001,cierre,-2.9999999999972715,2.0,-4.9999999999972715,1281.2403435382691,1271.559656461731
2017-12-05,-1,1,2017-12-05 10:30:00-05:00,1268.1000000000001,2017-12-05 12:30:00-05:00,1267.1999999999998,trailing,9.000000000003183,2.0,7.000000000003183,1280.643075625528,1269.4666960206034
2017-12-05,-1,1,2017-12-05 13:00:00-05:00,1266.3000000000002,2017-12-05 14:30:00-05:00,1267.6999999999998,trailing,-13.999999999996362,2.0,-15.999999999996362,1283.5819354032656,1266.5464468004452
2017-12-07,-1,1,2017-12-07 14:30:00-05:00,1248.9,2017-12-07 15:59:00-05:00,1250.1,cierre,-11.999999999998181,2.0,-13.999999999998181,1271.2063259232443,1251.2319146622613
2017-12-11,-1,1,2017-12-11 14:30:00-05:00,1243.3000000000002,2017-12-11 15:59:00-05:00,1244.6999999999998,cierre,-13.999999999996362,2.0,-15.999999999996362,1252.9364175807957,1245.6664976132977
2017-12-12,-1,1,2017-12-12 11:00:00-05:00,1238.9,2017-12-12 11:30:00-05:00,1239.5,trailing,-5.9999999999990905,2.0,-7.9999999999990905,1245.9188537564012,1240.3842192597433
2017-12-13,1,1,2017-12-13 11:00:00-05:00,1248.8999999999999,2017-12-13 11:30:00-05:00,1248.1000000000001,trailing,-7.9999999999972715,2.0,-9.999999999997272,1248.6479678696574,1244.853077007734
2017-12-13,1,1,2017-12-13 14:00:00-05:00,1250.6999999999998,2017-12-13 15:59:00-05:00,1257.7,cierre,70.00000000000227,2.0,68.00000000000227,1249.9253573081705,1243.5766093544155
2017-12-14,-1,1,2017-12-14 10:00:00-05:00,1253.7,2017-12-14 11:00:00-05:00,1256.1999999999998,trailing,-24.999999999997726,2.0,-26.999999999997726,1259.3356952281151,1255.1656478031703
2017-12-18,1,1,2017-12-18 10:30:00-05:00,1264.8999999999999,2017-12-18 12:30:00-05:00,1265.4,trailing,5.000000000002274,2.0,3.0000000000022737,1264.6913397631063,1257.3135663876478
2017-12-20,1,1,2017-12-20 13:00:00-05:00,1270.3999999999999,2017-12-20 14:00:00-05:00,1269.2,trailing,-11.999999999998181,2.0,-13.999999999998181,1269.7886307395988,1262.515110911749
2017-12-22,1,1,2017-12-22 11:30:00-05:00,1278.0,2017-12-22 15:59:00-05:00,1278.2,cierre,2.0000000000004547,2.0,4.547473508864641e-13,1276.6541562206282,1269.2512098545624
2017-12-26,1,1,2017-12-26 12:00:00-05:00,1287.6,2017-12-26 14:30:00-05:00,1287.4,trailing,-1.999999999998181,2.0,-3.999999999998181,1286.743170495167,1276.5659184093602
2017-12-27,1,1,2017-12-27 12:00:00-05:00,1291.1999999999998,2017-12-27 12:30:00-05:00,1290.7,trailing,-4.999999999997726,2.0,-6.999999999997726,1290.8803790171628,1285.92182736012
2017-12-27,1,1,2017-12-27 13:30:00-05:00,1291.5,2017-12-27 15:30:00-05:00,1292.1000000000001,trailing,6.000000000001364,2.0,4.000000000001364,1291.3182213901532,1285.484596261675
2017-12-29,1,1,2017-12-29 13:00:00-05:00,1308.3999999999999,2017-12-29 14:00:00-05:00,1305.7,trailing,-26.99999999999818,2.0,-28.99999999999818,1307.5605745187106,1294.5534730593945
2018-01-02,1,1,2018-01-02 15:30:00-05:00,1318.3999999999999,2018-01-02 15:59:00-05:00,1319.6000000000001,cierre,12.000000000002728,2.0,10.000000000002728,1317.7264736809273,1302.4944487807406
2018-01-03,-1,1,2018-01-03 10:30:00-05:00,1316.8000000000002,2018-01-03 11:00:00-05:00,1318.1,trailing,-12.999999999997272,2.0,-14.999999999997272,1320.7846836569674,1317.9158916848226
2018-01-03,-1,1,2018-01-03 14:30:00-05:00,1310.8000000000002,2018-01-03 15:30:00-05:00,1317.1999999999998,trailing,-63.99999999999636,2.0,-65.99999999999636,1322.0874439974384,1316.6138223591563
2018-01-04,1,1,2018-01-04 11:00:00-05:00,1321.1,2018-01-04 15:59:00-05:00,1323.1000000000001,cierre,20.000000000002274,2.0,18.000000000002274,1318.366788297055,1315.133730605108
2018-01-08,-1,1,2018-01-08 11:30:00-05:00,1318.1000000000001,2018-01-08 13:00:00-05:00,1319.0,trailing,-8.999999999998636,2.0,-10.999999999998636,1323.3304844074603,1318.271268718988
2018-01-09,-1,1,2018-01-09 10:00:00-05:00,1310.5,2018-01-09 10:30:00-05:00,1312.1,trailing,-15.99999999999909,2.0,-17.99999999999909,1321.4112292922962,1311.8926117155218
2018-01-10,1,1,2018-01-10 10:30:00-05:00,1320.8,2018-01-10 11:00:00-05:00,1319.8000000000002,trailing,-9.999999999997726,2.0,-11.999999999997726,1320.5325571704975,1313.9707643047232
2018-01-11,1,1,2018-01-11 10:00:00-05:00,1323.1,2018-01-11 10:30:00-05:00,1321.1000000000001,trailing,-19.999999999997726,2.0,-21.999999999997726,1322.444507237569,1317.4574642955563
2018-01-12,1,1,2018-01-12 11:00:00-05:00,1331.8999999999999,2018-01-12 15:59:00-05:00,1338.5,cierre,66.00000000000136,2.0,64.00000000000136,1329.5350151341595,1321.2701114021286
2018-01-16,-1,1,2018-01-16 10:00:00-05:00,1332.9,2018-01-16 10:30:00-05:00,1334.3999999999999,trailing,-14.999999999997726,2.0,-16.999999999997726,1341.381889474469,1333.4221893877032
2018-01-17,-1,1,2018-01-17 12:00:00-05:00,1333.7,2018-01-17 12:30:00-05:00,1335.6999999999998,trailing,-19.999999999997726,2.0,-21.999999999997726,1341.5699516214402,1334.3349090482543
2018-01-17,-1,1,2018-01-17 15:00:00-05:00,1329.2,2018-01-17 15:59:00-05:00,1329.3999999999999,cierre,-1.999999999998181,2.0,-3.999999999998181,1343.3545454364678,1332.5555095879386
2018-01-18,1,1,2018-01-18 10:00:00-05:00,1331.1999999999998,2018-01-18 10:30:00-05:00,1330.6000000000001,trailing,-5.999999999996817,2.0,-7.999999999996817,1330.2224876198509,1328.377512380149
2018-01-18,1,1,2018-01-18 10:30:00-05:00,1330.8,2018-01-18 11:00:00-05:00,1329.7,trailing,-10.99999999999909,2.0,-12.99999999999909,1330.2578201268655,1328.3421798731345
2018-01-18,1,1,2018-01-18 11:30:00-05:00,1332.0,2018-01-18 12:00:00-05:00,1329.9,trailing,-20.99999999999909,2.0,-22.99999999999909,1330.4934038781757,1328.1065961218244
2018-01-18,-1,1,2018-01-18 15:30:00-05:00,1325.6000000000001,2018-01-18 15:59:00-05:00,1326.3999999999999,cierre,-7.9999999999972715,2.0,-9.999999999997272,1332.6894215005536,1325.9105784994463
2018-01-22,1,1,2018-01-22 11:00:00-05:00,1334.5,2018-01-22 11:30:00-05:00,1334.0,trailing,-5.0,2.0,-7.0,1333.9658187379096,1330.9347935618478
2018-01-23,1,1,2018-01-23 10:30:00-05:00,1336.0,2018-01-23 14:00:00-05:00,1336.8000000000002,trailing,8.000000000001819,2.0,6.000000000001819,1335.1936942387658,1331.807348462429
2018-01-23,1,1,2018-01-23 14:30:00-05:00,1339.3,2018-01-23 15:59:00-05:00,1340.4,cierre,11.000000000001364,2.0,9.000000000001364,1337.8977309928925,1329.1061491025878
2018-01-24,1,1,2018-01-24 10:00:00-05:00,1354.6999999999998,2018-01-24 10:30:00-05:00,1353.6000000000001,trailing,-10.999999999996817,2.0,-12.999999999996817,1353.6401917457158,1339.5682878427351
2018-01-24,1,1,2018-01-24 13:30:00-05:00,1356.5,2018-01-24 15:59:00-05:00,1357.0,cierre,5.0,2.0,3.0,1355.2342492248076,1337.9886071665153
2018-01-25,-1,1,2018-01-25 10:00:00-05:00,1354.1000000000001,2018-01-25 10:30:00-05:00,1356.3999999999999,trailing,-22.99999999999727,2.0,-24.99999999999727,1358.1058022611069,1354.2955317924411
2018-01-25,1,1,2018-01-25 11:30:00-05:00,1360.3999999999999,2018-01-25 14:00:00-05:00,1359.6000000000001,trailing,-7.9999999999972715,2.0,-9.999999999997272,1358.5167599040349,1353.8851192263367
2018-01-25,-1,1,2018-01-25 14:30:00-05:00,1350.3000000000002,2018-01-25 15:59:00-05:00,1347.1999999999998,cierre,31.000000000003638,2.0,29.000000000003638,1360.8504748134053,1351.5544996576464
2018-01-26,1,1,2018-01-26 10:00:00-05:00,1352.3999999999999,2018-01-26 10:30:00-05:00,1349.6000000000001,trailing,-27.99999999999727,2.0,-29.99999999999727,1351.4718010832526,1346.030818098897
2018-01-26,1,1,2018-01-26 11:30:00-05:00,1352.6,2018-01-26 12:00:00-05:00,1351.4,trailing,-11.999999999998181,2.0,-13.999999999998181,1351.9166386409665,1345.587067599788
2018-01-26,1,1,2018-01-26 12:30:00-05:00,1352.6,2018-01-26 13:30:00-05:00,1351.8000000000002,trailing,-7.9999999999972715,2.0,-9.999999999997272,1352.150138115737,1345.3541387324428
2018-01-29,-1,1,2018-01-29 10:00:00-05:00,1341.8000000000002,2018-01-29 10:30:00-05:00,1342.6999999999998,trailing,-8.999999999996362,2.0,-10.999999999996362,1349.7768829486763,1341.8280040040986
2018-01-29,-1,1,2018-01-29 11:00:00-05:00,1339.8000000000002,2018-01-29 13:00:00-05:00,1340.1999999999998,trailing,-3.999999999996362,2.0,-5.999999999996362,1349.7688027227248,1341.8360506772804
2018-01-29,-1,1,2018-01-29 13:00:00-05:00,1340.0,2018-01-29 13:30:00-05:00,1340.1999999999998,trailing,-1.999999999998181,2.0,-3.999999999998181,1350.2825880251016,1341.3243988449417
2018-01-29,-1,1,2018-01-29 13:30:00-05:00,1340.0,2018-01-29 14:00:00-05:00,1341.5,trailing,-15.0,2.0,-17.0,1351.3273235561685,1340.2840015305248
2018-01-30,-1,1,2018-01-30 11:30:00-05:00,1338.3000000000002,2018-01-30 15:00:00-05:00,1338.8999999999999,trailing,-5.999999999996817,2.0,-7.999999999996817,1348.7173861789418,1338.7912981510935
2018-01-30,-1,1,2018-01-30 15:30:00-05:00,1336.2,2018-01-30 15:59:00-05:00,1336.0,cierre,2.0000000000004547,2.0,4.547473508864641e-13,1351.0643658383317,1336.4549485599562
2018-01-31,1,1,2018-01-31 10:30:00-05:00,1343.8999999999999,2018-01-31 13:30:00-05:00,1339.3000000000002,trailing,-45.99999999999682,2.0,-47.99999999999682,1342.7869023715882,1335.1166744573736
2018-02-01,1,1,2018-02-01 10:00:00-05:00,1345.1,2018-02-01 10:30:00-05:00,1345.0,trailing,-0.9999999999990905,2.0,-2.9999999999990905,1344.4861853999266,1342.1138146000733
2018-02-01,1,1,2018-02-01 10:30:00-05:00,1345.1999999999998,2018-02-01 11:30:00-05:00,1345.1000000000001,trailing,-0.9999999999968168,2.0,-2.9999999999968168,1344.433389334495,1342.166610665505
2018-02-01,1,1,2018-02-01 12:30:00-05:00,1346.3999999999999,2018-02-01 13:00:00-05:00,1344.4,trailing,-19.999999999997726,2.0,-21.999999999997726,1345.7019862948164,1340.8980137051833
2018-02-01,1,1,2018-02-01 13:30:00-05:00,1348.1999999999998,2018-02-01 15:59:00-05:00,1353.1000000000001,cierre,49.00000000000318,2.0,47.00000000000318,1347.253627974259,1339.346372025741
2018-02-02,-1,1,2018-02-02 10:00:00-05:00,1334.4,2018-02-02 12:30:00-05:00,1339.1999999999998,trailing,-47.99999999999727,2.0,-49.99999999999727,1354.4561372240034,1337.9568585793784
2018-02-02,-1,1,2018-02-02 14:00:00-05:00,1335.5,2018-02-02 15:30:00-05:00,1334.8,trailing,7.000000000000455,2.0,5.000000000000455,1356.618267704583,1335.8170971696886
2018-02-06,-1,1,2018-02-06 10:00:00-05:00,1333.7,2018-02-06 11:30:00-05:00,1333.3,trailing,4.0000000000009095,2.0,2.0000000000009095,1340.7350422917618,1334.868132310552
2018-02-06,-1,1,2018-02-06 11:30:00-05:00,1333.1000000000001,2018-02-06 15:59:00-05:00,1324.5,cierre,86.00000000000136,2.0,84.00000000000136,1342.215099932522,1333.390948353509
2018-02-07,1,1,2018-02-07 10:00:00-05:00,1327.3999999999999,2018-02-07 10:30:00-05:00,1324.8000000000002,trailing,-25.999999999996817,2.0,-27.999999999996817,1326.9086127823346,1322.5923426391037
2018-02-07,-1,1,2018-02-07 12:00:00-05:00,1320.8000000000002,2018-02-07 15:59:00-05:00,1317.6,cierre,32.00000000000273,2.0,30.00000000000273,1328.2202857817547,1321.281362546709
2018-02-08,1,1,2018-02-08 12:30:00-05:00,1323.1,2018-02-08 13:00:00-05:00,1321.9,trailing,-11.999999999998181,2.0,-13.999999999998181,1321.6196665950997,1314.5829902638632
2018-02-12,1,1,2018-02-12 10:00:00-05:00,1325.0,2018-02-12 14:00:00-05:00,1325.6000000000001,trailing,6.000000000001364,2.0,4.000000000001364,1323.4442248805647,1315.1621941830329
2018-02-13,1,1,2018-02-13 11:00:00-05:00,1331.1,2018-02-13 12:30:00-05:00,1329.7,trailing,-13.999999999998636,2.0,-15.999999999998636,1329.7406727120324,1320.6664196550753
2018-02-14,1,1,2018-02-14 10:30:00-05:00,1347.1,2018-02-14 15:59:00-05:00,1354.8000000000002,cierre,77.00000000000273,2.0,75.00000000000273,1337.7400120753973,1329.2666970584862
2018-02-20,-1,1,2018-02-20 10:00:00-05:00,1342.4,2018-02-20 10:30:00-05:00,1342.6999999999998,trailing,-2.9999999999972715,2.0,-4.9999999999972715,1350.6504170520252,1342.5555521958358
2018-02-20,-1,1,2018-02-20 11:00:00-05:00,1340.1000000000001,2018-02-20 15:59:00-05:00,1333.1,cierre,70.00000000000227,2.0,68.00000000000227,1352.926822820045,1340.2869093950728
2018-02-21,-1,1,2018-02-21 15:30:00-05:00,1326.3000000000002,2018-02-21 15:59:00-05:00,1326.8,cierre,-4.999999999997726,2.0,-6.999999999997726,1340.5569427925386,1326.5483811240133
2018-02-27,-1,1,2018-02-27 10:00:00-05:00,1327.0,2018-02-27 15:59:00-05:00,1320.1,cierre,69.00000000000091,2.0,67.00000000000091,1336.1247637750605,1329.1791960674432
2018-03-01,-1,1,2018-03-01 10:00:00-05:00,1308.3000000000002,2018-03-01 11:00:00-05:00,1306.8999999999999,trailing,14.000000000003183,2.0,12.000000000003183,1319.7383141901014,1308.4694552833632
2018-03-06,1,1,2018-03-06 10:00:00-05:00,1333.5,2018-03-06 13:00:00-05:00,1334.1000000000001,trailing,6.000000000001364,2.0,4.000000000001364,1332.813366175718,1319.5951559005455
2018-03-06,1,1,2018-03-06 14:30:00-05:00,1336.6,2018-03-06 15:00:00-05:00,1336.0,trailing,-5.9999999999990905,2.0,-7.9999999999990905,1336.4187720627863,1316.0200702912482
2018-03-07,-1,1,2018-03-07 10:00:00-05:00,1330.8000000000002,2018-03-07 15:59:00-05:00,1326.1,cierre,47.00000000000273,2.0,45.00000000000273,1336.2734205319025,1330.8292324697118
2018-03-08,-1,1,2018-03-08 10:00:00-05:00,1322.6000000000001,2018-03-08 13:00:00-05:00,1322.6,trailing,2.2737367544323206e-12,2.0,-1.9999999999977263,1327.130283151317,1324.569972568853
2018-03-08,-1,1,2018-03-08 14:30:00-05:00,1321.5,2018-03-08 15:00:00-05:00,1322.8999999999999,trailing,-13.999999999998636,2.0,-15.999999999998636,1329.9064599989808,1321.7944238154985
2018-03-13,-1,1,2018-03-13 10:30:00-04:00,1321.8000000000002,2018-03-13 11:00:00-04:00,1323.8,trailing,-19.999999999997726,2.0,-21.999999999997726,1327.7656732467933,1322.036377909673
2018-03-15,-1,1,2018-03-15 15:00:00-04:00,1315.0,2018-03-15 15:30:00-04:00,1316.3999999999999,trailing,-13.999999999998636,2.0,-15.999999999998636,1329.4908842076823,1315.5273139532167
2018-03-16,-1,1,2018-03-16 10:00:00-04:00,1313.0,2018-03-16 12:00:00-04:00,1313.0,trailing,-0.0,2.0,-2.0,1318.0201350959048,1315.0799727679182
2018-03-16,-1,1,2018-03-16 13:30:00-04:00,1312.1000000000001,2018-03-16 14:00:00-04:00,1314.0,trailing,-18.999999999998636,2.0,-20.999999999998636,1320.1569972785346,1312.9432728868364
2018-03-19,1,1,2018-03-19 12:00:00-04:00,1318.1999999999998,2018-03-19 15:30:00-04:00,1316.6000000000001,trailing,-15.999999999996817,2.0,-17.999999999996817,1317.6821378341567,1308.8188402695057
2018-03-20,-1,1,2018-03-20 10:00:00-04:00,1309.1000000000001,2018-03-20 11:30:00-04:00,1312.3,trailing,-31.99999999999818,2.0,-33.99999999999818,1317.9804670479773,1310.1248803483045
2018-03-21,1,1,2018-03-21 11:30:00-04:00,1325.6999999999998,2018-03-21 12:00:00-04:00,1324.9,trailing,-7.9999999999972715,2.0,-9.999999999997272,1325.0098808937012,1307.4156209749453
2018-03-21,1,1,2018-03-21 15:00:00-04:00,1330.8,2018-03-21 15:59:00-04:00,1333.7,cierre,29.00000000000091,2.0,27.00000000000091,1326.212288330608,1306.2241263267565
2018-03-22,-1,1,2018-03-22 13:00:00-04:00,1326.7,2018-03-22 13:30:00-04:00,1327.6999999999998,trailing,-9.999999999997726,2.0,-11.999999999997726,1336.6027137775907,1326.7063218118856
2018-03-22,-1,1,2018-03-22 14:00:00-04:00,1326.6000000000001,2018-03-22 14:30:00-04:00,1328.0,trailing,-13.999999999998636,2.0,-15.999999999998636,1336.623434694744,1326.6856676963096
2018-03-26,1,1,2018-03-26 10:00:00-04:00,1353.1,2018-03-26 15:30:00-04:00,1353.4,trailing,3.000000000001819,2.0,1.000000000001819,1351.8745198920121,1344.3305029097528
2018-03-28,-1,1,2018-03-28 10:00:00-04:00,1330.6000000000001,2018-03-28 15:59:00-04:00,1324.6999999999998,cierre,59.00000000000318,2.0,57.00000000000318,1345.6794289065456,1331.1333380740493
2018-04-02,1,1,2018-04-02 11:00:00-04:00,1341.3999999999999,2018-04-02 11:30:00-04:00,1340.9,trailing,-4.999999999997726,2.0,-6.999999999997726,1341.181850782358,1328.9293238887603
2018-04-02,1,1,2018-04-02 12:00:00-04:00,1342.6999999999998,2018-04-02 15:59:00-04:00,1346.2,cierre,35.000000000002274,2.0,33.000000000002274,1341.7834987557292,1328.3316734271195
2018-04-03,-1,1,2018-04-03 11:00:00-04:00,1333.2,2018-04-03 12:00:00-04:00,1336.1,trailing,-28.999999999998636,2.0,-30.999999999998636,1348.0393908687754,1336.5709449604974
2018-04-03,-1,1,2018-04-03 14:00:00-04:00,1335.5,2018-04-03 14:30:00-04:00,1336.8,trailing,-12.999999999999545,2.0,-14.999999999999545,1348.851537851945,1335.7636239268677
2018-04-03,-1,1,2018-04-03 15:30:00-04:00,1334.2,2018-04-03 15:59:00-04:00,1335.3999999999999,cierre,-11.999999999998181,2.0,-13.999999999998181,1349.7035677046283,1334.9166570161894
2018-04-11,1,1,2018-04-11 10:00:00-04:00,1356.3999999999999,2018-04-11 12:30:00-04:00,1361.5,trailing,51.000000000001364,2.0,49.000000000001364,1355.978009207438,1342.4341078154193
2018-04-11,1,1,2018-04-11 12:30:00-04:00,1361.6999999999998,2018-04-11 13:30:00-04:00,1360.1000000000001,trailing,-15.999999999996817,2.0,-17.999999999996817,1357.3032276968702,1341.1190652505954
2018-04-11,1,1,2018-04-11 13:30:00-04:00,1360.3,2018-04-11 14:00:00-04:00,1359.3000000000002,trailing,-9.999999999997726,2.0,-11.999999999997726,1357.6493539887188,1340.7755967507105
2018-04-11,1,1,2018-04-11 14:00:00-04:00,1359.5,2018-04-11 14:30:00-04:00,1353.8000000000002,trailing,-56.99999999999818,2.0,-58.99999999999818,1357.588168850061,1340.8363120684571
2018-04-12,-1,1,2018-04-12 10:00:00-04:00,1343.1000000000001,2018-04-12 13:30:00-04:00,1342.1,trailing,10.000000000002274,2.0,8.000000000002274,1356.289689767942,1343.7213407803852
2018-04-12,-1,1,2018-04-12 14:00:00-04:00,1340.7,2018-04-12 15:59:00-04:00,1338.3999999999999,cierre,23.00000000000182,2.0,21.00000000000182,1358.1240166388923,1341.899741947072
2018-04-13,1,1,2018-04-13 10:00:00-04:00,1346.6999999999998,2018-04-13 14:00:00-04:00,1346.6000000000001,trailing,-0.9999999999968168,2.0,-2.9999999999968168,1344.789752681705,1336.6162861931903
2018-04-13,1,1,2018-04-13 14:00:00-04:00,1346.8,2018-04-13 15:59:00-04:00,1347.3000000000002,cierre,5.000000000002274,2.0,3.0000000000022737,1346.6226061656246,1334.7899830009267
2018-04-16,1,1,2018-04-16 10:30:00-04:00,1352.8999999999999,2018-04-16 11:00:00-04:00,1352.2,trailing,-6.999999999998181,2.0,-8.999999999998181,1352.327544432635,1345.27686759848
2018-04-19,-1,1,2018-04-19 11:30:00-04:00,1346.4,2018-04-19 12:30:00-04:00,1347.3,trailing,-8.999999999998636,2.0,-10.999999999998636,1355.1124864340381,1346.890186511899
2018-04-24,1,1,2018-04-24 10:00:00-04:00,1331.6,2018-04-24 11:00:00-04:00,1329.6000000000001,trailing,-19.999999999997726,2.0,-21.999999999997726,1330.0595022620842,1324.7427377647336
2018-04-24,1,1,2018-04-24 12:30:00-04:00,1333.1999999999998,2018-04-24 15:59:00-04:00,1333.2,cierre,2.2737367544323206e-12,2.0,-1.9999999999977263,1331.5561381008206,1323.2479048301846
2018-04-26,-1,1,2018-04-26 10:30:00-04:00,1320.0,2018-04-26 15:59:00-04:00,1319.0,cierre,10.0,2.0,8.0,1327.4854045156058,1322.2167289385081
2018-04-27,1,1,2018-04-27 15:00:00-04:00,1326.3,2018-04-27 15:30:00-04:00,1325.1000000000001,trailing,-11.999999999998181,2.0,-13.999999999998181,1325.026207259588,1315.5808392565104
2018-05-01,-1,1,2018-05-01 11:00:00-04:00,1303.7,2018-05-01 11:30:00-04:00,1305.6,trailing,-18.999999999998636,2.0,-20.999999999998636,1318.3708218446059,1304.8463427030747
2018-05-02,1,1,2018-05-02 14:30:00-04:00,1313.3999999999999,2018-05-02 15:00:00-04:00,1310.4,trailing,-29.999999999997726,2.0,-31.999999999997726,1310.9059265883884,1302.3988770675599
2018-05-04,1,1,2018-05-04 14:30:00-04:00,1315.3,2018-05-04 15:00:00-04:00,1315.1000000000001,trailing,-1.999999999998181,2.0,-3.999999999998181,1315.0784211040514,1306.7267408825558
2018-05-07,-1,1,2018-05-07 10:00:00-04:00,1312.3000000000002,2018-05-07 10:30:00-04:00,1314.1999999999998,trailing,-18.999999999996362,2.0,-20.999999999996362,1315.8456151644937,1312.4552376071842
2018-05-08,-1,1,2018-05-08 10:00:00-04:00,1307.1000000000001,2018-05-08 10:30:00-04:00,1308.0,trailing,-8.999999999998636,2.0,-10.999999999998636,1316.077933164715,1308.6266355927114
2018-05-08,-1,1,2018-05-08 10:30:00-04:00,1307.8000000000002,2018-05-08 11:00:00-04:00,1308.1,trailing,-2.9999999999972715,2.0,-4.9999999999972715,1316.5199274216761,1308.1863556643766
2018-05-14,-1,1,2018-05-14 14:00:00-04:00,1315.3000000000002,2018-05-14 15:59:00-04:00,1313.3999999999999,cierre,19.000000000003183,2.0,17.000000000003183,1323.5974844163177,1316.505692617771
2018-05-15,-1,1,2018-05-15 10:00:00-04:00,1292.4,2018-05-15 10:30:00-04:00,1293.8999999999999,trailing,-14.999999999997726,2.0,-16.999999999997726,1314.5405890958482,1294.176319869975
2018-05-15,-1,1,2018-05-15 12:00:00-04:00,1293.1000000000001,2018-05-15 15:59:00-04:00,1292.0,cierre,11.000000000001364,2.0,9.000000000001364,1315.1414257359068,1293.5836725056777
2018-05-16,-1,1,2018-05-16 10:30:00-04:00,1288.2,2018-05-16 12:00:00-04:00,1289.3,trailing,-10.99999999999909,2.0,-12.99999999999909,1293.855898226715,1288.6460699346712
2018-05-24,1,1,2018-05-24 10:00:00-04:00,1304.5,2018-05-24 15:59:00-04:00,1304.0,cierre,-5.0,2.0,-7.0,1299.865947569583,1291.73925955747
2018-05-29,-1,1,2018-05-29 10:00:00-04:00,1293.9,2018-05-29 10:30:00-04:00,1297.1999999999998,trailing,-32.99999999999727,2.0,-34.99999999999727,1298.8601928370833,1294.3416941356386
2018-05-29,1,1,2018-05-29 11:00:00-04:00,1301.8,2018-05-29 13:30:00-04:00,1298.5,trailing,-32.999999999999545,2.0,-34.999999999999545,1299.8780244738125,1293.3252745196771
2018-05-29,1,1,2018-05-29 14:00:00-04:00,1300.5,2018-05-29 15:59:00-04:00,1299.6000000000001,cierre,-8.999999999998636,2.0,-10.999999999998636,1300.2382449514541,1292.9655537698661
2018-06-01,1,1,2018-06-01 11:30:00-04:00,1301.5,2018-06-01 13:00:00-04:00,1299.5,trailing,-20.0,2.0,-22.0,1300.3739865307891,1295.2260134692108
2018-06-05,1,1,2018-06-05 12:00:00-04:00,1301.3,2018-06-05 15:59:00-04:00,1301.0,cierre,-2.9999999999995453,2.0,-4.999999999999545,1300.028064183205,1293.3750532755178
2018-06-06,1,1,2018-06-06 10:00:00-04:00,1304.8999999999999,2018-06-06 10:30:00-04:00,1303.9,trailing,-9.999999999997726,2.0,-11.999999999997726,1304.4065923820344,1299.795412978079
2018-06-13,1,1,2018-06-13 15:00:00-04:00,1303.3999999999999,2018-06-13 15:30:00-04:00,1302.5,trailing,-8.999999999998636,2.0,-10.999999999998636,1302.7433356773836,1297.1572742762378
2018-06-14,1,1,2018-06-14 11:00:00-04:00,1310.8,2018-06-14 11:30:00-04:00,1309.4,trailing,-13.999999999998636,2.0,-15.999999999998636,1309.7938754363777,1302.5107720336653
2018-06-15,-1,1,2018-06-15 10:00:00-04:00,1286.3000000000002,2018-06-15 15:59:00-04:00,1283.1999999999998,cierre,31.000000000003638,2.0,29.000000000003638,1307.1884732518167,1291.4219699658188
2018-06-18,-1,1,2018-06-18 10:30:00-04:00,1281.6000000000001,2018-06-18 11:30:00-04:00,1281.8,trailing,-1.999999999998181,2.0,-3.999999999998181,1284.4953756334494,1282.0048804150856
2018-06-18,-1,1,2018-06-18 13:30:00-04:00,1279.9,2018-06-18 14:00:00-04:00,1282.1,trailing,-21.99999999999818,2.0,-23.99999999999818,1285.9943754241515,1280.5062310217168
2018-06-19,-1,1,2018-06-19 10:30:00-04:00,1275.7,2018-06-19 11:00:00-04:00,1276.5,trailing,-7.999999999999545,2.0,-9.999999999999545,1282.017294191021,1276.285758763674
2018-06-20,-1,1,2018-06-20 13:30:00-04:00,1274.3000000000002,2018-06-20 15:59:00-04:00,1271.6,cierre,27.00000000000273,2.0,25.00000000000273,1280.423423616498,1274.677958648571
2018-06-27,-1,1,2018-06-27 11:30:00-04:00,1255.0,2018-06-27 12:00:00-04:00,1256.1,trailing,-10.99999999999909,2.0,-12.99999999999909,1262.510814509082,1255.3942061235987
2018-06-27,-1,1,2018-06-27 15:30:00-04:00,1254.0,2018-06-27 15:59:00-04:00,1253.6,cierre,4.0000000000009095,2.0,2.0000000000009095,1262.9886394660969,1254.917783413047
2018-06-28,-1,1,2018-06-28 10:00:00-04:00,1252.0,2018-06-28 10:30:00-04:00,1253.8999999999999,trailing,-18.999999999998636,2.0,-20.999999999998636,1254.5137338570473,1252.4862661429527
2018-06-28,-1,1,2018-06-28 11:00:00-04:00,1251.7,2018-06-28 11:30:00-04:00,1252.3999999999999,trailing,-6.999999999998181,2.0,-8.999999999998181,1255.026532458553,1251.973467541447
2018-06-28,-1,1,2018-06-28 12:30:00-04:00,1251.5,2018-06-28 13:00:00-04:00,1251.5,trailing,-0.0,2.0,-2.0,1255.3372254912479,1251.6627745087521
2018-06-28,-1,1,2018-06-28 13:30:00-04:00,1250.7,2018-06-28 15:59:00-04:00,1249.8,cierre,9.00000000000091,2.0,7.0000000000009095,1255.6386222957253,1251.3613777042747
2018-06-29,1,1,2018-06-29 10:30:00-04:00,1253.0,2018-06-29 11:00:00-04:00,1252.6000000000001,trailing,-3.9999999999986358,2.0,-5.999999999998636,1252.7987992295987,1248.6029564614291
2018-06-29,1,1,2018-06-29 12:00:00-04:00,1253.8999999999999,2018-06-29 15:00:00-04:00,1253.6000000000001,trailing,-2.9999999999972715,2.0,-4.9999999999972715,1253.6567101572916,1247.7464163269415
2018-07-02,-1,1,2018-07-02 11:30:00-04:00,1245.7,2018-07-02 15:59:00-04:00,1241.1999999999998,cierre,45.000000000002274,2.0,43.000000000002274,1255.5539649607188,1247.2527498517006
2018-07-03,1,1,2018-07-03 10:00:00-04:00,1253.3999999999999,2018-07-03 12:30:00-04:00,1254.8000000000002,trailing,14.000000000003183,2.0,12.000000000003183,1252.3674611537708,1240.041240279753
2018-07-03,1,1,2018-07-03 12:30:00-04:00,1255.0,2018-07-03 13:00:00-04:00,1254.0,trailing,-10.0,2.0,-12.0,1253.639947600257,1238.7791265350602
2018-07-03,1,1,2018-07-03 13:00:00-04:00,1254.1999999999998,2018-07-03 13:30:00-04:00,1253.5,trailing,-6.999999999998181,2.0,-8.999999999998181,1254.1424162960075,1238.280753724147
2018-07-03,1,1,2018-07-03 14:00:00-04:00,1254.6999999999998,2018-07-03 14:30:00-04:00,1254.4,trailing,-2.9999999999972715,2.0,-4.9999999999972715,1254.1290608105373,1238.2940003420779
2018-07-03,1,1,2018-07-03 14:30:00-04:00,1254.6,2018-07-03 15:00:00-04:00,1254.1000000000001,trailing,-4.999999999997726,2.0,-6.999999999997726,1254.196023517724,1238.2275834829
2018-07-03,1,1,2018-07-03 15:30:00-04:00,1254.6999999999998,2018-07-03 15:59:00-04:00,1253.8000000000002,cierre,-8.999999999996362,2.0,-10.999999999996362,1254.2881515790466,1238.1362064055345
2018-07-06,-1,1,2018-07-06 12:00:00-04:00,1254.8000000000002,2018-07-06 12:30:00-04:00,1255.5,trailing,-6.999999999998181,2.0,-8.999999999998181,1260.1421429916315,1255.059709314512
2018-07-10,-1,1,2018-07-10 10:00:00-04:00,1253.6000000000001,2018-07-10 10:30:00-04:00,1255.0,trailing,-13.999999999998636,2.0,-15.999999999998636,1259.8569624550526,1254.845141721417
2018-07-11,-1,1,2018-07-11 11:00:00-04:00,1249.3000000000002,2018-07-11 15:59:00-04:00,1242.5,cierre,68.00000000000182,2.0,66.00000000000182,1257.2074226469756,1249.7971618588474
2018-07-12,1,1,2018-07-12 10:30:00-04:00,1247.3,2018-07-12 11:00:00-04:00,1247.0,trailing,-2.9999999999995453,2.0,-4.999999999999545,1246.9285619882487,1241.4741208553771
2018-07-12,1,1,2018-07-12 11:30:00-04:00,1248.1,2018-07-12 12:00:00-04:00,1247.6000000000001,trailing,-4.999999999997726,2.0,-6.999999999997726,1247.9581076424347,1240.4475498114282
2018-07-13,-1,1,2018-07-13 10:00:00-04:00,1240.4,2018-07-13 10:30:00-04:00,1242.6,trailing,-21.99999999999818,2.0,-23.99999999999818,1248.0518642265931,1241.2513305785067
2018-07-17,-1,1,2018-07-17 10:30:00-04:00,1229.6000000000001,2018-07-17 15:59:00-04:00,1227.8,cierre,18.00000000000182,2.0,16.00000000000182,1242.1621394432325,1231.2448370754503
2018-07-18,-1,1,2018-07-18 10:30:00-04:00,1223.2,2018-07-18 11:00:00-04:00,1224.3999999999999,trailing,-11.999999999998181,2.0,-13.999999999998181,1228.7948558855471,1223.8076411385466
2018-07-23,-1,1,2018-07-23 10:00:00-04:00,1225.1000000000001,2018-07-23 13:30:00-04:00,1225.6,trailing,-4.999999999997726,2.0,-6.999999999997726,1231.3977513659431,1226.4044527252677
2018-07-23,-1,1,2018-07-23 15:00:00-04:00,1224.0,2018-07-23 15:30:00-04:00,1224.6999999999998,trailing,-6.999999999998181,2.0,-8.999999999998181,1232.9912855954224,1224.8153212394748
2018-07-24,1,1,2018-07-24 10:00:00-04:00,1228.6,2018-07-24 11:00:00-04:00,1228.5,trailing,-0.9999999999990905,2.0,-2.9999999999990905,1228.119656484523,1224.1818795783097
2018-07-26,-1,1,2018-07-26 10:30:00-04:00,1225.3000000000002,2018-07-26 11:00:00-04:00,1226.1,trailing,-7.9999999999972715,2.0,-9.999999999997272,1233.382721279042,1225.822484147786
2018-07-26,-1,1,2018-07-26 14:30:00-04:00,1222.6000000000001,2018-07-26 15:59:00-04:00,1222.1999999999998,cierre,4.000000000003183,2.0,2.0000000000031832,1234.7751663049164,1224.435689820012
2018-07-27,1,1,2018-07-27 12:00:00-04:00,1226.1999999999998,2018-07-27 12:30:00-04:00,1225.4,trailing,-7.9999999999972715,2.0,-9.999999999997272,1225.5463213943287,1220.0560201258609
2018-08-01,-1,1,2018-08-01 10:00:00-04:00,1227.6000000000001,2018-08-01 12:00:00-04:00,1227.8,trailing,-1.999999999998181,2.0,-3.999999999998181,1230.7015175753932,1228.698482424607
2018-08-01,-1,1,2018-08-01 12:30:00-04:00,1227.2,2018-08-01 13:30:00-04:00,1227.6,trailing,-3.9999999999986358,2.0,-5.999999999998636,1232.0671026600253,1227.3328973399748
2018-08-01,-1,1,2018-08-01 15:00:00-04:00,1226.5,2018-08-01 15:59:00-04:00,1225.0,cierre,15.0,2.0,13.0,1231.9528432353425,1227.4471567646576
2018-08-02,-1,1,2018-08-02 10:30:00-04:00,1223.0,2018-08-02 11:00:00-04:00,1223.0,trailing,-0.0,2.0,-2.0,1226.4805693318726,1223.2195597047287
2018-08-02,-1,1,2018-08-02 11:30:00-04:00,1222.5,2018-08-02 12:30:00-04:00,1223.1999999999998,trailing,-6.999999999998181,2.0,-8.999999999998181,1226.5930481373432,1223.1070900819511
2018-08-02,-1,1,2018-08-02 13:00:00-04:00,1221.9,2018-08-02 15:59:00-04:00,1217.6,cierre,43.00000000000182,2.0,41.00000000000182,1226.9917003287285,1222.7084704362587
2018-08-03,1,1,2018-08-03 10:30:00-04:00,1227.3999999999999,2018-08-03 12:00:00-04:00,1226.0,trailing,-13.999999999998636,2.0,-15.999999999998636,1225.5644708718432,1215.8442329549234
2018-08-10,1,1,2018-08-10 10:00:00-04:00,1222.6999999999998,2018-08-10 11:30:00-04:00,1221.6000000000001,trailing,-10.999999999996817,2.0,-12.999999999996817,1221.364330386356,1218.5361467200146
2018-08-13,-1,1,2018-08-13 10:00:00-04:00,1206.8000000000002,2018-08-13 15:59:00-04:00,1200.6,cierre,62.00000000000273,2.0,60.00000000000273,1219.9793256441494,1207.9300601933533
2018-08-15,-1,1,2018-08-15 10:00:00-04:00,1187.9,2018-08-15 10:30:00-04:00,1189.6999999999998,trailing,-17.99999999999727,2.0,-19.99999999999727,1202.5666671849835,1190.6426552762914
2018-08-15,-1,1,2018-08-15 10:30:00-04:00,1189.5,2018-08-15 15:59:00-04:00,1181.6,cierre,79.00000000000091,2.0,77.00000000000091,1203.3698537215134,1189.845886744382
2018-08-16,1,1,2018-08-16 10:00:00-04:00,1187.0,2018-08-16 11:00:00-04:00,1186.5,trailing,-5.0,2.0,-7.0,1185.6885616954364,1180.1147212335065
2018-08-16,1,1,2018-08-16 11:30:00-04:00,1187.0,2018-08-16 12:00:00-04:00,1186.2,trailing,-7.999999999999545,2.0,-9.999999999999545,1186.6564102473567,1179.1491609328277
2018-08-21,1,1,2018-08-21 14:00:00-04:00,1200.6999999999998,2018-08-21 14:30:00-04:00,1200.5,trailing,-1.999999999998181,2.0,-3.999999999998181,1200.6971591571282,1194.204942389947
2018-08-23,-1,1,2018-08-23 12:30:00-04:00,1194.3000000000002,2018-08-23 15:59:00-04:00,1191.8,cierre,25.000000000002274,2.0,23.000000000002274,1205.3931464237726,1194.8179864085319
2018-08-24,1,1,2018-08-24 10:30:00-04:00,1208.6999999999998,2018-08-24 15:59:00-04:00,1212.1000000000001,cierre,34.00000000000318,2.0,32.00000000000318,1204.6239619734192,1189.992089547158
2018-08-27,1,1,2018-08-27 10:30:00-04:00,1218.8999999999999,2018-08-27 11:30:00-04:00,1215.9,trailing,-29.999999999997726,2.0,-31.999999999997726,1214.283596230299,1209.9167475407337
2018-08-27,1,1,2018-08-27 11:30:00-04:00,1216.1,2018-08-27 12:00:00-04:00,1215.7,trailing,-3.9999999999986358,2.0,-5.999999999998636,1214.9923714074573,1209.2080893038788
2018-08-27,1,1,2018-08-27 12:00:00-04:00,1215.8999999999999,2018-08-27 13:30:00-04:00,1216.0,trailing,1.0000000000013642,2.0,-0.9999999999986358,1215.1261572607775,1209.0743255237896
2018-08-27,1,1,2018-08-27 13:30:00-04:00,1216.1999999999998,2018-08-27 14:00:00-04:00,1215.0,trailing,-11.999999999998181,2.0,-13.999999999998181,1215.5943692154985,1208.6061908190197
2018-08-28,-1,1,2018-08-28 10:30:00-04:00,1213.7,2018-08-28 11:00:00-04:00,1216.1,trailing,-23.999999999998636,2.0,-25.999999999998636,1220.9330635910585,1214.3703309170292
2018-08-28,-1,1,2018-08-28 14:00:00-04:00,1211.4,2018-08-28 15:59:00-04:00,1207.6,cierre,38.00000000000182,2.0,36.00000000000182,1222.0612213402128,1213.2437471261626
2018-08-30,-1,1,2018-08-30 10:00:00-04:00,1203.2,2018-08-30 10:30:00-04:00,1206.6,trailing,-33.999999999998636,2.0,-35.999999999998636,1214.1646469900163,1207.6397401118852
2018-08-30,-1,1,2018-08-30 10:30:00-04:00,1206.4,2018-08-30 11:00:00-04:00,1206.3999999999999,trailing,2.2737367544323206e-12,2.0,-1.9999999999977263,1215.142568333313,1206.6645607548721
2018-08-30,-1,1,2018-08-30 11:30:00-04:00,1205.3000000000002,2018-08-30 14:00:00-04:00,1205.6,trailing,-2.9999999999972715,2.0,-4.9999999999972715,1215.7661986645462,1206.0426790160238
2018-09-06,1,1,2018-09-06 10:00:00-04:00,1211.8,2018-09-06 10:30:00-04:00,1209.2,trailing,-25.99999999999909,2.0,-27.99999999999909,1210.1975530583502,1201.3094994512924
2018-09-11,-1,1,2018-09-11 10:00:00-04:00,1193.3000000000002,2018-09-11 10:30:00-04:00,1197.3999999999999,trailing,-40.99999999999682,2.0,-42.99999999999682,1202.091675037251,1193.715034145825
2018-09-12,1,1,2018-09-12 11:30:00-04:00,1208.5,2018-09-12 15:59:00-04:00,1211.5,cierre,30.0,2.0,28.0,1203.7892376682264,1197.7130416636933
2018-09-13,-1,1,2018-09-13 11:00:00-04:00,1208.2,2018-09-13 11:30:00-04:00,1208.6999999999998,trailing,-4.999999999997726,2.0,-6.999999999997726,1219.7876156578682,1209.0242892449287
2018-09-13,-1,1,2018-09-13 12:00:00-04:00,1207.9,2018-09-13 12:30:00-04:00,1208.3,trailing,-3.9999999999986358,2.0,-5.999999999998636,1220.5407412620875,1208.2746285629762
2018-09-13,-1,1,2018-09-13 14:00:00-04:00,1206.7,2018-09-13 15:59:00-04:00,1207.1,cierre,-3.9999999999986358,2.0,-5.999999999998636,1221.405236910097,1207.4141102199526
2018-09-14,-1,1,2018-09-14 10:30:00-04:00,1202.7,2018-09-14 15:59:00-04:00,1198.8999999999999,cierre,38.00000000000182,2.0,36.00000000000182,1209.3653715239286,1204.8349872188687
2018-09-17,1,1,2018-09-17 10:30:00-04:00,1208.5,2018-09-17 11:30:00-04:00,1207.5,trailing,-10.0,2.0,-12.0,1206.9850994682986,1196.8251143214966
2018-09-28,1,1,2018-09-28 10:00:00-04:00,1191.0,2018-09-28 10:30:00-04:00,1190.9,trailing,-0.9999999999990905,2.0,-2.9999999999990905,1189.8027277318126,1186.898031399209
2018-09-28,1,1,2018-09-28 11:00:00-04:00,1194.6999999999998,2018-09-28 15:59:00-04:00,1195.4,cierre,7.0000000000027285,2.0,5.0000000000027285,1191.5120219354967,1185.190031243963
2018-10-02,1,1,2018-10-02 10:00:00-04:00,1207.8,2018-10-02 12:00:00-04:00,1208.6000000000001,trailing,8.000000000001819,2.0,6.000000000001819,1206.7395002553508,1192.2711904663597
2018-10-03,-1,1,2018-10-03 11:30:00-04:00,1202.2,2018-10-03 15:59:00-04:00,1202.3999999999999,cierre,-1.999999999998181,2.0,-3.999999999998181,1210.573828608977,1204.1264342557413
2018-10-04,1,1,2018-10-04 10:30:00-04:00,1209.8,2018-10-04 11:00:00-04:00,1207.7,trailing,-20.99999999999909,2.0,-22.99999999999909,1209.2197268949037,1199.889295951489
2018-10-05,1,1,2018-10-05 10:00:00-04:00,1208.1,2018-10-05 10:30:00-04:00,1206.2,trailing,-18.999999999998636,2.0,-20.999999999998636,1207.7624938612037,1202.1404571060539
2018-10-09,-1,1,2018-10-09 10:00:00-04:00,1188.6000000000001,2018-10-09 10:30:00-04:00,1191.6,trailing,-29.999999999997726,2.0,-31.999999999997726,1193.2369038210402,1190.0641177129423
2018-10-11,1,1,2018-10-11 10:30:00-04:00,1216.5,2018-10-11 15:59:00-04:00,1226.3000000000002,cierre,98.00000000000182,2.0,96.00000000000182,1212.3550517866495,1194.5665560036782
2018-10-12,-1,1,2018-10-12 11:00:00-04:00,1220.9,2018-10-12 11:30:00-04:00,1223.1,trailing,-21.99999999999818,2.0,-23.99999999999818,1228.6366072623648,1222.5663106857921
2018-10-15,1,1,2018-10-15 10:00:00-04:00,1234.3,2018-10-15 10:30:00-04:00,1232.4,trailing,-18.999999999998636,2.0,-20.999999999998636,1231.1769325004982,1220.5288136680279
2018-10-15,1,1,2018-10-15 10:30:00-04:00,1232.6,2018-10-15 11:00:00-04:00,1231.7,trailing,-8.999999999998636,2.0,-10.999999999998636,1232.1179619469276,1219.5947440460154
2018-10-17,1,1,2018-10-17 10:00:00-04:00,1231.1,2018-10-17 11:00:00-04:00,1229.3000000000002,trailing,-17.99999999999727,2.0,-19.99999999999727,1229.3663762008505,1227.1338598076652
2018-10-18,1,1,2018-10-18 11:30:00-04:00,1230.3,2018-10-18 13:30:00-04:00,1230.1000000000001,trailing,-1.999999999998181,2.0,-3.999999999998181,1230.133956115117,1223.8674293437514
2018-10-25,-1,1,2018-10-25 10:00:00-04:00,1233.1000000000001,2018-10-25 12:00:00-04:00,1232.1999999999998,trailing,9.000000000003183,2.0,7.000000000003183,1236.7632388301247,1233.6375143190044
2018-10-25,-1,1,2018-10-25 14:30:00-04:00,1231.2,2018-10-25 15:00:00-04:00,1231.5,trailing,-2.9999999999995453,2.0,-4.999999999999545,1238.8502010309712,1231.5519033400426
2018-10-26,1,1,2018-10-26 11:00:00-04:00,1245.8999999999999,2018-10-26 12:30:00-04:00,1240.6000000000001,trailing,-52.99999999999727,2.0,-54.99999999999727,1239.278168432842,1230.4297547406668
2018-10-26,1,1,2018-10-26 12:30:00-04:00,1240.8,2018-10-26 13:00:00-04:00,1236.1000000000001,trailing,-46.99999999999818,2.0,-48.99999999999818,1239.7133795156344,1229.996126755338
2018-10-29,-1,1,2018-10-29 13:00:00-04:00,1228.4,2018-10-29 14:30:00-04:00,1229.3999999999999,trailing,-9.999999999997726,2.0,-11.999999999997726,1239.099256863789,1229.7093471773678
2018-10-31,-1,1,2018-10-31 10:00:00-04:00,1214.0,2018-10-31 11:00:00-04:00,1215.8999999999999,trailing,-18.999999999998636,2.0,-20.999999999998636,1226.3742609303933,1215.0338050130977
2018-11-01,1,1,2018-11-01 10:30:00-04:00,1234.5,2018-11-01 11:30:00-04:00,1233.2,trailing,-12.999999999999545,2.0,-14.999999999999545,1232.9065737541955,1216.8094536261683
2018-11-01,1,1,2018-11-01 12:30:00-04:00,1234.3999999999999,2018-11-01 15:59:00-04:00,1235.1000000000001,cierre,7.0000000000027285,2.0,5.0000000000027285,1233.4687213072962,1216.2532863661859
2018-11-02,1,1,2018-11-02 10:30:00-04:00,1237.3999999999999,2018-11-02 11:00:00-04:00,1233.6000000000001,trailing,-37.99999999999727,2.0,-39.99999999999727,1236.832524290715,1232.7685330436705
2018-11-06,-1,1,2018-11-06 11:30:00-05:00,1228.4,2018-11-06 15:59:00-05:00,1227.8,cierre,6.000000000001364,2.0,4.000000000001364,1234.5834157527138,1229.9171157506341
2018-11-08,-1,1,2018-11-08 15:00:00-05:00,1222.3000000000002,2018-11-08 15:30:00-05:00,1223.6,trailing,-12.999999999997272,2.0,-14.999999999997272,1229.9027813182338,1222.6022834500613
2018-11-09,-1,1,2018-11-09 12:00:00-05:00,1207.7,2018-11-09 14:30:00-05:00,1210.1,trailing,-23.999999999998636,2.0,-25.999999999998636,1226.6063144126651,1209.9144925390258
2018-11-12,-1,1,2018-11-12 10:00:00-05:00,1204.3000000000002,2018-11-12 10:30:00-05:00,1204.1,trailing,2.0000000000027285,2.0,2.7284841053187847e-12,1211.278845277011,1204.5247851149136
2018-11-12,-1,1,2018-11-12 14:30:00-05:00,1202.3000000000002,2018-11-12 15:59:00-05:00,1202.1,cierre,2.0000000000027285,2.0,2.7284841053187847e-12,1212.4553719373318,1203.353118528371
2018-11-14,1,1,2018-11-14 13:00:00-05:00,1209.0,2018-11-14 15:59:00-05:00,1212.5,cierre,35.0,2.0,33.0,1203.9916183604741,1198.7109151208208
2018-11-21,1,1,2018-11-21 10:30:00-05:00,1230.3,2018-11-21 11:00:00-05:00,1227.5,trailing,-27.999999999999545,2.0,-29.999999999999545,1228.1388592847982,1221.0662449988165
2018-11-23,-1,1,2018-11-23 12:00:00-05:00,1222.6000000000001,2018-11-23 12:30:00-05:00,1223.3,trailing,-6.999999999998181,2.0,-8.999999999998181,1229.8045428570147,1222.7005756309957
2018-11-27,-1,1,2018-11-27 10:00:00-05:00,1220.2,2018-11-27 15:59:00-05:00,1214.5,cierre,57.000000000000455,2.0,55.000000000000455,1223.4692092776925,1220.3317420933774
2018-11-28,-1,1,2018-11-28 10:00:00-05:00,1212.0,2018-11-28 10:30:00-05:00,1212.8,trailing,-7.999999999999545,2.0,-9.999999999999545,1215.3915161479533,1212.0096269042594
2018-11-28,1,1,2018-11-28 12:30:00-05:00,1220.6999999999998,2018-11-28 15:59:00-05:00,1220.1000000000001,cierre,-5.999999999996817,2.0,-7.999999999996817,1216.6274162387706,1210.7751515994494
2018-12-05,-1,1,2018-12-05 10:00:00-05:00,1242.4,2018-12-05 10:30:00-05:00,1242.1999999999998,trailing,2.0000000000027285,2.0,2.7284841053187847e-12,1244.8073971397469,1242.592894651278
2018-12-06,1,1,2018-12-06 10:00:00-05:00,1249.5,2018-12-06 10:30:00-05:00,1248.5,trailing,-10.0,2.0,-12.0,1247.6751130374525,1241.727834889045
2018-12-07,1,1,2018-12-07 11:30:00-05:00,1251.8,2018-12-07 12:30:00-05:00,1250.1000000000001,trailing,-16.99999999999818,2.0,-18.99999999999818,1251.27312023853,1241.7357242930764
2018-12-07,1,1,2018-12-07 13:00:00-05:00,1252.3,2018-12-07 13:30:00-05:00,1252.4,trailing,1.0000000000013642,2.0,-0.9999999999986358,1251.9871375253344,1241.0249075960471
2018-12-07,1,1,2018-12-07 14:00:00-05:00,1254.1999999999998,2018-12-07 15:59:00-05:00,1254.2,cierre,2.2737367544323206e-12,2.0,-1.9999999999977263,1252.9949516698045,1240.021610988765
2018-12-11,1,1,2018-12-11 10:00:00-05:00,1250.8999999999999,2018-12-11 10:30:00-05:00,1249.2,trailing,-16.99999999999818,2.0,-18.99999999999818,1250.687194933034,1248.6128840615193
2018-12-12,1,1,2018-12-12 10:00:00-05:00,1251.1,2018-12-12 11:00:00-05:00,1251.0,trailing,-0.9999999999990905,2.0,-2.9999999999990905,1250.9641421425117,1247.0373903447726
2018-12-17,1,1,2018-12-17 12:30:00-05:00,1247.8999999999999,2018-12-17 15:59:00-05:00,1250.1000000000001,cierre,22.00000000000273,2.0,20.00000000000273,1247.5221179007842,1239.5837569119965
2018-12-18,1,1,2018-12-18 11:30:00-05:00,1252.3999999999999,2018-12-18 12:30:00-05:00,1252.1000000000001,trailing,-2.9999999999972715,2.0,-4.9999999999972715,1251.8804015245,1248.3198672967324
2018-12-18,1,1,2018-12-18 13:00:00-05:00,1253.1,2018-12-18 14:30:00-05:00,1253.3000000000002,trailing,2.0000000000027285,2.0,2.7284841053187847e-12,1252.5597466579427,1247.6406308411229
2018-12-19,1,1,2018-12-19 10:00:00-05:00,1259.8999999999999,2018-12-19 11:00:00-05:00,1258.2,trailing,-16.99999999999818,2.0,-18.99999999999818,1255.5460671539367,1252.254933468291
2018-12-19,1,1,2018-12-19 11:00:00-05:00,1258.3999999999999,2018-12-19 12:00:00-05:00,1259.0,trailing,6.000000000001364,2.0,4.000000000001364,1255.6947352106347,1252.1064076209736
2018-12-19,1,1,2018-12-19 12:00:00-05:00,1259.1999999999998,2018-12-19 12:30:00-05:00,1257.4,trailing,-17.99999999999727,2.0,-19.99999999999727,1256.098321655044,1251.7032072297595
2018-12-19,1,1,2018-12-19 12:30:00-05:00,1257.6,2018-12-19 13:00:00-05:00,1256.4,trailing,-11.999999999998181,2.0,-13.999999999998181,1256.2153519271833,1251.5862889036757
2018-12-19,1,1,2018-12-19 13:00:00-05:00,1256.6,2018-12-19 13:30:00-05:00,1256.2,trailing,-3.9999999999986358,2.0,-5.999999999998636,1256.4389223767196,1251.362932311883
2018-12-19,-1,1,2018-12-19 14:30:00-05:00,1249.3000000000002,2018-12-19 15:59:00-05:00,1245.6999999999998,cierre,36.00000000000364,2.0,34.00000000000364,1257.3710237924934,1250.431722503681
2018-12-20,1,1,2018-12-20 13:00:00-05:00,1266.3999999999999,2018-12-20 15:00:00-05:00,1266.2,trailing,-1.999999999998181,2.0,-3.999999999998181,1265.6601907338186,1243.569156712532
2018-12-20,1,1,2018-12-20 15:30:00-05:00,1267.0,2018-12-20 15:59:00-05:00,1264.5,cierre,-25.0,2.0,-27.0,1266.6941061705738,1242.5499694159014
2018-12-21,-1,1,2018-12-21 10:00:00-05:00,1261.2,2018-12-21 10:30:00-05:00,1262.3,trailing,-10.99999999999909,2.0,-12.99999999999909,1265.9520961436874,1262.6485453695864
2018-12-21,-1,1,2018-12-21 11:00:00-05:00,1262.3000000000002,2018-12-21 11:30:00-05:00,1262.3999999999999,trailing,-0.9999999999968168,2.0,-2.9999999999968168,1266.174990012164,1262.4257572549618
2018-12-21,-1,1,2018-12-21 12:00:00-05:00,1260.7,2018-12-21 15:59:00-05:00,1258.6999999999998,cierre,20.000000000002274,2.0,18.000000000002274,1266.4050461180018,1262.1958103011589
2018-12-24,1,1,2018-12-24 10:00:00-05:00,1269.6999999999998,2018-12-24 11:00:00-05:00,1269.0,trailing,-6.999999999998181,2.0,-8.999999999998181,1269.2269002861287,1257.0840603454114
2018-12-24,1,1,2018-12-24 11:30:00-05:00,1270.6999999999998,2018-12-24 13:44:00-05:00,1272.4,cierre,17.00000000000273,2.0,15.000000000002728,1269.8243487360903,1256.4909005922195
2018-12-26,1,1,2018-12-26 11:00:00-05:00,1281.5,2018-12-26 11:30:00-05:00,1280.7,trailing,-7.999999999999545,2.0,-9.999999999999545,1280.5747836089065,1270.933219591608
2018-12-26,-1,1,2018-12-26 15:30:00-05:00,1268.7,2018-12-26 15:59:00-05:00,1269.0,cierre,-2.9999999999995453,2.0,-4.999999999999545,1282.4288485366508,1269.08857719868
2018-12-31,1,1,2018-12-31 12:00:00-05:00,1284.5,2018-12-31 12:30:00-05:00,1282.9,trailing,-15.99999999999909,2.0,-17.99999999999909,1284.279942182188,1280.0205210344184
2019-01-02,1,1,2019-01-02 10:30:00-05:00,1287.6999999999998,2019-01-02 12:00:00-05:00,1287.2,trailing,-4.999999999997726,2.0,-6.999999999997726,1287.1024127272556,1282.3991298340143
2019-01-03,1,1,2019-01-03 11:30:00-05:00,1292.6999999999998,2019-01-03 12:00:00-05:00,1291.0,trailing,-16.99999999999818,2.0,-18.99999999999818,1292.318091505879,1282.690893344919
2019-01-03,1,1,2019-01-03 13:30:00-05:00,1294.8,2019-01-03 14:00:00-05:00,1293.0,trailing,-17.999999999999545,2.0,-19.999999999999545,1293.2779793145548,1281.7347260316258
2019-01-03,1,1,2019-01-03 14:30:00-05:00,1294.0,2019-01-03 15:59:00-05:00,1296.8000000000002,cierre,28.00000000000182,2.0,26.00000000000182,1293.592322872016,1281.421600860046
2019-01-04,-1,1,2019-01-04 10:00:00-05:00,1279.3000000000002,2019-01-04 10:30:00-05:00,1283.3999999999999,trailing,-40.99999999999682,2.0,-42.99999999999682,1298.1633743625537,1283.4485102601798
2019-01-09,1,1,2019-01-09 10:00:00-05:00,1289.5,2019-01-09 12:00:00-05:00,1289.5,trailing,0.0,2.0,-2.0,1288.0763939660412,1284.0242965392708
2019-01-09,1,1,2019-01-09 12:00:00-05:00,1289.6999999999998,2019-01-09 12:30:00-05:00,1289.7,trailing,2.2737367544323206e-12,2.0,-1.9999999999977263,1288.563932653228,1283.536947364129
2019-01-09,1,1,2019-01-09 12:30:00-05:00,1289.8999999999999,2019-01-09 15:59:00-05:00,1294.7,cierre,48.00000000000182,2.0,46.00000000000182,1288.8217267514676,1283.2792534734997
2019-01-11,1,1,2019-01-11 10:30:00-05:00,1291.3999999999999,2019-01-11 11:30:00-05:00,1290.0,trailing,-13.999999999998636,2.0,-15.999999999998636,1290.246154492405,1285.1558515742588
2019-01-15,-1,1,2019-01-15 11:30:00-05:00,1288.5,2019-01-15 14:30:00-05:00,1290.1999999999998,trailing,-16.99999999999818,2.0,-18.99999999999818,1296.2306110338234,1289.3733516713894
2019-01-16,1,1,2019-01-16 10:30:00-05:00,1293.8,2019-01-16 11:00:00-05:00,1292.9,trailing,-8.999999999998636,2.0,-10.999999999998636,1293.0575549655077,1286.9457806559965
2019-01-16,1,1,2019-01-16 11:30:00-05:00,1294.3999999999999,2019-01-16 13:00:00-05:00,1293.7,trailing,-6.999999999998181,2.0,-8.999999999998181,1293.585078656596,1286.4191558512225
2019-01-22,1,1,2019-01-22 15:00:00-05:00,1284.8,2019-01-22 15:30:00-05:00,1283.2,trailing,-15.99999999999909,2.0,-17.99999999999909,1284.0937972459913,1277.1100944475884
2019-01-25,1,1,2019-01-25 10:00:00-05:00,1293.1,2019-01-25 15:59:00-05:00,1298.8000000000002,cierre,57.00000000000273,2.0,55.00000000000273,1291.6324330636944,1278.876780843449
2019-01-28,1,1,2019-01-28 10:00:00-05:00,1301.1999999999998,2019-01-28 11:30:00-05:00,1301.5,trailing,3.000000000001819,2.0,1.000000000001819,1300.1406273864532,1296.360614291584
2019-01-28,1,1,2019-01-28 12:00:00-05:00,1302.5,2019-01-28 14:30:00-05:00,1301.6000000000001,trailing,-8.999999999998636,2.0,-10.999999999998636,1301.5297838754072,1294.9728481355544
2019-01-28,1,1,2019-01-28 15:30:00-05:00,1302.1999999999998,2019-01-28 15:59:00-05:00,1303.0,cierre,8.000000000001819,2.0,6.000000000001819,1301.818524647513,1294.6843963487465
2019-01-29,1,1,2019-01-29 10:30:00-05:00,1310.5,2019-01-29 11:00:00-05:00,1309.6000000000001,trailing,-8.999999999998636,2.0,-10.999999999998636,1309.6863571310494,1301.0208228988445
2019-01-30,1,1,2019-01-30 14:30:00-05:00,1317.1,2019-01-30 15:59:00-05:00,1318.3000000000002,cierre,12.000000000002728,2.0,10.000000000002728,1312.6621806634234,1307.0384289962703
2019-02-01,-1,1,2019-02-01 10:30:00-05:00,1322.4,2019-02-01 15:59:00-05:00,1322.6,cierre,-1.999999999998181,2.0,-3.999999999998181,1327.8404255229707,1324.5595744770296
2019-02-04,-1,1,2019-02-04 10:00:00-05:00,1314.8000000000002,2019-02-04 10:30:00-05:00,1318.1,trailing,-32.99999999999727,2.0,-34.99999999999727,1323.4930281750783,1315.3116272311108
2019-02-06,-1,1,2019-02-06 10:00:00-05:00,1316.3000000000002,2019-02-06 10:30:00-05:00,1316.6999999999998,trailing,-3.999999999996362,2.0,-5.999999999996362,1320.4379227476707,1316.8632572463582
2019-02-06,-1,1,2019-02-06 13:30:00-05:00,1314.3000000000002,2019-02-06 15:59:00-05:00,1310.8,cierre,35.000000000002274,2.0,33.000000000002274,1322.1496368993887,1315.15348910891
2019-02-08,1,1,2019-02-08 10:00:00-05:00,1318.1999999999998,2019-02-08 10:30:00-05:00,1316.9,trailing,-12.999999999997272,2.0,-14.999999999997272,1317.7339506566125,1312.2688054136452
2019-02-13,1,1,2019-02-13 10:00:00-05:00,1316.8,2019-02-13 11:00:00-05:00,1317.7,trailing,9.00000000000091,2.0,7.0000000000009095,1315.9595463676883,1312.6408977696617
2019-02-13,1,1,2019-02-13 11:00:00-05:00,1317.8999999999999,2019-02-13 11:30:00-05:00,1317.1000000000001,trailing,-7.9999999999972715,2.0,-9.999999999997272,1316.8407032549394,1311.7600090168764
2019-02-13,1,1,2019-02-13 11:30:00-05:00,1317.3,2019-02-13 12:00:00-05:00,1316.2,trailing,-10.99999999999909,2.0,-12.99999999999909,1317.0943055366206,1311.5064839059162
2019-02-13,-1,1,2019-02-13 15:00:00-05:00,1309.6000000000001,2019-02-13 15:59:00-05:00,1309.0,cierre,6.000000000001364,2.0,4.000000000001364,1317.6178758960464,1310.9830728680145
2019-02-14,1,1,2019-02-14 13:00:00-05:00,1317.3,2019-02-14 13:30:00-05:00,1313.7,trailing,-35.99999999999909,2.0,-37.99999999999909,1315.9030297159159,1306.5053859191762
2019-02-15,1,1,2019-02-15 14:00:00-05:00,1324.1,2019-02-15 15:59:00-05:00,1324.2,cierre,1.0000000000013642,2.0,-0.9999999999986358,1323.70445213821,1313.704783502227
2019-02-19,1,1,2019-02-19 10:00:00-05:00,1338.1999999999998,2019-02-19 15:59:00-05:00,1343.7,cierre,55.000000000002274,2.0,53.000000000002274,1337.6608841721759,1328.5450223092091
2019-02-21,-1,1,2019-02-21 10:00:00-05:00,1334.0,2019-02-21 10:30:00-05:00,1335.6999999999998,trailing,-16.99999999999818,2.0,-18.99999999999818,1342.7219601619956,1336.48150122348
2019-02-21,-1,1,2019-02-21 11:00:00-05:00,1334.6000000000001,2019-02-21 15:59:00-05:00,1326.3,cierre,83.00000000000182,2.0,81.00000000000182,1343.7718043399937,1335.4346308866125
2019-02-22,1,1,2019-02-22 12:30:00-05:00,1333.3999999999999,2019-02-22 13:30:00-05:00,1332.8000000000002,trailing,-5.999999999996817,2.0,-7.999999999996817,1333.2535911970883,1324.054336529503
2019-02-25,-1,1,2019-02-25 12:30:00-05:00,1328.3000000000002,2019-02-25 13:00:00-05:00,1328.5,trailing,-1.999999999998181,2.0,-3.999999999998181,1335.784812719837,1328.6197744694368
2019-02-27,-1,1,2019-02-27 10:00:00-05:00,1324.8000000000002,2019-02-27 10:30:00-05:00,1325.5,trailing,-6.999999999998181,2.0,-8.999999999998181,1332.4940944588348,1325.4102801092731
2019-02-27,-1,1,2019-02-27 11:30:00-05:00,1323.1000000000001,2019-02-27 15:59:00-05:00,1321.8999999999999,cierre,12.000000000002728,2.0,10.000000000002728,1333.3615695874564,1324.545737401083
2019-02-28,-1,1,2019-02-28 10:00:00-05:00,1318.7,2019-02-28 15:59:00-05:00,1314.3,cierre,44.00000000000091,2.0,42.00000000000091,1323.1483955605902,1320.1519104756242
2019-03-01,-1,1,2019-03-01 11:30:00-05:00,1304.7,2019-03-01 15:59:00-05:00,1291.5,cierre,132.00000000000045,2.0,130.00000000000045,1316.779766883576,1305.7318147817814
2019-03-04,-1,1,2019-03-04 10:30:00-05:00,1285.1000000000001,2019-03-04 11:00:00-05:00,1286.6999999999998,trailing,-15.999999999996817,2.0,-17.999999999996817,1293.5273458372287,1285.5787492375723
2019-03-05,-1,1,2019-03-05 10:30:00-05:00,1283.6000000000001,2019-03-05 11:00:00-05:00,1285.1,trailing,-14.999999999997726,2.0,-16.999999999997726,1289.904197232369,1283.798907267353
2019-03-11,-1,1,2019-03-11 10:00:00-04:00,1294.1000000000001,2019-03-11 15:30:00-04:00,1293.0,trailing,11.000000000001364,2.0,9.000000000001364,1301.8475470829399,1295.5561831511998
2019-03-12,1,1,2019-03-12 15:00:00-04:00,1302.1999999999998,2019-03-12 15:30:00-04:00,1300.9,trailing,-12.999999999997272,2.0,-14.999999999997272,1301.1165046205506,1289.9937919694223
2019-03-15,1,1,2019-03-15 10:00:00-04:00,1304.5,2019-03-15 11:00:00-04:00,1303.6000000000001,trailing,-8.999999999998636,2.0,-10.999999999998636,1303.9539680065247,1294.4527701342947
2019-03-20,-1,1,2019-03-20 11:00:00-04:00,1303.1000000000001,2019-03-20 14:30:00-04:00,1315.3999999999999,trailing,-122.99999999999727,2.0,-124.99999999999727,1310.5874271032314,1304.5160537227898
2019-03-20,1,1,2019-03-20 14:30:00-04:00,1315.3999999999999,2019-03-20 15:59:00-04:00,1314.3000000000002,cierre,-10.999999999996817,2.0,-12.999999999996817,1311.8092502900868,1303.2967509138125
2019-03-21,-1,1,2019-03-21 10:00:00-04:00,1312.6000000000001,2019-03-21 15:59:00-04:00,1309.1,cierre,35.000000000002274,2.0,33.000000000002274,1317.3151375227978,1313.186432064459
2019-03-22,1,1,2019-03-22 10:00:00-04:00,1314.1999999999998,2019-03-22 10:30:00-04:00,1312.7,trailing,-14.999999999997726,2.0,-16.999999999997726,1312.9313170823755,1307.671322003027
2019-03-25,1,1,2019-03-25 10:30:00-04:00,1321.6999999999998,2019-03-25 11:00:00-04:00,1319.6000000000001,trailing,-20.999999999996817,2.0,-22.999999999996817,1319.9900622202924,1310.6174153174545
2019-03-25,1,1,2019-03-25 11:30:00-04:00,1321.6,2019-03-25 12:30:00-04:00,1320.9,trailing,-6.999999999998181,2.0,-8.999999999998181,1319.9952699646558,1310.6122320633942
2019-03-25,1,1,2019-03-25 13:00:00-04:00,1321.5,2019-03-25 15:00:00-04:00,1321.0,trailing,-5.0,2.0,-7.0,1321.11263082022,1309.500125787096
2019-03-25,1,1,2019-03-25 15:30:00-04:00,1321.3999999999999,2019-03-25 15:59:00-04:00,1322.0,cierre,6.000000000001364,2.0,4.000000000001364,1321.1749300680458,1309.438119512068
2019-03-26,-1,1,2019-03-26 10:00:00-04:00,1313.7,2019-03-26 13:00:00-04:00,1315.6,trailing,-18.999999999998636,2.0,-20.999999999998636,1323.6268366693257,1315.8785911593907
2019-03-27,-1,1,2019-03-27 10:00:00-04:00,1311.7,2019-03-27 11:30:00-04:00,1312.0,trailing,-2.9999999999995453,2.0,-4.999999999999545,1317.6398077636518,1313.5609855220523
2019-03-27,-1,1,2019-03-27 11:30:00-04:00,1311.8000000000002,2019-03-27 13:00:00-04:00,1311.3999999999999,trailing,4.000000000003183,2.0,2.0000000000031832,1317.7821525960355,1313.4187055934603
2019-03-27,-1,1,2019-03-27 13:00:00-04:00,1311.2,2019-03-27 15:59:00-04:00,1308.5,cierre,27.000000000000455,2.0,25.000000000000455,1318.7378216323496,1312.4634723056242
2019-03-28,-1,1,2019-03-28 10:00:00-04:00,1290.6000000000001,2019-03-28 10:30:00-04:00,1293.6,trailing,-29.999999999997726,2.0,-31.999999999997726,1310.3266616204799,1291.2957208746527
2019-03-28,-1,1,2019-03-28 12:30:00-04:00,1288.9,2019-03-28 14:00:00-04:00,1290.3999999999999,trailing,-14.999999999997726,2.0,-16.999999999997726,1311.5927472400556,1290.044343678661
2019-04-01,-1,1,2019-04-01 10:30:00-04:00,1296.1000000000001,2019-04-01 15:59:00-04:00,1291.8,cierre,43.00000000000182,2.0,41.00000000000182,1302.843671123528,1298.9563288764718
2019-04-04,1,1,2019-04-04 15:30:00-04:00,1298.6,2019-04-04 15:59:00-04:00,1297.3000000000002,cierre,-12.999999999997272,2.0,-14.999999999997272,1297.901106682668,1283.1199908390602
2019-04-05,-1,1,2019-04-05 10:00:00-04:00,1292.8000000000002,2019-04-05 10:30:00-04:00,1295.3,trailing,-24.999999999997726,2.0,-26.999999999997726,1299.0977625841954,1293.105639745633
2019-04-10,1,1,2019-04-10 10:30:00-04:00,1311.0,2019-04-10 11:00:00-04:00,1310.8000000000002,trailing,-1.999999999998181,2.0,-3.999999999998181,1310.8373659062822,1306.2631240530454
2019-04-10,1,1,2019-04-10 11:30:00-04:00,1312.8999999999999,2019-04-10 14:30:00-04:00,1311.3000000000002,trailing,-15.999999999996817,2.0,-17.999999999996817,1311.5475788866254,1305.553073878459
2019-04-11,-1,1,2019-04-11 11:30:00-04:00,1298.2,2019-04-11 12:00:00-04:00,1298.3999999999999,trailing,-1.999999999998181,2.0,-3.999999999998181,1314.9648950025323,1298.458282748594
2019-04-11,-1,1,2019-04-11 12:30:00-04:00,1296.7,2019-04-11 15:59:00-04:00,1295.0,cierre,17.000000000000455,2.0,15.000000000000455,1315.606509898151,1297.8220464262506
2019-04-12,1,1,2019-04-12 10:30:00-04:00,1297.5,2019-04-12 11:00:00-04:00,1296.0,trailing,-15.0,2.0,-17.0,1296.9966136705261,1293.003679220165
2019-04-18,1,1,2019-04-18 10:00:00-04:00,1277.8999999999999,2019-04-18 10:30:00-04:00,1277.5,trailing,-3.9999999999986358,2.0,-5.999999999998636,1277.3621414909983,1274.6384615434679
2019-04-24,1,1,2019-04-24 10:30:00-04:00,1276.1,2019-04-24 15:59:00-04:00,1277.9,cierre,18.00000000000182,2.0,16.00000000000182,1275.0785021834486,1272.3220057453661
2019-04-25,1,1,2019-04-25 10:00:00-04:00,1284.0,2019-04-25 11:00:00-04:00,1281.7,trailing,-22.999999999999545,2.0,-24.999999999999545,1282.050742172021,1276.751992117549
2019-04-26,1,1,2019-04-26 10:30:00-04:00,1288.3999999999999,2019-04-26 13:30:00-04:00,1288.5,trailing,1.0000000000013642,2.0,-0.9999999999986358,1287.6272706808734,1277.880055465309
2019-04-29,-1,1,2019-04-29 10:00:00-04:00,1280.4,2019-04-29 11:00:00-04:00,1281.8,trailing,-13.999999999998636,2.0,-15.999999999998636,1289.145272819647,1280.8607879656493
2019-04-30,1,1,2019-04-30 10:00:00-04:00,1284.1,2019-04-30 10:30:00-04:00,1283.1000000000001,trailing,-9.999999999997726,2.0,-11.999999999997726,1283.9627209874927,1280.3380773787383
2019-04-30,1,1,2019-04-30 11:30:00-04:00,1285.6999999999998,2019-04-30 15:59:00-04:00,1285.5,cierre,-1.999999999998181,2.0,-3.999999999998181,1284.3706552704007,1279.9303657500197
2019-05-01,1,1,2019-05-01 14:30:00-04:00,1288.1999999999998,2019-05-01 15:00:00-04:00,1277.9,trailing,-102.99999999999727,2.0,-104.99999999999727,1288.092949762507,1281.1109285040802
2019-05-01,-1,1,2019-05-01 15:00:00-04:00,1277.9,2019-05-01 15:59:00-04:00,1277.1999999999998,cierre,7.0000000000027285,2.0,5.0000000000027285,1288.1333689376181,1281.070572208831
2019-05-03,1,1,2019-05-03 10:30:00-04:00,1282.6,2019-05-03 12:00:00-04:00,1280.6000000000001,trailing,-19.999999999997726,2.0,-21.999999999997726,1279.6964327717503,1270.3110599287186
2019-05-03,1,1,2019-05-03 12:00:00-04:00,1280.8,2019-05-03 12:30:00-04:00,1281.2,trailing,4.0000000000009095,2.0,2.0000000000009095,1280.5858951048567,1269.4260511701168
2019-05-03,1,1,2019-05-03 12:30:00-04:00,1281.3999999999999,2019-05-03 13:30:00-04:00,1281.1000000000001,trailing,-2.9999999999972715,2.0,-4.9999999999972715,1280.7710319641628,1269.2418412986838
2019-05-03,1,1,2019-05-03 13:30:00-04:00,1281.3,2019-05-03 14:30:00-04:00,1280.6000000000001,trailing,-6.999999999998181,2.0,-8.999999999998181,1280.2722195658748,1269.738156122767
2019-05-03,1,1,2019-05-03 14:30:00-04:00,1280.8,2019-05-03 15:00:00-04:00,1280.4,trailing,-3.9999999999986358,2.0,-5.999999999998636,1280.6636935820984,1269.3486422330523
2019-05-06,1,1,2019-05-06 13:00:00-04:00,1283.1,2019-05-06 15:59:00-04:00,1281.3000000000002,cierre,-17.99999999999727,2.0,-19.99999999999727,1282.1878349318888,1275.9140556905722
2019-05-07,1,1,2019-05-07 11:00:00-04:00,1285.5,2019-05-07 11:30:00-04:00,1284.6000000000001,trailing,-8.999999999998636,2.0,-10.999999999998636,1284.6432930043866,1279.6587452990718
2019-05-07,1,1,2019-05-07 13:30:00-04:00,1285.5,2019-05-07 14:30:00-04:00,1285.2,trailing,-2.9999999999995453,2.0,-4.999999999999545,1285.2185608494349,1279.0841500721292
2019-05-07,1,1,2019-05-07 15:00:00-04:00,1286.5,2019-05-07 15:59:00-04:00,1285.5,cierre,-10.0,2.0,-12.0,1285.4027999076798,1278.9001264309763
2019-05-08,-1,1,2019-05-08 11:00:00-04:00,1283.8000000000002,2019-05-08 15:59:00-04:00,1282.1,cierre,17.00000000000273,2.0,15.000000000002728,1290.3934682956262,1283.8107070923036
2019-05-09,1,1,2019-05-09 10:00:00-04:00,1286.8999999999999,2019-05-09 11:00:00-04:00,1285.8000000000002,trailing,-10.999999999996817,2.0,-12.999999999996817,1283.582678088205,1280.217568819453
2019-05-09,1,1,2019-05-09 11:00:00-04:00,1286.0,2019-05-09 12:30:00-04:00,1285.5,trailing,-5.0,2.0,-7.0,1283.9677611628601,1279.8325458201607
2019-05-09,1,1,2019-05-09 12:30:00-04:00,1285.6999999999998,2019-05-09 13:00:00-04:00,1284.4,trailing,-12.999999999997272,2.0,-14.999999999997272,1285.0926096761089,1278.7078727902992
2019-05-09,1,1,2019-05-09 13:30:00-04:00,1285.1999999999998,2019-05-09 14:30:00-04:00,1285.1000000000001,trailing,-0.9999999999968168,2.0,-2.9999999999968168,1284.892514391587,1278.9079368587081
2019-05-09,1,1,2019-05-09 14:30:00-04:00,1285.3,2019-05-09 15:30:00-04:00,1285.0,trailing,-2.9999999999995453,2.0,-4.999999999999545,1285.1063664842936,1278.6941181282625
2019-05-09,1,1,2019-05-09 15:30:00-04:00,1285.1999999999998,2019-05-09 15:59:00-04:00,1284.7,cierre,-4.999999999997726,2.0,-6.999999999997726,1285.1770566350124,1278.6234390056484
2019-05-14,-1,1,2019-05-14 11:00:00-04:00,1296.5,2019-05-14 13:00:00-04:00,1296.6,trailing,-0.9999999999990905,2.0,-2.9999999999990905,1302.5592519280297,1297.2424085240839
2019-05-14,-1,1,2019-05-14 13:30:00-04:00,1296.1000000000001,2019-05-14 14:30:00-04:00,1296.6999999999998,trailing,-5.999999999996817,2.0,-7.999999999996817,1303.4083686549652,1296.3939447629486
2019-05-16,-1,1,2019-05-16 10:00:00-04:00,1291.3000000000002,2019-05-16 10:30:00-04:00,1291.0,trailing,3.000000000001819,2.0,1.000000000001819,1298.6796219987373,1291.6250545740309
2019-05-16,-1,1,2019-05-16 11:00:00-04:00,1287.4,2019-05-16 15:59:00-04:00,1287.3999999999999,cierre,2.2737367544323206e-12,2.0,-1.9999999999977263,1299.5412530678495,1290.7661468223587
2019-05-17,-1,1,2019-05-17 10:30:00-04:00,1278.9,2019-05-17 15:59:00-04:00,1277.8999999999999,cierre,10.000000000002274,2.0,8.000000000002274,1289.5437483906405,1280.1647922503246
2019-05-23,1,1,2019-05-23 10:00:00-04:00,1283.1999999999998,2019-05-23 14:00:00-04:00,1284.2,trailing,10.000000000002274,2.0,8.000000000002274,1280.7374247211715,1272.3682812623024
2019-05-23,1,1,2019-05-23 14:00:00-04:00,1284.3999999999999,2019-05-23 15:30:00-04:00,1283.4,trailing,-9.999999999997726,2.0,-11.999999999997726,1282.782738968447,1270.3323983194887
2019-05-23,1,1,2019-05-23 15:30:00-04:00,1283.6,2019-05-23 15:59:00-04:00,1283.2,cierre,-3.9999999999986358,2.0,-5.999999999998636,1282.7552712306292,1270.3597393987263
2019-05-24,-1,1,2019-05-24 10:00:00-04:00,1281.2,2019-05-24 10:30:00-04:00,1282.6,trailing,-13.999999999998636,2.0,-15.999999999998636,1284.7129427389289,1281.4874976702472
2019-05-30,1,1,2019-05-30 11:30:00-04:00,1286.8999999999999,2019-05-30 15:59:00-04:00,1288.0,cierre,11.000000000001364,2.0,9.000000000001364,1283.687419525694,1277.2148881725718
2019-05-31,-1,1,2019-05-31 10:00:00-04:00,1301.4,2019-05-31 10:30:00-04:00,1304.8,trailing,-33.999999999998636,2.0,-35.999999999998636,1304.1157970773206,1301.8842029226794
2019-05-31,1,1,2019-05-31 11:00:00-04:00,1307.5,2019-05-31 11:30:00-04:00,1305.4,trailing,-20.99999999999909,2.0,-22.99999999999909,1305.4019431016054,1300.5980568983946
2019-05-31,1,1,2019-05-31 12:00:00-04:00,1306.8,2019-05-31 15:59:00-04:00,1311.1000000000001,cierre,43.00000000000182,2.0,41.00000000000182,1305.8487156819729,1300.1512843180271
2019-06-03,1,1,2019-06-03 10:00:00-04:00,1321.6999999999998,2019-06-03 15:59:00-04:00,1330.3000000000002,cierre,86.00000000000364,2.0,84.00000000000364,1320.7587204657768,1310.048655445039
2019-06-06,1,1,2019-06-06 10:00:00-04:00,1340.3,2019-06-06 11:00:00-04:00,1340.0,trailing,-2.9999999999995453,2.0,-4.999999999999545,1339.7921422042705,1332.5122216809832
2019-06-06,1,1,2019-06-06 12:00:00-04:00,1342.8,2019-06-06 14:00:00-04:00,1342.2,trailing,-5.9999999999990905,2.0,-7.9999999999990905,1341.490389660781,1330.8201907286839
2019-06-07,1,1,2019-06-07 10:30:00-04:00,1350.6999999999998,2019-06-07 11:00:00-04:00,1349.3000000000002,trailing,-13.999999999996362,2.0,-15.999999999996362,1349.9936935593535,1336.2203535703798
2019-06-12,1,1,2019-06-12 10:00:00-04:00,1336.3,2019-06-12 13:00:00-04:00,1336.2,trailing,-0.9999999999990905,2.0,-2.9999999999990905,1335.8405783385535,1329.2633394250436
2019-06-13,1,1,2019-06-13 11:30:00-04:00,1343.0,2019-06-13 15:59:00-04:00,1344.9,cierre,19.00000000000091,2.0,17.00000000000091,1341.6812035891364,1334.0231585944
2019-06-14,1,1,2019-06-14 10:00:00-04:00,1354.8,2019-06-14 10:30:00-04:00,1350.6000000000001,trailing,-41.99999999999818,2.0,-43.99999999999818,1352.9462218033902,1343.8595440704541
2019-06-17,-1,1,2019-06-17 10:30:00-04:00,1340.7,2019-06-17 11:30:00-04:00,1344.1,trailing,-33.999999999998636,2.0,-35.999999999998636,1348.1220330794342,1342.7801085411418
2019-06-19,1,1,2019-06-19 14:30:00-04:00,1355.6,2019-06-19 15:59:00-04:00,1359.0,cierre,34.00000000000091,2.0,32.00000000000091,1354.998555379875,1341.712044086322
2019-06-20,1,1,2019-06-20 11:30:00-04:00,1389.3,2019-06-20 15:59:00-04:00,1393.2,cierre,39.00000000000091,2.0,37.00000000000091,1388.5490440371982,1356.2073572813538
2019-06-24,1,1,2019-06-24 11:30:00-04:00,1421.0,2019-06-24 15:59:00-04:00,1422.5,cierre,15.0,2.0,13.0,1413.555860619027,1399.8601572836353
2019-06-25,1,1,2019-06-25 10:00:00-04:00,1435.3,2019-06-25 11:00:00-04:00,1434.0,trailing,-12.999999999999545,2.0,-14.999999999999545,1434.794797463611,1420.6194033558534
2019-06-26,-1,1,2019-06-26 10:00:00-04:00,1409.1000000000001,2019-06-26 10:30:00-04:00,1412.0,trailing,-28.999999999998636,2.0,-30.999999999998636,1427.8474201566137,1410.7718594800597
2019-07-01,-1,1,2019-07-01 11:30:00-04:00,1394.5,2019-07-01 15:59:00-04:00,1387.3999999999999,cierre,71.00000000000136,2.0,69.00000000000136,1417.1632560879113,1394.669956124684
2019-07-02,1,1,2019-07-02 11:00:00-04:00,1397.1,2019-07-02 15:59:00-04:00,1416.2,cierre,191.00000000000136,2.0,189.00000000000136,1396.5134831354453,1385.1972782890111
2019-07-03,1,1,2019-07-03 10:30:00-04:00,1423.0,2019-07-03 11:30:00-04:00,1421.6000000000001,trailing,-13.999999999998636,2.0,-15.999999999998636,1421.215718153245,1413.7885376609286
2019-07-05,-1,1,2019-07-05 10:00:00-04:00,1391.5,2019-07-05 10:30:00-04:00,1393.1,trailing,-15.99999999999909,2.0,-17.99999999999909,1419.946987937717,1393.484043040698
2019-07-08,-1,1,2019-07-08 11:00:00-04:00,1398.7,2019-07-08 13:00:00-04:00,1399.1999999999998,trailing,-4.999999999997726,2.0,-6.999999999997726,1405.435390289467,1401.1648997761292
2019-07-09,1,1,2019-07-09 11:30:00-04:00,1398.8999999999999,2019-07-09 13:00:00-04:00,1398.9,trailing,2.2737367544323206e-12,2.0,-1.9999999999977263,1398.235872332773,1390.9670734289027
2019-07-10,1,1,2019-07-10 14:30:00-04:00,1417.0,2019-07-10 15:00:00-04:00,1417.3000000000002,trailing,3.000000000001819,2.0,1.000000000001819,1416.7661829507206,1393.3822314805725
2019-07-10,1,1,2019-07-10 15:30:00-04:00,1419.1999999999998,2019-07-10 15:59:00-04:00,1420.2,cierre,10.000000000002274,2.0,8.000000000002274,1418.0085861886926,1392.1508323101089
2019-07-11,-1,1,2019-07-11 11:00:00-04:00,1410.8000000000002,2019-07-11 12:00:00-04:00,1414.0,trailing,-31.99999999999818,2.0,-33.99999999999818,1422.1962964912086,1415.5075754089703
2019-07-11,-1,1,2019-07-11 12:30:00-04:00,1412.4,2019-07-11 15:59:00-04:00,1408.8,cierre,36.000000000001364,2.0,34.000000000001364,1424.2122775779028,1413.4957105971139
2019-07-12,1,1,2019-07-12 14:30:00-04:00,1417.1999999999998,2019-07-12 15:30:00-04:00,1417.2,trailing,2.2737367544323206e-12,2.0,-1.9999999999977263,1416.2861648814921,1402.8209299003418
2019-07-15,-1,1,2019-07-15 10:30:00-04:00,1411.4,2019-07-15 11:00:00-04:00,1412.1,trailing,-6.999999999998181,2.0,-8.999999999998181,1418.6623256060004,1411.5421435548271
2019-07-16,-1,1,2019-07-16 10:00:00-04:00,1411.3000000000002,2019-07-16 10:30:00-04:00,1412.6999999999998,trailing,-13.999999999996362,2.0,-15.999999999996362,1418.4111041876645,1411.7927351623784
2019-07-16,-1,1,2019-07-16 12:00:00-04:00,1405.8000000000002,2019-07-16 13:00:00-04:00,1410.6999999999998,trailing,-48.99999999999636,2.0,-50.99999999999636,1420.4211413626406,1409.7878050054203
2019-07-16,-1,1,2019-07-16 14:30:00-04:00,1405.6000000000001,2019-07-16 15:59:00-04:00,1404.8999999999999,cierre,7.0000000000027285,2.0,5.0000000000027285,1422.2347085752538,1407.978845628198
2019-07-17,1,1,2019-07-17 10:00:00-04:00,1413.3999999999999,2019-07-17 15:59:00-04:00,1427.9,cierre,145.00000000000227,2.0,143.00000000000227,1412.5765701208245,1403.4296728275692
2019-07-18,1,1,2019-07-18 14:30:00-04:00,1435.5,2019-07-18 15:59:00-04:00,1447.2,cierre,117.00000000000045,2.0,115.00000000000045,1434.5811604126193,1413.05755229569
2019-07-19,-1,1,2019-07-19 10:30:00-04:00,1433.4,2019-07-19 15:30:00-04:00,1427.3,trailing,61.000000000001364,2.0,59.000000000001364,1449.344188952442,1434.770641410303
2019-07-22,1,1,2019-07-22 10:00:00-04:00,1429.6,2019-07-22 10:30:00-04:00,1426.8000000000002,trailing,-27.99999999999727,2.0,-29.99999999999727,1428.6882951522537,1424.6123314842146
2019-07-23,1,1,2019-07-23 10:30:00-04:00,1428.6,2019-07-23 11:00:00-04:00,1424.5,trailing,-40.99999999999909,2.0,-42.99999999999909,1427.838032291697,1423.5619677083032
2019-07-23,-1,1,2019-07-23 12:30:00-04:00,1420.4,2019-07-23 13:30:00-04:00,1422.0,trailing,-15.99999999999909,2.0,-17.99999999999909,1429.9478229258618,1421.4521770741383
2019-07-25,-1,1,2019-07-25 10:00:00-04:00,1416.8000000000002,2019-07-25 10:30:00-04:00,1419.6999999999998,trailing,-28.999999999996362,2.0,-30.999999999996362,1426.7187882051821,1421.2835093727313
2019-07-25,-1,1,2019-07-25 10:30:00-04:00,1419.5,2019-07-25 11:30:00-04:00,1419.0,trailing,5.0,2.0,3.0,1426.8630161621056,1421.139463611276
2019-07-25,-1,1,2019-07-25 11:30:00-04:00,1418.8000000000002,2019-07-25 12:00:00-04:00,1418.1,trailing,7.0000000000027285,2.0,5.0000000000027285,1428.6960989303352,1419.3086964785177
2019-07-25,-1,1,2019-07-25 12:30:00-04:00,1416.8000000000002,2019-07-25 14:30:00-04:00,1416.8999999999999,trailing,-0.9999999999968168,2.0,-2.9999999999968168,1429.672711803174,1418.3333173085148
2019-07-25,-1,1,2019-07-25 15:00:00-04:00,1414.1000000000001,2019-07-25 15:59:00-04:00,1414.1999999999998,cierre,-0.9999999999968168,2.0,-2.9999999999968168,1432.288137036505,1415.7211960020702
2019-08-01,1,1,2019-08-01 10:30:00-04:00,1423.6,2019-08-01 15:59:00-04:00,1457.9,cierre,343.0000000000018,2.0,341.0000000000018,1417.5976427335092,1413.202357266491
2019-08-05,1,1,2019-08-05 10:30:00-04:00,1481.0,2019-08-05 11:00:00-04:00,1478.3000000000002,trailing,-26.99999999999818,2.0,-28.99999999999818,1477.7185216094078,1449.7306357250013
2019-08-06,1,1,2019-08-06 11:00:00-04:00,1483.6999999999998,2019-08-06 12:00:00-04:00,1481.5,trailing,-21.99999999999818,2.0,-23.99999999999818,1483.359971409664,1468.0584363278363
2019-08-07,1,1,2019-08-07 10:00:00-04:00,1520.1999999999998,2019-08-07 11:00:00-04:00,1513.4,trailing,-67.99999999999727,2.0,-69.99999999999727,1512.2432115828199,1482.3972442984693
2019-08-07,1,1,2019-08-07 11:30:00-04:00,1519.3999999999999,2019-08-07 14:00:00-04:00,1515.1000000000001,trailing,-42.99999999999727,2.0,-44.99999999999727,1514.888990508673,1479.7952754621288
2019-08-07,1,1,2019-08-07 14:30:00-04:00,1518.5,2019-08-07 15:00:00-04:00,1515.2,trailing,-32.999999999999545,2.0,-34.999999999999545,1518.2223570365793,1476.517104432433
2019-08-08,1,1,2019-08-08 14:30:00-04:00,1518.8,2019-08-08 15:59:00-04:00,1514.7,cierre,-40.99999999999909,2.0,-42.99999999999909,1515.279417434584,1497.8303874696455
2019-08-12,1,1,2019-08-12 15:00:00-04:00,1523.3999999999999,2019-08-12 15:59:00-04:00,1523.1000000000001,cierre,-2.9999999999972715,2.0,-4.9999999999972715,1521.722492560158,1501.6970654003421
2019-08-13,-1,1,2019-08-13 10:00:00-04:00,1496.8000000000002,2019-08-13 11:00:00-04:00,1515.5,trailing,-186.99999999999818,2.0,-188.99999999999818,1531.787588866871,1520.422985374743
2019-08-13,-1,1,2019-08-13 11:00:00-04:00,1515.3000000000002,2019-08-13 11:30:00-04:00,1514.1,trailing,12.000000000002728,2.0,10.000000000002728,1533.3421592609266,1518.8743119776038
2019-08-13,-1,1,2019-08-13 11:30:00-04:00,1513.9,2019-08-13 12:00:00-04:00,1513.0,trailing,9.00000000000091,2.0,7.0000000000009095,1534.6525355004067,1517.568906426279
2019-08-13,-1,1,2019-08-13 12:00:00-04:00,1512.8000000000002,2019-08-13 12:30:00-04:00,1512.8,trailing,2.2737367544323206e-12,2.0,-1.9999999999977263,1534.305123045898,1517.9150010310584
2019-08-13,-1,1,2019-08-13 12:30:00-04:00,1512.6000000000001,2019-08-13 13:00:00-04:00,1513.1,trailing,-4.999999999997726,2.0,-6.999999999997726,1534.5638657520956,1517.657239821065
2019-08-13,-1,1,2019-08-13 13:00:00-04:00,1512.9,2019-08-13 13:30:00-04:00,1514.3,trailing,-13.999999999998636,2.0,-15.999999999998636,1534.8289133277863,1517.3931976580222
2019-08-13,-1,1,2019-08-13 13:30:00-04:00,1514.1000000000001,2019-08-13 14:00:00-04:00,1512.3999999999999,trailing,17.00000000000273,2.0,15.000000000002728,1534.5918365101802,1517.629375165267
2019-08-13,-1,1,2019-08-13 14:00:00-04:00,1512.2,2019-08-13 15:00:00-04:00,1512.1999999999998,trailing,2.2737367544323206e-12,2.0,-1.9999999999977263,1536.0359364311212,1516.1907531903967
2019-08-13,-1,1,2019-08-13 15:00:00-04:00,1512.0,2019-08-13 15:30:00-04:00,1513.0,trailing,-10.0,2.0,-12.0,1537.5567880190254,1514.6756706928843
2019-08-13,-1,1,2019-08-13 15:30:00-04:00,1512.8000000000002,2019-08-13 15:59:00-04:00,1513.8,cierre,-9.999999999997726,2.0,-11.999999999997726,1537.3320561790354,1514.8995500510748
2019-08-14,1,1,2019-08-14 13:00:00-04:00,1534.0,2019-08-14 13:30:00-04:00,1527.6000000000001,trailing,-63.999999999998636,2.0,-65.99999999999864,1532.491286691905,1507.0617769920457
2019-08-15,1,1,2019-08-15 14:00:00-04:00,1534.5,2019-08-15 14:30:00-04:00,1534.0,trailing,-5.0,2.0,-7.0,1533.8689398689883,1517.1398678431215
2019-08-16,-1,1,2019-08-16 11:00:00-04:00,1515.1000000000001,2019-08-16 11:30:00-04:00,1519.8,trailing,-46.99999999999818,2.0,-48.99999999999818,1538.5413688584692,1519.0895437041752
2019-08-23,1,1,2019-08-23 10:30:00-04:00,1523.0,2019-08-23 15:59:00-04:00,1538.4,cierre,154.0000000000009,2.0,152.0000000000009,1517.9592409386148,1504.9540960024597
2019-08-27,1,1,2019-08-27 11:00:00-04:00,1547.8999999999999,2019-08-27 15:59:00-04:00,1552.5,cierre,46.000000000001364,2.0,44.000000000001364,1544.36448823229,1534.2394794842849
2019-08-28,-1,1,2019-08-28 10:00:00-04:00,1546.4,2019-08-28 10:30:00-04:00,1548.5,trailing,-20.99999999999909,2.0,-22.99999999999909,1556.539475669212,1547.0645840764214
2019-08-29,-1,1,2019-08-29 12:30:00-04:00,1541.9,2019-08-29 15:59:00-04:00,1537.6999999999998,cierre,42.00000000000273,2.0,40.00000000000273,1557.1407891890021,1543.067636375861
2019-08-30,-1,1,2019-08-30 14:00:00-04:00,1527.7,2019-08-30 14:30:00-04:00,1530.0,trailing,-22.999999999999545,2.0,-24.999999999999545,1543.9018763250822,1528.2108290707345
2019-09-03,1,1,2019-09-03 10:30:00-04:00,1551.6,2019-09-03 15:00:00-04:00,1552.7,trailing,11.000000000001364,2.0,9.000000000001364,1548.7545481317363,1535.558834250793
2019-09-03,1,1,2019-09-03 15:00:00-04:00,1552.8999999999999,2019-09-03 15:30:00-04:00,1552.1000000000001,trailing,-7.9999999999972715,2.0,-9.999999999997272,1552.1315180013667,1532.1995551429945
2019-09-03,1,1,2019-09-03 15:30:00-04:00,1552.3,2019-09-03 15:59:00-04:00,1554.4,cierre,21.000000000001364,2.0,19.000000000001364,1551.7446626716576,1532.584383873188
2019-09-04,1,1,2019-09-04 14:00:00-04:00,1564.8,2019-09-04 15:59:00-04:00,1563.9,cierre,-8.999999999998636,2.0,-10.999999999998636,1560.9329892571257,1546.075287345328
2019-09-05,-1,1,2019-09-05 10:00:00-04:00,1536.4,2019-09-05 11:30:00-04:00,1529.3999999999999,trailing,70.00000000000227,2.0,68.00000000000227,1566.3236633621939,1543.9027824228745
2019-09-05,-1,1,2019-09-05 11:30:00-04:00,1529.2,2019-09-05 15:59:00-04:00,1526.6,cierre,26.000000000001364,2.0,24.000000000001364,1569.2897342831973,1540.9704685750132
2019-09-06,-1,1,2019-09-06 13:30:00-04:00,1515.9,2019-09-06 15:59:00-04:00,1513.6999999999998,cierre,22.00000000000273,2.0,20.00000000000273,1540.2192246581722,1518.3102830021544
2019-09-09,-1,1,2019-09-09 11:00:00-04:00,1506.8000000000002,2019-09-09 11:30:00-04:00,1508.3999999999999,trailing,-15.999999999996817,2.0,-17.999999999996817,1523.9243111741948,1507.9930992601846
2019-09-11,1,1,2019-09-11 10:00:00-04:00,1499.8999999999999,2019-09-11 11:00:00-04:00,1502.3000000000002,trailing,24.000000000003183,2.0,22.000000000003183,1499.11809346069,1492.0850555992693
2019-09-11,1,1,2019-09-11 11:30:00-04:00,1503.1,2019-09-11 12:00:00-04:00,1502.3000000000002,trailing,-7.9999999999972715,2.0,-9.999999999997272,1502.9955394799324,1488.212273397491
2019-09-13,-1,1,2019-09-13 12:00:00-04:00,1498.1000000000001,2019-09-13 13:30:00-04:00,1499.6,trailing,-14.999999999997726,2.0,-16.999999999997726,1517.5164359805526,1500.201518475414
2019-09-13,-1,1,2019-09-13 14:30:00-04:00,1495.6000000000001,2019-09-13 15:59:00-04:00,1494.3999999999999,cierre,12.000000000002728,2.0,10.000000000002728,1520.4075510067305,1497.3182488206094
2019-09-18,-1,1,2019-09-18 15:00:00-04:00,1497.8000000000002,2019-09-18 15:59:00-04:00,1499.8999999999999,cierre,-20.999999999996817,2.0,-22.999999999996817,1522.959386756398,1499.8605604709594
2019-09-20,1,1,2019-09-20 14:00:00-04:00,1517.6999999999998,2019-09-20 15:59:00-04:00,1523.8000000000002,cierre,61.00000000000364,2.0,59.00000000000364,1517.0139631409936,1498.3020872736213
2019-09-23,1,1,2019-09-23 10:00:00-04:00,1529.8,2019-09-23 10:30:00-04:00,1530.9,trailing,11.000000000001364,2.0,9.000000000001364,1528.356856660782,1521.8463776024596
2019-09-23,1,1,2019-09-23 11:00:00-04:00,1533.6,2019-09-23 11:30:00-04:00,1530.7,trailing,-28.999999999998636,2.0,-30.999999999998636,1531.8440768973471,1518.364640775819
2019-09-24,1,1,2019-09-24 13:00:00-04:00,1541.8999999999999,2019-09-24 14:00:00-04:00,1538.8000000000002,trailing,-30.999999999996817,2.0,-32.99999999999682,1538.9499708633716,1519.4764616031346
2019-09-25,-1,1,2019-09-25 11:00:00-04:00,1524.9,2019-09-25 15:59:00-04:00,1511.5,cierre,134.0000000000009,2.0,132.0000000000009,1545.8412599042558,1529.6766872282797
2019-09-30,-1,1,2019-09-30 11:30:00-04:00,1476.3000000000002,2019-09-30 15:30:00-04:00,1480.3999999999999,trailing,-40.99999999999682,2.0,-42.99999999999682,1507.3702342963581,1484.9699201803212
2019-10-01,1,1,2019-10-01 11:00:00-04:00,1489.8999999999999,2019-10-01 14:30:00-04:00,1486.6000000000001,trailing,-32.99999999999727,2.0,-34.99999999999727,1483.4289130662585,1467.0936008183564
2019-10-02,1,1,2019-10-02 11:30:00-04:00,1506.1999999999998,2019-10-02 12:00:00-04:00,1504.5,trailing,-16.99999999999818,2.0,-18.99999999999818,1505.7119085280524,1481.0390461067561
2019-10-02,1,1,2019-10-02 14:00:00-04:00,1509.6999999999998,2019-10-02 14:30:00-04:00,1507.6000000000001,trailing,-20.999999999996817,2.0,-22.999999999996817,1508.3297700204357,1478.4426582364845
2019-10-03,1,1,2019-10-03 10:00:00-04:00,1507.3,2019-10-03 11:30:00-04:00,1515.8000000000002,trailing,85.00000000000227,2.0,83.00000000000227,1506.8901660703073,1503.5100452053284
2019-10-03,1,1,2019-10-03 11:30:00-04:00,1516.0,2019-10-03 12:00:00-04:00,1516.2,trailing,2.0000000000004547,2.0,4.547473508864641e-13,1511.4721108206877,1498.9287092299096
2019-10-03,1,1,2019-10-03 12:00:00-04:00,1516.3999999999999,2019-10-03 12:30:00-04:00,1513.8000000000002,trailing,-25.999999999996817,2.0,-27.999999999996817,1512.366437099777,1498.0345017744805
2019-10-03,1,1,2019-10-03 12:30:00-04:00,1514.0,2019-10-03 13:00:00-04:00,1513.8000000000002,trailing,-1.999999999998181,2.0,-3.999999999998181,1513.0483122955516,1497.3527171752908
2019-10-03,1,1,2019-10-03 13:30:00-04:00,1514.3,2019-10-03 14:00:00-04:00,1512.7,trailing,-15.99999999999909,2.0,-17.99999999999909,1513.970712781999,1496.4304392425515
2019-10-04,-1,1,2019-10-04 10:00:00-04:00,1504.4,2019-10-04 10:30:00-04:00,1512.0,trailing,-75.99999999999909,2.0,-77.99999999999909,1513.1829424390046,1505.022402002747
2019-10-10,-1,1,2019-10-10 10:00:00-04:00,1499.2,2019-10-10 12:30:00-04:00,1501.6,trailing,-23.999999999998636,2.0,-25.999999999998636,1514.1570309944348,1505.5487754612814
2019-10-11,-1,1,2019-10-11 10:00:00-04:00,1487.1000000000001,2019-10-11 11:30:00-04:00,1483.6,trailing,35.000000000002274,2.0,33.000000000002274,1500.8959130945977,1487.517273812623
2019-10-15,-1,1,2019-10-15 11:00:00-04:00,1482.9,2019-10-15 11:30:00-04:00,1486.1,trailing,-31.99999999999818,2.0,-33.99999999999818,1502.265330595925,1485.751977330352
2019-10-15,-1,1,2019-10-15 13:30:00-04:00,1483.7,2019-10-15 14:00:00-04:00,1484.3,trailing,-5.9999999999990905,2.0,-7.9999999999990905,1504.0380642783452,1483.9842202413854
2019-10-15,-1,1,2019-10-15 15:30:00-04:00,1484.4,2019-10-15 15:59:00-04:00,1485.1,cierre,-6.999999999998181,2.0,-8.999999999998181,1503.1689699319536,1484.8508747801075
2019-10-17,1,1,2019-10-17 10:00:00-04:00,1497.1,2019-10-17 10:30:00-04:00,1494.4,trailing,-26.99999999999818,2.0,-28.99999999999818,1496.7708510067466,1491.3309500946843
2019-10-21,-1,1,2019-10-21 11:30:00-04:00,1487.3000000000002,2019-10-21 12:30:00-04:00,1489.1999999999998,trailing,-18.999999999996362,2.0,-20.999999999996362,1502.0047711566472,1489.004269733924
2019-10-21,-1,1,2019-10-21 13:00:00-04:00,1487.6000000000001,2019-10-21 14:00:00-04:00,1489.1,trailing,-14.999999999997726,2.0,-16.999999999997726,1502.5347667130268,1488.4751948005046
2019-10-21,-1,1,2019-10-21 14:30:00-04:00,1487.6000000000001,2019-10-21 15:59:00-04:00,1486.8999999999999,cierre,7.0000000000027285,2.0,5.0000000000027285,1501.8489197859178,1489.1598503847417
2019-10-23,1,1,2019-10-23 10:00:00-04:00,1498.5,2019-10-23 10:30:00-04:00,1497.9,trailing,-5.9999999999990905,2.0,-7.9999999999990905,1496.9344295716771,1488.7710917533661
2019-10-24,1,1,2019-10-24 10:00:00-04:00,1501.8999999999999,2019-10-24 12:00:00-04:00,1502.4,trailing,5.000000000002274,2.0,3.0000000000022737,1501.0476404622632,1492.7580760463316
2019-10-24,1,1,2019-10-24 12:30:00-04:00,1504.5,2019-10-24 15:59:00-04:00,1504.6000000000001,cierre,1.0000000000013642,2.0,-0.9999999999986358,1502.6565003973758,1491.1539382669885
2019-10-28,-1,1,2019-10-28 10:00:00-04:00,1494.5,2019-10-28 13:30:00-04:00,1496.0,trailing,-15.0,2.0,-17.0,1509.9946656378634,1499.513544939581
2019-10-28,-1,1,2019-10-28 13:30:00-04:00,1495.8000000000002,2019-10-28 14:00:00-04:00,1495.5,trailing,3.000000000001819,2.0,1.000000000001819,1512.8732310353116,1496.6481489501969
2019-10-28,-1,1,2019-10-28 14:00:00-04:00,1495.3000000000002,2019-10-28 15:59:00-04:00,1495.3999999999999,cierre,-0.9999999999968168,2.0,-2.9999999999968168,1512.321101082653,1497.1977529138132
2019-10-31,1,1,2019-10-31 10:00:00-04:00,1514.3999999999999,2019-10-31 11:00:00-04:00,1513.6000000000001,trailing,-7.9999999999972715,2.0,-9.999999999997272,1510.8130707365096,1496.8988484489207
2019-10-31,1,1,2019-10-31 11:00:00-04:00,1513.8,2019-10-31 12:00:00-04:00,1511.9,trailing,-18.999999999998636,2.0,-20.999999999998636,1512.4783575289682,1495.245148371273
2019-10-31,1,1,2019-10-31 12:30:00-04:00,1514.0,2019-10-31 15:30:00-04:00,1513.5,trailing,-5.0,2.0,-7.0,1513.613807338644,1494.1175987822594
2019-10-31,1,1,2019-10-31 15:30:00-04:00,1513.6999999999998,2019-10-31 15:59:00-04:00,1513.6000000000001,cierre,-0.9999999999968168,2.0,-2.9999999999968168,1513.1764474008974,1494.5519156616626
2019-11-05,-1,1,2019-11-05 10:30:00-05:00,1488.6000000000001,2019-11-05 15:59:00-05:00,1486.3999999999999,cierre,22.00000000000273,2.0,20.00000000000273,1513.6444633904473,1492.184599693971
2019-11-06,1,1,2019-11-06 12:00:00-05:00,1494.5,2019-11-06 12:30:00-05:00,1492.9,trailing,-15.99999999999909,2.0,-17.99999999999909,1493.7031194135106,1481.4051139277938
2019-11-07,-1,1,2019-11-07 10:00:00-05:00,1485.1000000000001,2019-11-07 15:59:00-05:00,1468.8999999999999,cierre,162.00000000000273,2.0,160.00000000000273,1494.5031252606195,1486.302431365761
2019-11-11,-1,1,2019-11-11 10:30:00-05:00,1453.5,2019-11-11 11:30:00-05:00,1456.1999999999998,trailing,-26.99999999999818,2.0,-28.99999999999818,1464.7615275904277,1456.2429356700452
2019-11-12,-1,1,2019-11-12 10:00:00-05:00,1452.7,2019-11-12 10:30:00-05:00,1452.3999999999999,trailing,3.000000000001819,2.0,1.000000000001819,1457.8917936049595,1453.2086580939358
2019-11-21,-1,1,2019-11-21 13:30:00-05:00,1463.4,2019-11-21 14:00:00-05:00,1464.8999999999999,trailing,-14.999999999997726,2.0,-16.999999999997726,1477.7273676767973,1464.4855395620316
2019-11-21,-1,1,2019-11-21 14:30:00-05:00,1464.0,2019-11-21 15:59:00-05:00,1465.1999999999998,cierre,-11.999999999998181,2.0,-13.999999999998181,1477.7258155234026,1464.487087290335
2019-11-26,1,1,2019-11-26 11:30:00-05:00,1460.3,2019-11-26 12:00:00-05:00,1458.0,trailing,-22.999999999999545,2.0,-24.999999999999545,1458.847535711138,1449.8549682633877
2019-11-26,1,1,2019-11-26 12:30:00-05:00,1459.8,2019-11-26 15:59:00-05:00,1462.2,cierre,24.00000000000091,2.0,22.00000000000091,1459.1225383610804,1449.5801357415626
2019-11-29,1,1,2019-11-29 10:00:00-05:00,1463.5,2019-11-29 13:44:00-05:00,1470.3000000000002,cierre,68.00000000000182,2.0,66.00000000000182,1462.8762673613398,1460.1237326386602
2019-12-03,1,1,2019-12-03 10:00:00-05:00,1484.3,2019-12-03 12:30:00-05:00,1485.1000000000001,trailing,8.000000000001819,2.0,6.000000000001819,1483.5007931647917,1467.510966805798
2019-12-04,-1,1,2019-12-04 10:00:00-05:00,1480.7,2019-12-04 11:30:00-05:00,1479.5,trailing,12.000000000000455,2.0,10.000000000000455,1484.429951462031,1481.470144960859
2019-12-04,-1,1,2019-12-04 12:00:00-05:00,1478.7,2019-12-04 12:30:00-05:00,1479.6999999999998,trailing,-9.999999999997726,2.0,-11.999999999997726,1486.27593539533,1479.6242855038877
2019-12-05,1,1,2019-12-05 12:00:00-05:00,1484.3999999999999,2019-12-05 13:30:00-05:00,1482.9,trailing,-14.999999999997726,2.0,-16.999999999997726,1483.7210423240408,1475.4828738368396
2019-12-11,1,1,2019-12-11 10:30:00-05:00,1474.3999999999999,2019-12-11 11:00:00-05:00,1474.0,trailing,-3.9999999999986358,2.0,-5.999999999998636,1474.3274242160082,1466.5772123143513
2019-12-11,1,1,2019-12-11 11:30:00-05:00,1477.1,2019-12-11 12:30:00-05:00,1475.4,trailing,-16.99999999999818,2.0,-18.99999999999818,1475.571451766047,1465.335466918399
2019-12-11,1,1,2019-12-11 14:30:00-05:00,1477.5,2019-12-11 15:59:00-05:00,1479.6000000000001,cierre,21.000000000001364,2.0,19.000000000001364,1475.3021956295574,1465.6042291076349
2019-12-12,-1,1,2019-12-12 10:00:00-05:00,1473.1000000000001,2019-12-12 15:59:00-05:00,1474.3999999999999,cierre,-12.999999999997272,2.0,-14.999999999997272,1490.3610498304768,1478.2479780817005
2019-12-13,1,1,2019-12-13 10:00:00-05:00,1477.5,2019-12-13 10:30:00-05:00,1473.8000000000002,trailing,-36.99999999999818,2.0,-38.99999999999818,1477.32177222025,1471.9793296377525
2019-12-13,1,1,2019-12-13 11:30:00-05:00,1480.6,2019-12-13 12:30:00-05:00,1479.2,trailing,-13.999999999998636,2.0,-15.999999999998636,1480.0052636263654,1469.2971117529828
2019-12-13,1,1,2019-12-13 13:30:00-05:00,1480.8999999999999,2019-12-13 15:59:00-05:00,1480.9,cierre,2.2737367544323206e-12,2.0,-1.9999999999977263,1479.5596202096585,1469.7425436778988
2019-12-19,1,1,2019-12-19 13:30:00-05:00,1484.6,2019-12-19 14:30:00-05:00,1483.9,trailing,-6.999999999998181,2.0,-8.999999999998181,1484.4618129184325,1475.8384750029913
2019-12-24,1,1,2019-12-24 10:30:00-05:00,1501.1,2019-12-24 13:44:00-05:00,1504.3000000000002,cierre,32.00000000000273,2.0,30.00000000000273,1498.2809656452325,1486.830015700346
2019-12-26,1,1,2019-12-26 11:00:00-05:00,1517.0,2019-12-26 11:30:00-05:00,1512.6000000000001,trailing,-43.999999999998636,2.0,-45.999999999998636,1516.6201874393669,1501.0993392032094
2020-01-07,1,1,2020-01-07 10:00:00-05:00,1570.6999999999998,2020-01-07 11:00:00-05:00,1570.2,trailing,-4.999999999997726,2.0,-6.999999999997726,1570.0099799174802,1566.3909456153476
2020-01-07,1,1,2020-01-07 12:00:00-05:00,1572.8999999999999,2020-01-07 15:30:00-05:00,1571.5,trailing,-13.999999999998636,2.0,-15.999999999998636,1571.6585970193298,1564.7435895668652
2020-01-07,1,1,2020-01-07 15:30:00-05:00,1571.6999999999998,2020-01-07 15:59:00-05:00,1573.3000000000002,cierre,16.000000000003638,2.0,14.000000000003638,1571.2170730841297,1565.1847757734054
2020-01-08,-1,1,2020-01-08 11:30:00-05:00,1566.2,2020-01-08 15:59:00-05:00,1561.3,cierre,49.00000000000091,2.0,47.00000000000091,1581.5362285328652,1570.4734435743003
2020-01-09,-1,1,2020-01-09 10:30:00-05:00,1549.5,2020-01-09 11:30:00-05:00,1551.0,trailing,-15.0,2.0,-17.0,1563.8634005924687,1549.751612170287
2020-01-10,1,1,2020-01-10 11:00:00-05:00,1559.6999999999998,2020-01-10 15:59:00-05:00,1561.0,cierre,13.000000000001819,2.0,11.000000000001819,1556.930112432987,1549.073893903383
2020-01-13,-1,1,2020-01-13 10:00:00-05:00,1551.8000000000002,2020-01-13 10:30:00-05:00,1552.6999999999998,trailing,-8.999999999996362,2.0,-10.999999999996362,1562.6902133236438,1553.416000436701
2020-01-13,-1,1,2020-01-13 14:00:00-05:00,1550.1000000000001,2020-01-13 15:00:00-05:00,1550.5,trailing,-3.9999999999986358,2.0,-5.999999999998636,1565.7728977199397,1550.3453616331394
2020-01-17,1,1,2020-01-17 14:30:00-05:00,1561.1,2020-01-17 15:00:00-05:00,1559.7,trailing,-13.999999999998636,2.0,-15.999999999998636,1560.4759142990881,1549.3304141144451
2020-01-23,1,1,2020-01-23 10:00:00-05:00,1562.6,2020-01-23 10:30:00-05:00,1561.1000000000001,trailing,-14.999999999997726,2.0,-16.999999999997726,1560.5987441269478,1555.2032049271377
2020-01-23,1,1,2020-01-23 11:30:00-05:00,1565.8999999999999,2020-01-23 12:00:00-05:00,1563.3000000000002,trailing,-25.999999999996817,2.0,-27.999999999996817,1562.7726207819546,1553.0315597487768
2020-01-23,1,1,2020-01-23 12:30:00-05:00,1564.3999999999999,2020-01-23 14:00:00-05:00,1561.7,trailing,-26.99999999999818,2.0,-28.99999999999818,1563.0884518905748,1552.716052839665
2020-01-24,1,1,2020-01-24 10:30:00-05:00,1574.6,2020-01-24 15:59:00-05:00,1570.9,cierre,-36.99999999999818,2.0,-38.99999999999818,1564.8872031198575,1556.9163549321438
2020-01-28,-1,1,2020-01-28 10:30:00-05:00,1568.9,2020-01-28 13:30:00-05:00,1569.8,trailing,-8.999999999998636,2.0,-10.999999999998636,1585.5732518311938,1571.2430025229492
2020-01-28,-1,1,2020-01-28 14:00:00-05:00,1568.5,2020-01-28 15:59:00-05:00,1568.3,cierre,2.0000000000004547,2.0,4.547473508864641e-13,1588.0959881641181,1568.7314294458126
2020-01-29,1,1,2020-01-29 10:00:00-05:00,1571.3999999999999,2020-01-29 10:30:00-05:00,1570.9,trailing,-4.999999999997726,2.0,-6.999999999997726,1570.3911492156165,1566.0088507843836
2020-01-29,1,1,2020-01-29 15:00:00-05:00,1576.1999999999998,2020-01-29 15:59:00-05:00,1576.3000000000002,cierre,1.000000000003638,2.0,-0.999999999996362,1572.6887053061314,1563.7112946938687
2020-02-03,-1,1,2020-02-03 10:00:00-05:00,1579.0,2020-02-03 11:00:00-05:00,1580.0,trailing,-10.0,2.0,-12.0,1585.9264112255617,1581.0735887744381
2020-02-04,-1,1,2020-02-04 10:00:00-05:00,1561.3000000000002,2020-02-04 15:59:00-05:00,1559.0,cierre,23.00000000000182,2.0,21.00000000000182,1583.0868878231265,1562.538318170215
2020-02-07,1,1,2020-02-07 10:00:00-05:00,1576.6,2020-02-07 10:30:00-05:00,1572.9,trailing,-36.99999999999818,2.0,-38.99999999999818,1576.3417345565167,1567.1648870673757
2020-02-11,-1,1,2020-02-11 10:30:00-05:00,1570.9,2020-02-11 14:00:00-05:00,1571.3,trailing,-3.9999999999986358,2.0,-5.999999999998636,1581.508605696276,1571.695129831509
2020-02-11,-1,1,2020-02-11 14:00:00-05:00,1571.1000000000001,2020-02-11 14:30:00-05:00,1571.6,trailing,-4.999999999997726,2.0,-6.999999999997726,1581.7388668352119,1571.4650730706837
2020-02-14,1,1,2020-02-14 10:00:00-05:00,1585.8,2020-02-14 10:30:00-05:00,1584.7,trailing,-10.99999999999909,2.0,-12.99999999999909,1585.4414280146584,1577.064117273575
2020-02-14,1,1,2020-02-14 14:00:00-05:00,1587.0,2020-02-14 14:30:00-05:00,1586.3000000000002,trailing,-6.999999999998181,2.0,-8.999999999998181,1586.8832987282217,1575.625980324886
2020-02-18,1,1,2020-02-18 10:30:00-05:00,1601.1999999999998,2020-02-18 15:59:00-05:00,1605.6000000000001,cierre,44.00000000000318,2.0,42.00000000000318,1598.000254387528,1581.5181628586665
2020-02-19,1,1,2020-02-19 13:30:00-05:00,1611.6999999999998,2020-02-19 15:00:00-05:00,1609.4,trailing,-22.99999999999727,2.0,-24.99999999999727,1610.922343332017,1601.981130731571
2020-02-19,1,1,2020-02-19 15:30:00-05:00,1612.3,2020-02-19 15:59:00-05:00,1615.7,cierre,34.00000000000091,2.0,32.00000000000091,1610.4117672032419,1602.4912303395683
2020-02-20,1,1,2020-02-20 10:00:00-05:00,1620.3999999999999,2020-02-20 11:00:00-05:00,1620.5,trailing,1.0000000000013642,2.0,-0.9999999999986358,1619.6085401064813,1613.8937014872643
2020-02-20,1,1,2020-02-20 11:30:00-05:00,1624.6999999999998,2020-02-20 13:00:00-05:00,1619.4,trailing,-52.99999999999727,2.0,-54.99999999999727,1621.4623292616104,1612.0420896205044
2020-02-20,1,1,2020-02-20 14:00:00-05:00,1621.6999999999998,2020-02-20 15:59:00-05:00,1622.2,cierre,5.000000000002274,2.0,3.0000000000022737,1621.4626788366727,1612.0417404560203
2020-02-21,1,1,2020-02-21 10:00:00-05:00,1646.8999999999999,2020-02-21 10:30:00-05:00,1647.4,trailing,5.000000000002274,2.0,3.0000000000022737,1645.1815377360545,1620.3436656102722
2020-02-21,1,1,2020-02-21 10:30:00-05:00,1647.6,2020-02-21 11:00:00-05:00,1645.9,trailing,-16.99999999999818,2.0,-18.99999999999818,1646.4684031028057,1619.0731679931341
2020-02-21,1,1,2020-02-21 13:30:00-05:00,1648.8999999999999,2020-02-21 15:00:00-05:00,1646.7,trailing,-21.99999999999818,2.0,-23.99999999999818,1646.8693303159348,1618.6773402071924
2020-02-21,1,1,2020-02-21 15:00:00-05:00,1646.8999999999999,2020-02-21 15:59:00-05:00,1646.0,cierre,-8.999999999998636,2.0,-10.999999999998636,1646.496669062722,1619.0452615503566
2020-02-26,1,1,2020-02-26 12:00:00-05:00,1641.8,2020-02-26 15:59:00-05:00,1638.0,cierre,-37.999999999999545,2.0,-39.999999999999545,1640.3348959276773,1627.9762863954595
2020-03-02,1,1,2020-03-02 10:00:00-05:00,1600.0,2020-03-02 10:30:00-05:00,1597.5,trailing,-25.0,2.0,-27.0,1596.676356247627,1577.3427294024725
2020-03-02,1,1,2020-03-02 13:00:00-05:00,1599.3,2020-03-02 13:30:00-05:00,1594.9,trailing,-43.999999999998636,2.0,-45.999999999998636,1599.1371356397829,1574.9057137292853
2020-03-03,1,1,2020-03-03 10:00:00-05:00,1607.6999999999998,2020-03-03 15:00:00-05:00,1627.2,trailing,195.00000000000227,2.0,193.00000000000227,1606.111539466167,1584.2133948353448
2020-03-03,1,1,2020-03-03 15:00:00-05:00,1627.3999999999999,2020-03-03 15:59:00-05:00,1636.6000000000001,cierre,92.00000000000273,2.0,90.00000000000273,1609.9334884476978,1580.4326727632667
2020-03-04,1,1,2020-03-04 10:00:00-05:00,1646.8999999999999,2020-03-04 10:30:00-05:00,1637.9,trailing,-89.99999999999773,2.0,-91.99999999999773,1643.8359982930388,1634.171109238886
2020-03-05,1,1,2020-03-05 13:00:00-05:00,1668.1,2020-03-05 15:59:00-05:00,1673.8000000000002,cierre,57.00000000000273,2.0,55.00000000000273,1666.214278684499,1631.5752416545504
2020-03-06,-1,1,2020-03-06 10:30:00-05:00,1650.5,2020-03-06 11:30:00-05:00,1670.3999999999999,trailing,-198.99999999999864,2.0,-200.99999999999864,1688.3886942189783,1668.7399743030255
2020-03-06,-1,1,2020-03-06 12:00:00-05:00,1664.0,2020-03-06 12:30:00-05:00,1668.8,trailing,-47.999999999999545,2.0,-49.999999999999545,1690.2783030039348,1666.8608059658468
2020-03-09,-1,1,2020-03-09 12:00:00-04:00,1665.2,2020-03-09 12:30:00-04:00,1667.1,trailing,-18.999999999998636,2.0,-20.999999999998636,1693.7240244701159,1666.1295921091528
2020-03-10,-1,1,2020-03-10 10:00:00-04:00,1653.7,2020-03-10 10:30:00-04:00,1653.8999999999999,trailing,-1.999999999998181,2.0,-3.999999999998181,1681.8251550544676,1656.714136551792
2020-03-12,-1,1,2020-03-12 10:00:00-04:00,1596.5,2020-03-12 13:00:00-04:00,1594.0,trailing,25.0,2.0,23.0,1640.381896059051,1606.4824643383845
2020-03-12,-1,1,2020-03-12 13:00:00-04:00,1593.8000000000002,2020-03-12 13:30:00-04:00,1590.1,trailing,37.00000000000273,2.0,35.00000000000273,1646.938334756707,1600.0294028444193
2020-03-12,-1,1,2020-03-12 13:30:00-04:00,1589.9,2020-03-12 14:00:00-04:00,1595.3,trailing,-53.999999999998636,2.0,-55.999999999998636,1645.521289585334,1601.4241050680314
2020-03-12,-1,1,2020-03-12 14:00:00-04:00,1595.1000000000001,2020-03-12 15:59:00-04:00,1571.8,cierre,233.00000000000182,2.0,231.00000000000182,1647.2848051995506,1599.688395298004
2020-03-13,-1,1,2020-03-13 12:00:00-04:00,1534.2,2020-03-13 15:59:00-04:00,1523.3999999999999,cierre,108.00000000000182,2.0,106.00000000000182,1600.5415492144734,1559.3869322458359
2020-03-17,1,1,2020-03-17 11:00:00-04:00,1534.6,2020-03-17 13:00:00-04:00,1527.7,trailing,-68.99999999999864,2.0,-70.99999999999864,1521.3716770934138,1479.1742609339608
2020-03-17,1,1,2020-03-17 14:00:00-04:00,1535.5,2020-03-17 15:59:00-04:00,1530.2,cierre,-52.999999999999545,2.0,-54.999999999999545,1526.9524571687068,1473.6615120984884
2020-03-18,-1,1,2020-03-18 13:30:00-04:00,1477.6000000000001,2020-03-18 14:00:00-04:00,1489.5,trailing,-118.99999999999864,2.0,-120.99999999999864,1549.7551339267404,1487.6436281769506
2020-03-23,1,1,2020-03-23 10:00:00-04:00,1533.5,2020-03-23 10:30:00-04:00,1530.9,trailing,-25.99999999999909,2.0,-27.99999999999909,1526.4311151974052,1485.7793087358386
2020-03-23,1,1,2020-03-23 11:30:00-04:00,1549.5,2020-03-23 15:59:00-04:00,1562.1000000000001,cierre,126.00000000000136,2.0,124.00000000000136,1537.7681118812584,1474.6607469851328
2020-04-07,-1,1,2020-04-07 15:00:00-04:00,1675.6000000000001,2020-04-07 15:30:00-04:00,1679.8,trailing,-41.99999999999818,2.0,-43.99999999999818,1723.5251165489667,1677.012908588609
2020-04-09,1,1,2020-04-09 12:00:00-04:00,1742.1999999999998,2020-04-09 14:00:00-04:00,1738.4,trailing,-37.99999999999727,2.0,-39.99999999999727,1741.0643071172851,1669.1367345684835
2020-04-13,1,1,2020-04-13 11:30:00-04:00,1755.1,2020-04-13 15:59:00-04:00,1764.4,cierre,93.00000000000182,2.0,91.00000000000182,1744.740513146921,1724.0682840067414
2020-04-14,1,1,2020-04-14 10:00:00-04:00,1777.1999999999998,2020-04-14 11:00:00-04:00,1766.3000000000002,trailing,-108.99999999999636,2.0,-110.99999999999636,1773.0880467476195,1758.821286360657
2020-04-15,-1,1,2020-04-15 12:00:00-04:00,1739.6000000000001,2020-04-15 13:00:00-04:00,1740.1,trailing,-4.999999999997726,2.0,-6.999999999997726,1763.897099794878,1741.0314594444922
2020-04-16,1,1,2020-04-16 10:30:00-04:00,1756.6999999999998,2020-04-16 11:00:00-04:00,1750.9,trailing,-57.99999999999727,2.0,-59.99999999999727,1752.8253109677228,1737.476816140954
2020-04-16,-1,1,2020-04-16 13:00:00-04:00,1731.5,2020-04-16 15:00:00-04:00,1733.8999999999999,trailing,-23.999999999998636,2.0,-25.999999999998636,1754.989282017156,1735.3134649984331
2020-04-17,-1,1,2020-04-17 10:30:00-04:00,1705.5,2020-04-17 15:59:00-04:00,1695.6,cierre,99.00000000000091,2.0,97.00000000000091,1744.0080127923945,1709.876157404463
2020-04-20,1,1,2020-04-20 11:30:00-04:00,1710.6999999999998,2020-04-20 12:30:00-04:00,1710.6000000000001,trailing,-0.9999999999968168,2.0,-2.9999999999968168,1707.662749451927,1689.4589846639972
2020-04-23,1,1,2020-04-23 10:00:00-04:00,1752.3999999999999,2020-04-23 12:00:00-04:00,1753.3000000000002,trailing,9.000000000003183,2.0,7.000000000003183,1749.9859280777282,1732.4354719005842
2020-04-24,-1,1,2020-04-24 10:30:00-04:00,1741.6000000000001,2020-04-24 11:00:00-04:00,1744.0,trailing,-23.999999999998636,2.0,-25.999999999998636,1763.8626747870517,1742.2562219573283
2020-04-24,-1,1,2020-04-24 11:00:00-04:00,1743.8000000000002,2020-04-24 14:00:00-04:00,1740.6999999999998,trailing,31.000000000003638,2.0,29.000000000003638,1762.0335074793563,1744.081532681151
2020-04-24,-1,1,2020-04-24 14:30:00-04:00,1739.5,2020-04-24 15:00:00-04:00,1739.1999999999998,trailing,3.000000000001819,2.0,1.000000000001819,1766.3032568884228,1739.8207855359249
2020-04-27,-1,1,2020-04-27 10:30:00-04:00,1724.2,2020-04-27 12:30:00-04:00,1726.6999999999998,trailing,-24.999999999997726,2.0,-26.999999999997726,1752.0888696424397,1726.8431550128792
2020-04-27,-1,1,2020-04-27 13:00:00-04:00,1724.5,2020-04-27 15:00:00-04:00,1724.5,trailing,-0.0,2.0,-2.0,1753.2543200555394,1725.681517414653
2020-04-28,-1,1,2020-04-28 10:00:00-04:00,1711.8000000000002,2020-04-28 11:30:00-04:00,1717.5,trailing,-56.99999999999818,2.0,-58.99999999999818,1733.2328145153908,1721.472608355395
2020-04-28,-1,1,2020-04-28 11:30:00-04:00,1717.3000000000002,2020-04-28 12:00:00-04:00,1719.5,trailing,-21.99999999999818,2.0,-23.99999999999818,1737.049951251919,1717.6596679735503
2020-04-30,-1,1,2020-04-30 12:30:00-04:00,1694.4,2020-04-30 15:59:00-04:00,1694.1999999999998,cierre,2.0000000000027285,2.0,2.7284841053187847e-12,1741.4532457213904,1701.3625846147563
2020-05-01,1,1,2020-05-01 11:30:00-04:00,1705.3999999999999,2020-05-01 12:30:00-04:00,1702.1000000000001,trailing,-32.99999999999727,2.0,-34.99999999999727,1703.1742316957934,1677.466476739888
2020-05-01,1,1,2020-05-01 14:00:00-04:00,1704.6999999999998,2020-05-01 15:59:00-04:00,1707.3000000000002,cierre,26.000000000003638,2.0,24.000000000003638,1704.6778242011635,1675.9696295878268
2020-05-07,1,1,2020-05-07 12:00:00-04:00,1716.3999999999999,2020-05-07 15:59:00-04:00,1725.2,cierre,88.00000000000182,2.0,86.00000000000182,1707.9054839031478,1681.7348125429796
2020-05-11,-1,1,2020-05-11 11:00:00-04:00,1698.6000000000001,2020-05-11 14:00:00-04:00,1699.1999999999998,trailing,-5.999999999996817,2.0,-7.999999999996817,1717.7892197849567,1699.8217124533378
2020-05-11,-1,1,2020-05-11 14:30:00-04:00,1696.7,2020-05-11 15:00:00-04:00,1699.8,trailing,-30.99999999999909,2.0,-32.99999999999909,1720.3934611008533,1697.2211262129726
2020-05-12,1,1,2020-05-12 10:00:00-04:00,1713.3999999999999,2020-05-12 10:30:00-04:00,1711.5,trailing,-18.999999999998636,2.0,-20.999999999998636,1712.8973268998675,1694.1279607225038
2020-05-12,1,1,2020-05-12 11:00:00-04:00,1714.6,2020-05-12 11:30:00-04:00,1714.8000000000002,trailing,2.0000000000027285,2.0,2.7284841053187847e-12,1714.3534210286807,1692.6786887038108
2020-05-14,1,1,2020-05-14 10:00:00-04:00,1742.8999999999999,2020-05-14 14:00:00-04:00,1737.5,trailing,-53.999999999998636,2.0,-55.999999999998636,1729.3472670234885,1718.3542547174266
2020-05-14,1,1,2020-05-14 14:00:00-04:00,1737.6999999999998,2020-05-14 15:59:00-04:00,1739.3000000000002,cierre,16.000000000003638,2.0,14.000000000003638,1733.584980658067,1714.1177700468393
2020-05-18,-1,1,2020-05-18 10:00:00-04:00,1737.5,2020-05-18 10:30:00-04:00,1745.1999999999998,trailing,-76.99999999999818,2.0,-78.99999999999818,1760.057613269346,1744.952217004418
2020-05-18,-1,1,2020-05-18 11:30:00-04:00,1731.7,2020-05-18 15:59:00-04:00,1733.8,cierre,-20.99999999999909,2.0,-22.99999999999909,1760.7582882717502,1744.252660589166
2020-05-19,1,1,2020-05-19 10:30:00-04:00,1748.0,2020-05-19 11:30:00-04:00,1743.9,trailing,-40.99999999999909,2.0,-42.99999999999909,1747.751260161892,1728.2756472807944
2020-05-21,-1,1,2020-05-21 10:30:00-04:00,1727.3000000000002,2020-05-21 15:59:00-04:00,1724.6,cierre,27.00000000000273,2.0,25.00000000000273,1757.2644700989263,1733.9742097898888
2020-05-26,-1,1,2020-05-26 10:00:00-04:00,1714.4,2020-05-26 15:59:00-04:00,1704.5,cierre,99.00000000000091,2.0,97.00000000000091,1732.8938737658311,1720.9093066635808
2020-05-29,1,1,2020-05-29 11:00:00-04:00,1750.6999999999998,2020-05-29 11:30:00-04:00,1748.7,trailing,-19.999999999997726,2.0,-21.999999999997726,1750.4082701246298,1735.3917298753706
2020-05-29,1,1,2020-05-29 12:00:00-04:00,1751.6999999999998,2020-05-29 12:30:00-04:00,1750.7,trailing,-9.999999999997726,2.0,-11.999999999997726,1750.3934725372014,1735.406527462799
2020-06-01,1,1,2020-06-01 12:00:00-04:00,1754.3999999999999,2020-06-01 12:30:00-04:00,1752.5,trailing,-18.999999999998636,2.0,-20.999999999998636,1752.2159442748548,1735.790856224251
2020-06-02,-1,1,2020-06-02 11:30:00-04:00,1742.1000000000001,2020-06-02 15:59:00-04:00,1735.3999999999999,cierre,67.00000000000273,2.0,65.00000000000273,1763.6271999106202,1742.9902907848834
2020-06-03,-1,1,2020-06-03 10:30:00-04:00,1695.8000000000002,2020-06-03 12:00:00-04:00,1703.6999999999998,trailing,-78.99999999999636,2.0,-80.99999999999636,1740.7832112346914,1702.8024195060798
2020-06-05,-1,1,2020-06-05 10:00:00-04:00,1680.3000000000002,2020-06-05 11:30:00-04:00,1680.6999999999998,trailing,-3.999999999996362,2.0,-5.999999999996362,1727.276039238324,1683.8092701350085
2020-06-08,1,1,2020-06-08 10:30:00-04:00,1700.3,2020-06-08 11:00:00-04:00,1698.0,trailing,-22.999999999999545,2.0,-24.999999999999545,1700.1024638954505,1680.624109789229
2020-06-08,1,1,2020-06-08 13:00:00-04:00,1703.1999999999998,2020-06-08 14:00:00-04:00,1703.1000000000001,trailing,-0.9999999999968168,2.0,-2.9999999999968168,1702.4427949495962,1678.2941396836138
2020-06-08,1,1,2020-06-08 14:30:00-04:00,1705.0,2020-06-08 15:59:00-04:00,1705.5,cierre,5.0,2.0,3.0,1704.554067326975,1676.1922141823525
2020-06-09,1,1,2020-06-09 10:00:00-04:00,1727.3,2020-06-09 11:00:00-04:00,1725.2,trailing,-20.99999999999909,2.0,-22.99999999999909,1725.2006072271818,1701.8342769334952
2020-06-10,1,1,2020-06-10 15:30:00-04:00,1743.0,2020-06-10 15:59:00-04:00,1747.0,cierre,40.0,2.0,38.0,1741.7859042656603,1710.2799782290124
2020-06-11,-1,1,2020-06-11 13:00:00-04:00,1734.8000000000002,2020-06-11 13:30:00-04:00,1739.5,trailing,-46.99999999999818,2.0,-48.99999999999818,1755.6831602203467,1736.2281392293164
2020-06-11,-1,1,2020-06-11 15:30:00-04:00,1731.9,2020-06-11 15:59:00-04:00,1734.3,cierre,-23.999999999998636,2.0,-25.999999999998636,1757.1134943011791,1734.799688136513
2020-06-12,1,1,2020-06-12 10:00:00-04:00,1751.5,2020-06-12 10:30:00-04:00,1750.2,trailing,-12.999999999999545,2.0,-14.999999999999545,1750.380752592695,1730.5455881684024
2020-06-18,-1,1,2020-06-18 10:30:00-04:00,1724.0,2020-06-18 11:00:00-04:00,1728.0,trailing,-40.0,2.0,-42.0,1743.8469241347318,1725.8745677281504
2020-06-19,1,1,2020-06-19 11:30:00-04:00,1756.8,2020-06-19 15:59:00-04:00,1756.2,cierre,-5.9999999999990905,2.0,-7.9999999999990905,1749.4347771482628,1725.0072118797111
2020-06-22,1,1,2020-06-22 10:00:00-04:00,1775.0,2020-06-22 10:30:00-04:00,1776.2,trailing,12.000000000000455,2.0,10.000000000000455,1773.5691065589342,1753.3548730094565
2020-06-25,-1,1,2020-06-25 10:00:00-04:00,1770.7,2020-06-25 10:30:00-04:00,1769.0,trailing,17.000000000000455,2.0,15.000000000000455,1778.0979216754185,1771.4029509785744
2020-06-25,-1,1,2020-06-25 11:30:00-04:00,1766.8000000000002,2020-06-25 12:00:00-04:00,1769.8,trailing,-29.999999999997726,2.0,-31.999999999997726,1781.4124748494808,1768.0893314814628
2020-06-26,-1,1,2020-06-26 10:00:00-04:00,1757.7,2020-06-26 10:30:00-04:00,1760.8999999999999,trailing,-31.99999999999818,2.0,-33.99999999999818,1775.1017998150555,1759.2144832849247
2020-06-26,1,1,2020-06-26 12:00:00-04:00,1780.1,2020-06-26 15:59:00-04:00,1784.8000000000002,cierre,47.00000000000273,2.0,45.00000000000273,1777.167164617441,1757.1611216746992
2020-07-01,-1,1,2020-07-01 10:00:00-04:00,1777.3000000000002,2020-07-01 12:30:00-04:00,1777.1999999999998,trailing,1.000000000003638,2.0,-0.999999999996362,1792.0839599255105,1781.9231323077065
2020-07-01,-1,1,2020-07-01 12:30:00-04:00,1777.0,2020-07-01 13:00:00-04:00,1780.3999999999999,trailing,-33.999999999998636,2.0,-35.999999999998636,1795.5145403347399,1778.5009883805924
2020-07-01,-1,1,2020-07-01 14:30:00-04:00,1776.8000000000002,2020-07-01 15:00:00-04:00,1780.0,trailing,-31.99999999999818,2.0,-33.99999999999818,1796.8249396006847,1777.1938116480537
2020-07-02,1,1,2020-07-02 10:30:00-04:00,1789.5,2020-07-02 11:00:00-04:00,1786.8000000000002,trailing,-26.99999999999818,2.0,-28.99999999999818,1786.9851551739112,1772.626485089135
2020-07-02,1,1,2020-07-02 11:30:00-04:00,1789.8,2020-07-02 12:30:00-04:00,1787.6000000000001,trailing,-21.99999999999818,2.0,-23.99999999999818,1789.3369742140903,1770.2799456965934
2020-07-02,1,1,2020-07-02 13:30:00-04:00,1790.1,2020-07-02 14:30:00-04:00,1789.4,trailing,-6.999999999998181,2.0,-8.999999999998181,1789.207827174674,1770.408802811126
2020-07-07,1,1,2020-07-07 10:30:00-04:00,1807.1,2020-07-07 15:59:00-04:00,1809.2,cierre,21.000000000001364,2.0,19.000000000001364,1800.75868010023,1783.4610187349388
2020-07-09,-1,1,2020-07-09 11:00:00-04:00,1811.4,2020-07-09 15:59:00-04:00,1809.1999999999998,cierre,22.00000000000273,2.0,20.00000000000273,1828.0581791349596,1811.7516118082378
2020-07-10,-1,1,2020-07-10 12:00:00-04:00,1801.3000000000002,2020-07-10 13:30:00-04:00,1802.0,trailing,-6.999999999998181,2.0,-8.999999999998181,1821.2355852463943,1801.6836821759553
2020-07-10,-1,1,2020-07-10 14:30:00-04:00,1800.3000000000002,2020-07-10 15:00:00-04:00,1802.6999999999998,trailing,-23.999999999996362,2.0,-25.999999999996362,1821.8248780482415,1801.0959163760756
2020-07-14,1,1,2020-07-14 10:30:00-04:00,1810.8,2020-07-14 11:00:00-04:00,1811.6000000000001,trailing,8.000000000001819,2.0,6.000000000001819,1810.7831917654987,1793.334282621071
2020-07-14,1,1,2020-07-14 11:30:00-04:00,1813.3,2020-07-14 12:00:00-04:00,1811.6000000000001,trailing,-16.99999999999818,2.0,-18.99999999999818,1813.1868457539358,1790.93742162573
2020-07-14,1,1,2020-07-14 14:30:00-04:00,1814.0,2020-07-14 15:00:00-04:00,1810.6000000000001,trailing,-33.999999999998636,2.0,-35.999999999998636,1813.8425199587691,1790.283600429012
2020-07-16,-1,1,2020-07-16 14:30:00-04:00,1796.0,2020-07-16 15:59:00-04:00,1794.8,cierre,12.000000000000455,2.0,10.000000000000455,1824.997606649755,1796.8416746885143
2020-07-22,1,1,2020-07-22 10:00:00-04:00,1855.1999999999998,2020-07-22 11:00:00-04:00,1855.1000000000001,trailing,-0.9999999999968168,2.0,-2.9999999999968168,1854.3533527296727,1838.6626593250264
2020-07-22,1,1,2020-07-22 11:30:00-04:00,1861.6,2020-07-22 15:59:00-04:00,1867.7,cierre,61.000000000001364,2.0,59.000000000001364,1858.1840912314865,1834.8513724988377
2020-07-23,1,1,2020-07-23 10:00:00-04:00,1880.6999999999998,2020-07-23 14:00:00-04:00,1886.4,trailing,57.00000000000273,2.0,55.00000000000273,1876.8391522191,1864.8704154358106
2020-07-23,1,1,2020-07-23 14:00:00-04:00,1886.6,2020-07-23 14:30:00-04:00,1882.9,trailing,-36.99999999999818,2.0,-38.99999999999818,1882.752060913625,1858.9767546963722
2020-07-23,1,1,2020-07-23 15:00:00-04:00,1887.1,2020-07-23 15:30:00-04:00,1882.2,trailing,-48.999999999998636,2.0,-50.999999999998636,1882.530373262155,1859.1977207006491
2020-07-27,1,1,2020-07-27 10:00:00-04:00,1934.8999999999999,2020-07-27 10:30:00-04:00,1934.2,trailing,-6.999999999998181,2.0,-8.999999999998181,1932.7093360596014,1897.0417341794093
2020-07-27,1,1,2020-07-27 11:00:00-04:00,1938.3999999999999,2020-07-27 11:30:00-04:00,1932.9,trailing,-54.999999999997726,2.0,-56.999999999997726,1935.3119107954985,1894.4781447800935
2020-07-28,1,1,2020-07-28 10:30:00-04:00,1940.8999999999999,2020-07-28 15:59:00-04:00,1949.8000000000002,cierre,89.00000000000318,2.0,87.00000000000318,1937.7788395881244,1927.324239499122
2020-07-29,-1,1,2020-07-29 10:30:00-04:00,1943.7,2020-07-29 11:00:00-04:00,1950.3,trailing,-65.99999999999909,2.0,-67.99999999999909,1957.9397973934274,1944.968043554816
2020-07-30,-1,1,2020-07-30 11:00:00-04:00,1937.4,2020-07-30 12:00:00-04:00,1940.6999999999998,trailing,-32.99999999999727,2.0,-34.99999999999727,1968.2010240444981,1938.6530801389656
2020-07-31,1,1,2020-07-31 15:30:00-04:00,1966.6,2020-07-31 15:59:00-04:00,1972.2,cierre,56.000000000001364,2.0,54.000000000001364,1962.9784433066745,1940.748211547128
2020-08-03,-1,1,2020-08-03 10:00:00-04:00,1978.8000000000002,2020-08-03 10:30:00-04:00,1984.5,trailing,-56.99999999999818,2.0,-58.99999999999818,1988.5768088481414,1981.6231911518585
2020-08-04,1,1,2020-08-04 10:30:00-04:00,2001.8999999999999,2020-08-04 15:59:00-04:00,2033.1000000000001,cierre,312.00000000000273,2.0,310.00000000000273,1997.3921676593502,1988.1085085664001
2020-08-05,1,1,2020-08-05 10:00:00-04:00,2060.7999999999997,2020-08-05 11:00:00-04:00,2056.6,trailing,-41.99999999999818,2.0,-43.99999999999818,2057.877674372004,2029.4607626049565
2020-08-06,1,1,2020-08-06 10:00:00-04:00,2078.2,2020-08-06 10:30:00-04:00,2072.2000000000003,trailing,-59.99999999999545,2.0,-61.99999999999545,2077.9568699448623,2046.889523101747
2020-08-07,-1,1,2020-08-07 10:00:00-04:00,2055.8,2020-08-07 11:00:00-04:00,2048.2,trailing,76.00000000000364,2.0,74.00000000000364,2078.965438824469,2056.364050937833
2020-08-07,-1,1,2020-08-07 11:00:00-04:00,2048.0,2020-08-07 11:30:00-04:00,2047.1,trailing,9.00000000000091,2.0,7.0000000000009095,2081.6418162373557,2053.7053483239615
2020-08-07,-1,1,2020-08-07 11:30:00-04:00,2046.9,2020-08-07 15:30:00-04:00,2044.5,trailing,24.00000000000091,2.0,22.00000000000091,2083.7842966251696,2051.577016878694
2020-08-07,-1,1,2020-08-07 15:30:00-04:00,2044.3000000000002,2020-08-07 15:59:00-04:00,2041.6,cierre,27.00000000000273,2.0,25.00000000000273,2083.4038478194043,2051.9549532001793
2020-08-10,1,1,2020-08-10 10:00:00-04:00,2058.4,2020-08-10 10:30:00-04:00,2053.2000000000003,trailing,-51.99999999999818,2.0,-53.99999999999818,2050.4745815698534,2036.9352567208293
2020-08-10,1,1,2020-08-10 10:30:00-04:00,2053.4,2020-08-10 11:00:00-04:00,2046.4,trailing,-70.0,2.0,-72.0,2053.067434885906,2034.3479797059597
2020-08-11,-1,1,2020-08-11 10:00:00-04:00,1952.0,2020-08-11 10:30:00-04:00,1956.1999999999998,trailing,-41.99999999999818,2.0,-43.99999999999818,2039.9618251660388,1958.120061439232
2020-08-11,-1,1,2020-08-11 11:30:00-04:00,1952.1000000000001,2020-08-11 12:30:00-04:00,1958.1,trailing,-59.999999999997726,2.0,-61.999999999997726,2044.755714336766,1953.4950939578798
2020-08-11,-1,1,2020-08-11 13:00:00-04:00,1951.4,2020-08-11 15:59:00-04:00,1927.6,cierre,238.00000000000182,2.0,236.00000000000182,2044.2183728995826,1954.0135011602265
2020-08-13,1,1,2020-08-13 10:00:00-04:00,1950.8999999999999,2020-08-13 14:30:00-04:00,1951.0,trailing,1.0000000000013642,2.0,-0.9999999999986358,1948.7523068054982,1916.2080078590284
2020-08-13,1,1,2020-08-13 15:00:00-04:00,1959.5,2020-08-13 15:30:00-04:00,1957.6000000000001,trailing,-18.999999999998636,2.0,-20.999999999998636,1954.0963989917007,1910.9241377675453
2020-08-13,1,1,2020-08-13 15:30:00-04:00,1957.8,2020-08-13 15:59:00-04:00,1962.0,cierre,42.000000000000455,2.0,40.000000000000455,1955.347395601262,1909.6872385263844
2020-08-14,-1,1,2020-08-14 10:30:00-04:00,1952.9,2020-08-14 11:00:00-04:00,1955.3999999999999,trailing,-24.999999999997726,2.0,-26.999999999997726,1969.6309825537144,1953.871704204243
2020-08-14,-1,1,2020-08-14 12:00:00-04:00,1951.1000000000001,2020-08-14 14:00:00-04:00,1950.8,trailing,3.000000000001819,2.0,1.000000000001819,1969.7803370049428,1953.7224030368
2020-08-17,1,1,2020-08-17 10:00:00-04:00,1983.1999999999998,2020-08-17 15:00:00-04:00,1989.4,trailing,62.00000000000273,2.0,60.00000000000273,1982.7507601632308,1946.2215499030935
2020-08-17,1,1,2020-08-17 15:30:00-04:00,1991.0,2020-08-17 15:59:00-04:00,1992.9,cierre,19.00000000000091,2.0,17.00000000000091,1990.7791227901778,1938.2959223803198
2020-08-19,-1,1,2020-08-19 10:00:00-04:00,1992.1000000000001,2020-08-19 10:30:00-04:00,1992.1999999999998,trailing,-0.9999999999968168,2.0,-2.9999999999968168,2018.7913317554057,1995.043680873494
2020-08-19,-1,1,2020-08-19 11:00:00-04:00,1971.5,2020-08-19 15:59:00-04:00,1946.3,cierre,252.00000000000045,2.0,250.00000000000045,2021.2794575845571,1992.5694020054787
2020-08-21,-1,1,2020-08-21 10:00:00-04:00,1935.6000000000001,2020-08-21 10:30:00-04:00,1941.0,trailing,-53.999999999998636,2.0,-55.999999999998636,1966.7584391939952,1937.9939452283813
2020-08-26,1,1,2020-08-26 10:00:00-04:00,1943.1999999999998,2020-08-26 11:00:00-04:00,1946.4,trailing,32.00000000000273,2.0,30.00000000000273,1942.3660693596255,1918.868483841704
2020-08-26,1,1,2020-08-26 11:30:00-04:00,1952.8,2020-08-26 15:59:00-04:00,1959.9,cierre,71.00000000000136,2.0,69.00000000000136,1948.6594349395966,1912.6063347077215
2020-08-27,-1,1,2020-08-27 10:00:00-04:00,1947.7,2020-08-27 14:00:00-04:00,1937.3999999999999,trailing,103.00000000000182,2.0,101.00000000000182,1988.190593938393,1951.9915337006964
2020-08-27,-1,1,2020-08-27 14:00:00-04:00,1937.2,2020-08-27 14:30:00-04:00,1937.8,trailing,-5.9999999999990905,2.0,-7.9999999999990905,1995.6747769145297,1944.5833226844716
2020-08-27,-1,1,2020-08-27 14:30:00-04:00,1937.6000000000001,2020-08-27 15:00:00-04:00,1936.6999999999998,trailing,9.000000000003183,2.0,7.000000000003183,1997.5754497182231,1942.7019436151115
2020-08-27,-1,1,2020-08-27 15:00:00-04:00,1936.5,2020-08-27 15:30:00-04:00,1937.5,trailing,-10.0,2.0,-12.0,1997.77711380994,1942.502326616089
2020-08-27,-1,1,2020-08-27 15:30:00-04:00,1937.3000000000002,2020-08-27 15:59:00-04:00,1937.0,cierre,3.000000000001819,2.0,1.000000000001819,1998.094519622351,1942.1881427908652
2020-09-02,-1,1,2020-09-02 10:30:00-04:00,1948.2,2020-09-02 11:00:00-04:00,1949.1,trailing,-8.999999999998636,2.0,-10.999999999998636,1990.307752132553,1949.5871988158285
2020-09-02,-1,1,2020-09-02 12:30:00-04:00,1941.1000000000001,2020-09-02 15:00:00-04:00,1947.6999999999998,trailing,-65.99999999999682,2.0,-67.99999999999682,1994.2917545984067,1945.6314102376386
2020-09-18,1,1,2020-09-18 12:30:00-04:00,1967.3,2020-09-18 13:30:00-04:00,1962.6000000000001,trailing,-46.99999999999818,2.0,-48.99999999999818,1964.5916027353014,1947.411746928463
2020-09-21,-1,1,2020-09-21 10:30:00-04:00,1895.7,2020-09-21 12:00:00-04:00,1904.1,trailing,-83.99999999999864,2.0,-85.99999999999864,1964.7529730972337,1913.182487794862
2020-09-21,-1,1,2020-09-21 12:00:00-04:00,1903.9,2020-09-21 12:30:00-04:00,1908.3,trailing,-43.999999999998636,2.0,-45.999999999998636,1965.294229445901,1912.6516269300328
2020-09-21,-1,1,2020-09-21 12:30:00-04:00,1908.1000000000001,2020-09-21 13:00:00-04:00,1907.6,trailing,5.000000000002274,2.0,3.0000000000022737,1966.3078071179639,1911.6575162449803
2020-09-21,-1,1,2020-09-21 13:00:00-04:00,1907.4,2020-09-21 13:30:00-04:00,1911.3,trailing,-38.999999999998636,2.0,-40.999999999998636,1967.3437579626334,1910.6414620912028
2020-09-22,-1,1,2020-09-22 10:00:00-04:00,1911.0,2020-09-22 10:30:00-04:00,1920.3,trailing,-92.99999999999955,2.0,-94.99999999999955,1922.3030378092044,1913.20104108337
2020-09-22,-1,1,2020-09-22 11:00:00-04:00,1905.3000000000002,2020-09-22 14:00:00-04:00,1909.5,trailing,-41.99999999999818,2.0,-43.99999999999818,1925.5414979021584,1909.9664626195859
2020-09-23,-1,1,2020-09-23 10:00:00-04:00,1881.0,2020-09-23 15:59:00-04:00,1864.8999999999999,cierre,161.00000000000136,2.0,159.00000000000136,1910.200768956846,1884.6327607559651
2020-09-24,1,1,2020-09-24 12:00:00-04:00,1875.3999999999999,2020-09-24 14:30:00-04:00,1869.8000000000002,trailing,-55.99999999999682,2.0,-57.99999999999682,1872.509442796745,1853.4058537167407
2020-09-28,1,1,2020-09-28 15:00:00-04:00,1887.1,2020-09-28 15:30:00-04:00,1886.3000000000002,trailing,-7.9999999999972715,2.0,-9.999999999997272,1885.9221401699688,1856.4315858624416
2020-09-29,1,1,2020-09-29 13:00:00-04:00,1901.6,2020-09-29 15:30:00-04:00,1899.8000000000002,trailing,-17.99999999999727,2.0,-19.99999999999727,1900.2123541048193,1877.3147710458516
2020-09-30,-1,1,2020-09-30 10:00:00-04:00,1889.9,2020-09-30 10:30:00-04:00,1893.0,trailing,-30.99999999999909,2.0,-32.99999999999909,1906.4094819101242,1893.2011402711232
2020-10-01,1,1,2020-10-01 12:00:00-04:00,1916.8,2020-10-01 12:30:00-04:00,1915.0,trailing,-17.999999999999545,2.0,-19.999999999999545,1915.852549028581,1883.914423809055
2020-10-05,1,1,2020-10-05 10:30:00-04:00,1920.8,2020-10-05 11:30:00-04:00,1920.3000000000002,trailing,-4.999999999997726,2.0,-6.999999999997726,1919.0244758866502,1899.6949957253787
2020-10-05,1,1,2020-10-05 12:30:00-04:00,1920.0,2020-10-05 13:30:00-04:00,1919.8000000000002,trailing,-1.999999999998181,2.0,-3.999999999998181,1919.7068325367675,1899.014530545055
2020-10-05,1,1,2020-10-05 14:00:00-04:00,1920.5,2020-10-05 14:30:00-04:00,1918.8000000000002,trailing,-16.99999999999818,2.0,-18.99999999999818,1920.357344136891,1898.3658221413127
2020-10-06,-1,1,2020-10-06 12:00:00-04:00,1906.5,2020-10-06 12:30:00-04:00,1910.3999999999999,trailing,-38.999999999998636,2.0,-40.999999999998636,1931.9713291156684,1908.8593652514862
2020-10-06,-1,1,2020-10-06 14:00:00-04:00,1905.2,2020-10-06 14:30:00-04:00,1909.6999999999998,trailing,-44.999999999997726,2.0,-46.999999999997726,1932.5317778708434,1908.3011300970488
2020-10-06,-1,1,2020-10-06 15:00:00-04:00,1901.5,2020-10-06 15:59:00-04:00,1892.0,cierre,95.0,2.0,93.0,1932.297196380922,1908.5347850620126
2020-10-09,1,1,2020-10-09 10:00:00-04:00,1929.1999999999998,2020-10-09 12:00:00-04:00,1925.7,trailing,-34.999999999997726,2.0,-36.999999999997726,1927.6867929360835,1894.4647265669157
2020-10-09,1,1,2020-10-09 14:30:00-04:00,1934.6999999999998,2020-10-09 15:59:00-04:00,1934.4,cierre,-2.9999999999972715,2.0,-4.9999999999972715,1931.649101173825,1890.554938788714
2020-10-13,-1,1,2020-10-13 10:00:00-04:00,1899.3000000000002,2020-10-13 12:00:00-04:00,1898.3999999999999,trailing,9.000000000003183,2.0,7.000000000003183,1931.6569254031792,1902.2842132496346
2020-10-13,-1,1,2020-10-13 12:00:00-04:00,1898.2,2020-10-13 15:00:00-04:00,1898.0,trailing,2.0000000000004547,2.0,4.547473508864641e-13,1934.889139251029,1899.0893825088888
2020-10-13,-1,1,2020-10-13 15:30:00-04:00,1896.4,2020-10-13 15:59:00-04:00,1896.1999999999998,cierre,2.0000000000027285,2.0,2.7284841053187847e-12,1936.3782970965692,1897.6174479504996
2020-10-14,1,1,2020-10-14 10:00:00-04:00,1916.8999999999999,2020-10-14 10:30:00-04:00,1912.0,trailing,-48.999999999998636,2.0,-50.999999999998636,1915.4867997350084,1892.6421961414487
2020-10-15,1,1,2020-10-15 14:30:00-04:00,1909.6999999999998,2020-10-15 15:59:00-04:00,1911.2,cierre,15.000000000002274,2.0,13.000000000002274,1909.6485626434978,1889.2762428188084
2020-10-16,-1,1,2020-10-16 11:00:00-04:00,1905.4,2020-10-16 13:00:00-04:00,1906.3,trailing,-8.999999999998636,2.0,-10.999999999998636,1917.4948623056891,1906.2080682258609
2020-10-16,-1,1,2020-10-16 15:30:00-04:00,1903.7,2020-10-16 15:59:00-04:00,1903.3999999999999,cierre,3.000000000001819,2.0,1.000000000001819,1919.6926594141958,1904.0115352759087
2020-10-20,1,1,2020-10-20 11:00:00-04:00,1912.3999999999999,2020-10-20 15:59:00-04:00,1913.0,cierre,6.000000000001364,2.0,4.000000000001364,1910.2217497036247,1898.5810440124255
2020-10-21,1,1,2020-10-21 10:00:00-04:00,1930.3,2020-10-21 11:00:00-04:00,1931.6000000000001,trailing,13.000000000001819,2.0,11.000000000001819,1929.6184855315864,1910.0032054656226
2020-10-22,-1,1,2020-10-22 10:00:00-04:00,1902.9,2020-10-22 11:30:00-04:00,1902.6,trailing,3.000000000001819,2.0,1.000000000001819,1931.4783633630138,1904.557030516937
2020-10-22,-1,1,2020-10-22 12:00:00-04:00,1901.4,2020-10-22 12:30:00-04:00,1903.5,trailing,-20.99999999999909,2.0,-22.99999999999909,1934.2996899748284,1901.7652619143328
2020-10-23,-1,1,2020-10-23 10:30:00-04:00,1901.1000000000001,2020-10-23 13:00:00-04:00,1902.5,trailing,-13.999999999998636,2.0,-15.999999999998636,1915.8700986315862,1902.2384522454981
2020-10-27,1,1,2020-10-27 13:30:00-04:00,1912.1,2020-10-27 14:00:00-04:00,1910.5,trailing,-15.99999999999909,2.0,-17.99999999999909,1910.7193842635184,1899.6832496160343
2020-10-28,-1,1,2020-10-28 10:00:00-04:00,1876.1000000000001,2020-10-28 11:30:00-04:00,1878.0,trailing,-18.999999999998636,2.0,-20.999999999998636,1913.4330126236944,1876.523485687607
2020-11-04,-1,1,2020-11-04 10:00:00-05:00,1902.9,2020-11-04 10:30:00-05:00,1907.1,trailing,-41.99999999999818,2.0,-43.99999999999818,1911.1139596323771,1903.8860403676229
2020-11-04,-1,1,2020-11-04 11:30:00-05:00,1901.8000000000002,2020-11-04 12:00:00-05:00,1902.8,trailing,-9.999999999997726,2.0,-11.999999999997726,1912.9971568177225,1902.0028431822775
2020-11-04,-1,1,2020-11-04 12:30:00-05:00,1895.7,2020-11-04 15:59:00-05:00,1904.8999999999999,cierre,-91.99999999999818,2.0,-93.99999999999818,1912.9503755256774,1902.0496244743226
2020-11-05,1,1,2020-11-05 10:00:00-05:00,1934.0,2020-11-05 15:59:00-05:00,1950.1000000000001,cierre,161.00000000000136,2.0,159.00000000000136,1933.455680490629,1901.0927811584443
2020-11-06,-1,1,2020-11-06 10:00:00-05:00,1942.2,2020-11-06 10:30:00-05:00,1947.0,trailing,-47.999999999999545,2.0,-49.999999999999545,1958.3177999342854,1946.2906194065479
2020-11-09,-1,1,2020-11-09 10:00:00-05:00,1861.7,2020-11-09 12:30:00-05:00,1862.5,trailing,-7.999999999999545,2.0,-9.999999999999545,1957.443586199304,1875.0241005917294
2020-11-09,-1,1,2020-11-09 12:30:00-05:00,1862.3000000000002,2020-11-09 13:00:00-05:00,1860.6,trailing,17.00000000000273,2.0,15.000000000002728,1959.0734905513507,1873.4557036389383
2020-11-09,-1,1,2020-11-09 13:00:00-05:00,1860.4,2020-11-09 14:00:00-05:00,1860.3,trailing,1.0000000000013642,2.0,-0.9999999999986358,1958.8136447253225,1873.7057437110604
2020-11-09,-1,1,2020-11-09 14:00:00-05:00,1860.1000000000001,2020-11-09 14:30:00-05:00,1864.8,trailing,-46.99999999999818,2.0,-48.99999999999818,1958.0811534669535,1874.4105930822088
2020-11-09,-1,1,2020-11-09 14:30:00-05:00,1864.6000000000001,2020-11-09 15:00:00-05:00,1866.5,trailing,-18.999999999998636,2.0,-20.999999999998636,1958.2486567677297,1874.2494108225321
2020-11-09,-1,1,2020-11-09 15:00:00-05:00,1866.3000000000002,2020-11-09 15:30:00-05:00,1868.6,trailing,-22.99999999999727,2.0,-24.99999999999727,1958.2054032095523,1874.29103212918
2020-11-09,-1,1,2020-11-09 15:30:00-05:00,1868.4,2020-11-09 15:59:00-05:00,1865.3999999999999,cierre,30.000000000002274,2.0,28.000000000002274,1958.2949337972916,1874.2048801406806
2020-11-12,1,1,2020-11-12 12:30:00-05:00,1881.1,2020-11-12 13:00:00-05:00,1875.8000000000002,trailing,-52.99999999999727,2.0,-54.99999999999727,1880.5173475546032,1856.3217512767767
2020-11-16,1,1,2020-11-16 12:00:00-05:00,1894.1999999999998,2020-11-16 12:30:00-05:00,1891.4,trailing,-27.99999999999727,2.0,-29.99999999999727,1892.8961444629838,1881.4041573674772
2020-11-18,-1,1,2020-11-18 15:30:00-05:00,1870.9,2020-11-18 15:59:00-05:00,1869.6999999999998,cierre,12.000000000002728,2.0,10.000000000002728,1886.3848205843058,1872.1243845112976
2020-11-23,-1,1,2020-11-23 10:00:00-05:00,1838.0,2020-11-23 15:59:00-05:00,1834.0,cierre,40.0,2.0,38.0,1876.123681969733,1860.4924873719638
2020-11-30,-1,1,2020-11-30 10:30:00-05:00,1774.3000000000002,2020-11-30 11:00:00-05:00,1776.3999999999999,trailing,-20.999999999996817,2.0,-22.999999999996817,1783.6941741551616,1774.9058258448385
2020-11-30,1,1,2020-11-30 12:00:00-05:00,1785.0,2020-11-30 13:00:00-05:00,1781.0,trailing,-40.0,2.0,-42.0,1784.181135306694,1774.4188646933057
2020-12-01,1,1,2020-12-01 13:30:00-05:00,1818.8999999999999,2020-12-01 14:00:00-05:00,1818.0,trailing,-8.999999999998636,2.0,-10.999999999998636,1817.9987359039542,1774.9937945231188
2020-12-02,1,1,2020-12-02 10:30:00-05:00,1826.8999999999999,2020-12-02 15:59:00-05:00,1831.8000000000002,cierre,49.00000000000318,2.0,47.00000000000318,1825.9775443690896,1813.4303255151115
2020-12-04,-1,1,2020-12-04 10:30:00-05:00,1836.9,2020-12-04 13:30:00-05:00,1840.1999999999998,trailing,-32.99999999999727,2.0,-34.99999999999727,1850.9879604050604,1840.4126017317265
2020-12-07,1,1,2020-12-07 10:00:00-05:00,1860.8999999999999,2020-12-07 15:59:00-05:00,1867.5,cierre,66.00000000000136,2.0,64.00000000000136,1847.206115688891,1836.399969990324
2020-12-09,-1,1,2020-12-09 10:00:00-05:00,1843.2,2020-12-09 11:00:00-05:00,1851.8,trailing,-85.99999999999909,2.0,-87.99999999999909,1880.2989328064812,1852.7479830029326
2020-12-09,-1,1,2020-12-09 12:00:00-05:00,1846.5,2020-12-09 15:59:00-05:00,1841.3999999999999,cierre,51.000000000001364,2.0,49.000000000001364,1883.0760172663397,1849.996961939061
2020-12-11,1,1,2020-12-11 10:30:00-05:00,1850.6,2020-12-11 12:00:00-05:00,1846.2,trailing,-43.999999999998636,2.0,-45.999999999998636,1847.2744592994634,1831.5272094240197
2020-12-14,-1,1,2020-12-14 10:30:00-05:00,1829.4,2020-12-14 12:30:00-05:00,1831.6999999999998,trailing,-22.99999999999727,2.0,-24.99999999999727,1849.5430651726451,1829.7810556833535
2020-12-14,-1,1,2020-12-14 15:00:00-05:00,1828.8000000000002,2020-12-14 15:30:00-05:00,1831.0,trailing,-21.99999999999818,2.0,-23.99999999999818,1850.1921067865449,1829.1344438818007
2020-12-16,1,1,2020-12-16 15:30:00-05:00,1867.6999999999998,2020-12-16 15:59:00-05:00,1868.6000000000001,cierre,9.000000000003183,2.0,7.000000000003183,1867.2054902987134,1851.099686138209
2020-12-22,-1,1,2020-12-22 11:00:00-05:00,1865.6000000000001,2020-12-22 15:59:00-05:00,1866.1,cierre,-4.999999999997726,2.0,-6.999999999997726,1890.6931987602923,1873.818144756088
2020-12-23,1,1,2020-12-23 10:00:00-05:00,1881.8,2020-12-23 10:30:00-05:00,1877.6000000000001,trailing,-41.99999999999818,2.0,-43.99999999999818,1876.5371876512795,1861.0775848700105
2020-12-23,1,1,2020-12-23 12:00:00-05:00,1878.8,2020-12-23 12:30:00-05:00,1875.9,trailing,-28.999999999998636,2.0,-30.999999999998636,1878.533863332549,1859.0868834267276
2020-12-23,1,1,2020-12-23 13:30:00-05:00,1878.3999999999999,2020-12-23 14:00:00-05:00,1877.6000000000001,trailing,-7.9999999999972715,2.0,-9.999999999997272,1877.9252315912927,1859.6936940856208
2020-12-30,1,1,2020-12-30 10:00:00-05:00,1891.6,2020-12-30 10:30:00-05:00,1888.5,trailing,-30.99999999999909,2.0,-32.99999999999909,1889.1194198037676,1878.185504471495
2020-12-30,1,1,2020-12-30 12:00:00-05:00,1890.8,2020-12-30 15:59:00-05:00,1897.6000000000001,cierre,68.00000000000182,2.0,66.00000000000182,1890.5770321263165,1876.7295162726145
2021-01-06,-1,1,2021-01-06 10:30:00-05:00,1925.4,2021-01-06 15:00:00-05:00,1919.6,trailing,58.00000000000182,2.0,56.00000000000182,1956.59076795064,1933.8379140667848
2021-01-06,-1,1,2021-01-06 15:00:00-05:00,1919.4,2021-01-06 15:30:00-05:00,1924.3,trailing,-48.999999999998636,2.0,-50.999999999998636,1958.4201632777338,1932.023131421259
2021-01-06,-1,1,2021-01-06 15:30:00-05:00,1924.1000000000001,2021-01-06 15:59:00-05:00,1919.6,cierre,45.000000000002274,2.0,43.000000000002274,1958.6707028910557,1931.7745930460155
2021-01-07,-1,1,2021-01-07 10:00:00-05:00,1911.2,2021-01-07 10:30:00-05:00,1913.3999999999999,trailing,-21.99999999999818,2.0,-23.99999999999818,1923.4276357688732,1913.0774796723472
2021-01-08,-1,1,2021-01-08 10:00:00-05:00,1864.5,2021-01-08 15:59:00-05:00,1847.6999999999998,cierre,168.00000000000182,2.0,166.00000000000182,1918.2834366619054,1882.1773227232893
2021-01-12,1,1,2021-01-12 15:30:00-05:00,1855.6,2021-01-12 15:59:00-05:00,1855.9,cierre,3.000000000001819,2.0,1.000000000001819,1854.3502512103566,1836.0526261403481
2021-01-15,-1,1,2021-01-15 10:30:00-05:00,1832.0,2021-01-15 15:59:00-05:00,1825.6999999999998,cierre,63.00000000000182,2.0,61.00000000000182,1853.6430552282598,1835.7730092273168
2021-01-20,1,1,2021-01-20 10:30:00-05:00,1867.1999999999998,2021-01-20 11:00:00-05:00,1866.6000000000001,trailing,-5.999999999996817,2.0,-7.999999999996817,1866.7241189144306,1832.3535806705593
2021-01-20,1,1,2021-01-20 15:30:00-05:00,1868.8,2021-01-20 15:59:00-05:00,1869.3000000000002,cierre,5.000000000002274,2.0,3.0000000000022737,1868.044941282352,1831.0469645125643
2021-01-27,-1,1,2021-01-27 10:00:00-05:00,1834.6000000000001,2021-01-27 10:30:00-05:00,1845.6999999999998,trailing,-110.99999999999682,2.0,-112.99999999999682,1856.1875952708456,1835.7394963625025
2021-02-01,-1,1,2021-02-01 11:00:00-05:00,1863.2,2021-02-01 11:30:00-05:00,1866.1,trailing,-28.999999999998636,2.0,-30.999999999998636,1876.3240697783315,1864.6759302216685
2021-02-01,-1,1,2021-02-01 14:00:00-05:00,1862.8000000000002,2021-02-01 15:30:00-05:00,1864.3999999999999,trailing,-15.999999999996817,2.0,-17.999999999996817,1875.7858224544561,1865.2141775455439
2021-02-02,-1,1,2021-02-02 10:00:00-05:00,1835.2,2021-02-02 10:30:00-05:00,1837.1,trailing,-18.999999999998636,2.0,-20.999999999998636,1866.7807604227592,1836.174026565176
2021-02-02,-1,1,2021-02-02 11:00:00-05:00,1834.0,2021-02-02 11:30:00-05:00,1840.0,trailing,-60.0,2.0,-62.0,1867.9613541816245,1835.0066850806325
2021-02-02,-1,1,2021-02-02 13:00:00-05:00,1836.3000000000002,2021-02-02 13:30:00-05:00,1834.1999999999998,trailing,21.000000000003638,2.0,19.000000000003638,1866.504516395662,1836.4471697274755
2021-02-04,-1,1,2021-02-04 10:00:00-05:00,1785.5,2021-02-04 12:00:00-05:00,1792.8,trailing,-72.99999999999955,2.0,-74.99999999999955,1838.4362408113723,1790.8592381653
2021-02-04,-1,1,2021-02-04 12:30:00-05:00,1788.2,2021-02-04 13:30:00-05:00,1791.6,trailing,-33.999999999998636,2.0,-35.999999999998636,1839.4042638385267,1789.9115901252485
2021-02-05,1,1,2021-02-05 11:30:00-05:00,1809.3999999999999,2021-02-05 15:59:00-05:00,1812.0,cierre,26.000000000001364,2.0,24.000000000001364,1806.7967414542654,1789.3244660596674
2021-02-11,-1,1,2021-02-11 11:30:00-05:00,1837.4,2021-02-11 15:59:00-05:00,1826.5,cierre,109.00000000000091,2.0,107.00000000000091,1848.962213065364,1837.838379526235
2021-02-17,-1,1,2021-02-17 11:00:00-05:00,1772.4,2021-02-17 12:00:00-05:00,1777.1,trailing,-46.99999999999818,2.0,-48.99999999999818,1800.948874812255,1773.901829080781
2021-02-17,-1,1,2021-02-17 13:00:00-05:00,1775.0,2021-02-17 13:30:00-05:00,1772.8,trailing,22.000000000000455,2.0,20.000000000000455,1799.5801432933747,1775.2592739791583
2021-02-17,-1,1,2021-02-17 14:30:00-05:00,1771.4,2021-02-17 15:59:00-05:00,1774.1,cierre,-26.99999999999818,2.0,-28.99999999999818,1800.352163782825,1774.4936196047308
2021-02-19,1,1,2021-02-19 10:00:00-05:00,1786.1,2021-02-19 10:30:00-05:00,1780.4,trailing,-56.99999999999818,2.0,-58.99999999999818,1781.19666642224,1770.511170594182
2021-02-19,1,1,2021-02-19 11:00:00-05:00,1785.1,2021-02-19 12:00:00-05:00,1782.6000000000001,trailing,-24.999999999997726,2.0,-26.999999999997726,1784.3818127761285,1767.3340851809558
2021-02-22,1,1,2021-02-22 10:00:00-05:00,1804.1,2021-02-22 15:59:00-05:00,1807.5,cierre,34.00000000000091,2.0,32.00000000000091,1800.4013805965867,1777.629406766887
2021-02-23,-1,1,2021-02-23 10:00:00-05:00,1800.9,2021-02-23 10:30:00-05:00,1808.0,trailing,-70.99999999999909,2.0,-72.99999999999909,1811.2328087853043,1803.5679951113066
2021-02-25,-1,1,2021-02-25 10:30:00-05:00,1772.8000000000002,2021-02-25 11:00:00-05:00,1774.3999999999999,trailing,-15.999999999996817,2.0,-17.999999999996817,1806.3820951396303,1774.776566218377
2021-02-25,-1,1,2021-02-25 12:30:00-05:00,1772.2,2021-02-25 13:30:00-05:00,1775.5,trailing,-32.999999999999545,2.0,-34.999999999999545,1807.841588991856,1773.3349757931794
2021-02-25,-1,1,2021-02-25 15:00:00-05:00,1771.7,2021-02-25 15:59:00-05:00,1768.8,cierre,29.00000000000091,2.0,27.00000000000091,1807.9394774876987,1773.2382880831706
2021-02-26,-1,1,2021-02-26 10:00:00-05:00,1742.7,2021-02-26 15:59:00-05:00,1725.8999999999999,cierre,168.00000000000182,2.0,166.00000000000182,1772.0806287474245,1755.8375292064968
2021-03-02,1,1,2021-03-02 13:00:00-05:00,1735.6,2021-03-02 13:30:00-05:00,1733.5,trailing,-20.99999999999909,2.0,-22.99999999999909,1734.5402611414913,1713.3814809365629
2021-03-02,1,1,2021-03-02 14:00:00-05:00,1735.6999999999998,2021-03-02 14:30:00-05:00,1732.8000000000002,trailing,-28.999999999996362,2.0,-30.999999999996362,1735.1245713570793,1712.7986939488567
2021-03-04,-1,1,2021-03-04 13:00:00-05:00,1697.2,2021-03-04 15:59:00-05:00,1694.8999999999999,cierre,23.00000000000182,2.0,21.00000000000182,1720.6459156701449,1704.0590586466496
2021-03-08,-1,1,2021-03-08 10:00:00-05:00,1683.1000000000001,2021-03-08 10:30:00-05:00,1683.0,trailing,1.0000000000013642,2.0,-0.9999999999986358,1700.7567794980175,1685.1605176606624
2021-03-08,-1,1,2021-03-08 11:00:00-05:00,1678.0,2021-03-08 15:00:00-05:00,1681.6,trailing,-35.99999999999909,2.0,-37.99999999999909,1703.5822436771978,1682.3455483958915
2021-03-08,-1,1,2021-03-08 15:30:00-05:00,1679.2,2021-03-08 15:59:00-05:00,1677.1999999999998,cierre,20.000000000002274,2.0,18.000000000002274,1705.2255283400414,1680.7083675555673
2021-03-16,1,1,2021-03-16 10:30:00-04:00,1738.8,2021-03-16 11:00:00-04:00,1732.5,trailing,-62.999999999999545,2.0,-64.99999999999955,1736.5402266882961,1724.0653257655158
2021-03-17,1,1,2021-03-17 14:30:00-04:00,1741.8999999999999,2021-03-17 15:59:00-04:00,1744.1000000000001,cierre,22.00000000000273,2.0,20.00000000000273,1740.4237137031123,1720.7816723021463
2021-03-19,1,1,2021-03-19 13:00:00-04:00,1741.5,2021-03-19 14:00:00-04:00,1741.6000000000001,trailing,1.0000000000013642,2.0,-0.9999999999986358,1740.326093326125,1726.176622562966
2021-03-23,-1,1,2021-03-23 10:00:00-04:00,1729.2,2021-03-23 12:00:00-04:00,1728.6999999999998,trailing,5.000000000002274,2.0,3.0000000000022737,1741.8201537511109,1729.5905938387489
2021-03-23,-1,1,2021-03-23 12:30:00-04:00,1725.4,2021-03-23 14:00:00-04:00,1726.3999999999999,trailing,-9.999999999997726,2.0,-11.999999999997726,1744.8253274656818,1726.5964806289646
2021-03-25,-1,1,2021-03-25 13:30:00-04:00,1725.3000000000002,2021-03-25 14:00:00-04:00,1726.1999999999998,trailing,-8.999999999996362,2.0,-10.999999999996362,1745.8367003154708,1725.7896073383026
2021-03-26,1,1,2021-03-26 11:00:00-04:00,1729.8,2021-03-26 12:30:00-04:00,1731.6000000000001,trailing,18.00000000000182,2.0,16.00000000000182,1729.1702739166028,1720.2320274246429
2021-03-26,1,1,2021-03-26 13:30:00-04:00,1732.6999999999998,2021-03-26 14:00:00-04:00,1730.2,trailing,-24.999999999997726,2.0,-26.999999999997726,1732.480172166262,1716.9240477341355
2021-03-29,-1,1,2021-03-29 10:00:00-04:00,1708.3000000000002,2021-03-29 12:30:00-04:00,1711.8999999999999,trailing,-35.99999999999682,2.0,-37.99999999999682,1732.6232990537342,1719.5874984219508
2021-03-29,-1,1,2021-03-29 12:30:00-04:00,1711.7,2021-03-29 13:00:00-04:00,1711.6,trailing,1.0000000000013642,2.0,-0.9999999999986358,1736.771762875964,1715.460130515142
2021-03-29,-1,1,2021-03-29 13:00:00-04:00,1711.4,2021-03-29 13:30:00-04:00,1712.3999999999999,trailing,-9.999999999997726,2.0,-11.999999999997726,1736.762128309571,1715.4697160874957
2021-03-29,-1,1,2021-03-29 13:30:00-04:00,1712.2,2021-03-29 14:00:00-04:00,1710.0,trailing,22.000000000000455,2.0,20.000000000000455,1737.5417179618016,1714.6940908322254
2021-03-29,-1,1,2021-03-29 14:00:00-04:00,1709.8000000000002,2021-03-29 15:59:00-04:00,1709.8,cierre,2.2737367544323206e-12,2.0,-1.9999999999977263,1737.7582176126446,1714.4786921330885
2021-03-31,1,1,2021-03-31 10:00:00-04:00,1697.6999999999998,2021-03-31 15:59:00-04:00,1708.8000000000002,cierre,111.00000000000364,2.0,109.00000000000364,1690.5626482719774,1684.6373517280226
2021-04-06,1,1,2021-04-06 11:00:00-04:00,1744.8,2021-04-06 12:30:00-04:00,1745.0,trailing,2.0000000000004547,2.0,4.547473508864641e-13,1744.1060736385434,1723.9232664739748
2021-04-12,-1,1,2021-04-12 10:00:00-04:00,1733.1000000000001,2021-04-12 10:30:00-04:00,1733.5,trailing,-3.9999999999986358,2.0,-5.999999999998636,1747.3300405385696,1733.5835225257774
2021-04-12,-1,1,2021-04-12 14:30:00-04:00,1727.5,2021-04-12 15:30:00-04:00,1731.3999999999999,trailing,-38.999999999998636,2.0,-40.999999999998636,1751.0085897973242,1729.9191069291594
2021-04-13,1,1,2021-04-13 10:00:00-04:00,1748.6999999999998,2021-04-13 10:30:00-04:00,1743.2,trailing,-54.999999999997726,2.0,-56.999999999997726,1746.1845334046836,1728.7368231447497
2021-04-15,1,1,2021-04-15 10:30:00-04:00,1765.0,2021-04-15 15:59:00-04:00,1765.4,cierre,4.0000000000009095,2.0,2.0000000000009095,1756.1637476147798,1733.0717856434974
2021-04-16,1,1,2021-04-16 10:30:00-04:00,1780.1999999999998,2021-04-16 11:00:00-04:00,1780.0,trailing,-1.999999999998181,2.0,-3.999999999998181,1780.0438620251339,1760.3833802437468
2021-04-20,1,1,2021-04-20 10:30:00-04:00,1777.3999999999999,2021-04-20 11:00:00-04:00,1775.6000000000001,trailing,-17.99999999999727,2.0,-19.99999999999727,1775.1128879971768,1764.0936145925423
2021-04-20,1,1,2021-04-20 12:00:00-04:00,1779.1,2021-04-20 15:59:00-04:00,1777.7,cierre,-13.999999999998636,2.0,-15.999999999998636,1777.0827850790988,1762.1268319724095
2021-04-21,1,1,2021-04-21 10:00:00-04:00,1796.6,2021-04-21 11:00:00-04:00,1791.4,trailing,-51.99999999999818,2.0,-53.99999999999818,1788.3468846945045,1774.366826371287
2021-04-21,1,1,2021-04-21 11:00:00-04:00,1791.6,2021-04-21 12:00:00-04:00,1793.1000000000001,trailing,15.000000000002274,2.0,13.000000000002274,1790.9456662454597,1771.7783822896643
2021-04-21,1,1,2021-04-21 12:00:00-04:00,1793.3,2021-04-21 12:30:00-04:00,1792.2,trailing,-10.99999999999909,2.0,-12.99999999999909,1791.7338772815972,1770.9933066103292
2021-04-21,1,1,2021-04-21 12:30:00-04:00,1792.3999999999999,2021-04-21 13:00:00-04:00,1791.3000000000002,trailing,-10.999999999996817,2.0,-12.999999999996817,1791.7848535056307,1770.942533160227
2021-04-21,1,1,2021-04-21 13:30:00-04:00,1793.3,2021-04-21 14:00:00-04:00,1792.6000000000001,trailing,-6.999999999998181,2.0,-8.999999999998181,1791.9568396161371,1770.771231178459
2021-04-21,1,1,2021-04-21 14:00:00-04:00,1792.8,2021-04-21 14:30:00-04:00,1792.0,trailing,-7.999999999999545,2.0,-9.999999999999545,1791.2934864604813,1771.4319456387227
2021-04-21,1,1,2021-04-21 14:30:00-04:00,1792.1999999999998,2021-04-21 15:59:00-04:00,1795.1000000000001,cierre,29.000000000003183,2.0,27.000000000003183,1791.5203369035382,1771.2059975645077
2021-04-23,-1,1,2021-04-23 10:30:00-04:00,1772.4,2021-04-23 13:30:00-04:00,1778.1999999999998,trailing,-57.99999999999727,2.0,-59.99999999999727,1791.852913555686,1778.9561289747207
2021-04-23,-1,1,2021-04-23 13:30:00-04:00,1778.0,2021-04-23 15:59:00-04:00,1776.3999999999999,cierre,16.000000000001364,2.0,14.000000000001364,1792.5849848182188,1778.225450495072
2021-04-28,1,1,2021-04-28 15:30:00-04:00,1782.0,2021-04-28 15:59:00-04:00,1781.9,cierre,-0.9999999999990905,2.0,-2.9999999999990905,1781.4542188586959,1764.1658963807135
2021-04-29,-1,1,2021-04-29 10:00:00-04:00,1756.4,2021-04-29 11:00:00-04:00,1768.1999999999998,trailing,-117.99999999999727,2.0,-119.99999999999727,1786.0903142282482,1762.6448046312871
2021-05-03,1,1,2021-05-03 10:30:00-04:00,1795.8,2021-05-03 11:30:00-04:00,1792.5,trailing,-32.999999999999545,2.0,-34.999999999999545,1794.5861637154005,1762.8745752033499
2021-05-04,-1,1,2021-05-04 11:30:00-04:00,1783.7,2021-05-04 15:59:00-04:00,1777.6999999999998,cierre,60.000000000002274,2.0,58.000000000002274,1797.0296094281184,1785.0752571023957
2021-05-06,1,1,2021-05-06 10:00:00-04:00,1813.3,2021-05-06 15:59:00-04:00,1815.3000000000002,cierre,20.000000000002274,2.0,18.000000000002274,1797.701588993816,1781.6163285881025
2021-05-07,1,1,2021-05-07 10:00:00-04:00,1839.6,2021-05-07 10:30:00-04:00,1837.7,trailing,-18.999999999998636,2.0,-20.999999999998636,1838.0093096419516,1809.6439576880261
2021-05-12,-1,1,2021-05-12 11:30:00-04:00,1823.2,2021-05-12 12:00:00-04:00,1824.3,trailing,-10.99999999999909,2.0,-12.99999999999909,1844.0653486438132,1824.8585824381303
2021-05-12,-1,1,2021-05-12 12:30:00-04:00,1823.1000000000001,2021-05-12 15:59:00-04:00,1819.8999999999999,cierre,32.00000000000273,2.0,30.00000000000273,1845.043039307806,1823.8848808286364
2021-05-17,1,1,2021-05-17 10:30:00-04:00,1860.5,2021-05-17 15:59:00-04:00,1866.4,cierre,59.00000000000091,2.0,57.00000000000091,1855.4819787613687,1839.0359821469983
2021-05-19,1,1,2021-05-19 10:00:00-04:00,1890.3,2021-05-19 10:30:00-04:00,1883.2,trailing,-70.99999999999909,2.0,-72.99999999999909,1876.1899740551482,1863.4131751583761
2021-05-19,1,1,2021-05-19 10:30:00-04:00,1883.3999999999999,2021-05-19 13:00:00-04:00,1882.7,trailing,-6.999999999998181,2.0,-8.999999999998181,1875.8296994776883,1863.7732571065371
2021-05-19,1,1,2021-05-19 13:00:00-04:00,1882.8999999999999,2021-05-19 13:30:00-04:00,1881.9,trailing,-9.999999999997726,2.0,-11.999999999997726,1878.7206651611039,1860.883837146099
2021-05-19,1,1,2021-05-19 13:30:00-04:00,1882.1,2021-05-19 14:00:00-04:00,1880.4,trailing,-16.99999999999818,2.0,-18.99999999999818,1877.992579437012,1861.6115335819886
2021-05-19,1,1,2021-05-19 14:00:00-04:00,1880.6,2021-05-19 14:30:00-04:00,1871.4,trailing,-91.99999999999818,2.0,-93.99999999999818,1877.6932489882986,1861.910703986619
2021-05-20,1,1,2021-05-20 13:00:00-04:00,1883.3999999999999,2021-05-20 14:00:00-04:00,1877.1000000000001,trailing,-62.99999999999727,2.0,-64.99999999999727,1881.6175774257458,1861.8888223022254
2021-05-25,1,1,2021-05-25 10:30:00-04:00,1893.1999999999998,2021-05-25 11:00:00-04:00,1890.8000000000002,trailing,-23.999999999996362,2.0,-25.999999999996362,1890.363489293742,1874.7463058861686
2021-05-25,1,1,2021-05-25 12:30:00-04:00,1894.1999999999998,2021-05-25 15:59:00-04:00,1900.7,cierre,65.00000000000227,2.0,63.000000000002274,1892.9133916587823,1872.2003285300768
2021-06-01,-1,1,2021-06-01 10:30:00-04:00,1903.0,2021-06-01 12:30:00-04:00,1905.8999999999999,trailing,-28.999999999998636,2.0,-30.999999999998636,1916.217749553631,1904.9874495095162
2021-06-03,-1,1,2021-06-03 10:00:00-04:00,1869.1000000000001,2021-06-03 10:30:00-04:00,1872.8999999999999,trailing,-37.99999999999727,2.0,-39.99999999999727,1916.6663988149844,1874.617253453595
2021-06-03,-1,1,2021-06-03 10:30:00-04:00,1872.7,2021-06-03 11:00:00-04:00,1872.8,trailing,-0.9999999999990905,2.0,-2.9999999999990905,1916.7149350210022,1874.5695347742987
2021-06-03,-1,1,2021-06-03 11:00:00-04:00,1872.6000000000001,2021-06-03 13:00:00-04:00,1872.8,trailing,-1.999999999998181,2.0,-3.999999999998181,1918.3764763003664,1872.935979909746
2021-06-04,1,1,2021-06-04 10:30:00-04:00,1896.8,2021-06-04 12:00:00-04:00,1895.5,trailing,-12.999999999999545,2.0,-14.999999999999545,1894.5146342941377,1868.0303658426567
2021-06-07,1,1,2021-06-07 14:30:00-04:00,1902.3999999999999,2021-06-07 15:59:00-04:00,1902.5,cierre,1.0000000000013642,2.0,-0.9999999999986358,1899.6114899412112,1887.0938375311473
2021-06-08,-1,1,2021-06-08 10:00:00-04:00,1889.7,2021-06-08 10:30:00-04:00,1894.3999999999999,trailing,-46.99999999999818,2.0,-48.99999999999818,1907.820251970466,1890.0997773785216
2021-06-10,1,1,2021-06-10 15:00:00-04:00,1899.0,2021-06-10 15:59:00-04:00,1901.2,cierre,22.000000000000455,2.0,20.000000000000455,1898.7326637454805,1883.0763125391288
2021-06-11,-1,1,2021-06-11 11:30:00-04:00,1878.9,2021-06-11 12:00:00-04:00,1882.1999999999998,trailing,-32.99999999999727,2.0,-34.99999999999727,1905.5217058682838,1881.5129328586636
2021-06-11,-1,1,2021-06-11 13:00:00-04:00,1880.9,2021-06-11 15:00:00-04:00,1879.1,trailing,18.00000000000182,2.0,16.00000000000182,1905.9171226242831,1881.1207604625201
2021-06-11,-1,1,2021-06-11 15:30:00-04:00,1878.1000000000001,2021-06-11 15:59:00-04:00,1878.3,cierre,-1.999999999998181,2.0,-3.999999999998181,1908.2832669277489,1878.7740301658569
2021-06-15,-1,1,2021-06-15 10:30:00-04:00,1860.8000000000002,2021-06-15 15:59:00-04:00,1860.8999999999999,cierre,-0.9999999999968168,2.0,-2.9999999999968168,1872.8588007407463,1863.443647314487
2021-06-16,-1,1,2021-06-16 14:30:00-04:00,1840.6000000000001,2021-06-16 15:59:00-04:00,1829.1999999999998,cierre,114.00000000000318,2.0,112.00000000000318,1866.7613232844492,1853.2438025309286
2021-06-17,-1,1,2021-06-17 11:00:00-04:00,1779.2,2021-06-17 14:00:00-04:00,1779.1999999999998,trailing,2.2737367544323206e-12,2.0,-1.9999999999977263,1833.8004065435878,1780.013949200324
2021-06-23,1,1,2021-06-23 10:00:00-04:00,1795.1,2021-06-23 11:00:00-04:00,1790.2,trailing,-48.999999999998636,2.0,-50.999999999998636,1787.3785787875638,1773.035857525445
2021-06-23,1,1,2021-06-23 11:00:00-04:00,1790.3999999999999,2021-06-23 11:30:00-04:00,1787.3000000000002,trailing,-30.999999999996817,2.0,-32.99999999999682,1788.1941792991606,1772.2234577783158
2021-06-30,1,1,2021-06-30 11:00:00-04:00,1766.3,2021-06-30 11:30:00-04:00,1764.9,trailing,-13.999999999998636,2.0,-15.999999999998636,1766.0001762593758,1753.6081810496003
2021-06-30,1,1,2021-06-30 13:00:00-04:00,1772.6999999999998,2021-06-30 15:59:00-04:00,1770.3000000000002,cierre,-23.999999999996362,2.0,-25.999999999996362,1767.963875315588,1751.6480495175053
2021-07-06,1,1,2021-07-06 10:00:00-04:00,1811.5,2021-07-06 10:30:00-04:00,1806.9,trailing,-45.99999999999909,2.0,-47.99999999999909,1811.0663054747197,1789.8539336554275
2021-07-07,1,1,2021-07-07 10:00:00-04:00,1807.1,2021-07-07 10:30:00-04:00,1800.9,trailing,-61.99999999999818,2.0,-63.99999999999818,1805.6265062664165,1794.581642198349
2021-07-08,-1,1,2021-07-08 11:30:00-04:00,1796.7,2021-07-08 12:30:00-04:00,1798.0,trailing,-12.999999999999545,2.0,-14.999999999999545,1819.290797534391,1799.6355728954538
2021-07-08,-1,1,2021-07-08 13:00:00-04:00,1797.5,2021-07-08 13:30:00-04:00,1799.8,trailing,-22.999999999999545,2.0,-24.999999999999545,1821.012366114335,1797.9243437818832
2021-07-09,1,1,2021-07-09 10:30:00-04:00,1807.3,2021-07-09 11:00:00-04:00,1808.7,trailing,14.00000000000091,2.0,12.00000000000091,1807.1452266971542,1799.557305224605
2021-07-09,1,1,2021-07-09 11:30:00-04:00,1810.0,2021-07-09 12:00:00-04:00,1808.4,trailing,-15.99999999999909,2.0,-17.99999999999909,1809.6410814777414,1797.063525596266
2021-07-09,1,1,2021-07-09 14:00:00-04:00,1811.3,2021-07-09 14:30:00-04:00,1810.9,trailing,-3.9999999999986358,2.0,-5.999999999998636,1810.5818645945926,1796.1235246836577
2021-07-09,1,1,2021-07-09 15:00:00-04:00,1812.8999999999999,2021-07-09 15:59:00-04:00,1808.5,cierre,-43.999999999998636,2.0,-45.999999999998636,1810.952441958516,1795.7532554323923
2021-07-12,-1,1,2021-07-12 10:00:00-04:00,1792.1000000000001,2021-07-12 10:30:00-04:00,1800.5,trailing,-83.99999999999864,2.0,-85.99999999999864,1811.0092994641818,1800.2985601326545
2021-07-15,-1,1,2021-07-15 10:30:00-04:00,1821.5,2021-07-15 11:30:00-04:00,1825.5,trailing,-40.0,2.0,-42.0,1831.785021900541,1823.5182874845682
2021-07-16,-1,1,2021-07-16 10:30:00-04:00,1816.7,2021-07-16 15:59:00-04:00,1811.3,cierre,54.00000000000091,2.0,52.00000000000091,1832.9420445351764,1820.668115093405
2021-07-19,1,1,2021-07-19 10:00:00-04:00,1816.3999999999999,2021-07-19 10:30:00-04:00,1814.7,trailing,-16.99999999999818,2.0,-18.99999999999818,1814.8988882046754,1808.5026010835957
2021-07-28,-1,1,2021-07-28 10:00:00-04:00,1793.3000000000002,2021-07-28 10:30:00-04:00,1795.6,trailing,-22.99999999999727,2.0,-24.99999999999727,1803.120579540759,1793.4853148872623
2021-07-29,1,1,2021-07-29 10:00:00-04:00,1826.6999999999998,2021-07-29 11:00:00-04:00,1827.4,trailing,7.0000000000027285,2.0,5.0000000000027285,1826.5628744432054,1804.9626339625624
2021-07-29,1,1,2021-07-29 11:30:00-04:00,1828.6999999999998,2021-07-29 15:59:00-04:00,1828.1000000000001,cierre,-5.999999999996817,2.0,-7.999999999996817,1828.4439535050003,1803.0977497577926
2021-07-30,-1,1,2021-07-30 12:30:00-04:00,1816.3000000000002,2021-07-30 15:59:00-04:00,1812.8,cierre,35.000000000002274,2.0,33.000000000002274,1832.5625470762654,1819.846997934294
2021-08-02,1,1,2021-08-02 10:30:00-04:00,1816.8,2021-08-02 15:30:00-04:00,1817.2,trailing,4.0000000000009095,2.0,2.0000000000009095,1816.1434930694304,1808.2565069305697
2021-08-05,-1,1,2021-08-05 10:00:00-04:00,1805.7,2021-08-05 10:30:00-04:00,1806.1,trailing,-3.9999999999986358,2.0,-5.999999999998636,1817.2149335658548,1809.8882539291587
2021-08-05,-1,1,2021-08-05 10:30:00-04:00,1805.9,2021-08-05 11:00:00-04:00,1805.3,trailing,6.000000000001364,2.0,4.000000000001364,1819.544737170628,1807.561403180666
2021-08-05,-1,1,2021-08-05 11:00:00-04:00,1805.1000000000001,2021-08-05 11:30:00-04:00,1805.5,trailing,-3.9999999999986358,2.0,-5.999999999998636,1820.2662333839496,1806.840821411214
2021-08-05,-1,1,2021-08-05 11:30:00-04:00,1805.3000000000002,2021-08-05 12:00:00-04:00,1806.3999999999999,trailing,-10.999999999996817,2.0,-12.999999999996817,1821.5276832268084,1805.5809703641003
2021-08-06,-1,1,2021-08-06 10:00:00-04:00,1764.5,2021-08-06 14:00:00-04:00,1765.3,trailing,-7.999999999999545,2.0,-9.999999999999545,1809.595658274276,1770.5577127450042
2021-08-06,-1,1,2021-08-06 14:00:00-04:00,1765.1000000000001,2021-08-06 15:59:00-04:00,1761.5,cierre,36.000000000001364,2.0,34.000000000001364,1812.41027581271,1767.794972532097
2021-08-09,-1,1,2021-08-09 10:00:00-04:00,1739.9,2021-08-09 10:30:00-04:00,1742.1,trailing,-21.99999999999818,2.0,-23.99999999999818,1764.5963300145254,1740.535789345789
2021-08-09,-1,1,2021-08-09 11:00:00-04:00,1731.2,2021-08-09 15:59:00-04:00,1730.3999999999999,cierre,8.000000000001819,2.0,6.000000000001819,1767.4527831751934,1737.7080401824774
2021-08-11,1,1,2021-08-11 12:00:00-04:00,1753.3999999999999,2021-08-11 12:30:00-04:00,1750.2,trailing,-31.99999999999818,2.0,-33.99999999999818,1752.2921325613981,1723.2682831760771
2021-08-11,1,1,2021-08-11 13:30:00-04:00,1753.3,2021-08-11 15:59:00-04:00,1754.2,cierre,9.00000000000091,2.0,7.0000000000009095,1752.2706508669291,1723.2895765641833
2021-08-13,1,1,2021-08-13 10:30:00-04:00,1771.8999999999999,2021-08-13 15:59:00-04:00,1780.5,cierre,86.00000000000136,2.0,84.00000000000136,1770.1473504421906,1750.4799501438351
2021-08-16,1,1,2021-08-16 10:00:00-04:00,1788.6999999999998,2021-08-16 10:30:00-04:00,1787.9,trailing,-7.9999999999972715,2.0,-9.999999999997272,1787.226134949836,1777.280017998947
2021-08-19,-1,1,2021-08-19 10:30:00-04:00,1781.7,2021-08-19 11:00:00-04:00,1782.5,trailing,-7.999999999999545,2.0,-9.999999999999545,1794.9533178400493,1783.6514614986352
2021-08-19,-1,1,2021-08-19 14:30:00-04:00,1779.8000000000002,2021-08-19 15:00:00-04:00,1781.6999999999998,trailing,-18.999999999996362,2.0,-20.999999999996362,1797.577527236006,1781.0298906776488
2021-08-19,-1,1,2021-08-19 15:30:00-04:00,1779.3000000000002,2021-08-19 15:59:00-04:00,1783.1,cierre,-37.99999999999727,2.0,-39.99999999999727,1797.3281683020825,1781.2789988875859
2021-08-25,-1,1,2021-08-25 10:00:00-04:00,1790.8000000000002,2021-08-25 12:00:00-04:00,1790.8999999999999,trailing,-0.9999999999968168,2.0,-2.9999999999968168,1808.646586277313,1793.369238448089
2021-08-27,1,1,2021-08-27 10:30:00-04:00,1804.3999999999999,2021-08-27 15:59:00-04:00,1821.7,cierre,173.00000000000182,2.0,171.00000000000182,1798.5506802899656,1789.0528419926957
2021-09-03,1,1,2021-09-03 11:00:00-04:00,1833.1,2021-09-03 15:59:00-04:00,1830.9,cierre,-21.99999999999818,2.0,-23.99999999999818,1832.0253081240921,1806.5183533395143
2021-09-07,-1,1,2021-09-07 10:00:00-04:00,1811.6000000000001,2021-09-07 15:59:00-04:00,1795.6999999999998,cierre,159.00000000000318,2.0,157.00000000000318,1827.3894500623178,1812.8217282782314
2021-09-08,-1,1,2021-09-08 10:00:00-04:00,1790.7,2021-09-08 11:00:00-04:00,1790.6999999999998,trailing,2.2737367544323206e-12,2.0,-1.9999999999977263,1800.0515032626581,1793.6512100225632
2021-09-13,1,1,2021-09-13 10:00:00-04:00,1795.6,2021-09-13 11:00:00-04:00,1797.7,trailing,21.000000000001364,2.0,19.000000000001364,1794.6692916327868,1786.4351527643237
2021-09-14,1,1,2021-09-14 11:30:00-04:00,1808.1,2021-09-14 12:30:00-04:00,1805.5,trailing,-25.99999999999909,2.0,-27.99999999999909,1806.5647458741714,1788.355456303488
2021-09-14,1,1,2021-09-14 14:00:00-04:00,1807.6999999999998,2021-09-14 15:00:00-04:00,1805.0,trailing,-26.99999999999818,2.0,-28.99999999999818,1807.2544723448236,1787.667990100652
2021-09-15,-1,1,2021-09-15 14:30:00-04:00,1791.8000000000002,2021-09-15 15:00:00-04:00,1794.3999999999999,trailing,-25.999999999996817,2.0,-27.999999999996817,1814.4581158417875,1792.1735695047148
2021-09-16,-1,1,2021-09-16 10:00:00-04:00,1753.2,2021-09-16 10:30:00-04:00,1755.0,trailing,-17.999999999999545,2.0,-19.999999999999545,1798.1091935491536,1755.2473925921483
2021-09-20,1,1,2021-09-20 10:30:00-04:00,1763.8,2021-09-20 12:30:00-04:00,1761.2,trailing,-25.99999999999909,2.0,-27.99999999999909,1761.8878459112052,1746.8271408012818
2021-09-20,1,1,2021-09-20 12:30:00-04:00,1761.3999999999999,2021-09-20 13:00:00-04:00,1762.2,trailing,8.000000000001819,2.0,6.000000000001819,1761.3654837563724,1747.3478678802219
2021-09-20,1,1,2021-09-20 13:00:00-04:00,1762.3999999999999,2021-09-20 14:30:00-04:00,1761.9,trailing,-4.999999999997726,2.0,-6.999999999997726,1761.5261889003582,1747.1876657686714
2021-09-20,1,1,2021-09-20 14:30:00-04:00,1762.1,2021-09-20 15:00:00-04:00,1762.3000000000002,trailing,2.0000000000027285,2.0,2.7284841053187847e-12,1761.9467689838866,1746.768402167107
2021-09-20,1,1,2021-09-20 15:00:00-04:00,1762.5,2021-09-20 15:59:00-04:00,1764.3000000000002,cierre,18.00000000000182,2.0,16.00000000000182,1761.9208951614535,1746.794195000397
2021-09-21,1,1,2021-09-21 11:30:00-04:00,1782.0,2021-09-21 12:30:00-04:00,1776.5,trailing,-55.0,2.0,-57.0,1778.7729368431885,1759.3536619686975
2021-09-21,1,1,2021-09-21 13:30:00-04:00,1778.5,2021-09-21 14:00:00-04:00,1777.0,trailing,-15.0,2.0,-17.0,1778.3651073883955,1759.7593530607855
2021-09-22,1,1,2021-09-22 14:30:00-04:00,1785.0,2021-09-22 15:00:00-04:00,1767.2,trailing,-177.99999999999955,2.0,-179.99999999999955,1780.7038335107577,1769.500933888071
2021-09-22,-1,1,2021-09-22 15:00:00-04:00,1767.2,2021-09-22 15:30:00-04:00,1770.8999999999999,trailing,-36.99999999999818,2.0,-38.99999999999818,1780.7318569224794,1769.4729388784556
2021-09-23,-1,1,2021-09-23 10:00:00-04:00,1750.9,2021-09-23 10:30:00-04:00,1754.5,trailing,-35.99999999999909,2.0,-37.99999999999909,1771.6802469967374,1751.7423860276012
2021-09-23,-1,1,2021-09-23 11:30:00-04:00,1748.4,2021-09-23 12:00:00-04:00,1752.1,trailing,-36.99999999999818,2.0,-38.99999999999818,1774.593284552945,1748.8530624975167
2021-09-27,1,1,2021-09-27 10:00:00-04:00,1756.3999999999999,2021-09-27 10:30:00-04:00,1753.8000000000002,trailing,-25.999999999996817,2.0,-27.999999999996817,1755.851010029966,1744.0589226297275
2021-09-28,-1,1,2021-09-28 10:00:00-04:00,1734.5,2021-09-28 10:30:00-04:00,1739.8999999999999,trailing,-53.999999999998636,2.0,-55.999999999998636,1753.3895088593704,1737.6272285645455
2021-09-28,-1,1,2021-09-28 11:00:00-04:00,1733.0,2021-09-28 11:30:00-04:00,1739.6,trailing,-65.99999999999909,2.0,-67.99999999999909,1755.1098200712204,1735.9165488939866
2021-09-28,-1,1,2021-09-28 14:00:00-04:00,1735.0,2021-09-28 15:59:00-04:00,1733.3999999999999,cierre,16.000000000001364,2.0,14.000000000001364,1753.8744232492538,1737.1450290746968
2021-09-29,-1,1,2021-09-29 10:30:00-04:00,1729.1000000000001,2021-09-29 11:30:00-04:00,1731.8999999999999,trailing,-27.99999999999727,2.0,-29.99999999999727,1739.2343836803352,1730.4706765531416
2021-09-29,-1,1,2021-09-29 12:30:00-04:00,1726.6000000000001,2021-09-29 15:59:00-04:00,1725.6999999999998,cierre,9.000000000003183,2.0,7.000000000003183,1740.3135703815108,1729.393416527141
2021-09-30,1,1,2021-09-30 10:30:00-04:00,1754.6999999999998,2021-09-30 15:59:00-04:00,1756.4,cierre,17.00000000000273,2.0,15.000000000002728,1742.77205402393,1722.95021181329
2021-10-01,1,1,2021-10-01 12:30:00-04:00,1763.1,2021-10-01 13:00:00-04:00,1759.7,trailing,-33.999999999998636,2.0,-35.999999999998636,1762.9809879535946,1751.022130673975
2021-10-04,1,1,2021-10-04 11:00:00-04:00,1767.3,2021-10-04 11:30:00-04:00,1764.9,trailing,-23.999999999998636,2.0,-25.999999999998636,1765.946436761485,1745.483179522063
2021-10-04,1,1,2021-10-04 12:00:00-04:00,1766.3,2021-10-04 14:00:00-04:00,1764.9,trailing,-13.999999999998636,2.0,-15.999999999998636,1765.9462267408487,1745.4833884212533
2021-10-04,1,1,2021-10-04 15:00:00-04:00,1767.8999999999999,2021-10-04 15:59:00-04:00,1769.6000000000001,cierre,17.00000000000273,2.0,15.000000000002728,1765.794817479611,1745.6339892031365
2021-10-12,1,1,2021-10-12 10:00:00-04:00,1769.0,2021-10-12 11:00:00-04:00,1762.6000000000001,trailing,-63.999999999998636,2.0,-65.99999999999864,1763.407183222432,1750.7039218855691
2021-10-13,1,1,2021-10-13 10:00:00-04:00,1782.6999999999998,2021-10-13 15:59:00-04:00,1792.8000000000002,cierre,101.00000000000364,2.0,99.00000000000364,1771.7500789261621,1758.462388874631
2021-10-22,1,1,2021-10-22 10:30:00-04:00,1813.8,2021-10-22 11:30:00-04:00,1801.9,trailing,-118.99999999999864,2.0,-120.99999999999864,1812.7230834186728,1778.2550250342463
2021-10-26,-1,1,2021-10-26 10:00:00-04:00,1790.7,2021-10-26 12:00:00-04:00,1791.1,trailing,-3.9999999999986358,2.0,-5.999999999998636,1812.748152835601,1792.7791515367237
2021-10-29,-1,1,2021-10-29 10:00:00-04:00,1774.7,2021-10-29 10:30:00-04:00,1778.1,trailing,-33.999999999998636,2.0,-35.999999999998636,1804.3727600920358,1775.3758991946074
2021-11-03,-1,1,2021-11-03 10:30:00-04:00,1762.2,2021-11-03 14:00:00-04:00,1765.6999999999998,trailing,-34.999999999997726,2.0,-36.999999999997726,1794.3665592288803,1764.6872430154333
2021-11-04,1,1,2021-11-04 10:00:00-04:00,1797.3,2021-11-04 11:30:00-04:00,1795.1000000000001,trailing,-21.99999999999818,2.0,-23.99999999999818,1796.1395808702764,1771.4905044676675
2021-11-05,1,1,2021-11-05 11:30:00-04:00,1810.5,2021-11-05 15:59:00-04:00,1818.4,cierre,79.00000000000091,2.0,77.00000000000091,1807.2225022444295,1791.195302468254
2021-11-10,1,1,2021-11-10 10:00:00-05:00,1863.8999999999999,2021-11-10 10:30:00-05:00,1861.9,trailing,-19.999999999997726,2.0,-21.999999999997726,1862.9801884820447,1831.1613098414416
2021-11-12,1,1,2021-11-12 14:00:00-05:00,1870.8,2021-11-12 14:30:00-05:00,1868.2,trailing,-25.99999999999909,2.0,-27.99999999999909,1869.5135747931786,1854.2013383831836
2021-11-16,-1,1,2021-11-16 11:30:00-05:00,1857.2,2021-11-16 15:59:00-05:00,1852.0,cierre,52.000000000000455,2.0,50.000000000000455,1867.5937989166066,1861.208254524454
2021-11-19,-1,1,2021-11-19 13:00:00-05:00,1848.4,2021-11-19 15:59:00-05:00,1848.6,cierre,-1.999999999998181,2.0,-3.999999999998181,1866.5385249528977,1856.165799375841
2021-11-22,-1,1,2021-11-22 12:30:00-05:00,1808.0,2021-11-22 15:59:00-05:00,1805.5,cierre,25.0,2.0,23.0,1852.081077862956,1814.9770407931915
2021-11-23,-1,1,2021-11-23 10:30:00-05:00,1785.1000000000001,2021-11-23 14:00:00-05:00,1789.1999999999998,trailing,-40.99999999999682,2.0,-42.99999999999682,1808.5153437044032,1787.1108849564519
2021-11-26,-1,1,2021-11-26 12:00:00-05:00,1784.2,2021-11-26 12:30:00-05:00,1785.1,trailing,-8.999999999998636,2.0,-10.999999999998636,1807.5712808952458,1785.2562917013197
2021-11-30,-1,1,2021-11-30 12:30:00-05:00,1770.6000000000001,2021-11-30 15:59:00-05:00,1770.3,cierre,3.000000000001819,2.0,1.000000000001819,1799.313772872794,1777.9167430022803
2021-12-01,1,1,2021-12-01 10:00:00-05:00,1790.1999999999998,2021-12-01 10:30:00-05:00,1789.9,trailing,-2.9999999999972715,2.0,-4.9999999999972715,1789.3188101898356,1785.4811898101643
2021-12-01,-1,1,2021-12-01 14:30:00-05:00,1781.9,2021-12-01 15:00:00-05:00,1783.8,trailing,-18.999999999998636,2.0,-20.999999999998636,1792.4976925494855,1782.3023074505147
2021-12-01,-1,1,2021-12-01 15:30:00-05:00,1781.7,2021-12-01 15:59:00-05:00,1780.3,cierre,14.00000000000091,2.0,12.00000000000091,1792.4926497977342,1782.307350202266
2021-12-02,-1,1,2021-12-02 10:00:00-05:00,1764.8000000000002,2021-12-02 15:30:00-05:00,1768.3,trailing,-34.999999999997726,2.0,-36.999999999997726,1782.1933469454973,1774.4109080361866
2021-12-02,-1,1,2021-12-02 15:30:00-05:00,1768.1000000000001,2021-12-02 15:59:00-05:00,1768.6,cierre,-4.999999999997726,2.0,-6.999999999997726,1785.7010275294242,1770.9107149178355
2021-12-03,1,1,2021-12-03 11:30:00-05:00,1778.0,2021-12-03 15:59:00-05:00,1784.0,cierre,60.0,2.0,58.0,1774.8983393374695,1765.307437422637
2021-12-07,1,1,2021-12-07 11:00:00-05:00,1783.6,2021-12-07 12:30:00-05:00,1785.1000000000001,trailing,15.000000000002274,2.0,13.000000000002274,1783.1605313161474,1776.6398237997307
2021-12-07,1,1,2021-12-07 14:30:00-05:00,1786.5,2021-12-07 15:59:00-05:00,1786.1000000000001,cierre,-3.9999999999986358,2.0,-5.999999999998636,1785.4612912118082,1774.3393224164176
2021-12-09,-1,1,2021-12-09 10:00:00-05:00,1777.1000000000001,2021-12-09 10:30:00-05:00,1778.1,trailing,-9.999999999997726,2.0,-11.999999999997726,1789.064749883923,1781.0396177629216
2021-12-09,-1,1,2021-12-09 10:30:00-05:00,1777.9,2021-12-09 11:00:00-05:00,1780.6,trailing,-26.99999999999818,2.0,-28.99999999999818,1790.0129695752676,1780.0931494148251
2021-12-09,-1,1,2021-12-09 11:30:00-05:00,1777.7,2021-12-09 12:30:00-05:00,1778.0,trailing,-2.9999999999995453,2.0,-4.999999999999545,1790.4406030192497,1779.666305801461
2021-12-09,-1,1,2021-12-09 14:30:00-05:00,1775.9,2021-12-09 15:59:00-05:00,1776.0,cierre,-0.9999999999990905,2.0,-2.9999999999990905,1792.9391116571628,1777.1724118601983
2021-12-15,-1,1,2021-12-15 11:00:00-05:00,1765.8000000000002,2021-12-15 11:30:00-05:00,1767.1,trailing,-12.999999999997272,2.0,-14.999999999997272,1775.164198072436,1766.140169043247
2021-12-15,-1,1,2021-12-15 14:00:00-05:00,1762.7,2021-12-15 15:00:00-05:00,1769.8999999999999,trailing,-71.99999999999818,2.0,-73.99999999999818,1776.149177122354,1765.1564686093204
2021-12-15,1,1,2021-12-15 15:30:00-05:00,1779.1,2021-12-15 15:59:00-05:00,1778.3000000000002,cierre,-7.9999999999972715,2.0,-9.999999999997272,1776.8980353850477,1764.4085824507042
2021-12-16,1,1,2021-12-16 10:00:00-05:00,1794.8999999999999,2021-12-16 15:59:00-05:00,1800.2,cierre,53.00000000000182,2.0,51.00000000000182,1791.68736155187,1774.9317504843725
2021-12-20,-1,1,2021-12-20 10:00:00-05:00,1792.0,2021-12-20 10:30:00-05:00,1794.8,trailing,-27.999999999999545,2.0,-29.999999999999545,1800.8076959319617,1793.4932520195052
2021-12-20,-1,1,2021-12-20 15:00:00-05:00,1791.1000000000001,2021-12-20 15:30:00-05:00,1791.1,trailing,2.2737367544323206e-12,2.0,-1.9999999999977263,1802.4443824107552,1791.8570208334895
2021-12-21,-1,1,2021-12-21 11:00:00-05:00,1786.0,2021-12-21 11:30:00-05:00,1785.8,trailing,2.0000000000004547,2.0,4.547473508864641e-13,1798.4657961509713,1786.2446201108764
2021-12-22,1,1,2021-12-22 11:30:00-05:00,1800.3,2021-12-22 12:00:00-05:00,1798.7,trailing,-15.99999999999909,2.0,-17.99999999999909,1799.0002223712231,1783.715232854765
2021-12-22,1,1,2021-12-22 13:00:00-05:00,1800.3,2021-12-22 15:59:00-05:00,1806.1000000000001,cierre,58.00000000000182,2.0,56.00000000000182,1799.2924399881917,1783.4239761049532
2021-12-23,1,1,2021-12-23 13:30:00-05:00,1811.8999999999999,2021-12-23 14:00:00-05:00,1809.7,trailing,-21.99999999999818,2.0,-23.99999999999818,1811.6477927539217,1801.3538170953434
2021-12-27,1,1,2021-12-27 10:30:00-05:00,1813.1,2021-12-27 11:30:00-05:00,1813.2,trailing,1.0000000000013642,2.0,-0.9999999999986358,1812.5491858236026,1806.950966081902
2021-12-28,1,1,2021-12-28 10:30:00-05:00,1816.1999999999998,2021-12-28 11:00:00-05:00,1812.1000000000001,trailing,-40.99999999999682,2.0,-42.99999999999682,1815.9722034625636,1810.2281023176552
2021-12-28,-1,1,2021-12-28 14:00:00-05:00,1806.1000000000001,2021-12-28 15:59:00-05:00,1806.1999999999998,cierre,-0.9999999999968168,2.0,-2.9999999999968168,1817.6093876191999,1808.5910987460788
2021-12-30,1,1,2021-12-30 11:30:00-05:00,1813.0,2021-12-30 15:59:00-05:00,1817.9,cierre,49.00000000000091,2.0,47.00000000000091,1809.8304723273768,1798.5742447798134
2022-01-03,-1,1,2022-01-03 10:00:00-05:00,1802.8000000000002,2022-01-03 14:30:00-05:00,1802.0,trailing,8.000000000001819,2.0,6.000000000001819,1833.5590745731786,1804.2824045467833
2022-01-03,-1,1,2022-01-03 15:00:00-05:00,1801.5,2022-01-03 15:30:00-05:00,1802.1999999999998,trailing,-6.999999999998181,2.0,-8.999999999998181,1836.1299059973758,1801.7433187187976
2022-01-04,1,1,2022-01-04 10:30:00-05:00,1815.0,2022-01-04 11:30:00-05:00,1813.8000000000002,trailing,-11.999999999998181,2.0,-13.999999999998181,1812.2645713917414,1797.8498145735805
2022-01-04,1,1,2022-01-04 12:30:00-05:00,1814.8999999999999,2022-01-04 15:30:00-05:00,1814.3000000000002,trailing,-5.999999999996817,2.0,-7.999999999996817,1813.723248231422,1796.3968640446162
2022-01-11,1,1,2022-01-11 10:30:00-05:00,1807.8999999999999,2022-01-11 15:59:00-05:00,1822.8000000000002,cierre,149.00000000000318,2.0,147.00000000000318,1806.5547582805443,1797.24984014432
2022-01-13,-1,1,2022-01-13 10:00:00-05:00,1818.0,2022-01-13 10:30:00-05:00,1817.5,trailing,5.0,2.0,3.0,1829.8392297301314,1818.1698469701887
2022-01-13,-1,1,2022-01-13 11:00:00-05:00,1814.0,2022-01-13 11:30:00-05:00,1816.1999999999998,trailing,-21.99999999999818,2.0,-23.99999999999818,1831.3847811409198,1816.630046763074
2022-01-14,1,1,2022-01-14 10:00:00-05:00,1824.5,2022-01-14 10:30:00-05:00,1821.7,trailing,-27.999999999999545,2.0,-29.999999999999545,1824.1655705939759,1819.034948797965
2022-01-14,-1,1,2022-01-14 13:00:00-05:00,1815.5,2022-01-14 13:30:00-05:00,1816.3,trailing,-7.999999999999545,2.0,-9.999999999999545,1827.4448608726013,1815.7563785303787
2022-01-19,1,1,2022-01-19 10:00:00-05:00,1827.3999999999999,2022-01-19 15:59:00-05:00,1842.9,cierre,155.00000000000227,2.0,153.00000000000227,1826.8340939284549,1811.3793747952175
2022-01-21,-1,1,2022-01-21 10:30:00-05:00,1834.4,2022-01-21 11:00:00-05:00,1834.8999999999999,trailing,-4.999999999997726,2.0,-6.999999999997726,1845.9991688228197,1835.408122532214
2022-01-21,-1,1,2022-01-21 12:30:00-05:00,1833.5,2022-01-21 13:00:00-05:00,1833.1999999999998,trailing,3.000000000001819,2.0,1.000000000001819,1847.5828118336372,1833.828088866222
2022-01-21,-1,1,2022-01-21 13:30:00-05:00,1831.7,2022-01-21 15:00:00-05:00,1831.8999999999999,trailing,-1.999999999998181,2.0,-3.999999999998181,1848.7924290126186,1832.6212285746685
2022-01-21,-1,1,2022-01-21 15:30:00-05:00,1829.0,2022-01-21 15:59:00-05:00,1832.3999999999999,cierre,-33.999999999998636,2.0,-35.999999999998636,1850.0934746460105,1831.3231482069918
2022-01-25,1,1,2022-01-25 10:00:00-05:00,1851.0,2022-01-25 10:30:00-05:00,1843.8000000000002,trailing,-71.99999999999818,2.0,-73.99999999999818,1843.4904294072253,1838.9100246884427
2022-01-25,1,1,2022-01-25 11:00:00-05:00,1847.1999999999998,2022-01-25 11:30:00-05:00,1846.7,trailing,-4.999999999997726,2.0,-6.999999999997726,1845.9285118265338,1836.4724718840832
2022-01-25,1,1,2022-01-25 11:30:00-05:00,1846.8999999999999,2022-01-25 15:59:00-05:00,1847.7,cierre,8.000000000001819,2.0,6.000000000001819,1846.526718203187,1835.874395453423
2022-01-26,-1,1,2022-01-26 12:30:00-05:00,1829.5,2022-01-26 13:00:00-05:00,1829.8,trailing,-2.9999999999995453,2.0,-4.999999999999545,1852.919578633751,1829.8161625527277
2022-01-26,-1,1,2022-01-26 15:00:00-05:00,1818.6000000000001,2022-01-26 15:59:00-05:00,1817.1,cierre,15.000000000002274,2.0,13.000000000002274,1854.932272092452,1827.8175202606124
2022-01-27,-1,1,2022-01-27 12:00:00-05:00,1792.3000000000002,2022-01-27 13:30:00-05:00,1793.3999999999999,trailing,-10.999999999996817,2.0,-12.999999999996817,1822.0364797368104,1793.3153541493086
2022-02-02,1,1,2022-02-02 10:30:00-05:00,1807.3999999999999,2022-02-02 15:00:00-05:00,1808.0,trailing,6.000000000001364,2.0,4.000000000001364,1806.6119104514928,1797.791873832504
2022-02-03,-1,1,2022-02-03 10:00:00-05:00,1791.3000000000002,2022-02-03 10:30:00-05:00,1799.8,trailing,-84.99999999999773,2.0,-86.99999999999773,1811.0563403739827,1799.752488915337
2022-02-07,1,1,2022-02-07 13:00:00-05:00,1821.0,2022-02-07 15:30:00-05:00,1821.4,trailing,4.0000000000009095,2.0,2.0000000000009095,1820.711009157288,1803.209177007296
2022-02-08,1,1,2022-02-08 10:30:00-05:00,1828.3,2022-02-08 11:00:00-05:00,1825.5,trailing,-27.999999999999545,2.0,-29.999999999999545,1826.9465983433238,1817.954117106859
2022-02-08,1,1,2022-02-08 13:00:00-05:00,1828.6,2022-02-08 13:30:00-05:00,1828.1000000000001,trailing,-4.999999999997726,2.0,-6.999999999997726,1828.0325343569564,1816.868359838318
2022-02-09,1,1,2022-02-09 12:00:00-05:00,1833.8,2022-02-09 15:00:00-05:00,1834.3000000000002,trailing,5.000000000002274,2.0,3.0000000000022737,1833.1497214537576,1823.551522591264
2022-02-10,1,1,2022-02-10 11:30:00-05:00,1841.1,2022-02-10 13:00:00-05:00,1836.3000000000002,trailing,-47.99999999999727,2.0,-49.99999999999727,1838.0437216466762,1823.071491918952
2022-02-11,1,1,2022-02-11 10:30:00-05:00,1838.0,2022-02-11 15:59:00-05:00,1863.0,cierre,250.0,2.0,248.0,1833.807366688081,1823.7966740071363
2022-02-14,1,1,2022-02-14 10:00:00-05:00,1868.5,2022-02-14 11:30:00-05:00,1865.4,trailing,-30.99999999999909,2.0,-32.99999999999909,1866.785107297331,1858.8160794690145
2022-02-14,1,1,2022-02-14 13:30:00-05:00,1869.6,2022-02-14 15:00:00-05:00,1869.8000000000002,trailing,2.0000000000027285,2.0,2.7284841053187847e-12,1869.5579900963896,1856.0440896599614
2022-02-14,1,1,2022-02-14 15:30:00-05:00,1874.6,2022-02-14 15:59:00-05:00,1873.6000000000001,cierre,-9.999999999997726,2.0,-11.999999999997726,1871.464314151453,1854.1383795249417
2022-02-15,-1,1,2022-02-15 10:00:00-05:00,1850.2,2022-02-15 10:30:00-05:00,1852.3999999999999,trailing,-21.99999999999818,2.0,-23.99999999999818,1877.1031473029625,1851.730635340916
2022-02-15,-1,1,2022-02-15 11:00:00-05:00,1849.1000000000001,2022-02-15 12:00:00-05:00,1853.8999999999999,trailing,-47.99999999999727,2.0,-49.99999999999727,1877.1353942660917,1851.6987084896055
2022-02-16,1,1,2022-02-16 11:00:00-05:00,1864.3,2022-02-16 15:59:00-05:00,1874.3000000000002,cierre,100.00000000000227,2.0,98.00000000000227,1863.5527674974821,1851.0573216720452
2022-02-17,1,1,2022-02-17 13:30:00-05:00,1902.1,2022-02-17 14:00:00-05:00,1899.3000000000002,trailing,-27.99999999999727,2.0,-29.99999999999727,1900.9458810269418,1868.0225075761948
2022-02-17,1,1,2022-02-17 15:00:00-05:00,1902.5,2022-02-17 15:30:00-05:00,1901.3000000000002,trailing,-11.999999999998181,2.0,-13.999999999998181,1902.0144660665617,1866.9652598600355
2022-02-18,-1,1,2022-02-18 11:00:00-05:00,1893.8000000000002,2022-02-18 11:30:00-05:00,1895.5,trailing,-16.99999999999818,2.0,-18.99999999999818,1905.121443467213,1894.2841934360033
2022-02-21,1,1,2022-02-21 14:00:00-05:00,1907.5,2022-02-21 14:29:00-05:00,1906.1000000000001,cierre,-13.999999999998636,2.0,-15.999999999998636,1907.2428786494725,1888.0709219610383
2022-02-22,-1,1,2022-02-22 10:30:00-05:00,1898.5,2022-02-22 11:30:00-05:00,1903.5,trailing,-50.0,2.0,-52.0,1910.70835223595,1900.2949589030334
2022-02-23,1,1,2022-02-23 10:00:00-05:00,1908.5,2022-02-23 14:30:00-05:00,1910.1000000000001,trailing,16.000000000001364,2.0,14.000000000001364,1905.7296226925228,1898.9705523296964
2022-02-24,-1,1,2022-02-24 14:30:00-05:00,1890.8000000000002,2022-02-24 15:59:00-05:00,1900.1,cierre,-92.99999999999727,2.0,-94.99999999999727,1966.3044581133006,1902.8979669291346
2022-03-01,1,1,2022-03-01 10:00:00-05:00,1926.8999999999999,2022-03-01 10:30:00-05:00,1921.3000000000002,trailing,-55.99999999999682,2.0,-57.99999999999682,1924.3042202061254,1907.4143610656438
2022-03-01,1,1,2022-03-01 11:00:00-05:00,1929.1,2022-03-01 15:59:00-05:00,1947.8000000000002,cierre,187.00000000000273,2.0,185.00000000000273,1926.6121595306495,1905.116158867287
2022-03-02,-1,1,2022-03-02 12:00:00-05:00,1920.6000000000001,2022-03-02 13:30:00-05:00,1923.0,trailing,-23.999999999998636,2.0,-25.999999999998636,1957.134301441971,1922.7415488701968
2022-03-04,1,1,2022-03-04 11:00:00-05:00,1961.1999999999998,2022-03-04 15:59:00-05:00,1970.9,cierre,97.00000000000273,2.0,95.00000000000273,1959.8431474559382,1933.1027006804586
2022-03-07,1,1,2022-03-07 10:00:00-05:00,1987.8999999999999,2022-03-07 11:00:00-05:00,1984.9,trailing,-29.999999999997726,2.0,-31.999999999997726,1982.570881787039,1966.8447189636809
2022-03-07,1,1,2022-03-07 13:30:00-05:00,1996.0,2022-03-07 15:59:00-05:00,2000.0,cierre,40.0,2.0,38.0,1988.9889689708236,1960.450637969322
2022-03-08,1,1,2022-03-08 10:00:00-05:00,2046.6999999999998,2022-03-08 12:30:00-05:00,2043.9,trailing,-27.99999999999727,2.0,-29.99999999999727,2027.9784897422849,1995.5742328093584
2022-03-08,1,1,2022-03-08 12:30:00-05:00,2044.1,2022-03-08 13:00:00-05:00,2035.8000000000002,trailing,-82.99999999999727,2.0,-84.99999999999727,2033.4249016023352,1990.1905378596268
2022-03-08,1,1,2022-03-08 13:00:00-05:00,2036.0,2022-03-08 13:30:00-05:00,2043.3000000000002,trailing,73.00000000000182,2.0,71.00000000000182,2033.5948295049218,1990.0225667229445
2022-03-08,1,1,2022-03-08 13:30:00-05:00,2043.5,2022-03-08 14:00:00-05:00,2050.8,trailing,73.00000000000182,2.0,71.00000000000182,2035.3996673158954,1988.2385121090629
2022-03-08,1,1,2022-03-08 14:00:00-05:00,2051.0,2022-03-08 14:30:00-05:00,2046.0,trailing,-50.0,2.0,-52.0,2035.6594471738033,1987.9817236867034
2022-03-08,1,1,2022-03-08 14:30:00-05:00,2046.1999999999998,2022-03-08 15:00:00-05:00,2046.0,trailing,-1.999999999998181,2.0,-3.999999999998181,2037.2790732573842,1986.380748036921
2022-03-08,1,1,2022-03-08 15:00:00-05:00,2046.1999999999998,2022-03-08 15:59:00-05:00,2057.8,cierre,116.00000000000364,2.0,114.00000000000364,2037.7995563471607,1985.866258451144
2022-03-09,-1,1,2022-03-09 10:00:00-05:00,1990.8000000000002,2022-03-09 10:30:00-05:00,1998.1,trailing,-72.99999999999727,2.0,-74.99999999999727,2063.9501557638846,1991.4280061678378
2022-03-17,1,1,2022-03-17 10:30:00-04:00,1948.1,2022-03-17 11:30:00-04:00,1949.6000000000001,trailing,15.000000000002274,2.0,13.000000000002274,1947.702160481027,1921.9406560001498
2022-03-21,1,1,2022-03-21 10:00:00-04:00,1930.8,2022-03-21 13:00:00-04:00,1930.7,trailing,-0.9999999999990905,2.0,-2.9999999999990905,1927.3200295781007,1914.6835424636838
2022-03-21,1,1,2022-03-21 13:00:00-04:00,1930.8999999999999,2022-03-21 13:30:00-04:00,1929.6000000000001,trailing,-12.999999999997272,2.0,-14.999999999997272,1930.0141227790775,1911.9911316689527
2022-03-21,1,1,2022-03-21 14:30:00-04:00,1932.8999999999999,2022-03-21 15:59:00-04:00,1935.6000000000001,cierre,27.00000000000273,2.0,25.00000000000273,1932.0056318758764,1910.0008662289583
2022-03-22,-1,1,2022-03-22 10:30:00-04:00,1912.8000000000002,2022-03-22 12:00:00-04:00,1917.8,trailing,-49.999999999997726,2.0,-51.999999999997726,1943.9288974179276,1916.1195653761852
2022-03-23,1,1,2022-03-23 15:30:00-04:00,1942.5,2022-03-23 15:59:00-04:00,1946.9,cierre,44.00000000000091,2.0,42.00000000000091,1940.4634062043438,1911.9836412837774
2022-03-24,1,1,2022-03-24 11:00:00-04:00,1965.8999999999999,2022-03-24 11:30:00-04:00,1961.4,trailing,-44.999999999997726,2.0,-46.999999999997726,1962.6935181056028,1938.1374348696854
2022-03-24,1,1,2022-03-24 12:30:00-04:00,1966.1999999999998,2022-03-24 13:30:00-04:00,1962.3000000000002,trailing,-38.99999999999636,2.0,-40.99999999999636,1961.8055171455533,1939.0223452337025
2022-03-24,1,1,2022-03-24 14:00:00-04:00,1965.5,2022-03-24 15:00:00-04:00,1962.4,trailing,-30.99999999999909,2.0,-32.99999999999909,1963.6484680111814,1937.18580856906
2022-03-28,-1,1,2022-03-28 15:30:00-04:00,1920.9,2022-03-28 15:59:00-04:00,1918.6,cierre,23.00000000000182,2.0,21.00000000000182,1962.1067339638707,1924.38287988138
2022-03-31,1,1,2022-03-31 13:30:00-04:00,1954.1,2022-03-31 14:00:00-04:00,1950.3000000000002,trailing,-37.99999999999727,2.0,-39.99999999999727,1950.589209909654,1935.410790090346
2022-04-05,-1,1,2022-04-05 12:00:00-04:00,1924.2,2022-04-05 15:59:00-04:00,1923.6,cierre,6.000000000001364,2.0,4.000000000001364,1949.9896489496816,1928.9334044527088
2022-04-07,1,1,2022-04-07 11:00:00-04:00,1940.3,2022-04-07 11:30:00-04:00,1934.2,trailing,-60.99999999999909,2.0,-62.99999999999909,1936.9057070404126,1921.4037649115282
2022-04-07,1,1,2022-04-07 12:30:00-04:00,1938.1,2022-04-07 13:30:00-04:00,1937.3000000000002,trailing,-7.9999999999972715,2.0,-9.999999999997272,1937.3613243338516,1920.9488320116204
2022-04-07,1,1,2022-04-07 14:00:00-04:00,1938.3999999999999,2022-04-07 14:30:00-04:00,1937.3000000000002,trailing,-10.999999999996817,2.0,-12.999999999996817,1937.9214823507696,1920.3895154213308
2022-04-08,1,1,2022-04-08 10:00:00-04:00,1943.1,2022-04-08 12:00:00-04:00,1945.1000000000001,trailing,20.000000000002274,2.0,18.000000000002274,1941.8082985257763,1931.3953420634887
2022-04-08,1,1,2022-04-08 12:30:00-04:00,1946.3,2022-04-08 13:00:00-04:00,1945.0,trailing,-12.999999999999545,2.0,-14.999999999999545,1944.4643274444627,1928.7415066238304
2022-04-08,1,1,2022-04-08 13:00:00-04:00,1945.1999999999998,2022-04-08 13:30:00-04:00,1945.3000000000002,trailing,1.000000000003638,2.0,-0.999999999996362,1944.459195888898,1928.746633941505
2022-04-08,1,1,2022-04-08 13:30:00-04:00,1945.5,2022-04-08 14:00:00-04:00,1946.1000000000001,trailing,6.000000000001364,2.0,4.000000000001364,1945.2600631879893,1927.9464280379327
2022-04-08,1,1,2022-04-08 14:00:00-04:00,1946.3,2022-04-08 15:30:00-04:00,1946.3000000000002,trailing,2.2737367544323206e-12,2.0,-1.9999999999977263,1945.1870518888609,1928.019379040747
2022-04-08,1,1,2022-04-08 15:30:00-04:00,1946.5,2022-04-08 15:59:00-04:00,1947.9,cierre,14.00000000000091,2.0,12.00000000000091,1945.2918138640907,1927.9147035830977
2022-04-14,-1,1,2022-04-14 10:00:00-04:00,1964.6000000000001,2022-04-14 10:30:00-04:00,1971.1,trailing,-64.99999999999773,2.0,-66.99999999999773,1987.5697276695607,1972.8403888892742
2022-04-14,-1,1,2022-04-14 10:30:00-04:00,1970.9,2022-04-14 11:00:00-04:00,1975.3,trailing,-43.999999999998636,2.0,-45.999999999998636,1987.6509532080406,1972.7593108845676
2022-04-14,-1,1,2022-04-14 11:30:00-04:00,1968.1000000000001,2022-04-14 12:30:00-04:00,1972.3999999999999,trailing,-42.99999999999727,2.0,-44.99999999999727,1988.608874351158,1971.8031296587633
2022-04-19,-1,1,2022-04-19 11:00:00-04:00,1957.4,2022-04-19 12:00:00-04:00,1958.8,trailing,-13.999999999998636,2.0,-15.999999999998636,1987.7539152324607,1959.2965831998981
2022-04-19,-1,1,2022-04-19 12:30:00-04:00,1958.1000000000001,2022-04-19 13:00:00-04:00,1959.8,trailing,-16.99999999999818,2.0,-18.99999999999818,1988.019116369314,1959.0335234802492
2022-04-19,-1,1,2022-04-19 14:30:00-04:00,1955.6000000000001,2022-04-19 15:59:00-04:00,1950.3,cierre,53.00000000000182,2.0,51.00000000000182,1989.7994731082997,1957.267542571606
2022-04-21,-1,1,2022-04-21 12:00:00-04:00,1941.5,2022-04-21 13:30:00-04:00,1948.1,trailing,-65.99999999999909,2.0,-67.99999999999909,1966.3459879634772,1943.9856794574139
2022-04-27,-1,1,2022-04-27 11:00:00-04:00,1886.1000000000001,2022-04-27 12:30:00-04:00,1888.8999999999999,trailing,-27.99999999999727,2.0,-29.99999999999727,1907.2097189962506,1887.2166072989828
2022-04-28,1,1,2022-04-28 15:30:00-04:00,1897.1,2022-04-28 15:59:00-04:00,1896.6000000000001,cierre,-4.999999999997726,2.0,-6.999999999997726,1893.4658767243302,1879.7368645058657
2022-05-03,1,1,2022-05-03 10:00:00-04:00,1871.3,2022-05-03 12:00:00-04:00,1871.8000000000002,trailing,5.000000000002274,2.0,3.0000000000022737,1867.8461382116125,1858.1576726413202
2022-05-03,1,1,2022-05-03 12:00:00-04:00,1872.0,2022-05-03 12:30:00-04:00,1872.1000000000001,trailing,1.0000000000013642,2.0,-0.9999999999986358,1868.5617354560347,1857.4427664613543
2022-05-03,1,1,2022-05-03 12:30:00-04:00,1872.3,2022-05-03 13:00:00-04:00,1870.1000000000001,trailing,-21.99999999999818,2.0,-23.99999999999818,1867.7624311189666,1858.2412988965996
2022-05-03,1,1,2022-05-03 13:00:00-04:00,1870.3,2022-05-03 13:30:00-04:00,1870.4,trailing,1.0000000000013642,2.0,-0.9999999999986358,1867.6146016677453,1858.3889855864
2022-05-03,1,1,2022-05-03 13:30:00-04:00,1870.6,2022-05-03 14:00:00-04:00,1871.4,trailing,8.000000000001819,2.0,6.000000000001819,1867.9804687617232,1858.0234718165113
2022-05-03,1,1,2022-05-03 14:00:00-04:00,1871.6,2022-05-03 14:30:00-04:00,1868.2,trailing,-33.999999999998636,2.0,-35.999999999998636,1868.1420309954635,1857.8620656061737
2022-05-03,1,1,2022-05-03 15:00:00-04:00,1869.8,2022-05-03 15:30:00-04:00,1867.3000000000002,trailing,-24.999999999997726,2.0,-26.999999999997726,1868.8435037364584,1857.1612702893613
2022-05-04,1,1,2022-05-04 14:30:00-04:00,1875.5,2022-05-04 15:59:00-04:00,1884.7,cierre,92.00000000000045,2.0,90.00000000000045,1873.7348194529925,1861.47151807199
2022-05-05,-1,1,2022-05-05 12:00:00-04:00,1874.9,2022-05-05 15:30:00-04:00,1879.5,trailing,-45.99999999999909,2.0,-47.99999999999909,1908.982832676156,1879.8674143760402
2022-05-06,1,1,2022-05-06 10:30:00-04:00,1885.5,2022-05-06 12:00:00-04:00,1886.6000000000001,trailing,11.000000000001364,2.0,9.000000000001364,1884.9683796705635,1873.9362363267635
2022-05-06,1,1,2022-05-06 12:30:00-04:00,1889.0,2022-05-06 13:30:00-04:00,1883.5,trailing,-55.0,2.0,-57.0,1886.163430570181,1872.742392934437
2022-05-09,-1,1,2022-05-09 10:00:00-04:00,1862.7,2022-05-09 12:30:00-04:00,1864.5,trailing,-17.999999999999545,2.0,-19.999999999999545,1885.4346545073165,1863.8939953820009
2022-05-09,-1,1,2022-05-09 13:00:00-04:00,1860.5,2022-05-09 15:59:00-04:00,1853.3,cierre,72.00000000000045,2.0,70.00000000000045,1887.3211427966085,1862.02124341456
2022-05-10,-1,1,2022-05-10 12:00:00-04:00,1843.4,2022-05-10 15:59:00-04:00,1836.3,cierre,71.00000000000136,2.0,69.00000000000136,1869.1192006874649,1846.7136998206752
2022-05-12,-1,1,2022-05-12 10:00:00-04:00,1838.3000000000002,2022-05-12 11:00:00-04:00,1842.0,trailing,-36.99999999999818,2.0,-38.99999999999818,1857.3859547586412,1840.1341399170005
2022-05-12,-1,1,2022-05-12 11:30:00-04:00,1837.1000000000001,2022-05-12 15:59:00-04:00,1823.0,cierre,141.00000000000136,2.0,139.00000000000136,1860.4072880086646,1837.126340622385
2022-05-16,1,1,2022-05-16 15:00:00-04:00,1821.8,2022-05-16 15:59:00-04:00,1825.5,cierre,37.000000000000455,2.0,35.000000000000455,1818.4987968680623,1794.5233182480406
2022-05-17,-1,1,2022-05-17 12:00:00-04:00,1816.8000000000002,2022-05-17 12:30:00-04:00,1819.1999999999998,trailing,-23.999999999996362,2.0,-25.999999999996362,1833.9492475853112,1817.7529015980808
2022-05-17,-1,1,2022-05-17 14:30:00-04:00,1814.6000000000001,2022-05-17 15:59:00-04:00,1814.0,cierre,6.000000000001364,2.0,4.000000000001364,1835.2940291097505,1816.4084882850007
2022-05-19,1,1,2022-05-19 11:00:00-04:00,1844.6999999999998,2022-05-19 12:00:00-04:00,1841.2,trailing,-34.999999999997726,2.0,-36.999999999997726,1844.250486167658,1808.0316453898147
2022-05-20,-1,1,2022-05-20 10:00:00-04:00,1834.6000000000001,2022-05-20 10:30:00-04:00,1834.8999999999999,trailing,-2.9999999999972715,2.0,-4.9999999999972715,1845.0822982173343,1835.3215951816073
2022-05-24,1,1,2022-05-24 10:00:00-04:00,1866.8999999999999,2022-05-24 11:00:00-04:00,1864.2,trailing,-26.99999999999818,2.0,-28.99999999999818,1862.0249384583676,1847.8884916054924
2022-05-24,1,1,2022-05-24 12:00:00-04:00,1868.3999999999999,2022-05-24 12:30:00-04:00,1864.7,trailing,-36.99999999999818,2.0,-38.99999999999818,1866.646365068733,1843.2837272984632
2022-05-31,-1,1,2022-05-31 10:30:00-04:00,1845.1000000000001,2022-05-31 13:00:00-04:00,1848.8,trailing,-36.99999999999818,2.0,-38.99999999999818,1861.8300360362225,1850.4755737645005
2022-05-31,-1,1,2022-05-31 13:30:00-04:00,1847.3000000000002,2022-05-31 15:59:00-04:00,1838.8,cierre,85.00000000000227,2.0,83.00000000000227,1863.9898571937836,1848.3184272360581
2022-06-02,1,1,2022-06-02 12:00:00-04:00,1872.0,2022-06-02 15:59:00-04:00,1873.3000000000002,cierre,13.000000000001819,2.0,11.000000000001819,1871.569998895766,1844.5781390594814
2022-06-03,-1,1,2022-06-03 11:30:00-04:00,1855.5,2022-06-03 15:59:00-04:00,1853.6999999999998,cierre,18.00000000000182,2.0,16.00000000000182,1878.9389287637619,1857.9903417576224
2022-06-06,-1,1,2022-06-06 10:30:00-04:00,1849.2,2022-06-06 11:00:00-04:00,1850.6,trailing,-13.999999999998636,2.0,-15.999999999998636,1860.13348885987,1849.371757664392
2022-06-06,-1,1,2022-06-06 11:30:00-04:00,1845.1000000000001,2022-06-06 15:59:00-04:00,1844.6,cierre,5.000000000002274,2.0,3.0000000000022737,1861.537545975824,1847.9694405836588
2022-06-07,1,1,2022-06-07 10:00:00-04:00,1854.1999999999998,2022-06-07 10:30:00-04:00,1850.3000000000002,trailing,-38.99999999999636,2.0,-40.99999999999636,1851.0949471721754,1841.710799080735
2022-06-07,1,1,2022-06-07 11:00:00-04:00,1853.6999999999998,2022-06-07 11:30:00-04:00,1853.9,trailing,2.0000000000027285,2.0,2.7284841053187847e-12,1851.8710392721707,1840.9363025820921
2022-06-07,1,1,2022-06-07 12:30:00-04:00,1855.1,2022-06-07 13:00:00-04:00,1853.7,trailing,-13.999999999998636,2.0,-15.999999999998636,1854.310385139827,1838.5019718712267
2022-06-07,1,1,2022-06-07 14:30:00-04:00,1855.3,2022-06-07 15:59:00-04:00,1856.5,cierre,12.000000000000455,2.0,10.000000000000455,1853.7860236072702,1839.0252553462049
2022-06-09,-1,1,2022-06-09 10:30:00-04:00,1844.0,2022-06-09 12:00:00-04:00,1848.1,trailing,-40.99999999999909,2.0,-42.99999999999909,1859.5681223150063,1847.539344225437
2022-06-10,1,1,2022-06-10 11:00:00-04:00,1859.0,2022-06-10 15:59:00-04:00,1875.8000000000002,cierre,168.00000000000182,2.0,166.00000000000182,1853.5874678207304,1830.3455167476395
2022-06-13,-1,1,2022-06-13 10:00:00-04:00,1832.2,2022-06-13 12:00:00-04:00,1831.0,trailing,12.000000000000455,2.0,10.000000000000455,1878.935424992124,1834.7263870632623
2022-06-13,-1,1,2022-06-13 14:30:00-04:00,1828.7,2022-06-13 15:59:00-04:00,1824.5,cierre,42.000000000000455,2.0,40.000000000000455,1884.3942311197852,1829.3787416552968
2022-06-14,-1,1,2022-06-14 10:00:00-04:00,1817.1000000000001,2022-06-14 11:00:00-04:00,1815.3,trailing,18.00000000000182,2.0,16.00000000000182,1827.1459602261482,1818.1593077308742
2022-06-14,-1,1,2022-06-14 12:00:00-04:00,1811.5,2022-06-14 12:30:00-04:00,1814.0,trailing,-25.0,2.0,-27.0,1832.2335758336933,1813.0814524032164
2022-06-14,-1,1,2022-06-14 13:30:00-04:00,1812.8000000000002,2022-06-14 15:59:00-04:00,1809.8999999999999,cierre,29.000000000003183,2.0,27.000000000003183,1832.263260061069,1813.0518251232186
2022-06-15,1,1,2022-06-15 15:30:00-04:00,1843.3999999999999,2022-06-15 15:59:00-04:00,1834.2,cierre,-91.99999999999818,2.0,-93.99999999999818,1840.489779544068,1799.4260092793145
2022-06-16,1,1,2022-06-16 11:30:00-04:00,1845.6,2022-06-16 15:59:00-04:00,1854.7,cierre,91.00000000000136,2.0,89.00000000000136,1842.546865431265,1822.668420695577
2022-06-17,-1,1,2022-06-17 10:00:00-04:00,1844.6000000000001,2022-06-17 11:00:00-04:00,1843.0,trailing,16.000000000001364,2.0,14.000000000001364,1857.4282035999308,1846.280156547384
2022-06-22,1,1,2022-06-22 10:00:00-04:00,1846.8999999999999,2022-06-22 10:30:00-04:00,1845.6000000000001,trailing,-12.999999999997272,2.0,-14.999999999997272,1846.0777248436318,1829.739077466809
2022-06-23,1,1,2022-06-23 10:00:00-04:00,1846.8,2022-06-23 10:30:00-04:00,1843.8000000000002,trailing,-29.999999999997726,2.0,-31.999999999997726,1843.5174793334627,1836.7833676235396
2022-06-23,-1,1,2022-06-23 13:30:00-04:00,1829.6000000000001,2022-06-23 15:30:00-04:00,1828.6,trailing,10.000000000002274,2.0,8.000000000002274,1849.9031342749215,1830.3994475372592
2022-06-29,-1,1,2022-06-29 10:00:00-04:00,1817.6000000000001,2022-06-29 10:30:00-04:00,1818.1,trailing,-4.999999999997726,2.0,-6.999999999997726,1834.712636618668,1817.8057814454846
2022-06-30,-1,1,2022-06-30 10:30:00-04:00,1813.5,2022-06-30 12:00:00-04:00,1815.1999999999998,trailing,-16.99999999999818,2.0,-18.99999999999818,1824.882281002594,1814.9182555118018
2022-06-30,-1,1,2022-06-30 13:30:00-04:00,1807.0,2022-06-30 15:59:00-04:00,1807.8,cierre,-7.999999999999545,2.0,-9.999999999999545,1829.9520209002173,1809.849072728453
2022-07-06,-1,1,2022-07-06 10:30:00-04:00,1753.5,2022-07-06 15:59:00-04:00,1738.1,cierre,154.0000000000009,2.0,152.0000000000009,1771.8005773677394,1756.5131808966146
2022-07-07,1,1,2022-07-07 10:00:00-04:00,1746.1999999999998,2022-07-07 10:30:00-04:00,1742.9,trailing,-32.99999999999727,2.0,-34.99999999999727,1745.2968344875399,1734.3108071087825
2022-07-08,-1,1,2022-07-08 10:00:00-04:00,1735.0,2022-07-08 10:30:00-04:00,1742.3999999999999,trailing,-73.99999999999864,2.0,-75.99999999999864,1743.9536676050882,1736.047195207831
2022-07-13,1,1,2022-07-13 11:00:00-04:00,1741.3,2022-07-13 15:00:00-04:00,1733.2,trailing,-80.99999999999909,2.0,-82.99999999999909,1731.2251447674391,1708.5096398622418
2022-07-15,-1,1,2022-07-15 10:00:00-04:00,1700.3000000000002,2022-07-15 10:30:00-04:00,1704.0,trailing,-36.99999999999818,2.0,-38.99999999999818,1711.2037591752432,1700.8024786868225
2022-07-20,-1,1,2022-07-20 13:00:00-04:00,1700.6000000000001,2022-07-20 15:59:00-04:00,1693.6,cierre,70.00000000000227,2.0,68.00000000000227,1719.0048520247333,1702.900772132565
2022-07-21,1,1,2022-07-21 10:00:00-04:00,1704.3999999999999,2022-07-21 10:30:00-04:00,1702.3000000000002,trailing,-20.999999999996817,2.0,-22.999999999996817,1700.0632582791447,1690.3430797950784
2022-07-21,1,1,2022-07-21 10:30:00-04:00,1702.5,2022-07-21 15:59:00-04:00,1718.3000000000002,cierre,158.00000000000182,2.0,156.00000000000182,1701.227797880735,1689.1808735275947
2022-07-22,1,1,2022-07-22 10:00:00-04:00,1733.8,2022-07-22 10:30:00-04:00,1730.8000000000002,trailing,-29.999999999997726,2.0,-31.999999999997726,1724.83495165067,1714.7709615869676
2022-07-22,1,1,2022-07-22 10:30:00-04:00,1731.0,2022-07-22 11:00:00-04:00,1731.2,trailing,2.0000000000004547,2.0,4.547473508864641e-13,1725.3774082373443,1714.2293874534905
2022-07-22,1,1,2022-07-22 11:00:00-04:00,1731.3999999999999,2022-07-22 11:30:00-04:00,1730.6000000000001,trailing,-7.9999999999972715,2.0,-9.999999999997272,1729.073040511705,1710.5397671303083
2022-07-22,1,1,2022-07-22 11:30:00-04:00,1730.8,2022-07-22 12:00:00-04:00,1729.4,trailing,-13.999999999998636,2.0,-15.999999999998636,1729.5733391037302,1710.0402824100338
2022-07-27,-1,1,2022-07-27 10:30:00-04:00,1711.2,2022-07-27 11:00:00-04:00,1715.1,trailing,-38.999999999998636,2.0,-40.999999999998636,1719.1126207527454,1711.689251512977
2022-07-27,1,1,2022-07-27 14:30:00-04:00,1723.3999999999999,2022-07-27 15:59:00-04:00,1732.6000000000001,cierre,92.00000000000273,2.0,90.00000000000273,1721.5459462692118,1709.2573441010136
2022-07-29,1,1,2022-07-29 11:00:00-04:00,1760.6,2022-07-29 15:30:00-04:00,1759.6000000000001,trailing,-9.999999999997726,2.0,-11.999999999997726,1759.7471794178712,1747.3569314778326
2022-08-02,1,1,2022-08-02 10:30:00-04:00,1802.5,2022-08-02 11:00:00-04:00,1793.2,trailing,-92.99999999999955,2.0,-94.99999999999955,1798.1634986771594,1784.150066524683
2022-08-02,-1,1,2022-08-02 15:30:00-04:00,1779.9,2022-08-02 15:59:00-04:00,1777.1,cierre,28.00000000000182,2.0,26.00000000000182,1802.2570118798435,1780.0709261321072
2022-08-04,1,1,2022-08-04 10:00:00-04:00,1799.8999999999999,2022-08-04 15:59:00-04:00,1810.2,cierre,103.00000000000182,2.0,101.00000000000182,1796.3508684089147,1778.370922349146
2022-08-08,1,1,2022-08-08 11:00:00-04:00,1804.1,2022-08-08 12:00:00-04:00,1803.6000000000001,trailing,-4.999999999997726,2.0,-6.999999999997726,1803.6701838641247,1784.255360345719
2022-08-08,1,1,2022-08-08 12:30:00-04:00,1804.0,2022-08-08 14:00:00-04:00,1804.1000000000001,trailing,1.0000000000013642,2.0,-0.9999999999986358,1803.464527087276,1784.4600906376443
2022-08-12,1,1,2022-08-12 10:00:00-04:00,1814.0,2022-08-12 10:30:00-04:00,1807.6000000000001,trailing,-63.999999999998636,2.0,-65.99999999999864,1812.6273951692456,1798.6854137477878
2022-08-12,1,1,2022-08-12 13:30:00-04:00,1815.5,2022-08-12 14:00:00-04:00,1815.1000000000001,trailing,-3.9999999999986358,2.0,-5.999999999998636,1813.954396960007,1797.3646440777081
2022-08-12,1,1,2022-08-12 14:30:00-04:00,1817.3999999999999,2022-08-12 15:59:00-04:00,1817.9,cierre,5.000000000002274,2.0,3.0000000000022737,1816.2558865151166,1795.0739632198847
2022-08-15,-1,1,2022-08-15 10:00:00-04:00,1792.7,2022-08-15 11:00:00-04:00,1794.3,trailing,-15.99999999999909,2.0,-17.99999999999909,1820.7720912057732,1793.960387090532
2022-08-17,-1,1,2022-08-17 10:00:00-04:00,1782.0,2022-08-17 10:30:00-04:00,1782.8,trailing,-7.999999999999545,2.0,-9.999999999999545,1793.3482507753847,1785.1557261176276
2022-08-17,-1,1,2022-08-17 10:30:00-04:00,1782.6000000000001,2022-08-17 14:30:00-04:00,1782.6999999999998,trailing,-0.9999999999968168,2.0,-2.9999999999968168,1794.7806214247048,1783.7253554273266
2022-08-17,-1,1,2022-08-17 15:00:00-04:00,1781.2,2022-08-17 15:30:00-04:00,1780.5,trailing,7.000000000000455,2.0,5.000000000000455,1796.2849087699392,1782.223168455375
2022-08-17,-1,1,2022-08-17 15:30:00-04:00,1780.3000000000002,2022-08-17 15:59:00-04:00,1779.1,cierre,12.000000000002728,2.0,10.000000000002728,1796.0730990871668,1782.434682397177
2022-08-18,-1,1,2022-08-18 12:00:00-04:00,1773.4,2022-08-18 15:00:00-04:00,1773.3,trailing,1.0000000000013642,2.0,-0.9999999999986358,1784.7879862847547,1774.915916437031
2022-08-19,-1,1,2022-08-19 10:00:00-04:00,1765.3000000000002,2022-08-19 15:59:00-04:00,1760.5,cierre,48.00000000000182,2.0,46.00000000000182,1776.4287914618137,1767.4761614508059
2022-08-23,1,1,2022-08-23 10:00:00-04:00,1760.3999999999999,2022-08-23 13:30:00-04:00,1761.0,trailing,6.000000000001364,2.0,4.000000000001364,1754.5826872661405,1745.1231208229135
2022-08-23,1,1,2022-08-23 13:30:00-04:00,1761.1999999999998,2022-08-23 14:00:00-04:00,1759.8000000000002,trailing,-13.999999999996362,2.0,-15.999999999996362,1756.756116351787,1742.9537866935802
2022-08-23,1,1,2022-08-23 14:00:00-04:00,1760.0,2022-08-23 14:30:00-04:00,1760.6000000000001,trailing,6.000000000001364,2.0,4.000000000001364,1757.1175138778683,1742.5930700763408
2022-08-23,1,1,2022-08-23 14:30:00-04:00,1760.8,2022-08-23 15:00:00-04:00,1758.8000000000002,trailing,-19.999999999997726,2.0,-21.999999999997726,1757.3882776191674,1742.322816480829
2022-08-23,1,1,2022-08-23 15:00:00-04:00,1759.0,2022-08-23 15:30:00-04:00,1759.8000000000002,trailing,8.000000000001819,2.0,6.000000000001819,1757.6147292712155,1742.0967914861894
2022-08-23,1,1,2022-08-23 15:30:00-04:00,1760.0,2022-08-23 15:59:00-04:00,1760.1000000000001,cierre,1.0000000000013642,2.0,-0.9999999999986358,1757.2457870256485,1742.465038607914
2022-08-24,1,1,2022-08-24 11:30:00-04:00,1766.1,2022-08-24 12:00:00-04:00,1764.3000000000002,trailing,-17.99999999999727,2.0,-19.99999999999727,1765.7058303308409,1750.9060559066645
2022-08-26,-1,1,2022-08-26 10:30:00-04:00,1758.6000000000001,2022-08-26 15:59:00-04:00,1749.3,cierre,93.00000000000182,2.0,91.00000000000182,1774.2485447137562,1759.766237315194
2022-08-30,-1,1,2022-08-30 10:30:00-04:00,1737.3000000000002,2022-08-30 15:59:00-04:00,1735.0,cierre,23.00000000000182,2.0,21.00000000000182,1754.485952516892,1739.5299867391027
2022-09-01,-1,1,2022-09-01 11:00:00-04:00,1702.6000000000001,2022-09-01 11:30:00-04:00,1705.0,trailing,-23.999999999998636,2.0,-25.999999999998636,1727.3219229745969,1703.2202868428856
2022-09-02,1,1,2022-09-02 11:00:00-04:00,1728.8,2022-09-02 11:30:00-04:00,1725.5,trailing,-32.999999999999545,2.0,-34.999999999999545,1727.6929315803914,1699.8626324448246
2022-09-07,1,1,2022-09-07 10:00:00-04:00,1714.8999999999999,2022-09-07 15:59:00-04:00,1728.8000000000002,cierre,139.00000000000318,2.0,137.00000000000318,1713.4014364314353,1705.902060940433
2022-09-08,-1,1,2022-09-08 10:30:00-04:00,1715.3000000000002,2022-09-08 11:00:00-04:00,1718.6,trailing,-32.99999999999727,2.0,-34.99999999999727,1733.8101352015333,1718.7049169799507
2022-09-08,-1,1,2022-09-08 12:30:00-04:00,1717.0,2022-09-08 13:30:00-04:00,1720.3,trailing,-32.999999999999545,2.0,-34.999999999999545,1735.0867875635327,1717.4321782378943
2022-09-14,-1,1,2022-09-14 14:00:00-04:00,1707.2,2022-09-14 15:59:00-04:00,1705.5,cierre,17.000000000000455,2.0,15.000000000000455,1718.2266078672508,1708.675664113075
2022-09-15,-1,1,2022-09-15 11:00:00-04:00,1677.0,2022-09-15 15:59:00-04:00,1673.0,cierre,40.0,2.0,38.0,1710.6380999856758,1687.102136386913
2022-09-16,1,1,2022-09-16 10:30:00-04:00,1686.5,2022-09-16 14:00:00-04:00,1680.1000000000001,trailing,-63.999999999998636,2.0,-65.99999999999864,1676.7874770757876,1665.221353346167
2022-09-16,1,1,2022-09-16 14:00:00-04:00,1680.3,2022-09-16 15:59:00-04:00,1682.4,cierre,21.000000000001364,2.0,19.000000000001364,1677.9602330316106,1664.0512613108608
2022-09-21,1,1,2022-09-21 15:00:00-04:00,1695.0,2022-09-21 15:30:00-04:00,1687.8000000000002,trailing,-71.99999999999818,2.0,-73.99999999999818,1690.4521527450825,1666.1894694984135
2022-09-23,-1,1,2022-09-23 10:00:00-04:00,1652.0,2022-09-23 10:30:00-04:00,1654.8999999999999,trailing,-28.999999999998636,2.0,-30.999999999998636,1682.9756093855804,1657.8567688693638
2022-09-23,-1,1,2022-09-23 10:30:00-04:00,1654.7,2022-09-23 11:30:00-04:00,1653.8999999999999,trailing,8.000000000001819,2.0,6.000000000001819,1684.3565318100232,1656.49195528882
2022-09-23,-1,1,2022-09-23 11:30:00-04:00,1653.7,2022-09-23 12:00:00-04:00,1653.8999999999999,trailing,-1.999999999998181,2.0,-3.999999999998181,1686.380081593621,1654.4920107758796
2022-09-23,-1,1,2022-09-23 12:00:00-04:00,1653.7,2022-09-23 12:30:00-04:00,1654.8999999999999,trailing,-11.999999999998181,2.0,-13.999999999998181,1686.548205611821,1654.3258479710807
2022-09-23,-1,1,2022-09-23 14:00:00-04:00,1652.2,2022-09-23 15:59:00-04:00,1651.1,cierre,11.000000000001364,2.0,9.000000000001364,1686.813604586441,1654.0635449492659
2022-09-26,-1,1,2022-09-26 12:00:00-04:00,1641.6000000000001,2022-09-26 15:59:00-04:00,1632.1999999999998,cierre,94.00000000000318,2.0,92.00000000000318,1659.3112535935875,1644.395546872988
2022-09-27,1,1,2022-09-27 10:00:00-04:00,1646.6999999999998,2022-09-27 10:30:00-04:00,1641.8000000000002,trailing,-48.99999999999636,2.0,-50.99999999999636,1645.8718094759408,1628.7495401852766
2022-09-28,1,1,2022-09-28 10:00:00-04:00,1657.8999999999999,2022-09-28 11:00:00-04:00,1658.7,trailing,8.000000000001819,2.0,6.000000000001819,1656.9681945452498,1631.8685644911784
2022-09-28,1,1,2022-09-28 11:30:00-04:00,1662.1,2022-09-28 15:59:00-04:00,1669.4,cierre,73.00000000000182,2.0,71.00000000000182,1659.5601490840386,1629.305762975563
2022-09-29,-1,1,2022-09-29 10:30:00-04:00,1657.1000000000001,2022-09-29 11:00:00-04:00,1662.0,trailing,-48.999999999998636,2.0,-50.999999999998636,1673.0918158944187,1660.0208775549834
2022-09-30,1,1,2022-09-30 10:00:00-04:00,1678.5,2022-09-30 12:00:00-04:00,1679.7,trailing,12.000000000000455,2.0,10.000000000000455,1675.743358188593,1665.9623630571368
2022-09-30,1,1,2022-09-30 12:00:00-04:00,1679.8999999999999,2022-09-30 12:30:00-04:00,1674.8000000000002,trailing,-50.99999999999682,2.0,-52.99999999999682,1679.2180543137154,1662.4932773132714
2022-10-03,1,1,2022-10-03 10:30:00-04:00,1694.1999999999998,2022-10-03 15:59:00-04:00,1709.3000000000002,cierre,151.00000000000364,2.0,149.00000000000364,1681.6023396437768,1665.2174199539782
2022-10-04,1,1,2022-10-04 11:00:00-04:00,1729.6999999999998,2022-10-04 15:59:00-04:00,1733.2,cierre,35.000000000002274,2.0,33.000000000002274,1725.2032655889732,1701.7330642225384
2022-10-05,-1,1,2022-10-05 10:30:00-04:00,1711.7,2022-10-05 11:00:00-04:00,1715.8999999999999,trailing,-41.99999999999818,2.0,-43.99999999999818,1738.9493523596873,1713.2975816240314
2022-10-07,-1,1,2022-10-07 10:00:00-04:00,1705.7,2022-10-07 10:30:00-04:00,1706.0,trailing,-2.9999999999995453,2.0,-4.999999999999545,1725.6394620867793,1706.2840052566282
2022-10-10,-1,1,2022-10-10 11:00:00-04:00,1674.4,2022-10-10 11:30:00-04:00,1675.6999999999998,trailing,-12.999999999997272,2.0,-14.999999999997272,1708.758273298367,1676.0125431239996
2022-10-10,-1,1,2022-10-10 12:00:00-04:00,1673.8000000000002,2022-10-10 13:00:00-04:00,1675.0,trailing,-11.999999999998181,2.0,-13.999999999998181,1710.8448979403581,1673.9525035892952
2022-10-11,1,1,2022-10-11 12:00:00-04:00,1689.1,2022-10-11 14:30:00-04:00,1685.7,trailing,-33.999999999998636,2.0,-35.999999999998636,1684.8319161229144,1667.8723949007679
2022-10-14,-1,1,2022-10-14 10:00:00-04:00,1656.2,2022-10-14 15:59:00-04:00,1648.8999999999999,cierre,73.00000000000182,2.0,71.00000000000182,1672.7696166902901,1658.1444273741456
2022-10-20,1,1,2022-10-20 10:30:00-04:00,1647.0,2022-10-20 12:30:00-04:00,1641.9,trailing,-50.99999999999909,2.0,-52.99999999999909,1640.5570571028172,1630.0473016108092
2022-10-21,1,1,2022-10-21 10:00:00-04:00,1647.1999999999998,2022-10-21 10:30:00-04:00,1642.6000000000001,trailing,-45.99999999999682,2.0,-47.99999999999682,1638.4156706221515,1629.6898851023539
2022-10-21,1,1,2022-10-21 10:30:00-04:00,1642.8,2022-10-21 11:00:00-04:00,1643.9,trailing,11.000000000001364,2.0,9.000000000001364,1641.3151759344637,1626.7997690355694
2022-10-21,1,1,2022-10-21 11:00:00-04:00,1644.1,2022-10-21 15:59:00-04:00,1660.2,cierre,161.00000000000136,2.0,159.00000000000136,1641.3542123846953,1626.7608589940785
2022-10-25,1,1,2022-10-25 10:00:00-04:00,1663.8999999999999,2022-10-25 10:30:00-04:00,1661.0,trailing,-28.999999999998636,2.0,-30.999999999998636,1660.215698780112,1652.0888774303503
2022-10-26,1,1,2022-10-26 10:30:00-04:00,1672.8,2022-10-26 11:00:00-04:00,1670.9,trailing,-18.999999999998636,2.0,-20.999999999998636,1670.0965087059412,1654.8209046039467
2022-10-26,1,1,2022-10-26 11:00:00-04:00,1671.1,2022-10-26 12:00:00-04:00,1671.3000000000002,trailing,2.0000000000027285,2.0,2.7284841053187847e-12,1669.6258407734256,1655.2892285163978
2022-10-27,-1,1,2022-10-27 10:00:00-04:00,1661.9,2022-10-27 10:30:00-04:00,1668.1999999999998,trailing,-62.99999999999727,2.0,-64.99999999999727,1672.059374027493,1662.6468315977518
2022-11-02,1,1,2022-11-02 14:30:00-04:00,1668.1,2022-11-02 15:00:00-04:00,1652.2,trailing,-158.99999999999864,2.0,-160.99999999999864,1665.725557604987,1644.8051920746937
2022-11-02,-1,1,2022-11-02 15:30:00-04:00,1642.1000000000001,2022-11-02 15:59:00-04:00,1639.6,cierre,25.000000000002274,2.0,23.000000000002274,1665.966423500007,1644.565444055264
2022-11-04,1,1,2022-11-04 10:30:00-04:00,1674.5,2022-11-04 15:59:00-04:00,1684.4,cierre,99.00000000000091,2.0,97.00000000000091,1672.568839575649,1628.7310071074996
2022-11-08,1,1,2022-11-08 10:30:00-05:00,1709.8999999999999,2022-11-08 15:59:00-05:00,1715.5,cierre,56.000000000001364,2.0,54.000000000001364,1683.9210313783235,1672.2837536894026
2022-11-10,1,1,2022-11-10 10:00:00-05:00,1747.6999999999998,2022-11-10 11:30:00-05:00,1751.0,trailing,33.00000000000182,2.0,31.00000000000182,1747.134357652584,1704.3365472481976
2022-11-10,1,1,2022-11-10 12:00:00-05:00,1753.5,2022-11-10 13:00:00-05:00,1751.5,trailing,-20.0,2.0,-22.0,1752.1610034935902,1699.4136802970672
2022-11-10,1,1,2022-11-10 13:30:00-05:00,1754.1999999999998,2022-11-10 15:59:00-05:00,1759.0,cierre,48.00000000000182,2.0,46.00000000000182,1751.3611540328864,1700.1970162631417
2022-11-21,-1,1,2022-11-21 10:00:00-05:00,1742.5,2022-11-21 13:30:00-05:00,1739.6,trailing,29.00000000000091,2.0,27.00000000000091,1752.5108639534294,1744.1940622703141
2022-11-21,-1,1,2022-11-21 15:00:00-05:00,1736.6000000000001,2022-11-21 15:30:00-05:00,1738.6999999999998,trailing,-20.999999999996817,2.0,-22.999999999996817,1759.9361568414065,1736.7853143416373
2022-11-23,1,1,2022-11-23 10:00:00-05:00,1743.6999999999998,2022-11-23 10:30:00-05:00,1741.4,trailing,-22.99999999999727,2.0,-24.99999999999727,1742.9442491273303,1735.2599388592464
2022-11-23,1,1,2022-11-23 14:30:00-05:00,1752.1999999999998,2022-11-23 15:59:00-05:00,1751.7,cierre,-4.999999999997726,2.0,-6.999999999997726,1749.4393776753009,1728.7774961092211
2022-11-28,-1,1,2022-11-28 11:30:00-05:00,1742.2,2022-11-28 12:00:00-05:00,1744.1,trailing,-18.999999999998636,2.0,-20.999999999998636,1761.0014088284458,1743.517399005489
2022-11-28,-1,1,2022-11-28 13:00:00-05:00,1741.5,2022-11-28 15:59:00-05:00,1739.1,cierre,24.00000000000091,2.0,22.00000000000091,1761.868658175202,1742.6528675341792
2022-11-29,1,1,2022-11-29 10:00:00-05:00,1752.1,2022-11-29 11:30:00-05:00,1748.4,trailing,-36.99999999999818,2.0,-38.99999999999818,1749.6770418197243,1736.7339042437331
2022-12-01,1,1,2022-12-01 10:00:00-05:00,1816.1,2022-12-01 10:30:00-05:00,1809.4,trailing,-66.99999999999818,2.0,-68.99999999999818,1815.6952398589822,1810.704760141018
2022-12-01,-1,1,2022-12-01 10:30:00-05:00,1809.4,2022-12-01 11:00:00-05:00,1810.5,trailing,-10.99999999999909,2.0,-12.99999999999909,1816.5353629466008,1809.8646370533995
2022-12-02,-1,1,2022-12-02 10:30:00-05:00,1795.5,2022-12-02 11:00:00-05:00,1799.5,trailing,-40.0,2.0,-42.0,1821.1228973219302,1795.9117515809269
2022-12-05,-1,1,2022-12-05 10:00:00-05:00,1796.6000000000001,2022-12-05 15:59:00-05:00,1779.6,cierre,170.00000000000227,2.0,168.00000000000227,1813.7902863326722,1800.3209659711429
2022-12-07,1,1,2022-12-07 10:00:00-05:00,1795.8999999999999,2022-12-07 10:30:00-05:00,1795.3000000000002,trailing,-5.999999999996817,2.0,-7.999999999996817,1792.8581955416307,1781.450628758916
2022-12-07,1,1,2022-12-07 10:30:00-05:00,1795.5,2022-12-07 11:00:00-05:00,1792.7,trailing,-27.999999999999545,2.0,-29.999999999999545,1794.5917604171032,1779.7235508338294
2022-12-07,1,1,2022-12-07 13:30:00-05:00,1797.8999999999999,2022-12-07 15:59:00-05:00,1799.7,cierre,18.00000000000182,2.0,16.00000000000182,1797.2708627098,1777.0544736656009
2022-12-08,1,1,2022-12-08 10:30:00-05:00,1806.6999999999998,2022-12-08 11:00:00-05:00,1801.9,trailing,-47.99999999999727,2.0,-49.99999999999727,1806.4616969015437,1795.5439784244822
2022-12-09,1,1,2022-12-09 11:30:00-05:00,1814.6999999999998,2022-12-09 12:30:00-05:00,1812.6000000000001,trailing,-20.999999999996817,2.0,-22.999999999996817,1813.1799612834568,1796.638982763186
2022-12-12,-1,1,2022-12-12 11:00:00-05:00,1796.3000000000002,2022-12-12 12:00:00-05:00,1795.8,trailing,5.000000000002274,2.0,3.0000000000022737,1810.2550615289047,1796.557908279069
2022-12-12,-1,1,2022-12-12 12:30:00-05:00,1793.4,2022-12-12 13:00:00-05:00,1794.6,trailing,-11.999999999998181,2.0,-13.999999999998181,1812.803797485234,1794.0193277731464
2022-12-12,-1,1,2022-12-12 13:30:00-05:00,1792.0,2022-12-12 15:00:00-05:00,1793.0,trailing,-10.0,2.0,-12.0,1813.719993025599,1793.1067828182215
2022-12-13,1,1,2022-12-13 10:00:00-05:00,1834.6,2022-12-13 10:30:00-05:00,1826.5,trailing,-80.99999999999909,2.0,-82.99999999999909,1833.293440153516,1789.361525421377
2022-12-14,-1,1,2022-12-14 14:30:00-05:00,1812.9,2022-12-14 15:00:00-05:00,1816.5,trailing,-35.99999999999909,2.0,-37.99999999999909,1830.215495661192,1813.3904311941858
2022-12-15,-1,1,2022-12-15 11:30:00-05:00,1786.5,2022-12-15 12:00:00-05:00,1788.3999999999999,trailing,-18.999999999998636,2.0,-20.999999999998636,1821.9251641614196,1787.4324826389707
2022-12-16,1,1,2022-12-16 10:00:00-05:00,1802.5,2022-12-16 11:00:00-05:00,1797.8000000000002,trailing,-46.99999999999818,2.0,-48.99999999999818,1796.3538057981548,1784.6553785054055
2022-12-16,1,1,2022-12-16 11:00:00-05:00,1798.0,2022-12-16 11:30:00-05:00,1798.1000000000001,trailing,1.0000000000013642,2.0,-0.9999999999986358,1797.7604774978079,1783.2541954913138
2022-12-16,1,1,2022-12-16 11:30:00-05:00,1798.3,2022-12-16 12:00:00-05:00,1798.7,trailing,4.0000000000009095,2.0,2.0000000000009095,1798.180438610997,1782.8358730223792
2022-12-16,1,1,2022-12-16 12:30:00-05:00,1800.3,2022-12-16 13:00:00-05:00,1797.6000000000001,trailing,-26.99999999999818,2.0,-28.99999999999818,1800.094730126996,1780.9290508712702
2022-12-16,1,1,2022-12-16 14:00:00-05:00,1801.6999999999998,2022-12-16 14:30:00-05:00,1800.8000000000002,trailing,-8.999999999996362,2.0,-10.999999999996362,1800.7235382877927,1780.3026962540214
2022-12-16,1,1,2022-12-16 15:00:00-05:00,1802.8,2022-12-16 15:59:00-05:00,1801.9,cierre,-8.999999999998636,2.0,-10.999999999998636,1801.571142435147,1779.4583993692265
2022-12-19,-1,1,2022-12-19 11:00:00-05:00,1795.5,2022-12-19 11:30:00-05:00,1798.0,trailing,-25.0,2.0,-27.0,1805.698470095636,1797.702761359446
2022-12-20,1,1,2022-12-20 10:00:00-05:00,1822.5,2022-12-20 11:30:00-05:00,1824.3000000000002,trailing,18.00000000000182,2.0,16.00000000000182,1818.936443683811,1793.692587243721
2022-12-20,1,1,2022-12-20 11:30:00-05:00,1824.5,2022-12-20 13:30:00-05:00,1825.3000000000002,trailing,8.000000000001819,2.0,6.000000000001819,1820.4651744895953,1792.1806898994328
2022-12-20,1,1,2022-12-20 13:30:00-05:00,1825.5,2022-12-20 14:00:00-05:00,1825.3000000000002,trailing,-1.999999999998181,2.0,-3.999999999998181,1822.731486154435,1789.9393334915974
2022-12-20,1,1,2022-12-20 14:00:00-05:00,1825.5,2022-12-20 15:59:00-05:00,1827.2,cierre,17.000000000000455,2.0,15.000000000000455,1822.917168577357,1789.7556956915123
2022-12-22,-1,1,2022-12-22 10:30:00-05:00,1804.4,2022-12-22 15:30:00-05:00,1801.8999999999999,trailing,25.000000000002274,2.0,23.000000000002274,1829.0583038045102,1806.5760837871433
2022-12-22,-1,1,2022-12-22 15:30:00-05:00,1801.7,2022-12-22 15:59:00-05:00,1799.8999999999999,cierre,18.00000000000182,2.0,16.00000000000182,1831.568902403775,1804.0825528537946
2022-12-23,1,1,2022-12-23 11:00:00-05:00,1808.6999999999998,2022-12-23 13:00:00-05:00,1805.3000000000002,trailing,-33.99999999999636,2.0,-35.99999999999636,1805.9753025451346,1795.3289206101954
2022-12-27,1,1,2022-12-27 10:00:00-05:00,1816.5,2022-12-27 11:30:00-05:00,1828.6000000000001,trailing,121.00000000000136,2.0,119.00000000000136,1814.5238178600391,1802.885374854021
2022-12-27,1,1,2022-12-27 11:30:00-05:00,1828.8,2022-12-27 12:00:00-05:00,1828.7,trailing,-0.9999999999990905,2.0,-2.9999999999990905,1816.1457890701201,1801.2693114860954
2022-12-27,1,1,2022-12-27 12:00:00-05:00,1828.8999999999999,2022-12-27 12:30:00-05:00,1827.8000000000002,trailing,-10.999999999996817,2.0,-12.999999999996817,1816.9676415153058,1800.4504525431937
2022-12-27,1,1,2022-12-27 12:30:00-05:00,1828.0,2022-12-27 13:00:00-05:00,1821.8000000000002,trailing,-61.99999999999818,2.0,-63.99999999999818,1817.2247392598279,1800.19429124741
2022-12-27,1,1,2022-12-27 13:00:00-05:00,1822.0,2022-12-27 13:30:00-05:00,1822.8000000000002,trailing,8.000000000001819,2.0,6.000000000001819,1816.8175271065134,1800.6000201776494
2022-12-27,1,1,2022-12-27 13:30:00-05:00,1823.0,2022-12-27 14:00:00-05:00,1824.6000000000001,trailing,16.000000000001364,2.0,14.000000000001364,1817.2048002611166,1800.2141576206293
2022-12-27,1,1,2022-12-27 14:00:00-05:00,1824.8,2022-12-27 14:30:00-05:00,1822.6000000000001,trailing,-21.99999999999818,2.0,-23.99999999999818,1817.6941622084305,1799.7265781174942
2022-12-27,1,1,2022-12-27 14:30:00-05:00,1822.8,2022-12-27 15:00:00-05:00,1821.4,trailing,-13.999999999998636,2.0,-15.999999999998636,1818.3627413150743,1799.0604342327617
2022-12-27,1,1,2022-12-27 15:00:00-05:00,1821.6,2022-12-27 15:30:00-05:00,1822.2,trailing,6.000000000001364,2.0,4.000000000001364,1818.2923675399375,1799.130551679579
2022-12-27,1,1,2022-12-27 15:30:00-05:00,1822.3999999999999,2022-12-27 15:59:00-05:00,1821.3000000000002,cierre,-10.999999999996817,2.0,-12.999999999996817,1817.7907097050365,1799.6303822839554
2022-12-28,-1,1,2022-12-28 11:00:00-05:00,1805.5,2022-12-28 11:30:00-05:00,1808.6999999999998,trailing,-31.99999999999818,2.0,-33.99999999999818,1826.8898138345996,1808.1336958546008
2022-12-29,1,1,2022-12-29 12:30:00-05:00,1824.8999999999999,2022-12-29 14:00:00-05:00,1823.5,trailing,-13.999999999998636,2.0,-15.999999999998636,1824.2301951583268,1806.1903246662516
2022-12-29,1,1,2022-12-29 15:00:00-05:00,1824.3999999999999,2022-12-29 15:30:00-05:00,1823.1000000000001,trailing,-12.999999999997272,2.0,-14.999999999997272,1824.2629837832374,1806.1576514434526
2023-01-03,1,1,2023-01-03 10:00:00-05:00,1851.3,2023-01-03 10:30:00-05:00,1839.4,trailing,-118.99999999999864,2.0,-120.99999999999864,1849.4264551192396,1827.4960096249615
2023-01-05,-1,1,2023-01-05 10:30:00-05:00,1833.9,2023-01-05 11:30:00-05:00,1836.6,trailing,-26.99999999999818,2.0,-28.99999999999818,1866.5481152752448,1835.9098465121122
2023-01-05,-1,1,2023-01-05 12:00:00-05:00,1835.5,2023-01-05 12:30:00-05:00,1838.1,trailing,-25.99999999999909,2.0,-27.99999999999909,1866.6186167894796,1835.8400950542855
2023-01-06,1,1,2023-01-06 10:30:00-05:00,1862.6999999999998,2023-01-06 15:59:00-05:00,1871.6000000000001,cierre,89.00000000000318,2.0,87.00000000000318,1856.4035274343419,1832.235986477726
2023-01-11,-1,1,2023-01-11 10:00:00-05:00,1875.6000000000001,2023-01-11 10:30:00-05:00,1877.0,trailing,-13.999999999998636,2.0,-15.999999999998636,1884.822500427645,1880.277837783503
2023-01-11,-1,1,2023-01-11 11:30:00-05:00,1873.7,2023-01-11 12:00:00-05:00,1877.1,trailing,-33.999999999998636,2.0,-35.999999999998636,1888.9176861485362,1876.1833046125223
2023-01-12,1,1,2023-01-12 13:00:00-05:00,1901.3,2023-01-12 13:30:00-05:00,1898.8000000000002,trailing,-24.999999999997726,2.0,-26.999999999997726,1901.199178043517,1874.9456216150681
2023-01-12,1,1,2023-01-12 14:00:00-05:00,1902.3999999999999,2023-01-12 14:30:00-05:00,1900.1000000000001,trailing,-22.99999999999727,2.0,-24.99999999999727,1901.5514173225274,1874.5961511913765
2023-01-12,1,1,2023-01-12 15:00:00-05:00,1901.1999999999998,2023-01-12 15:30:00-05:00,1899.5,trailing,-16.99999999999818,2.0,-18.99999999999818,1900.893139619717,1875.2492543556637
2023-01-13,1,1,2023-01-13 10:00:00-05:00,1914.6999999999998,2023-01-13 15:59:00-05:00,1923.8000000000002,cierre,91.00000000000364,2.0,89.00000000000364,1907.9430770751126,1898.8621061484178
2023-01-17,-1,1,2023-01-17 12:30:00-05:00,1909.6000000000001,2023-01-17 15:59:00-05:00,1911.8999999999999,cierre,-22.99999999999727,2.0,-24.99999999999727,1924.2563296369233,1912.3436703630766
2023-01-18,-1,1,2023-01-18 12:30:00-05:00,1905.1000000000001,2023-01-18 13:00:00-05:00,1907.3999999999999,trailing,-22.99999999999727,2.0,-24.99999999999727,1930.194052466336,1906.442378686024
2023-01-19,1,1,2023-01-19 14:00:00-05:00,1926.6999999999998,2023-01-19 15:59:00-05:00,1934.8000000000002,cierre,81.00000000000364,2.0,79.00000000000364,1926.1000023878166,1898.1510268646064
2023-01-24,-1,1,2023-01-24 10:00:00-05:00,1922.2,2023-01-24 10:30:00-05:00,1931.8,trailing,-95.99999999999909,2.0,-97.99999999999909,1935.1954008195646,1928.2063972868284
2023-01-26,-1,1,2023-01-26 11:00:00-05:00,1925.1000000000001,2023-01-26 13:30:00-05:00,1930.3,trailing,-51.99999999999818,2.0,-53.99999999999818,1953.3633540402027,1931.3677788066186
2023-01-27,-1,1,2023-01-27 10:00:00-05:00,1923.5,2023-01-27 10:30:00-05:00,1925.8,trailing,-22.999999999999545,2.0,-24.999999999999545,1933.5754379744374,1923.8293786777563
2023-01-31,1,1,2023-01-31 12:30:00-05:00,1929.8999999999999,2023-01-31 15:35:00-05:00,1927.4,cierre,-24.999999999997726,2.0,-26.999999999997726,1929.354302484258,1915.9513812206287
2023-02-01,-1,1,2023-02-01 10:00:00-05:00,1943.5,2023-02-01 10:30:00-05:00,1944.0,trailing,-5.0,2.0,-7.0,1951.7277188404591,1944.8722811595405
2023-02-01,-1,1,2023-02-01 10:30:00-05:00,1943.8000000000002,2023-02-01 11:00:00-05:00,1947.6999999999998,trailing,-38.99999999999636,2.0,-40.99999999999636,1951.9273598713867,1944.6726401286132
2023-02-01,-1,1,2023-02-01 12:00:00-05:00,1940.6000000000001,2023-02-01 13:30:00-05:00,1942.6999999999998,trailing,-20.999999999996817,2.0,-22.999999999996817,1953.365315881711,1943.234684118289
2023-02-01,1,1,2023-02-01 15:00:00-05:00,1959.3,2023-02-01 15:59:00-05:00,1969.4,cierre,101.00000000000136,2.0,99.00000000000136,1957.7024286085675,1938.8975713914324
2023-02-02,-1,1,2023-02-02 10:00:00-05:00,1935.7,2023-02-02 15:59:00-05:00,1927.3,cierre,84.00000000000091,2.0,82.00000000000091,1972.5620116594987,1958.5502705908746
2023-02-03,-1,1,2023-02-03 10:30:00-05:00,1888.7,2023-02-03 15:59:00-05:00,1878.1,cierre,106.00000000000136,2.0,104.00000000000136,1931.5924306683191,1889.9825542678514
2023-02-07,1,1,2023-02-07 11:00:00-05:00,1892.3,2023-02-07 12:00:00-05:00,1887.3000000000002,trailing,-49.999999999997726,2.0,-51.999999999997726,1887.218124588485,1874.1856503275337
2023-02-07,1,1,2023-02-07 13:00:00-05:00,1893.8,2023-02-07 13:30:00-05:00,1884.7,trailing,-90.99999999999909,2.0,-92.99999999999909,1890.4052252978195,1871.0005825320625
2023-02-09,-1,1,2023-02-09 13:30:00-05:00,1878.7,2023-02-09 15:59:00-05:00,1872.5,cierre,62.000000000000455,2.0,60.000000000000455,1907.2358843944367,1879.4132819151205
2023-02-28,1,1,2023-02-28 10:30:00-05:00,1831.3,2023-02-28 15:59:00-05:00,1833.6000000000001,cierre,23.00000000000182,2.0,21.00000000000182,1828.3568561256768,1818.1478138287519
2023-03-01,1,1,2023-03-01 10:00:00-05:00,1849.6999999999998,2023-03-01 10:30:00-05:00,1845.1000000000001,trailing,-45.99999999999682,2.0,-47.99999999999682,1848.293152684909,1830.8251901602266
2023-03-03,1,1,2023-03-03 14:00:00-05:00,1856.3,2023-03-03 15:59:00-05:00,1861.3000000000002,cierre,50.000000000002274,2.0,48.000000000002274,1855.3096818475356,1836.712306675272
2023-03-06,-1,1,2023-03-06 15:00:00-05:00,1851.6000000000001,2023-03-06 15:30:00-05:00,1852.1999999999998,trailing,-5.999999999996817,2.0,-7.999999999996817,1868.2241398208494,1851.7861253513317
2023-03-07,-1,1,2023-03-07 10:30:00-05:00,1826.0,2023-03-07 15:59:00-05:00,1818.8,cierre,72.00000000000045,2.0,70.00000000000045,1855.024408026969,1834.8972130916386
2023-03-08,1,1,2023-03-08 10:00:00-05:00,1825.0,2023-03-08 12:00:00-05:00,1821.9,trailing,-30.99999999999909,2.0,-32.99999999999909,1820.6986309145134,1815.5026878060546
2023-03-09,1,1,2023-03-09 10:00:00-05:00,1835.3,2023-03-09 10:30:00-05:00,1834.4,trailing,-8.999999999998636,2.0,-10.999999999998636,1832.2443008789028,1815.3713286476957
2023-03-09,1,1,2023-03-09 10:30:00-05:00,1834.6,2023-03-09 11:00:00-05:00,1832.4,trailing,-21.99999999999818,2.0,-23.99999999999818,1833.9142979773367,1813.7124654716627
2023-03-09,1,1,2023-03-09 14:00:00-05:00,1839.1,2023-03-09 14:30:00-05:00,1836.1000000000001,trailing,-29.999999999997726,2.0,-31.999999999997726,1836.4386729123066,1811.2049206226025
2023-03-10,1,1,2023-03-10 10:00:00-05:00,1863.1999999999998,2023-03-10 11:30:00-05:00,1860.3000000000002,trailing,-28.999999999996362,2.0,-30.999999999996362,1856.4438370208295,1831.9842866795514
2023-03-10,1,1,2023-03-10 11:30:00-05:00,1860.5,2023-03-10 12:00:00-05:00,1859.4,trailing,-10.99999999999909,2.0,-12.99999999999909,1858.3488305651745,1830.098818882276
2023-03-10,1,1,2023-03-10 12:00:00-05:00,1859.6,2023-03-10 15:59:00-05:00,1873.9,cierre,143.00000000000182,2.0,141.00000000000182,1858.3913163470447,1830.056768569929
2023-03-13,1,1,2023-03-13 10:30:00-04:00,1910.1999999999998,2023-03-13 12:00:00-04:00,1909.8000000000002,trailing,-3.999999999996362,2.0,-5.999999999996362,1909.764968656254,1869.312571516105
2023-03-13,1,1,2023-03-13 13:00:00-04:00,1914.3,2023-03-13 15:59:00-04:00,1918.1000000000001,cierre,38.00000000000182,2.0,36.00000000000182,1910.6395814617472,1868.4521912549533
2023-03-14,-1,1,2023-03-14 10:00:00-04:00,1906.7,2023-03-14 11:00:00-04:00,1912.1999999999998,trailing,-54.999999999997726,2.0,-56.999999999997726,1921.5115299206525,1908.9986556838373
2023-03-15,1,1,2023-03-15 12:30:00-04:00,1939.0,2023-03-15 13:30:00-04:00,1930.9,trailing,-80.99999999999909,2.0,-82.99999999999909,1933.935750314663,1901.7240092035347
2023-03-17,1,1,2023-03-17 10:30:00-04:00,1959.6,2023-03-17 15:59:00-04:00,1981.3000000000002,cierre,217.00000000000273,2.0,215.00000000000273,1957.5433925907557,1919.036352229005
2023-03-20,-1,1,2023-03-20 10:30:00-04:00,1971.3000000000002,2023-03-20 11:00:00-04:00,1975.1999999999998,trailing,-38.99999999999636,2.0,-40.99999999999636,1991.777104903962,1975.1358571358799
2023-03-21,-1,1,2023-03-21 10:00:00-04:00,1956.2,2023-03-21 11:00:00-04:00,1957.0,trailing,-7.999999999999545,2.0,-9.999999999999545,1985.684807097873,1964.3428730933315
2023-03-21,-1,1,2023-03-21 11:00:00-04:00,1956.8000000000002,2023-03-21 15:59:00-04:00,1943.6999999999998,cierre,131.00000000000364,2.0,129.00000000000364,1988.5080697141452,1961.5378489758423
2023-03-22,1,1,2023-03-22 11:00:00-04:00,1954.1,2023-03-22 13:00:00-04:00,1952.4,trailing,-16.99999999999818,2.0,-18.99999999999818,1951.5212364455183,1936.0803111339972
2023-03-22,1,1,2023-03-22 14:30:00-04:00,1963.6,2023-03-22 15:59:00-04:00,1975.8000000000002,cierre,122.00000000000273,2.0,120.00000000000273,1954.7882200408067,1932.8139997575556
2023-03-23,1,1,2023-03-23 10:00:00-04:00,1987.1,2023-03-23 10:30:00-04:00,1986.8000000000002,trailing,-2.9999999999972715,2.0,-4.9999999999972715,1985.7765849534853,1971.1357121607311
2023-03-23,1,1,2023-03-23 12:30:00-04:00,1995.6,2023-03-23 15:59:00-04:00,2000.4,cierre,48.00000000000182,2.0,46.00000000000182,1989.2586513276178,1967.662610217951
2023-03-24,-1,1,2023-03-24 10:00:00-04:00,1992.3000000000002,2023-03-24 10:30:00-04:00,1997.1999999999998,trailing,-48.99999999999636,2.0,-50.99999999999636,2005.7414542142417,1993.9619518794743
2023-03-24,-1,1,2023-03-24 12:00:00-04:00,1989.8000000000002,2023-03-24 13:00:00-04:00,1989.3999999999999,trailing,4.000000000003183,2.0,2.0000000000031832,2007.832303256884,1991.8724615490314
2023-03-24,-1,1,2023-03-24 13:30:00-04:00,1983.3000000000002,2023-03-24 15:59:00-04:00,1978.8999999999999,cierre,44.00000000000318,2.0,42.00000000000318,2010.996386784106,1988.7104341620673
2023-03-28,1,1,2023-03-28 11:00:00-04:00,1970.8,2023-03-28 11:30:00-04:00,1968.7,trailing,-20.99999999999909,2.0,-22.99999999999909,1969.4759069413524,1950.7396668070694
2023-03-28,1,1,2023-03-28 13:30:00-04:00,1973.3999999999999,2023-03-28 14:30:00-04:00,1973.7,trailing,3.000000000001819,2.0,1.000000000001819,1972.2254265990728,1947.9960323713258
2023-03-28,1,1,2023-03-28 15:30:00-04:00,1976.3999999999999,2023-03-28 15:59:00-04:00,1975.1000000000001,cierre,-12.999999999997272,2.0,-14.999999999997272,1975.3586990617555,1944.8694665360736
2023-03-31,-1,1,2023-03-31 13:30:00-04:00,1986.0,2023-03-31 14:30:00-04:00,1986.3,trailing,-2.9999999999995453,2.0,-4.999999999999545,2008.8534752373055,1987.9465247626947
2023-04-03,1,1,2023-04-03 10:30:00-04:00,2006.1999999999998,2023-04-03 13:00:00-04:00,2004.3000000000002,trailing,-18.999999999996362,2.0,-20.999999999996362,2001.177410489785,1982.742789768034
2023-04-04,1,1,2023-04-04 10:00:00-04:00,2009.8999999999999,2023-04-04 15:59:00-04:00,2039.4,cierre,295.0000000000023,2.0,293.0000000000023,2008.4276490284165,1998.2765707196181
2023-04-06,-1,1,2023-04-06 10:00:00-04:00,2019.2,2023-04-06 10:30:00-04:00,2023.8,trailing,-45.99999999999909,2.0,-47.99999999999909,2041.6071590896456,2023.013805059818
2023-04-13,1,1,2023-04-13 10:00:00-04:00,2061.2999999999997,2023-04-13 10:30:00-04:00,2056.5,trailing,-47.99999999999727,2.0,-49.99999999999727,2060.5988068777897,2024.4588924218392
2023-04-14,-1,1,2023-04-14 10:30:00-04:00,2023.7,2023-04-14 15:00:00-04:00,2019.8999999999999,trailing,38.00000000000182,2.0,36.00000000000182,2061.3357076033676,2031.119194343027
2023-04-14,-1,1,2023-04-14 15:00:00-04:00,2019.7,2023-04-14 15:30:00-04:00,2020.0,trailing,-2.9999999999995453,2.0,-4.999999999999545,2063.3110185208902,2029.1602265829476
2023-04-14,-1,1,2023-04-14 15:30:00-04:00,2019.8000000000002,2023-04-14 15:59:00-04:00,2019.1999999999998,cierre,6.000000000003638,2.0,4.000000000003638,2063.614426002692,2028.8593294078523
2023-04-17,-1,1,2023-04-17 10:00:00-04:00,2008.4,2023-04-17 11:30:00-04:00,2004.5,trailing,39.00000000000091,2.0,37.00000000000091,2022.7384723504592,2009.4723398104552
2023-04-17,-1,1,2023-04-17 12:00:00-04:00,2002.6000000000001,2023-04-17 13:00:00-04:00,2004.1,trailing,-14.999999999997726,2.0,-16.999999999997726,2028.1410752584482,2004.0857913908264
2023-04-18,1,1,2023-04-18 10:30:00-04:00,2020.1,2023-04-18 14:00:00-04:00,2016.7,trailing,-33.999999999998636,2.0,-35.999999999998636,2016.1915839514304,1998.1199777104648
2023-04-18,1,1,2023-04-18 15:00:00-04:00,2018.1,2023-04-18 15:59:00-04:00,2016.8000000000002,cierre,-12.999999999997272,2.0,-14.999999999997272,2016.9059314990116,1997.406732605955
2023-04-21,-1,1,2023-04-21 10:00:00-04:00,1984.5,2023-04-21 10:30:00-04:00,1993.3,trailing,-87.99999999999955,2.0,-89.99999999999955,2019.004763232038,1997.1236545725912
2023-04-21,-1,1,2023-04-21 11:00:00-04:00,1989.7,2023-04-21 14:00:00-04:00,1991.3999999999999,trailing,-16.99999999999818,2.0,-18.99999999999818,2024.863163979589,1991.3039279353009
2023-04-21,-1,1,2023-04-21 14:00:00-04:00,1991.2,2023-04-21 15:30:00-04:00,1992.6999999999998,trailing,-14.999999999997726,2.0,-16.999999999997726,2023.8273974701024,1992.3328568537934
2023-04-21,-1,1,2023-04-21 15:30:00-04:00,1992.5,2023-04-21 15:59:00-04:00,1993.3,cierre,-7.999999999999545,2.0,-9.999999999999545,2023.4026976149312,1992.7547530617346
2023-04-25,1,1,2023-04-25 14:00:00-04:00,2009.6,2023-04-25 15:00:00-04:00,2005.9,trailing,-36.99999999999818,2.0,-38.99999999999818,2008.6525145017847,1989.9510670412478
2023-04-25,1,1,2023-04-25 15:30:00-04:00,2008.5,2023-04-25 15:59:00-04:00,2009.3000000000002,cierre,8.000000000001819,2.0,6.000000000001819,2008.2737151920344,1990.3297148085426
2023-04-26,-1,1,2023-04-26 12:00:00-04:00,2001.3000000000002,2023-04-26 15:59:00-04:00,1998.1999999999998,cierre,31.000000000003638,2.0,29.000000000003638,2026.761893847712,2001.5751005509971
2023-05-01,-1,1,2023-05-01 15:00:00-04:00,1989.3000000000002,2023-05-01 15:59:00-04:00,1988.3999999999999,cierre,9.000000000003183,2.0,7.000000000003183,2019.90246455023,1990.052428459572
2023-05-02,1,1,2023-05-02 10:30:00-04:00,2012.1,2023-05-02 15:59:00-04:00,2027.3000000000002,cierre,152.00000000000273,2.0,150.00000000000273,2002.9069538342821,1981.4196912281047
2023-05-03,-1,1,2023-05-03 10:00:00-04:00,2022.9,2023-05-03 10:30:00-04:00,2024.5,trailing,-15.99999999999909,2.0,-17.99999999999909,2032.1739314888428,2022.8265196782008
2023-05-04,1,1,2023-05-04 10:00:00-04:00,2052.7,2023-05-04 11:30:00-04:00,2056.7000000000003,trailing,40.00000000000455,2.0,38.00000000000455,2048.9094279856035,2036.1984637122637
2023-05-04,1,1,2023-05-04 11:30:00-04:00,2056.9,2023-05-04 12:30:00-04:00,2057.1,trailing,1.999999999998181,2.0,-1.8189894035458565e-12,2055.193345497599,2029.9253047539498
2023-05-04,1,1,2023-05-04 12:30:00-04:00,2057.2999999999997,2023-05-04 13:30:00-04:00,2055.1,trailing,-21.99999999999818,2.0,-23.99999999999818,2056.7010605584555,2028.4201710181007
2023-05-04,1,1,2023-05-04 15:00:00-04:00,2057.9,2023-05-04 15:30:00-04:00,2057.1,trailing,-8.000000000001819,2.0,-10.000000000001819,2055.9522037795286,2029.167745696198
2023-05-04,1,1,2023-05-04 15:30:00-04:00,2057.2999999999997,2023-05-04 15:59:00-04:00,2057.7000000000003,cierre,4.000000000005457,2.0,2.000000000005457,2056.001128489281,2029.1189047493394
2023-05-09,1,1,2023-05-09 10:00:00-04:00,2037.6,2023-05-09 10:30:00-04:00,2034.0,trailing,-35.99999999999909,2.0,-37.99999999999909,2037.1078985092597,2022.4031226844945
2023-05-09,1,1,2023-05-09 14:00:00-04:00,2043.1999999999998,2023-05-09 15:00:00-04:00,2042.5,trailing,-6.999999999998181,2.0,-8.999999999998181,2042.7487090356203,2016.7742495001605
2023-05-10,-1,1,2023-05-10 11:30:00-04:00,2030.7,2023-05-10 12:00:00-04:00,2032.1,trailing,-13.999999999998636,2.0,-15.999999999998636,2050.062504997966,2032.4419463466797
2023-05-11,-1,1,2023-05-11 10:00:00-04:00,2018.2,2023-05-11 11:00:00-04:00,2027.0,trailing,-87.99999999999955,2.0,-89.99999999999955,2043.0907931340057,2028.4195244265886
2023-05-11,-1,1,2023-05-11 11:30:00-04:00,2023.9,2023-05-11 15:59:00-04:00,2020.0,cierre,39.00000000000091,2.0,37.00000000000091,2046.6376608802545,2024.879445110536
2023-05-16,-1,1,2023-05-16 12:00:00-04:00,1999.8000000000002,2023-05-16 15:59:00-04:00,1993.8,cierre,60.000000000002274,2.0,58.000000000002274,2030.2346022501492,2002.502384183725
2023-05-17,-1,1,2023-05-17 10:00:00-04:00,1980.9,2023-05-17 10:30:00-04:00,1987.8999999999999,trailing,-69.99999999999773,2.0,-71.99999999999773,1998.51944828239,1982.7952974840352
2023-05-19,1,1,2023-05-19 11:30:00-04:00,1977.6999999999998,2023-05-19 15:59:00-04:00,1978.2,cierre,5.000000000002274,2.0,3.0000000000022737,1972.085634829916,1951.8299761533156
2023-05-24,-1,1,2023-05-24 10:30:00-04:00,1970.3000000000002,2023-05-24 11:30:00-04:00,1972.0,trailing,-16.99999999999818,2.0,-18.99999999999818,1981.509057771432,1973.2927669202977
2023-05-24,-1,1,2023-05-24 12:00:00-04:00,1964.8000000000002,2023-05-24 15:59:00-04:00,1961.3,cierre,35.000000000002274,2.0,33.000000000002274,1984.957250120959,1969.8463179310768
2023-05-25,-1,1,2023-05-25 10:00:00-04:00,1946.9,2023-05-25 10:30:00-04:00,1949.1999999999998,trailing,-22.99999999999727,2.0,-24.99999999999727,1965.0412478283122,1946.8793176939182
2023-05-25,-1,1,2023-05-25 11:00:00-04:00,1945.4,2023-05-25 11:30:00-04:00,1945.8999999999999,trailing,-4.999999999997726,2.0,-6.999999999997726,1964.4955997826935,1947.4220444135733
2023-05-25,-1,1,2023-05-25 15:00:00-04:00,1942.2,2023-05-25 15:59:00-04:00,1940.6999999999998,cierre,15.000000000002274,2.0,13.000000000002274,1968.303141187868,1943.6348880709902
2023-05-31,1,1,2023-05-31 10:00:00-04:00,1969.8,2023-05-31 15:59:00-04:00,1963.6000000000001,cierre,-61.99999999999818,2.0,-63.99999999999818,1967.595835101373,1956.1121742962932
2023-06-01,1,1,2023-06-01 10:00:00-04:00,1990.8,2023-06-01 10:30:00-04:00,1989.2,trailing,-15.99999999999909,2.0,-17.99999999999909,1987.983121132665,1983.0168788673348
2023-06-01,1,1,2023-06-01 10:30:00-04:00,1989.3999999999999,2023-06-01 15:00:00-04:00,1993.6000000000001,trailing,42.00000000000273,2.0,40.00000000000273,1987.44473587042,1983.5552641295799
2023-06-01,1,1,2023-06-01 15:00:00-04:00,1993.8,2023-06-01 15:59:00-04:00,1995.5,cierre,17.000000000000455,2.0,15.000000000000455,1992.5568009895308,1978.4431990104695
2023-06-02,-1,1,2023-06-02 10:00:00-04:00,1980.0,2023-06-02 15:59:00-04:00,1965.1999999999998,cierre,148.00000000000182,2.0,146.00000000000182,1998.2927353726973,1990.1110427687354
2023-06-05,1,1,2023-06-05 10:30:00-04:00,1974.8,2023-06-05 13:00:00-04:00,1974.4,trailing,-3.9999999999986358,2.0,-5.999999999998636,1968.115791447523,1959.4881987096007
2023-06-05,1,1,2023-06-05 13:30:00-04:00,1974.5,2023-06-05 15:59:00-04:00,1977.5,cierre,30.0,2.0,28.0,1974.3079614099654,1953.3042215322084
2023-06-06,-1,1,2023-06-06 10:00:00-04:00,1973.1000000000001,2023-06-06 10:30:00-04:00,1976.1,trailing,-29.999999999997726,2.0,-31.999999999997726,1982.7576623852694,1974.3454644439964
2023-06-07,1,1,2023-06-07 10:00:00-04:00,1986.0,2023-06-07 10:30:00-04:00,1975.2,trailing,-107.99999999999955,2.0,-109.99999999999955,1982.451514858005,1971.5557136511782
2023-06-07,-1,1,2023-06-07 12:00:00-04:00,1962.6000000000001,2023-06-07 15:59:00-04:00,1955.8999999999999,cierre,67.00000000000273,2.0,65.00000000000273,1986.1209816514279,1967.894404524434
2023-06-08,1,1,2023-06-08 10:00:00-04:00,1981.6999999999998,2023-06-08 12:00:00-04:00,1981.9,trailing,2.0000000000027285,2.0,2.7284841053187847e-12,1978.4741345531445,1951.764246171475
2023-06-12,-1,1,2023-06-12 10:00:00-04:00,1965.9,2023-06-12 11:00:00-04:00,1968.3,trailing,-23.999999999998636,2.0,-25.999999999998636,1979.5516677971154,1966.9561050033963
2023-06-13,-1,1,2023-06-13 11:00:00-04:00,1965.9,2023-06-13 15:59:00-04:00,1956.6,cierre,93.00000000000182,2.0,91.00000000000182,1979.4913779387741,1966.8142506164238
2023-06-15,1,1,2023-06-15 10:00:00-04:00,1965.1999999999998,2023-06-15 15:59:00-04:00,1971.2,cierre,60.000000000002274,2.0,58.000000000002274,1963.046003275064,1948.4661228693783
2023-06-22,-1,1,2023-06-22 11:00:00-04:00,1925.0,2023-06-22 12:30:00-04:00,1926.1,trailing,-10.99999999999909,2.0,-12.99999999999909,1949.4820158299526,1925.7531318722067
2023-06-27,-1,1,2023-06-27 10:30:00-04:00,1927.4,2023-06-27 15:30:00-04:00,1924.8,trailing,26.000000000001364,2.0,24.000000000001364,1943.6927144400836,1927.5225761092688
2023-06-30,1,1,2023-06-30 13:30:00-04:00,1929.3,2023-06-30 14:00:00-04:00,1926.3000000000002,trailing,-29.999999999997726,2.0,-31.999999999997726,1928.7425558190923,1908.3782517729549
2023-07-03,1,1,2023-07-03 11:00:00-04:00,1938.3,2023-07-03 11:30:00-04:00,1934.9,trailing,-33.999999999998636,2.0,-35.999999999998636,1937.1974662395035,1922.1130396794356
2023-07-06,-1,1,2023-07-06 10:30:00-04:00,1909.6000000000001,2023-07-06 11:00:00-04:00,1914.1,trailing,-44.999999999997726,2.0,-46.999999999997726,1927.876825232483,1913.0361086253877
2023-07-07,1,1,2023-07-07 10:30:00-04:00,1934.3,2023-07-07 12:00:00-04:00,1933.6000000000001,trailing,-6.999999999998181,2.0,-8.999999999998181,1932.4899366407083,1911.3391461775966
2023-07-07,1,1,2023-07-07 12:00:00-04:00,1933.8,2023-07-07 13:00:00-04:00,1932.8000000000002,trailing,-9.999999999997726,2.0,-11.999999999997726,1933.282899662413,1910.550626678247
2023-07-12,1,1,2023-07-12 10:00:00-04:00,1961.6999999999998,2023-07-12 10:30:00-04:00,1959.9,trailing,-17.99999999999727,2.0,-19.99999999999727,1959.4756388553149,1934.851455079441
2023-07-12,1,1,2023-07-12 11:00:00-04:00,1963.1,2023-07-12 11:30:00-04:00,1960.2,trailing,-28.999999999998636,2.0,-30.999999999998636,1962.9317098026786,1931.4291199909692
2023-07-12,1,1,2023-07-12 12:30:00-04:00,1964.0,2023-07-12 13:30:00-04:00,1961.5,trailing,-25.0,2.0,-27.0,1962.8764646470775,1931.483825880218
2023-07-18,1,1,2023-07-18 10:30:00-04:00,1985.6,2023-07-18 13:30:00-04:00,1980.4,trailing,-51.99999999999818,2.0,-53.99999999999818,1977.0386130885474,1954.8910778308502
2023-07-18,1,1,2023-07-18 13:30:00-04:00,1980.6,2023-07-18 14:00:00-04:00,1980.2,trailing,-3.9999999999986358,2.0,-5.999999999998636,1977.98554114295,1953.9506299958089
2023-07-18,1,1,2023-07-18 14:00:00-04:00,1980.3999999999999,2023-07-18 15:00:00-04:00,1980.5,trailing,1.0000000000013642,2.0,-0.9999999999986358,1977.7733112629428,1954.161407499185
2023-07-18,1,1,2023-07-18 15:00:00-04:00,1980.6999999999998,2023-07-18 15:30:00-04:00,1980.8000000000002,trailing,1.000000000003638,2.0,-0.999999999996362,1978.1938557068595,1953.743741014407
2023-07-18,1,1,2023-07-18 15:30:00-04:00,1981.0,2023-07-18 15:59:00-04:00,1981.3000000000002,cierre,3.000000000001819,2.0,1.000000000001819,1977.6844188899024,1954.2496915450417
2023-07-20,-1,1,2023-07-20 10:00:00-04:00,1978.6000000000001,2023-07-20 14:00:00-04:00,1973.3,trailing,53.00000000000182,2.0,51.00000000000182,1984.3960326251297,1979.3040933162713
2023-07-20,-1,1,2023-07-20 14:00:00-04:00,1973.1000000000001,2023-07-20 15:30:00-04:00,1973.3999999999999,trailing,-2.9999999999972715,2.0,-4.9999999999972715,1986.3551595552242,1977.3450652371241
2023-07-20,-1,1,2023-07-20 15:30:00-04:00,1973.2,2023-07-20 15:59:00-04:00,1971.6999999999998,cierre,15.000000000002274,2.0,13.000000000002274,1986.5003601743922,1977.1998719442904
2023-07-24,-1,1,2023-07-24 10:00:00-04:00,1961.2,2023-07-24 10:30:00-04:00,1960.3999999999999,trailing,8.000000000001819,2.0,6.000000000001819,1967.1729945226557,1962.1273678034624
2023-07-24,-1,1,2023-07-24 14:30:00-04:00,1957.2,2023-07-24 15:59:00-04:00,1956.3999999999999,cierre,8.000000000001819,2.0,6.000000000001819,1969.6720550421105,1959.628688858802
2023-07-25,1,1,2023-07-25 11:30:00-04:00,1965.1,2023-07-25 15:59:00-04:00,1966.0,cierre,9.00000000000091,2.0,7.0000000000009095,1963.317046171278,1951.8888164659395
2023-07-26,1,1,2023-07-26 11:30:00-04:00,1974.1999999999998,2023-07-26 12:30:00-04:00,1972.5,trailing,-16.99999999999818,2.0,-18.99999999999818,1973.3471430698175,1961.859327616897
2023-07-26,1,1,2023-07-26 15:00:00-04:00,1978.8999999999999,2023-07-26 15:59:00-04:00,1976.1000000000001,cierre,-27.99999999999727,2.0,-29.99999999999727,1973.6522203033453,1961.5547151803326
2023-07-27,-1,1,2023-07-27 10:00:00-04:00,1944.5,2023-07-27 14:00:00-04:00,1947.8999999999999,trailing,-33.999999999998636,2.0,-35.999999999998636,1978.3185594916458,1954.1028812480733
2023-07-27,-1,1,2023-07-27 14:00:00-04:00,1947.7,2023-07-27 15:59:00-04:00,1943.6999999999998,cierre,40.000000000002274,2.0,38.000000000002274,1980.336389345536,1952.1054727063367
2023-07-28,1,1,2023-07-28 11:00:00-04:00,1959.0,2023-07-28 15:59:00-04:00,1958.4,cierre,-5.9999999999990905,2.0,-7.9999999999990905,1958.4200674459187,1939.2034579898223
2023-07-31,1,1,2023-07-31 10:00:00-04:00,2009.8999999999999,2023-07-31 10:30:00-04:00,2005.2,trailing,-46.99999999999818,2.0,-48.99999999999818,2006.5755236852647,2000.8244763147354
2023-07-31,1,1,2023-07-31 12:00:00-04:00,2009.1,2023-07-31 14:30:00-04:00,2007.1000000000001,trailing,-19.999999999997726,2.0,-21.999999999997726,2008.8075476779268,1998.592452322073
2023-08-01,-1,1,2023-08-01 11:30:00-04:00,1980.2,2023-08-01 12:00:00-04:00,1981.6,trailing,-13.999999999998636,2.0,-15.999999999998636,2008.380568686358,1980.6647739233
2023-08-01,-1,1,2023-08-01 13:00:00-04:00,1980.2,2023-08-01 14:30:00-04:00,1982.3,trailing,-20.99999999999909,2.0,-22.99999999999909,2008.6642052951322,1980.3835728143363
2023-08-02,-1,1,2023-08-02 10:30:00-04:00,1971.5,2023-08-02 13:30:00-04:00,1975.0,trailing,-35.0,2.0,-37.0,1985.8159838203812,1977.984016179619
2023-08-02,-1,1,2023-08-02 13:30:00-04:00,1974.8000000000002,2023-08-02 15:59:00-04:00,1971.8,cierre,30.000000000002274,2.0,28.000000000002274,1986.8579517297633,1976.942048270237
2023-08-07,-1,1,2023-08-07 10:00:00-04:00,1968.3000000000002,2023-08-07 10:30:00-04:00,1971.1999999999998,trailing,-28.999999999996362,2.0,-30.999999999996362,1979.1666705810578,1973.234368241397
2023-08-07,-1,1,2023-08-07 11:00:00-04:00,1968.7,2023-08-07 13:30:00-04:00,1970.1,trailing,-13.999999999998636,2.0,-15.999999999998636,1981.4354705934484,1970.9664864926967
2023-08-07,-1,1,2023-08-07 13:30:00-04:00,1969.9,2023-08-07 14:00:00-04:00,1970.8999999999999,trailing,-9.999999999997726,2.0,-11.999999999997726,1981.5735357235899,1970.8284772424017
2023-08-07,-1,1,2023-08-07 14:00:00-04:00,1970.7,2023-08-07 14:30:00-04:00,1971.5,trailing,-7.999999999999545,2.0,-9.999999999999545,1981.26426022391,1971.1376275673372
2023-08-09,-1,1,2023-08-09 11:00:00-04:00,1950.7,2023-08-09 15:59:00-04:00,1949.0,cierre,17.000000000000455,2.0,15.000000000000455,1963.6177671265505,1954.2833603150395
2023-08-11,1,1,2023-08-11 10:30:00-04:00,1951.3,2023-08-11 11:00:00-04:00,1951.0,trailing,-2.9999999999995453,2.0,-4.999999999999545,1950.9848603577866,1941.8172377778944
2023-08-16,-1,1,2023-08-16 13:30:00-04:00,1928.2,2023-08-16 15:59:00-04:00,1922.6,cierre,56.000000000001364,2.0,54.000000000001364,1938.8331965483897,1929.5672721686187
2023-08-17,-1,1,2023-08-17 13:00:00-04:00,1917.8000000000002,2023-08-17 15:59:00-04:00,1918.8999999999999,cierre,-10.999999999996817,2.0,-12.999999999996817,1936.3980258942397,1918.422757966322
2023-08-22,-1,1,2023-08-22 10:00:00-04:00,1918.9,2023-08-22 10:30:00-04:00,1920.8,trailing,-18.999999999998636,2.0,-20.999999999998636,1925.7326459190074,1920.8675966354192
2023-08-23,1,1,2023-08-23 10:00:00-04:00,1947.1,2023-08-23 15:59:00-04:00,1945.9,cierre,-11.999999999998181,2.0,-13.999999999998181,1942.5410653234758,1923.6774503156803
2023-08-25,-1,1,2023-08-25 11:00:00-04:00,1931.7,2023-08-25 12:30:00-04:00,1937.5,trailing,-57.999999999999545,2.0,-59.999999999999545,1949.4650251116213,1936.7428157277664
2023-08-28,1,1,2023-08-28 10:00:00-04:00,1945.8,2023-08-28 11:00:00-04:00,1946.4,trailing,6.000000000001364,2.0,4.000000000001364,1944.8853305832727,1939.2150842036574
2023-08-28,1,1,2023-08-28 11:30:00-04:00,1948.6,2023-08-28 13:30:00-04:00,1946.8000000000002,trailing,-17.99999999999727,2.0,-19.99999999999727,1946.7402363681292,1937.360464934986
2023-08-28,1,1,2023-08-28 14:00:00-04:00,1948.3,2023-08-28 14:30:00-04:00,1947.5,trailing,-7.999999999999545,2.0,-9.999999999999545,1947.0068092042636,1937.0939332747612
2023-08-28,1,1,2023-08-28 14:30:00-04:00,1947.6999999999998,2023-08-28 15:00:00-04:00,1947.5,trailing,-1.999999999998181,2.0,-3.999999999998181,1946.7990180306433,1937.3016923521232
2023-08-28,1,1,2023-08-28 15:00:00-04:00,1947.6999999999998,2023-08-28 15:59:00-04:00,1947.6000000000001,cierre,-0.9999999999968168,2.0,-2.9999999999968168,1946.8506512842196,1937.2500670740262
2023-08-29,1,1,2023-08-29 10:30:00-04:00,1962.1,2023-08-29 15:59:00-04:00,1965.9,cierre,38.00000000000182,2.0,36.00000000000182,1951.5489341655425,1942.3540300492996
2023-09-05,-1,1,2023-09-05 10:00:00-04:00,1953.3000000000002,2023-09-05 12:30:00-04:00,1952.1,trailing,12.000000000002728,2.0,10.000000000002728,1967.3051139802049,1955.3040549746295
2023-09-05,-1,1,2023-09-05 14:00:00-04:00,1951.7,2023-09-05 15:30:00-04:00,1952.6,trailing,-8.999999999998636,2.0,-10.999999999998636,1970.1135763458678,1952.5038855942637
2023-09-08,1,1,2023-09-08 10:00:00-04:00,1953.0,2023-09-08 11:00:00-04:00,1947.5,trailing,-55.0,2.0,-57.0,1949.5344508302048,1939.5710200076626
2023-09-20,1,1,2023-09-20 10:00:00-04:00,1961.8,2023-09-20 15:00:00-04:00,1961.6000000000001,trailing,-1.999999999998181,2.0,-3.999999999998181,1956.6712641939337,1950.6296927584385
2023-09-20,1,1,2023-09-20 15:00:00-04:00,1961.8,2023-09-20 15:30:00-04:00,1960.0,trailing,-17.999999999999545,2.0,-19.999999999999545,1958.525490289425,1948.776130919993
2023-09-20,1,1,2023-09-20 15:30:00-04:00,1960.1999999999998,2023-09-20 15:59:00-04:00,1954.1000000000001,cierre,-60.99999999999682,2.0,-62.99999999999682,1958.5276213127504,1948.7740006600843
2023-09-25,-1,1,2023-09-25 10:30:00-04:00,1935.5,2023-09-25 15:59:00-04:00,1934.6999999999998,cierre,8.000000000001819,2.0,6.000000000001819,1949.2749524235023,1938.6302847660202
2023-09-26,-1,1,2023-09-26 12:00:00-04:00,1920.6000000000001,2023-09-26 12:30:00-04:00,1921.1,trailing,-4.999999999997726,2.0,-6.999999999997726,1938.1611244164685,1921.2569149814851
2023-09-26,-1,1,2023-09-26 13:00:00-04:00,1919.5,2023-09-26 15:59:00-04:00,1919.0,cierre,5.0,2.0,3.0,1939.1137485864915,1920.3091164688935
2023-09-27,-1,1,2023-09-27 11:00:00-04:00,1901.1000000000001,2023-09-27 15:59:00-04:00,1894.8999999999999,cierre,62.00000000000273,2.0,60.00000000000273,1922.5244379150365,1903.797283402397
2023-09-28,-1,1,2023-09-28 11:00:00-04:00,1882.2,2023-09-28 15:59:00-04:00,1884.1999999999998,cierre,-19.999999999997726,2.0,-21.999999999997726,1898.5613634133413,1888.04459188022
2023-09-29,-1,1,2023-09-29 10:30:00-04:00,1875.7,2023-09-29 15:59:00-04:00,1864.3999999999999,cierre,113.00000000000182,2.0,111.00000000000182,1895.0292837291913,1880.4847237632605
2023-10-02,-1,1,2023-10-02 10:30:00-04:00,1845.9,2023-10-02 11:30:00-04:00,1849.1999999999998,trailing,-32.99999999999727,2.0,-34.99999999999727,1868.6412439996625,1846.6897266301694
2023-10-04,-1,1,2023-10-04 10:00:00-04:00,1835.2,2023-10-04 11:30:00-04:00,1839.8,trailing,-45.99999999999909,2.0,-47.99999999999909,1842.201671920954,1837.2989263594593
2023-10-04,-1,1,2023-10-04 15:00:00-04:00,1832.6000000000001,2023-10-04 15:30:00-04:00,1835.8999999999999,trailing,-32.99999999999727,2.0,-34.99999999999727,1846.6176198297144,1832.8841784365436
2023-10-06,1,1,2023-10-06 10:30:00-04:00,1843.5,2023-10-06 11:00:00-04:00,1837.1000000000001,trailing,-63.999999999998636,2.0,-65.99999999999864,1842.0685117663802,1829.9392697081805
2023-10-06,1,1,2023-10-06 11:30:00-04:00,1847.5,2023-10-06 13:00:00-04:00,1843.0,trailing,-45.0,2.0,-47.0,1842.7160311522996,1829.2928779137037
2023-10-06,1,1,2023-10-06 13:30:00-04:00,1845.1999999999998,2023-10-06 15:59:00-04:00,1843.2,cierre,-19.999999999997726,2.0,-21.999999999997726,1844.4928098325129,1827.519193319133
2023-10-09,1,1,2023-10-09 10:30:00-04:00,1864.5,2023-10-09 12:30:00-04:00,1863.1000000000001,trailing,-13.999999999998636,2.0,-15.999999999998636,1863.7440227686566,1838.496628560189
2023-10-09,1,1,2023-10-09 14:00:00-04:00,1868.1999999999998,2023-10-09 15:59:00-04:00,1877.0,cierre,88.00000000000182,2.0,86.00000000000182,1866.2629012905472,1835.9988886175342
2023-10-13,1,1,2023-10-13 10:00:00-04:00,1923.6,2023-10-13 15:59:00-04:00,1941.8000000000002,cierre,182.00000000000273,2.0,180.00000000000273,1922.726711274352,1878.8209036772632
2023-10-17,1,1,2023-10-17 10:00:00-04:00,1940.8,2023-10-17 10:30:00-04:00,1939.8000000000002,trailing,-9.999999999997726,2.0,-11.999999999997726,1938.2406548012414,1929.6640101552441
2023-10-18,1,1,2023-10-18 10:00:00-04:00,1970.0,2023-10-18 10:30:00-04:00,1964.8000000000002,trailing,-51.99999999999818,2.0,-53.99999999999818,1965.9049581018285,1932.7333456039737
2023-10-19,1,1,2023-10-19 13:00:00-04:00,1974.1999999999998,2023-10-19 15:59:00-04:00,1986.7,cierre,125.00000000000227,2.0,123.00000000000227,1969.9831400201763,1957.3184087195814
2023-10-20,1,1,2023-10-20 10:00:00-04:00,1999.1999999999998,2023-10-20 13:00:00-04:00,1994.1000000000001,trailing,-50.99999999999682,2.0,-52.99999999999682,1992.7197354300692,1983.884666623549
2023-10-23,-1,1,2023-10-23 10:00:00-04:00,1986.0,2023-10-23 10:30:00-04:00,1987.5,trailing,-15.0,2.0,-17.0,1995.0020117170034,1986.8000984582716
2023-10-25,1,1,2023-10-25 10:00:00-04:00,1996.3999999999999,2023-10-25 10:30:00-04:00,1987.6000000000001,trailing,-87.99999999999727,2.0,-89.99999999999727,1992.2336002091786,1980.8744342592072
2023-10-26,-1,1,2023-10-26 10:30:00-04:00,1983.0,2023-10-26 11:00:00-04:00,1989.6999999999998,trailing,-66.99999999999818,2.0,-68.99999999999818,1995.3797089411398,1983.9282652717231
2023-10-27,1,1,2023-10-27 14:00:00-04:00,2007.3,2023-10-27 15:59:00-04:00,2016.7,cierre,94.00000000000091,2.0,92.00000000000091,2002.581508283886,1983.7307405132667
2023-10-30,-1,1,2023-10-30 11:00:00-04:00,2006.7,2023-10-30 11:30:00-04:00,2009.8999999999999,trailing,-31.99999999999818,2.0,-33.99999999999818,2020.2368087222112,2007.17375663582
2023-10-31,1,1,2023-10-31 10:00:00-04:00,2012.3999999999999,2023-10-31 11:00:00-04:00,2008.2,trailing,-41.99999999999818,2.0,-43.99999999999818,2009.2834104007711,2001.7173042445697
2023-10-31,-1,1,2023-10-31 12:30:00-04:00,1999.8000000000002,2023-10-31 13:00:00-04:00,2000.0,trailing,-1.999999999998181,2.0,-3.999999999998181,2011.0546997719275,1999.946368124522
2023-10-31,-1,1,2023-10-31 13:30:00-04:00,1994.2,2023-10-31 15:59:00-04:00,1993.6999999999998,cierre,5.000000000002274,2.0,3.0000000000022737,2013.1646289357882,1997.836859747252
2023-11-01,1,1,2023-11-01 10:30:00-04:00,1999.5,2023-11-01 11:00:00-04:00,1995.4,trailing,-40.99999999999909,2.0,-42.99999999999909,1997.1964919863747,1988.7058532381348
2023-11-01,-1,1,2023-11-01 12:30:00-04:00,1986.3000000000002,2023-11-01 13:30:00-04:00,1987.8,trailing,-14.999999999997726,2.0,-16.999999999997726,1999.0263626162982,1986.8771758424707
2023-11-01,-1,1,2023-11-01 15:00:00-04:00,1983.4,2023-11-01 15:30:00-04:00,1987.6999999999998,trailing,-42.99999999999727,2.0,-44.99999999999727,2002.2983094916547,1983.6073625600804
2023-11-03,1,1,2023-11-03 10:00:00-04:00,2003.3,2023-11-03 10:30:00-04:00,1997.1000000000001,trailing,-61.99999999999818,2.0,-63.99999999999818,2000.35654912412,1989.1502116682336
2023-11-03,1,1,2023-11-03 11:00:00-04:00,2002.5,2023-11-03 11:30:00-04:00,2001.4,trailing,-10.99999999999909,2.0,-12.99999999999909,1999.234584522145,1990.2702093901153
2023-11-03,1,1,2023-11-03 11:30:00-04:00,2001.6,2023-11-03 12:00:00-04:00,1999.2,trailing,-23.999999999998636,2.0,-25.999999999998636,2000.2274001057237,1989.2791342796359
2023-11-06,-1,1,2023-11-06 11:00:00-05:00,1987.9,2023-11-06 11:30:00-05:00,1989.1,trailing,-11.999999999998181,2.0,-13.999999999998181,2003.095424253603,1989.416183587348
2023-11-07,-1,1,2023-11-07 10:00:00-05:00,1966.6000000000001,2023-11-07 10:30:00-05:00,1970.0,trailing,-33.999999999998636,2.0,-35.999999999998636,1988.5415610111415,1968.382867690076
2023-11-08,-1,1,2023-11-08 10:30:00-05:00,1962.4,2023-11-08 15:59:00-05:00,1955.8,cierre,66.00000000000136,2.0,64.00000000000136,1978.9050318869024,1965.3066787592722
2023-11-09,1,1,2023-11-09 10:00:00-05:00,1963.3999999999999,2023-11-09 14:30:00-05:00,1964.2,trailing,8.000000000001819,2.0,6.000000000001819,1960.5197893681968,1951.8821627907282
2023-11-09,1,1,2023-11-09 14:30:00-05:00,1964.3999999999999,2023-11-09 15:00:00-05:00,1963.6000000000001,trailing,-7.9999999999972715,2.0,-9.999999999997272,1964.0860609281515,1948.317713825734
2023-11-09,1,1,2023-11-09 15:30:00-05:00,1964.0,2023-11-09 15:59:00-05:00,1962.8000000000002,cierre,-11.999999999998181,2.0,-13.999999999998181,1963.7352523711363,1948.668343096933
2023-11-10,-1,1,2023-11-10 10:00:00-05:00,1946.7,2023-11-10 15:59:00-05:00,1940.3,cierre,64.00000000000091,2.0,62.00000000000091,1966.5424635292152,1947.7788764934994
2023-11-13,1,1,2023-11-13 11:30:00-05:00,1947.1,2023-11-13 15:59:00-05:00,1950.7,cierre,36.000000000001364,2.0,34.000000000001364,1943.7375722807476,1935.0653450038874
2023-11-14,1,1,2023-11-14 10:00:00-05:00,1971.8999999999999,2023-11-14 11:00:00-05:00,1968.3000000000002,trailing,-35.99999999999682,2.0,-37.99999999999682,1967.7099972066108,1947.114937601499
2023-11-14,1,1,2023-11-14 11:00:00-05:00,1968.5,2023-11-14 11:30:00-05:00,1968.3000000000002,trailing,-1.999999999998181,2.0,-3.999999999998181,1967.9129531996673,1946.913345671125
2023-11-14,1,1,2023-11-14 11:30:00-05:00,1968.5,2023-11-14 12:00:00-05:00,1967.9,trailing,-5.9999999999990905,2.0,-7.9999999999990905,1968.1108062033793,1946.7168224330183
2023-11-15,-1,1,2023-11-15 10:00:00-05:00,1960.7,2023-11-15 10:30:00-05:00,1964.0,trailing,-32.999999999999545,2.0,-34.999999999999545,1971.3734811076474,1963.2276695777891
2023-11-16,1,1,2023-11-16 10:00:00-05:00,1982.8,2023-11-16 15:30:00-05:00,1984.6000000000001,trailing,18.00000000000182,2.0,16.00000000000182,1979.1115076516046,1959.1130573055038
2023-11-16,1,1,2023-11-16 15:30:00-05:00,1984.8,2023-11-16 15:59:00-05:00,1983.8000000000002,cierre,-9.999999999997726,2.0,-11.999999999997726,1982.699731553229,1955.5462719061775
2023-11-22,-1,1,2023-11-22 10:30:00-05:00,1993.0,2023-11-22 11:00:00-05:00,1997.0,trailing,-40.0,2.0,-42.0,2006.191280298147,1996.6100659416384
2023-11-22,-1,1,2023-11-22 11:30:00-05:00,1994.1000000000001,2023-11-22 15:59:00-05:00,1991.6999999999998,cierre,24.000000000003183,2.0,22.000000000003183,2007.437094059069,1995.3646256074323
2023-11-28,1,1,2023-11-28 11:30:00-05:00,2037.5,2023-11-28 15:59:00-05:00,2041.9,cierre,44.00000000000091,2.0,42.00000000000091,2033.437751113037,2009.2980221201506
2023-12-01,1,1,2023-12-01 10:00:00-05:00,2062.2999999999997,2023-12-01 15:59:00-05:00,2090.2000000000003,cierre,279.00000000000546,2.0,277.00000000000546,2059.4548983741047,2052.545101625895
2023-12-04,-1,1,2023-12-04 10:30:00-05:00,2051.7000000000003,2023-12-04 15:59:00-05:00,2045.3999999999999,cierre,63.00000000000409,2.0,61.00000000000409,2095.2858134889902,2059.0769176475746
2023-12-05,-1,1,2023-12-05 10:00:00-05:00,2034.6000000000001,2023-12-05 12:30:00-05:00,2037.1999999999998,trailing,-25.999999999996817,2.0,-27.999999999996817,2048.7860325950733,2038.220103285894
2023-12-08,-1,1,2023-12-08 12:30:00-05:00,2012.9,2023-12-08 13:30:00-05:00,2014.6999999999998,trailing,-17.99999999999727,2.0,-19.99999999999727,2054.3617574737114,2014.0347461202587
2023-12-11,-1,1,2023-12-11 10:00:00-05:00,2002.1000000000001,2023-12-11 15:59:00-05:00,1996.8,cierre,53.00000000000182,2.0,51.00000000000182,2022.2987342012188,2002.822929251087
2023-12-13,1,1,2023-12-13 14:30:00-05:00,2021.8,2023-12-13 15:59:00-05:00,2039.3000000000002,cierre,175.00000000000227,2.0,173.00000000000227,2006.1670563332716,1987.24554166516
2023-12-14,1,1,2023-12-14 10:00:00-05:00,2058.1,2023-12-14 10:30:00-05:00,2057.3,trailing,-7.9999999999972715,2.0,-9.999999999997272,2055.9198924393745,2035.9024027280936
2023-12-14,1,1,2023-12-14 10:30:00-05:00,2057.5,2023-12-14 11:00:00-05:00,2054.8,trailing,-26.99999999999818,2.0,-28.99999999999818,2057.324451125404,2034.506740584122
2023-12-15,-1,1,2023-12-15 13:30:00-05:00,2035.6000000000001,2023-12-15 15:59:00-05:00,2032.0,cierre,36.000000000001364,2.0,34.000000000001364,2059.5879097961365,2039.624504873742
2023-12-18,1,1,2023-12-18 13:00:00-05:00,2047.8999999999999,2023-12-18 13:30:00-05:00,2040.5,trailing,-73.99999999999864,2.0,-75.99999999999864,2045.5825725201385,2023.6393809926524
2023-12-19,1,1,2023-12-19 10:00:00-05:00,2055.4,2023-12-19 13:00:00-05:00,2054.1,trailing,-13.000000000001819,2.0,-15.000000000001819,2048.668012316904,2036.4405000341453
2023-12-19,1,1,2023-12-19 13:00:00-05:00,2054.2999999999997,2023-12-19 13:30:00-05:00,2052.1,trailing,-21.99999999999818,2.0,-23.99999999999818,2052.879064693299,2032.2387149385086
2023-12-27,1,1,2023-12-27 10:30:00-05:00,2088.9,2023-12-27 14:30:00-05:00,2088.5,trailing,-4.0000000000009095,2.0,-6.0000000000009095,2084.8691966162905,2075.032340872356
2023-12-27,1,1,2023-12-27 14:30:00-05:00,2088.7,2023-12-27 15:30:00-05:00,2088.3,trailing,-3.999999999996362,2.0,-5.999999999996362,2087.431521205484,2072.4708784795826
2023-12-27,1,1,2023-12-27 15:30:00-05:00,2088.5,2023-12-27 15:59:00-05:00,2089.8,cierre,13.000000000001819,2.0,11.000000000001819,2088.1573567392657,2071.7452871821483
2024-01-02,1,1,2024-01-02 10:00:00-05:00,2079.5,2024-01-02 10:30:00-05:00,2073.5,trailing,-60.0,2.0,-62.0,2077.6005084819994,2070.002191063482
2024-01-02,-1,1,2024-01-02 11:00:00-05:00,2068.1,2024-01-02 11:30:00-05:00,2074.4,trailing,-63.00000000000182,2.0,-65.00000000000182,2079.0028609252577,2068.601190415523
2024-01-03,-1,1,2024-01-03 11:00:00-05:00,2040.6000000000001,2024-01-03 11:30:00-05:00,2042.1,trailing,-14.999999999997726,2.0,-16.999999999997726,2071.1461188621893,2040.9971394353552
2024-01-03,-1,1,2024-01-03 12:00:00-05:00,2040.3000000000002,2024-01-03 13:00:00-05:00,2041.5,trailing,-11.999999999998181,2.0,-13.999999999998181,2071.1111810349425,2041.0317037315772
2024-01-04,1,1,2024-01-04 10:30:00-05:00,2054.4,2024-01-04 11:00:00-05:00,2052.5,trailing,-19.00000000000091,2.0,-21.00000000000091,2053.0996290005323,2043.8032255004928
2024-01-05,1,1,2024-01-05 10:30:00-05:00,2066.7999999999997,2024-01-05 11:00:00-05:00,2061.7000000000003,trailing,-50.99999999999454,2.0,-52.99999999999454,2057.9804235630722,2046.6259337841216
2024-01-05,1,1,2024-01-05 11:00:00-05:00,2061.9,2024-01-05 11:30:00-05:00,2057.3,trailing,-45.99999999999909,2.0,-47.99999999999909,2058.344926874852,2046.2619983727257
2024-01-10,-1,1,2024-01-10 13:30:00-05:00,2028.3000000000002,2024-01-10 15:00:00-05:00,2029.5,trailing,-11.999999999998181,2.0,-13.999999999998181,2040.5629973104712,2029.7408126578132
2024-01-10,-1,1,2024-01-10 15:30:00-05:00,2028.1000000000001,2024-01-10 15:59:00-05:00,2029.1999999999998,cierre,-10.999999999996817,2.0,-12.999999999996817,2041.8625026570578,2028.4423923598956
2024-01-11,-1,1,2024-01-11 11:30:00-05:00,2022.2,2024-01-11 14:30:00-05:00,2028.8,trailing,-65.99999999999909,2.0,-67.99999999999909,2038.8395930524805,2024.3720572917807
2024-01-17,-1,1,2024-01-17 10:00:00-05:00,2015.1000000000001,2024-01-17 15:59:00-05:00,2009.1,cierre,60.000000000002274,2.0,58.000000000002274,2033.9624046726835,2022.6450452892757
2024-01-18,1,1,2024-01-18 11:30:00-05:00,2019.3,2024-01-18 12:00:00-05:00,2017.0,trailing,-22.999999999999545,2.0,-24.999999999999545,2018.8327091055621,2003.6792090424267
2024-01-18,1,1,2024-01-18 13:30:00-05:00,2021.3,2024-01-18 15:59:00-05:00,2024.6000000000001,cierre,33.00000000000182,2.0,31.00000000000182,2020.4465732355168,2002.0689517605397
2024-01-23,1,1,2024-01-23 15:00:00-05:00,2031.3,2024-01-23 15:30:00-05:00,2029.8000000000002,trailing,-14.999999999997726,2.0,-16.999999999997726,2031.039135618038,2015.8681794130405
2024-01-24,-1,1,2024-01-24 10:00:00-05:00,2025.4,2024-01-24 15:59:00-05:00,2013.1,cierre,123.00000000000182,2.0,121.00000000000182,2036.41618635143,2027.4886840340378
2024-01-31,1,1,2024-01-31 10:00:00-05:00,2070.0,2024-01-31 11:30:00-05:00,2068.8,trailing,-11.999999999998181,2.0,-13.999999999998181,2065.637917608944,2059.562082391056
2024-01-31,-1,1,2024-01-31 15:30:00-05:00,2051.6,2024-01-31 15:59:00-05:00,2053.2,cierre,-15.99999999999909,2.0,-17.99999999999909,2070.6472786382546,2054.552721361745
2024-02-01,1,1,2024-02-01 11:30:00-05:00,2077.1,2024-02-01 13:00:00-05:00,2071.7000000000003,trailing,-53.99999999999636,2.0,-55.99999999999636,2071.855328232378,2046.2841770489613
2024-02-01,1,1,2024-02-01 14:30:00-05:00,2073.6,2024-02-01 15:00:00-05:00,2072.0,trailing,-15.99999999999909,2.0,-17.99999999999909,2072.776665233614,2045.3681494473933
2024-02-06,1,1,2024-02-06 10:30:00-05:00,2051.7,2024-02-06 12:30:00-05:00,2050.6,trailing,-10.99999999999909,2.0,-12.99999999999909,2050.671493137568,2035.9383143903258
2024-02-06,1,1,2024-02-06 13:00:00-05:00,2053.4,2024-02-06 13:30:00-05:00,2051.3,trailing,-20.99999999999909,2.0,-22.99999999999909,2051.92371689564,2034.6882949281455
2024-02-07,1,1,2024-02-07 10:00:00-05:00,2058.9,2024-02-07 10:30:00-05:00,2055.0,trailing,-39.00000000000091,2.0,-41.00000000000091,2055.822928041555,2047.0799901369135
2024-02-13,-1,1,2024-02-13 10:00:00-05:00,2008.5,2024-02-13 12:00:00-05:00,2008.1,trailing,4.0000000000009095,2.0,2.0000000000009095,2037.584519693523,2010.6509867650018
2024-02-13,-1,1,2024-02-13 12:30:00-05:00,2005.8000000000002,2024-02-13 15:59:00-05:00,2005.6,cierre,2.0000000000027285,2.0,2.7284841053187847e-12,2040.0457945226121,2008.2134304012502
2024-02-16,1,1,2024-02-16 12:30:00-05:00,2022.5,2024-02-16 15:59:00-05:00,2023.7,cierre,12.000000000000455,2.0,10.000000000000455,2021.2127168591876,2004.2045275605542
2024-02-22,-1,1,2024-02-22 10:30:00-05:00,2030.4,2024-02-22 11:00:00-05:00,2033.3999999999999,trailing,-29.999999999997726,2.0,-31.999999999997726,2038.0270893104675,2032.3729106895325
2024-02-23,1,1,2024-02-23 10:00:00-05:00,2037.1999999999998,2024-02-23 10:30:00-05:00,2036.6000000000001,trailing,-5.999999999996817,2.0,-7.999999999996817,2036.8590782212511,2032.4412253582
2024-02-23,1,1,2024-02-23 11:00:00-05:00,2040.1,2024-02-23 15:59:00-05:00,2046.6000000000001,cierre,65.00000000000227,2.0,63.000000000002274,2038.7063343168973,2030.594241612086
2024-03-01,1,1,2024-03-01 10:30:00-05:00,2072.2999999999997,2024-03-01 15:59:00-05:00,2092.3,cierre,200.00000000000455,2.0,198.00000000000455,2065.8720532343164,2050.240765884423
2024-03-04,1,1,2024-03-04 10:00:00-05:00,2109.4,2024-03-04 15:59:00-05:00,2125.2000000000003,cierre,158.00000000000182,2.0,156.00000000000182,2106.9843806636372,2090.427497339385
2024-03-06,1,1,2024-03-06 10:00:00-05:00,2153.2,2024-03-06 10:30:00-05:00,2149.0,trailing,-41.99999999999818,2.0,-43.99999999999818,2149.284525188553,2136.1239774108676
2024-03-06,1,1,2024-03-06 11:30:00-05:00,2154.7,2024-03-06 12:30:00-05:00,2152.4,trailing,-22.99999999999727,2.0,-24.99999999999727,2153.503712030558,2131.92286746494
2024-03-06,1,1,2024-03-06 13:30:00-05:00,2159.1,2024-03-06 14:30:00-05:00,2149.5,trailing,-95.99999999999909,2.0,-97.99999999999909,2154.8992428221873,2130.533315755545
2024-03-08,1,1,2024-03-08 11:00:00-05:00,2184.2999999999997,2024-03-08 11:30:00-05:00,2181.5,trailing,-27.99999999999727,2.0,-29.99999999999727,2180.7954433403875,2161.825081635831
2024-03-08,1,1,2024-03-08 12:00:00-05:00,2187.9,2024-03-08 13:30:00-05:00,2185.7000000000003,trailing,-21.99999999999818,2.0,-23.99999999999818,2183.702286837673,2158.9321279489623
2024-03-08,1,1,2024-03-08 13:30:00-05:00,2185.9,2024-03-08 14:00:00-05:00,2181.1,trailing,-48.00000000000182,2.0,-50.00000000000182,2184.1028187376833,2158.5335099160598
2024-03-11,1,1,2024-03-11 10:00:00-04:00,2188.2999999999997,2024-03-11 11:00:00-04:00,2188.2000000000003,trailing,-0.999999999994543,2.0,-2.999999999994543,2187.137752832795,2181.562827995007
2024-03-12,-1,1,2024-03-12 10:00:00-04:00,2166.0,2024-03-12 10:30:00-04:00,2167.0,trailing,-10.0,2.0,-12.0,2190.391674061105,2167.5298573627965
2024-03-12,-1,1,2024-03-12 10:30:00-04:00,2166.8,2024-03-12 11:00:00-04:00,2167.7,trailing,-8.999999999996362,2.0,-10.999999999996362,2190.1519034370885,2167.7677099971793
2024-03-12,-1,1,2024-03-12 14:00:00-04:00,2160.4,2024-03-12 15:59:00-04:00,2163.1,cierre,-26.99999999999818,2.0,-28.99999999999818,2195.428411905999,2162.5334097369846
2024-03-13,1,1,2024-03-13 11:30:00-04:00,2179.4,2024-03-13 12:00:00-04:00,2177.1,trailing,-23.00000000000182,2.0,-25.00000000000182,2176.0914668387927,2156.7282501740674
2024-03-13,1,1,2024-03-13 12:30:00-04:00,2178.9,2024-03-13 15:59:00-04:00,2177.8,cierre,-10.99999999999909,2.0,-12.99999999999909,2177.992412508833,2154.8332619335397
2024-03-18,1,1,2024-03-18 10:30:00-04:00,2163.6,2024-03-18 11:00:00-04:00,2161.6,trailing,-20.0,2.0,-22.0,2163.1833532341007,2157.517451295572
2024-03-19,-1,1,2024-03-19 10:00:00-04:00,2154.2000000000003,2024-03-19 10:30:00-04:00,2156.1,trailing,-18.999999999996362,2.0,-20.999999999996362,2166.5434590796535,2156.3624546634055
2024-03-19,-1,1,2024-03-19 10:30:00-04:00,2155.9,2024-03-19 11:00:00-04:00,2158.1,trailing,-21.99999999999818,2.0,-23.99999999999818,2166.3012484248393,2156.604161575582
2024-03-20,1,1,2024-03-20 10:30:00-04:00,2164.2,2024-03-20 11:00:00-04:00,2160.0,trailing,-41.99999999999818,2.0,-43.99999999999818,2163.8664520439847,2151.142764769081
2024-03-20,1,1,2024-03-20 14:30:00-04:00,2172.4,2024-03-20 15:59:00-04:00,2185.9,cierre,135.0,2.0,133.0,2167.9174918460685,2147.1052215597397
2024-03-21,-1,1,2024-03-21 10:30:00-04:00,2178.6,2024-03-21 12:30:00-04:00,2179.6,trailing,-10.0,2.0,-12.0,2207.821089007923,2182.50814291552
2024-03-22,-1,1,2024-03-22 12:00:00-04:00,2167.6,2024-03-22 15:59:00-04:00,2165.5,cierre,20.99999999999909,2.0,18.99999999999909,2191.449425769032,2168.377544801945
2024-03-25,1,1,2024-03-25 10:00:00-04:00,2178.5,2024-03-25 10:30:00-04:00,2178.3,trailing,-1.999999999998181,2.0,-3.999999999998181,2177.7282471244516,2161.8860333348875
2024-03-27,1,1,2024-03-27 10:00:00-04:00,2192.5,2024-03-27 11:30:00-04:00,2188.3,trailing,-41.99999999999818,2.0,-43.99999999999818,2187.9684805145,2175.04099448412
2024-03-28,1,1,2024-03-28 12:30:00-04:00,2239.9,2024-03-28 15:59:00-04:00,2242.4,cierre,25.0,2.0,23.0,2238.313272707803,2222.0867272921964
2024-04-02,1,1,2024-04-02 10:00:00-04:00,2286.0,2024-04-02 11:00:00-04:00,2281.1,trailing,-49.00000000000091,2.0,-51.00000000000091,2283.4704561075646,2260.4576223761437
2024-04-02,1,1,2024-04-02 14:30:00-04:00,2292.5,2024-04-02 15:59:00-04:00,2298.0,cierre,55.0,2.0,53.0,2288.0752591885357,2255.880503077079
2024-04-03,1,1,2024-04-03 11:30:00-04:00,2307.5,2024-04-03 15:59:00-04:00,2318.0,cierre,105.0,2.0,103.0,2306.421363441741,2286.5902236793645
2024-04-05,1,1,2024-04-05 10:30:00-04:00,2330.9,2024-04-05 15:59:00-04:00,2342.3,cierre,114.00000000000091,2.0,112.00000000000091,2323.4181207198944,2295.920788088617
2024-04-11,1,1,2024-04-11 13:30:00-04:00,2372.9,2024-04-11 15:59:00-04:00,2390.6,cierre,176.99999999999818,2.0,174.99999999999818,2371.3225097127274,2336.7359256403943
2024-04-12,1,1,2024-04-12 10:00:00-04:00,2422.2999999999997,2024-04-12 11:30:00-04:00,2412.6,trailing,-96.99999999999818,2.0,-98.99999999999818,2418.5354786603084,2385.910598320753
2024-04-12,-1,1,2024-04-12 13:30:00-04:00,2374.0,2024-04-12 15:59:00-04:00,2360.2,cierre,138.00000000000182,2.0,136.00000000000182,2424.48550040139,2380.017273973732
2024-04-15,-1,1,2024-04-15 10:30:00-04:00,2349.3,2024-04-15 11:00:00-04:00,2366.1,trailing,-167.99999999999727,2.0,-169.99999999999727,2381.450350912966,2349.697691611265
2024-04-15,1,1,2024-04-15 13:30:00-04:00,2383.6,2024-04-15 14:00:00-04:00,2382.2000000000003,trailing,-13.999999999996362,2.0,-15.999999999996362,2383.111682422708,2348.0439976019256
2024-04-15,1,1,2024-04-15 15:00:00-04:00,2392.7,2024-04-15 15:59:00-04:00,2403.0,cierre,103.00000000000182,2.0,101.00000000000182,2387.0678203577886,2344.1060468889004
2024-04-16,-1,1,2024-04-16 10:00:00-04:00,2382.5,2024-04-16 10:30:00-04:00,2382.7999999999997,trailing,-2.9999999999972715,2.0,-4.9999999999972715,2408.3309583686473,2389.5871086924235
2024-04-17,-1,1,2024-04-17 13:00:00-04:00,2388.1,2024-04-17 14:30:00-04:00,2392.0,trailing,-39.00000000000091,2.0,-41.00000000000091,2419.3972984873494,2391.015664243855
2024-04-19,1,1,2024-04-19 11:30:00-04:00,2408.0,2024-04-19 12:30:00-04:00,2405.7000000000003,trailing,-22.99999999999727,2.0,-24.99999999999727,2404.4012166602784,2387.8032233027243
2024-04-19,1,1,2024-04-19 13:00:00-04:00,2414.7999999999997,2024-04-19 14:00:00-04:00,2408.6,trailing,-61.99999999999818,2.0,-63.99999999999818,2409.2865697190687,2382.920723838011
2024-04-24,1,1,2024-04-24 11:30:00-04:00,2344.9,2024-04-24 12:00:00-04:00,2335.8,trailing,-90.99999999999909,2.0,-92.99999999999909,2342.8538382175607,2326.1544972193196
2024-04-25,1,1,2024-04-25 11:00:00-04:00,2346.4,2024-04-25 12:00:00-04:00,2342.6,trailing,-38.00000000000182,2.0,-40.00000000000182,2341.5846084437344,2319.1296259928477
2024-04-25,1,1,2024-04-25 12:00:00-04:00,2342.7999999999997,2024-04-25 12:30:00-04:00,2339.6,trailing,-31.99999999999818,2.0,-33.99999999999818,2340.1863835790623,2320.525752411044
2024-04-30,-1,1,2024-04-30 11:00:00-04:00,2304.2000000000003,2024-04-30 11:30:00-04:00,2310.2999999999997,trailing,-60.99999999999454,2.0,-62.99999999999454,2357.2696392616185,2306.361961534534
2024-04-30,-1,1,2024-04-30 12:00:00-04:00,2306.6,2024-04-30 12:30:00-04:00,2309.7,trailing,-30.99999999999909,2.0,-32.99999999999909,2353.7970356238898,2309.788261817973
2024-04-30,-1,1,2024-04-30 13:30:00-04:00,2303.3,2024-04-30 14:00:00-04:00,2307.0,trailing,-36.99999999999818,2.0,-38.99999999999818,2359.9906840075823,2303.6771989307485
2024-04-30,-1,1,2024-04-30 15:00:00-04:00,2300.9,2024-04-30 15:30:00-04:00,2303.9,trailing,-30.0,2.0,-32.0,2361.647181547266,2302.0427889658245
2024-05-01,1,1,2024-05-01 11:30:00-04:00,2319.5,2024-05-01 12:00:00-04:00,2318.0,trailing,-15.0,2.0,-17.0,2318.329805371305,2295.4980064084925
2024-05-01,1,1,2024-05-01 15:00:00-04:00,2336.6,2024-05-01 15:59:00-04:00,2320.7000000000003,cierre,-158.99999999999636,2.0,-160.99999999999636,2326.923726531367,2286.9412577955136
2024-05-03,-1,1,2024-05-03 10:00:00-04:00,2299.5,2024-05-03 11:00:00-04:00,2300.0,trailing,-5.0,2.0,-7.0,2317.100437377892,2304.905254208624
2024-05-03,-1,1,2024-05-03 11:00:00-04:00,2299.8,2024-05-03 11:30:00-04:00,2300.4,trailing,-5.9999999999990905,2.0,-7.9999999999990905,2320.428136372421,2301.581584602256
2024-05-03,-1,1,2024-05-03 11:30:00-04:00,2300.2000000000003,2024-05-03 12:00:00-04:00,2302.5,trailing,-22.99999999999727,2.0,-24.99999999999727,2319.967459003167,2302.0417041542496
2024-05-03,-1,1,2024-05-03 12:00:00-04:00,2302.3,2024-05-03 12:30:00-04:00,2306.1,trailing,-37.99999999999727,2.0,-39.99999999999727,2319.5064462256023,2302.5021587084193
2024-05-09,1,1,2024-05-09 10:00:00-04:00,2331.2,2024-05-09 13:00:00-04:00,2336.3,trailing,51.00000000000364,2.0,49.00000000000364,2327.910418033364,2312.602117016402
2024-05-09,1,1,2024-05-09 13:00:00-04:00,2336.5,2024-05-09 15:59:00-04:00,2350.5,cierre,140.0,2.0,138.0,2332.8153868189975,2307.7146629618487
2024-05-13,-1,1,2024-05-13 11:30:00-04:00,2339.8,2024-05-13 15:00:00-04:00,2343.4,trailing,-35.99999999999909,2.0,-37.99999999999909,2378.8209639805577,2342.7479361156734
2024-05-14,1,1,2024-05-14 10:00:00-04:00,2359.6,2024-05-14 10:30:00-04:00,2357.7000000000003,trailing,-18.999999999996362,2.0,-20.999999999996362,2357.0289184869757,2340.8832524319455
2024-05-14,1,1,2024-05-14 14:30:00-04:00,2364.2999999999997,2024-05-14 15:00:00-04:00,2363.1,trailing,-11.999999999998181,2.0,-13.999999999998181,2361.62703345703,2336.306425031197
2024-05-15,1,1,2024-05-15 11:30:00-04:00,2390.1,2024-05-15 15:59:00-04:00,2391.8,cierre,17.00000000000273,2.0,15.000000000002728,2380.8451917594825,2353.791389903025
2024-05-16,-1,1,2024-05-16 10:00:00-04:00,2379.3,2024-05-16 11:00:00-04:00,2377.7,trailing,16.000000000003638,2.0,14.000000000003638,2395.3029804741836,2380.208828020292
2024-05-17,1,1,2024-05-17 11:00:00-04:00,2418.0,2024-05-17 11:30:00-04:00,2410.9,trailing,-70.99999999999909,2.0,-72.99999999999909,2413.0660404046844,2375.305032228034
2024-05-17,1,1,2024-05-17 12:30:00-04:00,2414.2999999999997,2024-05-17 13:00:00-04:00,2412.3,trailing,-19.999999999995453,2.0,-21.999999999995453,2412.978197015684,2375.39203939588
2024-05-17,1,1,2024-05-17 13:30:00-04:00,2417.5,2024-05-17 15:59:00-04:00,2420.7000000000003,cierre,32.00000000000273,2.0,30.00000000000273,2413.1542113584323,2375.2177006136776
2024-05-20,1,1,2024-05-20 12:30:00-04:00,2430.2,2024-05-20 15:59:00-04:00,2430.7000000000003,cierre,5.0000000000045475,2.0,3.0000000000045475,2429.903572888572,2413.5018536908055
2024-05-21,-1,1,2024-05-21 12:30:00-04:00,2423.3,2024-05-21 13:00:00-04:00,2427.1,trailing,-37.99999999999727,2.0,-39.99999999999727,2440.377717635575,2423.4289535435446
2024-05-22,-1,1,2024-05-22 10:30:00-04:00,2389.4,2024-05-22 15:59:00-04:00,2382.4,cierre,70.0,2.0,68.0,2432.911529063313,2408.9178971709343
2024-05-23,-1,1,2024-05-23 10:00:00-04:00,2360.2000000000003,2024-05-23 15:59:00-04:00,2333.4,cierre,268.0000000000018,2.0,266.0000000000018,2385.8070643315277,2362.9163425957577
2024-05-27,1,1,2024-05-27 10:00:00-04:00,2356.5,2024-05-27 10:30:00-04:00,2358.8,trailing,23.00000000000182,2.0,21.00000000000182,2355.3876137821944,2331.636871521503
2024-05-31,-1,1,2024-05-31 10:00:00-04:00,2369.6,2024-05-31 15:59:00-04:00,2348.5,cierre,210.9999999999991,2.0,208.9999999999991,2379.1113550637733,2371.2886449362263
2024-06-03,1,1,2024-06-03 11:30:00-04:00,2363.2,2024-06-03 15:30:00-04:00,2366.2000000000003,trailing,30.000000000004547,2.0,28.000000000004547,2362.8847847691877,2339.8367291543304
2024-06-04,-1,1,2024-06-04 10:00:00-04:00,2344.1,2024-06-04 11:30:00-04:00,2346.5,trailing,-24.00000000000091,2.0,-26.00000000000091,2371.8240028511677,2353.4932762157696
2024-06-04,-1,1,2024-06-04 11:30:00-04:00,2346.3,2024-06-04 12:00:00-04:00,2346.2,trailing,1.000000000003638,2.0,-0.999999999996362,2377.1448397034105,2348.1964819962636
2024-06-04,-1,1,2024-06-04 12:00:00-04:00,2346.0,2024-06-04 13:30:00-04:00,2347.4,trailing,-14.00000000000091,2.0,-16.00000000000091,2376.6980187747417,2348.6412839283366
2024-06-05,1,1,2024-06-05 11:30:00-04:00,2372.2,2024-06-05 12:30:00-04:00,2371.9,trailing,-2.9999999999972715,2.0,-4.9999999999972715,2370.858011738045,2338.4973332696777
2024-06-05,1,1,2024-06-05 13:30:00-04:00,2375.6,2024-06-05 14:00:00-04:00,2375.2000000000003,trailing,-3.999999999996362,2.0,-5.999999999996362,2374.115314470175,2335.2608523440235
2024-06-05,1,1,2024-06-05 14:30:00-04:00,2375.7999999999997,2024-06-05 15:00:00-04:00,2375.7000000000003,trailing,-0.999999999994543,2.0,-2.999999999994543,2374.898236211113,2334.4829353098366
2024-06-06,1,1,2024-06-06 11:30:00-04:00,2394.2999999999997,2024-06-06 13:30:00-04:00,2390.5,trailing,-37.99999999999727,2.0,-39.99999999999727,2389.4360737497354,2364.7874615817627
2024-06-07,-1,1,2024-06-07 10:00:00-04:00,2327.2000000000003,2024-06-07 10:30:00-04:00,2336.7,trailing,-94.99999999999545,2.0,-96.99999999999545,2395.708515761112,2339.3742867391747
2024-06-07,-1,1,2024-06-07 11:00:00-04:00,2331.5,2024-06-07 15:59:00-04:00,2305.9,cierre,255.9999999999991,2.0,253.9999999999991,2400.3343415004206,2334.8416892991777
2024-06-13,-1,1,2024-06-13 10:00:00-04:00,2325.9,2024-06-13 11:00:00-04:00,2329.5,trailing,-35.99999999999909,2.0,-37.99999999999909,2343.25830530747,2328.9493032723235
2024-06-13,-1,1,2024-06-13 11:30:00-04:00,2324.2000000000003,2024-06-13 15:59:00-04:00,2319.1,cierre,51.00000000000364,2.0,49.00000000000364,2346.0644478203712,2326.1470019948424
2024-06-17,-1,1,2024-06-17 12:00:00-04:00,2327.1,2024-06-17 12:30:00-04:00,2329.6,trailing,-25.0,2.0,-27.0,2357.401339674317,2329.3362919116057
2024-06-18,1,1,2024-06-18 10:00:00-04:00,2341.4,2024-06-18 10:30:00-04:00,2340.4,trailing,-10.0,2.0,-12.0,2340.2750509961975,2326.831500459001
2024-06-18,1,1,2024-06-18 13:00:00-04:00,2345.4,2024-06-18 14:00:00-04:00,2344.5,trailing,-9.00000000000091,2.0,-11.00000000000091,2345.2464484757525,2321.86627730608
2024-06-21,-1,1,2024-06-21 10:00:00-04:00,2353.4,2024-06-21 15:59:00-04:00,2335.1,cierre,183.00000000000182,2.0,181.00000000000182,2378.4156413563765,2362.3945013537173
2024-07-03,1,1,2024-07-03 10:00:00-04:00,2365.5,2024-07-03 10:30:00-04:00,2367.5,trailing,20.0,2.0,18.0,2363.7243993469992,2335.312805361093
2024-07-03,1,1,2024-07-03 10:30:00-04:00,2367.7,2024-07-03 12:30:00-04:00,2367.9,trailing,2.0000000000027285,2.0,2.7284841053187847e-12,2364.805024080143,2334.241066741811
2024-07-03,1,1,2024-07-03 12:30:00-04:00,2368.1,2024-07-03 13:00:00-04:00,2365.8,trailing,-22.99999999999727,2.0,-24.99999999999727,2367.3117987546607,2331.754905592508
2024-07-03,1,1,2024-07-03 13:30:00-04:00,2369.7,2024-07-03 14:00:00-04:00,2366.0,trailing,-36.99999999999818,2.0,-38.99999999999818,2368.1613556191587,2330.9123347415616
2024-07-08,-1,1,2024-07-08 12:00:00-04:00,2362.7000000000003,2024-07-08 15:59:00-04:00,2366.9,cierre,-41.99999999999818,2.0,-43.99999999999818,2404.1435302529703,2375.6987588934057
2024-07-09,-1,1,2024-07-09 11:30:00-04:00,2359.5,2024-07-09 12:00:00-04:00,2369.1,trailing,-95.99999999999909,2.0,-97.99999999999909,2377.153400984967,2360.1569839902045
2024-07-11,1,1,2024-07-11 11:00:00-04:00,2423.6,2024-07-11 12:30:00-04:00,2418.8,trailing,-47.99999999999727,2.0,-49.99999999999727,2420.2640817711313,2372.327073408534
2024-07-11,1,1,2024-07-11 15:30:00-04:00,2422.7999999999997,2024-07-11 15:59:00-04:00,2419.7000000000003,cierre,-30.999999999994543,2.0,-32.99999999999454,2422.472463800314,2370.1513491973546
2024-07-15,1,1,2024-07-15 10:30:00-04:00,2428.2999999999997,2024-07-15 13:30:00-04:00,2429.3,trailing,10.000000000004547,2.0,8.000000000004547,2423.8746997930666,2414.7292322319395
2024-07-15,1,1,2024-07-15 13:30:00-04:00,2429.5,2024-07-15 14:00:00-04:00,2426.2000000000003,trailing,-32.99999999999727,2.0,-34.99999999999727,2428.1186715448216,2410.4908702573775
2024-07-16,1,1,2024-07-16 10:00:00-04:00,2447.6,2024-07-16 15:59:00-04:00,2473.4,cierre,258.0000000000018,2.0,256.0000000000018,2445.801051574797,2423.019587718824
2024-07-17,1,1,2024-07-17 10:00:00-04:00,2487.7,2024-07-17 10:30:00-04:00,2473.8,trailing,-138.99999999999636,2.0,-140.99999999999636,2482.162925045232,2470.144265330248
2024-07-17,-1,1,2024-07-17 12:30:00-04:00,2457.4,2024-07-17 15:59:00-04:00,2462.4,cierre,-50.0,2.0,-52.0,2487.5659285347056,2464.7528141719404
2024-07-18,-1,1,2024-07-18 15:30:00-04:00,2445.3,2024-07-18 15:59:00-04:00,2445.7,cierre,-3.999999999996362,2.0,-5.999999999996362,2476.3410019563375,2451.974513740028
2024-07-22,-1,1,2024-07-22 10:30:00-04:00,2388.0,2024-07-22 12:30:00-04:00,2389.7,trailing,-16.99999999999818,2.0,-18.99999999999818,2404.7872403006477,2393.717697008001
2024-07-24,1,1,2024-07-24 10:00:00-04:00,2422.7,2024-07-24 12:00:00-04:00,2425.5,trailing,28.00000000000182,2.0,26.00000000000182,2421.6939442753287,2404.521253758891
2024-07-25,-1,1,2024-07-25 10:00:00-04:00,2364.1,2024-07-25 10:30:00-04:00,2365.6,trailing,-15.0,2.0,-17.0,2403.158085019059,2365.0935660578766
2024-07-25,-1,1,2024-07-25 13:30:00-04:00,2353.4,2024-07-25 15:30:00-04:00,2361.7999999999997,trailing,-83.99999999999636,2.0,-85.99999999999636,2408.6145413882223,2359.7048889299804
2024-07-26,1,1,2024-07-26 10:30:00-04:00,2383.7999999999997,2024-07-26 11:00:00-04:00,2380.6,trailing,-31.99999999999818,2.0,-33.99999999999818,2382.209799526189,2357.3200590709903
2024-07-26,1,1,2024-07-26 13:00:00-04:00,2388.2999999999997,2024-07-26 13:30:00-04:00,2381.0,trailing,-72.99999999999727,2.0,-74.99999999999727,2386.3674180321664,2353.190591653391
2024-07-29,-1,1,2024-07-29 11:30:00-04:00,2372.7000000000003,2024-07-29 13:30:00-04:00,2377.5,trailing,-47.99999999999727,2.0,-49.99999999999727,2400.5654339426114,2376.2575620445323
2024-07-29,-1,1,2024-07-29 14:00:00-04:00,2375.5,2024-07-29 15:00:00-04:00,2377.1,trailing,-15.99999999999909,2.0,-17.99999999999909,2400.1588357463065,2376.6631400898054
2024-07-31,1,1,2024-07-31 10:00:00-04:00,2471.4,2024-07-31 10:30:00-04:00,2467.8,trailing,-35.99999999999909,2.0,-37.99999999999909,2468.4555856951742,2460.944414304825
2024-07-31,1,1,2024-07-31 15:00:00-04:00,2478.9,2024-07-31 15:59:00-04:00,2495.2000000000003,cierre,163.00000000000182,2.0,161.00000000000182,2474.775871347019,2454.624128652981
2024-08-01,-1,1,2024-08-01 10:30:00-04:00,2489.1,2024-08-01 11:00:00-04:00,2492.7999999999997,trailing,-36.99999999999818,2.0,-38.99999999999818,2503.168802122668,2490.0366820382355
2024-08-01,-1,1,2024-08-01 13:30:00-04:00,2480.9,2024-08-01 15:30:00-04:00,2487.5,trailing,-65.99999999999909,2.0,-67.99999999999909,2508.039829445582,2485.1707248426437
2024-08-02,-1,1,2024-08-02 11:00:00-04:00,2474.2000000000003,2024-08-02 12:30:00-04:00,2478.9,trailing,-46.99999999999818,2.0,-48.99999999999818,2517.368447817155,2479.9985030876173
2024-08-02,-1,1,2024-08-02 13:00:00-04:00,2473.0,2024-08-02 15:59:00-04:00,2480.1,cierre,-70.99999999999909,2.0,-72.99999999999909,2519.5136818686456,2477.87249998802
2024-08-06,-1,1,2024-08-06 10:30:00-04:00,2431.1,2024-08-06 11:00:00-04:00,2429.2999999999997,trailing,18.00000000000182,2.0,16.00000000000182,2453.341462989883,2431.981050925989
2024-08-08,1,1,2024-08-08 10:00:00-04:00,2453.5,2024-08-08 11:00:00-04:00,2453.2000000000003,trailing,-2.9999999999972715,2.0,-4.9999999999972715,2452.5925751411655,2422.140937380094
2024-08-08,1,1,2024-08-08 12:30:00-04:00,2462.9,2024-08-08 13:00:00-04:00,2457.5,trailing,-54.00000000000091,2.0,-56.00000000000091,2459.4642142686275,2415.33523411458
2024-08-08,1,1,2024-08-08 13:30:00-04:00,2463.2,2024-08-08 15:59:00-04:00,2463.0,cierre,-1.999999999998181,2.0,-3.999999999998181,2459.8917210242025,2414.911829440894
2024-08-12,1,1,2024-08-12 10:00:00-04:00,2493.7999999999997,2024-08-12 10:30:00-04:00,2487.9,trailing,-58.99999999999636,2.0,-60.99999999999636,2488.8634737855878,2465.259395941621
2024-08-12,1,1,2024-08-12 11:30:00-04:00,2496.7,2024-08-12 15:59:00-04:00,2510.5,cierre,138.00000000000182,2.0,136.00000000000182,2495.5934479591247,2458.5751818016915
2024-08-16,1,1,2024-08-16 10:00:00-04:00,2533.4,2024-08-16 10:30:00-04:00,2519.8,trailing,-135.9999999999991,2.0,-137.9999999999991,2530.821005620266,2489.3342921261246
2024-08-16,1,1,2024-08-16 15:00:00-04:00,2542.1,2024-08-16 15:59:00-04:00,2546.4,cierre,43.00000000000182,2.0,41.00000000000182,2540.1487382962705,2480.1287584335664
2024-08-21,-1,1,2024-08-21 10:30:00-04:00,2537.5,2024-08-21 11:00:00-04:00,2539.2,trailing,-16.99999999999818,2.0,-18.99999999999818,2557.9942126572146,2539.622311340664
2024-08-22,-1,1,2024-08-22 10:00:00-04:00,2523.6,2024-08-22 12:00:00-04:00,2518.1,trailing,55.0,2.0,53.0,2554.277592080514,2524.5602613652704
2024-08-22,-1,1,2024-08-22 12:00:00-04:00,2517.9,2024-08-22 12:30:00-04:00,2519.9,trailing,-20.0,2.0,-22.0,2560.1508951334695,2518.733493210008
2024-08-22,-1,1,2024-08-22 13:30:00-04:00,2516.6,2024-08-22 14:00:00-04:00,2518.1,trailing,-15.0,2.0,-17.0,2561.561079115791,2517.3344822876766
2024-08-22,-1,1,2024-08-22 15:30:00-04:00,2514.2000000000003,2024-08-22 15:59:00-04:00,2518.5,cierre,-42.99999999999727,2.0,-44.99999999999727,2563.469708611683,2515.440975096478
2024-08-23,1,1,2024-08-23 10:30:00-04:00,2550.5,2024-08-23 11:00:00-04:00,2544.9,trailing,-55.99999999999909,2.0,-57.99999999999909,2541.4017286729145,2512.8367089321446
2024-08-23,1,1,2024-08-23 11:00:00-04:00,2545.1,2024-08-23 12:00:00-04:00,2545.9,trailing,8.000000000001819,2.0,6.000000000001819,2541.4890392989078,2512.749997408956
2024-08-23,1,1,2024-08-23 12:00:00-04:00,2546.1,2024-08-23 12:30:00-04:00,2543.4,trailing,-26.99999999999818,2.0,-28.99999999999818,2544.7708407291925,2509.4907148464395
2024-08-23,1,1,2024-08-23 13:00:00-04:00,2546.2,2024-08-23 14:30:00-04:00,2546.7000000000003,trailing,5.0000000000045475,2.0,3.0000000000045475,2544.5350152936826,2509.724922109153
2024-08-28,-1,1,2024-08-28 12:30:00-04:00,2533.2000000000003,2024-08-28 13:00:00-04:00,2536.5,trailing,-32.99999999999727,2.0,-34.99999999999727,2569.898242351213,2535.2599994879192
2024-08-29,1,1,2024-08-29 10:00:00-04:00,2550.1,2024-08-29 10:30:00-04:00,2550.0,trailing,-0.9999999999990905,2.0,-2.9999999999990905,2548.9177855436906,2536.585409533296
2024-08-29,1,1,2024-08-29 11:00:00-04:00,2555.7,2024-08-29 15:59:00-04:00,2554.3,cierre,-13.999999999996362,2.0,-15.999999999996362,2549.4333638490925,2536.0701352842957
2024-08-30,-1,1,2024-08-30 11:30:00-04:00,2538.1,2024-08-30 15:59:00-04:00,2534.7999999999997,cierre,33.00000000000182,2.0,31.00000000000182,2563.2734086176542,2539.6470866496666
2024-09-06,-1,1,2024-09-06 12:30:00-04:00,2523.4,2024-09-06 15:59:00-04:00,2525.5,cierre,-20.99999999999909,2.0,-22.99999999999909,2555.098018619635,2528.628036984935
2024-09-12,1,1,2024-09-12 10:00:00-04:00,2573.9,2024-09-12 10:30:00-04:00,2572.6,trailing,-13.000000000001819,2.0,-15.000000000001819,2572.2611032172285,2537.084588431114
2024-09-12,1,1,2024-09-12 11:00:00-04:00,2582.0,2024-09-12 12:30:00-04:00,2574.0,trailing,-80.0,2.0,-82.0,2575.097836246717,2534.276909875757
2024-09-12,1,1,2024-09-12 13:00:00-04:00,2579.4,2024-09-12 15:59:00-04:00,2586.1,cierre,66.99999999999818,2.0,64.99999999999818,2576.6900016100954,2532.7010518373486
2024-09-16,1,1,2024-09-16 10:00:00-04:00,2615.7999999999997,2024-09-16 10:30:00-04:00,2606.6,trailing,-91.99999999999818,2.0,-93.99999999999818,2615.1758166268132,2606.6245032365823
2024-09-17,-1,1,2024-09-17 11:30:00-04:00,2594.5,2024-09-17 14:00:00-04:00,2596.6,trailing,-20.99999999999909,2.0,-22.99999999999909,2616.9794345878054,2596.2384681166204
2024-09-17,-1,1,2024-09-17 14:30:00-04:00,2595.8,2024-09-17 15:00:00-04:00,2596.9,trailing,-10.99999999999909,2.0,-12.99999999999909,2616.649083400995,2596.5679839006057
2024-09-17,-1,1,2024-09-17 15:30:00-04:00,2594.4,2024-09-17 15:59:00-04:00,2595.5,cierre,-10.99999999999909,2.0,-12.99999999999909,2616.4340198354075,2596.782503606454
2024-09-18,1,1,2024-09-18 14:30:00-04:00,2621.5,2024-09-18 15:00:00-04:00,2601.9,trailing,-195.9999999999991,2.0,-197.9999999999991,2611.017195495265,2588.605840876887
2024-09-19,1,1,2024-09-19 12:00:00-04:00,2614.9,2024-09-19 15:59:00-04:00,2613.2000000000003,cierre,-16.99999999999818,2.0,-18.99999999999818,2610.7325035857934,2567.7463933658396
2024-09-20,1,1,2024-09-20 12:00:00-04:00,2648.4,2024-09-20 15:59:00-04:00,2646.0,cierre,-24.00000000000091,2.0,-26.00000000000091,2641.738052806707,2606.31911284026
2024-09-24,1,1,2024-09-24 10:30:00-04:00,2663.5,2024-09-24 15:59:00-04:00,2687.6,cierre,240.9999999999991,2.0,238.9999999999991,2663.0103937157796,2646.602214044786
2024-09-25,-1,1,2024-09-25 12:30:00-04:00,2678.8,2024-09-25 13:30:00-04:00,2684.7999999999997,trailing,-59.99999999999545,2.0,-61.99999999999545,2696.2273061018986,2679.9749932638742
2024-09-26,1,1,2024-09-26 15:00:00-04:00,2699.0,2024-09-26 15:30:00-04:00,2697.6,trailing,-14.00000000000091,2.0,-16.00000000000091,2698.767797664364,2675.952961696228
2024-09-27,-1,1,2024-09-27 10:30:00-04:00,2683.7000000000003,2024-09-27 15:59:00-04:00,2674.6,cierre,91.00000000000364,2.0,89.00000000000364,2700.962983243293,2684.2499604138848
2024-09-30,-1,1,2024-09-30 10:00:00-04:00,2656.9,2024-09-30 11:00:00-04:00,2655.2,trailing,17.00000000000273,2.0,15.000000000002728,2678.0475026193476,2658.868547027949
2024-09-30,-1,1,2024-09-30 11:00:00-04:00,2655.0,2024-09-30 12:00:00-04:00,2655.6,trailing,-5.9999999999990905,2.0,-7.9999999999990905,2679.8893061842537,2657.035076169393
2024-09-30,-1,1,2024-09-30 14:30:00-04:00,2648.3,2024-09-30 15:59:00-04:00,2652.9,cierre,-45.99999999999909,2.0,-47.99999999999909,2683.8161009779797,2653.1260470204625
2024-10-01,1,1,2024-10-01 10:00:00-04:00,2690.9,2024-10-01 11:00:00-04:00,2680.5,trailing,-104.00000000000091,2.0,-106.00000000000091,2678.728149297498,2649.499964694475
2024-10-01,1,1,2024-10-01 11:30:00-04:00,2686.7999999999997,2024-10-01 14:00:00-04:00,2683.6,trailing,-31.99999999999818,2.0,-33.99999999999818,2681.763442456109,2646.490311673931
2024-10-02,-1,1,2024-10-02 11:00:00-04:00,2669.2000000000003,2024-10-02 12:00:00-04:00,2671.2999999999997,trailing,-20.999999999994543,2.0,-22.999999999994543,2685.6022217179725,2673.5990549464673
2024-10-02,-1,1,2024-10-02 12:30:00-04:00,2670.6,2024-10-02 13:00:00-04:00,2671.1,trailing,-5.0,2.0,-7.0,2687.787638362207,2671.414127592873
2024-10-02,-1,1,2024-10-02 13:30:00-04:00,2669.6,2024-10-02 14:00:00-04:00,2673.7999999999997,trailing,-41.99999999999818,2.0,-43.99999999999818,2688.9921318451197,2670.2099037827425
2024-10-07,-1,1,2024-10-07 10:00:00-04:00,2662.1,2024-10-07 10:30:00-04:00,2662.9,trailing,-8.000000000001819,2.0,-10.000000000001819,2675.1862676861388,2662.920578385578
2024-10-07,-1,1,2024-10-07 11:00:00-04:00,2660.4,2024-10-07 11:30:00-04:00,2665.7,trailing,-52.99999999999727,2.0,-54.99999999999727,2677.1769362292875,2660.93370996579
2024-10-08,-1,1,2024-10-08 10:30:00-04:00,2646.4,2024-10-08 15:59:00-04:00,2642.0,cierre,44.00000000000091,2.0,42.00000000000091,2667.3222653342373,2653.8852072387954
2024-10-10,1,1,2024-10-10 10:00:00-04:00,2644.2999999999997,2024-10-10 10:30:00-04:00,2641.3,trailing,-29.999999999995453,2.0,-31.999999999995453,2637.93732914462,2624.4712010598173
2024-10-10,1,1,2024-10-10 10:30:00-04:00,2641.5,2024-10-10 11:30:00-04:00,2641.4,trailing,-0.9999999999990905,2.0,-2.9999999999990905,2639.6377125549852,2622.775593100982
2024-10-10,1,1,2024-10-10 12:30:00-04:00,2644.5,2024-10-10 13:00:00-04:00,2636.2000000000003,trailing,-82.99999999999727,2.0,-84.99999999999727,2642.835387848659,2619.586898336805
2024-10-10,1,1,2024-10-10 15:30:00-04:00,2648.2999999999997,2024-10-10 15:59:00-04:00,2646.4,cierre,-18.999999999996362,2.0,-20.999999999996362,2644.485445423956,2617.9414748751587
2024-10-11,1,1,2024-10-11 10:30:00-04:00,2670.2,2024-10-11 11:00:00-04:00,2670.3,trailing,1.000000000003638,2.0,-0.999999999996362,2669.0635218224083,2641.5692689827692
2024-10-11,1,1,2024-10-11 11:30:00-04:00,2676.2,2024-10-11 15:59:00-04:00,2672.8,cierre,-33.99999999999636,2.0,-35.99999999999636,2672.191691087989,2638.461765525182
2024-10-14,-1,1,2024-10-14 11:00:00-04:00,2662.5,2024-10-14 11:30:00-04:00,2662.5,trailing,-0.0,2.0,-2.0,2680.247533631603,2662.959613507251
2024-10-15,1,1,2024-10-15 10:30:00-04:00,2675.9,2024-10-15 11:00:00-04:00,2676.4,trailing,5.0,2.0,3.0,2674.292191386671,2663.509304793267
2024-10-15,1,1,2024-10-15 11:30:00-04:00,2680.0,2024-10-15 15:59:00-04:00,2678.2000000000003,cierre,-17.99999999999727,2.0,-19.99999999999727,2677.8477429625773,2659.954818830541
2024-10-17,1,1,2024-10-17 10:00:00-04:00,2704.5,2024-10-17 12:30:00-04:00,2702.9,trailing,-15.99999999999909,2.0,-17.99999999999909,2701.987228693491,2687.4225965977594
2024-10-17,1,1,2024-10-17 13:00:00-04:00,2708.0,2024-10-17 14:30:00-04:00,2706.8,trailing,-11.999999999998181,2.0,-13.999999999998181,2707.128047327891,2682.295114902964
2024-10-17,1,1,2024-10-17 15:30:00-04:00,2707.9,2024-10-17 15:59:00-04:00,2707.1,cierre,-8.000000000001819,2.0,-10.000000000001819,2707.6045838011078,2681.819814718871
2024-10-18,1,1,2024-10-18 10:00:00-04:00,2729.1,2024-10-18 12:00:00-04:00,2729.9,trailing,8.000000000001819,2.0,6.000000000001819,2726.23849749764,2702.984547970018
2024-10-18,1,1,2024-10-18 12:30:00-04:00,2732.9,2024-10-18 13:30:00-04:00,2730.0,trailing,-29.00000000000091,2.0,-31.00000000000091,2730.9401224443845,2698.308486597561
2024-10-18,1,1,2024-10-18 14:00:00-04:00,2731.4,2024-10-18 15:59:00-04:00,2734.8,cierre,34.00000000000091,2.0,32.00000000000091,2729.555243842934,2699.6858353667926
2024-10-23,-1,1,2024-10-23 10:30:00-04:00,2738.5,2024-10-23 15:59:00-04:00,2729.7999999999997,cierre,87.00000000000273,2.0,85.00000000000273,2767.7002075130063,2748.3168194133455
2024-10-29,1,1,2024-10-29 10:00:00-04:00,2773.5,2024-10-29 11:30:00-04:00,2772.8,trailing,-6.999999999998181,2.0,-8.999999999998181,2771.359199009342,2750.5595889306755
2024-10-29,1,1,2024-10-29 12:30:00-04:00,2780.7999999999997,2024-10-29 15:59:00-04:00,2784.5,cierre,37.00000000000273,2.0,35.00000000000273,2777.3609668366153,2744.5849322980544
2024-10-31,-1,1,2024-10-31 10:00:00-04:00,2765.6,2024-10-31 15:00:00-04:00,2757.4,trailing,81.99999999999818,2.0,79.99999999999818,2803.0325709574295,2773.797972273831
2024-10-31,-1,1,2024-10-31 15:00:00-04:00,2757.2000000000003,2024-10-31 15:30:00-04:00,2758.6,trailing,-13.999999999996362,2.0,-15.999999999996362,2810.541917013231,2766.3455030084483
2024-10-31,-1,1,2024-10-31 15:30:00-04:00,2758.4,2024-10-31 15:59:00-04:00,2756.7,cierre,17.00000000000273,2.0,15.000000000002728,2810.37739282179,2766.5087810716796
2024-11-01,-1,1,2024-11-01 15:30:00-04:00,2743.0,2024-11-01 15:59:00-04:00,2743.9,cierre,-9.00000000000091,2.0,-11.00000000000091,2775.8509555103406,2744.7807728075954
2024-11-07,1,1,2024-11-07 10:30:00-05:00,2706.5,2024-11-07 11:00:00-05:00,2705.9,trailing,-5.9999999999990905,2.0,-7.9999999999990905,2705.5244720935298,2661.359416734288
2024-11-07,1,1,2024-11-07 15:30:00-05:00,2714.9,2024-11-07 15:59:00-05:00,2711.8,cierre,-30.99999999999909,2.0,-32.99999999999909,2709.047042959903,2657.8736712612167
2024-11-08,-1,1,2024-11-08 10:00:00-05:00,2698.9,2024-11-08 10:30:00-05:00,2697.7999999999997,trailing,11.000000000003638,2.0,9.000000000003638,2715.1284946765118,2701.0805530610683
2024-11-08,-1,1,2024-11-08 11:30:00-05:00,2694.6,2024-11-08 13:00:00-05:00,2695.7999999999997,trailing,-11.999999999998181,2.0,-13.999999999998181,2721.3393828853445,2694.8870706379894
2024-11-08,-1,1,2024-11-08 14:00:00-05:00,2692.7000000000003,2024-11-08 15:00:00-05:00,2694.7999999999997,trailing,-20.999999999994543,2.0,-22.999999999994543,2723.430006768658,2692.802305651211
2024-11-11,-1,1,2024-11-11 10:00:00-05:00,2628.8,2024-11-11 10:30:00-05:00,2626.6,trailing,22.00000000000273,2.0,20.00000000000273,2696.1657249521836,2631.3070191031557
2024-11-11,-1,1,2024-11-11 11:00:00-05:00,2621.1,2024-11-11 14:00:00-05:00,2625.7,trailing,-45.99999999999909,2.0,-47.99999999999909,2703.294534296515,2624.332286074867
2024-11-12,-1,1,2024-11-12 10:30:00-05:00,2609.8,2024-11-12 15:59:00-05:00,2606.2,cierre,36.00000000000364,2.0,34.00000000000364,2636.8891942806695,2611.3385819599393
2024-11-13,-1,1,2024-11-13 12:00:00-05:00,2591.5,2024-11-13 15:59:00-05:00,2579.5,cierre,120.0,2.0,118.0,2629.006322837194,2596.442592316263
2024-11-14,-1,1,2024-11-14 10:00:00-05:00,2564.5,2024-11-14 10:30:00-05:00,2575.7,trailing,-111.99999999999818,2.0,-113.99999999999818,2583.0653690564627,2564.6504042227984
2024-11-18,1,1,2024-11-18 10:00:00-05:00,2612.6,2024-11-18 10:30:00-05:00,2615.6,trailing,30.0,2.0,28.0,2612.406238646769,2562.954898131311
2024-11-20,1,1,2024-11-20 11:30:00-05:00,2653.5,2024-11-20 12:00:00-05:00,2653.9,trailing,4.0000000000009095,2.0,2.0000000000009095,2652.971882921029,2627.349077144076
2024-11-20,1,1,2024-11-20 13:00:00-05:00,2655.4,2024-11-20 13:30:00-05:00,2651.5,trailing,-39.00000000000091,2.0,-41.00000000000091,2654.1047924737563,2626.2185252297536
2024-11-20,1,1,2024-11-20 15:00:00-05:00,2654.5,2024-11-20 15:30:00-05:00,2652.0,trailing,-25.0,2.0,-27.0,2654.129203736059,2626.1941647684425
2024-11-22,1,1,2024-11-22 10:00:00-05:00,2697.2,2024-11-22 15:59:00-05:00,2707.7000000000003,cierre,105.00000000000455,2.0,103.00000000000455,2693.4030111530747,2670.6175649189795
2024-11-25,-1,1,2024-11-25 10:00:00-05:00,2642.4,2024-11-25 15:59:00-05:00,2627.4,cierre,150.0,2.0,148.0,2711.7802900790134,2643.0092289644213
2024-11-26,-1,1,2024-11-26 10:00:00-05:00,2622.9,2024-11-26 10:30:00-05:00,2626.7,trailing,-37.99999999999727,2.0,-39.99999999999727,2633.5088511454064,2623.1944304349563
2024-12-02,-1,1,2024-12-02 13:30:00-05:00,2658.4,2024-12-02 14:00:00-05:00,2660.0,trailing,-15.99999999999909,2.0,-17.99999999999909,2685.4835616091536,2659.5285682283516
2024-12-05,-1,1,2024-12-05 10:00:00-05:00,2663.5,2024-12-05 11:00:00-05:00,2663.7999999999997,trailing,-2.9999999999972715,2.0,-4.9999999999972715,2678.187972999294,2665.1198869543787
2024-12-05,-1,1,2024-12-05 11:30:00-05:00,2660.8,2024-12-05 15:59:00-05:00,2654.6,cierre,62.00000000000273,2.0,60.00000000000273,2681.4311240451043,2661.883647840129
2024-12-06,1,1,2024-12-06 12:00:00-05:00,2662.6,2024-12-06 12:30:00-05:00,2658.9,trailing,-36.99999999999818,2.0,-38.99999999999818,2661.8465392512157,2643.9623170025443
2024-12-09,1,1,2024-12-09 10:00:00-05:00,2697.5,2024-12-09 10:30:00-05:00,2695.3,trailing,-21.99999999999818,2.0,-23.99999999999818,2695.6577693109152,2649.801397134886
2024-12-10,1,1,2024-12-10 10:00:00-05:00,2713.7999999999997,2024-12-10 10:30:00-05:00,2712.7000000000003,trailing,-10.999999999994543,2.0,-12.999999999994543,2713.554448253885,2676.4911985534427
2024-12-10,1,1,2024-12-10 12:00:00-05:00,2717.9,2024-12-10 12:30:00-05:00,2716.1,trailing,-18.00000000000182,2.0,-20.00000000000182,2716.9143903694053,2673.1664780369474
2024-12-10,1,1,2024-12-10 13:00:00-05:00,2719.9,2024-12-10 13:30:00-05:00,2717.9,trailing,-20.0,2.0,-22.0,2718.5178984382246,2671.5797792214707
2024-12-11,1,1,2024-12-11 10:00:00-05:00,2742.2,2024-12-11 14:00:00-05:00,2750.5,trailing,83.00000000000182,2.0,81.00000000000182,2737.447383361546,2713.776700529325
2024-12-11,1,1,2024-12-11 14:00:00-05:00,2750.7,2024-12-11 15:59:00-05:00,2752.6,cierre,19.00000000000091,2.0,17.00000000000091,2743.208637970786,2708.046644810761
2024-12-12,-1,1,2024-12-12 11:00:00-05:00,2701.1,2024-12-12 12:00:00-05:00,2707.2999999999997,trailing,-61.99999999999818,2.0,-63.99999999999818,2761.063909007284,2702.66309771212
2024-12-17,-1,1,2024-12-17 10:00:00-05:00,2649.6,2024-12-17 10:30:00-05:00,2655.5,trailing,-59.00000000000091,2.0,-61.00000000000091,2674.1137088136848,2651.0084282071043
2024-12-18,-1,1,2024-12-18 14:30:00-05:00,2635.0,2024-12-18 15:59:00-05:00,2607.0,cierre,280.0,2.0,278.0,2669.0008091408376,2646.2177229745603
2024-12-20,1,1,2024-12-20 10:30:00-05:00,2643.0,2024-12-20 15:59:00-05:00,2642.9,cierre,-0.9999999999990905,2.0,-2.9999999999990905,2637.9074330852723,2606.2372317773406
2024-12-23,-1,1,2024-12-23 11:00:00-05:00,2624.5,2024-12-23 11:30:00-05:00,2628.0,trailing,-35.0,2.0,-37.0,2649.8925834805304,2625.13610301901
2024-12-26,1,1,2024-12-26 10:30:00-05:00,2652.0,2024-12-26 11:30:00-05:00,2649.9,trailing,-20.99999999999909,2.0,-22.99999999999909,2648.846730537863,2627.2747805678264
2024-12-26,1,1,2024-12-26 11:30:00-05:00,2650.1,2024-12-26 12:00:00-05:00,2648.8,trailing,-12.999999999997272,2.0,-14.999999999997272,2648.6500406774753,2627.47079311128
2024-12-26,1,1,2024-12-26 12:00:00-05:00,2649.0,2024-12-26 12:30:00-05:00,2645.5,trailing,-35.0,2.0,-37.0,2648.4108474227464,2627.7091626853085
2024-12-26,1,1,2024-12-26 13:30:00-05:00,2653.7,2024-12-26 15:00:00-05:00,2653.2000000000003,trailing,-4.9999999999954525,2.0,-6.9999999999954525,2650.289672757101,2625.8368072330936
2024-12-26,1,1,2024-12-26 15:30:00-05:00,2655.0,2024-12-26 15:59:00-05:00,2654.7000000000003,cierre,-2.9999999999972715,2.0,-4.9999999999972715,2654.8858795550946,2621.256427833065
2024-12-30,-1,1,2024-12-30 10:30:00-05:00,2615.5,2024-12-30 12:30:00-05:00,2616.5,trailing,-10.0,2.0,-12.0,2637.0698987232863,2619.6436118184756
2024-12-30,-1,1,2024-12-30 12:30:00-05:00,2616.3,2024-12-30 13:00:00-05:00,2618.7999999999997,trailing,-24.999999999995453,2.0,-26.999999999995453,2636.5141383678106,2620.197999456855
2024-12-30,-1,1,2024-12-30 13:00:00-05:00,2618.6,2024-12-30 13:30:00-05:00,2618.2,trailing,4.0000000000009095,2.0,2.0000000000009095,2637.801884672819,2618.9134338597737
2024-12-30,-1,1,2024-12-30 13:30:00-05:00,2618.0,2024-12-30 14:00:00-05:00,2619.2,trailing,-11.999999999998181,2.0,-13.999999999998181,2638.1867894806105,2618.5294797592524
2024-12-31,1,1,2024-12-31 10:30:00-05:00,2631.5,2024-12-31 15:59:00-05:00,2637.7000000000003,cierre,62.00000000000273,2.0,60.00000000000273,2630.7558374396185,2616.0508552009846
2025-01-03,-1,1,2025-01-03 10:30:00-05:00,2656.4,2025-01-03 11:00:00-05:00,2657.9,trailing,-15.0,2.0,-17.0,2677.5566056731036,2658.6600857326653
2025-01-03,-1,1,2025-01-03 11:30:00-05:00,2654.7000000000003,2025-01-03 14:30:00-05:00,2655.7999999999997,trailing,-10.999999999994543,2.0,-12.999999999994543,2679.426736211204,2656.796252872797
2025-01-03,-1,1,2025-01-03 15:00:00-05:00,2653.2000000000003,2025-01-03 15:30:00-05:00,2653.2999999999997,trailing,-0.999999999994543,2.0,-2.999999999994543,2682.503244236925,2653.7301050102988
2025-01-08,1,1,2025-01-08 12:00:00-05:00,2686.2999999999997,2025-01-08 12:30:00-05:00,2679.5,trailing,-67.99999999999727,2.0,-69.99999999999727,2685.4043339631376,2657.33229905954
2025-01-09,1,1,2025-01-09 10:00:00-05:00,2691.9,2025-01-09 10:30:00-05:00,2690.7000000000003,trailing,-11.999999999998181,2.0,-13.999999999998181,2690.9059690453187,2678.1013016579077
2025-01-14,1,1,2025-01-14 15:30:00-05:00,2688.7999999999997,2025-01-14 15:59:00-05:00,2690.1,cierre,13.000000000001819,2.0,11.000000000001819,2688.03227899024,2665.8867157912828
2025-01-16,1,1,2025-01-16 12:30:00-05:00,2755.0,2025-01-16 13:30:00-05:00,2750.7000000000003,trailing,-42.99999999999727,2.0,-44.99999999999727,2753.0753982120327,2713.0890031030603
2025-01-17,1,1,2025-01-17 12:00:00-05:00,2758.2999999999997,2025-01-17 13:00:00-05:00,2753.2000000000003,trailing,-50.99999999999454,2.0,-52.99999999999454,2755.4138784023366,2729.713381706065
2025-01-20,-1,1,2025-01-20 10:00:00-05:00,2729.5,2025-01-20 10:30:00-05:00,2729.0,trailing,5.0,2.0,3.0,2742.706753878111,2730.999065414213
2025-01-20,-1,1,2025-01-20 11:30:00-05:00,2721.7000000000003,2025-01-20 13:30:00-05:00,2728.1,trailing,-63.99999999999636,2.0,-65.99999999999636,2748.334541605991,2725.380112840488
2025-01-21,1,1,2025-01-21 10:00:00-05:00,2753.9,2025-01-21 15:59:00-05:00,2755.7000000000003,cierre,18.00000000000182,2.0,16.00000000000182,2746.78710560185,2727.8288846860387
2025-01-24,1,1,2025-01-24 10:30:00-05:00,2794.0,2025-01-24 11:00:00-05:00,2782.5,trailing,-115.0,2.0,-117.0,2787.2099390804656,2756.330091051502
2025-01-27,-1,1,2025-01-27 10:30:00-05:00,2745.6,2025-01-27 15:59:00-05:00,2743.5,cierre,20.99999999999909,2.0,18.99999999999909,2783.19632596907,2748.5505699971845
2025-01-28,1,1,2025-01-28 12:30:00-05:00,2767.4,2025-01-28 15:59:00-05:00,2771.8,cierre,44.00000000000091,2.0,42.00000000000091,2766.568794572521,2735.3753739241424
2025-01-29,-1,1,2025-01-29 14:30:00-05:00,2762.1,2025-01-29 15:00:00-05:00,2773.7,trailing,-115.99999999999909,2.0,-117.99999999999909,2782.0398725063765,2763.7659963948145
2025-01-31,1,1,2025-01-31 10:00:00-05:00,2856.6,2025-01-31 10:30:00-05:00,2855.0,trailing,-15.99999999999909,2.0,-17.99999999999909,2855.4011265481026,2846.398873451897
2025-01-31,-1,1,2025-01-31 13:30:00-05:00,2835.3,2025-01-31 15:59:00-05:00,2830.5,cierre,48.00000000000182,2.0,46.00000000000182,2860.0190548085266,2841.780945191473
2025-02-03,1,1,2025-02-03 10:00:00-05:00,2870.6,2025-02-03 10:30:00-05:00,2854.6,trailing,-160.0,2.0,-162.0,2859.243627680107,2825.8950489418244
2025-02-04,1,1,2025-02-04 10:30:00-05:00,2873.9,2025-02-04 11:00:00-05:00,2863.8,trailing,-100.99999999999909,2.0,-102.99999999999909,2873.1662371446473,2851.1547795249817
2025-02-05,1,1,2025-02-05 10:00:00-05:00,2894.2999999999997,2025-02-05 11:30:00-05:00,2891.6,trailing,-26.99999999999818,2.0,-28.99999999999818,2892.164600880122,2869.357470353047
2025-02-05,1,1,2025-02-05 12:00:00-05:00,2896.2,2025-02-05 12:30:00-05:00,2893.1,trailing,-30.99999999999909,2.0,-32.99999999999909,2895.7955608075144,2865.7429844931394
2025-02-06,-1,1,2025-02-06 10:00:00-05:00,2861.7000000000003,2025-02-06 10:30:00-05:00,2868.1,trailing,-63.99999999999636,2.0,-65.99999999999636,2887.3463400175815,2876.055445542066
2025-02-06,-1,1,2025-02-06 10:30:00-05:00,2867.9,2025-02-06 11:00:00-05:00,2874.2,trailing,-62.99999999999727,2.0,-64.99999999999727,2888.524993354711,2874.877201147181
2025-02-06,-1,1,2025-02-06 11:00:00-05:00,2874.0,2025-02-06 11:30:00-05:00,2875.2,trailing,-11.999999999998181,2.0,-13.999999999998181,2888.788039251427,2874.614246516129
2025-02-07,1,1,2025-02-07 10:30:00-05:00,2906.2,2025-02-07 11:30:00-05:00,2894.2000000000003,trailing,-119.99999999999545,2.0,-121.99999999999545,2903.4881766963754,2874.946761362466
2025-02-10,1,1,2025-02-10 11:00:00-05:00,2936.5,2025-02-10 11:30:00-05:00,2932.7000000000003,trailing,-37.99999999999727,2.0,-39.99999999999727,2935.739656475684,2880.8508659343574
2025-02-11,-1,1,2025-02-11 10:00:00-05:00,2922.2000000000003,2025-02-11 10:30:00-05:00,2925.2,trailing,-29.999999999995453,2.0,-31.999999999995453,2940.143671183294,2922.9681639886744
2025-02-13,1,1,2025-02-13 10:00:00-05:00,2942.9,2025-02-13 10:30:00-05:00,2943.9,trailing,10.0,2.0,8.0,2942.5267434301823,2918.9967786307225
2025-02-13,1,1,2025-02-13 11:00:00-05:00,2947.9,2025-02-13 12:00:00-05:00,2941.5,trailing,-64.00000000000091,2.0,-66.00000000000091,2942.811554789246,2918.7131794412157
2025-02-13,1,1,2025-02-13 12:30:00-05:00,2944.7999999999997,2025-02-13 15:59:00-05:00,2957.2000000000003,cierre,124.00000000000546,2.0,122.00000000000546,2943.957182262473,2917.572427808443
2025-02-14,-1,1,2025-02-14 10:00:00-05:00,2939.1,2025-02-14 15:59:00-05:00,2896.6,cierre,425.0,2.0,423.0,2962.9703236724777,2940.3513429347317
2025-02-17,1,1,2025-02-17 10:00:00-05:00,2916.7999999999997,2025-02-17 10:30:00-05:00,2912.4,trailing,-43.99999999999636,2.0,-45.99999999999636,2915.9350841191917,2890.492707257555
2025-02-18,1,1,2025-02-18 11:30:00-05:00,2946.1,2025-02-18 15:59:00-05:00,2951.2000000000003,cierre,51.00000000000364,2.0,49.00000000000364,2945.528369998808,2904.435529063691
2025-02-19,-1,1,2025-02-19 11:00:00-05:00,2941.7000000000003,2025-02-19 11:30:00-05:00,2944.0,trailing,-22.99999999999727,2.0,-24.99999999999727,2959.630553554989,2941.9722691175803
2025-02-19,-1,1,2025-02-19 13:30:00-05:00,2935.3,2025-02-19 14:00:00-05:00,2940.7999999999997,trailing,-54.99999999999545,2.0,-56.99999999999545,2961.465725452432,2940.137719038285
2025-02-20,1,1,2025-02-20 11:30:00-05:00,2960.1,2025-02-20 12:30:00-05:00,2957.4,trailing,-26.99999999999818,2.0,-28.99999999999818,2957.9393499484204,2938.3743236528453
2025-02-21,-1,1,2025-02-21 10:30:00-05:00,2939.5,2025-02-21 11:00:00-05:00,2942.6,trailing,-30.99999999999909,2.0,-32.99999999999909,2960.6541918165112,2942.4524579665904
2025-02-25,-1,1,2025-02-25 10:00:00-05:00,2946.2000000000003,2025-02-25 14:00:00-05:00,2922.2,trailing,240.00000000000455,2.0,238.00000000000455,2970.8444392975084,2951.470443462499
2025-02-25,-1,1,2025-02-25 14:00:00-05:00,2922.0,2025-02-25 15:00:00-05:00,2924.1,trailing,-20.99999999999909,2.0,-22.99999999999909,2975.3353047602154,2946.9906355139183
2025-02-25,-1,1,2025-02-25 15:00:00-05:00,2923.9,2025-02-25 15:30:00-05:00,2925.2999999999997,trailing,-13.999999999996362,2.0,-15.999999999996362,2975.1866156597607,2947.138958508587
2025-02-25,-1,1,2025-02-25 15:30:00-05:00,2925.1,2025-02-25 15:59:00-05:00,2925.6,cierre,-5.0,2.0,-7.0,2974.2157571111866,2948.1074265865036
2025-02-27,-1,1,2025-02-27 10:00:00-05:00,2884.3,2025-02-27 10:30:00-05:00,2888.5,trailing,-41.99999999999818,2.0,-43.99999999999818,2936.0837923308254,2896.968379403639
2025-02-27,-1,1,2025-02-27 10:30:00-05:00,2888.3,2025-02-27 12:00:00-05:00,2890.9,trailing,-25.99999999999909,2.0,-27.99999999999909,2941.21239699368,2891.8894735746558
2025-02-27,-1,1,2025-02-27 12:00:00-05:00,2890.7000000000003,2025-02-27 12:30:00-05:00,2894.2,trailing,-34.99999999999545,2.0,-36.99999999999545,2942.3535161517507,2890.7594124518973
2025-02-27,-1,1,2025-02-27 15:30:00-05:00,2884.9,2025-02-27 15:59:00-05:00,2884.6,cierre,3.000000000001819,2.0,1.000000000001819,2943.838531535992,2889.2887876354084
2025-02-28,-1,1,2025-02-28 10:00:00-05:00,2846.1,2025-02-28 10:30:00-05:00,2855.2999999999997,trailing,-91.99999999999818,2.0,-93.99999999999818,2890.849152150483,2852.108297276152
2025-03-03,1,1,2025-03-03 10:30:00-05:00,2900.1,2025-03-03 15:00:00-05:00,2891.2000000000003,trailing,-88.99999999999636,2.0,-90.99999999999636,2895.29413223398,2853.8804200190616
2025-03-07,1,1,2025-03-07 10:00:00-05:00,2934.9,2025-03-07 10:30:00-05:00,2932.6,trailing,-23.00000000000182,2.0,-25.00000000000182,2932.1615033298335,2909.5570461941475
2025-03-10,-1,1,2025-03-10 14:00:00-04:00,2891.8,2025-03-10 15:59:00-04:00,2890.7,cierre,11.000000000003638,2.0,9.000000000003638,2929.70497580468,2895.937603092822
2025-03-12,1,1,2025-03-12 12:30:00-04:00,2946.1,2025-03-12 15:59:00-04:00,2939.8,cierre,-62.99999999999727,2.0,-64.99999999999727,2935.8229488964516,2906.2075559479113
2025-03-13,1,1,2025-03-13 11:00:00-04:00,2980.9,2025-03-13 15:59:00-04:00,2995.1,cierre,141.99999999999818,2.0,139.99999999999818,2965.838191022989,2928.218233035954
2025-03-19,1,1,2025-03-19 15:00:00-04:00,3055.7,2025-03-19 15:30:00-04:00,3051.5,trailing,-41.99999999999818,2.0,-43.99999999999818,3055.3371059968745,3029.464568505984
2025-03-21,-1,1,2025-03-21 10:00:00-04:00,3010.6,2025-03-21 11:00:00-04:00,3021.0,trailing,-104.00000000000091,2.0,-106.00000000000091,3058.420317449127,3030.710380025462
2025-03-21,-1,1,2025-03-21 11:00:00-04:00,3020.8,2025-03-21 11:30:00-04:00,3018.9,trailing,19.00000000000091,2.0,17.00000000000091,3063.136834598636,3026.0187386952903
2025-03-21,-1,1,2025-03-21 11:30:00-04:00,3018.7000000000003,2025-03-21 12:30:00-04:00,3020.2,trailing,-14.999999999995453,2.0,-16.999999999995453,3063.9882181626144,3025.171845492112
2025-03-21,-1,1,2025-03-21 12:30:00-04:00,3020.0,2025-03-21 13:00:00-04:00,3021.7,trailing,-16.99999999999818,2.0,-18.99999999999818,3064.0679826682663,3025.0925016798174
2025-03-21,-1,1,2025-03-21 13:00:00-04:00,3021.5,2025-03-21 13:30:00-04:00,3021.4,trailing,0.9999999999990905,2.0,-1.0000000000009095,3063.5770119513536,3025.5808829226607
2025-03-21,-1,1,2025-03-21 13:30:00-04:00,3021.2000000000003,2025-03-21 14:00:00-04:00,3020.0,trailing,12.000000000002728,2.0,10.000000000002728,3064.3966618304844,3024.7655560347685
2025-03-21,-1,1,2025-03-21 14:00:00-04:00,3019.8,2025-03-21 14:30:00-04:00,3024.2999999999997,trailing,-44.99999999999545,2.0,-46.99999999999545,3065.65239708206,3023.516443772629
2025-03-24,-1,1,2025-03-24 14:30:00-04:00,3010.4,2025-03-24 15:00:00-04:00,3013.6,trailing,-31.99999999999818,2.0,-33.99999999999818,3041.722823562844,3012.290274826025
2025-03-27,1,1,2025-03-27 11:00:00-04:00,3069.2,2025-03-27 13:00:00-04:00,3062.2000000000003,trailing,-69.99999999999545,2.0,-71.99999999999545,3061.265110447609,3013.326382842575
2025-03-27,1,1,2025-03-27 14:00:00-04:00,3066.7,2025-03-27 15:59:00-04:00,3069.2000000000003,cierre,25.000000000004547,2.0,23.000000000004547,3064.102596637727,3010.5152127234996
2025-04-01,-1,1,2025-04-01 12:00:00-04:00,3143.7000000000003,2025-04-01 14:00:00-04:00,3146.7999999999997,trailing,-30.999999999994543,2.0,-32.99999999999454,3171.9891028830643,3145.4220885948957
2025-04-02,1,1,2025-04-02 12:30:00-04:00,3175.2999999999997,2025-04-02 13:30:00-04:00,3166.3,trailing,-89.99999999999545,2.0,-91.99999999999545,3171.613991641095,3140.219903741996
2025-04-04,-1,1,2025-04-04 10:00:00-04:00,3080.9,2025-04-04 15:59:00-04:00,3057.7,cierre,232.00000000000273,2.0,230.00000000000273,3133.685252736964,3088.5821349665257
2025-04-07,-1,1,2025-04-07 10:00:00-04:00,3032.1,2025-04-07 15:59:00-04:00,2992.4,cierre,396.9999999999982,2.0,394.9999999999982,3064.910569545557,3034.726729278655
2025-04-09,1,1,2025-04-09 10:00:00-04:00,3091.7999999999997,2025-04-09 11:00:00-04:00,3085.9,trailing,-58.99999999999636,2.0,-60.99999999999636,3085.7321749399925,2991.272955173496
2025-04-09,1,1,2025-04-09 11:30:00-04:00,3101.1,2025-04-09 13:30:00-04:00,3076.8,trailing,-242.99999999999727,2.0,-244.99999999999727,3093.1087520540495,2984.084765154076
2025-04-09,1,1,2025-04-09 15:30:00-04:00,3109.7999999999997,2025-04-09 15:59:00-04:00,3110.5,cierre,7.0000000000027285,2.0,5.0000000000027285,3096.767706178678,2980.519255417853
2025-04-10,1,1,2025-04-10 11:00:00-04:00,3173.0,2025-04-10 15:59:00-04:00,3188.5,cierre,155.0,2.0,153.0,3166.143136646236,3094.9565181564353
2025-04-16,1,1,2025-04-16 12:00:00-04:00,3341.1,2025-04-16 13:00:00-04:00,3344.1,trailing,30.0,2.0,28.0,3340.9129598044287,3227.035838774681
2025-04-16,1,1,2025-04-16 13:30:00-04:00,3346.4,2025-04-16 15:59:00-04:00,3351.9,cierre,55.0,2.0,53.0,3341.9188615657854,3226.0523826049034
2025-04-17,-1,1,2025-04-17 10:30:00-04:00,3316.6,2025-04-17 12:30:00-04:00,3323.4,trailing,-68.00000000000182,2.0,-70.00000000000182,3365.518982419949,3322.3463539509353
2025-04-22,-1,1,2025-04-22 12:30:00-04:00,3397.7000000000003,2025-04-22 13:30:00-04:00,3419.6,trailing,-218.99999999999636,2.0,-220.99999999999636,3478.828179297324,3411.5137072672223
2025-04-22,-1,1,2025-04-22 14:30:00-04:00,3400.4,2025-04-22 15:59:00-04:00,3387.7,cierre,127.00000000000273,2.0,125.00000000000273,3478.6280372259844,3411.712621508625
2025-04-23,-1,1,2025-04-23 10:00:00-04:00,3287.7000000000003,2025-04-23 11:00:00-04:00,3299.0,trailing,-112.99999999999727,2.0,-114.99999999999727,3398.2328802692195,3301.6044103637814
2025-04-23,-1,1,2025-04-23 11:30:00-04:00,3289.9,2025-04-23 12:00:00-04:00,3293.1,trailing,-31.99999999999818,2.0,-33.99999999999818,3409.199034829472,3290.882984013694
2025-04-28,1,1,2025-04-28 11:00:00-04:00,3339.6,2025-04-28 15:59:00-04:00,3362.4,cierre,228.00000000000182,2.0,226.00000000000182,3326.5138710169654,3300.3016385375563
2025-05-01,-1,1,2025-05-01 12:30:00-04:00,3217.4,2025-05-01 13:00:00-04:00,3228.1,trailing,-106.99999999999818,2.0,-108.99999999999818,3320.724075828032,3221.477834247228
2025-05-06,1,1,2025-05-06 13:30:00-04:00,3422.7999999999997,2025-05-06 15:30:00-04:00,3424.4,trailing,16.000000000003638,2.0,14.000000000003638,3420.2107930807065,3323.08408322483
2025-05-08,-1,1,2025-05-08 11:30:00-04:00,3352.6,2025-05-08 15:59:00-04:00,3311.2,cierre,414.0000000000009,2.0,412.0000000000009,3390.420440370739,3355.820364961903
2025-05-13,-1,1,2025-05-13 10:00:00-04:00,3231.8,2025-05-13 10:30:00-04:00,3245.5,trailing,-136.99999999999818,2.0,-138.99999999999818,3256.6363933379985,3232.484109414825
2025-05-14,-1,1,2025-05-14 15:00:00-04:00,3175.9,2025-05-14 15:30:00-04:00,3177.2,trailing,-12.999999999997272,2.0,-14.999999999997272,3268.0829394566163,3176.4916402524514
2025-05-15,1,1,2025-05-15 10:30:00-04:00,3209.2,2025-05-15 15:59:00-04:00,3234.5,cierre,253.00000000000182,2.0,251.00000000000182,3200.1085976661197,3179.1084955719502
2025-05-20,1,1,2025-05-20 10:00:00-04:00,3264.5,2025-05-20 15:59:00-04:00,3296.7000000000003,cierre,322.00000000000273,2.0,320.00000000000273,3244.955089775075,3229.9518143360774
2025-05-22,-1,1,2025-05-22 10:00:00-04:00,3286.7000000000003,2025-05-22 10:30:00-04:00,3297.5,trailing,-107.99999999999727,2.0,-109.99999999999727,3327.8899144106335,3304.03092336005
2025-05-22,-1,1,2025-05-22 10:30:00-04:00,3297.3,2025-05-22 11:00:00-04:00,3296.6,trailing,7.0000000000027285,2.0,5.0000000000027285,3327.9259630423044,3303.9949821936616
2025-05-22,-1,1,2025-05-22 11:00:00-04:00,3296.4,2025-05-22 11:30:00-04:00,3294.2,trailing,22.00000000000273,2.0,20.00000000000273,3328.128081777979,3303.793465998106
2025-05-22,-1,1,2025-05-22 11:30:00-04:00,3294.0,2025-05-22 12:00:00-04:00,3294.2999999999997,trailing,-2.9999999999972715,2.0,-4.9999999999972715,3329.4114623406413,3302.513911346363
2025-05-22,-1,1,2025-05-22 12:00:00-04:00,3294.1,2025-05-22 12:30:00-04:00,3299.2,trailing,-50.99999999999909,2.0,-52.99999999999909,3333.236760889712,3298.7000164696815
2025-05-22,-1,1,2025-05-22 13:30:00-04:00,3295.3,2025-05-22 14:00:00-04:00,3295.7999999999997,trailing,-4.9999999999954525,2.0,-6.9999999999954525,3336.649452657706,3295.2974983439235
2025-05-23,1,1,2025-05-23 11:00:00-04:00,3359.7999999999997,2025-05-23 11:30:00-04:00,3358.4,trailing,-13.999999999996362,2.0,-15.999999999996362,3359.4958695265545,3282.6483085421364
2025-05-28,-1,1,2025-05-28 11:30:00-04:00,3293.9,2025-05-28 12:00:00-04:00,3294.7999999999997,trailing,-8.999999999996362,2.0,-10.999999999996362,3313.2835193541937,3293.8200544534334
2025-05-30,-1,1,2025-05-30 10:00:00-04:00,3300.5,2025-05-30 11:30:00-04:00,3311.6,trailing,-110.99999999999909,2.0,-112.99999999999909,3325.979474660696,3311.0205253393037
2025-06-02,1,1,2025-06-02 10:00:00-04:00,3396.2,2025-06-02 15:59:00-04:00,3406.2000000000003,cierre,100.00000000000455,2.0,98.00000000000455,3389.3133746621174,3310.1461703569867
2025-06-03,-1,1,2025-06-03 10:00:00-04:00,3369.7000000000003,2025-06-03 10:30:00-04:00,3371.1,trailing,-13.999999999996362,2.0,-15.999999999996362,3414.9154082633254,3374.8425117229444
2025-06-03,-1,1,2025-06-03 10:30:00-04:00,3370.9,2025-06-03 11:00:00-04:00,3370.5,trailing,4.0000000000009095,2.0,2.0000000000009095,3414.7867848284536,3374.9702704434167
2025-06-03,-1,1,2025-06-03 11:00:00-04:00,3370.3,2025-06-03 11:30:00-04:00,3373.7,trailing,-33.99999999999636,2.0,-35.99999999999636,3416.5922508081003,3373.1769423174337
2025-06-04,1,1,2025-06-04 10:30:00-04:00,3394.2,2025-06-04 15:30:00-04:00,3397.4,trailing,32.00000000000273,2.0,30.00000000000273,3391.381142086357,3367.1344998254413
2025-06-05,-1,1,2025-06-05 11:30:00-04:00,3385.5,2025-06-05 15:30:00-04:00,3381.1,trailing,44.00000000000091,2.0,42.00000000000091,3413.9971834885228,3386.1209146980264
2025-06-06,-1,1,2025-06-06 10:00:00-04:00,3365.3,2025-06-06 15:59:00-04:00,3334.5,cierre,308.0000000000018,2.0,306.0000000000018,3389.5642200814814,3367.147309617187
2025-06-09,1,1,2025-06-09 11:30:00-04:00,3352.0,2025-06-09 15:30:00-04:00,3351.9,trailing,-0.9999999999990905,2.0,-2.9999999999990905,3348.2118372161767,3320.88937835079
2025-06-12,1,1,2025-06-12 10:00:00-04:00,3412.7999999999997,2025-06-12 10:30:00-04:00,3409.6,trailing,-31.99999999999818,2.0,-33.99999999999818,3410.5513062729983,3360.8232871843366
2025-06-16,-1,1,2025-06-16 10:00:00-04:00,3407.1,2025-06-16 11:00:00-04:00,3416.2999999999997,trailing,-91.99999999999818,2.0,-93.99999999999818,3459.6293808282885,3428.0068254582475
2025-06-16,-1,1,2025-06-16 11:00:00-04:00,3416.1,2025-06-16 11:30:00-04:00,3423.7,trailing,-75.99999999999909,2.0,-77.99999999999909,3463.886030114689,3423.770644981601
2025-06-16,-1,1,2025-06-16 12:30:00-04:00,3418.8,2025-06-16 13:00:00-04:00,3418.6,trailing,2.0000000000027285,2.0,2.7284841053187847e-12,3467.2205394979624,3420.452170144188
2025-06-16,-1,1,2025-06-16 13:00:00-04:00,3418.4,2025-06-16 13:30:00-04:00,3417.4,trailing,10.0,2.0,8.0,3466.808122711688,3420.862603755394
2025-06-16,-1,1,2025-06-16 13:30:00-04:00,3417.2000000000003,2025-06-16 15:59:00-04:00,3403.0,cierre,142.00000000000273,2.0,140.00000000000273,3465.73539493807,3421.930173138165
2025-06-18,-1,1,2025-06-18 15:30:00-04:00,3383.1,2025-06-18 15:59:00-04:00,3384.7,cierre,-15.99999999999909,2.0,-17.99999999999909,3429.624709126637,3388.9193990361373
2025-06-23,1,1,2025-06-23 10:00:00-04:00,3396.4,2025-06-23 10:30:00-04:00,3394.4,trailing,-20.0,2.0,-22.0,3392.8344144603343,3373.173370839634
2025-06-23,1,1,2025-06-23 11:00:00-04:00,3402.6,2025-06-23 13:30:00-04:00,3395.0,trailing,-75.99999999999909,2.0,-77.99999999999909,3396.3630019946877,3369.6481194395687
2025-06-23,1,1,2025-06-23 14:30:00-04:00,3400.6,2025-06-23 15:00:00-04:00,3393.8,trailing,-67.99999999999727,2.0,-69.99999999999727,3399.5876215714047,3366.4265486079457
2025-06-24,-1,1,2025-06-24 10:00:00-04:00,3315.9,2025-06-24 10:30:00-04:00,3318.7999999999997,trailing,-28.999999999996362,2.0,-30.999999999996362,3399.5718989356187,3316.289784858266
2025-06-30,1,1,2025-06-30 13:00:00-04:00,3309.2,2025-06-30 14:00:00-04:00,3305.6,trailing,-35.99999999999909,2.0,-37.99999999999909,3307.459913985817,3269.686468054504
2025-06-30,1,1,2025-06-30 14:30:00-04:00,3311.5,2025-06-30 15:59:00-04:00,3320.4,cierre,89.00000000000091,2.0,87.00000000000091,3306.0015604054624,3271.1396423193873
2025-07-08,-1,1,2025-07-08 10:00:00-04:00,3324.4,2025-07-08 13:30:00-04:00,3317.2,trailing,72.00000000000273,2.0,70.00000000000273,3352.964444862782,3329.1567555145116
2025-07-08,-1,1,2025-07-08 13:30:00-04:00,3317.0,2025-07-08 14:00:00-04:00,3315.1,trailing,19.00000000000091,2.0,17.00000000000091,3358.8850198346104,3323.257583834237
2025-07-08,-1,1,2025-07-08 14:00:00-04:00,3314.9,2025-07-08 15:00:00-04:00,3314.2999999999997,trailing,6.000000000003638,2.0,4.000000000003638,3358.534185545792,3323.6071498326264
2025-07-08,-1,1,2025-07-08 15:00:00-04:00,3314.1,2025-07-08 15:59:00-04:00,3312.2999999999997,cierre,18.00000000000182,2.0,16.00000000000182,3360.447982520607,3321.700271367385
2025-07-09,1,1,2025-07-09 11:00:00-04:00,3321.1,2025-07-09 11:30:00-04:00,3317.3,trailing,-37.99999999999727,2.0,-39.99999999999727,3320.8109625534166,3295.8093156628493
2025-07-11,1,1,2025-07-11 11:30:00-04:00,3380.4,2025-07-11 12:00:00-04:00,3374.3,trailing,-60.99999999999909,2.0,-62.99999999999909,3374.236555230612,3325.0472259779917
2025-07-14,-1,1,2025-07-14 11:00:00-04:00,3351.0,2025-07-14 12:30:00-04:00,3356.2,trailing,-51.99999999999818,2.0,-53.99999999999818,3380.5758436660735,3354.6454538630896
2025-07-15,-1,1,2025-07-15 12:00:00-04:00,3336.2000000000003,2025-07-15 15:59:00-04:00,3337.2,cierre,-9.999999999995453,2.0,-11.999999999995453,3363.138977952439,3338.5749529781283
2025-07-16,1,1,2025-07-16 11:30:00-04:00,3371.2999999999997,2025-07-16 12:00:00-04:00,3350.4,trailing,-208.99999999999636,2.0,-210.99999999999636,3350.6537229969163,3328.0584692922525
2025-07-16,1,1,2025-07-16 12:30:00-04:00,3360.6,2025-07-16 13:00:00-04:00,3355.9,trailing,-46.99999999999818,2.0,-48.99999999999818,3352.3656442767888,3326.348853388775
2025-07-16,1,1,2025-07-16 13:00:00-04:00,3356.1,2025-07-16 15:00:00-04:00,3357.6,trailing,15.0,2.0,13.0,3352.802668157203,3325.912418031062
2025-07-16,1,1,2025-07-16 15:00:00-04:00,3357.7999999999997,2025-07-16 15:30:00-04:00,3354.8,trailing,-29.999999999995453,2.0,-31.999999999995453,3354.199218486751,3324.517748380376
2025-07-21,1,1,2025-07-21 10:00:00-04:00,3401.0,2025-07-21 13:30:00-04:00,3406.3,trailing,53.00000000000182,2.0,51.00000000000182,3400.2890734728558,3349.5661839837567
2025-07-21,1,1,2025-07-21 14:00:00-04:00,3407.6,2025-07-21 14:30:00-04:00,3407.4,trailing,-1.999999999998181,2.0,-3.999999999998181,3407.264881207726,3342.6762437214466
2025-07-21,1,1,2025-07-21 15:00:00-04:00,3408.4,2025-07-21 15:59:00-04:00,3409.7000000000003,cierre,13.000000000001819,2.0,11.000000000001819,3408.0201038395853,3341.930317369112
2025-07-22,1,1,2025-07-22 10:30:00-04:00,3435.7999999999997,2025-07-22 11:30:00-04:00,3439.2000000000003,trailing,34.00000000000546,2.0,32.00000000000546,3435.575329282312,3401.4671925225175
2025-07-22,1,1,2025-07-22 12:00:00-04:00,3440.9,2025-07-22 15:59:00-04:00,3443.8,cierre,29.00000000000091,2.0,27.00000000000091,3437.8915789894745,3399.1627024864874
2025-07-23,-1,1,2025-07-23 12:00:00-04:00,3406.4,2025-07-23 15:59:00-04:00,3400.6,cierre,58.00000000000182,2.0,56.00000000000182,3455.304920083517,3407.0795264631683
2025-07-25,-1,1,2025-07-25 12:00:00-04:00,3328.0,2025-07-25 12:30:00-04:00,3329.5,trailing,-15.0,2.0,-17.0,3386.8484110363265,3330.567987999159
2025-07-28,-1,1,2025-07-28 10:00:00-04:00,3300.6,2025-07-28 10:30:00-04:00,3311.7,trailing,-110.99999999999909,2.0,-112.99999999999909,3344.1914467119905,3322.7257435243496
2025-07-28,-1,1,2025-07-28 10:30:00-04:00,3311.5,2025-07-28 11:30:00-04:00,3312.7,trailing,-11.999999999998181,2.0,-13.999999999998181,3348.4052219951827,3318.526480224793
2025-07-28,-1,1,2025-07-28 11:30:00-04:00,3312.5,2025-07-28 12:00:00-04:00,3314.1,trailing,-15.99999999999909,2.0,-17.99999999999909,3353.068891566548,3313.8788720454
2025-07-28,-1,1,2025-07-28 12:00:00-04:00,3313.9,2025-07-28 12:30:00-04:00,3312.6,trailing,13.000000000001819,2.0,11.000000000001819,3351.9987541561104,3314.9453239682284
2025-07-28,-1,1,2025-07-28 12:30:00-04:00,3312.4,2025-07-28 13:00:00-04:00,3311.4,trailing,10.0,2.0,8.0,3353.4465930619235,3313.5024713308085
2025-07-28,-1,1,2025-07-28 13:00:00-04:00,3311.2000000000003,2025-07-28 14:30:00-04:00,3312.6,trailing,-13.999999999996362,2.0,-15.999999999996362,3352.7618629668436,3314.1848432574366
2025-07-28,-1,1,2025-07-28 14:30:00-04:00,3312.4,2025-07-28 15:00:00-04:00,3312.7,trailing,-2.9999999999972715,2.0,-4.9999999999972715,3351.6790050984446,3315.2639718297505
2025-07-28,-1,1,2025-07-28 15:00:00-04:00,3312.5,2025-07-28 15:30:00-04:00,3312.4,trailing,0.9999999999990905,2.0,-1.0000000000009095,3351.0408902396052,3315.899889060154
2025-07-28,-1,1,2025-07-28 15:30:00-04:00,3312.2000000000003,2025-07-28 15:59:00-04:00,3316.6,cierre,-43.99999999999636,2.0,-45.99999999999636,3351.938647563972,3315.0052235569506
2025-07-31,-1,1,2025-07-31 10:00:00-04:00,3353.3,2025-07-31 15:59:00-04:00,3344.2999999999997,cierre,90.00000000000455,2.0,88.00000000000455,3366.7819838452156,3355.8180161547853
2025-08-04,1,1,2025-08-04 10:00:00-04:00,3437.6,2025-08-04 10:30:00-04:00,3431.4,trailing,-61.99999999999818,2.0,-63.99999999999818,3435.605577449136,3403.4311879438596
2025-08-05,1,1,2025-08-05 12:00:00-04:00,3444.2,2025-08-05 12:30:00-04:00,3437.1,trailing,-70.99999999999909,2.0,-72.99999999999909,3440.8727909722065,3414.245048837365
2025-08-08,1,1,2025-08-08 10:00:00-04:00,3495.0,2025-08-08 10:30:00-04:00,3482.3,trailing,-126.99999999999818,2.0,-128.99999999999818,3488.847822727142,3459.782540114178
2025-08-08,1,1,2025-08-08 11:30:00-04:00,3494.4,2025-08-08 12:00:00-04:00,3492.3,trailing,-20.99999999999909,2.0,-22.99999999999909,3492.5756774570864,3456.070745416673
2025-08-08,-1,1,2025-08-08 15:00:00-04:00,3453.6,2025-08-08 15:59:00-04:00,3456.7,cierre,-30.99999999999909,2.0,-32.99999999999909,3492.888277708531,3455.7594918835275
2025-08-12,-1,1,2025-08-12 10:30:00-04:00,3384.4,2025-08-12 11:30:00-04:00,3406.5,trailing,-220.9999999999991,2.0,-222.9999999999991,3409.231507287252,3389.8789084639843
2025-08-13,1,1,2025-08-13 10:00:00-04:00,3415.0,2025-08-13 11:00:00-04:00,3413.7000000000003,trailing,-12.999999999997272,2.0,-14.999999999997272,3414.7070051401006,3391.311302934845
2025-08-14,-1,1,2025-08-14 12:30:00-04:00,3378.1,2025-08-14 15:30:00-04:00,3387.4,trailing,-93.00000000000182,2.0,-95.00000000000182,3415.750563783991,3386.8799108506055
2025-08-18,-1,1,2025-08-18 12:30:00-04:00,3377.1,2025-08-18 13:00:00-04:00,3379.2,trailing,-20.99999999999909,2.0,-22.99999999999909,3395.299195749498,3377.2100960583357
2025-08-19,-1,1,2025-08-19 11:30:00-04:00,3368.0,2025-08-19 15:59:00-04:00,3359.9,cierre,80.99999999999909,2.0,78.99999999999909,3385.7401057722204,3369.0638584081034
2025-08-21,-1,1,2025-08-21 10:00:00-04:00,3382.4,2025-08-21 10:30:00-04:00,3388.4,trailing,-60.0,2.0,-62.0,3397.1407709916025,3382.564717595828
2025-08-22,1,1,2025-08-22 10:30:00-04:00,3409.7,2025-08-22 15:59:00-04:00,3417.6,cierre,79.00000000000091,2.0,77.00000000000091,3388.569620973703,3365.74958345222
2025-08-26,1,1,2025-08-26 12:00:00-04:00,3435.2999999999997,2025-08-26 14:00:00-04:00,3430.4,trailing,-48.99999999999636,2.0,-50.99999999999636,3428.5653244301575,3402.35811610049
2025-08-26,1,1,2025-08-26 14:30:00-04:00,3431.2,2025-08-26 15:59:00-04:00,3437.6,cierre,64.00000000000091,2.0,62.00000000000091,3430.6843559667773,3400.245094155399
2025-08-27,1,1,2025-08-27 13:00:00-04:00,3449.0,2025-08-27 14:00:00-04:00,3447.4,trailing,-15.99999999999909,2.0,-17.99999999999909,3447.4308249465444,3421.3878571503947
2025-08-27,1,1,2025-08-27 14:30:00-04:00,3448.7,2025-08-27 15:00:00-04:00,3447.7000000000003,trailing,-9.999999999995453,2.0,-11.999999999995453,3448.367539688547,3420.452940796063
2025-08-27,1,1,2025-08-27 15:30:00-04:00,3449.2999999999997,2025-08-27 15:59:00-04:00,3449.3,cierre,4.547473508864641e-12,2.0,-1.9999999999954525,3448.843273756682,3419.9781200841985
2025-08-28,1,1,2025-08-28 12:30:00-04:00,3474.2999999999997,2025-08-28 15:59:00-04:00,3477.5,cierre,32.00000000000273,2.0,30.00000000000273,3472.2195691718393,3439.517389625006
2025-08-29,1,1,2025-08-29 10:00:00-04:00,3489.2999999999997,2025-08-29 15:59:00-04:00,3516.0,cierre,267.00000000000273,2.0,265.00000000000273,3482.0915304840014,3471.2109234807785
2025-09-02,1,1,2025-09-02 10:30:00-04:00,3565.5,2025-09-02 15:59:00-04:00,3597.8,cierre,323.0000000000018,2.0,321.0000000000018,3556.669722241648,3538.137193258824
2025-09-04,-1,1,2025-09-04 10:00:00-04:00,3605.3,2025-09-04 11:00:00-04:00,3605.7999999999997,trailing,-4.9999999999954525,2.0,-6.9999999999954525,3624.4455133330953,3607.563869803975
2025-09-05,1,1,2025-09-05 10:00:00-04:00,3650.9,2025-09-05 10:30:00-04:00,3633.9,trailing,-170.0,2.0,-172.0,3640.971758999222,3600.4727916998227
2025-09-05,1,1,2025-09-05 12:30:00-04:00,3655.2,2025-09-05 13:00:00-04:00,3651.4,trailing,-37.99999999999727,2.0,-39.99999999999727,3651.0137871649954,3590.5125250616816
2025-09-08,1,1,2025-09-08 10:00:00-04:00,3673.2,2025-09-08 10:30:00-04:00,3670.0,trailing,-31.99999999999818,2.0,-33.99999999999818,3669.2578374318796,3640.370067921883
2025-09-08,1,1,2025-09-08 11:00:00-04:00,3680.7,2025-09-08 13:30:00-04:00,3677.7000000000003,trailing,-29.999999999995453,2.0,-31.999999999995453,3675.8977614310547,3633.760233938921
2025-09-15,1,1,2025-09-15 11:30:00-04:00,3705.9,2025-09-15 15:59:00-04:00,3720.1,cierre,141.99999999999818,2.0,139.99999999999818,3702.8233044937665,3671.1034613515403
2025-09-17,-1,1,2025-09-17 15:00:00-04:00,3685.7000000000003,2025-09-17 15:30:00-04:00,3699.6,trailing,-138.99999999999636,2.0,-140.99999999999636,3742.6146164677602,3696.2472658048564
2025-09-18,-1,1,2025-09-18 10:00:00-04:00,3675.2000000000003,2025-09-18 12:00:00-04:00,3674.7,trailing,5.0000000000045475,2.0,3.0000000000045475,3702.4634478106764,3681.5507865277277
2025-09-19,1,1,2025-09-19 10:00:00-04:00,3696.2999999999997,2025-09-19 12:30:00-04:00,3701.5,trailing,52.00000000000273,2.0,50.00000000000273,3694.5052121896138,3673.6091884572925
2025-09-19,1,1,2025-09-19 13:00:00-04:00,3702.2999999999997,2025-09-19 15:59:00-04:00,3717.8,cierre,155.00000000000455,2.0,153.00000000000455,3701.1909663162414,3666.9392043287403
2025-09-22,1,1,2025-09-22 13:00:00-04:00,3771.2999999999997,2025-09-22 15:59:00-04:00,3781.1,cierre,98.00000000000182,2.0,96.00000000000182,3770.8563403318035,3704.0885390296226
2025-09-24,-1,1,2025-09-24 11:00:00-04:00,3784.8,2025-09-24 15:59:00-04:00,3762.6,cierre,222.00000000000273,2.0,220.00000000000273,3810.066001436769,3786.844318417432
2025-09-26,1,1,2025-09-26 10:30:00-04:00,3808.2999999999997,2025-09-26 15:30:00-04:00,3802.2000000000003,trailing,-60.99999999999454,2.0,-62.99999999999454,3795.677622634349,3769.443917123969
2025-09-30,1,1,2025-09-30 10:30:00-04:00,3872.6,2025-09-30 11:30:00-04:00,3862.6,trailing,-100.0,2.0,-102.0,3866.08478219355,3834.6466648935393
2025-09-30,1,1,2025-09-30 12:30:00-04:00,3871.7999999999997,2025-09-30 15:59:00-04:00,3886.6,cierre,148.00000000000182,2.0,146.00000000000182,3869.9995749978457,3830.745574016302
2025-10-02,-1,1,2025-10-02 11:00:00-04:00,3863.6,2025-10-02 15:00:00-04:00,3875.2999999999997,trailing,-116.99999999999818,2.0,-118.99999999999818,3931.3806265172093,3882.2964320552223
2025-10-06,1,1,2025-10-06 10:00:00-04:00,3968.6,2025-10-06 15:59:00-04:00,3983.1,cierre,145.0,2.0,143.0,3962.6377781440538,3905.2289250313174
2025-10-08,1,1,2025-10-08 12:30:00-04:00,4077.1,2025-10-08 13:30:00-04:00,4070.3,trailing,-67.99999999999727,2.0,-69.99999999999727,4076.8963662333,3985.941921172192
2025-10-09,-1,1,2025-10-09 10:00:00-04:00,4034.3,2025-10-09 15:59:00-04:00,3988.4,cierre,459.0000000000009,2.0,457.0000000000009,4080.4297854904016,4058.3850944411492
2025-10-10,1,1,2025-10-10 11:30:00-04:00,4032.0,2025-10-10 12:00:00-04:00,4013.4,trailing,-185.9999999999991,2.0,-187.9999999999991,4026.2834330726755,3971.305623036079
2025-10-13,1,1,2025-10-13 13:30:00-04:00,4132.900000000001,2025-10-13 14:00:00-04:00,4123.2,trailing,-97.00000000000728,2.0,-99.00000000000728,4131.977314496269,4007.1517295474086
2025-10-14,1,1,2025-10-14 10:00:00-04:00,4140.6,2025-10-14 15:59:00-04:00,4159.099999999999,cierre,184.9999999999909,2.0,182.9999999999909,4136.621929920088,4116.78078040286
2025-10-16,1,1,2025-10-16 11:30:00-04:00,4287.6,2025-10-16 15:59:00-04:00,4321.299999999999,cierre,336.9999999999891,2.0,334.9999999999891,4285.891748469958,4206.49380501757
2025-10-17,-1,1,2025-10-17 10:00:00-04:00,4286.299999999999,2025-10-17 14:30:00-04:00,4258.1,trailing,281.9999999999891,2.0,279.9999999999891,4337.7996279805875,4311.715387270324
2025-10-17,-1,1,2025-10-17 14:30:00-04:00,4257.9,2025-10-17 15:59:00-04:00,4240.400000000001,cierre,174.9999999999909,2.0,172.9999999999909,4353.650770566409,4295.888782623858
2025-10-20,1,1,2025-10-20 11:30:00-04:00,4361.900000000001,2025-10-20 12:30:00-04:00,4361.4,trailing,-5.000000000009095,2.0,-7.000000000009095,4360.7978057279115,4216.836179757411
2025-10-20,1,1,2025-10-20 14:30:00-04:00,4375.700000000001,2025-10-20 15:59:00-04:00,4394.2,cierre,184.9999999999909,2.0,182.9999999999909,4366.877837945187,4210.891436949139
2025-10-21,-1,1,2025-10-21 10:00:00-04:00,4185.799999999999,2025-10-21 15:59:00-04:00,4124.3,cierre,614.9999999999909,2.0,612.9999999999909,4407.768786413495,4200.884456639467
2025-10-22,-1,1,2025-10-22 11:00:00-04:00,4030.6,2025-10-22 11:30:00-04:00,4046.1,trailing,-155.0,2.0,-157.0,4146.560282589753,4044.9498401405053
2025-10-27,-1,1,2025-10-27 10:30:00-04:00,4011.4,2025-10-27 13:00:00-04:00,4014.6,trailing,-31.99999999999818,2.0,-33.99999999999818,4139.818906137374,4027.8332003588525
2025-10-27,-1,1,2025-10-27 13:00:00-04:00,4014.4,2025-10-27 13:30:00-04:00,4020.4,trailing,-60.0,2.0,-62.0,4153.218467516875,4014.66814837942
2025-10-27,-1,1,2025-10-27 15:00:00-04:00,4014.1,2025-10-27 15:59:00-04:00,4006.1,cierre,80.0,2.0,78.0,4152.334553009814,4015.536593256178
2025-10-30,1,1,2025-10-30 10:00:00-04:00,4007.7,2025-10-30 12:30:00-04:00,4008.8,trailing,11.000000000003638,2.0,9.000000000003638,3993.675261503062,3946.793676443554
2025-10-30,1,1,2025-10-30 13:00:00-04:00,4014.7999999999997,2025-10-30 15:59:00-04:00,4035.1,cierre,203.00000000000182,2.0,201.00000000000182,4011.4038707399664,3929.1630350061096
2025-10-31,-1,1,2025-10-31 12:30:00-04:00,3996.5,2025-10-31 14:00:00-04:00,4009.4,trailing,-129.0000000000009,2.0,-131.0000000000009,4069.9150386786564,4003.609230597995
2025-11-10,1,1,2025-11-10 13:30:00-05:00,4122.400000000001,2025-11-10 15:30:00-05:00,4118.5,trailing,-39.00000000000546,2.0,-41.00000000000546,4117.038374237991,3989.62105437575
2025-11-11,-1,1,2025-11-11 10:30:00-05:00,4107.2,2025-11-11 11:00:00-05:00,4112.5,trailing,-53.00000000000182,2.0,-55.00000000000182,4146.047506309956,4108.894100967229
2025-11-12,1,1,2025-11-12 10:30:00-05:00,4173.0,2025-11-12 15:59:00-05:00,4201.2,cierre,281.9999999999982,2.0,279.9999999999982,4149.546504573648,4124.0596875310575
2025-11-13,-1,1,2025-11-13 14:00:00-05:00,4161.4,2025-11-13 15:59:00-05:00,4168.200000000001,cierre,-68.00000000001091,2.0,-70.00000000001091,4237.327808197726,4179.645896057239
2025-11-17,-1,1,2025-11-17 15:00:00-05:00,4011.3,2025-11-17 15:59:00-05:00,4041.2999999999997,cierre,-299.99999999999545,2.0,-301.99999999999545,4115.455939210963,4040.9836955790865
2025-11-19,1,1,2025-11-19 10:00:00-05:00,4129.200000000001,2025-11-19 10:30:00-05:00,4117.2,trailing,-120.0000000000091,2.0,-122.0000000000091,4118.794420449355,4058.9072855677523
2025-11-20,1,1,2025-11-20 10:00:00-05:00,4092.4,2025-11-20 11:00:00-05:00,4069.2000000000003,trailing,-231.99999999999818,2.0,-233.99999999999818,4090.182998520553,4066.025224043671
2025-11-20,-1,1,2025-11-20 12:00:00-05:00,4047.4,2025-11-20 13:00:00-05:00,4064.7999999999997,trailing,-173.99999999999636,2.0,-175.99999999999636,4097.432081367105,4058.7818271703795
2025-11-21,1,1,2025-11-21 12:00:00-05:00,4099.700000000001,2025-11-21 12:30:00-05:00,4081.9,trailing,-178.00000000000637,2.0,-180.00000000000637,4096.5549182527875,4046.40162730475
2025-11-24,1,1,2025-11-24 10:30:00-05:00,4086.5,2025-11-24 12:30:00-05:00,4092.8,trailing,63.00000000000182,2.0,61.00000000000182,4085.1741782822933,4052.0509373073432
2025-11-24,1,1,2025-11-24 13:00:00-05:00,4091.9,2025-11-24 15:59:00-05:00,4130.4,cierre,384.99999999999545,2.0,382.99999999999545,4090.2434700481185,4046.9918520856972
2025-12-02,-1,1,2025-12-02 10:30:00-05:00,4219.0,2025-12-02 13:00:00-05:00,4224.8,trailing,-58.00000000000182,2.0,-60.00000000000182,4284.503992134866,4245.433550411724
2025-12-02,-1,1,2025-12-02 13:00:00-05:00,4224.599999999999,2025-12-02 14:30:00-05:00,4228.900000000001,trailing,-43.000000000010914,2.0,-45.000000000010914,4292.180944846144,4237.777628970168
2025-12-02,-1,1,2025-12-02 14:30:00-05:00,4228.7,2025-12-02 15:00:00-05:00,4227.700000000001,trailing,9.999999999990905,2.0,7.999999999990905,4295.191905374486,4234.774917069291
2025-12-02,-1,1,2025-12-02 15:00:00-05:00,4227.5,2025-12-02 15:30:00-05:00,4230.0,trailing,-25.0,2.0,-27.0,4301.947180314837,4228.03814843146
2025-12-02,-1,1,2025-12-02 15:30:00-05:00,4229.799999999999,2025-12-02 15:59:00-05:00,4241.700000000001,cierre,-119.00000000001455,2.0,-121.00000000001455,4296.275146727429,4233.694643292406
2025-12-05,1,1,2025-12-05 10:00:00-05:00,4272.400000000001,2025-12-05 11:00:00-05:00,4274.9,trailing,24.999999999990905,2.0,22.999999999990905,4270.835913104221,4231.708345554157
2025-12-08,-1,1,2025-12-08 11:00:00-05:00,4211.4,2025-12-08 11:30:00-05:00,4223.900000000001,trailing,-125.0000000000091,2.0,-127.0000000000091,4252.720387699807,4217.002035678606
2025-12-09,1,1,2025-12-09 10:00:00-05:00,4233.8,2025-12-09 12:00:00-05:00,4242.299999999999,trailing,84.9999999999909,2.0,82.9999999999909,4231.428709123703,4212.574926216092
2025-12-10,1,1,2025-12-10 15:30:00-05:00,4262.900000000001,2025-12-10 15:59:00-05:00,4259.0,cierre,-39.00000000000546,2.0,-41.00000000000546,4257.510659244577,4208.152387951214
2025-12-11,1,1,2025-12-11 11:00:00-05:00,4285.5,2025-12-11 15:59:00-05:00,4304.7,cierre,191.99999999999818,2.0,189.99999999999818,4274.379001343398,4244.122053664444
2025-12-17,1,1,2025-12-17 10:00:00-05:00,4369.1,2025-12-17 11:00:00-05:00,4361.599999999999,trailing,-75.0000000000091,2.0,-77.0000000000091,4367.414908847384,4327.625128657973
2025-12-18,1,1,2025-12-18 11:30:00-05:00,4402.1,2025-12-18 12:00:00-05:00,4394.5,trailing,-76.00000000000364,2.0,-78.00000000000364,4393.329570399605,4345.108708374656
2025-12-19,1,1,2025-12-19 13:00:00-05:00,4386.0,2025-12-19 14:00:00-05:00,4380.099999999999,trailing,-59.00000000000546,2.0,-61.00000000000546,4385.498214649896,4338.33769678124
2025-12-23,1,1,2025-12-23 14:30:00-05:00,4518.200000000001,2025-12-23 15:59:00-05:00,4523.7,cierre,54.999999999990905,2.0,52.999999999990905,4514.062668452302,4453.632670095677
2025-12-24,-1,1,2025-12-24 10:00:00-05:00,4491.7,2025-12-24 11:30:00-05:00,4495.1,trailing,-34.00000000000546,2.0,-36.00000000000546,4531.370154031734,4505.847249390595
2025-12-29,-1,1,2025-12-29 10:00:00-05:00,4378.5,2025-12-29 15:59:00-05:00,4354.400000000001,cierre,240.99999999999454,2.0,238.99999999999454,4569.027590386176,4401.25770051599
2025-12-31,-1,1,2025-12-31 15:00:00-05:00,4324.099999999999,2025-12-31 15:30:00-05:00,4328.0,trailing,-39.00000000000546,2.0,-41.00000000000546,4381.532909612241,4326.704594411938
2026-01-05,1,1,2026-01-05 10:00:00-05:00,4448.3,2026-01-05 11:30:00-05:00,4451.299999999999,trailing,29.999999999990905,2.0,27.999999999990905,4444.379911504414,4329.468102381583
2026-01-05,1,1,2026-01-05 12:30:00-05:00,4457.0,2026-01-05 13:00:00-05:00,4453.799999999999,trailing,-32.000000000007276,2.0,-34.000000000007276,4455.85305725978,4318.230512943194
2026-01-05,1,1,2026-01-05 14:00:00-05:00,4460.0,2026-01-05 14:30:00-05:00,4452.599999999999,trailing,-74.00000000000546,2.0,-76.00000000000546,4455.113526904653,4318.954859925734
2026-01-06,1,1,2026-01-06 10:00:00-05:00,4498.1,2026-01-06 10:30:00-05:00,4491.799999999999,trailing,-63.000000000010914,2.0,-65.00000000001091,4489.822974109671,4442.140324467015
2026-01-06,1,1,2026-01-06 12:00:00-05:00,4498.8,2026-01-06 12:30:00-05:00,4496.7,trailing,-21.000000000003638,2.0,-23.000000000003638,4498.109350808978,4433.894852151236
2026-01-06,1,1,2026-01-06 13:00:00-05:00,4500.0,2026-01-06 13:30:00-05:00,4496.299999999999,trailing,-37.000000000007276,2.0,-39.000000000007276,4498.209768758385,4433.7949298991
2026-01-06,1,1,2026-01-06 14:00:00-05:00,4499.6,2026-01-06 14:30:00-05:00,4491.4,trailing,-82.00000000000728,2.0,-84.00000000000728,4498.456878328092,4433.549040146568
2026-01-12,1,1,2026-01-12 10:00:00-05:00,4611.900000000001,2026-01-12 13:30:00-05:00,4615.099999999999,trailing,31.999999999989086,2.0,29.999999999989086,4610.246387588497,4502.495511489772
2026-01-12,1,1,2026-01-12 14:00:00-05:00,4620.700000000001,2026-01-12 15:00:00-05:00,4620.4,trailing,-3.000000000010914,2.0,-5.000000000010914,4619.5236469636,4493.380327636342
2026-01-16,-1,1,2026-01-16 10:30:00-05:00,4567.7,2026-01-16 11:30:00-05:00,4597.1,trailing,-294.00000000000546,2.0,-296.00000000000546,4630.465195708525,4582.166184474988
2026-01-22,1,1,2026-01-22 10:30:00-05:00,4856.400000000001,2026-01-22 15:59:00-05:00,4920.4,cierre,639.9999999999909,2.0,637.9999999999909,4851.92262516166,4809.182115971348
2026-01-23,1,1,2026-01-23 11:00:00-05:00,4962.0,2026-01-23 14:00:00-05:00,4968.099999999999,trailing,60.99999999999454,2.0,58.99999999999454,4960.296821358281,4900.983300039788
2026-01-23,1,1,2026-01-23 14:00:00-05:00,4968.3,2026-01-23 15:59:00-05:00,4981.299999999999,cierre,129.9999999999909,2.0,127.9999999999909,4961.653174121264,4899.632492710814
2026-01-26,1,1,2026-01-26 10:00:00-05:00,5094.200000000001,2026-01-26 10:30:00-05:00,5088.0,trailing,-62.000000000007276,2.0,-64.00000000000728,5084.989889626788,4972.184380923068
2026-01-27,1,1,2026-01-27 11:00:00-05:00,5087.6,2026-01-27 13:00:00-05:00,5079.0,trailing,-86.00000000000364,2.0,-88.00000000000364,5074.608283575737,5030.0139841969985
2026-01-27,1,1,2026-01-27 13:30:00-05:00,5083.0,2026-01-27 15:59:00-05:00,5174.599999999999,cierre,915.9999999999945,2.0,913.9999999999945,5077.192034536298,5027.433197660313
2026-01-28,1,1,2026-01-28 10:00:00-05:00,5280.5,2026-01-28 10:30:00-05:00,5264.299999999999,trailing,-162.00000000000728,2.0,-164.00000000000728,5263.279320214806,5165.1660464604165
2026-01-28,1,1,2026-01-28 11:30:00-05:00,5285.200000000001,2026-01-28 14:30:00-05:00,5278.2,trailing,-70.0000000000091,2.0,-72.0000000000091,5276.409384086507,5152.233173474865
2026-01-28,1,1,2026-01-28 15:00:00-05:00,5321.8,2026-01-28 15:59:00-05:00,5370.799999999999,cierre,489.9999999999909,2.0,487.9999999999909,5288.065326553134,5140.75228313642
2026-01-30,-1,1,2026-01-30 10:00:00-05:00,5059.599999999999,2026-01-30 10:30:00-05:00,5073.1,trailing,-135.0000000000091,2.0,-137.0000000000091,5113.763094316142,5085.836905683857
2026-01-30,-1,1,2026-01-30 10:30:00-05:00,5072.9,2026-01-30 11:00:00-05:00,5079.400000000001,trailing,-65.0000000000091,2.0,-67.0000000000091,5119.041174660581,5080.558825339419
2026-01-30,-1,1,2026-01-30 11:30:00-05:00,5023.4,2026-01-30 15:00:00-05:00,4955.400000000001,trailing,679.9999999999909,2.0,677.9999999999909,5137.864400059725,5061.735599940276
2026-01-30,-1,1,2026-01-30 15:00:00-05:00,4955.2,2026-01-30 15:59:00-05:00,4870.900000000001,cierre,842.9999999999927,2.0,840.9999999999927,5152.282692935033,5047.317307064967
2026-02-02,-1,1,2026-02-02 10:30:00-05:00,4702.9,2026-02-02 15:00:00-05:00,4707.5,trailing,-46.00000000000364,2.0,-48.00000000000364,4888.39494807143,4728.55695469685
2026-02-02,-1,1,2026-02-02 15:30:00-05:00,4694.4,2026-02-02 15:59:00-05:00,4676.400000000001,cierre,179.9999999999909,2.0,177.9999999999909,4922.699889172299,4695.133090242881
2026-02-03,1,1,2026-02-03 11:30:00-05:00,4995.900000000001,2026-02-03 12:00:00-05:00,4978.2,trailing,-177.00000000000728,2.0,-179.00000000000728,4990.666477888378,4636.548257982173
2026-02-04,-1,1,2026-02-04 13:00:00-05:00,4919.5,2026-02-04 13:30:00-05:00,4948.3,trailing,-288.0000000000018,2.0,-290.0000000000018,5097.377235277111,4925.162551443514
2026-02-06,1,1,2026-02-06 10:00:00-05:00,4970.900000000001,2026-02-06 11:00:00-05:00,4967.7,trailing,-32.000000000007276,2.0,-34.000000000007276,4942.747088486661,4817.856153833372
2026-02-06,1,1,2026-02-06 13:00:00-05:00,4984.900000000001,2026-02-06 13:30:00-05:00,4979.5,trailing,-54.00000000000546,2.0,-56.00000000000546,4978.7042104879065,4782.578514662077
2026-02-06,1,1,2026-02-06 14:00:00-05:00,4986.400000000001,2026-02-06 14:30:00-05:00,4980.7,trailing,-57.000000000007276,2.0,-59.000000000007276,4974.027682298218,4787.166670356087
2026-02-12,-1,1,2026-02-12 11:30:00-05:00,4917.9,2026-02-12 15:59:00-05:00,4935.200000000001,cierre,-173.0000000000109,2.0,-175.0000000000109,5170.088518842117,5024.736418569009
2026-02-18,1,1,2026-02-18 10:00:00-05:00,5012.200000000001,2026-02-18 11:00:00-05:00,5018.799999999999,trailing,65.99999999998545,2.0,63.99999999998545,5003.791101195548,4874.689620342827
2026-02-20,1,1,2026-02-20 15:00:00-05:00,5102.400000000001,2026-02-20 15:59:00-05:00,5119.299999999999,cierre,168.99999999998727,2.0,166.99999999998727,5098.44971385403,4983.249353190101
2026-02-23,1,1,2026-02-23 10:00:00-05:00,5213.200000000001,2026-02-23 13:00:00-05:00,5227.9,trailing,146.9999999999891,2.0,144.9999999999891,5207.952075954209,5097.134967863621
2026-02-23,1,1,2026-02-23 13:30:00-05:00,5226.200000000001,2026-02-23 15:59:00-05:00,5255.5,cierre,292.9999999999927,2.0,290.9999999999927,5224.2090182872735,5081.084944609891
2026-03-03,-1,1,2026-03-03 10:00:00-05:00,5048.7,2026-03-03 11:00:00-05:00,5105.5,trailing,-568.0000000000018,2.0,-570.0000000000018,5362.352907263637,5139.1286720482985
2026-03-03,-1,1,2026-03-03 11:00:00-05:00,5105.299999999999,2026-03-03 11:30:00-05:00,5123.6,trailing,-183.0000000000109,2.0,-185.0000000000109,5366.49183624321,5135.137846754364
2026-03-03,-1,1,2026-03-03 11:30:00-05:00,5123.4,2026-03-03 12:00:00-05:00,5117.900000000001,trailing,54.999999999990905,2.0,52.999999999990905,5378.5631676647945,5123.498464922377
2026-03-03,-1,1,2026-03-03 12:00:00-05:00,5117.7,2026-03-03 12:30:00-05:00,5093.8,trailing,238.99999999999636,2.0,236.99999999999636,5375.77055154646,5126.191152595033
2026-03-03,-1,1,2026-03-03 12:30:00-05:00,5093.599999999999,2026-03-03 13:00:00-05:00,5089.5,trailing,40.99999999999454,2.0,38.99999999999454,5376.656905223366,5125.336515395259
2026-03-03,-1,1,2026-03-03 13:00:00-05:00,5089.299999999999,2026-03-03 13:30:00-05:00,5123.400000000001,trailing,-341.00000000001273,2.0,-343.00000000001273,5378.3132370178,5123.739452277483
2026-03-03,-1,1,2026-03-03 13:30:00-05:00,5123.2,2026-03-03 14:00:00-05:00,5147.1,trailing,-239.00000000000546,2.0,-241.00000000000546,5374.053891091729,5127.846385626973
2026-03-03,-1,1,2026-03-03 14:30:00-05:00,5116.7,2026-03-03 15:00:00-05:00,5123.8,trailing,-71.00000000000364,2.0,-73.00000000000364,5377.226122774538,5124.787666209351
2026-03-03,-1,1,2026-03-03 15:00:00-05:00,5123.599999999999,2026-03-03 15:30:00-05:00,5134.1,trailing,-105.0000000000091,2.0,-107.0000000000091,5378.179229158218,5123.868664921199
2026-03-05,-1,1,2026-03-05 10:30:00-05:00,5094.9,2026-03-05 11:00:00-05:00,5111.900000000001,trailing,-170.0000000000091,2.0,-172.0000000000091,5172.680309921652,5102.612213141719
2026-03-05,-1,1,2026-03-05 11:30:00-05:00,5072.5,2026-03-05 15:59:00-05:00,5086.700000000001,cierre,-142.00000000000728,2.0,-144.00000000000728,5169.167055502989,5106.1129075461395
2026-03-06,1,1,2026-03-06 10:00:00-05:00,5139.400000000001,2026-03-06 15:59:00-05:00,5161.299999999999,cierre,218.99999999998727,2.0,216.99999999998727,5136.299529317646,5063.320834393957
2026-03-12,-1,1,2026-03-12 11:00:00-04:00,5148.5,2026-03-12 15:59:00-04:00,5091.8,cierre,566.9999999999982,2.0,564.9999999999982,5210.150665640734,5158.4987697126835
2026-03-13,-1,1,2026-03-13 11:00:00-04:00,5045.799999999999,2026-03-13 11:30:00-04:00,5067.400000000001,trailing,-216.00000000001273,2.0,-218.00000000001273,5135.091420827904,5071.000456087942
2026-03-13,-1,1,2026-03-13 12:00:00-04:00,5038.7,2026-03-13 15:59:00-04:00,5022.1,cierre,165.99999999999454,2.0,163.99999999999454,5139.800201520317,5066.312483412979
2026-03-16,-1,1,2026-03-16 11:30:00-04:00,4996.599999999999,2026-03-16 13:00:00-04:00,4996.200000000001,trailing,3.999999999987267,2.0,1.999999999987267,5051.2769519088615,4997.847575642755
2026-03-20,-1,1,2026-03-20 10:00:00-04:00,4617.0,2026-03-20 15:59:00-04:00,4503.900000000001,cierre,1130.9999999999945,2.0,1128.9999999999945,4681.973656489047,4626.985291140219
2026-03-23,-1,1,2026-03-23 12:00:00-04:00,4364.0,2026-03-23 13:30:00-04:00,4407.5,trailing,-435.0,2.0,-437.0,4532.870699753885,4384.217323858971
2026-03-26,-1,1,2026-03-26 12:30:00-04:00,4391.4,2026-03-26 15:59:00-04:00,4361.400000000001,cierre,299.9999999999909,2.0,297.9999999999909,4561.876044847485,4412.536386390894
2026-03-27,1,1,2026-03-27 10:30:00-04:00,4449.200000000001,2026-03-27 15:59:00-04:00,4510.9,cierre,616.9999999999891,2.0,614.9999999999891,4440.2922328606755,4338.301490791201
2026-03-31,1,1,2026-03-31 10:00:00-04:00,4637.3,2026-03-31 11:00:00-04:00,4629.4,trailing,-79.00000000000546,2.0,-81.00000000000546,4624.543721407269,4521.936164436778
2026-03-31,1,1,2026-03-31 12:30:00-04:00,4648.8,2026-03-31 15:59:00-04:00,4713.2,cierre,643.9999999999964,2.0,641.9999999999964,4647.051664804906,4499.720633599467
2026-04-01,1,1,2026-04-01 12:00:00-04:00,4814.400000000001,2026-04-01 12:30:00-04:00,4804.299999999999,trailing,-101.00000000001273,2.0,-103.00000000001273,4805.434133265524,4671.707969030442
2026-04-01,1,1,2026-04-01 13:00:00-04:00,4815.3,2026-04-01 14:00:00-04:00,4801.0,trailing,-143.00000000000182,2.0,-145.00000000000182,4809.509225616286,4667.675737268077
2026-04-14,1,1,2026-04-14 13:30:00-04:00,4849.8,2026-04-14 15:59:00-04:00,4868.599999999999,cierre,187.99999999999272,2.0,185.99999999999272,4845.82719161774,4725.308475713412
2026-04-17,1,1,2026-04-17 10:00:00-04:00,4903.400000000001,2026-04-17 10:30:00-04:00,4894.9,trailing,-85.0000000000091,2.0,-87.0000000000091,4891.602684135441,4797.013064943868
2026-04-21,-1,1,2026-04-21 11:00:00-04:00,4757.7,2026-04-21 15:59:00-04:00,4698.400000000001,cierre,592.9999999999927,2.0,590.9999999999927,4861.031020567984,4766.896306262867
2026-04-24,1,1,2026-04-24 10:00:00-04:00,4728.1,2026-04-24 14:00:00-04:00,4740.299999999999,trailing,121.99999999998909,2.0,119.99999999998909,4723.2529314456215,4702.6477148125605
2026-04-24,1,1,2026-04-24 15:00:00-04:00,4739.5,2026-04-24 15:30:00-04:00,4734.9,trailing,-46.00000000000364,2.0,-48.00000000000364,4738.105751839477,4687.795839835971
2026-04-27,-1,1,2026-04-27 11:00:00-04:00,4693.299999999999,2026-04-27 13:30:00-04:00,4694.700000000001,trailing,-14.000000000014552,2.0,-16.000000000014552,4753.014081795987,4694.6592838889765
2026-04-29,-1,1,2026-04-29 10:00:00-04:00,4534.599999999999,2026-04-29 10:30:00-04:00,4545.8,trailing,-112.00000000000728,2.0,-114.00000000000728,4618.12416793535,4542.384566244319
2026-05-01,1,1,2026-05-01 10:30:00-04:00,4656.6,2026-05-01 11:00:00-04:00,4643.9,trailing,-127.00000000000728,2.0,-129.00000000000728,4641.444266605855,4588.929144780365
2026-05-01,1,1,2026-05-01 11:30:00-04:00,4647.900000000001,2026-05-01 12:30:00-04:00,4649.099999999999,trailing,11.999999999989086,2.0,9.999999999989086,4646.666022530954,4583.740884784202
2026-05-04,-1,1,2026-05-04 11:30:00-04:00,4548.599999999999,2026-05-04 15:59:00-04:00,4527.700000000001,cierre,208.99999999998727,2.0,206.99999999998727,4640.862667834577,4554.334389500392
2026-05-06,1,1,2026-05-06 10:00:00-04:00,4713.5,2026-05-06 11:00:00-04:00,4714.099999999999,trailing,5.999999999994543,2.0,3.999999999994543,4707.724199223967,4554.307921362814
2026-05-06,1,1,2026-05-06 11:00:00-04:00,4714.3,2026-05-06 11:30:00-04:00,4707.0,trailing,-73.00000000000182,2.0,-75.00000000000182,4713.309333549413,4548.877054116187
2026-05-07,1,1,2026-05-07 11:00:00-04:00,4773.5,2026-05-07 11:30:00-04:00,4750.5,trailing,-230.0,2.0,-232.0,4771.83771394229,4685.949360898795
2026-05-08,1,1,2026-05-08 10:00:00-04:00,4757.900000000001,2026-05-08 10:30:00-04:00,4727.099999999999,trailing,-308.0000000000109,2.0,-310.0000000000109,4746.888745301373,4702.961863722932
2026-05-12,-1,1,2026-05-12 10:00:00-04:00,4686.4,2026-05-12 10:30:00-04:00,4690.8,trailing,-44.00000000000546,2.0,-46.00000000000546,4754.7399893400225,4687.266877639894
2026-05-12,-1,1,2026-05-12 11:00:00-04:00,4679.9,2026-05-12 13:00:00-04:00,4678.5,trailing,13.999999999996362,2.0,11.999999999996362,4757.586413902845,4684.447516162932
2026-05-14,-1,1,2026-05-14 15:00:00-04:00,4677.299999999999,2026-05-14 15:59:00-04:00,4659.6,cierre,176.9999999999891,2.0,174.9999999999891,4712.153689929773,4678.551437843252
2026-05-15,-1,1,2026-05-15 10:00:00-04:00,4536.799999999999,2026-05-15 10:30:00-04:00,4560.1,trailing,-233.0000000000109,2.0,-235.0000000000109,4671.30760530348,4541.661768758921
2026-05-20,1,1,2026-05-20 10:30:00-04:00,4510.0,2026-05-20 15:59:00-04:00,4548.0,cierre,380.0,2.0,378.0,4503.219601385928,4475.592601759059
2026-05-22,-1,1,2026-05-22 10:30:00-04:00,4499.599999999999,2026-05-22 11:30:00-04:00,4520.1,trailing,-205.0000000000091,2.0,-207.0000000000091,4552.729896673978,4514.010934905102
2026-05-29,1,1,2026-05-29 11:00:00-04:00,4596.200000000001,2026-05-29 13:30:00-04:00,4592.4,trailing,-38.000000000010914,2.0,-40.000000000010914,4574.02864307337,4543.771356926628
2026-05-29,1,1,2026-05-29 13:30:00-04:00,4592.6,2026-05-29 14:00:00-04:00,4584.099999999999,trailing,-85.0000000000091,2.0,-87.0000000000091,4582.427028643957,4535.372971356043
2026-05-29,1,1,2026-05-29 14:00:00-04:00,4584.3,2026-05-29 14:30:00-04:00,4590.5,trailing,61.99999999999818,2.0,59.99999999999818,4578.883401930568,4538.916598069432
2026-05-29,1,1,2026-05-29 14:30:00-04:00,4590.700000000001,2026-05-29 15:00:00-04:00,4584.2,trailing,-65.0000000000091,2.0,-67.0000000000091,4579.174157774349,4538.6258422256515
2026-05-29,1,1,2026-05-29 15:00:00-04:00,4584.400000000001,2026-05-29 15:30:00-04:00,4586.5,trailing,20.999999999994543,2.0,18.999999999994543,4583.60346440415,4534.196535595849
2026-05-29,1,1,2026-05-29 15:30:00-04:00,4586.700000000001,2026-05-29 15:59:00-04:00,4576.7,cierre,-100.0000000000091,2.0,-102.0000000000091,4579.575737228614,4538.224262771385
2026-06-01,-1,1,2026-06-01 10:00:00-04:00,4479.0,2026-06-01 10:30:00-04:00,4485.6,trailing,-66.00000000000364,2.0,-68.00000000000364,4586.150110054896,4485.517615000931
2026-06-05,-1,1,2026-06-05 10:00:00-04:00,4390.299999999999,2026-06-05 15:59:00-04:00,4343.6,cierre,466.9999999999891,2.0,464.9999999999891,4517.29995985574,4422.24609724304
2026-06-09,-1,1,2026-06-09 11:00:00-04:00,4324.7,2026-06-09 15:59:00-04:00,4282.8,cierre,418.99999999999636,2.0,416.99999999999636,4374.16383719586,4331.859053435004
2026-06-10,-1,1,2026-06-10 11:00:00-04:00,4147.599999999999,2026-06-10 12:00:00-04:00,4152.8,trailing,-52.000000000007276,2.0,-54.000000000007276,4300.051972273629,4155.096544627085
2026-06-10,-1,1,2026-06-10 13:30:00-04:00,4133.5,2026-06-10 15:59:00-04:00,4106.3,cierre,271.9999999999982,2.0,269.9999999999982,4313.256905080736,4142.232935298565
2026-06-11,1,1,2026-06-11 14:00:00-04:00,4173.3,2026-06-11 15:59:00-04:00,4229.799999999999,cierre,564.9999999999909,2.0,562.9999999999909,4133.070203125615,4069.395234999964
2026-06-12,-1,1,2026-06-12 10:00:00-04:00,4207.299999999999,2026-06-12 11:00:00-04:00,4225.0,trailing,-177.00000000000728,2.0,-179.00000000000728,4240.999798162091,4212.61647143024
2026-06-17,1,1,2026-06-17 10:30:00-04:00,4380.1,2026-06-17 11:00:00-04:00,4363.7,trailing,-164.00000000000546,2.0,-166.00000000000546,4369.832896852952,4341.367103147048
2026-06-17,1,1,2026-06-17 12:00:00-04:00,4383.400000000001,2026-06-17 13:00:00-04:00,4379.5,trailing,-39.00000000000546,2.0,-41.00000000000546,4377.029692715362,4334.1703072846385
2026-06-17,1,1,2026-06-17 14:00:00-04:00,4399.700000000001,2026-06-17 14:30:00-04:00,4311.599999999999,trailing,-881.0000000000127,2.0,-883.0000000000127,4387.933594066739,4323.266405933262
2026-06-17,-1,1,2026-06-17 14:30:00-04:00,4311.599999999999,2026-06-17 15:59:00-04:00,4254.400000000001,cierre,571.9999999999891,2.0,569.9999999999891,4389.236837085851,4321.9631629141495
2026-06-19,-1,1,2026-06-19 10:00:00-04:00,4169.0,2026-06-19 11:30:00-04:00,4169.1,trailing,-1.000000000003638,2.0,-3.000000000003638,4246.7977614626325,4171.537831444047
2026-06-22,1,1,2026-06-22 10:00:00-04:00,4218.8,2026-06-22 10:30:00-04:00,4209.9,trailing,-89.00000000000546,2.0,-91.00000000000546,4215.9358930752705,4162.545003397028
2026-06-26,1,1,2026-06-26 10:00:00-04:00,4088.7,2026-06-26 14:00:00-04:00,4089.8,trailing,11.000000000003638,2.0,9.000000000003638,4085.8741651176488,4027.0325246267707
2026-06-30,1,1,2026-06-30 10:30:00-04:00,4069.1,2026-06-30 11:00:00-04:00,4052.0,trailing,-170.9999999999991,2.0,-172.9999999999991,4053.946751493743,4014.483262203967
2026-06-30,1,1,2026-06-30 11:00:00-04:00,4052.2,2026-06-30 11:30:00-04:00,4043.1,trailing,-90.99999999999909,2.0,-92.99999999999909,4050.7482256262006,4017.675768062447
2026-07-01,1,1,2026-07-01 10:00:00-04:00,4104.900000000001,2026-07-01 11:30:00-04:00,4097.7,trailing,-72.00000000000728,2.0,-74.00000000000728,4075.362850483037,4016.1452575552207
2026-07-01,1,1,2026-07-01 11:30:00-04:00,4097.900000000001,2026-07-01 12:00:00-04:00,4095.4,trailing,-25.000000000004547,2.0,-27.000000000004547,4075.522560849252,4015.986766292068
2026-07-01,1,1,2026-07-01 12:00:00-04:00,4095.6,2026-07-01 12:30:00-04:00,4095.8,trailing,2.0000000000027285,2.0,2.7284841053187847e-12,4077.3287394712056,4014.1943746141887
2026-07-01,1,1,2026-07-01 12:30:00-04:00,4096.0,2026-07-01 13:00:00-04:00,4084.8,trailing,-111.99999999999818,2.0,-113.99999999999818,4079.440313615433,4012.0989185627604
2026-07-01,1,1,2026-07-01 13:00:00-04:00,4085.0,2026-07-01 13:30:00-04:00,4081.9,trailing,-30.99999999999909,2.0,-32.99999999999909,4076.404137455824,4015.1119189465026
2026-07-01,1,1,2026-07-01 13:30:00-04:00,4082.1,2026-07-01 14:00:00-04:00,4082.2000000000003,trailing,1.000000000003638,2.0,-0.999999999996362,4077.220982337998,4014.3013092143697
2026-07-01,1,1,2026-07-01 14:00:00-04:00,4082.4,2026-07-01 14:30:00-04:00,4075.2000000000003,trailing,-71.99999999999818,2.0,-73.99999999999818,4082.1016521053934,4009.457894633321
2026-07-02,1,1,2026-07-02 10:00:00-04:00,4149.700000000001,2026-07-02 10:30:00-04:00,4129.5,trailing,-202.00000000000728,2.0,-204.00000000000728,4142.3240250648005,4035.675860093545
2026-07-02,1,1,2026-07-02 11:00:00-04:00,4142.0,2026-07-02 11:30:00-04:00,4135.599999999999,trailing,-64.00000000000546,2.0,-66.00000000000546,4140.9460498614535,4037.029418273726
2026-07-07,-1,1,2026-07-07 11:30:00-04:00,4153.9,2026-07-07 12:30:00-04:00,4157.400000000001,trailing,-35.000000000009095,2.0,-37.000000000009095,4194.031586509471,4159.2773494494
2026-07-07,-1,1,2026-07-07 13:00:00-04:00,4156.599999999999,2026-07-07 15:59:00-04:00,4125.200000000001,cierre,313.99999999998727,2.0,311.99999999998727,4194.122732359247,4159.186253778057
2026-07-08,-1,1,2026-07-08 11:00:00-04:00,4051.9,2026-07-08 13:00:00-04:00,4074.0,trailing,-220.9999999999991,2.0,-222.9999999999991,4141.443501526917,4061.345088003684
2026-07-13,-1,1,2026-07-13 10:00:00-04:00,4050.4,2026-07-13 15:59:00-04:00,4009.4,cierre,410.0,2.0,408.0,4133.856342852541,4053.1381609390237
2026-07-15,-1,1,2026-07-15 12:30:00-04:00,4040.9,2026-07-15 13:30:00-04:00,4054.0,trailing,-130.9999999999991,2.0,-132.9999999999991,4081.8426378388035,4042.4578457079892
2026-07-15,1,1,2026-07-15 14:30:00-04:00,4081.7999999999997,2026-07-15 15:00:00-04:00,4066.2000000000003,trailing,-155.99999999999454,2.0,-157.99999999999454,4080.9639065507813,4043.336555364105
2026-07-16,-1,1,2026-07-16 10:00:00-04:00,3993.8,2026-07-16 10:30:00-04:00,4003.4,trailing,-95.99999999999909,2.0,-97.99999999999909,4075.7139783496623,3998.5413817470526
2026-07-16,-1,1,2026-07-16 13:30:00-04:00,3992.0,2026-07-16 15:59:00-04:00,3984.7,cierre,73.00000000000182,2.0,71.00000000000182,4080.6155356427507,3993.7048328048727
2026-07-17,1,1,2026-07-17 10:00:00-04:00,4000.7999999999997,2026-07-17 15:59:00-04:00,4019.8,cierre,190.00000000000455,2.0,188.00000000000455,3996.004394077415,3960.531954817025
2026-07-21,1,1,2026-07-21 10:30:00-04:00,4074.1,2026-07-21 14:00:00-04:00,4072.8,trailing,-12.999999999997272,2.0,-14.999999999997272,4069.513523703219,3996.8412798627787
2026-07-21,1,1,2026-07-21 14:30:00-04:00,4088.7,2026-07-21 15:59:00-04:00,4088.5,cierre,-1.999999999998181,2.0,-3.999999999998181,4076.2446358514344,3990.1845244706333
2026-07-22,1,1,2026-07-22 10:00:00-04:00,4159.900000000001,2026-07-22 10:30:00-04:00,4151.099999999999,trailing,-88.00000000001091,2.0,-90.00000000001091,4147.2330045999,4078.2885557418417
2026-07-22,1,1,2026-07-22 10:30:00-04:00,4151.3,2026-07-22 11:00:00-04:00,4153.4,trailing,20.999999999994543,2.0,18.999999999994543,4148.520711515779,4077.0158525663755
2026-07-22,1,1,2026-07-22 11:00:00-04:00,4153.6,2026-07-22 12:30:00-04:00,4154.5,trailing,8.999999999996362,2.0,6.999999999996362,4150.30819084099,4075.249200088843
2026-07-23,-1,1,2026-07-23 10:00:00-04:00,4046.0,2026-07-23 10:30:00-04:00,4059.7,trailing,-136.99999999999818,2.0,-138.99999999999818,4146.741474111982,4050.7472845417883
2026-07-24,1,1,2026-07-24 10:00:00-04:00,4070.0,2026-07-24 13:00:00-04:00,4069.6,trailing,-4.0000000000009095,2.0,-6.0000000000009095,4062.8088399598173,4037.8006740758315
2026-07-24,1,1,2026-07-24 13:30:00-04:00,4071.2999999999997,2026-07-24 14:00:00-04:00,4065.9,trailing,-53.99999999999636,2.0,-55.99999999999636,4071.282382305775,4029.3346598640383
2026-07-29,1,1,2026-07-29 14:30:00-04:00,4066.2999999999997,2026-07-29 15:59:00-04:00,4043.7000000000003,cierre,-225.99999999999454,2.0,-227.99999999999454,4044.394075888035,3994.3661025550796
2026-07-31,-1,1,2026-07-31 10:00:00-04:00,4080.7000000000003,2026-07-31 10:30:00-04:00,4095.0,trailing,-142.99999999999727,2.0,-144.99999999999727,4112.203592801323,4084.796407198676
2026-08-04,1,1,2026-08-04 13:00:00-04:00,4150.3,2026-08-04 14:00:00-04:00,4142.7,trailing,-76.00000000000364,2.0,-78.00000000000364,4149.740995524716,4094.152694212536
2026-08-05,1,1,2026-08-05 10:30:00-04:00,4296.8,2026-08-05 15:59:00-04:00,4307.5,cierre,106.99999999999818,2.0,104.99999999999818,4267.764108580714,4125.233128619856
2026-08-06,1,1,2026-08-06 10:00:00-04:00,4326.200000000001,2026-08-06 11:30:00-04:00,4313.599999999999,trailing,-126.00000000001273,2.0,-128.00000000001273,4320.88330133826,4292.522249303029
2026-08-10,-1,1,2026-08-10 10:00:00-04:00,4376.099999999999,2026-08-10 10:30:00-04:00,4404.400000000001,trailing,-283.0000000000109,2.0,-285.0000000000109,4416.1331787351055,4380.993757270548
2026-08-10,1,1,2026-08-10 12:30:00-04:00,4422.3,2026-08-10 13:00:00-04:00,4416.299999999999,trailing,-60.000000000009095,2.0,-62.000000000009095,4419.447940662373,4377.6858460469975
2026-08-10,1,1,2026-08-10 13:30:00-04:00,4420.3,2026-08-10 15:59:00-04:00,4446.7,cierre,263.99999999999636,2.0,261.99999999999636,4420.013011268046,4377.121943287276
2026-08-11,-1,1,2026-08-11 14:00:00-04:00,4428.4,2026-08-11 15:00:00-04:00,4430.5,trailing,-21.000000000003638,2.0,-23.000000000003638,4473.105681190826,4431.131667985964
2026-08-12,1,1,2026-08-12 10:30:00-04:00,4491.400000000001,2026-08-12 11:00:00-04:00,4481.099999999999,trailing,-103.00000000001091,2.0,-105.00000000001091,4490.406125955454,4417.824433693981
2026-08-13,-1,1,2026-08-13 10:30:00-04:00,4424.9,2026-08-13 11:00:00-04:00,4441.3,trailing,-164.00000000000546,2.0,-166.00000000000546,4486.790571517947,4428.902205791085
2026-08-13,-1,1,2026-08-13 11:30:00-04:00,4421.799999999999,2026-08-13 15:59:00-04:00,4406.3,cierre,154.9999999999909,2.0,152.9999999999909,4485.947284435149,4429.739423483848
2026-08-17,1,1,2026-08-17 10:00:00-04:00,4465.400000000001,2026-08-17 14:00:00-04:00,4471.2,trailing,57.999999999992724,2.0,55.999999999992724,4454.494177024437,4419.735829642098
2026-08-17,1,1,2026-08-17 14:00:00-04:00,4471.400000000001,2026-08-17 14:30:00-04:00,4463.2,trailing,-82.00000000000728,2.0,-84.00000000000728,4461.010132066536,4413.236594210936
2026-08-17,1,1,2026-08-17 15:30:00-04:00,4471.0,2026-08-17 15:59:00-04:00,4475.599999999999,cierre,45.99999999999454,2.0,43.99999999999454,4467.268919412853,4406.993866596264
2026-08-18,-1,1,2026-08-18 11:00:00-04:00,4422.5,2026-08-18 15:59:00-04:00,4400.1,cierre,223.99999999999636,2.0,221.99999999999636,4488.9603286477095,4432.329146054608
2026-08-19,1,1,2026-08-19 10:30:00-04:00,4544.5,2026-08-19 14:30:00-04:00,4533.799999999999,trailing,-107.00000000000728,2.0,-109.00000000000728,4530.139084245048,4386.419562756695
2026-08-19,1,1,2026-08-19 15:00:00-04:00,4553.400000000001,2026-08-19 15:59:00-04:00,4567.9,cierre,144.9999999999909,2.0,142.9999999999909,4538.46137015583,4378.3114058975125
2026-08-20,1,1,2026-08-20 11:30:00-04:00,4588.5,2026-08-20 12:00:00-04:00,4577.4,trailing,-111.00000000000364,2.0,-113.00000000000364,4584.910278044237,4510.04224022534
2026-08-21,1,1,2026-08-21 10:30:00-04:00,4659.8,2026-08-21 11:00:00-04:00,4648.4,trailing,-114.00000000000546,2.0,-116.00000000000546,4657.496908698565,4568.503359974993
2026-08-21,1,1,2026-08-21 12:00:00-04:00,4672.200000000001,2026-08-21 15:59:00-04:00,4674.599999999999,cierre,23.999999999987267,2.0,21.999999999987267,4663.208350916064,4562.860835588987
2026-08-27,-1,1,2026-08-27 10:00:00-04:00,4625.5,2026-08-27 10:30:00-04:00,4634.5,trailing,-90.0,2.0,-92.0,4658.785349801547,4633.127195868143
2026-08-28,-1,1,2026-08-28 10:30:00-04:00,4603.4,2026-08-28 11:00:00-04:00,4629.400000000001,trailing,-260.0000000000091,2.0,-262.0000000000091,4677.117550395672,4641.702857486588
2026-08-28,-1,1,2026-08-28 11:00:00-04:00,4629.2,2026-08-28 15:59:00-04:00,4508.0,cierre,1211.9999999999982,2.0,1209.9999999999982,4677.364766127872,4641.455991685508
2026-08-31,-1,1,2026-08-31 10:00:00-04:00,4469.2,2026-08-31 11:00:00-04:00,4481.8,trailing,-126.00000000000364,2.0,-128.00000000000364,4516.8515107876965,4488.469339467027
2026-08-31,-1,1,2026-08-31 11:00:00-04:00,4481.599999999999,2026-08-31 11:30:00-04:00,4482.5,trailing,-9.000000000005457,2.0,-11.000000000005457,4523.1312657041335,4482.204211633404
2026-09-02,1,1,2026-09-02 10:00:00-04:00,4433.0,2026-09-02 11:00:00-04:00,4424.0,trailing,-90.0,2.0,-92.0,4416.408520564032,4362.970406340755
2026-09-02,1,1,2026-09-02 11:00:00-04:00,4424.200000000001,2026-09-02 11:30:00-04:00,4419.7,trailing,-45.000000000009095,2.0,-47.000000000009095,4422.079590045288,4357.33963025036
2026-09-03,1,1,2026-09-03 11:30:00-04:00,4554.3,2026-09-03 12:00:00-04:00,4540.599999999999,trailing,-137.00000000000728,2.0,-139.00000000000728,4550.605426262782,4414.9543357939765
2026-09-16,-1,1,2026-09-16 15:00:00-04:00,4300.9,2026-09-16 15:59:00-04:00,4311.5,cierre,-106.00000000000364,2.0,-108.00000000000364,4423.417128254727,4307.367951929338
2026-09-18,1,1,2026-09-18 13:00:00-04:00,4421.3,2026-09-18 15:00:00-04:00,4420.599999999999,trailing,-7.000000000007276,2.0,-9.000000000007276,4420.064574188902,4371.201822348349
2026-09-21,-1,1,2026-09-21 10:00:00-04:00,4383.599999999999,2026-09-21 10:30:00-04:00,4379.700000000001,trailing,38.99999999998727,2.0,36.99999999998727,4425.856023684537,4392.074867953068
2026-09-21,-1,1,2026-09-21 10:30:00-04:00,4379.5,2026-09-21 11:30:00-04:00,4389.6,trailing,-101.00000000000364,2.0,-103.00000000000364,4426.341181426176,4391.591171529927
2026-09-21,-1,1,2026-09-21 12:00:00-04:00,4386.4,2026-09-21 12:30:00-04:00,4389.3,trailing,-29.000000000005457,2.0,-31.000000000005457,4429.420636377958,4388.520992044868
2026-09-21,-1,1,2026-09-21 13:00:00-04:00,4381.4,2026-09-21 13:30:00-04:00,4384.5,trailing,-31.000000000003638,2.0,-33.00000000000364,4429.738224975362,4388.204360039625
2026-09-21,-1,1,2026-09-21 13:30:00-04:00,4384.299999999999,2026-09-21 14:00:00-04:00,4383.1,trailing,11.999999999989086,2.0,9.999999999989086,4428.823718538946,4389.116111938581
2026-09-21,-1,1,2026-09-21 14:00:00-04:00,4382.9,2026-09-21 14:30:00-04:00,4389.0,trailing,-61.00000000000364,2.0,-63.00000000000364,4428.328756501683,4389.609583126335
2026-09-23,-1,1,2026-09-23 10:00:00-04:00,4320.0,2026-09-23 11:00:00-04:00,4330.700000000001,trailing,-107.00000000000728,2.0,-109.00000000000728,4409.915771979087,4341.081393085954
2026-09-23,-1,1,2026-09-23 11:00:00-04:00,4330.5,2026-09-23 14:00:00-04:00,4329.700000000001,trailing,7.999999999992724,2.0,5.999999999992724,4411.873168311042,4339.147431436788
2026-09-23,-1,1,2026-09-23 14:00:00-04:00,4329.5,2026-09-23 15:00:00-04:00,4326.8,trailing,26.99999999999818,2.0,24.99999999999818,4416.065576600585,4335.005216231178
2026-09-24,-1,1,2026-09-24 11:00:00-04:00,4288.2,2026-09-24 12:30:00-04:00,4311.3,trailing,-231.00000000000364,2.0,-233.00000000000364,4331.493371189975,4300.729320181758
2026-09-25,1,1,2026-09-25 12:00:00-04:00,4326.6,2026-09-25 13:00:00-04:00,4321.5,trailing,-51.00000000000364,2.0,-53.00000000000364,4326.278753630286,4296.534659974439
2026-09-28,-1,1,2026-09-28 11:00:00-04:00,4150.599999999999,2026-09-28 12:30:00-04:00,4176.0,trailing,-254.00000000000546,2.0,-256.00000000000546,4337.313956438803,4163.863431570552
